gene	n_pubmed	log10
A1BG	85	1.9344984512435677
A1BG-AS1	3	0.6020599913279624
A1CF	77	1.8920946026904804
A2M	328	2.5171958979499744
A2M-AS1	6	0.8450980400142568
A2ML1	61	1.792391689498254
A3GALT2	4	0.6989700043360189
A4GALT	56	1.7558748556724915
A4GNT	15	1.2041199826559248
AAAS	215	2.3344537511509307
AACS	21	1.3424226808222062
AACSP1	1	0.3010299956639812
AADAC	54	1.7403626894942439
AADACL2	6	0.8450980400142568
AADACL2-AS1	1	0.3010299956639812
AADACL3	3	0.6020599913279624
AADACL4	3	0.6020599913279624
AADAT	30	1.4913616938342726
AAGAB	67	1.8325089127062364
AAK1	94	1.9777236052888478
AAMDC	34	1.5440680443502757
AAMP	84	1.9294189257142926
AANAT	72	1.863322860120456
AAR2	87	1.9444826721501687
AARD	4	0.6989700043360189
AARS1	161	2.2095150145426308
AARS2	112	2.0530784434834195
AARSD1	39	1.6020599913279623
AASDH	24	1.3979400086720377
AASDHPPT	68	1.8388490907372552
AASS	70	1.8512583487190752
AATBC	4	0.6989700043360189
AATF	190	2.2810333672477277
AAVS1	2	0.47712125471966244
ABAT	60	1.7853298350107671
ABCA1	1961	3.29269900304393
ABCA10	15	1.2041199826559248
ABCA11P	5	0.7781512503836436
ABCA12	139	2.146128035678238
ABCA13	42	1.6334684555795864
ABCA15P	7	0.9030899869919435
ABCA16P	1	0.3010299956639812
ABCA17P	5	0.7781512503836436
ABCA2	91	1.9637878273455553
ABCA3	262	2.419955748489758
ABCA4	754	2.8779469516291885
ABCA5	48	1.6901960800285136
ABCA6	33	1.5314789170422551
ABCA7	179	2.255272505103306
ABCA8	40	1.6127838567197355
ABCA9	18	1.2787536009528289
ABCA9-AS1	1	0.3010299956639812
ABCB1	5050	3.7033773685123497
ABCB10	98	1.99563519459755
ABCB10P1	2	0.47712125471966244
ABCB11	480	2.682145076373832
ABCB4	177	2.250420002308894
ABCB5	164	2.2174839442139063
ABCB6	129	2.113943352306837
ABCB7	121	2.0863598306747484
ABCB8	46	1.6720978579357175
ABCB9	59	1.7781512503836436
ABCC1	457	2.660865478003869
ABCC10	82	1.919078092376074
ABCC11	145	2.164352855784437
ABCC12	28	1.462397997898956
ABCC13	14	1.1760912590556813
ABCC2	1613	3.2079035303860515
ABCC3	132	2.123851640967086
ABCC4	485	2.6866362692622934
ABCC5	196	2.294466226161593
ABCC6	329	2.5185139398778875
ABCC6P1	3	0.6020599913279624
ABCC6P2	4	0.6989700043360189
ABCC8	667	2.824776462475546
ABCC9	208	2.3201462861110542
ABCD1	472	2.6748611407378116
ABCD1P1	2	0.47712125471966244
ABCD1P2	1	0.3010299956639812
ABCD1P3	1	0.3010299956639812
ABCD1P4	2	0.47712125471966244
ABCD1P5	1	0.3010299956639812
ABCD2	74	1.8750612633917
ABCD3	275	2.4409090820652177
ABCD4	53	1.7323937598229686
ABCE1	231	2.3654879848909
ABCE1P1	1	0.3010299956639812
ABCF1	220	2.3443922736851106
ABCF2	191	2.2833012287035497
ABCF2P1	1	0.3010299956639812
ABCF2P2	1	0.3010299956639812
ABCF3	74	1.8750612633917
ABCG1	513	2.710963118995276
ABCG2	3179	3.5024271199844326
ABCG4	48	1.6901960800285136
ABCG5	273	2.437750562820388
ABCG8	274	2.439332693830263
ABHD1	15	1.2041199826559248
ABHD10	66	1.8260748027008264
ABHD11	52	1.724275869600789
ABHD12	113	2.0569048513364727
ABHD12B	12	1.1139433523068367
ABHD13	11	1.0791812460476249
ABHD14A	18	1.2787536009528289
ABHD14A-ACY1	6	0.8450980400142568
ABHD14B	43	1.6434526764861874
ABHD15	13	1.146128035678238
ABHD15-AS1	3	0.6020599913279624
ABHD16A	54	1.7403626894942439
ABHD16B	12	1.1139433523068367
ABHD16B-AS1	2	0.47712125471966244
ABHD17A	25	1.414973347970818
ABHD17AP1	1	0.3010299956639812
ABHD17AP4	1	0.3010299956639812
ABHD17AP5	2	0.47712125471966244
ABHD17B	21	1.3424226808222062
ABHD17C	15	1.2041199826559248
ABHD18	10	1.0413926851582251
ABHD2	39	1.6020599913279623
ABHD3	21	1.3424226808222062
ABHD4	16	1.2304489213782739
ABHD5	155	2.1931245983544616
ABHD6	65	1.8195439355418688
ABHD8	16	1.2304489213782739
ABI1	199	2.3010299956639813
ABI2	94	1.9777236052888478
ABI3	49	1.6989700043360187
ABI3BP	39	1.6020599913279623
ABITRAM	16	1.2304489213782739
ABL1	1026	3.0115704435972783
ABL2	143	2.1583624920952498
ABLIM1	142	2.155336037465062
ABLIM2	25	1.414973347970818
ABLIM3	35	1.5563025007672873
ABO	328	2.5171958979499744
ABR	73	1.8692317197309762
ABRA	31	1.505149978319906
ABRACL	20	1.3222192947339193
ABRAXAS1	95	1.9822712330395684
ABRAXAS2	81	1.9138138523837167
ABT1	65	1.8195439355418688
ABTB1	58	1.7708520116421442
ABTB2	29	1.4771212547196624
ABTB3	20	1.3222192947339193
ACAA1	81	1.9138138523837167
ACAA2	87	1.9444826721501687
ACAA2P1	1	0.3010299956639812
ACACA	347	2.5415792439465807
ACACB	165	2.220108088040055
ACAD10	47	1.6812412373755872
ACAD11	85	1.9344984512435677
ACAD8	46	1.6720978579357175
ACAD9	119	2.0791812460476247
ACADL	40	1.6127838567197355
ACADM	177	2.250420002308894
ACADS	70	1.8512583487190752
ACADSB	84	1.9294189257142926
ACADVL	183	2.2648178230095364
ACAN	346	2.5403294747908736
ACAP1	52	1.724275869600789
ACAP2	70	1.8512583487190752
ACAP3	22	1.3617278360175928
ACAT1	299	2.4771212547196626
ACAT2	77	1.8920946026904804
ACBD3	167	2.225309281725863
ACBD3-AS1	1	0.3010299956639812
ACBD4	26	1.4313637641589874
ACBD5	73	1.8692317197309762
ACBD6	29	1.4771212547196624
ACBD7	11	1.0791812460476249
ACCS	18	1.2787536009528289
ACCSL	5	0.7781512503836436
ACD	247	2.3944516808262164
ACE	3306	3.519434194913703
ACE2	5075	3.705521613422667
ACE2-DT	1	0.3010299956639812
ACE3P	1	0.3010299956639812
ACER1	25	1.414973347970818
ACER2	38	1.591064607026499
ACER3	33	1.5314789170422551
ACER3-AS1	1	0.3010299956639812
ACHE	376	2.576341350205793
ACIN1	240	2.3820170425748683
ACKR1	378	2.578639209968072
ACKR2	86	1.9395192526186185
ACKR3	545	2.7371926427047373
ACKR4	56	1.7558748556724915
ACKR5	29	1.4771212547196624
ACLY	306	2.4871383754771865
ACMSD	23	1.380211241711606
ACNATP	3	0.6020599913279624
ACO1	148	2.173186268412274
ACO2	180	2.2576785748691846
ACO2P1	1	0.3010299956639812
ACOD1	55	1.7481880270062005
ACOT1	54	1.7403626894942439
ACOT11	25	1.414973347970818
ACOT12	23	1.380211241711606
ACOT13	58	1.7708520116421442
ACOT2	49	1.6989700043360187
ACOT4	17	1.255272505103306
ACOT4P1	1	0.3010299956639812
ACOT6	8	0.9542425094393249
ACOT7	98	1.99563519459755
ACOT8	88	1.9493900066449128
ACOT9	107	2.03342375548695
ACOX1	84	1.9294189257142926
ACOX2	34	1.5440680443502757
ACOX3	34	1.5440680443502757
ACOXL	25	1.414973347970818
ACOXL-AS1	2	0.47712125471966244
ACP1	199	2.3010299956639813
ACP2	71	1.8573324964312685
ACP3	106	2.0293837776852097
ACP4	9	1.0
ACP5	293	2.4683473304121573
ACP6	32	1.5185139398778875
ACP7	12	1.1139433523068367
ACR	42	1.6334684555795864
ACRBP	25	1.414973347970818
ACRV1	49	1.6989700043360187
ACSBG1	25	1.414973347970818
ACSBG2	18	1.2787536009528289
ACSF2	35	1.5563025007672873
ACSF3	50	1.7075701760979363
ACSL1	160	2.2068258760318495
ACSL3	204	2.311753861055754
ACSL3-AS1	1	0.3010299956639812
ACSL4	213	2.330413773349191
ACSL5	91	1.9637878273455553
ACSL6	56	1.7558748556724915
ACSM1	24	1.3979400086720377
ACSM2A	20	1.3222192947339193
ACSM2B	16	1.2304489213782739
ACSM3	50	1.7075701760979363
ACSM4	8	0.9542425094393249
ACSM5	15	1.2041199826559248
ACSM6	7	0.9030899869919435
ACSS1	45	1.662757831681574
ACSS2	94	1.9777236052888478
ACSS3	24	1.3979400086720377
ACTA1	495	2.6954816764901977
ACTA2	2067	3.315550534421905
ACTA2-AS1	16	1.2304489213782739
ACTB	815	2.9116901587538613
ACTBL2	143	2.1583624920952498
ACTBP12	1	0.3010299956639812
ACTBP2	3	0.6020599913279624
ACTBP3	1	0.3010299956639812
ACTBP4	1	0.3010299956639812
ACTBP7	2	0.47712125471966244
ACTBP8	5	0.7781512503836436
ACTBP9	1	0.3010299956639812
ACTC1	312	2.4955443375464483
ACTG1	431	2.635483746814912
ACTG1P1	2	0.47712125471966244
ACTG1P10	1	0.3010299956639812
ACTG1P11	1	0.3010299956639812
ACTG1P14	2	0.47712125471966244
ACTG1P17	1	0.3010299956639812
ACTG1P19	1	0.3010299956639812
ACTG1P2	2	0.47712125471966244
ACTG1P20	3	0.6020599913279624
ACTG1P25	2	0.47712125471966244
ACTG1P3	3	0.6020599913279624
ACTG1P4	2	0.47712125471966244
ACTG1P6	1	0.3010299956639812
ACTG1P7	1	0.3010299956639812
ACTG1P8	1	0.3010299956639812
ACTG1P9	1	0.3010299956639812
ACTG2	152	2.184691430817599
ACTL10	3	0.6020599913279624
ACTL6A	290	2.4638929889859074
ACTL6B	72	1.863322860120456
ACTL7A	29	1.4771212547196624
ACTL7B	15	1.2041199826559248
ACTL8	19	1.3010299956639813
ACTL9	13	1.146128035678238
ACTMAP	15	1.2041199826559248
ACTN1	418	2.622214022966295
ACTN1-DT	1	0.3010299956639812
ACTN2	203	2.3096301674258988
ACTN3	392	2.5943925503754266
ACTN4	548	2.739572344450092
ACTN4P2	1	0.3010299956639812
ACTR10	52	1.724275869600789
ACTR1A	183	2.2648178230095364
ACTR1B	79	1.9030899869919435
ACTR2	403	2.606381365110605
ACTR3	395	2.597695185925512
ACTR3-AS1	2	0.47712125471966244
ACTR3B	42	1.6334684555795864
ACTR3BP1	1	0.3010299956639812
ACTR3BP4	1	0.3010299956639812
ACTR3C	13	1.146128035678238
ACTR5	53	1.7323937598229686
ACTR6	46	1.6720978579357175
ACTR8	58	1.7708520116421442
ACTRT1	24	1.3979400086720377
ACTRT2	9	1.0
ACTRT3	10	1.0413926851582251
ACVR1	397	2.5998830720736876
ACVR1B	189	2.278753600952829
ACVR1C	80	1.9084850188786497
ACVR2A	141	2.1522883443830563
ACVR2B	128	2.110589710299249
ACVR2B-AS1	2	0.47712125471966244
ACVRL1	594	2.7745169657285498
ACY1	69	1.845098040014257
ACY3	22	1.3617278360175928
ACYP1	24	1.3979400086720377
ACYP2	73	1.8692317197309762
ADA	345	2.5390760987927767
ADA2	85	1.9344984512435677
ADAD1	20	1.3222192947339193
ADAD2	14	1.1760912590556813
ADAD2-AS1	1	0.3010299956639812
ADAM10	853	2.931457870689005
ADAM11	43	1.6434526764861874
ADAM12	362	2.5599066250361124
ADAM15	186	2.271841606536499
ADAM17	1352	3.131297796597623
ADAM18	13	1.146128035678238
ADAM19	87	1.9444826721501687
ADAM1A	4	0.6989700043360189
ADAM2	57	1.7634279935629373
ADAM20	10	1.0413926851582251
ADAM20P1	2	0.47712125471966244
ADAM20P3	2	0.47712125471966244
ADAM21	15	1.2041199826559248
ADAM21P1	2	0.47712125471966244
ADAM22	74	1.8750612633917
ADAM23	58	1.7708520116421442
ADAM24P	3	0.6020599913279624
ADAM28	84	1.9294189257142926
ADAM29	15	1.2041199826559248
ADAM30	19	1.3010299956639813
ADAM32	13	1.146128035678238
ADAM33	250	2.399673721481038
ADAM3A	34	1.5440680443502757
ADAM3B	5	0.7781512503836436
ADAM5	9	1.0
ADAM6	4	0.6989700043360189
ADAM7	17	1.255272505103306
ADAM7-AS1	1	0.3010299956639812
ADAM8	149	2.1760912590556813
ADAM9	303	2.482873583608754
ADAMDEC1	37	1.5797835966168101
ADAMTS1	261	2.4183012913197452
ADAMTS10	41	1.6232492903979006
ADAMTS12	68	1.8388490907372552
ADAMTS13	2065	3.315130317183602
ADAMTS14	44	1.6532125137753437
ADAMTS15	26	1.4313637641589874
ADAMTS16	30	1.4913616938342726
ADAMTS16-DT	2	0.47712125471966244
ADAMTS17	39	1.6020599913279623
ADAMTS18	56	1.7558748556724915
ADAMTS19	21	1.3424226808222062
ADAMTS19-AS1	1	0.3010299956639812
ADAMTS2	64	1.8129133566428555
ADAMTS20	25	1.414973347970818
ADAMTS3	56	1.7558748556724915
ADAMTS4	302	2.481442628502305
ADAMTS5	334	2.525044807036845
ADAMTS6	42	1.6334684555795864
ADAMTS7	87	1.9444826721501687
ADAMTS7P3	1	0.3010299956639812
ADAMTS8	48	1.6901960800285136
ADAMTS9	162	2.2121876044039577
ADAMTS9-AS1	13	1.146128035678238
ADAMTS9-AS2	31	1.505149978319906
ADAMTSL1	38	1.591064607026499
ADAMTSL2	42	1.6334684555795864
ADAMTSL3	41	1.6232492903979006
ADAMTSL4	75	1.8808135922807914
ADAMTSL4-AS1	1	0.3010299956639812
ADAMTSL4-AS2	1	0.3010299956639812
ADAMTSL5	34	1.5440680443502757
ADAP1	60	1.7853298350107671
ADAP2	35	1.5563025007672873
ADAR	796	2.9014583213961123
ADARB1	678	2.8318697742805017
ADARB2	53	1.7323937598229686
ADARB2-AS1	5	0.7781512503836436
ADAT1	16	1.2304489213782739
ADAT2	30	1.4913616938342726
ADAT3	22	1.3617278360175928
ADCK1	33	1.5314789170422551
ADCK2	27	1.4471580313422192
ADCK5	19	1.3010299956639813
ADCP1	3	0.6020599913279624
ADCY1	54	1.7403626894942439
ADCY10	90	1.9590413923210936
ADCY10P1	1	0.3010299956639812
ADCY2	54	1.7403626894942439
ADCY3	80	1.9084850188786497
ADCY4	28	1.462397997898956
ADCY5	86	1.9395192526186185
ADCY6	84	1.9294189257142926
ADCY7	51	1.7160033436347992
ADCY8	53	1.7323937598229686
ADCY9	87	1.9444826721501687
ADCYAP1	533	2.727541257028556
ADCYAP1R1	139	2.146128035678238
ADD1	311	2.494154594018443
ADD2	102	2.012837224705172
ADD3	145	2.164352855784437
ADD3-AS1	3	0.6020599913279624
ADGB	17	1.255272505103306
ADGB-DT	2	0.47712125471966244
ADGRA1	20	1.3222192947339193
ADGRA2	41	1.6232492903979006
ADGRA3	42	1.6334684555795864
ADGRB1	82	1.919078092376074
ADGRB2	33	1.5314789170422551
ADGRB3	41	1.6232492903979006
ADGRB3-DT	3	0.6020599913279624
ADGRD1	40	1.6127838567197355
ADGRD1-AS1	2	0.47712125471966244
ADGRD2	9	1.0
ADGRE1	34	1.5440680443502757
ADGRE2	66	1.8260748027008264
ADGRE3	14	1.1760912590556813
ADGRE4P	11	1.0791812460476249
ADGRE5	175	2.24551266781415
ADGRF1	38	1.591064607026499
ADGRF2P	10	1.0413926851582251
ADGRF3	16	1.2304489213782739
ADGRF4	15	1.2041199826559248
ADGRF5	47	1.6812412373755872
ADGRF5-AS1	1	0.3010299956639812
ADGRG1	175	2.24551266781415
ADGRG2	48	1.6901960800285136
ADGRG3	23	1.380211241711606
ADGRG4	17	1.255272505103306
ADGRG5	18	1.2787536009528289
ADGRG6	81	1.9138138523837167
ADGRG7	16	1.2304489213782739
ADGRL1	58	1.7708520116421442
ADGRL1-AS1	1	0.3010299956639812
ADGRL2	78	1.8976270912904414
ADGRL3	77	1.8920946026904804
ADGRL3-AS1	1	0.3010299956639812
ADGRL4	37	1.5797835966168101
ADGRV1	103	2.0170333392987803
ADH1A	56	1.7558748556724915
ADH1B	593	2.7737864449811935
ADH1C	306	2.4871383754771865
ADH4	74	1.8750612633917
ADH5	109	2.041392685158225
ADH5P2	2	0.47712125471966244
ADH5P3	2	0.47712125471966244
ADH5P4	3	0.6020599913279624
ADH6	30	1.4913616938342726
ADH7	74	1.8750612633917
ADHFE1	20	1.3222192947339193
ADI1	44	1.6532125137753437
ADIG	4	0.6989700043360189
ADIPINT	1	0.3010299956639812
ADIPOQ	4120	3.615002614524588
ADIPOQ-AS1	3	0.6020599913279624
ADIPOR1	466	2.6693168805661123
ADIPOR2	360	2.5575072019056577
ADIRF	24	1.3979400086720377
ADIRF-AS1	2	0.47712125471966244
ADISSP	40	1.6127838567197355
ADK	70	1.8512583487190752
ADM	453	2.6570558528571038
ADM2	120	2.0827853703164503
ADM5	4	0.6989700043360189
ADNP	234	2.3710678622717363
ADNP2	39	1.6020599913279623
ADO	30	1.4913616938342726
ADORA1	146	2.167317334748176
ADORA2A	511	2.709269960975831
ADORA2A-AS1	7	0.9030899869919435
ADORA2B	160	2.2068258760318495
ADORA2BP1	1	0.3010299956639812
ADORA3	129	2.113943352306837
ADPGK	63	1.806179973983887
ADPGK-AS1	7	0.9030899869919435
ADPRH	16	1.2304489213782739
ADPRHL1	17	1.255272505103306
ADPRM	8	0.9542425094393249
ADPRS	65	1.8195439355418688
ADRA1A	145	2.164352855784437
ADRA1B	187	2.27415784926368
ADRA1D	128	2.110589710299249
ADRA2A	426	2.630427875025024
ADRA2B	203	2.3096301674258988
ADRA2C	184	2.2671717284030137
ADRB1	500	2.699837725867246
ADRB2	1311	3.1179338350396413
ADRB3	442	2.6464037262230695
ADRM1	232	2.367355921026019
ADSL	120	2.0827853703164503
ADSS1	33	1.5314789170422551
ADSS2	74	1.8750612633917
ADTRP	36	1.568201724066995
AEBP1	101	2.0086001717619175
AEBP2	58	1.7708520116421442
AEN	31	1.505149978319906
AFAP1	78	1.8976270912904414
AFAP1-AS1	94	1.9777236052888478
AFAP1L1	28	1.462397997898956
AFAP1L2	52	1.724275869600789
AFDN	192	2.285557309007774
AFDN-DT	6	0.8450980400142568
AFF1	210	2.3242824552976926
AFF1-AS1	1	0.3010299956639812
AFF2	116	2.0681858617461617
AFF3	72	1.863322860120456
AFF4	151	2.1818435879447726
AFG1L	27	1.4471580313422192
AFG2A	115	2.0644579892269186
AFG2B	75	1.8808135922807914
AFG3L1P	13	1.146128035678238
AFG3L2	221	2.346352974450639
AFM	91	1.9637878273455553
AFMID	18	1.2787536009528289
AFP	389	2.591064607026499
AFTPH	56	1.7558748556724915
AFTPH-DT	1	0.3010299956639812
AGA	71	1.8573324964312685
AGA-DT	1	0.3010299956639812
AGAP1	65	1.8195439355418688
AGAP10P	2	0.47712125471966244
AGAP11	9	1.0
AGAP12P	3	0.6020599913279624
AGAP14P	4	0.6989700043360189
AGAP2	82	1.919078092376074
AGAP2-AS1	29	1.4771212547196624
AGAP3	68	1.8388490907372552
AGAP4	13	1.146128035678238
AGAP5	6	0.8450980400142568
AGAP6	5	0.7781512503836436
AGAP7P	5	0.7781512503836436
AGAP9	6	0.8450980400142568
AGBL1	24	1.3979400086720377
AGBL1-AS1	2	0.47712125471966244
AGBL2	25	1.414973347970818
AGBL3	14	1.1760912590556813
AGBL4	18	1.2787536009528289
AGBL5	36	1.568201724066995
AGER	1266	3.1027766148834415
AGFG1	388	2.5899496013257077
AGFG2	32	1.5185139398778875
AGGF1	82	1.919078092376074
AGK	175	2.24551266781415
AGKP1	2	0.47712125471966244
AGL	120	2.0827853703164503
AGMAT	45	1.662757831681574
AGMO	16	1.2304489213782739
AGO1	262	2.419955748489758
AGO2	1120	3.049605612594973
AGO3	103	2.0170333392987803
AGO4	61	1.792391689498254
AGPAT1	76	1.8864907251724818
AGPAT2	62	1.7993405494535817
AGPAT3	34	1.5440680443502757
AGPAT4	33	1.5314789170422551
AGPAT4-IT1	6	0.8450980400142568
AGPAT5	45	1.662757831681574
AGPS	118	2.0755469613925306
AGPS-DT	4	0.6989700043360189
AGR2	306	2.4871383754771865
AGR3	47	1.6812412373755872
AGRN	119	2.0791812460476247
AGRP	176	2.247973266361807
AGT	1162	3.0655797147284485
AGTPBP1	68	1.8388490907372552
AGTR1	1210	3.0831441431430524
AGTR2	265	2.424881636631067
AGTRAP	83	1.9242792860618816
AGXT	123	2.093421685162235
AGXT2	46	1.6720978579357175
AHCTF1	120	2.0827853703164503
AHCTF1P1	2	0.47712125471966244
AHCY	266	2.4265112613645754
AHCYL1	156	2.1958996524092336
AHCYL2	54	1.7403626894942439
AHDC1	84	1.9294189257142926
AHI1	120	2.0827853703164503
AHI1-DT	11	1.0791812460476249
AHNAK	341	2.534026106056135
AHNAK2	105	2.0253058652647704
AHR	1258	3.1000257301078626
AHRR	102	2.012837224705172
AHSA1	189	2.278753600952829
AHSA2P	14	1.1760912590556813
AHSG	800	2.9036325160842376
AHSP	108	2.037426497940624
AICDA	277	2.444044795918076
AIDA	32	1.5185139398778875
AIF1	374	2.574031267727719
AIF1L	52	1.724275869600789
AIFM1	816	2.9122220565324155
AIFM2	91	1.9637878273455553
AIFM3	30	1.4913616938342726
AIG1	29	1.4771212547196624
AIM2	429	2.6334684555795866
AIMP1	234	2.3710678622717363
AIMP1P1	1	0.3010299956639812
AIMP2	226	2.3560258571931225
AIP	215	2.3344537511509307
AIPL1	121	2.0863598306747484
AIRE	228	2.359835482339888
AIRIM	31	1.505149978319906
AIRN	8	0.9542425094393249
AJAP1	38	1.591064607026499
AJM1	6	0.8450980400142568
AJUBA	107	2.03342375548695
AK1	78	1.8976270912904414
AK2	123	2.093421685162235
AK2P1	2	0.47712125471966244
AK3	55	1.7481880270062005
AK4	69	1.845098040014257
AK4P1	6	0.8450980400142568
AK5	21	1.3424226808222062
AK6	48	1.6901960800285136
AK7	24	1.3979400086720377
AK8	22	1.3617278360175928
AK9	30	1.4913616938342726
AKAIN1	5	0.7781512503836436
AKAP1	150	2.1789769472931693
AKAP10	70	1.8512583487190752
AKAP11	94	1.9777236052888478
AKAP12	232	2.367355921026019
AKAP13	181	2.2600713879850747
AKAP14	13	1.146128035678238
AKAP17A	69	1.845098040014257
AKAP17BP	1	0.3010299956639812
AKAP19	21	1.3424226808222062
AKAP3	53	1.7323937598229686
AKAP4	64	1.8129133566428555
AKAP5	178	2.2528530309798933
AKAP6	53	1.7323937598229686
AKAP7	59	1.7781512503836436
AKAP8	203	2.3096301674258988
AKAP8L	204	2.311753861055754
AKAP9	223	2.3502480183341627
AKIP1	70	1.8512583487190752
AKIRIN1	22	1.3617278360175928
AKIRIN2	32	1.5185139398778875
AKIRIN2P1	1	0.3010299956639812
AKNA	40	1.6127838567197355
AKNAD1	15	1.2041199826559248
AKR1A1	103	2.0170333392987803
AKR1B1	390	2.5921767573958667
AKR1B10	265	2.424881636631067
AKR1B10P1	1	0.3010299956639812
AKR1B15	20	1.3222192947339193
AKR1B1P1	1	0.3010299956639812
AKR1B1P2	2	0.47712125471966244
AKR1B1P3	3	0.6020599913279624
AKR1B1P4	1	0.3010299956639812
AKR1C1	116	2.0681858617461617
AKR1C2	329	2.5185139398778875
AKR1C3	425	2.629409599102719
AKR1C4	51	1.7160033436347992
AKR1C6P	4	0.6989700043360189
AKR1C8	5	0.7781512503836436
AKR1D1	49	1.6989700043360187
AKR1D1P1	2	0.47712125471966244
AKR1E2	15	1.2041199826559248
AKR7A2	65	1.8195439355418688
AKR7A2P1	2	0.47712125471966244
AKR7A3	29	1.4771212547196624
AKR7L	13	1.146128035678238
AKT1	7384	3.8683504996479683
AKT1S1	155	2.1931245983544616
AKT2	695	2.842609239610562
AKT3	398	2.6009728956867484
AKTIP	76	1.8864907251724818
ALAD	153	2.187520720836463
ALAS1	92	1.968482948553935
ALAS2	209	2.322219294733919
ALB	797	2.9020028913507296
ALCAM	387	2.5888317255942073
ALDH16A1	57	1.7634279935629373
ALDH18A1	212	2.3283796034387376
ALDH1A1	1080	3.03382569395331
ALDH1A2	138	2.143014800254095
ALDH1A2-AS1	1	0.3010299956639812
ALDH1A3	107	2.03342375548695
ALDH1A3-AS1	2	0.47712125471966244
ALDH1B1	156	2.1958996524092336
ALDH1L1	90	1.9590413923210936
ALDH1L1-AS2	5	0.7781512503836436
ALDH1L2	51	1.7160033436347992
ALDH2	1543	3.188647295999717
ALDH3A1	145	2.164352855784437
ALDH3A2	196	2.294466226161593
ALDH3B1	41	1.6232492903979006
ALDH3B2	21	1.3424226808222062
ALDH4A1	75	1.8808135922807914
ALDH5A1	193	2.287801729930226
ALDH6A1	55	1.7481880270062005
ALDH7A1	211	2.326335860928751
ALDH7A1P1	2	0.47712125471966244
ALDH7A1P2	1	0.3010299956639812
ALDH7A1P3	1	0.3010299956639812
ALDH7A1P4	2	0.47712125471966244
ALDH8A1	18	1.2787536009528289
ALDH9A1	82	1.919078092376074
ALDOA	386	2.5877109650189114
ALDOAP1	2	0.47712125471966244
ALDOAP2	2	0.47712125471966244
ALDOB	82	1.919078092376074
ALDOC	136	2.1367205671564067
ALDOC-AS1	1	0.3010299956639812
ALG1	72	1.863322860120456
ALG10	20	1.3222192947339193
ALG10B	19	1.3010299956639813
ALG11	36	1.568201724066995
ALG12	31	1.505149978319906
ALG13	91	1.9637878273455553
ALG13-AS1	1	0.3010299956639812
ALG14	21	1.3424226808222062
ALG1L1P	7	0.9030899869919435
ALG1L2	4	0.6989700043360189
ALG1L3P	1	0.3010299956639812
ALG1L5P	1	0.3010299956639812
ALG1L6P	2	0.47712125471966244
ALG1L9P	2	0.47712125471966244
ALG2	52	1.724275869600789
ALG3	66	1.8260748027008264
ALG3P1	1	0.3010299956639812
ALG5	56	1.7558748556724915
ALG6	57	1.7634279935629373
ALG8	50	1.7075701760979363
ALG9	56	1.7558748556724915
ALG9-IT1	1	0.3010299956639812
ALK	3848	3.585347911094591
ALKAL1	12	1.1139433523068367
ALKAL2	16	1.2304489213782739
ALKBH1	105	2.0253058652647704
ALKBH2	84	1.9294189257142926
ALKBH3	103	2.0170333392987803
ALKBH3-AS1	2	0.47712125471966244
ALKBH4	33	1.5314789170422551
ALKBH5	390	2.5921767573958667
ALKBH6	11	1.0791812460476249
ALKBH7	23	1.380211241711606
ALKBH8	39	1.6020599913279623
ALLC	12	1.1139433523068367
ALMS1	242	2.385606273598312
ALMS1-IT1	2	0.47712125471966244
ALMS1P1	5	0.7781512503836436
ALOX12	219	2.342422680822206
ALOX12B	89	1.954242509439325
ALOX12P1	1	0.3010299956639812
ALOX12P2	8	0.9542425094393249
ALOX15	329	2.5185139398778875
ALOX15B	109	2.041392685158225
ALOX15P1	1	0.3010299956639812
ALOX5	463	2.6665179805548807
ALOX5AP	372	2.571708831808688
ALOXE3	56	1.7558748556724915
ALPG	60	1.7853298350107671
ALPI	76	1.8864907251724818
ALPK1	60	1.7853298350107671
ALPK2	30	1.4913616938342726
ALPK3	31	1.505149978319906
ALPL	524	2.720159303405957
ALPP	118	2.0755469613925306
ALPPP	1	0.3010299956639812
ALS2	119	2.0791812460476247
ALS2CL	17	1.255272505103306
ALX1	44	1.6532125137753437
ALX3	30	1.4913616938342726
ALX4	90	1.9590413923210936
ALYREF	364	2.5622928644564746
AMACR	134	2.130333768495006
AMANZI	1	0.3010299956639812
AMBN	109	2.041392685158225
AMBP	146	2.167317334748176
AMBRA1	200	2.303196057420489
AMD1	77	1.8920946026904804
AMD1P2	1	0.3010299956639812
AMD1P3	1	0.3010299956639812
AMDHD1	13	1.146128035678238
AMDHD2	23	1.380211241711606
AMELX	116	2.0681858617461617
AMELY	44	1.6532125137753437
AMER1	129	2.113943352306837
AMER2	20	1.3222192947339193
AMER3	9	1.0
AMFR	288	2.4608978427565478
AMH	420	2.6242820958356683
AMHR2	91	1.9637878273455553
AMIGO1	22	1.3617278360175928
AMIGO2	42	1.6334684555795864
AMIGO3	12	1.1139433523068367
AMMECR1	37	1.5797835966168101
AMMECR1L	21	1.3424226808222062
AMN	25	1.414973347970818
AMN1	7	0.9030899869919435
AMOT	240	2.3820170425748683
AMOTL1	118	2.0755469613925306
AMOTL2	104	2.0211892990699383
AMPD1	134	2.130333768495006
AMPD2	82	1.919078092376074
AMPD3	36	1.568201724066995
AMPH	93	1.9731278535996986
AMT	42	1.6334684555795864
AMTN	33	1.5314789170422551
AMY1A	131	2.12057393120585
AMY1B	32	1.5185139398778875
AMY1C	32	1.5185139398778875
AMY2A	66	1.8260748027008264
AMY2B	39	1.6020599913279623
AMYP1	5	0.7781512503836436
AMZ1	11	1.0791812460476249
AMZ2	20	1.3222192947339193
AMZ2P1	4	0.6989700043360189
ANAPC1	201	2.305351369446624
ANAPC10	87	1.9444826721501687
ANAPC11	145	2.164352855784437
ANAPC13	41	1.6232492903979006
ANAPC15	33	1.5314789170422551
ANAPC16	58	1.7708520116421442
ANAPC1P2	3	0.6020599913279624
ANAPC2	141	2.1522883443830563
ANAPC4	134	2.130333768495006
ANAPC5	144	2.161368002234975
ANAPC7	187	2.27415784926368
ANCR	5	0.7781512503836436
ANG	242	2.385606273598312
ANGEL1	33	1.5314789170422551
ANGEL2	37	1.5797835966168101
ANGPT1	737	2.8680563618230415
ANGPT2	813	2.910624404889201
ANGPT4	32	1.5185139398778875
ANGPTL1	65	1.8195439355418688
ANGPTL2	172	2.2380461031287955
ANGPTL3	480	2.682145076373832
ANGPTL4	550	2.741151598851785
ANGPTL5	19	1.3010299956639813
ANGPTL6	69	1.845098040014257
ANGPTL7	54	1.7403626894942439
ANGPTL8	285	2.456366033129043
ANHX	5	0.7781512503836436
ANK1	196	2.294466226161593
ANK2	197	2.296665190261531
ANK3	239	2.380211241711606
ANKAR	10	1.0413926851582251
ANKDD1A	10	1.0413926851582251
ANKDD1B	5	0.7781512503836436
ANKEF1	18	1.2787536009528289
ANKFN1	10	1.0413926851582251
ANKFY1	105	2.0253058652647704
ANKH	127	2.1072099696478683
ANKHD1	148	2.173186268412274
ANKHD1-EIF4EBP3	30	1.4913616938342726
ANKIB1	31	1.505149978319906
ANKK1	252	2.403120521175818
ANKLE1	31	1.505149978319906
ANKLE2	95	1.9822712330395684
ANKMY1	14	1.1760912590556813
ANKMY2	34	1.5440680443502757
ANKRA2	26	1.4313637641589874
ANKRD1	111	2.0492180226701815
ANKRD10	12	1.1139433523068367
ANKRD10-IT1	3	0.6020599913279624
ANKRD11	148	2.173186268412274
ANKRD11-AS1	2	0.47712125471966244
ANKRD11-AS2	1	0.3010299956639812
ANKRD11-AS3	1	0.3010299956639812
ANKRD11P2	1	0.3010299956639812
ANKRD12	38	1.591064607026499
ANKRD13A	59	1.7781512503836436
ANKRD13B	18	1.2787536009528289
ANKRD13C	28	1.462397997898956
ANKRD13C-DT	9	1.0
ANKRD13D	35	1.5563025007672873
ANKRD16	13	1.146128035678238
ANKRD17	138	2.143014800254095
ANKRD18A	14	1.1760912590556813
ANKRD18B	6	0.8450980400142568
ANKRD18CP	2	0.47712125471966244
ANKRD18DP	2	0.47712125471966244
ANKRD19P	5	0.7781512503836436
ANKRD2	45	1.662757831681574
ANKRD20A1	10	1.0413926851582251
ANKRD20A11P	3	0.6020599913279624
ANKRD20A12P	5	0.7781512503836436
ANKRD20A19P	1	0.3010299956639812
ANKRD20A21P	1	0.3010299956639812
ANKRD20A2P	3	0.6020599913279624
ANKRD20A3P	4	0.6989700043360189
ANKRD20A4P	5	0.7781512503836436
ANKRD20A5P	6	0.8450980400142568
ANKRD20A8P	3	0.6020599913279624
ANKRD20A9P	3	0.6020599913279624
ANKRD22	20	1.3222192947339193
ANKRD23	26	1.4313637641589874
ANKRD24	12	1.1139433523068367
ANKRD26	119	2.0791812460476247
ANKRD26P1	8	0.9542425094393249
ANKRD26P3	2	0.47712125471966244
ANKRD27	54	1.7403626894942439
ANKRD28	111	2.0492180226701815
ANKRD29	12	1.1139433523068367
ANKRD30A	28	1.462397997898956
ANKRD30B	14	1.1760912590556813
ANKRD30BL	5	0.7781512503836436
ANKRD30BP2	4	0.6989700043360189
ANKRD30BP3	1	0.3010299956639812
ANKRD30BP4	2	0.47712125471966244
ANKRD31	10	1.0413926851582251
ANKRD33	9	1.0
ANKRD33B	8	0.9542425094393249
ANKRD33BP1	2	0.47712125471966244
ANKRD34A	10	1.0413926851582251
ANKRD34B	9	1.0
ANKRD34C	7	0.9030899869919435
ANKRD34C-AS1	3	0.6020599913279624
ANKRD35	19	1.3010299956639813
ANKRD36	30	1.4913616938342726
ANKRD36B	17	1.255272505103306
ANKRD36BP1	7	0.9030899869919435
ANKRD36BP2	2	0.47712125471966244
ANKRD36C	11	1.0791812460476249
ANKRD36P1	1	0.3010299956639812
ANKRD37	9	1.0
ANKRD39	19	1.3010299956639813
ANKRD40	35	1.5563025007672873
ANKRD40CL	5	0.7781512503836436
ANKRD42	13	1.146128035678238
ANKRD42-DT	1	0.3010299956639812
ANKRD44	40	1.6127838567197355
ANKRD44-IT1	4	0.6989700043360189
ANKRD45	10	1.0413926851582251
ANKRD46	26	1.4313637641589874
ANKRD49	31	1.505149978319906
ANKRD49P3	1	0.3010299956639812
ANKRD50	47	1.6812412373755872
ANKRD52	62	1.7993405494535817
ANKRD53	9	1.0
ANKRD54	33	1.5314789170422551
ANKRD55	35	1.5563025007672873
ANKRD55-AS1	1	0.3010299956639812
ANKRD6	30	1.4913616938342726
ANKRD60	4	0.6989700043360189
ANKRD61	5	0.7781512503836436
ANKRD62	3	0.6020599913279624
ANKRD62P1-PARP4P3	6	0.8450980400142568
ANKRD63	2	0.47712125471966244
ANKRD65	6	0.8450980400142568
ANKRD66	3	0.6020599913279624
ANKRD7	11	1.0791812460476249
ANKRD9	16	1.2304489213782739
ANKS1A	94	1.9777236052888478
ANKS1B	67	1.8325089127062364
ANKS3	27	1.4471580313422192
ANKS4B	21	1.3424226808222062
ANKS6	52	1.724275869600789
ANKUB1	7	0.9030899869919435
ANKZF1	55	1.7481880270062005
ANLN	168	2.2278867046136734
ANO1	505	2.7041505168397992
ANO10	74	1.8750612633917
ANO2	41	1.6232492903979006
ANO3	74	1.8750612633917
ANO4	20	1.3222192947339193
ANO5	128	2.110589710299249
ANO6	141	2.1522883443830563
ANO7	34	1.5440680443502757
ANO8	27	1.4471580313422192
ANO9	29	1.4771212547196624
ANOS1	222	2.3483048630481607
ANOS2P	5	0.7781512503836436
ANP32A	232	2.367355921026019
ANP32A-IT1	3	0.6020599913279624
ANP32B	171	2.2355284469075487
ANP32CP	20	1.3222192947339193
ANP32D	14	1.1760912590556813
ANP32E	122	2.089905111439398
ANPEP	183	2.2648178230095364
ANTKMT	13	1.146128035678238
ANTXR1	199	2.3010299956639813
ANTXR2	197	2.296665190261531
ANTXRL	6	0.8450980400142568
ANTXRLP1	1	0.3010299956639812
ANXA1	589	2.7708520116421442
ANXA10	69	1.845098040014257
ANXA11	146	2.167317334748176
ANXA13	29	1.4771212547196624
ANXA2	1064	3.0273496077747564
ANXA2P1	4	0.6989700043360189
ANXA2P2	60	1.7853298350107671
ANXA2P3	3	0.6020599913279624
ANXA2R	15	1.2041199826559248
ANXA2R-AS1	4	0.6989700043360189
ANXA2R-OT1	4	0.6989700043360189
ANXA3	126	2.103803720955957
ANXA4	131	2.12057393120585
ANXA5	371	2.5705429398818973
ANXA6	197	2.296665190261531
ANXA7	131	2.12057393120585
ANXA8	40	1.6127838567197355
ANXA8L1	26	1.4313637641589874
ANXA9	37	1.5797835966168101
AOAH	23	1.380211241711606
AOC1	72	1.863322860120456
AOC2	18	1.2787536009528289
AOC3	288	2.4608978427565478
AOC4P	12	1.1139433523068367
AOPEP	36	1.568201724066995
AOPEP-AS1	1	0.3010299956639812
AOX1	90	1.9590413923210936
AOX2P	9	1.0
AOX3P	2	0.47712125471966244
AOX3P-AOX2P	2	0.47712125471966244
AP1AR	45	1.662757831681574
AP1AR-DT	1	0.3010299956639812
AP1B1	189	2.278753600952829
AP1B1P1	1	0.3010299956639812
AP1B1P2	1	0.3010299956639812
AP1G1	172	2.2380461031287955
AP1G2	68	1.8388490907372552
AP1G2-AS1	3	0.6020599913279624
AP1M1	176	2.247973266361807
AP1M2	76	1.8864907251724818
AP1S1	93	1.9731278535996986
AP1S2	76	1.8864907251724818
AP1S3	49	1.6989700043360187
AP2A1	301	2.4800069429571505
AP2A2	229	2.361727836017593
AP2B1	286	2.4578818967339924
AP2M1	321	2.507855871695831
AP2S1	155	2.1931245983544616
AP3B1	200	2.303196057420489
AP3B2	65	1.8195439355418688
AP3D1	202	2.307496037913213
AP3M1	114	2.060697840353612
AP3M2	49	1.6989700043360187
AP3S1	96	1.9867717342662448
AP3S1P2	1	0.3010299956639812
AP3S2	43	1.6434526764861874
AP4B1	47	1.6812412373755872
AP4B1-AS1	2	0.47712125471966244
AP4E1	51	1.7160033436347992
AP4M1	56	1.7558748556724915
AP4S1	30	1.4913616938342726
AP5B1	38	1.591064607026499
AP5M1	25	1.414973347970818
AP5S1	13	1.146128035678238
AP5Z1	30	1.4913616938342726
APAF1	669	2.8260748027008264
APBA1	140	2.1492191126553797
APBA2	100	2.0043213737826426
APBA3	54	1.7403626894942439
APBB1	227	2.357934847000454
APBB1IP	66	1.8260748027008264
APBB2	77	1.8920946026904804
APBB3	30	1.4913616938342726
APC	1026	3.0115704435972783
APC2	76	1.8864907251724818
APCDD1	25	1.414973347970818
APCDD1L	10	1.0413926851582251
APCDD1L-DT	5	0.7781512503836436
APCS	113	2.0569048513364727
APEH	90	1.9590413923210936
APELA	87	1.9444826721501687
APEX1	1452	3.1622656142980214
APEX2	103	2.0170333392987803
APH1A	139	2.146128035678238
APH1B	52	1.724275869600789
API5	148	2.173186268412274
API5P1	2	0.47712125471966244
APIP	44	1.6532125137753437
APLF	53	1.7323937598229686
APLN	633	2.802089257881733
APLNR	324	2.5118833609788744
APLP1	182	2.2624510897304293
APLP2	208	2.3201462861110542
APMAP	93	1.9731278535996986
APOA1	1855	3.268577971882843
APOA1-AS	5	0.7781512503836436
APOA2	197	2.296665190261531
APOA4	226	2.3560258571931225
APOA5	638	2.8055008581584002
APOB	1383	3.141136090120739
APOBEC1	237	2.376576957056512
APOBEC2	32	1.5185139398778875
APOBEC3A	161	2.2095150145426308
APOBEC3A_B	16	1.2304489213782739
APOBEC3B	357	2.5538830266438746
APOBEC3C	167	2.225309281725863
APOBEC3D	64	1.8129133566428555
APOBEC3F	270	2.432969290874406
APOBEC3G	909	2.9590413923210934
APOBEC3H	105	2.0253058652647704
APOBEC4	16	1.2304489213782739
APOBR	16	1.2304489213782739
APOC1	264	2.423245873936808
APOC1P1	9	1.0
APOC2	148	2.173186268412274
APOC3	544	2.7363965022766426
APOC4	39	1.6020599913279623
APOC4-APOC2	4	0.6989700043360189
APOD	377	2.5774917998372255
APOE	5644	3.7516639462609866
APOF	29	1.4771212547196624
APOH	259	2.4149733479708178
APOL1	762	2.8825245379548803
APOL2	64	1.8129133566428555
APOL3	30	1.4913616938342726
APOL4	14	1.1760912590556813
APOL5	9	1.0
APOL6	29	1.4771212547196624
APOLD1	19	1.3010299956639813
APOLTP	2	0.47712125471966244
APOM	220	2.3443922736851106
APONP	1	0.3010299956639812
APOO	46	1.6720978579357175
APOOL	50	1.7075701760979363
APOOP1	1	0.3010299956639812
APOOP4	1	0.3010299956639812
APP	4218	3.625209525381881
APPAT	2	0.47712125471966244
APPBP2	53	1.7323937598229686
APPL1	183	2.2648178230095364
APPL2	59	1.7781512503836436
APRG1	6	0.8450980400142568
APRT	141	2.1522883443830563
APTR	5	0.7781512503836436
APTX	160	2.2068258760318495
AQP1	378	2.578639209968072
AQP10	53	1.7323937598229686
AQP11	56	1.7558748556724915
AQP12A	5	0.7781512503836436
AQP12B	5	0.7781512503836436
AQP2	483	2.6848453616444123
AQP3	373	2.5728716022004803
AQP4	1285	3.109240968588203
AQP4-AS1	5	0.7781512503836436
AQP5	320	2.506505032404872
AQP5-AS1	5	0.7781512503836436
AQP6	21	1.3424226808222062
AQP7	115	2.0644579892269186
AQP7B	1	0.3010299956639812
AQP7P1	2	0.47712125471966244
AQP7P2	2	0.47712125471966244
AQP7P3	6	0.8450980400142568
AQP8	85	1.9344984512435677
AQP9	203	2.3096301674258988
AQR	114	2.060697840353612
AR	5009	3.699837725867246
ARAF	155	2.1931245983544616
ARAFP2	5	0.7781512503836436
ARAFP3	2	0.47712125471966244
ARAP1	90	1.9590413923210936
ARAP1-AS1	9	1.0
ARAP1-AS2	4	0.6989700043360189
ARAP2	40	1.6127838567197355
ARAP2-AS1	1	0.3010299956639812
ARAP3	50	1.7075701760979363
ARB2A	51	1.7160033436347992
ARB2BP	1	0.3010299956639812
ARC	53	1.7323937598229686
ARCN1	208	2.3201462861110542
AREG	690	2.8394780473741985
AREL1	28	1.462397997898956
ARF1	306	2.4871383754771865
ARF1P1	1	0.3010299956639812
ARF3	154	2.1903316981702914
ARF4	235	2.3729120029701067
ARF4P1	1	0.3010299956639812
ARF5	132	2.123851640967086
ARF6	660	2.82020145948564
ARFGAP1	124	2.0969100130080562
ARFGAP2	80	1.9084850188786497
ARFGAP3	85	1.9344984512435677
ARFGEF1	120	2.0827853703164503
ARFGEF1-DT	3	0.6020599913279624
ARFGEF2	116	2.0681858617461617
ARFGEF3	59	1.7781512503836436
ARFIP1	73	1.8692317197309762
ARFIP2	78	1.8976270912904414
ARFRP1	36	1.568201724066995
ARG1	517	2.714329759745233
ARG2	190	2.2810333672477277
ARGFX	6	0.8450980400142568
ARGFXP1	1	0.3010299956639812
ARGFXP2	1	0.3010299956639812
ARGLU1	111	2.0492180226701815
ARGLU1-DT	2	0.47712125471966244
ARHGAP1	150	2.1789769472931693
ARHGAP10	46	1.6720978579357175
ARHGAP11A	55	1.7481880270062005
ARHGAP11A-SCG5	1	0.3010299956639812
ARHGAP11B	27	1.4471580313422192
ARHGAP12	57	1.7634279935629373
ARHGAP15	38	1.591064607026499
ARHGAP17	68	1.8388490907372552
ARHGAP18	58	1.7708520116421442
ARHGAP19	37	1.5797835966168101
ARHGAP19-SLIT1	1	0.3010299956639812
ARHGAP20	24	1.3979400086720377
ARHGAP21	106	2.0293837776852097
ARHGAP22	38	1.591064607026499
ARHGAP22-IT1	2	0.47712125471966244
ARHGAP23	32	1.5185139398778875
ARHGAP24	59	1.7781512503836436
ARHGAP25	28	1.462397997898956
ARHGAP26	89	1.954242509439325
ARHGAP27	18	1.2787536009528289
ARHGAP27P1	7	0.9030899869919435
ARHGAP27P1-BPTFP1-KPNA2P3	4	0.6989700043360189
ARHGAP27P2	1	0.3010299956639812
ARHGAP28	19	1.3010299956639813
ARHGAP28-AS1	1	0.3010299956639812
ARHGAP29	87	1.9444826721501687
ARHGAP30	24	1.3979400086720377
ARHGAP31	51	1.7160033436347992
ARHGAP31-AS1	1	0.3010299956639812
ARHGAP32	89	1.954242509439325
ARHGAP33	27	1.4471580313422192
ARHGAP35	185	2.2695129442179165
ARHGAP36	17	1.255272505103306
ARHGAP39	37	1.5797835966168101
ARHGAP4	59	1.7781512503836436
ARHGAP40	7	0.9030899869919435
ARHGAP42	37	1.5797835966168101
ARHGAP42-AS1	2	0.47712125471966244
ARHGAP44	34	1.5440680443502757
ARHGAP44-AS1	1	0.3010299956639812
ARHGAP45	55	1.7481880270062005
ARHGAP5	113	2.0569048513364727
ARHGAP5-AS1	6	0.8450980400142568
ARHGAP6	39	1.6020599913279623
ARHGAP8	40	1.6127838567197355
ARHGAP9	32	1.5185139398778875
ARHGDIA	283	2.4533183400470375
ARHGDIB	171	2.2355284469075487
ARHGDIG	27	1.4471580313422192
ARHGEF1	146	2.167317334748176
ARHGEF10	70	1.8512583487190752
ARHGEF10L	26	1.4313637641589874
ARHGEF11	122	2.089905111439398
ARHGEF12	141	2.1522883443830563
ARHGEF15	29	1.4771212547196624
ARHGEF16	54	1.7403626894942439
ARHGEF17	50	1.7075701760979363
ARHGEF18	64	1.8129133566428555
ARHGEF19	21	1.3424226808222062
ARHGEF2	286	2.4578818967339924
ARHGEF25	46	1.6720978579357175
ARHGEF26	49	1.6989700043360187
ARHGEF26-AS1	1	0.3010299956639812
ARHGEF28	52	1.724275869600789
ARHGEF3	65	1.8195439355418688
ARHGEF33	8	0.9542425094393249
ARHGEF34P	4	0.6989700043360189
ARHGEF35	10	1.0413926851582251
ARHGEF35-AS1	2	0.47712125471966244
ARHGEF37	11	1.0791812460476249
ARHGEF37-AS1	1	0.3010299956639812
ARHGEF38	16	1.2304489213782739
ARHGEF39	22	1.3617278360175928
ARHGEF4	61	1.792391689498254
ARHGEF4-AS1	1	0.3010299956639812
ARHGEF40	49	1.6989700043360187
ARHGEF5	74	1.8750612633917
ARHGEF6	102	2.012837224705172
ARHGEF7	221	2.346352974450639
ARHGEF9	77	1.8920946026904804
ARID1A	958	2.9818186071706636
ARID1B	306	2.4871383754771865
ARID2	176	2.247973266361807
ARID3A	125	2.100370545117563
ARID3B	98	1.99563519459755
ARID3BP1	1	0.3010299956639812
ARID3C	9	1.0
ARID4A	73	1.8692317197309762
ARID4B	97	1.9912260756924949
ARID5A	38	1.591064607026499
ARID5B	166	2.2227164711475833
ARIH1	124	2.0969100130080562
ARIH2	96	1.9867717342662448
ARIH2OS	4	0.6989700043360189
ARK2C	15	1.2041199826559248
ARK2N	56	1.7558748556724915
ARL1	127	2.1072099696478683
ARL10	19	1.3010299956639813
ARL11	45	1.662757831681574
ARL13A	5	0.7781512503836436
ARL13B	96	1.9867717342662448
ARL14	19	1.3010299956639813
ARL14EP	25	1.414973347970818
ARL14EPL	2	0.47712125471966244
ARL15	51	1.7160033436347992
ARL16	14	1.1760912590556813
ARL17A	11	1.0791812460476249
ARL17B	8	0.9542425094393249
ARL2	131	2.12057393120585
ARL2-SNX15	3	0.6020599913279624
ARL2BP	59	1.7781512503836436
ARL2BPP4	1	0.3010299956639812
ARL3	105	2.0253058652647704
ARL4A	23	1.380211241711606
ARL4C	56	1.7558748556724915
ARL4D	24	1.3979400086720377
ARL5A	23	1.380211241711606
ARL5B	38	1.591064607026499
ARL5C	3	0.6020599913279624
ARL6	68	1.8388490907372552
ARL6IP1	69	1.845098040014257
ARL6IP4	100	2.0043213737826426
ARL6IP5	157	2.1986570869544226
ARL6IP6	31	1.505149978319906
ARL8A	52	1.724275869600789
ARL8B	104	2.0211892990699383
ARL9	5	0.7781512503836436
ARLN	25	1.414973347970818
ARLNC1	4	0.6989700043360189
ARMC1	36	1.568201724066995
ARMC10	34	1.5440680443502757
ARMC10P1	1	0.3010299956639812
ARMC12	13	1.146128035678238
ARMC2	25	1.414973347970818
ARMC3	20	1.3222192947339193
ARMC5	99	2.0
ARMC6	54	1.7403626894942439
ARMC7	26	1.4313637641589874
ARMC8	81	1.9138138523837167
ARMC9	41	1.6232492903979006
ARMCX1	31	1.505149978319906
ARMCX2	29	1.4771212547196624
ARMCX3	72	1.863322860120456
ARMCX4	22	1.3617278360175928
ARMCX5	30	1.4913616938342726
ARMCX5-GPRASP2	27	1.4471580313422192
ARMCX6	16	1.2304489213782739
ARMCX7P	2	0.47712125471966244
ARMH1	7	0.9030899869919435
ARMH2	2	0.47712125471966244
ARMH3	27	1.4471580313422192
ARMH4	15	1.2041199826559248
ARMS2	392	2.5943925503754266
ARNILA	1	0.3010299956639812
ARNT	322	2.509202522331103
ARNT2	73	1.8692317197309762
ARNT2-DT	1	0.3010299956639812
ARPC1A	90	1.9590413923210936
ARPC1AP4	1	0.3010299956639812
ARPC1B	177	2.250420002308894
ARPC2	190	2.2810333672477277
ARPC3	143	2.1583624920952498
ARPC3P1	1	0.3010299956639812
ARPC4	159	2.2041199826559246
ARPC4-TTLL3	22	1.3617278360175928
ARPC5	118	2.0755469613925306
ARPC5L	88	1.9493900066449128
ARPIN	41	1.6232492903979006
ARPIN-AP3S2	8	0.9542425094393249
ARPP19	46	1.6720978579357175
ARPP19P1	1	0.3010299956639812
ARPP19P2	1	0.3010299956639812
ARPP21	23	1.380211241711606
ARR3	54	1.7403626894942439
ARRB1	478	2.680335513414563
ARRB2	639	2.806179973983887
ARRDC1	44	1.6532125137753437
ARRDC1-AS1	10	1.0413926851582251
ARRDC2	15	1.2041199826559248
ARRDC3	59	1.7781512503836436
ARRDC3-AS1	2	0.47712125471966244
ARRDC4	22	1.3617278360175928
ARRDC5	8	0.9542425094393249
ARSA	156	2.1958996524092336
ARSB	112	2.0530784434834195
ARSC2	2	0.47712125471966244
ARSD	19	1.3010299956639813
ARSD-AS1	2	0.47712125471966244
ARSDP1	4	0.6989700043360189
ARSF	16	1.2304489213782739
ARSFP1	1	0.3010299956639812
ARSG	31	1.505149978319906
ARSH	3	0.6020599913279624
ARSI	13	1.146128035678238
ARSJ	11	1.0791812460476249
ARSK	20	1.3222192947339193
ARSL	47	1.6812412373755872
ARSLP1	2	0.47712125471966244
ART1	19	1.3010299956639813
ART2P	4	0.6989700043360189
ART3	29	1.4771212547196624
ART4	53	1.7323937598229686
ART5	13	1.146128035678238
ARTN	72	1.863322860120456
ARV1	40	1.6127838567197355
ARVCF	83	1.9242792860618816
ARX	104	2.0211892990699383
AS3MT	193	2.287801729930226
ASAH1	226	2.3560258571931225
ASAH1-AS1	3	0.6020599913279624
ASAH2	53	1.7323937598229686
ASAH2B	6	0.8450980400142568
ASAP1	149	2.1760912590556813
ASAP1-IT1	5	0.7781512503836436
ASAP1-IT2	1	0.3010299956639812
ASAP2	75	1.8808135922807914
ASAP3	34	1.5440680443502757
ASB1	32	1.5185139398778875
ASB10	21	1.3424226808222062
ASB11	12	1.1139433523068367
ASB12	14	1.1760912590556813
ASB13	29	1.4771212547196624
ASB14	8	0.9542425094393249
ASB15	14	1.1760912590556813
ASB15-AS1	1	0.3010299956639812
ASB16	15	1.2041199826559248
ASB16-AS1	14	1.1760912590556813
ASB17	14	1.1760912590556813
ASB18	10	1.0413926851582251
ASB2	53	1.7323937598229686
ASB3	39	1.6020599913279623
ASB4	22	1.3617278360175928
ASB5	10	1.0413926851582251
ASB6	44	1.6532125137753437
ASB7	31	1.505149978319906
ASB8	31	1.505149978319906
ASB9	42	1.6334684555795864
ASCC1	87	1.9444826721501687
ASCC2	83	1.9242792860618816
ASCC3	166	2.2227164711475833
ASCL1	402	2.6053050461411096
ASCL2	96	1.9867717342662448
ASCL3	13	1.146128035678238
ASCL4	14	1.1760912590556813
ASCL5	4	0.6989700043360189
ASDURF	4	0.6989700043360189
ASF1A	178	2.2528530309798933
ASF1B	125	2.100370545117563
ASGR1	126	2.103803720955957
ASGR2	55	1.7481880270062005
ASH1L	111	2.0492180226701815
ASH1L-AS1	3	0.6020599913279624
ASH2L	224	2.3521825181113627
ASH2LP1	1	0.3010299956639812
ASH2LP2	1	0.3010299956639812
ASH2LP3	1	0.3010299956639812
ASH2LP4	1	0.3010299956639812
ASIC1	229	2.361727836017593
ASIC2	104	2.0211892990699383
ASIC2-AS1	2	0.47712125471966244
ASIC3	126	2.103803720955957
ASIC4	28	1.462397997898956
ASIC5	9	1.0
ASIP	45	1.662757831681574
ASL	66	1.8260748027008264
ASMER1	2	0.47712125471966244
ASMER2	1	0.3010299956639812
ASMT	42	1.6334684555795864
ASMTL	40	1.6127838567197355
ASMTL-AS1	8	0.9542425094393249
ASNS	207	2.3180633349627615
ASNSD1	24	1.3979400086720377
ASNSP2	1	0.3010299956639812
ASPA	56	1.7558748556724915
ASPDH	10	1.0413926851582251
ASPG	15	1.2041199826559248
ASPH	248	2.3961993470957363
ASPHD1	12	1.1139433523068367
ASPHD2	13	1.146128035678238
ASPM	238	2.3783979009481375
ASPN	148	2.173186268412274
ASPNAT	33	1.5314789170422551
ASPRV1	31	1.505149978319906
ASPSCR1	131	2.12057393120585
ASRGL1	56	1.7558748556724915
ASS1	187	2.27415784926368
ASS1P1	3	0.6020599913279624
ASS1P10	2	0.47712125471966244
ASS1P11	3	0.6020599913279624
ASS1P12	1	0.3010299956639812
ASS1P13	1	0.3010299956639812
ASS1P14	2	0.47712125471966244
ASS1P2	2	0.47712125471966244
ASS1P3	2	0.47712125471966244
ASS1P4	2	0.47712125471966244
ASS1P5	1	0.3010299956639812
ASS1P6	4	0.6989700043360189
ASS1P7	2	0.47712125471966244
ASS1P8	3	0.6020599913279624
ASS1P9	3	0.6020599913279624
ASTE1	14	1.1760912590556813
ASTILCS	2	0.47712125471966244
ASTL	23	1.380211241711606
ASTN1	28	1.462397997898956
ASTN2	51	1.7160033436347992
ASTN2-AS1	2	0.47712125471966244
ASXL1	555	2.7450747915820575
ASXL2	93	1.9731278535996986
ASXL3	80	1.9084850188786497
ASZ1	17	1.255272505103306
ATAD1	80	1.9084850188786497
ATAD2	177	2.250420002308894
ATAD2B	32	1.5185139398778875
ATAD3A	336	2.5276299008713385
ATAD3B	191	2.2833012287035497
ATAD3C	36	1.568201724066995
ATAD5	90	1.9590413923210936
ATAT1	62	1.7993405494535817
ATCAY	23	1.380211241711606
ATE1	49	1.6989700043360187
ATE1OSP	1	0.3010299956639812
ATF1	133	2.1271047983648077
ATF2	308	2.4899584794248346
ATF3	630	2.8000293592441343
ATF4	1044	3.019116290447073
ATF4P1	3	0.6020599913279624
ATF4P2	3	0.6020599913279624
ATF4P3	1	0.3010299956639812
ATF4P4	1	0.3010299956639812
ATF5	124	2.0969100130080562
ATF6	627	2.797959643737196
ATF6B	66	1.8260748027008264
ATF7	85	1.9344984512435677
ATF7-AS1	1	0.3010299956639812
ATF7IP	87	1.9444826721501687
ATF7IP2	20	1.3222192947339193
ATG10	64	1.8129133566428555
ATG10-AS1	1	0.3010299956639812
ATG101	53	1.7323937598229686
ATG12	228	2.359835482339888
ATG12P1	1	0.3010299956639812
ATG12P2	1	0.3010299956639812
ATG13	160	2.2068258760318495
ATG14	180	2.2576785748691846
ATG16L1	534	2.7283537820212285
ATG16L2	27	1.4471580313422192
ATG2A	53	1.7323937598229686
ATG2B	116	2.0681858617461617
ATG3	151	2.1818435879447726
ATG4A	80	1.9084850188786497
ATG4B	193	2.287801729930226
ATG4C	35	1.5563025007672873
ATG4D	41	1.6232492903979006
ATG5	837	2.9232440186302764
ATG7	517	2.714329759745233
ATG9A	202	2.307496037913213
ATG9B	52	1.724275869600789
ATIC	157	2.1986570869544226
ATL1	133	2.1271047983648077
ATL2	58	1.7708520116421442
ATL3	99	2.0
ATM	4700	3.6721902511882525
ATMIN	51	1.7160033436347992
ATN1	120	2.0827853703164503
ATOH1	143	2.1583624920952498
ATOH7	43	1.6434526764861874
ATOH8	28	1.462397997898956
ATOSA	13	1.146128035678238
ATOSB	21	1.3424226808222062
ATOX1	218	2.3404441148401185
ATP10A	44	1.6532125137753437
ATP10B	21	1.3424226808222062
ATP10D	24	1.3979400086720377
ATP11A	54	1.7403626894942439
ATP11A-AS1	2	0.47712125471966244
ATP11AUN	1	0.3010299956639812
ATP11B	35	1.5563025007672873
ATP11C	65	1.8195439355418688
ATP12A	76	1.8864907251724818
ATP13A1	86	1.9395192526186185
ATP13A2	204	2.311753861055754
ATP13A3	59	1.7781512503836436
ATP13A3-DT	2	0.47712125471966244
ATP13A4	10	1.0413926851582251
ATP13A4-AS1	1	0.3010299956639812
ATP13A5	10	1.0413926851582251
ATP1A1	558	2.747411807886423
ATP1A1-AS1	3	0.6020599913279624
ATP1A2	261	2.4183012913197452
ATP1A3	319	2.505149978319906
ATP1A4	43	1.6434526764861874
ATP1B1	207	2.3180633349627615
ATP1B1P1	2	0.47712125471966244
ATP1B2	66	1.8260748027008264
ATP1B3	136	2.1367205671564067
ATP1B3P1	1	0.3010299956639812
ATP1B4	19	1.3010299956639813
ATP23	19	1.3010299956639813
ATP2A1	172	2.2380461031287955
ATP2A1-AS1	1	0.3010299956639812
ATP2A2	730	2.8639173769578603
ATP2A3	109	2.041392685158225
ATP2B1	289	2.462397997898956
ATP2B1-AS1	7	0.9030899869919435
ATP2B2	79	1.9030899869919435
ATP2B2-IT2	1	0.3010299956639812
ATP2B3	95	1.9822712330395684
ATP2B4	207	2.3180633349627615
ATP2C1	267	2.428134794028789
ATP2C2	42	1.6334684555795864
ATP2C2-AS1	2	0.47712125471966244
ATP4A	56	1.7558748556724915
ATP4B	28	1.462397997898956
ATP5F1A	455	2.658964842664435
ATP5F1AP1	2	0.47712125471966244
ATP5F1AP2	1	0.3010299956639812
ATP5F1AP3	1	0.3010299956639812
ATP5F1B	453	2.6570558528571038
ATP5F1BP1	3	0.6020599913279624
ATP5F1C	244	2.3891660843645326
ATP5F1CP1	2	0.47712125471966244
ATP5F1D	100	2.0043213737826426
ATP5F1E	69	1.845098040014257
ATP5F1EP1	1	0.3010299956639812
ATP5F1EP2	16	1.2304489213782739
ATP5IF1	117	2.0718820073061255
ATP5MC1	47	1.6812412373755872
ATP5MC1P2	1	0.3010299956639812
ATP5MC2	28	1.462397997898956
ATP5MC2P1	1	0.3010299956639812
ATP5MC2P2	1	0.3010299956639812
ATP5MC3	28	1.462397997898956
ATP5ME	92	1.968482948553935
ATP5MF	96	1.9867717342662448
ATP5MF-PTCD1	28	1.462397997898956
ATP5MG	100	2.0043213737826426
ATP5MGL	8	0.9542425094393249
ATP5MGP4	1	0.3010299956639812
ATP5MGP5	1	0.3010299956639812
ATP5MJ	29	1.4771212547196624
ATP5MK	98	1.99563519459755
ATP5PB	151	2.1818435879447726
ATP5PD	138	2.143014800254095
ATP5PF	100	2.0043213737826426
ATP5PFP1	2	0.47712125471966244
ATP5PO	213	2.330413773349191
ATP6AP1	160	2.2068258760318495
ATP6AP1L	5	0.7781512503836436
ATP6AP2	312	2.4955443375464483
ATP6V0A1	111	2.0492180226701815
ATP6V0A2	126	2.103803720955957
ATP6V0A4	94	1.9777236052888478
ATP6V0B	39	1.6020599913279623
ATP6V0C	104	2.0211892990699383
ATP6V0CP1	1	0.3010299956639812
ATP6V0CP4	1	0.3010299956639812
ATP6V0D1	117	2.0718820073061255
ATP6V0D2	35	1.5563025007672873
ATP6V0E1	28	1.462397997898956
ATP6V0E1P2	1	0.3010299956639812
ATP6V0E2	13	1.146128035678238
ATP6V0E2-AS1	3	0.6020599913279624
ATP6V1A	185	2.2695129442179165
ATP6V1B1	152	2.184691430817599
ATP6V1B2	151	2.1818435879447726
ATP6V1C1	77	1.8920946026904804
ATP6V1C2	34	1.5440680443502757
ATP6V1D	71	1.8573324964312685
ATP6V1E1	102	2.012837224705172
ATP6V1E2	34	1.5440680443502757
ATP6V1F	69	1.845098040014257
ATP6V1G1	97	1.9912260756924949
ATP6V1G2	42	1.6334684555795864
ATP6V1G2-DDX39B	8	0.9542425094393249
ATP6V1G3	31	1.505149978319906
ATP6V1H	116	2.0681858617461617
ATP7A	509	2.7075701760979363
ATP7B	833	2.921166050637739
ATP8A1	58	1.7708520116421442
ATP8A2	46	1.6720978579357175
ATP8B1	192	2.285557309007774
ATP8B1-AS1	3	0.6020599913279624
ATP8B2	32	1.5185139398778875
ATP8B3	19	1.3010299956639813
ATP8B4	22	1.3617278360175928
ATP8B5P	3	0.6020599913279624
ATP9A	52	1.724275869600789
ATP9B	24	1.3979400086720377
ATPAF1	44	1.6532125137753437
ATPAF2	46	1.6720978579357175
ATPSCKMT	21	1.3424226808222062
ATR	2016	3.3047058982127653
ATRAID	32	1.5185139398778875
ATRIP	140	2.1492191126553797
ATRN	70	1.8512583487190752
ATRNL1	16	1.2304489213782739
ATRX	729	2.863322860120456
ATXN1	463	2.6665179805548807
ATXN1-AS1	1	0.3010299956639812
ATXN10	190	2.2810333672477277
ATXN1L	32	1.5185139398778875
ATXN2	399	2.6020599913279625
ATXN2-AS	1	0.3010299956639812
ATXN2L	201	2.305351369446624
ATXN3	689	2.838849090737255
ATXN3L	14	1.1760912590556813
ATXN7	238	2.3783979009481375
ATXN7L1	31	1.505149978319906
ATXN7L2	26	1.4313637641589874
ATXN7L3	59	1.7781512503836436
ATXN7L3B	21	1.3424226808222062
ATXN8	14	1.1760912590556813
ATXN8OS	78	1.8976270912904414
AUH	49	1.6989700043360187
AUNIP	30	1.4913616938342726
AUP1	150	2.1789769472931693
AURKA	1370	3.1370374547895126
AURKAIP1	54	1.7403626894942439
AURKAP1	3	0.6020599913279624
AURKB	1206	3.081707270097349
AURKC	128	2.110589710299249
AUTS2	92	1.968482948553935
AVEN	61	1.792391689498254
AVIL	24	1.3979400086720377
AVL9	32	1.5185139398778875
AVP	492	2.69284691927723
AVPI1	23	1.380211241711606
AVPR1A	136	2.1367205671564067
AVPR1B	62	1.7993405494535817
AVPR2	247	2.3944516808262164
AWAT1	5	0.7781512503836436
AWAT2	16	1.2304489213782739
AXDND1	16	1.2304489213782739
AXIN1	420	2.6242820958356683
AXIN2	398	2.6009728956867484
AXL	776	2.890421018800914
AZGP1	288	2.4608978427565478
AZGP1P1	4	0.6989700043360189
AZGP1P2	5	0.7781512503836436
AZI2	53	1.7323937598229686
AZIN1	67	1.8325089127062364
AZIN2	35	1.5563025007672873
AZU1	335	2.526339277389844
B2M	595	2.7752462597402365
B3GALNT1	40	1.6127838567197355
B3GALNT2	44	1.6532125137753437
B3GALT1	18	1.2787536009528289
B3GALT1-AS1	1	0.3010299956639812
B3GALT2	20	1.3222192947339193
B3GALT4	32	1.5185139398778875
B3GALT5	50	1.7075701760979363
B3GALT5-AS1	9	1.0
B3GALT6	60	1.7853298350107671
B3GALT9	5	0.7781512503836436
B3GAT1	70	1.8512583487190752
B3GAT1-DT	3	0.6020599913279624
B3GAT2	22	1.3617278360175928
B3GAT3	109	2.041392685158225
B3GAT3P1	1	0.3010299956639812
B3GLCT	62	1.7993405494535817
B3GNT2	64	1.8129133566428555
B3GNT3	35	1.5563025007672873
B3GNT4	14	1.1760912590556813
B3GNT5	21	1.3424226808222062
B3GNT6	11	1.0791812460476249
B3GNT7	17	1.255272505103306
B3GNT8	19	1.3010299956639813
B3GNT9	9	1.0
B4GALNT1	48	1.6901960800285136
B4GALNT2	29	1.4771212547196624
B4GALNT3	23	1.380211241711606
B4GALNT4	16	1.2304489213782739
B4GALT1	130	2.1172712956557644
B4GALT1-AS1	6	0.8450980400142568
B4GALT2	32	1.5185139398778875
B4GALT3	46	1.6720978579357175
B4GALT4	33	1.5314789170422551
B4GALT4-AS1	1	0.3010299956639812
B4GALT5	44	1.6532125137753437
B4GALT6	21	1.3424226808222062
B4GALT7	47	1.6812412373755872
B4GAT1	56	1.7558748556724915
B4GAT1-DT	1	0.3010299956639812
B9D1	27	1.4471580313422192
B9D2	27	1.4471580313422192
BAALC	86	1.9395192526186185
BAALC-AS1	4	0.6989700043360189
BAALC-AS2	2	0.47712125471966244
BAAT	33	1.5314789170422551
BABAM1	109	2.041392685158225
BABAM2	127	2.1072099696478683
BABAM2-AS1	10	1.0413926851582251
BABAM2-AS2	1	0.3010299956639812
BACC1	58	1.7708520116421442
BACE1	2560	3.40840957846843
BACE1-AS	19	1.3010299956639813
BACE2	223	2.3502480183341627
BACH1	192	2.285557309007774
BACH1-AS1	1	0.3010299956639812
BACH2	183	2.2648178230095364
BAD	898	2.9537596917332287
BAG1	205	2.3138672203691533
BAG2	313	2.496929648073215
BAG3	578	2.762678563727436
BAG4	104	2.0211892990699383
BAG5	148	2.173186268412274
BAG6	356	2.552668216112193
BAGE	11	1.0791812460476249
BAGE2	10	1.0413926851582251
BAGE3	6	0.8450980400142568
BAGE4	4	0.6989700043360189
BAGE5	3	0.6020599913279624
BAHCC1	38	1.591064607026499
BAHD1	37	1.5797835966168101
BAIAP2	228	2.359835482339888
BAIAP2-DT	4	0.6989700043360189
BAIAP2L1	117	2.0718820073061255
BAIAP2L2	17	1.255272505103306
BAIAP3	24	1.3979400086720377
BAK1	1028	3.012415374762433
BAK1P1	3	0.6020599913279624
BAK1P2	1	0.3010299956639812
BALR6	3	0.6020599913279624
BAMBI	114	2.060697840353612
BANCR	44	1.6532125137753437
BANF1	297	2.4742162640762553
BANF1P1	1	0.3010299956639812
BANF2	18	1.2787536009528289
BANK1	83	1.9242792860618816
BANP	93	1.9731278535996986
BAP1	960	2.9827233876685453
BARD1	465	2.66838591669
BARHL1	18	1.2787536009528289
BARHL2	11	1.0791812460476249
BARX1	36	1.568201724066995
BARX1-DT	1	0.3010299956639812
BARX2	30	1.4913616938342726
BASP1	177	2.250420002308894
BASP1-AS1	8	0.9542425094393249
BASP1P1	1	0.3010299956639812
BATF	111	2.0492180226701815
BATF2	64	1.8129133566428555
BATF3	47	1.6812412373755872
BAX	5826	3.76544501809015
BAZ1A	144	2.161368002234975
BAZ1A-AS1	2	0.47712125471966244
BAZ1B	205	2.3138672203691533
BAZ2A	112	2.0530784434834195
BAZ2B	79	1.9030899869919435
BAZ2B-AS1	1	0.3010299956639812
BBC3	729	2.863322860120456
BBIP1	20	1.3222192947339193
BBLN	22	1.3617278360175928
BBOF1	11	1.0791812460476249
BBOX1	41	1.6232492903979006
BBOX1-AS1	16	1.2304489213782739
BBS1	140	2.1492191126553797
BBS10	61	1.792391689498254
BBS12	30	1.4913616938342726
BBS2	98	1.99563519459755
BBS4	93	1.9731278535996986
BBS5	67	1.8325089127062364
BBS7	70	1.8512583487190752
BBS7-DT	1	0.3010299956639812
BBS9	69	1.845098040014257
BBX	69	1.845098040014257
BCAM	99	2.0
BCAN	80	1.9084850188786497
BCAN-AS1	1	0.3010299956639812
BCAN-AS2	1	0.3010299956639812
BCAP29	64	1.8129133566428555
BCAP31	271	2.4345689040341987
BCAR1	483	2.6848453616444123
BCAR3	92	1.968482948553935
BCAR3-AS1	1	0.3010299956639812
BCAR4	34	1.5440680443502757
BCAS1	47	1.6812412373755872
BCAS2	165	2.220108088040055
BCAS3	73	1.8692317197309762
BCAS4	14	1.1760912590556813
BCAT1	202	2.307496037913213
BCAT2	73	1.8692317197309762
BCCIP	144	2.161368002234975
BCDIN3D	28	1.462397997898956
BCDIN3D-AS1	4	0.6989700043360189
BCHE	317	2.5024271199844326
BCKDHA	111	2.0492180226701815
BCKDHB	79	1.9030899869919435
BCKDK	83	1.9242792860618816
BCL10	433	2.637489729512511
BCL10-AS1	1	0.3010299956639812
BCL11A	406	2.60959440922522
BCL11B	214	2.3324384599156054
BCL2	4718	3.6738499773429494
BCL2A1	112	2.0530784434834195
BCL2L1	3427	3.5350408132511606
BCL2L10	52	1.724275869600789
BCL2L11	1294	3.1122697684172707
BCL2L12	112	2.0530784434834195
BCL2L13	74	1.8750612633917
BCL2L14	54	1.7403626894942439
BCL2L15	39	1.6020599913279623
BCL2L2	215	2.3344537511509307
BCL2L2-PABPN1	12	1.1139433523068367
BCL3	299	2.4771212547196626
BCL6	1162	3.0655797147284485
BCL6-AS1	2	0.47712125471966244
BCL6B	43	1.6434526764861874
BCL7A	73	1.8692317197309762
BCL7B	63	1.806179973983887
BCL7C	57	1.7634279935629373
BCL9	153	2.187520720836463
BCL9L	66	1.8260748027008264
BCLAF1	318	2.503790683057181
BCLAF1P2	1	0.3010299956639812
BCLAF3	10	1.0413926851582251
BCO1	82	1.919078092376074
BCO2	46	1.6720978579357175
BCOR	429	2.6334684555795866
BCORL1	87	1.9444826721501687
BCORP1	5	0.7781512503836436
BCR	504	2.7032913781186614
BCRP1	5	0.7781512503836436
BCRP2	3	0.6020599913279624
BCRP3	5	0.7781512503836436
BCRP4	2	0.47712125471966244
BCRP5	1	0.3010299956639812
BCRP8	17	1.255272505103306
BCS1L	115	2.0644579892269186
BCYRN1	50	1.7075701760979363
BCYRN1P1	3	0.6020599913279624
BCYRN1P2	2	0.47712125471966244
BCYRN1P3	1	0.3010299956639812
BDH1	46	1.6720978579357175
BDH2	49	1.6989700043360187
BDH2P1	1	0.3010299956639812
BDKRB1	114	2.060697840353612
BDKRB2	234	2.3710678622717363
BDNF	2561	3.4085791254086675
BDNF-AS	23	1.380211241711606
BDP1	41	1.6232492903979006
BEAN1	18	1.2787536009528289
BEAN1-AS1	1	0.3010299956639812
BECN1	1734	3.2392994791268923
BECN2	13	1.146128035678238
BEGAIN	31	1.505149978319906
BEND2	13	1.146128035678238
BEND3	71	1.8573324964312685
BEND3P3	2	0.47712125471966244
BEND4	9	1.0
BEND5	24	1.3979400086720377
BEND6	10	1.0413926851582251
BEND7	31	1.505149978319906
BEST1	400	2.603144372620182
BEST2	24	1.3979400086720377
BEST3	22	1.3617278360175928
BEST4	16	1.2304489213782739
BET1	62	1.7993405494535817
BET1-AS1	1	0.3010299956639812
BET1L	66	1.8260748027008264
BET1P1	1	0.3010299956639812
BETALINC1	2	0.47712125471966244
BEX1	35	1.5563025007672873
BEX2	37	1.5797835966168101
BEX3	44	1.6532125137753437
BEX4	21	1.3424226808222062
BEX5	16	1.2304489213782739
BFAR	37	1.5797835966168101
BFSP1	30	1.4913616938342726
BFSP2	29	1.4771212547196624
BFSP2-AS1	1	0.3010299956639812
BGLAP	440	2.6444385894678386
BGLT3	8	0.9542425094393249
BGN	470	2.673020907128896
BHLHA15	41	1.6232492903979006
BHLHA9	23	1.380211241711606
BHLHE22	16	1.2304489213782739
BHLHE22-AS1	3	0.6020599913279624
BHLHE23	16	1.2304489213782739
BHLHE40	191	2.2833012287035497
BHLHE40-AS1	3	0.6020599913279624
BHLHE41	111	2.0492180226701815
BHMT	154	2.1903316981702914
BHMT2	43	1.6434526764861874
BICC1	50	1.7075701760979363
BICD1	82	1.919078092376074
BICD2	153	2.187520720836463
BICDL1	10	1.0413926851582251
BICDL2	11	1.0791812460476249
BICDL3P	19	1.3010299956639813
BICRA	54	1.7403626894942439
BICRA-AS1	1	0.3010299956639812
BICRA-AS2	1	0.3010299956639812
BICRAL	27	1.4471580313422192
BID	870	2.9400181550076634
BIK	199	2.3010299956639813
BIN1	378	2.578639209968072
BIN2	24	1.3979400086720377
BIN3	41	1.6232492903979006
BIN3-IT1	3	0.6020599913279624
BIRC2	476	2.678518379040114
BIRC3	510	2.708420900134713
BIRC5	4813	3.682506085939011
BIRC6	198	2.298853076409707
BIRC6-AS1	1	0.3010299956639812
BIRC6-AS2	1	0.3010299956639812
BIRC7	263	2.4216039268698313
BIRC8	26	1.4313637641589874
BISPR	4	0.6989700043360189
BIVM	15	1.2041199826559248
BIVM-ERCC5	6	0.8450980400142568
BKGD	39	1.6020599913279623
BLACAT1	29	1.4771212547196624
BLACE	2	0.47712125471966244
BLCAP	50	1.7075701760979363
BLID	208	2.3201462861110542
BLK	157	2.1986570869544226
BLM	400	2.603144372620182
BLMH	131	2.12057393120585
BLNK	75	1.8808135922807914
BLOC1S1	101	2.0086001717619175
BLOC1S2	60	1.7853298350107671
BLOC1S3	41	1.6232492903979006
BLOC1S4	23	1.380211241711606
BLOC1S5	37	1.5797835966168101
BLOC1S5-TXNDC5	7	0.9030899869919435
BLOC1S6	69	1.845098040014257
BLTP1	69	1.845098040014257
BLTP2	35	1.5563025007672873
BLTP3A	50	1.7075701760979363
BLTP3B	43	1.6434526764861874
BLVRA	113	2.0569048513364727
BLVRB	66	1.8260748027008264
BLZF1	62	1.7993405494535817
BMAL1	621	2.7937903846908188
BMAL2	61	1.792391689498254
BMAL2-AS1	1	0.3010299956639812
BMERB1	21	1.3424226808222062
BMF	111	2.0492180226701815
BMF-AS1	1	0.3010299956639812
BMI1	609	2.785329835010767
BMNCR	2	0.47712125471966244
BMP1	244	2.3891660843645326
BMP10	101	2.0086001717619175
BMP15	212	2.3283796034387376
BMP2	3573	3.5531545481696254
BMP2K	66	1.8260748027008264
BMP2KL	2	0.47712125471966244
BMP3	113	2.0569048513364727
BMP4	1397	3.1455071714096627
BMP5	79	1.9030899869919435
BMP6	371	2.5705429398818973
BMP6P1	2	0.47712125471966244
BMP7	1110	3.0457140589408676
BMP8A	33	1.5314789170422551
BMP8B	43	1.6434526764861874
BMPER	66	1.8260748027008264
BMPR1A	352	2.5477747053878224
BMPR1AP1	1	0.3010299956639812
BMPR1B	202	2.307496037913213
BMPR1B-DT	3	0.6020599913279624
BMPR2	723	2.859738566197147
BMS1	134	2.130333768495006
BMS1P1	5	0.7781512503836436
BMS1P10	1	0.3010299956639812
BMS1P11	2	0.47712125471966244
BMS1P13	1	0.3010299956639812
BMS1P14	1	0.3010299956639812
BMS1P15	4	0.6989700043360189
BMS1P16	1	0.3010299956639812
BMS1P17	1	0.3010299956639812
BMS1P19	1	0.3010299956639812
BMS1P2	6	0.8450980400142568
BMS1P20	26	1.4313637641589874
BMS1P21	3	0.6020599913279624
BMS1P23	1	0.3010299956639812
BMS1P3	1	0.3010299956639812
BMS1P4	2	0.47712125471966244
BMS1P4-AGAP5	1	0.3010299956639812
BMS1P7	1	0.3010299956639812
BMS1P8	1	0.3010299956639812
BMS1P9	2	0.47712125471966244
BMX	139	2.146128035678238
BNAT1	1	0.3010299956639812
BNC1	41	1.6232492903979006
BNC2	70	1.8512583487190752
BNC2-AS1	2	0.47712125471966244
BNIP1	69	1.845098040014257
BNIP2	55	1.7481880270062005
BNIP3	560	2.7489628612561616
BNIP3L	241	2.383815365980431
BNIP3P1	1	0.3010299956639812
BNIP3P6	1	0.3010299956639812
BNIP5	6	0.8450980400142568
BNIPL	26	1.4313637641589874
BOC	38	1.591064607026499
BOD1	32	1.5185139398778875
BOD1L1	78	1.8976270912904414
BOD1L2	11	1.0791812460476249
BOK	70	1.8512583487190752
BOK-AS1	3	0.6020599913279624
BOLA1	37	1.5797835966168101
BOLA2	79	1.9030899869919435
BOLA2-SMG1P6	5	0.7781512503836436
BOLA2B	31	1.505149978319906
BOLA3	55	1.7481880270062005
BOLA3-DT	4	0.6989700043360189
BOLL	52	1.724275869600789
BOP1	150	2.1789769472931693
BORA	55	1.7481880270062005
BORCS5	30	1.4913616938342726
BORCS6	26	1.4313637641589874
BORCS7	31	1.505149978319906
BORCS7-ASMT	9	1.0
BORCS8	27	1.4471580313422192
BORCS8-MEF2B	23	1.380211241711606
BPESC1	4	0.6989700043360189
BPGM	38	1.591064607026499
BPHL	46	1.6720978579357175
BPI	75	1.8808135922807914
BPIFA1	207	2.3180633349627615
BPIFA2	63	1.806179973983887
BPIFA3	9	1.0
BPIFA4P	11	1.0791812460476249
BPIFA6P	1	0.3010299956639812
BPIFB1	54	1.7403626894942439
BPIFB2	21	1.3424226808222062
BPIFB3	14	1.1760912590556813
BPIFB4	30	1.4913616938342726
BPIFB5P	4	0.6989700043360189
BPIFB6	12	1.1139433523068367
BPIFB9P	2	0.47712125471966244
BPIFC	12	1.1139433523068367
BPNT1	45	1.662757831681574
BPNT2	35	1.5563025007672873
BPTF	146	2.167317334748176
BPY2	22	1.3617278360175928
BPY2B	8	0.9542425094393249
BPY2C	8	0.9542425094393249
BRAF	10153	4.006637159068586
BRAFP1	4	0.6989700043360189
BRAP	323	2.510545010206612
BRAT1	87	1.9444826721501687
BRCA1	7221	3.858657484090808
BRCA1-OT1	5	0.7781512503836436
BRCA1P1	9	1.0
BRCA2	5267	3.7216457662897464
BRCC3	167	2.225309281725863
BRD1	105	2.0253058652647704
BRD10	19	1.3010299956639813
BRD2	334	2.525044807036845
BRD3	192	2.285557309007774
BRD3OS	5	0.7781512503836436
BRD4	1816	3.2593549273080344
BRD7	181	2.2600713879850747
BRD7P3	2	0.47712125471966244
BRD8	99	2.0
BRD9	174	2.2430380486862944
BRDT	79	1.9030899869919435
BRDTP1	1	0.3010299956639812
BRF1	81	1.9138138523837167
BRF2	35	1.5563025007672873
BRI3	21	1.3424226808222062
BRI3BP	61	1.792391689498254
BRICD5	8	0.9542425094393249
BRINP1	63	1.806179973983887
BRINP2	14	1.1760912590556813
BRINP3	31	1.505149978319906
BRIP1	222	2.3483048630481607
BRIX1	156	2.1958996524092336
BRK1	47	1.6812412373755872
BRME1	26	1.4313637641589874
BRMS1	129	2.113943352306837
BRMS1L	45	1.662757831681574
BROX	44	1.6532125137753437
BRPF1	66	1.8260748027008264
BRPF3	32	1.5185139398778875
BRRIAR	1	0.3010299956639812
BRS3	24	1.3979400086720377
BRSK1	50	1.7075701760979363
BRSK2	65	1.8195439355418688
BRWD1	58	1.7708520116421442
BRWD1-AS1	1	0.3010299956639812
BRWD3	43	1.6434526764861874
BSCL2	228	2.359835482339888
BSDC1	35	1.5563025007672873
BSG	1215	3.084933574936716
BSG-AS1	1	0.3010299956639812
BSN	73	1.8692317197309762
BSN-DT	1	0.3010299956639812
BSND	68	1.8388490907372552
BSPH1	10	1.0413926851582251
BSPRY	21	1.3424226808222062
BST1	64	1.8129133566428555
BST2	570	2.756636108245848
BSX	14	1.1760912590556813
BTAF1	101	2.0086001717619175
BTBD1	56	1.7558748556724915
BTBD10	48	1.6901960800285136
BTBD16	12	1.1139433523068367
BTBD17	5	0.7781512503836436
BTBD18	11	1.0791812460476249
BTBD19	2	0.47712125471966244
BTBD2	52	1.724275869600789
BTBD3	26	1.4313637641589874
BTBD6	21	1.3424226808222062
BTBD7	40	1.6127838567197355
BTBD8	27	1.4471580313422192
BTBD9	65	1.8195439355418688
BTC	167	2.225309281725863
BTD	68	1.8388490907372552
BTF3	142	2.155336037465062
BTF3L4	60	1.7853298350107671
BTF3L4P2	2	0.47712125471966244
BTF3L4P3	1	0.3010299956639812
BTF3L4P4	1	0.3010299956639812
BTF3P1	1	0.3010299956639812
BTF3P10	1	0.3010299956639812
BTF3P11	6	0.8450980400142568
BTF3P12	1	0.3010299956639812
BTF3P13	1	0.3010299956639812
BTF3P9	1	0.3010299956639812
BTG1	119	2.0791812460476247
BTG1-DT	1	0.3010299956639812
BTG2	255	2.4082399653118496
BTG2-DT	2	0.47712125471966244
BTG3	73	1.8692317197309762
BTG3-AS1	5	0.7781512503836436
BTG4	17	1.255272505103306
BTK	1558	3.192846115188842
BTLA	240	2.3820170425748683
BTN1A1	40	1.6127838567197355
BTN2A1	45	1.662757831681574
BTN2A2	29	1.4771212547196624
BTN2A3P	10	1.0413926851582251
BTN3A1	131	2.12057393120585
BTN3A2	46	1.6720978579357175
BTN3A3	30	1.4913616938342726
BTNL10P	1	0.3010299956639812
BTNL2	143	2.1583624920952498
BTNL3	12	1.1139433523068367
BTNL8	20	1.3222192947339193
BTNL9	23	1.380211241711606
BTRC	617	2.790988475088816
BTRCP1	1	0.3010299956639812
BUB1	631	2.800717078282385
BUB1B	358	2.5550944485783194
BUB1B-PAK6	10	1.0413926851582251
BUB3	342	2.5352941200427703
BUD13	98	1.99563519459755
BUD23	77	1.8920946026904804
BUD31	82	1.919078092376074
BVR1	2	0.47712125471966244
BYSL	178	2.2528530309798933
BZW1	117	2.0718820073061255
BZW1-AS1	1	0.3010299956639812
BZW1P2	1	0.3010299956639812
BZW2	112	2.0530784434834195
C10orf105	2	0.47712125471966244
C10orf120	8	0.9542425094393249
C10orf126	3	0.6020599913279624
C10orf143	1	0.3010299956639812
C10orf53	6	0.8450980400142568
C10orf55	15	1.2041199826559248
C10orf62	14	1.1760912590556813
C10orf67	12	1.1139433523068367
C10orf71	19	1.3010299956639813
C10orf71-AS1	1	0.3010299956639812
C10orf88	35	1.5563025007672873
C10orf88B	2	0.47712125471966244
C10orf90	27	1.4471580313422192
C10orf95	7	0.9030899869919435
C10orf95-AS1	5	0.7781512503836436
C11orf16	14	1.1760912590556813
C11orf21	7	0.9030899869919435
C11orf24	15	1.2041199826559248
C11orf40	2	0.47712125471966244
C11orf42	7	0.9030899869919435
C11orf52	15	1.2041199826559248
C11orf58	57	1.7634279935629373
C11orf58P1	1	0.3010299956639812
C11orf65	17	1.255272505103306
C11orf68	28	1.462397997898956
C11orf71	10	1.0413926851582251
C11orf86	2	0.47712125471966244
C11orf87	12	1.1139433523068367
C11orf91	2	0.47712125471966244
C11orf96	4	0.6989700043360189
C11orf97	4	0.6989700043360189
C11orf98	49	1.6989700043360187
C12orf42	10	1.0413926851582251
C12orf43	46	1.6720978579357175
C12orf56	6	0.8450980400142568
C12orf57	39	1.6020599913279623
C12orf60	5	0.7781512503836436
C12orf71	2	0.47712125471966244
C12orf75	25	1.414973347970818
C12orf75-AS1	1	0.3010299956639812
C12orf76	4	0.6989700043360189
C13orf42	2	0.47712125471966244
C13orf46	1	0.3010299956639812
C14orf119	13	1.146128035678238
C14orf132	11	1.0791812460476249
C14orf180	7	0.9030899869919435
C14orf39	19	1.3010299956639813
C14orf93	21	1.3424226808222062
C15orf32	9	1.0
C15orf40	17	1.255272505103306
C15orf61	12	1.1139433523068367
C15orf62	10	1.0413926851582251
C16orf46	12	1.1139433523068367
C16orf46-DT	2	0.47712125471966244
C16orf54	14	1.1760912590556813
C16orf78	9	1.0
C16orf82	3	0.6020599913279624
C16orf86	2	0.47712125471966244
C16orf89	11	1.0791812460476249
C16orf90	3	0.6020599913279624
C16orf95	10	1.0413926851582251
C16orf95-DT	1	0.3010299956639812
C16orf96	11	1.0791812460476249
C17orf100	2	0.47712125471966244
C17orf58	3	0.6020599913279624
C17orf67	7	0.9030899869919435
C17orf75	37	1.5797835966168101
C17orf78	10	1.0413926851582251
C18orf15	1	0.3010299956639812
C18orf32	14	1.1760912590556813
C18orf54	17	1.255272505103306
C18orf63	8	0.9542425094393249
C19orf12	88	1.9493900066449128
C19orf18	9	1.0
C19orf25	46	1.6720978579357175
C19orf33	25	1.414973347970818
C19orf38	6	0.8450980400142568
C19orf44	23	1.380211241711606
C19orf47	29	1.4771212547196624
C19orf48P	15	1.2041199826559248
C19orf53	42	1.6334684555795864
C19orf67	1	0.3010299956639812
C19orf73	5	0.7781512503836436
C19orf84	3	0.6020599913279624
C19orf85	1	0.3010299956639812
C1D	54	1.7403626894942439
C1DP1	1	0.3010299956639812
C1DP3	1	0.3010299956639812
C1GALT1	113	2.0569048513364727
C1GALT1C1	92	1.968482948553935
C1GALT1C1L	4	0.6989700043360189
C1QA	209	2.322219294733919
C1QB	108	2.037426497940624
C1QBP	694	2.8419848045901137
C1QBPP1	1	0.3010299956639812
C1QC	101	2.0086001717619175
C1QL1	18	1.2787536009528289
C1QL2	6	0.8450980400142568
C1QL3	24	1.3979400086720377
C1QL4	9	1.0
C1QTNF1	82	1.919078092376074
C1QTNF1-AS1	5	0.7781512503836436
C1QTNF12	33	1.5314789170422551
C1QTNF2	15	1.2041199826559248
C1QTNF3	115	2.0644579892269186
C1QTNF3-AMACR	1	0.3010299956639812
C1QTNF4	20	1.3222192947339193
C1QTNF5	90	1.9590413923210936
C1QTNF6	68	1.8388490907372552
C1QTNF7	13	1.146128035678238
C1QTNF8	12	1.1139433523068367
C1QTNF9	48	1.6901960800285136
C1QTNF9B	66	1.8260748027008264
C1R	90	1.9590413923210936
C1RL	30	1.4913616938342726
C1RL-AS1	4	0.6989700043360189
C1S	98	1.99563519459755
C1orf105	15	1.2041199826559248
C1orf115	15	1.2041199826559248
C1orf116	30	1.4913616938342726
C1orf122	22	1.3617278360175928
C1orf141	10	1.0413926851582251
C1orf146	9	1.0
C1orf159	18	1.2787536009528289
C1orf162	7	0.9030899869919435
C1orf167	18	1.2787536009528289
C1orf167-AS1	1	0.3010299956639812
C1orf174	36	1.568201724066995
C1orf185	5	0.7781512503836436
C1orf198	48	1.6901960800285136
C1orf21	29	1.4771212547196624
C1orf210	7	0.9030899869919435
C1orf216	8	0.9542425094393249
C1orf220	6	0.8450980400142568
C1orf226	29	1.4771212547196624
C1orf35	129	2.113943352306837
C1orf50	30	1.4913616938342726
C1orf52	32	1.5185139398778875
C1orf53	7	0.9030899869919435
C1orf54	11	1.0791812460476249
C1orf56	7	0.9030899869919435
C1orf74	10	1.0413926851582251
C1orf87	13	1.146128035678238
C1orf94	29	1.4771212547196624
C2	141	2.1522883443830563
C2-AS1	3	0.6020599913279624
C20orf141	9	1.0
C20orf144	3	0.6020599913279624
C20orf173	9	1.0
C20orf202	3	0.6020599913279624
C20orf203	14	1.1760912590556813
C20orf204	6	0.8450980400142568
C20orf96	13	1.146128035678238
C21orf140	2	0.47712125471966244
C21orf58	18	1.2787536009528289
C21orf91	23	1.380211241711606
C21orf91-OT1	1	0.3010299956639812
C22orf15	8	0.9542425094393249
C22orf23	15	1.2041199826559248
C22orf31	14	1.1760912590556813
C22orf39	19	1.3010299956639813
C22orf42	8	0.9542425094393249
C22orf46P	9	1.0
C2CD2	26	1.4313637641589874
C2CD2L	53	1.7323937598229686
C2CD3	48	1.6901960800285136
C2CD4A	17	1.255272505103306
C2CD4B	21	1.3424226808222062
C2CD4C	11	1.0791812460476249
C2CD4D	4	0.6989700043360189
C2CD4D-AS1	2	0.47712125471966244
C2CD5	59	1.7781512503836436
C2orf15	12	1.1139433523068367
C2orf42	10	1.0413926851582251
C2orf66	4	0.6989700043360189
C2orf68	22	1.3617278360175928
C2orf69	14	1.1760912590556813
C2orf72	13	1.146128035678238
C2orf76	8	0.9542425094393249
C2orf78	4	0.6989700043360189
C2orf80	6	0.8450980400142568
C2orf81	2	0.47712125471966244
C2orf92	5	0.7781512503836436
C3	1039	3.0170333392987803
C3AR1	83	1.9242792860618816
C3CER1	3	0.6020599913279624
C3P1	8	0.9542425094393249
C3orf18	10	1.0413926851582251
C3orf22	5	0.7781512503836436
C3orf36	10	1.0413926851582251
C3orf38	15	1.2041199826559248
C3orf49	6	0.8450980400142568
C3orf52	19	1.3010299956639813
C3orf62	20	1.3222192947339193
C3orf70	8	0.9542425094393249
C3orf80	2	0.47712125471966244
C3orf85	2	0.47712125471966244
C4A	252	2.403120521175818
C4A-AS1	1	0.3010299956639812
C4A_2	4	0.6989700043360189
C4B	217	2.3384564936046046
C4BPA	176	2.247973266361807
C4BPAP2	1	0.3010299956639812
C4BPB	50	1.7075701760979363
C4B_2	11	1.0791812460476249
C4orf17	17	1.255272505103306
C4orf33	13	1.146128035678238
C4orf36	11	1.0791812460476249
C4orf46	19	1.3010299956639813
C4orf46P3	1	0.3010299956639812
C4orf50	7	0.9030899869919435
C4orf51	3	0.6020599913279624
C4orf54	7	0.9030899869919435
C5	310	2.4927603890268375
C5-OT1	1	0.3010299956639812
C5AR1	375	2.575187844927661
C5AR2	91	1.9637878273455553
C5orf15	32	1.5185139398778875
C5orf22	25	1.414973347970818
C5orf24	26	1.4313637641589874
C5orf34	18	1.2787536009528289
C5orf46	10	1.0413926851582251
C5orf47	3	0.6020599913279624
C5orf52	2	0.47712125471966244
C5orf58	2	0.47712125471966244
C5orf63	3	0.6020599913279624
C5orf67	9	1.0
C6	73	1.8692317197309762
C6orf118	14	1.1760912590556813
C6orf120	27	1.4471580313422192
C6orf132	19	1.3010299956639813
C6orf136	18	1.2787536009528289
C6orf141	15	1.2041199826559248
C6orf15	24	1.3979400086720377
C6orf163	3	0.6020599913279624
C6orf47	27	1.4471580313422192
C6orf52	2	0.47712125471966244
C6orf58	15	1.2041199826559248
C6orf62	14	1.1760912590556813
C6orf89	30	1.4913616938342726
C7	86	1.9395192526186185
C7orf25	17	1.255272505103306
C7orf33	5	0.7781512503836436
C7orf57	6	0.8450980400142568
C7orf78	2	0.47712125471966244
C8A	61	1.792391689498254
C8B	66	1.8260748027008264
C8G	51	1.7160033436347992
C8orf17	4	0.6989700043360189
C8orf33	71	1.8573324964312685
C8orf34	14	1.1760912590556813
C8orf34-AS1	2	0.47712125471966244
C8orf44	9	1.0
C8orf44-SGK3	14	1.1760912590556813
C8orf48	10	1.0413926851582251
C8orf58	9	1.0
C8orf74	9	1.0
C8orf76	14	1.1760912590556813
C8orf82	19	1.3010299956639813
C8orf88	6	0.8450980400142568
C8orf89	1	0.3010299956639812
C9	98	1.99563519459755
C9orf152	8	0.9542425094393249
C9orf153	7	0.9030899869919435
C9orf163	5	0.7781512503836436
C9orf40	18	1.2787536009528289
C9orf43	16	1.2304489213782739
C9orf50	10	1.0413926851582251
C9orf57	5	0.7781512503836436
C9orf72	1450	3.161667412437736
C9orf78	58	1.7708520116421442
C9orf85	12	1.1139433523068367
CA1	100	2.0043213737826426
CA10	45	1.662757831681574
CA11	27	1.4471580313422192
CA12	81	1.9138138523837167
CA13	36	1.568201724066995
CA14	31	1.505149978319906
CA14P1	1	0.3010299956639812
CA15P1	1	0.3010299956639812
CA15P2	1	0.3010299956639812
CA15P3	1	0.3010299956639812
CA2	347	2.5415792439465807
CA3	61	1.792391689498254
CA3-AS1	5	0.7781512503836436
CA4	95	1.9822712330395684
CA5A	26	1.4313637641589874
CA5AP1	2	0.47712125471966244
CA5B	24	1.3979400086720377
CA5BP1	5	0.7781512503836436
CA6	65	1.8195439355418688
CA7	24	1.3979400086720377
CA8	79	1.9030899869919435
CA9	1334	3.125481265700594
CAAP1	56	1.7558748556724915
CAB39	93	1.9731278535996986
CAB39L	49	1.6989700043360187
CABCOCO1	19	1.3010299956639813
CABIN1	128	2.110589710299249
CABLES1	78	1.8976270912904414
CABLES2	21	1.3424226808222062
CABP1	31	1.505149978319906
CABP2	13	1.146128035678238
CABP4	41	1.6232492903979006
CABP5	17	1.255272505103306
CABP7	15	1.2041199826559248
CABS1	15	1.2041199826559248
CABYR	37	1.5797835966168101
CACFD1	22	1.3617278360175928
CACHD1	37	1.5797835966168101
CACNA1A	660	2.82020145948564
CACNA1B	117	2.0718820073061255
CACNA1B-AS1	1	0.3010299956639812
CACNA1C	578	2.762678563727436
CACNA1C-AS4	1	0.3010299956639812
CACNA1D	214	2.3324384599156054
CACNA1E	106	2.0293837776852097
CACNA1F	126	2.103803720955957
CACNA1G	166	2.2227164711475833
CACNA1G-AS1	9	1.0
CACNA1H	241	2.383815365980431
CACNA1I	36	1.568201724066995
CACNA1S	205	2.3138672203691533
CACNA2D1	151	2.1818435879447726
CACNA2D1-AS1	2	0.47712125471966244
CACNA2D2	51	1.7160033436347992
CACNA2D3	43	1.6434526764861874
CACNA2D3-AS1	2	0.47712125471966244
CACNA2D4	21	1.3424226808222062
CACNB1	42	1.6334684555795864
CACNB2	109	2.041392685158225
CACNB3	45	1.662757831681574
CACNB4	66	1.8260748027008264
CACNG1	22	1.3617278360175928
CACNG2	77	1.8920946026904804
CACNG2-DT	2	0.47712125471966244
CACNG3	22	1.3617278360175928
CACNG4	23	1.380211241711606
CACNG5	16	1.2304489213782739
CACNG6	13	1.146128035678238
CACNG7	14	1.1760912590556813
CACNG8	28	1.462397997898956
CACTIN	74	1.8750612633917
CACTIN-AS1	3	0.6020599913279624
CACUL1	39	1.6020599913279623
CACYBP	245	2.3909351071033793
CAD	316	2.5010592622177517
CADM1	377	2.5774917998372255
CADM2	69	1.845098040014257
CADM2-AS1	1	0.3010299956639812
CADM2-AS2	2	0.47712125471966244
CADM3	44	1.6532125137753437
CADM3-AS1	3	0.6020599913279624
CADM4	44	1.6532125137753437
CADPS	62	1.7993405494535817
CADPS2	51	1.7160033436347992
CAGE1	22	1.3617278360175928
CAHM	7	0.9030899869919435
CALB1	272	2.436162647040756
CALB2	613	2.788168371141168
CALCA	2704	3.4321672694425884
CALCB	38	1.591064607026499
CALCOCO1	73	1.8692317197309762
CALCOCO2	235	2.3729120029701067
CALCP	3	0.6020599913279624
CALCR	109	2.041392685158225
CALCRL	254	2.406540180433955
CALD1	179	2.255272505103306
CALHM1	62	1.7993405494535817
CALHM2	19	1.3010299956639813
CALHM3	11	1.0791812460476249
CALHM4	13	1.146128035678238
CALHM5	13	1.146128035678238
CALHM6	14	1.1760912590556813
CALM1	658	2.8188854145940097
CALM1P1	3	0.6020599913279624
CALM1P2	1	0.3010299956639812
CALM2	253	2.404833716619938
CALM2P1	2	0.47712125471966244
CALM2P2	1	0.3010299956639812
CALM2P3	1	0.3010299956639812
CALM3	263	2.4216039268698313
CALML3	78	1.8976270912904414
CALML3-AS1	6	0.8450980400142568
CALML4	13	1.146128035678238
CALML5	112	2.0530784434834195
CALML6	14	1.1760912590556813
CALN1	41	1.6232492903979006
CALR	1037	3.016197353512439
CALR3	18	1.2787536009528289
CALR4P	1	0.3010299956639812
CALU	222	2.3483048630481607
CALY	21	1.3424226808222062
CAMK1	117	2.0718820073061255
CAMK1D	90	1.9590413923210936
CAMK1G	29	1.4771212547196624
CAMK2A	262	2.419955748489758
CAMK2B	141	2.1522883443830563
CAMK2D	211	2.326335860928751
CAMK2G	240	2.3820170425748683
CAMK2N1	43	1.6434526764861874
CAMK2N2	16	1.2304489213782739
CAMK4	198	2.298853076409707
CAMKK1	55	1.7481880270062005
CAMKK2	201	2.305351369446624
CAMKMT	25	1.414973347970818
CAMKV	23	1.380211241711606
CAMLG	98	1.99563519459755
CAMP	375	2.575187844927661
CAMSAP1	75	1.8808135922807914
CAMSAP2	77	1.8920946026904804
CAMSAP3	97	1.9912260756924949
CAMTA1	102	2.012837224705172
CAMTA1-DT	2	0.47712125471966244
CAMTA2	33	1.5314789170422551
CAMTA2-AS1	1	0.3010299956639812
CAND1	316	2.5010592622177517
CAND2	68	1.8388490907372552
CANT1	76	1.8864907251724818
CANX	511	2.709269960975831
CAP1	206	2.315970345456918
CAP2	75	1.8808135922807914
CAPG	96	1.9867717342662448
CAPN1	389	2.591064607026499
CAPN10	176	2.247973266361807
CAPN10-DT	3	0.6020599913279624
CAPN11	19	1.3010299956639813
CAPN12	14	1.1760912590556813
CAPN13	17	1.255272505103306
CAPN14	21	1.3424226808222062
CAPN15	41	1.6232492903979006
CAPN2	298	2.4756711883244296
CAPN3	302	2.481442628502305
CAPN5	72	1.863322860120456
CAPN6	34	1.5440680443502757
CAPN7	42	1.6334684555795864
CAPN8	18	1.2787536009528289
CAPN9	24	1.3979400086720377
CAPNS1	162	2.2121876044039577
CAPNS2	16	1.2304489213782739
CAPRIN1	315	2.499687082618404
CAPRIN2	29	1.4771212547196624
CAPS	33	1.5314789170422551
CAPS2	10	1.0413926851582251
CAPSL	12	1.1139433523068367
CAPZA1	283	2.4533183400470375
CAPZA1P1	1	0.3010299956639812
CAPZA2	172	2.2380461031287955
CAPZA3	12	1.1139433523068367
CAPZB	281	2.450249108319361
CARD10	100	2.0043213737826426
CARD11	293	2.4683473304121573
CARD11-AS1	1	0.3010299956639812
CARD14	192	2.285557309007774
CARD16	28	1.462397997898956
CARD17P	8	0.9542425094393249
CARD18	18	1.2787536009528289
CARD19	26	1.4313637641589874
CARD6	20	1.3222192947339193
CARD8	196	2.294466226161593
CARD8-AS1	7	0.9030899869919435
CARD9	248	2.3961993470957363
CARF	26	1.4313637641589874
CARHSP1	62	1.7993405494535817
CARINH	15	1.2041199826559248
CARM1	268	2.429752280002408
CARM1LP	1	0.3010299956639812
CARMAL	3	0.6020599913279624
CARMIL1	104	2.0211892990699383
CARMIL2	40	1.6127838567197355
CARMIL3	13	1.146128035678238
CARMN	19	1.3010299956639813
CARNMT1	24	1.3979400086720377
CARNMT1-AS1	1	0.3010299956639812
CARNS1	12	1.1139433523068367
CARS1	78	1.8976270912904414
CARS1-AS1	2	0.47712125471966244
CARS2	59	1.7781512503836436
CARTPT	86	1.9395192526186185
CASC11	28	1.462397997898956
CASC15	40	1.6127838567197355
CASC16	25	1.414973347970818
CASC17	7	0.9030899869919435
CASC18	5	0.7781512503836436
CASC19	15	1.2041199826559248
CASC2	75	1.8808135922807914
CASC20	3	0.6020599913279624
CASC21	5	0.7781512503836436
CASC22	2	0.47712125471966244
CASC3	121	2.0863598306747484
CASC6	1	0.3010299956639812
CASC8	23	1.380211241711606
CASC9	54	1.7403626894942439
CASD1	15	1.2041199826559248
CASK	201	2.305351369446624
CASKIN1	23	1.380211241711606
CASKIN2	41	1.6232492903979006
CASKP1	1	0.3010299956639812
CASP1	418	2.622214022966295
CASP10	251	2.401400540781544
CASP12	135	2.1335389083702174
CASP14	175	2.24551266781415
CASP16P	7	0.9030899869919435
CASP1P1	1	0.3010299956639812
CASP1P2	1	0.3010299956639812
CASP2	294	2.469822015978163
CASP3	9443	3.9751559784066894
CASP4	303	2.482873583608754
CASP4LP	1	0.3010299956639812
CASP5	114	2.060697840353612
CASP6	342	2.5352941200427703
CASP7	852	2.930949031167523
CASP8	3110	3.4929000111087034
CASP8AP2	117	2.0718820073061255
CASP9	2913	3.4644895474339714
CASQ1	51	1.7160033436347992
CASQ2	141	2.1522883443830563
CASR	731	2.864511081058392
CASS4	24	1.3979400086720377
CAST	171	2.2355284469075487
CASTOR1	32	1.5185139398778875
CASTOR2	12	1.1139433523068367
CASTOR3P	10	1.0413926851582251
CASZ1	92	1.968482948553935
CAT	560	2.7489628612561616
CATED	3	0.6020599913279624
CATIP	11	1.0791812460476249
CATIP-AS1	1	0.3010299956639812
CATIP-AS2	1	0.3010299956639812
CATR1	4	0.6989700043360189
CATSPER1	107	2.03342375548695
CATSPER2	36	1.568201724066995
CATSPER2P1	5	0.7781512503836436
CATSPER3	21	1.3424226808222062
CATSPER4	13	1.146128035678238
CATSPERB	15	1.2041199826559248
CATSPERD	12	1.1139433523068367
CATSPERE	11	1.0791812460476249
CATSPERG	13	1.146128035678238
CATSPERH	5	0.7781512503836436
CATSPERQ	4	0.6989700043360189
CATSPERT	22	1.3617278360175928
CATSPERZ	13	1.146128035678238
CAV1	2052	3.312388949370592
CAV2	168	2.2278867046136734
CAV3	201	2.305351369446624
CAVIN1	229	2.361727836017593
CAVIN2	90	1.9590413923210936
CAVIN2-AS1	2	0.47712125471966244
CAVIN3	70	1.8512583487190752
CAVIN4	20	1.3222192947339193
CBARP	29	1.4771212547196624
CBFA2T2	51	1.7160033436347992
CBFA2T3	107	2.03342375548695
CBFB	308	2.4899584794248346
CBL	1079	3.03342375548695
CBLB	209	2.322219294733919
CBLC	51	1.7160033436347992
CBLIF	31	1.505149978319906
CBLL1	103	2.0170333392987803
CBLL1-AS1	2	0.47712125471966244
CBLL2	15	1.2041199826559248
CBLN1	27	1.4471580313422192
CBLN2	15	1.2041199826559248
CBLN3	6	0.8450980400142568
CBLN4	29	1.4771212547196624
CBR1	227	2.357934847000454
CBR1-AS1	1	0.3010299956639812
CBR3	105	2.0253058652647704
CBR3-AS1	28	1.462397997898956
CBR4	33	1.5314789170422551
CBS	460	2.663700925389648
CBSLR	1	0.3010299956639812
CBX1	312	2.4955443375464483
CBX2	119	2.0791812460476247
CBX3	406	2.60959440922522
CBX3P1	1	0.3010299956639812
CBX3P2	1	0.3010299956639812
CBX4	226	2.3560258571931225
CBX5	714	2.8543060418010806
CBX6	47	1.6812412373755872
CBX7	134	2.130333768495006
CBX8	144	2.161368002234975
CBY1	74	1.8750612633917
CBY2	26	1.4313637641589874
CBY3	2	0.47712125471966244
CC2D1A	130	2.1172712956557644
CC2D1B	40	1.6127838567197355
CC2D2A	53	1.7323937598229686
CC2D2B	16	1.2304489213782739
CCAR1	199	2.3010299956639813
CCAR2	333	2.5237464668115646
CCAT1	120	2.0827853703164503
CCAT2	88	1.9493900066449128
CCBE1	66	1.8260748027008264
CCDC102A	23	1.380211241711606
CCDC102B	24	1.3979400086720377
CCDC106	32	1.5185139398778875
CCDC107	13	1.146128035678238
CCDC110	19	1.3010299956639813
CCDC112	23	1.380211241711606
CCDC116	19	1.3010299956639813
CCDC117	23	1.380211241711606
CCDC12	58	1.7708520116421442
CCDC120	38	1.591064607026499
CCDC121	15	1.2041199826559248
CCDC122	15	1.2041199826559248
CCDC124	95	1.9822712330395684
CCDC125	8	0.9542425094393249
CCDC126	12	1.1139433523068367
CCDC127	21	1.3424226808222062
CCDC13	15	1.2041199826559248
CCDC13-AS1	1	0.3010299956639812
CCDC13-AS2	1	0.3010299956639812
CCDC134	45	1.662757831681574
CCDC136	35	1.5563025007672873
CCDC137	71	1.8573324964312685
CCDC138	46	1.6720978579357175
CCDC14	51	1.7160033436347992
CCDC140	11	1.0791812460476249
CCDC141	25	1.414973347970818
CCDC142	14	1.1760912590556813
CCDC144A	11	1.0791812460476249
CCDC144BP	9	1.0
CCDC144CP	6	0.8450980400142568
CCDC144NL	4	0.6989700043360189
CCDC144NL-AS1	11	1.0791812460476249
CCDC146	30	1.4913616938342726
CCDC148	16	1.2304489213782739
CCDC148-AS1	1	0.3010299956639812
CCDC149	14	1.1760912590556813
CCDC15	21	1.3424226808222062
CCDC150	13	1.146128035678238
CCDC152	6	0.8450980400142568
CCDC154	9	1.0
CCDC157	12	1.1139433523068367
CCDC158	19	1.3010299956639813
CCDC159	8	0.9542425094393249
CCDC160	6	0.8450980400142568
CCDC162P	8	0.9542425094393249
CCDC163	3	0.6020599913279624
CCDC167	22	1.3617278360175928
CCDC169	6	0.8450980400142568
CCDC169-SOHLH2	2	0.47712125471966244
CCDC17	13	1.146128035678238
CCDC170	48	1.6901960800285136
CCDC171	14	1.1760912590556813
CCDC172	15	1.2041199826559248
CCDC174	42	1.6334684555795864
CCDC175	7	0.9030899869919435
CCDC177	3	0.6020599913279624
CCDC178	15	1.2041199826559248
CCDC179	2	0.47712125471966244
CCDC18	24	1.3979400086720377
CCDC18-AS1	3	0.6020599913279624
CCDC180	24	1.3979400086720377
CCDC181	19	1.3010299956639813
CCDC182	3	0.6020599913279624
CCDC183	15	1.2041199826559248
CCDC183-AS1	4	0.6989700043360189
CCDC184	13	1.146128035678238
CCDC185	13	1.146128035678238
CCDC186	38	1.591064607026499
CCDC187	7	0.9030899869919435
CCDC188	3	0.6020599913279624
CCDC190	10	1.0413926851582251
CCDC191	12	1.1139433523068367
CCDC192	5	0.7781512503836436
CCDC196	6	0.8450980400142568
CCDC197	9	1.0
CCDC198	19	1.3010299956639813
CCDC200	3	0.6020599913279624
CCDC201	1	0.3010299956639812
CCDC22	79	1.9030899869919435
CCDC24	12	1.1139433523068367
CCDC25	45	1.662757831681574
CCDC26	36	1.568201724066995
CCDC27	21	1.3424226808222062
CCDC28A	21	1.3424226808222062
CCDC28A-AS1	4	0.6989700043360189
CCDC28B	30	1.4913616938342726
CCDC3	21	1.3424226808222062
CCDC30	14	1.1760912590556813
CCDC32	22	1.3617278360175928
CCDC33	38	1.591064607026499
CCDC33-AS1	1	0.3010299956639812
CCDC34	29	1.4771212547196624
CCDC38	13	1.146128035678238
CCDC39	38	1.591064607026499
CCDC39-AS1	1	0.3010299956639812
CCDC40	41	1.6232492903979006
CCDC42	20	1.3222192947339193
CCDC43	39	1.6020599913279623
CCDC47	162	2.2121876044039577
CCDC50	84	1.9294189257142926
CCDC51	35	1.5563025007672873
CCDC54	5	0.7781512503836436
CCDC57	41	1.6232492903979006
CCDC59	56	1.7558748556724915
CCDC6	167	2.225309281725863
CCDC60	17	1.255272505103306
CCDC61	25	1.414973347970818
CCDC62	22	1.3617278360175928
CCDC63	11	1.0791812460476249
CCDC66	44	1.6532125137753437
CCDC68	25	1.414973347970818
CCDC69	19	1.3010299956639813
CCDC7	28	1.462397997898956
CCDC70	16	1.2304489213782739
CCDC71	23	1.380211241711606
CCDC71L	22	1.3617278360175928
CCDC73	11	1.0791812460476249
CCDC74A	15	1.2041199826559248
CCDC74B	15	1.2041199826559248
CCDC77	41	1.6232492903979006
CCDC78	17	1.255272505103306
CCDC8	74	1.8750612633917
CCDC80	43	1.6434526764861874
CCDC81	12	1.1139433523068367
CCDC82	24	1.3979400086720377
CCDC83	12	1.1139433523068367
CCDC85A	14	1.1760912590556813
CCDC85B	36	1.568201724066995
CCDC85C	60	1.7853298350107671
CCDC86	111	2.0492180226701815
CCDC86-AS1	1	0.3010299956639812
CCDC87	17	1.255272505103306
CCDC88A	235	2.3729120029701067
CCDC88B	23	1.380211241711606
CCDC88C	88	1.9493900066449128
CCDC89	11	1.0791812460476249
CCDC9	49	1.6989700043360187
CCDC90B	29	1.4771212547196624
CCDC91	36	1.568201724066995
CCDC92	42	1.6334684555795864
CCDC92B	1	0.3010299956639812
CCDC93	57	1.7634279935629373
CCDC97	28	1.462397997898956
CCDC9B	19	1.3010299956639813
CCDST	9	1.0
CCEPR	15	1.2041199826559248
CCER1	12	1.1139433523068367
CCER2	3	0.6020599913279624
CCHCR1	90	1.9590413923210936
CCIN	18	1.2787536009528289
CCK	142	2.155336037465062
CCKAR	90	1.9590413923210936
CCKBR	134	2.130333768495006
CCL1	172	2.2380461031287955
CCL11	966	2.9854264740830017
CCL13	133	2.1271047983648077
CCL14	68	1.8388490907372552
CCL15	66	1.8260748027008264
CCL15-CCL14	6	0.8450980400142568
CCL16	63	1.806179973983887
CCL17	598	2.7774268223893115
CCL18	386	2.5877109650189114
CCL19	386	2.5877109650189114
CCL2	4757	3.6774244377012475
CCL20	746	2.873320601815399
CCL21	472	2.6748611407378116
CCL22	425	2.629409599102719
CCL23	96	1.9867717342662448
CCL24	169	2.230448921378274
CCL25	127	2.1072099696478683
CCL26	282	2.45178643552429
CCL27	128	2.110589710299249
CCL28	56	1.7558748556724915
CCL3	542	2.734799829588847
CCL3L1	103	2.0170333392987803
CCL3L3	19	1.3010299956639813
CCL3P1	4	0.6989700043360189
CCL4	466	2.6693168805661123
CCL4L1	38	1.591064607026499
CCL4L2	36	1.568201724066995
CCL5	1560	3.1934029030624176
CCL5-AS1	1	0.3010299956639812
CCL7	315	2.499687082618404
CCL8	202	2.307496037913213
CCM2	160	2.2068258760318495
CCM2L	14	1.1760912590556813
CCN1	588	2.7701152947871015
CCN2	1681	3.2258259914618934
CCN2-AS1	1	0.3010299956639812
CCN3	210	2.3242824552976926
CCN4	210	2.3242824552976926
CCN5	113	2.0569048513364727
CCN6	128	2.110589710299249
CCNA1	245	2.3909351071033793
CCNA2	525	2.7209857441537393
CCNB1	1610	3.207095540419218
CCNB1IP1	38	1.591064607026499
CCNB2	154	2.1903316981702914
CCNB3	87	1.9444826721501687
CCNC	139	2.146128035678238
CCND1	3849	3.5854607295085006
CCND2	621	2.7937903846908188
CCND2-AS1	3	0.6020599913279624
CCND2P1	2	0.47712125471966244
CCND3	569	2.7558748556724915
CCND3P1	2	0.47712125471966244
CCNDBP1	59	1.7781512503836436
CCNE1	884	2.9469432706978256
CCNE2	150	2.1789769472931693
CCNF	93	1.9731278535996986
CCNG1	195	2.292256071356476
CCNG2	78	1.8976270912904414
CCNH	214	2.3324384599156054
CCNI	35	1.5563025007672873
CCNI2	11	1.0791812460476249
CCNJ	17	1.255272505103306
CCNJL	12	1.1139433523068367
CCNK	124	2.0969100130080562
CCNL1	81	1.9138138523837167
CCNL2	63	1.806179973983887
CCNO	94	1.9777236052888478
CCNP	7	0.9030899869919435
CCNQ	24	1.3979400086720377
CCNQP1	3	0.6020599913279624
CCNT1	523	2.7193312869837265
CCNT2	87	1.9444826721501687
CCNT2-AS1	1	0.3010299956639812
CCNY	85	1.9344984512435677
CCNY-AS1	1	0.3010299956639812
CCNYL1	25	1.414973347970818
CCNYL2	5	0.7781512503836436
CCNYL3	3	0.6020599913279624
CCNYL4	1	0.3010299956639812
CCNYL6	2	0.47712125471966244
CCP110	132	2.123851640967086
CCPG1	47	1.6812412373755872
CCR1	473	2.6757783416740852
CCR10	127	2.1072099696478683
CCR2	1382	3.1408221801093106
CCR3	657	2.8182258936139557
CCR4	123	2.093421685162235
CCR5	2394	3.379305517750582
CCR5AS	4	0.6989700043360189
CCR6	688	2.8382192219076257
CCR7	1201	3.079904467666721
CCR8	186	2.271841606536499
CCR9	87	1.9444826721501687
CCRL2	44	1.6532125137753437
CCS	110	2.0453229787866576
CCSAP	12	1.1139433523068367
CCSER1	29	1.4771212547196624
CCSER2	44	1.6532125137753437
CCT2	405	2.6085260335771943
CCT3	404	2.6074550232146687
CCT3P1	1	0.3010299956639812
CCT4	371	2.5705429398818973
CCT4P1	2	0.47712125471966244
CCT4P2	1	0.3010299956639812
CCT5	384	2.5854607295085006
CCT5P1	1	0.3010299956639812
CCT5P2	1	0.3010299956639812
CCT6A	376	2.576341350205793
CCT6A2P	5	0.7781512503836436
CCT6A3P	3	0.6020599913279624
CCT6B	62	1.7993405494535817
CCT6P2	1	0.3010299956639812
CCT6P4	1	0.3010299956639812
CCT6P5	4	0.6989700043360189
CCT7	330	2.519827993775719
CCT7P1	1	0.3010299956639812
CCT7P2	3	0.6020599913279624
CCT8	374	2.574031267727719
CCT8L1P	4	0.6989700043360189
CCT8L2	7	0.9030899869919435
CCT8P1	4	0.6989700043360189
CCZ1	35	1.5563025007672873
CCZ1B	24	1.3979400086720377
CD101	29	1.4771212547196624
CD101-AS1	1	0.3010299956639812
CD109	172	2.2380461031287955
CD109-AS1	1	0.3010299956639812
CD14	824	2.916453948549925
CD151	301	2.4800069429571505
CD160	122	2.089905111439398
CD163	313	2.496929648073215
CD163L1	22	1.3617278360175928
CD164	57	1.7634279935629373
CD164L2	12	1.1139433523068367
CD177	238	2.3783979009481375
CD177P1	2	0.47712125471966244
CD180	45	1.662757831681574
CD19	168	2.2278867046136734
CD1A	117	2.0718820073061255
CD1B	64	1.8129133566428555
CD1C	271	2.4345689040341987
CD1D	192	2.285557309007774
CD1E	40	1.6127838567197355
CD2	118	2.0755469613925306
CD200	154	2.1903316981702914
CD200R1	140	2.1492191126553797
CD200R1L	9	1.0
CD200R1L-AS1	2	0.47712125471966244
CD207	307	2.4885507165004443
CD209	469	2.6720978579357175
CD22	639	2.806179973983887
CD226	168	2.2278867046136734
CD24	813	2.910624404889201
CD244	245	2.3909351071033793
CD247	264	2.423245873936808
CD248	59	1.7781512503836436
CD24P1	1	0.3010299956639812
CD24P2	1	0.3010299956639812
CD24P3	1	0.3010299956639812
CD24P4	4	0.6989700043360189
CD27	146	2.167317334748176
CD27-AS1	3	0.6020599913279624
CD274	10355	4.015192041762835
CD276	663	2.8221680793680175
CD28	425	2.629409599102719
CD2AP	196	2.294466226161593
CD2BP2	144	2.161368002234975
CD300A	71	1.8573324964312685
CD300C	46	1.6720978579357175
CD300E	20	1.3222192947339193
CD300H	3	0.6020599913279624
CD300LB	24	1.3979400086720377
CD300LD	10	1.0413926851582251
CD300LD-AS1	2	0.47712125471966244
CD300LF	47	1.6812412373755872
CD300LG	18	1.2787536009528289
CD302	26	1.4313637641589874
CD320	74	1.8750612633917
CD33	956	2.9809119377768436
CD34	367	2.5658478186735176
CD36	666	2.824125833916549
CD37	128	2.110589710299249
CD38	1892	3.277150613963797
CD3D	128	2.110589710299249
CD3E	167	2.225309281725863
CD3G	124	2.0969100130080562
CD4	2027	3.3070679506612985
CD40	627	2.797959643737196
CD40LG	547	2.738780558484369
CD44	3516	3.5461723683169426
CD44-AS1	3	0.6020599913279624
CD44-DT	2	0.47712125471966244
CD46	1004	3.002166061756508
CD46P1	1	0.3010299956639812
CD47	984	2.9934362304976116
CD48	199	2.3010299956639813
CD5	118	2.0755469613925306
CD52	433	2.637489729512511
CD53	85	1.9344984512435677
CD55	273	2.437750562820388
CD58	118	2.0755469613925306
CD59	537	2.7307822756663893
CD5L	81	1.9138138523837167
CD6	73	1.8692317197309762
CD63	1037	3.016197353512439
CD63-AS1	1	0.3010299956639812
CD68	3599	3.5563025007672873
CD69	104	2.0211892990699383
CD7	55	1.7481880270062005
CD70	362	2.5599066250361124
CD72	44	1.6532125137753437
CD74	222	2.3483048630481607
CD79A	303	2.482873583608754
CD79B	233	2.369215857410143
CD80	284	2.45484486000851
CD81	799	2.9030899869919438
CD81-AS1	1	0.3010299956639812
CD82	433	2.637489729512511
CD82-AS1	1	0.3010299956639812
CD83	105	2.0253058652647704
CD84	75	1.8808135922807914
CD86	1459	3.164352855784437
CD8A	172	2.2380461031287955
CD8B	50	1.7075701760979363
CD8B2	7	0.9030899869919435
CD9	761	2.8819549713396007
CD93	98	1.99563519459755
CD96	41	1.6232492903979006
CD99	789	2.8976270912904414
CD99L2	39	1.6020599913279623
CD99P1	8	0.9542425094393249
CDA	108	2.037426497940624
CDADC1	15	1.2041199826559248
CDAN1	76	1.8864907251724818
CDC123	101	2.0086001717619175
CDC14A	83	1.9242792860618816
CDC14B	48	1.6901960800285136
CDC14C	8	0.9542425094393249
CDC16	183	2.2648178230095364
CDC20	648	2.812244696800369
CDC20B	13	1.146128035678238
CDC20P1	1	0.3010299956639812
CDC23	175	2.24551266781415
CDC25A	517	2.714329759745233
CDC25B	307	2.4885507165004443
CDC25C	530	2.725094521081469
CDC26	67	1.8325089127062364
CDC26P1	1	0.3010299956639812
CDC27	334	2.525044807036845
CDC34	267	2.428134794028789
CDC37	444	2.6483600109809315
CDC37L1	30	1.4913616938342726
CDC37P1	3	0.6020599913279624
CDC37P2	1	0.3010299956639812
CDC40	97	1.9912260756924949
CDC42	982	2.9925535178321354
CDC42BPA	124	2.0969100130080562
CDC42BPB	120	2.0827853703164503
CDC42BPG	32	1.5185139398778875
CDC42EP1	86	1.9395192526186185
CDC42EP2	35	1.5563025007672873
CDC42EP3	58	1.7708520116421442
CDC42EP3-AS1	1	0.3010299956639812
CDC42EP4	64	1.8129133566428555
CDC42EP5	15	1.2041199826559248
CDC42P3	1	0.3010299956639812
CDC42P6	1	0.3010299956639812
CDC42SE1	20	1.3222192947339193
CDC42SE2	31	1.505149978319906
CDC45	222	2.3483048630481607
CDC50A	97	1.9912260756924949
CDC50B	18	1.2787536009528289
CDC50CP	3	0.6020599913279624
CDC5L	315	2.499687082618404
CDC6	324	2.5118833609788744
CDC7	287	2.459392487759231
CDC73	423	2.6273658565927325
CDCA2	99	2.0
CDCA3	111	2.0492180226701815
CDCA3P1	1	0.3010299956639812
CDCA4	48	1.6901960800285136
CDCA5	146	2.167317334748176
CDCA7	78	1.8976270912904414
CDCA7L	72	1.863322860120456
CDCA8	170	2.2329961103921536
CDCP1	201	2.305351369446624
CDCP2	4	0.6989700043360189
CDH1	2236	3.34966598409663
CDH10	38	1.591064607026499
CDH11	103	2.0170333392987803
CDH12	30	1.4913616938342726
CDH12P1	1	0.3010299956639812
CDH12P2	2	0.47712125471966244
CDH12P3	1	0.3010299956639812
CDH12P4	1	0.3010299956639812
CDH13	235	2.3729120029701067
CDH13-AS1	1	0.3010299956639812
CDH13-AS2	1	0.3010299956639812
CDH15	30	1.4913616938342726
CDH16	26	1.4313637641589874
CDH17	166	2.2227164711475833
CDH18	27	1.4471580313422192
CDH19	20	1.3222192947339193
CDH2	843	2.926342446625655
CDH20	12	1.1139433523068367
CDH22	22	1.3617278360175928
CDH23	194	2.290034611362518
CDH24	11	1.0791812460476249
CDH26	16	1.2304489213782739
CDH3	152	2.184691430817599
CDH4	64	1.8129133566428555
CDH4-AS2	1	0.3010299956639812
CDH5	284	2.45484486000851
CDH6	37	1.5797835966168101
CDH7	37	1.5797835966168101
CDH8	35	1.5563025007672873
CDH9	28	1.462397997898956
CDHR1	49	1.6989700043360187
CDHR2	24	1.3979400086720377
CDHR3	57	1.7634279935629373
CDHR4	7	0.9030899869919435
CDHR5	42	1.6334684555795864
CDIN1	31	1.505149978319906
CDIP1	25	1.414973347970818
CDIPT	105	2.0253058652647704
CDIPTOSP	5	0.7781512503836436
CDK1	1867	3.2713768718940743
CDK10	85	1.9344984512435677
CDK11A	186	2.271841606536499
CDK11B	161	2.2095150145426308
CDK12	324	2.5118833609788744
CDK13	172	2.2380461031287955
CDK13-DT	1	0.3010299956639812
CDK14	109	2.041392685158225
CDK15	28	1.462397997898956
CDK16	102	2.012837224705172
CDK17	55	1.7481880270062005
CDK18	61	1.792391689498254
CDK19	130	2.1172712956557644
CDK2	2895	3.461798557525109
CDK20	42	1.6334684555795864
CDK2AP1	100	2.0043213737826426
CDK2AP2	53	1.7323937598229686
CDK3	90	1.9590413923210936
CDK4	3202	3.5055569386638217
CDK4P1	1	0.3010299956639812
CDK5	810	2.909020854211156
CDK5R1	129	2.113943352306837
CDK5R2	27	1.4471580313422192
CDK5RAP1	68	1.8388490907372552
CDK5RAP2	183	2.2648178230095364
CDK5RAP3	149	2.1760912590556813
CDK6	1770	3.248218561190075
CDK6-AS1	7	0.9030899869919435
CDK7	396	2.598790506763115
CDK7P1	1	0.3010299956639812
CDK8	295	2.4712917110589387
CDK9	924	2.9661417327390325
CDKAL1	351	2.546542663478131
CDKL1	32	1.5185139398778875
CDKL2	33	1.5314789170422551
CDKL3	38	1.591064607026499
CDKL4	8	0.9542425094393249
CDKL5	320	2.506505032404872
CDKN1A	1847	3.2667019668840878
CDKN1A-AS1	1	0.3010299956639812
CDKN1B	1791	3.2533380053261065
CDKN1C	582	2.765668554759014
CDKN2A	4325	3.636086515103073
CDKN2A-AS1	6	0.8450980400142568
CDKN2AIP	111	2.0492180226701815
CDKN2B	1112	3.0464951643347082
CDKN2B-AS1	322	2.509202522331103
CDKN2C	211	2.326335860928751
CDKN2D	128	2.110589710299249
CDKN3	98	1.99563519459755
CDNF	60	1.7853298350107671
CDO1	81	1.9138138523837167
CDON	51	1.7160033436347992
CDONP1	1	0.3010299956639812
CDPF1	11	1.0791812460476249
CDR1	95	1.9822712330395684
CDR2	212	2.3283796034387376
CDR2-DT	2	0.47712125471966244
CDR2L	27	1.4471580313422192
CDRT10	1	0.3010299956639812
CDRT11	1	0.3010299956639812
CDRT12	1	0.3010299956639812
CDRT13	1	0.3010299956639812
CDRT15	6	0.8450980400142568
CDRT15L2	4	0.6989700043360189
CDRT15P1	2	0.47712125471966244
CDRT15P2	2	0.47712125471966244
CDRT15P3	9	1.0
CDRT2	1	0.3010299956639812
CDRT3	1	0.3010299956639812
CDRT4	11	1.0791812460476249
CDRT5	1	0.3010299956639812
CDRT7	1	0.3010299956639812
CDRT8	1	0.3010299956639812
CDS1	34	1.5440680443502757
CDS2	70	1.8512583487190752
CDSN	187	2.27415784926368
CDT1	266	2.4265112613645754
CDV3	68	1.8388490907372552
CDX1	162	2.2121876044039577
CDX2	962	2.9836262871245345
CDX4	29	1.4771212547196624
CDY1	45	1.662757831681574
CDY10P	2	0.47712125471966244
CDY11P	2	0.47712125471966244
CDY12P	2	0.47712125471966244
CDY13P	2	0.47712125471966244
CDY14P	2	0.47712125471966244
CDY15P	1	0.3010299956639812
CDY16P	1	0.3010299956639812
CDY17P	2	0.47712125471966244
CDY18P	1	0.3010299956639812
CDY19P	2	0.47712125471966244
CDY1B	18	1.2787536009528289
CDY20P	2	0.47712125471966244
CDY21P	2	0.47712125471966244
CDY22P	2	0.47712125471966244
CDY23P	2	0.47712125471966244
CDY2A	25	1.414973347970818
CDY2B	15	1.2041199826559248
CDY3P	2	0.47712125471966244
CDY4P	1	0.3010299956639812
CDY5P	2	0.47712125471966244
CDY6P	2	0.47712125471966244
CDY7P	2	0.47712125471966244
CDY8P	2	0.47712125471966244
CDY9P	2	0.47712125471966244
CDYL	83	1.9242792860618816
CDYL2	28	1.462397997898956
CEACAM1	280	2.44870631990508
CEACAM16	13	1.146128035678238
CEACAM18	2	0.47712125471966244
CEACAM19	14	1.1760912590556813
CEACAM20	7	0.9030899869919435
CEACAM21	14	1.1760912590556813
CEACAM22P	1	0.3010299956639812
CEACAM3	47	1.6812412373755872
CEACAM4	8	0.9542425094393249
CEACAM5	424	2.6283889300503116
CEACAM6	249	2.3979400086720375
CEACAM7	45	1.662757831681574
CEACAM8	202	2.307496037913213
CEACAMP1	2	0.47712125471966244
CEACAMP10	2	0.47712125471966244
CEACAMP11	2	0.47712125471966244
CEACAMP2	1	0.3010299956639812
CEACAMP3	3	0.6020599913279624
CEACAMP4	3	0.6020599913279624
CEACAMP5	2	0.47712125471966244
CEACAMP6	2	0.47712125471966244
CEACAMP7	2	0.47712125471966244
CEACAMP8	3	0.6020599913279624
CEACAMP9	2	0.47712125471966244
CEBPA	902	2.9556877503135057
CEBPA-DT	13	1.146128035678238
CEBPB	742	2.8709888137605755
CEBPB-AS1	2	0.47712125471966244
CEBPD	236	2.374748346010104
CEBPE	135	2.1335389083702174
CEBPG	53	1.7323937598229686
CEBPZ	143	2.1583624920952498
CEBPZOS	10	1.0413926851582251
CECR2	45	1.662757831681574
CECR3	1	0.3010299956639812
CECR7	7	0.9030899869919435
CECR9	2	0.47712125471966244
CEDORA	1	0.3010299956639812
CEL	146	2.167317334748176
CELA1	30	1.4913616938342726
CELA2A	22	1.3617278360175928
CELA2B	14	1.1760912590556813
CELA3A	18	1.2787536009528289
CELA3B	47	1.6812412373755872
CELF1	226	2.3560258571931225
CELF2	132	2.123851640967086
CELF2-AS1	2	0.47712125471966244
CELF2-AS2	2	0.47712125471966244
CELF2-DT	1	0.3010299956639812
CELF3	24	1.3979400086720377
CELF4	39	1.6020599913279623
CELF5	11	1.0791812460476249
CELF6	15	1.2041199826559248
CELP	6	0.8450980400142568
CELSR1	63	1.806179973983887
CELSR2	92	1.968482948553935
CELSR3	48	1.6901960800285136
CEMIP	142	2.155336037465062
CEMIP2	86	1.9395192526186185
CEMP1	51	1.7160033436347992
CENATAC	20	1.3222192947339193
CEND1	26	1.4313637641589874
CEND1P1	1	0.3010299956639812
CEND1P2	1	0.3010299956639812
CENPA	419	2.6232492903979003
CENPB	255	2.4082399653118496
CENPBD1P	8	0.9542425094393249
CENPBD2P	4	0.6989700043360189
CENPC	94	1.9777236052888478
CENPCP1	4	0.6989700043360189
CENPE	135	2.1335389083702174
CENPF	168	2.2278867046136734
CENPH	83	1.9242792860618816
CENPI	55	1.7481880270062005
CENPK	42	1.6334684555795864
CENPL	35	1.5563025007672873
CENPM	51	1.7160033436347992
CENPN	50	1.7075701760979363
CENPO	45	1.662757831681574
CENPP	36	1.568201724066995
CENPQ	34	1.5440680443502757
CENPS	39	1.6020599913279623
CENPS-CORT	6	0.8450980400142568
CENPT	74	1.8750612633917
CENPU	78	1.8976270912904414
CENPV	79	1.9030899869919435
CENPVL1	2	0.47712125471966244
CENPVL2	1	0.3010299956639812
CENPVL3	1	0.3010299956639812
CENPW	65	1.8195439355418688
CENPX	40	1.6127838567197355
CEP104	36	1.568201724066995
CEP112	40	1.6127838567197355
CEP120	54	1.7403626894942439
CEP126	26	1.4313637641589874
CEP128	41	1.6232492903979006
CEP131	118	2.0755469613925306
CEP135	82	1.919078092376074
CEP15	11	1.0791812460476249
CEP152	104	2.0211892990699383
CEP162	44	1.6532125137753437
CEP164	83	1.9242792860618816
CEP170	206	2.315970345456918
CEP170B	49	1.6989700043360187
CEP170P1	18	1.2787536009528289
CEP19	22	1.3617278360175928
CEP192	120	2.0827853703164503
CEP192-DT	2	0.47712125471966244
CEP192P1	4	0.6989700043360189
CEP19P1	1	0.3010299956639812
CEP20	31	1.505149978319906
CEP250	112	2.0530784434834195
CEP290	287	2.459392487759231
CEP295	47	1.6812412373755872
CEP295NL	10	1.0413926851582251
CEP350	110	2.0453229787866576
CEP41	40	1.6127838567197355
CEP43	100	2.0043213737826426
CEP44	40	1.6127838567197355
CEP55	251	2.401400540781544
CEP57	73	1.8692317197309762
CEP57L1	34	1.5440680443502757
CEP63	85	1.9344984512435677
CEP68	44	1.6532125137753437
CEP70	62	1.7993405494535817
CEP72	98	1.99563519459755
CEP76	51	1.7160033436347992
CEP78	78	1.8976270912904414
CEP83	41	1.6232492903979006
CEP83-DT	2	0.47712125471966244
CEP85	81	1.9138138523837167
CEP85L	49	1.6989700043360187
CEP89	40	1.6127838567197355
CEP95	32	1.5185139398778875
CEP97	89	1.954242509439325
CEPT1	58	1.7708520116421442
CER1	26	1.4313637641589874
CERCAM	19	1.3010299956639813
CERK	61	1.792391689498254
CERKL	43	1.6434526764861874
CERNA1	5	0.7781512503836436
CERNA2	12	1.1139433523068367
CERNA3	1	0.3010299956639812
CEROX1	3	0.6020599913279624
CERS1	44	1.6532125137753437
CERS2	172	2.2380461031287955
CERS3	38	1.591064607026499
CERS4	36	1.568201724066995
CERS5	48	1.6901960800285136
CERS6	89	1.954242509439325
CERS6-AS1	17	1.255272505103306
CERT1	145	2.164352855784437
CES1	353	2.5490032620257876
CES1P1	18	1.2787536009528289
CES2	233	2.369215857410143
CES3	25	1.414973347970818
CES4A	12	1.1139433523068367
CES5A	11	1.0791812460476249
CETN1	44	1.6532125137753437
CETN2	160	2.2068258760318495
CETN3	76	1.8864907251724818
CETN4P	3	0.6020599913279624
CETP	2234	3.3492775274679554
CFAP100	21	1.3424226808222062
CFAP100-DT	1	0.3010299956639812
CFAP107	7	0.9030899869919435
CFAP119	7	0.9030899869919435
CFAP126	8	0.9542425094393249
CFAP141	10	1.0413926851582251
CFAP144	9	1.0
CFAP144P1	3	0.6020599913279624
CFAP157	11	1.0791812460476249
CFAP161	12	1.1139433523068367
CFAP184	16	1.2304489213782739
CFAP20	82	1.919078092376074
CFAP206	20	1.3222192947339193
CFAP20DC	10	1.0413926851582251
CFAP20DC-AS1	1	0.3010299956639812
CFAP210	12	1.1139433523068367
CFAP221	15	1.2041199826559248
CFAP251	37	1.5797835966168101
CFAP263	25	1.414973347970818
CFAP276	8	0.9542425094393249
CFAP298	35	1.5563025007672873
CFAP298-TCP10L	1	0.3010299956639812
CFAP299	12	1.1139433523068367
CFAP300	19	1.3010299956639813
CFAP36	33	1.5314789170422551
CFAP410	45	1.662757831681574
CFAP418	27	1.4471580313422192
CFAP418-AS1	5	0.7781512503836436
CFAP43	29	1.4771212547196624
CFAP44	28	1.462397997898956
CFAP45	32	1.5185139398778875
CFAP46	23	1.380211241711606
CFAP47	25	1.414973347970818
CFAP52	18	1.2787536009528289
CFAP53	21	1.3424226808222062
CFAP54	18	1.2787536009528289
CFAP57	31	1.505149978319906
CFAP58	21	1.3424226808222062
CFAP58-DT	3	0.6020599913279624
CFAP61	18	1.2787536009528289
CFAP65	16	1.2304489213782739
CFAP65-AS1	1	0.3010299956639812
CFAP68	15	1.2041199826559248
CFAP69	16	1.2304489213782739
CFAP70	18	1.2787536009528289
CFAP73	6	0.8450980400142568
CFAP74	20	1.3222192947339193
CFAP77	18	1.2787536009528289
CFAP90	6	0.8450980400142568
CFAP91	23	1.380211241711606
CFAP92	13	1.146128035678238
CFAP95	10	1.0413926851582251
CFAP95-DT	1	0.3010299956639812
CFAP96	13	1.146128035678238
CFAP97	23	1.380211241711606
CFAP97D1	9	1.0
CFAP97D2	1	0.3010299956639812
CFAP99	4	0.6989700043360189
CFB	236	2.374748346010104
CFC1	49	1.6989700043360187
CFC1B	2	0.47712125471966244
CFD	73	1.8692317197309762
CFDP1	72	1.863322860120456
CFH	1778	3.250175948083925
CFHR1	249	2.3979400086720375
CFHR2	33	1.5314789170422551
CFHR3	126	2.103803720955957
CFHR4	54	1.7403626894942439
CFHR5	94	1.9777236052888478
CFI	187	2.27415784926368
CFL1	519	2.716003343634799
CFL1P1	1	0.3010299956639812
CFL1P6	1	0.3010299956639812
CFL2	135	2.1335389083702174
CFLAR	1040	3.017450729510536
CFLAR-AS1	2	0.47712125471966244
CFP	92	1.968482948553935
CFTR	7067	3.8492965408347266
CFTR-AS1	2	0.47712125471966244
CGA	186	2.271841606536499
CGAS	1146	3.0595634179012676
CGB1	24	1.3979400086720377
CGB2	19	1.3010299956639813
CGB3	155	2.1931245983544616
CGB5	58	1.7708520116421442
CGB7	29	1.4771212547196624
CGB8	15	1.2041199826559248
CGGBP1	81	1.9138138523837167
CGN	110	2.0453229787866576
CGNL1	47	1.6812412373755872
CGREF1	18	1.2787536009528289
CGRRF1	29	1.4771212547196624
CH25H	43	1.6434526764861874
CHAC1	40	1.6127838567197355
CHAC2	17	1.255272505103306
CHAD	17	1.255272505103306
CHADL	12	1.1139433523068367
CHAER1	1	0.3010299956639812
CHAF1A	167	2.225309281725863
CHAF1B	173	2.2405492482826
CHAMP1	118	2.0755469613925306
CHASERR	6	0.8450980400142568
CHAT	110	2.0453229787866576
CHCHD1	37	1.5797835966168101
CHCHD10	93	1.9731278535996986
CHCHD2	162	2.2121876044039577
CHCHD2P10	1	0.3010299956639812
CHCHD2P8	2	0.47712125471966244
CHCHD2P9	13	1.146128035678238
CHCHD3	189	2.278753600952829
CHCHD4	94	1.9777236052888478
CHCHD5	20	1.3222192947339193
CHCHD6	53	1.7323937598229686
CHCHD7	31	1.505149978319906
CHCT1	6	0.8450980400142568
CHD1	205	2.3138672203691533
CHD1L	144	2.161368002234975
CHD2	101	2.0086001717619175
CHD3	213	2.330413773349191
CHD4	502	2.7015679850559273
CHD5	119	2.0791812460476247
CHD6	73	1.8692317197309762
CHD7	386	2.5877109650189114
CHD8	241	2.383815365980431
CHD9	57	1.7634279935629373
CHD9NB	3	0.6020599913279624
CHDH	38	1.591064607026499
CHEK1	1912	3.281714970027296
CHEK2	1732	3.238798562713917
CHEK2P1	1	0.3010299956639812
CHEK2P2	2	0.47712125471966244
CHERP	153	2.187520720836463
CHFR	171	2.2355284469075487
CHGA	777	2.890979596989689
CHGB	134	2.130333768495006
CHI3L1	1363	3.13481437032046
CHI3L2	59	1.7781512503836436
CHIA	74	1.8750612633917
CHIAP2	4	0.6989700043360189
CHIC1	9	1.0
CHIC2	31	1.505149978319906
CHID1	63	1.806179973983887
CHIT1	145	2.164352855784437
CHKA	130	2.1172712956557644
CHKB	65	1.8195439355418688
CHKB-CPT1B	7	0.9030899869919435
CHKB-DT	2	0.47712125471966244
CHL1	68	1.8388490907372552
CHL1-AS1	3	0.6020599913279624
CHL1-AS2	3	0.6020599913279624
CHLSN	112	2.0530784434834195
CHLSN-AS1	1	0.3010299956639812
CHM	117	2.0718820073061255
CHML	56	1.7558748556724915
CHMP1A	106	2.0293837776852097
CHMP1B	87	1.9444826721501687
CHMP1B-AS1	2	0.47712125471966244
CHMP2A	117	2.0718820073061255
CHMP2B	203	2.3096301674258988
CHMP3	89	1.954242509439325
CHMP4A	72	1.863322860120456
CHMP4B	173	2.2405492482826
CHMP4BP1	4	0.6989700043360189
CHMP4C	70	1.8512583487190752
CHMP5	115	2.0644579892269186
CHMP6	75	1.8808135922807914
CHMP7	74	1.8750612633917
CHN1	63	1.806179973983887
CHN2	58	1.7708520116421442
CHODL	20	1.3222192947339193
CHORDC1	92	1.968482948553935
CHORDC1P3	1	0.3010299956639812
CHORDC1P4	4	0.6989700043360189
CHP1	115	2.0644579892269186
CHP1P2	3	0.6020599913279624
CHP2	24	1.3979400086720377
CHPF	62	1.7993405494535817
CHPF2	38	1.591064607026499
CHPT1	39	1.6020599913279623
CHRAC1	45	1.662757831681574
CHRD	39	1.6020599913279623
CHRDL1	50	1.7075701760979363
CHRDL2	21	1.3424226808222062
CHRFAM7A	55	1.7481880270062005
CHRFAM7AP1	2	0.47712125471966244
CHRFAM7AP2	1	0.3010299956639812
CHRM1	175	2.24551266781415
CHRM2	195	2.292256071356476
CHRM3	249	2.3979400086720375
CHRM4	65	1.8195439355418688
CHRM5	39	1.6020599913279623
CHRNA1	105	2.0253058652647704
CHRNA10	30	1.4913616938342726
CHRNA2	65	1.8195439355418688
CHRNA3	235	2.3729120029701067
CHRNA4	219	2.342422680822206
CHRNA5	359	2.5563025007672873
CHRNA6	67	1.8325089127062364
CHRNA7	343	2.53655844257153
CHRNA9	73	1.8692317197309762
CHRNB1	45	1.662757831681574
CHRNB2	135	2.1335389083702174
CHRNB3	74	1.8750612633917
CHRNB4	184	2.2671717284030137
CHRND	54	1.7403626894942439
CHRNE	93	1.9731278535996986
CHRNG	58	1.7708520116421442
CHROMR	8	0.9542425094393249
CHST1	29	1.4771212547196624
CHST10	34	1.5440680443502757
CHST11	60	1.7853298350107671
CHST12	31	1.505149978319906
CHST13	17	1.255272505103306
CHST14	66	1.8260748027008264
CHST15	52	1.724275869600789
CHST2	31	1.505149978319906
CHST3	44	1.6532125137753437
CHST4	32	1.5185139398778875
CHST5	23	1.380211241711606
CHST6	59	1.7781512503836436
CHST7	22	1.3617278360175928
CHST8	22	1.3617278360175928
CHST9	38	1.591064607026499
CHSY1	56	1.7558748556724915
CHSY3	22	1.3617278360175928
CHTF18	80	1.9084850188786497
CHTF8	49	1.6989700043360187
CHTOP	172	2.2380461031287955
CHUK	1402	3.1470576710283598
CHURC1	19	1.3010299956639813
CHURC1-FNTB	11	1.0791812460476249
CIAO1	101	2.0086001717619175
CIAO2A	33	1.5314789170422551
CIAO2B	81	1.9138138523837167
CIAO3	41	1.6232492903979006
CIAPIN1	130	2.1172712956557644
CIAPIN1P	1	0.3010299956639812
CIART	24	1.3979400086720377
CIB1	199	2.3010299956639813
CIB2	44	1.6532125137753437
CIB3	11	1.0791812460476249
CIB4	12	1.1139433523068367
CIBAR1	32	1.5185139398778875
CIBAR1-DT	1	0.3010299956639812
CIBAR1P1	2	0.47712125471966244
CIBAR1P2	1	0.3010299956639812
CIBAR2	11	1.0791812460476249
CIC	139	2.146128035678238
CICP1	2	0.47712125471966244
CICP2	1	0.3010299956639812
CIDEA	62	1.7993405494535817
CIDEB	50	1.7075701760979363
CIDEC	81	1.9138138523837167
CIDECP1	2	0.47712125471966244
CIITA	226	2.3560258571931225
CILK1	68	1.8388490907372552
CILP	53	1.7323937598229686
CILP2	36	1.568201724066995
CIMAP1A	12	1.1139433523068367
CIMAP1B	17	1.255272505103306
CIMAP1C	10	1.0413926851582251
CIMAP1D	17	1.255272505103306
CIMAP2	8	0.9542425094393249
CIMAP3	10	1.0413926851582251
CIMIP1	13	1.146128035678238
CIMIP2A	10	1.0413926851582251
CIMIP2B	7	0.9030899869919435
CIMIP2C	4	0.6989700043360189
CIMIP3	2	0.47712125471966244
CIMIP4	10	1.0413926851582251
CIMIP5	8	0.9542425094393249
CIMIP6	6	0.8450980400142568
CIMIP7	1	0.3010299956639812
CINP	31	1.505149978319906
CIP2A	321	2.507855871695831
CIPC	23	1.380211241711606
CIRBP	236	2.374748346010104
CIRBP-AS1	3	0.6020599913279624
CIROP	3	0.6020599913279624
CIROZ	9	1.0
CIRSR	49	1.6989700043360187
CISAT	1	0.3010299956639812
CISD1	130	2.1172712956557644
CISD2	150	2.1789769472931693
CISD3	30	1.4913616938342726
CISH	83	1.9242792860618816
CIST1	5	0.7781512503836436
CISTR	2	0.47712125471966244
CIT	115	2.0644579892269186
CITED1	66	1.8260748027008264
CITED2	167	2.225309281725863
CITED4	18	1.2787536009528289
CIZ1	94	1.9777236052888478
CKAP2	127	2.1072099696478683
CKAP2L	46	1.6720978579357175
CKAP4	1263	3.1017470739463664
CKAP5	266	2.4265112613645754
CKB	259	2.4149733479708178
CKBP1	2	0.47712125471966244
CKLF	36	1.568201724066995
CKLF-CMTM1	2	0.47712125471966244
CKM	138	2.143014800254095
CKMT1A	110	2.0453229787866576
CKMT1B	76	1.8864907251724818
CKMT2	62	1.7993405494535817
CKMT2-AS1	4	0.6989700043360189
CKS1B	199	2.3010299956639813
CKS1BP3	2	0.47712125471966244
CKS1BP7	12	1.1139433523068367
CKS2	121	2.0863598306747484
CLASP1	158	2.2013971243204513
CLASP2	169	2.230448921378274
CLASRP	56	1.7558748556724915
CLBA1	13	1.146128035678238
CLC	59	1.7781512503836436
CLCA1	127	2.1072099696478683
CLCA2	63	1.806179973983887
CLCA3P	6	0.8450980400142568
CLCA4	31	1.505149978319906
CLCA4-AS1	2	0.47712125471966244
CLCC1	113	2.0569048513364727
CLCF1	44	1.6532125137753437
CLCN1	140	2.1492191126553797
CLCN2	70	1.8512583487190752
CLCN3	95	1.9822712330395684
CLCN4	54	1.7403626894942439
CLCN5	115	2.0644579892269186
CLCN6	53	1.7323937598229686
CLCN7	199	2.3010299956639813
CLCNKA	83	1.9242792860618816
CLCNKB	147	2.1702617153949575
CLCP1	1	0.3010299956639812
CLCP2	1	0.3010299956639812
CLDN1	800	2.9036325160842376
CLDN10	49	1.6989700043360187
CLDN11	89	1.954242509439325
CLDN12	54	1.7403626894942439
CLDN14	49	1.6989700043360187
CLDN15	32	1.5185139398778875
CLDN16	53	1.7323937598229686
CLDN17	28	1.462397997898956
CLDN18	278	2.4456042032735974
CLDN19	63	1.806179973983887
CLDN2	238	2.3783979009481375
CLDN20	22	1.3617278360175928
CLDN22	12	1.1139433523068367
CLDN23	23	1.380211241711606
CLDN24	10	1.0413926851582251
CLDN25	7	0.9030899869919435
CLDN3	281	2.450249108319361
CLDN34	3	0.6020599913279624
CLDN4	446	2.6503075231319366
CLDN5	330	2.519827993775719
CLDN6	86	1.9395192526186185
CLDN7	228	2.359835482339888
CLDN8	44	1.6532125137753437
CLDN9	44	1.6532125137753437
CLDND1	32	1.5185139398778875
CLDND2	8	0.9542425094393249
CLEC10A	48	1.6901960800285136
CLEC11A	42	1.6334684555795864
CLEC12A	95	1.9822712330395684
CLEC12B	17	1.255272505103306
CLEC14A	35	1.5563025007672873
CLEC16A	136	2.1367205671564067
CLEC17A	13	1.146128035678238
CLEC18A	21	1.3424226808222062
CLEC18B	7	0.9030899869919435
CLEC18C	6	0.8450980400142568
CLEC19A	7	0.9030899869919435
CLEC1A	20	1.3222192947339193
CLEC1B	65	1.8195439355418688
CLEC20A	2	0.47712125471966244
CLEC2A	19	1.3010299956639813
CLEC2B	28	1.462397997898956
CLEC2D	64	1.8129133566428555
CLEC2L	3	0.6020599913279624
CLEC3A	22	1.3617278360175928
CLEC3B	53	1.7323937598229686
CLEC4A	53	1.7323937598229686
CLEC4C	149	2.1760912590556813
CLEC4D	69	1.845098040014257
CLEC4E	46	1.6720978579357175
CLEC4F	9	1.0
CLEC4G	41	1.6232492903979006
CLEC4GP1	3	0.6020599913279624
CLEC4M	214	2.3324384599156054
CLEC4OP	1	0.3010299956639812
CLEC5A	82	1.919078092376074
CLEC6A	35	1.5563025007672873
CLEC7A	230	2.3636119798921444
CLEC9A	55	1.7481880270062005
CLECL1	53	1.7323937598229686
CLGN	78	1.8976270912904414
CLHC1	16	1.2304489213782739
CLIC1	281	2.450249108319361
CLIC1P3	2	0.47712125471966244
CLIC2	46	1.6720978579357175
CLIC3	34	1.5440680443502757
CLIC4	166	2.2227164711475833
CLIC5	55	1.7481880270062005
CLIC6	26	1.4313637641589874
CLINT1	182	2.2624510897304293
CLIP1	132	2.123851640967086
CLIP2	52	1.724275869600789
CLIP3	25	1.414973347970818
CLIP4	26	1.4313637641589874
CLK1	81	1.9138138523837167
CLK2	75	1.8808135922807914
CLK2P1	4	0.6989700043360189
CLK3	85	1.9344984512435677
CLK4	35	1.5563025007672873
CLLU1	22	1.3617278360175928
CLLU1-AS1	2	0.47712125471966244
CLMAT3	2	0.47712125471966244
CLMB	17	1.255272505103306
CLMN	49	1.6989700043360187
CLMP	539	2.7323937598229686
CLN3	326	2.514547752660286
CLN5	98	1.99563519459755
CLN6	142	2.155336037465062
CLN8	62	1.7993405494535817
CLNK	23	1.380211241711606
CLNS1A	156	2.1958996524092336
CLNS1AP1	2	0.47712125471966244
CLOCK	665	2.823474229170301
CLP1	63	1.806179973983887
CLPB	120	2.0827853703164503
CLPP	154	2.1903316981702914
CLPS	27	1.4471580313422192
CLPSL1	7	0.9030899869919435
CLPSL2	5	0.7781512503836436
CLPTM1	113	2.0569048513364727
CLPTM1L	182	2.2624510897304293
CLPX	156	2.1958996524092336
CLRN1	60	1.7853298350107671
CLRN2	7	0.9030899869919435
CLRN3	18	1.2787536009528289
CLSPN	185	2.2695129442179165
CLSTN1	64	1.8129133566428555
CLSTN2	37	1.5797835966168101
CLSTN3	38	1.591064607026499
CLTA	164	2.2174839442139063
CLTB	107	2.03342375548695
CLTC	576	2.7611758131557314
CLTCL1	98	1.99563519459755
CLTRN	45	1.662757831681574
CLU	1253	3.0982975364946976
CLUH	76	1.8864907251724818
CLUHP2	1	0.3010299956639812
CLUHP3	6	0.8450980400142568
CLUL1	16	1.2304489213782739
CLVS1	16	1.2304489213782739
CLVS2	9	1.0
CLXN	18	1.2787536009528289
CLYBL	28	1.462397997898956
CLYBL-AS2	1	0.3010299956639812
CLYBL-AS3	5	0.7781512503836436
CMA1	157	2.1986570869544226
CMAHP	21	1.3424226808222062
CMAS	105	2.0253058652647704
CMBL	49	1.6989700043360187
CMC1	19	1.3010299956639813
CMC2	23	1.380211241711606
CMC4	21	1.3424226808222062
CMIP	66	1.8260748027008264
CMKLR1	181	2.2600713879850747
CMKLR2	48	1.6901960800285136
CMKLR2-AS	6	0.8450980400142568
CMPK1	89	1.954242509439325
CMPK2	20	1.3222192947339193
CMSS1	80	1.9084850188786497
CMTM1	14	1.1760912590556813
CMTM2	24	1.3979400086720377
CMTM3	44	1.6532125137753437
CMTM4	45	1.662757831681574
CMTM5	51	1.7160033436347992
CMTM6	74	1.8750612633917
CMTM7	29	1.4771212547196624
CMTM8	39	1.6020599913279623
CMTR1	64	1.8129133566428555
CMTR2	19	1.3010299956639813
CMYA5	48	1.6901960800285136
CNBD1	6	0.8450980400142568
CNBD2	5	0.7781512503836436
CNBP	273	2.437750562820388
CNDP1	92	1.968482948553935
CNDP2	91	1.9637878273455553
CNEP1R1	13	1.146128035678238
CNFN	14	1.1760912590556813
CNGA1	43	1.6434526764861874
CNGA2	18	1.2787536009528289
CNGA3	125	2.100370545117563
CNGA4	10	1.0413926851582251
CNGB1	66	1.8260748027008264
CNGB3	102	2.012837224705172
CNIH1	22	1.3617278360175928
CNIH2	22	1.3617278360175928
CNIH3	17	1.255272505103306
CNIH4	59	1.7781512503836436
CNKSR1	51	1.7160033436347992
CNKSR2	63	1.806179973983887
CNKSR3	34	1.5440680443502757
CNMD	76	1.8864907251724818
CNN1	58	1.7708520116421442
CNN2	90	1.9590413923210936
CNN3	110	2.0453229787866576
CNN3-DT	1	0.3010299956639812
CNNM1	23	1.380211241711606
CNNM2	86	1.9395192526186185
CNNM3	78	1.8976270912904414
CNNM3-DT	1	0.3010299956639812
CNNM4	81	1.9138138523837167
CNOT1	271	2.4345689040341987
CNOT10	86	1.9395192526186185
CNOT11	66	1.8260748027008264
CNOT12	142	2.155336037465062
CNOT2	113	2.0569048513364727
CNOT3	135	2.1335389083702174
CNOT4	72	1.863322860120456
CNOT6	73	1.8692317197309762
CNOT6L	53	1.7323937598229686
CNOT6LP1	1	0.3010299956639812
CNOT7	154	2.1903316981702914
CNOT8	177	2.250420002308894
CNOT9	86	1.9395192526186185
CNP	192	2.285557309007774
CNPPD1	11	1.0791812460476249
CNPY1	5	0.7781512503836436
CNPY2	81	1.9138138523837167
CNPY3	49	1.6989700043360187
CNPY4	19	1.3010299956639813
CNR1	620	2.79309160017658
CNR2	274	2.439332693830263
CNRIP1	36	1.568201724066995
CNST	42	1.6334684555795864
CNTD1	10	1.0413926851582251
CNTF	114	2.060697840353612
CNTFR	71	1.8573324964312685
CNTFR-AS1	2	0.47712125471966244
CNTLN	40	1.6127838567197355
CNTN1	142	2.155336037465062
CNTN2	127	2.1072099696478683
CNTN3	24	1.3979400086720377
CNTN4	72	1.863322860120456
CNTN5	34	1.5440680443502757
CNTN6	43	1.6434526764861874
CNTNAP1	90	1.9590413923210936
CNTNAP2	388	2.5899496013257077
CNTNAP2-AS1	1	0.3010299956639812
CNTNAP3	20	1.3222192947339193
CNTNAP3B	10	1.0413926851582251
CNTNAP3C	1	0.3010299956639812
CNTNAP3P2	2	0.47712125471966244
CNTNAP4	32	1.5185139398778875
CNTNAP5	19	1.3010299956639813
CNTNAP5-DT	2	0.47712125471966244
CNTRL	79	1.9030899869919435
CNTROB	59	1.7781512503836436
COA1	27	1.4471580313422192
COA3	47	1.6812412373755872
COA4	16	1.2304489213782739
COA5	16	1.2304489213782739
COA6	51	1.7160033436347992
COA6-AS1	1	0.3010299956639812
COA7	50	1.7075701760979363
COA8	23	1.380211241711606
COASY	98	1.99563519459755
COBL	68	1.8388490907372552
COBLL1	71	1.8573324964312685
COCH	176	2.247973266361807
COCH-AS1	2	0.47712125471966244
COG1	69	1.845098040014257
COG2	66	1.8260748027008264
COG3	76	1.8864907251724818
COG4	64	1.8129133566428555
COG5	69	1.845098040014257
COG6	76	1.8864907251724818
COG7	62	1.7993405494535817
COG8	52	1.724275869600789
COIL	165	2.220108088040055
COL10A1	123	2.093421685162235
COL11A1	230	2.3636119798921444
COL11A2	224	2.3521825181113627
COL12A1	105	2.0253058652647704
COL13A1	52	1.724275869600789
COL14A1	107	2.03342375548695
COL15A1	77	1.8920946026904804
COL16A1	50	1.7075701760979363
COL17A1	158	2.2013971243204513
COL18A1	270	2.432969290874406
COL18A1-AS1	6	0.8450980400142568
COL19A1	27	1.4471580313422192
COL1A1	860	2.935003151453655
COL1A2	543	2.73559889969818
COL1A2-AS1	4	0.6989700043360189
COL1AR	2	0.47712125471966244
COL20A1	16	1.2304489213782739
COL21A1	28	1.462397997898956
COL22A1	32	1.5185139398778875
COL23A1	31	1.505149978319906
COL24A1	21	1.3424226808222062
COL25A1	37	1.5797835966168101
COL26A1	20	1.3222192947339193
COL27A1	52	1.724275869600789
COL28A1	25	1.414973347970818
COL2A1	725	2.8609366207000937
COL3A1	591	2.77232170672292
COL4A1	406	2.60959440922522
COL4A2	232	2.367355921026019
COL4A2-AS1	1	0.3010299956639812
COL4A3	178	2.2528530309798933
COL4A4	218	2.3404441148401185
COL4A5	390	2.5921767573958667
COL4A6	86	1.9395192526186185
COL5A1	281	2.450249108319361
COL5A2	83	1.9242792860618816
COL5A3	28	1.462397997898956
COL6A1	204	2.311753861055754
COL6A2	127	2.1072099696478683
COL6A3	144	2.161368002234975
COL6A4P1	22	1.3617278360175928
COL6A4P2	4	0.6989700043360189
COL6A5	35	1.5563025007672873
COL6A6	25	1.414973347970818
COL7A1	471	2.673941998634088
COL8A1	80	1.9084850188786497
COL8A2	77	1.8920946026904804
COL9A1	83	1.9242792860618816
COL9A2	78	1.8976270912904414
COL9A3	71	1.8573324964312685
COLCA1	15	1.2041199826559248
COLEC10	53	1.7323937598229686
COLEC11	61	1.792391689498254
COLEC12	57	1.7634279935629373
COLGALT1	96	1.9867717342662448
COLGALT2	32	1.5185139398778875
COLQ	100	2.0043213737826426
COMETT	8	0.9542425094393249
COMMD1	148	2.173186268412274
COMMD10	47	1.6812412373755872
COMMD2	42	1.6334684555795864
COMMD3	51	1.7160033436347992
COMMD3-BMI1	11	1.0791812460476249
COMMD4	46	1.6720978579357175
COMMD5	35	1.5563025007672873
COMMD6	35	1.5563025007672873
COMMD7	40	1.6127838567197355
COMMD8	40	1.6127838567197355
COMMD9	41	1.6232492903979006
COMP	707	2.850033257689769
COMT	2488	3.3960248966085933
COMTD1	36	1.568201724066995
COP1	160	2.2068258760318495
COPA	323	2.510545010206612
COPB1	278	2.4456042032735974
COPB2	248	2.3961993470957363
COPB2-DT	2	0.47712125471966244
COPDA1	2	0.47712125471966244
COPE	165	2.220108088040055
COPG1	211	2.326335860928751
COPG2	147	2.1702617153949575
COPG2IT1	5	0.7781512503836436
COPRS	44	1.6532125137753437
COPS2	178	2.2528530309798933
COPS3	187	2.27415784926368
COPS4	173	2.2405492482826
COPS5	472	2.6748611407378116
COPS6	201	2.305351369446624
COPS7A	115	2.0644579892269186
COPS7B	103	2.0170333392987803
COPS8	137	2.1398790864012365
COPS8-DT	1	0.3010299956639812
COPS9	24	1.3979400086720377
COPZ1	107	2.03342375548695
COPZ2	18	1.2787536009528289
COQ10A	25	1.414973347970818
COQ10B	20	1.3222192947339193
COQ2	51	1.7160033436347992
COQ3	32	1.5185139398778875
COQ4	51	1.7160033436347992
COQ5	45	1.662757831681574
COQ6	45	1.662757831681574
COQ7	46	1.6720978579357175
COQ7-DT	1	0.3010299956639812
COQ8A	100	2.0043213737826426
COQ8B	81	1.9138138523837167
COQ9	39	1.6020599913279623
CORIN	177	2.250420002308894
CORO1A	96	1.9867717342662448
CORO1B	116	2.0681858617461617
CORO1C	217	2.3384564936046046
CORO2A	49	1.6989700043360187
CORO2B	33	1.5314789170422551
CORO6	25	1.414973347970818
CORO7	58	1.7708520116421442
CORO7-PAM16	8	0.9542425094393249
CORT	46	1.6720978579357175
COSMOC	2	0.47712125471966244
COTL1	80	1.9084850188786497
COTL1P1	1	0.3010299956639812
COTL1P2	1	0.3010299956639812
COX10	56	1.7558748556724915
COX10-DT	3	0.6020599913279624
COX11	54	1.7403626894942439
COX11P1	1	0.3010299956639812
COX14	19	1.3010299956639813
COX15	73	1.8692317197309762
COX16	27	1.4471580313422192
COX17	87	1.9444826721501687
COX17P1	2	0.47712125471966244
COX18	26	1.4313637641589874
COX19	23	1.380211241711606
COX20	46	1.6720978579357175
COX4I1	155	2.1931245983544616
COX4I1P1	2	0.47712125471966244
COX4I2	41	1.6232492903979006
COX5A	106	2.0293837776852097
COX5AP1	1	0.3010299956639812
COX5B	106	2.0293837776852097
COX5BP1	2	0.47712125471966244
COX6A1	48	1.6901960800285136
COX6A1P1	3	0.6020599913279624
COX6A1P2	2	0.47712125471966244
COX6A2	17	1.255272505103306
COX6B1	74	1.8750612633917
COX6B1P1	2	0.47712125471966244
COX6B1P2	2	0.47712125471966244
COX6B1P3	1	0.3010299956639812
COX6B1P4	2	0.47712125471966244
COX6B2	16	1.2304489213782739
COX6C	82	1.919078092376074
COX6CP1	1	0.3010299956639812
COX6CP9	1	0.3010299956639812
COX7A1	39	1.6020599913279623
COX7A2	76	1.8864907251724818
COX7A2L	44	1.6532125137753437
COX7A2P1	2	0.47712125471966244
COX7A2P2	4	0.6989700043360189
COX7B	39	1.6020599913279623
COX7B2	12	1.1139433523068367
COX7C	40	1.6127838567197355
COX7CP1	1	0.3010299956639812
COX8A	25	1.414973347970818
COX8BP	3	0.6020599913279624
COX8C	16	1.2304489213782739
COXFA4	132	2.123851640967086
COXFA4L2	33	1.5314789170422551
COXFA4L3	23	1.380211241711606
COXFA4P1	2	0.47712125471966244
COXFA4P2	1	0.3010299956639812
CP	239	2.380211241711606
CPA1	32	1.5185139398778875
CPA2	26	1.4313637641589874
CPA3	31	1.505149978319906
CPA4	51	1.7160033436347992
CPA5	17	1.255272505103306
CPA6	27	1.4471580313422192
CPAMD8	20	1.3222192947339193
CPAMD8P1	2	0.47712125471966244
CPAP	129	2.113943352306837
CPB1	44	1.6532125137753437
CPB2	257	2.41161970596323
CPB2-AS1	1	0.3010299956639812
CPD	113	2.0569048513364727
CPDP1	1	0.3010299956639812
CPE	82	1.919078092376074
CPEB1	106	2.0293837776852097
CPEB1-AS1	2	0.47712125471966244
CPEB2	43	1.6434526764861874
CPEB2-DT	5	0.7781512503836436
CPEB3	77	1.8920946026904804
CPEB4	118	2.0755469613925306
CPED1	22	1.3617278360175928
CPHL1P	3	0.6020599913279624
CPHXL	3	0.6020599913279624
CPHXL2	3	0.6020599913279624
CPLANE1	59	1.7781512503836436
CPLANE2	15	1.2041199826559248
CPLX1	43	1.6434526764861874
CPLX2	50	1.7075701760979363
CPLX3	15	1.2041199826559248
CPLX4	12	1.1139433523068367
CPM	60	1.7853298350107671
CPMER	1	0.3010299956639812
CPN1	34	1.5440680443502757
CPN2	19	1.3010299956639813
CPNE1	100	2.0043213737826426
CPNE2	42	1.6334684555795864
CPNE3	127	2.1072099696478683
CPNE4	23	1.380211241711606
CPNE5	27	1.4471580313422192
CPNE6	29	1.4771212547196624
CPNE7	35	1.5563025007672873
CPNE8	68	1.8388490907372552
CPNE8-AS1	2	0.47712125471966244
CPNE9	20	1.3222192947339193
CPO	9	1.0
CPOX	92	1.968482948553935
CPP	3	0.6020599913279624
CPPED1	27	1.4471580313422192
CPQ	23	1.380211241711606
CPS1	177	2.250420002308894
CPS1-IT1	6	0.8450980400142568
CPSF1	163	2.214843848047698
CPSF2	151	2.1818435879447726
CPSF3	159	2.2041199826559246
CPSF4	119	2.0791812460476247
CPSF4L	7	0.9030899869919435
CPSF6	320	2.506505032404872
CPSF7	174	2.2430380486862944
CPT1A	365	2.5634810853944106
CPT1B	108	2.037426497940624
CPT1C	46	1.6720978579357175
CPT2	134	2.130333768495006
CPTP	17	1.255272505103306
CPVL	115	2.0644579892269186
CPVL-AS2	3	0.6020599913279624
CPXCR1	9	1.0
CPXM1	17	1.255272505103306
CPXM2	22	1.3617278360175928
CPZ	26	1.4313637641589874
CR1	391	2.593286067020457
CR1-AS1	1	0.3010299956639812
CR1L	26	1.4313637641589874
CR2	163	2.214843848047698
CRABP1	53	1.7323937598229686
CRABP2	120	2.0827853703164503
CRACD	44	1.6532125137753437
CRACDL	13	1.146128035678238
CRACR2A	52	1.724275869600789
CRACR2B	24	1.3979400086720377
CRADD	88	1.9493900066449128
CRADD-AS1	1	0.3010299956639812
CRAMP1	23	1.380211241711606
CRAT	56	1.7558748556724915
CRB1	257	2.41161970596323
CRB2	49	1.6989700043360187
CRB3	57	1.7634279935629373
CRBN	437	2.6414741105040997
CRCP	61	1.792391689498254
CRCT1	23	1.380211241711606
CREB1	1531	3.185258765296585
CREB3	86	1.9395192526186185
CREB3L1	114	2.060697840353612
CREB3L2	65	1.8195439355418688
CREB3L2-AS1	1	0.3010299956639812
CREB3L3	51	1.7160033436347992
CREB3L4	36	1.568201724066995
CREB5	90	1.9590413923210936
CREBBP	1779	3.250420002308894
CREBL2	19	1.3010299956639813
CREBRF	43	1.6434526764861874
CREBZF	61	1.792391689498254
CREG1	68	1.8388490907372552
CREG2	12	1.1139433523068367
CRELD1	59	1.7781512503836436
CRELD2	45	1.662757831681574
CREM	236	2.374748346010104
CRH	229	2.361727836017593
CRHBP	67	1.8325089127062364
CRHR1	297	2.4742162640762553
CRHR2	122	2.089905111439398
CRIM1	66	1.8260748027008264
CRIM1-DT	3	0.6020599913279624
CRIP1	43	1.6434526764861874
CRIP1P2	1	0.3010299956639812
CRIP1P4	1	0.3010299956639812
CRIP2	68	1.8388490907372552
CRIP3	6	0.8450980400142568
CRIPT	60	1.7853298350107671
CRIPTO	270	2.432969290874406
CRIPTO3	7	0.9030899869919435
CRIPTOP2	2	0.47712125471966244
CRIPTOP4	1	0.3010299956639812
CRIPTOP5	1	0.3010299956639812
CRIPTOP6	1	0.3010299956639812
CRIPTOP7	1	0.3010299956639812
CRISP1	34	1.5440680443502757
CRISP2	52	1.724275869600789
CRISP3	82	1.919078092376074
CRISPLD1	16	1.2304489213782739
CRISPLD2	45	1.662757831681574
CRK	388	2.5899496013257077
CRKL	318	2.503790683057181
CRLF1	45	1.662757831681574
CRLF2	272	2.436162647040756
CRLF3	50	1.7075701760979363
CRLS1	42	1.6334684555795864
CRMA	6	0.8450980400142568
CRMP1	105	2.0253058652647704
CRNDE	111	2.0492180226701815
CRNKL1	120	2.0827853703164503
CRNN	55	1.7481880270062005
CROCC	80	1.9084850188786497
CROCC2	11	1.0791812460476249
CROCCP2	8	0.9542425094393249
CROCCP3	3	0.6020599913279624
CROCCP4	1	0.3010299956639812
CROT	32	1.5185139398778875
CRP	2534	3.403977963669355
CRPP1	3	0.6020599913279624
CRPPA	37	1.5797835966168101
CRPPA-AS1	1	0.3010299956639812
CRSP5	2	0.47712125471966244
CRTAC1	62	1.7993405494535817
CRTAM	23	1.380211241711606
CRTAP	99	2.0
CRTC1	270	2.432969290874406
CRTC1P1	1	0.3010299956639812
CRTC2	295	2.4712917110589387
CRTC3	100	2.0043213737826426
CRTC3-AS1	1	0.3010299956639812
CRX	98	1.99563519459755
CRY1	257	2.41161970596323
CRY2	229	2.361727836017593
CRYAA	201	2.305351369446624
CRYAB	537	2.7307822756663893
CRYBA1	72	1.863322860120456
CRYBA2	16	1.2304489213782739
CRYBA4	37	1.5797835966168101
CRYBB1	71	1.8573324964312685
CRYBB2	70	1.8512583487190752
CRYBB2P1	7	0.9030899869919435
CRYBB3	33	1.5314789170422551
CRYBG1	66	1.8260748027008264
CRYBG2	16	1.2304489213782739
CRYBG3	48	1.6901960800285136
CRYGA	19	1.3010299956639813
CRYGB	31	1.505149978319906
CRYGC	64	1.8129133566428555
CRYGD	176	2.247973266361807
CRYGEP	4	0.6989700043360189
CRYGFP	3	0.6020599913279624
CRYGGP	1	0.3010299956639812
CRYGN	10	1.0413926851582251
CRYGS	77	1.8920946026904804
CRYL1	27	1.4471580313422192
CRYM	67	1.8325089127062364
CRYZ	65	1.8195439355418688
CRYZL1	33	1.5314789170422551
CRYZL2P	5	0.7781512503836436
CRYZL2P-SEC16B	16	1.2304489213782739
CRYZP1	3	0.6020599913279624
CRYZP2	1	0.3010299956639812
CS	156	2.1958996524092336
CSAD	19	1.3010299956639813
CSAG1	14	1.1760912590556813
CSAG2	25	1.414973347970818
CSAG3	21	1.3424226808222062
CSAG4	1	0.3010299956639812
CSDC2	23	1.380211241711606
CSDE1	266	2.4265112613645754
CSE1L	294	2.469822015978163
CSF1	362	2.5599066250361124
CSF1R	450	2.6541765418779604
CSF2	404	2.6074550232146687
CSF2RA	102	2.012837224705172
CSF2RB	145	2.164352855784437
CSF2RBP1	2	0.47712125471966244
CSF3	225	2.3541084391474008
CSF3R	263	2.4216039268698313
CSGALNACT1	53	1.7323937598229686
CSGALNACT2	33	1.5314789170422551
CSH1	91	1.9637878273455553
CSH2	33	1.5314789170422551
CSHL1	18	1.2787536009528289
CSK	1139	3.0569048513364727
CSKMT	12	1.1139433523068367
CSMD1	141	2.1522883443830563
CSMD2	29	1.4771212547196624
CSMD2-AS1	2	0.47712125471966244
CSMD3	23	1.380211241711606
CSN1S1	35	1.5563025007672873
CSN1S2AP	3	0.6020599913279624
CSN1S2BP	2	0.47712125471966244
CSN2	54	1.7403626894942439
CSN3	31	1.505149978319906
CSNK1A1	329	2.5185139398778875
CSNK1A1L	36	1.568201724066995
CSNK1A1P1	1	0.3010299956639812
CSNK1A1P2	1	0.3010299956639812
CSNK1D	206	2.315970345456918
CSNK1E	253	2.404833716619938
CSNK1G1	43	1.6434526764861874
CSNK1G2	61	1.792391689498254
CSNK1G2-AS1	7	0.9030899869919435
CSNK1G3	62	1.7993405494535817
CSNK2A1	948	2.977266212427293
CSNK2A2	367	2.5658478186735176
CSNK2A3	35	1.5563025007672873
CSNK2B	417	2.621176281775035
CSP1	1	0.3010299956639812
CSPG4	209	2.322219294733919
CSPG4P10	1	0.3010299956639812
CSPG4P12	3	0.6020599913279624
CSPG4P1Y	1	0.3010299956639812
CSPG4P2Y	1	0.3010299956639812
CSPG4P5	1	0.3010299956639812
CSPG5	25	1.414973347970818
CSPP1	65	1.8195439355418688
CSRNP1	29	1.4771212547196624
CSRNP2	19	1.3010299956639813
CSRNP3	11	1.0791812460476249
CSRP1	94	1.9777236052888478
CSRP2	92	1.968482948553935
CSRP2P1	3	0.6020599913279624
CSRP3	50	1.7075701760979363
CST1	89	1.954242509439325
CST11	14	1.1760912590556813
CST12P	2	0.47712125471966244
CST13P	2	0.47712125471966244
CST2	68	1.8388490907372552
CST3	2149	3.3324384599156054
CST4	83	1.9242792860618816
CST5	39	1.6020599913279623
CST6	64	1.8129133566428555
CST7	41	1.6232492903979006
CST8	21	1.3424226808222062
CST9	11	1.0791812460476249
CST9L	21	1.3424226808222062
CST9LP1	4	0.6989700043360189
CST9LP2	1	0.3010299956639812
CSTA	230	2.3636119798921444
CSTB	345	2.5390760987927767
CSTF1	106	2.0293837776852097
CSTF2	148	2.173186268412274
CSTF2T	102	2.012837224705172
CSTF3	124	2.0969100130080562
CSTF3-DT	2	0.47712125471966244
CSTL1	10	1.0413926851582251
CSTP1	8	0.9542425094393249
CSTP2	4	0.6989700043360189
CSTPP1	56	1.7558748556724915
CT45A1	21	1.3424226808222062
CT45A10	12	1.1139433523068367
CT45A2	10	1.0413926851582251
CT45A3	16	1.2304489213782739
CT45A5	11	1.0791812460476249
CT45A6	8	0.9542425094393249
CT45A7	2	0.47712125471966244
CT45A8	4	0.6989700043360189
CT45A9	3	0.6020599913279624
CT45B1P	1	0.3010299956639812
CT47A1	3	0.6020599913279624
CT47A10	2	0.47712125471966244
CT47A11	5	0.7781512503836436
CT47A12	2	0.47712125471966244
CT47A2	2	0.47712125471966244
CT47A3	3	0.6020599913279624
CT47A4	2	0.47712125471966244
CT47A5	2	0.47712125471966244
CT47A6	3	0.6020599913279624
CT47A7	2	0.47712125471966244
CT47A8	2	0.47712125471966244
CT47A9	2	0.47712125471966244
CT47B1	1	0.3010299956639812
CT47C1	1	0.3010299956639812
CT55	15	1.2041199826559248
CT62	4	0.6989700043360189
CT66	1	0.3010299956639812
CT69	4	0.6989700043360189
CT70	3	0.6020599913279624
CT75	3	0.6020599913279624
CT83	14	1.1760912590556813
CTAG1A	26	1.4313637641589874
CTAG1B	579	2.7634279935629373
CTAG2	36	1.568201724066995
CTAGE1	271	2.4345689040341987
CTAGE10P	2	0.47712125471966244
CTAGE12P	2	0.47712125471966244
CTAGE14P	1	0.3010299956639812
CTAGE15	7	0.9030899869919435
CTAGE3P	3	0.6020599913279624
CTAGE4	8	0.9542425094393249
CTAGE6	7	0.9030899869919435
CTAGE7P	3	0.6020599913279624
CTAGE8	11	1.0791812460476249
CTAGE9	7	0.9030899869919435
CTBP1	321	2.507855871695831
CTBP1-AS	8	0.9542425094393249
CTBP1-DT	18	1.2787536009528289
CTBP2	297	2.4742162640762553
CTBP2P1	2	0.47712125471966244
CTBS	23	1.380211241711606
CTC1	107	2.03342375548695
CTCF	1133	3.0546130545568877
CTCF-DT	1	0.3010299956639812
CTCFL	139	2.146128035678238
CTDNEP1	33	1.5314789170422551
CTDP1	80	1.9084850188786497
CTDSP1	74	1.8750612633917
CTDSP2	41	1.6232492903979006
CTDSPL	55	1.7481880270062005
CTDSPL2	47	1.6812412373755872
CTF1	64	1.8129133566428555
CTF2P	5	0.7781512503836436
CTH	121	2.0863598306747484
CTHRC1	170	2.2329961103921536
CTIF	42	1.6334684555795864
CTLA4	4385	3.642068627341504
CTNNA1	758	2.88024177589548
CTNNA1P1	3	0.6020599913279624
CTNNA2	90	1.9590413923210936
CTNNA3	96	1.9867717342662448
CTNNAL1	71	1.8573324964312685
CTNNB1	8541	3.9315595670908055
CTNNBIP1	152	2.184691430817599
CTNNBL1	123	2.093421685162235
CTNND1	472	2.6748611407378116
CTNND2	119	2.0791812460476247
CTNS	169	2.230448921378274
CTPS1	204	2.311753861055754
CTPS2	63	1.806179973983887
CTR9	165	2.220108088040055
CTRB1	23	1.380211241711606
CTRB2	15	1.2041199826559248
CTRC	59	1.7781512503836436
CTRL	24	1.3979400086720377
CTSA	241	2.383815365980431
CTSB	626	2.7972675408307164
CTSC	177	2.250420002308894
CTSD	602	2.780317312140151
CTSE	59	1.7781512503836436
CTSF	54	1.7403626894942439
CTSG	929	2.9684829485539352
CTSH	230	2.3636119798921444
CTSK	692	2.8407332346118066
CTSL	1053	3.022840610876528
CTSL3P	6	0.8450980400142568
CTSLP1	1	0.3010299956639812
CTSLP2	1	0.3010299956639812
CTSLP3	1	0.3010299956639812
CTSLP4	1	0.3010299956639812
CTSLP6	1	0.3010299956639812
CTSLP8	4	0.6989700043360189
CTSO	21	1.3424226808222062
CTSS	197	2.296665190261531
CTSV	101	2.0086001717619175
CTSW	33	1.5314789170422551
CTSZ	100	2.0043213737826426
CTTN	631	2.800717078282385
CTTNBP2	48	1.6901960800285136
CTTNBP2NL	65	1.8195439355418688
CTU1	23	1.380211241711606
CTU2	28	1.462397997898956
CTXN1	4	0.6989700043360189
CTXN2	1	0.3010299956639812
CTXN3	8	0.9542425094393249
CTXND1	1	0.3010299956639812
CTXND2	2	0.47712125471966244
CUBN	103	2.0170333392987803
CUBNP1	1	0.3010299956639812
CUEDC1	37	1.5797835966168101
CUEDC2	60	1.7853298350107671
CUL1	699	2.845098040014257
CUL2	351	2.546542663478131
CUL3	645	2.8102325179950842
CUL4A	546	2.737987326333431
CUL4B	388	2.5899496013257077
CUL5	344	2.537819095073274
CUL7	162	2.2121876044039577
CUL9	73	1.8692317197309762
CUTA	50	1.7075701760979363
CUTALP	2	0.47712125471966244
CUTC	34	1.5440680443502757
CUX1	297	2.4742162640762553
CUX2	38	1.591064607026499
CUZD1	19	1.3010299956639813
CWC15	87	1.9444826721501687
CWC22	96	1.9867717342662448
CWC25	41	1.6232492903979006
CWC27	75	1.8808135922807914
CWF19L1	61	1.792391689498254
CWF19L2	51	1.7160033436347992
CWH43	10	1.0413926851582251
CX3CL1	730	2.8639173769578603
CX3CR1	715	2.8549130223078554
CXADR	178	2.2528530309798933
CXADRP1	3	0.6020599913279624
CXADRP3	1	0.3010299956639812
CXCL1	1065	3.0277572046905536
CXCL10	2175	3.3376588910261424
CXCL11	428	2.6324572921847245
CXCL12	3902	3.5913985512812485
CXCL13	657	2.8182258936139557
CXCL14	211	2.326335860928751
CXCL16	380	2.5809249756756194
CXCL17	63	1.806179973983887
CXCL1P1	1	0.3010299956639812
CXCL2	242	2.385606273598312
CXCL3	129	2.113943352306837
CXCL3-AS1	1	0.3010299956639812
CXCL5	444	2.6483600109809315
CXCL6	137	2.1398790864012365
CXCL8	5178	3.714245911017894
CXCL9	832	2.9206450014067875
CXCR1	244	2.3891660843645326
CXCR2	561	2.749736315569061
CXCR2P1	4	0.6989700043360189
CXCR3	1335	3.125806458139527
CXCR4	4767	3.67833624673218
CXCR5	575	2.760422483423212
CXCR6	270	2.432969290874406
CXXC1	106	2.0293837776852097
CXXC1P1	1	0.3010299956639812
CXXC4	36	1.568201724066995
CXXC4-AS1	1	0.3010299956639812
CXXC5	72	1.863322860120456
CXXC5-AS1	1	0.3010299956639812
CXorf38	16	1.2304489213782739
CXorf49	2	0.47712125471966244
CXorf49C	1	0.3010299956639812
CXorf51A	2	0.47712125471966244
CXorf51B	3	0.6020599913279624
CXorf58	11	1.0791812460476249
CXorf65	7	0.9030899869919435
CXorf66	4	0.6989700043360189
CYB561	30	1.4913616938342726
CYB561A3	16	1.2304489213782739
CYB561D1	13	1.146128035678238
CYB561D2	25	1.414973347970818
CYB5A	122	2.089905111439398
CYB5AP2	1	0.3010299956639812
CYB5AP3	2	0.47712125471966244
CYB5AP4	2	0.47712125471966244
CYB5AP5	1	0.3010299956639812
CYB5B	94	1.9777236052888478
CYB5D1	9	1.0
CYB5D2	20	1.3222192947339193
CYB5R1	71	1.8573324964312685
CYB5R2	29	1.4771212547196624
CYB5R3	212	2.3283796034387376
CYB5R4	24	1.3979400086720377
CYB5RL	3	0.6020599913279624
CYBA	763	2.8830933585756897
CYBB	1243	3.0948203803548
CYBC1	34	1.5440680443502757
CYBRD1	77	1.8920946026904804
CYC1	141	2.1522883443830563
CYCS	237	2.376576957056512
CYCSP1	2	0.47712125471966244
CYCSP10	1	0.3010299956639812
CYCSP11	1	0.3010299956639812
CYCSP12	1	0.3010299956639812
CYCSP14	2	0.47712125471966244
CYCSP16	1	0.3010299956639812
CYCSP17	1	0.3010299956639812
CYCSP18	1	0.3010299956639812
CYCSP19	1	0.3010299956639812
CYCSP2	1	0.3010299956639812
CYCSP20	1	0.3010299956639812
CYCSP22	1	0.3010299956639812
CYCSP23	1	0.3010299956639812
CYCSP24	2	0.47712125471966244
CYCSP25	2	0.47712125471966244
CYCSP26	1	0.3010299956639812
CYCSP27	1	0.3010299956639812
CYCSP28	1	0.3010299956639812
CYCSP29	1	0.3010299956639812
CYCSP3	2	0.47712125471966244
CYCSP30	1	0.3010299956639812
CYCSP32	1	0.3010299956639812
CYCSP33	1	0.3010299956639812
CYCSP34	1	0.3010299956639812
CYCSP35	2	0.47712125471966244
CYCSP38	2	0.47712125471966244
CYCSP39	3	0.6020599913279624
CYCSP4	1	0.3010299956639812
CYCSP40	2	0.47712125471966244
CYCSP41	2	0.47712125471966244
CYCSP42	2	0.47712125471966244
CYCSP43	1	0.3010299956639812
CYCSP44	2	0.47712125471966244
CYCSP45	1	0.3010299956639812
CYCSP46	3	0.6020599913279624
CYCSP48	2	0.47712125471966244
CYCSP49	3	0.6020599913279624
CYCSP5	2	0.47712125471966244
CYCSP51	1	0.3010299956639812
CYCSP52	2	0.47712125471966244
CYCSP53	1	0.3010299956639812
CYCSP55	2	0.47712125471966244
CYCSP6	3	0.6020599913279624
CYCSP7	1	0.3010299956639812
CYCSP8	2	0.47712125471966244
CYCTP	3	0.6020599913279624
CYDAER	1	0.3010299956639812
CYFIP1	212	2.3283796034387376
CYFIP2	148	2.173186268412274
CYGB	175	2.24551266781415
CYKILR	4	0.6989700043360189
CYLC1	15	1.2041199826559248
CYLC2	22	1.3617278360175928
CYLD	548	2.739572344450092
CYLD-AS1	1	0.3010299956639812
CYMP	5	0.7781512503836436
CYMP-AS1	2	0.47712125471966244
CYP11A1	154	2.1903316981702914
CYP11B1	129	2.113943352306837
CYP11B2	370	2.569373909615046
CYP17A1	870	2.9400181550076634
CYP17A1-AS1	4	0.6989700043360189
CYP19A1	1179	3.0718820073061255
CYP1A1	1642	3.215637563435062
CYP1A2	1133	3.0546130545568877
CYP1B1	1519	3.1818435879447726
CYP1B1-AS1	3	0.6020599913279624
CYP1D1P	1	0.3010299956639812
CYP20A1	36	1.568201724066995
CYP21A1P	25	1.414973347970818
CYP21A2	684	2.8356905714924254
CYP24A1	579	2.7634279935629373
CYP26A1	72	1.863322860120456
CYP26B1	90	1.9590413923210936
CYP26C1	21	1.3424226808222062
CYP27A1	496	2.696356388733332
CYP27B1	361	2.558708570533166
CYP27C1	23	1.380211241711606
CYP2A13	134	2.130333768495006
CYP2A6	786	2.8959747323590648
CYP2A7	30	1.4913616938342726
CYP2A7P1	4	0.6989700043360189
CYP2B6	1031	3.0136796972911926
CYP2B7P	5	0.7781512503836436
CYP2C18	78	1.8976270912904414
CYP2C19	3432	3.53567380342575
CYP2C64P	1	0.3010299956639812
CYP2C8	659	2.8195439355418688
CYP2C9	2703	3.4320066872695985
CYP2D6	1096	3.0402066275747113
CYP2D7	35	1.5563025007672873
CYP2D8P	2	0.47712125471966244
CYP2E1	671	2.8273692730538253
CYP2F1	70	1.8512583487190752
CYP2F2P	4	0.6989700043360189
CYP2G1P	6	0.8450980400142568
CYP2G2P	4	0.6989700043360189
CYP2J2	264	2.423245873936808
CYP2R1	230	2.3636119798921444
CYP2S1	77	1.8920946026904804
CYP2T1P	8	0.9542425094393249
CYP2T3P	2	0.47712125471966244
CYP2U1	52	1.724275869600789
CYP2U1-AS1	1	0.3010299956639812
CYP2W1	51	1.7160033436347992
CYP39A1	31	1.505149978319906
CYP3A4	5908	3.7715139899796664
CYP3A43	52	1.724275869600789
CYP3A5	1716	3.2347702951609163
CYP3A51P	11	1.0791812460476249
CYP3A7	118	2.0755469613925306
CYP3A7-CYP3A51P	5	0.7781512503836436
CYP46A1	77	1.8920946026904804
CYP4A11	120	2.0827853703164503
CYP4A22	20	1.3222192947339193
CYP4A22-AS1	1	0.3010299956639812
CYP4B1	48	1.6901960800285136
CYP4F10P	1	0.3010299956639812
CYP4F11	39	1.6020599913279623
CYP4F12	38	1.591064607026499
CYP4F2	309	2.4913616938342726
CYP4F22	33	1.5314789170422551
CYP4F23P	2	0.47712125471966244
CYP4F24P	2	0.47712125471966244
CYP4F29P	2	0.47712125471966244
CYP4F3	52	1.724275869600789
CYP4F30P	3	0.6020599913279624
CYP4F35P	1	0.3010299956639812
CYP4F62P	3	0.6020599913279624
CYP4F8	24	1.3979400086720377
CYP4F9P	1	0.3010299956639812
CYP4V2	114	2.060697840353612
CYP4X1	18	1.2787536009528289
CYP4Z1	43	1.6434526764861874
CYP4Z2P	10	1.0413926851582251
CYP51A1	243	2.387389826338729
CYP51A1-AS1	2	0.47712125471966244
CYP51A1P1	1	0.3010299956639812
CYP51A1P2	2	0.47712125471966244
CYP7A1	244	2.3891660843645326
CYP7B1	129	2.113943352306837
CYP8B1	22	1.3617278360175928
CYREN	20	1.3222192947339193
CYRIA	30	1.4913616938342726
CYRIB	77	1.8920946026904804
CYS1	17	1.255272505103306
CYSLTR1	100	2.0043213737826426
CYSLTR2	76	1.8864907251724818
CYSRT1	13	1.146128035678238
CYSTM1	19	1.3010299956639813
CYTH1	65	1.8195439355418688
CYTH2	90	1.9590413923210936
CYTH3	46	1.6720978579357175
CYTH4	38	1.591064607026499
CYTIP	35	1.5563025007672873
CYTL1	35	1.5563025007672873
CYTOR	100	2.0043213737826426
CYYR1	18	1.2787536009528289
CYYR1-AS1	1	0.3010299956639812
CZIB	30	1.4913616938342726
D2HGDH	50	1.7075701760979363
DAAM1	95	1.9822712330395684
DAAM2	38	1.591064607026499
DAAM2-AS1	2	0.47712125471966244
DAB1	151	2.1818435879447726
DAB1-AS1	1	0.3010299956639812
DAB2	259	2.4149733479708178
DAB2IP	204	2.311753861055754
DACH1	168	2.2278867046136734
DACH2	33	1.5314789170422551
DACOR1	2	0.47712125471966244
DACT1	82	1.919078092376074
DACT2	48	1.6901960800285136
DACT3	15	1.2041199826559248
DACT3-AS1	2	0.47712125471966244
DAD1	87	1.9444826721501687
DAD1P1	3	0.6020599913279624
DAG1	568	2.7551122663950713
DAGARR	1	0.3010299956639812
DAGLA	58	1.7708520116421442
DAGLB	43	1.6434526764861874
DALIR	3	0.6020599913279624
DALRD3	28	1.462397997898956
DANCR	144	2.161368002234975
DAND5	23	1.380211241711606
DANT1	1	0.3010299956639812
DANT2	4	0.6989700043360189
DAO	151	2.1818435879447726
DAOA	174	2.2430380486862944
DAOA-AS1	25	1.414973347970818
DAP	50	1.7075701760979363
DAP3	190	2.2810333672477277
DAP3P1	2	0.47712125471966244
DAP3P2	1	0.3010299956639812
DAPK1	447	2.651278013998144
DAPK1-IT1	2	0.47712125471966244
DAPK2	71	1.8573324964312685
DAPK3	129	2.113943352306837
DAPL1	16	1.2304489213782739
DAPP1	37	1.5797835966168101
DARS1	228	2.359835482339888
DARS1-AS1	18	1.2787536009528289
DARS2	143	2.1583624920952498
DAW1	14	1.1760912590556813
DAXX	595	2.7752462597402365
DAZ1	223	2.3502480183341627
DAZ2	45	1.662757831681574
DAZ3	36	1.568201724066995
DAZ4	37	1.5797835966168101
DAZAP1	138	2.143014800254095
DAZAP2	56	1.7558748556724915
DAZL	147	2.1702617153949575
DBET	3	0.6020599913279624
DBF4	95	1.9822712330395684
DBF4B	38	1.591064607026499
DBF4P1	1	0.3010299956639812
DBH	231	2.3654879848909
DBH-AS1	9	1.0
DBI	99	2.0
DBIL5P	3	0.6020599913279624
DBIL5P2	2	0.47712125471966244
DBIP1	2	0.47712125471966244
DBN1	248	2.3961993470957363
DBNDD1	13	1.146128035678238
DBNDD2	24	1.3979400086720377
DBNL	140	2.1492191126553797
DBP	103	2.0170333392987803
DBR1	67	1.8325089127062364
DBT	133	2.1271047983648077
DBX1	8	0.9542425094393249
DBX2	11	1.0791812460476249
DCAF1	259	2.4149733479708178
DCAF10	46	1.6720978579357175
DCAF11	64	1.8129133566428555
DCAF12	36	1.568201724066995
DCAF12L1	9	1.0
DCAF12L2	8	0.9542425094393249
DCAF13	92	1.968482948553935
DCAF13P1	1	0.3010299956639812
DCAF13P3	1	0.3010299956639812
DCAF15	39	1.6020599913279623
DCAF16	37	1.5797835966168101
DCAF17	54	1.7403626894942439
DCAF4	34	1.5440680443502757
DCAF4L1	13	1.146128035678238
DCAF4L2	12	1.1139433523068367
DCAF5	56	1.7558748556724915
DCAF6	60	1.7853298350107671
DCAF7	183	2.2648178230095364
DCAF8	98	1.99563519459755
DCAF8-DT	1	0.3010299956639812
DCAF8L1	6	0.8450980400142568
DCAF8L2	9	1.0
DCAKD	57	1.7634279935629373
DCANP1	19	1.3010299956639813
DCBLD1	37	1.5797835966168101
DCBLD2	59	1.7781512503836436
DCC	348	2.5428254269591797
DCD	237	2.376576957056512
DCDC1	25	1.414973347970818
DCDC2	125	2.100370545117563
DCDC2B	13	1.146128035678238
DCDC2C	9	1.0
DCHS1	35	1.5563025007672873
DCHS2	22	1.3617278360175928
DCK	124	2.0969100130080562
DCLK1	284	2.45484486000851
DCLK2	40	1.6127838567197355
DCLK3	18	1.2787536009528289
DCLRE1A	57	1.7634279935629373
DCLRE1B	80	1.9084850188786497
DCLRE1C	227	2.357934847000454
DCN	948	2.977266212427293
DCP1A	178	2.2528530309798933
DCP1B	68	1.8388490907372552
DCP2	114	2.060697840353612
DCPH1	39	1.6020599913279623
DCPS	90	1.9590413923210936
DCR	2	0.47712125471966244
DCST1	18	1.2787536009528289
DCST1-AS1	9	1.0
DCST2	12	1.1139433523068367
DCSTAMP	44	1.6532125137753437
DCT	69	1.845098040014257
DCTD	40	1.6127838567197355
DCTN1	416	2.6201360549737576
DCTN1-AS1	1	0.3010299956639812
DCTN2	252	2.403120521175818
DCTN3	72	1.863322860120456
DCTN4	88	1.9493900066449128
DCTN5	42	1.6334684555795864
DCTN6	42	1.6334684555795864
DCTPP1	58	1.7708520116421442
DCUN1D1	95	1.9822712330395684
DCUN1D2	22	1.3617278360175928
DCUN1D3	29	1.4771212547196624
DCUN1D4	30	1.4913616938342726
DCUN1D5	60	1.7853298350107671
DCX	352	2.5477747053878224
DCXR	85	1.9344984512435677
DCXR-DT	1	0.3010299956639812
DDA1	72	1.863322860120456
DDAH1	119	2.0791812460476247
DDAH2	98	1.99563519459755
DDB1	809	2.90848501887865
DDB2	332	2.5224442335063197
DDC	174	2.2430380486862944
DDC-AS1	2	0.47712125471966244
DDERMMAL	1	0.3010299956639812
DDHD1	43	1.6434526764861874
DDHD2	64	1.8129133566428555
DDI1	25	1.414973347970818
DDI2	55	1.7481880270062005
DDIAS	22	1.3617278360175928
DDIT3	1413	3.150449409460881
DDIT4	269	2.4313637641589874
DDIT4-AS1	2	0.47712125471966244
DDIT4L	32	1.5185139398778875
DDN	18	1.2787536009528289
DDN-AS1	2	0.47712125471966244
DDO	48	1.6901960800285136
DDOST	227	2.357934847000454
DDR1	381	2.582063362911709
DDR1-DT	1	0.3010299956639812
DDR2	200	2.303196057420489
DDRGK1	106	2.0293837776852097
DDT	64	1.8129133566428555
DDTL	19	1.3010299956639813
DDX1	372	2.571708831808688
DDX10	133	2.1271047983648077
DDX11	111	2.0492180226701815
DDX11-AS1	13	1.146128035678238
DDX11L1	2	0.47712125471966244
DDX11L10	1	0.3010299956639812
DDX11L11	2	0.47712125471966244
DDX11L12	1	0.3010299956639812
DDX11L13	1	0.3010299956639812
DDX11L16	3	0.6020599913279624
DDX11L17	1	0.3010299956639812
DDX11L2	4	0.6989700043360189
DDX11L3	1	0.3010299956639812
DDX11L4	1	0.3010299956639812
DDX11L5	1	0.3010299956639812
DDX11L8	14	1.1760912590556813
DDX11L9	2	0.47712125471966244
DDX12B	4	0.6989700043360189
DDX12P	12	1.1139433523068367
DDX17	471	2.673941998634088
DDX18	198	2.298853076409707
DDX18P5	1	0.3010299956639812
DDX19A	81	1.9138138523837167
DDX19A-DT	1	0.3010299956639812
DDX19B	102	2.012837224705172
DDX20	204	2.311753861055754
DDX21	425	2.629409599102719
DDX23	188	2.2764618041732443
DDX24	201	2.305351369446624
DDX25	25	1.414973347970818
DDX27	161	2.2095150145426308
DDX28	80	1.9084850188786497
DDX31	75	1.8808135922807914
DDX39A	237	2.376576957056512
DDX39B	321	2.507855871695831
DDX3ILA1	2	0.47712125471966244
DDX3P3	1	0.3010299956639812
DDX3X	763	2.8830933585756897
DDX3Y	144	2.161368002234975
DDX4	120	2.0827853703164503
DDX41	258	2.413299764081252
DDX42	134	2.130333768495006
DDX43	51	1.7160033436347992
DDX46	181	2.2600713879850747
DDX47	162	2.2121876044039577
DDX49	67	1.8325089127062364
DDX5	687	2.837588438235511
DDX50	173	2.2405492482826
DDX50P1	1	0.3010299956639812
DDX50P2	1	0.3010299956639812
DDX51	63	1.806179973983887
DDX52	124	2.0969100130080562
DDX53	39	1.6020599913279623
DDX54	168	2.2278867046136734
DDX55	96	1.9867717342662448
DDX56	142	2.155336037465062
DDX59	37	1.5797835966168101
DDX59-AS1	2	0.47712125471966244
DDX6	345	2.5390760987927767
DDX60	46	1.6720978579357175
DDX60L	28	1.462397997898956
DEAF1	87	1.9444826721501687
DECR1	107	2.03342375548695
DECR2	51	1.7160033436347992
DEDD	45	1.662757831681574
DEDD2	26	1.4313637641589874
DEF6	44	1.6532125137753437
DEF8	23	1.380211241711606
DEFA1	147	2.1702617153949575
DEFA10P	1	0.3010299956639812
DEFA11P	2	0.47712125471966244
DEFA1A3	29	1.4771212547196624
DEFA1B	41	1.6232492903979006
DEFA3	74	1.8750612633917
DEFA4	40	1.6127838567197355
DEFA5	170	2.2329961103921536
DEFA6	68	1.8388490907372552
DEFA7P	3	0.6020599913279624
DEFA8P	2	0.47712125471966244
DEFA9P	2	0.47712125471966244
DEFB1	528	2.7234556720351857
DEFB103A	443	2.6473829701146196
DEFB103B	143	2.1583624920952498
DEFB104A	28	1.462397997898956
DEFB104B	11	1.0791812460476249
DEFB105A	17	1.255272505103306
DEFB105B	10	1.0413926851582251
DEFB106A	18	1.2787536009528289
DEFB106B	9	1.0
DEFB107A	11	1.0791812460476249
DEFB107B	9	1.0
DEFB108A	2	0.47712125471966244
DEFB108B	5	0.7781512503836436
DEFB108C	4	0.6989700043360189
DEFB108D	2	0.47712125471966244
DEFB108E	2	0.47712125471966244
DEFB108F	1	0.3010299956639812
DEFB109A	4	0.6989700043360189
DEFB109B	14	1.1760912590556813
DEFB109C	3	0.6020599913279624
DEFB109D	1	0.3010299956639812
DEFB109E	1	0.3010299956639812
DEFB110	6	0.8450980400142568
DEFB112	5	0.7781512503836436
DEFB113	2	0.47712125471966244
DEFB114	6	0.8450980400142568
DEFB115	4	0.6989700043360189
DEFB116	4	0.6989700043360189
DEFB117	2	0.47712125471966244
DEFB118	18	1.2787536009528289
DEFB119	18	1.2787536009528289
DEFB121	9	1.0
DEFB122	2	0.47712125471966244
DEFB123	6	0.8450980400142568
DEFB124	9	1.0
DEFB125	7	0.9030899869919435
DEFB126	100	2.0043213737826426
DEFB127	23	1.380211241711606
DEFB128	8	0.9542425094393249
DEFB129	11	1.0791812460476249
DEFB130A	8	0.9542425094393249
DEFB130B	2	0.47712125471966244
DEFB131A	8	0.9542425094393249
DEFB131B	2	0.47712125471966244
DEFB132	9	1.0
DEFB133	2	0.47712125471966244
DEFB134	3	0.6020599913279624
DEFB135	3	0.6020599913279624
DEFB136	5	0.7781512503836436
DEFB4A	957	2.9813655090785445
DEFB4B	4	0.6989700043360189
DEFT1P	10	1.0413926851582251
DEFT1P2	6	0.8450980400142568
DEGS1	70	1.8512583487190752
DEGS2	11	1.0791812460476249
DEK	398	2.6009728956867484
DELE1	34	1.5440680443502757
DELEC1	86	1.9395192526186185
DEMA1	11	1.0791812460476249
DENND10	20	1.3222192947339193
DENND10P1	8	0.9542425094393249
DENND11	19	1.3010299956639813
DENND1A	75	1.8808135922807914
DENND1B	38	1.591064607026499
DENND1C	16	1.2304489213782739
DENND2A	14	1.1760912590556813
DENND2B	34	1.5440680443502757
DENND2C	18	1.2787536009528289
DENND2D	29	1.4771212547196624
DENND3	22	1.3617278360175928
DENND4A	77	1.8920946026904804
DENND4B	22	1.3617278360175928
DENND4C	64	1.8129133566428555
DENND5A	35	1.5563025007672873
DENND5B	20	1.3222192947339193
DENND5B-AS1	1	0.3010299956639812
DENND6A	27	1.4471580313422192
DENND6A-DT	1	0.3010299956639812
DENND6B	18	1.2787536009528289
DENR	81	1.9138138523837167
DEPDC1	70	1.8512583487190752
DEPDC1B	73	1.8692317197309762
DEPDC4	6	0.8450980400142568
DEPDC5	133	2.1271047983648077
DEPDC7	26	1.4313637641589874
DEPP1	35	1.5563025007672873
DEPTOR	168	2.2278867046136734
DEPTOR-AS1	1	0.3010299956639812
DERA	48	1.6901960800285136
DERL1	189	2.278753600952829
DERL2	85	1.9344984512435677
DERL3	35	1.5563025007672873
DERPC	16	1.2304489213782739
DES	209	2.322219294733919
DESI1	20	1.3222192947339193
DESI2	35	1.5563025007672873
DET1	36	1.568201724066995
DEUP1	29	1.4771212547196624
DEXI	19	1.3010299956639813
DFFA	97	1.9912260756924949
DFFB	125	2.100370545117563
DGAT1	206	2.315970345456918
DGAT2	134	2.130333768495006
DGAT2-DT	1	0.3010299956639812
DGAT2L6	9	1.0
DGAT2L7P	3	0.6020599913279624
DGCR	3	0.6020599913279624
DGCR11	1	0.3010299956639812
DGCR2	40	1.6127838567197355
DGCR5	35	1.5563025007672873
DGCR6	26	1.4313637641589874
DGCR6L	14	1.1760912590556813
DGCR8	282	2.45178643552429
DGKA	71	1.8573324964312685
DGKB	43	1.6434526764861874
DGKD	56	1.7558748556724915
DGKE	102	2.012837224705172
DGKG	40	1.6127838567197355
DGKH	63	1.806179973983887
DGKI	24	1.3979400086720377
DGKK	27	1.4471580313422192
DGKQ	41	1.6232492903979006
DGKZ	112	2.0530784434834195
DGKZP1	1	0.3010299956639812
DGLUCY	30	1.4913616938342726
DGUOK	61	1.792391689498254
DGUOK-AS1	3	0.6020599913279624
DHCR24	241	2.383815365980431
DHCR24-DT	1	0.3010299956639812
DHCR7	237	2.376576957056512
DHCR7-DT	1	0.3010299956639812
DHDDS	42	1.6334684555795864
DHDH	15	1.2041199826559248
DHFR	233	2.369215857410143
DHFR2	22	1.3617278360175928
DHFRP1	35	1.5563025007672873
DHFRP2	6	0.8450980400142568
DHFRP3	4	0.6989700043360189
DHH	62	1.7993405494535817
DHODH	65	1.8195439355418688
DHPS	89	1.954242509439325
DHRS1	36	1.568201724066995
DHRS11	18	1.2787536009528289
DHRS12	12	1.1139433523068367
DHRS13	26	1.4313637641589874
DHRS2	84	1.9294189257142926
DHRS3	38	1.591064607026499
DHRS4	62	1.7993405494535817
DHRS4-AS1	5	0.7781512503836436
DHRS4L1	12	1.1139433523068367
DHRS4L2	22	1.3617278360175928
DHRS7	68	1.8388490907372552
DHRS7B	80	1.9084850188786497
DHRS7C	8	0.9542425094393249
DHRS9	38	1.591064607026499
DHRSX	19	1.3010299956639813
DHTKD1	67	1.8325089127062364
DHX15	338	2.530199698203082
DHX16	127	2.1072099696478683
DHX29	104	2.0211892990699383
DHX30	247	2.3944516808262164
DHX32	44	1.6532125137753437
DHX33	91	1.9637878273455553
DHX34	50	1.7075701760979363
DHX35	49	1.6989700043360187
DHX36	211	2.326335860928751
DHX37	111	2.0492180226701815
DHX38	135	2.1335389083702174
DHX40	76	1.8864907251724818
DHX57	108	2.037426497940624
DHX58	104	2.0211892990699383
DHX8	110	2.0453229787866576
DHX9	654	2.816241299991783
DHX9-AS1	2	0.47712125471966244
DHX9P1	1	0.3010299956639812
DIABLO	824	2.916453948549925
DIAPH1	340	2.5327543789924976
DIAPH1-AS1	2	0.47712125471966244
DIAPH2	102	2.012837224705172
DIAPH2-AS1	5	0.7781512503836436
DIAPH3	129	2.113943352306837
DIAPH3-AS1	1	0.3010299956639812
DIAPH3-AS2	1	0.3010299956639812
DICER1	1406	3.1482940974347455
DICER1-AS1	4	0.6989700043360189
DIDO1	164	2.2174839442139063
DIMT1	134	2.130333768495006
DINOL	5	0.7781512503836436
DIO1	74	1.8750612633917
DIO2	155	2.1931245983544616
DIO3	67	1.8325089127062364
DIO3OS	5	0.7781512503836436
DIP2A	64	1.8129133566428555
DIP2A-IT1	1	0.3010299956639812
DIP2B	70	1.8512583487190752
DIP2C	34	1.5440680443502757
DIP2C-AS1	4	0.6989700043360189
DIPK1A	26	1.4313637641589874
DIPK1B	15	1.2041199826559248
DIPK1C	9	1.0
DIPK2A	42	1.6334684555795864
DIPK2B	16	1.2304489213782739
DIRAS1	32	1.5185139398778875
DIRAS2	38	1.591064607026499
DIRAS3	116	2.0681858617461617
DIRC1	10	1.0413926851582251
DIRC3	13	1.146128035678238
DIS3	180	2.2576785748691846
DIS3L	47	1.6812412373755872
DIS3L2	72	1.863322860120456
DIS3L2P1	1	0.3010299956639812
DISC1	499	2.6989700043360187
DISC1FP1	12	1.1139433523068367
DISC2	18	1.2787536009528289
DISP1	33	1.5314789170422551
DISP2	13	1.146128035678238
DISP3	17	1.255272505103306
DIXDC1	55	1.7481880270062005
DKC1	494	2.694605198933569
DKK1	1301	3.114610984232173
DKK2	99	2.0
DKK3	348	2.5428254269591797
DKK4	62	1.7993405494535817
DKKL1	30	1.4913616938342726
DLAT	209	2.322219294733919
DLC1	280	2.44870631990508
DLD	184	2.2671717284030137
DLEC1	56	1.7558748556724915
DLEU1	63	1.806179973983887
DLEU1-AS1	5	0.7781512503836436
DLEU2	65	1.8195439355418688
DLEU2L	1	0.3010299956639812
DLEU7	25	1.414973347970818
DLEU7-AS1	2	0.47712125471966244
DLG1	458	2.661812685537261
DLG1-AS1	6	0.8450980400142568
DLG2	111	2.0492180226701815
DLG2-AS1	2	0.47712125471966244
DLG3	115	2.0644579892269186
DLG4	278	2.4456042032735974
DLG5	181	2.2600713879850747
DLG5-AS1	3	0.6020599913279624
DLGAP1	75	1.8808135922807914
DLGAP1-AS1	11	1.0791812460476249
DLGAP1-AS2	13	1.146128035678238
DLGAP1-AS3	2	0.47712125471966244
DLGAP1-AS5	2	0.47712125471966244
DLGAP1-AS6	1	0.3010299956639812
DLGAP2	45	1.662757831681574
DLGAP2-AS1	1	0.3010299956639812
DLGAP3	29	1.4771212547196624
DLGAP4	52	1.724275869600789
DLGAP4-AS1	2	0.47712125471966244
DLGAP5	133	2.1271047983648077
DLGAP5P1	2	0.47712125471966244
DLK1	509	2.7075701760979363
DLK2	18	1.2787536009528289
DLL1	127	2.1072099696478683
DLL3	187	2.27415784926368
DLL4	350	2.545307116465824
DLST	183	2.2648178230095364
DLSTP1	4	0.6989700043360189
DLX1	38	1.591064607026499
DLX2	59	1.7781512503836436
DLX2-DT	1	0.3010299956639812
DLX3	76	1.8864907251724818
DLX4	103	2.0170333392987803
DLX5	143	2.1583624920952498
DLX6	94	1.9777236052888478
DLX6-AS1	37	1.5797835966168101
DM1-AS	1	0.3010299956639812
DMAC1	19	1.3010299956639813
DMAC2	28	1.462397997898956
DMAC2L	31	1.505149978319906
DMAP1	206	2.315970345456918
DMBT1	247	2.3944516808262164
DMBT1L1	1	0.3010299956639812
DMBX1	17	1.255272505103306
DMC1	70	1.8512583487190752
DMD	889	2.949390006644913
DMD-AS3	1	0.3010299956639812
DMGDH	43	1.6434526764861874
DMKN	37	1.5797835966168101
DMP1	75	1.8808135922807914
DMPK	643	2.808885867359812
DMRT1	50	1.7075701760979363
DMRT2	51	1.7160033436347992
DMRT3	17	1.255272505103306
DMRTA1	14	1.1760912590556813
DMRTA2	10	1.0413926851582251
DMRTB1	20	1.3222192947339193
DMRTC1	8	0.9542425094393249
DMRTC1B	6	0.8450980400142568
DMRTC2	11	1.0791812460476249
DMTF1	53	1.7323937598229686
DMTF1-AS1	1	0.3010299956639812
DMTN	53	1.7323937598229686
DMWD	41	1.6232492903979006
DMXL1	49	1.6989700043360187
DMXL1-DT	1	0.3010299956639812
DMXL2	53	1.7323937598229686
DNA2	127	2.1072099696478683
DNAAF1	25	1.414973347970818
DNAAF10	60	1.7853298350107671
DNAAF11	35	1.5563025007672873
DNAAF19	26	1.4313637641589874
DNAAF2	40	1.6127838567197355
DNAAF3	23	1.380211241711606
DNAAF3-AS1	1	0.3010299956639812
DNAAF4	87	1.9444826721501687
DNAAF4-CCPG1	2	0.47712125471966244
DNAAF5	75	1.8808135922807914
DNAAF6	23	1.380211241711606
DNAAF8	9	1.0
DNAAF9	19	1.3010299956639813
DNAH1	55	1.7481880270062005
DNAH10	42	1.6334684555795864
DNAH10OS	2	0.47712125471966244
DNAH11	82	1.919078092376074
DNAH12	36	1.568201724066995
DNAH14	32	1.5185139398778875
DNAH17	30	1.4913616938342726
DNAH17-AS1	3	0.6020599913279624
DNAH2	33	1.5314789170422551
DNAH3	26	1.4313637641589874
DNAH5	120	2.0827853703164503
DNAH6	35	1.5563025007672873
DNAH7	33	1.5314789170422551
DNAH8	34	1.5440680443502757
DNAH8-AS1	3	0.6020599913279624
DNAH9	75	1.8808135922807914
DNAI1	58	1.7708520116421442
DNAI2	16	1.2304489213782739
DNAI3	19	1.3010299956639813
DNAI4	13	1.146128035678238
DNAI7	16	1.2304489213782739
DNAJA1	471	2.673941998634088
DNAJA2	282	2.45178643552429
DNAJA3	249	2.3979400086720375
DNAJA4	54	1.7403626894942439
DNAJB1	485	2.6866362692622934
DNAJB11	208	2.3201462861110542
DNAJB12	109	2.041392685158225
DNAJB13	19	1.3010299956639813
DNAJB14	44	1.6532125137753437
DNAJB1P1	6	0.8450980400142568
DNAJB2	105	2.0253058652647704
DNAJB3P	30	1.4913616938342726
DNAJB4	113	2.0569048513364727
DNAJB5	36	1.568201724066995
DNAJB5-DT	1	0.3010299956639812
DNAJB6	286	2.4578818967339924
DNAJB6P1	1	0.3010299956639812
DNAJB7	17	1.255272505103306
DNAJB8	35	1.5563025007672873
DNAJB8-AS1	2	0.47712125471966244
DNAJB9	100	2.0043213737826426
DNAJC1	76	1.8864907251724818
DNAJC10	169	2.230448921378274
DNAJC11	103	2.0170333392987803
DNAJC12	46	1.6720978579357175
DNAJC13	129	2.113943352306837
DNAJC14	44	1.6532125137753437
DNAJC15	40	1.6127838567197355
DNAJC16	64	1.8129133566428555
DNAJC17	42	1.6334684555795864
DNAJC18	25	1.414973347970818
DNAJC19	60	1.7853298350107671
DNAJC2	81	1.9138138523837167
DNAJC21	69	1.845098040014257
DNAJC22	8	0.9542425094393249
DNAJC24	18	1.2787536009528289
DNAJC25	14	1.1760912590556813
DNAJC25-GNG10	7	0.9030899869919435
DNAJC27	25	1.414973347970818
DNAJC27-AS1	2	0.47712125471966244
DNAJC28	23	1.380211241711606
DNAJC3	125	2.100370545117563
DNAJC3-DT	4	0.6989700043360189
DNAJC30	35	1.5563025007672873
DNAJC4	19	1.3010299956639813
DNAJC5	87	1.9444826721501687
DNAJC5B	15	1.2041199826559248
DNAJC5G	4	0.6989700043360189
DNAJC6	64	1.8129133566428555
DNAJC6-AS1	1	0.3010299956639812
DNAJC7	220	2.3443922736851106
DNAJC8	84	1.9294189257142926
DNAJC8P1	1	0.3010299956639812
DNAJC9	144	2.161368002234975
DNAJC9-AS1	3	0.6020599913279624
DNAL1	20	1.3222192947339193
DNAL4	25	1.414973347970818
DNALI1	35	1.5563025007672873
DNASE1	371	2.5705429398818973
DNASE1L1	49	1.6989700043360187
DNASE1L2	27	1.4471580313422192
DNASE1L3	91	1.9637878273455553
DNASE2	63	1.806179973983887
DNASE2B	22	1.3617278360175928
DND1	37	1.5797835966168101
DNER	72	1.863322860120456
DNHD1	29	1.4771212547196624
DNLZ	16	1.2304489213782739
DNM1	218	2.3404441148401185
DNM1L	1016	3.0073209529227447
DNM1P17	1	0.3010299956639812
DNM1P18	1	0.3010299956639812
DNM1P19	1	0.3010299956639812
DNM1P24	1	0.3010299956639812
DNM1P25	1	0.3010299956639812
DNM1P26	2	0.47712125471966244
DNM1P27	2	0.47712125471966244
DNM1P28	1	0.3010299956639812
DNM1P29	1	0.3010299956639812
DNM1P30	1	0.3010299956639812
DNM1P31	1	0.3010299956639812
DNM1P32	1	0.3010299956639812
DNM1P33	2	0.47712125471966244
DNM1P34	6	0.8450980400142568
DNM1P35	3	0.6020599913279624
DNM1P36	2	0.47712125471966244
DNM1P37	2	0.47712125471966244
DNM1P38	3	0.6020599913279624
DNM1P40	2	0.47712125471966244
DNM1P41	1	0.3010299956639812
DNM1P43	1	0.3010299956639812
DNM1P44	1	0.3010299956639812
DNM1P45	1	0.3010299956639812
DNM1P46	3	0.6020599913279624
DNM1P47	1	0.3010299956639812
DNM1P49	1	0.3010299956639812
DNM1P5	1	0.3010299956639812
DNM1P50	1	0.3010299956639812
DNM1P9	1	0.3010299956639812
DNM2	385	2.586587304671755
DNM3	92	1.968482948553935
DNM3OS	12	1.1139433523068367
DNMBP	81	1.9138138523837167
DNMBP-AS1	2	0.47712125471966244
DNMT1	1960	3.292477593667784
DNMT3A	1686	3.2271150825891253
DNMT3AP1	3	0.6020599913279624
DNMT3B	495	2.6954816764901977
DNMT3L	101	2.0086001717619175
DNPEP	65	1.8195439355418688
DNPH1	39	1.6020599913279623
DNTT	54	1.7403626894942439
DNTTIP1	64	1.8129133566428555
DNTTIP2	107	2.03342375548695
DOC2A	40	1.6127838567197355
DOC2B	29	1.4771212547196624
DOC2GP	2	0.47712125471966244
DOCK1	190	2.2810333672477277
DOCK10	47	1.6812412373755872
DOCK11	44	1.6532125137753437
DOCK2	142	2.155336037465062
DOCK3	60	1.7853298350107671
DOCK4	103	2.0170333392987803
DOCK4-AS1	2	0.47712125471966244
DOCK5	61	1.792391689498254
DOCK6	77	1.8920946026904804
DOCK6-AS1	2	0.47712125471966244
DOCK7	192	2.285557309007774
DOCK8	323	2.510545010206612
DOCK8-AS1	4	0.6989700043360189
DOCK9	62	1.7993405494535817
DOCK9-DT	1	0.3010299956639812
DOHH	31	1.505149978319906
DOK1	106	2.0293837776852097
DOK2	67	1.8325089127062364
DOK3	49	1.6989700043360187
DOK4	35	1.5563025007672873
DOK5	40	1.6127838567197355
DOK6	22	1.3617278360175928
DOK7	104	2.0211892990699383
DOLK	25	1.414973347970818
DOLPP1	26	1.4313637641589874
DONSON	38	1.591064607026499
DOP1A	29	1.4771212547196624
DOP1B	50	1.7075701760979363
DORIP1	6	0.8450980400142568
DOT1L	321	2.507855871695831
DPAGT1	56	1.7558748556724915
DPCD	38	1.591064607026499
DPEP1	47	1.6812412373755872
DPEP2	19	1.3010299956639813
DPEP2NB	1	0.3010299956639812
DPEP3	17	1.255272505103306
DPF1	45	1.662757831681574
DPF2	130	2.1172712956557644
DPF3	67	1.8325089127062364
DPH1	66	1.8260748027008264
DPH2	44	1.6532125137753437
DPH3	24	1.3979400086720377
DPH3P1	2	0.47712125471966244
DPH5	28	1.462397997898956
DPH5-DT	7	0.9030899869919435
DPH6	24	1.3979400086720377
DPH6-DT	3	0.6020599913279624
DPH7	24	1.3979400086720377
DPM1	185	2.2695129442179165
DPM2	24	1.3979400086720377
DPM3	36	1.568201724066995
DPP10	85	1.9344984512435677
DPP10-AS1	3	0.6020599913279624
DPP10-AS3	1	0.3010299956639812
DPP3	113	2.0569048513364727
DPP3-DT	1	0.3010299956639812
DPP4	1552	3.1911714557285586
DPP6	127	2.1072099696478683
DPP7	39	1.6020599913279623
DPP8	104	2.0211892990699383
DPP9	147	2.1702617153949575
DPPA2	31	1.505149978319906
DPPA2P2	1	0.3010299956639812
DPPA2P3	1	0.3010299956639812
DPPA3	23	1.380211241711606
DPPA3P2	2	0.47712125471966244
DPPA4	47	1.6812412373755872
DPPA5	15	1.2041199826559248
DPPA5P1	1	0.3010299956639812
DPPA5P2	1	0.3010299956639812
DPRX	5	0.7781512503836436
DPRXP4	1	0.3010299956639812
DPT	63	1.806179973983887
DPY19L1	39	1.6020599913279623
DPY19L2	54	1.7403626894942439
DPY19L2P1	7	0.9030899869919435
DPY19L2P2	5	0.7781512503836436
DPY19L2P3	2	0.47712125471966244
DPY19L2P4	6	0.8450980400142568
DPY19L3	25	1.414973347970818
DPY19L3-DT	2	0.47712125471966244
DPY19L4	20	1.3222192947339193
DPY30	147	2.1702617153949575
DPYD	272	2.436162647040756
DPYD-AS2	1	0.3010299956639812
DPYS	30	1.4913616938342726
DPYSL2	229	2.361727836017593
DPYSL3	127	2.1072099696478683
DPYSL4	50	1.7075701760979363
DPYSL5	158	2.2013971243204513
DQX1	11	1.0791812460476249
DR1	88	1.9493900066449128
DRAIC	12	1.1139433523068367
DRAM1	88	1.9493900066449128
DRAM2	36	1.568201724066995
DRAP1	74	1.8750612633917
DRAXIN	17	1.255272505103306
DRC1	23	1.380211241711606
DRC10	13	1.146128035678238
DRC11	16	1.2304489213782739
DRC11L	7	0.9030899869919435
DRC12	6	0.8450980400142568
DRC2	23	1.380211241711606
DRC3	25	1.414973347970818
DRC4	37	1.5797835966168101
DRC5	8	0.9542425094393249
DRC7	18	1.2787536009528289
DRC8	15	1.2041199826559248
DRC9	24	1.3979400086720377
DRD1	408	2.611723308007342
DRD2	1781	3.250907699700856
DRD3	946	2.9763499790032735
DRD4	1363	3.13481437032046
DRD5	216	2.3364597338485296
DRD5P1	3	0.6020599913279624
DRD5P2	5	0.7781512503836436
DRD5P3	1	0.3010299956639812
DRG1	177	2.250420002308894
DRG2	89	1.954242509439325
DRGX	7	0.9030899869919435
DRICH1	11	1.0791812460476249
DROSHA	502	2.7015679850559273
DRP2	15	1.2041199826559248
DSC1	204	2.311753861055754
DSC2	136	2.1367205671564067
DSC3	115	2.0644579892269186
DSCAM	83	1.9242792860618816
DSCAM-AS1	26	1.4313637641589874
DSCAM-IT1	2	0.47712125471966244
DSCAML1	29	1.4771212547196624
DSCAS	1	0.3010299956639812
DSCC1	35	1.5563025007672873
DSCR10	4	0.6989700043360189
DSCR4	13	1.146128035678238
DSCR4-IT1	1	0.3010299956639812
DSCR8	12	1.1139433523068367
DSCR9	9	1.0
DSE	50	1.7075701760979363
DSEL	16	1.2304489213782739
DSEL-AS1	4	0.6989700043360189
DSG1	493	2.693726948923647
DSG2	399	2.6020599913279625
DSG2-AS1	1	0.3010299956639812
DSG3	489	2.690196080028514
DSG4	51	1.7160033436347992
DSN1	78	1.8976270912904414
DSP	425	2.629409599102719
DSP-AS1	1	0.3010299956639812
DSPP	89	1.954242509439325
DST	709	2.8512583487190755
DSTN	173	2.2405492482826
DSTNP2	1	0.3010299956639812
DSTYK	43	1.6434526764861874
DTD1	42	1.6334684555795864
DTD1-AS1	1	0.3010299956639812
DTD2	11	1.0791812460476249
DTHD1	9	1.0
DTL	133	2.1271047983648077
DTNA	123	2.093421685162235
DTNB	73	1.8692317197309762
DTNBP1	303	2.482873583608754
DTNBP1-AS1	1	0.3010299956639812
DTWD1	12	1.1139433523068367
DTWD2	29	1.4771212547196624
DTX1	58	1.7708520116421442
DTX2	57	1.7634279935629373
DTX2P1-UPK3BP1-PMS2P11	10	1.0413926851582251
DTX3	36	1.568201724066995
DTX3L	82	1.919078092376074
DTX4	25	1.414973347970818
DTYMK	58	1.7708520116421442
DUBR	7	0.9030899869919435
DUOX1	153	2.187520720836463
DUOX2	252	2.403120521175818
DUOXA1	27	1.4471580313422192
DUOXA2	57	1.7634279935629373
DUS1L	19	1.3010299956639813
DUS2	35	1.5563025007672873
DUS3L	41	1.6232492903979006
DUS4L	20	1.3222192947339193
DUS4L-BCAP29	1	0.3010299956639812
DUSP1	262	2.419955748489758
DUSP10	106	2.0293837776852097
DUSP11	50	1.7075701760979363
DUSP12	46	1.6720978579357175
DUSP13A	6	0.8450980400142568
DUSP13B	30	1.4913616938342726
DUSP14	52	1.724275869600789
DUSP15	26	1.4313637641589874
DUSP16	79	1.9030899869919435
DUSP18	23	1.380211241711606
DUSP19	28	1.462397997898956
DUSP2	140	2.1492191126553797
DUSP21	19	1.3010299956639813
DUSP22	118	2.0755469613925306
DUSP23	39	1.6020599913279623
DUSP26	37	1.5797835966168101
DUSP28	18	1.2787536009528289
DUSP29	16	1.2304489213782739
DUSP3	118	2.0755469613925306
DUSP4	161	2.2095150145426308
DUSP5	104	2.0211892990699383
DUSP5P1	7	0.9030899869919435
DUSP6	267	2.428134794028789
DUSP7	54	1.7403626894942439
DUSP8	35	1.5563025007672873
DUSP8P1	2	0.47712125471966244
DUSP8P5	1	0.3010299956639812
DUSP9	70	1.8512583487190752
DUT	109	2.041392685158225
DUTP3	1	0.3010299956639812
DUX1	6	0.8450980400142568
DUX3	7	0.9030899869919435
DUX4	147	2.1702617153949575
DUX4L1	285	2.456366033129043
DUX4L14	2	0.47712125471966244
DUX4L15	3	0.6020599913279624
DUX4L16	1	0.3010299956639812
DUX4L17	2	0.47712125471966244
DUX4L18	2	0.47712125471966244
DUX4L19	2	0.47712125471966244
DUX4L2	7	0.9030899869919435
DUX4L20	1	0.3010299956639812
DUX4L21	1	0.3010299956639812
DUX4L22	1	0.3010299956639812
DUX4L23	1	0.3010299956639812
DUX4L24	1	0.3010299956639812
DUX4L25	1	0.3010299956639812
DUX4L3	6	0.8450980400142568
DUX4L4	6	0.8450980400142568
DUX4L5	6	0.8450980400142568
DUX4L6	7	0.9030899869919435
DUX4L7	6	0.8450980400142568
DUX4L8	7	0.9030899869919435
DUX4L9	16	1.2304489213782739
DUX5	5	0.7781512503836436
DUXA	5	0.7781512503836436
DUXAP10	16	1.2304489213782739
DUXAP8	34	1.5440680443502757
DUXAP9	34	1.5440680443502757
DUXB	6	0.8450980400142568
DVL1	177	2.250420002308894
DVL1P1	13	1.146128035678238
DVL2	324	2.5118833609788744
DVL3	208	2.3201462861110542
DXO	34	1.5440680443502757
DYDC1	21	1.3424226808222062
DYDC2	15	1.2041199826559248
DYM	57	1.7634279935629373
DYNAP	4	0.6989700043360189
DYNC1H1	428	2.6324572921847245
DYNC1I1	85	1.9344984512435677
DYNC1I2	153	2.187520720836463
DYNC1LI1	156	2.1958996524092336
DYNC1LI2	102	2.012837224705172
DYNC2H1	131	2.12057393120585
DYNC2I1	59	1.7781512503836436
DYNC2I2	61	1.792391689498254
DYNC2LI1	45	1.662757831681574
DYNLL1	307	2.4885507165004443
DYNLL1P7	2	0.47712125471966244
DYNLL2	109	2.041392685158225
DYNLRB1	100	2.0043213737826426
DYNLRB2	29	1.4771212547196624
DYNLRB2-AS1	2	0.47712125471966244
DYNLT1	115	2.0644579892269186
DYNLT2	16	1.2304489213782739
DYNLT2B	29	1.4771212547196624
DYNLT3	45	1.662757831681574
DYNLT4	8	0.9542425094393249
DYNLT5	9	1.0
DYRK1A	302	2.481442628502305
DYRK1B	85	1.9344984512435677
DYRK2	75	1.8808135922807914
DYRK3	42	1.6334684555795864
DYRK4	25	1.414973347970818
DYSF	435	2.639486489268586
DYTN	5	0.7781512503836436
DZANK1	16	1.2304489213782739
DZIP1	47	1.6812412373755872
DZIP1L	30	1.4913616938342726
DZIP3	56	1.7558748556724915
E2F1	2156	3.333850145102545
E2F2	232	2.367355921026019
E2F3	321	2.507855871695831
E2F3-IT1	2	0.47712125471966244
E2F3P1	1	0.3010299956639812
E2F3P2	1	0.3010299956639812
E2F4	325	2.513217600067939
E2F5	112	2.0530784434834195
E2F6	156	2.1958996524092336
E2F6P4	1	0.3010299956639812
E2F7	140	2.1492191126553797
E2F8	79	1.9030899869919435
E4F1	56	1.7558748556724915
EAF1	47	1.6812412373755872
EAF2	50	1.7075701760979363
EAPP	42	1.6334684555795864
EARS2	70	1.8512583487190752
EBAG9	109	2.041392685158225
EBF1	201	2.305351369446624
EBF2	35	1.5563025007672873
EBF3	48	1.6901960800285136
EBF4	12	1.1139433523068367
EBI3	165	2.220108088040055
EBLN1	10	1.0413926851582251
EBLN2	8	0.9542425094393249
EBLN3P	6	0.8450980400142568
EBNA1BP2	215	2.3344537511509307
EBP	151	2.1818435879447726
EBPL	8	0.9542425094393249
EBVS1	1	0.3010299956639812
ECD	90	1.9590413923210936
ECE1	384	2.5854607295085006
ECE2	72	1.863322860120456
ECEL1	58	1.7708520116421442
ECEL1P1	2	0.47712125471966244
ECEL1P2	3	0.6020599913279624
ECEL1P3	2	0.47712125471966244
ECH1	116	2.0681858617461617
ECHDC1	51	1.7160033436347992
ECHDC2	19	1.3010299956639813
ECHDC3	16	1.2304489213782739
ECHS1	160	2.2068258760318495
ECI1	67	1.8325089127062364
ECI2	121	2.0863598306747484
ECI2-DT	2	0.47712125471966244
ECM1	261	2.4183012913197452
ECM2	17	1.255272505103306
ECMXP	2	0.47712125471966244
ECPAS	132	2.123851640967086
ECRG4	71	1.8573324964312685
ECSCR	22	1.3617278360175928
ECSIT	82	1.919078092376074
ECT2	214	2.3324384599156054
ECT2L	12	1.1139433523068367
EDA	319	2.505149978319906
EDA2R	53	1.7323937598229686
EDAR	143	2.1583624920952498
EDARADD	56	1.7558748556724915
EDC3	131	2.12057393120585
EDC4	175	2.24551266781415
EDDM13	1	0.3010299956639812
EDDM3A	13	1.146128035678238
EDDM3B	14	1.1760912590556813
EDDM3CP	1	0.3010299956639812
EDEM1	101	2.0086001717619175
EDEM2	42	1.6334684555795864
EDEM3	57	1.7634279935629373
EDF1	105	2.0253058652647704
EDIL3	131	2.12057393120585
EDN1	927	2.967547976218862
EDN2	70	1.8512583487190752
EDN3	86	1.9395192526186185
EDNRA	255	2.4082399653118496
EDNRB	316	2.5010592622177517
EDNRB-AS1	1	0.3010299956639812
EDRF1	38	1.591064607026499
EDRF1-DT	1	0.3010299956639812
EEA1	150	2.1789769472931693
EED	268	2.429752280002408
EEF1A1	687	2.837588438235511
EEF1A1P1	1	0.3010299956639812
EEF1A1P10	1	0.3010299956639812
EEF1A1P11	1	0.3010299956639812
EEF1A1P12	1	0.3010299956639812
EEF1A1P13	2	0.47712125471966244
EEF1A1P14	2	0.47712125471966244
EEF1A1P15	1	0.3010299956639812
EEF1A1P22	1	0.3010299956639812
EEF1A1P3	3	0.6020599913279624
EEF1A1P4	2	0.47712125471966244
EEF1A1P43	3	0.6020599913279624
EEF1A1P49	1	0.3010299956639812
EEF1A1P5	80	1.9084850188786497
EEF1A1P6	2	0.47712125471966244
EEF1A1P7	1	0.3010299956639812
EEF1A1P8	1	0.3010299956639812
EEF1A1P9	1	0.3010299956639812
EEF1A2	366	2.5646660642520893
EEF1AKMT1	20	1.3222192947339193
EEF1AKMT2	9	1.0
EEF1AKMT3	20	1.3222192947339193
EEF1AKMT4	2	0.47712125471966244
EEF1AKMT4-ECE2	5	0.7781512503836436
EEF1B2	221	2.346352974450639
EEF1B2P1	2	0.47712125471966244
EEF1B2P2	2	0.47712125471966244
EEF1B2P3	2	0.47712125471966244
EEF1B2P5	2	0.47712125471966244
EEF1B2P6	5	0.7781512503836436
EEF1D	304	2.484299839346786
EEF1DP1	1	0.3010299956639812
EEF1DP3	4	0.6989700043360189
EEF1DP4	1	0.3010299956639812
EEF1E1	136	2.1367205671564067
EEF1E1-BLOC1S5	5	0.7781512503836436
EEF1G	341	2.534026106056135
EEF1GP1	1	0.3010299956639812
EEF2	423	2.6273658565927325
EEF2K	211	2.326335860928751
EEF2KMT	19	1.3010299956639813
EEFSEC	59	1.7781512503836436
EEIG1	18	1.2787536009528289
EEIG2	20	1.3222192947339193
EEPD1	34	1.5440680443502757
EFCAB10	4	0.6989700043360189
EFCAB10-AS1	1	0.3010299956639812
EFCAB11	15	1.2041199826559248
EFCAB12	12	1.1139433523068367
EFCAB13	15	1.2041199826559248
EFCAB13-DT	1	0.3010299956639812
EFCAB14	22	1.3617278360175928
EFCAB14-AS1	1	0.3010299956639812
EFCAB2-AS1	1	0.3010299956639812
EFCAB3	10	1.0413926851582251
EFCAB5	18	1.2787536009528289
EFCAB6	21	1.3424226808222062
EFCAB6-AS1	1	0.3010299956639812
EFCAB7	23	1.380211241711606
EFCAB8	1	0.3010299956639812
EFCAB9	10	1.0413926851582251
EFCC1	9	1.0
EFEMP1	326	2.514547752660286
EFEMP2	147	2.1702617153949575
EFHB	10	1.0413926851582251
EFHC1	75	1.8808135922807914
EFHC2	36	1.568201724066995
EFHD1	51	1.7160033436347992
EFHD2	139	2.146128035678238
EFL1	47	1.6812412373755872
EFL1P1	1	0.3010299956639812
EFNA1	111	2.0492180226701815
EFNA2	34	1.5440680443502757
EFNA3	47	1.6812412373755872
EFNA4	46	1.6720978579357175
EFNA5	74	1.8750612633917
EFNB1	181	2.2600713879850747
EFNB2	229	2.361727836017593
EFNB3	58	1.7708520116421442
EFR3A	59	1.7781512503836436
EFR3B	46	1.6720978579357175
EFS	42	1.6334684555795864
EFTUD2	389	2.591064607026499
EGF	798	2.902546779313991
EGFEM1P	5	0.7781512503836436
EGFL6	49	1.6989700043360187
EGFL7	174	2.2430380486862944
EGFL8	31	1.505149978319906
EGFLAM	24	1.3979400086720377
EGFLAM-AS1	3	0.6020599913279624
EGFLAM-AS2	2	0.47712125471966244
EGFLAM-AS4	1	0.3010299956639812
EGFR	20322	4.307987817159015
EGFR-AS1	14	1.1760912590556813
EGILA	1	0.3010299956639812
EGLN1	477	2.6794278966121188
EGLN1P1	1	0.3010299956639812
EGLN2	166	2.2227164711475833
EGLN3	230	2.3636119798921444
EGLN3-AS1	1	0.3010299956639812
EGOT	14	1.1760912590556813
EGR1	1632	3.212986184736668
EGR2	251	2.401400540781544
EGR3	113	2.0569048513364727
EGR4	41	1.6232492903979006
EHBP1	87	1.9444826721501687
EHBP1-AS1	1	0.3010299956639812
EHBP1L1	38	1.591064607026499
EHD1	183	2.2648178230095364
EHD2	97	1.9912260756924949
EHD3	61	1.792391689498254
EHD4	108	2.037426497940624
EHD4-AS1	1	0.3010299956639812
EHF	94	1.9777236052888478
EHHADH	102	2.012837224705172
EHHADH-AS1	1	0.3010299956639812
EHMT1	236	2.374748346010104
EHMT2	554	2.7442929831226763
EI24	80	1.9084850188786497
EID1	62	1.7993405494535817
EID2	17	1.255272505103306
EID2B	12	1.1139433523068367
EID3	25	1.414973347970818
EIF1	76	1.8864907251724818
EIF1AD	34	1.5440680443502757
EIF1AX	119	2.0791812460476247
EIF1AX-AS1	1	0.3010299956639812
EIF1AXP1	6	0.8450980400142568
EIF1AY	55	1.7481880270062005
EIF1B	29	1.4771212547196624
EIF2A	140	2.1492191126553797
EIF2AK1	66	1.8260748027008264
EIF2AK2	672	2.828015064223977
EIF2AK3	734	2.8662873390841948
EIF2AK3-DT	1	0.3010299956639812
EIF2AK4	298	2.4756711883244296
EIF2B1	114	2.060697840353612
EIF2B2	100	2.0043213737826426
EIF2B3	103	2.0170333392987803
EIF2B4	135	2.1335389083702174
EIF2B5	142	2.155336037465062
EIF2D	52	1.724275869600789
EIF2S1	465	2.66838591669
EIF2S2	219	2.342422680822206
EIF2S3	240	2.3820170425748683
EIF2S3B	27	1.4471580313422192
EIF3A	335	2.526339277389844
EIF3B	299	2.4771212547196626
EIF3C	236	2.374748346010104
EIF3CL	89	1.954242509439325
EIF3D	256	2.4099331233312946
EIF3E	268	2.429752280002408
EIF3EP1	2	0.47712125471966244
EIF3F	245	2.3909351071033793
EIF3FP1	2	0.47712125471966244
EIF3FP3	3	0.6020599913279624
EIF3G	217	2.3384564936046046
EIF3H	207	2.3180633349627615
EIF3I	266	2.4265112613645754
EIF3J	107	2.03342375548695
EIF3J-DT	6	0.8450980400142568
EIF3K	140	2.1492191126553797
EIF3L	220	2.3443922736851106
EIF3M	160	2.2068258760318495
EIF4A1	389	2.591064607026499
EIF4A1P1	3	0.6020599913279624
EIF4A1P2	2	0.47712125471966244
EIF4A2	151	2.1818435879447726
EIF4A3	444	2.6483600109809315
EIF4B	261	2.4183012913197452
EIF4BP2	1	0.3010299956639812
EIF4BP8	1	0.3010299956639812
EIF4E	578	2.762678563727436
EIF4E1B	11	1.0791812460476249
EIF4E2	150	2.1789769472931693
EIF4E3	27	1.4471580313422192
EIF4EBP1	1016	3.0073209529227447
EIF4EBP2	92	1.968482948553935
EIF4EBP3	33	1.5314789170422551
EIF4ENIF1	150	2.1789769472931693
EIF4EP1	2	0.47712125471966244
EIF4G1	586	2.7686381012476144
EIF4G2	264	2.423245873936808
EIF4G3	114	2.060697840353612
EIF4H	132	2.123851640967086
EIF5	151	2.1818435879447726
EIF5A	274	2.439332693830263
EIF5A2	101	2.0086001717619175
EIF5AL1	35	1.5563025007672873
EIF5AP2	2	0.47712125471966244
EIF5AP3	2	0.47712125471966244
EIF5AP4	1	0.3010299956639812
EIF5B	203	2.3096301674258988
EIF6	228	2.359835482339888
EIPR1	32	1.5185139398778875
ELAC1	22	1.3617278360175928
ELAC2	162	2.2121876044039577
ELANE	473	2.6757783416740852
ELAPOR1	35	1.5563025007672873
ELAPOR2	15	1.2041199826559248
ELAVL1	1288	3.110252917353403
ELAVL2	128	2.110589710299249
ELAVL3	52	1.724275869600789
ELAVL4	151	2.1818435879447726
ELDR	6	0.8450980400142568
ELF1	71	1.8573324964312685
ELF2	107	2.03342375548695
ELF2P1	1	0.3010299956639812
ELF2P2	1	0.3010299956639812
ELF2P3	1	0.3010299956639812
ELF2P4	1	0.3010299956639812
ELF3	204	2.311753861055754
ELF3-AS1	9	1.0
ELF4	116	2.0681858617461617
ELF5	73	1.8692317197309762
ELFN1	26	1.4313637641589874
ELFN1-AS1	10	1.0413926851582251
ELFN2	25	1.414973347970818
ELK1	532	2.7267272090265724
ELK2AP	5	0.7781512503836436
ELK2BP	2	0.47712125471966244
ELK3	67	1.8325089127062364
ELK4	93	1.9731278535996986
ELL	152	2.184691430817599
ELL2	85	1.9344984512435677
ELL3	31	1.505149978319906
ELMO1	166	2.2227164711475833
ELMO1-AS1	1	0.3010299956639812
ELMO2	83	1.9242792860618816
ELMO3	30	1.4913616938342726
ELMOD1	28	1.462397997898956
ELMOD2	35	1.5563025007672873
ELMOD3	32	1.5185139398778875
ELN	313	2.496929648073215
ELN-AS1	1	0.3010299956639812
ELOA	155	2.1931245983544616
ELOA2	18	1.2787536009528289
ELOA3BP	3	0.6020599913279624
ELOA3CP	2	0.47712125471966244
ELOA3DP	3	0.6020599913279624
ELOA3P	7	0.9030899869919435
ELOB	375	2.575187844927661
ELOBP2	1	0.3010299956639812
ELOC	418	2.622214022966295
ELOCP12	1	0.3010299956639812
ELOCP13	1	0.3010299956639812
ELOCP14	1	0.3010299956639812
ELOCP3	3	0.6020599913279624
ELOCP36	1	0.3010299956639812
ELOF1	24	1.3979400086720377
ELOVL1	83	1.9242792860618816
ELOVL2	120	2.0827853703164503
ELOVL2-AS1	7	0.9030899869919435
ELOVL3	25	1.414973347970818
ELOVL4	116	2.0681858617461617
ELOVL5	119	2.0791812460476247
ELOVL6	89	1.954242509439325
ELOVL7	30	1.4913616938342726
ELP1	193	2.287801729930226
ELP2	77	1.8920946026904804
ELP3	117	2.0718820073061255
ELP4	69	1.845098040014257
ELP5	35	1.5563025007672873
ELP6	41	1.6232492903979006
ELSPBP1	23	1.380211241711606
EMB	19	1.3010299956639813
EMBP1	4	0.6989700043360189
EMC1	119	2.0791812460476247
EMC1-AS1	1	0.3010299956639812
EMC10	59	1.7781512503836436
EMC2	107	2.03342375548695
EMC3	76	1.8864907251724818
EMC3-AS1	2	0.47712125471966244
EMC4	64	1.8129133566428555
EMC6	53	1.7323937598229686
EMC7	78	1.8976270912904414
EMC8	88	1.9493900066449128
EMC9	29	1.4771212547196624
EMCN	32	1.5185139398778875
EMD	412	2.615950051656401
EME1	96	1.9867717342662448
EME2	19	1.3010299956639813
EMG1	112	2.0530784434834195
EMICERI	1	0.3010299956639812
EMID1	20	1.3222192947339193
EMILIN1	72	1.863322860120456
EMILIN2	45	1.662757831681574
EMILIN3	22	1.3617278360175928
EML1	48	1.6901960800285136
EML2	45	1.662757831681574
EML2-AS1	1	0.3010299956639812
EML3	35	1.5563025007672873
EML4	228	2.359835482339888
EML5	20	1.3222192947339193
EML6	20	1.3222192947339193
EMP1	51	1.7160033436347992
EMP2	90	1.9590413923210936
EMP3	77	1.8920946026904804
EMSLR	4	0.6989700043360189
EMSY	151	2.1818435879447726
EMX1	23	1.380211241711606
EMX2	56	1.7558748556724915
EMX2OS	9	1.0
EN1	106	2.0293837776852097
EN2	70	1.8512583487190752
ENAH	213	2.330413773349191
ENAM	68	1.8388490907372552
ENC1	45	1.662757831681574
ENDOD1	47	1.6812412373755872
ENDOG	76	1.8864907251724818
ENDOU	18	1.2787536009528289
ENDOV	25	1.414973347970818
ENEMAL	1	0.3010299956639812
ENG	1808	3.257438566859814
ENGASE	23	1.380211241711606
ENHO	174	2.2430380486862944
ENKD1	41	1.6232492903979006
ENKUR	27	1.4471580313422192
ENO1	761	2.8819549713396007
ENO1P1	4	0.6989700043360189
ENO2	321	2.507855871695831
ENO3	70	1.8512583487190752
ENO4	4	0.6989700043360189
ENOPH1	35	1.5563025007672873
ENOSF1	35	1.5563025007672873
ENOX1	34	1.5440680443502757
ENOX2	50	1.7075701760979363
ENPEP	61	1.792391689498254
ENPP1	282	2.45178643552429
ENPP2	207	2.3180633349627615
ENPP3	200	2.303196057420489
ENPP4	22	1.3617278360175928
ENPP5	16	1.2304489213782739
ENPP6	20	1.3222192947339193
ENPP7	24	1.3979400086720377
ENPP7P13	1	0.3010299956639812
ENPP7P4	1	0.3010299956639812
ENSA	64	1.8129133566428555
ENSAP3	1	0.3010299956639812
ENTHD1	9	1.0
ENTPD1	357	2.5538830266438746
ENTPD1-AS1	3	0.6020599913279624
ENTPD2	28	1.462397997898956
ENTPD3	21	1.3424226808222062
ENTPD3-AS1	2	0.47712125471966244
ENTPD4	26	1.4313637641589874
ENTPD5	54	1.7403626894942439
ENTPD6	40	1.6127838567197355
ENTPD7	27	1.4471580313422192
ENTPD8	11	1.0791812460476249
ENTR1	81	1.9138138523837167
ENTREP1	21	1.3424226808222062
ENTREP2	9	1.0
ENTREP3	25	1.414973347970818
ENY2	76	1.8864907251724818
EOGT	36	1.568201724066995
EOLA1	21	1.3424226808222062
EOLA1-DT	7	0.9030899869919435
EOLA2	7	0.9030899869919435
EOLA2-DT	7	0.9030899869919435
EOMES	172	2.2380461031287955
EP300	2000	3.3012470886362113
EP300-AS1	1	0.3010299956639812
EP400	177	2.250420002308894
EP400P1	17	1.255272505103306
EPAS1	640	2.8068580295188172
EPB41	209	2.322219294733919
EPB41L1	93	1.9731278535996986
EPB41L1-AS1	2	0.47712125471966244
EPB41L2	168	2.2278867046136734
EPB41L3	246	2.392696953259666
EPB41L4A	23	1.380211241711606
EPB41L4A-AS1	18	1.2787536009528289
EPB41L4A-AS3	1	0.3010299956639812
EPB41L4A-DT	7	0.9030899869919435
EPB41L4B	60	1.7853298350107671
EPB41L5	96	1.9867717342662448
EPB42	46	1.6720978579357175
EPC1	89	1.954242509439325
EPC1-AS1	1	0.3010299956639812
EPC2	51	1.7160033436347992
EPCAM	1188	3.0751818546186915
EPCAM-DT	3	0.6020599913279624
EPCART	5	0.7781512503836436
EPCIP	9	1.0
EPCIP-AS1	7	0.9030899869919435
EPDR1	47	1.6812412373755872
EPG5	76	1.8864907251724818
EPGN	21	1.3424226808222062
EPHA1	86	1.9395192526186185
EPHA1-AS1	2	0.47712125471966244
EPHA10	39	1.6020599913279623
EPHA2	587	2.7693773260761385
EPHA3	152	2.184691430817599
EPHA4	137	2.1398790864012365
EPHA5	83	1.9242792860618816
EPHA5-AS1	2	0.47712125471966244
EPHA6	38	1.591064607026499
EPHA7	94	1.9777236052888478
EPHA8	43	1.6434526764861874
EPHB1	82	1.919078092376074
EPHB2	272	2.436162647040756
EPHB3	66	1.8260748027008264
EPHB4	240	2.3820170425748683
EPHB6	101	2.0086001717619175
EPHX1	486	2.6875289612146345
EPHX2	217	2.3384564936046046
EPHX3	14	1.1760912590556813
EPHX4	21	1.3424226808222062
EPIC1	8	0.9542425094393249
EPIST	6	0.8450980400142568
EPM2A	101	2.0086001717619175
EPM2A-DT	2	0.47712125471966244
EPM2AIP1	50	1.7075701760979363
EPN1	111	2.0492180226701815
EPN2	87	1.9444826721501687
EPN2-AS1	2	0.47712125471966244
EPN3	41	1.6232492903979006
EPO	1202	3.0802656273398448
EPOP	20	1.3222192947339193
EPOR	260	2.416640507338281
EPPIN	55	1.7481880270062005
EPPIN-WFDC6	1	0.3010299956639812
EPPK1	132	2.123851640967086
EPRS1	304	2.484299839346786
EPS15	283	2.4533183400470375
EPS15L1	129	2.113943352306837
EPS15P1	2	0.47712125471966244
EPS8	193	2.287801729930226
EPS8L1	29	1.4771212547196624
EPS8L2	48	1.6901960800285136
EPS8L3	28	1.462397997898956
EPSTI1	42	1.6334684555795864
EPX	51	1.7160033436347992
EPYC	23	1.380211241711606
EQTN	6	0.8450980400142568
ERAL1	112	2.0530784434834195
ERAP1	445	2.649334858712142
ERAP2	205	2.3138672203691533
ERAS	34	1.5440680443502757
ERBB2	17049	4.231724383328516
ERBB3	1056	3.024074987307426
ERBB4	1053	3.022840610876528
ERBIN	223	2.3502480183341627
ERC1	162	2.2121876044039577
ERC2	56	1.7558748556724915
ERC2-IT1	4	0.6989700043360189
ERCC1	1525	3.1835545336188615
ERCC2	1322	3.1215598441875008
ERCC3	237	2.376576957056512
ERCC4	280	2.44870631990508
ERCC5	310	2.4927603890268375
ERCC6	433	2.637489729512511
ERCC6L	112	2.0530784434834195
ERCC6L2	39	1.6020599913279623
ERCC6L2-AS1	4	0.6989700043360189
ERCC8	195	2.292256071356476
ERDA1	6	0.8450980400142568
EREG	228	2.359835482339888
ERF	72	1.863322860120456
ERFE	85	1.9344984512435677
ERFL	2	0.47712125471966244
ERG	1369	3.1367205671564067
ERG28	44	1.6532125137753437
ERGIC1	90	1.9590413923210936
ERGIC2	57	1.7634279935629373
ERGIC3	70	1.8512583487190752
ERH	215	2.3344537511509307
ERHP1	2	0.47712125471966244
ERI1	54	1.7403626894942439
ERI2	13	1.146128035678238
ERI3	30	1.4913616938342726
ERICD	2	0.47712125471966244
ERICH1	17	1.255272505103306
ERICH2	6	0.8450980400142568
ERICH2-DT	4	0.6989700043360189
ERICH3	16	1.2304489213782739
ERICH4	2	0.47712125471966244
ERICH5	14	1.1760912590556813
ERICH6	10	1.0413926851582251
ERICH6-AS1	2	0.47712125471966244
ERICH6B	10	1.0413926851582251
ERLEC1	88	1.9493900066449128
ERLIN1	172	2.2380461031287955
ERLIN2	217	2.3384564936046046
ERLN	4	0.6989700043360189
ERLNC1	5	0.7781512503836436
ERMAP	26	1.4313637641589874
ERMARD	8	0.9542425094393249
ERMN	24	1.3979400086720377
ERMP1	41	1.6232492903979006
ERN1	930	2.9689496809813427
ERN2	174	2.2430380486862944
ERO1A	221	2.346352974450639
ERO1B	54	1.7403626894942439
ERP27	21	1.3424226808222062
ERP29	156	2.1958996524092336
ERP44	154	2.1903316981702914
ERRFI1	162	2.2121876044039577
ERV18-1	1	0.3010299956639812
ERV3-1	43	1.6434526764861874
ERV3-2	3	0.6020599913279624
ERV9-1	4	0.6989700043360189
ERVE-1	6	0.8450980400142568
ERVE-2	2	0.47712125471966244
ERVE-3	2	0.47712125471966244
ERVE-4	3	0.6020599913279624
ERVE-5	1	0.3010299956639812
ERVFC1-1	7	0.9030899869919435
ERVFH21-1	3	0.6020599913279624
ERVFRD-1	72	1.863322860120456
ERVFRD-2	1	0.3010299956639812
ERVFRD-3	1	0.3010299956639812
ERVH-1	3	0.6020599913279624
ERVH-2	2	0.47712125471966244
ERVH-3	3	0.6020599913279624
ERVH-4	3	0.6020599913279624
ERVH-5	2	0.47712125471966244
ERVH-6	2	0.47712125471966244
ERVH-7	4	0.6989700043360189
ERVH48-1	13	1.146128035678238
ERVI-1	1	0.3010299956639812
ERVK-1	5	0.7781512503836436
ERVK-10	17	1.255272505103306
ERVK-11	7	0.9030899869919435
ERVK-12	4	0.6989700043360189
ERVK-13	2	0.47712125471966244
ERVK-14	2	0.47712125471966244
ERVK-15	2	0.47712125471966244
ERVK-16	5	0.7781512503836436
ERVK-17	2	0.47712125471966244
ERVK-18	29	1.4771212547196624
ERVK-19	12	1.1139433523068367
ERVK-2	4	0.6989700043360189
ERVK-20	3	0.6020599913279624
ERVK-21	8	0.9542425094393249
ERVK-22	3	0.6020599913279624
ERVK-23	3	0.6020599913279624
ERVK-24	5	0.7781512503836436
ERVK-25	4	0.6989700043360189
ERVK-26	4	0.6989700043360189
ERVK-27	2	0.47712125471966244
ERVK-28	1	0.3010299956639812
ERVK-29	2	0.47712125471966244
ERVK-3	2	0.47712125471966244
ERVK-30	2	0.47712125471966244
ERVK-31	2	0.47712125471966244
ERVK-32	1	0.3010299956639812
ERVK-4	4	0.6989700043360189
ERVK-5	5	0.7781512503836436
ERVK-6	42	1.6334684555795864
ERVK-7	8	0.9542425094393249
ERVK-8	4	0.6989700043360189
ERVK-9	7	0.9030899869919435
ERVK11-1	2	0.47712125471966244
ERVK13-1	11	1.0791812460476249
ERVK3-1	11	1.0791812460476249
ERVK3-2	4	0.6989700043360189
ERVK3-3	2	0.47712125471966244
ERVK3-4	2	0.47712125471966244
ERVK3-5	2	0.47712125471966244
ERVK3-6	2	0.47712125471966244
ERVK3-7	2	0.47712125471966244
ERVK3-8	2	0.47712125471966244
ERVK9-1	1	0.3010299956639812
ERVK9-10	1	0.3010299956639812
ERVK9-11	1	0.3010299956639812
ERVK9-2	1	0.3010299956639812
ERVK9-3	1	0.3010299956639812
ERVK9-4	1	0.3010299956639812
ERVK9-5	1	0.3010299956639812
ERVK9-6	1	0.3010299956639812
ERVK9-7	1	0.3010299956639812
ERVK9-8	1	0.3010299956639812
ERVK9-9	1	0.3010299956639812
ERVMER34-1	13	1.146128035678238
ERVMER61-1	5	0.7781512503836436
ERVPABLB-1	4	0.6989700043360189
ERVS71-1	6	0.8450980400142568
ERVS71-2	2	0.47712125471966244
ERVV-1	9	1.0
ERVV-2	10	1.0413926851582251
ERVW-1	111	2.0492180226701815
ERVW-10	2	0.47712125471966244
ERVW-11	2	0.47712125471966244
ERVW-12	2	0.47712125471966244
ERVW-13	2	0.47712125471966244
ERVW-14	2	0.47712125471966244
ERVW-15	2	0.47712125471966244
ERVW-16	2	0.47712125471966244
ERVW-17	2	0.47712125471966244
ERVW-18	2	0.47712125471966244
ERVW-19	2	0.47712125471966244
ERVW-2	4	0.6989700043360189
ERVW-20	2	0.47712125471966244
ERVW-21	2	0.47712125471966244
ERVW-22	2	0.47712125471966244
ERVW-23	2	0.47712125471966244
ERVW-24	2	0.47712125471966244
ERVW-25	2	0.47712125471966244
ERVW-26	2	0.47712125471966244
ERVW-27	2	0.47712125471966244
ERVW-28	2	0.47712125471966244
ERVW-29	2	0.47712125471966244
ERVW-3	2	0.47712125471966244
ERVW-4	5	0.7781512503836436
ERVW-5	2	0.47712125471966244
ERVW-6	3	0.6020599913279624
ERVW-7	2	0.47712125471966244
ERVW-8	2	0.47712125471966244
ERVW-9	2	0.47712125471966244
ESA4	4	0.6989700043360189
ESAM	46	1.6720978579357175
ESAT	1	0.3010299956639812
ESB3	1	0.3010299956639812
ESCO1	51	1.7160033436347992
ESCO2	100	2.0043213737826426
ESD	358	2.5550944485783194
ESF1	93	1.9731278535996986
ESM1	421	2.625312450961674
ESPL1	161	2.2095150145426308
ESPN	36	1.568201724066995
ESPNL	8	0.9542425094393249
ESPNP	2	0.47712125471966244
ESR1	5981	3.7768464086952993
ESR2	1441	3.15896526038341
ESRG	7	0.9030899869919435
ESRP1	125	2.100370545117563
ESRP2	65	1.8195439355418688
ESRRA	231	2.3654879848909
ESRRAP1	3	0.6020599913279624
ESRRAP2	4	0.6989700043360189
ESRRB	113	2.0569048513364727
ESRRG	244	2.3891660843645326
ESS2	90	1.9590413923210936
ESX1	38	1.591064607026499
ESYT1	184	2.2671717284030137
ESYT2	162	2.2121876044039577
ESYT3	28	1.462397997898956
ETAA1	32	1.5185139398778875
ETDB	1	0.3010299956639812
ETF1	241	2.383815365980431
ETF1P1	3	0.6020599913279624
ETF1P2	2	0.47712125471966244
ETF1P3	2	0.47712125471966244
ETFA	180	2.2576785748691846
ETFB	130	2.1172712956557644
ETFBKMT	18	1.2787536009528289
ETFDH	61	1.792391689498254
ETFRF1	19	1.3010299956639813
ETHE1	94	1.9777236052888478
ETNK1	31	1.505149978319906
ETNK2	21	1.3424226808222062
ETNPPL	18	1.2787536009528289
ETS1	1014	3.0064660422492318
ETS1-AS1	2	0.47712125471966244
ETS2	309	2.4913616938342726
ETS2-AS1	5	0.7781512503836436
ETV1	198	2.298853076409707
ETV2	66	1.8260748027008264
ETV3	45	1.662757831681574
ETV3L	3	0.6020599913279624
ETV4	249	2.3979400086720375
ETV5	223	2.3502480183341627
ETV6	329	2.5185139398778875
ETV7	56	1.7558748556724915
EVA1A	43	1.6434526764861874
EVA1A-AS	1	0.3010299956639812
EVA1B	14	1.1760912590556813
EVA1C	19	1.3010299956639813
EVC	59	1.7781512503836436
EVC2	52	1.724275869600789
EVI2A	30	1.4913616938342726
EVI2B	20	1.3222192947339193
EVI5	68	1.8388490907372552
EVI5L	36	1.568201724066995
EVL	86	1.9395192526186185
EVPL	59	1.7781512503836436
EVPLL	5	0.7781512503836436
EVX1	23	1.380211241711606
EVX1-AS	3	0.6020599913279624
EVX2	19	1.3010299956639813
EWSAT1	13	1.146128035678238
EWSR1	1074	3.031408464251624
EWSR1P1	3	0.6020599913279624
EXD1	10	1.0413926851582251
EXD2	61	1.792391689498254
EXD3	13	1.146128035678238
EXO1	270	2.432969290874406
EXO5	20	1.3222192947339193
EXOC1	83	1.9242792860618816
EXOC1L	4	0.6989700043360189
EXOC2	131	2.12057393120585
EXOC3	117	2.0718820073061255
EXOC3-AS1	9	1.0
EXOC3L1	12	1.1139433523068367
EXOC3L2	21	1.3424226808222062
EXOC3L4	11	1.0791812460476249
EXOC4	191	2.2833012287035497
EXOC5	89	1.954242509439325
EXOC6	69	1.845098040014257
EXOC6B	54	1.7403626894942439
EXOC7	117	2.0718820073061255
EXOC8	72	1.863322860120456
EXOG	40	1.6127838567197355
EXOSC1	94	1.9777236052888478
EXOSC10	284	2.45484486000851
EXOSC10-AS1	1	0.3010299956639812
EXOSC2	165	2.220108088040055
EXOSC3	149	2.1760912590556813
EXOSC4	137	2.1398790864012365
EXOSC5	111	2.0492180226701815
EXOSC6	111	2.0492180226701815
EXOSC7	101	2.0086001717619175
EXOSC8	120	2.0827853703164503
EXOSC9	146	2.167317334748176
EXPH5	58	1.7708520116421442
EXT1	145	2.164352855784437
EXT2	150	2.1789769472931693
EXTL1	20	1.3222192947339193
EXTL2	51	1.7160033436347992
EXTL2P1	2	0.47712125471966244
EXTL3	79	1.9030899869919435
EXTL3-AS1	1	0.3010299956639812
EYA1	204	2.311753861055754
EYA2	87	1.9444826721501687
EYA2-AS1	1	0.3010299956639812
EYA3	59	1.7781512503836436
EYA4	126	2.103803720955957
EYS	147	2.1702617153949575
EZH1	116	2.0681858617461617
EZH2	3115	3.493597449000527
EZH2P1	3	0.6020599913279624
EZHIP	32	1.5185139398778875
EZR	679	2.832508912706236
EZR-AS1	3	0.6020599913279624
F10	324	2.5118833609788744
F10-AS2	1	0.3010299956639812
F11	239	2.380211241711606
F11-AS1	8	0.9542425094393249
F11R	310	2.4927603890268375
F12	231	2.3654879848909
F13A1	363	2.561101383649056
F13B	81	1.9138138523837167
F2	1493	3.1743505974793798
F2R	414	2.6180480967120925
F2RL1	467	2.670245853074124
F2RL2	65	1.8195439355418688
F2RL3	115	2.0644579892269186
F3	649	2.8129133566428557
F5	1347	3.129689892199301
F7	485	2.6866362692622934
F8	1810	3.2579184503140586
F8A1	45	1.662757831681574
F8A2	12	1.1139433523068367
F8A3	12	1.1139433523068367
F9	305	2.48572142648158
FA2H	54	1.7403626894942439
FAABTP	18	1.2787536009528289
FAAH	186	2.271841606536499
FAAH2	14	1.1760912590556813
FAAHP1	2	0.47712125471966244
FAAP100	43	1.6434526764861874
FAAP20	44	1.6532125137753437
FAAP24	49	1.6989700043360187
FABP1	487	2.6884198220027105
FABP12	12	1.1139433523068367
FABP2	369	2.568201724066995
FABP3	489	2.690196080028514
FABP3P2	1	0.3010299956639812
FABP4	829	2.9190780923760737
FABP5	210	2.3242824552976926
FABP5P10	1	0.3010299956639812
FABP5P12	1	0.3010299956639812
FABP5P3	4	0.6989700043360189
FABP6	42	1.6334684555795864
FABP7	680	2.833147111912785
FABP9	6	0.8450980400142568
FADD	939	2.9731278535996988
FADS1	494	2.694605198933569
FADS2	385	2.586587304671755
FADS2B	2	0.47712125471966244
FADS3	63	1.806179973983887
FADS6	7	0.9030899869919435
FAF1	181	2.2600713879850747
FAF2	226	2.3560258571931225
FAH	71	1.8573324964312685
FAHD1	54	1.7403626894942439
FAHD2A	26	1.4313637641589874
FAHD2B	9	1.0
FAHD2CP	2	0.47712125471966244
FAIM	66	1.8260748027008264
FAIM2	68	1.8388490907372552
FALEC	25	1.414973347970818
FAM106A	7	0.9030899869919435
FAM106B	3	0.6020599913279624
FAM106C	3	0.6020599913279624
FAM107A	75	1.8808135922807914
FAM107B	29	1.4771212547196624
FAM110A	27	1.4471580313422192
FAM110B	31	1.505149978319906
FAM110C	14	1.1760912590556813
FAM110D	7	0.9030899869919435
FAM111A	49	1.6989700043360187
FAM111A-DT	2	0.47712125471966244
FAM111B	70	1.8512583487190752
FAM114A1	31	1.505149978319906
FAM114A2	44	1.6532125137753437
FAM117A	17	1.255272505103306
FAM117B	40	1.6127838567197355
FAM120A	200	2.303196057420489
FAM120A2P	3	0.6020599913279624
FAM120AOS	12	1.1139433523068367
FAM120B	40	1.6127838567197355
FAM120C	51	1.7160033436347992
FAM124A	17	1.255272505103306
FAM124B	13	1.146128035678238
FAM131A	12	1.1139433523068367
FAM131B	13	1.146128035678238
FAM131B-AS2	4	0.6989700043360189
FAM131C	20	1.3222192947339193
FAM133A	15	1.2041199826559248
FAM133B	38	1.591064607026499
FAM133DP	1	0.3010299956639812
FAM133HP	2	0.47712125471966244
FAM135A	43	1.6434526764861874
FAM135B	23	1.380211241711606
FAM138A	6	0.8450980400142568
FAM138B	5	0.7781512503836436
FAM138C	2	0.47712125471966244
FAM138D	2	0.47712125471966244
FAM138E	2	0.47712125471966244
FAM138F	3	0.6020599913279624
FAM13A	113	2.0569048513364727
FAM13A-AS1	4	0.6989700043360189
FAM13B	19	1.3010299956639813
FAM13B-AS1	1	0.3010299956639812
FAM13C	19	1.3010299956639813
FAM149A	11	1.0791812460476249
FAM149B1	13	1.146128035678238
FAM149B1P1	1	0.3010299956639812
FAM151A	15	1.2041199826559248
FAM151B	7	0.9030899869919435
FAM151B-DT	2	0.47712125471966244
FAM153A	10	1.0413926851582251
FAM153B	8	0.9542425094393249
FAM153CP	7	0.9030899869919435
FAM153DP	1	0.3010299956639812
FAM156A	15	1.2041199826559248
FAM156B	8	0.9542425094393249
FAM157A	2	0.47712125471966244
FAM157B	5	0.7781512503836436
FAM157C	5	0.7781512503836436
FAM161A	61	1.792391689498254
FAM161B	15	1.2041199826559248
FAM162A	56	1.7558748556724915
FAM162B	7	0.9030899869919435
FAM163A	15	1.2041199826559248
FAM163B	8	0.9542425094393249
FAM167A	35	1.5563025007672873
FAM167A-AS1	3	0.6020599913279624
FAM167B	7	0.9030899869919435
FAM168A	48	1.6901960800285136
FAM168B	18	1.2787536009528289
FAM169A	30	1.4913616938342726
FAM169A-AS1	2	0.47712125471966244
FAM169BP	6	0.8450980400142568
FAM170A	8	0.9542425094393249
FAM170B	6	0.8450980400142568
FAM170B-AS1	2	0.47712125471966244
FAM171A1	39	1.6020599913279623
FAM171A2	33	1.5314789170422551
FAM171B	27	1.4471580313422192
FAM174A	13	1.146128035678238
FAM174B	5	0.7781512503836436
FAM174C	8	0.9542425094393249
FAM177A1	27	1.4471580313422192
FAM177A1P1	2	0.47712125471966244
FAM177B	3	0.6020599913279624
FAM178B	7	0.9030899869919435
FAM180A	6	0.8450980400142568
FAM180B	3	0.6020599913279624
FAM181A	11	1.0791812460476249
FAM181A-AS1	2	0.47712125471966244
FAM181B	6	0.8450980400142568
FAM182A	4	0.6989700043360189
FAM182B	4	0.6989700043360189
FAM184A	34	1.5440680443502757
FAM184B	18	1.2787536009528289
FAM185A	12	1.1139433523068367
FAM185BP	2	0.47712125471966244
FAM186A	12	1.1139433523068367
FAM186B	19	1.3010299956639813
FAM187A	2	0.47712125471966244
FAM187B	5	0.7781512503836436
FAM193A	45	1.662757831681574
FAM193B	35	1.5563025007672873
FAM194C	18	1.2787536009528289
FAM197Y2	1	0.3010299956639812
FAM197Y5	2	0.47712125471966244
FAM197Y7	1	0.3010299956639812
FAM199X	23	1.380211241711606
FAM199YP	2	0.47712125471966244
FAM201A	12	1.1139433523068367
FAM201B	2	0.47712125471966244
FAM204A	22	1.3617278360175928
FAM209A	15	1.2041199826559248
FAM209B	8	0.9542425094393249
FAM20A	47	1.6812412373755872
FAM20B	43	1.6434526764861874
FAM20C	94	1.9777236052888478
FAM215A	8	0.9542425094393249
FAM215B	1	0.3010299956639812
FAM216A	10	1.0413926851582251
FAM216B	7	0.9030899869919435
FAM217A	10	1.0413926851582251
FAM217B	16	1.2304489213782739
FAM218A	9	1.0
FAM219A	23	1.380211241711606
FAM219B	16	1.2304489213782739
FAM220A	10	1.0413926851582251
FAM220BP	2	0.47712125471966244
FAM221A	12	1.1139433523068367
FAM221B	8	0.9542425094393249
FAM222A	14	1.1760912590556813
FAM222A-AS1	3	0.6020599913279624
FAM222B	19	1.3010299956639813
FAM223A	1	0.3010299956639812
FAM223B	2	0.47712125471966244
FAM224A	1	0.3010299956639812
FAM225A	7	0.9030899869919435
FAM225B	8	0.9542425094393249
FAM226A	1	0.3010299956639812
FAM226B	5	0.7781512503836436
FAM227A	7	0.9030899869919435
FAM227B	11	1.0791812460476249
FAM228A	9	1.0
FAM228B	12	1.1139433523068367
FAM229A	4	0.6989700043360189
FAM229B	3	0.6020599913279624
FAM230A	3	0.6020599913279624
FAM230B	9	1.0
FAM230C	4	0.6989700043360189
FAM230D	2	0.47712125471966244
FAM230E	1	0.3010299956639812
FAM230F	3	0.6020599913279624
FAM230G	1	0.3010299956639812
FAM230H	3	0.6020599913279624
FAM230I	4	0.6989700043360189
FAM230J	1	0.3010299956639812
FAM234A	44	1.6532125137753437
FAM234B	25	1.414973347970818
FAM237A	4	0.6989700043360189
FAM237B	3	0.6020599913279624
FAM238B	1	0.3010299956639812
FAM238C	3	0.6020599913279624
FAM240A	1	0.3010299956639812
FAM240C	2	0.47712125471966244
FAM241A	23	1.380211241711606
FAM241B	29	1.4771212547196624
FAM245A	1	0.3010299956639812
FAM247A	2	0.47712125471966244
FAM247B	1	0.3010299956639812
FAM247C	1	0.3010299956639812
FAM247D	1	0.3010299956639812
FAM24A	1	0.3010299956639812
FAM24B	6	0.8450980400142568
FAM25A	6	0.8450980400142568
FAM25BP	2	0.47712125471966244
FAM25C	4	0.6989700043360189
FAM25EP	1	0.3010299956639812
FAM25G	4	0.6989700043360189
FAM27B	1	0.3010299956639812
FAM27C	3	0.6020599913279624
FAM27E2	3	0.6020599913279624
FAM27E3	9	1.0
FAM27E5	3	0.6020599913279624
FAM30A	12	1.1139433523068367
FAM32A	45	1.662757831681574
FAM3A	52	1.724275869600789
FAM3B	51	1.7160033436347992
FAM3C	96	1.9867717342662448
FAM3D	32	1.5185139398778875
FAM3D-AS1	4	0.6989700043360189
FAM41AY1	2	0.47712125471966244
FAM41AY2	1	0.3010299956639812
FAM41C	2	0.47712125471966244
FAM43A	12	1.1139433523068367
FAM43B	7	0.9030899869919435
FAM47A	9	1.0
FAM47B	10	1.0413926851582251
FAM47C	4	0.6989700043360189
FAM47DP	1	0.3010299956639812
FAM47E	16	1.2304489213782739
FAM47E-STBD1	11	1.0791812460476249
FAM50A	82	1.919078092376074
FAM50B	32	1.5185139398778875
FAM53A	12	1.1139433523068367
FAM53B	25	1.414973347970818
FAM53B-AS1	1	0.3010299956639812
FAM53C	37	1.5797835966168101
FAM66A	2	0.47712125471966244
FAM66B	1	0.3010299956639812
FAM66C	5	0.7781512503836436
FAM66E	2	0.47712125471966244
FAM74A1	4	0.6989700043360189
FAM74A4	6	0.8450980400142568
FAM74A7	1	0.3010299956639812
FAM76A	17	1.255272505103306
FAM76B	49	1.6989700043360187
FAM78A	12	1.1139433523068367
FAM78B	10	1.0413926851582251
FAM78B-AS1	1	0.3010299956639812
FAM81A	16	1.2304489213782739
FAM81B	15	1.2041199826559248
FAM85A	1	0.3010299956639812
FAM85B	1	0.3010299956639812
FAM86B1	8	0.9542425094393249
FAM86B2	4	0.6989700043360189
FAM86B2-DT	4	0.6989700043360189
FAM86B3P	4	0.6989700043360189
FAM86C1P	8	0.9542425094393249
FAM86C2P	4	0.6989700043360189
FAM86DP	4	0.6989700043360189
FAM86EP	4	0.6989700043360189
FAM86GP	1	0.3010299956639812
FAM86HP	2	0.47712125471966244
FAM86JP	5	0.7781512503836436
FAM86LP	1	0.3010299956639812
FAM86MP	1	0.3010299956639812
FAM87A	1	0.3010299956639812
FAM87B	1	0.3010299956639812
FAM88B	2	0.47712125471966244
FAM88C	1	0.3010299956639812
FAM88D	2	0.47712125471966244
FAM88E	1	0.3010299956639812
FAM88F	1	0.3010299956639812
FAM89A	12	1.1139433523068367
FAM89B	15	1.2041199826559248
FAM8A1	32	1.5185139398778875
FAM8A10P	2	0.47712125471966244
FAM8A2P	1	0.3010299956639812
FAM8A3P	1	0.3010299956639812
FAM8A4P	2	0.47712125471966244
FAM8A5P	1	0.3010299956639812
FAM8A6P	1	0.3010299956639812
FAM8A7P	1	0.3010299956639812
FAM8A9P	2	0.47712125471966244
FAM90A1	23	1.380211241711606
FAM90A10	3	0.6020599913279624
FAM90A11	2	0.47712125471966244
FAM90A12	4	0.6989700043360189
FAM90A13	4	0.6989700043360189
FAM90A14	3	0.6020599913279624
FAM90A15	3	0.6020599913279624
FAM90A16	2	0.47712125471966244
FAM90A17	3	0.6020599913279624
FAM90A18	2	0.47712125471966244
FAM90A19	2	0.47712125471966244
FAM90A20	5	0.7781512503836436
FAM90A21P	2	0.47712125471966244
FAM90A22	4	0.6989700043360189
FAM90A23	3	0.6020599913279624
FAM90A24	4	0.6989700043360189
FAM90A25P	3	0.6020599913279624
FAM90A26	5	0.7781512503836436
FAM90A27P	2	0.47712125471966244
FAM90A2P	2	0.47712125471966244
FAM90A3	2	0.47712125471966244
FAM90A4P	2	0.47712125471966244
FAM90A5	6	0.8450980400142568
FAM90A6P	2	0.47712125471966244
FAM90A7	3	0.6020599913279624
FAM90A8	3	0.6020599913279624
FAM90A9	3	0.6020599913279624
FAM91A1	78	1.8976270912904414
FAM95B1	4	0.6989700043360189
FAM95C	1	0.3010299956639812
FAM99A	6	0.8450980400142568
FAM99B	2	0.47712125471966244
FAM9A	17	1.255272505103306
FAM9B	22	1.3617278360175928
FAM9C	13	1.146128035678238
FAN1	100	2.0043213737826426
FANCA	368	2.56702636615906
FANCB	62	1.7993405494535817
FANCC	259	2.4149733479708178
FANCD2	577	2.761927838420529
FANCD2OS	6	0.8450980400142568
FANCE	89	1.954242509439325
FANCF	110	2.0453229787866576
FANCG	206	2.315970345456918
FANCI	266	2.4265112613645754
FANCL	119	2.0791812460476247
FANCM	192	2.285557309007774
FANK1	25	1.414973347970818
FAP	188	2.2764618041732443
FAR1	108	2.037426497940624
FAR1-IT1	1	0.3010299956639812
FAR2	28	1.462397997898956
FAR2-AS1	2	0.47712125471966244
FAR2P1	4	0.6989700043360189
FAR2P2	5	0.7781512503836436
FARP1	89	1.954242509439325
FARP2	80	1.9084850188786497
FARS2	85	1.9344984512435677
FARS2-AS1	1	0.3010299956639812
FARSA	198	2.298853076409707
FARSA-AS1	2	0.47712125471966244
FARSB	151	2.1818435879447726
FAS	1262	3.101403350555331
FAS-AS1	12	1.1139433523068367
FASLG	4236	3.6270584640009895
FASN	956	2.9809119377768436
FASTK	51	1.7160033436347992
FASTKD1	37	1.5797835966168101
FASTKD2	88	1.9493900066449128
FASTKD3	27	1.4471580313422192
FASTKD4	96	1.9867717342662448
FASTKD5	79	1.9030899869919435
FAT1	266	2.4265112613645754
FAT2	32	1.5185139398778875
FAT3	38	1.591064607026499
FAT4	83	1.9242792860618816
FATE1	37	1.5797835966168101
FAU	183	2.2648178230095364
FAUP1	3	0.6020599913279624
FAUP2	1	0.3010299956639812
FAUP3	1	0.3010299956639812
FAUP4	3	0.6020599913279624
FAXC	13	1.146128035678238
FAXDC2	13	1.146128035678238
FBF1	52	1.724275869600789
FBH1	59	1.7781512503836436
FBL	315	2.499687082618404
FBLIM1	75	1.8808135922807914
FBLL1	24	1.3979400086720377
FBLN1	148	2.173186268412274
FBLN2	64	1.8129133566428555
FBLN5	224	2.3521825181113627
FBLN7	26	1.4313637641589874
FBN1	1323	3.121887985103681
FBN2	232	2.367355921026019
FBN3	35	1.5563025007672873
FBP1	174	2.2430380486862944
FBP2	34	1.5440680443502757
FBRS	61	1.792391689498254
FBRSL1	38	1.591064607026499
FBXL12	57	1.7634279935629373
FBXL13	23	1.380211241711606
FBXL14	38	1.591064607026499
FBXL15	32	1.5185139398778875
FBXL16	27	1.4471580313422192
FBXL17	42	1.6334684555795864
FBXL18	53	1.7323937598229686
FBXL19	57	1.7634279935629373
FBXL19-AS1	14	1.1760912590556813
FBXL2	60	1.7853298350107671
FBXL20	35	1.5563025007672873
FBXL21P	24	1.3979400086720377
FBXL22	15	1.2041199826559248
FBXL3	59	1.7781512503836436
FBXL4	70	1.8512583487190752
FBXL5	73	1.8692317197309762
FBXL6	36	1.568201724066995
FBXL7	48	1.6901960800285136
FBXL8	29	1.4771212547196624
FBXL9P	12	1.1139433523068367
FBXO10	47	1.6812412373755872
FBXO11	155	2.1931245983544616
FBXO15	30	1.4913616938342726
FBXO16	20	1.3222192947339193
FBXO17	45	1.662757831681574
FBXO2	92	1.968482948553935
FBXO21	62	1.7993405494535817
FBXO22	124	2.0969100130080562
FBXO24	24	1.3979400086720377
FBXO25	35	1.5563025007672873
FBXO27	20	1.3222192947339193
FBXO28	72	1.863322860120456
FBXO3	94	1.9777236052888478
FBXO30	48	1.6901960800285136
FBXO31	80	1.9084850188786497
FBXO32	204	2.311753861055754
FBXO33	28	1.462397997898956
FBXO34	29	1.4771212547196624
FBXO36	12	1.1139433523068367
FBXO38	54	1.7403626894942439
FBXO38-DT	2	0.47712125471966244
FBXO39	17	1.255272505103306
FBXO4	78	1.8976270912904414
FBXO40	20	1.3222192947339193
FBXO41	16	1.2304489213782739
FBXO42	41	1.6232492903979006
FBXO43	28	1.462397997898956
FBXO44	46	1.6720978579357175
FBXO45	68	1.8388490907372552
FBXO46	34	1.5440680443502757
FBXO47	13	1.146128035678238
FBXO48	13	1.146128035678238
FBXO5	140	2.1492191126553797
FBXO6	68	1.8388490907372552
FBXO7	156	2.1958996524092336
FBXO8	28	1.462397997898956
FBXO9	44	1.6532125137753437
FBXW10	19	1.3010299956639813
FBXW10B	31	1.505149978319906
FBXW11	214	2.3324384599156054
FBXW11P1	1	0.3010299956639812
FBXW12	13	1.146128035678238
FBXW2	70	1.8512583487190752
FBXW4	59	1.7781512503836436
FBXW4P1	8	0.9542425094393249
FBXW5	78	1.8976270912904414
FBXW7	953	2.979548374704095
FBXW7-AS1	10	1.0413926851582251
FBXW8	81	1.9138138523837167
FBXW9	24	1.3979400086720377
FCAMR	21	1.3424226808222062
FCAR	86	1.9395192526186185
FCER1A	192	2.285557309007774
FCER1G	87	1.9444826721501687
FCER2	159	2.2041199826559246
FCF1	40	1.6127838567197355
FCF1P2	1	0.3010299956639812
FCGBP	73	1.8692317197309762
FCGR1A	315	2.499687082618404
FCGR1BP	23	1.380211241711606
FCGR1CP	10	1.0413926851582251
FCGR2A	684	2.8356905714924254
FCGR2B	357	2.5538830266438746
FCGR2C	38	1.591064607026499
FCGR3A	494	2.694605198933569
FCGR3B	213	2.330413773349191
FCGRT	147	2.1702617153949575
FCHO1	51	1.7160033436347992
FCHO2	72	1.863322860120456
FCHSD1	24	1.3979400086720377
FCHSD2	56	1.7558748556724915
FCMR	42	1.6334684555795864
FCN1	85	1.9344984512435677
FCN2	132	2.123851640967086
FCN3	163	2.214843848047698
FCRL1	25	1.414973347970818
FCRL2	28	1.462397997898956
FCRL3	130	2.1172712956557644
FCRL4	66	1.8260748027008264
FCRL5	69	1.845098040014257
FCRL6	17	1.255272505103306
FCRLA	44	1.6532125137753437
FCRLB	13	1.146128035678238
FCSK	23	1.380211241711606
FDCSP	22	1.3617278360175928
FDFT1	133	2.1271047983648077
FDPS	127	2.1072099696478683
FDPSP1	1	0.3010299956639812
FDPSP2	4	0.6989700043360189
FDPSP3	1	0.3010299956639812
FDPSP4	2	0.47712125471966244
FDPSP5	1	0.3010299956639812
FDPSP6	1	0.3010299956639812
FDX1	67	1.8325089127062364
FDX1P1	2	0.47712125471966244
FDX1P2	2	0.47712125471966244
FDX2	32	1.5185139398778875
FDXACB1	13	1.146128035678238
FDXR	84	1.9294189257142926
FECH	181	2.2600713879850747
FECHP1	3	0.6020599913279624
FEM1A	40	1.6127838567197355
FEM1B	61	1.792391689498254
FEM1C	29	1.4771212547196624
FEN1	561	2.749736315569061
FEN1P1	2	0.47712125471966244
FENDRR	36	1.568201724066995
FER	107	2.03342375548695
FER1L4	39	1.6020599913279623
FER1L5	12	1.1139433523068367
FER1L6	11	1.0791812460476249
FER1L6-AS1	2	0.47712125471966244
FER1L6-AS2	3	0.6020599913279624
FERD3L	22	1.3617278360175928
FERMT1	177	2.250420002308894
FERMT2	166	2.2227164711475833
FERMT3	252	2.403120521175818
FERRY3	23	1.380211241711606
FES	161	2.2095150145426308
FETUB	52	1.724275869600789
FEV	48	1.6901960800285136
FEZ1	58	1.7708520116421442
FEZ2	32	1.5185139398778875
FEZF1	41	1.6232492903979006
FEZF1-AS1	26	1.4313637641589874
FEZF2	33	1.5314789170422551
FFAR1	334	2.525044807036845
FFAR2	172	2.2380461031287955
FFAR3	91	1.9637878273455553
FFAR4	231	2.3654879848909
FGA	450	2.6541765418779604
FGB	501	2.7007037171450192
FGD1	98	1.99563519459755
FGD2	21	1.3424226808222062
FGD3	21	1.3424226808222062
FGD4	64	1.8129133566428555
FGD5	73	1.8692317197309762
FGD5-AS1	35	1.5563025007672873
FGD5P1	1	0.3010299956639812
FGD6	40	1.6127838567197355
FGF1	262	2.419955748489758
FGF10	264	2.423245873936808
FGF10-AS1	1	0.3010299956639812
FGF11	27	1.4471580313422192
FGF12	108	2.037426497940624
FGF12-AS1	1	0.3010299956639812
FGF12-AS2	1	0.3010299956639812
FGF12-AS3	1	0.3010299956639812
FGF13	63	1.806179973983887
FGF13-AS1	2	0.47712125471966244
FGF14	68	1.8388490907372552
FGF14-AS2	7	0.9030899869919435
FGF14-IT1	2	0.47712125471966244
FGF16	34	1.5440680443502757
FGF17	46	1.6720978579357175
FGF18	60	1.7853298350107671
FGF19	500	2.699837725867246
FGF2	880	2.9449759084120477
FGF20	95	1.9822712330395684
FGF21	620	2.79309160017658
FGF22	26	1.4313637641589874
FGF23	3132	3.4959603948817053
FGF3	221	2.346352974450639
FGF4	265	2.424881636631067
FGF5	117	2.0718820073061255
FGF6	49	1.6989700043360187
FGF7	675	2.829946695941636
FGF7P1	1	0.3010299956639812
FGF7P2	1	0.3010299956639812
FGF7P3	3	0.6020599913279624
FGF7P4	1	0.3010299956639812
FGF7P5	2	0.47712125471966244
FGF7P6	4	0.6989700043360189
FGF7P7	1	0.3010299956639812
FGF7P8	1	0.3010299956639812
FGF8	239	2.380211241711606
FGF9	204	2.311753861055754
FGFBP1	84	1.9294189257142926
FGFBP2	22	1.3617278360175928
FGFBP3	8	0.9542425094393249
FGFR1	1859	3.2695129442179165
FGFR1OP2	40	1.6127838567197355
FGFR2	1581	3.1992064791616577
FGFR3	1554	3.1917303933628562
FGFR3P1	3	0.6020599913279624
FGFR4	528	2.7234556720351857
FGFRL1	81	1.9138138523837167
FGG	380	2.5809249756756194
FGGY	29	1.4771212547196624
FGL1	98	1.99563519459755
FGL2	151	2.1818435879447726
FGR	114	2.060697840353612
FH	222	2.3483048630481607
FHAD1	23	1.380211241711606
FHAD1-AS1	2	0.47712125471966244
FHDC1	18	1.2787536009528289
FHIP1A	21	1.3424226808222062
FHIP1A-DT	1	0.3010299956639812
FHIP1B	31	1.505149978319906
FHIP2A	22	1.3617278360175928
FHIP2B	21	1.3424226808222062
FHIT	357	2.5538830266438746
FHL1	310	2.4927603890268375
FHL1P1	1	0.3010299956639812
FHL2	345	2.5390760987927767
FHL3	96	1.9867717342662448
FHL5	54	1.7403626894942439
FHOD1	112	2.0530784434834195
FHOD3	36	1.568201724066995
FIBCD1	22	1.3617278360175928
FIBIN	7	0.9030899869919435
FIBP	65	1.8195439355418688
FICD	40	1.6127838567197355
FIG4	112	2.0530784434834195
FIGLA	24	1.3979400086720377
FIGN	35	1.5563025007672873
FIGNL1	64	1.8129133566428555
FIGNL2	8	0.9542425094393249
FIGNL2-DT	1	0.3010299956639812
FILIP1	42	1.6334684555795864
FILIP1L	71	1.8573324964312685
FILNC1	4	0.6989700043360189
FIMP1	6	0.8450980400142568
FIP1L1	256	2.4099331233312946
FIRRE	20	1.3222192947339193
FIRRM	33	1.5314789170422551
FIS1	209	2.322219294733919
FITM1	8	0.9542425094393249
FITM2	31	1.505149978319906
FIZ1	22	1.3617278360175928
FJX1	17	1.255272505103306
FKBP10	144	2.161368002234975
FKBP11	37	1.5797835966168101
FKBP14	55	1.7481880270062005
FKBP15	70	1.8512583487190752
FKBP1A	226	2.3560258571931225
FKBP1A-SDCBP2	1	0.3010299956639812
FKBP1AP1	1	0.3010299956639812
FKBP1AP2	1	0.3010299956639812
FKBP1AP3	2	0.47712125471966244
FKBP1AP4	5	0.7781512503836436
FKBP1B	49	1.6989700043360187
FKBP1C	1	0.3010299956639812
FKBP2	47	1.6812412373755872
FKBP3	132	2.123851640967086
FKBP4	268	2.429752280002408
FKBP5	459	2.662757831681574
FKBP6	47	1.6812412373755872
FKBP6P1	2	0.47712125471966244
FKBP6P2	2	0.47712125471966244
FKBP7	37	1.5797835966168101
FKBP8	248	2.3961993470957363
FKBP9	36	1.568201724066995
FKBP9P1	5	0.7781512503836436
FKBPL	59	1.7781512503836436
FKRP	189	2.278753600952829
FKTN	151	2.1818435879447726
FLACC1	31	1.505149978319906
FLAD1	75	1.8808135922807914
FLCN	406	2.60959440922522
FLG	463	2.6665179805548807
FLG2	146	2.167317334748176
FLI1	222	2.3483048630481607
FLICR	1	0.3010299956639812
FLII	286	2.4578818967339924
FLNA	875	2.9425041061680806
FLNB	324	2.5118833609788744
FLNB-AS1	3	0.6020599913279624
FLNC	351	2.546542663478131
FLNC-AS1	2	0.47712125471966244
FLOT1	257	2.41161970596323
FLOT2	234	2.3710678622717363
FLRT1	16	1.2304489213782739
FLRT2	36	1.568201724066995
FLRT2-AS1	1	0.3010299956639812
FLRT3	52	1.724275869600789
FLT1	2122	3.326949994165999
FLT1P1	5	0.7781512503836436
FLT3	3049	3.484299839346786
FLT3LG	75	1.8808135922807914
FLT4	438	2.6424645202421213
FLVCR1	120	2.0827853703164503
FLVCR1-DT	10	1.0413926851582251
FLVCR2	35	1.5563025007672873
FLVCR2-AS1	1	0.3010299956639812
FLYWCH1	35	1.5563025007672873
FLYWCH2	30	1.4913616938342726
FMC1	32	1.5185139398778875
FMC1-LUC7L2	13	1.146128035678238
FMN1	35	1.5563025007672873
FMN2	62	1.7993405494535817
FMNL1	75	1.8808135922807914
FMNL1-DT	2	0.47712125471966244
FMNL2	106	2.0293837776852097
FMNL3	59	1.7781512503836436
FMO1	50	1.7075701760979363
FMO10P	1	0.3010299956639812
FMO11P	1	0.3010299956639812
FMO2	51	1.7160033436347992
FMO3	136	2.1367205671564067
FMO4	19	1.3010299956639813
FMO5	32	1.5185139398778875
FMO6P	9	1.0
FMO7P	1	0.3010299956639812
FMO8P	1	0.3010299956639812
FMO9P	2	0.47712125471966244
FMOD	157	2.1986570869544226
FMR1	2475	3.39375064034808
FMR1-AS1	10	1.0413926851582251
FMR1NB	15	1.2041199826559248
FN1	1266	3.1027766148834415
FN3K	41	1.6232492903979006
FN3KRP	71	1.8573324964312685
FNBP1	104	2.0211892990699383
FNBP1L	77	1.8920946026904804
FNBP4	66	1.8260748027008264
FNDC1	28	1.462397997898956
FNDC10	5	0.7781512503836436
FNDC11	17	1.255272505103306
FNDC3A	72	1.863322860120456
FNDC3B	112	2.0530784434834195
FNDC4	32	1.5185139398778875
FNDC5	995	2.998259338423699
FNDC7	7	0.9030899869919435
FNDC8	11	1.0791812460476249
FNDC9	6	0.8450980400142568
FNIP1	64	1.8129133566428555
FNIP2	38	1.591064607026499
FNTA	81	1.9138138523837167
FNTAP1	2	0.47712125471966244
FNTAP2	2	0.47712125471966244
FNTB	65	1.8195439355418688
FOCAD	46	1.6720978579357175
FOLH1	2055	3.313023110323238
FOLH1B	12	1.1139433523068367
FOLR1	172	2.2380461031287955
FOLR1P1	3	0.6020599913279624
FOLR2	103	2.0170333392987803
FOLR3	27	1.4471580313422192
FOS	614	2.788875115775417
FOSB	171	2.2355284469075487
FOSL1	201	2.305351369446624
FOSL2	201	2.305351369446624
FOSL2-AS1	2	0.47712125471966244
FOXA1	799	2.9030899869919438
FOXA2	479	2.681241237375587
FOXA3	91	1.9637878273455553
FOXB1	9	1.0
FOXB2	3	0.6020599913279624
FOXC1	429	2.6334684555795866
FOXC2	170	2.2329961103921536
FOXC2-AS1	10	1.0413926851582251
FOXCUT	12	1.1139433523068367
FOXD1	92	1.968482948553935
FOXD1-AS1	3	0.6020599913279624
FOXD2	24	1.3979400086720377
FOXD2-AS1	49	1.6989700043360187
FOXD3	100	2.0043213737826426
FOXD3-AS1	21	1.3424226808222062
FOXD4	27	1.4471580313422192
FOXD4L1	14	1.1760912590556813
FOXD4L3	9	1.0
FOXD4L4	8	0.9542425094393249
FOXD4L5	4	0.6989700043360189
FOXD4L6	13	1.146128035678238
FOXE1	185	2.2695129442179165
FOXE3	58	1.7708520116421442
FOXF1	195	2.292256071356476
FOXF2	96	1.9867717342662448
FOXG1	231	2.3654879848909
FOXG1-AS1	3	0.6020599913279624
FOXH1	78	1.8976270912904414
FOXI1	98	1.99563519459755
FOXI2	6	0.8450980400142568
FOXI3	14	1.1760912590556813
FOXJ1	106	2.0293837776852097
FOXJ2	57	1.7634279935629373
FOXJ3	47	1.6812412373755872
FOXK1	219	2.342422680822206
FOXK2	134	2.130333768495006
FOXL1	51	1.7160033436347992
FOXL2	361	2.558708570533166
FOXL2NB	2	0.47712125471966244
FOXL3-OT1	1	0.3010299956639812
FOXM1	1286	3.1095785469043866
FOXN1	37	1.5797835966168101
FOXN2	32	1.5185139398778875
FOXN3	72	1.863322860120456
FOXN3-AS1	1	0.3010299956639812
FOXN3-AS2	3	0.6020599913279624
FOXN4	17	1.255272505103306
FOXO1	2112	3.3248994970523134
FOXO1B	1	0.3010299956639812
FOXO3	1756	3.244771761495295
FOXO3B	8	0.9542425094393249
FOXO4	239	2.380211241711606
FOXO6	59	1.7781512503836436
FOXP1	479	2.681241237375587
FOXP1-AS1	1	0.3010299956639812
FOXP1-DT	1	0.3010299956639812
FOXP2	349	2.5440680443502757
FOXP3	5742	3.7591388162811663
FOXP4	99	2.0
FOXP4-AS1	17	1.255272505103306
FOXQ1	137	2.1398790864012365
FOXR1	23	1.380211241711606
FOXR2	67	1.8325089127062364
FOXRED1	59	1.7781512503836436
FOXRED2	38	1.591064607026499
FOXS1	31	1.505149978319906
FPASL	2	0.47712125471966244
FPGS	90	1.9590413923210936
FPGT	12	1.1139433523068367
FPGT-TNNI3K	8	0.9542425094393249
FPR1	270	2.432969290874406
FPR2	501	2.7007037171450192
FPR3	54	1.7403626894942439
FRA10A	6	0.8450980400142568
FRA10AC1	31	1.505149978319906
FRA10B	12	1.1139433523068367
FRA10F	1	0.3010299956639812
FRA11A	11	1.0791812460476249
FRA11B	9	1.0
FRA11F	1	0.3010299956639812
FRA12A	9	1.0
FRA13A	1	0.3010299956639812
FRA16A	4	0.6989700043360189
FRA16B	38	1.591064607026499
FRA16E	1	0.3010299956639812
FRA18C	1	0.3010299956639812
FRA19A	2	0.47712125471966244
FRA1B	1	0.3010299956639812
FRA1E	1	0.3010299956639812
FRA1H	4	0.6989700043360189
FRA1M	1	0.3010299956639812
FRA2A	4	0.6989700043360189
FRA2G	2	0.47712125471966244
FRA2H	1	0.3010299956639812
FRA5G	1	0.3010299956639812
FRA6E	4	0.6989700043360189
FRA6F	1	0.3010299956639812
FRA7A	7	0.9030899869919435
FRA7G	1	0.3010299956639812
FRA7H	1	0.3010299956639812
FRA9E	2	0.47712125471966244
FRAS1	82	1.919078092376074
FRAT1	64	1.8129133566428555
FRAT2	22	1.3617278360175928
FRAXA	514	2.711807229041191
FRAXB	1	0.3010299956639812
FRAXE	53	1.7323937598229686
FREM1	46	1.6720978579357175
FREM2	56	1.7558748556724915
FREM3	18	1.2787536009528289
FREY1	3	0.6020599913279624
FRG1	133	2.1271047983648077
FRG1-DT	1	0.3010299956639812
FRG1BP	12	1.1139433523068367
FRG1CP	3	0.6020599913279624
FRG1HP	2	0.47712125471966244
FRG1JP	3	0.6020599913279624
FRG2	12	1.1139433523068367
FRG2B	3	0.6020599913279624
FRG2C	3	0.6020599913279624
FRG2DP	1	0.3010299956639812
FRGCA	1	0.3010299956639812
FRK	95	1.9822712330395684
FRMD1	12	1.1139433523068367
FRMD3	25	1.414973347970818
FRMD4A	41	1.6232492903979006
FRMD4A-AS1	1	0.3010299956639812
FRMD4A-AS3	1	0.3010299956639812
FRMD4B	25	1.414973347970818
FRMD5	29	1.4771212547196624
FRMD6	68	1.8388490907372552
FRMD6-AS1	3	0.6020599913279624
FRMD6-AS2	3	0.6020599913279624
FRMD7	85	1.9344984512435677
FRMD8	26	1.4313637641589874
FRMD8P1	6	0.8450980400142568
FRMPD1	27	1.4471580313422192
FRMPD2	16	1.2304489213782739
FRMPD2B	3	0.6020599913279624
FRMPD3	9	1.0
FRMPD4	31	1.505149978319906
FRMPD4-AS1	1	0.3010299956639812
FRRS1	7	0.9030899869919435
FRRS1L	19	1.3010299956639813
FRS2	209	2.322219294733919
FRS3	35	1.5563025007672873
FRY	36	1.568201724066995
FRY-AS1	1	0.3010299956639812
FRYL	60	1.7853298350107671
FRZB	79	1.9030899869919435
FSAF1	32	1.5185139398778875
FSBP	19	1.3010299956639813
FSCB	11	1.0791812460476249
FSCN1	473	2.6757783416740852
FSCN1P1	1	0.3010299956639812
FSCN2	32	1.5185139398778875
FSCN3	12	1.1139433523068367
FSD1	40	1.6127838567197355
FSD1L	16	1.2304489213782739
FSD2	16	1.2304489213782739
FSHB	113	2.0569048513364727
FSHR	383	2.584331224367531
FSIP1	30	1.4913616938342726
FSIP2	33	1.5314789170422551
FSIP2-AS1	1	0.3010299956639812
FST	181	2.2600713879850747
FSTL1	238	2.3783979009481375
FSTL3	101	2.0086001717619175
FSTL4	17	1.255272505103306
FSTL4-AS2	1	0.3010299956639812
FSTL5	24	1.3979400086720377
FSTL5-AS1	1	0.3010299956639812
FTCD	43	1.6434526764861874
FTCDNL1	11	1.0791812460476249
FTH1	374	2.574031267727719
FTH1P1	1	0.3010299956639812
FTH1P10	3	0.6020599913279624
FTH1P11	1	0.3010299956639812
FTH1P12	1	0.3010299956639812
FTH1P13	4	0.6989700043360189
FTH1P15	2	0.47712125471966244
FTH1P16	2	0.47712125471966244
FTH1P19	2	0.47712125471966244
FTH1P2	2	0.47712125471966244
FTH1P21	2	0.47712125471966244
FTH1P23	1	0.3010299956639812
FTH1P24	1	0.3010299956639812
FTH1P3	13	1.146128035678238
FTH1P4	1	0.3010299956639812
FTH1P5	1	0.3010299956639812
FTH1P7	2	0.47712125471966244
FTH1P8	1	0.3010299956639812
FTHL17	14	1.1760912590556813
FTHL18P	1	0.3010299956639812
FTL	307	2.4885507165004443
FTLP17	1	0.3010299956639812
FTLP2	1	0.3010299956639812
FTLP3	5	0.7781512503836436
FTMT	49	1.6989700043360187
FTO	1981	3.2971036501492565
FTO-IT1	3	0.6020599913279624
FTOP1	1	0.3010299956639812
FTSJ1	75	1.8808135922807914
FTSJ3	182	2.2624510897304293
FTX	35	1.5563025007672873
FUBP1	316	2.5010592622177517
FUBP3	199	2.3010299956639813
FUCA1	109	2.041392685158225
FUCA1P1	2	0.47712125471966244
FUCA2	51	1.7160033436347992
FUNDC1	89	1.954242509439325
FUNDC2	51	1.7160033436347992
FUNDC2P2	2	0.47712125471966244
FUNDC2P3	1	0.3010299956639812
FUOM	11	1.0791812460476249
FURIN	491	2.69196510276736
FUS	1179	3.0718820073061255
FUT1	88	1.9493900066449128
FUT2	177	2.250420002308894
FUT2BP	7	0.9030899869919435
FUT3	116	2.0681858617461617
FUT4	207	2.3180633349627615
FUT5	22	1.3617278360175928
FUT6	71	1.8573324964312685
FUT7	83	1.9242792860618816
FUT8	127	2.1072099696478683
FUT8-AS1	2	0.47712125471966244
FUT9	43	1.6434526764861874
FUZ	26	1.4313637641589874
FXN	237	2.376576957056512
FXR1	419	2.6232492903979003
FXR2	237	2.376576957056512
FXYD1	47	1.6812412373755872
FXYD2	78	1.8976270912904414
FXYD3	68	1.8388490907372552
FXYD4	13	1.146128035678238
FXYD5	80	1.9084850188786497
FXYD6	36	1.568201724066995
FXYD6-FXYD2	5	0.7781512503836436
FXYD6P3	1	0.3010299956639812
FXYD7	13	1.146128035678238
FYB1	116	2.0681858617461617
FYB2	11	1.0791812460476249
FYCO1	106	2.0293837776852097
FYN	1154	3.062581984228163
FYTTD1	67	1.8325089127062364
FZD1	116	2.0681858617461617
FZD10	48	1.6901960800285136
FZD10-AS1	3	0.6020599913279624
FZD2	102	2.012837224705172
FZD3	57	1.7634279935629373
FZD4	235	2.3729120029701067
FZD4-DT	1	0.3010299956639812
FZD5	88	1.9493900066449128
FZD6	105	2.0253058652647704
FZD7	192	2.285557309007774
FZD8	75	1.8808135922807914
FZD9	47	1.6812412373755872
FZR1	299	2.4771212547196626
G0S2	71	1.8573324964312685
G2E3	32	1.5185139398778875
G2E3-AS1	1	0.3010299956639812
G3BP1	715	2.8549130223078554
G3BP2	303	2.482873583608754
G6PC1	99	2.0
G6PC2	98	1.99563519459755
G6PC3	99	2.0
G6PD	641	2.807535028068853
G6PR	3	0.6020599913279624
GAA	551	2.741939077729199
GAB1	225	2.3541084391474008
GAB2	257	2.41161970596323
GAB3	26	1.4313637641589874
GAB4	8	0.9542425094393249
GABARAP	295	2.4712917110589387
GABARAPL1	162	2.2121876044039577
GABARAPL1-AS1	1	0.3010299956639812
GABARAPL2	238	2.3783979009481375
GABARAPL3	5	0.7781512503836436
GABBR1	153	2.187520720836463
GABBR2	117	2.0718820073061255
GABPA	143	2.1583624920952498
GABPAP1	6	0.8450980400142568
GABPB1	68	1.8388490907372552
GABPB1-AS1	5	0.7781512503836436
GABPB1-IT1	5	0.7781512503836436
GABPB2	23	1.380211241711606
GABRA1	274	2.439332693830263
GABRA2	174	2.2430380486862944
GABRA3	92	1.968482948553935
GABRA4	80	1.9084850188786497
GABRA5	83	1.9242792860618816
GABRA6	69	1.845098040014257
GABRA6-AS1	1	0.3010299956639812
GABRB1	83	1.9242792860618816
GABRB2	157	2.1986570869544226
GABRB3	205	2.3138672203691533
GABRD	63	1.806179973983887
GABRE	48	1.6901960800285136
GABRG1	34	1.5440680443502757
GABRG2	272	2.436162647040756
GABRG3	49	1.6989700043360187
GABRG3-AS1	1	0.3010299956639812
GABRP	41	1.6232492903979006
GABRQ	30	1.4913616938342726
GABRR1	51	1.7160033436347992
GABRR2	55	1.7481880270062005
GABRR3	11	1.0791812460476249
GACAT1	4	0.6989700043360189
GACAT2	7	0.9030899869919435
GACAT3	9	1.0
GAD1	157	2.1986570869544226
GAD2	129	2.113943352306837
GADD45A	521	2.717670503002262
GADD45AP1	1	0.3010299956639812
GADD45B	163	2.214843848047698
GADD45G	93	1.9731278535996986
GADD45GIP1	107	2.03342375548695
GADL1	19	1.3010299956639813
GAGE1	47	1.6812412373755872
GAGE10	5	0.7781512503836436
GAGE12B	6	0.8450980400142568
GAGE12C	3	0.6020599913279624
GAGE12D	3	0.6020599913279624
GAGE12E	4	0.6989700043360189
GAGE12F	3	0.6020599913279624
GAGE12G	4	0.6989700043360189
GAGE12H	2	0.47712125471966244
GAGE12I	11	1.0791812460476249
GAGE12J	7	0.9030899869919435
GAGE13	6	0.8450980400142568
GAGE2A	26	1.4313637641589874
GAGE2B	7	0.9030899869919435
GAGE2C	11	1.0791812460476249
GAGE2D	7	0.9030899869919435
GAGE2E	11	1.0791812460476249
GAGE4	6	0.8450980400142568
GAGE5	13	1.146128035678238
GAGE6	5	0.7781512503836436
GAGE7	11	1.0791812460476249
GAGE8	9	1.0
GAK	161	2.2095150145426308
GAL	134	2.130333768495006
GAL3ST1	27	1.4471580313422192
GAL3ST2	29	1.4771212547196624
GAL3ST3	12	1.1139433523068367
GAL3ST4	17	1.255272505103306
GALC	90	1.9590413923210936
GALE	76	1.8864907251724818
GALK1	139	2.146128035678238
GALK2	25	1.414973347970818
GALM	27	1.4471580313422192
GALNS	222	2.3483048630481607
GALNT1	76	1.8864907251724818
GALNT10	36	1.568201724066995
GALNT11	33	1.5314789170422551
GALNT12	31	1.505149978319906
GALNT13	36	1.568201724066995
GALNT13-AS1	3	0.6020599913279624
GALNT14	42	1.6334684555795864
GALNT15	17	1.255272505103306
GALNT16	18	1.2787536009528289
GALNT16-AS1	1	0.3010299956639812
GALNT17	21	1.3424226808222062
GALNT18	22	1.3617278360175928
GALNT2	162	2.2121876044039577
GALNT3	89	1.954242509439325
GALNT4	37	1.5797835966168101
GALNT5	18	1.2787536009528289
GALNT6	43	1.6434526764861874
GALNT7	45	1.662757831681574
GALNT7-DT	1	0.3010299956639812
GALNT8	16	1.2304489213782739
GALNT9	13	1.146128035678238
GALNT9-AS1	3	0.6020599913279624
GALNTL5	24	1.3979400086720377
GALNTL6	11	1.0791812460476249
GALNTL6-AS1	1	0.3010299956639812
GALP	21	1.3424226808222062
GALR1	50	1.7075701760979363
GALR2	38	1.591064607026499
GALR3	26	1.4313637641589874
GALT	150	2.1789769472931693
GAMT	102	2.012837224705172
GAMTP1	1	0.3010299956639812
GAN	106	2.0293837776852097
GANAB	280	2.44870631990508
GANC	58	1.7708520116421442
GAP43	93	1.9731278535996986
GAPDH	645	2.8102325179950842
GAPDHP1	3	0.6020599913279624
GAPDHP14	1	0.3010299956639812
GAPDHP17	2	0.47712125471966244
GAPDHP19	1	0.3010299956639812
GAPDHP44	4	0.6989700043360189
GAPDHP58	1	0.3010299956639812
GAPDHP59	1	0.3010299956639812
GAPDHP60	2	0.47712125471966244
GAPDHP61	1	0.3010299956639812
GAPDHP62	2	0.47712125471966244
GAPDHP63	1	0.3010299956639812
GAPDHP64	1	0.3010299956639812
GAPDHP65	2	0.47712125471966244
GAPDHP66	1	0.3010299956639812
GAPDHP67	1	0.3010299956639812
GAPDHP68	1	0.3010299956639812
GAPDHP69	1	0.3010299956639812
GAPDHP70	1	0.3010299956639812
GAPDHS	77	1.8920946026904804
GAPLINC	15	1.2041199826559248
GAPT	6	0.8450980400142568
GAPVD1	124	2.0969100130080562
GAR1	146	2.167317334748176
GAREM1	40	1.6127838567197355
GAREM2	15	1.2041199826559248
GARIN1A	9	1.0
GARIN1B	15	1.2041199826559248
GARIN2	14	1.1760912590556813
GARIN3	12	1.1139433523068367
GARIN4	9	1.0
GARIN5A	6	0.8450980400142568
GARIN5B	11	1.0791812460476249
GARIN6	9	1.0
GARNL3	18	1.2787536009528289
GARRE1	43	1.6434526764861874
GARS1	200	2.303196057420489
GARS1-DT	4	0.6989700043360189
GART	200	2.303196057420489
GAS1	109	2.041392685158225
GAS1RR	3	0.6020599913279624
GAS2	45	1.662757831681574
GAS2L1	36	1.568201724066995
GAS2L1P2	1	0.3010299956639812
GAS2L2	20	1.3222192947339193
GAS2L3	42	1.6334684555795864
GAS5	368	2.56702636615906
GAS5-AS1	12	1.1139433523068367
GAS6	228	2.359835482339888
GAS6-AS1	7	0.9030899869919435
GAS6-DT	4	0.6989700043360189
GAS7	68	1.8388490907372552
GAS8-AS1	18	1.2787536009528289
GASAL1	8	0.9542425094393249
GASK1A	11	1.0791812460476249
GASK1B	15	1.2041199826559248
GASK1B-AS1	2	0.47712125471966244
GAST	132	2.123851640967086
GATA1	974	2.989004615698537
GATA2	745	2.8727388274726686
GATA2-AS1	7	0.9030899869919435
GATA3	1412	3.1501421618485588
GATA3-AS1	15	1.2041199826559248
GATA4	533	2.727541257028556
GATA5	84	1.9294189257142926
GATA6	415	2.6190933306267428
GATA6-AS1	14	1.1760912590556813
GATAD1	63	1.806179973983887
GATAD2A	163	2.214843848047698
GATAD2B	186	2.271841606536499
GATB	37	1.5797835966168101
GATC	25	1.414973347970818
GATD1	22	1.3617278360175928
GATD3	61	1.792391689498254
GATM	63	1.806179973983887
GAU1	2	0.47712125471966244
GBA1	743	2.8715729355458786
GBA1LP	21	1.3424226808222062
GBA2	99	2.0
GBA3	55	1.7481880270062005
GBE1	120	2.0827853703164503
GBF1	182	2.2624510897304293
GBGT1	21	1.3424226808222062
GBP1	207	2.3180633349627615
GBP1P1	2	0.47712125471966244
GBP2	79	1.9030899869919435
GBP3	22	1.3617278360175928
GBP4	16	1.2304489213782739
GBP5	56	1.7558748556724915
GBP6	23	1.380211241711606
GBP7	11	1.0791812460476249
GBX1	12	1.1139433523068367
GBX2	40	1.6127838567197355
GC	402	2.6053050461411096
GCA	49	1.6989700043360187
GCASPC	2	0.47712125471966244
GCAT	41	1.6232492903979006
GCAWKR	3	0.6020599913279624
GCC1	61	1.792391689498254
GCC2	86	1.9395192526186185
GCC2-AS1	4	0.6989700043360189
GCDH	124	2.0969100130080562
GCFC2	67	1.8325089127062364
GCG	375	2.575187844927661
GCGR	69	1.845098040014257
GCH1	261	2.4183012913197452
GCHFR	42	1.6334684555795864
GCK	357	2.5538830266438746
GCKR	234	2.3710678622717363
GCLC	194	2.290034611362518
GCLM	199	2.3010299956639813
GCM1	94	1.9777236052888478
GCM2	70	1.8512583487190752
GCN1	250	2.399673721481038
GCNA	15	1.2041199826559248
GCNT1	52	1.724275869600789
GCNT1P1	1	0.3010299956639812
GCNT2	48	1.6901960800285136
GCNT2P1	1	0.3010299956639812
GCNT3	31	1.505149978319906
GCNT4	10	1.0413926851582251
GCNT7	6	0.8450980400142568
GCOM1	19	1.3010299956639813
GCSAM	50	1.7075701760979363
GCSAML	9	1.0
GCSAML-AS1	4	0.6989700043360189
GCSH	36	1.568201724066995
GCSHP3	2	0.47712125471966244
GCSHP5	1	0.3010299956639812
GCSHP8	1	0.3010299956639812
GCSHP9	1	0.3010299956639812
GCSIR	2	0.47712125471966244
GDA	49	1.6989700043360187
GDAP1	118	2.0755469613925306
GDAP1L1	16	1.2304489213782739
GDAP2	23	1.380211241711606
GDE1	46	1.6720978579357175
GDF1	27	1.4471580313422192
GDF10	37	1.5797835966168101
GDF11	215	2.3344537511509307
GDF15	1576	3.197831693328903
GDF2	271	2.4345689040341987
GDF3	52	1.724275869600789
GDF5	344	2.537819095073274
GDF5-AS1	4	0.6989700043360189
GDF6	70	1.8512583487190752
GDF7	39	1.6020599913279623
GDF9	241	2.383815365980431
GDI1	136	2.1367205671564067
GDI2	163	2.214843848047698
GDI2P1	5	0.7781512503836436
GDNF	883	2.946452265013073
GDNF-AS1	2	0.47712125471966244
GDPD1	24	1.3979400086720377
GDPD2	17	1.255272505103306
GDPD3	20	1.3222192947339193
GDPD4	9	1.0
GDPD5	30	1.4913616938342726
GDPGP1	9	1.0
GEM	40	1.6127838567197355
GEMIN2	206	2.315970345456918
GEMIN2P2	2	0.47712125471966244
GEMIN4	198	2.298853076409707
GEMIN5	171	2.2355284469075487
GEMIN6	71	1.8573324964312685
GEMIN7	55	1.7481880270062005
GEMIN7-AS1	1	0.3010299956639812
GEMIN8	44	1.6532125137753437
GEMIN8P4	3	0.6020599913279624
GEN1	75	1.8808135922807914
GET1	38	1.591064607026499
GET1-SH3BGR	2	0.47712125471966244
GET1P1	1	0.3010299956639812
GET3	119	2.0791812460476247
GET4	106	2.0293837776852097
GFAP	1087	3.036628895362161
GFER	178	2.2528530309798933
GFI1	183	2.2648178230095364
GFI1B	89	1.954242509439325
GFM1	108	2.037426497940624
GFM2	45	1.662757831681574
GFOD1	33	1.5314789170422551
GFOD2	19	1.3010299956639813
GFOD3P	55	1.7481880270062005
GFPT1	213	2.330413773349191
GFPT2	73	1.8692317197309762
GFRA1	212	2.3283796034387376
GFRA2	56	1.7558748556724915
GFRA3	46	1.6720978579357175
GFRA4	19	1.3010299956639813
GFRAL	16	1.2304489213782739
GFUS	60	1.7853298350107671
GFY	3	0.6020599913279624
GGA1	141	2.1522883443830563
GGA2	111	2.0492180226701815
GGA3	116	2.0681858617461617
GGACT	11	1.0791812460476249
GGCT	107	2.03342375548695
GGCX	146	2.167317334748176
GGH	124	2.0969100130080562
GGN	12	1.1139433523068367
GGNBP1	7	0.9030899869919435
GGNBP2	37	1.5797835966168101
GGPS1	56	1.7558748556724915
GGT1	485	2.6866362692622934
GGT2P	30	1.4913616938342726
GGT3P	10	1.0413926851582251
GGT4P	1	0.3010299956639812
GGT5	29	1.4771212547196624
GGT6	15	1.2041199826559248
GGT7	52	1.724275869600789
GGT8P	2	0.47712125471966244
GGTA1	10	1.0413926851582251
GGTA2P	4	0.6989700043360189
GGTLC1	12	1.1139433523068367
GGTLC2	12	1.1139433523068367
GGTLC3	5	0.7781512503836436
GGTLC4P	3	0.6020599913279624
GGTLC5P	3	0.6020599913279624
GH1	481	2.6830470382388496
GH2	121	2.0863598306747484
GHDC	32	1.5185139398778875
GHET1	28	1.462397997898956
GHITM	59	1.7781512503836436
GHR	348	2.5428254269591797
GHRH	91	1.9637878273455553
GHRHR	110	2.0453229787866576
GHRL	1014	3.0064660422492318
GHRLOS	2	0.47712125471966244
GHSR	195	2.292256071356476
GID4	32	1.5185139398778875
GID8	76	1.8864907251724818
GIGYF1	73	1.8692317197309762
GIGYF2	228	2.359835482339888
GIHCG	7	0.9030899869919435
GIMAP1	22	1.3617278360175928
GIMAP1-GIMAP5	4	0.6989700043360189
GIMAP2	22	1.3617278360175928
GIMAP3P	1	0.3010299956639812
GIMAP4	37	1.5797835966168101
GIMAP5	34	1.5440680443502757
GIMAP6	24	1.3979400086720377
GIMAP7	18	1.2787536009528289
GIMAP8	21	1.3424226808222062
GIMD1	2	0.47712125471966244
GIN1	16	1.2304489213782739
GINM1	18	1.2787536009528289
GINS1	83	1.9242792860618816
GINS2	85	1.9344984512435677
GINS3	75	1.8808135922807914
GINS4	69	1.845098040014257
GIP	107	2.03342375548695
GIPC1	180	2.2576785748691846
GIPC2	40	1.6127838567197355
GIPC3	26	1.4313637641589874
GIPR	88	1.9493900066449128
GIRGL	2	0.47712125471966244
GIT1	203	2.3096301674258988
GIT2	106	2.0293837776852097
GJA1	1128	3.052693941924968
GJA10	8	0.9542425094393249
GJA1P1	2	0.47712125471966244
GJA3	214	2.3324384599156054
GJA4	104	2.0211892990699383
GJA5	102	2.012837224705172
GJA6P	1	0.3010299956639812
GJA8	99	2.0
GJA9	10	1.0413926851582251
GJB1	247	2.3944516808262164
GJB2	2013	3.3040594662175993
GJB3	201	2.305351369446624
GJB4	31	1.505149978319906
GJB5	25	1.414973347970818
GJB6	312	2.4955443375464483
GJB7	18	1.2787536009528289
GJC1	63	1.806179973983887
GJC2	43	1.6434526764861874
GJC3	28	1.462397997898956
GJD2	43	1.6434526764861874
GJD2-DT	2	0.47712125471966244
GJD3	13	1.146128035678238
GJD3-AS1	1	0.3010299956639812
GJD4	23	1.380211241711606
GJE1	4	0.6989700043360189
GK	58	1.7708520116421442
GK2	18	1.2787536009528289
GK3	11	1.0791812460476249
GK4P	1	0.3010299956639812
GK5	13	1.146128035678238
GK6P	2	0.47712125471966244
GKAP1	28	1.462397997898956
GKN1	87	1.9444826721501687
GKN2	40	1.6127838567197355
GKN3P	6	0.8450980400142568
GLA	490	2.6910814921229687
GLB1	280	2.44870631990508
GLB1L	12	1.1139433523068367
GLB1L2	17	1.255272505103306
GLB1L3	13	1.146128035678238
GLCCI1	70	1.8512583487190752
GLCCI1-DT	1	0.3010299956639812
GLCE	49	1.6989700043360187
GLDC	76	1.8864907251724818
GLDCP1	3	0.6020599913279624
GLDN	20	1.3222192947339193
GLE1	89	1.954242509439325
GLG1	108	2.037426497940624
GLI1	1219	3.0863598306747484
GLI2	465	2.66838591669
GLI3	458	2.661812685537261
GLI4	18	1.2787536009528289
GLIDR	10	1.0413926851582251
GLIPR1	69	1.845098040014257
GLIPR1L1	9	1.0
GLIPR1L2	13	1.146128035678238
GLIPR2	54	1.7403626894942439
GLIS1	43	1.6434526764861874
GLIS2	50	1.7075701760979363
GLIS2-AS1	1	0.3010299956639812
GLIS3	98	1.99563519459755
GLIS3-AS1	3	0.6020599913279624
GLMN	104	2.0211892990699383
GLMP	21	1.3424226808222062
GLO1	294	2.469822015978163
GLOD4	56	1.7558748556724915
GLOD5	4	0.6989700043360189
GLP1R	1560	3.1934029030624176
GLP2R	47	1.6812412373755872
GLRA1	193	2.287801729930226
GLRA2	44	1.6532125137753437
GLRA3	23	1.380211241711606
GLRA4	8	0.9542425094393249
GLRB	90	1.9590413923210936
GLRX	190	2.2810333672477277
GLRX2	79	1.9030899869919435
GLRX3	143	2.1583624920952498
GLRX5	66	1.8260748027008264
GLRXP1	3	0.6020599913279624
GLRXP2	1	0.3010299956639812
GLS	314	2.4983105537896004
GLS2	89	1.954242509439325
GLT1D1	15	1.2041199826559248
GLT6D1	13	1.146128035678238
GLT8D1	55	1.7481880270062005
GLT8D2	27	1.4471580313422192
GLTC1	1	0.3010299956639812
GLTP	72	1.863322860120456
GLTPD2	5	0.7781512503836436
GLTPP1	1	0.3010299956639812
GLUD1	333	2.5237464668115646
GLUD1P2	5	0.7781512503836436
GLUD1P3	5	0.7781512503836436
GLUD1P4	2	0.47712125471966244
GLUD1P5	21	1.3424226808222062
GLUD2	104	2.0211892990699383
GLUL	188	2.2764618041732443
GLULP1	1	0.3010299956639812
GLULP2	1	0.3010299956639812
GLULP3	1	0.3010299956639812
GLULP4	1	0.3010299956639812
GLYAT	30	1.4913616938342726
GLYATL1	12	1.1139433523068367
GLYATL1-AS1	2	0.47712125471966244
GLYATL1B	1	0.3010299956639812
GLYATL2	7	0.9030899869919435
GLYATL3	7	0.9030899869919435
GLYCAM1	2	0.47712125471966244
GLYCTK	24	1.3979400086720377
GLYCTK-AS1	1	0.3010299956639812
GLYR1	116	2.0681858617461617
GM2A	73	1.8692317197309762
GM2AP1	4	0.6989700043360189
GMCL1	34	1.5440680443502757
GMCL2	16	1.2304489213782739
GMDS	70	1.8512583487190752
GMDS-DT	9	1.0
GMEB1	46	1.6720978579357175
GMEB2	36	1.568201724066995
GMFB	42	1.6334684555795864
GMFG	34	1.5440680443502757
GMIP	29	1.4771212547196624
GML	25	1.414973347970818
GMNC	10	1.0413926851582251
GMNN	252	2.403120521175818
GMPPA	70	1.8512583487190752
GMPPB	62	1.7993405494535817
GMPR	36	1.568201724066995
GMPR2	38	1.591064607026499
GMPS	158	2.2013971243204513
GNA11	307	2.4885507165004443
GNA12	132	2.123851640967086
GNA13	187	2.27415784926368
GNA14	70	1.8512583487190752
GNA14-AS1	2	0.47712125471966244
GNA15	54	1.7403626894942439
GNAI1	300	2.4785664955938436
GNAI2	353	2.5490032620257876
GNAI2P1	1	0.3010299956639812
GNAI3	283	2.4533183400470375
GNAL	63	1.806179973983887
GNAO1	229	2.361727836017593
GNAO1-DT	1	0.3010299956639812
GNAQ	542	2.734799829588847
GNAQP1	1	0.3010299956639812
GNAS	1245	3.095518042323151
GNAS-AS1	18	1.2787536009528289
GNAT1	87	1.9444826721501687
GNAT2	43	1.6434526764861874
GNAT3	41	1.6232492903979006
GNAZ	88	1.9493900066449128
GNB1	334	2.525044807036845
GNB1L	50	1.7075701760979363
GNB2	200	2.303196057420489
GNB3	446	2.6503075231319366
GNB4	109	2.041392685158225
GNB5	92	1.968482948553935
GNE	157	2.1986570869544226
GNG10	29	1.4771212547196624
GNG11	28	1.462397997898956
GNG12	104	2.0211892990699383
GNG12-AS1	10	1.0413926851582251
GNG13	22	1.3617278360175928
GNG14	2	0.47712125471966244
GNG2	114	2.060697840353612
GNG3	31	1.505149978319906
GNG4	38	1.591064607026499
GNG5	65	1.8195439355418688
GNG5B	2	0.47712125471966244
GNG5P1	1	0.3010299956639812
GNG5P5	2	0.47712125471966244
GNG7	53	1.7323937598229686
GNG8	17	1.255272505103306
GNGT1	40	1.6127838567197355
GNGT2	31	1.505149978319906
GNL1	60	1.7853298350107671
GNL2	148	2.173186268412274
GNL2P1	1	0.3010299956639812
GNL3	353	2.5490032620257876
GNL3L	108	2.037426497940624
GNL3LP1	3	0.6020599913279624
GNLY	87	1.9444826721501687
GNMT	87	1.9444826721501687
GNPAT	83	1.9242792860618816
GNPDA1	53	1.7323937598229686
GNPDA2	64	1.8129133566428555
GNPNAT1	41	1.6232492903979006
GNPTAB	136	2.1367205671564067
GNPTG	74	1.8750612633917
GNRH1	133	2.1271047983648077
GNRH2	62	1.7993405494535817
GNRHR	292	2.4668676203541096
GNRHR2	57	1.7634279935629373
GNRHR2P1	3	0.6020599913279624
GNS	57	1.7634279935629373
GOLGA1	43	1.6434526764861874
GOLGA2	210	2.3242824552976926
GOLGA2P10	14	1.1760912590556813
GOLGA2P11	3	0.6020599913279624
GOLGA2P2Y	2	0.47712125471966244
GOLGA2P3Y	2	0.47712125471966244
GOLGA2P5	9	1.0
GOLGA2P6	1	0.3010299956639812
GOLGA2P7	3	0.6020599913279624
GOLGA2P8	1	0.3010299956639812
GOLGA3	132	2.123851640967086
GOLGA4	111	2.0492180226701815
GOLGA4-AS1	2	0.47712125471966244
GOLGA4P1	1	0.3010299956639812
GOLGA4P2	1	0.3010299956639812
GOLGA4P3	1	0.3010299956639812
GOLGA5	93	1.9731278535996986
GOLGA6A	20	1.3222192947339193
GOLGA6B	10	1.0413926851582251
GOLGA6C	5	0.7781512503836436
GOLGA6D	4	0.6989700043360189
GOLGA6FP	1	0.3010299956639812
GOLGA6L1	4	0.6989700043360189
GOLGA6L10	4	0.6989700043360189
GOLGA6L11P	1	0.3010299956639812
GOLGA6L12P	1	0.3010299956639812
GOLGA6L13P	2	0.47712125471966244
GOLGA6L14P	2	0.47712125471966244
GOLGA6L19	1	0.3010299956639812
GOLGA6L2	10	1.0413926851582251
GOLGA6L22	3	0.6020599913279624
GOLGA6L25	1	0.3010299956639812
GOLGA6L3P	2	0.47712125471966244
GOLGA6L4	6	0.8450980400142568
GOLGA6L5P	6	0.8450980400142568
GOLGA6L6	4	0.6989700043360189
GOLGA6L7	2	0.47712125471966244
GOLGA6L9	7	0.9030899869919435
GOLGA7	42	1.6334684555795864
GOLGA7B	15	1.2041199826559248
GOLGA8A	15	1.2041199826559248
GOLGA8B	14	1.1760912590556813
GOLGA8CP	7	0.9030899869919435
GOLGA8DP	6	0.8450980400142568
GOLGA8EP	3	0.6020599913279624
GOLGA8F	10	1.0413926851582251
GOLGA8G	9	1.0
GOLGA8H	5	0.7781512503836436
GOLGA8IP	5	0.7781512503836436
GOLGA8J	6	0.8450980400142568
GOLGA8K	6	0.8450980400142568
GOLGA8M	6	0.8450980400142568
GOLGA8N	4	0.6989700043360189
GOLGA8O	9	1.0
GOLGA8Q	3	0.6020599913279624
GOLGA8R	6	0.8450980400142568
GOLGA8S	4	0.6989700043360189
GOLGA8T	2	0.47712125471966244
GOLGA8VP	1	0.3010299956639812
GOLGB1	144	2.161368002234975
GOLIM4	80	1.9084850188786497
GOLM1	321	2.507855871695831
GOLM2	36	1.568201724066995
GOLPH3	216	2.3364597338485296
GOLPH3L	38	1.591064607026499
GOLT1A	17	1.255272505103306
GOLT1B	53	1.7323937598229686
GON4L	57	1.7634279935629373
GON7	18	1.2787536009528289
GOPC	186	2.271841606536499
GORAB	46	1.6720978579357175
GORAB-AS1	2	0.47712125471966244
GORASP1	115	2.0644579892269186
GORASP2	149	2.1760912590556813
GOSR1	91	1.9637878273455553
GOSR2	100	2.0043213737826426
GOT1	153	2.187520720836463
GOT1L1	12	1.1139433523068367
GOT2	142	2.155336037465062
GOT2P1	1	0.3010299956639812
GOT2P6	1	0.3010299956639812
GP1BA	353	2.5490032620257876
GP1BB	88	1.9493900066449128
GP2	99	2.0
GP5	43	1.6434526764861874
GP6	220	2.3443922736851106
GP9	78	1.8976270912904414
GPA33	93	1.9731278535996986
GPAA1	79	1.9030899869919435
GPAA1P1	1	0.3010299956639812
GPALPP1	28	1.462397997898956
GPAM	52	1.724275869600789
GPANK1	35	1.5563025007672873
GPAT2	12	1.1139433523068367
GPAT2P2	1	0.3010299956639812
GPAT3	64	1.8129133566428555
GPAT4	67	1.8325089127062364
GPAT4-AS1	1	0.3010299956639812
GPATCH1	65	1.8195439355418688
GPATCH11	40	1.6127838567197355
GPATCH2	35	1.5563025007672873
GPATCH2L	27	1.4471580313422192
GPATCH3	12	1.1139433523068367
GPATCH4	114	2.060697840353612
GPATCH8	95	1.9822712330395684
GPBAR1	387	2.5888317255942073
GPBP1	47	1.6812412373755872
GPBP1L1	31	1.505149978319906
GPC1	140	2.1492191126553797
GPC1-AS1	4	0.6989700043360189
GPC2	27	1.4471580313422192
GPC3	694	2.8419848045901137
GPC3-AS1	2	0.47712125471966244
GPC4	104	2.0211892990699383
GPC5	107	2.03342375548695
GPC5-AS1	1	0.3010299956639812
GPC5-AS2	1	0.3010299956639812
GPC6	72	1.863322860120456
GPCPD1	30	1.4913616938342726
GPCPD1P1	1	0.3010299956639812
GPD1	45	1.662757831681574
GPD1L	58	1.7708520116421442
GPD2	101	2.0086001717619175
GPER1	711	2.8524799936368566
GPHA2	16	1.2304489213782739
GPHB5	14	1.1760912590556813
GPHN	126	2.103803720955957
GPHRA	42	1.6334684555795864
GPHRB	42	1.6334684555795864
GPI	228	2.359835482339888
GPIHBP1	150	2.1789769472931693
GPKOW	81	1.9138138523837167
GPLD1	64	1.8129133566428555
GPM6A	74	1.8750612633917
GPM6B	46	1.6720978579357175
GPN1	80	1.9084850188786497
GPN2	26	1.4313637641589874
GPN3	58	1.7708520116421442
GPNMB	326	2.514547752660286
GPR101	43	1.6434526764861874
GPR107	29	1.4771212547196624
GPR108	26	1.4313637641589874
GPR119	191	2.2833012287035497
GPR12	31	1.505149978319906
GPR132	28	1.462397997898956
GPR135	19	1.3010299956639813
GPR137	22	1.3617278360175928
GPR137B	22	1.3617278360175928
GPR137C	8	0.9542425094393249
GPR139	25	1.414973347970818
GPR141	14	1.1760912590556813
GPR142	16	1.2304489213782739
GPR143	144	2.161368002234975
GPR143YP	1	0.3010299956639812
GPR146	22	1.3617278360175928
GPR148	10	1.0413926851582251
GPR149	15	1.2041199826559248
GPR15	102	2.012837224705172
GPR150	8	0.9542425094393249
GPR151	18	1.2787536009528289
GPR152	8	0.9542425094393249
GPR153	13	1.146128035678238
GPR155	36	1.568201724066995
GPR156	12	1.1139433523068367
GPR157	9	1.0
GPR158	32	1.5185139398778875
GPR158-AS1	1	0.3010299956639812
GPR15LG	17	1.255272505103306
GPR160	19	1.3010299956639813
GPR161	43	1.6434526764861874
GPR162	13	1.146128035678238
GPR165P	1	0.3010299956639812
GPR166P	1	0.3010299956639812
GPR17	86	1.9395192526186185
GPR171	15	1.2041199826559248
GPR173	14	1.1760912590556813
GPR174	27	1.4471580313422192
GPR176	16	1.2304489213782739
GPR176-DT	1	0.3010299956639812
GPR179	15	1.2041199826559248
GPR18	60	1.7853298350107671
GPR180	32	1.5185139398778875
GPR183	63	1.806179973983887
GPR19	26	1.4313637641589874
GPR199P	3	0.6020599913279624
GPR20	9	1.0
GPR21	18	1.2787536009528289
GPR22	17	1.255272505103306
GPR25	14	1.1760912590556813
GPR26	18	1.2787536009528289
GPR27	7	0.9030899869919435
GPR3	48	1.6901960800285136
GPR31	26	1.4313637641589874
GPR32	31	1.505149978319906
GPR32P1	4	0.6989700043360189
GPR33	5	0.7781512503836436
GPR34	31	1.505149978319906
GPR35	105	2.0253058652647704
GPR37	57	1.7634279935629373
GPR37L1	37	1.5797835966168101
GPR39	125	2.100370545117563
GPR4	86	1.9395192526186185
GPR42	11	1.0791812460476249
GPR45	13	1.146128035678238
GPR50	53	1.7323937598229686
GPR50-AS1	1	0.3010299956639812
GPR52	29	1.4771212547196624
GPR55	218	2.3404441148401185
GPR6	25	1.414973347970818
GPR61	25	1.414973347970818
GPR62	7	0.9030899869919435
GPR63	17	1.255272505103306
GPR65	82	1.919078092376074
GPR68	118	2.0755469613925306
GPR75	26	1.4313637641589874
GPR75-ASB3	6	0.8450980400142568
GPR78	16	1.2304489213782739
GPR79P	2	0.47712125471966244
GPR82	5	0.7781512503836436
GPR83	22	1.3617278360175928
GPR84	60	1.7853298350107671
GPR84-AS1	1	0.3010299956639812
GPR85	23	1.380211241711606
GPR87	37	1.5797835966168101
GPR88	19	1.3010299956639813
GPRACR	1	0.3010299956639812
GPRASP1	52	1.724275869600789
GPRASP2	62	1.7993405494535817
GPRASP3	15	1.2041199826559248
GPRC5A	146	2.167317334748176
GPRC5B	63	1.806179973983887
GPRC5C	43	1.6434526764861874
GPRC5D	51	1.7160033436347992
GPRC5D-AS1	7	0.9030899869919435
GPRC6A	64	1.8129133566428555
GPRIN1	54	1.7403626894942439
GPRIN2	21	1.3424226808222062
GPRIN3	29	1.4771212547196624
GPS1	190	2.2810333672477277
GPS2	110	2.0453229787866576
GPSM1	74	1.8750612633917
GPSM2	97	1.9912260756924949
GPSM3	35	1.5563025007672873
GPT	156	2.1958996524092336
GPT2	66	1.8260748027008264
GPX1	658	2.8188854145940097
GPX1P1	2	0.47712125471966244
GPX1P2	2	0.47712125471966244
GPX2	115	2.0644579892269186
GPX3	244	2.3891660843645326
GPX4	299	2.4771212547196626
GPX5	21	1.3424226808222062
GPX6	12	1.1139433523068367
GPX7	58	1.7708520116421442
GPX8	90	1.9590413923210936
GRAMD1A	60	1.7853298350107671
GRAMD1B	50	1.7075701760979363
GRAMD1C	20	1.3222192947339193
GRAMD2A	11	1.0791812460476249
GRAMD2B	38	1.591064607026499
GRAMD4	39	1.6020599913279623
GRAP	34	1.5440680443502757
GRAP2	142	2.155336037465062
GRAPL	6	0.8450980400142568
GRAPL-AS1	3	0.6020599913279624
GRASLND	6	0.8450980400142568
GRB10	174	2.2430380486862944
GRB14	89	1.954242509439325
GRB2	1545	3.189209489582306
GRB7	148	2.173186268412274
GREB1	113	2.0569048513364727
GREB1L	30	1.4913616938342726
GREB1L-DT	1	0.3010299956639812
GREM1	346	2.5403294747908736
GREM1-AS1	2	0.47712125471966244
GREM2	56	1.7558748556724915
GREP1	8	0.9542425094393249
GRHL1	42	1.6334684555795864
GRHL2	150	2.1789769472931693
GRHL2-DT	1	0.3010299956639812
GRHL3	82	1.919078092376074
GRHPR	64	1.8129133566428555
GRIA1	163	2.214843848047698
GRIA2	154	2.1903316981702914
GRIA3	92	1.968482948553935
GRIA4	73	1.8692317197309762
GRID1	41	1.6232492903979006
GRID1-AS1	1	0.3010299956639812
GRID2	43	1.6434526764861874
GRID2IP	13	1.146128035678238
GRIFIN	9	1.0
GRIK1	74	1.8750612633917
GRIK1-AS1	2	0.47712125471966244
GRIK1-AS2	2	0.47712125471966244
GRIK2	120	2.0827853703164503
GRIK3	43	1.6434526764861874
GRIK4	58	1.7708520116421442
GRIK5	43	1.6434526764861874
GRIN1	298	2.4756711883244296
GRIN2A	289	2.462397997898956
GRIN2B	412	2.615950051656401
GRIN2C	95	1.9822712330395684
GRIN2D	109	2.041392685158225
GRIN3A	110	2.0453229787866576
GRIN3B	64	1.8129133566428555
GRINA	53	1.7323937598229686
GRIP1	169	2.230448921378274
GRIP2	29	1.4771212547196624
GRIPAP1	74	1.8750612633917
GRK1	120	2.0827853703164503
GRK2	465	2.66838591669
GRK3	167	2.225309281725863
GRK4	129	2.113943352306837
GRK5	225	2.3541084391474008
GRK5-IT1	1	0.3010299956639812
GRK6	96	1.9867717342662448
GRK6P1	2	0.47712125471966244
GRK7	23	1.380211241711606
GRM1	151	2.1818435879447726
GRM2	71	1.8573324964312685
GRM3	107	2.03342375548695
GRM4	57	1.7634279935629373
GRM5	408	2.611723308007342
GRM5P1	2	0.47712125471966244
GRM6	44	1.6532125137753437
GRM7	87	1.9444826721501687
GRM7-AS2	1	0.3010299956639812
GRM8	45	1.662757831681574
GRM8-AS1	1	0.3010299956639812
GRN	1130	3.053462604925455
GRP	94	1.9777236052888478
GRPEL1	104	2.0211892990699383
GRPEL2	30	1.4913616938342726
GRPR	71	1.8573324964312685
GRSF1	136	2.1367205671564067
GRTP1	13	1.146128035678238
GRWD1	165	2.220108088040055
GRXCR1	13	1.146128035678238
GRXCR2	8	0.9542425094393249
GSAP	26	1.4313637641589874
GSC	57	1.7634279935629373
GSC-DT	2	0.47712125471966244
GSC2	12	1.1139433523068367
GSCAR	1	0.3010299956639812
GSDMA	134	2.130333768495006
GSDMB	128	2.110589710299249
GSDMC	60	1.7853298350107671
GSDMD	524	2.720159303405957
GSDME	246	2.392696953259666
GSE1	100	2.0043213737826426
GSEC	6	0.8450980400142568
GSG1	16	1.2304489213782739
GSG1L	12	1.1139433523068367
GSG1L2	5	0.7781512503836436
GSK3A	246	2.392696953259666
GSK3B	3757	3.5749567757645067
GSK3B-DT	1	0.3010299956639812
GSKIP	52	1.724275869600789
GSN	381	2.582063362911709
GSN-AS1	1	0.3010299956639812
GSPT1	169	2.230448921378274
GSPT2	69	1.845098040014257
GSR	136	2.1367205671564067
GSS	80	1.9084850188786497
GSTA1	328	2.5171958979499744
GSTA10P	1	0.3010299956639812
GSTA11P	1	0.3010299956639812
GSTA12P	1	0.3010299956639812
GSTA2	66	1.8260748027008264
GSTA3	36	1.568201724066995
GSTA4	68	1.8388490907372552
GSTA5	16	1.2304489213782739
GSTA6P	3	0.6020599913279624
GSTA7P	2	0.47712125471966244
GSTA8P	1	0.3010299956639812
GSTA9P	2	0.47712125471966244
GSTCD	28	1.462397997898956
GSTK1	128	2.110589710299249
GSTM1	2270	3.3562171342197353
GSTM2	83	1.9242792860618816
GSTM3	263	2.4216039268698313
GSTM3P2	1	0.3010299956639812
GSTM4	56	1.7558748556724915
GSTM5	49	1.6989700043360187
GSTM5P1	1	0.3010299956639812
GSTO1	251	2.401400540781544
GSTO2	103	2.0170333392987803
GSTO3P	1	0.3010299956639812
GSTP1	2677	3.42781057267599
GSTP1P1	1	0.3010299956639812
GSTT1	1907	3.2805783703680764
GSTT1-AS1	3	0.6020599913279624
GSTT2	98	1.99563519459755
GSTT2B	21	1.3424226808222062
GSTT4	4	0.6989700043360189
GSTZ1	125	2.100370545117563
GSX1	11	1.0791812460476249
GSX2	21	1.3424226808222062
GTF2A1	110	2.0453229787866576
GTF2A1L	24	1.3979400086720377
GTF2A2	54	1.7403626894942439
GTF2B	202	2.307496037913213
GTF2E1	94	1.9777236052888478
GTF2E2	106	2.0293837776852097
GTF2F1	187	2.27415784926368
GTF2F2	154	2.1903316981702914
GTF2F2P1	4	0.6989700043360189
GTF2H1	186	2.271841606536499
GTF2H2	116	2.0681858617461617
GTF2H2B	4	0.6989700043360189
GTF2H2C	35	1.5563025007672873
GTF2H2C_2	16	1.2304489213782739
GTF2H3	89	1.954242509439325
GTF2H4	122	2.089905111439398
GTF2H5	52	1.724275869600789
GTF2I	358	2.5550944485783194
GTF2I-AS1	3	0.6020599913279624
GTF2IP1	6	0.8450980400142568
GTF2IP12	1	0.3010299956639812
GTF2IP13	1	0.3010299956639812
GTF2IP20	3	0.6020599913279624
GTF2IP4	8	0.9542425094393249
GTF2IRD1	84	1.9294189257142926
GTF2IRD1P1	5	0.7781512503836436
GTF2IRD2	26	1.4313637641589874
GTF2IRD2B	19	1.3010299956639813
GTF2IRD2P1	2	0.47712125471966244
GTF3A	31	1.505149978319906
GTF3AP6	1	0.3010299956639812
GTF3C1	178	2.2528530309798933
GTF3C2	118	2.0755469613925306
GTF3C2-AS1	1	0.3010299956639812
GTF3C2-AS2	2	0.47712125471966244
GTF3C3	143	2.1583624920952498
GTF3C4	134	2.130333768495006
GTF3C5	138	2.143014800254095
GTF3C6	26	1.4313637641589874
GTPBP1	98	1.99563519459755
GTPBP10	63	1.806179973983887
GTPBP2	41	1.6232492903979006
GTPBP3	61	1.792391689498254
GTPBP4	220	2.3443922736851106
GTPBP6	41	1.6232492903979006
GTPBP8	23	1.380211241711606
GTSCR1	1	0.3010299956639812
GTSE1	112	2.0530784434834195
GTSE1-DT	2	0.47712125471966244
GTSF1	15	1.2041199826559248
GTSF1L	5	0.7781512503836436
GUCA1A	59	1.7781512503836436
GUCA1ANB-GUCA1A	26	1.4313637641589874
GUCA1B	53	1.7323937598229686
GUCA1C	17	1.255272505103306
GUCA2A	29	1.4771212547196624
GUCA2B	33	1.5314789170422551
GUCD1	18	1.2787536009528289
GUCY1A1	65	1.8195439355418688
GUCY1A2	50	1.7075701760979363
GUCY1B1	57	1.7634279935629373
GUCY1B2	12	1.1139433523068367
GUCY2C	119	2.0791812460476247
GUCY2D	107	2.03342375548695
GUCY2EP	5	0.7781512503836436
GUCY2F	15	1.2041199826559248
GUCY2GP	3	0.6020599913279624
GUF1	42	1.6334684555795864
GUK1	36	1.568201724066995
GUK2	2	0.47712125471966244
GULOP	6	0.8450980400142568
GULP1	60	1.7853298350107671
GUSB	95	1.9822712330395684
GUSBP1	14	1.1760912590556813
GUSBP10	1	0.3010299956639812
GUSBP11	6	0.8450980400142568
GUSBP12	1	0.3010299956639812
GUSBP13	1	0.3010299956639812
GUSBP14	9	1.0
GUSBP15	7	0.9030899869919435
GUSBP16	4	0.6989700043360189
GUSBP17	5	0.7781512503836436
GUSBP18	1	0.3010299956639812
GUSBP2	3	0.6020599913279624
GUSBP3	12	1.1139433523068367
GUSBP4	7	0.9030899869919435
GUSBP5	3	0.6020599913279624
GUSBP6	1	0.3010299956639812
GUSBP9	1	0.3010299956639812
GVINP1	12	1.1139433523068367
GVINP2	1	0.3010299956639812
GVQW3	7	0.9030899869919435
GXYLT1	33	1.5314789170422551
GXYLT1P3	2	0.47712125471966244
GXYLT2	18	1.2787536009528289
GYG1	64	1.8129133566428555
GYG2	36	1.568201724066995
GYG2P1	4	0.6989700043360189
GYPA	176	2.247973266361807
GYPB	98	1.99563519459755
GYPC	54	1.7403626894942439
GYPE	16	1.2304489213782739
GYS1	126	2.103803720955957
GYS2	30	1.4913616938342726
GZF1	29	1.4771212547196624
GZMA	346	2.5403294747908736
GZMB	1227	3.089198366805149
GZMH	38	1.591064607026499
GZMH-AS1	1	0.3010299956639812
GZMK	65	1.8195439355418688
GZMM	44	1.6532125137753437
GZMOP	1	0.3010299956639812
H1-0	204	2.311753861055754
H1-1	224	2.3521825181113627
H1-10	210	2.3242824552976926
H1-10-AS1	8	0.9542425094393249
H1-2	287	2.459392487759231
H1-3	184	2.2671717284030137
H1-4	216	2.3364597338485296
H1-5	211	2.326335860928751
H1-6	64	1.8129133566428555
H1-7	15	1.2041199826559248
H1-8	21	1.3424226808222062
H1-9P	11	1.0791812460476249
H19	569	2.7558748556724915
H2AB1	18	1.2787536009528289
H2AB2	17	1.255272505103306
H2AB3	23	1.380211241711606
H2AC1	71	1.8573324964312685
H2AC10P	2	0.47712125471966244
H2AC11	74	1.8750612633917
H2AC12	92	1.968482948553935
H2AC13	50	1.7075701760979363
H2AC14	69	1.845098040014257
H2AC15	44	1.6532125137753437
H2AC16	38	1.591064607026499
H2AC17	50	1.7075701760979363
H2AC18	107	2.03342375548695
H2AC19	36	1.568201724066995
H2AC20	219	2.342422680822206
H2AC21	96	1.9867717342662448
H2AC25	68	1.8388490907372552
H2AC3P	1	0.3010299956639812
H2AC4	207	2.3180633349627615
H2AC5P	1	0.3010299956639812
H2AC6	81	1.9138138523837167
H2AC7	70	1.8512583487190752
H2AC8	79	1.9030899869919435
H2AC9P	3	0.6020599913279624
H2ACP1	1	0.3010299956639812
H2AJ	56	1.7558748556724915
H2AL1MP	1	0.3010299956639812
H2AL1Q	2	0.47712125471966244
H2AL3	3	0.6020599913279624
H2AP	13	1.146128035678238
H2AQ1P	1	0.3010299956639812
H2AX	2982	3.474653253362063
H2AZ1	231	2.3654879848909
H2AZ1-DT	1	0.3010299956639812
H2AZ2	138	2.143014800254095
H2AZ2-DT	1	0.3010299956639812
H2AZP1	1	0.3010299956639812
H2BC1	75	1.8808135922807914
H2BC10	33	1.5314789170422551
H2BC11	118	2.0755469613925306
H2BC12	136	2.1367205671564067
H2BC12L	39	1.6020599913279623
H2BC13	111	2.0492180226701815
H2BC14	76	1.8864907251724818
H2BC15	91	1.9637878273455553
H2BC16P	1	0.3010299956639812
H2BC17	65	1.8195439355418688
H2BC18	92	1.968482948553935
H2BC19P	13	1.146128035678238
H2BC20P	15	1.2041199826559248
H2BC21	259	2.4149733479708178
H2BC26	89	1.954242509439325
H2BC27P	2	0.47712125471966244
H2BC3	186	2.271841606536499
H2BC4	70	1.8512583487190752
H2BC5	103	2.0170333392987803
H2BC6	39	1.6020599913279623
H2BC6-AS1	1	0.3010299956639812
H2BC7	33	1.5314789170422551
H2BC8	59	1.7781512503836436
H2BC9	69	1.845098040014257
H2BK1	3	0.6020599913279624
H2BL1P	3	0.6020599913279624
H2BN1	1	0.3010299956639812
H2BP1	6	0.8450980400142568
H2BP2	4	0.6989700043360189
H2BW1	17	1.255272505103306
H2BW2	8	0.9542425094393249
H2BW3P	2	0.47712125471966244
H2BW4P	1	0.3010299956639812
H3-3A	268	2.429752280002408
H3-3B	132	2.123851640967086
H3-4	316	2.5010592622177517
H3-5	52	1.724275869600789
H3-7	54	1.7403626894942439
H3C1	588	2.7701152947871015
H3C10	86	1.9395192526186185
H3C11	86	1.9395192526186185
H3C12	88	1.9493900066449128
H3C13	52	1.724275869600789
H3C14	185	2.2695129442179165
H3C15	130	2.1172712956557644
H3C2	137	2.1398790864012365
H3C3	103	2.0170333392987803
H3C4	98	1.99563519459755
H3C6	102	2.012837224705172
H3C7	95	1.9822712330395684
H3C8	84	1.9294189257142926
H3C9P	1	0.3010299956639812
H3P1	1	0.3010299956639812
H3P10	1	0.3010299956639812
H3P11	1	0.3010299956639812
H3P12	1	0.3010299956639812
H3P13	1	0.3010299956639812
H3P14	2	0.47712125471966244
H3P16	7	0.9030899869919435
H3P17	1	0.3010299956639812
H3P19	1	0.3010299956639812
H3P2	1	0.3010299956639812
H3P20	1	0.3010299956639812
H3P21	1	0.3010299956639812
H3P22	1	0.3010299956639812
H3P23	1	0.3010299956639812
H3P24	1	0.3010299956639812
H3P26	3	0.6020599913279624
H3P27	1	0.3010299956639812
H3P28	1	0.3010299956639812
H3P29	1	0.3010299956639812
H3P3	1	0.3010299956639812
H3P30	1	0.3010299956639812
H3P31	1	0.3010299956639812
H3P33	1	0.3010299956639812
H3P36	1	0.3010299956639812
H3P37	2	0.47712125471966244
H3P38	1	0.3010299956639812
H3P39	1	0.3010299956639812
H3P4	1	0.3010299956639812
H3P40	1	0.3010299956639812
H3P41	1	0.3010299956639812
H3P42	1	0.3010299956639812
H3P43	1	0.3010299956639812
H3P44	5	0.7781512503836436
H3P45	1	0.3010299956639812
H3P47	1	0.3010299956639812
H3P5	1	0.3010299956639812
H3P6	3	0.6020599913279624
H3P7	1	0.3010299956639812
H3P8	1	0.3010299956639812
H3P9	1	0.3010299956639812
H3Y1	9	1.0
H3Y2	6	0.8450980400142568
H4C1	505	2.7041505168397992
H4C10P	2	0.47712125471966244
H4C11	136	2.1367205671564067
H4C12	127	2.1072099696478683
H4C13	131	2.12057393120585
H4C14	188	2.2764618041732443
H4C15	142	2.155336037465062
H4C16	267	2.428134794028789
H4C2	134	2.130333768495006
H4C3	142	2.155336037465062
H4C4	132	2.123851640967086
H4C5	131	2.12057393120585
H4C6	147	2.1702617153949575
H4C7	31	1.505149978319906
H4C8	140	2.1492191126553797
H4C9	166	2.2227164711475833
H6PD	66	1.8260748027008264
HAAO	33	1.5314789170422551
HABP2	165	2.220108088040055
HABP4	45	1.662757831681574
HACD1	43	1.6434526764861874
HACD2	51	1.7160033436347992
HACD3	213	2.330413773349191
HACD4	10	1.0413926851582251
HACE1	109	2.041392685158225
HACL1	47	1.6812412373755872
HACL2	96	1.9867717342662448
HADH	105	2.0253058652647704
HADHA	364	2.5622928644564746
HADHAP1	2	0.47712125471966244
HADHB	270	2.432969290874406
HAFML	1	0.3010299956639812
HAGH	77	1.8920946026904804
HAGHL	17	1.255272505103306
HAGLR	44	1.6532125137753437
HAGLROS	13	1.146128035678238
HAL	43	1.6434526764861874
HAMP	1370	3.1370374547895126
HAND1	51	1.7160033436347992
HAND2	130	2.1172712956557644
HAND2-AS1	41	1.6232492903979006
HAO1	38	1.591064607026499
HAO2	25	1.414973347970818
HAP1	57	1.7634279935629373
HAPLN1	54	1.7403626894942439
HAPLN2	15	1.2041199826559248
HAPLN3	17	1.255272505103306
HAPLN4	14	1.1760912590556813
HAPSTR1	24	1.3979400086720377
HAPSTR2	3	0.6020599913279624
HAR1A	7	0.9030899869919435
HAR1B	4	0.6989700043360189
HARBI1	11	1.0791812460476249
HARS1	96	1.9867717342662448
HARS2	80	1.9084850188786497
HAS1	125	2.100370545117563
HAS2	296	2.4727564493172123
HAS2-AS1	15	1.2041199826559248
HAS3	127	2.1072099696478683
HASPIN	116	2.0681858617461617
HAT1	179	2.255272505103306
HAUS1	63	1.806179973983887
HAUS2	53	1.7323937598229686
HAUS3	56	1.7558748556724915
HAUS4	58	1.7708520116421442
HAUS5	62	1.7993405494535817
HAUS6	96	1.9867717342662448
HAUS7	51	1.7160033436347992
HAUS8	62	1.7993405494535817
HAVCR1	928	2.968015713993642
HAVCR2	1087	3.036628895362161
HAX1	354	2.550228353055094
HAX1P1	1	0.3010299956639812
HBA1	684	2.8356905714924254
HBA2	343	2.53655844257153
HBAP1	10	1.0413926851582251
HBB	879	2.9444826721501687
HBBP1	12	1.1139433523068367
HBD	170	2.2329961103921536
HBE1	109	2.041392685158225
HBEGF	860	2.935003151453655
HBG1	205	2.3138672203691533
HBG2	185	2.2695129442179165
HBM	13	1.146128035678238
HBP1	104	2.0211892990699383
HBQ1	20	1.3222192947339193
HBS1L	174	2.2430380486862944
HBZ	52	1.724275869600789
HBZP1	5	0.7781512503836436
HCAR1	81	1.9138138523837167
HCAR2	164	2.2174839442139063
HCAR3	76	1.8864907251724818
HCCAT5	3	0.6020599913279624
HCCS	69	1.845098040014257
HCFC1	655	2.8169038393756605
HCFC1R1	30	1.4913616938342726
HCFC2	50	1.7075701760979363
HCG11	24	1.3979400086720377
HCG14	1	0.3010299956639812
HCG15	2	0.47712125471966244
HCG18	28	1.462397997898956
HCG20	1	0.3010299956639812
HCG22	15	1.2041199826559248
HCG23	3	0.6020599913279624
HCG26	7	0.9030899869919435
HCG26P1	2	0.47712125471966244
HCG26P2	1	0.3010299956639812
HCG26P3	1	0.3010299956639812
HCG26P4	1	0.3010299956639812
HCG27	11	1.0791812460476249
HCG4	5	0.7781512503836436
HCG4B	3	0.6020599913279624
HCG4P11	1	0.3010299956639812
HCG4P3	1	0.3010299956639812
HCG4P4	1	0.3010299956639812
HCG4P5	1	0.3010299956639812
HCG4P7	1	0.3010299956639812
HCG4P8	2	0.47712125471966244
HCG4P9	1	0.3010299956639812
HCG9	29	1.4771212547196624
HCG9P5	1	0.3010299956639812
HCK	393	2.595496221825574
HCLS1	124	2.0969100130080562
HCN1	146	2.167317334748176
HCN2	151	2.1818435879447726
HCN3	32	1.5185139398778875
HCN4	230	2.3636119798921444
HCP5	106	2.0293837776852097
HCP5B	4	0.6989700043360189
HCRT	613	2.788168371141168
HCRTR1	109	2.041392685158225
HCRTR2	84	1.9294189257142926
HCST	35	1.5563025007672873
HDAC1	2208	3.344195715871435
HDAC10	104	2.0211892990699383
HDAC11	111	2.0492180226701815
HDAC2	1187	3.074816440645175
HDAC2-AS2	1	0.3010299956639812
HDAC3	513	2.710963118995276
HDAC4	610	2.786041210242554
HDAC4-AS1	2	0.47712125471966244
HDAC5	340	2.5327543789924976
HDAC6	1189	3.0755469613925306
HDAC7	254	2.406540180433955
HDAC8	428	2.6324572921847245
HDAC9	275	2.4409090820652177
HDC	64	1.8129133566428555
HDDC2	23	1.380211241711606
HDDC3	28	1.462397997898956
HDGF	187	2.27415784926368
HDGFL1	8	0.9542425094393249
HDGFL2	103	2.0170333392987803
HDGFL3	47	1.6812412373755872
HDHD2	25	1.414973347970818
HDHD3	24	1.3979400086720377
HDHD5	51	1.7160033436347992
HDHD5-AS1	2	0.47712125471966244
HDIP1	22	1.3617278360175928
HDLBP	216	2.3364597338485296
HDLBP-AS1	2	0.47712125471966244
HDX	21	1.3424226808222062
HEATR1	155	2.1931245983544616
HEATR3	56	1.7558748556724915
HEATR4	9	1.0
HEATR5A	28	1.462397997898956
HEATR5A-DT	1	0.3010299956639812
HEATR5B	53	1.7323937598229686
HEATR6	30	1.4913616938342726
HEATR9	11	1.0791812460476249
HEBP1	32	1.5185139398778875
HEBP2	45	1.662757831681574
HECA	28	1.462397997898956
HECTD1	125	2.100370545117563
HECTD2	31	1.505149978319906
HECTD2-AS1	3	0.6020599913279624
HECTD3	65	1.8195439355418688
HECTD4	53	1.7323937598229686
HECW1	54	1.7403626894942439
HECW1-IT1	1	0.3010299956639812
HECW2	65	1.8195439355418688
HECW2-AS1	2	0.47712125471966244
HEG1	40	1.6127838567197355
HEIH	24	1.3979400086720377
HELB	46	1.6720978579357175
HELLPAR	3	0.6020599913279624
HELLS	192	2.285557309007774
HELQ	50	1.7075701760979363
HELT	17	1.255272505103306
HELZ	90	1.9590413923210936
HELZ2	55	1.7481880270062005
HEMGN	43	1.6434526764861874
HEMK1	19	1.3010299956639813
HEMK2	45	1.662757831681574
HENMT1	20	1.3222192947339193
HEPACAM	81	1.9138138523837167
HEPACAM2	14	1.1760912590556813
HEPFAL	2	0.47712125471966244
HEPH	88	1.9493900066449128
HEPHL1	15	1.2041199826559248
HEPN1	8	0.9542425094393249
HERC1	94	1.9777236052888478
HERC2	275	2.4409090820652177
HERC2P1	2	0.47712125471966244
HERC2P2	11	1.0791812460476249
HERC2P3	10	1.0413926851582251
HERC2P4	3	0.6020599913279624
HERC2P5	1	0.3010299956639812
HERC2P6	3	0.6020599913279624
HERC2P7	1	0.3010299956639812
HERC2P8	1	0.3010299956639812
HERC2P9	10	1.0413926851582251
HERC3	42	1.6334684555795864
HERC4	62	1.7993405494535817
HERC5	144	2.161368002234975
HERC6	30	1.4913616938342726
HERPUD1	117	2.0718820073061255
HERPUD2	19	1.3010299956639813
HERPUD2-AS1	2	0.47712125471966244
HES1	209	2.322219294733919
HES2	16	1.2304489213782739
HES3	22	1.3617278360175928
HES4	24	1.3979400086720377
HES5	87	1.9444826721501687
HES6	56	1.7558748556724915
HES7	38	1.591064607026499
HESX1	122	2.089905111439398
HEXA	205	2.3138672203691533
HEXA-AS1	3	0.6020599913279624
HEXB	171	2.2355284469075487
HEXD	14	1.1760912590556813
HEXIM1	241	2.383815365980431
HEXIM2	53	1.7323937598229686
HEXIM2-AS2	3	0.6020599913279624
HEY1	208	2.3201462861110542
HEY2	120	2.0827853703164503
HEY2-AS1	1	0.3010299956639812
HEYL	48	1.6901960800285136
HFE	2260	3.35430056234536
HFE-AS1	2	0.47712125471966244
HFM1	28	1.462397997898956
HGD	52	1.724275869600789
HGF	1743	3.2415464805965484
HGFAC	34	1.5440680443502757
HGH1	49	1.6989700043360187
HGS	268	2.429752280002408
HGSNAT	53	1.7323937598229686
HHAT	62	1.7993405494535817
HHATL	17	1.255272505103306
HHATL-AS1	1	0.3010299956639812
HHEX	262	2.419955748489758
HHIP	149	2.1760912590556813
HHIP-AS1	13	1.146128035678238
HHIPL1	12	1.1139433523068367
HHIPL2	11	1.0791812460476249
HHLA1	6	0.8450980400142568
HHLA2	104	2.0211892990699383
HIBADH	48	1.6901960800285136
HIBCH	49	1.6989700043360187
HIC1	151	2.1818435879447726
HIC2	62	1.7993405494535817
HID1	31	1.505149978319906
HIF1A	9765	3.9897167199481047
HIF1A-AS1	13	1.146128035678238
HIF1A-AS2	26	1.4313637641589874
HIF1AN	252	2.403120521175818
HIF3A	155	2.1931245983544616
HIGD1A	107	2.03342375548695
HIGD1AP1	1	0.3010299956639812
HIGD1B	13	1.146128035678238
HIGD1C	7	0.9030899869919435
HIGD2A	27	1.4471580313422192
HIGD2B	4	0.6989700043360189
HIKESHI	38	1.591064607026499
HILPDA	52	1.724275869600789
HINFP	39	1.6020599913279623
HINT1	228	2.359835482339888
HINT1P1	2	0.47712125471966244
HINT1P2	1	0.3010299956639812
HINT2	54	1.7403626894942439
HINT3	20	1.3222192947339193
HIP1	197	2.296665190261531
HIP1R	106	2.0293837776852097
HIPK1	71	1.8573324964312685
HIPK1-AS1	2	0.47712125471966244
HIPK2	330	2.519827993775719
HIPK3	126	2.103803720955957
HIPK4	19	1.3010299956639813
HIRA	172	2.2380461031287955
HIRIP3	64	1.8129133566428555
HISLA	4	0.6989700043360189
HIVEP1	101	2.0086001717619175
HIVEP2	88	1.9493900066449128
HIVEP2-DT	1	0.3010299956639812
HIVEP3	57	1.7634279935629373
HJURP	128	2.110589710299249
HJV	201	2.305351369446624
HK1	228	2.359835482339888
HK2	334	2.525044807036845
HK2P1	4	0.6989700043360189
HK3	39	1.6020599913279623
HKDC1	61	1.792391689498254
HLA-A	1687	3.2273724422896364
HLA-B	2241	3.3506356082589543
HLA-C	1117	3.0484418035504044
HLA-DMA	119	2.0791812460476247
HLA-DMB	128	2.110589710299249
HLA-DOA	85	1.9344984512435677
HLA-DOB	77	1.8920946026904804
HLA-DPA1	179	2.255272505103306
HLA-DPA2	1	0.3010299956639812
HLA-DPA3	2	0.47712125471966244
HLA-DPB1	430	2.6344772701607315
HLA-DPB2	12	1.1139433523068367
HLA-DQA1	838	2.9237619608287004
HLA-DQA1-AS1	1	0.3010299956639812
HLA-DQA2	94	1.9777236052888478
HLA-DQB1	1556	3.1922886125681202
HLA-DQB1-AS1	1	0.3010299956639812
HLA-DQB2	72	1.863322860120456
HLA-DQB3	4	0.6989700043360189
HLA-DRA	309	2.4913616938342726
HLA-DRB1	2876	3.458939861890326
HLA-DRB2	13	1.146128035678238
HLA-DRB3	215	2.3344537511509307
HLA-DRB4	194	2.290034611362518
HLA-DRB5	213	2.330413773349191
HLA-DRB6	9	1.0
HLA-DRB7	6	0.8450980400142568
HLA-DRB8	6	0.8450980400142568
HLA-DRB9	9	1.0
HLA-E	359	2.5563025007672873
HLA-F	145	2.164352855784437
HLA-F-AS1	8	0.9542425094393249
HLA-G	984	2.9934362304976116
HLA-H	30	1.4913616938342726
HLA-J	8	0.9542425094393249
HLA-K	3	0.6020599913279624
HLA-L	6	0.8450980400142568
HLA-N	2	0.47712125471966244
HLA-P	2	0.47712125471966244
HLA-S	2	0.47712125471966244
HLA-T	5	0.7781512503836436
HLA-U	2	0.47712125471966244
HLA-V	10	1.0413926851582251
HLA-W	3	0.6020599913279624
HLA-X	2	0.47712125471966244
HLA-Y	3	0.6020599913279624
HLA-Z	1	0.3010299956639812
HLCS	73	1.8692317197309762
HLF	59	1.7781512503836436
HLMR1	3	0.6020599913279624
HLTF	222	2.3483048630481607
HLX	75	1.8808135922807914
HLX-AS1	3	0.6020599913279624
HM13	132	2.123851640967086
HM13-AS1	1	0.3010299956639812
HMBOX1	82	1.919078092376074
HMBS	151	2.1818435879447726
HMCES	49	1.6989700043360187
HMCN1	59	1.7781512503836436
HMCN2	15	1.2041199826559248
HMG20A	101	2.0086001717619175
HMG20B	74	1.8750612633917
HMGA1	489	2.690196080028514
HMGA1P1	3	0.6020599913279624
HMGA1P2	3	0.6020599913279624
HMGA1P3	3	0.6020599913279624
HMGA1P4	2	0.47712125471966244
HMGA1P5	1	0.3010299956639812
HMGA1P6	3	0.6020599913279624
HMGA1P7	5	0.7781512503836436
HMGA1P8	3	0.6020599913279624
HMGA2	690	2.8394780473741985
HMGA2-AS1	2	0.47712125471966244
HMGB1	2286	3.3592661646067485
HMGB1P1	28	1.462397997898956
HMGB1P10	5	0.7781512503836436
HMGB1P11	1	0.3010299956639812
HMGB1P12	1	0.3010299956639812
HMGB1P13	1	0.3010299956639812
HMGB1P14	1	0.3010299956639812
HMGB1P15	1	0.3010299956639812
HMGB1P16	1	0.3010299956639812
HMGB1P17	1	0.3010299956639812
HMGB1P18	2	0.47712125471966244
HMGB1P19	1	0.3010299956639812
HMGB1P20	1	0.3010299956639812
HMGB1P21	1	0.3010299956639812
HMGB1P22	1	0.3010299956639812
HMGB1P23	1	0.3010299956639812
HMGB1P24	1	0.3010299956639812
HMGB1P25	1	0.3010299956639812
HMGB1P26	1	0.3010299956639812
HMGB1P27	1	0.3010299956639812
HMGB1P28	2	0.47712125471966244
HMGB1P29	1	0.3010299956639812
HMGB1P3	2	0.47712125471966244
HMGB1P30	1	0.3010299956639812
HMGB1P31	1	0.3010299956639812
HMGB1P32	1	0.3010299956639812
HMGB1P33	1	0.3010299956639812
HMGB1P34	1	0.3010299956639812
HMGB1P35	1	0.3010299956639812
HMGB1P36	1	0.3010299956639812
HMGB1P37	1	0.3010299956639812
HMGB1P38	1	0.3010299956639812
HMGB1P39	1	0.3010299956639812
HMGB1P4	2	0.47712125471966244
HMGB1P40	2	0.47712125471966244
HMGB1P41	1	0.3010299956639812
HMGB1P42	1	0.3010299956639812
HMGB1P43	1	0.3010299956639812
HMGB1P44	1	0.3010299956639812
HMGB1P45	1	0.3010299956639812
HMGB1P46	1	0.3010299956639812
HMGB1P47	1	0.3010299956639812
HMGB1P48	1	0.3010299956639812
HMGB1P49	1	0.3010299956639812
HMGB1P5	3	0.6020599913279624
HMGB1P6	2	0.47712125471966244
HMGB1P7	1	0.3010299956639812
HMGB1P8	1	0.3010299956639812
HMGB1P9	1	0.3010299956639812
HMGB2	207	2.3180633349627615
HMGB3	122	2.089905111439398
HMGB3P1	6	0.8450980400142568
HMGB3P10	1	0.3010299956639812
HMGB3P11	1	0.3010299956639812
HMGB3P12	1	0.3010299956639812
HMGB3P13	1	0.3010299956639812
HMGB3P14	1	0.3010299956639812
HMGB3P15	1	0.3010299956639812
HMGB3P16	1	0.3010299956639812
HMGB3P17	1	0.3010299956639812
HMGB3P18	2	0.47712125471966244
HMGB3P19	1	0.3010299956639812
HMGB3P2	1	0.3010299956639812
HMGB3P20	1	0.3010299956639812
HMGB3P21	1	0.3010299956639812
HMGB3P22	1	0.3010299956639812
HMGB3P23	1	0.3010299956639812
HMGB3P24	1	0.3010299956639812
HMGB3P25	1	0.3010299956639812
HMGB3P26	1	0.3010299956639812
HMGB3P27	2	0.47712125471966244
HMGB3P28	1	0.3010299956639812
HMGB3P29	1	0.3010299956639812
HMGB3P3	1	0.3010299956639812
HMGB3P30	1	0.3010299956639812
HMGB3P31	1	0.3010299956639812
HMGB3P32	1	0.3010299956639812
HMGB3P4	1	0.3010299956639812
HMGB3P5	1	0.3010299956639812
HMGB3P6	1	0.3010299956639812
HMGB3P7	1	0.3010299956639812
HMGB3P8	1	0.3010299956639812
HMGB3P9	1	0.3010299956639812
HMGB4	15	1.2041199826559248
HMGCL	81	1.9138138523837167
HMGCLL1	17	1.255272505103306
HMGCR	611	2.7867514221455614
HMGCS1	104	2.0211892990699383
HMGCS2	86	1.9395192526186185
HMGN1	116	2.0681858617461617
HMGN1P1	1	0.3010299956639812
HMGN1P11	2	0.47712125471966244
HMGN1P12	1	0.3010299956639812
HMGN1P13	1	0.3010299956639812
HMGN1P15	1	0.3010299956639812
HMGN1P16	1	0.3010299956639812
HMGN1P17	1	0.3010299956639812
HMGN1P18	1	0.3010299956639812
HMGN1P19	1	0.3010299956639812
HMGN1P2	2	0.47712125471966244
HMGN1P20	1	0.3010299956639812
HMGN1P21	1	0.3010299956639812
HMGN1P22	1	0.3010299956639812
HMGN1P23	1	0.3010299956639812
HMGN1P26	1	0.3010299956639812
HMGN1P27	1	0.3010299956639812
HMGN1P28	1	0.3010299956639812
HMGN1P29	3	0.6020599913279624
HMGN1P3	1	0.3010299956639812
HMGN1P30	2	0.47712125471966244
HMGN1P31	2	0.47712125471966244
HMGN1P32	1	0.3010299956639812
HMGN1P33	1	0.3010299956639812
HMGN1P34	1	0.3010299956639812
HMGN1P35	1	0.3010299956639812
HMGN1P36	1	0.3010299956639812
HMGN1P37	2	0.47712125471966244
HMGN1P38	1	0.3010299956639812
HMGN1P4	1	0.3010299956639812
HMGN1P5	1	0.3010299956639812
HMGN1P6	1	0.3010299956639812
HMGN1P7	1	0.3010299956639812
HMGN1P8	1	0.3010299956639812
HMGN2	134	2.130333768495006
HMGN2P1	1	0.3010299956639812
HMGN2P10	2	0.47712125471966244
HMGN2P11	1	0.3010299956639812
HMGN2P12	1	0.3010299956639812
HMGN2P13	1	0.3010299956639812
HMGN2P14	1	0.3010299956639812
HMGN2P15	1	0.3010299956639812
HMGN2P16	1	0.3010299956639812
HMGN2P17	1	0.3010299956639812
HMGN2P18	1	0.3010299956639812
HMGN2P19	1	0.3010299956639812
HMGN2P2	1	0.3010299956639812
HMGN2P20	1	0.3010299956639812
HMGN2P21	1	0.3010299956639812
HMGN2P22	1	0.3010299956639812
HMGN2P23	1	0.3010299956639812
HMGN2P24	1	0.3010299956639812
HMGN2P25	1	0.3010299956639812
HMGN2P26	1	0.3010299956639812
HMGN2P27	1	0.3010299956639812
HMGN2P28	1	0.3010299956639812
HMGN2P29	1	0.3010299956639812
HMGN2P3	4	0.6989700043360189
HMGN2P30	2	0.47712125471966244
HMGN2P31	1	0.3010299956639812
HMGN2P32	1	0.3010299956639812
HMGN2P33	1	0.3010299956639812
HMGN2P34	1	0.3010299956639812
HMGN2P35	1	0.3010299956639812
HMGN2P36	1	0.3010299956639812
HMGN2P37	1	0.3010299956639812
HMGN2P38	1	0.3010299956639812
HMGN2P39	1	0.3010299956639812
HMGN2P4	2	0.47712125471966244
HMGN2P40	1	0.3010299956639812
HMGN2P41	2	0.47712125471966244
HMGN2P42	1	0.3010299956639812
HMGN2P43	1	0.3010299956639812
HMGN2P44	1	0.3010299956639812
HMGN2P45	1	0.3010299956639812
HMGN2P46	8	0.9542425094393249
HMGN2P48	1	0.3010299956639812
HMGN2P5	2	0.47712125471966244
HMGN2P6	2	0.47712125471966244
HMGN2P7	1	0.3010299956639812
HMGN2P8	3	0.6020599913279624
HMGN2P9	2	0.47712125471966244
HMGN3	47	1.6812412373755872
HMGN3-AS1	1	0.3010299956639812
HMGN3P1	1	0.3010299956639812
HMGN4	51	1.7160033436347992
HMGN5	71	1.8573324964312685
HMGXB3	16	1.2304489213782739
HMGXB4	54	1.7403626894942439
HMHB1	10	1.0413926851582251
HMMR	185	2.2695129442179165
HMMR-AS1	7	0.9030899869919435
HMOX1	2885	3.4602963267574753
HMOX2	151	2.1818435879447726
HMSD	4	0.6989700043360189
HMX1	15	1.2041199826559248
HMX2	14	1.1760912590556813
HMX3	15	1.2041199826559248
HNF1A	1287	3.1099158630237933
HNF1A-AS1	37	1.5797835966168101
HNF1B	945	2.975891136401793
HNF4A	595	2.7752462597402365
HNF4A-AS1	5	0.7781512503836436
HNF4G	55	1.7481880270062005
HNF4GP1	1	0.3010299956639812
HNMT	83	1.9242792860618816
HNRNPA0	243	2.387389826338729
HNRNPA1	782	2.8937617620579434
HNRNPA1L2	65	1.8195439355418688
HNRNPA1L3	3	0.6020599913279624
HNRNPA1P10	4	0.6989700043360189
HNRNPA1P13	1	0.3010299956639812
HNRNPA1P16	1	0.3010299956639812
HNRNPA1P21	1	0.3010299956639812
HNRNPA1P27	1	0.3010299956639812
HNRNPA1P33	3	0.6020599913279624
HNRNPA1P57	2	0.47712125471966244
HNRNPA1P6	2	0.47712125471966244
HNRNPA1P7	1	0.3010299956639812
HNRNPA1P70	1	0.3010299956639812
HNRNPA1P8	1	0.3010299956639812
HNRNPA2B1	568	2.7551122663950713
HNRNPA3	336	2.5276299008713385
HNRNPA3P1	9	1.0
HNRNPA3P13	1	0.3010299956639812
HNRNPA3P3	1	0.3010299956639812
HNRNPA3P4	1	0.3010299956639812
HNRNPA3P5	1	0.3010299956639812
HNRNPA3P6	2	0.47712125471966244
HNRNPAB	290	2.4638929889859074
HNRNPC	545	2.7371926427047373
HNRNPCL1	52	1.724275869600789
HNRNPCL2	21	1.3424226808222062
HNRNPCL3	20	1.3222192947339193
HNRNPCL4	9	1.0
HNRNPCP2	5	0.7781512503836436
HNRNPCP7	1	0.3010299956639812
HNRNPD	613	2.788168371141168
HNRNPDL	246	2.392696953259666
HNRNPDP1	1	0.3010299956639812
HNRNPF	412	2.615950051656401
HNRNPH1	438	2.6424645202421213
HNRNPH1P1	1	0.3010299956639812
HNRNPH1P3	1	0.3010299956639812
HNRNPH2	223	2.3502480183341627
HNRNPH3	216	2.3364597338485296
HNRNPK	758	2.88024177589548
HNRNPKP2	1	0.3010299956639812
HNRNPL	400	2.603144372620182
HNRNPLL	91	1.9637878273455553
HNRNPM	465	2.66838591669
HNRNPR	328	2.5171958979499744
HNRNPU	568	2.7551122663950713
HNRNPUL1	283	2.4533183400470375
HNRNPUL2	162	2.2121876044039577
HNRNPUL2-BSCL2	12	1.1139433523068367
HOATZ	4	0.6989700043360189
HOGA1	34	1.5440680443502757
HOMER1	151	2.1818435879447726
HOMER2	54	1.7403626894942439
HOMER3	74	1.8750612633917
HOMER3-AS1	2	0.47712125471966244
HOMEZ	37	1.5797835966168101
HOOK1	92	1.968482948553935
HOOK2	63	1.806179973983887
HOOK3	69	1.845098040014257
HOPX	116	2.0681858617461617
HORMAD1	45	1.662757831681574
HORMAD2	23	1.380211241711606
HORMAD2-AS1	3	0.6020599913279624
HOTAIR	502	2.7015679850559273
HOTAIRM1	52	1.724275869600789
HOTTIP	103	2.0170333392987803
HOXA-AS2	43	1.6434526764861874
HOXA-AS3	19	1.3010299956639813
HOXA1	123	2.093421685162235
HOXA10	376	2.576341350205793
HOXA10-AS	7	0.9030899869919435
HOXA10-HOXA9	5	0.7781512503836436
HOXA11	181	2.2600713879850747
HOXA11-AS	61	1.792391689498254
HOXA13	107	2.03342375548695
HOXA2	43	1.6434526764861874
HOXA3	73	1.8692317197309762
HOXA4	115	2.0644579892269186
HOXA5	190	2.2810333672477277
HOXA6	26	1.4313637641589874
HOXA7	89	1.954242509439325
HOXA9	222	2.3483048630481607
HOXA@	22	1.3617278360175928
HOXB-AS1	3	0.6020599913279624
HOXB-AS2	3	0.6020599913279624
HOXB-AS3	18	1.2787536009528289
HOXB-AS4	1	0.3010299956639812
HOXB1	47	1.6812412373755872
HOXB13	267	2.428134794028789
HOXB2	94	1.9777236052888478
HOXB3	58	1.7708520116421442
HOXB4	150	2.1789769472931693
HOXB5	85	1.9344984512435677
HOXB6	72	1.863322860120456
HOXB7	163	2.214843848047698
HOXB8	70	1.8512583487190752
HOXB9	146	2.167317334748176
HOXB@	4	0.6989700043360189
HOXC-AS1	5	0.7781512503836436
HOXC-AS2	2	0.47712125471966244
HOXC-AS3	12	1.1139433523068367
HOXC10	78	1.8976270912904414
HOXC11	60	1.7853298350107671
HOXC12	10	1.0413926851582251
HOXC13	85	1.9344984512435677
HOXC13-AS	9	1.0
HOXC4	67	1.8325089127062364
HOXC5	34	1.5440680443502757
HOXC6	106	2.0293837776852097
HOXC8	98	1.99563519459755
HOXC9	64	1.8129133566428555
HOXC@	3	0.6020599913279624
HOXD-AS2	3	0.6020599913279624
HOXD1	41	1.6232492903979006
HOXD10	124	2.0969100130080562
HOXD11	49	1.6989700043360187
HOXD12	30	1.4913616938342726
HOXD13	174	2.2430380486862944
HOXD3	53	1.7323937598229686
HOXD4	32	1.5185139398778875
HOXD8	50	1.7075701760979363
HOXD9	71	1.8573324964312685
HOXD@	5	0.7781512503836436
HP	630	2.8000293592441343
HP1BP3	180	2.2576785748691846
HPCA	40	1.6127838567197355
HPCAL1	65	1.8195439355418688
HPCAL4	25	1.414973347970818
HPD	38	1.591064607026499
HPDL	18	1.2787536009528289
HPF1	52	1.724275869600789
HPGD	131	2.12057393120585
HPGDS	56	1.7558748556724915
HPN	86	1.9395192526186185
HPN-AS1	2	0.47712125471966244
HPR	89	1.954242509439325
HPRT1	276	2.4424797690644486
HPRT1P2	2	0.47712125471966244
HPS1	129	2.113943352306837
HPS1-AS1	1	0.3010299956639812
HPS3	59	1.7781512503836436
HPS4	49	1.6989700043360187
HPS5	54	1.7403626894942439
HPS6	61	1.792391689498254
HPSE	382	2.583198773968623
HPSE2	60	1.7853298350107671
HPV18I1	2	0.47712125471966244
HPV18I2	2	0.47712125471966244
HPV6AI1	2	0.47712125471966244
HPX	102	2.012837224705172
HPYR1	1	0.3010299956639812
HR	123	2.093421685162235
HRAS	2885	3.4602963267574753
HRC	42	1.6334684555795864
HRCT1	3	0.6020599913279624
HRES1	20	1.3222192947339193
HRG	113	2.0569048513364727
HRG-AS1	1	0.3010299956639812
HRH1	124	2.0969100130080562
HRH2	78	1.8976270912904414
HRH3	63	1.806179973983887
HRH4	345	2.5390760987927767
HRK	80	1.9084850188786497
HRNR	170	2.2329961103921536
HROB	32	1.5185139398778875
HRURF	5	0.7781512503836436
HS1BP3	35	1.5563025007672873
HS2ST1	61	1.792391689498254
HS3ST1	21	1.3424226808222062
HS3ST2	25	1.414973347970818
HS3ST3A1	24	1.3979400086720377
HS3ST3B1	27	1.4471580313422192
HS3ST4	13	1.146128035678238
HS3ST5	14	1.1760912590556813
HS3ST6	12	1.1139433523068367
HS6ST1	27	1.4471580313422192
HS6ST2	58	1.7708520116421442
HS6ST3	21	1.3424226808222062
HSALR1	2	0.47712125471966244
HSBP1	61	1.792391689498254
HSBP1L1	6	0.8450980400142568
HSBP1P2	1	0.3010299956639812
HSCB	42	1.6334684555795864
HSD11B1	406	2.60959440922522
HSD11B1-AS1	2	0.47712125471966244
HSD11B1L	13	1.146128035678238
HSD11B2	351	2.546542663478131
HSD17B1	232	2.367355921026019
HSD17B1-AS1	4	0.6989700043360189
HSD17B10	327	2.515873843711679
HSD17B11	72	1.863322860120456
HSD17B12	184	2.2671717284030137
HSD17B13	85	1.9344984512435677
HSD17B14	35	1.5563025007672873
HSD17B1P1	5	0.7781512503836436
HSD17B2	163	2.214843848047698
HSD17B2-AS1	1	0.3010299956639812
HSD17B3	65	1.8195439355418688
HSD17B3-AS1	2	0.47712125471966244
HSD17B4	293	2.4683473304121573
HSD17B6	34	1.5440680443502757
HSD17B7	60	1.7853298350107671
HSD17B7P2	9	1.0
HSD17B8	49	1.6989700043360187
HSD3B1	132	2.123851640967086
HSD3B2	107	2.03342375548695
HSD3B7	26	1.4313637641589874
HSD3BP1	2	0.47712125471966244
HSD3BP2	2	0.47712125471966244
HSD3BP3	1	0.3010299956639812
HSD3BP4	3	0.6020599913279624
HSD3BP5	1	0.3010299956639812
HSDL1	38	1.591064607026499
HSDL2	111	2.0492180226701815
HSDL2-AS1	1	0.3010299956639812
HSF1	971	2.9876662649262746
HSF2	193	2.287801729930226
HSF2BP	25	1.414973347970818
HSF4	82	1.919078092376074
HSF5	11	1.0791812460476249
HSFX1	18	1.2787536009528289
HSFX2	10	1.0413926851582251
HSFX3	1	0.3010299956639812
HSFX4	1	0.3010299956639812
HSFY1	29	1.4771212547196624
HSFY1P1	1	0.3010299956639812
HSFY2	18	1.2787536009528289
HSFY3P	1	0.3010299956639812
HSFY4P	1	0.3010299956639812
HSH2D	50	1.7075701760979363
HSP90AA1	1482	3.1711411510283822
HSP90AA2P	193	2.287801729930226
HSP90AA3P	2	0.47712125471966244
HSP90AA4P	26	1.4313637641589874
HSP90AA5P	23	1.380211241711606
HSP90AA6P	1	0.3010299956639812
HSP90AB1	773	2.8887409606828927
HSP90AB2P	74	1.8750612633917
HSP90AB3P	39	1.6020599913279623
HSP90AB4P	42	1.6334684555795864
HSP90AB5P	1	0.3010299956639812
HSP90AB6P	2	0.47712125471966244
HSP90B1	541	2.733999286538387
HSP90B2P	17	1.255272505103306
HSP90B3P	5	0.7781512503836436
HSPA12A	63	1.806179973983887
HSPA12A-AS1	2	0.47712125471966244
HSPA12B	46	1.6720978579357175
HSPA13	65	1.8195439355418688
HSPA14	109	2.041392685158225
HSPA1A	964	2.9845273133437926
HSPA1B	432	2.6364878963533656
HSPA1L	265	2.424881636631067
HSPA2	298	2.4756711883244296
HSPA4	979	2.9912260756924947
HSPA4L	174	2.2430380486862944
HSPA5	4149	3.6180480967120925
HSPA5P1	2	0.47712125471966244
HSPA6	272	2.436162647040756
HSPA7	85	1.9344984512435677
HSPA8	1394	3.144574207609616
HSPA8P1	2	0.47712125471966244
HSPA8P8	2	0.47712125471966244
HSPA9	668	2.8254261177678233
HSPA9P1	1	0.3010299956639812
HSPB1	1648	3.217220655644519
HSPB1P1	3	0.6020599913279624
HSPB1P2	1	0.3010299956639812
HSPB2	114	2.060697840353612
HSPB2-C11orf52	3	0.6020599913279624
HSPB3	34	1.5440680443502757
HSPB6	121	2.0863598306747484
HSPB7	48	1.6901960800285136
HSPB8	226	2.3560258571931225
HSPB9	14	1.1760912590556813
HSPBAP1	19	1.3010299956639813
HSPBP1	156	2.1958996524092336
HSPD1	934	2.9708116108725178
HSPD1P1	1	0.3010299956639812
HSPD1P10	1	0.3010299956639812
HSPD1P11	5	0.7781512503836436
HSPD1P12	1	0.3010299956639812
HSPD1P13	4	0.6989700043360189
HSPD1P14	1	0.3010299956639812
HSPD1P15	1	0.3010299956639812
HSPD1P16	4	0.6989700043360189
HSPD1P17	4	0.6989700043360189
HSPD1P18	4	0.6989700043360189
HSPD1P19	4	0.6989700043360189
HSPD1P2	2	0.47712125471966244
HSPD1P20	4	0.6989700043360189
HSPD1P21	4	0.6989700043360189
HSPD1P22	4	0.6989700043360189
HSPD1P3	2	0.47712125471966244
HSPD1P4	1	0.3010299956639812
HSPD1P5	2	0.47712125471966244
HSPD1P6	2	0.47712125471966244
HSPD1P7	2	0.47712125471966244
HSPD1P8	2	0.47712125471966244
HSPD1P9	1	0.3010299956639812
HSPE1	193	2.287801729930226
HSPE1-MOB4	11	1.0791812460476249
HSPE1P1	1	0.3010299956639812
HSPE1P12	1	0.3010299956639812
HSPE1P16	1	0.3010299956639812
HSPE1P28	1	0.3010299956639812
HSPE1P3	1	0.3010299956639812
HSPE1P8	1	0.3010299956639812
HSPG2	220	2.3443922736851106
HSPH1	360	2.5575072019056577
HTATIP2	125	2.100370545117563
HTATSF1	143	2.1583624920952498
HTATSF1P2	1	0.3010299956639812
HTD2	8	0.9542425094393249
HTN1	67	1.8325089127062364
HTN3	231	2.3654879848909
HTOR	3	0.6020599913279624
HTR1A	451	2.655138434811382
HTR1B	411	2.6148972160331345
HTR1D	56	1.7558748556724915
HTR1DP1	1	0.3010299956639812
HTR1E	35	1.5563025007672873
HTR1F	27	1.4471580313422192
HTR2A	766	2.884795363948981
HTR2A-AS1	2	0.47712125471966244
HTR2B	101	2.0086001717619175
HTR2C	308	2.4899584794248346
HTR3A	190	2.2810333672477277
HTR3B	92	1.968482948553935
HTR3C	23	1.380211241711606
HTR3C2P	1	0.3010299956639812
HTR3D	21	1.3424226808222062
HTR3E	23	1.380211241711606
HTR3E-AS1	1	0.3010299956639812
HTR4	107	2.03342375548695
HTR5A	49	1.6989700043360187
HTR5A-AS1	1	0.3010299956639812
HTR5BP	2	0.47712125471966244
HTR6	92	1.968482948553935
HTR7	75	1.8808135922807914
HTR7P1	1	0.3010299956639812
HTRA1	587	2.7693773260761385
HTRA1-AS1	1	0.3010299956639812
HTRA2	339	2.531478917042255
HTRA3	81	1.9138138523837167
HTRA4	40	1.6127838567197355
HTT	797	2.9020028913507296
HTT-AS	4	0.6989700043360189
HULC	96	1.9867717342662448
HUNK	31	1.505149978319906
HUPCOS	2	0.47712125471966244
HUS1	125	2.100370545117563
HUS1B	42	1.6334684555795864
HUWE1	505	2.7041505168397992
HVBS7	1	0.3010299956639812
HVBS8	1	0.3010299956639812
HVCN1	147	2.1702617153949575
HYAL1	96	1.9867717342662448
HYAL2	130	2.1172712956557644
HYAL3	37	1.5797835966168101
HYAL4	16	1.2304489213782739
HYAL6P	3	0.6020599913279624
HYCC1	55	1.7481880270062005
HYCC2	26	1.4313637641589874
HYDIN	46	1.6720978579357175
HYDIN2	10	1.0413926851582251
HYI	19	1.3010299956639813
HYKK	29	1.4771212547196624
HYLS1	26	1.4313637641589874
HYMAI	15	1.2041199826559248
HYOU1	212	2.3283796034387376
HYOU1-AS1	1	0.3010299956639812
HYPK	53	1.7323937598229686
IADEN	1	0.3010299956639812
IAH1	24	1.3979400086720377
IAPP	358	2.5550944485783194
IARS1	264	2.423245873936808
IARS2	121	2.0863598306747484
IATPR	4	0.6989700043360189
IBA57	62	1.7993405494535817
IBA57-DT	2	0.47712125471966244
IBSP	407	2.61066016308988
IBTK	80	1.9084850188786497
ICA1	60	1.7853298350107671
ICA1L	25	1.414973347970818
ICAM1	2180	3.3386556655787003
ICAM2	300	2.4785664955938436
ICAM3	344	2.537819095073274
ICAM4	78	1.8976270912904414
ICAM4-AS1	3	0.6020599913279624
ICAM5	80	1.9084850188786497
ICE1	48	1.6901960800285136
ICE1-DT	1	0.3010299956639812
ICE2	38	1.591064607026499
ICMT	80	1.9084850188786497
ICMT-DT	9	1.0
ICOS	598	2.7774268223893115
ICOSLG	186	2.271841606536499
ID1	658	2.8188854145940097
ID2	345	2.5390760987927767
ID2-AS1	5	0.7781512503836436
ID2B	2	0.47712125471966244
ID3	329	2.5185139398778875
ID4	188	2.2764618041732443
IDE	253	2.404833716619938
IDH1	2508	3.3995006613146104
IDH1-AS1	4	0.6989700043360189
IDH2	1185	3.074084689028244
IDH3A	122	2.089905111439398
IDH3B	122	2.089905111439398
IDH3G	70	1.8512583487190752
IDI1	63	1.806179973983887
IDI2	17	1.255272505103306
IDI2-AS1	8	0.9542425094393249
IDNK	7	0.9030899869919435
IDO1	964	2.9845273133437926
IDO2	90	1.9590413923210936
IDS	194	2.290034611362518
IDSP1	4	0.6989700043360189
IDUA	130	2.1172712956557644
IER2	25	1.414973347970818
IER3	142	2.155336037465062
IER3IP1	40	1.6127838567197355
IER5	43	1.6434526764861874
IER5L	12	1.1139433523068367
IER5L-AS1	1	0.3010299956639812
IFFO1	33	1.5314789170422551
IFFO2	17	1.255272505103306
IFI16	372	2.571708831808688
IFI27	142	2.155336037465062
IFI27L1	13	1.146128035678238
IFI27L2	7	0.9030899869919435
IFI30	76	1.8864907251724818
IFI35	49	1.6989700043360187
IFI44	82	1.919078092376074
IFI44L	62	1.7993405494535817
IFI6	74	1.8750612633917
IFIH1	1128	3.052693941924968
IFIT1	239	2.380211241711606
IFIT1B	11	1.0791812460476249
IFIT1P1	3	0.6020599913279624
IFIT2	127	2.1072099696478683
IFIT3	158	2.2013971243204513
IFIT5	81	1.9138138523837167
IFITM1	114	2.060697840353612
IFITM10	8	0.9542425094393249
IFITM2	106	2.0293837776852097
IFITM3	374	2.574031267727719
IFITM3P1	2	0.47712125471966244
IFITM3P2	2	0.47712125471966244
IFITM3P4	1	0.3010299956639812
IFITM3P5	1	0.3010299956639812
IFITM3P6	1	0.3010299956639812
IFITM3P9	1	0.3010299956639812
IFITM4P	4	0.6989700043360189
IFITM5	54	1.7403626894942439
IFITM8P	1	0.3010299956639812
IFITM9P	2	0.47712125471966244
IFNA1	404	2.6074550232146687
IFNA10	74	1.8750612633917
IFNA11P	1	0.3010299956639812
IFNA12P	2	0.47712125471966244
IFNA13	80	1.9084850188786497
IFNA14	76	1.8864907251724818
IFNA16	62	1.7993405494535817
IFNA17	81	1.9138138523837167
IFNA2	232	2.367355921026019
IFNA21	74	1.8750612633917
IFNA22P	3	0.6020599913279624
IFNA4	71	1.8573324964312685
IFNA5	74	1.8750612633917
IFNA6	73	1.8692317197309762
IFNA7	65	1.8195439355418688
IFNA8	86	1.9395192526186185
IFNAR1	438	2.6424645202421213
IFNAR2	284	2.45484486000851
IFNB1	479	2.681241237375587
IFNE	37	1.5797835966168101
IFNG	3378	3.5287881917748964
IFNG-AS1	22	1.3617278360175928
IFNGR1	240	2.3820170425748683
IFNGR2	172	2.2380461031287955
IFNK	31	1.505149978319906
IFNL1	144	2.161368002234975
IFNL2	50	1.7075701760979363
IFNL3	601	2.7795964912578244
IFNL4	230	2.3636119798921444
IFNLR1	84	1.9294189257142926
IFNNP	1	0.3010299956639812
IFNR	2	0.47712125471966244
IFNW1	31	1.505149978319906
IFNWP15	3	0.6020599913279624
IFNWP18	8	0.9542425094393249
IFNWP19	2	0.47712125471966244
IFNWP2	2	0.47712125471966244
IFNWP5	2	0.47712125471966244
IFNWP9	2	0.47712125471966244
IFRD1	92	1.968482948553935
IFRD2	73	1.8692317197309762
IFT122	48	1.6901960800285136
IFT140	67	1.8325089127062364
IFT172	61	1.792391689498254
IFT20	74	1.8750612633917
IFT22	27	1.4471580313422192
IFT25	41	1.6232492903979006
IFT27	45	1.662757831681574
IFT38	34	1.5440680443502757
IFT43	30	1.4913616938342726
IFT46	32	1.5185139398778875
IFT52	32	1.5185139398778875
IFT54	48	1.6901960800285136
IFT56	36	1.568201724066995
IFT57	56	1.7558748556724915
IFT57P1	1	0.3010299956639812
IFT70A	22	1.3617278360175928
IFT70B	17	1.255272505103306
IFT74	86	1.9395192526186185
IFT80	34	1.5440680443502757
IFT81	57	1.7634279935629373
IFT88	110	2.0453229787866576
IFTAP	25	1.414973347970818
IGBP1	119	2.0791812460476247
IGBP1-AS1	1	0.3010299956639812
IGBP1C	2	0.47712125471966244
IGBP1P1	2	0.47712125471966244
IGDCC3	13	1.146128035678238
IGDCC4	18	1.2787536009528289
IGF1	3622	3.559068334034537
IGF1R	1904	3.279894980011638
IGF2	1356	3.132579847659737
IGF2-AS	31	1.505149978319906
IGF2BP1	595	2.7752462597402365
IGF2BP2	755	2.8785217955012063
IGF2BP2-AS1	3	0.6020599913279624
IGF2BP3	724	2.8603380065709936
IGF2BP3P1	1	0.3010299956639812
IGF2BP3P2	1	0.3010299956639812
IGF2R	372	2.571708831808688
IGFALS	68	1.8388490907372552
IGFBP1	754	2.8779469516291885
IGFBP2	396	2.598790506763115
IGFBP3	1438	3.158060793936605
IGFBP4	129	2.113943352306837
IGFBP5	245	2.3909351071033793
IGFBP6	93	1.9731278535996986
IGFBP7	197	2.296665190261531
IGFBP7-AS1	4	0.6989700043360189
IGFBPL1	21	1.3424226808222062
IGFL1	11	1.0791812460476249
IGFL1P1	1	0.3010299956639812
IGFL1P2	1	0.3010299956639812
IGFL2	8	0.9542425094393249
IGFL2-AS1	6	0.8450980400142568
IGFL3	9	1.0
IGFL4	4	0.6989700043360189
IGFLR1	3	0.6020599913279624
IGFN1	15	1.2041199826559248
IGH	145	2.164352855784437
IGHA1	111	2.0492180226701815
IGHA2	44	1.6532125137753437
IGHD	25	1.414973347970818
IGHD1-1	3	0.6020599913279624
IGHD1-14	1	0.3010299956639812
IGHD1-20	1	0.3010299956639812
IGHD1-26	2	0.47712125471966244
IGHD1-7	1	0.3010299956639812
IGHD1OR15-1A	1	0.3010299956639812
IGHD1OR15-1B	1	0.3010299956639812
IGHD2-15	1	0.3010299956639812
IGHD2-2	2	0.47712125471966244
IGHD2-21	1	0.3010299956639812
IGHD2-8	1	0.3010299956639812
IGHD2OR15-2A	1	0.3010299956639812
IGHD2OR15-2B	1	0.3010299956639812
IGHD3-10	1	0.3010299956639812
IGHD3-16	1	0.3010299956639812
IGHD3-22	1	0.3010299956639812
IGHD3-3	2	0.47712125471966244
IGHD3-9	1	0.3010299956639812
IGHD3OR15-3A	1	0.3010299956639812
IGHD3OR15-3B	1	0.3010299956639812
IGHD4-11	1	0.3010299956639812
IGHD4-17	1	0.3010299956639812
IGHD4-23	1	0.3010299956639812
IGHD4-4	2	0.47712125471966244
IGHD4OR15-4A	1	0.3010299956639812
IGHD4OR15-4B	1	0.3010299956639812
IGHD5-12	1	0.3010299956639812
IGHD5-18	1	0.3010299956639812
IGHD5-24	1	0.3010299956639812
IGHD5-5	2	0.47712125471966244
IGHD5OR15-5A	1	0.3010299956639812
IGHD5OR15-5B	1	0.3010299956639812
IGHD6-13	1	0.3010299956639812
IGHD6-19	2	0.47712125471966244
IGHD6-25	1	0.3010299956639812
IGHD6-6	2	0.47712125471966244
IGHD7-27	2	0.47712125471966244
IGHE	81	1.9138138523837167
IGHEP1	1	0.3010299956639812
IGHEP2	2	0.47712125471966244
IGHG1	152	2.184691430817599
IGHG2	69	1.845098040014257
IGHG3	44	1.6532125137753437
IGHG4	29	1.4771212547196624
IGHGP	1	0.3010299956639812
IGHJ1	4	0.6989700043360189
IGHJ1P	2	0.47712125471966244
IGHJ2	2	0.47712125471966244
IGHJ2P	2	0.47712125471966244
IGHJ3	2	0.47712125471966244
IGHJ3P	2	0.47712125471966244
IGHJ4	3	0.6020599913279624
IGHJ5	3	0.6020599913279624
IGHJ6	3	0.6020599913279624
IGHM	75	1.8808135922807914
IGHMBP2	155	2.1931245983544616
IGHV1-12	1	0.3010299956639812
IGHV1-14	1	0.3010299956639812
IGHV1-17	1	0.3010299956639812
IGHV1-18	8	0.9542425094393249
IGHV1-2	4	0.6989700043360189
IGHV1-24	9	1.0
IGHV1-3	6	0.8450980400142568
IGHV1-38-4	4	0.6989700043360189
IGHV1-45	12	1.1139433523068367
IGHV1-46	4	0.6989700043360189
IGHV1-58	5	0.7781512503836436
IGHV1-67	1	0.3010299956639812
IGHV1-68	1	0.3010299956639812
IGHV1-69	27	1.4471580313422192
IGHV1-69-2	5	0.7781512503836436
IGHV1-69D	4	0.6989700043360189
IGHV1-8	4	0.6989700043360189
IGHV1OR15-1	6	0.8450980400142568
IGHV1OR15-2	2	0.47712125471966244
IGHV1OR15-3	3	0.6020599913279624
IGHV1OR15-4	2	0.47712125471966244
IGHV1OR15-5	3	0.6020599913279624
IGHV1OR15-6	1	0.3010299956639812
IGHV1OR15-9	4	0.6989700043360189
IGHV1OR16-1	1	0.3010299956639812
IGHV1OR16-2	1	0.3010299956639812
IGHV1OR16-3	1	0.3010299956639812
IGHV1OR16-4	1	0.3010299956639812
IGHV1OR21-1	4	0.6989700043360189
IGHV2-10	1	0.3010299956639812
IGHV2-26	5	0.7781512503836436
IGHV2-5	10	1.0413926851582251
IGHV2-70	11	1.0791812460476249
IGHV2-70D	4	0.6989700043360189
IGHV2OR16-5	1	0.3010299956639812
IGHV3-11	6	0.8450980400142568
IGHV3-13	9	1.0
IGHV3-15	7	0.9030899869919435
IGHV3-16	5	0.7781512503836436
IGHV3-19	2	0.47712125471966244
IGHV3-20	5	0.7781512503836436
IGHV3-21	13	1.146128035678238
IGHV3-22	1	0.3010299956639812
IGHV3-23	23	1.380211241711606
IGHV3-25	1	0.3010299956639812
IGHV3-29	1	0.3010299956639812
IGHV3-30	15	1.2041199826559248
IGHV3-30-2	1	0.3010299956639812
IGHV3-30-3	4	0.6989700043360189
IGHV3-30-5	3	0.6020599913279624
IGHV3-32	1	0.3010299956639812
IGHV3-33	11	1.0791812460476249
IGHV3-33-2	1	0.3010299956639812
IGHV3-35	5	0.7781512503836436
IGHV3-36	1	0.3010299956639812
IGHV3-37	1	0.3010299956639812
IGHV3-38	6	0.8450980400142568
IGHV3-38-3	8	0.9542425094393249
IGHV3-41	1	0.3010299956639812
IGHV3-42	1	0.3010299956639812
IGHV3-43	5	0.7781512503836436
IGHV3-43D	4	0.6989700043360189
IGHV3-47	3	0.6020599913279624
IGHV3-48	10	1.0413926851582251
IGHV3-49	7	0.9030899869919435
IGHV3-50	1	0.3010299956639812
IGHV3-52	2	0.47712125471966244
IGHV3-53	7	0.9030899869919435
IGHV3-54	1	0.3010299956639812
IGHV3-57	1	0.3010299956639812
IGHV3-6	1	0.3010299956639812
IGHV3-60	1	0.3010299956639812
IGHV3-62	1	0.3010299956639812
IGHV3-63	1	0.3010299956639812
IGHV3-64	5	0.7781512503836436
IGHV3-64D	11	1.0791812460476249
IGHV3-65	1	0.3010299956639812
IGHV3-66	7	0.9030899869919435
IGHV3-69-1	13	1.146128035678238
IGHV3-7	15	1.2041199826559248
IGHV3-71	5	0.7781512503836436
IGHV3-72	8	0.9542425094393249
IGHV3-73	6	0.8450980400142568
IGHV3-74	5	0.7781512503836436
IGHV3-75	3	0.6020599913279624
IGHV3-76	1	0.3010299956639812
IGHV3-79	1	0.3010299956639812
IGHV3-9	8	0.9542425094393249
IGHV3OR15-7	2	0.47712125471966244
IGHV3OR16-10	1	0.3010299956639812
IGHV3OR16-11	1	0.3010299956639812
IGHV3OR16-12	1	0.3010299956639812
IGHV3OR16-13	1	0.3010299956639812
IGHV3OR16-14	1	0.3010299956639812
IGHV3OR16-15	1	0.3010299956639812
IGHV3OR16-16	2	0.47712125471966244
IGHV3OR16-6	3	0.6020599913279624
IGHV3OR16-7	5	0.7781512503836436
IGHV3OR16-8	5	0.7781512503836436
IGHV3OR16-9	1	0.3010299956639812
IGHV4-28	8	0.9542425094393249
IGHV4-30-2	1	0.3010299956639812
IGHV4-30-4	4	0.6989700043360189
IGHV4-31	17	1.255272505103306
IGHV4-34	11	1.0791812460476249
IGHV4-38-2	4	0.6989700043360189
IGHV4-39	8	0.9542425094393249
IGHV4-4	7	0.9030899869919435
IGHV4-55	6	0.8450980400142568
IGHV4-59	11	1.0791812460476249
IGHV4-61	5	0.7781512503836436
IGHV4-80	2	0.47712125471966244
IGHV4OR15-8	3	0.6020599913279624
IGHV5-10-1	5	0.7781512503836436
IGHV5-51	6	0.8450980400142568
IGHV5-78	4	0.6989700043360189
IGHV6-1	6	0.8450980400142568
IGHV7-27	1	0.3010299956639812
IGHV7-34-1	1	0.3010299956639812
IGHV7-4-1	5	0.7781512503836436
IGHV7-40	1	0.3010299956639812
IGHV7-56	1	0.3010299956639812
IGHV7-81	9	1.0
IGHV8-51-1	4	0.6989700043360189
IGHVII-1-1	1	0.3010299956639812
IGHVII-15-1	1	0.3010299956639812
IGHVII-20-1	1	0.3010299956639812
IGHVII-22-1	1	0.3010299956639812
IGHVII-26-2	1	0.3010299956639812
IGHVII-28-1	1	0.3010299956639812
IGHVII-30-1	1	0.3010299956639812
IGHVII-31-1	1	0.3010299956639812
IGHVII-33-1	1	0.3010299956639812
IGHVII-40-1	1	0.3010299956639812
IGHVII-43-1	1	0.3010299956639812
IGHVII-44-2	1	0.3010299956639812
IGHVII-46-1	1	0.3010299956639812
IGHVII-49-1	1	0.3010299956639812
IGHVII-51-2	1	0.3010299956639812
IGHVII-53-1	1	0.3010299956639812
IGHVII-60-1	1	0.3010299956639812
IGHVII-62-1	1	0.3010299956639812
IGHVII-65-1	1	0.3010299956639812
IGHVII-67-1	1	0.3010299956639812
IGHVII-74-1	1	0.3010299956639812
IGHVII-78-1	1	0.3010299956639812
IGHVIII-11-1	1	0.3010299956639812
IGHVIII-13-1	1	0.3010299956639812
IGHVIII-16-1	1	0.3010299956639812
IGHVIII-2-1	1	0.3010299956639812
IGHVIII-22-2	1	0.3010299956639812
IGHVIII-25-1	1	0.3010299956639812
IGHVIII-26-1	1	0.3010299956639812
IGHVIII-38-1	1	0.3010299956639812
IGHVIII-44	1	0.3010299956639812
IGHVIII-47-1	1	0.3010299956639812
IGHVIII-5-1	1	0.3010299956639812
IGHVIII-5-2	1	0.3010299956639812
IGHVIII-67-2	1	0.3010299956639812
IGHVIII-67-3	1	0.3010299956639812
IGHVIII-67-4	1	0.3010299956639812
IGHVIII-76-1	1	0.3010299956639812
IGHVIII-82	1	0.3010299956639812
IGHVIV-44-1	1	0.3010299956639812
IGIP	7	0.9030899869919435
IGK	25	1.414973347970818
IGKC	114	2.060697840353612
IGKDEL	3	0.6020599913279624
IGKJ1	6	0.8450980400142568
IGKJ2	4	0.6989700043360189
IGKJ3	3	0.6020599913279624
IGKJ4	3	0.6020599913279624
IGKJ5	4	0.6989700043360189
IGKV1-12	8	0.9542425094393249
IGKV1-13	5	0.7781512503836436
IGKV1-16	9	1.0
IGKV1-17	12	1.1139433523068367
IGKV1-22	1	0.3010299956639812
IGKV1-27	7	0.9030899869919435
IGKV1-32	1	0.3010299956639812
IGKV1-33	6	0.8450980400142568
IGKV1-35	1	0.3010299956639812
IGKV1-37	4	0.6989700043360189
IGKV1-39	16	1.2304489213782739
IGKV1-5	30	1.4913616938342726
IGKV1-6	5	0.7781512503836436
IGKV1-8	6	0.8450980400142568
IGKV1-9	5	0.7781512503836436
IGKV1D-12	11	1.0791812460476249
IGKV1D-13	11	1.0791812460476249
IGKV1D-16	3	0.6020599913279624
IGKV1D-17	7	0.9030899869919435
IGKV1D-22	2	0.47712125471966244
IGKV1D-27	3	0.6020599913279624
IGKV1D-32	1	0.3010299956639812
IGKV1D-33	29	1.4771212547196624
IGKV1D-35	1	0.3010299956639812
IGKV1D-37	6	0.8450980400142568
IGKV1D-39	9	1.0
IGKV1D-42	5	0.7781512503836436
IGKV1D-43	5	0.7781512503836436
IGKV1D-8	6	0.8450980400142568
IGKV1OR-2	2	0.47712125471966244
IGKV1OR-3	1	0.3010299956639812
IGKV1OR-4	1	0.3010299956639812
IGKV1OR1-1	1	0.3010299956639812
IGKV1OR2-0	1	0.3010299956639812
IGKV1OR2-1	1	0.3010299956639812
IGKV1OR2-108	1	0.3010299956639812
IGKV1OR2-11	1	0.3010299956639812
IGKV1OR2-118	1	0.3010299956639812
IGKV1OR2-2	1	0.3010299956639812
IGKV1OR2-3	1	0.3010299956639812
IGKV1OR2-6	1	0.3010299956639812
IGKV1OR2-9	1	0.3010299956639812
IGKV1OR22-1	1	0.3010299956639812
IGKV1OR22-5	1	0.3010299956639812
IGKV1ORY-1	1	0.3010299956639812
IGKV2-10	1	0.3010299956639812
IGKV2-14	1	0.3010299956639812
IGKV2-18	2	0.47712125471966244
IGKV2-19	1	0.3010299956639812
IGKV2-23	1	0.3010299956639812
IGKV2-24	12	1.1139433523068367
IGKV2-26	5	0.7781512503836436
IGKV2-28	10	1.0413926851582251
IGKV2-29	32	1.5185139398778875
IGKV2-30	16	1.2304489213782739
IGKV2-36	1	0.3010299956639812
IGKV2-38	1	0.3010299956639812
IGKV2-4	1	0.3010299956639812
IGKV2-40	20	1.3222192947339193
IGKV2D-10	3	0.6020599913279624
IGKV2D-14	2	0.47712125471966244
IGKV2D-18	2	0.47712125471966244
IGKV2D-19	2	0.47712125471966244
IGKV2D-23	3	0.6020599913279624
IGKV2D-24	15	1.2041199826559248
IGKV2D-26	9	1.0
IGKV2D-28	22	1.3617278360175928
IGKV2D-29	25	1.414973347970818
IGKV2D-30	7	0.9030899869919435
IGKV2D-36	2	0.47712125471966244
IGKV2D-38	2	0.47712125471966244
IGKV2D-40	14	1.1760912590556813
IGKV2OR2-1	2	0.47712125471966244
IGKV2OR2-10	1	0.3010299956639812
IGKV2OR2-2	1	0.3010299956639812
IGKV2OR2-4	1	0.3010299956639812
IGKV2OR2-7	2	0.47712125471966244
IGKV2OR2-8	1	0.3010299956639812
IGKV2OR22-3	1	0.3010299956639812
IGKV2OR22-4	2	0.47712125471966244
IGKV3-11	3	0.6020599913279624
IGKV3-15	14	1.1760912590556813
IGKV3-20	29	1.4771212547196624
IGKV3-25	1	0.3010299956639812
IGKV3-31	1	0.3010299956639812
IGKV3-34	1	0.3010299956639812
IGKV3-7	6	0.8450980400142568
IGKV3D-11	13	1.146128035678238
IGKV3D-15	7	0.9030899869919435
IGKV3D-20	13	1.146128035678238
IGKV3D-25	2	0.47712125471966244
IGKV3D-31	1	0.3010299956639812
IGKV3D-34	1	0.3010299956639812
IGKV3D-7	8	0.9542425094393249
IGKV3OR2-268	2	0.47712125471966244
IGKV3OR2-5	1	0.3010299956639812
IGKV3OR22-2	1	0.3010299956639812
IGKV4-1	33	1.5314789170422551
IGKV5-2	4	0.6989700043360189
IGKV6-21	4	0.6989700043360189
IGKV6D-21	5	0.7781512503836436
IGKV6D-41	6	0.8450980400142568
IGKV7-3	2	0.47712125471966244
IGL	38	1.591064607026499
IGLC1	39	1.6020599913279623
IGLC2	39	1.6020599913279623
IGLC3	36	1.568201724066995
IGLC4	3	0.6020599913279624
IGLC5	2	0.47712125471966244
IGLC6	13	1.146128035678238
IGLC7	17	1.255272505103306
IGLJ1	5	0.7781512503836436
IGLJ2	2	0.47712125471966244
IGLJ3	7	0.9030899869919435
IGLJ4	2	0.47712125471966244
IGLJ5	2	0.47712125471966244
IGLJ6	2	0.47712125471966244
IGLJ7	2	0.47712125471966244
IGLJCOR18	1	0.3010299956639812
IGLL1	45	1.662757831681574
IGLL2P	2	0.47712125471966244
IGLL3P	4	0.6989700043360189
IGLL4P	1	0.3010299956639812
IGLL5	56	1.7558748556724915
IGLON5	112	2.0530784434834195
IGLV1-36	8	0.9542425094393249
IGLV1-40	9	1.0
IGLV1-41	5	0.7781512503836436
IGLV1-44	13	1.146128035678238
IGLV1-47	14	1.1760912590556813
IGLV1-50	5	0.7781512503836436
IGLV1-51	13	1.146128035678238
IGLV1-62	1	0.3010299956639812
IGLV10-54	8	0.9542425094393249
IGLV10-67	2	0.47712125471966244
IGLV11-55	7	0.9030899869919435
IGLV2-11	16	1.2304489213782739
IGLV2-14	19	1.3010299956639813
IGLV2-18	8	0.9542425094393249
IGLV2-23	11	1.0791812460476249
IGLV2-28	2	0.47712125471966244
IGLV2-33	8	0.9542425094393249
IGLV2-34	2	0.47712125471966244
IGLV2-5	8	0.9542425094393249
IGLV2-8	9	1.0
IGLV3-1	8	0.9542425094393249
IGLV3-10	6	0.8450980400142568
IGLV3-12	9	1.0
IGLV3-13	3	0.6020599913279624
IGLV3-15	1	0.3010299956639812
IGLV3-16	8	0.9542425094393249
IGLV3-17	2	0.47712125471966244
IGLV3-19	11	1.0791812460476249
IGLV3-2	2	0.47712125471966244
IGLV3-21	17	1.255272505103306
IGLV3-22	8	0.9542425094393249
IGLV3-24	2	0.47712125471966244
IGLV3-25	14	1.1760912590556813
IGLV3-26	2	0.47712125471966244
IGLV3-27	8	0.9542425094393249
IGLV3-29	2	0.47712125471966244
IGLV3-30	2	0.47712125471966244
IGLV3-31	2	0.47712125471966244
IGLV3-32	5	0.7781512503836436
IGLV3-4	1	0.3010299956639812
IGLV3-6	2	0.47712125471966244
IGLV3-7	2	0.47712125471966244
IGLV3-9	6	0.8450980400142568
IGLV4-3	9	1.0
IGLV4-60	12	1.1139433523068367
IGLV4-69	9	1.0
IGLV5-37	8	0.9542425094393249
IGLV5-39	6	0.8450980400142568
IGLV5-45	8	0.9542425094393249
IGLV5-48	5	0.7781512503836436
IGLV5-52	5	0.7781512503836436
IGLV6-57	17	1.255272505103306
IGLV7-35	2	0.47712125471966244
IGLV7-43	9	1.0
IGLV7-46	8	0.9542425094393249
IGLV8-61	9	1.0
IGLV8OR8-1	1	0.3010299956639812
IGLV9-49	5	0.7781512503836436
IGLVI-20	1	0.3010299956639812
IGLVI-38	1	0.3010299956639812
IGLVI-42	3	0.6020599913279624
IGLVI-56	1	0.3010299956639812
IGLVI-63	1	0.3010299956639812
IGLVI-68	1	0.3010299956639812
IGLVI-70	1	0.3010299956639812
IGLVIV-53	1	0.3010299956639812
IGLVIV-59	1	0.3010299956639812
IGLVIV-64	1	0.3010299956639812
IGLVIV-65	1	0.3010299956639812
IGLVIV-66-1	1	0.3010299956639812
IGLVV-58	1	0.3010299956639812
IGLVV-66	1	0.3010299956639812
IGLVVI-22-1	2	0.47712125471966244
IGLVVI-25-1	1	0.3010299956639812
IGLVVII-41-1	1	0.3010299956639812
IGSF1	72	1.863322860120456
IGSF10	21	1.3424226808222062
IGSF11	28	1.462397997898956
IGSF11-AS1	1	0.3010299956639812
IGSF21	16	1.2304489213782739
IGSF22	8	0.9542425094393249
IGSF23	3	0.6020599913279624
IGSF3	47	1.6812412373755872
IGSF3P1	1	0.3010299956639812
IGSF5	14	1.1760912590556813
IGSF6	12	1.1139433523068367
IGSF8	69	1.845098040014257
IGSF9	22	1.3617278360175928
IGSF9B	21	1.3424226808222062
IHH	176	2.247973266361807
IHO1	20	1.3222192947339193
IK	157	2.1986570869544226
IKBIP	93	1.9731278535996986
IKBKB	1540	3.1878026387184195
IKBKB-DT	2	0.47712125471966244
IKBKE	1076	3.0322157032979815
IKBKE-AS1	2	0.47712125471966244
IKBKG	877	2.9434945159061026
IKBKGP1	1	0.3010299956639812
IKZF1	729	2.863322860120456
IKZF2	170	2.2329961103921536
IKZF3	206	2.315970345456918
IKZF4	31	1.505149978319906
IKZF5	26	1.4313637641589874
IL10	6865	3.8367037990897312
IL10RA	158	2.2013971243204513
IL10RB	159	2.2041199826559246
IL10RB-DT	3	0.6020599913279624
IL11	346	2.5403294747908736
IL11RA	147	2.1702617153949575
IL12A	593	2.7737864449811935
IL12A-AS1	11	1.0791812460476249
IL12B	726	2.8615344108590377
IL12B-AS1	6	0.8450980400142568
IL12RB1	243	2.387389826338729
IL12RB2	183	2.2648178230095364
IL13	970	2.9872192299080047
IL13RA1	334	2.525044807036845
IL13RA2	140	2.1492191126553797
IL15	818	2.9132839017604186
IL15RA	255	2.4082399653118496
IL16	218	2.3404441148401185
IL17A	1656	3.219322508419337
IL17B	40	1.6127838567197355
IL17C	53	1.7323937598229686
IL17D	31	1.505149978319906
IL17F	463	2.6665179805548807
IL17RA	304	2.484299839346786
IL17RB	195	2.292256071356476
IL17RC	71	1.8573324964312685
IL17RD	67	1.8325089127062364
IL17RE	22	1.3617278360175928
IL17REL	12	1.1139433523068367
IL18	1677	3.2247919564926817
IL18BP	74	1.8750612633917
IL18R1	246	2.392696953259666
IL18RAP	79	1.9030899869919435
IL19	174	2.2430380486862944
IL1A	1287	3.1099158630237933
IL1B	5588	3.747334109615905
IL1R1	423	2.6273658565927325
IL1R1-AS1	1	0.3010299956639812
IL1R2	192	2.285557309007774
IL1RAP	192	2.285557309007774
IL1RAPL1	69	1.845098040014257
IL1RAPL2	22	1.3617278360175928
IL1RN	3043	3.4834446480985353
IL2	1652	3.2182728535714475
IL20	94	1.9777236052888478
IL20RA	40	1.6127838567197355
IL20RB	32	1.5185139398778875
IL20RB-AS1	2	0.47712125471966244
IL21	416	2.6201360549737576
IL21-AS1	3	0.6020599913279624
IL21R	125	2.100370545117563
IL21R-AS1	3	0.6020599913279624
IL22	422	2.6263403673750423
IL22RA1	63	1.806179973983887
IL22RA2	65	1.8195439355418688
IL23A	556	2.745855195173729
IL23R	695	2.842609239610562
IL24	185	2.2695129442179165
IL25	110	2.0453229787866576
IL26	119	2.0791812460476247
IL27	349	2.5440680443502757
IL27RA	96	1.9867717342662448
IL2RA	1600	3.2043913319193
IL2RB	238	2.3783979009481375
IL2RG	353	2.5490032620257876
IL3	273	2.437750562820388
IL31	240	2.3820170425748683
IL31RA	93	1.9731278535996986
IL32	398	2.6009728956867484
IL33	1377	3.139249217571607
IL33R	1200	3.079543007402906
IL34	188	2.2764618041732443
IL36A	111	2.0492180226701815
IL36B	55	1.7481880270062005
IL36G	180	2.2576785748691846
IL36R	58	1.7708520116421442
IL36RN	234	2.3710678622717363
IL37	500	2.699837725867246
IL38	206	2.315970345456918
IL3RA	367	2.5658478186735176
IL4	2471	3.3930484664167784
IL40	12	1.1139433523068367
IL4I1	70	1.8512583487190752
IL4R	611	2.7867514221455614
IL5	668	2.8254261177678233
IL5RA	153	2.187520720836463
IL6	13532	4.131394081817373
IL6-AS1	3	0.6020599913279624
IL6R	893	2.951337518795918
IL6R-AS1	1	0.3010299956639812
IL6RP1	2	0.47712125471966244
IL6ST	926	2.967079734144497
IL6ST-DT	2	0.47712125471966244
IL6STP1	2	0.47712125471966244
IL7	602	2.780317312140151
IL7R	415	2.6190933306267428
IL9	335	2.526339277389844
IL9R	104	2.0211892990699383
IL9RP1	1	0.3010299956639812
IL9RP2	1	0.3010299956639812
IL9RP3	1	0.3010299956639812
IL9RP4	1	0.3010299956639812
ILDR1	29	1.4771212547196624
ILDR2	20	1.3222192947339193
ILF2	387	2.5888317255942073
ILF3	535	2.72916478969277
ILF3-DT	10	1.0413926851582251
ILK	394	2.59659709562646
ILKAP	68	1.8388490907372552
ILRUN	41	1.6232492903979006
ILRUN-AS1	1	0.3010299956639812
IMMP1L	22	1.3617278360175928
IMMP1LP2	1	0.3010299956639812
IMMP2L	54	1.7403626894942439
IMMT	317	2.5024271199844326
IMMTP1	2	0.47712125471966244
IMP3	116	2.0681858617461617
IMP4	69	1.845098040014257
IMPA1	61	1.792391689498254
IMPA2	59	1.7781512503836436
IMPACT	28	1.462397997898956
IMPDH1	174	2.2430380486862944
IMPDH1P11	2	0.47712125471966244
IMPDH1P5	1	0.3010299956639812
IMPDH2	366	2.5646660642520893
IMPG1	35	1.5563025007672873
IMPG2	28	1.462397997898956
INA	102	2.012837224705172
INAFM1	4	0.6989700043360189
INAFM2	6	0.8450980400142568
INAVA	33	1.5314789170422551
INCA1	22	1.3617278360175928
INCENP	216	2.3364597338485296
INCR1	2	0.47712125471966244
INE1	5	0.7781512503836436
INE2	1	0.3010299956639812
INF2	191	2.2833012287035497
ING1	225	2.3541084391474008
ING2	104	2.0211892990699383
ING2-DT	1	0.3010299956639812
ING3	96	1.9867717342662448
ING4	190	2.2810333672477277
ING5	94	1.9777236052888478
INGX	5	0.7781512503836436
INHA	176	2.247973266361807
INHBA	321	2.507855871695831
INHBA-AS1	8	0.9542425094393249
INHBB	179	2.255272505103306
INHBC	40	1.6127838567197355
INHBE	37	1.5797835966168101
INHCAP	4	0.6989700043360189
INIP	37	1.5797835966168101
INKA1	22	1.3617278360175928
INKA2	21	1.3424226808222062
INKA2-AS1	1	0.3010299956639812
INKILN	1	0.3010299956639812
INMT	23	1.380211241711606
INMT-MINDY4	3	0.6020599913279624
INO80	148	2.173186268412274
INO80-AS1	1	0.3010299956639812
INO80B	53	1.7323937598229686
INO80B-WBP1	9	1.0
INO80C	40	1.6127838567197355
INO80D	34	1.5440680443502757
INO80E	48	1.6901960800285136
INPP1	37	1.5797835966168101
INPP4A	44	1.6532125137753437
INPP4B	82	1.919078092376074
INPP5A	45	1.662757831681574
INPP5B	46	1.6720978579357175
INPP5B-AS1	1	0.3010299956639812
INPP5D	323	2.510545010206612
INPP5E	50	1.7075701760979363
INPP5F	53	1.7323937598229686
INPP5J	17	1.255272505103306
INPP5K	63	1.806179973983887
INPPL1	512	2.7101173651118162
INS	1034	3.0149403497929366
INS-IGF2	30	1.4913616938342726
INSC	21	1.3424226808222062
INSIG1	146	2.167317334748176
INSIG2	162	2.2121876044039577
INSL3	129	2.113943352306837
INSL4	33	1.5314789170422551
INSL5	31	1.505149978319906
INSL6	16	1.2304489213782739
INSM1	212	2.3283796034387376
INSM2	9	1.0
INSR	1029	3.012837224705172
INSRR	35	1.5563025007672873
INSYN1	8	0.9542425094393249
INSYN2A	11	1.0791812460476249
INSYN2B	9	1.0
INTS1	102	2.012837224705172
INTS10	53	1.7323937598229686
INTS11	88	1.9493900066449128
INTS12	69	1.845098040014257
INTS13	72	1.863322860120456
INTS14	49	1.6989700043360187
INTS15	31	1.505149978319906
INTS2	63	1.806179973983887
INTS3	103	2.0170333392987803
INTS4	71	1.8573324964312685
INTS4P1	1	0.3010299956639812
INTS4P2	7	0.9030899869919435
INTS5	55	1.7481880270062005
INTS6	92	1.968482948553935
INTS6-AS1	2	0.47712125471966244
INTS6L	15	1.2041199826559248
INTS6P1	3	0.6020599913279624
INTS7	72	1.863322860120456
INTS8	54	1.7403626894942439
INTS9	69	1.845098040014257
INTS9-AS1	2	0.47712125471966244
INTU	27	1.4471580313422192
INVS	90	1.9590413923210936
IP6K1	69	1.845098040014257
IP6K2	50	1.7075701760979363
IP6K3	17	1.255272505103306
IPAN	1	0.3010299956639812
IPCEF1	20	1.3222192947339193
IPMK	45	1.662757831681574
IPMKP1	1	0.3010299956639812
IPO11	101	2.0086001717619175
IPO13	72	1.863322860120456
IPO4	167	2.225309281725863
IPO5	302	2.481442628502305
IPO5P1	3	0.6020599913279624
IPO7	280	2.44870631990508
IPO8	139	2.146128035678238
IPO9	150	2.1789769472931693
IPP	30	1.4913616938342726
IPPK	23	1.380211241711606
IQANK1	24	1.3979400086720377
IQCB1	104	2.0211892990699383
IQCC	16	1.2304489213782739
IQCE	32	1.5185139398778875
IQCF1	10	1.0413926851582251
IQCF2	10	1.0413926851582251
IQCF3	6	0.8450980400142568
IQCF4P	1	0.3010299956639812
IQCF5	7	0.9030899869919435
IQCF5-AS1	1	0.3010299956639812
IQCF6	1	0.3010299956639812
IQCH	15	1.2041199826559248
IQCH-AS1	4	0.6989700043360189
IQCJ	9	1.0
IQCJ-SCHIP1	10	1.0413926851582251
IQCJ-SCHIP1-AS1	1	0.3010299956639812
IQCK	14	1.1760912590556813
IQCM	5	0.7781512503836436
IQCN	34	1.5440680443502757
IQGAP1	476	2.678518379040114
IQGAP2	136	2.1367205671564067
IQGAP3	129	2.113943352306837
IQSEC1	104	2.0211892990699383
IQSEC2	115	2.0644579892269186
IQSEC3	16	1.2304489213782739
IQSEC3-AS2	1	0.3010299956639812
IQSEC3-AS3	2	0.47712125471966244
IQUB	24	1.3979400086720377
IRAG1	39	1.6020599913279623
IRAG1-AS1	4	0.6989700043360189
IRAG2	47	1.6812412373755872
IRAIN	3	0.6020599913279624
IRAK1	606	2.7831886910752575
IRAK1BP1	16	1.2304489213782739
IRAK2	78	1.8976270912904414
IRAK3	160	2.2068258760318495
IRAK4	395	2.597695185925512
IREB2	145	2.164352855784437
IRF1	1084	3.0354297381845483
IRF2	273	2.437750562820388
IRF2-DT	1	0.3010299956639812
IRF2BP1	62	1.7993405494535817
IRF2BP2	134	2.130333768495006
IRF2BPL	92	1.968482948553935
IRF3	1378	3.13956426617585
IRF4	260	2.416640507338281
IRF5	469	2.6720978579357175
IRF6	344	2.537819095073274
IRF7	451	2.655138434811382
IRF8	167	2.225309281725863
IRF9	353	2.5490032620257876
IRGC	12	1.1139433523068367
IRGM	166	2.2227164711475833
IRGQ	31	1.505149978319906
IRS1	1859	3.2695129442179165
IRS2	636	2.8041394323353503
IRS3P	27	1.4471580313422192
IRS4	256	2.4099331233312946
IRX1	53	1.7323937598229686
IRX2	33	1.5314789170422551
IRX2-DT	7	0.9030899869919435
IRX3	60	1.7853298350107671
IRX4	30	1.4913616938342726
IRX4-DT	3	0.6020599913279624
IRX4P1	1	0.3010299956639812
IRX5	47	1.6812412373755872
IRX6	19	1.3010299956639813
ISCA1	58	1.7708520116421442
ISCA1P1	5	0.7781512503836436
ISCA2	40	1.6127838567197355
ISCA2P1	1	0.3010299956639812
ISCU	129	2.113943352306837
ISG15	608	2.784617292632875
ISG20	83	1.9242792860618816
ISG20L2	50	1.7075701760979363
ISL1	130	2.1172712956557644
ISL1-DT	1	0.3010299956639812
ISL2	37	1.5797835966168101
ISLR	27	1.4471580313422192
ISLR2	13	1.146128035678238
ISLR2-AS1	4	0.6989700043360189
ISM1	28	1.462397997898956
ISM1-AS1	1	0.3010299956639812
ISM2	10	1.0413926851582251
ISOC1	44	1.6532125137753437
ISOC2	45	1.662757831681574
IST1	118	2.0755469613925306
ISX	24	1.3979400086720377
ISY1	71	1.8573324964312685
ISY1-RAB43	8	0.9542425094393249
ISYNA1	65	1.8195439355418688
ITCH	458	2.661812685537261
ITCH-IT1	4	0.6989700043360189
ITFG1	30	1.4913616938342726
ITFG2	18	1.2787536009528289
ITFG2-AS1	3	0.6020599913279624
ITGA1	166	2.2227164711475833
ITGA10	25	1.414973347970818
ITGA11	68	1.8388490907372552
ITGA2	474	2.6766936096248664
ITGA2-AS1	1	0.3010299956639812
ITGA2B	568	2.7551122663950713
ITGA3	322	2.509202522331103
ITGA4	315	2.499687082618404
ITGA5	552	2.7427251313046983
ITGA6	434	2.6384892569546374
ITGA6-AS1	4	0.6989700043360189
ITGA7	84	1.9294189257142926
ITGA8	59	1.7781512503836436
ITGA9	93	1.9731278535996986
ITGA9-AS1	4	0.6989700043360189
ITGAD	45	1.662757831681574
ITGAE	81	1.9138138523837167
ITGAL	219	2.342422680822206
ITGAL-AS1	1	0.3010299956639812
ITGAM	854	2.931966114728173
ITGAV	702	2.846955325019824
ITGAX	128	2.110589710299249
ITGB1	1625	3.2111205412580492
ITGB1-DT	2	0.47712125471966244
ITGB1BP1	92	1.968482948553935
ITGB1BP2	34	1.5440680443502757
ITGB1P1	1	0.3010299956639812
ITGB2	568	2.7551122663950713
ITGB2-AS1	9	1.0
ITGB3	1881	3.274619619091238
ITGB3BP	74	1.8750612633917
ITGB4	401	2.60422605308447
ITGB5	202	2.307496037913213
ITGB6	144	2.161368002234975
ITGB7	111	2.0492180226701815
ITGB8	78	1.8976270912904414
ITGBL1	48	1.6901960800285136
ITIH1	66	1.8260748027008264
ITIH2	72	1.863322860120456
ITIH3	63	1.806179973983887
ITIH4	120	2.0827853703164503
ITIH5	53	1.7323937598229686
ITIH6	6	0.8450980400142568
ITK	131	2.12057393120585
ITLN1	498	2.6981005456233897
ITLN2	17	1.255272505103306
ITM2A	43	1.6434526764861874
ITM2B	182	2.2624510897304293
ITM2C	88	1.9493900066449128
ITPA	272	2.436162647040756
ITPK1	48	1.6901960800285136
ITPKA	43	1.6434526764861874
ITPKB	51	1.7160033436347992
ITPKB-AS1	1	0.3010299956639812
ITPKB-IT1	1	0.3010299956639812
ITPKC	43	1.6434526764861874
ITPR1	796	2.9014583213961123
ITPR1-DT	1	0.3010299956639812
ITPR2	160	2.2068258760318495
ITPR3	219	2.342422680822206
ITPR3-AS1	1	0.3010299956639812
ITPRID1	8	0.9542425094393249
ITPRID2	106	2.0293837776852097
ITPRIP	45	1.662757831681574
ITPRIP-AS1	1	0.3010299956639812
ITPRIPL1	20	1.3222192947339193
ITPRIPL2	10	1.0413926851582251
ITSN1	180	2.2576785748691846
ITSN1P1	1	0.3010299956639812
ITSN2	105	2.0253058652647704
IUR1	1	0.3010299956639812
IVD	74	1.8750612633917
IVL	80	1.9084850188786497
IVNS1ABP	102	2.012837224705172
IWS1	79	1.9030899869919435
IYD	38	1.591064607026499
IZUMO1	48	1.6901960800285136
IZUMO1R	13	1.146128035678238
IZUMO2	7	0.9030899869919435
IZUMO3	7	0.9030899869919435
IZUMO4	9	1.0
JADE1	68	1.8388490907372552
JADE2	39	1.6020599913279623
JADE3	50	1.7075701760979363
JADRR	1	0.3010299956639812
JAG1	993	2.997386384397313
JAG2	153	2.187520720836463
JAGN1	60	1.7853298350107671
JAK1	1761	3.246005904076029
JAK2	5774	3.761551988564182
JAK3	842	2.9258275746247424
JAKMIP1	36	1.568201724066995
JAKMIP1-DT	1	0.3010299956639812
JAKMIP2	29	1.4771212547196624
JAKMIP2-AS1	1	0.3010299956639812
JAKMIP3	14	1.1760912590556813
JAM2	57	1.7634279935629373
JAM3	141	2.1522883443830563
JAML	29	1.4771212547196624
JARID2	119	2.0791812460476247
JARID2-AS1	2	0.47712125471966244
JAZF1	174	2.2430380486862944
JAZF1-AS1	3	0.6020599913279624
JCAD	47	1.6812412373755872
JCHAIN	64	1.8129133566428555
JCHAINP1	1	0.3010299956639812
JDP2	75	1.8808135922807914
JHY	18	1.2787536009528289
JKAMP	22	1.3617278360175928
JMJD1C	170	2.2329961103921536
JMJD1C-AS1	1	0.3010299956639812
JMJD4	22	1.3617278360175928
JMJD6	190	2.2810333672477277
JMJD7	25	1.414973347970818
JMJD7-PLA2G4B	25	1.414973347970818
JMJD8	25	1.414973347970818
JMY	58	1.7708520116421442
JOSD1	43	1.6434526764861874
JOSD2	39	1.6020599913279623
JPH1	85	1.9344984512435677
JPH2	63	1.806179973983887
JPH3	50	1.7075701760979363
JPH4	14	1.1760912590556813
JPT1	71	1.8573324964312685
JPT2	81	1.9138138523837167
JPX	24	1.3979400086720377
JRK	25	1.414973347970818
JRKL	16	1.2304489213782739
JSRP1	23	1.380211241711606
JTB	54	1.7403626894942439
JUN	1372	3.137670537236755
JUN-DT	3	0.6020599913279624
JUNB	224	2.3521825181113627
JUND	198	2.298853076409707
JUP	612	2.787460474518415
KAAG1	6	0.8450980400142568
KALRN	110	2.0453229787866576
KANK1	125	2.100370545117563
KANK2	100	2.0043213737826426
KANK3	21	1.3424226808222062
KANK4	18	1.2787536009528289
KANSL1	88	1.9493900066449128
KANSL1-AS1	2	0.47712125471966244
KANSL1L	12	1.1139433523068367
KANSL1L-AS1	1	0.3010299956639812
KANSL2	44	1.6532125137753437
KANSL3	58	1.7708520116421442
KANTR	3	0.6020599913279624
KARS1	282	2.45178643552429
KASH5	30	1.4913616938342726
KAT14	51	1.7160033436347992
KAT2A	295	2.4712917110589387
KAT2B	453	2.6570558528571038
KAT5	538	2.7315887651867388
KAT6A	224	2.3521825181113627
KAT6B	146	2.167317334748176
KAT7	196	2.294466226161593
KAT8	187	2.27415784926368
KATNA1	70	1.8512583487190752
KATNAL1	50	1.7075701760979363
KATNAL2	38	1.591064607026499
KATNB1	64	1.8129133566428555
KATNBL1	30	1.4913616938342726
KATNBL1P6	1	0.3010299956639812
KATNIP	26	1.4313637641589874
KAZALD1	23	1.380211241711606
KAZALD1-DT	1	0.3010299956639812
KAZN	40	1.6127838567197355
KAZN-AS1	3	0.6020599913279624
KBTBD11	13	1.146128035678238
KBTBD11-AS1	1	0.3010299956639812
KBTBD11-OT1	1	0.3010299956639812
KBTBD12	10	1.0413926851582251
KBTBD13	23	1.380211241711606
KBTBD2	24	1.3979400086720377
KBTBD3	16	1.2304489213782739
KBTBD4	35	1.5563025007672873
KBTBD6	41	1.6232492903979006
KBTBD6-DT	3	0.6020599913279624
KBTBD7	59	1.7781512503836436
KBTBD8	26	1.4313637641589874
KCMF1	80	1.9084850188786497
KCNA1	185	2.2695129442179165
KCNA10	19	1.3010299956639813
KCNA2	144	2.161368002234975
KCNA3	246	2.392696953259666
KCNA4	112	2.0530784434834195
KCNA5	264	2.423245873936808
KCNA6	32	1.5185139398778875
KCNA7	14	1.1760912590556813
KCNAB1	65	1.8195439355418688
KCNAB2	59	1.7781512503836436
KCNAB3	18	1.2787536009528289
KCNB1	185	2.2695129442179165
KCNB2	42	1.6334684555795864
KCNC1	66	1.8260748027008264
KCNC2	26	1.4313637641589874
KCNC3	39	1.6020599913279623
KCNC4	46	1.6720978579357175
KCND1	22	1.3617278360175928
KCND2	119	2.0791812460476247
KCND3	131	2.12057393120585
KCND3-AS1	1	0.3010299956639812
KCNE1	429	2.6334684555795866
KCNE2	151	2.1818435879447726
KCNE3	100	2.0043213737826426
KCNE4	57	1.7634279935629373
KCNE5	43	1.6434526764861874
KCNF1	14	1.1760912590556813
KCNG1	25	1.414973347970818
KCNG2	8	0.9542425094393249
KCNG3	23	1.380211241711606
KCNG4	21	1.3424226808222062
KCNH1	342	2.5352941200427703
KCNH2	1863	3.2704459080179626
KCNH3	16	1.2304489213782739
KCNH4	17	1.255272505103306
KCNH5	42	1.6334684555795864
KCNH6	561	2.749736315569061
KCNH7	47	1.6812412373755872
KCNH7-AS1	1	0.3010299956639812
KCNH8	16	1.2304489213782739
KCNIP1	59	1.7781512503836436
KCNIP2	89	1.954242509439325
KCNIP3	131	2.12057393120585
KCNIP4	43	1.6434526764861874
KCNIP4-IT1	2	0.47712125471966244
KCNJ1	182	2.2624510897304293
KCNJ10	98	1.99563519459755
KCNJ11	424	2.6283889300503116
KCNJ12	51	1.7160033436347992
KCNJ13	41	1.6232492903979006
KCNJ14	15	1.2041199826559248
KCNJ15	43	1.6434526764861874
KCNJ16	42	1.6334684555795864
KCNJ18	23	1.380211241711606
KCNJ2	354	2.550228353055094
KCNJ2-AS1	1	0.3010299956639812
KCNJ3	72	1.863322860120456
KCNJ4	87	1.9444826721501687
KCNJ5	301	2.4800069429571505
KCNJ5-AS1	9	1.0
KCNJ6	102	2.012837224705172
KCNJ8	59	1.7781512503836436
KCNJ9	26	1.4313637641589874
KCNK1	71	1.8573324964312685
KCNK10	63	1.806179973983887
KCNK10-AS1	1	0.3010299956639812
KCNK12	16	1.2304489213782739
KCNK13	25	1.414973347970818
KCNK15	15	1.2041199826559248
KCNK15-AS1	4	0.6989700043360189
KCNK16	27	1.4471580313422192
KCNK17	29	1.4771212547196624
KCNK18	63	1.806179973983887
KCNK2	93	1.9731278535996986
KCNK3	99	2.0
KCNK4	62	1.7993405494535817
KCNK4-CATSPERZ	1	0.3010299956639812
KCNK5	72	1.863322860120456
KCNK6	26	1.4313637641589874
KCNK7	12	1.1139433523068367
KCNK9	137	2.1398790864012365
KCNMA1	402	2.6053050461411096
KCNMA1-AS1	5	0.7781512503836436
KCNMA1-AS2	1	0.3010299956639812
KCNMA1-AS3	1	0.3010299956639812
KCNMB1	80	1.9084850188786497
KCNMB2	33	1.5314789170422551
KCNMB2-AS1	7	0.9030899869919435
KCNMB3	24	1.3979400086720377
KCNMB3P1	3	0.6020599913279624
KCNMB4	34	1.5440680443502757
KCNN1	45	1.662757831681574
KCNN2	99	2.0
KCNN2-AS1	4	0.6989700043360189
KCNN3	183	2.2648178230095364
KCNN4	386	2.5877109650189114
KCNQ1	1206	3.081707270097349
KCNQ1DN	6	0.8450980400142568
KCNQ1OT1	163	2.214843848047698
KCNQ2	355	2.5514499979728753
KCNQ3	165	2.220108088040055
KCNQ4	148	2.173186268412274
KCNQ5	82	1.919078092376074
KCNQ5-DT	1	0.3010299956639812
KCNRG	22	1.3617278360175928
KCNS1	20	1.3222192947339193
KCNS2	15	1.2041199826559248
KCNS3	26	1.4313637641589874
KCNT1	142	2.155336037465062
KCNT2	43	1.6434526764861874
KCNU1	22	1.3617278360175928
KCNV1	19	1.3010299956639813
KCNV2	83	1.9242792860618816
KCP	7	0.9030899869919435
KCTD1	58	1.7708520116421442
KCTD10	83	1.9242792860618816
KCTD11	27	1.4471580313422192
KCTD12	94	1.9777236052888478
KCTD13	68	1.8388490907372552
KCTD14	11	1.0791812460476249
KCTD15	76	1.8864907251724818
KCTD16	22	1.3617278360175928
KCTD17	72	1.863322860120456
KCTD18	20	1.3222192947339193
KCTD19	13	1.146128035678238
KCTD2	51	1.7160033436347992
KCTD20	34	1.5440680443502757
KCTD21	20	1.3222192947339193
KCTD21-AS1	5	0.7781512503836436
KCTD3	68	1.8388490907372552
KCTD4	12	1.1139433523068367
KCTD5	102	2.012837224705172
KCTD6	36	1.568201724066995
KCTD7	56	1.7558748556724915
KCTD8	18	1.2787536009528289
KCTD9	43	1.6434526764861874
KCTD9P2	2	0.47712125471966244
KCTD9P3	1	0.3010299956639812
KCTD9P6	1	0.3010299956639812
KDELR1	89	1.954242509439325
KDELR2	64	1.8129133566428555
KDELR3	27	1.4471580313422192
KDF1	15	1.2041199826559248
KDM1A	1156	3.0633333589517497
KDM1B	69	1.845098040014257
KDM2A	258	2.413299764081252
KDM2B	131	2.12057393120585
KDM3A	188	2.2764618041732443
KDM3B	131	2.12057393120585
KDM4A	260	2.416640507338281
KDM4A-AS1	6	0.8450980400142568
KDM4B	171	2.2355284469075487
KDM4C	150	2.1789769472931693
KDM4D	68	1.8388490907372552
KDM4E	15	1.2041199826559248
KDM4F	3	0.6020599913279624
KDM5A	247	2.3944516808262164
KDM5B	253	2.404833716619938
KDM5C	200	2.303196057420489
KDM5D	86	1.9395192526186185
KDM5DP1	2	0.47712125471966244
KDM6A	391	2.593286067020457
KDM6B	362	2.5599066250361124
KDM7A	45	1.662757831681574
KDM7A-DT	5	0.7781512503836436
KDM8	59	1.7781512503836436
KDR	2296	3.361160995195026
KDSR	52	1.724275869600789
KEAP1	1731	3.2385478876813276
KEL	103	2.0170333392987803
KERA	78	1.8976270912904414
KGD4	56	1.7558748556724915
KHDC1	11	1.0791812460476249
KHDC1-AS1	3	0.6020599913279624
KHDC1L	5	0.7781512503836436
KHDC1P1	1	0.3010299956639812
KHDC3L	48	1.6901960800285136
KHDC4	40	1.6127838567197355
KHDRBS1	512	2.7101173651118162
KHDRBS2	56	1.7558748556724915
KHDRBS3	109	2.041392685158225
KHK	48	1.6901960800285136
KHNYN	39	1.6020599913279623
KHSRP	385	2.586587304671755
KIAA0040	19	1.3010299956639813
KIAA0087	11	1.0791812460476249
KIAA0232	29	1.4771212547196624
KIAA0319	85	1.9344984512435677
KIAA0319L	65	1.8195439355418688
KIAA0408	22	1.3617278360175928
KIAA0513	22	1.3617278360175928
KIAA0586	57	1.7634279935629373
KIAA0753	48	1.6901960800285136
KIAA0825	27	1.4471580313422192
KIAA0930	34	1.5440680443502757
KIAA1143	36	1.568201724066995
KIAA1191	46	1.6720978579357175
KIAA1210	9	1.0
KIAA1217	83	1.9242792860618816
KIAA1328	22	1.3617278360175928
KIAA1549	55	1.7481880270062005
KIAA1549L	17	1.255272505103306
KIAA1586	15	1.2041199826559248
KIAA1614	9	1.0
KIAA1614-AS1	1	0.3010299956639812
KIAA1671	84	1.9294189257142926
KIAA1671-AS1	1	0.3010299956639812
KIAA1755	10	1.0413926851582251
KIAA1958	23	1.380211241711606
KIAA2012	10	1.0413926851582251
KIAA2012-AS1	4	0.6989700043360189
KIAA2013	36	1.568201724066995
KIAA2013P1	1	0.3010299956639812
KICS2	15	1.2041199826559248
KIDINS220	140	2.1492191126553797
KIF11	682	2.8344207036815328
KIF12	26	1.4313637641589874
KIF13A	78	1.8976270912904414
KIF13B	80	1.9084850188786497
KIF14	167	2.225309281725863
KIF15	132	2.123851640967086
KIF16B	66	1.8260748027008264
KIF17	44	1.6532125137753437
KIF18A	143	2.1583624920952498
KIF18B	79	1.9030899869919435
KIF19	14	1.1760912590556813
KIF19BP	2	0.47712125471966244
KIF1A	209	2.322219294733919
KIF1B	162	2.2121876044039577
KIF1C	86	1.9395192526186185
KIF20A	189	2.278753600952829
KIF20B	100	2.0043213737826426
KIF21A	132	2.123851640967086
KIF21B	53	1.7323937598229686
KIF22	122	2.089905111439398
KIF23	234	2.3710678622717363
KIF23-AS1	2	0.47712125471966244
KIF24	35	1.5563025007672873
KIF25	13	1.146128035678238
KIF25-AS1	7	0.9030899869919435
KIF26A	22	1.3617278360175928
KIF26B	54	1.7403626894942439
KIF26B-AS1	1	0.3010299956639812
KIF27	27	1.4471580313422192
KIF27P2	3	0.6020599913279624
KIF28P	4	0.6989700043360189
KIF2A	262	2.419955748489758
KIF2B	37	1.5797835966168101
KIF2C	279	2.4471580313422194
KIF3A	145	2.164352855784437
KIF3B	91	1.9637878273455553
KIF3C	45	1.662757831681574
KIF4A	240	2.3820170425748683
KIF4B	29	1.4771212547196624
KIF4CP	1	0.3010299956639812
KIF5A	211	2.326335860928751
KIF5B	384	2.5854607295085006
KIF5C	88	1.9493900066449128
KIF6	84	1.9294189257142926
KIF7	95	1.9822712330395684
KIF9	23	1.380211241711606
KIF9-AS1	5	0.7781512503836436
KIFAP3	84	1.9294189257142926
KIFAP3-AS1	1	0.3010299956639812
KIFBP	81	1.9138138523837167
KIFC1	174	2.2430380486862944
KIFC2	21	1.3424226808222062
KIFC3	65	1.8195439355418688
KILH	4	0.6989700043360189
KIN	83	1.9242792860618816
KIR2DL1	170	2.2329961103921536
KIR2DL2	280	2.44870631990508
KIR2DL3	175	2.24551266781415
KIR2DL4	215	2.3344537511509307
KIR2DL5A	105	2.0253058652647704
KIR2DL5B	34	1.5440680443502757
KIR2DP1	44	1.6532125137753437
KIR2DS1	195	2.292256071356476
KIR2DS2	207	2.3180633349627615
KIR2DS3	99	2.0
KIR2DS4	173	2.2405492482826
KIR2DS5	112	2.0530784434834195
KIR3DL1	408	2.611723308007342
KIR3DL2	172	2.2380461031287955
KIR3DL3	94	1.9777236052888478
KIR3DP1	43	1.6434526764861874
KIR3DS1	175	2.24551266781415
KIR3DX1	12	1.1139433523068367
KIRREL1	95	1.9822712330395684
KIRREL1-IT1	1	0.3010299956639812
KIRREL2	36	1.568201724066995
KIRREL3	35	1.5563025007672873
KIRREL3-AS2	2	0.47712125471966244
KIRREL3-AS3	6	0.8450980400142568
KISS1	839	2.9242792860618816
KISS1R	351	2.546542663478131
KIT	1594	3.2027606873931997
KITLG	290	2.4638929889859074
KIZ	35	1.5563025007672873
KIZ-AS1	1	0.3010299956639812
KL	757	2.8796692056320534
KLB	145	2.164352855784437
KLC1	203	2.3096301674258988
KLC2	117	2.0718820073061255
KLC3	42	1.6334684555795864
KLC4	69	1.845098040014257
KLF1	129	2.113943352306837
KLF10	154	2.1903316981702914
KLF11	117	2.0718820073061255
KLF11-DT	1	0.3010299956639812
KLF12	121	2.0863598306747484
KLF13	76	1.8864907251724818
KLF14	47	1.6812412373755872
KLF15	128	2.110589710299249
KLF16	59	1.7781512503836436
KLF17	45	1.662757831681574
KLF18	2	0.47712125471966244
KLF2	440	2.6444385894678386
KLF3	85	1.9344984512435677
KLF3-AS1	6	0.8450980400142568
KLF4	2687	3.429429264381788
KLF5	439	2.6434526764861874
KLF6	329	2.5185139398778875
KLF7	89	1.954242509439325
KLF7-IT1	1	0.3010299956639812
KLF8	89	1.954242509439325
KLF9	185	2.2695129442179165
KLF9-DT	1	0.3010299956639812
KLHDC1	13	1.146128035678238
KLHDC10	35	1.5563025007672873
KLHDC2	39	1.6020599913279623
KLHDC3	43	1.6434526764861874
KLHDC4	41	1.6232492903979006
KLHDC7A	7	0.9030899869919435
KLHDC7B	11	1.0791812460476249
KLHDC7B-DT	2	0.47712125471966244
KLHDC8A	12	1.1139433523068367
KLHDC8B	19	1.3010299956639813
KLHDC9	13	1.146128035678238
KLHL1	54	1.7403626894942439
KLHL10	21	1.3424226808222062
KLHL11	44	1.6532125137753437
KLHL12	92	1.968482948553935
KLHL13	54	1.7403626894942439
KLHL14	16	1.2304489213782739
KLHL14-AS1	1	0.3010299956639812
KLHL15	45	1.662757831681574
KLHL17	18	1.2787536009528289
KLHL18	36	1.568201724066995
KLHL2	50	1.7075701760979363
KLHL20	63	1.806179973983887
KLHL21	38	1.591064607026499
KLHL22	64	1.8129133566428555
KLHL23	30	1.4913616938342726
KLHL24	48	1.6901960800285136
KLHL25	37	1.5797835966168101
KLHL26	38	1.591064607026499
KLHL28	18	1.2787536009528289
KLHL29	28	1.462397997898956
KLHL2P1	3	0.6020599913279624
KLHL3	93	1.9731278535996986
KLHL30	7	0.9030899869919435
KLHL30-AS1	5	0.7781512503836436
KLHL31	9	1.0
KLHL32	17	1.255272505103306
KLHL33	7	0.9030899869919435
KLHL34	12	1.1139433523068367
KLHL35	12	1.1139433523068367
KLHL36	29	1.4771212547196624
KLHL38	14	1.1760912590556813
KLHL4	21	1.3424226808222062
KLHL40	34	1.5440680443502757
KLHL41	33	1.5314789170422551
KLHL42	37	1.5797835966168101
KLHL5	27	1.4471580313422192
KLHL6	47	1.6812412373755872
KLHL7	52	1.724275869600789
KLHL7-DT	1	0.3010299956639812
KLHL8	41	1.6232492903979006
KLHL9	55	1.7481880270062005
KLK1	126	2.103803720955957
KLK10	124	2.0969100130080562
KLK11	59	1.7781512503836436
KLK12	47	1.6812412373755872
KLK13	62	1.7993405494535817
KLK14	69	1.845098040014257
KLK15	57	1.7634279935629373
KLK2	109	2.041392685158225
KLK3	477	2.6794278966121188
KLK4	97	1.9912260756924949
KLK5	175	2.24551266781415
KLK6	117	2.0718820073061255
KLK7	91	1.9637878273455553
KLK8	124	2.0969100130080562
KLK9	28	1.462397997898956
KLKB1	94	1.9777236052888478
KLKP1	9	1.0
KLLN	36	1.568201724066995
KLRA1P	21	1.3424226808222062
KLRB1	315	2.499687082618404
KLRC1	369	2.568201724066995
KLRC2	239	2.380211241711606
KLRC3	33	1.5314789170422551
KLRC4	31	1.505149978319906
KLRC4-KLRK1	35	1.5563025007672873
KLRD1	352	2.5477747053878224
KLRF1	39	1.6020599913279623
KLRF2	8	0.9542425094393249
KLRG1	145	2.164352855784437
KLRG2	14	1.1760912590556813
KLRK1	1281	3.1078880251827985
KLRK1-AS1	4	0.6989700043360189
KMO	47	1.6812412373755872
KMT2A	2100	3.3224260524059526
KMT2B	172	2.2380461031287955
KMT2C	251	2.401400540781544
KMT2CP4	1	0.3010299956639812
KMT2D	559	2.7481880270062002
KMT2E	68	1.8388490907372552
KMT2E-AS1	4	0.6989700043360189
KMT5A	195	2.292256071356476
KMT5AP1	4	0.6989700043360189
KMT5AP2	1	0.3010299956639812
KMT5B	61	1.792391689498254
KMT5C	61	1.792391689498254
KNCN	5	0.7781512503836436
KNDC1	21	1.3424226808222062
KNG1	239	2.380211241711606
KNL1	165	2.220108088040055
KNOP1	82	1.919078092376074
KNSTRN	81	1.9138138523837167
KNTC1	78	1.8976270912904414
KPLCE	47	1.6812412373755872
KPNA1	355	2.5514499979728753
KPNA2	625	2.7965743332104296
KPNA3	253	2.404833716619938
KPNA4	269	2.4313637641589874
KPNA5	132	2.123851640967086
KPNA6	205	2.3138672203691533
KPNA7	20	1.3222192947339193
KPNB1	671	2.8273692730538253
KPRP	90	1.9590413923210936
KPTN	34	1.5440680443502757
KRABD1	8	0.9542425094393249
KRABD1-AS1	1	0.3010299956639812
KRABD2	12	1.1139433523068367
KRABD3	11	1.0791812460476249
KRABD4	13	1.146128035678238
KRABD5	13	1.146128035678238
KRAS	3054	3.485011214578573
KRASP1	5	0.7781512503836436
KRCC1	18	1.2787536009528289
KREMEN1	48	1.6901960800285136
KREMEN2	23	1.380211241711606
KRI1	100	2.0043213737826426
KRIT1	312	2.4955443375464483
KRR1	131	2.12057393120585
KRT1	384	2.5854607295085006
KRT10	483	2.6848453616444123
KRT10-AS1	8	0.9542425094393249
KRT12	51	1.7160033436347992
KRT126P	2	0.47712125471966244
KRT13	138	2.143014800254095
KRT14	514	2.711807229041191
KRT15	122	2.089905111439398
KRT16	195	2.292256071356476
KRT16P2	1	0.3010299956639812
KRT16P3	2	0.47712125471966244
KRT16P4	1	0.3010299956639812
KRT16P5	1	0.3010299956639812
KRT16P6	2	0.47712125471966244
KRT17	263	2.4216039268698313
KRT17P1	3	0.6020599913279624
KRT17P2	2	0.47712125471966244
KRT17P3	1	0.3010299956639812
KRT17P4	1	0.3010299956639812
KRT17P5	2	0.47712125471966244
KRT17P6	1	0.3010299956639812
KRT17P7	1	0.3010299956639812
KRT18	584	2.7671558660821804
KRT18P1	1	0.3010299956639812
KRT18P10	2	0.47712125471966244
KRT18P11	2	0.47712125471966244
KRT18P13	3	0.6020599913279624
KRT18P15	2	0.47712125471966244
KRT18P16	1	0.3010299956639812
KRT18P2	1	0.3010299956639812
KRT18P24	1	0.3010299956639812
KRT18P31	1	0.3010299956639812
KRT18P32	1	0.3010299956639812
KRT18P34	1	0.3010299956639812
KRT18P42	1	0.3010299956639812
KRT18P51	2	0.47712125471966244
KRT18P55	6	0.8450980400142568
KRT19	459	2.662757831681574
KRT19P3	1	0.3010299956639812
KRT2	209	2.322219294733919
KRT20	748	2.8744818176994666
KRT222	17	1.255272505103306
KRT223P	3	0.6020599913279624
KRT224P	1	0.3010299956639812
KRT23	50	1.7075701760979363
KRT24	24	1.3979400086720377
KRT25	19	1.3010299956639813
KRT26	11	1.0791812460476249
KRT27	17	1.255272505103306
KRT28	11	1.0791812460476249
KRT3	83	1.9242792860618816
KRT31	47	1.6812412373755872
KRT32	28	1.462397997898956
KRT33A	21	1.3424226808222062
KRT33B	40	1.6127838567197355
KRT34	33	1.5314789170422551
KRT35	26	1.4313637641589874
KRT36	24	1.3979400086720377
KRT37	17	1.255272505103306
KRT38	23	1.380211241711606
KRT39	14	1.1760912590556813
KRT4	76	1.8864907251724818
KRT40	20	1.3222192947339193
KRT41P	3	0.6020599913279624
KRT42P	3	0.6020599913279624
KRT43P	1	0.3010299956639812
KRT5	533	2.727541257028556
KRT6A	204	2.311753861055754
KRT6B	131	2.12057393120585
KRT6C	58	1.7708520116421442
KRT7	686	2.8369567370595505
KRT7-AS	4	0.6989700043360189
KRT71	36	1.568201724066995
KRT72	40	1.6127838567197355
KRT73	35	1.5563025007672873
KRT74	32	1.5185139398778875
KRT75	49	1.6989700043360187
KRT76	26	1.4313637641589874
KRT77	62	1.7993405494535817
KRT78	70	1.8512583487190752
KRT79	40	1.6127838567197355
KRT8	415	2.6190933306267428
KRT80	60	1.7853298350107671
KRT81	63	1.806179973983887
KRT82	24	1.3979400086720377
KRT83	30	1.4913616938342726
KRT84	33	1.5314789170422551
KRT85	44	1.6532125137753437
KRT86	58	1.7708520116421442
KRT87P	10	1.0413926851582251
KRT88P	2	0.47712125471966244
KRT89P	3	0.6020599913279624
KRT8P12	4	0.6989700043360189
KRT8P3	3	0.6020599913279624
KRT8P34	1	0.3010299956639812
KRT8P35	1	0.3010299956639812
KRT8P39	1	0.3010299956639812
KRT8P41	1	0.3010299956639812
KRT8P48	1	0.3010299956639812
KRT8P5	1	0.3010299956639812
KRT9	219	2.342422680822206
KRT90P	2	0.47712125471966244
KRTAP1-1	10	1.0413926851582251
KRTAP1-3	10	1.0413926851582251
KRTAP1-4	4	0.6989700043360189
KRTAP1-5	8	0.9542425094393249
KRTAP10-1	13	1.146128035678238
KRTAP10-10	5	0.7781512503836436
KRTAP10-11	6	0.8450980400142568
KRTAP10-12	4	0.6989700043360189
KRTAP10-2	5	0.7781512503836436
KRTAP10-3	10	1.0413926851582251
KRTAP10-4	10	1.0413926851582251
KRTAP10-5	11	1.0791812460476249
KRTAP10-6	7	0.9030899869919435
KRTAP10-7	16	1.2304489213782739
KRTAP10-8	11	1.0791812460476249
KRTAP10-9	13	1.146128035678238
KRTAP11-1	15	1.2041199826559248
KRTAP12-1	9	1.0
KRTAP12-2	10	1.0413926851582251
KRTAP12-3	4	0.6989700043360189
KRTAP12-4	9	1.0
KRTAP12-5P	1	0.3010299956639812
KRTAP13-1	7	0.9030899869919435
KRTAP13-2	7	0.9030899869919435
KRTAP13-3	8	0.9542425094393249
KRTAP13-4	4	0.6989700043360189
KRTAP13-5P	2	0.47712125471966244
KRTAP13-6P	1	0.3010299956639812
KRTAP15-1	7	0.9030899869919435
KRTAP16-1	5	0.7781512503836436
KRTAP17-1	6	0.8450980400142568
KRTAP19-1	5	0.7781512503836436
KRTAP19-10P	1	0.3010299956639812
KRTAP19-11P	1	0.3010299956639812
KRTAP19-2	3	0.6020599913279624
KRTAP19-3	3	0.6020599913279624
KRTAP19-4	6	0.8450980400142568
KRTAP19-5	7	0.9030899869919435
KRTAP19-6	5	0.7781512503836436
KRTAP19-7	7	0.9030899869919435
KRTAP19-8	1	0.3010299956639812
KRTAP19-9P	1	0.3010299956639812
KRTAP2-1	3	0.6020599913279624
KRTAP2-2	6	0.8450980400142568
KRTAP2-3	8	0.9542425094393249
KRTAP2-4	8	0.9542425094393249
KRTAP2-5P	1	0.3010299956639812
KRTAP20-1	3	0.6020599913279624
KRTAP20-2	3	0.6020599913279624
KRTAP20-3	2	0.47712125471966244
KRTAP20-4	2	0.47712125471966244
KRTAP21-1	4	0.6989700043360189
KRTAP21-2	2	0.47712125471966244
KRTAP21-4P	1	0.3010299956639812
KRTAP22-1	4	0.6989700043360189
KRTAP23-1	5	0.7781512503836436
KRTAP24-1	3	0.6020599913279624
KRTAP25-1	2	0.47712125471966244
KRTAP26-1	13	1.146128035678238
KRTAP27-1	1	0.3010299956639812
KRTAP29-1	2	0.47712125471966244
KRTAP3-1	9	1.0
KRTAP3-2	14	1.1760912590556813
KRTAP3-3	11	1.0791812460476249
KRTAP3-4P	2	0.47712125471966244
KRTAP4-1	7	0.9030899869919435
KRTAP4-11	11	1.0791812460476249
KRTAP4-12	15	1.2041199826559248
KRTAP4-16	1	0.3010299956639812
KRTAP4-17P	1	0.3010299956639812
KRTAP4-2	12	1.1139433523068367
KRTAP4-3	3	0.6020599913279624
KRTAP4-4	5	0.7781512503836436
KRTAP4-5	8	0.9542425094393249
KRTAP4-6	2	0.47712125471966244
KRTAP4-7	8	0.9542425094393249
KRTAP4-8	5	0.7781512503836436
KRTAP4-9	2	0.47712125471966244
KRTAP5-1	5	0.7781512503836436
KRTAP5-10	3	0.6020599913279624
KRTAP5-11	4	0.6989700043360189
KRTAP5-13P	1	0.3010299956639812
KRTAP5-14P	1	0.3010299956639812
KRTAP5-2	5	0.7781512503836436
KRTAP5-3	4	0.6989700043360189
KRTAP5-4	3	0.6020599913279624
KRTAP5-5	2	0.47712125471966244
KRTAP5-6	7	0.9030899869919435
KRTAP5-7	4	0.6989700043360189
KRTAP5-8	5	0.7781512503836436
KRTAP5-9	18	1.2787536009528289
KRTAP5-AS1	3	0.6020599913279624
KRTAP6-1	7	0.9030899869919435
KRTAP6-2	4	0.6989700043360189
KRTAP6-3	4	0.6989700043360189
KRTAP7-1	4	0.6989700043360189
KRTAP8-1	9	1.0
KRTAP8-2P	1	0.3010299956639812
KRTAP8-3P	1	0.3010299956639812
KRTAP9-1	3	0.6020599913279624
KRTAP9-11P	1	0.3010299956639812
KRTAP9-2	11	1.0791812460476249
KRTAP9-3	9	1.0
KRTAP9-4	7	0.9030899869919435
KRTAP9-6	2	0.47712125471966244
KRTAP9-7	3	0.6020599913279624
KRTAP9-8	6	0.8450980400142568
KRTAP9-9	2	0.47712125471966244
KRTCAP2	34	1.5440680443502757
KRTCAP3	11	1.0791812460476249
KRTDAP	9	1.0
KSR1	92	1.968482948553935
KSR2	40	1.6127838567197355
KTI12	20	1.3222192947339193
KTN1	252	2.403120521175818
KTN1-AS1	12	1.1139433523068367
KXD1	40	1.6127838567197355
KXD1-AS1	1	0.3010299956639812
KY	14	1.1760912590556813
KYAT1	42	1.6334684555795864
KYAT3	46	1.6720978579357175
KYNU	48	1.6901960800285136
L1CAM	401	2.60422605308447
L1CAM-AS1	4	0.6989700043360189
L1TD1	46	1.6720978579357175
L2HGDH	98	1.99563519459755
L3HYPDH	19	1.3010299956639813
L3MBTL1	61	1.792391689498254
L3MBTL2	90	1.9590413923210936
L3MBTL2-AS1	1	0.3010299956639812
L3MBTL3	79	1.9030899869919435
L3MBTL4	21	1.3424226808222062
LACC1	56	1.7558748556724915
LACRT	73	1.8692317197309762
LACTB	113	2.0569048513364727
LACTB2	29	1.4771212547196624
LACTB2-AS1	1	0.3010299956639812
LACTBL1	3	0.6020599913279624
LAD1	48	1.6901960800285136
LAG3	512	2.7101173651118162
LAGE3	55	1.7481880270062005
LAIR1	95	1.9822712330395684
LAIR2	28	1.462397997898956
LALBA	52	1.724275869600789
LAMA1	111	2.0492180226701815
LAMA2	135	2.1335389083702174
LAMA3	137	2.1398790864012365
LAMA4	142	2.155336037465062
LAMA5	172	2.2380461031287955
LAMA5-AS1	2	0.47712125471966244
LAMB1	226	2.3560258571931225
LAMB2	116	2.0681858617461617
LAMB2P1	3	0.6020599913279624
LAMB3	160	2.2068258760318495
LAMB4	20	1.3222192947339193
LAMC1	208	2.3201462861110542
LAMC1-AS1	3	0.6020599913279624
LAMC2	344	2.537819095073274
LAMC3	47	1.6812412373755872
LAMP1	558	2.747411807886423
LAMP2	591	2.77232170672292
LAMP3	122	2.089905111439398
LAMP5	20	1.3222192947339193
LAMP5-AS1	3	0.6020599913279624
LAMTOR1	142	2.155336037465062
LAMTOR2	69	1.845098040014257
LAMTOR3	92	1.968482948553935
LAMTOR4	48	1.6901960800285136
LAMTOR5	152	2.184691430817599
LAMTOR5-AS1	3	0.6020599913279624
LANCL1	103	2.0170333392987803
LANCL1-AS1	3	0.6020599913279624
LANCL2	99	2.0
LANCL3	5	0.7781512503836436
LAP3	106	2.0293837776852097
LAPTM4A	46	1.6720978579357175
LAPTM4B	149	2.1760912590556813
LAPTM5	55	1.7481880270062005
LARGE-AS1	2	0.47712125471966244
LARGE-IT1	1	0.3010299956639812
LARGE1	92	1.968482948553935
LARGE2	29	1.4771212547196624
LARP1	290	2.4638929889859074
LARP1B	54	1.7403626894942439
LARP4	152	2.184691430817599
LARP4B	123	2.093421685162235
LARP4B-DT	1	0.3010299956639812
LARP4P	1	0.3010299956639812
LARP6	39	1.6020599913279623
LARP7	203	2.3096301674258988
LARRPM	2	0.47712125471966244
LARS1	225	2.3541084391474008
LARS2	104	2.0211892990699383
LARS2-AS1	2	0.47712125471966244
LAS1L	161	2.2095150145426308
LASP1	273	2.437750562820388
LASP1NB	3	0.6020599913279624
LASTR	4	0.6989700043360189
LAT	385	2.586587304671755
LAT2	45	1.662757831681574
LATS1	480	2.682145076373832
LATS2	405	2.6085260335771943
LAX1	28	1.462397997898956
LAYN	39	1.6020599913279623
LBH	39	1.6020599913279623
LBHD1	16	1.2304489213782739
LBP	130	2.1172712956557644
LBR	245	2.3909351071033793
LBX1	49	1.6989700043360187
LBX1-AS1	2	0.47712125471966244
LBX2	18	1.2787536009528289
LBX2-AS1	17	1.255272505103306
LCA5	53	1.7323937598229686
LCA5L	25	1.414973347970818
LCAL1	5	0.7781512503836436
LCAT	238	2.3783979009481375
LCDR	3	0.6020599913279624
LCE1A	6	0.8450980400142568
LCE1B	17	1.255272505103306
LCE1C	12	1.1139433523068367
LCE1D	8	0.9542425094393249
LCE1E	7	0.9030899869919435
LCE1F	8	0.9542425094393249
LCE2A	11	1.0791812460476249
LCE2B	12	1.1139433523068367
LCE2C	8	0.9542425094393249
LCE2D	11	1.0791812460476249
LCE3A	18	1.2787536009528289
LCE3B	40	1.6127838567197355
LCE3C	44	1.6532125137753437
LCE3D	20	1.3222192947339193
LCE3E	11	1.0791812460476249
LCE4A	12	1.1139433523068367
LCE5A	10	1.0413926851582251
LCE6A	2	0.47712125471966244
LCE7A	1	0.3010299956639812
LCEP1	1	0.3010299956639812
LCEP2	1	0.3010299956639812
LCEP3	1	0.3010299956639812
LCEP4	1	0.3010299956639812
LCIIAR	2	0.47712125471966244
LCK	609	2.785329835010767
LCLAT1	52	1.724275869600789
LCMT1	52	1.724275869600789
LCMT1-AS1	1	0.3010299956639812
LCMT1-AS2	1	0.3010299956639812
LCMT1P1	5	0.7781512503836436
LCMT2	21	1.3424226808222062
LCN1	177	2.250420002308894
LCN10	8	0.9542425094393249
LCN12	6	0.8450980400142568
LCN15	8	0.9542425094393249
LCN1P1	7	0.9030899869919435
LCN1P2	2	0.47712125471966244
LCN2	2627	3.419625360887743
LCN6	12	1.1139433523068367
LCN8	12	1.1139433523068367
LCN9	5	0.7781512503836436
LCNL1	3	0.6020599913279624
LCOR	87	1.9444826721501687
LCORL	45	1.662757831681574
LCP1	147	2.1702617153949575
LCP2	178	2.2528530309798933
LCT	168	2.2278867046136734
LCT-AS1	2	0.47712125471966244
LCTL	10	1.0413926851582251
LDAF1	33	1.5314789170422551
LDAH	25	1.414973347970818
LDB1	102	2.012837224705172
LDB2	67	1.8325089127062364
LDB3	99	2.0
LDC1P	7	0.9030899869919435
LDHA	672	2.828015064223977
LDHAL6A	24	1.3979400086720377
LDHAL6B	24	1.3979400086720377
LDHAL6CP	2	0.47712125471966244
LDHAP1	4	0.6989700043360189
LDHAP2	1	0.3010299956639812
LDHAP3	1	0.3010299956639812
LDHAP4	2	0.47712125471966244
LDHAP5	1	0.3010299956639812
LDHB	324	2.5118833609788744
LDHBP2	1	0.3010299956639812
LDHC	57	1.7634279935629373
LDHD	23	1.380211241711606
LDLR	1408	3.1489109931093564
LDLR-AS1	1	0.3010299956639812
LDLRAD1	8	0.9542425094393249
LDLRAD2	5	0.7781512503836436
LDLRAD3	26	1.4313637641589874
LDLRAD4	35	1.5563025007672873
LDLRAD4-AS1	3	0.6020599913279624
LDLRAD4-AS2	1	0.3010299956639812
LDLRAP1	145	2.164352855784437
LDOC1	56	1.7558748556724915
LEAP2	63	1.806179973983887
LECT2	137	2.1398790864012365
LEF1	632	2.801403710017355
LEF1-AS1	22	1.3617278360175928
LEFTY1	78	1.8976270912904414
LEFTY2	55	1.7481880270062005
LEFTY3P	1	0.3010299956639812
LEISA1	3	0.6020599913279624
LEKR1	16	1.2304489213782739
LELP1	12	1.1139433523068367
LEMD1	19	1.3010299956639813
LEMD1-AS1	3	0.6020599913279624
LEMD1-DT	1	0.3010299956639812
LEMD2	82	1.919078092376074
LEMD3	175	2.24551266781415
LENEP	14	1.1760912590556813
LENG1	25	1.414973347970818
LENG8	83	1.9242792860618816
LENG8-AS1	1	0.3010299956639812
LENG9	14	1.1760912590556813
LEO1	117	2.0718820073061255
LEP	2195	3.3416323357780544
LEPR	749	2.8750612633917
LEPROT	31	1.505149978319906
LEPROTL1	22	1.3617278360175928
LERFS	1	0.3010299956639812
LETM1	162	2.2121876044039577
LETM1P1	1	0.3010299956639812
LETM2	14	1.1760912590556813
LETMD1	76	1.8864907251724818
LETR1	7	0.9030899869919435
LEUTX	21	1.3424226808222062
LFNG	65	1.8195439355418688
LGALS1	714	2.8543060418010806
LGALS12	25	1.414973347970818
LGALS13	128	2.110589710299249
LGALS14	18	1.2787536009528289
LGALS16	4	0.6989700043360189
LGALS2	65	1.8195439355418688
LGALS3	1581	3.1992064791616577
LGALS3BP	276	2.4424797690644486
LGALS4	70	1.8512583487190752
LGALS7	135	2.1335389083702174
LGALS7B	31	1.505149978319906
LGALS8	213	2.330413773349191
LGALS8-AS1	3	0.6020599913279624
LGALS9	574	2.7596678446896306
LGALS9B	12	1.1139433523068367
LGALS9C	16	1.2304489213782739
LGALSL	27	1.4471580313422192
LGALSL-DT	1	0.3010299956639812
LGI1	461	2.6646419755561257
LGI2	20	1.3222192947339193
LGI3	24	1.3979400086720377
LGI4	20	1.3222192947339193
LGMN	122	2.089905111439398
LGMNP1	1	0.3010299956639812
LGR4	135	2.1335389083702174
LGR4-AS1	1	0.3010299956639812
LGR5	486	2.6875289612146345
LGR6	61	1.792391689498254
LGSN	21	1.3424226808222062
LGTN	6	0.8450980400142568
LHB	85	1.9344984512435677
LHCGR	294	2.469822015978163
LHFPL1	11	1.0791812460476249
LHFPL2	17	1.255272505103306
LHFPL3	18	1.2787536009528289
LHFPL3-AS1	4	0.6989700043360189
LHFPL4	12	1.1139433523068367
LHFPL5	24	1.3979400086720377
LHFPL6	13	1.146128035678238
LHFPL7	6	0.8450980400142568
LHPP	58	1.7708520116421442
LHX1	75	1.8808135922807914
LHX1-DT	1	0.3010299956639812
LHX2	80	1.9084850188786497
LHX2-AS1	2	0.47712125471966244
LHX3	52	1.724275869600789
LHX4	80	1.9084850188786497
LHX4-AS1	3	0.6020599913279624
LHX5	17	1.255272505103306
LHX5-AS1	1	0.3010299956639812
LHX6	59	1.7781512503836436
LHX8	41	1.6232492903979006
LHX9	33	1.5314789170422551
LIAS	30	1.4913616938342726
LIAT1	10	1.0413926851582251
LIF	1390	3.143327129992046
LIF-AS1	1	0.3010299956639812
LIF-AS2	2	0.47712125471966244
LIFR	417	2.621176281775035
LIFR-AS1	11	1.0791812460476249
LIG1	330	2.519827993775719
LIG3	230	2.3636119798921444
LIG4	423	2.6273658565927325
LILRA1	24	1.3979400086720377
LILRA2	45	1.662757831681574
LILRA3	63	1.806179973983887
LILRA4	30	1.4913616938342726
LILRA5	10	1.0413926851582251
LILRA6	16	1.2304489213782739
LILRB1	346	2.5403294747908736
LILRB1-AS1	2	0.47712125471966244
LILRB2	234	2.3710678622717363
LILRB3	37	1.5797835966168101
LILRB4	165	2.220108088040055
LILRB5	24	1.3979400086720377
LILRP1	2	0.47712125471966244
LILRP2	4	0.6989700043360189
LIM2	31	1.505149978319906
LIMA1	243	2.387389826338729
LIMASI	3	0.6020599913279624
LIMCH1	86	1.9395192526186185
LIMD1	113	2.0569048513364727
LIMD1-AS1	5	0.7781512503836436
LIMD2	22	1.3617278360175928
LIME1	31	1.505149978319906
LIMK1	421	2.625312450961674
LIMK2	149	2.1760912590556813
LIMS1	165	2.220108088040055
LIMS2	36	1.568201724066995
LIMS3	11	1.0791812460476249
LIMS4	6	0.8450980400142568
LIN28A	373	2.5728716022004803
LIN28B	397	2.5998830720736876
LIN28B-AS1	2	0.47712125471966244
LIN37	42	1.6334684555795864
LIN52	41	1.6232492903979006
LIN54	58	1.7708520116421442
LIN7A	73	1.8692317197309762
LIN7B	37	1.5797835966168101
LIN7C	103	2.0170333392987803
LIN9	79	1.9030899869919435
LINC-ADAIN	4	0.6989700043360189
LINC-PINT	46	1.6720978579357175
LINC-ROR	97	1.9912260756924949
LINC00029	4	0.6989700043360189
LINC00051	1	0.3010299956639812
LINC00052	13	1.146128035678238
LINC00092	6	0.8450980400142568
LINC00106	3	0.6020599913279624
LINC00111	1	0.3010299956639812
LINC00112	2	0.47712125471966244
LINC00113	3	0.6020599913279624
LINC00114	5	0.7781512503836436
LINC00115	5	0.7781512503836436
LINC00158	3	0.6020599913279624
LINC00159	1	0.3010299956639812
LINC00160	4	0.6989700043360189
LINC00161	9	1.0
LINC00163	2	0.47712125471966244
LINC00165	4	0.6989700043360189
LINC00173	22	1.3617278360175928
LINC00174	18	1.2787536009528289
LINC00184	4	0.6989700043360189
LINC00189	4	0.6989700043360189
LINC00200	3	0.6020599913279624
LINC00205	13	1.146128035678238
LINC00207	2	0.47712125471966244
LINC00208	2	0.47712125471966244
LINC00210	4	0.6989700043360189
LINC00221	6	0.8450980400142568
LINC00222	4	0.6989700043360189
LINC00226	1	0.3010299956639812
LINC00229	1	0.3010299956639812
LINC00235	1	0.3010299956639812
LINC00237	2	0.47712125471966244
LINC00239	4	0.6989700043360189
LINC00240	12	1.1139433523068367
LINC00242	7	0.9030899869919435
LINC00243	6	0.8450980400142568
LINC00244	3	0.6020599913279624
LINC00260	2	0.47712125471966244
LINC00261	45	1.662757831681574
LINC00265	10	1.0413926851582251
LINC00265-3P	1	0.3010299956639812
LINC00268-2P	1	0.3010299956639812
LINC00269	4	0.6989700043360189
LINC00272	4	0.6989700043360189
LINC00273	12	1.1139433523068367
LINC00276	2	0.47712125471966244
LINC00278	2	0.47712125471966244
LINC00290	2	0.47712125471966244
LINC00293	3	0.6020599913279624
LINC00294	5	0.7781512503836436
LINC00297	1	0.3010299956639812
LINC00299	10	1.0413926851582251
LINC00301	5	0.7781512503836436
LINC00303	3	0.6020599913279624
LINC00304	2	0.47712125471966244
LINC00305	8	0.9542425094393249
LINC00307	1	0.3010299956639812
LINC00308	2	0.47712125471966244
LINC00309	1	0.3010299956639812
LINC00310	7	0.9030899869919435
LINC00311	5	0.7781512503836436
LINC00312	28	1.462397997898956
LINC00313	13	1.146128035678238
LINC00314	4	0.6989700043360189
LINC00315	2	0.47712125471966244
LINC00316	1	0.3010299956639812
LINC00317	1	0.3010299956639812
LINC00319	14	1.1760912590556813
LINC00320	3	0.6020599913279624
LINC00322	4	0.6989700043360189
LINC00323	2	0.47712125471966244
LINC00324	25	1.414973347970818
LINC00326	3	0.6020599913279624
LINC00327	3	0.6020599913279624
LINC00328	1	0.3010299956639812
LINC00330	1	0.3010299956639812
LINC00331	1	0.3010299956639812
LINC00332	1	0.3010299956639812
LINC00333	3	0.6020599913279624
LINC00334	1	0.3010299956639812
LINC00336	4	0.6989700043360189
LINC00339	25	1.414973347970818
LINC00342	12	1.1139433523068367
LINC00343	1	0.3010299956639812
LINC00347	2	0.47712125471966244
LINC00351	1	0.3010299956639812
LINC00353	1	0.3010299956639812
LINC00354	1	0.3010299956639812
LINC00355	13	1.146128035678238
LINC00358	1	0.3010299956639812
LINC00359	1	0.3010299956639812
LINC00364	2	0.47712125471966244
LINC00365	4	0.6989700043360189
LINC00368	1	0.3010299956639812
LINC00370	2	0.47712125471966244
LINC00373	1	0.3010299956639812
LINC00374	1	0.3010299956639812
LINC00377	1	0.3010299956639812
LINC00382	1	0.3010299956639812
LINC00390	1	0.3010299956639812
LINC00391	1	0.3010299956639812
LINC00398	1	0.3010299956639812
LINC00402	3	0.6020599913279624
LINC00408	1	0.3010299956639812
LINC00410	2	0.47712125471966244
LINC00421	1	0.3010299956639812
LINC00423	3	0.6020599913279624
LINC00424	2	0.47712125471966244
LINC00426	4	0.6989700043360189
LINC00428	1	0.3010299956639812
LINC00431	1	0.3010299956639812
LINC00434	1	0.3010299956639812
LINC00437	1	0.3010299956639812
LINC00440	1	0.3010299956639812
LINC00442	1	0.3010299956639812
LINC00452	3	0.6020599913279624
LINC00458	4	0.6989700043360189
LINC00459	1	0.3010299956639812
LINC00460	34	1.5440680443502757
LINC00462	2	0.47712125471966244
LINC00463	2	0.47712125471966244
LINC00466	2	0.47712125471966244
LINC00467	35	1.5563025007672873
LINC00469	4	0.6989700043360189
LINC00470	9	1.0
LINC00471	2	0.47712125471966244
LINC00472	27	1.4471580313422192
LINC00473	39	1.6020599913279623
LINC00474	4	0.6989700043360189
LINC00475	2	0.47712125471966244
LINC00477	6	0.8450980400142568
LINC00479	5	0.7781512503836436
LINC00482	6	0.8450980400142568
LINC00484	2	0.47712125471966244
LINC00485	1	0.3010299956639812
LINC00486	6	0.8450980400142568
LINC00488	5	0.7781512503836436
LINC00489	1	0.3010299956639812
LINC00491	11	1.0791812460476249
LINC00492	2	0.47712125471966244
LINC00494	3	0.6020599913279624
LINC00498	1	0.3010299956639812
LINC00499	1	0.3010299956639812
LINC00501	3	0.6020599913279624
LINC00502	1	0.3010299956639812
LINC00504	6	0.8450980400142568
LINC00506	5	0.7781512503836436
LINC00507	2	0.47712125471966244
LINC00508	2	0.47712125471966244
LINC00511	42	1.6334684555795864
LINC00513	3	0.6020599913279624
LINC00515	2	0.47712125471966244
LINC00517	2	0.47712125471966244
LINC00518	14	1.1760912590556813
LINC00519	2	0.47712125471966244
LINC00520	17	1.255272505103306
LINC00523	4	0.6989700043360189
LINC00524	1	0.3010299956639812
LINC00525	9	1.0
LINC00526	5	0.7781512503836436
LINC00528	5	0.7781512503836436
LINC00529	1	0.3010299956639812
LINC00534	1	0.3010299956639812
LINC00536	5	0.7781512503836436
LINC00537	3	0.6020599913279624
LINC00538	3	0.6020599913279624
LINC00539	2	0.47712125471966244
LINC00540	3	0.6020599913279624
LINC00543	2	0.47712125471966244
LINC00544	2	0.47712125471966244
LINC00547	1	0.3010299956639812
LINC00550	1	0.3010299956639812
LINC00552	1	0.3010299956639812
LINC00554	2	0.47712125471966244
LINC00555	1	0.3010299956639812
LINC00557	1	0.3010299956639812
LINC00558	2	0.47712125471966244
LINC00559	1	0.3010299956639812
LINC00561	1	0.3010299956639812
LINC00562	1	0.3010299956639812
LINC00563	2	0.47712125471966244
LINC00564	1	0.3010299956639812
LINC00566	1	0.3010299956639812
LINC00567	1	0.3010299956639812
LINC00570	1	0.3010299956639812
LINC00571	2	0.47712125471966244
LINC00574	8	0.9542425094393249
LINC00575	1	0.3010299956639812
LINC00578	6	0.8450980400142568
LINC00581	2	0.47712125471966244
LINC00582	1	0.3010299956639812
LINC00583	3	0.6020599913279624
LINC00587	2	0.47712125471966244
LINC00588	4	0.6989700043360189
LINC00589	6	0.8450980400142568
LINC00592	2	0.47712125471966244
LINC00593	1	0.3010299956639812
LINC00595	2	0.47712125471966244
LINC00596	2	0.47712125471966244
LINC00597	3	0.6020599913279624
LINC00598	6	0.8450980400142568
LINC00601	1	0.3010299956639812
LINC00602	6	0.8450980400142568
LINC00603	1	0.3010299956639812
LINC00605	1	0.3010299956639812
LINC00606	2	0.47712125471966244
LINC00607	5	0.7781512503836436
LINC00608	2	0.47712125471966244
LINC00609	2	0.47712125471966244
LINC00612	5	0.7781512503836436
LINC00613	1	0.3010299956639812
LINC00616	2	0.47712125471966244
LINC00618	1	0.3010299956639812
LINC00619	4	0.6989700043360189
LINC00620	3	0.6020599913279624
LINC00621	2	0.47712125471966244
LINC00622	2	0.47712125471966244
LINC00623	5	0.7781512503836436
LINC00624	6	0.8450980400142568
LINC00626	3	0.6020599913279624
LINC00628	5	0.7781512503836436
LINC00629	6	0.8450980400142568
LINC00630	5	0.7781512503836436
LINC00632	11	1.0791812460476249
LINC00635	1	0.3010299956639812
LINC00636	4	0.6989700043360189
LINC00639	2	0.47712125471966244
LINC00640	1	0.3010299956639812
LINC00641	17	1.255272505103306
LINC00642	2	0.47712125471966244
LINC00645	1	0.3010299956639812
LINC00648	2	0.47712125471966244
LINC00649	12	1.1139433523068367
LINC00652	4	0.6989700043360189
LINC00654	2	0.47712125471966244
LINC00656	3	0.6020599913279624
LINC00658	1	0.3010299956639812
LINC00659	13	1.146128035678238
LINC00661	3	0.6020599913279624
LINC00662	28	1.462397997898956
LINC00663	10	1.0413926851582251
LINC00664	3	0.6020599913279624
LINC00665	31	1.505149978319906
LINC00667	16	1.2304489213782739
LINC00668	12	1.1139433523068367
LINC00670	4	0.6989700043360189
LINC00671	4	0.6989700043360189
LINC00673	42	1.6334684555795864
LINC00674	6	0.8450980400142568
LINC00676	1	0.3010299956639812
LINC00678	1	0.3010299956639812
LINC00680	8	0.9542425094393249
LINC00680-GUSBP4	2	0.47712125471966244
LINC00681	1	0.3010299956639812
LINC00682	4	0.6989700043360189
LINC00685	3	0.6020599913279624
LINC00687	2	0.47712125471966244
LINC00689	7	0.9030899869919435
LINC00690	1	0.3010299956639812
LINC00691	6	0.8450980400142568
LINC00692	1	0.3010299956639812
LINC00693	4	0.6989700043360189
LINC00696	2	0.47712125471966244
LINC00698	1	0.3010299956639812
LINC00700	1	0.3010299956639812
LINC00701	1	0.3010299956639812
LINC00702	7	0.9030899869919435
LINC00703	4	0.6989700043360189
LINC00705	1	0.3010299956639812
LINC00706	1	0.3010299956639812
LINC00708	1	0.3010299956639812
LINC00709	1	0.3010299956639812
LINC00710	2	0.47712125471966244
LINC00824	4	0.6989700043360189
LINC00836	3	0.6020599913279624
LINC00837	4	0.6989700043360189
LINC00838	2	0.47712125471966244
LINC00839	12	1.1139433523068367
LINC00840	2	0.47712125471966244
LINC00841	3	0.6020599913279624
LINC00842	4	0.6989700043360189
LINC00844	6	0.8450980400142568
LINC00847	9	1.0
LINC00850	1	0.3010299956639812
LINC00851	1	0.3010299956639812
LINC00852	6	0.8450980400142568
LINC00853	6	0.8450980400142568
LINC00856	3	0.6020599913279624
LINC00857	19	1.3010299956639813
LINC00858	17	1.255272505103306
LINC00861	3	0.6020599913279624
LINC00862	4	0.6989700043360189
LINC00863	2	0.47712125471966244
LINC00865	4	0.6989700043360189
LINC00867	1	0.3010299956639812
LINC00868	2	0.47712125471966244
LINC00869	6	0.8450980400142568
LINC00870	2	0.47712125471966244
LINC00871	2	0.47712125471966244
LINC00877	4	0.6989700043360189
LINC00879	1	0.3010299956639812
LINC00880	3	0.6020599913279624
LINC00881	3	0.6020599913279624
LINC00882	5	0.7781512503836436
LINC00885	6	0.8450980400142568
LINC00886	7	0.9030899869919435
LINC00887	12	1.1139433523068367
LINC00891	3	0.6020599913279624
LINC00892	1	0.3010299956639812
LINC00895	2	0.47712125471966244
LINC00896	3	0.6020599913279624
LINC00898	3	0.6020599913279624
LINC00899	6	0.8450980400142568
LINC00900	5	0.7781512503836436
LINC00901	2	0.47712125471966244
LINC00903	1	0.3010299956639812
LINC00904	2	0.47712125471966244
LINC00905	2	0.47712125471966244
LINC00906	1	0.3010299956639812
LINC00907	8	0.9542425094393249
LINC00908	6	0.8450980400142568
LINC00910	3	0.6020599913279624
LINC00917	5	0.7781512503836436
LINC00919	1	0.3010299956639812
LINC00920	5	0.7781512503836436
LINC00921	6	0.8450980400142568
LINC00922	6	0.8450980400142568
LINC00923	1	0.3010299956639812
LINC00924	5	0.7781512503836436
LINC00926	7	0.9030899869919435
LINC00927	2	0.47712125471966244
LINC00928	2	0.47712125471966244
LINC00929	2	0.47712125471966244
LINC00930	4	0.6989700043360189
LINC00933	2	0.47712125471966244
LINC00934	2	0.47712125471966244
LINC00937	2	0.47712125471966244
LINC00938	2	0.47712125471966244
LINC00939	2	0.47712125471966244
LINC00940	1	0.3010299956639812
LINC00941	23	1.380211241711606
LINC00942	3	0.6020599913279624
LINC00943	7	0.9030899869919435
LINC00944	5	0.7781512503836436
LINC00951	3	0.6020599913279624
LINC00954	3	0.6020599913279624
LINC00955	3	0.6020599913279624
LINC00957	4	0.6989700043360189
LINC00958	24	1.3979400086720377
LINC00960	6	0.8450980400142568
LINC00963	22	1.3617278360175928
LINC00964	5	0.7781512503836436
LINC00965	2	0.47712125471966244
LINC00967	1	0.3010299956639812
LINC00968	9	1.0
LINC00970	3	0.6020599913279624
LINC00971	1	0.3010299956639812
LINC00972	2	0.47712125471966244
LINC00973	5	0.7781512503836436
LINC00974	6	0.8450980400142568
LINC00976	1	0.3010299956639812
LINC00977	3	0.6020599913279624
LINC00987	3	0.6020599913279624
LINC00989	2	0.47712125471966244
LINC00992	5	0.7781512503836436
LINC00993	1	0.3010299956639812
LINC00994	2	0.47712125471966244
LINC00996	3	0.6020599913279624
LINC00997	3	0.6020599913279624
LINC00999	2	0.47712125471966244
LINC01000	5	0.7781512503836436
LINC01001	2	0.47712125471966244
LINC01002	2	0.47712125471966244
LINC01003	4	0.6989700043360189
LINC01005	2	0.47712125471966244
LINC01007	6	0.8450980400142568
LINC01010	5	0.7781512503836436
LINC01011	4	0.6989700043360189
LINC01012	1	0.3010299956639812
LINC01013	7	0.9030899869919435
LINC01014	2	0.47712125471966244
LINC01015	3	0.6020599913279624
LINC01016	5	0.7781512503836436
LINC01018	8	0.9542425094393249
LINC01019	4	0.6989700043360189
LINC01020	1	0.3010299956639812
LINC01022	1	0.3010299956639812
LINC01023	4	0.6989700043360189
LINC01033	1	0.3010299956639812
LINC01034	1	0.3010299956639812
LINC01037	1	0.3010299956639812
LINC01039	1	0.3010299956639812
LINC01040	1	0.3010299956639812
LINC01047	1	0.3010299956639812
LINC01048	1	0.3010299956639812
LINC01053	1	0.3010299956639812
LINC01054	2	0.47712125471966244
LINC01056	2	0.47712125471966244
LINC01058	1	0.3010299956639812
LINC01060	5	0.7781512503836436
LINC01061	7	0.9030899869919435
LINC01063	1	0.3010299956639812
LINC01065	1	0.3010299956639812
LINC01068	1	0.3010299956639812
LINC01069	1	0.3010299956639812
LINC01076	1	0.3010299956639812
LINC01080	4	0.6989700043360189
LINC01081	2	0.47712125471966244
LINC01082	2	0.47712125471966244
LINC01085	3	0.6020599913279624
LINC01087	5	0.7781512503836436
LINC01088	5	0.7781512503836436
LINC01089	13	1.146128035678238
LINC01090	2	0.47712125471966244
LINC01091	1	0.3010299956639812
LINC01093	4	0.6989700043360189
LINC01094	16	1.2304489213782739
LINC01095	3	0.6020599913279624
LINC01096	2	0.47712125471966244
LINC01097	1	0.3010299956639812
LINC01098	5	0.7781512503836436
LINC01100	1	0.3010299956639812
LINC01101	3	0.6020599913279624
LINC01102	4	0.6989700043360189
LINC01104	6	0.8450980400142568
LINC01106	7	0.9030899869919435
LINC01107	2	0.47712125471966244
LINC01108	5	0.7781512503836436
LINC01109	1	0.3010299956639812
LINC01115	2	0.47712125471966244
LINC01116	24	1.3979400086720377
LINC01117	2	0.47712125471966244
LINC01118	2	0.47712125471966244
LINC01119	1	0.3010299956639812
LINC01120	2	0.47712125471966244
LINC01121	3	0.6020599913279624
LINC01122	10	1.0413926851582251
LINC01123	17	1.255272505103306
LINC01124	2	0.47712125471966244
LINC01126	3	0.6020599913279624
LINC01127	2	0.47712125471966244
LINC01128	12	1.1139433523068367
LINC01132	7	0.9030899869919435
LINC01133	34	1.5440680443502757
LINC01134	5	0.7781512503836436
LINC01138	10	1.0413926851582251
LINC01139	11	1.0791812460476249
LINC01140	12	1.1139433523068367
LINC01141	2	0.47712125471966244
LINC01142	2	0.47712125471966244
LINC01144	2	0.47712125471966244
LINC01145	3	0.6020599913279624
LINC01147	1	0.3010299956639812
LINC01148	1	0.3010299956639812
LINC01149	4	0.6989700043360189
LINC01150	2	0.47712125471966244
LINC01151	1	0.3010299956639812
LINC01152	3	0.6020599913279624
LINC01153	2	0.47712125471966244
LINC01157	2	0.47712125471966244
LINC01159	2	0.47712125471966244
LINC01160	2	0.47712125471966244
LINC01162	3	0.6020599913279624
LINC01163	1	0.3010299956639812
LINC01165	1	0.3010299956639812
LINC01166	2	0.47712125471966244
LINC01168	1	0.3010299956639812
LINC01169	1	0.3010299956639812
LINC01170	2	0.47712125471966244
LINC01176	1	0.3010299956639812
LINC01180	1	0.3010299956639812
LINC01181	1	0.3010299956639812
LINC01182	4	0.6989700043360189
LINC01186	1	0.3010299956639812
LINC01187	3	0.6020599913279624
LINC01189	2	0.47712125471966244
LINC01191	2	0.47712125471966244
LINC01192	4	0.6989700043360189
LINC01193	3	0.6020599913279624
LINC01194	10	1.0413926851582251
LINC01198	6	0.8450980400142568
LINC01202	1	0.3010299956639812
LINC01204	1	0.3010299956639812
LINC01205	2	0.47712125471966244
LINC01206	1	0.3010299956639812
LINC01210	3	0.6020599913279624
LINC01213	1	0.3010299956639812
LINC01214	1	0.3010299956639812
LINC01220	3	0.6020599913279624
LINC01224	6	0.8450980400142568
LINC01226	4	0.6989700043360189
LINC01228	3	0.6020599913279624
LINC01229	1	0.3010299956639812
LINC01232	13	1.146128035678238
LINC01233	1	0.3010299956639812
LINC01234	23	1.380211241711606
LINC01235	4	0.6989700043360189
LINC01237	2	0.47712125471966244
LINC01239	5	0.7781512503836436
LINC01242	1	0.3010299956639812
LINC01246	1	0.3010299956639812
LINC01247	1	0.3010299956639812
LINC01249	2	0.47712125471966244
LINC01250	2	0.47712125471966244
LINC01252	1	0.3010299956639812
LINC01255	2	0.47712125471966244
LINC01257	2	0.47712125471966244
LINC01258	2	0.47712125471966244
LINC01262	1	0.3010299956639812
LINC01264	1	0.3010299956639812
LINC01266	1	0.3010299956639812
LINC01269	3	0.6020599913279624
LINC01270	6	0.8450980400142568
LINC01271	1	0.3010299956639812
LINC01273	2	0.47712125471966244
LINC01276	3	0.6020599913279624
LINC01277	1	0.3010299956639812
LINC01278	6	0.8450980400142568
LINC01281	1	0.3010299956639812
LINC01284	1	0.3010299956639812
LINC01285	2	0.47712125471966244
LINC01287	6	0.8450980400142568
LINC01288	2	0.47712125471966244
LINC01289	2	0.47712125471966244
LINC01290	1	0.3010299956639812
LINC01291	4	0.6989700043360189
LINC01299	3	0.6020599913279624
LINC01300	1	0.3010299956639812
LINC01301	2	0.47712125471966244
LINC01304	1	0.3010299956639812
LINC01305	4	0.6989700043360189
LINC01307	1	0.3010299956639812
LINC01309	1	0.3010299956639812
LINC01310	2	0.47712125471966244
LINC01311	3	0.6020599913279624
LINC01312	2	0.47712125471966244
LINC01315	6	0.8450980400142568
LINC01317	1	0.3010299956639812
LINC01318	1	0.3010299956639812
LINC01320	4	0.6989700043360189
LINC01322	2	0.47712125471966244
LINC01324	1	0.3010299956639812
LINC01326	1	0.3010299956639812
LINC01331	1	0.3010299956639812
LINC01339	2	0.47712125471966244
LINC01340	1	0.3010299956639812
LINC01341	3	0.6020599913279624
LINC01342	3	0.6020599913279624
LINC01343	3	0.6020599913279624
LINC01344	1	0.3010299956639812
LINC01346	2	0.47712125471966244
LINC01347	3	0.6020599913279624
LINC01348	5	0.7781512503836436
LINC01350	1	0.3010299956639812
LINC01352	1	0.3010299956639812
LINC01354	3	0.6020599913279624
LINC01355	3	0.6020599913279624
LINC01356	4	0.6989700043360189
LINC01359	2	0.47712125471966244
LINC01360	1	0.3010299956639812
LINC01361	2	0.47712125471966244
LINC01362	2	0.47712125471966244
LINC01363	2	0.47712125471966244
LINC01364	1	0.3010299956639812
LINC01365	1	0.3010299956639812
LINC01366	3	0.6020599913279624
LINC01370	1	0.3010299956639812
LINC01375	1	0.3010299956639812
LINC01376	2	0.47712125471966244
LINC01385	1	0.3010299956639812
LINC01387	4	0.6989700043360189
LINC01388	1	0.3010299956639812
LINC01391	2	0.47712125471966244
LINC01392	1	0.3010299956639812
LINC01395	1	0.3010299956639812
LINC01397	1	0.3010299956639812
LINC01398	1	0.3010299956639812
LINC01399	1	0.3010299956639812
LINC01402	1	0.3010299956639812
LINC01404	1	0.3010299956639812
LINC01410	12	1.1139433523068367
LINC01411	2	0.47712125471966244
LINC01413	2	0.47712125471966244
LINC01414	2	0.47712125471966244
LINC01416	1	0.3010299956639812
LINC01418	2	0.47712125471966244
LINC01419	7	0.9030899869919435
LINC01422	1	0.3010299956639812
LINC01423	1	0.3010299956639812
LINC01426	7	0.9030899869919435
LINC01428	2	0.47712125471966244
LINC01429	2	0.47712125471966244
LINC01430	2	0.47712125471966244
LINC01432	3	0.6020599913279624
LINC01433	10	1.0413926851582251
LINC01435	1	0.3010299956639812
LINC01436	4	0.6989700043360189
LINC01438	1	0.3010299956639812
LINC01440	1	0.3010299956639812
LINC01441	1	0.3010299956639812
LINC01442	1	0.3010299956639812
LINC01443	1	0.3010299956639812
LINC01447	1	0.3010299956639812
LINC01449	1	0.3010299956639812
LINC01451	3	0.6020599913279624
LINC01455	1	0.3010299956639812
LINC01461	1	0.3010299956639812
LINC01465	3	0.6020599913279624
LINC01470	3	0.6020599913279624
LINC01471	1	0.3010299956639812
LINC01472	1	0.3010299956639812
LINC01473	3	0.6020599913279624
LINC01475	10	1.0413926851582251
LINC01476	1	0.3010299956639812
LINC01477	1	0.3010299956639812
LINC01478	3	0.6020599913279624
LINC01479	1	0.3010299956639812
LINC01480	2	0.47712125471966244
LINC01482	1	0.3010299956639812
LINC01483	6	0.8450980400142568
LINC01484	1	0.3010299956639812
LINC01485	5	0.7781512503836436
LINC01487	1	0.3010299956639812
LINC01488	3	0.6020599913279624
LINC01489	1	0.3010299956639812
LINC01490	1	0.3010299956639812
LINC01492	2	0.47712125471966244
LINC01495	1	0.3010299956639812
LINC01496	1	0.3010299956639812
LINC01498	1	0.3010299956639812
LINC01499	1	0.3010299956639812
LINC01500	2	0.47712125471966244
LINC01501	2	0.47712125471966244
LINC01502	1	0.3010299956639812
LINC01503	15	1.2041199826559248
LINC01504	2	0.47712125471966244
LINC01505	4	0.6989700043360189
LINC01507	1	0.3010299956639812
LINC01508	3	0.6020599913279624
LINC01511	2	0.47712125471966244
LINC01512	6	0.8450980400142568
LINC01514	1	0.3010299956639812
LINC01515	4	0.6989700043360189
LINC01516	2	0.47712125471966244
LINC01518	6	0.8450980400142568
LINC01519	3	0.6020599913279624
LINC01520	1	0.3010299956639812
LINC01521	3	0.6020599913279624
LINC01522	2	0.47712125471966244
LINC01524	1	0.3010299956639812
LINC01525	1	0.3010299956639812
LINC01526	1	0.3010299956639812
LINC01527	2	0.47712125471966244
LINC01530	2	0.47712125471966244
LINC01531	2	0.47712125471966244
LINC01532	2	0.47712125471966244
LINC01533	1	0.3010299956639812
LINC01535	5	0.7781512503836436
LINC01537	4	0.6989700043360189
LINC01538	2	0.47712125471966244
LINC01539	1	0.3010299956639812
LINC01541	4	0.6989700043360189
LINC01544	1	0.3010299956639812
LINC01545	2	0.47712125471966244
LINC01546	1	0.3010299956639812
LINC01547	9	1.0
LINC01548	4	0.6989700043360189
LINC01549	4	0.6989700043360189
LINC01550	6	0.8450980400142568
LINC01551	3	0.6020599913279624
LINC01553	2	0.47712125471966244
LINC01554	10	1.0413926851582251
LINC01555	5	0.7781512503836436
LINC01556	1	0.3010299956639812
LINC01559	8	0.9542425094393249
LINC01560	2	0.47712125471966244
LINC01561	8	0.9542425094393249
LINC01562	1	0.3010299956639812
LINC01563	1	0.3010299956639812
LINC01564	2	0.47712125471966244
LINC01565	6	0.8450980400142568
LINC01566	2	0.47712125471966244
LINC01567	3	0.6020599913279624
LINC01569	2	0.47712125471966244
LINC01572	8	0.9542425094393249
LINC01574	2	0.47712125471966244
LINC01579	4	0.6989700043360189
LINC01580	2	0.47712125471966244
LINC01581	2	0.47712125471966244
LINC01582	1	0.3010299956639812
LINC01583	1	0.3010299956639812
LINC01584	2	0.47712125471966244
LINC01585	1	0.3010299956639812
LINC01586	1	0.3010299956639812
LINC01587	11	1.0791812460476249
LINC01588	8	0.9542425094393249
LINC01589	3	0.6020599913279624
LINC01590	2	0.47712125471966244
LINC01591	1	0.3010299956639812
LINC01592	3	0.6020599913279624
LINC01594	2	0.47712125471966244
LINC01595	1	0.3010299956639812
LINC01599	5	0.7781512503836436
LINC01600	9	1.0
LINC01602	3	0.6020599913279624
LINC01605	9	1.0
LINC01606	2	0.47712125471966244
LINC01608	2	0.47712125471966244
LINC01610	2	0.47712125471966244
LINC01611	2	0.47712125471966244
LINC01612	3	0.6020599913279624
LINC01613	2	0.47712125471966244
LINC01614	9	1.0
LINC01615	4	0.6989700043360189
LINC01616	3	0.6020599913279624
LINC01617	2	0.47712125471966244
LINC01618	2	0.47712125471966244
LINC01619	6	0.8450980400142568
LINC01620	3	0.6020599913279624
LINC01621	2	0.47712125471966244
LINC01622	1	0.3010299956639812
LINC01623	1	0.3010299956639812
LINC01624	1	0.3010299956639812
LINC01625	3	0.6020599913279624
LINC01626	1	0.3010299956639812
LINC01627	1	0.3010299956639812
LINC01628	1	0.3010299956639812
LINC01629	3	0.6020599913279624
LINC01630	3	0.6020599913279624
LINC01633	1	0.3010299956639812
LINC01637	2	0.47712125471966244
LINC01638	6	0.8450980400142568
LINC01640	1	0.3010299956639812
LINC01641	1	0.3010299956639812
LINC01648	1	0.3010299956639812
LINC01649	1	0.3010299956639812
LINC01653	1	0.3010299956639812
LINC01654	1	0.3010299956639812
LINC01657	1	0.3010299956639812
LINC01664	1	0.3010299956639812
LINC01665	1	0.3010299956639812
LINC01667	4	0.6989700043360189
LINC01668	1	0.3010299956639812
LINC01671	3	0.6020599913279624
LINC01672	2	0.47712125471966244
LINC01676	1	0.3010299956639812
LINC01677	1	0.3010299956639812
LINC01679	3	0.6020599913279624
LINC01681	1	0.3010299956639812
LINC01683	1	0.3010299956639812
LINC01684	2	0.47712125471966244
LINC01686	2	0.47712125471966244
LINC01687	1	0.3010299956639812
LINC01688	1	0.3010299956639812
LINC01689	1	0.3010299956639812
LINC01692	1	0.3010299956639812
LINC01694	2	0.47712125471966244
LINC01695	1	0.3010299956639812
LINC01697	3	0.6020599913279624
LINC01699	1	0.3010299956639812
LINC01700	1	0.3010299956639812
LINC01703	4	0.6989700043360189
LINC01704	3	0.6020599913279624
LINC01705	3	0.6020599913279624
LINC01706	1	0.3010299956639812
LINC01708	1	0.3010299956639812
LINC01711	4	0.6989700043360189
LINC01712	1	0.3010299956639812
LINC01714	3	0.6020599913279624
LINC01720	1	0.3010299956639812
LINC01721	1	0.3010299956639812
LINC01722	2	0.47712125471966244
LINC01725	4	0.6989700043360189
LINC01727	2	0.47712125471966244
LINC01728	1	0.3010299956639812
LINC01733	1	0.3010299956639812
LINC01734	3	0.6020599913279624
LINC01736	3	0.6020599913279624
LINC01737	1	0.3010299956639812
LINC01740	1	0.3010299956639812
LINC01741	1	0.3010299956639812
LINC01742	1	0.3010299956639812
LINC01743	1	0.3010299956639812
LINC01744	1	0.3010299956639812
LINC01747	2	0.47712125471966244
LINC01748	2	0.47712125471966244
LINC01749	3	0.6020599913279624
LINC01750	2	0.47712125471966244
LINC01761	1	0.3010299956639812
LINC01767	1	0.3010299956639812
LINC01770	2	0.47712125471966244
LINC01772	2	0.47712125471966244
LINC01775	1	0.3010299956639812
LINC01776	1	0.3010299956639812
LINC01777	2	0.47712125471966244
LINC01781	1	0.3010299956639812
LINC01782	1	0.3010299956639812
LINC01783	2	0.47712125471966244
LINC01785	1	0.3010299956639812
LINC01787	1	0.3010299956639812
LINC01788	2	0.47712125471966244
LINC01790	1	0.3010299956639812
LINC01792	2	0.47712125471966244
LINC01798	2	0.47712125471966244
LINC01800	1	0.3010299956639812
LINC01801	2	0.47712125471966244
LINC01804	1	0.3010299956639812
LINC01806	2	0.47712125471966244
LINC01807	2	0.47712125471966244
LINC01811	2	0.47712125471966244
LINC01813	2	0.47712125471966244
LINC01816	4	0.6989700043360189
LINC01817	1	0.3010299956639812
LINC01819	3	0.6020599913279624
LINC01821	1	0.3010299956639812
LINC01822	3	0.6020599913279624
LINC01826	2	0.47712125471966244
LINC01828	1	0.3010299956639812
LINC01829	1	0.3010299956639812
LINC01833	6	0.8450980400142568
LINC01838	1	0.3010299956639812
LINC01840	1	0.3010299956639812
LINC01841	1	0.3010299956639812
LINC01842	1	0.3010299956639812
LINC01843	1	0.3010299956639812
LINC01845	1	0.3010299956639812
LINC01848	1	0.3010299956639812
LINC01852	2	0.47712125471966244
LINC01854	5	0.7781512503836436
LINC01858	1	0.3010299956639812
LINC01861	1	0.3010299956639812
LINC01871	2	0.47712125471966244
LINC01873	1	0.3010299956639812
LINC01876	5	0.7781512503836436
LINC01877	2	0.47712125471966244
LINC01881	6	0.8450980400142568
LINC01882	1	0.3010299956639812
LINC01891	1	0.3010299956639812
LINC01892	1	0.3010299956639812
LINC01898	2	0.47712125471966244
LINC01903	2	0.47712125471966244
LINC01904	1	0.3010299956639812
LINC01906	1	0.3010299956639812
LINC01907	1	0.3010299956639812
LINC01914	1	0.3010299956639812
LINC01915	2	0.47712125471966244
LINC01917	1	0.3010299956639812
LINC01919	1	0.3010299956639812
LINC01923	2	0.47712125471966244
LINC01924	3	0.6020599913279624
LINC01929	3	0.6020599913279624
LINC01930	2	0.47712125471966244
LINC01931	1	0.3010299956639812
LINC01932	1	0.3010299956639812
LINC01933	1	0.3010299956639812
LINC01934	7	0.9030899869919435
LINC01936	2	0.47712125471966244
LINC01939	3	0.6020599913279624
LINC01942	1	0.3010299956639812
LINC01947	2	0.47712125471966244
LINC01948	1	0.3010299956639812
LINC01949	2	0.47712125471966244
LINC01950	2	0.47712125471966244
LINC01954	1	0.3010299956639812
LINC01958	1	0.3010299956639812
LINC01960	1	0.3010299956639812
LINC01961	1	0.3010299956639812
LINC01963	9	1.0
LINC01964	1	0.3010299956639812
LINC01968	1	0.3010299956639812
LINC01970	1	0.3010299956639812
LINC01975	1	0.3010299956639812
LINC01977	3	0.6020599913279624
LINC01978	1	0.3010299956639812
LINC01980	2	0.47712125471966244
LINC01983	2	0.47712125471966244
LINC01988	1	0.3010299956639812
LINC01989	1	0.3010299956639812
LINC01990	1	0.3010299956639812
LINC01994	1	0.3010299956639812
LINC01996	1	0.3010299956639812
LINC01998	1	0.3010299956639812
LINC02003	2	0.47712125471966244
LINC02006	1	0.3010299956639812
LINC02008	1	0.3010299956639812
LINC02009	1	0.3010299956639812
LINC02010	1	0.3010299956639812
LINC02011	1	0.3010299956639812
LINC02012	1	0.3010299956639812
LINC02014	1	0.3010299956639812
LINC02015	2	0.47712125471966244
LINC02016	1	0.3010299956639812
LINC02018	2	0.47712125471966244
LINC02019	1	0.3010299956639812
LINC02020	1	0.3010299956639812
LINC02021	2	0.47712125471966244
LINC02023	1	0.3010299956639812
LINC02026	2	0.47712125471966244
LINC02027	3	0.6020599913279624
LINC02028	1	0.3010299956639812
LINC02029	1	0.3010299956639812
LINC02030	1	0.3010299956639812
LINC02033	1	0.3010299956639812
LINC02037	1	0.3010299956639812
LINC02038	3	0.6020599913279624
LINC02039	1	0.3010299956639812
LINC02041	2	0.47712125471966244
LINC02042	1	0.3010299956639812
LINC02043	3	0.6020599913279624
LINC02044	1	0.3010299956639812
LINC02046	1	0.3010299956639812
LINC02047	1	0.3010299956639812
LINC02049	1	0.3010299956639812
LINC02052	1	0.3010299956639812
LINC02054	2	0.47712125471966244
LINC02055	1	0.3010299956639812
LINC02057	1	0.3010299956639812
LINC02059	1	0.3010299956639812
LINC02064	1	0.3010299956639812
LINC02065	1	0.3010299956639812
LINC02067	1	0.3010299956639812
LINC02069	1	0.3010299956639812
LINC02070	2	0.47712125471966244
LINC02071	1	0.3010299956639812
LINC02072	1	0.3010299956639812
LINC02075	1	0.3010299956639812
LINC02076	2	0.47712125471966244
LINC02078	3	0.6020599913279624
LINC02080	2	0.47712125471966244
LINC02082	1	0.3010299956639812
LINC02086	1	0.3010299956639812
LINC02090	1	0.3010299956639812
LINC02091	1	0.3010299956639812
LINC02092	1	0.3010299956639812
LINC02097	1	0.3010299956639812
LINC02098	1	0.3010299956639812
LINC02099	4	0.6989700043360189
LINC02101	1	0.3010299956639812
LINC02104	1	0.3010299956639812
LINC02106	1	0.3010299956639812
LINC02109	1	0.3010299956639812
LINC02111	1	0.3010299956639812
LINC02112	3	0.6020599913279624
LINC02113	1	0.3010299956639812
LINC02114	1	0.3010299956639812
LINC02119	2	0.47712125471966244
LINC02120	1	0.3010299956639812
LINC02125	1	0.3010299956639812
LINC02133	1	0.3010299956639812
LINC02135	2	0.47712125471966244
LINC02136	1	0.3010299956639812
LINC02139	1	0.3010299956639812
LINC02140	1	0.3010299956639812
LINC02141	2	0.47712125471966244
LINC02143	1	0.3010299956639812
LINC02145	6	0.8450980400142568
LINC02147	2	0.47712125471966244
LINC02148	1	0.3010299956639812
LINC02149	1	0.3010299956639812
LINC02151	3	0.6020599913279624
LINC02152	1	0.3010299956639812
LINC02153	1	0.3010299956639812
LINC02154	4	0.6989700043360189
LINC02156	1	0.3010299956639812
LINC02157	1	0.3010299956639812
LINC02159	4	0.6989700043360189
LINC02162	1	0.3010299956639812
LINC02166	2	0.47712125471966244
LINC02169	1	0.3010299956639812
LINC02171	1	0.3010299956639812
LINC02172	3	0.6020599913279624
LINC02175	2	0.47712125471966244
LINC02179	1	0.3010299956639812
LINC02183	1	0.3010299956639812
LINC02186	1	0.3010299956639812
LINC02188	1	0.3010299956639812
LINC02189	1	0.3010299956639812
LINC02190	1	0.3010299956639812
LINC02191	1	0.3010299956639812
LINC02192	1	0.3010299956639812
LINC02197	2	0.47712125471966244
LINC02198	1	0.3010299956639812
LINC02199	1	0.3010299956639812
LINC02200	2	0.47712125471966244
LINC02201	1	0.3010299956639812
LINC02202	2	0.47712125471966244
LINC02203	3	0.6020599913279624
LINC02204	1	0.3010299956639812
LINC02207	1	0.3010299956639812
LINC02209	1	0.3010299956639812
LINC02210	7	0.9030899869919435
LINC02210-CRHR1	11	1.0791812460476249
LINC02211	1	0.3010299956639812
LINC02215	1	0.3010299956639812
LINC02217	1	0.3010299956639812
LINC02220	1	0.3010299956639812
LINC02222	2	0.47712125471966244
LINC02223	1	0.3010299956639812
LINC02225	1	0.3010299956639812
LINC02226	1	0.3010299956639812
LINC02227	3	0.6020599913279624
LINC02228	1	0.3010299956639812
LINC02232	2	0.47712125471966244
LINC02233	1	0.3010299956639812
LINC02235	1	0.3010299956639812
LINC02236	2	0.47712125471966244
LINC02237	1	0.3010299956639812
LINC02238	1	0.3010299956639812
LINC02239	1	0.3010299956639812
LINC02240	1	0.3010299956639812
LINC02241	1	0.3010299956639812
LINC02242	1	0.3010299956639812
LINC02243	2	0.47712125471966244
LINC02244	1	0.3010299956639812
LINC02245	4	0.6989700043360189
LINC02247	1	0.3010299956639812
LINC02249	1	0.3010299956639812
LINC02253	1	0.3010299956639812
LINC02256	1	0.3010299956639812
LINC02258	1	0.3010299956639812
LINC02259	1	0.3010299956639812
LINC02260	1	0.3010299956639812
LINC02261	2	0.47712125471966244
LINC02264	1	0.3010299956639812
LINC02265	1	0.3010299956639812
LINC02268	3	0.6020599913279624
LINC02269	1	0.3010299956639812
LINC02270	1	0.3010299956639812
LINC02271	1	0.3010299956639812
LINC02273	1	0.3010299956639812
LINC02275	4	0.6989700043360189
LINC02282	1	0.3010299956639812
LINC02288	4	0.6989700043360189
LINC02289	1	0.3010299956639812
LINC02291	1	0.3010299956639812
LINC02294	1	0.3010299956639812
LINC02295	1	0.3010299956639812
LINC02301	1	0.3010299956639812
LINC02303	1	0.3010299956639812
LINC02306	1	0.3010299956639812
LINC02308	1	0.3010299956639812
LINC02310	2	0.47712125471966244
LINC02312	2	0.47712125471966244
LINC02315	2	0.47712125471966244
LINC02318	1	0.3010299956639812
LINC02321	1	0.3010299956639812
LINC02322	1	0.3010299956639812
LINC02323	2	0.47712125471966244
LINC02325	2	0.47712125471966244
LINC02326	1	0.3010299956639812
LINC02327	1	0.3010299956639812
LINC02328	2	0.47712125471966244
LINC02330	1	0.3010299956639812
LINC02338	1	0.3010299956639812
LINC02339	1	0.3010299956639812
LINC02346	3	0.6020599913279624
LINC02347	3	0.6020599913279624
LINC02348	1	0.3010299956639812
LINC02355	1	0.3010299956639812
LINC02362	3	0.6020599913279624
LINC02363	4	0.6989700043360189
LINC02365	1	0.3010299956639812
LINC02366	1	0.3010299956639812
LINC02367	1	0.3010299956639812
LINC02369	1	0.3010299956639812
LINC02370	3	0.6020599913279624
LINC02372	2	0.47712125471966244
LINC02375	2	0.47712125471966244
LINC02380	1	0.3010299956639812
LINC02381	10	1.0413926851582251
LINC02384	2	0.47712125471966244
LINC02387	2	0.47712125471966244
LINC02388	2	0.47712125471966244
LINC02389	2	0.47712125471966244
LINC02392	2	0.47712125471966244
LINC02393	2	0.47712125471966244
LINC02395	2	0.47712125471966244
LINC02396	2	0.47712125471966244
LINC02397	1	0.3010299956639812
LINC02398	2	0.47712125471966244
LINC02401	1	0.3010299956639812
LINC02402	3	0.6020599913279624
LINC02405	1	0.3010299956639812
LINC02408	2	0.47712125471966244
LINC02410	1	0.3010299956639812
LINC02411	1	0.3010299956639812
LINC02414	1	0.3010299956639812
LINC02415	1	0.3010299956639812
LINC02418	4	0.6989700043360189
LINC02421	1	0.3010299956639812
LINC02423	1	0.3010299956639812
LINC02424	1	0.3010299956639812
LINC02426	1	0.3010299956639812
LINC02427	1	0.3010299956639812
LINC02428	1	0.3010299956639812
LINC02429	1	0.3010299956639812
LINC02431	2	0.47712125471966244
LINC02432	1	0.3010299956639812
LINC02433	1	0.3010299956639812
LINC02436	3	0.6020599913279624
LINC02441	1	0.3010299956639812
LINC02443	1	0.3010299956639812
LINC02444	1	0.3010299956639812
LINC02447	2	0.47712125471966244
LINC02453	2	0.47712125471966244
LINC02454	3	0.6020599913279624
LINC02456	1	0.3010299956639812
LINC02458	1	0.3010299956639812
LINC02465	1	0.3010299956639812
LINC02466	1	0.3010299956639812
LINC02470	3	0.6020599913279624
LINC02473	1	0.3010299956639812
LINC02474	2	0.47712125471966244
LINC02475	1	0.3010299956639812
LINC02476	3	0.6020599913279624
LINC02478	1	0.3010299956639812
LINC02481	2	0.47712125471966244
LINC02483	1	0.3010299956639812
LINC02484	2	0.47712125471966244
LINC02487	6	0.8450980400142568
LINC02489	1	0.3010299956639812
LINC02490	1	0.3010299956639812
LINC02493	1	0.3010299956639812
LINC02499	3	0.6020599913279624
LINC02500	1	0.3010299956639812
LINC02502	1	0.3010299956639812
LINC02510	2	0.47712125471966244
LINC02516	1	0.3010299956639812
LINC02517	1	0.3010299956639812
LINC02518	1	0.3010299956639812
LINC02519	1	0.3010299956639812
LINC02520	4	0.6989700043360189
LINC02523	2	0.47712125471966244
LINC02525	2	0.47712125471966244
LINC02527	1	0.3010299956639812
LINC02530	1	0.3010299956639812
LINC02532	3	0.6020599913279624
LINC02533	3	0.6020599913279624
LINC02535	3	0.6020599913279624
LINC02537	1	0.3010299956639812
LINC02541	2	0.47712125471966244
LINC02542	1	0.3010299956639812
LINC02549	2	0.47712125471966244
LINC02551	8	0.9542425094393249
LINC02552	1	0.3010299956639812
LINC02560	1	0.3010299956639812
LINC02561	2	0.47712125471966244
LINC02562	1	0.3010299956639812
LINC02563	2	0.47712125471966244
LINC02566	1	0.3010299956639812
LINC02567	2	0.47712125471966244
LINC02568	1	0.3010299956639812
LINC02570	3	0.6020599913279624
LINC02571	1	0.3010299956639812
LINC02572	1	0.3010299956639812
LINC02573	1	0.3010299956639812
LINC02574	2	0.47712125471966244
LINC02575	2	0.47712125471966244
LINC02576	1	0.3010299956639812
LINC02577	5	0.7781512503836436
LINC02578	1	0.3010299956639812
LINC02579	2	0.47712125471966244
LINC02580	4	0.6989700043360189
LINC02582	3	0.6020599913279624
LINC02583	2	0.47712125471966244
LINC02584	1	0.3010299956639812
LINC02585	1	0.3010299956639812
LINC02587	4	0.6989700043360189
LINC02589	2	0.47712125471966244
LINC02591	4	0.6989700043360189
LINC02593	7	0.9030899869919435
LINC02594	1	0.3010299956639812
LINC02596	1	0.3010299956639812
LINC02597	1	0.3010299956639812
LINC02598	2	0.47712125471966244
LINC02599	1	0.3010299956639812
LINC02600	1	0.3010299956639812
LINC02601	2	0.47712125471966244
LINC02602	1	0.3010299956639812
LINC02603	3	0.6020599913279624
LINC02604	1	0.3010299956639812
LINC02605	4	0.6989700043360189
LINC02606	1	0.3010299956639812
LINC02607	1	0.3010299956639812
LINC02608	2	0.47712125471966244
LINC02609	4	0.6989700043360189
LINC02610	4	0.6989700043360189
LINC02611	1	0.3010299956639812
LINC02613	2	0.47712125471966244
LINC02614	2	0.47712125471966244
LINC02615	2	0.47712125471966244
LINC02616	1	0.3010299956639812
LINC02617	2	0.47712125471966244
LINC02620	1	0.3010299956639812
LINC02622	1	0.3010299956639812
LINC02623	1	0.3010299956639812
LINC02624	2	0.47712125471966244
LINC02631	1	0.3010299956639812
LINC02632	1	0.3010299956639812
LINC02639	1	0.3010299956639812
LINC02643	1	0.3010299956639812
LINC02645	1	0.3010299956639812
LINC02647	1	0.3010299956639812
LINC02649	1	0.3010299956639812
LINC02656	4	0.6989700043360189
LINC02664	3	0.6020599913279624
LINC02667	1	0.3010299956639812
LINC02670	1	0.3010299956639812
LINC02672	1	0.3010299956639812
LINC02677	1	0.3010299956639812
LINC02681	2	0.47712125471966244
LINC02682	1	0.3010299956639812
LINC02687	2	0.47712125471966244
LINC02688	1	0.3010299956639812
LINC02691	1	0.3010299956639812
LINC02692	2	0.47712125471966244
LINC02693	9	1.0
LINC02694	8	0.9542425094393249
LINC02702	2	0.47712125471966244
LINC02709	2	0.47712125471966244
LINC02712	1	0.3010299956639812
LINC02716	1	0.3010299956639812
LINC02724	2	0.47712125471966244
LINC02731	1	0.3010299956639812
LINC02732	1	0.3010299956639812
LINC02735	1	0.3010299956639812
LINC02740	1	0.3010299956639812
LINC02743	1	0.3010299956639812
LINC02747	2	0.47712125471966244
LINC02751	4	0.6989700043360189
LINC02753	3	0.6020599913279624
LINC02754	1	0.3010299956639812
LINC02762	2	0.47712125471966244
LINC02763	1	0.3010299956639812
LINC02764	1	0.3010299956639812
LINC02774	4	0.6989700043360189
LINC02783	1	0.3010299956639812
LINC02789	2	0.47712125471966244
LINC02796	1	0.3010299956639812
LINC02800	1	0.3010299956639812
LINC02801	1	0.3010299956639812
LINC02802	1	0.3010299956639812
LINC02805	1	0.3010299956639812
LINC02806	1	0.3010299956639812
LINC02817	1	0.3010299956639812
LINC02820	3	0.6020599913279624
LINC02825	1	0.3010299956639812
LINC02827	1	0.3010299956639812
LINC02833	1	0.3010299956639812
LINC02835	1	0.3010299956639812
LINC02843	2	0.47712125471966244
LINC02859	1	0.3010299956639812
LINC02860	5	0.7781512503836436
LINC02862	1	0.3010299956639812
LINC02864	3	0.6020599913279624
LINC02866	1	0.3010299956639812
LINC02869	2	0.47712125471966244
LINC02870	7	0.9030899869919435
LINC02871	4	0.6989700043360189
LINC02872	5	0.7781512503836436
LINC02873	2	0.47712125471966244
LINC02874	3	0.6020599913279624
LINC02875	13	1.146128035678238
LINC02877	1	0.3010299956639812
LINC02878	2	0.47712125471966244
LINC02879	1	0.3010299956639812
LINC02880	2	0.47712125471966244
LINC02881	1	0.3010299956639812
LINC02882	3	0.6020599913279624
LINC02883	1	0.3010299956639812
LINC02884	1	0.3010299956639812
LINC02885	1	0.3010299956639812
LINC02886	1	0.3010299956639812
LINC02888	4	0.6989700043360189
LINC02889	2	0.47712125471966244
LINC02890	1	0.3010299956639812
LINC02891	3	0.6020599913279624
LINC02893	4	0.6989700043360189
LINC02899	3	0.6020599913279624
LINC02900	3	0.6020599913279624
LINC02901	3	0.6020599913279624
LINC02902	3	0.6020599913279624
LINC02903	5	0.7781512503836436
LINC02905	4	0.6989700043360189
LINC02906	2	0.47712125471966244
LINC02907	4	0.6989700043360189
LINC02908	5	0.7781512503836436
LINC02909	2	0.47712125471966244
LINC02911	1	0.3010299956639812
LINC02912	7	0.9030899869919435
LINC02913	5	0.7781512503836436
LINC02914	8	0.9542425094393249
LINC02915	7	0.9030899869919435
LINC02918	1	0.3010299956639812
LINC02925	1	0.3010299956639812
LINC02932	1	0.3010299956639812
LINC02933	1	0.3010299956639812
LINC02934	1	0.3010299956639812
LINC02940	2	0.47712125471966244
LINC02941	1	0.3010299956639812
LINC02946	2	0.47712125471966244
LINC02953	3	0.6020599913279624
LINC02963	1	0.3010299956639812
LINC02964	1	0.3010299956639812
LINC02965	2	0.47712125471966244
LINC02967	1	0.3010299956639812
LINC02975	1	0.3010299956639812
LINC02981	5	0.7781512503836436
LINC02982	4	0.6989700043360189
LINC02984	3	0.6020599913279624
LINC02985	1	0.3010299956639812
LINC02987	2	0.47712125471966244
LINC02988	1	0.3010299956639812
LINC02989	1	0.3010299956639812
LINC02991	1	0.3010299956639812
LINC02992	1	0.3010299956639812
LINC02994	3	0.6020599913279624
LINC02995	2	0.47712125471966244
LINC02997	1	0.3010299956639812
LINC02998	2	0.47712125471966244
LINC02999	1	0.3010299956639812
LINC03001	1	0.3010299956639812
LINC03002	1	0.3010299956639812
LINC03005	1	0.3010299956639812
LINC03006	3	0.6020599913279624
LINC03007	2	0.47712125471966244
LINC03009	4	0.6989700043360189
LINC03010	5	0.7781512503836436
LINC03011	2	0.47712125471966244
LINC03012	2	0.47712125471966244
LINC03013	2	0.47712125471966244
LINC03014	3	0.6020599913279624
LINC03016	2	0.47712125471966244
LINC03017	2	0.47712125471966244
LINC03018	1	0.3010299956639812
LINC03019	2	0.47712125471966244
LINC03020	2	0.47712125471966244
LINC03021	3	0.6020599913279624
LINC03022	3	0.6020599913279624
LINC03025	2	0.47712125471966244
LINC03027	2	0.47712125471966244
LINC03029	1	0.3010299956639812
LINC03030	3	0.6020599913279624
LINC03032	2	0.47712125471966244
LINC03033	3	0.6020599913279624
LINC03034	1	0.3010299956639812
LINC03035	1	0.3010299956639812
LINC03036	1	0.3010299956639812
LINC03037	1	0.3010299956639812
LINC03039	1	0.3010299956639812
LINC03040	4	0.6989700043360189
LINC03041	5	0.7781512503836436
LINC03042	4	0.6989700043360189
LINC03043	1	0.3010299956639812
LINC03044	1	0.3010299956639812
LINC03046	1	0.3010299956639812
LINC03047	1	0.3010299956639812
LINC03048	1	0.3010299956639812
LINC03050	1	0.3010299956639812
LINC03051	1	0.3010299956639812
LINC03052	3	0.6020599913279624
LINC03053	1	0.3010299956639812
LINC03055	1	0.3010299956639812
LINC03057	4	0.6989700043360189
LINC03058	1	0.3010299956639812
LINC03059	1	0.3010299956639812
LINC03060	1	0.3010299956639812
LINC03062	3	0.6020599913279624
LINC03064	1	0.3010299956639812
LINC03066	1	0.3010299956639812
LINC03067	1	0.3010299956639812
LINC03068	1	0.3010299956639812
LINC03071	1	0.3010299956639812
LINC03072	1	0.3010299956639812
LINC03073	1	0.3010299956639812
LINC03074	3	0.6020599913279624
LINC03075	1	0.3010299956639812
LINC03076	2	0.47712125471966244
LINC03077	1	0.3010299956639812
LINC03078	1	0.3010299956639812
LINC03079	1	0.3010299956639812
LINC03080	1	0.3010299956639812
LINC03084	1	0.3010299956639812
LINC03085	1	0.3010299956639812
LINC03086	1	0.3010299956639812
LINC03088	1	0.3010299956639812
LINC03089	1	0.3010299956639812
LINC03090	1	0.3010299956639812
LINC03091	1	0.3010299956639812
LINC03093	2	0.47712125471966244
LINC03094	1	0.3010299956639812
LINC03096	1	0.3010299956639812
LINC03097	1	0.3010299956639812
LINC03098	1	0.3010299956639812
LINC03103	2	0.47712125471966244
LINC03104	1	0.3010299956639812
LINC03105	1	0.3010299956639812
LINC03106	4	0.6989700043360189
LINC03110	1	0.3010299956639812
LINC03111	1	0.3010299956639812
LINC03117	1	0.3010299956639812
LINC03121	1	0.3010299956639812
LINC03122	10	1.0413926851582251
LINC03123	2	0.47712125471966244
LINC03124	8	0.9542425094393249
LINC03125	3	0.6020599913279624
LINC03129	1	0.3010299956639812
LINC03131	1	0.3010299956639812
LINC03133	2	0.47712125471966244
LINC03134	1	0.3010299956639812
LINC03135	1	0.3010299956639812
LINC03136	1	0.3010299956639812
LINC03139	1	0.3010299956639812
LINC03140	1	0.3010299956639812
LINC03141	1	0.3010299956639812
LINC03147	2	0.47712125471966244
LINC03152	1	0.3010299956639812
LINC03156	1	0.3010299956639812
LINC03157	1	0.3010299956639812
LINC03161	2	0.47712125471966244
LINC03163	5	0.7781512503836436
LINC03165	1	0.3010299956639812
LINC03167	1	0.3010299956639812
LINC03172	1	0.3010299956639812
LINC03174	1	0.3010299956639812
LINC03175	1	0.3010299956639812
LINC03176	1	0.3010299956639812
LINC03177	1	0.3010299956639812
LINC03179	1	0.3010299956639812
LINC03180	1	0.3010299956639812
LINC03184	4	0.6989700043360189
LINC03189	1	0.3010299956639812
LINC03190	1	0.3010299956639812
LINC03191	1	0.3010299956639812
LINC03195	1	0.3010299956639812
LINC03196	1	0.3010299956639812
LINC03199	1	0.3010299956639812
LINC03206	1	0.3010299956639812
LINC03208	1	0.3010299956639812
LINC03209	1	0.3010299956639812
LINC03218	2	0.47712125471966244
LINC03219	2	0.47712125471966244
LINC03227	1	0.3010299956639812
LINC03232	1	0.3010299956639812
LINC03234	2	0.47712125471966244
LINC03235	1	0.3010299956639812
LINCADL	1	0.3010299956639812
LINCMD1	7	0.9030899869919435
LINGO1	123	2.093421685162235
LINGO1-AS1	2	0.47712125471966244
LINGO1-AS2	1	0.3010299956639812
LINGO2	32	1.5185139398778875
LINGO3	6	0.8450980400142568
LINGO4	8	0.9542425094393249
LINP1	14	1.1760912590556813
LINS1	22	1.3617278360175928
LIPA	180	2.2576785748691846
LIPB	1	0.3010299956639812
LIPC	515	2.7126497016272113
LIPC-AS1	7	0.9030899869919435
LIPE	115	2.0644579892269186
LIPE-AS1	4	0.6989700043360189
LIPF	65	1.8195439355418688
LIPG	247	2.3944516808262164
LIPH	58	1.7708520116421442
LIPI	16	1.2304489213782739
LIPJ	3	0.6020599913279624
LIPK	4	0.6989700043360189
LIPM	4	0.6989700043360189
LIPN	4	0.6989700043360189
LIPT1	32	1.5185139398778875
LIPT2	14	1.1760912590556813
LIPT2-AS1	3	0.6020599913279624
LIRIL2R	1	0.3010299956639812
LITAF	134	2.130333768495006
LITAFD	1	0.3010299956639812
LITATS1	5	0.7781512503836436
LIVAR	2	0.47712125471966244
LIX1	18	1.2787536009528289
LIX1L	15	1.2041199826559248
LKAAEAR1	3	0.6020599913279624
LLGL1	131	2.12057393120585
LLGL2	64	1.8129133566428555
LLPH	68	1.8388490907372552
LLPH-DT	1	0.3010299956639812
LLPHP3	1	0.3010299956639812
LMAN1	316	2.5010592622177517
LMAN1L	18	1.2787536009528289
LMAN2	118	2.0755469613925306
LMAN2L	58	1.7708520116421442
LMBR1	75	1.8808135922807914
LMBR1L	31	1.505149978319906
LMBRD1	45	1.662757831681574
LMBRD2	26	1.4313637641589874
LMCD1	49	1.6989700043360187
LMCD1-AS1	6	0.8450980400142568
LMF1	58	1.7708520116421442
LMF2	48	1.6901960800285136
LMLN	22	1.3617278360175928
LMNA	1626	3.2113875529368587
LMNB1	393	2.595496221825574
LMNB2	184	2.2671717284030137
LMNTD1	9	1.0
LMNTD2	6	0.8450980400142568
LMNTD2-AS1	2	0.47712125471966244
LMO1	86	1.9395192526186185
LMO2	323	2.510545010206612
LMO3	52	1.724275869600789
LMO4	69	1.845098040014257
LMO7	173	2.2405492482826
LMO7DN	1	0.3010299956639812
LMOD1	46	1.6720978579357175
LMOD2	24	1.3979400086720377
LMOD3	30	1.4913616938342726
LMTK1	38	1.591064607026499
LMTK2	80	1.9084850188786497
LMTK3	55	1.7481880270062005
LMX1A	90	1.9590413923210936
LMX1B	98	1.99563519459755
LNC-LBCS	4	0.6989700043360189
LNC-RHL1	1	0.3010299956639812
LNCARGI	1	0.3010299956639812
LNCAROD	6	0.8450980400142568
LNCARSR	11	1.0791812460476249
LNCATV	1	0.3010299956639812
LNCBRM	4	0.6989700043360189
LNCDAT	1	0.3010299956639812
LNCEGFL7OS	2	0.47712125471966244
LNCHR1	2	0.47712125471966244
LNCMB1	3	0.6020599913279624
LNCMB2	3	0.6020599913279624
LNCMB3	2	0.47712125471966244
LNCNEF	7	0.9030899869919435
LNCOC1	3	0.6020599913279624
LNCOG	3	0.6020599913279624
LNCPNKY	5	0.7781512503836436
LNCPOIR	1	0.3010299956639812
LNCPRESS1	3	0.6020599913279624
LNCPRESS2	1	0.3010299956639812
LNCPTCTS	1	0.3010299956639812
LNCR-SMAL	2	0.47712125471966244
LNCRI	5	0.7781512503836436
LNCRNA-ATB	34	1.5440680443502757
LNCRNA-IUR	2	0.47712125471966244
LNCSRLR	3	0.6020599913279624
LNCTAM34A	5	0.7781512503836436
LNCTSI	4	0.6989700043360189
LNMICC	1	0.3010299956639812
LNP1	8	0.9542425094393249
LNPEP	128	2.110589710299249
LNPK	73	1.8692317197309762
LNPPS	1	0.3010299956639812
LNROP	1	0.3010299956639812
LNX1	72	1.863322860120456
LNX2	52	1.724275869600789
LNX2BP	2	0.47712125471966244
LOH12CR2	2	0.47712125471966244
LOH1CR1	1	0.3010299956639812
LOHAN2	3	0.6020599913279624
LOLI1	1	0.3010299956639812
LONP1	274	2.439332693830263
LONP2	55	1.7481880270062005
LONRF1	22	1.3617278360175928
LONRF2	23	1.380211241711606
LONRF3	26	1.4313637641589874
LORICRIN	63	1.806179973983887
LOX	314	2.4983105537896004
LOXHD1	35	1.5563025007672873
LOXL1	289	2.462397997898956
LOXL1-AS1	34	1.5440680443502757
LOXL2	322	2.509202522331103
LOXL3	64	1.8129133566428555
LOXL4	107	2.03342375548695
LPA	668	2.8254261177678233
LPAL1	1	0.3010299956639812
LPAL2	18	1.2787536009528289
LPAR1	174	2.2430380486862944
LPAR2	91	1.9637878273455553
LPAR3	73	1.8692317197309762
LPAR4	64	1.8129133566428555
LPAR5	66	1.8260748027008264
LPAR6	83	1.9242792860618816
LPCAT1	162	2.2121876044039577
LPCAT2	50	1.7075701760979363
LPCAT2BP	1	0.3010299956639812
LPCAT3	80	1.9084850188786497
LPCAT4	33	1.5314789170422551
LPGAT1	53	1.7323937598229686
LPIN1	208	2.3201462861110542
LPIN2	63	1.806179973983887
LPIN3	30	1.4913616938342726
LPL	957	2.9813655090785445
LPO	39	1.6020599913279623
LPP	172	2.2380461031287955
LPP-AS2	5	0.7781512503836436
LPXN	60	1.7853298350107671
LRAT	56	1.7558748556724915
LRATD1	15	1.2041199826559248
LRATD2	44	1.6532125137753437
LRBA	249	2.3979400086720375
LRBA-AS1	1	0.3010299956639812
LRCH1	66	1.8260748027008264
LRCH2	53	1.7323937598229686
LRCH3	72	1.863322860120456
LRCH4	41	1.6232492903979006
LRCOL1	4	0.6989700043360189
LRFN1	21	1.3424226808222062
LRFN2	30	1.4913616938342726
LRFN3	13	1.146128035678238
LRFN4	28	1.462397997898956
LRFN5	25	1.414973347970818
LRG1	263	2.4216039268698313
LRGUK	10	1.0413926851582251
LRIF1	64	1.8129133566428555
LRIG1	178	2.2528530309798933
LRIG2	73	1.8692317197309762
LRIG2-DT	1	0.3010299956639812
LRIG3	66	1.8260748027008264
LRIT1	12	1.1139433523068367
LRIT2	3	0.6020599913279624
LRIT3	9	1.0
LRMDA	19	1.3010299956639813
LROMI1	1	0.3010299956639812
LRP1	543	2.73559889969818
LRP1-AS	2	0.47712125471966244
LRP10	55	1.7481880270062005
LRP11	17	1.255272505103306
LRP12	40	1.6127838567197355
LRP13P	1	0.3010299956639812
LRP1B	129	2.113943352306837
LRP2	234	2.3710678622717363
LRP2BP	15	1.2041199826559248
LRP3	21	1.3424226808222062
LRP4	82	1.919078092376074
LRP4-AS1	1	0.3010299956639812
LRP5	630	2.8000293592441343
LRP5L	8	0.9542425094393249
LRP6	595	2.7752462597402365
LRP8	146	2.167317334748176
LRP8-DT	2	0.47712125471966244
LRPAP1	167	2.225309281725863
LRPPRC	382	2.583198773968623
LRR1	40	1.6127838567197355
LRRC1	72	1.863322860120456
LRRC10	18	1.2787536009528289
LRRC10B	6	0.8450980400142568
LRRC14	21	1.3424226808222062
LRRC14B	3	0.6020599913279624
LRRC15	72	1.863322860120456
LRRC17	17	1.255272505103306
LRRC18	13	1.146128035678238
LRRC19	11	1.0791812460476249
LRRC2	17	1.255272505103306
LRRC2-AS1	2	0.47712125471966244
LRRC20	23	1.380211241711606
LRRC23	20	1.3222192947339193
LRRC24	12	1.1139433523068367
LRRC25	15	1.2041199826559248
LRRC26	21	1.3424226808222062
LRRC27	17	1.255272505103306
LRRC28	16	1.2304489213782739
LRRC3	13	1.146128035678238
LRRC3-DT	1	0.3010299956639812
LRRC30	2	0.47712125471966244
LRRC31	12	1.1139433523068367
LRRC32	132	2.123851640967086
LRRC34	19	1.3010299956639813
LRRC36	9	1.0
LRRC37A	15	1.2041199826559248
LRRC37A11P	3	0.6020599913279624
LRRC37A16P	4	0.6989700043360189
LRRC37A17P	1	0.3010299956639812
LRRC37A2	11	1.0791812460476249
LRRC37A3	9	1.0
LRRC37A4P	4	0.6989700043360189
LRRC37A5P	3	0.6020599913279624
LRRC37A6P	1	0.3010299956639812
LRRC37A8P	1	0.3010299956639812
LRRC37B	18	1.2787536009528289
LRRC37BP1	6	0.8450980400142568
LRRC38	5	0.7781512503836436
LRRC39	15	1.2041199826559248
LRRC3B	31	1.505149978319906
LRRC3C	6	0.8450980400142568
LRRC4	46	1.6720978579357175
LRRC40	60	1.7853298350107671
LRRC41	71	1.8573324964312685
LRRC42	25	1.414973347970818
LRRC43	6	0.8450980400142568
LRRC45	24	1.3979400086720377
LRRC46	13	1.146128035678238
LRRC47	115	2.0644579892269186
LRRC49	37	1.5797835966168101
LRRC4B	16	1.2304489213782739
LRRC4C	34	1.5440680443502757
LRRC51	12	1.1139433523068367
LRRC52	17	1.255272505103306
LRRC52-AS1	4	0.6989700043360189
LRRC53	7	0.9030899869919435
LRRC55	12	1.1139433523068367
LRRC56	13	1.146128035678238
LRRC57	32	1.5185139398778875
LRRC58	19	1.3010299956639813
LRRC59	246	2.392696953259666
LRRC61	15	1.2041199826559248
LRRC63	3	0.6020599913279624
LRRC66	7	0.9030899869919435
LRRC69	4	0.6989700043360189
LRRC7	65	1.8195439355418688
LRRC70	9	1.0
LRRC71	9	1.0
LRRC72	3	0.6020599913279624
LRRC73	7	0.9030899869919435
LRRC74A	6	0.8450980400142568
LRRC74B	2	0.47712125471966244
LRRC74BNL	6	0.8450980400142568
LRRC75A	8	0.9542425094393249
LRRC75B	9	1.0
LRRC77P	1	0.3010299956639812
LRRC78P	2	0.47712125471966244
LRRC8A	167	2.225309281725863
LRRC8B	27	1.4471580313422192
LRRC8C	35	1.5563025007672873
LRRC8C-DT	1	0.3010299956639812
LRRC8D	43	1.6434526764861874
LRRC8E	36	1.568201724066995
LRRC9	9	1.0
LRRCC1	26	1.4313637641589874
LRRD1	9	1.0
LRRFIP1	126	2.103803720955957
LRRFIP2	104	2.0211892990699383
LRRIQ1	21	1.3424226808222062
LRRIQ3	13	1.146128035678238
LRRIQ4	7	0.9030899869919435
LRRK1	73	1.8692317197309762
LRRK1-AS1	1	0.3010299956639812
LRRK2	1992	3.2995072987004876
LRRN1	26	1.4313637641589874
LRRN2	29	1.4771212547196624
LRRN2-AS1	2	0.47712125471966244
LRRN3	22	1.3617278360175928
LRRN4	15	1.2041199826559248
LRRN4CL	7	0.9030899869919435
LRRTM1	29	1.4771212547196624
LRRTM2	26	1.4313637641589874
LRRTM3	21	1.3424226808222062
LRRTM4	20	1.3222192947339193
LRRTM4-AS1	1	0.3010299956639812
LRSAM1	98	1.99563519459755
LRTM1	11	1.0791812460476249
LRTM2	8	0.9542425094393249
LRTM3	19	1.3010299956639813
LRTOMT	25	1.414973347970818
LRWD1	74	1.8750612633917
LSAMP	38	1.591064607026499
LSAMP-AS1	1	0.3010299956639812
LSG1	112	2.0530784434834195
LSINCT5	18	1.2787536009528289
LSM1	86	1.9395192526186185
LSM10	32	1.5185139398778875
LSM11	42	1.6334684555795864
LSM12	114	2.060697840353612
LSM12P1	1	0.3010299956639812
LSM14A	137	2.1398790864012365
LSM14B	77	1.8920946026904804
LSM2	113	2.0569048513364727
LSM3	91	1.9637878273455553
LSM3P4	1	0.3010299956639812
LSM3P6	1	0.3010299956639812
LSM4	112	2.0530784434834195
LSM5	60	1.7853298350107671
LSM6	69	1.845098040014257
LSM7	70	1.8512583487190752
LSM8	74	1.8750612633917
LSMEM1	10	1.0413926851582251
LSMEM2	12	1.1139433523068367
LSP1	122	2.089905111439398
LSP1P3	4	0.6989700043360189
LSP1P4	5	0.7781512503836436
LSP1P5	5	0.7781512503836436
LSR	111	2.0492180226701815
LSS	83	1.9242792860618816
LST1	46	1.6720978579357175
LTA	609	2.785329835010767
LTA4H	149	2.1760912590556813
LTAP1	42	1.6334684555795864
LTB	130	2.1172712956557644
LTB4R	185	2.2695129442179165
LTB4R2	112	2.0530784434834195
LTBP1	227	2.357934847000454
LTBP2	99	2.0
LTBP3	63	1.806179973983887
LTBP4	119	2.0791812460476247
LTBR	195	2.292256071356476
LTC4S	100	2.0043213737826426
LTF	630	2.8000293592441343
LTK	53	1.7323937598229686
LTN1	106	2.0293837776852097
LTO1	36	1.568201724066995
LTV1	132	2.123851640967086
LUADT1	6	0.8450980400142568
LUARIS	2	0.47712125471966244
LUC7L	128	2.110589710299249
LUC7L2	181	2.2600713879850747
LUC7L3	189	2.278753600952829
LUCAT1	58	1.7708520116421442
LUM	332	2.5224442335063197
LUNAR1	5	0.7781512503836436
LURAP1	21	1.3424226808222062
LURAP1L	17	1.255272505103306
LURAP1L-AS1	1	0.3010299956639812
LUZP1	120	2.0827853703164503
LUZP2	25	1.414973347970818
LUZP4	15	1.2041199826559248
LUZP6	5	0.7781512503836436
LVRN	29	1.4771212547196624
LXN	29	1.4771212547196624
LY6D	38	1.591064607026499
LY6E	71	1.8573324964312685
LY6E-DT	4	0.6989700043360189
LY6G5B	17	1.255272505103306
LY6G5C	8	0.9542425094393249
LY6G6C	15	1.2041199826559248
LY6G6D	14	1.1760912590556813
LY6G6E	8	0.9542425094393249
LY6G6F	9	1.0
LY6G6F-LY6G6D	1	0.3010299956639812
LY6H	12	1.1139433523068367
LY6K	32	1.5185139398778875
LY6L	2	0.47712125471966244
LY6S	2	0.47712125471966244
LY6S-AS1	5	0.7781512503836436
LY75	44	1.6532125137753437
LY75-CD302	2	0.47712125471966244
LY86	32	1.5185139398778875
LY86-AS1	8	0.9542425094393249
LY9	62	1.7993405494535817
LY96	411	2.6148972160331345
LYAR	200	2.303196057420489
LYG1	10	1.0413926851582251
LYG2	15	1.2041199826559248
LYL1	50	1.7075701760979363
LYLDT1	3	0.6020599913279624
LYN	482	2.683947130751512
LYNX1	46	1.6720978579357175
LYNX1-SLURP2	3	0.6020599913279624
LYPD1	21	1.3424226808222062
LYPD2	8	0.9542425094393249
LYPD3	64	1.8129133566428555
LYPD4	10	1.0413926851582251
LYPD5	20	1.3222192947339193
LYPD6	22	1.3617278360175928
LYPD6B	13	1.146128035678238
LYPD8	6	0.8450980400142568
LYPLA1	106	2.0293837776852097
LYPLA1P2	1	0.3010299956639812
LYPLA2	80	1.9084850188786497
LYPLA2P1	3	0.6020599913279624
LYPLA2P2	2	0.47712125471966244
LYPLAL1	83	1.9242792860618816
LYPLAL1-DT	3	0.6020599913279624
LYRM1	21	1.3424226808222062
LYRM2	25	1.414973347970818
LYRM4	80	1.9084850188786497
LYRM4-AS1	2	0.47712125471966244
LYRM7	47	1.6812412373755872
LYRM9	6	0.8450980400142568
LYSET	10	1.0413926851582251
LYSETP1	1	0.3010299956639812
LYSMD1	10	1.0413926851582251
LYSMD2	6	0.8450980400142568
LYSMD3	27	1.4471580313422192
LYSMD4	14	1.1760912590556813
LYST	136	2.1367205671564067
LYVE1	311	2.494154594018443
LYZ	208	2.3201462861110542
LYZL1	12	1.1139433523068367
LYZL2	12	1.1139433523068367
LYZL4	10	1.0413926851582251
LYZL6	15	1.2041199826559248
LZIC	33	1.5314789170422551
LZTFL1	58	1.7708520116421442
LZTR1	164	2.2174839442139063
LZTS1	92	1.968482948553935
LZTS2	112	2.0530784434834195
LZTS3	28	1.462397997898956
M1AP	17	1.255272505103306
M6PR	94	1.9777236052888478
MAB21L1	28	1.462397997898956
MAB21L2	31	1.505149978319906
MAB21L3	9	1.0
MAB21L4	9	1.0
MACC1	239	2.380211241711606
MACC1-AS1	5	0.7781512503836436
MACC1-OT1	4	0.6989700043360189
MACF1	219	2.342422680822206
MACIR	39	1.6020599913279623
MACO1	82	1.919078092376074
MACORIS	1	0.3010299956639812
MACROD1	65	1.8195439355418688
MACROD2	60	1.7853298350107671
MACROH2A1	276	2.4424797690644486
MACROH2A2	109	2.041392685158225
MAD1L1	356	2.552668216112193
MAD2L1	602	2.780317312140151
MAD2L1BP	100	2.0043213737826426
MAD2L1P1	1	0.3010299956639812
MAD2L2	186	2.271841606536499
MADCAM1	248	2.3961993470957363
MADD	139	2.146128035678238
MAEA	95	1.9822712330395684
MAEL	38	1.591064607026499
MAF	228	2.359835482339888
MAF1	61	1.792391689498254
MAFA	53	1.7323937598229686
MAFA-AS1	2	0.47712125471966244
MAFB	194	2.290034611362518
MAFF	80	1.9084850188786497
MAFG	107	2.03342375548695
MAFG-AS1	2	0.47712125471966244
MAFIP	12	1.1139433523068367
MAFK	78	1.8976270912904414
MAFTRR	4	0.6989700043360189
MAG	128	2.110589710299249
MAGEA1	395	2.597695185925512
MAGEA10	34	1.5440680443502757
MAGEA11	65	1.8195439355418688
MAGEA12	43	1.6434526764861874
MAGEA13P	2	0.47712125471966244
MAGEA2	46	1.6720978579357175
MAGEA2B	19	1.3010299956639813
MAGEA3	572	2.75815462196739
MAGEA4	83	1.9242792860618816
MAGEA4-AS1	1	0.3010299956639812
MAGEA5P	9	1.0
MAGEA6	40	1.6127838567197355
MAGEA7P	2	0.47712125471966244
MAGEA8	22	1.3617278360175928
MAGEA8-AS1	2	0.47712125471966244
MAGEA9	36	1.568201724066995
MAGEA9B	13	1.146128035678238
MAGEB1	26	1.4313637641589874
MAGEB10	9	1.0
MAGEB16	8	0.9542425094393249
MAGEB17	4	0.6989700043360189
MAGEB17-AS1	1	0.3010299956639812
MAGEB18	18	1.2787536009528289
MAGEB2	127	2.1072099696478683
MAGEB3	13	1.146128035678238
MAGEB4	20	1.3222192947339193
MAGEB5	2	0.47712125471966244
MAGEB6	15	1.2041199826559248
MAGEB6B	2	0.47712125471966244
MAGEC1	77	1.8920946026904804
MAGEC2	100	2.0043213737826426
MAGEC3	13	1.146128035678238
MAGED1	215	2.3344537511509307
MAGED2	216	2.3364597338485296
MAGED4	28	1.462397997898956
MAGED4B	23	1.380211241711606
MAGEE1	28	1.462397997898956
MAGEE2	13	1.146128035678238
MAGEF1	24	1.3979400086720377
MAGEH1	28	1.462397997898956
MAGEL2	95	1.9822712330395684
MAGI1	129	2.113943352306837
MAGI1-IT1	2	0.47712125471966244
MAGI2	176	2.247973266361807
MAGI2-AS1	1	0.3010299956639812
MAGI2-AS3	34	1.5440680443502757
MAGI3	82	1.919078092376074
MAGIX	9	1.0
MAGOH	140	2.1492191126553797
MAGOH-DT	1	0.3010299956639812
MAGOH2P	1	0.3010299956639812
MAGOH3P	1	0.3010299956639812
MAGOHB	94	1.9777236052888478
MAGT1	166	2.2227164711475833
MAHAC	1	0.3010299956639812
MAILR	3	0.6020599913279624
MAIP1	72	1.863322860120456
MAJIN	12	1.1139433523068367
MAK	46	1.6720978579357175
MAK16	61	1.792391689498254
MAL	151	2.1818435879447726
MAL-AS1	1	0.3010299956639812
MAL2	82	1.919078092376074
MAL2-AS1	1	0.3010299956639812
MALAT1	682	2.8344207036815328
MALINC1	4	0.6989700043360189
MALL	28	1.462397997898956
MALNC	1	0.3010299956639812
MALRD1	19	1.3010299956639813
MALRD1-AS1	1	0.3010299956639812
MALSU1	39	1.6020599913279623
MALT1	504	2.7032913781186614
MAMDC2	18	1.2787536009528289
MAMDC2-AS1	1	0.3010299956639812
MAMDC4	11	1.0791812460476249
MAML1	187	2.27415784926368
MAML2	105	2.0253058652647704
MAML3	54	1.7403626894942439
MAML3-AS1	1	0.3010299956639812
MAMLD1	53	1.7323937598229686
MAMSTR	11	1.0791812460476249
MAN1A1	68	1.8388490907372552
MAN1A2	57	1.7634279935629373
MAN1B1	117	2.0718820073061255
MAN1B1-DT	3	0.6020599913279624
MAN1C1	36	1.568201724066995
MAN2A1	79	1.9030899869919435
MAN2A1-DT	1	0.3010299956639812
MAN2A2	48	1.6901960800285136
MAN2B1	82	1.919078092376074
MAN2B2	46	1.6720978579357175
MAN2C1	60	1.7853298350107671
MANBA	57	1.7634279935629373
MANBAL	16	1.2304489213782739
MANCR	9	1.0
MANEA	44	1.6532125137753437
MANEA-DT	1	0.3010299956639812
MANEAL	11	1.0791812460476249
MANF	200	2.303196057420489
MANSC1	11	1.0791812460476249
MANSC4	5	0.7781512503836436
MAOA	865	2.937517892017347
MAOB	215	2.3344537511509307
MAP10	11	1.0791812460476249
MAP1A	106	2.0293837776852097
MAP1B	270	2.432969290874406
MAP1LC3A	1929	3.285557309007774
MAP1LC3B	887	2.948412965778601
MAP1LC3B2	13	1.146128035678238
MAP1LC3C	93	1.9731278535996986
MAP1S	105	2.0253058652647704
MAP2	160	2.2068258760318495
MAP2K1	1793	3.2538224387080734
MAP2K1P2	2	0.47712125471966244
MAP2K2	769	2.886490725172482
MAP2K3	312	2.4955443375464483
MAP2K4	469	2.6720978579357175
MAP2K4P1	2	0.47712125471966244
MAP2K5	177	2.250420002308894
MAP2K5-DT	1	0.3010299956639812
MAP2K6	353	2.5490032620257876
MAP2K7	311	2.494154594018443
MAP3K1	692	2.8407332346118066
MAP3K10	67	1.8325089127062364
MAP3K11	124	2.0969100130080562
MAP3K12	46	1.6720978579357175
MAP3K13	41	1.6232492903979006
MAP3K14	179	2.255272505103306
MAP3K14-AS1	4	0.6989700043360189
MAP3K15	29	1.4771212547196624
MAP3K19	25	1.414973347970818
MAP3K2	135	2.1335389083702174
MAP3K2-DT	1	0.3010299956639812
MAP3K20	118	2.0755469613925306
MAP3K20-AS1	2	0.47712125471966244
MAP3K21	47	1.6812412373755872
MAP3K3	166	2.2227164711475833
MAP3K4	93	1.9731278535996986
MAP3K4-AS1	1	0.3010299956639812
MAP3K5	612	2.787460474518415
MAP3K5-AS2	1	0.3010299956639812
MAP3K6	36	1.568201724066995
MAP3K7	541	2.733999286538387
MAP3K7CL	23	1.380211241711606
MAP3K8	250	2.399673721481038
MAP3K9	53	1.7323937598229686
MAP3K9-DT	2	0.47712125471966244
MAP4	290	2.4638929889859074
MAP4K1	75	1.8808135922807914
MAP4K1-AS1	1	0.3010299956639812
MAP4K2	87	1.9444826721501687
MAP4K3	80	1.9084850188786497
MAP4K3-DT	2	0.47712125471966244
MAP4K4	263	2.4216039268698313
MAP4K5	71	1.8573324964312685
MAP6	48	1.6901960800285136
MAP6-AS1	1	0.3010299956639812
MAP6D1	8	0.9542425094393249
MAP7	119	2.0791812460476247
MAP7D1	115	2.0644579892269186
MAP7D2	42	1.6334684555795864
MAP7D3	96	1.9867717342662448
MAP9	47	1.6812412373755872
MAP9-AS1	1	0.3010299956639812
MAPDA	15	1.2041199826559248
MAPK1	3850	3.585573518622731
MAPK10	127	2.1072099696478683
MAPK10-AS1	2	0.47712125471966244
MAPK11	140	2.1492191126553797
MAPK12	131	2.12057393120585
MAPK13	94	1.9777236052888478
MAPK14	1469	3.167317334748176
MAPK15	59	1.7781512503836436
MAPK1IP1L	27	1.4471580313422192
MAPK3	1863	3.2704459080179626
MAPK4	44	1.6532125137753437
MAPK6	88	1.9493900066449128
MAPK6P1	1	0.3010299956639812
MAPK6P2	1	0.3010299956639812
MAPK6P3	1	0.3010299956639812
MAPK6P4	2	0.47712125471966244
MAPK6P5	1	0.3010299956639812
MAPK6P6	1	0.3010299956639812
MAPK7	383	2.584331224367531
MAPK8	1062	3.0265332645232967
MAPK8IP1	144	2.161368002234975
MAPK8IP1P1	1	0.3010299956639812
MAPK8IP1P2	1	0.3010299956639812
MAPK8IP2	56	1.7558748556724915
MAPK8IP3	98	1.99563519459755
MAPK9	293	2.4683473304121573
MAPKAP1	224	2.3521825181113627
MAPKAPK2	196	2.294466226161593
MAPKAPK3	66	1.8260748027008264
MAPKAPK5	79	1.9030899869919435
MAPKAPK5-AS1	14	1.1760912590556813
MAPKBP1	28	1.462397997898956
MAPRE1	340	2.5327543789924976
MAPRE1P1	1	0.3010299956639812
MAPRE1P2	1	0.3010299956639812
MAPRE2	123	2.093421685162235
MAPRE3	100	2.0043213737826426
MAPT	4825	3.683587317572767
MAPT-AS1	9	1.0
MAPT-IT1	2	0.47712125471966244
MARCHF1	59	1.7781512503836436
MARCHF10	21	1.3424226808222062
MARCHF10-AS1	1	0.3010299956639812
MARCHF10-DT	1	0.3010299956639812
MARCHF11	6	0.8450980400142568
MARCHF11-DT	1	0.3010299956639812
MARCHF2	53	1.7323937598229686
MARCHF3	25	1.414973347970818
MARCHF4	13	1.146128035678238
MARCHF5	110	2.0453229787866576
MARCHF6	77	1.8920946026904804
MARCHF6-DT	1	0.3010299956639812
MARCHF7	54	1.7403626894942439
MARCHF8	93	1.9731278535996986
MARCHF9	23	1.380211241711606
MARCKS	413	2.617000341120899
MARCKSL1	135	2.1335389083702174
MARCKSP1	4	0.6989700043360189
MARCO	105	2.0253058652647704
MARCOL	1	0.3010299956639812
MARF1	53	1.7323937598229686
MARK1	126	2.103803720955957
MARK2	244	2.3891660843645326
MARK2P10	1	0.3010299956639812
MARK2P21	2	0.47712125471966244
MARK2P9	1	0.3010299956639812
MARK3	170	2.2329961103921536
MARK4	109	2.041392685158225
MARS1	248	2.3961993470957363
MARS2	33	1.5314789170422551
MARVELD1	22	1.3617278360175928
MARVELD2	103	2.0170333392987803
MARVELD3	21	1.3424226808222062
MAS1	74	1.8750612633917
MAS1L	10	1.0413926851582251
MAS1LP1	1	0.3010299956639812
MAS1LP2	1	0.3010299956639812
MASP1	220	2.3443922736851106
MASP2	321	2.507855871695831
MAST1	43	1.6434526764861874
MAST2	88	1.9493900066449128
MAST3	35	1.5563025007672873
MAST4	44	1.6532125137753437
MASTL	103	2.0170333392987803
MAT1A	99	2.0
MAT2A	314	2.4983105537896004
MAT2B	111	2.0492180226701815
MATCAP1	10	1.0413926851582251
MATCAP2	8	0.9542425094393249
MATK	94	1.9777236052888478
MATN1	64	1.8129133566428555
MATN1-AS1	5	0.7781512503836436
MATN2	64	1.8129133566428555
MATN3	77	1.8920946026904804
MATN4	31	1.505149978319906
MATR3	456	2.6599162000698504
MAU2	55	1.7481880270062005
MAVS	721	2.858537197569639
MAX	502	2.7015679850559273
MAX-AS1	1	0.3010299956639812
MAZ	128	2.110589710299249
MB	95	1.9822712330395684
MB21D2	37	1.5797835966168101
MBD1	101	2.0086001717619175
MBD2	190	2.2810333672477277
MBD3	188	2.2764618041732443
MBD3L1	16	1.2304489213782739
MBD3L2	9	1.0
MBD3L2B	1	0.3010299956639812
MBD3L3	3	0.6020599913279624
MBD3L4	2	0.47712125471966244
MBD3L5	3	0.6020599913279624
MBD4	187	2.27415784926368
MBD5	74	1.8750612633917
MBD6	30	1.4913616938342726
MBIP	68	1.8388490907372552
MBL1P	8	0.9542425094393249
MBL2	1026	3.0115704435972783
MBL3P	5	0.7781512503836436
MBLAC1	8	0.9542425094393249
MBLAC2	21	1.3424226808222062
MBNL1	287	2.459392487759231
MBNL1-AS1	15	1.2041199826559248
MBNL2	72	1.863322860120456
MBNL3	44	1.6532125137753437
MBOAT1	28	1.462397997898956
MBOAT2	30	1.4913616938342726
MBOAT4	80	1.9084850188786497
MBOAT7	183	2.2648178230095364
MBP	356	2.552668216112193
MBTD1	50	1.7075701760979363
MBTPS1	91	1.9637878273455553
MBTPS2	90	1.9590413923210936
MC1R	438	2.6424645202421213
MC2R	100	2.0043213737826426
MC3R	138	2.143014800254095
MC4R	772	2.888179493918325
MC5R	32	1.5185139398778875
MCAM	569	2.7558748556724915
MCAT	51	1.7160033436347992
MCC	101	2.0086001717619175
MCCC1	146	2.167317334748176
MCCC1-AS1	1	0.3010299956639812
MCCC2	145	2.164352855784437
MCCD1	12	1.1139433523068367
MCCD1P2	1	0.3010299956639812
MCEE	21	1.3424226808222062
MCEMP1	13	1.146128035678238
MCF2	98	1.99563519459755
MCF2L	69	1.845098040014257
MCF2L-AS1	9	1.0
MCF2L2	19	1.3010299956639813
MCFD2	79	1.9030899869919435
MCHR1	200	2.303196057420489
MCHR2	47	1.6812412373755872
MCHR2-AS1	1	0.3010299956639812
MCIDAS	20	1.3222192947339193
MCL1	1821	3.2605483726369795
MCM10	141	2.1522883443830563
MCM2	390	2.5921767573958667
MCM3	445	2.649334858712142
MCM3AP	153	2.187520720836463
MCM3AP-AS1	33	1.5314789170422551
MCM4	364	2.5622928644564746
MCM5	382	2.583198773968623
MCM6	386	2.5877109650189114
MCM7	597	2.776701183988411
MCM8	109	2.041392685158225
MCM9	64	1.8129133566428555
MCMBP	109	2.041392685158225
MCMDC2	7	0.9030899869919435
MCOLN1	245	2.3909351071033793
MCOLN2	45	1.662757831681574
MCOLN3	64	1.8129133566428555
MCPH1	212	2.3283796034387376
MCPH1-AS1	2	0.47712125471966244
MCPH1-DT	4	0.6989700043360189
MCRIP1	35	1.5563025007672873
MCRIP2	34	1.5440680443502757
MCRS1	122	2.089905111439398
MCTP1	20	1.3222192947339193
MCTP1-AS1	1	0.3010299956639812
MCTP2	41	1.6232492903979006
MCTS1	131	2.12057393120585
MCTS2	6	0.8450980400142568
MCU	128	2.110589710299249
MCUB	31	1.505149978319906
MCUR1	35	1.5563025007672873
MDC1	402	2.6053050461411096
MDC1-AS1	2	0.47712125471966244
MDFI	57	1.7634279935629373
MDFIC	31	1.505149978319906
MDFIC2	1	0.3010299956639812
MDGA1	18	1.2787536009528289
MDGA2	39	1.6020599913279623
MDH1	130	2.1172712956557644
MDH1B	5	0.7781512503836436
MDH2	223	2.3502480183341627
MDK	236	2.374748346010104
MDM2	5580	3.7467120225166606
MDM4	645	2.8102325179950842
MDN1	149	2.1760912590556813
MDP1	18	1.2787536009528289
MDS2	5	0.7781512503836436
ME1	80	1.9084850188786497
ME2	90	1.9590413923210936
ME3	27	1.4471580313422192
MEA1	28	1.462397997898956
MEAF6	77	1.8920946026904804
MEAK7	42	1.6334684555795864
MECOM	512	2.7101173651118162
MECP2	1472	3.168202746842631
MECR	38	1.591064607026499
MED1	280	2.44870631990508
MED10	61	1.792391689498254
MED11	41	1.6232492903979006
MED12	421	2.625312450961674
MED12L	28	1.462397997898956
MED13	108	2.037426497940624
MED13L	85	1.9344984512435677
MED13P1	1	0.3010299956639812
MED14	138	2.143014800254095
MED14OS	2	0.47712125471966244
MED14P1	1	0.3010299956639812
MED15	145	2.164352855784437
MED15P9	1	0.3010299956639812
MED16	83	1.9242792860618816
MED17	125	2.100370545117563
MED18	49	1.6989700043360187
MED19	91	1.9637878273455553
MED20	66	1.8260748027008264
MED21	76	1.8864907251724818
MED22	70	1.8512583487190752
MED23	167	2.225309281725863
MED24	100	2.0043213737826426
MED25	79	1.9030899869919435
MED26	59	1.7781512503836436
MED27	80	1.9084850188786497
MED28	69	1.845098040014257
MED28-DT	1	0.3010299956639812
MED29	50	1.7075701760979363
MED30	55	1.7481880270062005
MED31	62	1.7993405494535817
MED4	145	2.164352855784437
MED4-AS1	1	0.3010299956639812
MED6	90	1.9590413923210936
MED7	68	1.8388490907372552
MED8	73	1.8692317197309762
MED9	39	1.6020599913279623
MEDAG	13	1.146128035678238
MEF2A	261	2.4183012913197452
MEF2AP1	1	0.3010299956639812
MEF2B	51	1.7160033436347992
MEF2C	404	2.6074550232146687
MEF2C-AS1	6	0.8450980400142568
MEF2C-AS2	2	0.47712125471966244
MEF2D	203	2.3096301674258988
MEFV	1227	3.089198366805149
MEG3	528	2.7234556720351857
MEG8	22	1.3617278360175928
MEG9	3	0.6020599913279624
MEGF10	43	1.6434526764861874
MEGF11	16	1.2304489213782739
MEGF6	16	1.2304489213782739
MEGF8	40	1.6127838567197355
MEGF9	15	1.2041199826559248
MEI1	16	1.2304489213782739
MEI4	11	1.0791812460476249
MEIG1	11	1.0791812460476249
MEIKIN	7	0.9030899869919435
MEIOB	30	1.4913616938342726
MEIOC	20	1.3222192947339193
MEIOSIN	3	0.6020599913279624
MEIS1	317	2.5024271199844326
MEIS1-AS3	2	0.47712125471966244
MEIS2	119	2.0791812460476247
MEIS3	23	1.380211241711606
MEIS3P1	6	0.8450980400142568
MEIS3P2	2	0.47712125471966244
MELK	239	2.380211241711606
MELTF	88	1.9493900066449128
MELTF-AS1	11	1.0791812460476249
MEMO1	55	1.7481880270062005
MEMO1P1	4	0.6989700043360189
MEN1	1123	3.0507663112330423
MEOX1	55	1.7481880270062005
MEOX2	81	1.9138138523837167
MEP1A	39	1.6020599913279623
MEP1AP1	1	0.3010299956639812
MEP1AP2	1	0.3010299956639812
MEP1B	50	1.7075701760979363
MEPCE	121	2.0863598306747484
MEPE	112	2.0530784434834195
MERTK	452	2.656098202012832
MESD	73	1.8692317197309762
MESP1	27	1.4471580313422192
MESP2	27	1.4471580313422192
MEST	89	1.954242509439325
MESTIT1	4	0.6989700043360189
MESTP4	1	0.3010299956639812
MET	2889	3.4608978427565478
METAP1	74	1.8750612633917
METAP1D	25	1.414973347970818
METAP2	171	2.2355284469075487
METRN	30	1.4913616938342726
METRNL	70	1.8512583487190752
METTL1	103	2.0170333392987803
METTL13	78	1.8976270912904414
METTL14	364	2.5622928644564746
METTL14-DT	1	0.3010299956639812
METTL15	39	1.6020599913279623
METTL15P1	1	0.3010299956639812
METTL16	134	2.130333768495006
METTL17	62	1.7993405494535817
METTL18	22	1.3617278360175928
METTL21A	25	1.414973347970818
METTL21C	12	1.1139433523068367
METTL21EP	4	0.6989700043360189
METTL22	10	1.0413926851582251
METTL23	14	1.1760912590556813
METTL24	5	0.7781512503836436
METTL25	20	1.3222192947339193
METTL25B	9	1.0
METTL26	12	1.1139433523068367
METTL27	14	1.1760912590556813
METTL2A	24	1.3979400086720377
METTL2B	33	1.5314789170422551
METTL3	1425	3.154119525515847
METTL4	27	1.4471580313422192
METTL5	32	1.5185139398778875
METTL6	24	1.3979400086720377
METTL8	26	1.4313637641589874
METTL9	31	1.505149978319906
MEX3A	63	1.806179973983887
MEX3B	47	1.6812412373755872
MEX3C	49	1.6989700043360187
MEX3D	28	1.462397997898956
MFAP1	129	2.113943352306837
MFAP2	50	1.7075701760979363
MFAP3	23	1.380211241711606
MFAP3L	13	1.146128035678238
MFAP4	91	1.9637878273455553
MFAP5	59	1.7781512503836436
MFF	128	2.110589710299249
MFF-DT	4	0.6989700043360189
MFFP2	1	0.3010299956639812
MFGE8	355	2.5514499979728753
MFHAS1	41	1.6232492903979006
MFN1	246	2.392696953259666
MFN2	708	2.8506462351830666
MFNG	29	1.4771212547196624
MFRP	43	1.6434526764861874
MFSD1	18	1.2787536009528289
MFSD11	15	1.2041199826559248
MFSD12	32	1.5185139398778875
MFSD2A	76	1.8864907251724818
MFSD2B	20	1.3222192947339193
MFSD6	15	1.2041199826559248
MFSD6L	6	0.8450980400142568
MFSD8	73	1.8692317197309762
MGA	139	2.146128035678238
MGAM	37	1.5797835966168101
MGAM2	7	0.9030899869919435
MGARP	22	1.3617278360175928
MGAT1	75	1.8808135922807914
MGAT2	63	1.806179973983887
MGAT3	43	1.6434526764861874
MGAT3-AS1	3	0.6020599913279624
MGAT4A	35	1.5563025007672873
MGAT4B	40	1.6127838567197355
MGAT4C	27	1.4471580313422192
MGAT4D	11	1.0791812460476249
MGAT4EP	4	0.6989700043360189
MGAT4FP	2	0.47712125471966244
MGAT5	117	2.0718820073061255
MGAT5B	55	1.7481880270062005
MGLL	90	1.9590413923210936
MGME1	67	1.8325089127062364
MGMT	2116	3.325720858019412
MGP	153	2.187520720836463
MGRN1	71	1.8573324964312685
MGST1	93	1.9731278535996986
MGST2	37	1.5797835966168101
MGST3	74	1.8750612633917
MHENCR	1	0.3010299956639812
MHRT	7	0.9030899869919435
MIA	171	2.2355284469075487
MIA-RAB4B	3	0.6020599913279624
MIA2	83	1.9242792860618816
MIA2-AS1	1	0.3010299956639812
MIA3	126	2.103803720955957
MIAT	95	1.9822712330395684
MIATNB	3	0.6020599913279624
MIB1	271	2.4345689040341987
MIB2	74	1.8750612633917
MICA	1239	3.093421685162235
MICA-AS1	5	0.7781512503836436
MICAL1	119	2.0791812460476247
MICAL2	58	1.7708520116421442
MICAL3	83	1.9242792860618816
MICALL1	76	1.8864907251724818
MICALL2	43	1.6434526764861874
MICB	447	2.651278013998144
MICB-DT	2	0.47712125471966244
MICC	2	0.47712125471966244
MICD	3	0.6020599913279624
MICE	2	0.47712125471966244
MICF	1	0.3010299956639812
MICG	1	0.3010299956639812
MICOS10	37	1.5797835966168101
MICOS10-NBL1	12	1.1139433523068367
MICOS10P1	2	0.47712125471966244
MICOS10P4	1	0.3010299956639812
MICOS13	55	1.7481880270062005
MICU1	171	2.2355284469075487
MICU2	87	1.9444826721501687
MICU3	18	1.2787536009528289
MID1	178	2.2528530309798933
MID1IP1	33	1.5314789170422551
MID2	55	1.7481880270062005
MIDEAS	74	1.8750612633917
MIDEAS-AS1	1	0.3010299956639812
MIDN	23	1.380211241711606
MIEF1	60	1.7853298350107671
MIEF2	52	1.724275869600789
MIEN1	59	1.7781512503836436
MIER1	64	1.8129133566428555
MIER2	18	1.2787536009528289
MIER3	23	1.380211241711606
MIF	1386	3.1420764610732848
MIF-AS1	8	0.9542425094393249
MIF4GD	41	1.6232492903979006
MIF4GD-DT	3	0.6020599913279624
MIGA1	26	1.4313637641589874
MIGA2	23	1.380211241711606
MIIP	43	1.6434526764861874
MILIP	18	1.2787536009528289
MILR1	12	1.1139433523068367
MIMS1	26	1.4313637641589874
MIMS2	24	1.3979400086720377
MIMT1	4	0.6989700043360189
MINAR1	12	1.1139433523068367
MINAR2	5	0.7781512503836436
MINCR	15	1.2041199826559248
MINDY1	32	1.5185139398778875
MINDY2	23	1.380211241711606
MINDY2-DT	1	0.3010299956639812
MINDY3	34	1.5440680443502757
MINDY4	16	1.2304489213782739
MINDY4B	4	0.6989700043360189
MINK1	102	2.012837224705172
MINPP1	51	1.7160033436347992
MIOS	58	1.7708520116421442
MIOS-DT	3	0.6020599913279624
MIOX	32	1.5185139398778875
MIP	98	1.99563519459755
MIPEP	46	1.6720978579357175
MIPEPP2	2	0.47712125471966244
MIPEPP3	5	0.7781512503836436
MIPOL1	42	1.6334684555795864
MIR1-1	393	2.595496221825574
MIR1-1HG	7	0.9030899869919435
MIR1-2	77	1.8920946026904804
MIR100	235	2.3729120029701067
MIR100HG	22	1.3617278360175928
MIR101-1	200	2.303196057420489
MIR101-2	90	1.9590413923210936
MIR10226	2	0.47712125471966244
MIR10392	2	0.47712125471966244
MIR10393	2	0.47712125471966244
MIR10394	2	0.47712125471966244
MIR10396A	2	0.47712125471966244
MIR10396B	2	0.47712125471966244
MIR10397	2	0.47712125471966244
MIR10398	2	0.47712125471966244
MIR10399	2	0.47712125471966244
MIR103A1	88	1.9493900066449128
MIR103A2	64	1.8129133566428555
MIR103B1	8	0.9542425094393249
MIR103B2	6	0.8450980400142568
MIR10400	2	0.47712125471966244
MIR105-1	27	1.4471580313422192
MIR105-2	19	1.3010299956639813
MIR10522	2	0.47712125471966244
MIR10523	2	0.47712125471966244
MIR10524	2	0.47712125471966244
MIR10525	2	0.47712125471966244
MIR10526	2	0.47712125471966244
MIR10527	3	0.6020599913279624
MIR106A	158	2.2013971243204513
MIR106B	176	2.247973266361807
MIR107	252	2.403120521175818
MIR10A	115	2.0644579892269186
MIR10B	184	2.2671717284030137
MIR11181	2	0.47712125471966244
MIR11399	2	0.47712125471966244
MIR11400	2	0.47712125471966244
MIR11401	2	0.47712125471966244
MIR1178	10	1.0413926851582251
MIR1179	34	1.5440680443502757
MIR1180	14	1.1760912590556813
MIR1181	10	1.0413926851582251
MIR1182	12	1.1139433523068367
MIR1183	9	1.0
MIR1184-1	25	1.414973347970818
MIR1184-2	5	0.7781512503836436
MIR1184-3	5	0.7781512503836436
MIR1185-1	10	1.0413926851582251
MIR1185-2	9	1.0
MIR1193	8	0.9542425094393249
MIR1197	5	0.7781512503836436
MIR1199	5	0.7781512503836436
MIR1200	5	0.7781512503836436
MIR1202	16	1.2304489213782739
MIR1203	7	0.9030899869919435
MIR1204	9	1.0
MIR1205	16	1.2304489213782739
MIR1206	6	0.8450980400142568
MIR1207	29	1.4771212547196624
MIR1208	10	1.0413926851582251
MIR12113	2	0.47712125471966244
MIR12114	2	0.47712125471966244
MIR12115	2	0.47712125471966244
MIR12116	2	0.47712125471966244
MIR12117	2	0.47712125471966244
MIR12118	2	0.47712125471966244
MIR12119	2	0.47712125471966244
MIR12120	2	0.47712125471966244
MIR12121	2	0.47712125471966244
MIR12122	2	0.47712125471966244
MIR12123	2	0.47712125471966244
MIR12124	2	0.47712125471966244
MIR12125	2	0.47712125471966244
MIR12126	2	0.47712125471966244
MIR12127	2	0.47712125471966244
MIR12128	2	0.47712125471966244
MIR12129	3	0.6020599913279624
MIR12130	2	0.47712125471966244
MIR12131	2	0.47712125471966244
MIR12132	2	0.47712125471966244
MIR12133	2	0.47712125471966244
MIR12135	2	0.47712125471966244
MIR12136	3	0.6020599913279624
MIR122	1025	3.0111473607757975
MIR1224	50	1.7075701760979363
MIR1225	35	1.5563025007672873
MIR1226	16	1.2304489213782739
MIR1227	6	0.8450980400142568
MIR1228	27	1.4471580313422192
MIR1229	14	1.1760912590556813
MIR122HG	3	0.6020599913279624
MIR1231	15	1.2041199826559248
MIR1233-1	7	0.9030899869919435
MIR1233-2	6	0.8450980400142568
MIR1234	5	0.7781512503836436
MIR1236	34	1.5440680443502757
MIR1237	5	0.7781512503836436
MIR1238	16	1.2304489213782739
MIR124-1	285	2.456366033129043
MIR124-1HG	10	1.0413926851582251
MIR124-2	110	2.0453229787866576
MIR124-2HG	7	0.9030899869919435
MIR124-3	165	2.220108088040055
MIR1243	4	0.6989700043360189
MIR1244-1	9	1.0
MIR1244-2	3	0.6020599913279624
MIR1244-3	2	0.47712125471966244
MIR1244-4	2	0.47712125471966244
MIR1245A	6	0.8450980400142568
MIR1245B	4	0.6989700043360189
MIR1246	81	1.9138138523837167
MIR1247	40	1.6127838567197355
MIR1248	9	1.0
MIR1249	18	1.2787536009528289
MIR1250	8	0.9542425094393249
MIR1251	5	0.7781512503836436
MIR1252	7	0.9030899869919435
MIR1253	13	1.146128035678238
MIR1255A	3	0.6020599913279624
MIR1255B1	4	0.6989700043360189
MIR1255B2	4	0.6989700043360189
MIR1256	8	0.9542425094393249
MIR1257	4	0.6989700043360189
MIR1258	29	1.4771212547196624
MIR125A	957	2.9813655090785445
MIR125B1	259	2.4149733479708178
MIR125B2	139	2.146128035678238
MIR126	765	2.884228769632604
MIR1260A	12	1.1139433523068367
MIR1260B	15	1.2041199826559248
MIR1261	6	0.8450980400142568
MIR1262	10	1.0413926851582251
MIR1263	7	0.9030899869919435
MIR1264	7	0.9030899869919435
MIR1265	4	0.6989700043360189
MIR1266	18	1.2787536009528289
MIR1267	4	0.6989700043360189
MIR1268A	8	0.9542425094393249
MIR1268B	4	0.6989700043360189
MIR1269A	22	1.3617278360175928
MIR1269B	5	0.7781512503836436
MIR127	102	2.012837224705172
MIR1270	32	1.5185139398778875
MIR1271	46	1.6720978579357175
MIR1272	7	0.9030899869919435
MIR1273C	3	0.6020599913279624
MIR1273H	3	0.6020599913279624
MIR1275	63	1.806179973983887
MIR1276	11	1.0791812460476249
MIR1277	9	1.0
MIR1278	8	0.9542425094393249
MIR1279	4	0.6989700043360189
MIR128-1	136	2.1367205671564067
MIR128-2	71	1.8573324964312685
MIR1281	11	1.0791812460476249
MIR1282	3	0.6020599913279624
MIR1283-1	10	1.0413926851582251
MIR1283-2	5	0.7781512503836436
MIR1284	14	1.1760912590556813
MIR1285-1	13	1.146128035678238
MIR1285-2	8	0.9542425094393249
MIR1286	11	1.0791812460476249
MIR1287	44	1.6532125137753437
MIR1288	10	1.0413926851582251
MIR1289-1	2	0.47712125471966244
MIR1289-2	2	0.47712125471966244
MIR129-1	337	2.5289167002776547
MIR129-2	88	1.9493900066449128
MIR1290	48	1.6901960800285136
MIR1291	20	1.3222192947339193
MIR1292	6	0.8450980400142568
MIR1293	17	1.255272505103306
MIR1294	40	1.6127838567197355
MIR1295A	3	0.6020599913279624
MIR1295B	3	0.6020599913279624
MIR1296	25	1.414973347970818
MIR1297	52	1.724275869600789
MIR1298	19	1.3010299956639813
MIR1299	21	1.3424226808222062
MIR1301	60	1.7853298350107671
MIR1302-1	2	0.47712125471966244
MIR1302-10	2	0.47712125471966244
MIR1302-11	2	0.47712125471966244
MIR1302-2	2	0.47712125471966244
MIR1302-3	4	0.6989700043360189
MIR1302-4	2	0.47712125471966244
MIR1302-5	2	0.47712125471966244
MIR1302-6	2	0.47712125471966244
MIR1302-7	2	0.47712125471966244
MIR1302-8	2	0.47712125471966244
MIR1302-9	2	0.47712125471966244
MIR1303	16	1.2304489213782739
MIR1304	11	1.0791812460476249
MIR1305	13	1.146128035678238
MIR1306	12	1.1139433523068367
MIR1307	35	1.5563025007672873
MIR130A	155	2.1931245983544616
MIR130B	111	2.0492180226701815
MIR132	323	2.510545010206612
MIR1321	4	0.6989700043360189
MIR1322	11	1.0791812460476249
MIR1323	25	1.414973347970818
MIR1324	7	0.9030899869919435
MIR133A1	143	2.1583624920952498
MIR133A1HG	6	0.8450980400142568
MIR133A2	54	1.7403626894942439
MIR133B	496	2.696356388733332
MIR134	160	2.2068258760318495
MIR1343	15	1.2041199826559248
MIR135A1	99	2.0
MIR135A2	43	1.6434526764861874
MIR135B	313	2.496929648073215
MIR136	145	2.164352855784437
MIR137	252	2.403120521175818
MIR137HG	14	1.1760912590556813
MIR138-1	151	2.1818435879447726
MIR138-2	75	1.8808135922807914
MIR139	335	2.526339277389844
MIR140	486	2.6875289612146345
MIR141	510	2.708420900134713
MIR142	447	2.651278013998144
MIR143	649	2.8129133566428557
MIR144	356	2.552668216112193
MIR145	1280	3.1075491297446862
MIR1468	9	1.0
MIR1469	10	1.0413926851582251
MIR146A	952	2.979092900638326
MIR146B	145	2.164352855784437
MIR1470	4	0.6989700043360189
MIR1471	4	0.6989700043360189
MIR147A	20	1.3222192947339193
MIR147B	23	1.380211241711606
MIR148A	430	2.6344772701607315
MIR148B	79	1.9030899869919435
MIR149	377	2.5774917998372255
MIR150	487	2.6884198220027105
MIR151A	39	1.6020599913279623
MIR151B	8	0.9542425094393249
MIR152	256	2.4099331233312946
MIR153-1	62	1.7993405494535817
MIR153-2	35	1.5563025007672873
MIR1537	5	0.7781512503836436
MIR1538	3	0.6020599913279624
MIR1539	4	0.6989700043360189
MIR154	76	1.8864907251724818
MIR155	1937	3.2873537727147464
MIR155HG	58	1.7708520116421442
MIR1587	9	1.0
MIR15A	249	2.3979400086720375
MIR15B	127	2.1072099696478683
MIR16-1	283	2.4533183400470375
MIR16-2	106	2.0293837776852097
MIR17	681	2.833784374656479
MIR17HG	241	2.383815365980431
MIR181A1	207	2.3180633349627615
MIR181A1HG	13	1.146128035678238
MIR181A2	105	2.0253058652647704
MIR181A2HG	5	0.7781512503836436
MIR181B1	113	2.0569048513364727
MIR181B2	40	1.6127838567197355
MIR181C	60	1.7853298350107671
MIR181D	40	1.6127838567197355
MIR182	467	2.670245853074124
MIR1825	10	1.0413926851582251
MIR1827	12	1.1139433523068367
MIR183	266	2.4265112613645754
MIR184	120	2.0827853703164503
MIR1843	2	0.47712125471966244
MIR185	234	2.3710678622717363
MIR186	260	2.416640507338281
MIR187	65	1.8195439355418688
MIR188	113	2.0569048513364727
MIR18A	242	2.385606273598312
MIR18B	36	1.568201724066995
MIR1908	34	1.5440680443502757
MIR1909	6	0.8450980400142568
MIR190A	53	1.7323937598229686
MIR190B	16	1.2304489213782739
MIR191	147	2.1702617153949575
MIR1910	7	0.9030899869919435
MIR1911	3	0.6020599913279624
MIR1912	6	0.8450980400142568
MIR1913	3	0.6020599913279624
MIR1914	7	0.9030899869919435
MIR1915	16	1.2304489213782739
MIR1915HG	6	0.8450980400142568
MIR192	257	2.41161970596323
MIR193A	145	2.164352855784437
MIR193B	98	1.99563519459755
MIR193BHG	8	0.9542425094393249
MIR194-1	102	2.012837224705172
MIR194-2	50	1.7075701760979363
MIR194-2HG	7	0.9030899869919435
MIR195	460	2.663700925389648
MIR196A1	111	2.0492180226701815
MIR196A2	234	2.3710678622717363
MIR196B	83	1.9242792860618816
MIR197	132	2.123851640967086
MIR1972-1	10	1.0413926851582251
MIR1972-2	6	0.8450980400142568
MIR1973	5	0.7781512503836436
MIR1976	8	0.9542425094393249
MIR198	71	1.8573324964312685
MIR199A1	212	2.3283796034387376
MIR199A2	121	2.0863598306747484
MIR199B	75	1.8808135922807914
MIR19A	459	2.662757831681574
MIR19B1	112	2.0530784434834195
MIR19B2	40	1.6127838567197355
MIR200A	227	2.357934847000454
MIR200B	271	2.4345689040341987
MIR200C	353	2.5490032620257876
MIR200CHG	2	0.47712125471966244
MIR202	101	2.0086001717619175
MIR203A	479	2.681241237375587
MIR203B	27	1.4471580313422192
MIR204	467	2.670245853074124
MIR205	473	2.6757783416740852
MIR2052	2	0.47712125471966244
MIR2052HG	6	0.8450980400142568
MIR2053	6	0.8450980400142568
MIR2054	3	0.6020599913279624
MIR205HG	17	1.255272505103306
MIR206	464	2.667452952889954
MIR208A	45	1.662757831681574
MIR208B	110	2.0453229787866576
MIR20A	406	2.60959440922522
MIR20B	105	2.0253058652647704
MIR21	3583	3.5543680009900878
MIR210	590	2.7715874808812555
MIR210HG	19	1.3010299956639813
MIR211	167	2.225309281725863
MIR2110	7	0.9030899869919435
MIR2113	12	1.1139433523068367
MIR2113HG	4	0.6989700043360189
MIR2114	4	0.6989700043360189
MIR2115	4	0.6989700043360189
MIR2116	6	0.8450980400142568
MIR2117	2	0.47712125471966244
MIR2117HG	1	0.3010299956639812
MIR212	197	2.296665190261531
MIR214	562	2.7505083948513462
MIR215	126	2.103803720955957
MIR216A	80	1.9084850188786497
MIR216B	41	1.6232492903979006
MIR217	189	2.278753600952829
MIR217HG	2	0.47712125471966244
MIR218-1	172	2.2380461031287955
MIR218-2	84	1.9294189257142926
MIR219A1	100	2.0043213737826426
MIR219A2	23	1.380211241711606
MIR219B	6	0.8450980400142568
MIR22	261	2.4183012913197452
MIR221	745	2.8727388274726686
MIR222	501	2.7007037171450192
MIR222HG	6	0.8450980400142568
MIR223	680	2.833147111912785
MIR223HG	3	0.6020599913279624
MIR224	256	2.4099331233312946
MIR2276	4	0.6989700043360189
MIR2277	4	0.6989700043360189
MIR2278	4	0.6989700043360189
MIR22HG	37	1.5797835966168101
MIR2355	17	1.255272505103306
MIR2392	9	1.0
MIR23A	468	2.6711728427150834
MIR23AHG	6	0.8450980400142568
MIR23B	169	2.230448921378274
MIR23C	7	0.9030899869919435
MIR24-1	166	2.2227164711475833
MIR24-2	383	2.584331224367531
MIR2467	11	1.0791812460476249
MIR25	239	2.380211241711606
MIR2681	2	0.47712125471966244
MIR2682	13	1.146128035678238
MIR26A1	243	2.387389826338729
MIR26A2	68	1.8388490907372552
MIR26B	565	2.7528164311882715
MIR27A	378	2.578639209968072
MIR27B	191	2.2833012287035497
MIR28	85	1.9344984512435677
MIR2861	11	1.0791812460476249
MIR2909	20	1.3222192947339193
MIR296	157	2.1986570869544226
MIR297	13	1.146128035678238
MIR298	14	1.1760912590556813
MIR299	42	1.6334684555795864
MIR29A	1232	3.0909630765957314
MIR29B1	286	2.4578818967339924
MIR29B2	96	1.9867717342662448
MIR29B2CHG	4	0.6989700043360189
MIR29C	189	2.278753600952829
MIR300	29	1.4771212547196624
MIR301A	136	2.1367205671564067
MIR301B	36	1.568201724066995
MIR302A	87	1.9444826721501687
MIR302B	38	1.591064607026499
MIR302C	24	1.3979400086720377
MIR302CHG	1	0.3010299956639812
MIR302D	19	1.3010299956639813
MIR302E	6	0.8450980400142568
MIR302F	5	0.7781512503836436
MIR3059	2	0.47712125471966244
MIR3064	8	0.9542425094393249
MIR3065	10	1.0413926851582251
MIR3074	19	1.3010299956639813
MIR3085	5	0.7781512503836436
MIR30A	360	2.5575072019056577
MIR30B	711	2.8524799936368566
MIR30C1	100	2.0043213737826426
MIR30C2	67	1.8325089127062364
MIR30D	77	1.8920946026904804
MIR30E	77	1.8920946026904804
MIR31	441	2.645422269349092
MIR3115	4	0.6989700043360189
MIR3116-1	3	0.6020599913279624
MIR3116-2	3	0.6020599913279624
MIR3117	8	0.9542425094393249
MIR3118-1	5	0.7781512503836436
MIR3118-2	2	0.47712125471966244
MIR3118-3	2	0.47712125471966244
MIR3118-4	2	0.47712125471966244
MIR3119-1	2	0.47712125471966244
MIR3119-2	2	0.47712125471966244
MIR3120	11	1.0791812460476249
MIR3121	5	0.7781512503836436
MIR3122	3	0.6020599913279624
MIR3123	3	0.6020599913279624
MIR3124	6	0.8450980400142568
MIR3125	4	0.6989700043360189
MIR3126	8	0.9542425094393249
MIR3127	20	1.3222192947339193
MIR3128	5	0.7781512503836436
MIR3129	11	1.0791812460476249
MIR3130-1	8	0.9542425094393249
MIR3130-2	8	0.9542425094393249
MIR3131	8	0.9542425094393249
MIR3132	2	0.47712125471966244
MIR3133	5	0.7781512503836436
MIR3134	3	0.6020599913279624
MIR3135A	2	0.47712125471966244
MIR3135B	7	0.9030899869919435
MIR3136	5	0.7781512503836436
MIR3137	3	0.6020599913279624
MIR3138	6	0.8450980400142568
MIR3139	2	0.47712125471966244
MIR3140	7	0.9030899869919435
MIR3141	3	0.6020599913279624
MIR3142	3	0.6020599913279624
MIR3142HG	3	0.6020599913279624
MIR3143	5	0.7781512503836436
MIR3144	8	0.9542425094393249
MIR3145	5	0.7781512503836436
MIR3146	6	0.8450980400142568
MIR3147	4	0.6989700043360189
MIR3148	11	1.0791812460476249
MIR3149	5	0.7781512503836436
MIR3150A	7	0.9030899869919435
MIR3150B	7	0.9030899869919435
MIR3150BHG	2	0.47712125471966244
MIR3151	11	1.0791812460476249
MIR3152	5	0.7781512503836436
MIR3153	3	0.6020599913279624
MIR3154	10	1.0413926851582251
MIR3155A	3	0.6020599913279624
MIR3155B	2	0.47712125471966244
MIR3156-1	5	0.7781512503836436
MIR3156-2	5	0.7781512503836436
MIR3156-3	6	0.8450980400142568
MIR3157	5	0.7781512503836436
MIR3158-1	7	0.9030899869919435
MIR3158-2	6	0.8450980400142568
MIR3159	2	0.47712125471966244
MIR3160-1	4	0.6989700043360189
MIR3160-2	4	0.6989700043360189
MIR3161	3	0.6020599913279624
MIR3162	11	1.0791812460476249
MIR3163	18	1.2787536009528289
MIR3164	2	0.47712125471966244
MIR3165	4	0.6989700043360189
MIR3166	3	0.6020599913279624
MIR3167	5	0.7781512503836436
MIR3168	5	0.7781512503836436
MIR3169	2	0.47712125471966244
MIR3170	6	0.8450980400142568
MIR3171	4	0.6989700043360189
MIR3171HG	5	0.7781512503836436
MIR3173	7	0.9030899869919435
MIR3174	7	0.9030899869919435
MIR3175	14	1.1760912590556813
MIR3176	4	0.6989700043360189
MIR3177	7	0.9030899869919435
MIR3178	10	1.0413926851582251
MIR3179-1	4	0.6989700043360189
MIR3179-2	3	0.6020599913279624
MIR3179-3	3	0.6020599913279624
MIR3179-4	3	0.6020599913279624
MIR3180-1	5	0.7781512503836436
MIR3180-2	4	0.6989700043360189
MIR3180-3	2	0.47712125471966244
MIR3180-4	3	0.6020599913279624
MIR3180-5	5	0.7781512503836436
MIR3181	4	0.6989700043360189
MIR3182	7	0.9030899869919435
MIR3183	5	0.7781512503836436
MIR3184	10	1.0413926851582251
MIR3185	3	0.6020599913279624
MIR3186	5	0.7781512503836436
MIR3187	9	1.0
MIR3188	14	1.1760912590556813
MIR3189	12	1.1139433523068367
MIR3190	5	0.7781512503836436
MIR3191	5	0.7781512503836436
MIR3192	5	0.7781512503836436
MIR3193	3	0.6020599913279624
MIR3194	11	1.0791812460476249
MIR3195	7	0.9030899869919435
MIR3196	10	1.0413926851582251
MIR3197	3	0.6020599913279624
MIR3198-1	6	0.8450980400142568
MIR3198-2	5	0.7781512503836436
MIR3199-1	3	0.6020599913279624
MIR3199-2	4	0.6989700043360189
MIR31HG	48	1.6901960800285136
MIR32	81	1.9138138523837167
MIR3200	14	1.1760912590556813
MIR3201	6	0.8450980400142568
MIR3202-1	8	0.9542425094393249
MIR3202-2	5	0.7781512503836436
MIR320A	152	2.184691430817599
MIR320B1	28	1.462397997898956
MIR320B2	18	1.2787536009528289
MIR320C1	18	1.2787536009528289
MIR320C2	11	1.0791812460476249
MIR320D1	12	1.1139433523068367
MIR320D2	9	1.0
MIR320E	8	0.9542425094393249
MIR323A	36	1.568201724066995
MIR323B	11	1.0791812460476249
MIR324	125	2.100370545117563
MIR325	16	1.2304489213782739
MIR325HG	1	0.3010299956639812
MIR326	236	2.374748346010104
MIR328	136	2.1367205671564067
MIR329-1	30	1.4913616938342726
MIR329-2	18	1.2787536009528289
MIR330	165	2.220108088040055
MIR331	85	1.9344984512435677
MIR335	262	2.419955748489758
MIR337	57	1.7634279935629373
MIR338	313	2.496929648073215
MIR339	72	1.863322860120456
MIR33A	252	2.403120521175818
MIR33B	60	1.7853298350107671
MIR340	190	2.2810333672477277
MIR342	95	1.9822712330395684
MIR345	50	1.7075701760979363
MIR346	69	1.845098040014257
MIR34A	764	2.8836614351536176
MIR34AHG	8	0.9542425094393249
MIR34B	137	2.1398790864012365
MIR34BHG	3	0.6020599913279624
MIR34C	164	2.2174839442139063
MIR3529	4	0.6989700043360189
MIR3591	3	0.6020599913279624
MIR3605	6	0.8450980400142568
MIR3606	4	0.6989700043360189
MIR3609	4	0.6989700043360189
MIR361	150	2.1789769472931693
MIR3610	5	0.7781512503836436
MIR3611	2	0.47712125471966244
MIR3612	9	1.0
MIR3613	19	1.3010299956639813
MIR3614	13	1.146128035678238
MIR3615	7	0.9030899869919435
MIR3616	4	0.6989700043360189
MIR3617	3	0.6020599913279624
MIR3618	3	0.6020599913279624
MIR3619	39	1.6020599913279623
MIR362	57	1.7634279935629373
MIR3620	3	0.6020599913279624
MIR3621	2	0.47712125471966244
MIR3622A	6	0.8450980400142568
MIR3622B	3	0.6020599913279624
MIR363	152	2.184691430817599
MIR3646	7	0.9030899869919435
MIR3648-1	9	1.0
MIR3648-2	4	0.6989700043360189
MIR3649	2	0.47712125471966244
MIR3650	4	0.6989700043360189
MIR3651	8	0.9542425094393249
MIR3652	5	0.7781512503836436
MIR3654	5	0.7781512503836436
MIR3655	2	0.47712125471966244
MIR3657	2	0.47712125471966244
MIR3658	6	0.8450980400142568
MIR3659	7	0.9030899869919435
MIR3659HG	1	0.3010299956639812
MIR365A	108	2.037426497940624
MIR365B	23	1.380211241711606
MIR3660	4	0.6989700043360189
MIR3661	5	0.7781512503836436
MIR3662	19	1.3010299956639813
MIR3663	5	0.7781512503836436
MIR3664	6	0.8450980400142568
MIR3665	4	0.6989700043360189
MIR3666	18	1.2787536009528289
MIR3667	3	0.6020599913279624
MIR3667HG	8	0.9542425094393249
MIR3668	2	0.47712125471966244
MIR367	46	1.6720978579357175
MIR3670-1	2	0.47712125471966244
MIR3670-2	2	0.47712125471966244
MIR3670-3	2	0.47712125471966244
MIR3670-4	2	0.47712125471966244
MIR3671	2	0.47712125471966244
MIR3672	2	0.47712125471966244
MIR3674	2	0.47712125471966244
MIR3675	2	0.47712125471966244
MIR3677	12	1.1139433523068367
MIR3677HG	1	0.3010299956639812
MIR3678	4	0.6989700043360189
MIR3679	11	1.0791812460476249
MIR3680-1	4	0.6989700043360189
MIR3680-2	3	0.6020599913279624
MIR3681	6	0.8450980400142568
MIR3681HG	5	0.7781512503836436
MIR3682	11	1.0791812460476249
MIR3683	2	0.47712125471966244
MIR3684	2	0.47712125471966244
MIR3685	2	0.47712125471966244
MIR3686	3	0.6020599913279624
MIR3688-1	4	0.6989700043360189
MIR3688-2	3	0.6020599913279624
MIR3689A	4	0.6989700043360189
MIR3689B	3	0.6020599913279624
MIR3689C	2	0.47712125471966244
MIR3689D1	2	0.47712125471966244
MIR3689D2	2	0.47712125471966244
MIR3689E	2	0.47712125471966244
MIR3689F	3	0.6020599913279624
MIR369	38	1.591064607026499
MIR3690	3	0.6020599913279624
MIR3691	5	0.7781512503836436
MIR3692	3	0.6020599913279624
MIR370	195	2.292256071356476
MIR3713	4	0.6989700043360189
MIR3714	3	0.6020599913279624
MIR371A	116	2.0681858617461617
MIR371B	8	0.9542425094393249
MIR372	62	1.7993405494535817
MIR373	141	2.1522883443830563
MIR374A	116	2.0681858617461617
MIR374B	32	1.5185139398778875
MIR374C	5	0.7781512503836436
MIR375	473	2.6757783416740852
MIR376A1	40	1.6127838567197355
MIR376A2	8	0.9542425094393249
MIR376B	15	1.2041199826559248
MIR376C	95	1.9822712330395684
MIR377	134	2.130333768495006
MIR378A	153	2.187520720836463
MIR378B	7	0.9030899869919435
MIR378C	9	1.0
MIR378D1	5	0.7781512503836436
MIR378D2	7	0.9030899869919435
MIR378E	6	0.8450980400142568
MIR378F	3	0.6020599913279624
MIR378G	6	0.8450980400142568
MIR378H	3	0.6020599913279624
MIR378I	3	0.6020599913279624
MIR378J	2	0.47712125471966244
MIR379	69	1.845098040014257
MIR380	20	1.3222192947339193
MIR381	114	2.060697840353612
MIR382	94	1.9777236052888478
MIR383	114	2.060697840353612
MIR384	50	1.7075701760979363
MIR3907	3	0.6020599913279624
MIR3908	3	0.6020599913279624
MIR3909	5	0.7781512503836436
MIR3910-1	5	0.7781512503836436
MIR3910-2	5	0.7781512503836436
MIR3911	5	0.7781512503836436
MIR3912	4	0.6989700043360189
MIR3913-1	4	0.6989700043360189
MIR3913-2	3	0.6020599913279624
MIR3914-1	4	0.6989700043360189
MIR3914-2	4	0.6989700043360189
MIR3915	2	0.47712125471966244
MIR3916	3	0.6020599913279624
MIR3917	4	0.6989700043360189
MIR3918	6	0.8450980400142568
MIR3919	2	0.47712125471966244
MIR3920	2	0.47712125471966244
MIR3921	2	0.47712125471966244
MIR3922	4	0.6989700043360189
MIR3923	2	0.47712125471966244
MIR3924	2	0.47712125471966244
MIR3925	3	0.6020599913279624
MIR3926-1	4	0.6989700043360189
MIR3926-2	4	0.6989700043360189
MIR3927	4	0.6989700043360189
MIR3928	8	0.9542425094393249
MIR3929	3	0.6020599913279624
MIR3934	4	0.6989700043360189
MIR3935	4	0.6989700043360189
MIR3936	5	0.7781512503836436
MIR3936HG	7	0.9030899869919435
MIR3937	2	0.47712125471966244
MIR3938	3	0.6020599913279624
MIR3939	4	0.6989700043360189
MIR3940	15	1.2041199826559248
MIR3941	6	0.8450980400142568
MIR3942	4	0.6989700043360189
MIR3943	2	0.47712125471966244
MIR3944	3	0.6020599913279624
MIR3945	3	0.6020599913279624
MIR3945HG	3	0.6020599913279624
MIR3960	7	0.9030899869919435
MIR3972	2	0.47712125471966244
MIR3973	2	0.47712125471966244
MIR3974	2	0.47712125471966244
MIR3975	2	0.47712125471966244
MIR3976	4	0.6989700043360189
MIR3976HG	2	0.47712125471966244
MIR3977	2	0.47712125471966244
MIR3978	5	0.7781512503836436
MIR409	82	1.919078092376074
MIR410	95	1.9822712330395684
MIR411	61	1.792391689498254
MIR412	6	0.8450980400142568
MIR421	61	1.792391689498254
MIR422A	33	1.5314789170422551
MIR423	182	2.2624510897304293
MIR424	264	2.423245873936808
MIR425	107	2.03342375548695
MIR4251	2	0.47712125471966244
MIR4252	2	0.47712125471966244
MIR4253	2	0.47712125471966244
MIR4254	3	0.6020599913279624
MIR4255	2	0.47712125471966244
MIR4256	2	0.47712125471966244
MIR4257	5	0.7781512503836436
MIR4258	3	0.6020599913279624
MIR4259	2	0.47712125471966244
MIR4260	4	0.6989700043360189
MIR4261	4	0.6989700043360189
MIR4262	13	1.146128035678238
MIR4263	2	0.47712125471966244
MIR4264	2	0.47712125471966244
MIR4265	2	0.47712125471966244
MIR4266	2	0.47712125471966244
MIR4267	2	0.47712125471966244
MIR4268	4	0.6989700043360189
MIR4269	5	0.7781512503836436
MIR4270	8	0.9542425094393249
MIR4271	5	0.7781512503836436
MIR4272	2	0.47712125471966244
MIR4273	2	0.47712125471966244
MIR4274	3	0.6020599913279624
MIR4275	3	0.6020599913279624
MIR4276	3	0.6020599913279624
MIR4277	3	0.6020599913279624
MIR4278	2	0.47712125471966244
MIR4279	2	0.47712125471966244
MIR4280	2	0.47712125471966244
MIR4281	3	0.6020599913279624
MIR4282	6	0.8450980400142568
MIR4283-1	2	0.47712125471966244
MIR4283-2	2	0.47712125471966244
MIR4284	11	1.0791812460476249
MIR4285	2	0.47712125471966244
MIR4286	14	1.1760912590556813
MIR4287	2	0.47712125471966244
MIR4288	4	0.6989700043360189
MIR4289	2	0.47712125471966244
MIR429	182	2.2624510897304293
MIR4290	3	0.6020599913279624
MIR4290HG	1	0.3010299956639812
MIR4291	2	0.47712125471966244
MIR4292	4	0.6989700043360189
MIR4293	8	0.9542425094393249
MIR4294	2	0.47712125471966244
MIR4295	14	1.1760912590556813
MIR4296	2	0.47712125471966244
MIR4297	2	0.47712125471966244
MIR4298	2	0.47712125471966244
MIR4299	6	0.8450980400142568
MIR4300	3	0.6020599913279624
MIR4300HG	3	0.6020599913279624
MIR4301	6	0.8450980400142568
MIR4302	3	0.6020599913279624
MIR4303	2	0.47712125471966244
MIR4304	3	0.6020599913279624
MIR4305	3	0.6020599913279624
MIR4306	24	1.3979400086720377
MIR4307	2	0.47712125471966244
MIR4308	2	0.47712125471966244
MIR4309	2	0.47712125471966244
MIR431	57	1.7634279935629373
MIR4310	4	0.6989700043360189
MIR4311	3	0.6020599913279624
MIR4312	2	0.47712125471966244
MIR4313	2	0.47712125471966244
MIR4314	3	0.6020599913279624
MIR4315-1	3	0.6020599913279624
MIR4315-2	2	0.47712125471966244
MIR4316	5	0.7781512503836436
MIR4317	7	0.9030899869919435
MIR4318	2	0.47712125471966244
MIR4319	19	1.3010299956639813
MIR432	42	1.6334684555795864
MIR4320	2	0.47712125471966244
MIR4321	2	0.47712125471966244
MIR4322	2	0.47712125471966244
MIR4323	3	0.6020599913279624
MIR4324	8	0.9542425094393249
MIR4325	2	0.47712125471966244
MIR4326	4	0.6989700043360189
MIR4327	2	0.47712125471966244
MIR4328	3	0.6020599913279624
MIR4329	3	0.6020599913279624
MIR433	105	2.0253058652647704
MIR4330	3	0.6020599913279624
MIR4418	2	0.47712125471966244
MIR4420	3	0.6020599913279624
MIR4421	3	0.6020599913279624
MIR4422	4	0.6989700043360189
MIR4422HG	1	0.3010299956639812
MIR4423	9	1.0
MIR4424	2	0.47712125471966244
MIR4425	2	0.47712125471966244
MIR4426	3	0.6020599913279624
MIR4427	2	0.47712125471966244
MIR4428	4	0.6989700043360189
MIR4429	21	1.3424226808222062
MIR4430	3	0.6020599913279624
MIR4431	2	0.47712125471966244
MIR4432	3	0.6020599913279624
MIR4433A	5	0.7781512503836436
MIR4433B	3	0.6020599913279624
MIR4434	2	0.47712125471966244
MIR4435-1	5	0.7781512503836436
MIR4435-2	4	0.6989700043360189
MIR4435-2HG	64	1.8129133566428555
MIR4436A	4	0.6989700043360189
MIR4436B1	2	0.47712125471966244
MIR4436B2	2	0.47712125471966244
MIR4437	5	0.7781512503836436
MIR4438	2	0.47712125471966244
MIR4439	2	0.47712125471966244
MIR4440	3	0.6020599913279624
MIR4441	3	0.6020599913279624
MIR4442	4	0.6989700043360189
MIR4443	35	1.5563025007672873
MIR4444-1	2	0.47712125471966244
MIR4444-2	2	0.47712125471966244
MIR4445	2	0.47712125471966244
MIR4446	8	0.9542425094393249
MIR4447	2	0.47712125471966244
MIR4448	2	0.47712125471966244
MIR4449	9	1.0
MIR4450	3	0.6020599913279624
MIR4451	4	0.6989700043360189
MIR4452	2	0.47712125471966244
MIR4453	2	0.47712125471966244
MIR4453HG	1	0.3010299956639812
MIR4454	12	1.1139433523068367
MIR4455	2	0.47712125471966244
MIR4456	4	0.6989700043360189
MIR4457	4	0.6989700043360189
MIR4458	27	1.4471580313422192
MIR4458HG	3	0.6020599913279624
MIR4460	2	0.47712125471966244
MIR4462	3	0.6020599913279624
MIR4463	9	1.0
MIR4464	4	0.6989700043360189
MIR4465	8	0.9542425094393249
MIR4466	3	0.6020599913279624
MIR4467	4	0.6989700043360189
MIR4468	2	0.47712125471966244
MIR4469	6	0.8450980400142568
MIR4470	4	0.6989700043360189
MIR4471	4	0.6989700043360189
MIR4472-1	4	0.6989700043360189
MIR4472-2	4	0.6989700043360189
MIR4473	2	0.47712125471966244
MIR4474	5	0.7781512503836436
MIR4475	2	0.47712125471966244
MIR4476	4	0.6989700043360189
MIR4477A	2	0.47712125471966244
MIR4477B	2	0.47712125471966244
MIR4478	10	1.0413926851582251
MIR4479	2	0.47712125471966244
MIR448	40	1.6127838567197355
MIR4480	4	0.6989700043360189
MIR4481	3	0.6020599913279624
MIR4482	4	0.6989700043360189
MIR4483	3	0.6020599913279624
MIR4484	12	1.1139433523068367
MIR4485	7	0.9030899869919435
MIR4486	5	0.7781512503836436
MIR4487	7	0.9030899869919435
MIR4488	11	1.0791812460476249
MIR4489	5	0.7781512503836436
MIR4490	4	0.6989700043360189
MIR4491	5	0.7781512503836436
MIR4492	6	0.8450980400142568
MIR4493	2	0.47712125471966244
MIR4494	2	0.47712125471966244
MIR4495	3	0.6020599913279624
MIR4496	7	0.9030899869919435
MIR4497	7	0.9030899869919435
MIR4498	5	0.7781512503836436
MIR4499	3	0.6020599913279624
MIR449A	104	2.0211892990699383
MIR449B	27	1.4471580313422192
MIR449C	7	0.9030899869919435
MIR4500	7	0.9030899869919435
MIR4500HG	4	0.6989700043360189
MIR4501	2	0.47712125471966244
MIR4502	3	0.6020599913279624
MIR4503	2	0.47712125471966244
MIR4504	2	0.47712125471966244
MIR4505	8	0.9542425094393249
MIR4506	2	0.47712125471966244
MIR4507	2	0.47712125471966244
MIR4508	5	0.7781512503836436
MIR4509-1	2	0.47712125471966244
MIR4509-2	2	0.47712125471966244
MIR4509-3	2	0.47712125471966244
MIR450A1	12	1.1139433523068367
MIR450A2	10	1.0413926851582251
MIR450B	16	1.2304489213782739
MIR4510	7	0.9030899869919435
MIR4511	5	0.7781512503836436
MIR4512	4	0.6989700043360189
MIR4513	11	1.0791812460476249
MIR4514	2	0.47712125471966244
MIR4515	3	0.6020599913279624
MIR4516	27	1.4471580313422192
MIR4517	4	0.6989700043360189
MIR4518	3	0.6020599913279624
MIR4519	2	0.47712125471966244
MIR451A	347	2.5415792439465807
MIR451B	7	0.9030899869919435
MIR452	64	1.8129133566428555
MIR4520-1	6	0.8450980400142568
MIR4520-2	3	0.6020599913279624
MIR4521	15	1.2041199826559248
MIR4522	2	0.47712125471966244
MIR4523	3	0.6020599913279624
MIR4524A	6	0.8450980400142568
MIR4524B	3	0.6020599913279624
MIR4525	4	0.6989700043360189
MIR4526	4	0.6989700043360189
MIR4527	2	0.47712125471966244
MIR4528	2	0.47712125471966244
MIR4529	5	0.7781512503836436
MIR4530	5	0.7781512503836436
MIR4531	2	0.47712125471966244
MIR4533	2	0.47712125471966244
MIR4534	4	0.6989700043360189
MIR4535	3	0.6020599913279624
MIR4536-1	4	0.6989700043360189
MIR4536-2	2	0.47712125471966244
MIR4537	3	0.6020599913279624
MIR4538	2	0.47712125471966244
MIR4539	2	0.47712125471966244
MIR454	79	1.9030899869919435
MIR4540	2	0.47712125471966244
MIR455	186	2.271841606536499
MIR4632	5	0.7781512503836436
MIR4633	3	0.6020599913279624
MIR4634	4	0.6989700043360189
MIR4635	4	0.6989700043360189
MIR4636	4	0.6989700043360189
MIR4637	3	0.6020599913279624
MIR4638	8	0.9542425094393249
MIR4639	4	0.6989700043360189
MIR4640	2	0.47712125471966244
MIR4641	4	0.6989700043360189
MIR4642	3	0.6020599913279624
MIR4643	2	0.47712125471966244
MIR4644	5	0.7781512503836436
MIR4645	4	0.6989700043360189
MIR4646	4	0.6989700043360189
MIR4647	3	0.6020599913279624
MIR4648	2	0.47712125471966244
MIR4649	5	0.7781512503836436
MIR4650-1	2	0.47712125471966244
MIR4650-2	2	0.47712125471966244
MIR4651	7	0.9030899869919435
MIR4652	7	0.9030899869919435
MIR4653	3	0.6020599913279624
MIR4654	4	0.6989700043360189
MIR4655	5	0.7781512503836436
MIR4656	3	0.6020599913279624
MIR4657	4	0.6989700043360189
MIR4658	5	0.7781512503836436
MIR4659A	3	0.6020599913279624
MIR4659B	2	0.47712125471966244
MIR466	25	1.414973347970818
MIR4660	6	0.8450980400142568
MIR4661	5	0.7781512503836436
MIR4662A	4	0.6989700043360189
MIR4662B	2	0.47712125471966244
MIR4663	2	0.47712125471966244
MIR4664	3	0.6020599913279624
MIR4665	6	0.8450980400142568
MIR4666A	2	0.47712125471966244
MIR4666B	2	0.47712125471966244
MIR4667	5	0.7781512503836436
MIR4668	7	0.9030899869919435
MIR4669	5	0.7781512503836436
MIR4670	2	0.47712125471966244
MIR4671	2	0.47712125471966244
MIR4672	2	0.47712125471966244
MIR4673	7	0.9030899869919435
MIR4674	6	0.8450980400142568
MIR4675	3	0.6020599913279624
MIR4676	2	0.47712125471966244
MIR4677	13	1.146128035678238
MIR4678	2	0.47712125471966244
MIR4679-1	3	0.6020599913279624
MIR4679-2	2	0.47712125471966244
MIR4680	2	0.47712125471966244
MIR4681	2	0.47712125471966244
MIR4682	2	0.47712125471966244
MIR4683	2	0.47712125471966244
MIR4684	3	0.6020599913279624
MIR4685	4	0.6989700043360189
MIR4686	3	0.6020599913279624
MIR4687	3	0.6020599913279624
MIR4688	4	0.6989700043360189
MIR4689	5	0.7781512503836436
MIR4690	4	0.6989700043360189
MIR4691	6	0.8450980400142568
MIR4692	2	0.47712125471966244
MIR4693	2	0.47712125471966244
MIR4694	2	0.47712125471966244
MIR4695	5	0.7781512503836436
MIR4696	2	0.47712125471966244
MIR4697	10	1.0413926851582251
MIR4698	5	0.7781512503836436
MIR4699	3	0.6020599913279624
MIR4700	5	0.7781512503836436
MIR4701	7	0.9030899869919435
MIR4703	2	0.47712125471966244
MIR4704	2	0.47712125471966244
MIR4705	2	0.47712125471966244
MIR4706	3	0.6020599913279624
MIR4707	6	0.8450980400142568
MIR4708	3	0.6020599913279624
MIR4709	7	0.9030899869919435
MIR4710	4	0.6989700043360189
MIR4711	3	0.6020599913279624
MIR4712	4	0.6989700043360189
MIR4713	5	0.7781512503836436
MIR4713HG	3	0.6020599913279624
MIR4714	2	0.47712125471966244
MIR4715	5	0.7781512503836436
MIR4716	3	0.6020599913279624
MIR4717	8	0.9542425094393249
MIR4718	3	0.6020599913279624
MIR4719	2	0.47712125471966244
MIR4720	2	0.47712125471966244
MIR4721	4	0.6989700043360189
MIR4722	2	0.47712125471966244
MIR4723	6	0.8450980400142568
MIR4724	4	0.6989700043360189
MIR4725	4	0.6989700043360189
MIR4726	2	0.47712125471966244
MIR4727	3	0.6020599913279624
MIR4728	15	1.2041199826559248
MIR4729	2	0.47712125471966244
MIR4730	4	0.6989700043360189
MIR4731	10	1.0413926851582251
MIR4732	14	1.1760912590556813
MIR4733	4	0.6989700043360189
MIR4733HG	1	0.3010299956639812
MIR4734	4	0.6989700043360189
MIR4735	6	0.8450980400142568
MIR4736	2	0.47712125471966244
MIR4737	2	0.47712125471966244
MIR4738	3	0.6020599913279624
MIR4739	11	1.0791812460476249
MIR4740	2	0.47712125471966244
MIR4741	4	0.6989700043360189
MIR4742	6	0.8450980400142568
MIR4743	6	0.8450980400142568
MIR4744	4	0.6989700043360189
MIR4745	3	0.6020599913279624
MIR4746	4	0.6989700043360189
MIR4747	3	0.6020599913279624
MIR4748	3	0.6020599913279624
MIR4749	6	0.8450980400142568
MIR4750	4	0.6989700043360189
MIR4751	3	0.6020599913279624
MIR4752	2	0.47712125471966244
MIR4753	3	0.6020599913279624
MIR4754	3	0.6020599913279624
MIR4755	5	0.7781512503836436
MIR4756	5	0.7781512503836436
MIR4757	2	0.47712125471966244
MIR4758	3	0.6020599913279624
MIR4759	2	0.47712125471966244
MIR4760	2	0.47712125471966244
MIR4761	4	0.6989700043360189
MIR4762	2	0.47712125471966244
MIR4763	2	0.47712125471966244
MIR4764	2	0.47712125471966244
MIR4765	3	0.6020599913279624
MIR4766	6	0.8450980400142568
MIR4767	6	0.8450980400142568
MIR4768	3	0.6020599913279624
MIR4769	2	0.47712125471966244
MIR4770	2	0.47712125471966244
MIR4771-1	2	0.47712125471966244
MIR4771-2	2	0.47712125471966244
MIR4772	5	0.7781512503836436
MIR4773-1	2	0.47712125471966244
MIR4773-2	2	0.47712125471966244
MIR4774	3	0.6020599913279624
MIR4775	3	0.6020599913279624
MIR4776-1	4	0.6989700043360189
MIR4776-2	5	0.7781512503836436
MIR4777	2	0.47712125471966244
MIR4778	3	0.6020599913279624
MIR4779	4	0.6989700043360189
MIR4780	2	0.47712125471966244
MIR4781	3	0.6020599913279624
MIR4782	5	0.7781512503836436
MIR4783	2	0.47712125471966244
MIR4784	4	0.6989700043360189
MIR4785	3	0.6020599913279624
MIR4786	4	0.6989700043360189
MIR4787	6	0.8450980400142568
MIR4788	3	0.6020599913279624
MIR4789	3	0.6020599913279624
MIR4790	3	0.6020599913279624
MIR4791	3	0.6020599913279624
MIR4793	3	0.6020599913279624
MIR4794	2	0.47712125471966244
MIR4795	3	0.6020599913279624
MIR4796	4	0.6989700043360189
MIR4797	2	0.47712125471966244
MIR4798	4	0.6989700043360189
MIR4799	2	0.47712125471966244
MIR4800	3	0.6020599913279624
MIR4801	2	0.47712125471966244
MIR4802	7	0.9030899869919435
MIR4803	2	0.47712125471966244
MIR4804	2	0.47712125471966244
MIR483	203	2.3096301674258988
MIR484	57	1.7634279935629373
MIR485	205	2.3138672203691533
MIR486-1	124	2.0969100130080562
MIR486-2	26	1.4313637641589874
MIR487A	21	1.3424226808222062
MIR487B	45	1.662757831681574
MIR488	63	1.806179973983887
MIR489	64	1.8129133566428555
MIR490	97	1.9912260756924949
MIR491	96	1.9867717342662448
MIR492	45	1.662757831681574
MIR493	75	1.8808135922807914
MIR494	199	2.3010299956639813
MIR495	167	2.225309281725863
MIR496	38	1.591064607026499
MIR497	301	2.4800069429571505
MIR497HG	3	0.6020599913279624
MIR498	74	1.8750612633917
MIR4999	3	0.6020599913279624
MIR499A	313	2.496929648073215
MIR499B	10	1.0413926851582251
MIR5000	7	0.9030899869919435
MIR5001	5	0.7781512503836436
MIR5002	2	0.47712125471966244
MIR5003	2	0.47712125471966244
MIR5004	3	0.6020599913279624
MIR5006	4	0.6989700043360189
MIR5007	4	0.6989700043360189
MIR5008	2	0.47712125471966244
MIR5009	4	0.6989700043360189
MIR500A	26	1.4313637641589874
MIR500B	4	0.6989700043360189
MIR501	50	1.7075701760979363
MIR5010	7	0.9030899869919435
MIR5011	2	0.47712125471966244
MIR502	67	1.8325089127062364
MIR503	161	2.2095150145426308
MIR503HG	26	1.4313637641589874
MIR504	44	1.6532125137753437
MIR5047	3	0.6020599913279624
MIR505	60	1.7853298350107671
MIR506	153	2.187520720836463
MIR507	11	1.0791812460476249
MIR508	39	1.6020599913279623
MIR5087	2	0.47712125471966244
MIR5088	6	0.8450980400142568
MIR5089	3	0.6020599913279624
MIR509-1	20	1.3222192947339193
MIR509-2	8	0.9542425094393249
MIR509-3	30	1.4913616938342726
MIR5090	3	0.6020599913279624
MIR5091	3	0.6020599913279624
MIR5092	2	0.47712125471966244
MIR5093	2	0.47712125471966244
MIR5094	2	0.47712125471966244
MIR510	18	1.2787536009528289
MIR5100	12	1.1139433523068367
MIR511	41	1.6232492903979006
MIR512-1	17	1.255272505103306
MIR512-2	9	1.0
MIR513A1	67	1.8325089127062364
MIR513A2	9	1.0
MIR513B	11	1.0791812460476249
MIR513C	9	1.0
MIR514A1	9	1.0
MIR514A2	6	0.8450980400142568
MIR514A3	9	1.0
MIR514B	11	1.0791812460476249
MIR515-1	28	1.462397997898956
MIR515-2	16	1.2304489213782739
MIR516A1	13	1.146128035678238
MIR516A2	8	0.9542425094393249
MIR516B1	14	1.1760912590556813
MIR516B2	10	1.0413926851582251
MIR517A	16	1.2304489213782739
MIR517B	26	1.4313637641589874
MIR517C	8	0.9542425094393249
MIR5186	2	0.47712125471966244
MIR5187	5	0.7781512503836436
MIR5188	6	0.8450980400142568
MIR5189	7	0.9030899869919435
MIR518A1	10	1.0413926851582251
MIR518A2	9	1.0
MIR518B	47	1.6812412373755872
MIR518C	12	1.1139433523068367
MIR518D	6	0.8450980400142568
MIR518E	5	0.7781512503836436
MIR518F	4	0.6989700043360189
MIR5190	3	0.6020599913279624
MIR5191	3	0.6020599913279624
MIR5192	2	0.47712125471966244
MIR5193	9	1.0
MIR5194	4	0.6989700043360189
MIR5195	16	1.2304489213782739
MIR5196	8	0.9542425094393249
MIR5197	2	0.47712125471966244
MIR519A1	16	1.2304489213782739
MIR519A2	9	1.0
MIR519B	12	1.1139433523068367
MIR519C	14	1.1760912590556813
MIR519D	37	1.5797835966168101
MIR519E	6	0.8450980400142568
MIR520A	25	1.414973347970818
MIR520B	31	1.505149978319906
MIR520C	24	1.3979400086720377
MIR520D	179	2.255272505103306
MIR520E	11	1.0791812460476249
MIR520F	13	1.146128035678238
MIR520G	15	1.2041199826559248
MIR520H	20	1.3222192947339193
MIR521-1	4	0.6989700043360189
MIR521-2	4	0.6989700043360189
MIR522	36	1.568201724066995
MIR523	7	0.9030899869919435
MIR524	41	1.6232492903979006
MIR525	23	1.380211241711606
MIR526A1	6	0.8450980400142568
MIR526A2	5	0.7781512503836436
MIR526B	26	1.4313637641589874
MIR527	14	1.1760912590556813
MIR532	131	2.12057393120585
MIR539	62	1.7993405494535817
MIR541	30	1.4913616938342726
MIR542	94	1.9777236052888478
MIR543	96	1.9867717342662448
MIR544A	20	1.3222192947339193
MIR544B	3	0.6020599913279624
MIR545	66	1.8260748027008264
MIR548A1	4	0.6989700043360189
MIR548A2	6	0.8450980400142568
MIR548A3	6	0.8450980400142568
MIR548AA1	2	0.47712125471966244
MIR548AA2	2	0.47712125471966244
MIR548AB	2	0.47712125471966244
MIR548AC	7	0.9030899869919435
MIR548AD	3	0.6020599913279624
MIR548AE1	2	0.47712125471966244
MIR548AE2	2	0.47712125471966244
MIR548AG1	3	0.6020599913279624
MIR548AG2	3	0.6020599913279624
MIR548AH	5	0.7781512503836436
MIR548AI	2	0.47712125471966244
MIR548AJ1	3	0.6020599913279624
MIR548AJ2	3	0.6020599913279624
MIR548AK	3	0.6020599913279624
MIR548AL	2	0.47712125471966244
MIR548AM	3	0.6020599913279624
MIR548AN	4	0.6989700043360189
MIR548AO	3	0.6020599913279624
MIR548AP	3	0.6020599913279624
MIR548AQ	4	0.6989700043360189
MIR548AR	4	0.6989700043360189
MIR548AS	2	0.47712125471966244
MIR548AT	5	0.7781512503836436
MIR548AU	2	0.47712125471966244
MIR548AV	2	0.47712125471966244
MIR548AW	2	0.47712125471966244
MIR548AX	2	0.47712125471966244
MIR548AY	2	0.47712125471966244
MIR548AZ	2	0.47712125471966244
MIR548B	12	1.1139433523068367
MIR548BA	3	0.6020599913279624
MIR548BB	2	0.47712125471966244
MIR548BC	2	0.47712125471966244
MIR548C	27	1.4471580313422192
MIR548D1	10	1.0413926851582251
MIR548D2	12	1.1139433523068367
MIR548E	5	0.7781512503836436
MIR548F1	3	0.6020599913279624
MIR548F2	2	0.47712125471966244
MIR548F3	2	0.47712125471966244
MIR548F4	2	0.47712125471966244
MIR548F5	2	0.47712125471966244
MIR548G	4	0.6989700043360189
MIR548H1	2	0.47712125471966244
MIR548H2	2	0.47712125471966244
MIR548H3	2	0.47712125471966244
MIR548H4	2	0.47712125471966244
MIR548H5	2	0.47712125471966244
MIR548I1	4	0.6989700043360189
MIR548I2	3	0.6020599913279624
MIR548I3	3	0.6020599913279624
MIR548I4	2	0.47712125471966244
MIR548J	5	0.7781512503836436
MIR548K	124	2.0969100130080562
MIR548L	5	0.7781512503836436
MIR548M	5	0.7781512503836436
MIR548N	2	0.47712125471966244
MIR548O	3	0.6020599913279624
MIR548O2	3	0.6020599913279624
MIR548P	3	0.6020599913279624
MIR548Q	3	0.6020599913279624
MIR548S	2	0.47712125471966244
MIR548T	3	0.6020599913279624
MIR548U	2	0.47712125471966244
MIR548V	3	0.6020599913279624
MIR548W	2	0.47712125471966244
MIR548X	3	0.6020599913279624
MIR548X2	2	0.47712125471966244
MIR548XHG	1	0.3010299956639812
MIR548Y	2	0.47712125471966244
MIR548Z	2	0.47712125471966244
MIR549A	4	0.6989700043360189
MIR550A1	11	1.0791812460476249
MIR550A2	7	0.9030899869919435
MIR550A3	10	1.0413926851582251
MIR550A3HG	4	0.6989700043360189
MIR550B1	2	0.47712125471966244
MIR550B2	2	0.47712125471966244
MIR551A	7	0.9030899869919435
MIR551B	32	1.5185139398778875
MIR552	24	1.3979400086720377
MIR553	2	0.47712125471966244
MIR554	2	0.47712125471966244
MIR555	3	0.6020599913279624
MIR556	37	1.5797835966168101
MIR557	8	0.9542425094393249
MIR5571	5	0.7781512503836436
MIR5572	3	0.6020599913279624
MIR5579	2	0.47712125471966244
MIR558	17	1.255272505103306
MIR5580	3	0.6020599913279624
MIR5581	3	0.6020599913279624
MIR5582	6	0.8450980400142568
MIR5583-1	2	0.47712125471966244
MIR5583-2	2	0.47712125471966244
MIR5584	2	0.47712125471966244
MIR5585	5	0.7781512503836436
MIR5586	2	0.47712125471966244
MIR5587	3	0.6020599913279624
MIR5588	3	0.6020599913279624
MIR5589	2	0.47712125471966244
MIR559	5	0.7781512503836436
MIR5590	7	0.9030899869919435
MIR5591	3	0.6020599913279624
MIR561	17	1.255272505103306
MIR562	5	0.7781512503836436
MIR563	3	0.6020599913279624
MIR564	12	1.1139433523068367
MIR567	9	1.0
MIR568	6	0.8450980400142568
MIR5680	2	0.47712125471966244
MIR5681A	2	0.47712125471966244
MIR5681B	2	0.47712125471966244
MIR5682	2	0.47712125471966244
MIR5683	4	0.6989700043360189
MIR5684	2	0.47712125471966244
MIR5685	2	0.47712125471966244
MIR5687	2	0.47712125471966244
MIR5688	3	0.6020599913279624
MIR5689	2	0.47712125471966244
MIR569	4	0.6989700043360189
MIR5690	2	0.47712125471966244
MIR5691	3	0.6020599913279624
MIR5692A1	3	0.6020599913279624
MIR5692A2	3	0.6020599913279624
MIR5692B	2	0.47712125471966244
MIR5692C1	2	0.47712125471966244
MIR5692C2	2	0.47712125471966244
MIR5693	3	0.6020599913279624
MIR5694	3	0.6020599913279624
MIR5695	2	0.47712125471966244
MIR5696	2	0.47712125471966244
MIR5697	2	0.47712125471966244
MIR5698	2	0.47712125471966244
MIR5699	4	0.6989700043360189
MIR570	17	1.255272505103306
MIR5700	2	0.47712125471966244
MIR5701-1	3	0.6020599913279624
MIR5701-2	2	0.47712125471966244
MIR5701-3	2	0.47712125471966244
MIR5702	4	0.6989700043360189
MIR5703	4	0.6989700043360189
MIR5704	3	0.6020599913279624
MIR5705	2	0.47712125471966244
MIR5706	3	0.6020599913279624
MIR5707	2	0.47712125471966244
MIR5708	3	0.6020599913279624
MIR570HG	8	0.9542425094393249
MIR571	7	0.9030899869919435
MIR572	12	1.1139433523068367
MIR573	23	1.380211241711606
MIR5739	2	0.47712125471966244
MIR574	116	2.0681858617461617
MIR575	8	0.9542425094393249
MIR576	25	1.414973347970818
MIR577	51	1.7160033436347992
MIR578	9	1.0
MIR5787	5	0.7781512503836436
MIR579	20	1.3222192947339193
MIR580	9	1.0
MIR581	5	0.7781512503836436
MIR582	51	1.7160033436347992
MIR583	5	0.7781512503836436
MIR584	42	1.6334684555795864
MIR585	15	1.2041199826559248
MIR586	9	1.0
MIR587	14	1.1760912590556813
MIR588	10	1.0413926851582251
MIR589	36	1.568201724066995
MIR590	208	2.3201462861110542
MIR591	7	0.9030899869919435
MIR592	26	1.4313637641589874
MIR593	23	1.380211241711606
MIR595	11	1.0791812460476249
MIR596	14	1.1760912590556813
MIR597	17	1.255272505103306
MIR598	30	1.4913616938342726
MIR599	33	1.5314789170422551
MIR600	11	1.0791812460476249
MIR600HG	9	1.0
MIR601	12	1.1139433523068367
MIR602	9	1.0
MIR603	18	1.2787536009528289
MIR604	10	1.0413926851582251
MIR605	39	1.6020599913279623
MIR606	3	0.6020599913279624
MIR6068	2	0.47712125471966244
MIR6069	4	0.6989700043360189
MIR607	11	1.0791812460476249
MIR6070	2	0.47712125471966244
MIR6071	3	0.6020599913279624
MIR6072	2	0.47712125471966244
MIR6073	2	0.47712125471966244
MIR6074	2	0.47712125471966244
MIR6075	2	0.47712125471966244
MIR6076	3	0.6020599913279624
MIR6077	3	0.6020599913279624
MIR6078	2	0.47712125471966244
MIR6079	2	0.47712125471966244
MIR608	62	1.7993405494535817
MIR6080	2	0.47712125471966244
MIR6081	2	0.47712125471966244
MIR6082	3	0.6020599913279624
MIR6083	2	0.47712125471966244
MIR6084	2	0.47712125471966244
MIR6085	2	0.47712125471966244
MIR6086	4	0.6989700043360189
MIR6088	3	0.6020599913279624
MIR6089	8	0.9542425094393249
MIR609	3	0.6020599913279624
MIR6090	2	0.47712125471966244
MIR610	9	1.0
MIR611	6	0.8450980400142568
MIR612	22	1.3617278360175928
MIR6124	4	0.6989700043360189
MIR6125	5	0.7781512503836436
MIR6126	5	0.7781512503836436
MIR6127	2	0.47712125471966244
MIR6128	2	0.47712125471966244
MIR6129	2	0.47712125471966244
MIR613	51	1.7160033436347992
MIR6130	2	0.47712125471966244
MIR6131	2	0.47712125471966244
MIR6132	2	0.47712125471966244
MIR6133	3	0.6020599913279624
MIR6134	2	0.47712125471966244
MIR614	7	0.9030899869919435
MIR615	57	1.7634279935629373
MIR616	21	1.3424226808222062
MIR6165	5	0.7781512503836436
MIR617	4	0.6989700043360189
MIR618	26	1.4313637641589874
MIR619	23	1.380211241711606
MIR620	15	1.2041199826559248
MIR621	9	1.0
MIR622	32	1.5185139398778875
MIR623	9	1.0
MIR624	16	1.2304489213782739
MIR625	83	1.9242792860618816
MIR626	9	1.0
MIR627	31	1.505149978319906
MIR628	52	1.724275869600789
MIR629	56	1.7558748556724915
MIR630	41	1.6232492903979006
MIR631	10	1.0413926851582251
MIR632	10	1.0413926851582251
MIR633	21	1.3424226808222062
MIR634	18	1.2787536009528289
MIR635	7	0.9030899869919435
MIR636	14	1.1760912590556813
MIR637	68	1.8388490907372552
MIR638	50	1.7075701760979363
MIR639	6	0.8450980400142568
MIR640	9	1.0
MIR641	26	1.4313637641589874
MIR642A	12	1.1139433523068367
MIR642B	6	0.8450980400142568
MIR643	11	1.0791812460476249
MIR644A	11	1.0791812460476249
MIR645	10	1.0413926851582251
MIR646	25	1.414973347970818
MIR646HG	4	0.6989700043360189
MIR647	15	1.2041199826559248
MIR648	4	0.6989700043360189
MIR649	3	0.6020599913279624
MIR6499	3	0.6020599913279624
MIR650	29	1.4771212547196624
MIR6500	3	0.6020599913279624
MIR6501	3	0.6020599913279624
MIR6502	2	0.47712125471966244
MIR6503	2	0.47712125471966244
MIR6504	2	0.47712125471966244
MIR6505	4	0.6989700043360189
MIR6506	3	0.6020599913279624
MIR6507	2	0.47712125471966244
MIR6508	3	0.6020599913279624
MIR6509	7	0.9030899869919435
MIR651	10	1.0413926851582251
MIR6510	3	0.6020599913279624
MIR6511A1	4	0.6989700043360189
MIR6511A2	5	0.7781512503836436
MIR6511A3	4	0.6989700043360189
MIR6511A4	4	0.6989700043360189
MIR6511B1	5	0.7781512503836436
MIR6511B2	5	0.7781512503836436
MIR6512	4	0.6989700043360189
MIR6513	4	0.6989700043360189
MIR6514	3	0.6020599913279624
MIR6515	8	0.9542425094393249
MIR6516	2	0.47712125471966244
MIR652	33	1.5314789170422551
MIR6529	2	0.47712125471966244
MIR653	25	1.414973347970818
MIR654	39	1.6020599913279623
MIR655	44	1.6532125137753437
MIR656	18	1.2787536009528289
MIR657	9	1.0
MIR658	3	0.6020599913279624
MIR659	6	0.8450980400142568
MIR660	54	1.7403626894942439
MIR661	29	1.4771212547196624
MIR662	5	0.7781512503836436
MIR663A	50	1.7075701760979363
MIR663AHG	3	0.6020599913279624
MIR663B	18	1.2787536009528289
MIR664A	21	1.3424226808222062
MIR664B	10	1.0413926851582251
MIR665	74	1.8750612633917
MIR668	7	0.9030899869919435
MIR670	11	1.0791812460476249
MIR671	75	1.8808135922807914
MIR6715A	2	0.47712125471966244
MIR6715B	2	0.47712125471966244
MIR6716	2	0.47712125471966244
MIR6717	2	0.47712125471966244
MIR6718	3	0.6020599913279624
MIR6719	2	0.47712125471966244
MIR6720	6	0.8450980400142568
MIR6721	3	0.6020599913279624
MIR6722	2	0.47712125471966244
MIR6724-1	2	0.47712125471966244
MIR6724-2	2	0.47712125471966244
MIR6724-3	2	0.47712125471966244
MIR6724-4	2	0.47712125471966244
MIR6726	2	0.47712125471966244
MIR6727	5	0.7781512503836436
MIR6728	3	0.6020599913279624
MIR6729	2	0.47712125471966244
MIR6730	3	0.6020599913279624
MIR6731	2	0.47712125471966244
MIR6732	3	0.6020599913279624
MIR6733	3	0.6020599913279624
MIR6734	6	0.8450980400142568
MIR6735	2	0.47712125471966244
MIR6736	3	0.6020599913279624
MIR6737	3	0.6020599913279624
MIR6738	3	0.6020599913279624
MIR6739	2	0.47712125471966244
MIR6740	3	0.6020599913279624
MIR6741	5	0.7781512503836436
MIR6742	5	0.7781512503836436
MIR6743	3	0.6020599913279624
MIR6744	4	0.6989700043360189
MIR6745	3	0.6020599913279624
MIR6746	2	0.47712125471966244
MIR6747	2	0.47712125471966244
MIR6748	3	0.6020599913279624
MIR6749	2	0.47712125471966244
MIR675	73	1.8692317197309762
MIR6750	3	0.6020599913279624
MIR6751	4	0.6989700043360189
MIR6752	2	0.47712125471966244
MIR6753	3	0.6020599913279624
MIR6754	5	0.7781512503836436
MIR6755	2	0.47712125471966244
MIR6756	3	0.6020599913279624
MIR6757	3	0.6020599913279624
MIR6758	2	0.47712125471966244
MIR6759	3	0.6020599913279624
MIR676	7	0.9030899869919435
MIR6760	3	0.6020599913279624
MIR6761	2	0.47712125471966244
MIR6762	2	0.47712125471966244
MIR6763	2	0.47712125471966244
MIR6764	2	0.47712125471966244
MIR6765	2	0.47712125471966244
MIR6766	2	0.47712125471966244
MIR6767	2	0.47712125471966244
MIR6768	2	0.47712125471966244
MIR6769A	2	0.47712125471966244
MIR6769B	2	0.47712125471966244
MIR6770-1	2	0.47712125471966244
MIR6770-2	2	0.47712125471966244
MIR6770-3	2	0.47712125471966244
MIR6771	2	0.47712125471966244
MIR6772	3	0.6020599913279624
MIR6773	2	0.47712125471966244
MIR6774	2	0.47712125471966244
MIR6775	4	0.6989700043360189
MIR6776	2	0.47712125471966244
MIR6777	2	0.47712125471966244
MIR6778	5	0.7781512503836436
MIR6779	3	0.6020599913279624
MIR6780A	3	0.6020599913279624
MIR6780B	4	0.6989700043360189
MIR6781	3	0.6020599913279624
MIR6782	2	0.47712125471966244
MIR6783	6	0.8450980400142568
MIR6784	2	0.47712125471966244
MIR6785	5	0.7781512503836436
MIR6786	2	0.47712125471966244
MIR6787	2	0.47712125471966244
MIR6788	2	0.47712125471966244
MIR6789	3	0.6020599913279624
MIR6790	3	0.6020599913279624
MIR6791	3	0.6020599913279624
MIR6792	3	0.6020599913279624
MIR6793	2	0.47712125471966244
MIR6794	2	0.47712125471966244
MIR6795	2	0.47712125471966244
MIR6796	3	0.6020599913279624
MIR6797	4	0.6989700043360189
MIR6798	2	0.47712125471966244
MIR6799	2	0.47712125471966244
MIR6800	4	0.6989700043360189
MIR6801	2	0.47712125471966244
MIR6802	2	0.47712125471966244
MIR6803	3	0.6020599913279624
MIR6804	3	0.6020599913279624
MIR6805	3	0.6020599913279624
MIR6806	2	0.47712125471966244
MIR6807	3	0.6020599913279624
MIR6808	2	0.47712125471966244
MIR6809	4	0.6989700043360189
MIR6810	3	0.6020599913279624
MIR6811	3	0.6020599913279624
MIR6812	3	0.6020599913279624
MIR6813	3	0.6020599913279624
MIR6814	2	0.47712125471966244
MIR6815	3	0.6020599913279624
MIR6816	4	0.6989700043360189
MIR6817	2	0.47712125471966244
MIR6818	2	0.47712125471966244
MIR6819	4	0.6989700043360189
MIR6820	5	0.7781512503836436
MIR6821	4	0.6989700043360189
MIR6822	2	0.47712125471966244
MIR6823	2	0.47712125471966244
MIR6824	2	0.47712125471966244
MIR6825	3	0.6020599913279624
MIR6826	3	0.6020599913279624
MIR6827	3	0.6020599913279624
MIR6828	2	0.47712125471966244
MIR6829	3	0.6020599913279624
MIR6830	3	0.6020599913279624
MIR6831	2	0.47712125471966244
MIR6832	3	0.6020599913279624
MIR6833	4	0.6989700043360189
MIR6834	3	0.6020599913279624
MIR6835	5	0.7781512503836436
MIR6836	4	0.6989700043360189
MIR6837	3	0.6020599913279624
MIR6838	11	1.0791812460476249
MIR6839	3	0.6020599913279624
MIR6840	2	0.47712125471966244
MIR6841	2	0.47712125471966244
MIR6842	2	0.47712125471966244
MIR6843	5	0.7781512503836436
MIR6844	3	0.6020599913279624
MIR6845	3	0.6020599913279624
MIR6846	2	0.47712125471966244
MIR6847	2	0.47712125471966244
MIR6848	3	0.6020599913279624
MIR6849	2	0.47712125471966244
MIR6850	4	0.6989700043360189
MIR6851	2	0.47712125471966244
MIR6852	4	0.6989700043360189
MIR6853	3	0.6020599913279624
MIR6854	2	0.47712125471966244
MIR6855	3	0.6020599913279624
MIR6856	3	0.6020599913279624
MIR6857	2	0.47712125471966244
MIR6858	4	0.6989700043360189
MIR6859-1	3	0.6020599913279624
MIR6859-2	2	0.47712125471966244
MIR6859-3	3	0.6020599913279624
MIR6859-4	2	0.47712125471966244
MIR6860	3	0.6020599913279624
MIR6861	2	0.47712125471966244
MIR6862-1	3	0.6020599913279624
MIR6862-2	3	0.6020599913279624
MIR6863	3	0.6020599913279624
MIR6864	2	0.47712125471966244
MIR6865	2	0.47712125471966244
MIR6866	2	0.47712125471966244
MIR6867	4	0.6989700043360189
MIR6868	4	0.6989700043360189
MIR6869	5	0.7781512503836436
MIR6870	5	0.7781512503836436
MIR6871	3	0.6020599913279624
MIR6872	4	0.6989700043360189
MIR6873	4	0.6989700043360189
MIR6874	3	0.6020599913279624
MIR6875	5	0.7781512503836436
MIR6876	2	0.47712125471966244
MIR6877	3	0.6020599913279624
MIR6878	2	0.47712125471966244
MIR6879	2	0.47712125471966244
MIR6880	2	0.47712125471966244
MIR6881	2	0.47712125471966244
MIR6882	2	0.47712125471966244
MIR6883	3	0.6020599913279624
MIR6884	3	0.6020599913279624
MIR6885	2	0.47712125471966244
MIR6886	2	0.47712125471966244
MIR6887	4	0.6989700043360189
MIR6888	2	0.47712125471966244
MIR6889	3	0.6020599913279624
MIR6890	3	0.6020599913279624
MIR6891	11	1.0791812460476249
MIR6892	2	0.47712125471966244
MIR6893	3	0.6020599913279624
MIR6894	2	0.47712125471966244
MIR6895	2	0.47712125471966244
MIR7-1	432	2.6364878963533656
MIR7-2	61	1.792391689498254
MIR7-3	56	1.7558748556724915
MIR7-3HG	15	1.2041199826559248
MIR708	53	1.7323937598229686
MIR7106	2	0.47712125471966244
MIR7107	3	0.6020599913279624
MIR7108	2	0.47712125471966244
MIR7109	5	0.7781512503836436
MIR711	10	1.0413926851582251
MIR7110	2	0.47712125471966244
MIR7111	2	0.47712125471966244
MIR7112	2	0.47712125471966244
MIR7113	4	0.6989700043360189
MIR7114	2	0.47712125471966244
MIR7150	3	0.6020599913279624
MIR7151	2	0.47712125471966244
MIR7152	2	0.47712125471966244
MIR7153	3	0.6020599913279624
MIR7154	2	0.47712125471966244
MIR7155	2	0.47712125471966244
MIR7156	3	0.6020599913279624
MIR7157	2	0.47712125471966244
MIR7158	2	0.47712125471966244
MIR7159	2	0.47712125471966244
MIR7160	3	0.6020599913279624
MIR7161	2	0.47712125471966244
MIR7162	2	0.47712125471966244
MIR718	9	1.0
MIR744	52	1.724275869600789
MIR7515	5	0.7781512503836436
MIR758	46	1.6720978579357175
MIR759	4	0.6989700043360189
MIR760	62	1.7993405494535817
MIR761	24	1.3979400086720377
MIR762	14	1.1760912590556813
MIR762HG	2	0.47712125471966244
MIR764	6	0.8450980400142568
MIR765	42	1.6334684555795864
MIR766	50	1.7075701760979363
MIR767	21	1.3424226808222062
MIR769	27	1.4471580313422192
MIR770	21	1.3424226808222062
MIR7702	2	0.47712125471966244
MIR7703	3	0.6020599913279624
MIR7704	5	0.7781512503836436
MIR7705	3	0.6020599913279624
MIR7706	4	0.6989700043360189
MIR7843	3	0.6020599913279624
MIR7844	2	0.47712125471966244
MIR7845	2	0.47712125471966244
MIR7846	3	0.6020599913279624
MIR7847	4	0.6989700043360189
MIR7848	2	0.47712125471966244
MIR7849	3	0.6020599913279624
MIR7850	2	0.47712125471966244
MIR7851	2	0.47712125471966244
MIR7852	2	0.47712125471966244
MIR7853	3	0.6020599913279624
MIR7854	2	0.47712125471966244
MIR7855	3	0.6020599913279624
MIR7856	2	0.47712125471966244
MIR7973-1	3	0.6020599913279624
MIR7973-2	3	0.6020599913279624
MIR7974	2	0.47712125471966244
MIR7975	3	0.6020599913279624
MIR7976	2	0.47712125471966244
MIR7977	11	1.0791812460476249
MIR7978	3	0.6020599913279624
MIR802	30	1.4913616938342726
MIR8052	2	0.47712125471966244
MIR8053	2	0.47712125471966244
MIR8054	2	0.47712125471966244
MIR8055	3	0.6020599913279624
MIR8056	2	0.47712125471966244
MIR8057	2	0.47712125471966244
MIR8058	2	0.47712125471966244
MIR8059	2	0.47712125471966244
MIR8060	2	0.47712125471966244
MIR8061	2	0.47712125471966244
MIR8062	2	0.47712125471966244
MIR8063	2	0.47712125471966244
MIR8064	2	0.47712125471966244
MIR8065	2	0.47712125471966244
MIR8066	2	0.47712125471966244
MIR8067	2	0.47712125471966244
MIR8068	2	0.47712125471966244
MIR8069	2	0.47712125471966244
MIR8070	2	0.47712125471966244
MIR8071-1	2	0.47712125471966244
MIR8071-2	2	0.47712125471966244
MIR8072	3	0.6020599913279624
MIR8073	3	0.6020599913279624
MIR8074	3	0.6020599913279624
MIR8075	3	0.6020599913279624
MIR8076	2	0.47712125471966244
MIR8077	2	0.47712125471966244
MIR8078	2	0.47712125471966244
MIR8079	3	0.6020599913279624
MIR8080	2	0.47712125471966244
MIR8081	2	0.47712125471966244
MIR8082	3	0.6020599913279624
MIR8083	2	0.47712125471966244
MIR8084	3	0.6020599913279624
MIR8085	2	0.47712125471966244
MIR8086	2	0.47712125471966244
MIR8087	2	0.47712125471966244
MIR8088	2	0.47712125471966244
MIR8089	2	0.47712125471966244
MIR8485	6	0.8450980400142568
MIR873	98	1.99563519459755
MIR874	98	1.99563519459755
MIR875	12	1.1139433523068367
MIR876	59	1.7781512503836436
MIR877	63	1.806179973983887
MIR885	72	1.863322860120456
MIR887	10	1.0413926851582251
MIR888	12	1.1139433523068367
MIR889	16	1.2304489213782739
MIR890	4	0.6989700043360189
MIR891A	4	0.6989700043360189
MIR891B	5	0.7781512503836436
MIR892A	4	0.6989700043360189
MIR892B	7	0.9030899869919435
MIR892C	2	0.47712125471966244
MIR9-1	191	2.2833012287035497
MIR9-1HG	13	1.146128035678238
MIR9-2	101	2.0086001717619175
MIR9-2HG	26	1.4313637641589874
MIR9-3	83	1.9242792860618816
MIR9-3HG	12	1.1139433523068367
MIR920	8	0.9542425094393249
MIR921	8	0.9542425094393249
MIR922	10	1.0413926851582251
MIR924	4	0.6989700043360189
MIR924HG	6	0.8450980400142568
MIR92A1	186	2.271841606536499
MIR92A2	90	1.9590413923210936
MIR92B	59	1.7781512503836436
MIR93	328	2.5171958979499744
MIR933	9	1.0
MIR934	13	1.146128035678238
MIR935	20	1.3222192947339193
MIR936	9	1.0
MIR937	13	1.146128035678238
MIR938	10	1.0413926851582251
MIR939	30	1.4913616938342726
MIR940	50	1.7075701760979363
MIR941-1	10	1.0413926851582251
MIR941-2	7	0.9030899869919435
MIR941-3	7	0.9030899869919435
MIR941-4	6	0.8450980400142568
MIR941-5	5	0.7781512503836436
MIR942	78	1.8976270912904414
MIR943	3	0.6020599913279624
MIR944	43	1.6434526764861874
MIR95	47	1.6812412373755872
MIR9500	2	0.47712125471966244
MIR96	252	2.403120521175818
MIR9718	2	0.47712125471966244
MIR98	193	2.287801729930226
MIR9851	2	0.47712125471966244
MIR9898	2	0.47712125471966244
MIR9899	2	0.47712125471966244
MIR9900	2	0.47712125471966244
MIR9901	2	0.47712125471966244
MIR9902-1	2	0.47712125471966244
MIR9902-2	2	0.47712125471966244
MIR9903	2	0.47712125471966244
MIR9983	2	0.47712125471966244
MIR9985	2	0.47712125471966244
MIR9986	2	0.47712125471966244
MIR99A	212	2.3283796034387376
MIR99AHG	21	1.3424226808222062
MIR99B	40	1.6127838567197355
MIRLET7A1	263	2.4216039268698313
MIRLET7A1HG	1	0.3010299956639812
MIRLET7A2	43	1.6434526764861874
MIRLET7A3	46	1.6720978579357175
MIRLET7B	145	2.164352855784437
MIRLET7BHG	7	0.9030899869919435
MIRLET7C	110	2.0453229787866576
MIRLET7D	55	1.7481880270062005
MIRLET7E	38	1.591064607026499
MIRLET7F1	47	1.6812412373755872
MIRLET7F2	26	1.4313637641589874
MIRLET7G	69	1.845098040014257
MIRLET7I	62	1.7993405494535817
MIRLET7IHG	1	0.3010299956639812
MIS12	81	1.9138138523837167
MIS18A	62	1.7993405494535817
MIS18A-AS1	1	0.3010299956639812
MIS18BP1	62	1.7993405494535817
MISFA	4	0.6989700043360189
MISO1	21	1.3424226808222062
MISP	69	1.845098040014257
MISP3	6	0.8450980400142568
MITA1	3	0.6020599913279624
MITD1	45	1.662757831681574
MITF	977	2.9903388547876015
MIX23	34	1.5440680443502757
MIXL1	28	1.462397997898956
MKI67	1567	3.1953460583484197
MKI67P1	4	0.6989700043360189
MKKS	84	1.9294189257142926
MKLN1	79	1.9030899869919435
MKLN1-AS	8	0.9542425094393249
MKNK1	230	2.3636119798921444
MKNK1-AS1	3	0.6020599913279624
MKNK2	123	2.093421685162235
MKRN1	58	1.7708520116421442
MKRN10P	1	0.3010299956639812
MKRN2	88	1.9493900066449128
MKRN2OS	2	0.47712125471966244
MKRN3	141	2.1522883443830563
MKRN4P	5	0.7781512503836436
MKRN7P	1	0.3010299956639812
MKRN8P	1	0.3010299956639812
MKRN9P	1	0.3010299956639812
MKS1	55	1.7481880270062005
MKX	34	1.5440680443502757
MKX-AS1	1	0.3010299956639812
MLANA	905	2.957128197676813
MLC1	87	1.9444826721501687
MLDHR	1	0.3010299956639812
MLEC	101	2.0086001717619175
MLF1	72	1.863322860120456
MLF1-DT	1	0.3010299956639812
MLF2	114	2.060697840353612
MLH1	3570	3.552789850192782
MLH3	101	2.0086001717619175
MLIP	28	1.462397997898956
MLIP-IT1	1	0.3010299956639812
MLKL	441	2.645422269349092
MLLT1	127	2.1072099696478683
MLLT10	141	2.1522883443830563
MLLT10P1	1	0.3010299956639812
MLLT11	83	1.9242792860618816
MLLT3	182	2.2624510897304293
MLLT6	64	1.8129133566428555
MLN	36	1.568201724066995
MLNR	23	1.380211241711606
MLPH	85	1.9344984512435677
MLST8	144	2.161368002234975
MLX	55	1.7481880270062005
MLXIP	68	1.8388490907372552
MLXIPL	230	2.3636119798921444
MLYCD	38	1.591064607026499
MMAA	27	1.4471580313422192
MMAB	84	1.9294189257142926
MMACHC	196	2.294466226161593
MMADHC	44	1.6532125137753437
MMADHC-DT	7	0.9030899869919435
MMD	21	1.3424226808222062
MMD2	15	1.2041199826559248
MME	372	2.571708831808688
MME-AS1	1	0.3010299956639812
MMEL1	45	1.662757831681574
MMGT1	81	1.9138138523837167
MMP1	1779	3.250420002308894
MMP10	204	2.311753861055754
MMP11	144	2.161368002234975
MMP12	410	2.6138418218760693
MMP13	1173	3.0696680969115957
MMP14	969	2.9867717342662448
MMP15	108	2.037426497940624
MMP16	128	2.110589710299249
MMP17	50	1.7075701760979363
MMP19	73	1.8692317197309762
MMP2	4179	3.621176281775035
MMP2-AS1	2	0.47712125471966244
MMP20	49	1.6989700043360187
MMP21	27	1.4471580313422192
MMP23A	12	1.1139433523068367
MMP23B	22	1.3617278360175928
MMP24	45	1.662757831681574
MMP24OS	5	0.7781512503836436
MMP25	37	1.5797835966168101
MMP25-AS1	4	0.6989700043360189
MMP26	98	1.99563519459755
MMP27	15	1.2041199826559248
MMP28	62	1.7993405494535817
MMP3	1367	3.1360860973840974
MMP7	872	2.9410142437055695
MMP8	567	2.754348335711019
MMP9	5657	3.752662943120972
MMRN1	49	1.6989700043360187
MMRN2	34	1.5440680443502757
MMS19	165	2.220108088040055
MMS22L	40	1.6127838567197355
MMUT	123	2.093421685162235
MN1	123	2.093421685162235
MNAT1	161	2.2095150145426308
MND1	35	1.5563025007672873
MNDA	79	1.9030899869919435
MNMIP1	17	1.255272505103306
MNS1	34	1.5440680443502757
MNT	93	1.9731278535996986
MNX1	169	2.230448921378274
MNX1-AS1	23	1.380211241711606
MNX1-AS2	1	0.3010299956639812
MOAP1	66	1.8260748027008264
MOB1A	94	1.9777236052888478
MOB1B	61	1.792391689498254
MOB2	60	1.7853298350107671
MOB3A	23	1.380211241711606
MOB3B	32	1.5185139398778875
MOB3C	17	1.255272505103306
MOB4	67	1.8325089127062364
MOBP	58	1.7708520116421442
MOCOS	50	1.7075701760979363
MOCS1	59	1.7781512503836436
MOCS2	46	1.6720978579357175
MOCS2-DT	5	0.7781512503836436
MOCS3	43	1.6434526764861874
MOG	857	2.9334872878487053
MOGAT1	9	1.0
MOGAT2	30	1.4913616938342726
MOGAT3	14	1.1760912590556813
MOGS	160	2.2068258760318495
MOK	261	2.4183012913197452
MON1A	21	1.3424226808222062
MON1B	28	1.462397997898956
MON2	92	1.968482948553935
MON2-AS1	1	0.3010299956639812
MORC1	25	1.414973347970818
MORC2	139	2.146128035678238
MORC2-AS1	5	0.7781512503836436
MORC3	144	2.161368002234975
MORC4	56	1.7558748556724915
MORF4	24	1.3979400086720377
MORF4L1	144	2.161368002234975
MORF4L1P1	1	0.3010299956639812
MORF4L1P2	2	0.47712125471966244
MORF4L1P3	1	0.3010299956639812
MORF4L2	111	2.0492180226701815
MORF4L2-AS1	2	0.47712125471966244
MORF4L2P1	2	0.47712125471966244
MORN1	13	1.146128035678238
MORN2	18	1.2787536009528289
MORN3	15	1.2041199826559248
MORN4	17	1.255272505103306
MORN5	6	0.8450980400142568
MOS	50	1.7075701760979363
MOSMO	8	0.9542425094393249
MOSPD1	16	1.2304489213782739
MOSPD2	54	1.7403626894942439
MOSPD3	13	1.146128035678238
MOV10	249	2.3979400086720375
MOV10L1	21	1.3424226808222062
MOXD1	33	1.5314789170422551
MOXD2P	15	1.2041199826559248
MPC1	98	1.99563519459755
MPC1L	4	0.6989700043360189
MPC2	77	1.8920946026904804
MPDU1	61	1.792391689498254
MPDU1-AS1	3	0.6020599913279624
MPDZ	105	2.0253058652647704
MPEG1	26	1.4313637641589874
MPG	135	2.1335389083702174
MPHOSPH10	100	2.0043213737826426
MPHOSPH6	61	1.792391689498254
MPHOSPH8	88	1.9493900066449128
MPHOSPH9	57	1.7634279935629373
MPI	60	1.7853298350107671
MPIG6B	30	1.4913616938342726
MPL	1156	3.0633333589517497
MPLKIP	38	1.591064607026499
MPND	18	1.2787536009528289
MPO	946	2.9763499790032735
MPP1	82	1.919078092376074
MPP2	43	1.6434526764861874
MPP3	30	1.4913616938342726
MPP4	14	1.1760912590556813
MPP7	83	1.9242792860618816
MPPE1	20	1.3222192947339193
MPPED1	17	1.255272505103306
MPPED2	35	1.5563025007672873
MPPED2-AS1	1	0.3010299956639812
MPRIP	173	2.2405492482826
MPST	50	1.7075701760979363
MPTX1	1	0.3010299956639812
MPV17	86	1.9395192526186185
MPV17L	18	1.2787536009528289
MPV17L2	13	1.146128035678238
MPZ	223	2.3502480183341627
MPZL1	92	1.968482948553935
MPZL1P1	1	0.3010299956639812
MPZL2	27	1.4471580313422192
MPZL3	20	1.3222192947339193
MR1	75	1.8808135922807914
MRAP	33	1.5314789170422551
MRAP-AS1	1	0.3010299956639812
MRAP2	50	1.7075701760979363
MRAS	80	1.9084850188786497
MRC1	169	2.230448921378274
MRC2	121	2.0863598306747484
MRE11	979	2.9912260756924947
MRE11P1	4	0.6989700043360189
MREG	27	1.4471580313422192
MRFAP1	80	1.9084850188786497
MRFAP1L1	25	1.414973347970818
MRFAP1L2	5	0.7781512503836436
MRFAP1P1	1	0.3010299956639812
MRGBP	74	1.8750612633917
MRGPRD	27	1.4471580313422192
MRGPRE	10	1.0413926851582251
MRGPRF	16	1.2304489213782739
MRGPRF-AS1	1	0.3010299956639812
MRGPRG	4	0.6989700043360189
MRGPRG-AS1	5	0.7781512503836436
MRGPRX1	47	1.6812412373755872
MRGPRX2	288	2.4608978427565478
MRGPRX3	16	1.2304489213782739
MRGPRX4	19	1.3010299956639813
MRI1	49	1.6989700043360187
MRLN	8	0.9542425094393249
MRM1	41	1.6232492903979006
MRM2	37	1.5797835966168101
MRM3	90	1.9590413923210936
MRNIP	21	1.3424226808222062
MRNIP-DT	1	0.3010299956639812
MRO	11	1.0791812460476249
MROCKI	7	0.9030899869919435
MROH1	20	1.3222192947339193
MROH2A	8	0.9542425094393249
MROH2B	14	1.1760912590556813
MROH3P	4	0.6989700043360189
MROH5	8	0.9542425094393249
MROH6	10	1.0413926851582251
MROH7	13	1.146128035678238
MROH7-TTC4	5	0.7781512503836436
MROH8	17	1.255272505103306
MROH9	6	0.8450980400142568
MRPL1	80	1.9084850188786497
MRPL10	80	1.9084850188786497
MRPL11	121	2.0863598306747484
MRPL11P2	1	0.3010299956639812
MRPL11P3	1	0.3010299956639812
MRPL12	129	2.113943352306837
MRPL13	80	1.9084850188786497
MRPL14	81	1.9138138523837167
MRPL14P1	1	0.3010299956639812
MRPL15	91	1.9637878273455553
MRPL15P1	1	0.3010299956639812
MRPL16	72	1.863322860120456
MRPL17	59	1.7781512503836436
MRPL18	66	1.8260748027008264
MRPL19	97	1.9912260756924949
MRPL2	67	1.8325089127062364
MRPL20	60	1.7853298350107671
MRPL20-AS1	6	0.8450980400142568
MRPL20-DT	1	0.3010299956639812
MRPL20P1	1	0.3010299956639812
MRPL21	64	1.8129133566428555
MRPL22	91	1.9637878273455553
MRPL22P1	1	0.3010299956639812
MRPL23	91	1.9637878273455553
MRPL23-AS1	5	0.7781512503836436
MRPL24	91	1.9637878273455553
MRPL27	62	1.7993405494535817
MRPL28	96	1.9867717342662448
MRPL2P1	1	0.3010299956639812
MRPL3	89	1.954242509439325
MRPL30	50	1.7075701760979363
MRPL30P1	1	0.3010299956639812
MRPL30P2	1	0.3010299956639812
MRPL32	45	1.662757831681574
MRPL32P1	1	0.3010299956639812
MRPL33	44	1.6532125137753437
MRPL34	33	1.5314789170422551
MRPL35	36	1.568201724066995
MRPL35P1	1	0.3010299956639812
MRPL35P2	1	0.3010299956639812
MRPL35P3	2	0.47712125471966244
MRPL35P4	1	0.3010299956639812
MRPL36	24	1.3979400086720377
MRPL36P1	1	0.3010299956639812
MRPL37	101	2.0086001717619175
MRPL38	92	1.968482948553935
MRPL39	96	1.9867717342662448
MRPL3P1	1	0.3010299956639812
MRPL4	107	2.03342375548695
MRPL40	75	1.8808135922807914
MRPL41	87	1.9444826721501687
MRPL42	55	1.7481880270062005
MRPL42P1	1	0.3010299956639812
MRPL42P2	1	0.3010299956639812
MRPL42P3	1	0.3010299956639812
MRPL42P4	2	0.47712125471966244
MRPL42P5	2	0.47712125471966244
MRPL43	83	1.9242792860618816
MRPL44	95	1.9822712330395684
MRPL45	78	1.8976270912904414
MRPL45P1	1	0.3010299956639812
MRPL45P2	2	0.47712125471966244
MRPL46	80	1.9084850188786497
MRPL47	75	1.8808135922807914
MRPL48	75	1.8808135922807914
MRPL48P1	1	0.3010299956639812
MRPL49	83	1.9242792860618816
MRPL49P1	1	0.3010299956639812
MRPL49P2	1	0.3010299956639812
MRPL50	59	1.7781512503836436
MRPL50P1	1	0.3010299956639812
MRPL50P2	1	0.3010299956639812
MRPL50P3	1	0.3010299956639812
MRPL50P4	1	0.3010299956639812
MRPL51	41	1.6232492903979006
MRPL51P1	1	0.3010299956639812
MRPL51P2	1	0.3010299956639812
MRPL52	44	1.6532125137753437
MRPL53	63	1.806179973983887
MRPL53P1	1	0.3010299956639812
MRPL54	52	1.724275869600789
MRPL55	57	1.7634279935629373
MRPL57	40	1.6127838567197355
MRPL57P1	1	0.3010299956639812
MRPL57P10	1	0.3010299956639812
MRPL57P2	1	0.3010299956639812
MRPL57P3	1	0.3010299956639812
MRPL57P6	1	0.3010299956639812
MRPL57P7	1	0.3010299956639812
MRPL57P8	1	0.3010299956639812
MRPL57P9	1	0.3010299956639812
MRPL58	75	1.8808135922807914
MRPL9	71	1.8573324964312685
MRPL9P1	1	0.3010299956639812
MRPS10	77	1.8920946026904804
MRPS10P1	1	0.3010299956639812
MRPS10P2	1	0.3010299956639812
MRPS10P5	1	0.3010299956639812
MRPS11	75	1.8808135922807914
MRPS11P1	1	0.3010299956639812
MRPS12	62	1.7993405494535817
MRPS14	84	1.9294189257142926
MRPS15	90	1.9590413923210936
MRPS15P1	1	0.3010299956639812
MRPS15P2	1	0.3010299956639812
MRPS16	93	1.9731278535996986
MRPS16P1	1	0.3010299956639812
MRPS16P2	1	0.3010299956639812
MRPS16P3	1	0.3010299956639812
MRPS17	83	1.9242792860618816
MRPS17P1	1	0.3010299956639812
MRPS17P3	1	0.3010299956639812
MRPS17P5	1	0.3010299956639812
MRPS17P6	1	0.3010299956639812
MRPS17P7	1	0.3010299956639812
MRPS17P9	1	0.3010299956639812
MRPS18A	65	1.8195439355418688
MRPS18AP1	1	0.3010299956639812
MRPS18B	139	2.146128035678238
MRPS18BP1	1	0.3010299956639812
MRPS18BP2	1	0.3010299956639812
MRPS18C	48	1.6901960800285136
MRPS18CP2	2	0.47712125471966244
MRPS18CP3	1	0.3010299956639812
MRPS18CP4	1	0.3010299956639812
MRPS18CP5	1	0.3010299956639812
MRPS18CP6	1	0.3010299956639812
MRPS2	112	2.0530784434834195
MRPS21	63	1.806179973983887
MRPS21P1	1	0.3010299956639812
MRPS21P2	1	0.3010299956639812
MRPS21P3	1	0.3010299956639812
MRPS21P4	1	0.3010299956639812
MRPS21P5	1	0.3010299956639812
MRPS21P6	1	0.3010299956639812
MRPS21P7	1	0.3010299956639812
MRPS21P8	1	0.3010299956639812
MRPS21P9	1	0.3010299956639812
MRPS22	190	2.2810333672477277
MRPS22P1	1	0.3010299956639812
MRPS23	144	2.161368002234975
MRPS23P1	1	0.3010299956639812
MRPS24	68	1.8388490907372552
MRPS24P1	1	0.3010299956639812
MRPS25	110	2.0453229787866576
MRPS25P1	1	0.3010299956639812
MRPS26	106	2.0293837776852097
MRPS27	166	2.2227164711475833
MRPS28	105	2.0253058652647704
MRPS30	81	1.9138138523837167
MRPS30-DT	8	0.9542425094393249
MRPS31	126	2.103803720955957
MRPS31P1	1	0.3010299956639812
MRPS31P2	1	0.3010299956639812
MRPS31P5	2	0.47712125471966244
MRPS33	48	1.6901960800285136
MRPS33P1	2	0.47712125471966244
MRPS33P2	1	0.3010299956639812
MRPS33P3	1	0.3010299956639812
MRPS33P4	2	0.47712125471966244
MRPS34	135	2.1335389083702174
MRPS35	116	2.0681858617461617
MRPS35P1	1	0.3010299956639812
MRPS35P2	1	0.3010299956639812
MRPS35P3	2	0.47712125471966244
MRPS36P1	1	0.3010299956639812
MRPS36P2	2	0.47712125471966244
MRPS36P3	1	0.3010299956639812
MRPS36P4	2	0.47712125471966244
MRPS36P5	1	0.3010299956639812
MRPS36P6	1	0.3010299956639812
MRPS5	103	2.0170333392987803
MRPS5P3	1	0.3010299956639812
MRPS5P4	1	0.3010299956639812
MRPS6	93	1.9731278535996986
MRPS6P1	1	0.3010299956639812
MRPS6P2	1	0.3010299956639812
MRPS6P4	1	0.3010299956639812
MRPS7	134	2.130333768495006
MRPS7P1	2	0.47712125471966244
MRPS7P2	1	0.3010299956639812
MRPS9	141	2.1522883443830563
MRRF	43	1.6434526764861874
MRRFP1	3	0.6020599913279624
MRS2	49	1.6989700043360187
MRTFA	321	2.507855871695831
MRTFA-AS1	1	0.3010299956639812
MRTFB	117	2.0718820073061255
MRTO4	134	2.130333768495006
MS4A1	193	2.287801729930226
MS4A10	10	1.0413926851582251
MS4A12	15	1.2041199826559248
MS4A13	5	0.7781512503836436
MS4A14	7	0.9030899869919435
MS4A15	9	1.0
MS4A18	1	0.3010299956639812
MS4A2	159	2.2041199826559246
MS4A3	28	1.462397997898956
MS4A4A	30	1.4913616938342726
MS4A4E	8	0.9542425094393249
MS4A5	9	1.0
MS4A6A	42	1.6334684555795864
MS4A6E	10	1.0413926851582251
MS4A7	18	1.2787536009528289
MS4A8	9	1.0
MSANTD1	4	0.6989700043360189
MSANTD2	22	1.3617278360175928
MSANTD2-AS1	3	0.6020599913279624
MSANTD3	20	1.3222192947339193
MSANTD3-TMEFF1	2	0.47712125471966244
MSANTD4	22	1.3617278360175928
MSANTD7	1	0.3010299956639812
MSBP1	2	0.47712125471966244
MSBP2	1	0.3010299956639812
MSC	25	1.414973347970818
MSC-AS1	17	1.255272505103306
MSGN1	8	0.9542425094393249
MSH2	2854	3.455606112581867
MSH2-OT1	1	0.3010299956639812
MSH3	436	2.640481436970422
MSH4	68	1.8388490907372552
MSH5	89	1.954242509439325
MSH5-SAPCD1	4	0.6989700043360189
MSH6	551	2.741939077729199
MSI1	291	2.4653828514484184
MSI2	232	2.367355921026019
MSI2-AS1	1	0.3010299956639812
MSL1	72	1.863322860120456
MSL2	60	1.7853298350107671
MSL3	47	1.6812412373755872
MSL3B	11	1.0791812460476249
MSLN	390	2.5921767573958667
MSLNL	5	0.7781512503836436
MSMB	104	2.0211892990699383
MSMO1	43	1.6434526764861874
MSMP	11	1.0791812460476249
MSN	338	2.530199698203082
MSNP1	3	0.6020599913279624
MSR1	281	2.450249108319361
MSRA	82	1.919078092376074
MSRB1	33	1.5314789170422551
MSRB1P1	1	0.3010299956639812
MSRB2	69	1.845098040014257
MSRB3	63	1.806179973983887
MSRB3-AS1	3	0.6020599913279624
MSS51	11	1.0791812460476249
MST1	106	2.0293837776852097
MST1L	6	0.8450980400142568
MST1P2	3	0.6020599913279624
MST1R	172	2.2380461031287955
MSTN	585	2.767897616018091
MSTO1	63	1.806179973983887
MSTO2P	8	0.9542425094393249
MSX1	273	2.437750562820388
MSX2	106	2.0293837776852097
MSX2P1	2	0.47712125471966244
MT-ATP6	253	2.404833716619938
MT-ATP8	48	1.6901960800285136
MT-CO1	115	2.0644579892269186
MT-CO2	183	2.2648178230095364
MT-CO3	56	1.7558748556724915
MT-CYB	48	1.6901960800285136
MT-ND1	264	2.423245873936808
MT-ND2	110	2.0453229787866576
MT-ND3	101	2.0086001717619175
MT-ND4	95	1.9822712330395684
MT-ND4L	18	1.2787536009528289
MT-ND5	153	2.187520720836463
MT-ND6	119	2.0791812460476247
MT-RNR1	123	2.093421685162235
MT-RNR2	26	1.4313637641589874
MT-TA	7	0.9030899869919435
MT-TC	4	0.6989700043360189
MT-TD	3	0.6020599913279624
MT-TE	7	0.9030899869919435
MT-TF	9	1.0
MT-TG	6	0.8450980400142568
MT-TH	7	0.9030899869919435
MT-TI	17	1.255272505103306
MT-TK	22	1.3617278360175928
MT-TL1	86	1.9395192526186185
MT-TL2	13	1.146128035678238
MT-TM	12	1.1139433523068367
MT-TN	4	0.6989700043360189
MT-TP	4	0.6989700043360189
MT-TQ	8	0.9542425094393249
MT-TR	5	0.7781512503836436
MT-TS1	35	1.5563025007672873
MT-TS2	6	0.8450980400142568
MT-TT	7	0.9030899869919435
MT-TV	7	0.9030899869919435
MT-TW	9	1.0
MT-TY	1	0.3010299956639812
MT1A	129	2.113943352306837
MT1B	14	1.1760912590556813
MT1CP	4	0.6989700043360189
MT1DP	10	1.0413926851582251
MT1E	54	1.7403626894942439
MT1F	47	1.6812412373755872
MT1G	65	1.8195439355418688
MT1H	26	1.4313637641589874
MT1HL1	2	0.47712125471966244
MT1IP	5	0.7781512503836436
MT1JP	12	1.1139433523068367
MT1L	10	1.0413926851582251
MT1M	29	1.4771212547196624
MT1P3	6	0.8450980400142568
MT1X	53	1.7323937598229686
MT1XP1	1	0.3010299956639812
MT2A	242	2.385606273598312
MT2P1	3	0.6020599913279624
MT3	83	1.9242792860618816
MT4	9	1.0
MTA1	539	2.7323937598229686
MTA1-DT	1	0.3010299956639812
MTA2	350	2.545307116465824
MTA3	156	2.1958996524092336
MTAP	140	2.1492191126553797
MTARC1	71	1.8573324964312685
MTARC2	63	1.806179973983887
MTATP6P1	1	0.3010299956639812
MTBP	49	1.6989700043360187
MTCH1	81	1.9138138523837167
MTCH2	176	2.247973266361807
MTCH2P1	1	0.3010299956639812
MTCL1	75	1.8808135922807914
MTCL1P1	1	0.3010299956639812
MTCL2	69	1.845098040014257
MTCL3	19	1.3010299956639813
MTCO1P5	2	0.47712125471966244
MTCO2P1	1	0.3010299956639812
MTCO2P12	21	1.3424226808222062
MTCO3P12	1	0.3010299956639812
MTCP1	52	1.724275869600789
MTCYBP1	1	0.3010299956639812
MTDH	656	2.8175653695597807
MTERF1	64	1.8129133566428555
MTERF2	23	1.380211241711606
MTERF3	50	1.7075701760979363
MTERF4	43	1.6434526764861874
MTF1	55	1.7481880270062005
MTF2	62	1.7993405494535817
MTFMT	31	1.505149978319906
MTFP1	45	1.662757831681574
MTFR1	54	1.7403626894942439
MTFR1L	45	1.662757831681574
MTFR2	33	1.5314789170422551
MTG1	43	1.6434526764861874
MTG2	36	1.568201724066995
MTHFD1	460	2.663700925389648
MTHFD1L	161	2.2095150145426308
MTHFD1P1	2	0.47712125471966244
MTHFD2	187	2.27415784926368
MTHFD2L	17	1.255272505103306
MTHFD2P1	2	0.47712125471966244
MTHFR	4675	3.6698745024898023
MTHFS	37	1.5797835966168101
MTHFSD	18	1.2787536009528289
MTIF2	59	1.7781512503836436
MTIF2P1	2	0.47712125471966244
MTIF3	38	1.591064607026499
MTLN	10	1.0413926851582251
MTM1	101	2.0086001717619175
MTMR1	64	1.8129133566428555
MTMR10	29	1.4771212547196624
MTMR11	16	1.2304489213782739
MTMR12	40	1.6127838567197355
MTMR14	64	1.8129133566428555
MTMR2	100	2.0043213737826426
MTMR3	93	1.9731278535996986
MTMR4	50	1.7075701760979363
MTMR6	69	1.845098040014257
MTMR7	29	1.4771212547196624
MTMR8	26	1.4313637641589874
MTMR9	61	1.792391689498254
MTMR9LP	3	0.6020599913279624
MTNAP1	36	1.568201724066995
MTND1P1	1	0.3010299956639812
MTND1P22	1	0.3010299956639812
MTND1P23	1	0.3010299956639812
MTND1P3	1	0.3010299956639812
MTND2P1	1	0.3010299956639812
MTND2P28	1	0.3010299956639812
MTND2P3	1	0.3010299956639812
MTND3P19	1	0.3010299956639812
MTND4P7	1	0.3010299956639812
MTND6P1	1	0.3010299956639812
MTND6P4	1	0.3010299956639812
MTNR1A	127	2.1072099696478683
MTNR1B	275	2.4409090820652177
MTO1	73	1.8692317197309762
MTOR	13389	4.126780577012009
MTOR-AS1	1	0.3010299956639812
MTPAP	110	2.0453229787866576
MTPN	81	1.9138138523837167
MTR	556	2.745855195173729
MTRES1	30	1.4913616938342726
MTREX	241	2.383815365980431
MTRF1	29	1.4771212547196624
MTRF1L	36	1.568201724066995
MTRFR	43	1.6434526764861874
MTRNR2L1	28	1.462397997898956
MTRNR2L10	12	1.1139433523068367
MTRNR2L11	4	0.6989700043360189
MTRNR2L12	7	0.9030899869919435
MTRNR2L13	4	0.6989700043360189
MTRNR2L2	9	1.0
MTRNR2L3	11	1.0791812460476249
MTRNR2L4	10	1.0413926851582251
MTRNR2L5	11	1.0791812460476249
MTRNR2L6	11	1.0791812460476249
MTRNR2L7	10	1.0413926851582251
MTRNR2L8	15	1.2041199826559248
MTRNR2L9	10	1.0413926851582251
MTRR	391	2.593286067020457
MTSS1	129	2.113943352306837
MTSS2	23	1.380211241711606
MTTP	183	2.2648178230095364
MTURN	17	1.255272505103306
MTUS1	116	2.0681858617461617
MTUS2	41	1.6232492903979006
MTUS2-AS1	2	0.47712125471966244
MTX1	82	1.919078092376074
MTX1LP	3	0.6020599913279624
MTX2	74	1.8750612633917
MTX2P1	1	0.3010299956639812
MTX3	26	1.4313637641589874
MUC1	2586	3.4127964287165433
MUC12	20	1.3222192947339193
MUC13	77	1.8920946026904804
MUC15	43	1.6434526764861874
MUC16	1201	3.079904467666721
MUC17	40	1.6127838567197355
MUC19	44	1.6532125137753437
MUC2	912	2.960470777534299
MUC20	43	1.6434526764861874
MUC20-OT1	1	0.3010299956639812
MUC21	30	1.4913616938342726
MUC22	9	1.0
MUC3A	28	1.462397997898956
MUC3B	12	1.1139433523068367
MUC4	429	2.6334684555795866
MUC5AC	1276	3.1061908972634154
MUC5B	575	2.760422483423212
MUC5B-AS1	1	0.3010299956639812
MUC6	281	2.450249108319361
MUC7	169	2.230448921378274
MUC8	33	1.5314789170422551
MUCL1	41	1.6232492903979006
MUCL3	19	1.3010299956639813
MUL1	87	1.9444826721501687
MUPP	4	0.6989700043360189
MUS81	219	2.342422680822206
MUSK	648	2.812244696800369
MUSTN1	9	1.0
MUTYH	319	2.505149978319906
MVB12A	51	1.7160033436347992
MVB12B	35	1.5563025007672873
MVD	42	1.6334684555795864
MVK	126	2.103803720955957
MVP	208	2.3201462861110542
MVP-DT	1	0.3010299956639812
MX1	653	2.815577748324267
MX1-AS1	1	0.3010299956639812
MX2	144	2.161368002234975
MXD1	187	2.27415784926368
MXD3	48	1.6901960800285136
MXD4	40	1.6127838567197355
MXI1	143	2.1583624920952498
MXRA5	31	1.505149978319906
MXRA5Y	1	0.3010299956639812
MXRA7	50	1.7075701760979363
MXRA7P1	1	0.3010299956639812
MXRA8	24	1.3979400086720377
MYADM	64	1.8129133566428555
MYADM-AS2	1	0.3010299956639812
MYADML	5	0.7781512503836436
MYADML2	8	0.9542425094393249
MYB	473	2.6757783416740852
MYBBP1A	341	2.534026106056135
MYBL1	91	1.9637878273455553
MYBL2	323	2.510545010206612
MYBPC1	57	1.7634279935629373
MYBPC2	28	1.462397997898956
MYBPC3	285	2.456366033129043
MYBPH	20	1.3222192947339193
MYBPHL	14	1.1760912590556813
MYC	5765	3.760874638052189
MYCBP	230	2.3636119798921444
MYCBP2	185	2.2695129442179165
MYCBP2-AS1	1	0.3010299956639812
MYCBPAP	25	1.414973347970818
MYCL	68	1.8388490907372552
MYCLP1	8	0.9542425094393249
MYCLP3	1	0.3010299956639812
MYCN	1304	3.1156105116742996
MYCNOS	19	1.3010299956639813
MYCNUT	4	0.6989700043360189
MYCT1	33	1.5314789170422551
MYD88	1726	3.237292337567459
MYDGF	479	2.681241237375587
MYEF2	93	1.9731278535996986
MYEOV	38	1.591064607026499
MYF5	102	2.012837224705172
MYF6	27	1.4471580313422192
MYG1	47	1.6812412373755872
MYG1-AS1	1	0.3010299956639812
MYH1	78	1.8976270912904414
MYH10	334	2.525044807036845
MYH11	269	2.4313637641589874
MYH13	42	1.6334684555795864
MYH14	183	2.2648178230095364
MYH15	30	1.4913616938342726
MYH16	22	1.3617278360175928
MYH2	81	1.9138138523837167
MYH3	63	1.806179973983887
MYH4	43	1.6434526764861874
MYH6	144	2.161368002234975
MYH7	641	2.807535028068853
MYH7B	91	1.9637878273455553
MYH8	52	1.724275869600789
MYH9	1048	3.020775488193558
MYHAS	4	0.6989700043360189
MYL1	77	1.8920946026904804
MYL10	18	1.2787536009528289
MYL11	21	1.3424226808222062
MYL12-AS1	2	0.47712125471966244
MYL12A	130	2.1172712956557644
MYL12B	120	2.0827853703164503
MYL12BP3	3	0.6020599913279624
MYL2	112	2.0530784434834195
MYL3	58	1.7708520116421442
MYL4	56	1.7558748556724915
MYL5	14	1.1760912590556813
MYL6	251	2.401400540781544
MYL6B	105	2.0253058652647704
MYL6P1	1	0.3010299956639812
MYL6P5	1	0.3010299956639812
MYL7	17	1.255272505103306
MYL9	104	2.0211892990699383
MYLIP	101	2.0086001717619175
MYLK	225	2.3541084391474008
MYLK-AS1	6	0.8450980400142568
MYLK2	54	1.7403626894942439
MYLK3	20	1.3222192947339193
MYLK4	19	1.3010299956639813
MYLKP1	3	0.6020599913279624
MYMK	7	0.9030899869919435
MYMX	9	1.0
MYNN	38	1.591064607026499
MYO10	137	2.1398790864012365
MYO15A	116	2.0681858617461617
MYO15B	21	1.3424226808222062
MYO16	30	1.4913616938342726
MYO16-AS1	2	0.47712125471966244
MYO18A	178	2.2528530309798933
MYO18B	47	1.6812412373755872
MYO19	57	1.7634279935629373
MYO1A	66	1.8260748027008264
MYO1B	222	2.3483048630481607
MYO1C	260	2.416640507338281
MYO1D	136	2.1367205671564067
MYO1D-DT	1	0.3010299956639812
MYO1E	130	2.1172712956557644
MYO1F	49	1.6989700043360187
MYO1G	37	1.5797835966168101
MYO1H	22	1.3617278360175928
MYO3A	56	1.7558748556724915
MYO3B	26	1.4313637641589874
MYO3B-AS1	1	0.3010299956639812
MYO5A	251	2.401400540781544
MYO5B	170	2.2329961103921536
MYO5C	69	1.845098040014257
MYO6	299	2.4771212547196626
MYO7A	345	2.5390760987927767
MYO7B	27	1.4471580313422192
MYO7B-AS1	1	0.3010299956639812
MYO9A	73	1.8692317197309762
MYO9B	127	2.1072099696478683
MYOC	281	2.450249108319361
MYOCD	101	2.0086001717619175
MYOCD-AS1	1	0.3010299956639812
MYOD1	195	2.292256071356476
MYOF	174	2.2430380486862944
MYOG	266	2.4265112613645754
MYOM1	39	1.6020599913279623
MYOM2	35	1.5563025007672873
MYOM3	19	1.3010299956639813
MYOPARR	1	0.3010299956639812
MYORG	46	1.6720978579357175
MYOSLID	3	0.6020599913279624
MYOSLID-AS1	2	0.47712125471966244
MYOT	99	2.0
MYOZ1	40	1.6127838567197355
MYOZ2	48	1.6901960800285136
MYOZ3	24	1.3979400086720377
MYPN	53	1.7323937598229686
MYPOP	12	1.1139433523068367
MYRACL	4	0.6989700043360189
MYREM	2	0.47712125471966244
MYRF	58	1.7708520116421442
MYRF-AS1	5	0.7781512503836436
MYRFL	9	1.0
MYRIP	38	1.591064607026499
MYSM1	61	1.792391689498254
MYT1	34	1.5440680443502757
MYT1L	72	1.863322860120456
MYT1L-AS1	2	0.47712125471966244
MYZAP	13	1.146128035678238
MZB1	37	1.5797835966168101
MZF1	113	2.0569048513364727
MZF1-AS1	2	0.47712125471966244
MZT1	21	1.3424226808222062
MZT2A	29	1.4771212547196624
MZT2B	44	1.6532125137753437
N4BP1	63	1.806179973983887
N4BP2	60	1.7853298350107671
N4BP2L1	9	1.0
N4BP2L2	33	1.5314789170422551
N4BP2L2-IT2	1	0.3010299956639812
N4BP3	27	1.4471580313422192
NAA10	244	2.3891660843645326
NAA11	17	1.255272505103306
NAA15	151	2.1818435879447726
NAA16	45	1.662757831681574
NAA20	37	1.5797835966168101
NAA25	54	1.7403626894942439
NAA30	37	1.5797835966168101
NAA35	50	1.7075701760979363
NAA38	15	1.2041199826559248
NAA40	44	1.6532125137753437
NAA50	80	1.9084850188786497
NAA60	26	1.4313637641589874
NAA80	27	1.4471580313422192
NAAA	80	1.9084850188786497
NAALAD2	24	1.3979400086720377
NAALADL1	8	0.9542425094393249
NAALADL2	29	1.4771212547196624
NAB1	71	1.8573324964312685
NAB2	170	2.2329961103921536
NABP1	23	1.380211241711606
NABP2	48	1.6901960800285136
NACA	235	2.3729120029701067
NACA2	21	1.3424226808222062
NACA3P	1	0.3010299956639812
NACA4P	14	1.1760912590556813
NACAD	18	1.2787536009528289
NACAP10	1	0.3010299956639812
NACC1	124	2.0969100130080562
NACC2	20	1.3222192947339193
NADK	54	1.7403626894942439
NADK2	44	1.6532125137753437
NADK2-AS1	1	0.3010299956639812
NADSYN1	66	1.8260748027008264
NAE1	100	2.0043213737826426
NAF1	74	1.8750612633917
NAGA	147	2.1702617153949575
NAGK	91	1.9637878273455553
NAGLU	63	1.806179973983887
NAGPA	35	1.5563025007672873
NAGPA-AS1	1	0.3010299956639812
NAGS	79	1.9030899869919435
NAIF1	30	1.4913616938342726
NAIP	232	2.367355921026019
NAIPP1	1	0.3010299956639812
NAIPP2	2	0.47712125471966244
NALCN	83	1.9242792860618816
NALCN-AS1	1	0.3010299956639812
NALF1	26	1.4313637641589874
NALF1-IT1	3	0.6020599913279624
NALF2	2	0.47712125471966244
NALT1	5	0.7781512503836436
NAMA	4	0.6989700043360189
NAMPT	676	2.8305886686851442
NAMPT-AS1	1	0.3010299956639812
NAMPTP1	6	0.8450980400142568
NANOG	1193	3.0770043267933502
NANOGNB	6	0.8450980400142568
NANOGP1	10	1.0413926851582251
NANOGP10	2	0.47712125471966244
NANOGP11	1	0.3010299956639812
NANOGP2	3	0.6020599913279624
NANOGP3	1	0.3010299956639812
NANOGP4	2	0.47712125471966244
NANOGP5	1	0.3010299956639812
NANOGP6	1	0.3010299956639812
NANOGP7	2	0.47712125471966244
NANOGP8	20	1.3222192947339193
NANOGP9	2	0.47712125471966244
NANOS1	24	1.3979400086720377
NANOS2	20	1.3222192947339193
NANOS3	32	1.5185139398778875
NANP	26	1.4313637641589874
NANS	59	1.7781512503836436
NAP1L1	353	2.5490032620257876
NAP1L2	21	1.3424226808222062
NAP1L3	28	1.462397997898956
NAP1L4	185	2.2695129442179165
NAP1L5	30	1.4913616938342726
NAP1L6P	4	0.6989700043360189
NAPA	110	2.0453229787866576
NAPA-AS1	1	0.3010299956639812
NAPB	36	1.568201724066995
NAPEPLD	46	1.6720978579357175
NAPG	61	1.792391689498254
NAPRT	40	1.6127838567197355
NAPSA	184	2.2671717284030137
NAPSB	7	0.9030899869919435
NARF	38	1.591064607026499
NARF-AS1	1	0.3010299956639812
NARS1	111	2.0492180226701815
NARS2	71	1.8573324964312685
NARS2-AS1	1	0.3010299956639812
NASP	211	2.326335860928751
NASPP1	1	0.3010299956639812
NAT1	256	2.4099331233312946
NAT10	344	2.537819095073274
NAT14	35	1.5563025007672873
NAT16	8	0.9542425094393249
NAT2	1424	3.153814864344529
NAT8	39	1.6020599913279623
NAT8B	14	1.1760912590556813
NAT9	29	1.4771212547196624
NATD1	9	1.0
NATP	5	0.7781512503836436
NAV1	83	1.9242792860618816
NAV2	63	1.806179973983887
NAV2-AS4	1	0.3010299956639812
NAV2-AS5	2	0.47712125471966244
NAV3	57	1.7634279935629373
NAXD	31	1.505149978319906
NAXD-AS1	1	0.3010299956639812
NAXE	72	1.863322860120456
NBAS	152	2.184691430817599
NBAT1	16	1.2304489213782739
NBDY	8	0.9542425094393249
NBEA	82	1.919078092376074
NBEAL1	22	1.3617278360175928
NBEAL2	60	1.7853298350107671
NBEAP1	9	1.0
NBEAP2	1	0.3010299956639812
NBEAP3	1	0.3010299956639812
NBL1	34	1.5440680443502757
NBN	608	2.784617292632875
NBPF1	33	1.5314789170422551
NBPF10	15	1.2041199826559248
NBPF11	15	1.2041199826559248
NBPF12	11	1.0791812460476249
NBPF13P	4	0.6989700043360189
NBPF14	12	1.1139433523068367
NBPF15	18	1.2787536009528289
NBPF17P	2	0.47712125471966244
NBPF18P	2	0.47712125471966244
NBPF19	10	1.0413926851582251
NBPF20	8	0.9542425094393249
NBPF21P	2	0.47712125471966244
NBPF22P	6	0.8450980400142568
NBPF25P	2	0.47712125471966244
NBPF26	11	1.0791812460476249
NBPF2P	2	0.47712125471966244
NBPF3	29	1.4771212547196624
NBPF4	5	0.7781512503836436
NBPF5P	3	0.6020599913279624
NBPF6	5	0.7781512503836436
NBPF7P	5	0.7781512503836436
NBPF8	11	1.0791812460476249
NBPF9	9	1.0
NBR1	240	2.3820170425748683
NBR2	31	1.505149978319906
NCAL1	1	0.3010299956639812
NCALD	59	1.7781512503836436
NCAM1	1070	3.029789470831856
NCAM1-AS1	3	0.6020599913279624
NCAM1-AS2	2	0.47712125471966244
NCAM2	38	1.591064607026499
NCAN	154	2.1903316981702914
NCAPD2	158	2.2013971243204513
NCAPD3	119	2.0791812460476247
NCAPG	155	2.1931245983544616
NCAPG2	96	1.9867717342662448
NCAPH	151	2.1818435879447726
NCAPH2	68	1.8388490907372552
NCBP1	246	2.392696953259666
NCBP2	124	2.0969100130080562
NCBP2-AS1	1	0.3010299956639812
NCBP2AS2	14	1.1760912590556813
NCBP2L	3	0.6020599913279624
NCBP3	77	1.8920946026904804
NCCRP1	53	1.7323937598229686
NCDN	72	1.863322860120456
NCEH1	65	1.8195439355418688
NCF1	201	2.305351369446624
NCF1B	10	1.0413926851582251
NCF1C	19	1.3010299956639813
NCF2	211	2.326335860928751
NCF4	123	2.093421685162235
NCF4-AS1	2	0.47712125471966244
NCK1	272	2.436162647040756
NCK1-DT	12	1.1139433523068367
NCK2	154	2.1903316981702914
NCKAP1	143	2.1583624920952498
NCKAP1L	40	1.6127838567197355
NCKAP5	29	1.4771212547196624
NCKAP5-AS1	2	0.47712125471966244
NCKAP5-AS2	2	0.47712125471966244
NCKAP5-IT1	1	0.3010299956639812
NCKAP5L	48	1.6901960800285136
NCKIPSD	73	1.8692317197309762
NCLN	110	2.0453229787866576
NCMAP	6	0.8450980400142568
NCOA1	763	2.8830933585756897
NCOA2	552	2.7427251313046983
NCOA3	665	2.823474229170301
NCOA4	341	2.534026106056135
NCOA4P2	1	0.3010299956639812
NCOA4P3	1	0.3010299956639812
NCOA4P4	1	0.3010299956639812
NCOA5	104	2.0211892990699383
NCOA6	180	2.2576785748691846
NCOA7	70	1.8512583487190752
NCOA7-AS1	1	0.3010299956639812
NCOR1	649	2.8129133566428557
NCOR1P1	2	0.47712125471966244
NCOR1P4	2	0.47712125471966244
NCOR2	562	2.7505083948513462
NCR1	326	2.514547752660286
NCR2	172	2.2380461031287955
NCR3	285	2.456366033129043
NCR3LG1	90	1.9590413923210936
NCRUPAR	3	0.6020599913279624
NCS1	86	1.9395192526186185
NCSTN	208	2.3201462861110542
NDC1	105	2.0253058652647704
NDC80	299	2.4771212547196626
NDE1	142	2.155336037465062
NDEL1	167	2.225309281725863
NDFIP1	91	1.9637878273455553
NDFIP2	53	1.7323937598229686
NDN	72	1.863322860120456
NDNF	21	1.3424226808222062
NDOR1	37	1.5797835966168101
NDP	219	2.342422680822206
NDRG1	334	2.525044807036845
NDRG2	253	2.404833716619938
NDRG3	68	1.8388490907372552
NDRG4	92	1.968482948553935
NDST1	50	1.7075701760979363
NDST2	30	1.4913616938342726
NDST3	25	1.414973347970818
NDST4	13	1.146128035678238
NDUFA1	45	1.662757831681574
NDUFA10	130	2.1172712956557644
NDUFA11	38	1.591064607026499
NDUFA12	84	1.9294189257142926
NDUFA13	214	2.3324384599156054
NDUFA2	74	1.8750612633917
NDUFA3	35	1.5563025007672873
NDUFA5	126	2.103803720955957
NDUFA5P1	1	0.3010299956639812
NDUFA6	69	1.845098040014257
NDUFA6-DT	3	0.6020599913279624
NDUFA7	67	1.8325089127062364
NDUFA8	98	1.99563519459755
NDUFA9	150	2.1789769472931693
NDUFA9P1	1	0.3010299956639812
NDUFAB1	70	1.8512583487190752
NDUFAF1	59	1.7781512503836436
NDUFAF2	79	1.9030899869919435
NDUFAF2P1	1	0.3010299956639812
NDUFAF2P2	1	0.3010299956639812
NDUFAF3	68	1.8388490907372552
NDUFAF4	87	1.9444826721501687
NDUFAF4P1	1	0.3010299956639812
NDUFAF5	50	1.7075701760979363
NDUFAF6	36	1.568201724066995
NDUFAF7	35	1.5563025007672873
NDUFAF8	11	1.0791812460476249
NDUFB1	33	1.5314789170422551
NDUFB10	95	1.9822712330395684
NDUFB11	66	1.8260748027008264
NDUFB2	23	1.380211241711606
NDUFB3	44	1.6532125137753437
NDUFB3P1	1	0.3010299956639812
NDUFB3P2	1	0.3010299956639812
NDUFB3P3	1	0.3010299956639812
NDUFB3P4	1	0.3010299956639812
NDUFB3P5	2	0.47712125471966244
NDUFB4	67	1.8325089127062364
NDUFB5	57	1.7634279935629373
NDUFB6	70	1.8512583487190752
NDUFB7	56	1.7558748556724915
NDUFB8	71	1.8573324964312685
NDUFB8P1	1	0.3010299956639812
NDUFB8P2	1	0.3010299956639812
NDUFB9	80	1.9084850188786497
NDUFC1	20	1.3222192947339193
NDUFC2	58	1.7708520116421442
NDUFC2-KCTD14	6	0.8450980400142568
NDUFS1	209	2.322219294733919
NDUFS2	197	2.296665190261531
NDUFS3	214	2.3324384599156054
NDUFS4	126	2.103803720955957
NDUFS5	65	1.8195439355418688
NDUFS5P4	1	0.3010299956639812
NDUFS5P5	1	0.3010299956639812
NDUFS6	84	1.9294189257142926
NDUFS7	106	2.0293837776852097
NDUFS8	113	2.0569048513364727
NDUFV1	153	2.187520720836463
NDUFV1-DT	8	0.9542425094393249
NDUFV2	116	2.0681858617461617
NDUFV2P1	2	0.47712125471966244
NDUFV3	64	1.8129133566428555
NEAT1	691	2.840106094456758
NEB	106	2.0293837776852097
NEBL	89	1.954242509439325
NEBL-AS1	1	0.3010299956639812
NECAB1	21	1.3424226808222062
NECAB2	33	1.5314789170422551
NECAB3	31	1.505149978319906
NECAP1	43	1.6434526764861874
NECAP2	49	1.6989700043360187
NECTIN1	263	2.4216039268698313
NECTIN2	199	2.3010299956639813
NECTIN3	97	1.9912260756924949
NECTIN3-AS1	1	0.3010299956639812
NECTIN4	225	2.3541084391474008
NEDD1	108	2.037426497940624
NEDD4	741	2.870403905279027
NEDD4L	537	2.7307822756663893
NEDD8	619	2.792391689498254
NEDD8-MDP1	9	1.0
NEDD9	272	2.436162647040756
NEFH	101	2.0086001717619175
NEFL	311	2.494154594018443
NEFLP1	2	0.47712125471966244
NEFM	102	2.012837224705172
NEGR1	97	1.9912260756924949
NEGR1-IT1	2	0.47712125471966244
NEIL1	183	2.2648178230095364
NEIL2	91	1.9637878273455553
NEIL3	83	1.9242792860618816
NEK1	179	2.255272505103306
NEK10	31	1.505149978319906
NEK11	31	1.505149978319906
NEK2	357	2.5538830266438746
NEK3	40	1.6127838567197355
NEK4	45	1.662757831681574
NEK5	28	1.462397997898956
NEK6	116	2.0681858617461617
NEK7	160	2.2068258760318495
NEK8	52	1.724275869600789
NEK9	158	2.2013971243204513
NELFA	105	2.0253058652647704
NELFB	108	2.037426497940624
NELFCD	88	1.9493900066449128
NELFE	137	2.1398790864012365
NELL1	139	2.146128035678238
NELL2	51	1.7160033436347992
NEMF	81	1.9138138523837167
NEMP1	44	1.6532125137753437
NEMP2	9	1.0
NENF	36	1.568201724066995
NEO1	90	1.9590413923210936
NEPNP	4	0.6989700043360189
NES	1252	3.09795107099415
NET1	118	2.0755469613925306
NETO1	37	1.5797835966168101
NETO1-DT	2	0.47712125471966244
NETO2	56	1.7558748556724915
NEU1	219	2.342422680822206
NEU2	59	1.7781512503836436
NEU3	116	2.0681858617461617
NEU4	42	1.6334684555795864
NEUID	2	0.47712125471966244
NEURL1	36	1.568201724066995
NEURL1B	11	1.0791812460476249
NEURL2	15	1.2041199826559248
NEURL3	14	1.1760912590556813
NEURL4	70	1.8512583487190752
NEUROD1	293	2.4683473304121573
NEUROD2	47	1.6812412373755872
NEUROD4	13	1.146128035678238
NEUROD4-AS1	1	0.3010299956639812
NEUROD6	20	1.3222192947339193
NEUROG1	77	1.8920946026904804
NEUROG2	136	2.1367205671564067
NEUROG3	177	2.250420002308894
NEXMIF	39	1.6020599913279623
NEXN	82	1.919078092376074
NEXN-AS1	4	0.6989700043360189
NF1	830	2.919601023784111
NF1P1	4	0.6989700043360189
NF1P12	1	0.3010299956639812
NF1P2	3	0.6020599913279624
NF1P3	3	0.6020599913279624
NF1P4	5	0.7781512503836436
NF1P5	2	0.47712125471966244
NF1P6	6	0.8450980400142568
NF1P7	1	0.3010299956639812
NF1P8	2	0.47712125471966244
NF2	523	2.7193312869837265
NFAM1	27	1.4471580313422192
NFASC	162	2.2121876044039577
NFAT5	272	2.436162647040756
NFATC1	529	2.724275869600789
NFATC2	449	2.6532125137753435
NFATC2IP	44	1.6532125137753437
NFATC3	153	2.187520720836463
NFATC4	111	2.0492180226701815
NFE2	218	2.3404441148401185
NFE2L1	159	2.2041199826559246
NFE2L1-DT	2	0.47712125471966244
NFE2L2	5736	3.758684849882441
NFE2L3	77	1.8920946026904804
NFE2L3P2	2	0.47712125471966244
NFE4	7	0.9030899869919435
NFIA	163	2.214843848047698
NFIA-AS1	4	0.6989700043360189
NFIA-AS2	5	0.7781512503836436
NFIB	201	2.305351369446624
NFIC	124	2.0969100130080562
NFIL3	119	2.0791812460476247
NFILZ	1	0.3010299956639812
NFIX	112	2.0530784434834195
NFKB1	3863	3.587037117743456
NFKB1-AS1	2	0.47712125471966244
NFKB2	419	2.6232492903979003
NFKBIA	3045	3.4837298990000236
NFKBIB	102	2.012837224705172
NFKBID	18	1.2787536009528289
NFKBIE	99	2.0
NFKBIL1	91	1.9637878273455553
NFKBIZ	109	2.041392685158225
NFRKB	99	2.0
NFS1	138	2.143014800254095
NFU1	73	1.8692317197309762
NFX1	91	1.9637878273455553
NFXL1	75	1.8808135922807914
NFYA	190	2.2810333672477277
NFYB	109	2.041392685158225
NFYC	92	1.968482948553935
NFYC-AS1	4	0.6989700043360189
NFYCP2	1	0.3010299956639812
NGB	117	2.0718820073061255
NGDN	89	1.954242509439325
NGEF	49	1.6989700043360187
NGF	732	2.8651039746411278
NGF-AS1	1	0.3010299956639812
NGFR	757	2.8796692056320534
NGFR-AS1	1	0.3010299956639812
NGLY1	99	2.0
NGRN	31	1.505149978319906
NGRNP1	1	0.3010299956639812
NHEG1	3	0.6020599913279624
NHEJ1	162	2.2121876044039577
NHERF1	303	2.482873583608754
NHERF2	144	2.161368002234975
NHERF4	20	1.3222192947339193
NHIP	2	0.47712125471966244
NHLH1	29	1.4771212547196624
NHLH2	34	1.5440680443502757
NHLRC1	111	2.0492180226701815
NHLRC2	52	1.724275869600789
NHLRC3	10	1.0413926851582251
NHLRC4	7	0.9030899869919435
NHP2	152	2.184691430817599
NHS	78	1.8976270912904414
NHSL1	38	1.591064607026499
NHSL1-AS1	1	0.3010299956639812
NHSL2	21	1.3424226808222062
NHSL3	59	1.7781512503836436
NIBAN1	58	1.7708520116421442
NIBAN2	92	1.968482948553935
NIBAN3	8	0.9542425094393249
NICN1	18	1.2787536009528289
NICN2P	1	0.3010299956639812
NICOL1	10	1.0413926851582251
NID1	96	1.9867717342662448
NID2	92	1.968482948553935
NIF3L1	44	1.6532125137753437
NIFK	159	2.2041199826559246
NIFK-AS1	3	0.6020599913279624
NIHCOLE	4	0.6989700043360189
NIM1K	13	1.146128035678238
NIN	90	1.9590413923210936
NINJ1	93	1.9731278535996986
NINJ2	52	1.724275869600789
NINJ2-AS1	3	0.6020599913279624
NINL	61	1.792391689498254
NIP7	96	1.9867717342662448
NIPA1	66	1.8260748027008264
NIPA2	21	1.3424226808222062
NIPA2P1	1	0.3010299956639812
NIPAL1	11	1.0791812460476249
NIPAL2	12	1.1139433523068367
NIPAL2-AS1	1	0.3010299956639812
NIPAL3	21	1.3424226808222062
NIPAL4	47	1.6812412373755872
NIPAL4-DT	1	0.3010299956639812
NIPBL	355	2.5514499979728753
NIPBL-DT	3	0.6020599913279624
NIPSNAP1	128	2.110589710299249
NIPSNAP2	99	2.0
NIPSNAP3A	27	1.4471580313422192
NIPSNAP3B	16	1.2304489213782739
NISCH	121	2.0863598306747484
NIT1	35	1.5563025007672873
NIT2	42	1.6334684555795864
NKAIN1	9	1.0
NKAIN2	26	1.4313637641589874
NKAIN3	14	1.1760912590556813
NKAIN4	12	1.1139433523068367
NKAP	118	2.0755469613925306
NKAPD1	38	1.591064607026499
NKAPL	36	1.568201724066995
NKAPP1	5	0.7781512503836436
NKD1	52	1.724275869600789
NKD2	68	1.8388490907372552
NKG7	31	1.505149978319906
NKILA	53	1.7323937598229686
NKIRAS1	26	1.4313637641589874
NKIRAS2	31	1.505149978319906
NKPD1	5	0.7781512503836436
NKRF	207	2.3180633349627615
NKTR	71	1.8573324964312685
NKX1-1	7	0.9030899869919435
NKX1-2	7	0.9030899869919435
NKX2-1	938	2.972665592266111
NKX2-1-AS1	6	0.8450980400142568
NKX2-2	274	2.439332693830263
NKX2-2-AS1	2	0.47712125471966244
NKX2-3	61	1.792391689498254
NKX2-4	13	1.146128035678238
NKX2-5	542	2.734799829588847
NKX2-6	16	1.2304489213782739
NKX2-8	27	1.4471580313422192
NKX3-1	233	2.369215857410143
NKX3-2	36	1.568201724066995
NKX6-1	99	2.0
NKX6-2	22	1.3617278360175928
NKX6-3	19	1.3010299956639813
NLE1	56	1.7558748556724915
NLGN1	72	1.863322860120456
NLGN1-AS1	1	0.3010299956639812
NLGN2	43	1.6434526764861874
NLGN3	70	1.8512583487190752
NLGN4X	111	2.0492180226701815
NLGN4Y	25	1.414973347970818
NLGN4Y-AS1	1	0.3010299956639812
NLK	105	2.0253058652647704
NLN	48	1.6901960800285136
NLRC3	62	1.7993405494535817
NLRC4	256	2.4099331233312946
NLRC5	154	2.1903316981702914
NLRP1	426	2.630427875025024
NLRP10	35	1.5563025007672873
NLRP11	25	1.414973347970818
NLRP12	127	2.1072099696478683
NLRP13	13	1.146128035678238
NLRP14	21	1.3424226808222062
NLRP2	94	1.9777236052888478
NLRP2B	4	0.6989700043360189
NLRP3	3601	3.5565437084835145
NLRP4	37	1.5797835966168101
NLRP5	50	1.7075701760979363
NLRP6	84	1.9294189257142926
NLRP7	142	2.155336037465062
NLRP8	13	1.146128035678238
NLRP9	18	1.2787536009528289
NLRP9P1	2	0.47712125471966244
NLRX1	121	2.0863598306747484
NMB	37	1.5797835966168101
NMBR	60	1.7853298350107671
NMBR-AS1	1	0.3010299956639812
NMD3	78	1.8976270912904414
NME1	1155	3.0629578340845103
NME1-NME2	49	1.6989700043360187
NME2	237	2.376576957056512
NME2P1	30	1.4913616938342726
NME3	76	1.8864907251724818
NME4	93	1.9731278535996986
NME5	29	1.4771212547196624
NME6	32	1.5185139398778875
NME7	79	1.9030899869919435
NME8	33	1.5314789170422551
NME9	11	1.0791812460476249
NMI	88	1.9493900066449128
NMNAT1	167	2.225309281725863
NMNAT2	63	1.806179973983887
NMNAT3	31	1.505149978319906
NMRAL1	40	1.6127838567197355
NMRAL2P	8	0.9542425094393249
NMRK1	28	1.462397997898956
NMRK2	22	1.3617278360175928
NMS	11	1.0791812460476249
NMT1	173	2.2405492482826
NMT2	80	1.9084850188786497
NMTRL-TAA1-1	1	0.3010299956639812
NMTRL-TAA2-1	1	0.3010299956639812
NMTRL-TAA3-1	1	0.3010299956639812
NMTRL-TAA4-1	1	0.3010299956639812
NMTRL-TAA5-1	1	0.3010299956639812
NMTRL-TAA6-1	1	0.3010299956639812
NMTRP-TGG1-1	1	0.3010299956639812
NMTRQ-CTG1-1	1	0.3010299956639812
NMTRQ-TTG1-1	1	0.3010299956639812
NMTRQ-TTG10-1	1	0.3010299956639812
NMTRQ-TTG11-1	1	0.3010299956639812
NMTRQ-TTG12-1	1	0.3010299956639812
NMTRQ-TTG13-1	1	0.3010299956639812
NMTRQ-TTG14-1	1	0.3010299956639812
NMTRQ-TTG15-1	1	0.3010299956639812
NMTRQ-TTG2-1	1	0.3010299956639812
NMTRQ-TTG3-1	1	0.3010299956639812
NMTRQ-TTG4-1	1	0.3010299956639812
NMTRQ-TTG5-1	1	0.3010299956639812
NMTRQ-TTG6-1	1	0.3010299956639812
NMTRQ-TTG7-1	1	0.3010299956639812
NMTRQ-TTG8-1	1	0.3010299956639812
NMTRQ-TTG9-1	1	0.3010299956639812
NMTRS-TGA1-1	1	0.3010299956639812
NMTRS-TGA2-1	1	0.3010299956639812
NMTRS-TGA3-1	1	0.3010299956639812
NMTRV-TAC1-1	1	0.3010299956639812
NMU	62	1.7993405494535817
NMUR1	27	1.4471580313422192
NMUR2	26	1.4313637641589874
NNAT	61	1.792391689498254
NNMT	198	2.298853076409707
NNT	120	2.0827853703164503
NNT-AS1	27	1.4471580313422192
NOA1	60	1.7853298350107671
NOAZFP	32	1.5185139398778875
NOB1	154	2.1903316981702914
NOBOX	36	1.568201724066995
NOC2L	152	2.184691430817599
NOC2LP2	2	0.47712125471966244
NOC3L	126	2.103803720955957
NOC4L	105	2.0253058652647704
NOCT	26	1.4313637641589874
NOD1	515	2.7126497016272113
NOD2	1997	3.3005954838899636
NODAL	285	2.456366033129043
NOG	115	2.0644579892269186
NOL10	88	1.9493900066449128
NOL11	91	1.9637878273455553
NOL12	49	1.6989700043360187
NOL3	80	1.9084850188786497
NOL4	40	1.6127838567197355
NOL4L	35	1.5563025007672873
NOL4L-DT	2	0.47712125471966244
NOL6	113	2.0569048513364727
NOL7	84	1.9294189257142926
NOL8	77	1.8920946026904804
NOL8P1	1	0.3010299956639812
NOL9	111	2.0492180226701815
NOLC1	285	2.456366033129043
NOM1	100	2.0043213737826426
NOMO1	70	1.8512583487190752
NOMO2	64	1.8129133566428555
NOMO3	52	1.724275869600789
NONO	576	2.7611758131557314
NONOP2	1	0.3010299956639812
NOP10	90	1.9590413923210936
NOP14	127	2.1072099696478683
NOP14-AS1	4	0.6989700043360189
NOP16	113	2.0569048513364727
NOP2	326	2.514547752660286
NOP35P1	1	0.3010299956639812
NOP53	150	2.1789769472931693
NOP53-AS1	1	0.3010299956639812
NOP56	298	2.4756711883244296
NOP58	259	2.4149733479708178
NOP9	57	1.7634279935629373
NOPCHAP1	32	1.5185139398778875
NORAD	97	1.9912260756924949
NOS1	982	2.9925535178321354
NOS1AP	206	2.315970345456918
NOS2	845	2.9273703630390235
NOS2P1	4	0.6989700043360189
NOS2P2	6	0.8450980400142568
NOS2P3	3	0.6020599913279624
NOS2P4	1	0.3010299956639812
NOS3	5077	3.7056926965377035
NOSIP	112	2.0530784434834195
NOSTRIN	43	1.6434526764861874
NOTCH1	3065	3.4865721505183562
NOTCH2	717	2.8561244442423
NOTCH2NLA	29	1.4771212547196624
NOTCH2NLB	5	0.7781512503836436
NOTCH2NLC	43	1.6434526764861874
NOTCH2NLR	4	0.6989700043360189
NOTCH3	1130	3.053462604925455
NOTCH4	363	2.561101383649056
NOTO	8	0.9542425094393249
NOTUM	36	1.568201724066995
NOVA1	96	1.9867717342662448
NOVA2	61	1.792391689498254
NOX1	433	2.637489729512511
NOX3	54	1.7403626894942439
NOX4	879	2.9444826721501687
NOX5	172	2.2380461031287955
NOXA1	66	1.8260748027008264
NOXO1	54	1.7403626894942439
NOXRED1	11	1.0791812460476249
NPAP1	16	1.2304489213782739
NPAP1L	2	0.47712125471966244
NPAP1P9	3	0.6020599913279624
NPAS1	14	1.1760912590556813
NPAS2	122	2.089905111439398
NPAS3	64	1.8129133566428555
NPAS4	28	1.462397997898956
NPAT	83	1.9242792860618816
NPB	20	1.3222192947339193
NPBWR1	31	1.505149978319906
NPBWR2	21	1.3424226808222062
NPC1	259	2.4149733479708178
NPC1L1	325	2.513217600067939
NPC2	274	2.439332693830263
NPDC1	32	1.5185139398778875
NPEPL1	25	1.414973347970818
NPEPPS	169	2.230448921378274
NPEPPSP1	13	1.146128035678238
NPFF	27	1.4471580313422192
NPFFR1	17	1.255272505103306
NPFFR2	30	1.4913616938342726
NPHP1	181	2.2600713879850747
NPHP3	57	1.7634279935629373
NPHP3-ACAD11	3	0.6020599913279624
NPHP3-AS1	2	0.47712125471966244
NPHP4	85	1.9344984512435677
NPHS1	163	2.214843848047698
NPHS2	167	2.225309281725863
NPIPA1	13	1.146128035678238
NPIPA2	3	0.6020599913279624
NPIPA3	3	0.6020599913279624
NPIPA5	4	0.6989700043360189
NPIPA6	1	0.3010299956639812
NPIPA7	4	0.6989700043360189
NPIPA8	3	0.6020599913279624
NPIPA9	2	0.47712125471966244
NPIPB10P	1	0.3010299956639812
NPIPB11	5	0.7781512503836436
NPIPB12	2	0.47712125471966244
NPIPB13	5	0.7781512503836436
NPIPB15	3	0.6020599913279624
NPIPB1P	6	0.8450980400142568
NPIPB2	3	0.6020599913279624
NPIPB3	15	1.2041199826559248
NPIPB4	3	0.6020599913279624
NPIPB5	8	0.9542425094393249
NPIPB6	5	0.7781512503836436
NPIPB7	3	0.6020599913279624
NPIPB8	2	0.47712125471966244
NPIPB9	5	0.7781512503836436
NPL	19	1.3010299956639813
NPLOC4	201	2.305351369446624
NPM1	2946	3.469380135849925
NPM1P1	1	0.3010299956639812
NPM1P13	2	0.47712125471966244
NPM1P14	2	0.47712125471966244
NPM1P17	1	0.3010299956639812
NPM1P2	3	0.6020599913279624
NPM1P3	1	0.3010299956639812
NPM1P4	1	0.3010299956639812
NPM1P5	2	0.47712125471966244
NPM1P6	1	0.3010299956639812
NPM1P7	1	0.3010299956639812
NPM2	27	1.4471580313422192
NPM3	107	2.03342375548695
NPNT	34	1.5440680443502757
NPPA	543	2.73559889969818
NPPA-AS1	2	0.47712125471966244
NPPB	1154	3.062581984228163
NPPC	116	2.0681858617461617
NPR1	105	2.0253058652647704
NPR2	111	2.0492180226701815
NPR3	89	1.954242509439325
NPRL2	107	2.03342375548695
NPRL3	107	2.03342375548695
NPS	72	1.863322860120456
NPSR1	167	2.225309281725863
NPSR1-AS1	6	0.8450980400142568
NPTN	69	1.845098040014257
NPTN-IT1	10	1.0413926851582251
NPTX1	48	1.6901960800285136
NPTX2	50	1.7075701760979363
NPTXR	21	1.3424226808222062
NPVF	19	1.3010299956639813
NPW	35	1.5563025007672873
NPY	351	2.546542663478131
NPY1R	87	1.9444826721501687
NPY2R	87	1.9444826721501687
NPY4R	31	1.505149978319906
NPY4R2	5	0.7781512503836436
NPY5R	42	1.6334684555795864
NPY6RP	6	0.8450980400142568
NQO1	1620	3.209783014848515
NQO1-DT	1	0.3010299956639812
NQO2	91	1.9637878273455553
NR0B1	455	2.658964842664435
NR0B2	161	2.2095150145426308
NR1D1	243	2.387389826338729
NR1D2	87	1.9444826721501687
NR1H2	221	2.346352974450639
NR1H3	863	2.936513742478893
NR1H4	321	2.507855871695831
NR1H5P	4	0.6989700043360189
NR1I2	571	2.7573960287930244
NR1I3	299	2.4771212547196626
NR2C1	73	1.8692317197309762
NR2C2	212	2.3283796034387376
NR2C2AP	21	1.3424226808222062
NR2E1	85	1.9344984512435677
NR2E3	143	2.1583624920952498
NR2F1	233	2.369215857410143
NR2F1-AS1	26	1.4313637641589874
NR2F2	272	2.436162647040756
NR2F2-AS1	15	1.2041199826559248
NR2F6	63	1.806179973983887
NR3C1	1533	3.185825359612962
NR3C1P1	2	0.47712125471966244
NR3C2	369	2.568201724066995
NR4A1	710	2.851869600729766
NR4A1AS	3	0.6020599913279624
NR4A2	568	2.7551122663950713
NR4A3	278	2.4456042032735974
NR5A1	621	2.7937903846908188
NR5A2	309	2.4913616938342726
NR6A1	66	1.8260748027008264
NRAD1	5	0.7781512503836436
NRADDP	4	0.6989700043360189
NRAL	1	0.3010299956639812
NRAP	29	1.4771212547196624
NRARP	20	1.3222192947339193
NRAS	1737	3.2400497721126476
NRAV	8	0.9542425094393249
NRBF2	63	1.806179973983887
NRBP1	90	1.9590413923210936
NRBP2	23	1.380211241711606
NRCAM	109	2.041392685158225
NRDC	101	2.0086001717619175
NRDE2	38	1.591064607026499
NREP	50	1.7075701760979363
NRF1	165	2.220108088040055
NRG1	887	2.948412965778601
NRG2	52	1.724275869600789
NRG3	75	1.8808135922807914
NRG3-AS1	3	0.6020599913279624
NRG4	40	1.6127838567197355
NRGN	100	2.0043213737826426
NRGN-AS1	1	0.3010299956639812
NRIP1	256	2.4099331233312946
NRIP2	18	1.2787536009528289
NRIP3	20	1.3222192947339193
NRIR	4	0.6989700043360189
NRK	22	1.3617278360175928
NRL	80	1.9084850188786497
NRM	27	1.4471580313422192
NRN1	62	1.7993405494535817
NRN1L	10	1.0413926851582251
NRON	15	1.2041199826559248
NRP1	438	2.6424645202421213
NRP2	171	2.2355284469075487
NRP2-AS1	1	0.3010299956639812
NRROS	19	1.3010299956639813
NRSN1	25	1.414973347970818
NRSN2	31	1.505149978319906
NRSN2-AS1	6	0.8450980400142568
NRTN	81	1.9138138523837167
NRXN1	261	2.4183012913197452
NRXN1-DT	7	0.9030899869919435
NRXN2	46	1.6720978579357175
NRXN3	109	2.041392685158225
NSA2	96	1.9867717342662448
NSD1	316	2.5010592622177517
NSD2	312	2.4955443375464483
NSD3	121	2.0863598306747484
NSDHL	161	2.2095150145426308
NSF	194	2.290034611362518
NSFL1C	137	2.1398790864012365
NSFP1	1	0.3010299956639812
NSG1	25	1.414973347970818
NSG2	16	1.2304489213782739
NSL1	53	1.7323937598229686
NSMAF	38	1.591064607026499
NSMCE1	71	1.8573324964312685
NSMCE2	70	1.8512583487190752
NSMCE3	49	1.6989700043360187
NSMCE4A	44	1.6532125137753437
NSMF	68	1.8388490907372552
NSRP1	75	1.8808135922807914
NSUN2	314	2.4983105537896004
NSUN3	27	1.4471580313422192
NSUN4	67	1.8325089127062364
NSUN5	83	1.9242792860618816
NSUN5P1	10	1.0413926851582251
NSUN5P2	16	1.2304489213782739
NSUN6	47	1.6812412373755872
NSUN7	17	1.255272505103306
NT5C	33	1.5314789170422551
NT5C1A	45	1.662757831681574
NT5C1B	14	1.1760912590556813
NT5C1B-RDH14	2	0.47712125471966244
NT5C2	166	2.2227164711475833
NT5C3A	82	1.919078092376074
NT5C3AP1	2	0.47712125471966244
NT5C3B	15	1.2041199826559248
NT5CP1	1	0.3010299956639812
NT5CP2	1	0.3010299956639812
NT5DC1	36	1.568201724066995
NT5DC2	82	1.919078092376074
NT5DC3	26	1.4313637641589874
NT5DC4	6	0.8450980400142568
NT5E	677	2.8312296938670634
NT5M	14	1.1760912590556813
NTAN1	27	1.4471580313422192
NTAQ1	31	1.505149978319906
NTF3	182	2.2624510897304293
NTF4	69	1.845098040014257
NTF6A	2	0.47712125471966244
NTF6B	1	0.3010299956639812
NTF6G	1	0.3010299956639812
NTHL1	165	2.220108088040055
NTM	42	1.6334684555795864
NTM-AS1	2	0.47712125471966244
NTM-AS2	1	0.3010299956639812
NTMT1	74	1.8750612633917
NTMT2	5	0.7781512503836436
NTN1	451	2.655138434811382
NTN3	17	1.255272505103306
NTN4	58	1.7708520116421442
NTN5	6	0.8450980400142568
NTNG1	42	1.6334684555795864
NTNG2	41	1.6232492903979006
NTPCR	113	2.0569048513364727
NTRAS	2	0.47712125471966244
NTRK1	679	2.832508912706236
NTRK2	706	2.8494194137968996
NTRK3	289	2.462397997898956
NTRK3-AS1	1	0.3010299956639812
NTS	128	2.110589710299249
NTSR1	104	2.0211892990699383
NTSR2	52	1.724275869600789
NUAK1	123	2.093421685162235
NUAK2	74	1.8750612633917
NUB1	96	1.9867717342662448
NUBP1	48	1.6901960800285136
NUBP2	82	1.919078092376074
NUBPL	62	1.7993405494535817
NUCB1	100	2.0043213737826426
NUCB2	380	2.5809249756756194
NUCKS1	138	2.143014800254095
NUCLEOLIN	708	2.8506462351830666
NUDC	231	2.3654879848909
NUDCD1	43	1.6434526764861874
NUDCD2	54	1.7403626894942439
NUDCD3	74	1.8750612633917
NUDCP1	1	0.3010299956639812
NUDCP2	1	0.3010299956639812
NUDT1	147	2.1702617153949575
NUDT10	24	1.3979400086720377
NUDT11	28	1.462397997898956
NUDT12	48	1.6901960800285136
NUDT13	24	1.3979400086720377
NUDT14	19	1.3010299956639813
NUDT15	206	2.315970345456918
NUDT16	42	1.6334684555795864
NUDT16-DT	1	0.3010299956639812
NUDT16L1	79	1.9030899869919435
NUDT16L2P	5	0.7781512503836436
NUDT17	7	0.9030899869919435
NUDT18	17	1.255272505103306
NUDT19	42	1.6334684555795864
NUDT2	47	1.6812412373755872
NUDT21	271	2.4345689040341987
NUDT22	16	1.2304489213782739
NUDT3	40	1.6127838567197355
NUDT4	33	1.5314789170422551
NUDT4B	5	0.7781512503836436
NUDT4P2	1	0.3010299956639812
NUDT5	101	2.0086001717619175
NUDT6	40	1.6127838567197355
NUDT7	8	0.9542425094393249
NUDT8	15	1.2041199826559248
NUDT9	36	1.568201724066995
NUDT9P1	6	0.8450980400142568
NUF2	138	2.143014800254095
NUFIP1	55	1.7481880270062005
NUFIP1P1	1	0.3010299956639812
NUFIP2	194	2.290034611362518
NUGGC	14	1.1760912590556813
NUMA1	518	2.7151673578484576
NUMB	354	2.550228353055094
NUMBL	91	1.9637878273455553
NUP107	199	2.3010299956639813
NUP133	185	2.2695129442179165
NUP153	360	2.5575072019056577
NUP153-AS1	2	0.47712125471966244
NUP155	186	2.271841606536499
NUP160	177	2.250420002308894
NUP188	114	2.060697840353612
NUP205	186	2.271841606536499
NUP210	204	2.311753861055754
NUP210L	10	1.0413926851582251
NUP210P1	3	0.6020599913279624
NUP214	322	2.509202522331103
NUP35	90	1.9590413923210936
NUP37	81	1.9138138523837167
NUP42	72	1.863322860120456
NUP43	91	1.9637878273455553
NUP50	139	2.146128035678238
NUP50-DT	1	0.3010299956639812
NUP54	108	2.037426497940624
NUP58	76	1.8864907251724818
NUP62	215	2.3344537511509307
NUP62CL	20	1.3222192947339193
NUP85	142	2.155336037465062
NUP88	169	2.230448921378274
NUP93	229	2.361727836017593
NUP93-DT	1	0.3010299956639812
NUP98	470	2.673020907128896
NUPR1	188	2.2764618041732443
NUPR2	4	0.6989700043360189
NUS1	69	1.845098040014257
NUS1P3	2	0.47712125471966244
NUSAP1	147	2.1702617153949575
NUTF2	90	1.9590413923210936
NUTF2P4	1	0.3010299956639812
NUTM1	263	2.4216039268698313
NUTM2A	7	0.9030899869919435
NUTM2A-AS1	6	0.8450980400142568
NUTM2B	12	1.1139433523068367
NUTM2B-AS1	7	0.9030899869919435
NUTM2D	4	0.6989700043360189
NUTM2E	2	0.47712125471966244
NUTM2F	6	0.8450980400142568
NUTM2G	3	0.6020599913279624
NVL	101	2.0086001717619175
NWD1	12	1.1139433523068367
NWD2	8	0.9542425094393249
NXF1	296	2.4727564493172123
NXF2	32	1.5185139398778875
NXF2B	18	1.2787536009528289
NXF3	24	1.3979400086720377
NXF4	3	0.6020599913279624
NXF5	23	1.380211241711606
NXN	46	1.6720978579357175
NXNL1	32	1.5185139398778875
NXNL2	16	1.2304489213782739
NXPE1	11	1.0791812460476249
NXPE2	4	0.6989700043360189
NXPE3	18	1.2787536009528289
NXPE4	15	1.2041199826559248
NXPH1	33	1.5314789170422551
NXPH2	12	1.1139433523068367
NXPH3	18	1.2787536009528289
NXPH4	19	1.3010299956639813
NXT1	62	1.7993405494535817
NXT2	26	1.4313637641589874
NXTAR	1	0.3010299956639812
NYAP1	13	1.146128035678238
NYAP2	17	1.255272505103306
NYNRIN	29	1.4771212547196624
NYX	58	1.7708520116421442
OACYLP	3	0.6020599913279624
OAF	11	1.0791812460476249
OARD1	28	1.462397997898956
OAS1	272	2.436162647040756
OAS2	90	1.9590413923210936
OAS3	108	2.037426497940624
OASL	87	1.9444826721501687
OAT	185	2.2695129442179165
OATP1	1	0.3010299956639812
OAZ1	60	1.7853298350107671
OAZ2	25	1.414973347970818
OAZ3	25	1.414973347970818
OBI1	94	1.9777236052888478
OBI1-AS1	6	0.8450980400142568
OBP2A	27	1.4471580313422192
OBP2B	14	1.1760912590556813
OBSCN	116	2.0681858617461617
OBSCN-AS1	6	0.8450980400142568
OBSL1	120	2.0827853703164503
OC90	13	1.146128035678238
OCA2	275	2.4409090820652177
OCEL1	13	1.146128035678238
OCIAD1	102	2.012837224705172
OCIAD1-AS1	1	0.3010299956639812
OCIAD2	51	1.7160033436347992
OCLN	1063	3.0269416279590295
OCLNP1	1	0.3010299956639812
OCM	18	1.2787536009528289
OCM2	22	1.3617278360175928
OCRL	299	2.4771212547196626
OCSTAMP	7	0.9030899869919435
ODAD1	27	1.4471580313422192
ODAD2	26	1.4313637641589874
ODAD2P1	1	0.3010299956639812
ODAD3	28	1.462397997898956
ODAD4	23	1.380211241711606
ODAM	38	1.591064607026499
ODAPH	11	1.0791812460476249
ODC1	120	2.0827853703164503
ODC1-DT	2	0.47712125471966244
ODF1	47	1.6812412373755872
ODF2	77	1.8920946026904804
ODF2L	40	1.6127838567197355
ODF4	13	1.146128035678238
ODR4	57	1.7634279935629373
OFCC1	24	1.3979400086720377
OFD1	170	2.2329961103921536
OFD1P10Y	1	0.3010299956639812
OFD1P11Y	1	0.3010299956639812
OFD1P12Y	1	0.3010299956639812
OFD1P13Y	1	0.3010299956639812
OFD1P14Y	1	0.3010299956639812
OFD1P15Y	1	0.3010299956639812
OFD1P16Y	1	0.3010299956639812
OFD1P17	1	0.3010299956639812
OFD1P18Y	1	0.3010299956639812
OFD1P1Y	1	0.3010299956639812
OFD1P2Y	1	0.3010299956639812
OFD1P3Y	2	0.47712125471966244
OFD1P4Y	2	0.47712125471966244
OFD1P5Y	1	0.3010299956639812
OFD1P6Y	1	0.3010299956639812
OFD1P7Y	1	0.3010299956639812
OFD1P8Y	1	0.3010299956639812
OFD1P9Y	1	0.3010299956639812
OGA	180	2.2576785748691846
OGDH	130	2.1172712956557644
OGDHL	49	1.6989700043360187
OGFOD1	35	1.5563025007672873
OGFOD2	14	1.1760912590556813
OGFOD3	17	1.255272505103306
OGFR	72	1.863322860120456
OGFR-AS1	1	0.3010299956639812
OGFRL1	11	1.0791812460476249
OGFRP1	6	0.8450980400142568
OGG1	656	2.8175653695597807
OGN	122	2.089905111439398
OGT	481	2.6830470382388496
OIP5	84	1.9294189257142926
OIP5-AS1	78	1.8976270912904414
OIT3	19	1.3010299956639813
OLA1	152	2.184691430817599
OLA1P2	1	0.3010299956639812
OLAH	9	1.0
OLFM1	36	1.568201724066995
OLFM2	30	1.4913616938342726
OLFM3	23	1.380211241711606
OLFM4	151	2.1818435879447726
OLFML1	9	1.0
OLFML2A	17	1.255272505103306
OLFML2B	18	1.2787536009528289
OLFML3	41	1.6232492903979006
OLIG1	62	1.7993405494535817
OLIG2	309	2.4913616938342726
OLIG3	28	1.462397997898956
OLMALINC	9	1.0
OLR1	778	2.8915374576725643
OMA1	74	1.8750612633917
OMD	19	1.3010299956639813
OMG	59	1.7781512503836436
OMP	51	1.7160033436347992
ONECUT1	71	1.8573324964312685
ONECUT2	59	1.7781512503836436
ONECUT3	15	1.2041199826559248
OOEP	13	1.146128035678238
OOSP1	2	0.47712125471966244
OOSP2	8	0.9542425094393249
OPA1	714	2.8543060418010806
OPA1-AS1	1	0.3010299956639812
OPA3	74	1.8750612633917
OPALIN	20	1.3222192947339193
OPCML	95	1.9822712330395684
OPCML-IT1	2	0.47712125471966244
OPHN1	77	1.8920946026904804
OPLAH	21	1.3424226808222062
OPN1LW	68	1.8388490907372552
OPN1MW	43	1.6434526764861874
OPN1MW2	17	1.255272505103306
OPN1MW3	6	0.8450980400142568
OPN1SW	31	1.505149978319906
OPN3	65	1.8195439355418688
OPN4	61	1.792391689498254
OPN5	22	1.3617278360175928
OPRD1	159	2.2041199826559246
OPRK1	157	2.1986570869544226
OPRL1	261	2.4183012913197452
OPRM1	920	2.964259630196849
OPRPN	28	1.462397997898956
OPTC	37	1.5797835966168101
OPTN	508	2.7067177823367587
OR10A2	8	0.9542425094393249
OR10A3	8	0.9542425094393249
OR10A4	7	0.9030899869919435
OR10A5	9	1.0
OR10A6	4	0.6989700043360189
OR10A7	4	0.6989700043360189
OR10AA1P	1	0.3010299956639812
OR10AB1P	2	0.47712125471966244
OR10AC1	3	0.6020599913279624
OR10AD1	5	0.7781512503836436
OR10AG1	4	0.6989700043360189
OR10AH1P	1	0.3010299956639812
OR10B1P	1	0.3010299956639812
OR10C1	9	1.0
OR10D1P	2	0.47712125471966244
OR10D3	3	0.6020599913279624
OR10D4P	2	0.47712125471966244
OR10D5P	1	0.3010299956639812
OR10G1P	3	0.6020599913279624
OR10G2	7	0.9030899869919435
OR10G3	7	0.9030899869919435
OR10G4	6	0.8450980400142568
OR10G6	2	0.47712125471966244
OR10G7	5	0.7781512503836436
OR10G8	4	0.6989700043360189
OR10G9	4	0.6989700043360189
OR10H1	8	0.9542425094393249
OR10H2	7	0.9030899869919435
OR10H3	10	1.0413926851582251
OR10H4	3	0.6020599913279624
OR10H5	4	0.6989700043360189
OR10J1	11	1.0791812460476249
OR10J3	12	1.1139433523068367
OR10J4	5	0.7781512503836436
OR10J5	14	1.1760912590556813
OR10J6P	3	0.6020599913279624
OR10K1	5	0.7781512503836436
OR10K2	3	0.6020599913279624
OR10N1P	1	0.3010299956639812
OR10P1	6	0.8450980400142568
OR10Q1	3	0.6020599913279624
OR10Q2P	2	0.47712125471966244
OR10R1P	1	0.3010299956639812
OR10R2	4	0.6989700043360189
OR10R3P	2	0.47712125471966244
OR10S1	5	0.7781512503836436
OR10T1P	1	0.3010299956639812
OR10T2	4	0.6989700043360189
OR10U1P	1	0.3010299956639812
OR10V1	4	0.6989700043360189
OR10V2P	2	0.47712125471966244
OR10W1	4	0.6989700043360189
OR10X1	5	0.7781512503836436
OR10Y1P	1	0.3010299956639812
OR10Z1	5	0.7781512503836436
OR11A1	7	0.9030899869919435
OR11G1P	1	0.3010299956639812
OR11G2	3	0.6020599913279624
OR11H1	3	0.6020599913279624
OR11H12	1	0.3010299956639812
OR11H13P	4	0.6989700043360189
OR11H2	1	0.3010299956639812
OR11H3P	1	0.3010299956639812
OR11H4	4	0.6989700043360189
OR11H5P	1	0.3010299956639812
OR11H6	1	0.3010299956639812
OR11H7	7	0.9030899869919435
OR11I1P	3	0.6020599913279624
OR11J6P	1	0.3010299956639812
OR11K1BP	1	0.3010299956639812
OR11K1P	1	0.3010299956639812
OR11K2P	1	0.3010299956639812
OR11L1	5	0.7781512503836436
OR12D1	2	0.47712125471966244
OR12D2	13	1.146128035678238
OR12D3	12	1.1139433523068367
OR13A1	5	0.7781512503836436
OR13C1P	3	0.6020599913279624
OR13C2	6	0.8450980400142568
OR13C3	6	0.8450980400142568
OR13C4	8	0.9542425094393249
OR13C5	6	0.8450980400142568
OR13C6P	2	0.47712125471966244
OR13C7	3	0.6020599913279624
OR13C8	7	0.9030899869919435
OR13C9	3	0.6020599913279624
OR13D1	5	0.7781512503836436
OR13D2P	1	0.3010299956639812
OR13D3P	1	0.3010299956639812
OR13E1P	1	0.3010299956639812
OR13F1	4	0.6989700043360189
OR13G1	13	1.146128035678238
OR13H1	9	1.0
OR13J1	6	0.8450980400142568
OR14A16	4	0.6989700043360189
OR14A2	4	0.6989700043360189
OR14C36	4	0.6989700043360189
OR14I1	5	0.7781512503836436
OR14J1	6	0.8450980400142568
OR14K1	6	0.8450980400142568
OR14L1	3	0.6020599913279624
OR1A1	19	1.3010299956639813
OR1A2	13	1.146128035678238
OR1B1	6	0.8450980400142568
OR1C1	8	0.9542425094393249
OR1D2	34	1.5440680443502757
OR1D3P	5	0.7781512503836436
OR1D4	7	0.9030899869919435
OR1D5	7	0.9030899869919435
OR1E1	10	1.0413926851582251
OR1E2	10	1.0413926851582251
OR1E3	9	1.0
OR1F1	8	0.9542425094393249
OR1F12P	4	0.6989700043360189
OR1F2P	5	0.7781512503836436
OR1G1	17	1.255272505103306
OR1H1P	2	0.47712125471966244
OR1I1	6	0.8450980400142568
OR1J1	5	0.7781512503836436
OR1J2	7	0.9030899869919435
OR1J4	5	0.7781512503836436
OR1K1	5	0.7781512503836436
OR1L1	2	0.47712125471966244
OR1L3	7	0.9030899869919435
OR1L4	3	0.6020599913279624
OR1L6	3	0.6020599913279624
OR1L8	4	0.6989700043360189
OR1M1	7	0.9030899869919435
OR1N1	5	0.7781512503836436
OR1N2	5	0.7781512503836436
OR1P1	7	0.9030899869919435
OR1Q1	6	0.8450980400142568
OR1Q1BP	1	0.3010299956639812
OR1R1	1	0.3010299956639812
OR1S1	4	0.6989700043360189
OR1S2	3	0.6020599913279624
OR2A1	4	0.6989700043360189
OR2A1-AS1	4	0.6989700043360189
OR2A12	6	0.8450980400142568
OR2A13P	1	0.3010299956639812
OR2A14	4	0.6989700043360189
OR2A15P	1	0.3010299956639812
OR2A2	7	0.9030899869919435
OR2A20P	2	0.47712125471966244
OR2A25	5	0.7781512503836436
OR2A3P	2	0.47712125471966244
OR2A4	12	1.1139433523068367
OR2A41P	1	0.3010299956639812
OR2A42	3	0.6020599913279624
OR2A5	6	0.8450980400142568
OR2A7	5	0.7781512503836436
OR2A9P	7	0.9030899869919435
OR2AE1	5	0.7781512503836436
OR2AG1	16	1.2304489213782739
OR2AG2	5	0.7781512503836436
OR2AH1P	1	0.3010299956639812
OR2AI1P	1	0.3010299956639812
OR2AJ1	3	0.6020599913279624
OR2AK2	4	0.6989700043360189
OR2AM1P	1	0.3010299956639812
OR2AO1P	1	0.3010299956639812
OR2AP1	2	0.47712125471966244
OR2AT1P	1	0.3010299956639812
OR2AT2P	1	0.3010299956639812
OR2AT4	16	1.2304489213782739
OR2B11	5	0.7781512503836436
OR2B2	4	0.6989700043360189
OR2B3	11	1.0791812460476249
OR2B4P	1	0.3010299956639812
OR2B6	6	0.8450980400142568
OR2B7P	2	0.47712125471966244
OR2B8	2	0.47712125471966244
OR2C1	6	0.8450980400142568
OR2C3	7	0.9030899869919435
OR2D2	5	0.7781512503836436
OR2D3	4	0.6989700043360189
OR2E1P	1	0.3010299956639812
OR2F1	12	1.1139433523068367
OR2F2	10	1.0413926851582251
OR2G1P	1	0.3010299956639812
OR2G2	3	0.6020599913279624
OR2G3	5	0.7781512503836436
OR2G6	7	0.9030899869919435
OR2H1	14	1.1760912590556813
OR2H2	18	1.2787536009528289
OR2H4P	1	0.3010299956639812
OR2H5P	1	0.3010299956639812
OR2I1	3	0.6020599913279624
OR2J1	3	0.6020599913279624
OR2J2	10	1.0413926851582251
OR2J3	16	1.2304489213782739
OR2J4P	1	0.3010299956639812
OR2K2	14	1.1760912590556813
OR2L13	10	1.0413926851582251
OR2L1P	1	0.3010299956639812
OR2L2	5	0.7781512503836436
OR2L3	2	0.47712125471966244
OR2L5	5	0.7781512503836436
OR2L8	5	0.7781512503836436
OR2M1P	2	0.47712125471966244
OR2M2	3	0.6020599913279624
OR2M3	7	0.9030899869919435
OR2M4	7	0.9030899869919435
OR2M5	2	0.47712125471966244
OR2M7	6	0.8450980400142568
OR2N1P	1	0.3010299956639812
OR2Q1P	3	0.6020599913279624
OR2R1P	2	0.47712125471966244
OR2S1P	1	0.3010299956639812
OR2S2	13	1.146128035678238
OR2T1	8	0.9542425094393249
OR2T10	4	0.6989700043360189
OR2T11	6	0.8450980400142568
OR2T12	5	0.7781512503836436
OR2T2	7	0.9030899869919435
OR2T27	4	0.6989700043360189
OR2T29	2	0.47712125471966244
OR2T3	3	0.6020599913279624
OR2T33	5	0.7781512503836436
OR2T34	5	0.7781512503836436
OR2T35	6	0.8450980400142568
OR2T4	3	0.6020599913279624
OR2T5	5	0.7781512503836436
OR2T6	4	0.6989700043360189
OR2T7	5	0.7781512503836436
OR2T8	3	0.6020599913279624
OR2U1P	1	0.3010299956639812
OR2U2P	1	0.3010299956639812
OR2V1	2	0.47712125471966244
OR2V2	4	0.6989700043360189
OR2W1	12	1.1139433523068367
OR2W1-AS1	1	0.3010299956639812
OR2W3	16	1.2304489213782739
OR2W4P	1	0.3010299956639812
OR2W5	5	0.7781512503836436
OR2W6P	2	0.47712125471966244
OR2Y1	4	0.6989700043360189
OR2Z1	5	0.7781512503836436
OR3A1	14	1.1760912590556813
OR3A2	10	1.0413926851582251
OR3A3	10	1.0413926851582251
OR3A4P	10	1.0413926851582251
OR3A5P	1	0.3010299956639812
OR3B1P	2	0.47712125471966244
OR4A12P	1	0.3010299956639812
OR4A13P	2	0.47712125471966244
OR4A15	6	0.8450980400142568
OR4A16	4	0.6989700043360189
OR4A19P	1	0.3010299956639812
OR4A1P	2	0.47712125471966244
OR4A21P	1	0.3010299956639812
OR4A2P	1	0.3010299956639812
OR4A47	6	0.8450980400142568
OR4A4P	4	0.6989700043360189
OR4A5	5	0.7781512503836436
OR4A50P	1	0.3010299956639812
OR4A6P	1	0.3010299956639812
OR4A7P	1	0.3010299956639812
OR4A8	6	0.8450980400142568
OR4A9P	1	0.3010299956639812
OR4B1	4	0.6989700043360189
OR4C11	3	0.6020599913279624
OR4C12	6	0.8450980400142568
OR4C13	5	0.7781512503836436
OR4C14P	1	0.3010299956639812
OR4C15	3	0.6020599913279624
OR4C16	6	0.8450980400142568
OR4C1P	2	0.47712125471966244
OR4C2P	1	0.3010299956639812
OR4C3	3	0.6020599913279624
OR4C45	4	0.6989700043360189
OR4C46	4	0.6989700043360189
OR4C4P	1	0.3010299956639812
OR4C5	3	0.6020599913279624
OR4C6	4	0.6989700043360189
OR4D1	8	0.9542425094393249
OR4D10	5	0.7781512503836436
OR4D11	3	0.6020599913279624
OR4D2	7	0.9030899869919435
OR4D5	3	0.6020599913279624
OR4D6	10	1.0413926851582251
OR4D7P	1	0.3010299956639812
OR4D8P	2	0.47712125471966244
OR4D9	3	0.6020599913279624
OR4E1	6	0.8450980400142568
OR4E2	6	0.8450980400142568
OR4F15	5	0.7781512503836436
OR4F16	5	0.7781512503836436
OR4F17	6	0.8450980400142568
OR4F1P	1	0.3010299956639812
OR4F21	2	0.47712125471966244
OR4F29	4	0.6989700043360189
OR4F3	4	0.6989700043360189
OR4F4	7	0.9030899869919435
OR4F5	3	0.6020599913279624
OR4F6	3	0.6020599913279624
OR4F7P	1	0.3010299956639812
OR4F8BP	1	0.3010299956639812
OR4G1P	1	0.3010299956639812
OR4G2P	1	0.3010299956639812
OR4G3P	1	0.3010299956639812
OR4G6P	1	0.3010299956639812
OR4H12P	1	0.3010299956639812
OR4H6BP	1	0.3010299956639812
OR4H6P	2	0.47712125471966244
OR4K1	6	0.8450980400142568
OR4K11P	2	0.47712125471966244
OR4K12P	1	0.3010299956639812
OR4K13	3	0.6020599913279624
OR4K14	4	0.6989700043360189
OR4K15	4	0.6989700043360189
OR4K16P	1	0.3010299956639812
OR4K17	3	0.6020599913279624
OR4K2	5	0.7781512503836436
OR4K3	8	0.9542425094393249
OR4K4P	1	0.3010299956639812
OR4K5	4	0.6989700043360189
OR4K6P	1	0.3010299956639812
OR4K7P	1	0.3010299956639812
OR4K8P	1	0.3010299956639812
OR4L1	3	0.6020599913279624
OR4M1	6	0.8450980400142568
OR4M2	3	0.6020599913279624
OR4M2-OT1	4	0.6989700043360189
OR4M2B	2	0.47712125471966244
OR4N1P	1	0.3010299956639812
OR4N2	5	0.7781512503836436
OR4N3BP	1	0.3010299956639812
OR4N3P	1	0.3010299956639812
OR4N4	5	0.7781512503836436
OR4N4C	1	0.3010299956639812
OR4N5	2	0.47712125471966244
OR4P1P	1	0.3010299956639812
OR4P4	3	0.6020599913279624
OR4Q1P	1	0.3010299956639812
OR4Q2	4	0.6989700043360189
OR4Q3	4	0.6989700043360189
OR4S1	4	0.6989700043360189
OR4S2	5	0.7781512503836436
OR4T1P	1	0.3010299956639812
OR4U1P	1	0.3010299956639812
OR4V1P	1	0.3010299956639812
OR4X1	7	0.9030899869919435
OR4X2	7	0.9030899869919435
OR51A10P	1	0.3010299956639812
OR51A1P	3	0.6020599913279624
OR51A2	2	0.47712125471966244
OR51A3P	1	0.3010299956639812
OR51A4	3	0.6020599913279624
OR51A6P	2	0.47712125471966244
OR51A7	3	0.6020599913279624
OR51A8P	1	0.3010299956639812
OR51A9P	1	0.3010299956639812
OR51AB1P	1	0.3010299956639812
OR51B2	9	1.0
OR51B3P	1	0.3010299956639812
OR51B4	6	0.8450980400142568
OR51B5	10	1.0413926851582251
OR51B6	4	0.6989700043360189
OR51D1	5	0.7781512503836436
OR51E1	24	1.3979400086720377
OR51E2	53	1.7323937598229686
OR51F1	6	0.8450980400142568
OR51F2	3	0.6020599913279624
OR51G1	6	0.8450980400142568
OR51G2	4	0.6989700043360189
OR51H1	3	0.6020599913279624
OR51H2P	2	0.47712125471966244
OR51I1	7	0.9030899869919435
OR51I2	6	0.8450980400142568
OR51J1	5	0.7781512503836436
OR51L1	4	0.6989700043360189
OR51M1	7	0.9030899869919435
OR51N1P	1	0.3010299956639812
OR51Q1	3	0.6020599913279624
OR51R1P	1	0.3010299956639812
OR51S1	3	0.6020599913279624
OR51T1	2	0.47712125471966244
OR51V1	5	0.7781512503836436
OR52A1	11	1.0791812460476249
OR52A4P	3	0.6020599913279624
OR52A5	3	0.6020599913279624
OR52B1P	2	0.47712125471966244
OR52B2	5	0.7781512503836436
OR52B3P	2	0.47712125471966244
OR52B4	8	0.9542425094393249
OR52B5P	1	0.3010299956639812
OR52B6	2	0.47712125471966244
OR52D1	6	0.8450980400142568
OR52E1	2	0.47712125471966244
OR52E2	3	0.6020599913279624
OR52E4	3	0.6020599913279624
OR52E5	2	0.47712125471966244
OR52E6	5	0.7781512503836436
OR52E7P	1	0.3010299956639812
OR52E8	4	0.6989700043360189
OR52H1	3	0.6020599913279624
OR52I1	5	0.7781512503836436
OR52I2	4	0.6989700043360189
OR52J3	2	0.47712125471966244
OR52K1	5	0.7781512503836436
OR52K2	4	0.6989700043360189
OR52K3P	1	0.3010299956639812
OR52L1	6	0.8450980400142568
OR52L2P	2	0.47712125471966244
OR52M1	5	0.7781512503836436
OR52M2P	1	0.3010299956639812
OR52N1	3	0.6020599913279624
OR52N2	3	0.6020599913279624
OR52N3P	1	0.3010299956639812
OR52N4	4	0.6989700043360189
OR52N5	4	0.6989700043360189
OR52P1	3	0.6020599913279624
OR52R1	4	0.6989700043360189
OR52T1P	1	0.3010299956639812
OR52V1P	1	0.3010299956639812
OR52W1	7	0.9030899869919435
OR52X1P	1	0.3010299956639812
OR52Z1	5	0.7781512503836436
OR55B1P	1	0.3010299956639812
OR56A1	5	0.7781512503836436
OR56A3	2	0.47712125471966244
OR56A4	4	0.6989700043360189
OR56A5	2	0.47712125471966244
OR56B1	4	0.6989700043360189
OR56B2	2	0.47712125471966244
OR56B3P	1	0.3010299956639812
OR56B4	4	0.6989700043360189
OR5A1	5	0.7781512503836436
OR5A2	5	0.7781512503836436
OR5AC1	3	0.6020599913279624
OR5AC2	6	0.8450980400142568
OR5AK1P	1	0.3010299956639812
OR5AK2	3	0.6020599913279624
OR5AK3P	1	0.3010299956639812
OR5AK4P	3	0.6020599913279624
OR5AL1	6	0.8450980400142568
OR5AM1P	1	0.3010299956639812
OR5AN1	11	1.0791812460476249
OR5AP1P	1	0.3010299956639812
OR5AP2	3	0.6020599913279624
OR5AQ1P	1	0.3010299956639812
OR5AR1	7	0.9030899869919435
OR5AS1	3	0.6020599913279624
OR5AU1	4	0.6989700043360189
OR5AZ1P	2	0.47712125471966244
OR5B10P	2	0.47712125471966244
OR5B12	4	0.6989700043360189
OR5B15P	1	0.3010299956639812
OR5B17	2	0.47712125471966244
OR5B1P	3	0.6020599913279624
OR5B2	5	0.7781512503836436
OR5B21	1	0.3010299956639812
OR5B3	2	0.47712125471966244
OR5BA1P	1	0.3010299956639812
OR5BB1P	1	0.3010299956639812
OR5BE1P	1	0.3010299956639812
OR5BH1P	1	0.3010299956639812
OR5BN1P	2	0.47712125471966244
OR5BR1P	1	0.3010299956639812
OR5C1	4	0.6989700043360189
OR5D13	5	0.7781512503836436
OR5D14	4	0.6989700043360189
OR5D15P	1	0.3010299956639812
OR5D16	3	0.6020599913279624
OR5D17P	1	0.3010299956639812
OR5D18	4	0.6989700043360189
OR5D2P	4	0.6989700043360189
OR5D3	3	0.6020599913279624
OR5E1P	3	0.6020599913279624
OR5F1	8	0.9542425094393249
OR5F2P	1	0.3010299956639812
OR5G1P	3	0.6020599913279624
OR5G3	4	0.6989700043360189
OR5G4P	1	0.3010299956639812
OR5G5P	1	0.3010299956639812
OR5H1	5	0.7781512503836436
OR5H14	4	0.6989700043360189
OR5H15	2	0.47712125471966244
OR5H2	4	0.6989700043360189
OR5H3P	1	0.3010299956639812
OR5H4P	1	0.3010299956639812
OR5H5P	1	0.3010299956639812
OR5H6	5	0.7781512503836436
OR5H7P	1	0.3010299956639812
OR5H8	3	0.6020599913279624
OR5I1	6	0.8450980400142568
OR5J1P	4	0.6989700043360189
OR5J2	3	0.6020599913279624
OR5K1	5	0.7781512503836436
OR5K2	5	0.7781512503836436
OR5K3	1	0.3010299956639812
OR5K4	1	0.3010299956639812
OR5L1	9	1.0
OR5L2	4	0.6989700043360189
OR5M1	3	0.6020599913279624
OR5M10	5	0.7781512503836436
OR5M11	5	0.7781512503836436
OR5M12P	1	0.3010299956639812
OR5M13P	2	0.47712125471966244
OR5M14P	1	0.3010299956639812
OR5M2P	1	0.3010299956639812
OR5M3	7	0.9030899869919435
OR5M4P	1	0.3010299956639812
OR5M5P	2	0.47712125471966244
OR5M6P	1	0.3010299956639812
OR5M7P	1	0.3010299956639812
OR5M8	6	0.8450980400142568
OR5M9	3	0.6020599913279624
OR5P1P	2	0.47712125471966244
OR5P2	5	0.7781512503836436
OR5P3	4	0.6989700043360189
OR5S1P	1	0.3010299956639812
OR5T1	4	0.6989700043360189
OR5T2	3	0.6020599913279624
OR5T3	4	0.6989700043360189
OR5V1	10	1.0413926851582251
OR5W1P	1	0.3010299956639812
OR5W2	4	0.6989700043360189
OR6A2	11	1.0791812460476249
OR6B1	8	0.9542425094393249
OR6B2	4	0.6989700043360189
OR6B3	6	0.8450980400142568
OR6C1	7	0.9030899869919435
OR6C2	4	0.6989700043360189
OR6C3	5	0.7781512503836436
OR6C4	7	0.9030899869919435
OR6C6	3	0.6020599913279624
OR6C64P	1	0.3010299956639812
OR6C65	3	0.6020599913279624
OR6C68	2	0.47712125471966244
OR6C70	4	0.6989700043360189
OR6C74	4	0.6989700043360189
OR6C75	3	0.6020599913279624
OR6C76	2	0.47712125471966244
OR6D1P	1	0.3010299956639812
OR6E1P	1	0.3010299956639812
OR6F1	5	0.7781512503836436
OR6J1	2	0.47712125471966244
OR6K1P	1	0.3010299956639812
OR6K2	3	0.6020599913279624
OR6K3	5	0.7781512503836436
OR6K4P	2	0.47712125471966244
OR6K5P	1	0.3010299956639812
OR6K6	4	0.6989700043360189
OR6L1P	1	0.3010299956639812
OR6M1	7	0.9030899869919435
OR6M2P	1	0.3010299956639812
OR6N1	6	0.8450980400142568
OR6N2	3	0.6020599913279624
OR6P1	5	0.7781512503836436
OR6Q1	6	0.8450980400142568
OR6R1P	1	0.3010299956639812
OR6S1	4	0.6989700043360189
OR6T1	6	0.8450980400142568
OR6U2P	1	0.3010299956639812
OR6V1	5	0.7781512503836436
OR6W1P	2	0.47712125471966244
OR6X1	4	0.6989700043360189
OR6Y1	5	0.7781512503836436
OR7A10	8	0.9542425094393249
OR7A15P	2	0.47712125471966244
OR7A17	11	1.0791812460476249
OR7A1P	1	0.3010299956639812
OR7A2P	4	0.6989700043360189
OR7A3P	3	0.6020599913279624
OR7A5	12	1.1139433523068367
OR7A8P	2	0.47712125471966244
OR7C1	10	1.0413926851582251
OR7C2	9	1.0
OR7D1P	3	0.6020599913279624
OR7D2	8	0.9542425094393249
OR7D4	13	1.146128035678238
OR7E102P	1	0.3010299956639812
OR7E103P	1	0.3010299956639812
OR7E104P	1	0.3010299956639812
OR7E105P	2	0.47712125471966244
OR7E106P	2	0.47712125471966244
OR7E109P	1	0.3010299956639812
OR7E10P	2	0.47712125471966244
OR7E111FP	3	0.6020599913279624
OR7E111P	1	0.3010299956639812
OR7E115P	2	0.47712125471966244
OR7E116P	2	0.47712125471966244
OR7E117P	1	0.3010299956639812
OR7E11P	1	0.3010299956639812
OR7E122P	1	0.3010299956639812
OR7E125P	2	0.47712125471966244
OR7E126P	3	0.6020599913279624
OR7E129P	1	0.3010299956639812
OR7E12P	3	0.6020599913279624
OR7E136P	1	0.3010299956639812
OR7E13P	3	0.6020599913279624
OR7E140P	1	0.3010299956639812
OR7E14P	2	0.47712125471966244
OR7E154P	1	0.3010299956639812
OR7E156P	4	0.6989700043360189
OR7E15P	2	0.47712125471966244
OR7E162P	1	0.3010299956639812
OR7E16P	2	0.47712125471966244
OR7E18P	1	0.3010299956639812
OR7E19P	1	0.3010299956639812
OR7E1P	1	0.3010299956639812
OR7E21P	2	0.47712125471966244
OR7E22P	2	0.47712125471966244
OR7E23P	2	0.47712125471966244
OR7E24	10	1.0413926851582251
OR7E25P	1	0.3010299956639812
OR7E26P	3	0.6020599913279624
OR7E28P	1	0.3010299956639812
OR7E29P	1	0.3010299956639812
OR7E2P	2	0.47712125471966244
OR7E31P	4	0.6989700043360189
OR7E33P	1	0.3010299956639812
OR7E35P	1	0.3010299956639812
OR7E36P	1	0.3010299956639812
OR7E37P	2	0.47712125471966244
OR7E38P	1	0.3010299956639812
OR7E39P	2	0.47712125471966244
OR7E41P	4	0.6989700043360189
OR7E43P	2	0.47712125471966244
OR7E46P	1	0.3010299956639812
OR7E47P	4	0.6989700043360189
OR7E4P	3	0.6020599913279624
OR7E53P	1	0.3010299956639812
OR7E59P	2	0.47712125471966244
OR7E5P	4	0.6989700043360189
OR7E62P	2	0.47712125471966244
OR7E66P	3	0.6020599913279624
OR7E83P	1	0.3010299956639812
OR7E84P	1	0.3010299956639812
OR7E85BP	3	0.6020599913279624
OR7E86P	1	0.3010299956639812
OR7E87P	2	0.47712125471966244
OR7E8P	1	0.3010299956639812
OR7E91P	4	0.6989700043360189
OR7E99P	2	0.47712125471966244
OR7G1	6	0.8450980400142568
OR7G2	3	0.6020599913279624
OR7G3	5	0.7781512503836436
OR7H1P	2	0.47712125471966244
OR8A1	6	0.8450980400142568
OR8A2P	1	0.3010299956639812
OR8B10P	1	0.3010299956639812
OR8B12	4	0.6989700043360189
OR8B1P	3	0.6020599913279624
OR8B2	5	0.7781512503836436
OR8B3	3	0.6020599913279624
OR8B4	7	0.9030899869919435
OR8B5P	1	0.3010299956639812
OR8B6P	1	0.3010299956639812
OR8B7P	1	0.3010299956639812
OR8B8	7	0.9030899869919435
OR8B9P	2	0.47712125471966244
OR8C1P	3	0.6020599913279624
OR8D1	4	0.6989700043360189
OR8D2	8	0.9542425094393249
OR8D4	4	0.6989700043360189
OR8F1P	1	0.3010299956639812
OR8G1	7	0.9030899869919435
OR8G2P	5	0.7781512503836436
OR8G3	2	0.47712125471966244
OR8G5	4	0.6989700043360189
OR8G7P	1	0.3010299956639812
OR8H1	3	0.6020599913279624
OR8H2	4	0.6989700043360189
OR8H3	2	0.47712125471966244
OR8I1P	1	0.3010299956639812
OR8I2	6	0.8450980400142568
OR8J1	4	0.6989700043360189
OR8J2	6	0.8450980400142568
OR8J3	3	0.6020599913279624
OR8K1	4	0.6989700043360189
OR8K3	4	0.6989700043360189
OR8K5	2	0.47712125471966244
OR8L1P	1	0.3010299956639812
OR8S1	4	0.6989700043360189
OR8U1	3	0.6020599913279624
OR8U3	4	0.6989700043360189
OR8U8	3	0.6020599913279624
OR8U9	5	0.7781512503836436
OR8V1P	1	0.3010299956639812
OR9A1P	1	0.3010299956639812
OR9A2	4	0.6989700043360189
OR9A3P	2	0.47712125471966244
OR9A4	5	0.7781512503836436
OR9G1	4	0.6989700043360189
OR9G2P	1	0.3010299956639812
OR9G3P	1	0.3010299956639812
OR9G4	4	0.6989700043360189
OR9G9	2	0.47712125471966244
OR9H1	1	0.3010299956639812
OR9I1	4	0.6989700043360189
OR9I2P	2	0.47712125471966244
OR9I3P	1	0.3010299956639812
OR9K1P	1	0.3010299956639812
OR9K2	5	0.7781512503836436
OR9N1P	1	0.3010299956639812
OR9P1P	1	0.3010299956639812
OR9Q1	4	0.6989700043360189
OR9Q2	4	0.6989700043360189
OR9R1P	1	0.3010299956639812
ORAI1	815	2.9116901587538613
ORAI2	63	1.806179973983887
ORAI3	109	2.041392685158225
ORC1	101	2.0086001717619175
ORC2	128	2.110589710299249
ORC3	103	2.0170333392987803
ORC4	104	2.0211892990699383
ORC5	83	1.9242792860618816
ORC6	76	1.8864907251724818
ORM1	143	2.1583624920952498
ORM2	64	1.8129133566428555
ORMDL1	38	1.591064607026499
ORMDL2	37	1.5797835966168101
ORMDL3	202	2.307496037913213
OS9	138	2.143014800254095
OSBP	97	1.9912260756924949
OSBP2	53	1.7323937598229686
OSBPL10	59	1.7781512503836436
OSBPL11	71	1.8573324964312685
OSBPL1A	63	1.806179973983887
OSBPL2	92	1.968482948553935
OSBPL3	97	1.9912260756924949
OSBPL5	58	1.7708520116421442
OSBPL6	45	1.662757831681574
OSBPL7	25	1.414973347970818
OSBPL8	144	2.161368002234975
OSBPL9	82	1.919078092376074
OSBPL9P2	3	0.6020599913279624
OSCAR	53	1.7323937598229686
OSCP1	75	1.8808135922807914
OSER1	20	1.3222192947339193
OSER1-DT	7	0.9030899869919435
OSGEP	71	1.8573324964312685
OSGEPL1	20	1.3222192947339193
OSGEPL1-AS1	1	0.3010299956639812
OSGIN1	43	1.6434526764861874
OSGIN2	11	1.0791812460476249
OSM	195	2.292256071356476
OSMR	140	2.1492191126553797
OSMR-DT	1	0.3010299956639812
OSR1	45	1.662757831681574
OSR2	30	1.4913616938342726
OST4	15	1.2041199826559248
OSTC	54	1.7403626894942439
OSTCP1	5	0.7781512503836436
OSTF1	67	1.8325089127062364
OSTM1	62	1.7993405494535817
OSTM1-AS1	5	0.7781512503836436
OSTN	42	1.6334684555795864
OTC	143	2.1583624920952498
OTOA	28	1.462397997898956
OTOAP1	3	0.6020599913279624
OTOF	152	2.184691430817599
OTOG	24	1.3979400086720377
OTOGL	18	1.2787536009528289
OTOL1	25	1.414973347970818
OTOP1	11	1.0791812460476249
OTOP1P1	1	0.3010299956639812
OTOP2	6	0.8450980400142568
OTOP3	6	0.8450980400142568
OTOR	18	1.2787536009528289
OTOS	11	1.0791812460476249
OTP	25	1.414973347970818
OTP-AS1	1	0.3010299956639812
OTUB1	257	2.41161970596323
OTUB2	64	1.8129133566428555
OTUD1	57	1.7634279935629373
OTUD3	74	1.8750612633917
OTUD4	134	2.130333768495006
OTUD4P1	4	0.6989700043360189
OTUD5	92	1.968482948553935
OTUD6A	28	1.462397997898956
OTUD6B	60	1.7853298350107671
OTUD6B-AS1	6	0.8450980400142568
OTUD7A	29	1.4771212547196624
OTUD7B	121	2.0863598306747484
OTULIN	114	2.060697840353612
OTULIN-DT	1	0.3010299956639812
OTULINL	25	1.414973347970818
OTX1	96	1.9867717342662448
OTX2	258	2.413299764081252
OTX2-AS1	8	0.9542425094393249
OVAAL	5	0.7781512503836436
OVCA2	22	1.3617278360175928
OVCH1	6	0.8450980400142568
OVCH1-AS1	2	0.47712125471966244
OVCH2	7	0.9030899869919435
OVGP1	60	1.7853298350107671
OVOL1	57	1.7634279935629373
OVOL2	62	1.7993405494535817
OVOL3	4	0.6989700043360189
OVOS1BP	3	0.6020599913279624
OVOS1P	2	0.47712125471966244
OVOS2P	8	0.9542425094393249
OXA1L	79	1.9030899869919435
OXCT1	80	1.9084850188786497
OXCT1-AS1	5	0.7781512503836436
OXCT2	17	1.255272505103306
OXCT2P1	2	0.47712125471966244
OXER1	40	1.6127838567197355
OXGR1	31	1.505149978319906
OXLD1	11	1.0791812460476249
OXNAD1	16	1.2304489213782739
OXR1	49	1.6989700043360187
OXSM	30	1.4913616938342726
OXSR1	178	2.2528530309798933
OXT	222	2.3483048630481607
OXTR	593	2.7737864449811935
P2RX1	85	1.9344984512435677
P2RX2	175	2.24551266781415
P2RX3	166	2.2227164711475833
P2RX4	208	2.3201462861110542
P2RX5	33	1.5314789170422551
P2RX5-TAX1BP3	4	0.6989700043360189
P2RX6	29	1.4771212547196624
P2RX6P	1	0.3010299956639812
P2RX7	1038	3.016615547557177
P2RY1	389	2.591064607026499
P2RY10	23	1.380211241711606
P2RY11	53	1.7323937598229686
P2RY12	1019	3.0086001717619175
P2RY13	54	1.7403626894942439
P2RY14	91	1.9637878273455553
P2RY2	347	2.5415792439465807
P2RY4	28	1.462397997898956
P2RY6	67	1.8325089127062364
P2RY8	49	1.6989700043360187
P3H1	131	2.12057393120585
P3H2	45	1.662757831681574
P3H3	33	1.5314789170422551
P3H4	43	1.6434526764861874
P3R3URF	2	0.47712125471966244
P3R3URF-PIK3R3	1	0.3010299956639812
P4HA1	191	2.2833012287035497
P4HA2	107	2.03342375548695
P4HA3	39	1.6020599913279623
P4HA3-AS1	2	0.47712125471966244
P4HB	435	2.639486489268586
P4HTM	32	1.5185139398778875
PA2G4	316	2.5010592622177517
PA2G4P1	2	0.47712125471966244
PA2G4P2	3	0.6020599913279624
PA2G4P3	1	0.3010299956639812
PA2G4P4	1	0.3010299956639812
PA2G4P5	1	0.3010299956639812
PA2G4P6	1	0.3010299956639812
PAAF1	54	1.7403626894942439
PABIR1	36	1.568201724066995
PABIR2	34	1.5440680443502757
PABIR3	13	1.146128035678238
PABPC1	556	2.745855195173729
PABPC1L	48	1.6901960800285136
PABPC1L2A	11	1.0791812460476249
PABPC1L2B	4	0.6989700043360189
PABPC1P1	3	0.6020599913279624
PABPC1P10	2	0.47712125471966244
PABPC1P11	1	0.3010299956639812
PABPC1P2	8	0.9542425094393249
PABPC1P3	2	0.47712125471966244
PABPC1P4	1	0.3010299956639812
PABPC1P7	1	0.3010299956639812
PABPC3	80	1.9084850188786497
PABPC4	307	2.4885507165004443
PABPC4-AS1	1	0.3010299956639812
PABPC4L	19	1.3010299956639813
PABPC5	33	1.5314789170422551
PABPC5-AS1	1	0.3010299956639812
PABPN1	304	2.484299839346786
PABPN1L	12	1.1139433523068367
PACC1	24	1.3979400086720377
PACERR	9	1.0
PACRG	63	1.806179973983887
PACRG-AS1	2	0.47712125471966244
PACRGL	16	1.2304489213782739
PACS1	124	2.0969100130080562
PACS2	68	1.8388490907372552
PACSIN1	76	1.8864907251724818
PACSIN2	137	2.1398790864012365
PACSIN3	90	1.9590413923210936
PADI1	33	1.5314789170422551
PADI2	168	2.2278867046136734
PADI3	53	1.7323937598229686
PADI4	496	2.696356388733332
PADI6	38	1.591064607026499
PAEP	502	2.7015679850559273
PAEPP1	2	0.47712125471966244
PAF1	188	2.2764618041732443
PAFAH1B1	431	2.635483746814912
PAFAH1B1P1	1	0.3010299956639812
PAFAH1B1P2	2	0.47712125471966244
PAFAH1B2	78	1.8976270912904414
PAFAH1B2P2	1	0.3010299956639812
PAFAH1B3	73	1.8692317197309762
PAFAH2	17	1.255272505103306
PAG1	112	2.0530784434834195
PAGE1	14	1.1760912590556813
PAGE2	8	0.9542425094393249
PAGE2B	5	0.7781512503836436
PAGE3	7	0.9030899869919435
PAGE4	21	1.3424226808222062
PAGE5	15	1.2041199826559248
PAGR1	40	1.6127838567197355
PAH	327	2.515873843711679
PAICS	215	2.3344537511509307
PAICSP1	1	0.3010299956639812
PAICSP2	1	0.3010299956639812
PAICSP3	1	0.3010299956639812
PAICSP5	1	0.3010299956639812
PAICSP6	1	0.3010299956639812
PAIP1	101	2.0086001717619175
PAIP2	62	1.7993405494535817
PAIP2B	12	1.1139433523068367
PAK1	575	2.760422483423212
PAK1IP1	86	1.9395192526186185
PAK2	283	2.4533183400470375
PAK3	102	2.012837224705172
PAK4	346	2.5403294747908736
PAK4-AS1	1	0.3010299956639812
PAK5	97	1.9912260756924949
PAK6	75	1.8808135922807914
PAK6-AS1	2	0.47712125471966244
PALB2	565	2.7528164311882715
PALD1	47	1.6812412373755872
PALLD	185	2.2695129442179165
PALM	55	1.7481880270062005
PALM2AKAP2	135	2.1335389083702174
PALM3	13	1.146128035678238
PALMD	30	1.4913616938342726
PALS1	146	2.167317334748176
PALS2	74	1.8750612633917
PAM	82	1.919078092376074
PAM16	72	1.863322860120456
PAMR1	12	1.1139433523068367
PAN2	63	1.806179973983887
PAN3	55	1.7481880270062005
PAN3-AS1	2	0.47712125471966244
PANCR	4	0.6989700043360189
PANDAR	30	1.4913616938342726
PANK1	31	1.505149978319906
PANK2	102	2.012837224705172
PANK3	23	1.380211241711606
PANK4	66	1.8260748027008264
PANO1	2	0.47712125471966244
PANTR1	12	1.1139433523068367
PANX1	366	2.5646660642520893
PANX2	49	1.6989700043360187
PANX3	35	1.5563025007672873
PAOX	17	1.255272505103306
PAPLN	19	1.3010299956639813
PAPLN-AS1	2	0.47712125471966244
PAPOLA	67	1.8325089127062364
PAPOLA-DT	1	0.3010299956639812
PAPOLB	10	1.0413926851582251
PAPOLG	38	1.591064607026499
PAPPA	445	2.649334858712142
PAPPA-AS1	5	0.7781512503836436
PAPPA-AS2	2	0.47712125471966244
PAPPA2	97	1.9912260756924949
PAPSS1	71	1.8573324964312685
PAPSS2	77	1.8920946026904804
PAQR3	59	1.7781512503836436
PAQR4	25	1.414973347970818
PAQR5	21	1.3424226808222062
PAQR6	17	1.255272505103306
PAQR7	49	1.6989700043360187
PAQR8	21	1.3424226808222062
PAQR9	14	1.1760912590556813
PARAIL	3	0.6020599913279624
PARAL1	2	0.47712125471966244
PARD3	281	2.450249108319361
PARD3B	54	1.7403626894942439
PARD6A	140	2.1492191126553797
PARD6B	65	1.8195439355418688
PARD6G	33	1.5314789170422551
PARD6G-AS1	5	0.7781512503836436
PARG	98	1.99563519459755
PARGP1	2	0.47712125471966244
PARK7	1009	3.0043213737826426
PARK7P1	1	0.3010299956639812
PARL	95	1.9822712330395684
PARM1	27	1.4471580313422192
PARN	124	2.0969100130080562
PARP1	3526	3.5474054596674898
PARP10	74	1.8750612633917
PARP11	27	1.4471580313422192
PARP11-AS1	1	0.3010299956639812
PARP12	51	1.7160033436347992
PARP14	105	2.0253058652647704
PARP15	26	1.4313637641589874
PARP16	47	1.6812412373755872
PARP1P1	1	0.3010299956639812
PARP1P2	1	0.3010299956639812
PARP2	265	2.424881636631067
PARP3	67	1.8325089127062364
PARP4	96	1.9867717342662448
PARP4P1	1	0.3010299956639812
PARP4P3	1	0.3010299956639812
PARP6	25	1.414973347970818
PARP8	27	1.4471580313422192
PARP9	73	1.8692317197309762
PARPBP	46	1.6720978579357175
PARS2	49	1.6989700043360187
PART1	36	1.568201724066995
PARTICL	3	0.6020599913279624
PARVA	138	2.143014800254095
PARVB	82	1.919078092376074
PARVG	34	1.5440680443502757
PASD1	31	1.505149978319906
PASK	63	1.806179973983887
PATE1	13	1.146128035678238
PATE2	7	0.9030899869919435
PATE3	3	0.6020599913279624
PATE4	4	0.6989700043360189
PATJ	124	2.0969100130080562
PATL1	101	2.0086001717619175
PATL2	20	1.3222192947339193
PATZ1	105	2.0253058652647704
PAUPAR	5	0.7781512503836436
PAWR	212	2.3283796034387376
PAX1	60	1.7853298350107671
PAX2	467	2.670245853074124
PAX3	634	2.8027737252919755
PAX4	136	2.1367205671564067
PAX5	639	2.806179973983887
PAX6	1133	3.0546130545568877
PAX6-AS1	2	0.47712125471966244
PAX7	302	2.481442628502305
PAX8	679	2.832508912706236
PAX8-AS1	14	1.1760912590556813
PAX9	207	2.3180633349627615
PAXBP1	80	1.9084850188786497
PAXBP1-AS1	2	0.47712125471966244
PAXIP1	118	2.0755469613925306
PAXIP1-AS2	3	0.6020599913279624
PAXIP1-DT	5	0.7781512503836436
PAXX	48	1.6901960800285136
PBDC1	41	1.6232492903979006
PBK	227	2.357934847000454
PBLD	45	1.662757831681574
PBOV1	17	1.255272505103306
PBRM1	375	2.575187844927661
PBX1	391	2.593286067020457
PBX1-AS1	2	0.47712125471966244
PBX2	64	1.8129133566428555
PBX2P1	4	0.6989700043360189
PBX3	87	1.9444826721501687
PBX4	38	1.591064607026499
PBXIP1	92	1.968482948553935
PC	175	2.24551266781415
PCA3	88	1.9493900066449128
PCARE	24	1.3979400086720377
PCAT1	69	1.845098040014257
PCAT14	4	0.6989700043360189
PCAT18	7	0.9030899869919435
PCAT19	9	1.0
PCAT2	2	0.47712125471966244
PCAT29	11	1.0791812460476249
PCAT4	11	1.0791812460476249
PCAT5	2	0.47712125471966244
PCAT6	25	1.414973347970818
PCAT7	8	0.9542425094393249
PCBD1	65	1.8195439355418688
PCBD2	33	1.5314789170422551
PCBP1	506	2.705007959333336
PCBP1-AS1	11	1.0791812460476249
PCBP2	454	2.6580113966571126
PCBP2-OT1	9	1.0
PCBP2P1	2	0.47712125471966244
PCBP2P2	1	0.3010299956639812
PCBP3	74	1.8750612633917
PCBP3-AS1	1	0.3010299956639812
PCBP4	39	1.6020599913279623
PCCA	150	2.1789769472931693
PCCA-DT	1	0.3010299956639812
PCCB	131	2.12057393120585
PCDH1	62	1.7993405494535817
PCDH10	97	1.9912260756924949
PCDH10-DT	3	0.6020599913279624
PCDH11X	53	1.7323937598229686
PCDH11Y	37	1.5797835966168101
PCDH12	35	1.5563025007672873
PCDH15	161	2.2095150145426308
PCDH17	69	1.845098040014257
PCDH18	31	1.505149978319906
PCDH19	88	1.9493900066449128
PCDH20	29	1.4771212547196624
PCDH7	86	1.9395192526186185
PCDH8	42	1.6334684555795864
PCDH9	54	1.7403626894942439
PCDHA1	21	1.3424226808222062
PCDHA10	16	1.2304489213782739
PCDHA11	17	1.255272505103306
PCDHA12	18	1.2787536009528289
PCDHA13	15	1.2041199826559248
PCDHA14	6	0.8450980400142568
PCDHA2	20	1.3222192947339193
PCDHA3	18	1.2787536009528289
PCDHA4	31	1.505149978319906
PCDHA5	15	1.2041199826559248
PCDHA6	22	1.3617278360175928
PCDHA7	15	1.2041199826559248
PCDHA8	15	1.2041199826559248
PCDHA9	17	1.255272505103306
PCDHA@	12	1.1139433523068367
PCDHAC1	13	1.146128035678238
PCDHAC2	16	1.2304489213782739
PCDHACT	6	0.8450980400142568
PCDHB1	11	1.0791812460476249
PCDHB1-AS1	1	0.3010299956639812
PCDHB10	20	1.3222192947339193
PCDHB11	16	1.2304489213782739
PCDHB12	16	1.2304489213782739
PCDHB13	15	1.2041199826559248
PCDHB14	20	1.3222192947339193
PCDHB15	12	1.1139433523068367
PCDHB16	18	1.2787536009528289
PCDHB17P	7	0.9030899869919435
PCDHB18P	10	1.0413926851582251
PCDHB19P	4	0.6989700043360189
PCDHB2	16	1.2304489213782739
PCDHB3	14	1.1760912590556813
PCDHB4	13	1.146128035678238
PCDHB5	22	1.3617278360175928
PCDHB6	13	1.146128035678238
PCDHB7	13	1.146128035678238
PCDHB8	14	1.1760912590556813
PCDHB9	17	1.255272505103306
PCDHB@	5	0.7781512503836436
PCDHG@	6	0.8450980400142568
PCDHGA1	11	1.0791812460476249
PCDHGA10	14	1.1760912590556813
PCDHGA11	21	1.3424226808222062
PCDHGA12	14	1.1760912590556813
PCDHGA2	15	1.2041199826559248
PCDHGA3	18	1.2787536009528289
PCDHGA4	17	1.255272505103306
PCDHGA5	13	1.146128035678238
PCDHGA6	12	1.1139433523068367
PCDHGA7	15	1.2041199826559248
PCDHGA8	15	1.2041199826559248
PCDHGA9	15	1.2041199826559248
PCDHGB1	17	1.255272505103306
PCDHGB2	12	1.1139433523068367
PCDHGB3	16	1.2304489213782739
PCDHGB4	12	1.1139433523068367
PCDHGB5	16	1.2304489213782739
PCDHGB6	16	1.2304489213782739
PCDHGB7	14	1.1760912590556813
PCDHGB8P	6	0.8450980400142568
PCDHGB9P	3	0.6020599913279624
PCDHGC3	35	1.5563025007672873
PCDHGC4	14	1.1760912590556813
PCDHGC5	14	1.1760912590556813
PCDHGCT	5	0.7781512503836436
PCED1A	13	1.146128035678238
PCED1B	11	1.0791812460476249
PCED1B-AS1	11	1.0791812460476249
PCED1CP	1	0.3010299956639812
PCF11	78	1.8976270912904414
PCF11-AS1	2	0.47712125471966244
PCGEM1	41	1.6232492903979006
PCGF1	75	1.8808135922807914
PCGF2	113	2.0569048513364727
PCGF3	44	1.6532125137753437
PCGF3-AS1	2	0.47712125471966244
PCGF5	50	1.7075701760979363
PCGF6	87	1.9444826721501687
PCHILR	1	0.3010299956639812
PCID2	110	2.0453229787866576
PCIF1	56	1.7558748556724915
PCK1	169	2.230448921378274
PCK2	178	2.2528530309798933
PCLAF	139	2.146128035678238
PCLO	102	2.012837224705172
PCM1	215	2.3344537511509307
PCMT1	259	2.4149733479708178
PCMTD1	34	1.5440680443502757
PCMTD2	30	1.4913616938342726
PCNA	1177	3.0711452904510828
PCNA-AS1	2	0.47712125471966244
PCNAP1	5	0.7781512503836436
PCNAP2	2	0.47712125471966244
PCNAP3	1	0.3010299956639812
PCNAP4	1	0.3010299956639812
PCNP	99	2.0
PCNT	155	2.1931245983544616
PCNX1	32	1.5185139398778875
PCNX2	26	1.4313637641589874
PCNX3	30	1.4913616938342726
PCNX4	16	1.2304489213782739
PCOLCE	69	1.845098040014257
PCOLCE-AS1	2	0.47712125471966244
PCOLCE2	29	1.4771212547196624
PCOTH	5	0.7781512503836436
PCP2	44	1.6532125137753437
PCP4	49	1.6989700043360187
PCP4L1	9	1.0
PCSEAT	3	0.6020599913279624
PCSK1	157	2.1986570869544226
PCSK1N	41	1.6232492903979006
PCSK2	76	1.8864907251724818
PCSK4	43	1.6434526764861874
PCSK5	102	2.012837224705172
PCSK6	180	2.2576785748691846
PCSK6-AS1	2	0.47712125471966244
PCSK7	102	2.012837224705172
PCSK9	4032	3.605628222007619
PCTP	26	1.4313637641589874
PCYOX1	60	1.7853298350107671
PCYOX1L	31	1.505149978319906
PCYT1A	91	1.9637878273455553
PCYT1B	33	1.5314789170422551
PCYT1B-AS1	1	0.3010299956639812
PCYT2	47	1.6812412373755872
PDAP1	105	2.0253058652647704
PDC	37	1.5797835966168101
PDC-AS1	1	0.3010299956639812
PDCD1	7153	3.8545489358129505
PDCD10	226	2.3560258571931225
PDCD11	151	2.1818435879447726
PDCD1LG2	462	2.6655809910179533
PDCD2	59	1.7781512503836436
PDCD2L	59	1.7781512503836436
PDCD4	668	2.8254261177678233
PDCD4-AS1	2	0.47712125471966244
PDCD5	220	2.3443922736851106
PDCD6	240	2.3820170425748683
PDCD6-AHRR	3	0.6020599913279624
PDCD6IP	480	2.682145076373832
PDCD6IPP2	1	0.3010299956639812
PDCD6P1	3	0.6020599913279624
PDCD7	53	1.7323937598229686
PDCL	94	1.9777236052888478
PDCL2	12	1.1139433523068367
PDCL3	61	1.792391689498254
PDCL3P4	2	0.47712125471966244
PDE10A	262	2.419955748489758
PDE11A	81	1.9138138523837167
PDE12	83	1.9242792860618816
PDE1A	56	1.7558748556724915
PDE1B	37	1.5797835966168101
PDE1C	53	1.7323937598229686
PDE2A	110	2.0453229787866576
PDE3A	173	2.2405492482826
PDE3B	131	2.12057393120585
PDE4A	178	2.2528530309798933
PDE4B	240	2.3820170425748683
PDE4C	57	1.7634279935629373
PDE4D	383	2.584331224367531
PDE4DIP	98	1.99563519459755
PDE4DIPP2	1	0.3010299956639812
PDE4DIPP4	1	0.3010299956639812
PDE4DIPP6	3	0.6020599913279624
PDE5A	598	2.7774268223893115
PDE6A	68	1.8388490907372552
PDE6B	143	2.1583624920952498
PDE6B-AS1	1	0.3010299956639812
PDE6C	62	1.7993405494535817
PDE6D	66	1.8260748027008264
PDE6G	33	1.5314789170422551
PDE6H	26	1.4313637641589874
PDE7A	63	1.806179973983887
PDE7B	38	1.591064607026499
PDE7B-AS1	3	0.6020599913279624
PDE8A	69	1.845098040014257
PDE8B	65	1.8195439355418688
PDE9A	106	2.0293837776852097
PDE9A-AS1	2	0.47712125471966244
PDF	45	1.662757831681574
PDGFA	195	2.292256071356476
PDGFB	373	2.5728716022004803
PDGFC	81	1.9138138523837167
PDGFD	151	2.1818435879447726
PDGFDDN	2	0.47712125471966244
PDGFRA	561	2.749736315569061
PDGFRB	754	2.8779469516291885
PDGFRL	23	1.380211241711606
PDHA1	247	2.3944516808262164
PDHA2	43	1.6434526764861874
PDHB	206	2.315970345456918
PDHX	135	2.1335389083702174
PDIA2	108	2.037426497940624
PDIA3	635	2.803457115648414
PDIA3P1	7	0.9030899869919435
PDIA4	226	2.3560258571931225
PDIA5	87	1.9444826721501687
PDIA6	311	2.494154594018443
PDIK1L	25	1.414973347970818
PDILT	20	1.3222192947339193
PDK1	167	2.225309281725863
PDK2	109	2.041392685158225
PDK3	95	1.9822712330395684
PDK4	204	2.311753861055754
PDLIM1	125	2.100370545117563
PDLIM2	80	1.9084850188786497
PDLIM3	47	1.6812412373755872
PDLIM4	74	1.8750612633917
PDLIM5	188	2.2764618041732443
PDLIM7	267	2.428134794028789
PDP1	63	1.806179973983887
PDP2	26	1.4313637641589874
PDPK1	551	2.741939077729199
PDPK2P	4	0.6989700043360189
PDPN	827	2.9180303367848803
PDPR	44	1.6532125137753437
PDPR2P	4	0.6989700043360189
PDRG1	85	1.9344984512435677
PDS5A	159	2.2041199826559246
PDS5B	168	2.2278867046136734
PDS5B-DT	1	0.3010299956639812
PDSS1	41	1.6232492903979006
PDSS2	45	1.662757831681574
PDX1	201	2.305351369446624
PDXDC1	93	1.9731278535996986
PDXDC2P-NPIPB14P	12	1.1139433523068367
PDXK	77	1.8920946026904804
PDXP	49	1.6989700043360187
PDXP-DT	1	0.3010299956639812
PDYN	107	2.03342375548695
PDYN-AS1	4	0.6989700043360189
PDZD11	56	1.7558748556724915
PDZD2	61	1.792391689498254
PDZD4	24	1.3979400086720377
PDZD7	38	1.591064607026499
PDZD8	84	1.9294189257142926
PDZD9	12	1.1139433523068367
PDZK1	166	2.2227164711475833
PDZK1IP1	75	1.8808135922807914
PDZK1P1	4	0.6989700043360189
PDZRN3	53	1.7323937598229686
PDZRN4	23	1.380211241711606
PEA15	171	2.2355284469075487
PEA15-AS1	2	0.47712125471966244
PEAK1	101	2.0086001717619175
PEAK3	8	0.9542425094393249
PEAR1	72	1.863322860120456
PEBP1	506	2.705007959333336
PEBP1P2	1	0.3010299956639812
PEBP1P3	1	0.3010299956639812
PEBP4	37	1.5797835966168101
PECAM1	493	2.693726948923647
PECR	33	1.5314789170422551
PEDS1	28	1.462397997898956
PEDS1-UBE2V1	25	1.414973347970818
PEF1	73	1.8692317197309762
PEG10	189	2.278753600952829
PEG13	5	0.7781512503836436
PEG3	105	2.0253058652647704
PEG3-AS1	4	0.6989700043360189
PELATON	8	0.9542425094393249
PELI1	109	2.041392685158225
PELI2	39	1.6020599913279623
PELI3	41	1.6232492903979006
PELO	130	2.1172712956557644
PELO-AS1	1	0.3010299956639812
PELP1	251	2.401400540781544
PELP1-DT	1	0.3010299956639812
PEMT	103	2.0170333392987803
PENK	77	1.8920946026904804
PENK-AS1	1	0.3010299956639812
PEPC	3	0.6020599913279624
PEPD	146	2.167317334748176
PEPE	1	0.3010299956639812
PER1	382	2.583198773968623
PER2	453	2.6570558528571038
PER3	262	2.419955748489758
PER3P1	2	0.47712125471966244
PERCC1	2	0.47712125471966244
PERM1	10	1.0413926851582251
PERP	70	1.8512583487190752
PERPP3	1	0.3010299956639812
PES1	228	2.359835482339888
PET100	13	1.146128035678238
PET117	12	1.1139433523068367
PEX1	100	2.0043213737826426
PEX10	70	1.8512583487190752
PEX11A	41	1.6232492903979006
PEX11B	87	1.9444826721501687
PEX11G	12	1.1139433523068367
PEX12	52	1.724275869600789
PEX13	86	1.9395192526186185
PEX14	139	2.146128035678238
PEX16	72	1.863322860120456
PEX19	149	2.1760912590556813
PEX2	84	1.9294189257142926
PEX26	51	1.7160033436347992
PEX3	110	2.0453229787866576
PEX39	10	1.0413926851582251
PEX5	221	2.346352974450639
PEX5L	41	1.6232492903979006
PEX5L-AS2	1	0.3010299956639812
PEX6	111	2.0492180226701815
PEX7	73	1.8692317197309762
PF4	381	2.582063362911709
PF4V1	51	1.7160033436347992
PFAS	114	2.060697840353612
PFDN1	104	2.0211892990699383
PFDN2	151	2.1818435879447726
PFDN4	78	1.8976270912904414
PFDN5	132	2.123851640967086
PFDN6	112	2.0530784434834195
PFKFB1	31	1.505149978319906
PFKFB2	118	2.0755469613925306
PFKFB3	392	2.5943925503754266
PFKFB3-AS1	1	0.3010299956639812
PFKFB4	123	2.093421685162235
PFKL	196	2.294466226161593
PFKM	204	2.311753861055754
PFKP	270	2.432969290874406
PFN1	582	2.765668554759014
PFN1P2	2	0.47712125471966244
PFN2	151	2.1818435879447726
PFN3	13	1.146128035678238
PFN4	6	0.8450980400142568
PFPLP	1	0.3010299956639812
PGA3	85	1.9344984512435677
PGA4	79	1.9030899869919435
PGA5	92	1.968482948553935
PGAM1	204	2.311753861055754
PGAM1P4	1	0.3010299956639812
PGAM1P5	3	0.6020599913279624
PGAM1P8	1	0.3010299956639812
PGAM2	47	1.6812412373755872
PGAM3P	1	0.3010299956639812
PGAM4	26	1.4313637641589874
PGAM5	311	2.494154594018443
PGAM5P1	1	0.3010299956639812
PGAP1	46	1.6720978579357175
PGAP2	28	1.462397997898956
PGAP3	43	1.6434526764861874
PGAP4	22	1.3617278360175928
PGAP6	28	1.462397997898956
PGBD1	44	1.6532125137753437
PGBD2	9	1.0
PGBD3	17	1.255272505103306
PGBD3P4	1	0.3010299956639812
PGBD4	4	0.6989700043360189
PGBD5	23	1.380211241711606
PGBDF	7	0.9030899869919435
PGBP	1	0.3010299956639812
PGC	86	1.9395192526186185
PGCKA1	18	1.2787536009528289
PGD	137	2.1398790864012365
PGF	1723	3.236537261488694
PGGHG	13	1.146128035678238
PGGT1B	37	1.5797835966168101
PGK1	466	2.6693168805661123
PGK1P1	4	0.6989700043360189
PGK1P2	3	0.6020599913279624
PGK2	53	1.7323937598229686
PGLS	48	1.6901960800285136
PGLS-DT	1	0.3010299956639812
PGLYRP1	90	1.9590413923210936
PGLYRP2	36	1.568201724066995
PGLYRP3	26	1.4313637641589874
PGLYRP4	15	1.2041199826559248
PGM1	153	2.187520720836463
PGM2	62	1.7993405494535817
PGM2L1	25	1.414973347970818
PGM3	113	2.0569048513364727
PGM5	20	1.3222192947339193
PGM5-AS1	12	1.1139433523068367
PGM5P2	6	0.8450980400142568
PGM5P3-AS1	5	0.7781512503836436
PGM5P4	1	0.3010299956639812
PGM5P4-AS1	4	0.6989700043360189
PGP	51	1.7160033436347992
PGPEP1	28	1.462397997898956
PGPEP1L	4	0.6989700043360189
PGR	794	2.9003671286564705
PGR-AS1	1	0.3010299956639812
PGRMC1	381	2.582063362911709
PGRMC2	140	2.1492191126553797
PGS1	33	1.5314789170422551
PHACTR1	105	2.0253058652647704
PHACTR2	44	1.6532125137753437
PHACTR2-AS1	8	0.9542425094393249
PHACTR3	28	1.462397997898956
PHACTR3-AS1	1	0.3010299956639812
PHACTR4	65	1.8195439355418688
PHAF1	34	1.5440680443502757
PHAX	94	1.9777236052888478
PHB1	1067	3.0285712526925375
PHB1P1	2	0.47712125471966244
PHB1P19	1	0.3010299956639812
PHB1P2	1	0.3010299956639812
PHB1P3	2	0.47712125471966244
PHB1P4	1	0.3010299956639812
PHB2	1344	3.128722284338427
PHC1	86	1.9395192526186185
PHC1P1	2	0.47712125471966244
PHC2	92	1.968482948553935
PHC3	67	1.8325089127062364
PHETA1	21	1.3424226808222062
PHETA2	21	1.3424226808222062
PHEX	308	2.4899584794248346
PHF1	112	2.0530784434834195
PHF10	99	2.0
PHF10P1	1	0.3010299956639812
PHF11	50	1.7075701760979363
PHF12	68	1.8388490907372552
PHF13	28	1.462397997898956
PHF14	67	1.8325089127062364
PHF19	69	1.845098040014257
PHF2	86	1.9395192526186185
PHF20	59	1.7781512503836436
PHF20L1	48	1.6901960800285136
PHF21A	93	1.9731278535996986
PHF21B	18	1.2787536009528289
PHF23	47	1.6812412373755872
PHF24	11	1.0791812460476249
PHF2P2	1	0.3010299956639812
PHF3	95	1.9822712330395684
PHF5A	145	2.164352855784437
PHF5AP1	1	0.3010299956639812
PHF5AP2	1	0.3010299956639812
PHF5AP3	1	0.3010299956639812
PHF5AP4	1	0.3010299956639812
PHF5AP5	1	0.3010299956639812
PHF5AP6	1	0.3010299956639812
PHF6	225	2.3541084391474008
PHF7	34	1.5440680443502757
PHF8	166	2.2227164711475833
PHGDH	344	2.537819095073274
PHGR1	3	0.6020599913279624
PHIP	98	1.99563519459755
PHKA1	56	1.7558748556724915
PHKA1P1	3	0.6020599913279624
PHKA2	97	1.9912260756924949
PHKA2-AS1	2	0.47712125471966244
PHKB	67	1.8325089127062364
PHKBP1	1	0.3010299956639812
PHKBP2	2	0.47712125471966244
PHKG1	31	1.505149978319906
PHKG1P1	1	0.3010299956639812
PHKG1P2	1	0.3010299956639812
PHKG1P3	1	0.3010299956639812
PHKG1P4	1	0.3010299956639812
PHKG2	58	1.7708520116421442
PHLDA1	108	2.037426497940624
PHLDA1-AS1	1	0.3010299956639812
PHLDA2	64	1.8129133566428555
PHLDA3	29	1.4771212547196624
PHLDB1	78	1.8976270912904414
PHLDB2	95	1.9822712330395684
PHLDB3	31	1.505149978319906
PHLPP1	188	2.2764618041732443
PHLPP2	141	2.1522883443830563
PHOSPHO1	27	1.4471580313422192
PHOSPHO2	14	1.1760912590556813
PHOX2A	82	1.919078092376074
PHOX2B	159	2.2041199826559246
PHOX2B-AS1	1	0.3010299956639812
PHPT1	92	1.968482948553935
PHRF1	63	1.806179973983887
PHTF1	29	1.4771212547196624
PHTF2	23	1.380211241711606
PHYH	82	1.919078092376074
PHYHD1	15	1.2041199826559248
PHYHIP	17	1.255272505103306
PHYHIPL	29	1.4771212547196624
PHYKPL	26	1.4313637641589874
PI15	13	1.146128035678238
PI16	29	1.4771212547196624
PI3	246	2.392696953259666
PI4K2A	84	1.9294189257142926
PI4K2B	31	1.505149978319906
PI4KA	165	2.220108088040055
PI4KAP1	6	0.8450980400142568
PI4KAP2	13	1.146128035678238
PI4KB	106	2.0293837776852097
PIANP	13	1.146128035678238
PIAS1	322	2.509202522331103
PIAS2	178	2.2528530309798933
PIAS3	224	2.3521825181113627
PIAS4	205	2.3138672203691533
PIBF1	158	2.2013971243204513
PICALM	311	2.494154594018443
PICART1	4	0.6989700043360189
PICK1	174	2.2430380486862944
PICSAR	11	1.0791812460476249
PID1	37	1.5797835966168101
PIDD1	100	2.0043213737826426
PIERCE1	13	1.146128035678238
PIERCE2	5	0.7781512503836436
PIEZO1	731	2.864511081058392
PIEZO1-AS1	3	0.6020599913279624
PIEZO2	179	2.255272505103306
PIF1	51	1.7160033436347992
PIGA	69	1.845098040014257
PIGAP1	2	0.47712125471966244
PIGB	31	1.505149978319906
PIGBOS1	3	0.6020599913279624
PIGC	30	1.4913616938342726
PIGCP1	1	0.3010299956639812
PIGF	27	1.4471580313422192
PIGFP1	1	0.3010299956639812
PIGG	53	1.7323937598229686
PIGH	34	1.5440680443502757
PIGK	91	1.9637878273455553
PIGL	27	1.4471580313422192
PIGM	37	1.5797835966168101
PIGN	58	1.7708520116421442
PIGO	44	1.6532125137753437
PIGP	31	1.505149978319906
PIGQ	37	1.5797835966168101
PIGR	149	2.1760912590556813
PIGS	77	1.8920946026904804
PIGT	87	1.9444826721501687
PIGU	64	1.8129133566428555
PIGV	24	1.3979400086720377
PIGW	24	1.3979400086720377
PIGX	18	1.2787536009528289
PIGY	14	1.1760912590556813
PIGY-DT	1	0.3010299956639812
PIGZ	13	1.146128035678238
PIH1D1	114	2.060697840353612
PIH1D2	14	1.1760912590556813
PIK3AP1	57	1.7634279935629373
PIK3C2A	183	2.2648178230095364
PIK3C2B	150	2.1789769472931693
PIK3C2G	55	1.7481880270062005
PIK3C3	272	2.436162647040756
PIK3CA	3780	3.5776066773625357
PIK3CA-DT	1	0.3010299956639812
PIK3CB	349	2.5440680443502757
PIK3CD	234	2.3710678622717363
PIK3CD-AS1	2	0.47712125471966244
PIK3CD-AS2	1	0.3010299956639812
PIK3CG	612	2.787460474518415
PIK3IP1	34	1.5440680443502757
PIK3R1	1010	3.004751155591001
PIK3R2	250	2.399673721481038
PIK3R3	192	2.285557309007774
PIK3R4	122	2.089905111439398
PIK3R5	36	1.568201724066995
PIK3R5-DT	1	0.3010299956639812
PIK3R6	28	1.462397997898956
PIKFYVE	203	2.3096301674258988
PILRA	54	1.7403626894942439
PILRB	28	1.462397997898956
PIM1	301	2.4800069429571505
PIM2	165	2.220108088040055
PIM3	101	2.0086001717619175
PIMREG	47	1.6812412373755872
PIN1	1027	3.011993114659257
PIN1P1	3	0.6020599913279624
PIN4	72	1.863322860120456
PIN4P1	3	0.6020599913279624
PINCR	3	0.6020599913279624
PINK1	511	2.709269960975831
PINK1-AS	5	0.7781512503836436
PINLYP	3	0.6020599913279624
PINX1	156	2.1958996524092336
PIP	153	2.187520720836463
PIP4K2A	151	2.1818435879447726
PIP4K2B	78	1.8976270912904414
PIP4K2C	89	1.954242509439325
PIP4P1	51	1.7160033436347992
PIP4P2	30	1.4913616938342726
PIP5K1A	124	2.0969100130080562
PIP5K1B	35	1.5563025007672873
PIP5K1C	90	1.9590413923210936
PIP5K1P1	2	0.47712125471966244
PIP5KL1	9	1.0
PIPOX	38	1.591064607026499
PIPSL	37	1.5797835966168101
PIR	66	1.8260748027008264
PIRAT1	3	0.6020599913279624
PIRC1	1	0.3010299956639812
PIRC10	1	0.3010299956639812
PIRC100	1	0.3010299956639812
PIRC101	1	0.3010299956639812
PIRC102	1	0.3010299956639812
PIRC103	1	0.3010299956639812
PIRC104	1	0.3010299956639812
PIRC105	1	0.3010299956639812
PIRC106	1	0.3010299956639812
PIRC107	1	0.3010299956639812
PIRC108	1	0.3010299956639812
PIRC109	1	0.3010299956639812
PIRC11	1	0.3010299956639812
PIRC110	1	0.3010299956639812
PIRC111	1	0.3010299956639812
PIRC112	1	0.3010299956639812
PIRC113	1	0.3010299956639812
PIRC114	1	0.3010299956639812
PIRC12	1	0.3010299956639812
PIRC13	1	0.3010299956639812
PIRC14	1	0.3010299956639812
PIRC15	1	0.3010299956639812
PIRC16	1	0.3010299956639812
PIRC17	1	0.3010299956639812
PIRC18	1	0.3010299956639812
PIRC19	1	0.3010299956639812
PIRC2	1	0.3010299956639812
PIRC20	1	0.3010299956639812
PIRC21	1	0.3010299956639812
PIRC22	1	0.3010299956639812
PIRC23	1	0.3010299956639812
PIRC24	1	0.3010299956639812
PIRC25	1	0.3010299956639812
PIRC26	1	0.3010299956639812
PIRC27	1	0.3010299956639812
PIRC28	1	0.3010299956639812
PIRC29	1	0.3010299956639812
PIRC3	1	0.3010299956639812
PIRC30	1	0.3010299956639812
PIRC31	1	0.3010299956639812
PIRC32	1	0.3010299956639812
PIRC33	1	0.3010299956639812
PIRC34	1	0.3010299956639812
PIRC35	1	0.3010299956639812
PIRC36	1	0.3010299956639812
PIRC37	1	0.3010299956639812
PIRC38	1	0.3010299956639812
PIRC39	1	0.3010299956639812
PIRC4	1	0.3010299956639812
PIRC40	1	0.3010299956639812
PIRC41	1	0.3010299956639812
PIRC42	1	0.3010299956639812
PIRC43	1	0.3010299956639812
PIRC44	1	0.3010299956639812
PIRC45	1	0.3010299956639812
PIRC46	1	0.3010299956639812
PIRC47	1	0.3010299956639812
PIRC48	1	0.3010299956639812
PIRC49	1	0.3010299956639812
PIRC5	1	0.3010299956639812
PIRC50	1	0.3010299956639812
PIRC51	1	0.3010299956639812
PIRC52	1	0.3010299956639812
PIRC53	1	0.3010299956639812
PIRC54	1	0.3010299956639812
PIRC55	1	0.3010299956639812
PIRC56	1	0.3010299956639812
PIRC57	1	0.3010299956639812
PIRC58	1	0.3010299956639812
PIRC59	1	0.3010299956639812
PIRC6	1	0.3010299956639812
PIRC60	1	0.3010299956639812
PIRC61	1	0.3010299956639812
PIRC62	1	0.3010299956639812
PIRC63	1	0.3010299956639812
PIRC64	1	0.3010299956639812
PIRC65	1	0.3010299956639812
PIRC66	2	0.47712125471966244
PIRC67	1	0.3010299956639812
PIRC68	1	0.3010299956639812
PIRC69	1	0.3010299956639812
PIRC7	1	0.3010299956639812
PIRC70	1	0.3010299956639812
PIRC71	1	0.3010299956639812
PIRC72	1	0.3010299956639812
PIRC73	1	0.3010299956639812
PIRC74	1	0.3010299956639812
PIRC75	1	0.3010299956639812
PIRC76	1	0.3010299956639812
PIRC77	1	0.3010299956639812
PIRC78	1	0.3010299956639812
PIRC79	1	0.3010299956639812
PIRC8	1	0.3010299956639812
PIRC80	1	0.3010299956639812
PIRC81	1	0.3010299956639812
PIRC82	1	0.3010299956639812
PIRC83	1	0.3010299956639812
PIRC84	1	0.3010299956639812
PIRC85	1	0.3010299956639812
PIRC86	1	0.3010299956639812
PIRC87	1	0.3010299956639812
PIRC88	1	0.3010299956639812
PIRC89	1	0.3010299956639812
PIRC9	1	0.3010299956639812
PIRC90	1	0.3010299956639812
PIRC91	1	0.3010299956639812
PIRC92	1	0.3010299956639812
PIRC93	1	0.3010299956639812
PIRC94	1	0.3010299956639812
PIRC95	1	0.3010299956639812
PIRC96	1	0.3010299956639812
PIRC97	1	0.3010299956639812
PIRC98	1	0.3010299956639812
PIRC99	1	0.3010299956639812
PIRT	9	1.0
PISD	60	1.7853298350107671
PISRT1	3	0.6020599913279624
PITHD1	39	1.6020599913279623
PITPNA	60	1.7853298350107671
PITPNA-AS1	12	1.1139433523068367
PITPNB	57	1.7634279935629373
PITPNC1	35	1.5563025007672873
PITPNM1	50	1.7075701760979363
PITPNM2	24	1.3979400086720377
PITPNM2-AS1	1	0.3010299956639812
PITPNM3	40	1.6127838567197355
PITRM1	91	1.9637878273455553
PITRM1-AS1	3	0.6020599913279624
PITX1	114	2.060697840353612
PITX1-AS1	10	1.0413926851582251
PITX2	228	2.359835482339888
PITX3	61	1.792391689498254
PIWIL1	182	2.2624510897304293
PIWIL2	116	2.0681858617461617
PIWIL3	24	1.3979400086720377
PIWIL4	64	1.8129133566428555
PIWIL4-AS1	1	0.3010299956639812
PJA1	64	1.8129133566428555
PJA2	87	1.9444826721501687
PJVK	33	1.5314789170422551
PKD1	365	2.5634810853944106
PKD1-AS1	2	0.47712125471966244
PKD1L1	39	1.6020599913279623
PKD1L1-AS1	6	0.8450980400142568
PKD1L2	22	1.3617278360175928
PKD1L3	23	1.380211241711606
PKD1P1	9	1.0
PKD1P2	3	0.6020599913279624
PKD1P3	3	0.6020599913279624
PKD1P4	3	0.6020599913279624
PKD1P5	3	0.6020599913279624
PKD1P6	10	1.0413926851582251
PKD2	279	2.4471580313422194
PKD2L1	74	1.8750612633917
PKD2L2	14	1.1760912590556813
PKD2L2-DT	1	0.3010299956639812
PKDCC	36	1.568201724066995
PKDREJ	19	1.3010299956639813
PKHD1	242	2.385606273598312
PKHD1L1	17	1.255272505103306
PKIA	42	1.6334684555795864
PKIA-AS1	1	0.3010299956639812
PKIB	32	1.5185139398778875
PKIG	23	1.380211241711606
PKLR	165	2.220108088040055
PKM	871	2.940516484932567
PKMP1	1	0.3010299956639812
PKMP2	1	0.3010299956639812
PKMYT1	162	2.2121876044039577
PKMYT1AR	1	0.3010299956639812
PKN1	144	2.161368002234975
PKN2	146	2.167317334748176
PKN2-AS1	3	0.6020599913279624
PKN3	54	1.7403626894942439
PKNOX1	99	2.0
PKNOX2	39	1.6020599913279623
PKNOX2-AS1	1	0.3010299956639812
PKNOX2-DT	1	0.3010299956639812
PKP1	160	2.2068258760318495
PKP2	357	2.5538830266438746
PKP2P1	1	0.3010299956639812
PKP3	128	2.110589710299249
PKP4	133	2.1271047983648077
PLA1A	48	1.6901960800285136
PLA2G10	81	1.9138138523837167
PLA2G12A	27	1.4471580313422192
PLA2G12AP1	1	0.3010299956639812
PLA2G12B	23	1.380211241711606
PLA2G15	46	1.6720978579357175
PLA2G1B	78	1.8976270912904414
PLA2G2A	288	2.4608978427565478
PLA2G2C	6	0.8450980400142568
PLA2G2D	43	1.6434526764861874
PLA2G2E	24	1.3979400086720377
PLA2G2F	13	1.146128035678238
PLA2G3	47	1.6812412373755872
PLA2G4A	311	2.494154594018443
PLA2G4B	29	1.4771212547196624
PLA2G4C	58	1.7708520116421442
PLA2G4C-AS1	3	0.6020599913279624
PLA2G4D	18	1.2787536009528289
PLA2G4E	22	1.3617278360175928
PLA2G4E-AS1	1	0.3010299956639812
PLA2G4F	16	1.2304489213782739
PLA2G5	81	1.9138138523837167
PLA2G6	373	2.5728716022004803
PLA2G7	437	2.6414741105040997
PLA2R1	430	2.6344772701607315
PLAA	90	1.9590413923210936
PLAAT1	20	1.3222192947339193
PLAAT2	10	1.0413926851582251
PLAAT3	54	1.7403626894942439
PLAAT4	213	2.330413773349191
PLAAT5	14	1.1760912590556813
PLAC1	87	1.9444826721501687
PLAC4	12	1.1139433523068367
PLAC8	45	1.662757831681574
PLAC8L1	6	0.8450980400142568
PLAC9	12	1.1139433523068367
PLAC9P1	1	0.3010299956639812
PLAG1	248	2.3961993470957363
PLAGL1	155	2.1931245983544616
PLAGL2	87	1.9444826721501687
PLAT	581	2.7649229846498886
PLAU	629	2.7993405494535817
PLAUR	2163	3.3352572564345317
PLB1	20	1.3222192947339193
PLBD1	21	1.3424226808222062
PLBD1-AS1	1	0.3010299956639812
PLBD2	41	1.6232492903979006
PLCB1	218	2.3404441148401185
PLCB1-IT1	1	0.3010299956639812
PLCB2	120	2.0827853703164503
PLCB3	152	2.184691430817599
PLCB4	95	1.9822712330395684
PLCD1	156	2.1958996524092336
PLCD3	55	1.7481880270062005
PLCD4	40	1.6127838567197355
PLCE1	191	2.2833012287035497
PLCE1-AS2	1	0.3010299956639812
PLCG1	516	2.7134905430939424
PLCG1-AS1	1	0.3010299956639812
PLCG2	227	2.357934847000454
PLCH1	56	1.7558748556724915
PLCH1-AS1	1	0.3010299956639812
PLCH2	25	1.414973347970818
PLCL1	40	1.6127838567197355
PLCL2	40	1.6127838567197355
PLCXD1	20	1.3222192947339193
PLCXD2	11	1.0791812460476249
PLCXD3	8	0.9542425094393249
PLCZ1	116	2.0681858617461617
PLD1	215	2.3344537511509307
PLD2	182	2.2624510897304293
PLD3	133	2.1271047983648077
PLD4	23	1.380211241711606
PLD5	15	1.2041199826559248
PLD6	28	1.462397997898956
PLEC	506	2.705007959333336
PLEK	53	1.7323937598229686
PLEK2	46	1.6720978579357175
PLEKHA1	90	1.9590413923210936
PLEKHA2	37	1.5797835966168101
PLEKHA3	35	1.5563025007672873
PLEKHA4	20	1.3222192947339193
PLEKHA5	109	2.041392685158225
PLEKHA6	48	1.6901960800285136
PLEKHA7	99	2.0
PLEKHA8	38	1.591064607026499
PLEKHA8P1	13	1.146128035678238
PLEKHB1	28	1.462397997898956
PLEKHB2	33	1.5314789170422551
PLEKHD1	9	1.0
PLEKHF1	18	1.2787536009528289
PLEKHF2	40	1.6127838567197355
PLEKHG1	39	1.6020599913279623
PLEKHG2	37	1.5797835966168101
PLEKHG3	38	1.591064607026499
PLEKHG4	49	1.6989700043360187
PLEKHG4B	15	1.2041199826559248
PLEKHG5	35	1.5563025007672873
PLEKHG6	27	1.4471580313422192
PLEKHG7	15	1.2041199826559248
PLEKHH1	16	1.2304489213782739
PLEKHH2	29	1.4771212547196624
PLEKHH3	22	1.3617278360175928
PLEKHJ1	20	1.3222192947339193
PLEKHM1	51	1.7160033436347992
PLEKHM1P1	5	0.7781512503836436
PLEKHM2	36	1.568201724066995
PLEKHM3	19	1.3010299956639813
PLEKHN1	22	1.3617278360175928
PLEKHO1	83	1.9242792860618816
PLEKHO2	31	1.505149978319906
PLEKHS1	17	1.255272505103306
PLET1	5	0.7781512503836436
PLG	444	2.6483600109809315
PLGLA	6	0.8450980400142568
PLGLB1	17	1.255272505103306
PLGLB2	15	1.2041199826559248
PLGRKT	43	1.6434526764861874
PLIN1	169	2.230448921378274
PLIN2	364	2.5622928644564746
PLIN3	201	2.305351369446624
PLIN4	35	1.5563025007672873
PLIN5	41	1.6232492903979006
PLK1	946	2.9763499790032735
PLK2	163	2.214843848047698
PLK3	154	2.1903316981702914
PLK4	313	2.496929648073215
PLK5	15	1.2041199826559248
PLLP	41	1.6232492903979006
PLLPP1	1	0.3010299956639812
PLN	174	2.2430380486862944
PLOD1	196	2.294466226161593
PLOD2	206	2.315970345456918
PLOD3	145	2.164352855784437
PLP1	306	2.4871383754771865
PLP2	67	1.8325089127062364
PLPBP	53	1.7323937598229686
PLPP1	48	1.6901960800285136
PLPP2	26	1.4313637641589874
PLPP3	76	1.8864907251724818
PLPP4	11	1.0791812460476249
PLPP5	13	1.146128035678238
PLPP6	26	1.4313637641589874
PLPP7	10	1.0413926851582251
PLPPR1	14	1.1760912590556813
PLPPR2	13	1.146128035678238
PLPPR3	14	1.1760912590556813
PLPPR4	15	1.2041199826559248
PLPPR5	11	1.0791812460476249
PLPPR5-AS1	5	0.7781512503836436
PLRG1	180	2.2576785748691846
PLS1	83	1.9242792860618816
PLS3	216	2.3364597338485296
PLS3-AS1	2	0.47712125471966244
PLSCR1	174	2.2430380486862944
PLSCR2	12	1.1139433523068367
PLSCR3	36	1.568201724066995
PLSCR4	36	1.568201724066995
PLSCR5	6	0.8450980400142568
PLTP	190	2.2810333672477277
PLUT	5	0.7781512503836436
PLVAP	65	1.8195439355418688
PLXDC1	39	1.6020599913279623
PLXDC2	46	1.6720978579357175
PLXNA1	115	2.0644579892269186
PLXNA2	65	1.8195439355418688
PLXNA3	49	1.6989700043360187
PLXNA4	63	1.806179973983887
PLXNB1	185	2.2695129442179165
PLXNB2	129	2.113943352306837
PLXNB3	30	1.4913616938342726
PLXNC1	42	1.6334684555795864
PLXND1	87	1.9444826721501687
PM20D1	26	1.4313637641589874
PM20D1-AS1	1	0.3010299956639812
PM20D2	30	1.4913616938342726
PMAIP1	564	2.7520484478194387
PMCH	70	1.8512583487190752
PMCHL1	6	0.8450980400142568
PMCHL2	5	0.7781512503836436
PMEL	713	2.8536982117761744
PMEPA1	96	1.9867717342662448
PMF1	54	1.7403626894942439
PMF1-BGLAP	9	1.0
PMFBP1	27	1.4471580313422192
PMIS2	1	0.3010299956639812
PML	1475	3.1690863574870227
PMM1	35	1.5563025007672873
PMM2	189	2.278753600952829
PMM2P1	1	0.3010299956639812
PMP2	42	1.6334684555795864
PMP22	231	2.3654879848909
PMPCA	99	2.0
PMPCAP1	1	0.3010299956639812
PMPCB	95	1.9822712330395684
PMS1	218	2.3404441148401185
PMS2	899	2.9542425094393248
PMS2CL	7	0.9030899869919435
PMS2P1	11	1.0791812460476249
PMS2P10	2	0.47712125471966244
PMS2P11	2	0.47712125471966244
PMS2P12	2	0.47712125471966244
PMS2P13	3	0.6020599913279624
PMS2P2	8	0.9542425094393249
PMS2P3	7	0.9030899869919435
PMS2P4	6	0.8450980400142568
PMS2P5	6	0.8450980400142568
PMS2P6	3	0.6020599913279624
PMS2P7	4	0.6989700043360189
PMS2P8	2	0.47712125471966244
PMS2P9	3	0.6020599913279624
PMVK	70	1.8512583487190752
PNCK	20	1.3222192947339193
PNISR	54	1.7403626894942439
PNISR-AS1	1	0.3010299956639812
PNKD	108	2.037426497940624
PNKP	179	2.255272505103306
PNLDC1	16	1.2304489213782739
PNLIP	176	2.247973266361807
PNLIPRP1	18	1.2787536009528289
PNLIPRP2	30	1.4913616938342726
PNLIPRP3	4	0.6989700043360189
PNMA1	42	1.6334684555795864
PNMA2	58	1.7708520116421442
PNMA3	12	1.1139433523068367
PNMA5	14	1.1760912590556813
PNMA6A	25	1.414973347970818
PNMA6B	5	0.7781512503836436
PNMA6E	2	0.47712125471966244
PNMA6F	3	0.6020599913279624
PNMA8A	30	1.4913616938342726
PNMA8B	6	0.8450980400142568
PNMT	60	1.7853298350107671
PNN	233	2.369215857410143
PNN-AS1	1	0.3010299956639812
PNO1	113	2.0569048513364727
PNOC	104	2.0211892990699383
PNP	143	2.1583624920952498
PNPLA1	53	1.7323937598229686
PNPLA10P	1	0.3010299956639812
PNPLA2	292	2.4668676203541096
PNPLA3	778	2.8915374576725643
PNPLA4	31	1.505149978319906
PNPLA5	19	1.3010299956639813
PNPLA6	134	2.130333768495006
PNPLA7	23	1.380211241711606
PNPLA8	56	1.7558748556724915
PNPO	57	1.7634279935629373
PNPP1	1	0.3010299956639812
PNPT1	157	2.1986570869544226
PNRC1	32	1.5185139398778875
PNRC2	40	1.6127838567197355
POC1A	50	1.7075701760979363
POC1B	60	1.7853298350107671
POC1B-AS1	1	0.3010299956639812
POC1B-GALNT4	4	0.6989700043360189
POC5	57	1.7634279935629373
PODN	18	1.2787536009528289
PODNL1	12	1.1139433523068367
PODXL	162	2.2121876044039577
PODXL2	35	1.5563025007672873
POF1B	80	1.9084850188786497
POFUT1	81	1.9138138523837167
POFUT2	38	1.591064607026499
POFUT3	20	1.3222192947339193
POFUT4	18	1.2787536009528289
POGK	33	1.5314789170422551
POGLUT1	78	1.8976270912904414
POGLUT2	34	1.5440680443502757
POGLUT3	36	1.568201724066995
POGZ	143	2.1583624920952498
POLA1	162	2.2121876044039577
POLA2	97	1.9912260756924949
POLB	323	2.510545010206612
POLD1	338	2.530199698203082
POLD2	102	2.012837224705172
POLD2P1	2	0.47712125471966244
POLD3	137	2.1398790864012365
POLD4	42	1.6334684555795864
POLDIP2	146	2.167317334748176
POLDIP3	163	2.214843848047698
POLE	441	2.645422269349092
POLE2	68	1.8388490907372552
POLE3	68	1.8388490907372552
POLE4	29	1.4771212547196624
POLG	357	2.5538830266438746
POLG2	72	1.863322860120456
POLGARF	3	0.6020599913279624
POLH	220	2.3443922736851106
POLH-AS1	2	0.47712125471966244
POLI	193	2.287801729930226
POLK	243	2.387389826338729
POLL	97	1.9912260756924949
POLM	57	1.7634279935629373
POLN	60	1.7853298350107671
POLQ	97	1.9912260756924949
POLR1A	139	2.146128035678238
POLR1B	111	2.0492180226701815
POLR1C	176	2.247973266361807
POLR1D	107	2.03342375548695
POLR1E	97	1.9912260756924949
POLR1F	59	1.7781512503836436
POLR1G	124	2.0969100130080562
POLR1H	80	1.9084850188786497
POLR1HASP	25	1.414973347970818
POLR2A	662	2.821513528404773
POLR2B	325	2.513217600067939
POLR2C	237	2.376576957056512
POLR2CP1	1	0.3010299956639812
POLR2D	161	2.2095150145426308
POLR2E	282	2.45178643552429
POLR2F	151	2.1818435879447726
POLR2G	178	2.2528530309798933
POLR2H	235	2.3729120029701067
POLR2I	140	2.1492191126553797
POLR2J	150	2.1789769472931693
POLR2J2	14	1.1760912590556813
POLR2J3	17	1.255272505103306
POLR2J3-UPK3BL2	2	0.47712125471966244
POLR2J4	9	1.0
POLR2K	146	2.167317334748176
POLR2L	179	2.255272505103306
POLR2LP1	1	0.3010299956639812
POLR2M	81	1.9138138523837167
POLR2MP1	7	0.9030899869919435
POLR3A	194	2.290034611362518
POLR3B	116	2.0681858617461617
POLR3C	70	1.8512583487190752
POLR3D	55	1.7481880270062005
POLR3E	52	1.724275869600789
POLR3F	60	1.7853298350107671
POLR3G	44	1.6532125137753437
POLR3GL	24	1.3979400086720377
POLR3GP2	3	0.6020599913279624
POLR3H	37	1.5797835966168101
POLR3K	35	1.5563025007672873
POLRMT	190	2.2810333672477277
POM121	115	2.0644579892269186
POM121B	6	0.8450980400142568
POM121C	69	1.845098040014257
POM121L10P	3	0.6020599913279624
POM121L12	4	0.6989700043360189
POM121L15P	3	0.6020599913279624
POM121L1P	4	0.6989700043360189
POM121L2	3	0.6020599913279624
POM121L4P	3	0.6020599913279624
POM121L8P	7	0.9030899869919435
POM121L9P	9	1.0
POMC	341	2.534026106056135
POMGNT1	75	1.8808135922807914
POMGNT2	33	1.5314789170422551
POMK	44	1.6532125137753437
POMP	59	1.7781512503836436
POMT1	66	1.8260748027008264
POMT2	49	1.6989700043360187
POMZP3	19	1.3010299956639813
PON1	2303	3.3624824747511743
PON2	356	2.552668216112193
PON3	136	2.1367205671564067
POP1	171	2.2355284469075487
POP4	54	1.7403626894942439
POP5	33	1.5314789170422551
POP7	63	1.806179973983887
POPDC1	62	1.7993405494535817
POPDC1-AS1	4	0.6989700043360189
POPDC2	19	1.3010299956639813
POPDC3	31	1.505149978319906
POR	271	2.4345689040341987
PORCN	164	2.2174839442139063
POSTN	1017	3.00774777800074
POT1	335	2.526339277389844
POT1-AS1	5	0.7781512503836436
POTEA	8	0.9542425094393249
POTEB	12	1.1139433523068367
POTEB2	5	0.7781512503836436
POTEB3	12	1.1139433523068367
POTEC	4	0.6989700043360189
POTED	9	1.0
POTEE	73	1.8692317197309762
POTEF	48	1.6901960800285136
POTEF-AS1	1	0.3010299956639812
POTEG	6	0.8450980400142568
POTEH	5	0.7781512503836436
POTEH-AS1	1	0.3010299956639812
POTEI	38	1.591064607026499
POTEJ	47	1.6812412373755872
POTEKP	33	1.5314789170422551
POTEM	6	0.8450980400142568
POU1F1	415	2.6190933306267428
POU2AF1	136	2.1367205671564067
POU2AF2	12	1.1139433523068367
POU2AF3	25	1.414973347970818
POU2F1	689	2.838849090737255
POU2F2	223	2.3502480183341627
POU2F3	66	1.8260748027008264
POU2F3-AS1	1	0.3010299956639812
POU3F1	58	1.7708520116421442
POU3F2	69	1.845098040014257
POU3F3	34	1.5440680443502757
POU3F4	100	2.0043213737826426
POU4F1	93	1.9731278535996986
POU4F2	58	1.7708520116421442
POU4F3	68	1.8388490907372552
POU5F1	2164	3.3354579006893843
POU5F1B	38	1.591064607026499
POU5F1P2	2	0.47712125471966244
POU5F1P3	6	0.8450980400142568
POU5F1P4	8	0.9542425094393249
POU5F1P5	4	0.6989700043360189
POU5F1P6	2	0.47712125471966244
POU5F2	13	1.146128035678238
POU6F1	35	1.5563025007672873
POU6F2	31	1.505149978319906
POU6F2-AS1	2	0.47712125471966244
POU6F2-AS2	4	0.6989700043360189
PP2D1	8	0.9542425094393249
PPA1	161	2.2095150145426308
PPA2	102	2.012837224705172
PPAN	110	2.0453229787866576
PPAN-P2RY11	33	1.5314789170422551
PPARA	777	2.890979596989689
PPARD	375	2.575187844927661
PPARG	2555	3.4075608494863627
PPARGC1A	1757	3.245018870737753
PPARGC1A-AS1	1	0.3010299956639812
PPARGC1B	213	2.330413773349191
PPAT	74	1.8750612633917
PPATP1	1	0.3010299956639812
PPBP	276	2.4424797690644486
PPBPP1	2	0.47712125471966244
PPBPP2	4	0.6989700043360189
PPCDC	21	1.3424226808222062
PPCS	31	1.505149978319906
PPDPF	14	1.1760912590556813
PPDPFL	6	0.8450980400142568
PPEF1	28	1.462397997898956
PPEF1-AS1	1	0.3010299956639812
PPEF2	11	1.0791812460476249
PPFIA1	185	2.2695129442179165
PPFIA2	45	1.662757831681574
PPFIA2-AS1	1	0.3010299956639812
PPFIA3	45	1.662757831681574
PPFIA4	29	1.4771212547196624
PPFIBP1	122	2.089905111439398
PPFIBP2	51	1.7160033436347992
PPHLN1	116	2.0681858617461617
PPIA	669	2.8260748027008264
PPIAL4A	17	1.255272505103306
PPIAL4C	8	0.9542425094393249
PPIAL4D	2	0.47712125471966244
PPIAL4E	4	0.6989700043360189
PPIAL4F	4	0.6989700043360189
PPIAL4G	8	0.9542425094393249
PPIAL4H	1	0.3010299956639812
PPIAP1	1	0.3010299956639812
PPIAP10	1	0.3010299956639812
PPIAP11	2	0.47712125471966244
PPIAP13	1	0.3010299956639812
PPIAP14	1	0.3010299956639812
PPIAP15	1	0.3010299956639812
PPIAP16	1	0.3010299956639812
PPIAP18	1	0.3010299956639812
PPIAP22	4	0.6989700043360189
PPIAP29	2	0.47712125471966244
PPIAP30	2	0.47712125471966244
PPIAP33	2	0.47712125471966244
PPIAP46	1	0.3010299956639812
PPIAP59	1	0.3010299956639812
PPIAP6	1	0.3010299956639812
PPIAP7	1	0.3010299956639812
PPIAP80	1	0.3010299956639812
PPIAP85	2	0.47712125471966244
PPIAP9	3	0.6020599913279624
PPIB	271	2.4345689040341987
PPIC	42	1.6334684555795864
PPID	175	2.24551266781415
PPIE	97	1.9912260756924949
PPIEL	8	0.9542425094393249
PPIF	116	2.0681858617461617
PPIG	103	2.0170333392987803
PPIH	107	2.03342375548695
PPIL1	99	2.0
PPIL1P1	1	0.3010299956639812
PPIL2	83	1.9242792860618816
PPIL3	66	1.8260748027008264
PPIL4	100	2.0043213737826426
PPIL6	11	1.0791812460476249
PPIP5K1	40	1.6127838567197355
PPIP5K1P1	1	0.3010299956639812
PPIP5K2	59	1.7781512503836436
PPL	141	2.1522883443830563
PPM1A	228	2.359835482339888
PPM1B	194	2.290034611362518
PPM1D	351	2.546542663478131
PPM1E	39	1.6020599913279623
PPM1F	94	1.9777236052888478
PPM1G	235	2.3729120029701067
PPM1H	45	1.662757831681574
PPM1J	12	1.1139433523068367
PPM1K	54	1.7403626894942439
PPM1K-DT	1	0.3010299956639812
PPM1L	28	1.462397997898956
PPM1M	18	1.2787536009528289
PPM1N	6	0.8450980400142568
PPME1	84	1.9294189257142926
PPOX	77	1.8920946026904804
PPP1CA	493	2.693726948923647
PPP1CB	332	2.5224442335063197
PPP1CC	340	2.5327543789924976
PPP1R10	167	2.225309281725863
PPP1R10P1	1	0.3010299956639812
PPP1R11	209	2.322219294733919
PPP1R11P1	1	0.3010299956639812
PPP1R11P2	1	0.3010299956639812
PPP1R12A	368	2.56702636615906
PPP1R12A-AS1	1	0.3010299956639812
PPP1R12B	70	1.8512583487190752
PPP1R12BP1	1	0.3010299956639812
PPP1R12BP2	1	0.3010299956639812
PPP1R12C	57	1.7634279935629373
PPP1R13B	107	2.03342375548695
PPP1R13B-DT	6	0.8450980400142568
PPP1R13L	227	2.357934847000454
PPP1R14A	94	1.9777236052888478
PPP1R14B	32	1.5185139398778875
PPP1R14B-AS1	2	0.47712125471966244
PPP1R14BP1	2	0.47712125471966244
PPP1R14BP2	1	0.3010299956639812
PPP1R14BP3	2	0.47712125471966244
PPP1R14BP4	1	0.3010299956639812
PPP1R14BP5	1	0.3010299956639812
PPP1R14C	33	1.5314789170422551
PPP1R14D	12	1.1139433523068367
PPP1R15A	215	2.3344537511509307
PPP1R15B	58	1.7708520116421442
PPP1R15B-AS1	1	0.3010299956639812
PPP1R16A	38	1.591064607026499
PPP1R16B	44	1.6532125137753437
PPP1R17	15	1.2041199826559248
PPP1R18	71	1.8573324964312685
PPP1R1A	23	1.380211241711606
PPP1R1AP1	1	0.3010299956639812
PPP1R1AP2	1	0.3010299956639812
PPP1R1B	167	2.225309281725863
PPP1R1C	13	1.146128035678238
PPP1R2	77	1.8920946026904804
PPP1R21	43	1.6434526764861874
PPP1R26	22	1.3617278360175928
PPP1R26-AS1	4	0.6989700043360189
PPP1R26P1	1	0.3010299956639812
PPP1R27	9	1.0
PPP1R2B	21	1.3424226808222062
PPP1R2C	14	1.1760912590556813
PPP1R2P1	6	0.8450980400142568
PPP1R2P2	2	0.47712125471966244
PPP1R2P4	2	0.47712125471966244
PPP1R2P5	1	0.3010299956639812
PPP1R2P6	1	0.3010299956639812
PPP1R2P8	1	0.3010299956639812
PPP1R35	14	1.1760912590556813
PPP1R36	10	1.0413926851582251
PPP1R37	32	1.5185139398778875
PPP1R3A	65	1.8195439355418688
PPP1R3B	57	1.7634279935629373
PPP1R3B-DT	1	0.3010299956639812
PPP1R3C	52	1.724275869600789
PPP1R3D	32	1.5185139398778875
PPP1R3E	12	1.1139433523068367
PPP1R3F	25	1.414973347970818
PPP1R3G	6	0.8450980400142568
PPP1R42	9	1.0
PPP1R7	93	1.9731278535996986
PPP1R8	140	2.1492191126553797
PPP1R8P1	1	0.3010299956639812
PPP1R9A	70	1.8512583487190752
PPP1R9A-AS1	1	0.3010299956639812
PPP1R9B	132	2.123851640967086
PPP2CA	627	2.797959643737196
PPP2CB	191	2.2833012287035497
PPP2CBP1	3	0.6020599913279624
PPP2R1A	482	2.683947130751512
PPP2R1B	162	2.2121876044039577
PPP2R2A	294	2.469822015978163
PPP2R2B	159	2.2041199826559246
PPP2R2C	73	1.8692317197309762
PPP2R2D	75	1.8808135922807914
PPP2R3A	69	1.845098040014257
PPP2R3B	37	1.5797835966168101
PPP2R3C	43	1.6434526764861874
PPP2R5A	129	2.113943352306837
PPP2R5B	55	1.7481880270062005
PPP2R5C	136	2.1367205671564067
PPP2R5CP	1	0.3010299956639812
PPP2R5D	164	2.2174839442139063
PPP2R5E	110	2.0453229787866576
PPP3CA	254	2.406540180433955
PPP3CA-DT	2	0.47712125471966244
PPP3CB	113	2.0569048513364727
PPP3CB-AS1	2	0.47712125471966244
PPP3CC	86	1.9395192526186185
PPP3R1	118	2.0755469613925306
PPP3R1-AS1	1	0.3010299956639812
PPP3R2	36	1.568201724066995
PPP4C	118	2.0755469613925306
PPP4R1	56	1.7558748556724915
PPP4R1L	7	0.9030899869919435
PPP4R2	55	1.7481880270062005
PPP4R3A	85	1.9344984512435677
PPP4R3B	57	1.7634279935629373
PPP4R3C	3	0.6020599913279624
PPP4R4	24	1.3979400086720377
PPP5C	154	2.1903316981702914
PPP5D1P	6	0.8450980400142568
PPP6C	179	2.255272505103306
PPP6CP	1	0.3010299956639812
PPP6R1	118	2.0755469613925306
PPP6R2	78	1.8976270912904414
PPP6R3	164	2.2174839442139063
PPRC1	45	1.662757831681574
PPT1	183	2.2648178230095364
PPT2	38	1.591064607026499
PPT2-EGFL8	9	1.0
PPTC7	23	1.380211241711606
PPWD1	50	1.7075701760979363
PPY	76	1.8864907251724818
PPY2P	2	0.47712125471966244
PQBP1	164	2.2174839442139063
PRAC1	8	0.9542425094393249
PRAC2	3	0.6020599913279624
PRADC1	10	1.0413926851582251
PRADX	2	0.47712125471966244
PRAF2	63	1.806179973983887
PRAG1	37	1.5797835966168101
PRAL	4	0.6989700043360189
PRAM1	57	1.7634279935629373
PRAME	168	2.2278867046136734
PRAME-AS	2	0.47712125471966244
PRAMEF1	6	0.8450980400142568
PRAMEF10	6	0.8450980400142568
PRAMEF11	4	0.6989700043360189
PRAMEF12	4	0.6989700043360189
PRAMEF14	3	0.6020599913279624
PRAMEF15	5	0.7781512503836436
PRAMEF17	6	0.8450980400142568
PRAMEF18	2	0.47712125471966244
PRAMEF19	4	0.6989700043360189
PRAMEF2	6	0.8450980400142568
PRAMEF20	5	0.7781512503836436
PRAMEF22	5	0.7781512503836436
PRAMEF25	3	0.6020599913279624
PRAMEF26	1	0.3010299956639812
PRAMEF27	2	0.47712125471966244
PRAMEF33	1	0.3010299956639812
PRAMEF4	6	0.8450980400142568
PRAMEF5	7	0.9030899869919435
PRAMEF6	4	0.6989700043360189
PRAMEF7	3	0.6020599913279624
PRAMEF8	5	0.7781512503836436
PRAMEF9	7	0.9030899869919435
PRANCR	3	0.6020599913279624
PRAP1	20	1.3222192947339193
PRB1	30	1.4913616938342726
PRB2	27	1.4471580313422192
PRB3	20	1.3222192947339193
PRB4	24	1.3979400086720377
PRC1	274	2.439332693830263
PRC1-AS1	4	0.6989700043360189
PRCC	95	1.9822712330395684
PRCD	13	1.146128035678238
PRCP	65	1.8195439355418688
PRDM1	455	2.658964842664435
PRDM10	41	1.6232492903979006
PRDM10-DT	2	0.47712125471966244
PRDM11	17	1.255272505103306
PRDM12	38	1.591064607026499
PRDM13	22	1.3617278360175928
PRDM14	61	1.792391689498254
PRDM15	41	1.6232492903979006
PRDM16	207	2.3180633349627615
PRDM16-DT	11	1.0791812460476249
PRDM2	158	2.2013971243204513
PRDM4	32	1.5185139398778875
PRDM4-AS1	2	0.47712125471966244
PRDM5	60	1.7853298350107671
PRDM6	24	1.3979400086720377
PRDM7	20	1.3222192947339193
PRDM8	22	1.3617278360175928
PRDM9	110	2.0453229787866576
PRDX1	655	2.8169038393756605
PRDX1P1	2	0.47712125471966244
PRDX2	494	2.694605198933569
PRDX2P1	1	0.3010299956639812
PRDX3	355	2.5514499979728753
PRDX4	294	2.469822015978163
PRDX5	204	2.311753861055754
PRDX6	379	2.57978359661681
PRDX6-AS1	10	1.0413926851582251
PREB	118	2.0755469613925306
PRECSIT	13	1.146128035678238
PRELID1	36	1.568201724066995
PRELID2	15	1.2041199826559248
PRELID3A	17	1.255272505103306
PRELID3B	19	1.3010299956639813
PRELP	60	1.7853298350107671
PREP	96	1.9867717342662448
PREPL	367	2.5658478186735176
PREX1	128	2.110589710299249
PREX2	53	1.7323937598229686
PRF1	233	2.369215857410143
PRG2	112	2.0530784434834195
PRG3	14	1.1760912590556813
PRG4	87	1.9444826721501687
PRH1	29	1.4771212547196624
PRH2	23	1.380211241711606
PRICKLE1	63	1.806179973983887
PRICKLE2	35	1.5563025007672873
PRICKLE2-AS1	1	0.3010299956639812
PRICKLE2-AS3	2	0.47712125471966244
PRICKLE3	26	1.4313637641589874
PRICKLE4	15	1.2041199826559248
PRIM1	90	1.9590413923210936
PRIM2	104	2.0211892990699383
PRIM2BP	1	0.3010299956639812
PRIMA1	36	1.568201724066995
PRIMPOL	111	2.0492180226701815
PRINS	6	0.8450980400142568
PRKAA1	868	2.9390197764486663
PRKAA2	373	2.5728716022004803
PRKAB1	231	2.3654879848909
PRKAB2	106	2.0293837776852097
PRKACA	747	2.8739015978644615
PRKACB	175	2.24551266781415
PRKACG	62	1.7993405494535817
PRKAG1	187	2.27415784926368
PRKAG2	217	2.3384564936046046
PRKAG2-AS1	2	0.47712125471966244
PRKAG3	67	1.8325089127062364
PRKAR1A	617	2.790988475088816
PRKAR1AP1	1	0.3010299956639812
PRKAR1B	91	1.9637878273455553
PRKAR1B-AS2	1	0.3010299956639812
PRKAR2A	286	2.4578818967339924
PRKAR2A-AS1	3	0.6020599913279624
PRKAR2B	181	2.2600713879850747
PRKCA	1611	3.2073650374690716
PRKCA-AS1	3	0.6020599913279624
PRKCB	471	2.673941998634088
PRKCD	1046	3.0199466816788423
PRKCE	567	2.754348335711019
PRKCG	201	2.305351369446624
PRKCH	151	2.1818435879447726
PRKCI	327	2.515873843711679
PRKCQ	424	2.6283889300503116
PRKCQ-AS1	6	0.8450980400142568
PRKCSH	207	2.3180633349627615
PRKCZ	391	2.593286067020457
PRKCZ-AS1	4	0.6989700043360189
PRKD1	247	2.3944516808262164
PRKD2	113	2.0569048513364727
PRKD3	94	1.9777236052888478
PRKDC	1619	3.2095150145426308
PRKG1	261	2.4183012913197452
PRKG1-AS1	3	0.6020599913279624
PRKG2	97	1.9912260756924949
PRKN	993	2.997386384397313
PRKRA	277	2.444044795918076
PRKRAP1	3	0.6020599913279624
PRKRIP1	41	1.6232492903979006
PRKX	40	1.6127838567197355
PRKXP1	2	0.47712125471966244
PRKY	24	1.3979400086720377
PRL	344	2.537819095073274
PRLH	43	1.6434526764861874
PRLHR	49	1.6989700043360187
PRLR	178	2.2528530309798933
PRM1	64	1.8129133566428555
PRM2	68	1.8388490907372552
PRM3	9	1.0
PRMT1	731	2.864511081058392
PRMT2	154	2.1903316981702914
PRMT2IP	50	1.7075701760979363
PRMT3	117	2.0718820073061255
PRMT5	886	2.9479236198317262
PRMT5-AS1	1	0.3010299956639812
PRMT5-DT	1	0.3010299956639812
PRMT6	164	2.2174839442139063
PRMT7	108	2.037426497940624
PRMT8	47	1.6812412373755872
PRMT9	28	1.462397997898956
PRNCR1	35	1.5563025007672873
PRND	101	2.0086001717619175
PRNP	1290	3.1109262422664203
PRNT	8	0.9542425094393249
PROB1	6	0.8450980400142568
PROC	405	2.6085260335771943
PROCA1	12	1.1139433523068367
PROCR	451	2.655138434811382
PRODH	110	2.0453229787866576
PRODH2	7	0.9030899869919435
PRODHLP	1	0.3010299956639812
PROK1	111	2.0492180226701815
PROK2	146	2.167317334748176
PROKR1	80	1.9084850188786497
PROKR2	134	2.130333768495006
PROM1	2605	3.415974411376566
PROM2	39	1.6020599913279623
PROP1	80	1.9084850188786497
PRORP	69	1.845098040014257
PRORSD1P	3	0.6020599913279624
PRORY	4	0.6989700043360189
PROS1	362	2.5599066250361124
PROS2P	3	0.6020599913279624
PROSER1	31	1.505149978319906
PROSER2	26	1.4313637641589874
PROSER2-AS1	1	0.3010299956639812
PROSER3	15	1.2041199826559248
PROX1	176	2.247973266361807
PROX1-AS1	10	1.0413926851582251
PROX2	6	0.8450980400142568
PROZ	103	2.0170333392987803
PRP4K	164	2.2174839442139063
PRPF18	35	1.5563025007672873
PRPF19	365	2.5634810853944106
PRPF3	222	2.3483048630481607
PRPF31	330	2.519827993775719
PRPF38A	85	1.9344984512435677
PRPF38B	79	1.9030899869919435
PRPF39	48	1.6901960800285136
PRPF4	184	2.2671717284030137
PRPF40A	224	2.3521825181113627
PRPF40B	28	1.462397997898956
PRPF6	250	2.399673721481038
PRPF8	439	2.6434526764861874
PRPH	80	1.9084850188786497
PRPH2	121	2.0863598306747484
PRPS1	227	2.357934847000454
PRPS1L1	31	1.505149978319906
PRPS1P2	2	0.47712125471966244
PRPS2	116	2.0681858617461617
PRPSAP1	92	1.968482948553935
PRPSAP2	66	1.8260748027008264
PRR11	75	1.8808135922807914
PRR11-AS1	1	0.3010299956639812
PRR12	58	1.7708520116421442
PRR13	31	1.505149978319906
PRR13P6	1	0.3010299956639812
PRR14	41	1.6232492903979006
PRR14L	38	1.591064607026499
PRR15	16	1.2304489213782739
PRR15-DT	1	0.3010299956639812
PRR15L	5	0.7781512503836436
PRR16	27	1.4471580313422192
PRR18	4	0.6989700043360189
PRR19	7	0.9030899869919435
PRR20A	11	1.0791812460476249
PRR20B	2	0.47712125471966244
PRR20C	3	0.6020599913279624
PRR20D	2	0.47712125471966244
PRR20E	7	0.9030899869919435
PRR21	1	0.3010299956639812
PRR22	9	1.0
PRR23A	1	0.3010299956639812
PRR23B	3	0.6020599913279624
PRR23C	1	0.3010299956639812
PRR23D1	1	0.3010299956639812
PRR23D2	2	0.47712125471966244
PRR23E	7	0.9030899869919435
PRR25	2	0.47712125471966244
PRR27	7	0.9030899869919435
PRR29	3	0.6020599913279624
PRR29-AS1	1	0.3010299956639812
PRR3	27	1.4471580313422192
PRR30	7	0.9030899869919435
PRR32	6	0.8450980400142568
PRR33	5	0.7781512503836436
PRR34	5	0.7781512503836436
PRR35	4	0.6989700043360189
PRR36	14	1.1760912590556813
PRR4	29	1.4771212547196624
PRR5	42	1.6334684555795864
PRR5-ARHGAP8	15	1.2041199826559248
PRR5L	17	1.255272505103306
PRR7	12	1.1139433523068367
PRR7-AS1	1	0.3010299956639812
PRR9	1	0.3010299956639812
PRRC1	46	1.6720978579357175
PRRC2A	233	2.369215857410143
PRRC2B	137	2.1398790864012365
PRRC2C	165	2.220108088040055
PRRC2CP1	2	0.47712125471966244
PRRG1	13	1.146128035678238
PRRG2	18	1.2787536009528289
PRRG3	9	1.0
PRRG4	19	1.3010299956639813
PRRT1	15	1.2041199826559248
PRRT1B	1	0.3010299956639812
PRRT2	236	2.374748346010104
PRRT3	14	1.1760912590556813
PRRT3-AS1	3	0.6020599913279624
PRRT4	12	1.1139433523068367
PRRX1	196	2.294466226161593
PRRX2	58	1.7708520116421442
PRSS1	429	2.6334684555795866
PRSS12	13	1.146128035678238
PRSS16	26	1.4313637641589874
PRSS2	217	2.3384564936046046
PRSS21	43	1.6434526764861874
PRSS22	16	1.2304489213782739
PRSS23	44	1.6532125137753437
PRSS27	22	1.3617278360175928
PRSS29P	4	0.6989700043360189
PRSS3	143	2.1583624920952498
PRSS30P	4	0.6989700043360189
PRSS33	12	1.1139433523068367
PRSS35	10	1.0413926851582251
PRSS36	7	0.9030899869919435
PRSS37	9	1.0
PRSS38	4	0.6989700043360189
PRSS3P1	1	0.3010299956639812
PRSS3P2	19	1.3010299956639813
PRSS3P3	1	0.3010299956639812
PRSS3P5	2	0.47712125471966244
PRSS40A	1	0.3010299956639812
PRSS41	4	0.6989700043360189
PRSS42P	8	0.9542425094393249
PRSS43P	1	0.3010299956639812
PRSS44P	2	0.47712125471966244
PRSS45P	9	1.0
PRSS46P	7	0.9030899869919435
PRSS47P	1	0.3010299956639812
PRSS48	9	1.0
PRSS50	32	1.5185139398778875
PRSS52P	1	0.3010299956639812
PRSS53	7	0.9030899869919435
PRSS54	6	0.8450980400142568
PRSS55	6	0.8450980400142568
PRSS56	34	1.5440680443502757
PRSS57	11	1.0791812460476249
PRSS58	8	0.9542425094393249
PRSS59P	3	0.6020599913279624
PRSS8	79	1.9030899869919435
PRTFDC1	34	1.5440680443502757
PRTG	22	1.3617278360175928
PRTN3	176	2.247973266361807
PRUNE1	82	1.919078092376074
PRUNE2	58	1.7708520116421442
PRX	45	1.662757831681574
PRXL2A	48	1.6901960800285136
PRXL2B	21	1.3424226808222062
PRXL2C	12	1.1139433523068367
PRY	9	1.0
PRY2	6	0.8450980400142568
PRYP1	1	0.3010299956639812
PRYP2	1	0.3010299956639812
PRYP3	3	0.6020599913279624
PRYP4	2	0.47712125471966244
PSAP	445	2.649334858712142
PSAPL1	9	1.0
PSAT1	144	2.161368002234975
PSAT1P1	1	0.3010299956639812
PSCA	295	2.4712917110589387
PSD	53	1.7323937598229686
PSD2	15	1.2041199826559248
PSD3	55	1.7481880270062005
PSD4	30	1.4913616938342726
PSEN1	3012	3.478999131673357
PSEN2	881	2.94546858513182
PSENEN	182	2.2624510897304293
PSG1	51	1.7160033436347992
PSG10P	11	1.0791812460476249
PSG11	15	1.2041199826559248
PSG11-AS1	1	0.3010299956639812
PSG2	16	1.2304489213782739
PSG3	21	1.3424226808222062
PSG4	27	1.4471580313422192
PSG5	29	1.4771212547196624
PSG6	22	1.3617278360175928
PSG7	19	1.3010299956639813
PSG8	11	1.0791812460476249
PSG8-AS1	1	0.3010299956639812
PSG9	28	1.462397997898956
PSIP1	524	2.720159303405957
PSIP1P1	1	0.3010299956639812
PSIP1P2	2	0.47712125471966244
PSKH1	27	1.4471580313422192
PSKH2	12	1.1139433523068367
PSLNR	1	0.3010299956639812
PSMA1	308	2.4899584794248346
PSMA2	268	2.429752280002408
PSMA2P3	1	0.3010299956639812
PSMA3	349	2.5440680443502757
PSMA3-AS1	14	1.1760912590556813
PSMA4	283	2.4533183400470375
PSMA5	292	2.4668676203541096
PSMA6	346	2.5403294747908736
PSMA6P1	2	0.47712125471966244
PSMA7	336	2.5276299008713385
PSMA8	54	1.7403626894942439
PSMB1	269	2.4313637641589874
PSMB10	130	2.1172712956557644
PSMB11	27	1.4471580313422192
PSMB2	236	2.374748346010104
PSMB3	216	2.3364597338485296
PSMB3P2	1	0.3010299956639812
PSMB4	265	2.424881636631067
PSMB5	327	2.515873843711679
PSMB6	238	2.3783979009481375
PSMB7	212	2.3283796034387376
PSMB8	176	2.247973266361807
PSMB8-AS1	8	0.9542425094393249
PSMB9	139	2.146128035678238
PSMC1	332	2.5224442335063197
PSMC1P9	1	0.3010299956639812
PSMC2	360	2.5575072019056577
PSMC3	370	2.569373909615046
PSMC3IP	53	1.7323937598229686
PSMC3P1	1	0.3010299956639812
PSMC4	355	2.5514499979728753
PSMC5	509	2.7075701760979363
PSMC6	293	2.4683473304121573
PSMC6P1	1	0.3010299956639812
PSMD1	345	2.5390760987927767
PSMD10	270	2.432969290874406
PSMD10P2	1	0.3010299956639812
PSMD11	285	2.456366033129043
PSMD12	256	2.4099331233312946
PSMD13	247	2.3944516808262164
PSMD14	289	2.462397997898956
PSMD14-DT	3	0.6020599913279624
PSMD2	484	2.6857417386022635
PSMD3	326	2.514547752660286
PSMD4	452	2.656098202012832
PSMD4P1	1	0.3010299956639812
PSMD5	124	2.0969100130080562
PSMD6	242	2.385606273598312
PSMD6-AS1	2	0.47712125471966244
PSMD6-AS2	2	0.47712125471966244
PSMD7	248	2.3961993470957363
PSMD8	212	2.3283796034387376
PSMD9	171	2.2355284469075487
PSME1	269	2.4313637641589874
PSME2	177	2.250420002308894
PSME2P3	1	0.3010299956639812
PSME2P4	1	0.3010299956639812
PSME3	297	2.4742162640762553
PSME3IP1	64	1.8129133566428555
PSME3IP1P1	1	0.3010299956639812
PSME4	106	2.0293837776852097
PSMF1	121	2.0863598306747484
PSMG1	85	1.9344984512435677
PSMG2	51	1.7160033436347992
PSMG3	38	1.591064607026499
PSMG3-AS1	13	1.146128035678238
PSMG4	21	1.3424226808222062
PSORS1C1	62	1.7993405494535817
PSORS1C2	19	1.3010299956639813
PSORS1C3	16	1.2304489213782739
PSPC1	240	2.3820170425748683
PSPC1-AS2	1	0.3010299956639812
PSPH	51	1.7160033436347992
PSPHP1	4	0.6989700043360189
PSPN	15	1.2041199826559248
PSRC1	117	2.0718820073061255
PSTK	12	1.1139433523068367
PSTPIP1	136	2.1367205671564067
PSTPIP2	45	1.662757831681574
PTAFR	102	2.012837224705172
PTAR1	25	1.414973347970818
PTBP1	706	2.8494194137968996
PTBP1P	2	0.47712125471966244
PTBP2	119	2.0791812460476247
PTBP3	117	2.0718820073061255
PTCD1	59	1.7781512503836436
PTCD2	21	1.3424226808222062
PTCD3	170	2.2329961103921536
PTCH1	877	2.9434945159061026
PTCH2	67	1.8325089127062364
PTCHD1	25	1.414973347970818
PTCHD1-AS	4	0.6989700043360189
PTCHD3	13	1.146128035678238
PTCHD3P1	2	0.47712125471966244
PTCHD3P2	1	0.3010299956639812
PTCHD4	12	1.1139433523068367
PTCRA	21	1.3424226808222062
PTCSC1	5	0.7781512503836436
PTCSC2	7	0.9030899869919435
PTCSC3	16	1.2304489213782739
PTDSS1	95	1.9822712330395684
PTDSS2	37	1.5797835966168101
PTEN	7994	3.9028184680822533
PTENP1	45	1.662757831681574
PTENP1-AS	6	0.8450980400142568
PTER	42	1.6334684555795864
PTF1A	34	1.5440680443502757
PTGDR	87	1.9444826721501687
PTGDR2	84	1.9294189257142926
PTGDS	159	2.2041199826559246
PTGER1	179	2.255272505103306
PTGER2	436	2.640481436970422
PTGER3	293	2.4683473304121573
PTGER4	474	2.6766936096248664
PTGER4P2-CDK2AP2P2	1	0.3010299956639812
PTGER4P3	1	0.3010299956639812
PTGES	491	2.69196510276736
PTGES2	124	2.0969100130080562
PTGES2-DT	3	0.6020599913279624
PTGES3	270	2.432969290874406
PTGES3L	6	0.8450980400142568
PTGES3L-AARSD1	17	1.255272505103306
PTGES3P1	1	0.3010299956639812
PTGES3P3	1	0.3010299956639812
PTGFR	78	1.8976270912904414
PTGFRN	65	1.8195439355418688
PTGIR	150	2.1789769472931693
PTGIS	121	2.0863598306747484
PTGR1	45	1.662757831681574
PTGR2	27	1.4471580313422192
PTGR3	36	1.568201724066995
PTGS1	1763	3.246498580795801
PTGS2	9111	3.959613711071044
PTH	344	2.537819095073274
PTH1R	339	2.531478917042255
PTH2	52	1.724275869600789
PTH2R	33	1.5314789170422551
PTHLH	1408	3.1489109931093564
PTK2	3149	3.4983105537896004
PTK2B	407	2.61066016308988
PTK6	195	2.292256071356476
PTK7	242	2.385606273598312
PTMA	168	2.2278867046136734
PTMAP1	1	0.3010299956639812
PTMAP11	1	0.3010299956639812
PTMAP12	1	0.3010299956639812
PTMAP2	3	0.6020599913279624
PTMAP3	2	0.47712125471966244
PTMAP4	5	0.7781512503836436
PTMAP5	1	0.3010299956639812
PTMAP7	1	0.3010299956639812
PTMAP8	1	0.3010299956639812
PTMAP9	1	0.3010299956639812
PTMS	45	1.662757831681574
PTN	182	2.2624510897304293
PTOV1	76	1.8864907251724818
PTOV1-AS1	2	0.47712125471966244
PTP4A1	148	2.173186268412274
PTP4A1P3	1	0.3010299956639812
PTP4A2	82	1.919078092376074
PTP4A2P1	4	0.6989700043360189
PTP4A2P2	3	0.6020599913279624
PTP4A3	290	2.4638929889859074
PTPA	286	2.4578818967339924
PTPDC1	21	1.3424226808222062
PTPMT1	80	1.9084850188786497
PTPN1	1252	3.09795107099415
PTPN11	2007	3.3027637084729817
PTPN12	200	2.303196057420489
PTPN13	298	2.4756711883244296
PTPN14	157	2.1986570869544226
PTPN18	47	1.6812412373755872
PTPN2	367	2.5658478186735176
PTPN20	13	1.146128035678238
PTPN21	47	1.6812412373755872
PTPN22	868	2.9390197764486663
PTPN23	128	2.110589710299249
PTPN2P1	2	0.47712125471966244
PTPN2P2	1	0.3010299956639812
PTPN3	106	2.0293837776852097
PTPN4	55	1.7481880270062005
PTPN5	68	1.8388490907372552
PTPN6	1119	3.0492180226701815
PTPN7	61	1.792391689498254
PTPN9	87	1.9444826721501687
PTPRA	219	2.342422680822206
PTPRB	80	1.9084850188786497
PTPRB-AS1	2	0.47712125471966244
PTPRC	1014	3.0064660422492318
PTPRCAP	41	1.6232492903979006
PTPRD	178	2.2528530309798933
PTPRD-AS1	2	0.47712125471966244
PTPRD-DT	1	0.3010299956639812
PTPRE	74	1.8750612633917
PTPRF	170	2.2329961103921536
PTPRG	122	2.089905111439398
PTPRG-AS1	9	1.0
PTPRH	30	1.4913616938342726
PTPRJ	190	2.2810333672477277
PTPRJ-AS1	1	0.3010299956639812
PTPRK	104	2.0211892990699383
PTPRK-AS1	1	0.3010299956639812
PTPRM	87	1.9444826721501687
PTPRN	335	2.526339277389844
PTPRN2	135	2.1335389083702174
PTPRO	76	1.8864907251724818
PTPRQ	30	1.4913616938342726
PTPRR	69	1.845098040014257
PTPRS	101	2.0086001717619175
PTPRS-AS1	1	0.3010299956639812
PTPRT	66	1.8260748027008264
PTPRT-AS1	1	0.3010299956639812
PTPRT-DT	1	0.3010299956639812
PTPRU	63	1.806179973983887
PTPRVP	5	0.7781512503836436
PTPRZ1	235	2.3729120029701067
PTPRZ2	1	0.3010299956639812
PTRH1	29	1.4771212547196624
PTRH2	109	2.041392685158225
PTRHD1	22	1.3617278360175928
PTS	87	1.9444826721501687
PTTG1	314	2.4983105537896004
PTTG1IP	74	1.8750612633917
PTTG1P1	1	0.3010299956639812
PTTG2	15	1.2041199826559248
PTTG3P	14	1.1760912590556813
PTX3	494	2.694605198933569
PTX4	5	0.7781512503836436
PUDP	24	1.3979400086720377
PUDPP1	2	0.47712125471966244
PUDPP2	1	0.3010299956639812
PUF60	234	2.3710678622717363
PUM1	256	2.4099331233312946
PUM2	152	2.184691430817599
PUM3	114	2.060697840353612
PURA	259	2.4149733479708178
PURB	112	2.0530784434834195
PURG	12	1.1139433523068367
PURPL	7	0.9030899869919435
PUS1	80	1.9084850188786497
PUS10	30	1.4913616938342726
PUS3	18	1.2787536009528289
PUS7	66	1.8260748027008264
PUS7L	31	1.505149978319906
PUSL1	37	1.5797835966168101
PVALB	63	1.806179973983887
PVALEF	2	0.47712125471966244
PVR	202	2.307496037913213
PVRIG	27	1.4471580313422192
PVT1	451	2.655138434811382
PWAR1	11	1.0791812460476249
PWAR4	3	0.6020599913279624
PWAR5	9	1.0
PWAR6	7	0.9030899869919435
PWARSN	7	0.9030899869919435
PWP1	125	2.100370545117563
PWP2	102	2.012837224705172
PWRN1	8	0.9542425094393249
PWRN2	7	0.9030899869919435
PWRN3	1	0.3010299956639812
PWWP2A	34	1.5440680443502757
PWWP2AP1	1	0.3010299956639812
PWWP2B	20	1.3222192947339193
PWWP3A	29	1.4771212547196624
PWWP3B	14	1.1760912590556813
PWWP4	2	0.47712125471966244
PXDC1	10	1.0413926851582251
PXDN	115	2.0644579892269186
PXDNL	26	1.4313637641589874
PXK	37	1.5797835966168101
PXMP2	48	1.6901960800285136
PXMP4	24	1.3979400086720377
PXN	409	2.6127838567197355
PXN-AS1	7	0.9030899869919435
PXT1	6	0.8450980400142568
PXYLP1	14	1.1760912590556813
PYCARD	489	2.690196080028514
PYCARD-AS1	1	0.3010299956639812
PYCR1	171	2.2355284469075487
PYCR1-AS1	1	0.3010299956639812
PYCR2	136	2.1367205671564067
PYCR3	83	1.9242792860618816
PYDC1	15	1.2041199826559248
PYDC2	7	0.9030899869919435
PYDC2-AS1	2	0.47712125471966244
PYDC5	2	0.47712125471966244
PYGB	116	2.0681858617461617
PYGL	130	2.1172712956557644
PYGM	106	2.0293837776852097
PYGO1	27	1.4471580313422192
PYGO2	82	1.919078092376074
PYGO2-AS1	1	0.3010299956639812
PYHIN1	33	1.5314789170422551
PYHIN5P	2	0.47712125471966244
PYM1	93	1.9731278535996986
PYROXD1	32	1.5185139398778875
PYROXD2	26	1.4313637641589874
PYURF	11	1.0791812460476249
PYY	138	2.143014800254095
PYY2	4	0.6989700043360189
PYY3	3	0.6020599913279624
PZP	62	1.7993405494535817
PZP2P	6	0.8450980400142568
QARS1	215	2.3344537511509307
QDPR	83	1.9242792860618816
QKI	267	2.428134794028789
QKILA	1	0.3010299956639812
QNG1	34	1.5440680443502757
QPCT	63	1.806179973983887
QPCTL	88	1.9493900066449128
QPRT	44	1.6532125137753437
QRFP	22	1.3617278360175928
QRFPR	33	1.5314789170422551
QRICH1	67	1.8325089127062364
QRICH2	13	1.146128035678238
QRSL1	33	1.5314789170422551
QSER1	55	1.7481880270062005
QSOX1	105	2.0253058652647704
QSOX2	71	1.8573324964312685
QTGAL	12	1.1139433523068367
QTMAN	21	1.3424226808222062
QTMAN-AS1	1	0.3010299956639812
QTRT1	36	1.568201724066995
QTRT2	45	1.662757831681574
R3HCC1	14	1.1760912590556813
R3HCC1L	31	1.505149978319906
R3HDM1	55	1.7481880270062005
R3HDM2	32	1.5185139398778875
R3HDM4	9	1.0
R3HDML	7	0.9030899869919435
R3HDML-AS1	1	0.3010299956639812
RAB10	292	2.4668676203541096
RAB11A	313	2.496929648073215
RAB11B	120	2.0827853703164503
RAB11B-AS1	4	0.6989700043360189
RAB11FIP1	125	2.100370545117563
RAB11FIP2	92	1.968482948553935
RAB11FIP3	62	1.7993405494535817
RAB11FIP4	33	1.5314789170422551
RAB11FIP5	110	2.0453229787866576
RAB12	47	1.6812412373755872
RAB13	145	2.164352855784437
RAB14	222	2.3483048630481607
RAB15	61	1.792391689498254
RAB17	41	1.6232492903979006
RAB18	150	2.1789769472931693
RAB19	11	1.0791812460476249
RAB1A	276	2.4424797690644486
RAB1B	185	2.2695129442179165
RAB1C	18	1.2787536009528289
RAB20	33	1.5314789170422551
RAB21	139	2.146128035678238
RAB22A	116	2.0681858617461617
RAB23	99	2.0
RAB24	39	1.6020599913279623
RAB25	122	2.089905111439398
RAB26	37	1.5797835966168101
RAB27A	364	2.5622928644564746
RAB27B	121	2.0863598306747484
RAB28	41	1.6232492903979006
RAB28P5	1	0.3010299956639812
RAB29	87	1.9444826721501687
RAB2A	144	2.161368002234975
RAB2B	44	1.6532125137753437
RAB30	30	1.4913616938342726
RAB30-DT	3	0.6020599913279624
RAB31	89	1.954242509439325
RAB32	85	1.9344984512435677
RAB33A	29	1.4771212547196624
RAB33B	52	1.724275869600789
RAB34	99	2.0
RAB35	160	2.2068258760318495
RAB36	19	1.3010299956639813
RAB37	41	1.6232492903979006
RAB38	61	1.792391689498254
RAB39A	64	1.8129133566428555
RAB39B	78	1.8976270912904414
RAB3A	105	2.0253058652647704
RAB3B	80	1.9084850188786497
RAB3C	33	1.5314789170422551
RAB3D	73	1.8692317197309762
RAB3GAP1	151	2.1818435879447726
RAB3GAP2	115	2.0644579892269186
RAB3IL1	28	1.462397997898956
RAB3IP	70	1.8512583487190752
RAB3IP-DT	1	0.3010299956639812
RAB40A	23	1.380211241711606
RAB40AL	23	1.380211241711606
RAB40B	29	1.4771212547196624
RAB40C	31	1.505149978319906
RAB41	14	1.1760912590556813
RAB42	8	0.9542425094393249
RAB42P1	1	0.3010299956639812
RAB43	39	1.6020599913279623
RAB43P1	3	0.6020599913279624
RAB44	5	0.7781512503836436
RAB4A	117	2.0718820073061255
RAB4B	30	1.4913616938342726
RAB4B-EGLN2	6	0.8450980400142568
RAB5A	354	2.550228353055094
RAB5B	109	2.041392685158225
RAB5C	357	2.5538830266438746
RAB5IF	30	1.4913616938342726
RAB6A	186	2.271841606536499
RAB6B	71	1.8573324964312685
RAB6C	33	1.5314789170422551
RAB6C-AS1	4	0.6989700043360189
RAB6D	11	1.0791812460476249
RAB7A	383	2.584331224367531
RAB7B	33	1.5314789170422551
RAB8A	321	2.507855871695831
RAB8B	64	1.8129133566428555
RAB9A	149	2.1760912590556813
RAB9B	28	1.462397997898956
RAB9BP1	3	0.6020599913279624
RABAC1	69	1.845098040014257
RABEP1	154	2.1903316981702914
RABEP2	49	1.6989700043360187
RABEPK	24	1.3979400086720377
RABGAP1	76	1.8864907251724818
RABGAP1L	54	1.7403626894942439
RABGEF1	122	2.089905111439398
RABGEF1P1	6	0.8450980400142568
RABGGTA	45	1.662757831681574
RABGGTB	64	1.8129133566428555
RABIF	42	1.6334684555795864
RABL2A	31	1.505149978319906
RABL2B	29	1.4771212547196624
RABL3	89	1.954242509439325
RABL6	83	1.9242792860618816
RAC1	1348	3.1300119496719043
RAC1P2	1	0.3010299956639812
RAC1P3	1	0.3010299956639812
RAC1P4	1	0.3010299956639812
RAC1P5	2	0.47712125471966244
RAC2	173	2.2405492482826
RAC3	78	1.8976270912904414
RACGAP1	284	2.45484486000851
RACGAP1P1	3	0.6020599913279624
RACK1	772	2.888179493918325
RACK1P1	1	0.3010299956639812
RAD1	132	2.123851640967086
RAD17	153	2.187520720836463
RAD17P1	1	0.3010299956639812
RAD17P2	2	0.47712125471966244
RAD18	295	2.4712917110589387
RAD21	348	2.5428254269591797
RAD21-AS1	1	0.3010299956639812
RAD21L1	10	1.0413926851582251
RAD23A	256	2.4099331233312946
RAD23B	312	2.4955443375464483
RAD23BP3	1	0.3010299956639812
RAD50	720	2.857935264719429
RAD51	1738	3.2402995820027125
RAD51-AS1	7	0.9030899869919435
RAD51AP1	84	1.9294189257142926
RAD51AP2	14	1.1760912590556813
RAD51B	150	2.1789769472931693
RAD51B-AS1	1	0.3010299956639812
RAD51C	256	2.4099331233312946
RAD51D	170	2.2329961103921536
RAD52	292	2.4668676203541096
RAD54B	84	1.9294189257142926
RAD54L	74	1.8750612633917
RAD54L2	72	1.863322860120456
RAD9A	151	2.1818435879447726
RAD9B	19	1.3010299956639813
RADIL	50	1.7075701760979363
RADX	61	1.792391689498254
RAE1	191	2.2833012287035497
RAET1E	50	1.7075701760979363
RAET1E-AS1	2	0.47712125471966244
RAET1F	1	0.3010299956639812
RAET1G	24	1.3979400086720377
RAET1K	1	0.3010299956639812
RAET1L	15	1.2041199826559248
RAET1M	1	0.3010299956639812
RAF1	713	2.8536982117761744
RAF1P1	1	0.3010299956639812
RAG1	160	2.2068258760318495
RAG2	523	2.7193312869837265
RAI1	151	2.1818435879447726
RAI14	166	2.2227164711475833
RAI2	39	1.6020599913279623
RALA	271	2.4345689040341987
RALB	123	2.093421685162235
RALBP1	138	2.143014800254095
RALGAPA1	67	1.8325089127062364
RALGAPA1P1	1	0.3010299956639812
RALGAPA2	48	1.6901960800285136
RALGAPB	57	1.7634279935629373
RALGDS	63	1.806179973983887
RALGPS1	26	1.4313637641589874
RALGPS2	31	1.505149978319906
RALGPS2-AS1	1	0.3010299956639812
RALY	237	2.376576957056512
RALY-AS1	1	0.3010299956639812
RALYL	45	1.662757831681574
RAMAC	42	1.6334684555795864
RAMACL	2	0.47712125471966244
RAMP1	188	2.2764618041732443
RAMP2	161	2.2095150145426308
RAMP2-AS1	5	0.7781512503836436
RAMP3	126	2.103803720955957
RAN	650	2.813580988568192
RANBP1	175	2.24551266781415
RANBP10	68	1.8388490907372552
RANBP17	22	1.3617278360175928
RANBP1P1	2	0.47712125471966244
RANBP2	391	2.593286067020457
RANBP3	86	1.9395192526186185
RANBP3L	14	1.1760912590556813
RANBP6	52	1.724275869600789
RANBP9	191	2.2833012287035497
RANGAP1	356	2.552668216112193
RANGRF	33	1.5314789170422551
RANP1	5	0.7781512503836436
RANP6	1	0.3010299956639812
RAP1A	323	2.510545010206612
RAP1AP	1	0.3010299956639812
RAP1B	249	2.3979400086720375
RAP1BL	14	1.1760912590556813
RAP1GAP	118	2.0755469613925306
RAP1GAP2	27	1.4471580313422192
RAP1GAP2-AS1	1	0.3010299956639812
RAP1GDS1	114	2.060697840353612
RAP2A	127	2.1072099696478683
RAP2B	106	2.0293837776852097
RAP2C	65	1.8195439355418688
RAP2C-AS1	1	0.3010299956639812
RAPGEF1	112	2.0530784434834195
RAPGEF2	86	1.9395192526186185
RAPGEF3	426	2.630427875025024
RAPGEF4	135	2.1335389083702174
RAPGEF4-AS1	3	0.6020599913279624
RAPGEF5	43	1.6434526764861874
RAPGEF6	84	1.9294189257142926
RAPGEFL1	11	1.0791812460476249
RAPH1	98	1.99563519459755
RAPSN	60	1.7853298350107671
RARA	1377	3.139249217571607
RARA-AS1	2	0.47712125471966244
RARB	273	2.437750562820388
RARG	112	2.0530784434834195
RARRES1	77	1.8920946026904804
RARRES2	608	2.784617292632875
RARS1	255	2.4082399653118496
RARS2	72	1.863322860120456
RASA1	272	2.436162647040756
RASA2	49	1.6989700043360187
RASA3	47	1.6812412373755872
RASA4	28	1.462397997898956
RASA4B	9	1.0
RASA4CP	2	0.47712125471966244
RASAL1	50	1.7075701760979363
RASAL2	115	2.0644579892269186
RASAL2-AS1	1	0.3010299956639812
RASAL3	15	1.2041199826559248
RASD1	73	1.8692317197309762
RASD2	42	1.6334684555795864
RASEF	30	1.4913616938342726
RASGEF1A	20	1.3222192947339193
RASGEF1B	21	1.3424226808222062
RASGEF1C	18	1.2787536009528289
RASGRF1	94	1.9777236052888478
RASGRF2	54	1.7403626894942439
RASGRF2-AS1	2	0.47712125471966244
RASGRP1	126	2.103803720955957
RASGRP2	86	1.9395192526186185
RASGRP3	63	1.806179973983887
RASGRP4	28	1.462397997898956
RASIP1	35	1.5563025007672873
RASL10A	17	1.255272505103306
RASL10B	18	1.2787536009528289
RASL11A	11	1.0791812460476249
RASL11B	20	1.3222192947339193
RASL12	12	1.1139433523068367
RASSF1	1081	3.0342272607705505
RASSF1-AS1	3	0.6020599913279624
RASSF10	37	1.5797835966168101
RASSF2	101	2.0086001717619175
RASSF3	30	1.4913616938342726
RASSF4	30	1.4913616938342726
RASSF5	91	1.9637878273455553
RASSF6	54	1.7403626894942439
RASSF7	48	1.6901960800285136
RASSF8	70	1.8512583487190752
RASSF8-AS1	7	0.9030899869919435
RASSF9	18	1.2787536009528289
RAVER1	124	2.0969100130080562
RAVER2	29	1.4771212547196624
RAX	20	1.3222192947339193
RAX2	6	0.8450980400142568
RB1	1895	3.2778383330020473
RB1-DT	3	0.6020599913279624
RB1CC1	229	2.361727836017593
RBAK	31	1.505149978319906
RBAK-RBAKDN	5	0.7781512503836436
RBAKDN	2	0.47712125471966244
RBBP4	500	2.699837725867246
RBBP4P1	1	0.3010299956639812
RBBP5	209	2.322219294733919
RBBP6	183	2.2648178230095364
RBBP7	370	2.569373909615046
RBBP8	335	2.526339277389844
RBBP8NL	14	1.1760912590556813
RBBP9	33	1.5314789170422551
RBCK1	209	2.322219294733919
RBFA	36	1.568201724066995
RBFADN	5	0.7781512503836436
RBFOX1	172	2.2380461031287955
RBFOX2	201	2.305351369446624
RBFOX3	168	2.2278867046136734
RBIS	30	1.4913616938342726
RBKS	20	1.3222192947339193
RBL1	325	2.513217600067939
RBL2	387	2.5888317255942073
RBM10	303	2.482873583608754
RBM11	52	1.724275869600789
RBM12	86	1.9395192526186185
RBM12B	63	1.806179973983887
RBM14	296	2.4727564493172123
RBM14-RBM4	25	1.414973347970818
RBM15	206	2.315970345456918
RBM15-AS1	2	0.47712125471966244
RBM15B	75	1.8808135922807914
RBM17	170	2.2329961103921536
RBM18	16	1.2304489213782739
RBM19	78	1.8976270912904414
RBM20	90	1.9590413923210936
RBM22	122	2.089905111439398
RBM22P1	1	0.3010299956639812
RBM22P3	1	0.3010299956639812
RBM23	48	1.6901960800285136
RBM24	60	1.7853298350107671
RBM25	190	2.2810333672477277
RBM26	105	2.0253058652647704
RBM26-AS1	2	0.47712125471966244
RBM27	121	2.0863598306747484
RBM28	163	2.214843848047698
RBM3	181	2.2600713879850747
RBM33	90	1.9590413923210936
RBM33-DT	2	0.47712125471966244
RBM34	114	2.060697840353612
RBM38	92	1.968482948553935
RBM38-AS1	1	0.3010299956639812
RBM39	317	2.5024271199844326
RBM4	197	2.296665190261531
RBM41	24	1.3979400086720377
RBM42	75	1.8808135922807914
RBM43	10	1.0413926851582251
RBM44	8	0.9542425094393249
RBM45	69	1.845098040014257
RBM46	15	1.2041199826559248
RBM47	73	1.8692317197309762
RBM48	18	1.2787536009528289
RBM4B	76	1.8864907251724818
RBM5	186	2.271841606536499
RBM5-AS1	9	1.0
RBM6	106	2.0293837776852097
RBM7	94	1.9777236052888478
RBM8A	255	2.4082399653118496
RBM8B	2	0.47712125471966244
RBMS1	115	2.0644579892269186
RBMS1P1	1	0.3010299956639812
RBMS2	50	1.7075701760979363
RBMS3	53	1.7323937598229686
RBMS3-AS1	1	0.3010299956639812
RBMS3-AS3	2	0.47712125471966244
RBMX	347	2.5415792439465807
RBMX2	64	1.8129133566428555
RBMX2P4	1	0.3010299956639812
RBMXL1	64	1.8129133566428555
RBMXL2	30	1.4913616938342726
RBMXL3	14	1.1760912590556813
RBMXP1	5	0.7781512503836436
RBMY1A1	50	1.7075701760979363
RBMY1A3P	2	0.47712125471966244
RBMY1B	10	1.0413926851582251
RBMY1C	7	0.9030899869919435
RBMY1D	9	1.0
RBMY1E	8	0.9542425094393249
RBMY1F	16	1.2304489213782739
RBMY1GP	2	0.47712125471966244
RBMY1HP	2	0.47712125471966244
RBMY1J	15	1.2041199826559248
RBMY1KP	1	0.3010299956639812
RBMY2AP	2	0.47712125471966244
RBMY2BP	3	0.6020599913279624
RBMY2CP	1	0.3010299956639812
RBMY2DP	1	0.3010299956639812
RBMY2EP	2	0.47712125471966244
RBMY2FP	4	0.6989700043360189
RBMY2GP	1	0.3010299956639812
RBMY2HP	1	0.3010299956639812
RBMY2JP	1	0.3010299956639812
RBMY2KP	1	0.3010299956639812
RBMY2MP	1	0.3010299956639812
RBMY2NP	2	0.47712125471966244
RBMY2OP	1	0.3010299956639812
RBMY2QP	1	0.3010299956639812
RBMY2SP	1	0.3010299956639812
RBMY2TP	2	0.47712125471966244
RBMY2UP	2	0.47712125471966244
RBMY2VP	1	0.3010299956639812
RBMY2WP	1	0.3010299956639812
RBMY2XP	1	0.3010299956639812
RBMY2YP	1	0.3010299956639812
RBMY3AP	2	0.47712125471966244
RBP1	93	1.9731278535996986
RBP2	80	1.9084850188786497
RBP3	37	1.5797835966168101
RBP4	398	2.6009728956867484
RBP5	16	1.2304489213782739
RBP7	19	1.3010299956639813
RBPJ	457	2.660865478003869
RBPJL	15	1.2041199826559248
RBPJP1	3	0.6020599913279624
RBPJP2	3	0.6020599913279624
RBPJP3	2	0.47712125471966244
RBPJP4	1	0.3010299956639812
RBPMS	88	1.9493900066449128
RBPMS-AS1	3	0.6020599913279624
RBPMS2	23	1.380211241711606
RBPMSLP	1	0.3010299956639812
RBSN	75	1.8808135922807914
RBX1	830	2.919601023784111
RC3H1	83	1.9242792860618816
RC3H1-IT1	1	0.3010299956639812
RC3H2	55	1.7481880270062005
RCAN1	283	2.4533183400470375
RCAN2	39	1.6020599913279623
RCAN2-AS1	1	0.3010299956639812
RCAN2-DT	1	0.3010299956639812
RCAN3	35	1.5563025007672873
RCAN3AS	1	0.3010299956639812
RCBTB1	51	1.7160033436347992
RCBTB2	34	1.5440680443502757
RCC1	335	2.526339277389844
RCC1L	53	1.7323937598229686
RCC2	222	2.3483048630481607
RCC2-AS1	3	0.6020599913279624
RCCD1	24	1.3979400086720377
RCCD1-AS1	2	0.47712125471966244
RCE1	52	1.724275869600789
RCHY1	117	2.0718820073061255
RCL1	99	2.0
RCN1	159	2.2041199826559246
RCN2	213	2.330413773349191
RCN3	30	1.4913616938342726
RCOR1	254	2.406540180433955
RCOR2	34	1.5440680443502757
RCOR3	75	1.8808135922807914
RCSD1	24	1.3979400086720377
RCVRN	189	2.278753600952829
RD3	38	1.591064607026499
RD3L	1	0.3010299956639812
RDH10	45	1.662757831681574
RDH11	95	1.9822712330395684
RDH12	111	2.0492180226701815
RDH13	48	1.6901960800285136
RDH14	45	1.662757831681574
RDH16	10	1.0413926851582251
RDH5	62	1.7993405494535817
RDH8	18	1.2787536009528289
RDM1	23	1.380211241711606
RDM1P5	2	0.47712125471966244
RDUR	5	0.7781512503836436
RDX	222	2.3483048630481607
RDXP1	1	0.3010299956639812
RDXP2	1	0.3010299956639812
REC114	10	1.0413926851582251
REC8	50	1.7075701760979363
RECK	326	2.514547752660286
RECQL	288	2.4608978427565478
RECQL4	227	2.357934847000454
RECQL5	138	2.143014800254095
REDIC1	8	0.9542425094393249
REELD1	4	0.6989700043360189
REEP1	81	1.9138138523837167
REEP2	35	1.5563025007672873
REEP3	42	1.6334684555795864
REEP4	59	1.7781512503836436
REEP5	89	1.954242509439325
REEP6	57	1.7634279935629373
REG1A	318	2.503790683057181
REG1B	60	1.7853298350107671
REG1CP	7	0.9030899869919435
REG3A	897	2.9532763366673045
REG3G	31	1.505149978319906
REG4	120	2.0827853703164503
REL	241	2.383815365980431
REL-DT	3	0.6020599913279624
RELA	2840	3.453471233722936
RELB	499	2.6989700043360187
RELCH	47	1.6812412373755872
RELL1	43	1.6434526764861874
RELL2	20	1.3222192947339193
RELN	917	2.9628426812012423
RELT	30	1.4913616938342726
REM1	14	1.1760912590556813
REM2	25	1.414973347970818
REN	278	2.4456042032735974
RENBP	63	1.806179973983887
RENO1	1	0.3010299956639812
REP15	10	1.0413926851582251
REPIN1	99	2.0
REPS1	78	1.8976270912904414
REPS2	49	1.6989700043360187
RER1	80	1.9084850188786497
RERE	87	1.9444826721501687
RERE-AS1	1	0.3010299956639812
RERG	26	1.4313637641589874
RERGL	5	0.7781512503836436
RESF1	45	1.662757831681574
RESP18	6	0.8450980400142568
REST	277	2.444044795918076
RET	2445	3.3884564527002667
RETN	1156	3.0633333589517497
RETNLB	139	2.146128035678238
RETREG1	131	2.12057393120585
RETREG1-AS1	1	0.3010299956639812
RETREG2	34	1.5440680443502757
RETREG3	43	1.6434526764861874
RETSAT	50	1.7075701760979363
REV1	189	2.278753600952829
REV3L	169	2.230448921378274
REV3L-IT1	1	0.3010299956639812
REX1BD	23	1.380211241711606
REXO1	30	1.4913616938342726
REXO1L1P	8	0.9542425094393249
REXO1L2P	2	0.47712125471966244
REXO1L6P	2	0.47712125471966244
REXO2	42	1.6334684555795864
REXO4	83	1.9242792860618816
REXO5	26	1.4313637641589874
REXO6P	2	0.47712125471966244
RFC1	258	2.413299764081252
RFC2	204	2.311753861055754
RFC3	233	2.369215857410143
RFC4	249	2.3979400086720375
RFC5	218	2.3404441148401185
RFESD	9	1.0
RFFL	41	1.6232492903979006
RFK	26	1.4313637641589874
RFLNA	14	1.1760912590556813
RFLNB	21	1.3424226808222062
RFNG	21	1.3424226808222062
RFPL1	11	1.0791812460476249
RFPL1S	4	0.6989700043360189
RFPL2	12	1.1139433523068367
RFPL3	21	1.3424226808222062
RFPL3S	5	0.7781512503836436
RFPL4A	12	1.1139433523068367
RFPL4AL1	2	0.47712125471966244
RFPL4B	6	0.8450980400142568
RFT1	52	1.724275869600789
RFTN1	54	1.7403626894942439
RFTN1P1	1	0.3010299956639812
RFTN2	9	1.0
RFWD3	68	1.8388490907372552
RFX1	134	2.130333768495006
RFX2	40	1.6127838567197355
RFX3	59	1.7781512503836436
RFX4	28	1.462397997898956
RFX4-AS1	6	0.8450980400142568
RFX5	131	2.12057393120585
RFX6	60	1.7853298350107671
RFX7	39	1.6020599913279623
RFX8	8	0.9542425094393249
RFXANK	67	1.8325089127062364
RFXAP	55	1.7481880270062005
RGCC	70	1.8512583487190752
RGL1	21	1.3424226808222062
RGL2	36	1.568201724066995
RGL3	13	1.146128035678238
RGL4	16	1.2304489213782739
RGMA	78	1.8976270912904414
RGMB	32	1.5185139398778875
RGMB-AS1	10	1.0413926851582251
RGN	113	2.0569048513364727
RGP1	25	1.414973347970818
RGPD1	31	1.505149978319906
RGPD2	18	1.2787536009528289
RGPD3	36	1.568201724066995
RGPD4	22	1.3617278360175928
RGPD4-DT	2	0.47712125471966244
RGPD5	36	1.568201724066995
RGPD6	28	1.462397997898956
RGPD8	35	1.5563025007672873
RGR	38	1.591064607026499
RGS1	94	1.9777236052888478
RGS10	62	1.7993405494535817
RGS11	33	1.5314789170422551
RGS12	64	1.8129133566428555
RGS13	22	1.3617278360175928
RGS14	76	1.8864907251724818
RGS16	50	1.7075701760979363
RGS17	48	1.6901960800285136
RGS18	35	1.5563025007672873
RGS19	49	1.6989700043360187
RGS2	169	2.230448921378274
RGS20	44	1.6532125137753437
RGS21	5	0.7781512503836436
RGS22	18	1.2787536009528289
RGS3	101	2.0086001717619175
RGS4	142	2.155336037465062
RGS5	104	2.0211892990699383
RGS5-AS1	2	0.47712125471966244
RGS6	74	1.8750612633917
RGS7	85	1.9344984512435677
RGS7BP	22	1.3617278360175928
RGS8	40	1.6127838567197355
RGS9	37	1.5797835966168101
RGS9BP	26	1.4313637641589874
RGSL1	22	1.3617278360175928
RHAG	127	2.1072099696478683
RHBDD1	63	1.806179973983887
RHBDD2	70	1.8512583487190752
RHBDD3	40	1.6127838567197355
RHBDF1	48	1.6901960800285136
RHBDF2	84	1.9294189257142926
RHBDL1	15	1.2041199826559248
RHBDL2	34	1.5440680443502757
RHBDL3	21	1.3424226808222062
RHBG	50	1.7075701760979363
RHCE	105	2.0253058652647704
RHCG	68	1.8388490907372552
RHD	203	2.3096301674258988
RHEB	202	2.307496037913213
RHEBL1	27	1.4471580313422192
RHEBP1	8	0.9542425094393249
RHEX	13	1.146128035678238
RHNO1	30	1.4913616938342726
RHO	248	2.3961993470957363
RHOA	2138	3.330210784571528
RHOB	193	2.287801729930226
RHOBTB1	39	1.6020599913279623
RHOBTB2	70	1.8512583487190752
RHOBTB3	57	1.7634279935629373
RHOC	380	2.5809249756756194
RHOD	75	1.8808135922807914
RHOF	45	1.662757831681574
RHOG	148	2.173186268412274
RHOH	71	1.8573324964312685
RHOJ	70	1.8512583487190752
RHOQ	68	1.8388490907372552
RHOQ-AS1	1	0.3010299956639812
RHOT1	150	2.1789769472931693
RHOT1P3	1	0.3010299956639812
RHOT2	125	2.100370545117563
RHOU	57	1.7634279935629373
RHOV	26	1.4313637641589874
RHOXF1	24	1.3979400086720377
RHOXF1-AS1	3	0.6020599913279624
RHOXF1P1	1	0.3010299956639812
RHOXF1P3	1	0.3010299956639812
RHOXF2	39	1.6020599913279623
RHOXF2B	2	0.47712125471966244
RHPN1	29	1.4771212547196624
RHPN1-AS1	19	1.3010299956639813
RHPN2	51	1.7160033436347992
RHPN2P1	3	0.6020599913279624
RIBC1	17	1.255272505103306
RIBC2	21	1.3424226808222062
RIC1	32	1.5185139398778875
RIC3	69	1.845098040014257
RIC3-DT	1	0.3010299956639812
RIC8A	92	1.968482948553935
RIC8B	30	1.4913616938342726
RICTOR	415	2.6190933306267428
RIDA	51	1.7160033436347992
RIF1	224	2.3521825181113627
RIGI	1344	3.128722284338427
RIIAD1	6	0.8450980400142568
RILP	61	1.792391689498254
RILPL1	27	1.4471580313422192
RILPL2	22	1.3617278360175928
RIMBP2	19	1.3010299956639813
RIMBP3	19	1.3010299956639813
RIMBP3B	4	0.6989700043360189
RIMBP3C	9	1.0
RIMKLA	14	1.1760912590556813
RIMKLB	21	1.3424226808222062
RIMKLBP1	1	0.3010299956639812
RIMOC1	27	1.4471580313422192
RIMS1	85	1.9344984512435677
RIMS2	48	1.6901960800285136
RIMS3	22	1.3617278360175928
RIMS4	20	1.3222192947339193
RIN1	101	2.0086001717619175
RIN2	47	1.6812412373755872
RIN3	34	1.5440680443502757
RING1	213	2.330413773349191
RINL	13	1.146128035678238
RINT1	95	1.9822712330395684
RIOK1	120	2.0827853703164503
RIOK2	83	1.9242792860618816
RIOK3	61	1.792391689498254
RIOX1	63	1.806179973983887
RIOX2	108	2.037426497940624
RIPK1	1090	3.037824750588342
RIPK2	335	2.526339277389844
RIPK3	721	2.858537197569639
RIPK4	88	1.9493900066449128
RIPOR1	32	1.5185139398778875
RIPOR2	42	1.6334684555795864
RIPOR3	11	1.0791812460476249
RIPOR3-AS1	4	0.6989700043360189
RIPPLY1	13	1.146128035678238
RIPPLY2	20	1.3222192947339193
RIPPLY3	9	1.0
RIT1	65	1.8195439355418688
RIT2	54	1.7403626894942439
RITA1	32	1.5185139398778875
RLBP1	57	1.7634279935629373
RLF	52	1.724275869600789
RLFP1	1	0.3010299956639812
RLIG1	19	1.3010299956639813
RLIG1P3	2	0.47712125471966244
RLIM	98	1.99563519459755
RLIMP2	1	0.3010299956639812
RLN1	85	1.9344984512435677
RLN2	205	2.3138672203691533
RLN3	97	1.9912260756924949
RMC1	32	1.5185139398778875
RMDN1	36	1.568201724066995
RMDN2	32	1.5185139398778875
RMDN2-AS1	1	0.3010299956639812
RMDN3	115	2.0644579892269186
RMEL3	2	0.47712125471966244
RMI1	104	2.0211892990699383
RMI2	63	1.806179973983887
RMND1	61	1.792391689498254
RMND5A	57	1.7634279935629373
RMND5B	27	1.4471580313422192
RMP24	28	1.462397997898956
RMP64	47	1.6812412373755872
RMRP	108	2.037426497940624
RMST	17	1.255272505103306
RN7SK	56	1.7558748556724915
RN7SL1	13	1.146128035678238
RN7SL2	5	0.7781512503836436
RN7SL3	4	0.6989700043360189
RN7SL4P	2	0.47712125471966244
RN7SL5P	2	0.47712125471966244
RN7SL6P	1	0.3010299956639812
RN7SL7P	1	0.3010299956639812
RN7SL832P	2	0.47712125471966244
RN7SL8P	1	0.3010299956639812
RNA18S1	35	1.5563025007672873
RNA18S2	35	1.5563025007672873
RNA18S3	35	1.5563025007672873
RNA18S4	33	1.5314789170422551
RNA18S5	33	1.5314789170422551
RNA18SN1	35	1.5563025007672873
RNA18SN2	33	1.5314789170422551
RNA18SN3	33	1.5314789170422551
RNA18SN4	33	1.5314789170422551
RNA18SN5	40	1.6127838567197355
RNA18SP2	2	0.47712125471966244
RNA18SP3	34	1.5440680443502757
RNA18SP4	33	1.5314789170422551
RNA18SP5	33	1.5314789170422551
RNA28S1	35	1.5563025007672873
RNA28S2	35	1.5563025007672873
RNA28S3	35	1.5563025007672873
RNA28S4	33	1.5314789170422551
RNA28S5	33	1.5314789170422551
RNA28SN1	35	1.5563025007672873
RNA28SN2	33	1.5314789170422551
RNA28SN3	33	1.5314789170422551
RNA28SN4	33	1.5314789170422551
RNA28SN5	40	1.6127838567197355
RNA45S1	33	1.5314789170422551
RNA45S2	33	1.5314789170422551
RNA45S3	33	1.5314789170422551
RNA45S4	33	1.5314789170422551
RNA45S5	33	1.5314789170422551
RNA45SN1	33	1.5314789170422551
RNA45SN2	33	1.5314789170422551
RNA45SN3	33	1.5314789170422551
RNA45SN4	33	1.5314789170422551
RNA45SN5	33	1.5314789170422551
RNA5-8S1	35	1.5563025007672873
RNA5-8S2	35	1.5563025007672873
RNA5-8S3	35	1.5563025007672873
RNA5-8S4	33	1.5314789170422551
RNA5-8S5	33	1.5314789170422551
RNA5-8SN1	35	1.5563025007672873
RNA5-8SN2	33	1.5314789170422551
RNA5-8SN3	33	1.5314789170422551
RNA5-8SN4	33	1.5314789170422551
RNA5-8SN5	35	1.5563025007672873
RNA5-8SP10	33	1.5314789170422551
RNA5-8SP3	1	0.3010299956639812
RNA5-8SP8	33	1.5314789170422551
RNA5-8SP9	33	1.5314789170422551
RNA5S1	1	0.3010299956639812
RNA5S10	1	0.3010299956639812
RNA5S11	1	0.3010299956639812
RNA5S12	1	0.3010299956639812
RNA5S13	1	0.3010299956639812
RNA5S15	1	0.3010299956639812
RNA5S16	1	0.3010299956639812
RNA5S17	1	0.3010299956639812
RNA5S2	1	0.3010299956639812
RNA5S3	1	0.3010299956639812
RNA5S4	1	0.3010299956639812
RNA5S5	1	0.3010299956639812
RNA5S6	1	0.3010299956639812
RNA5S7	2	0.47712125471966244
RNA5S8	1	0.3010299956639812
RNA5S9	1	0.3010299956639812
RNA5SP103	1	0.3010299956639812
RNA5SP113	1	0.3010299956639812
RNA5SP115	1	0.3010299956639812
RNA5SP117	1	0.3010299956639812
RNA5SP141	1	0.3010299956639812
RNA5SP145	1	0.3010299956639812
RNA5SP162	1	0.3010299956639812
RNA5SP191	1	0.3010299956639812
RNA5SP202	1	0.3010299956639812
RNA5SP259	1	0.3010299956639812
RNA5SP284	1	0.3010299956639812
RNA5SP352	1	0.3010299956639812
RNA5SP359	1	0.3010299956639812
RNA5SP383	1	0.3010299956639812
RNA5SP443	1	0.3010299956639812
RNA5SP452	1	0.3010299956639812
RNA5SP506	1	0.3010299956639812
RNA5SP53	1	0.3010299956639812
RNA5SP532	1	0.3010299956639812
RNA5SP74	1	0.3010299956639812
RNA5SP82	1	0.3010299956639812
RNASE1	72	1.863322860120456
RNASE10	9	1.0
RNASE11	9	1.0
RNASE11-AS1	2	0.47712125471966244
RNASE12	6	0.8450980400142568
RNASE13	8	0.9542425094393249
RNASE2	88	1.9493900066449128
RNASE2CP	3	0.6020599913279624
RNASE3	255	2.4082399653118496
RNASE4	26	1.4313637641589874
RNASE6	18	1.2787536009528289
RNASE7	43	1.6434526764861874
RNASE8	6	0.8450980400142568
RNASE9	13	1.146128035678238
RNASEH1	70	1.8512583487190752
RNASEH1-DT	2	0.47712125471966244
RNASEH1P1	5	0.7781512503836436
RNASEH1P2	1	0.3010299956639812
RNASEH1P3	1	0.3010299956639812
RNASEH2A	64	1.8129133566428555
RNASEH2B	51	1.7160033436347992
RNASEH2C	36	1.568201724066995
RNASEH2CP1	3	0.6020599913279624
RNASEK	23	1.380211241711606
RNASEK-C17orf49	7	0.9030899869919435
RNASEL	164	2.2174839442139063
RNASET2	97	1.9912260756924949
RND1	66	1.8260748027008264
RND2	38	1.591064607026499
RND3	143	2.1583624920952498
RNF10	67	1.8325089127062364
RNF103	22	1.3617278360175928
RNF103-CHMP3	3	0.6020599913279624
RNF11	81	1.9138138523837167
RNF111	90	1.9590413923210936
RNF112	18	1.2787536009528289
RNF113A	61	1.792391689498254
RNF113B	11	1.0791812460476249
RNF114	97	1.9912260756924949
RNF115	69	1.845098040014257
RNF121	29	1.4771212547196624
RNF122	19	1.3010299956639813
RNF123	84	1.9294189257142926
RNF125	51	1.7160033436347992
RNF126	105	2.0253058652647704
RNF126P1	1	0.3010299956639812
RNF128	81	1.9138138523837167
RNF13	48	1.6901960800285136
RNF130	33	1.5314789170422551
RNF133	14	1.1760912590556813
RNF135	69	1.845098040014257
RNF138	72	1.863322860120456
RNF138P1	2	0.47712125471966244
RNF139	55	1.7481880270062005
RNF14	67	1.8325089127062364
RNF141	16	1.2304489213782739
RNF144A	47	1.6812412373755872
RNF144B	41	1.6232492903979006
RNF145	21	1.3424226808222062
RNF146	70	1.8512583487190752
RNF148	12	1.1139433523068367
RNF149	38	1.591064607026499
RNF150	24	1.3979400086720377
RNF151	10	1.0413926851582251
RNF152	39	1.6020599913279623
RNF157	20	1.3222192947339193
RNF157-AS1	1	0.3010299956639812
RNF166	32	1.5185139398778875
RNF167	42	1.6334684555795864
RNF168	201	2.305351369446624
RNF169	67	1.8325089127062364
RNF17	18	1.2787536009528289
RNF170	45	1.662757831681574
RNF175	16	1.2304489213782739
RNF180	35	1.5563025007672873
RNF181	34	1.5440680443502757
RNF182	22	1.3617278360175928
RNF183	27	1.4471580313422192
RNF185	57	1.7634279935629373
RNF185-AS1	3	0.6020599913279624
RNF186	28	1.462397997898956
RNF187	40	1.6127838567197355
RNF19A	50	1.7075701760979363
RNF19B	29	1.4771212547196624
RNF2	325	2.513217600067939
RNF20	222	2.3483048630481607
RNF207	15	1.2041199826559248
RNF208	15	1.2041199826559248
RNF212	18	1.2787536009528289
RNF212B	4	0.6989700043360189
RNF213	420	2.6242820958356683
RNF213-AS1	3	0.6020599913279624
RNF214	39	1.6020599913279623
RNF215	5	0.7781512503836436
RNF216	97	1.9912260756924949
RNF216P1	6	0.8450980400142568
RNF217	19	1.3010299956639813
RNF217-AS1	3	0.6020599913279624
RNF220	58	1.7708520116421442
RNF222	4	0.6989700043360189
RNF223	2	0.47712125471966244
RNF224	1	0.3010299956639812
RNF225	1	0.3010299956639812
RNF227	4	0.6989700043360189
RNF24	14	1.1760912590556813
RNF25	57	1.7634279935629373
RNF26	37	1.5797835966168101
RNF31	239	2.380211241711606
RNF32	31	1.505149978319906
RNF32-AS1	1	0.3010299956639812
RNF32-DT	10	1.0413926851582251
RNF34	67	1.8325089127062364
RNF38	45	1.662757831681574
RNF39	32	1.5185139398778875
RNF4	191	2.2833012287035497
RNF40	166	2.2227164711475833
RNF41	116	2.0681858617461617
RNF43	149	2.1760912590556813
RNF44	14	1.1760912590556813
RNF4BP	2	0.47712125471966244
RNF5	107	2.03342375548695
RNF5P1	10	1.0413926851582251
RNF6	59	1.7781512503836436
RNF7	179	2.255272505103306
RNF8	239	2.380211241711606
RNFT1	20	1.3222192947339193
RNFT1-DT	1	0.3010299956639812
RNFT2	14	1.1760912590556813
RNGTT	82	1.919078092376074
RNH1	215	2.3344537511509307
RNLS	92	1.968482948553935
RNMT	87	1.9444826721501687
RNPC3	51	1.7160033436347992
RNPC3-DT	1	0.3010299956639812
RNPEP	72	1.863322860120456
RNPEPL1	18	1.2787536009528289
RNPS1	183	2.2648178230095364
RNPS1P1	1	0.3010299956639812
RNR1	39	1.6020599913279623
RNR2	34	1.5440680443502757
RNR3	34	1.5440680443502757
RNR4	35	1.5563025007672873
RNR5	34	1.5440680443502757
RNU1-1	22	1.3617278360175928
RNU1-11P	3	0.6020599913279624
RNU1-14P	2	0.47712125471966244
RNU1-15P	1	0.3010299956639812
RNU1-18P	1	0.3010299956639812
RNU1-19P	1	0.3010299956639812
RNU1-2	2	0.47712125471966244
RNU1-27P	2	0.47712125471966244
RNU1-28P	2	0.47712125471966244
RNU1-3	3	0.6020599913279624
RNU1-4	11	1.0791812460476249
RNU105B	1	0.3010299956639812
RNU105C	1	0.3010299956639812
RNU11	9	1.0
RNU12	12	1.1139433523068367
RNU12-2P	4	0.6989700043360189
RNU2-1	24	1.3979400086720377
RNU2-2	5	0.7781512503836436
RNU2-3P	2	0.47712125471966244
RNU2-4P	2	0.47712125471966244
RNU2-5P	1	0.3010299956639812
RNU4-1	16	1.2304489213782739
RNU4-2	11	1.0791812460476249
RNU4-3P	1	0.3010299956639812
RNU4-4P	1	0.3010299956639812
RNU4-5P	1	0.3010299956639812
RNU4-6P	1	0.3010299956639812
RNU4-7P	1	0.3010299956639812
RNU4-8P	1	0.3010299956639812
RNU4ATAC	36	1.568201724066995
RNU5A-1	11	1.0791812460476249
RNU5B-1	6	0.8450980400142568
RNU5D-1	2	0.47712125471966244
RNU5E-1	1	0.3010299956639812
RNU5E-6P	1	0.3010299956639812
RNU5F-1	2	0.47712125471966244
RNU6-1	20	1.3222192947339193
RNU6-146P	1	0.3010299956639812
RNU6-2	4	0.6989700043360189
RNU6-23P	1	0.3010299956639812
RNU6-3P	1	0.3010299956639812
RNU6-45P	1	0.3010299956639812
RNU6-468P	1	0.3010299956639812
RNU6-4P	1	0.3010299956639812
RNU6-50P	4	0.6989700043360189
RNU6-53P	1	0.3010299956639812
RNU6-5P	1	0.3010299956639812
RNU6-6P	7	0.9030899869919435
RNU6-7	2	0.47712125471966244
RNU6-8	3	0.6020599913279624
RNU6-9	2	0.47712125471966244
RNU6ATAC	10	1.0413926851582251
RNU6ATAC5P	1	0.3010299956639812
RNU6V	1	0.3010299956639812
RNU7-1	6	0.8450980400142568
RNU7-10P	1	0.3010299956639812
RNU7-11P	2	0.47712125471966244
RNU7-12P	1	0.3010299956639812
RNU7-13P	1	0.3010299956639812
RNU7-14P	1	0.3010299956639812
RNU7-15P	1	0.3010299956639812
RNU7-16P	2	0.47712125471966244
RNU7-17P	1	0.3010299956639812
RNU7-18P	1	0.3010299956639812
RNU7-19P	1	0.3010299956639812
RNU7-20P	2	0.47712125471966244
RNU7-21P	1	0.3010299956639812
RNU7-22P	1	0.3010299956639812
RNU7-23P	1	0.3010299956639812
RNU7-24P	3	0.6020599913279624
RNU7-25P	1	0.3010299956639812
RNU7-26P	1	0.3010299956639812
RNU7-27P	1	0.3010299956639812
RNU7-28P	1	0.3010299956639812
RNU7-29P	1	0.3010299956639812
RNU7-2P	1	0.3010299956639812
RNU7-30P	1	0.3010299956639812
RNU7-31P	1	0.3010299956639812
RNU7-32P	1	0.3010299956639812
RNU7-33P	1	0.3010299956639812
RNU7-34P	1	0.3010299956639812
RNU7-35P	2	0.47712125471966244
RNU7-36P	1	0.3010299956639812
RNU7-37P	2	0.47712125471966244
RNU7-38P	1	0.3010299956639812
RNU7-39P	1	0.3010299956639812
RNU7-3P	1	0.3010299956639812
RNU7-40P	1	0.3010299956639812
RNU7-41P	1	0.3010299956639812
RNU7-42P	1	0.3010299956639812
RNU7-43P	1	0.3010299956639812
RNU7-44P	1	0.3010299956639812
RNU7-45P	1	0.3010299956639812
RNU7-46P	1	0.3010299956639812
RNU7-47P	1	0.3010299956639812
RNU7-48P	1	0.3010299956639812
RNU7-49P	2	0.47712125471966244
RNU7-4P	1	0.3010299956639812
RNU7-50P	1	0.3010299956639812
RNU7-51P	1	0.3010299956639812
RNU7-52P	1	0.3010299956639812
RNU7-53P	1	0.3010299956639812
RNU7-54P	1	0.3010299956639812
RNU7-55P	2	0.47712125471966244
RNU7-56P	1	0.3010299956639812
RNU7-57P	1	0.3010299956639812
RNU7-58P	1	0.3010299956639812
RNU7-59P	1	0.3010299956639812
RNU7-5P	1	0.3010299956639812
RNU7-60P	1	0.3010299956639812
RNU7-61P	1	0.3010299956639812
RNU7-62P	2	0.47712125471966244
RNU7-63P	1	0.3010299956639812
RNU7-64P	1	0.3010299956639812
RNU7-65P	1	0.3010299956639812
RNU7-66P	1	0.3010299956639812
RNU7-67P	1	0.3010299956639812
RNU7-68P	3	0.6020599913279624
RNU7-69P	1	0.3010299956639812
RNU7-6P	1	0.3010299956639812
RNU7-70P	1	0.3010299956639812
RNU7-71P	2	0.47712125471966244
RNU7-72P	1	0.3010299956639812
RNU7-73P	1	0.3010299956639812
RNU7-74P	2	0.47712125471966244
RNU7-75P	1	0.3010299956639812
RNU7-76P	2	0.47712125471966244
RNU7-77P	1	0.3010299956639812
RNU7-78P	1	0.3010299956639812
RNU7-79P	1	0.3010299956639812
RNU7-7P	1	0.3010299956639812
RNU7-80P	1	0.3010299956639812
RNU7-81P	1	0.3010299956639812
RNU7-82P	1	0.3010299956639812
RNU7-83P	2	0.47712125471966244
RNU7-84P	1	0.3010299956639812
RNU7-85P	1	0.3010299956639812
RNU7-86P	1	0.3010299956639812
RNU7-8P	1	0.3010299956639812
RNU7-9P	1	0.3010299956639812
RNVU1-1	3	0.6020599913279624
RNVU1-14	2	0.47712125471966244
RNVU1-15	1	0.3010299956639812
RNVU1-17	2	0.47712125471966244
RNVU1-18	5	0.7781512503836436
RNVU1-19	2	0.47712125471966244
RNVU1-2	2	0.47712125471966244
RNVU1-20	2	0.47712125471966244
RNVU1-2A	2	0.47712125471966244
RNVU1-3	1	0.3010299956639812
RNVU1-32	1	0.3010299956639812
RNVU1-33	1	0.3010299956639812
RNVU1-34	1	0.3010299956639812
RNVU1-4	1	0.3010299956639812
RNVU1-6	2	0.47712125471966244
RNVU1-7	4	0.6989700043360189
RNVU1-8	1	0.3010299956639812
RNY1	5	0.7781512503836436
RNY3	10	1.0413926851582251
RNY4	7	0.9030899869919435
RNY4P1	1	0.3010299956639812
RNY4P17	1	0.3010299956639812
RNY4P2	1	0.3010299956639812
RNY4P21	1	0.3010299956639812
RNY4P3	1	0.3010299956639812
RNY5	4	0.6989700043360189
RNY5P1	1	0.3010299956639812
RNY5P4	1	0.3010299956639812
RNY5P8	1	0.3010299956639812
RO60	872	2.9410142437055695
ROBO1	205	2.3138672203691533
ROBO2	101	2.0086001717619175
ROBO3	97	1.9912260756924949
ROBO4	102	2.012837224705172
ROCK1	1091	3.0382226383687185
ROCK1P1	5	0.7781512503836436
ROCK2	568	2.7551122663950713
ROCR	3	0.6020599913279624
ROGDI	43	1.6434526764861874
ROM1	67	1.8325089127062364
ROMO1	89	1.954242509439325
ROPN1	28	1.462397997898956
ROPN1B	8	0.9542425094393249
ROPN1L	33	1.5314789170422551
ROPN1L-AS1	1	0.3010299956639812
ROR1	145	2.164352855784437
ROR1-AS1	9	1.0
ROR2	180	2.2576785748691846
RORA	351	2.546542663478131
RORA-AS1	3	0.6020599913279624
RORA-AS2	1	0.3010299956639812
RORB	67	1.8325089127062364
RORC	520	2.7168377232995247
ROS1	913	2.960946195733831
ROSSALIND	1	0.3010299956639812
RP1	140	2.1492191126553797
RP1L1	69	1.845098040014257
RP2	168	2.2278867046136734
RP9	57	1.7634279935629373
RP9P	2	0.47712125471966244
RPA1	546	2.737987326333431
RPA2	312	2.4955443375464483
RPA3	197	2.296665190261531
RPA4	27	1.4471580313422192
RPAIN	31	1.505149978319906
RPAP1	65	1.8195439355418688
RPAP2	75	1.8808135922807914
RPAP3	150	2.1789769472931693
RPAP3-DT	1	0.3010299956639812
RPE	33	1.5314789170422551
RPE65	136	2.1367205671564067
RPEL1	9	1.0
RPF1	50	1.7075701760979363
RPF2	123	2.093421685162235
RPF2P1	1	0.3010299956639812
RPGR	400	2.603144372620182
RPGRIP1	102	2.012837224705172
RPGRIP1L	98	1.99563519459755
RPH3A	51	1.7160033436347992
RPH3AL	36	1.568201724066995
RPH3AL-AS1	4	0.6989700043360189
RPIA	53	1.7323937598229686
RPIAP1	3	0.6020599913279624
RPL10	329	2.5185139398778875
RPL10A	303	2.482873583608754
RPL10AP1	1	0.3010299956639812
RPL10AP10	2	0.47712125471966244
RPL10AP11	1	0.3010299956639812
RPL10AP12	1	0.3010299956639812
RPL10AP13	1	0.3010299956639812
RPL10AP2	1	0.3010299956639812
RPL10AP3	4	0.6989700043360189
RPL10AP4	1	0.3010299956639812
RPL10AP5	1	0.3010299956639812
RPL10AP6	2	0.47712125471966244
RPL10AP7	1	0.3010299956639812
RPL10AP8	1	0.3010299956639812
RPL10AP9	2	0.47712125471966244
RPL10L	56	1.7558748556724915
RPL10P1	1	0.3010299956639812
RPL10P10	1	0.3010299956639812
RPL10P11	1	0.3010299956639812
RPL10P16	3	0.6020599913279624
RPL10P17	2	0.47712125471966244
RPL10P2	1	0.3010299956639812
RPL10P5	1	0.3010299956639812
RPL10P7	1	0.3010299956639812
RPL10P9	2	0.47712125471966244
RPL11	383	2.584331224367531
RPL11P1	1	0.3010299956639812
RPL11P2	2	0.47712125471966244
RPL11P3	1	0.3010299956639812
RPL11P4	1	0.3010299956639812
RPL11P5	1	0.3010299956639812
RPL12	309	2.4913616938342726
RPL12P1	2	0.47712125471966244
RPL12P10	1	0.3010299956639812
RPL12P11	1	0.3010299956639812
RPL12P12	1	0.3010299956639812
RPL12P14	2	0.47712125471966244
RPL12P15	1	0.3010299956639812
RPL12P16	2	0.47712125471966244
RPL12P17	1	0.3010299956639812
RPL12P18	1	0.3010299956639812
RPL12P19	2	0.47712125471966244
RPL12P2	3	0.6020599913279624
RPL12P20	1	0.3010299956639812
RPL12P21	1	0.3010299956639812
RPL12P22	1	0.3010299956639812
RPL12P23	1	0.3010299956639812
RPL12P24	1	0.3010299956639812
RPL12P25	1	0.3010299956639812
RPL12P26	1	0.3010299956639812
RPL12P27	1	0.3010299956639812
RPL12P28	1	0.3010299956639812
RPL12P29	1	0.3010299956639812
RPL12P3	1	0.3010299956639812
RPL12P30	1	0.3010299956639812
RPL12P31	1	0.3010299956639812
RPL12P32	2	0.47712125471966244
RPL12P33	1	0.3010299956639812
RPL12P34	1	0.3010299956639812
RPL12P35	2	0.47712125471966244
RPL12P36	1	0.3010299956639812
RPL12P37	1	0.3010299956639812
RPL12P38	2	0.47712125471966244
RPL12P39	1	0.3010299956639812
RPL12P4	2	0.47712125471966244
RPL12P40	1	0.3010299956639812
RPL12P41	1	0.3010299956639812
RPL12P42	1	0.3010299956639812
RPL12P43	1	0.3010299956639812
RPL12P5	1	0.3010299956639812
RPL12P6	2	0.47712125471966244
RPL12P7	1	0.3010299956639812
RPL12P8	1	0.3010299956639812
RPL12P9	1	0.3010299956639812
RPL13	318	2.503790683057181
RPL13A	301	2.4800069429571505
RPL13AP	1	0.3010299956639812
RPL13AP10	1	0.3010299956639812
RPL13AP11	1	0.3010299956639812
RPL13AP12	1	0.3010299956639812
RPL13AP13	1	0.3010299956639812
RPL13AP14	1	0.3010299956639812
RPL13AP15	1	0.3010299956639812
RPL13AP16	1	0.3010299956639812
RPL13AP17	5	0.7781512503836436
RPL13AP18	1	0.3010299956639812
RPL13AP19	1	0.3010299956639812
RPL13AP2	2	0.47712125471966244
RPL13AP20	7	0.9030899869919435
RPL13AP21	1	0.3010299956639812
RPL13AP22	1	0.3010299956639812
RPL13AP23	1	0.3010299956639812
RPL13AP24	1	0.3010299956639812
RPL13AP25	1	0.3010299956639812
RPL13AP26	1	0.3010299956639812
RPL13AP3	27	1.4471580313422192
RPL13AP5	2	0.47712125471966244
RPL13AP6	2	0.47712125471966244
RPL13AP7	1	0.3010299956639812
RPL13AP8	1	0.3010299956639812
RPL13AP9	1	0.3010299956639812
RPL13P	1	0.3010299956639812
RPL13P10	1	0.3010299956639812
RPL13P11	1	0.3010299956639812
RPL13P12	6	0.8450980400142568
RPL13P13	1	0.3010299956639812
RPL13P14	1	0.3010299956639812
RPL13P2	3	0.6020599913279624
RPL13P4	1	0.3010299956639812
RPL13P5	3	0.6020599913279624
RPL13P6	1	0.3010299956639812
RPL13P7	1	0.3010299956639812
RPL13P8	1	0.3010299956639812
RPL13P9	1	0.3010299956639812
RPL14	313	2.496929648073215
RPL14P1	1	0.3010299956639812
RPL14P2	1	0.3010299956639812
RPL14P3	2	0.47712125471966244
RPL14P4	1	0.3010299956639812
RPL15	286	2.4578818967339924
RPL15P1	1	0.3010299956639812
RPL15P11	2	0.47712125471966244
RPL15P12	1	0.3010299956639812
RPL15P13	1	0.3010299956639812
RPL15P14	1	0.3010299956639812
RPL15P15	1	0.3010299956639812
RPL15P16	1	0.3010299956639812
RPL15P17	1	0.3010299956639812
RPL15P18	1	0.3010299956639812
RPL15P2	2	0.47712125471966244
RPL15P20	1	0.3010299956639812
RPL15P21	1	0.3010299956639812
RPL15P22	1	0.3010299956639812
RPL15P3	3	0.6020599913279624
RPL15P4	1	0.3010299956639812
RPL15P5	1	0.3010299956639812
RPL15P6	1	0.3010299956639812
RPL15P7	1	0.3010299956639812
RPL15P8	1	0.3010299956639812
RPL15P9	2	0.47712125471966244
RPL17	267	2.428134794028789
RPL17-C18orf32	14	1.1760912590556813
RPL17P1	1	0.3010299956639812
RPL17P10	1	0.3010299956639812
RPL17P11	1	0.3010299956639812
RPL17P12	1	0.3010299956639812
RPL17P13	1	0.3010299956639812
RPL17P14	1	0.3010299956639812
RPL17P15	1	0.3010299956639812
RPL17P16	1	0.3010299956639812
RPL17P17	1	0.3010299956639812
RPL17P18	1	0.3010299956639812
RPL17P19	1	0.3010299956639812
RPL17P2	1	0.3010299956639812
RPL17P20	1	0.3010299956639812
RPL17P21	1	0.3010299956639812
RPL17P22	1	0.3010299956639812
RPL17P23	1	0.3010299956639812
RPL17P24	1	0.3010299956639812
RPL17P25	1	0.3010299956639812
RPL17P26	1	0.3010299956639812
RPL17P27	2	0.47712125471966244
RPL17P28	2	0.47712125471966244
RPL17P29	1	0.3010299956639812
RPL17P30	1	0.3010299956639812
RPL17P31	1	0.3010299956639812
RPL17P32	1	0.3010299956639812
RPL17P33	1	0.3010299956639812
RPL17P34	1	0.3010299956639812
RPL17P35	1	0.3010299956639812
RPL17P36	1	0.3010299956639812
RPL17P37	1	0.3010299956639812
RPL17P38	1	0.3010299956639812
RPL17P39	2	0.47712125471966244
RPL17P4	1	0.3010299956639812
RPL17P40	1	0.3010299956639812
RPL17P41	1	0.3010299956639812
RPL17P42	1	0.3010299956639812
RPL17P43	1	0.3010299956639812
RPL17P44	1	0.3010299956639812
RPL17P45	1	0.3010299956639812
RPL17P46	1	0.3010299956639812
RPL17P47	1	0.3010299956639812
RPL17P48	1	0.3010299956639812
RPL17P49	1	0.3010299956639812
RPL17P5	1	0.3010299956639812
RPL17P6	3	0.6020599913279624
RPL17P7	3	0.6020599913279624
RPL17P8	1	0.3010299956639812
RPL17P9	1	0.3010299956639812
RPL18	308	2.4899584794248346
RPL18A	264	2.423245873936808
RPL18AP1	1	0.3010299956639812
RPL18AP10	1	0.3010299956639812
RPL18AP11	1	0.3010299956639812
RPL18AP12	1	0.3010299956639812
RPL18AP13	1	0.3010299956639812
RPL18AP14	1	0.3010299956639812
RPL18AP15	1	0.3010299956639812
RPL18AP16	3	0.6020599913279624
RPL18AP3	3	0.6020599913279624
RPL18AP4	2	0.47712125471966244
RPL18AP5	1	0.3010299956639812
RPL18AP6	1	0.3010299956639812
RPL18AP7	1	0.3010299956639812
RPL18AP8	2	0.47712125471966244
RPL18P1	3	0.6020599913279624
RPL18P10	1	0.3010299956639812
RPL18P11	2	0.47712125471966244
RPL18P12	1	0.3010299956639812
RPL18P13	1	0.3010299956639812
RPL18P2	1	0.3010299956639812
RPL18P3	1	0.3010299956639812
RPL18P4	3	0.6020599913279624
RPL18P5	1	0.3010299956639812
RPL18P6	1	0.3010299956639812
RPL18P7	1	0.3010299956639812
RPL18P8	1	0.3010299956639812
RPL18P9	1	0.3010299956639812
RPL19	299	2.4771212547196626
RPL19P1	1	0.3010299956639812
RPL19P10	1	0.3010299956639812
RPL19P11	1	0.3010299956639812
RPL19P12	1	0.3010299956639812
RPL19P13	1	0.3010299956639812
RPL19P14	1	0.3010299956639812
RPL19P15	1	0.3010299956639812
RPL19P16	1	0.3010299956639812
RPL19P17	1	0.3010299956639812
RPL19P18	1	0.3010299956639812
RPL19P19	1	0.3010299956639812
RPL19P2	1	0.3010299956639812
RPL19P20	1	0.3010299956639812
RPL19P21	1	0.3010299956639812
RPL19P3	1	0.3010299956639812
RPL19P4	1	0.3010299956639812
RPL19P5	1	0.3010299956639812
RPL19P6	1	0.3010299956639812
RPL19P7	1	0.3010299956639812
RPL19P8	2	0.47712125471966244
RPL19P9	1	0.3010299956639812
RPL21	248	2.3961993470957363
RPL21P1	1	0.3010299956639812
RPL21P10	1	0.3010299956639812
RPL21P100	1	0.3010299956639812
RPL21P101	1	0.3010299956639812
RPL21P102	1	0.3010299956639812
RPL21P103	1	0.3010299956639812
RPL21P104	1	0.3010299956639812
RPL21P105	1	0.3010299956639812
RPL21P106	1	0.3010299956639812
RPL21P107	1	0.3010299956639812
RPL21P108	1	0.3010299956639812
RPL21P109	1	0.3010299956639812
RPL21P11	1	0.3010299956639812
RPL21P110	1	0.3010299956639812
RPL21P111	1	0.3010299956639812
RPL21P112	1	0.3010299956639812
RPL21P113	1	0.3010299956639812
RPL21P114	1	0.3010299956639812
RPL21P115	1	0.3010299956639812
RPL21P116	1	0.3010299956639812
RPL21P117	1	0.3010299956639812
RPL21P118	1	0.3010299956639812
RPL21P119	2	0.47712125471966244
RPL21P120	1	0.3010299956639812
RPL21P121	1	0.3010299956639812
RPL21P122	1	0.3010299956639812
RPL21P123	1	0.3010299956639812
RPL21P124	1	0.3010299956639812
RPL21P125	1	0.3010299956639812
RPL21P126	1	0.3010299956639812
RPL21P127	1	0.3010299956639812
RPL21P128	1	0.3010299956639812
RPL21P129	1	0.3010299956639812
RPL21P13	1	0.3010299956639812
RPL21P130	1	0.3010299956639812
RPL21P131	1	0.3010299956639812
RPL21P132	1	0.3010299956639812
RPL21P133	1	0.3010299956639812
RPL21P134	1	0.3010299956639812
RPL21P14	1	0.3010299956639812
RPL21P15	1	0.3010299956639812
RPL21P16	3	0.6020599913279624
RPL21P17	1	0.3010299956639812
RPL21P18	1	0.3010299956639812
RPL21P19	2	0.47712125471966244
RPL21P2	1	0.3010299956639812
RPL21P20	1	0.3010299956639812
RPL21P21	1	0.3010299956639812
RPL21P22	1	0.3010299956639812
RPL21P23	1	0.3010299956639812
RPL21P24	2	0.47712125471966244
RPL21P25	1	0.3010299956639812
RPL21P26	1	0.3010299956639812
RPL21P27	1	0.3010299956639812
RPL21P28	1	0.3010299956639812
RPL21P29	1	0.3010299956639812
RPL21P30	1	0.3010299956639812
RPL21P31	1	0.3010299956639812
RPL21P32	1	0.3010299956639812
RPL21P33	1	0.3010299956639812
RPL21P34	1	0.3010299956639812
RPL21P35	1	0.3010299956639812
RPL21P36	1	0.3010299956639812
RPL21P37	1	0.3010299956639812
RPL21P38	1	0.3010299956639812
RPL21P39	1	0.3010299956639812
RPL21P4	4	0.6989700043360189
RPL21P40	1	0.3010299956639812
RPL21P41	1	0.3010299956639812
RPL21P42	1	0.3010299956639812
RPL21P43	1	0.3010299956639812
RPL21P44	3	0.6020599913279624
RPL21P45	1	0.3010299956639812
RPL21P46	2	0.47712125471966244
RPL21P47	1	0.3010299956639812
RPL21P48	1	0.3010299956639812
RPL21P49	1	0.3010299956639812
RPL21P50	1	0.3010299956639812
RPL21P51	1	0.3010299956639812
RPL21P52	1	0.3010299956639812
RPL21P53	1	0.3010299956639812
RPL21P54	1	0.3010299956639812
RPL21P55	1	0.3010299956639812
RPL21P56	1	0.3010299956639812
RPL21P57	1	0.3010299956639812
RPL21P58	1	0.3010299956639812
RPL21P59	1	0.3010299956639812
RPL21P6	1	0.3010299956639812
RPL21P60	1	0.3010299956639812
RPL21P61	1	0.3010299956639812
RPL21P62	1	0.3010299956639812
RPL21P63	1	0.3010299956639812
RPL21P64	1	0.3010299956639812
RPL21P65	1	0.3010299956639812
RPL21P66	1	0.3010299956639812
RPL21P67	1	0.3010299956639812
RPL21P68	1	0.3010299956639812
RPL21P69	1	0.3010299956639812
RPL21P7	2	0.47712125471966244
RPL21P70	1	0.3010299956639812
RPL21P71	1	0.3010299956639812
RPL21P72	1	0.3010299956639812
RPL21P73	1	0.3010299956639812
RPL21P74	1	0.3010299956639812
RPL21P75	3	0.6020599913279624
RPL21P76	2	0.47712125471966244
RPL21P77	1	0.3010299956639812
RPL21P78	1	0.3010299956639812
RPL21P79	1	0.3010299956639812
RPL21P8	1	0.3010299956639812
RPL21P80	1	0.3010299956639812
RPL21P81	1	0.3010299956639812
RPL21P82	1	0.3010299956639812
RPL21P83	1	0.3010299956639812
RPL21P84	1	0.3010299956639812
RPL21P85	1	0.3010299956639812
RPL21P86	1	0.3010299956639812
RPL21P87	1	0.3010299956639812
RPL21P88	1	0.3010299956639812
RPL21P89	1	0.3010299956639812
RPL21P90	1	0.3010299956639812
RPL21P91	1	0.3010299956639812
RPL21P92	1	0.3010299956639812
RPL21P93	1	0.3010299956639812
RPL21P94	1	0.3010299956639812
RPL21P95	1	0.3010299956639812
RPL21P96	1	0.3010299956639812
RPL21P97	3	0.6020599913279624
RPL21P98	1	0.3010299956639812
RPL21P99	1	0.3010299956639812
RPL22	438	2.6424645202421213
RPL22L1	82	1.919078092376074
RPL22P1	4	0.6989700043360189
RPL22P10	1	0.3010299956639812
RPL22P11	1	0.3010299956639812
RPL22P12	1	0.3010299956639812
RPL22P13	3	0.6020599913279624
RPL22P14	1	0.3010299956639812
RPL22P16	1	0.3010299956639812
RPL22P17	1	0.3010299956639812
RPL22P18	1	0.3010299956639812
RPL22P19	1	0.3010299956639812
RPL22P2	1	0.3010299956639812
RPL22P20	1	0.3010299956639812
RPL22P21	1	0.3010299956639812
RPL22P22	1	0.3010299956639812
RPL22P3	2	0.47712125471966244
RPL22P4	1	0.3010299956639812
RPL22P5	1	0.3010299956639812
RPL22P6	1	0.3010299956639812
RPL22P7	1	0.3010299956639812
RPL22P8	1	0.3010299956639812
RPL23	325	2.513217600067939
RPL23A	292	2.4668676203541096
RPL23AP1	2	0.47712125471966244
RPL23AP10	1	0.3010299956639812
RPL23AP11	1	0.3010299956639812
RPL23AP12	1	0.3010299956639812
RPL23AP14	2	0.47712125471966244
RPL23AP15	1	0.3010299956639812
RPL23AP16	1	0.3010299956639812
RPL23AP17	1	0.3010299956639812
RPL23AP18	1	0.3010299956639812
RPL23AP19	1	0.3010299956639812
RPL23AP2	1	0.3010299956639812
RPL23AP20	1	0.3010299956639812
RPL23AP21	1	0.3010299956639812
RPL23AP22	1	0.3010299956639812
RPL23AP23	1	0.3010299956639812
RPL23AP24	1	0.3010299956639812
RPL23AP25	1	0.3010299956639812
RPL23AP26	1	0.3010299956639812
RPL23AP27	1	0.3010299956639812
RPL23AP28	2	0.47712125471966244
RPL23AP29	1	0.3010299956639812
RPL23AP3	3	0.6020599913279624
RPL23AP30	1	0.3010299956639812
RPL23AP31	1	0.3010299956639812
RPL23AP32	4	0.6989700043360189
RPL23AP33	1	0.3010299956639812
RPL23AP34	1	0.3010299956639812
RPL23AP35	1	0.3010299956639812
RPL23AP36	1	0.3010299956639812
RPL23AP37	2	0.47712125471966244
RPL23AP38	1	0.3010299956639812
RPL23AP39	1	0.3010299956639812
RPL23AP4	2	0.47712125471966244
RPL23AP40	1	0.3010299956639812
RPL23AP41	1	0.3010299956639812
RPL23AP42	5	0.7781512503836436
RPL23AP43	1	0.3010299956639812
RPL23AP44	1	0.3010299956639812
RPL23AP45	1	0.3010299956639812
RPL23AP46	1	0.3010299956639812
RPL23AP47	1	0.3010299956639812
RPL23AP48	1	0.3010299956639812
RPL23AP49	1	0.3010299956639812
RPL23AP5	8	0.9542425094393249
RPL23AP50	1	0.3010299956639812
RPL23AP51	1	0.3010299956639812
RPL23AP52	1	0.3010299956639812
RPL23AP53	4	0.6989700043360189
RPL23AP54	1	0.3010299956639812
RPL23AP55	1	0.3010299956639812
RPL23AP56	1	0.3010299956639812
RPL23AP57	1	0.3010299956639812
RPL23AP58	1	0.3010299956639812
RPL23AP59	1	0.3010299956639812
RPL23AP6	1	0.3010299956639812
RPL23AP60	1	0.3010299956639812
RPL23AP61	1	0.3010299956639812
RPL23AP62	1	0.3010299956639812
RPL23AP63	1	0.3010299956639812
RPL23AP64	3	0.6020599913279624
RPL23AP65	1	0.3010299956639812
RPL23AP66	1	0.3010299956639812
RPL23AP67	1	0.3010299956639812
RPL23AP68	1	0.3010299956639812
RPL23AP69	1	0.3010299956639812
RPL23AP7	6	0.8450980400142568
RPL23AP70	1	0.3010299956639812
RPL23AP71	1	0.3010299956639812
RPL23AP72	1	0.3010299956639812
RPL23AP73	1	0.3010299956639812
RPL23AP74	2	0.47712125471966244
RPL23AP75	1	0.3010299956639812
RPL23AP76	2	0.47712125471966244
RPL23AP77	1	0.3010299956639812
RPL23AP78	1	0.3010299956639812
RPL23AP79	1	0.3010299956639812
RPL23AP8	1	0.3010299956639812
RPL23AP80	1	0.3010299956639812
RPL23AP81	1	0.3010299956639812
RPL23AP82	3	0.6020599913279624
RPL23AP83	1	0.3010299956639812
RPL23P10	1	0.3010299956639812
RPL23P11	1	0.3010299956639812
RPL23P2	2	0.47712125471966244
RPL23P3	1	0.3010299956639812
RPL23P4	1	0.3010299956639812
RPL23P5	1	0.3010299956639812
RPL23P6	1	0.3010299956639812
RPL23P7	1	0.3010299956639812
RPL23P8	2	0.47712125471966244
RPL23P9	1	0.3010299956639812
RPL24	279	2.4471580313422194
RPL24P2	1	0.3010299956639812
RPL24P3	1	0.3010299956639812
RPL24P4	3	0.6020599913279624
RPL24P5	1	0.3010299956639812
RPL24P6	1	0.3010299956639812
RPL24P7	2	0.47712125471966244
RPL24P8	2	0.47712125471966244
RPL26	254	2.406540180433955
RPL26L1	104	2.0211892990699383
RPL26P10	1	0.3010299956639812
RPL26P11	1	0.3010299956639812
RPL26P12	1	0.3010299956639812
RPL26P13	1	0.3010299956639812
RPL26P14	1	0.3010299956639812
RPL26P15	1	0.3010299956639812
RPL26P16	1	0.3010299956639812
RPL26P17	1	0.3010299956639812
RPL26P18	1	0.3010299956639812
RPL26P19	1	0.3010299956639812
RPL26P2	1	0.3010299956639812
RPL26P20	1	0.3010299956639812
RPL26P21	1	0.3010299956639812
RPL26P22	1	0.3010299956639812
RPL26P23	1	0.3010299956639812
RPL26P24	1	0.3010299956639812
RPL26P25	1	0.3010299956639812
RPL26P26	1	0.3010299956639812
RPL26P27	1	0.3010299956639812
RPL26P28	1	0.3010299956639812
RPL26P29	1	0.3010299956639812
RPL26P3	1	0.3010299956639812
RPL26P30	3	0.6020599913279624
RPL26P31	2	0.47712125471966244
RPL26P32	4	0.6989700043360189
RPL26P33	1	0.3010299956639812
RPL26P34	1	0.3010299956639812
RPL26P35	1	0.3010299956639812
RPL26P36	1	0.3010299956639812
RPL26P37	3	0.6020599913279624
RPL26P4	1	0.3010299956639812
RPL26P6	1	0.3010299956639812
RPL26P7	1	0.3010299956639812
RPL26P8	1	0.3010299956639812
RPL26P9	1	0.3010299956639812
RPL27	287	2.459392487759231
RPL27A	276	2.4424797690644486
RPL27AP2	2	0.47712125471966244
RPL27AP3	1	0.3010299956639812
RPL27AP4	1	0.3010299956639812
RPL27AP5	1	0.3010299956639812
RPL27AP6	5	0.7781512503836436
RPL27AP7	1	0.3010299956639812
RPL27AP8	2	0.47712125471966244
RPL27P1	1	0.3010299956639812
RPL27P10	1	0.3010299956639812
RPL27P11	1	0.3010299956639812
RPL27P12	1	0.3010299956639812
RPL27P2	1	0.3010299956639812
RPL27P4	1	0.3010299956639812
RPL27P5	1	0.3010299956639812
RPL27P6	1	0.3010299956639812
RPL27P7	1	0.3010299956639812
RPL27P8	1	0.3010299956639812
RPL27P9	1	0.3010299956639812
RPL28	283	2.4533183400470375
RPL28P1	2	0.47712125471966244
RPL28P2	1	0.3010299956639812
RPL28P3	1	0.3010299956639812
RPL28P4	1	0.3010299956639812
RPL28P5	1	0.3010299956639812
RPL29	252	2.403120521175818
RPL29P1	1	0.3010299956639812
RPL29P11	3	0.6020599913279624
RPL29P12	1	0.3010299956639812
RPL29P13	1	0.3010299956639812
RPL29P14	1	0.3010299956639812
RPL29P15	1	0.3010299956639812
RPL29P16	1	0.3010299956639812
RPL29P17	1	0.3010299956639812
RPL29P18	1	0.3010299956639812
RPL29P19	1	0.3010299956639812
RPL29P2	2	0.47712125471966244
RPL29P20	1	0.3010299956639812
RPL29P21	1	0.3010299956639812
RPL29P22	1	0.3010299956639812
RPL29P23	1	0.3010299956639812
RPL29P24	1	0.3010299956639812
RPL29P25	1	0.3010299956639812
RPL29P26	1	0.3010299956639812
RPL29P27	1	0.3010299956639812
RPL29P28	1	0.3010299956639812
RPL29P29	1	0.3010299956639812
RPL29P3	1	0.3010299956639812
RPL29P30	3	0.6020599913279624
RPL29P31	2	0.47712125471966244
RPL29P32	1	0.3010299956639812
RPL29P33	1	0.3010299956639812
RPL29P4	2	0.47712125471966244
RPL29P5	1	0.3010299956639812
RPL29P6	1	0.3010299956639812
RPL29P7	1	0.3010299956639812
RPL29P8	1	0.3010299956639812
RPL29P9	1	0.3010299956639812
RPL3	432	2.6364878963533656
RPL30	263	2.4216039268698313
RPL30-AS1	1	0.3010299956639812
RPL30P1	1	0.3010299956639812
RPL30P10	1	0.3010299956639812
RPL30P11	1	0.3010299956639812
RPL30P12	1	0.3010299956639812
RPL30P13	1	0.3010299956639812
RPL30P14	1	0.3010299956639812
RPL30P15	1	0.3010299956639812
RPL30P2	1	0.3010299956639812
RPL30P3	1	0.3010299956639812
RPL30P4	1	0.3010299956639812
RPL30P5	1	0.3010299956639812
RPL30P6	1	0.3010299956639812
RPL30P7	1	0.3010299956639812
RPL30P8	2	0.47712125471966244
RPL30P9	1	0.3010299956639812
RPL31	263	2.4216039268698313
RPL31P1	2	0.47712125471966244
RPL31P10	1	0.3010299956639812
RPL31P11	3	0.6020599913279624
RPL31P12	1	0.3010299956639812
RPL31P13	1	0.3010299956639812
RPL31P14	1	0.3010299956639812
RPL31P15	1	0.3010299956639812
RPL31P16	1	0.3010299956639812
RPL31P17	1	0.3010299956639812
RPL31P18	1	0.3010299956639812
RPL31P19	1	0.3010299956639812
RPL31P2	1	0.3010299956639812
RPL31P20	1	0.3010299956639812
RPL31P21	1	0.3010299956639812
RPL31P22	1	0.3010299956639812
RPL31P23	1	0.3010299956639812
RPL31P24	1	0.3010299956639812
RPL31P25	1	0.3010299956639812
RPL31P26	1	0.3010299956639812
RPL31P27	1	0.3010299956639812
RPL31P28	1	0.3010299956639812
RPL31P29	1	0.3010299956639812
RPL31P3	1	0.3010299956639812
RPL31P30	1	0.3010299956639812
RPL31P31	1	0.3010299956639812
RPL31P32	1	0.3010299956639812
RPL31P33	1	0.3010299956639812
RPL31P34	1	0.3010299956639812
RPL31P35	2	0.47712125471966244
RPL31P36	1	0.3010299956639812
RPL31P37	2	0.47712125471966244
RPL31P38	1	0.3010299956639812
RPL31P39	1	0.3010299956639812
RPL31P4	1	0.3010299956639812
RPL31P40	1	0.3010299956639812
RPL31P41	1	0.3010299956639812
RPL31P42	1	0.3010299956639812
RPL31P43	1	0.3010299956639812
RPL31P44	1	0.3010299956639812
RPL31P45	2	0.47712125471966244
RPL31P46	1	0.3010299956639812
RPL31P47	1	0.3010299956639812
RPL31P48	2	0.47712125471966244
RPL31P49	1	0.3010299956639812
RPL31P5	1	0.3010299956639812
RPL31P50	2	0.47712125471966244
RPL31P51	1	0.3010299956639812
RPL31P52	1	0.3010299956639812
RPL31P53	1	0.3010299956639812
RPL31P54	1	0.3010299956639812
RPL31P55	1	0.3010299956639812
RPL31P56	1	0.3010299956639812
RPL31P57	2	0.47712125471966244
RPL31P58	1	0.3010299956639812
RPL31P59	1	0.3010299956639812
RPL31P6	1	0.3010299956639812
RPL31P60	1	0.3010299956639812
RPL31P61	1	0.3010299956639812
RPL31P62	1	0.3010299956639812
RPL31P63	1	0.3010299956639812
RPL31P7	1	0.3010299956639812
RPL31P8	1	0.3010299956639812
RPL32	202	2.307496037913213
RPL32P1	4	0.6989700043360189
RPL32P10	1	0.3010299956639812
RPL32P11	1	0.3010299956639812
RPL32P12	1	0.3010299956639812
RPL32P13	1	0.3010299956639812
RPL32P14	1	0.3010299956639812
RPL32P15	1	0.3010299956639812
RPL32P16	1	0.3010299956639812
RPL32P17	2	0.47712125471966244
RPL32P18	3	0.6020599913279624
RPL32P19	2	0.47712125471966244
RPL32P2	1	0.3010299956639812
RPL32P20	1	0.3010299956639812
RPL32P21	1	0.3010299956639812
RPL32P22	1	0.3010299956639812
RPL32P23	1	0.3010299956639812
RPL32P24	1	0.3010299956639812
RPL32P25	1	0.3010299956639812
RPL32P26	1	0.3010299956639812
RPL32P27	1	0.3010299956639812
RPL32P28	1	0.3010299956639812
RPL32P29	1	0.3010299956639812
RPL32P3	4	0.6989700043360189
RPL32P30	1	0.3010299956639812
RPL32P31	1	0.3010299956639812
RPL32P32	1	0.3010299956639812
RPL32P33	1	0.3010299956639812
RPL32P34	1	0.3010299956639812
RPL32P35	1	0.3010299956639812
RPL32P36	2	0.47712125471966244
RPL32P4	1	0.3010299956639812
RPL32P5	2	0.47712125471966244
RPL32P6	1	0.3010299956639812
RPL32P7	1	0.3010299956639812
RPL32P8	1	0.3010299956639812
RPL32P9	1	0.3010299956639812
RPL34	240	2.3820170425748683
RPL34-DT	9	1.0
RPL34P1	1	0.3010299956639812
RPL34P10	1	0.3010299956639812
RPL34P11	1	0.3010299956639812
RPL34P12	1	0.3010299956639812
RPL34P13	1	0.3010299956639812
RPL34P14	1	0.3010299956639812
RPL34P15	1	0.3010299956639812
RPL34P16	1	0.3010299956639812
RPL34P17	1	0.3010299956639812
RPL34P18	1	0.3010299956639812
RPL34P19	1	0.3010299956639812
RPL34P2	1	0.3010299956639812
RPL34P20	1	0.3010299956639812
RPL34P21	1	0.3010299956639812
RPL34P22	1	0.3010299956639812
RPL34P23	1	0.3010299956639812
RPL34P24	1	0.3010299956639812
RPL34P25	1	0.3010299956639812
RPL34P26	1	0.3010299956639812
RPL34P27	1	0.3010299956639812
RPL34P28	1	0.3010299956639812
RPL34P29	1	0.3010299956639812
RPL34P3	1	0.3010299956639812
RPL34P30	1	0.3010299956639812
RPL34P31	1	0.3010299956639812
RPL34P32	1	0.3010299956639812
RPL34P33	1	0.3010299956639812
RPL34P34	1	0.3010299956639812
RPL34P35	2	0.47712125471966244
RPL34P4	1	0.3010299956639812
RPL34P5	1	0.3010299956639812
RPL34P6	1	0.3010299956639812
RPL34P7	1	0.3010299956639812
RPL34P8	1	0.3010299956639812
RPL34P9	1	0.3010299956639812
RPL35	240	2.3820170425748683
RPL35A	242	2.385606273598312
RPL35AP	1	0.3010299956639812
RPL35AP10	1	0.3010299956639812
RPL35AP11	1	0.3010299956639812
RPL35AP12	1	0.3010299956639812
RPL35AP13	1	0.3010299956639812
RPL35AP14	1	0.3010299956639812
RPL35AP15	1	0.3010299956639812
RPL35AP16	1	0.3010299956639812
RPL35AP17	1	0.3010299956639812
RPL35AP18	1	0.3010299956639812
RPL35AP19	1	0.3010299956639812
RPL35AP2	1	0.3010299956639812
RPL35AP20	1	0.3010299956639812
RPL35AP21	1	0.3010299956639812
RPL35AP22	1	0.3010299956639812
RPL35AP23	1	0.3010299956639812
RPL35AP24	1	0.3010299956639812
RPL35AP26	1	0.3010299956639812
RPL35AP27	1	0.3010299956639812
RPL35AP28	1	0.3010299956639812
RPL35AP29	1	0.3010299956639812
RPL35AP3	1	0.3010299956639812
RPL35AP30	1	0.3010299956639812
RPL35AP31	1	0.3010299956639812
RPL35AP32	1	0.3010299956639812
RPL35AP33	1	0.3010299956639812
RPL35AP34	1	0.3010299956639812
RPL35AP35	1	0.3010299956639812
RPL35AP36	1	0.3010299956639812
RPL35AP37	1	0.3010299956639812
RPL35AP5	1	0.3010299956639812
RPL35AP6	1	0.3010299956639812
RPL35AP7	1	0.3010299956639812
RPL35AP8	1	0.3010299956639812
RPL35AP9	1	0.3010299956639812
RPL35P1	1	0.3010299956639812
RPL35P2	1	0.3010299956639812
RPL35P3	1	0.3010299956639812
RPL35P4	1	0.3010299956639812
RPL35P5	4	0.6989700043360189
RPL35P6	1	0.3010299956639812
RPL35P7	1	0.3010299956639812
RPL35P8	1	0.3010299956639812
RPL36	240	2.3820170425748683
RPL36A	154	2.1903316981702914
RPL36A-HNRNPH2	9	1.0
RPL36AL	109	2.041392685158225
RPL36AP1	1	0.3010299956639812
RPL36AP10	1	0.3010299956639812
RPL36AP11	1	0.3010299956639812
RPL36AP12	1	0.3010299956639812
RPL36AP13	1	0.3010299956639812
RPL36AP14	1	0.3010299956639812
RPL36AP15	1	0.3010299956639812
RPL36AP16	1	0.3010299956639812
RPL36AP17	1	0.3010299956639812
RPL36AP18	1	0.3010299956639812
RPL36AP19	1	0.3010299956639812
RPL36AP2	1	0.3010299956639812
RPL36AP20	1	0.3010299956639812
RPL36AP21	1	0.3010299956639812
RPL36AP23	1	0.3010299956639812
RPL36AP24	1	0.3010299956639812
RPL36AP25	1	0.3010299956639812
RPL36AP26	1	0.3010299956639812
RPL36AP27	1	0.3010299956639812
RPL36AP28	1	0.3010299956639812
RPL36AP29	1	0.3010299956639812
RPL36AP30	1	0.3010299956639812
RPL36AP31	1	0.3010299956639812
RPL36AP32	1	0.3010299956639812
RPL36AP33	2	0.47712125471966244
RPL36AP34	1	0.3010299956639812
RPL36AP35	1	0.3010299956639812
RPL36AP36	1	0.3010299956639812
RPL36AP37	8	0.9542425094393249
RPL36AP38	1	0.3010299956639812
RPL36AP39	1	0.3010299956639812
RPL36AP4	1	0.3010299956639812
RPL36AP40	3	0.6020599913279624
RPL36AP41	1	0.3010299956639812
RPL36AP43	1	0.3010299956639812
RPL36AP44	1	0.3010299956639812
RPL36AP45	2	0.47712125471966244
RPL36AP46	1	0.3010299956639812
RPL36AP47	1	0.3010299956639812
RPL36AP48	1	0.3010299956639812
RPL36AP49	1	0.3010299956639812
RPL36AP5	1	0.3010299956639812
RPL36AP50	1	0.3010299956639812
RPL36AP51	1	0.3010299956639812
RPL36AP53	1	0.3010299956639812
RPL36AP54	1	0.3010299956639812
RPL36AP6	1	0.3010299956639812
RPL36AP7	2	0.47712125471966244
RPL36AP8	2	0.47712125471966244
RPL36AP9	1	0.3010299956639812
RPL36P1	1	0.3010299956639812
RPL36P10	1	0.3010299956639812
RPL36P11	2	0.47712125471966244
RPL36P12	1	0.3010299956639812
RPL36P13	1	0.3010299956639812
RPL36P14	2	0.47712125471966244
RPL36P15	1	0.3010299956639812
RPL36P16	11	1.0791812460476249
RPL36P17	1	0.3010299956639812
RPL36P18	1	0.3010299956639812
RPL36P2	1	0.3010299956639812
RPL36P3	2	0.47712125471966244
RPL36P4	1	0.3010299956639812
RPL36P5	1	0.3010299956639812
RPL36P6	1	0.3010299956639812
RPL36P7	1	0.3010299956639812
RPL36P8	1	0.3010299956639812
RPL36P9	1	0.3010299956639812
RPL37	88	1.9493900066449128
RPL37A	185	2.2695129442179165
RPL37AP1	1	0.3010299956639812
RPL37AP2	1	0.3010299956639812
RPL37AP3	1	0.3010299956639812
RPL37AP4	1	0.3010299956639812
RPL37AP5	1	0.3010299956639812
RPL37AP6	1	0.3010299956639812
RPL37AP7	3	0.6020599913279624
RPL37AP8	6	0.8450980400142568
RPL37AP9	1	0.3010299956639812
RPL37P1	1	0.3010299956639812
RPL37P10	1	0.3010299956639812
RPL37P11	1	0.3010299956639812
RPL37P12	1	0.3010299956639812
RPL37P13	1	0.3010299956639812
RPL37P14	1	0.3010299956639812
RPL37P15	1	0.3010299956639812
RPL37P16	1	0.3010299956639812
RPL37P17	1	0.3010299956639812
RPL37P18	1	0.3010299956639812
RPL37P19	1	0.3010299956639812
RPL37P2	1	0.3010299956639812
RPL37P20	1	0.3010299956639812
RPL37P21	1	0.3010299956639812
RPL37P22	1	0.3010299956639812
RPL37P23	1	0.3010299956639812
RPL37P24	1	0.3010299956639812
RPL37P3	2	0.47712125471966244
RPL37P4	2	0.47712125471966244
RPL37P5	1	0.3010299956639812
RPL37P6	1	0.3010299956639812
RPL37P7	1	0.3010299956639812
RPL37P8	1	0.3010299956639812
RPL37P9	1	0.3010299956639812
RPL38	215	2.3344537511509307
RPL38P1	4	0.6989700043360189
RPL38P2	1	0.3010299956639812
RPL38P3	1	0.3010299956639812
RPL39	77	1.8920946026904804
RPL39L	22	1.3617278360175928
RPL39P	1	0.3010299956639812
RPL39P10	1	0.3010299956639812
RPL39P11	1	0.3010299956639812
RPL39P12	1	0.3010299956639812
RPL39P13	1	0.3010299956639812
RPL39P14	1	0.3010299956639812
RPL39P15	1	0.3010299956639812
RPL39P16	1	0.3010299956639812
RPL39P17	1	0.3010299956639812
RPL39P18	1	0.3010299956639812
RPL39P19	1	0.3010299956639812
RPL39P2	1	0.3010299956639812
RPL39P20	1	0.3010299956639812
RPL39P21	1	0.3010299956639812
RPL39P22	1	0.3010299956639812
RPL39P23	2	0.47712125471966244
RPL39P24	1	0.3010299956639812
RPL39P25	1	0.3010299956639812
RPL39P26	1	0.3010299956639812
RPL39P27	1	0.3010299956639812
RPL39P28	1	0.3010299956639812
RPL39P29	1	0.3010299956639812
RPL39P3	4	0.6989700043360189
RPL39P30	1	0.3010299956639812
RPL39P31	1	0.3010299956639812
RPL39P32	1	0.3010299956639812
RPL39P33	1	0.3010299956639812
RPL39P34	1	0.3010299956639812
RPL39P35	1	0.3010299956639812
RPL39P36	1	0.3010299956639812
RPL39P37	1	0.3010299956639812
RPL39P38	1	0.3010299956639812
RPL39P39	1	0.3010299956639812
RPL39P4	1	0.3010299956639812
RPL39P40	1	0.3010299956639812
RPL39P41	1	0.3010299956639812
RPL39P5	28	1.462397997898956
RPL39P6	1	0.3010299956639812
RPL39P7	1	0.3010299956639812
RPL39P8	1	0.3010299956639812
RPL39P9	1	0.3010299956639812
RPL3L	43	1.6434526764861874
RPL3P1	3	0.6020599913279624
RPL3P10	1	0.3010299956639812
RPL3P11	1	0.3010299956639812
RPL3P12	1	0.3010299956639812
RPL3P2	2	0.47712125471966244
RPL3P3	1	0.3010299956639812
RPL3P4	1	0.3010299956639812
RPL3P5	1	0.3010299956639812
RPL3P6	1	0.3010299956639812
RPL3P7	1	0.3010299956639812
RPL3P8	2	0.47712125471966244
RPL3P9	1	0.3010299956639812
RPL4	380	2.5809249756756194
RPL41	43	1.6434526764861874
RPL41P4	1	0.3010299956639812
RPL41P5	1	0.3010299956639812
RPL41P6	1	0.3010299956639812
RPL41P7	1	0.3010299956639812
RPL4P1	11	1.0791812460476249
RPL4P2	1	0.3010299956639812
RPL4P3	1	0.3010299956639812
RPL4P4	2	0.47712125471966244
RPL4P5	2	0.47712125471966244
RPL4P6	1	0.3010299956639812
RPL5	392	2.5943925503754266
RPL5P1	1	0.3010299956639812
RPL5P10	1	0.3010299956639812
RPL5P11	1	0.3010299956639812
RPL5P12	1	0.3010299956639812
RPL5P13	1	0.3010299956639812
RPL5P14	1	0.3010299956639812
RPL5P15	1	0.3010299956639812
RPL5P16	1	0.3010299956639812
RPL5P17	1	0.3010299956639812
RPL5P18	1	0.3010299956639812
RPL5P19	1	0.3010299956639812
RPL5P2	1	0.3010299956639812
RPL5P20	1	0.3010299956639812
RPL5P21	1	0.3010299956639812
RPL5P22	1	0.3010299956639812
RPL5P23	1	0.3010299956639812
RPL5P24	1	0.3010299956639812
RPL5P25	1	0.3010299956639812
RPL5P26	1	0.3010299956639812
RPL5P27	1	0.3010299956639812
RPL5P28	1	0.3010299956639812
RPL5P29	1	0.3010299956639812
RPL5P3	1	0.3010299956639812
RPL5P30	1	0.3010299956639812
RPL5P32	1	0.3010299956639812
RPL5P33	1	0.3010299956639812
RPL5P34	1	0.3010299956639812
RPL5P35	1	0.3010299956639812
RPL5P4	1	0.3010299956639812
RPL5P5	1	0.3010299956639812
RPL5P6	1	0.3010299956639812
RPL5P7	1	0.3010299956639812
RPL5P8	1	0.3010299956639812
RPL5P9	1	0.3010299956639812
RPL6	353	2.5490032620257876
RPL6P1	2	0.47712125471966244
RPL6P10	2	0.47712125471966244
RPL6P11	1	0.3010299956639812
RPL6P12	1	0.3010299956639812
RPL6P13	1	0.3010299956639812
RPL6P14	1	0.3010299956639812
RPL6P15	1	0.3010299956639812
RPL6P16	1	0.3010299956639812
RPL6P17	1	0.3010299956639812
RPL6P18	1	0.3010299956639812
RPL6P19	2	0.47712125471966244
RPL6P2	1	0.3010299956639812
RPL6P20	1	0.3010299956639812
RPL6P21	1	0.3010299956639812
RPL6P22	1	0.3010299956639812
RPL6P24	1	0.3010299956639812
RPL6P25	2	0.47712125471966244
RPL6P26	1	0.3010299956639812
RPL6P27	2	0.47712125471966244
RPL6P28	1	0.3010299956639812
RPL6P29	1	0.3010299956639812
RPL6P3	1	0.3010299956639812
RPL6P30	1	0.3010299956639812
RPL6P4	1	0.3010299956639812
RPL6P5	1	0.3010299956639812
RPL6P6	1	0.3010299956639812
RPL6P7	1	0.3010299956639812
RPL6P8	1	0.3010299956639812
RPL6P9	1	0.3010299956639812
RPL7	382	2.583198773968623
RPL7A	375	2.575187844927661
RPL7AP10	4	0.6989700043360189
RPL7AP11	1	0.3010299956639812
RPL7AP12	1	0.3010299956639812
RPL7AP14	2	0.47712125471966244
RPL7AP15	1	0.3010299956639812
RPL7AP16	1	0.3010299956639812
RPL7AP17	1	0.3010299956639812
RPL7AP18	1	0.3010299956639812
RPL7AP19	1	0.3010299956639812
RPL7AP2	1	0.3010299956639812
RPL7AP20	1	0.3010299956639812
RPL7AP21	1	0.3010299956639812
RPL7AP22	1	0.3010299956639812
RPL7AP23	1	0.3010299956639812
RPL7AP24	1	0.3010299956639812
RPL7AP25	1	0.3010299956639812
RPL7AP26	1	0.3010299956639812
RPL7AP27	5	0.7781512503836436
RPL7AP28	1	0.3010299956639812
RPL7AP29	1	0.3010299956639812
RPL7AP30	1	0.3010299956639812
RPL7AP31	1	0.3010299956639812
RPL7AP32	1	0.3010299956639812
RPL7AP33	1	0.3010299956639812
RPL7AP34	1	0.3010299956639812
RPL7AP35	1	0.3010299956639812
RPL7AP36	1	0.3010299956639812
RPL7AP37	1	0.3010299956639812
RPL7AP38	2	0.47712125471966244
RPL7AP39	1	0.3010299956639812
RPL7AP4	1	0.3010299956639812
RPL7AP40	1	0.3010299956639812
RPL7AP41	1	0.3010299956639812
RPL7AP42	1	0.3010299956639812
RPL7AP43	1	0.3010299956639812
RPL7AP44	1	0.3010299956639812
RPL7AP45	1	0.3010299956639812
RPL7AP46	1	0.3010299956639812
RPL7AP47	1	0.3010299956639812
RPL7AP48	1	0.3010299956639812
RPL7AP49	1	0.3010299956639812
RPL7AP5	1	0.3010299956639812
RPL7AP50	2	0.47712125471966244
RPL7AP51	1	0.3010299956639812
RPL7AP52	1	0.3010299956639812
RPL7AP53	1	0.3010299956639812
RPL7AP54	1	0.3010299956639812
RPL7AP55	1	0.3010299956639812
RPL7AP56	1	0.3010299956639812
RPL7AP57	1	0.3010299956639812
RPL7AP58	1	0.3010299956639812
RPL7AP6	2	0.47712125471966244
RPL7AP60	1	0.3010299956639812
RPL7AP61	1	0.3010299956639812
RPL7AP62	2	0.47712125471966244
RPL7AP63	1	0.3010299956639812
RPL7AP64	1	0.3010299956639812
RPL7AP65	1	0.3010299956639812
RPL7AP66	4	0.6989700043360189
RPL7AP67	1	0.3010299956639812
RPL7AP69	1	0.3010299956639812
RPL7AP7	2	0.47712125471966244
RPL7AP70	1	0.3010299956639812
RPL7AP71	1	0.3010299956639812
RPL7AP72	1	0.3010299956639812
RPL7AP8	1	0.3010299956639812
RPL7AP9	4	0.6989700043360189
RPL7L1	103	2.0170333392987803
RPL7L1P13	1	0.3010299956639812
RPL7P1	2	0.47712125471966244
RPL7P10	1	0.3010299956639812
RPL7P11	1	0.3010299956639812
RPL7P12	1	0.3010299956639812
RPL7P13	1	0.3010299956639812
RPL7P14	1	0.3010299956639812
RPL7P15	1	0.3010299956639812
RPL7P16	1	0.3010299956639812
RPL7P17	1	0.3010299956639812
RPL7P18	1	0.3010299956639812
RPL7P19	1	0.3010299956639812
RPL7P20	1	0.3010299956639812
RPL7P21	1	0.3010299956639812
RPL7P22	1	0.3010299956639812
RPL7P23	3	0.6020599913279624
RPL7P24	1	0.3010299956639812
RPL7P25	1	0.3010299956639812
RPL7P26	1	0.3010299956639812
RPL7P27	1	0.3010299956639812
RPL7P28	1	0.3010299956639812
RPL7P29	1	0.3010299956639812
RPL7P3	1	0.3010299956639812
RPL7P30	1	0.3010299956639812
RPL7P31	1	0.3010299956639812
RPL7P32	5	0.7781512503836436
RPL7P33	1	0.3010299956639812
RPL7P34	1	0.3010299956639812
RPL7P35	1	0.3010299956639812
RPL7P36	1	0.3010299956639812
RPL7P37	1	0.3010299956639812
RPL7P38	1	0.3010299956639812
RPL7P39	1	0.3010299956639812
RPL7P4	1	0.3010299956639812
RPL7P40	1	0.3010299956639812
RPL7P41	1	0.3010299956639812
RPL7P42	1	0.3010299956639812
RPL7P43	1	0.3010299956639812
RPL7P44	1	0.3010299956639812
RPL7P45	1	0.3010299956639812
RPL7P46	1	0.3010299956639812
RPL7P47	1	0.3010299956639812
RPL7P48	1	0.3010299956639812
RPL7P49	1	0.3010299956639812
RPL7P5	1	0.3010299956639812
RPL7P50	1	0.3010299956639812
RPL7P51	1	0.3010299956639812
RPL7P52	1	0.3010299956639812
RPL7P53	1	0.3010299956639812
RPL7P54	1	0.3010299956639812
RPL7P55	1	0.3010299956639812
RPL7P56	1	0.3010299956639812
RPL7P57	1	0.3010299956639812
RPL7P59	1	0.3010299956639812
RPL7P6	1	0.3010299956639812
RPL7P7	1	0.3010299956639812
RPL7P8	1	0.3010299956639812
RPL7P9	2	0.47712125471966244
RPL8	311	2.494154594018443
RPL8P3	1	0.3010299956639812
RPL8P4	1	0.3010299956639812
RPL8P5	1	0.3010299956639812
RPL9	268	2.429752280002408
RPL9P10	1	0.3010299956639812
RPL9P11	1	0.3010299956639812
RPL9P12	1	0.3010299956639812
RPL9P13	1	0.3010299956639812
RPL9P14	1	0.3010299956639812
RPL9P15	1	0.3010299956639812
RPL9P16	1	0.3010299956639812
RPL9P17	1	0.3010299956639812
RPL9P18	1	0.3010299956639812
RPL9P19	1	0.3010299956639812
RPL9P2	2	0.47712125471966244
RPL9P20	1	0.3010299956639812
RPL9P21	1	0.3010299956639812
RPL9P22	1	0.3010299956639812
RPL9P23	1	0.3010299956639812
RPL9P24	1	0.3010299956639812
RPL9P25	1	0.3010299956639812
RPL9P26	1	0.3010299956639812
RPL9P27	1	0.3010299956639812
RPL9P28	1	0.3010299956639812
RPL9P29	1	0.3010299956639812
RPL9P3	1	0.3010299956639812
RPL9P30	1	0.3010299956639812
RPL9P31	1	0.3010299956639812
RPL9P32	1	0.3010299956639812
RPL9P33	1	0.3010299956639812
RPL9P4	1	0.3010299956639812
RPL9P5	1	0.3010299956639812
RPL9P6	1	0.3010299956639812
RPL9P7	2	0.47712125471966244
RPL9P8	3	0.6020599913279624
RPLP0	369	2.568201724066995
RPLP0P10	1	0.3010299956639812
RPLP0P11	2	0.47712125471966244
RPLP0P2	8	0.9542425094393249
RPLP0P3	2	0.47712125471966244
RPLP0P4	3	0.6020599913279624
RPLP0P5	1	0.3010299956639812
RPLP0P6	33	1.5314789170422551
RPLP0P7	1	0.3010299956639812
RPLP0P8	1	0.3010299956639812
RPLP0P9	1	0.3010299956639812
RPLP1	206	2.315970345456918
RPLP1P1	1	0.3010299956639812
RPLP1P10	1	0.3010299956639812
RPLP1P11	1	0.3010299956639812
RPLP1P12	1	0.3010299956639812
RPLP1P2	1	0.3010299956639812
RPLP1P3	1	0.3010299956639812
RPLP1P4	1	0.3010299956639812
RPLP1P5	1	0.3010299956639812
RPLP1P6	2	0.47712125471966244
RPLP1P7	2	0.47712125471966244
RPLP1P8	1	0.3010299956639812
RPLP1P9	1	0.3010299956639812
RPLP2	279	2.4471580313422194
RPLP2P1	1	0.3010299956639812
RPLP2P2	1	0.3010299956639812
RPLP2P3	2	0.47712125471966244
RPLP2P4	1	0.3010299956639812
RPLP2P5	1	0.3010299956639812
RPN1	344	2.537819095073274
RPN2	288	2.4608978427565478
RPP14	168	2.2278867046136734
RPP21	22	1.3617278360175928
RPP25	41	1.6232492903979006
RPP25L	44	1.6532125137753437
RPP30	124	2.0969100130080562
RPP38	73	1.8692317197309762
RPP38-DT	4	0.6989700043360189
RPP40	43	1.6434526764861874
RPPH1	20	1.3222192947339193
RPRD1A	64	1.8129133566428555
RPRD1B	120	2.0827853703164503
RPRD2	101	2.0086001717619175
RPRM	47	1.6812412373755872
RPRML	4	0.6989700043360189
RPS10	271	2.4345689040341987
RPS10-NUDT3	17	1.255272505103306
RPS10P1	1	0.3010299956639812
RPS10P10	1	0.3010299956639812
RPS10P11	2	0.47712125471966244
RPS10P12	1	0.3010299956639812
RPS10P13	2	0.47712125471966244
RPS10P14	1	0.3010299956639812
RPS10P15	1	0.3010299956639812
RPS10P16	1	0.3010299956639812
RPS10P17	1	0.3010299956639812
RPS10P18	1	0.3010299956639812
RPS10P19	2	0.47712125471966244
RPS10P2	1	0.3010299956639812
RPS10P20	1	0.3010299956639812
RPS10P21	1	0.3010299956639812
RPS10P22	2	0.47712125471966244
RPS10P23	1	0.3010299956639812
RPS10P24	1	0.3010299956639812
RPS10P25	1	0.3010299956639812
RPS10P26	1	0.3010299956639812
RPS10P27	1	0.3010299956639812
RPS10P28	1	0.3010299956639812
RPS10P29	1	0.3010299956639812
RPS10P3	1	0.3010299956639812
RPS10P30	1	0.3010299956639812
RPS10P31	1	0.3010299956639812
RPS10P4	2	0.47712125471966244
RPS10P5	24	1.3979400086720377
RPS10P6	1	0.3010299956639812
RPS10P7	5	0.7781512503836436
RPS10P8	1	0.3010299956639812
RPS10P9	1	0.3010299956639812
RPS11	312	2.4955443375464483
RPS11P1	1	0.3010299956639812
RPS11P2	1	0.3010299956639812
RPS11P3	1	0.3010299956639812
RPS11P4	1	0.3010299956639812
RPS11P5	1	0.3010299956639812
RPS11P6	1	0.3010299956639812
RPS11P7	1	0.3010299956639812
RPS12	238	2.3783979009481375
RPS12P1	1	0.3010299956639812
RPS12P10	1	0.3010299956639812
RPS12P11	1	0.3010299956639812
RPS12P12	1	0.3010299956639812
RPS12P13	1	0.3010299956639812
RPS12P14	1	0.3010299956639812
RPS12P15	1	0.3010299956639812
RPS12P16	1	0.3010299956639812
RPS12P17	1	0.3010299956639812
RPS12P18	1	0.3010299956639812
RPS12P2	1	0.3010299956639812
RPS12P20	1	0.3010299956639812
RPS12P21	1	0.3010299956639812
RPS12P22	2	0.47712125471966244
RPS12P23	1	0.3010299956639812
RPS12P24	1	0.3010299956639812
RPS12P25	1	0.3010299956639812
RPS12P26	1	0.3010299956639812
RPS12P27	1	0.3010299956639812
RPS12P28	1	0.3010299956639812
RPS12P29	1	0.3010299956639812
RPS12P3	1	0.3010299956639812
RPS12P30	1	0.3010299956639812
RPS12P31	1	0.3010299956639812
RPS12P32	1	0.3010299956639812
RPS12P4	2	0.47712125471966244
RPS12P5	1	0.3010299956639812
RPS12P6	1	0.3010299956639812
RPS12P7	1	0.3010299956639812
RPS12P8	1	0.3010299956639812
RPS12P9	2	0.47712125471966244
RPS13	318	2.503790683057181
RPS13P1	1	0.3010299956639812
RPS13P2	1	0.3010299956639812
RPS13P3	1	0.3010299956639812
RPS13P4	1	0.3010299956639812
RPS13P5	1	0.3010299956639812
RPS13P6	1	0.3010299956639812
RPS13P7	1	0.3010299956639812
RPS13P8	1	0.3010299956639812
RPS14	341	2.534026106056135
RPS14P1	1	0.3010299956639812
RPS14P10	2	0.47712125471966244
RPS14P2	1	0.3010299956639812
RPS14P3	5	0.7781512503836436
RPS14P4	1	0.3010299956639812
RPS14P5	1	0.3010299956639812
RPS14P6	1	0.3010299956639812
RPS14P7	1	0.3010299956639812
RPS14P8	1	0.3010299956639812
RPS14P9	1	0.3010299956639812
RPS15	224	2.3521825181113627
RPS15A	292	2.4668676203541096
RPS15AP1	1	0.3010299956639812
RPS15AP10	1	0.3010299956639812
RPS15AP11	1	0.3010299956639812
RPS15AP12	1	0.3010299956639812
RPS15AP13	1	0.3010299956639812
RPS15AP14	1	0.3010299956639812
RPS15AP15	1	0.3010299956639812
RPS15AP16	1	0.3010299956639812
RPS15AP17	1	0.3010299956639812
RPS15AP18	1	0.3010299956639812
RPS15AP19	1	0.3010299956639812
RPS15AP2	1	0.3010299956639812
RPS15AP20	1	0.3010299956639812
RPS15AP21	2	0.47712125471966244
RPS15AP22	1	0.3010299956639812
RPS15AP23	1	0.3010299956639812
RPS15AP24	1	0.3010299956639812
RPS15AP25	2	0.47712125471966244
RPS15AP26	1	0.3010299956639812
RPS15AP27	1	0.3010299956639812
RPS15AP28	1	0.3010299956639812
RPS15AP29	1	0.3010299956639812
RPS15AP3	1	0.3010299956639812
RPS15AP30	1	0.3010299956639812
RPS15AP31	1	0.3010299956639812
RPS15AP32	1	0.3010299956639812
RPS15AP33	1	0.3010299956639812
RPS15AP34	2	0.47712125471966244
RPS15AP35	1	0.3010299956639812
RPS15AP36	1	0.3010299956639812
RPS15AP37	1	0.3010299956639812
RPS15AP38	1	0.3010299956639812
RPS15AP39	1	0.3010299956639812
RPS15AP4	1	0.3010299956639812
RPS15AP40	1	0.3010299956639812
RPS15AP5	1	0.3010299956639812
RPS15AP6	1	0.3010299956639812
RPS15AP7	1	0.3010299956639812
RPS15AP8	1	0.3010299956639812
RPS15AP9	2	0.47712125471966244
RPS15P1	1	0.3010299956639812
RPS15P2	2	0.47712125471966244
RPS15P3	1	0.3010299956639812
RPS15P4	3	0.6020599913279624
RPS15P5	2	0.47712125471966244
RPS15P6	1	0.3010299956639812
RPS15P7	1	0.3010299956639812
RPS15P8	1	0.3010299956639812
RPS15P9	1	0.3010299956639812
RPS16	314	2.4983105537896004
RPS16P1	1	0.3010299956639812
RPS16P10	1	0.3010299956639812
RPS16P2	2	0.47712125471966244
RPS16P3	1	0.3010299956639812
RPS16P4	1	0.3010299956639812
RPS16P5	2	0.47712125471966244
RPS16P6	1	0.3010299956639812
RPS16P7	1	0.3010299956639812
RPS16P8	1	0.3010299956639812
RPS16P9	1	0.3010299956639812
RPS17	257	2.41161970596323
RPS17P1	1	0.3010299956639812
RPS17P10	1	0.3010299956639812
RPS17P11	1	0.3010299956639812
RPS17P12	2	0.47712125471966244
RPS17P13	1	0.3010299956639812
RPS17P14	1	0.3010299956639812
RPS17P15	1	0.3010299956639812
RPS17P16	3	0.6020599913279624
RPS17P17	1	0.3010299956639812
RPS17P2	3	0.6020599913279624
RPS17P3	4	0.6989700043360189
RPS17P5	2	0.47712125471966244
RPS17P6	1	0.3010299956639812
RPS17P7	1	0.3010299956639812
RPS17P8	1	0.3010299956639812
RPS17P9	1	0.3010299956639812
RPS18	312	2.4955443375464483
RPS18P1	5	0.7781512503836436
RPS18P10	1	0.3010299956639812
RPS18P11	1	0.3010299956639812
RPS18P12	2	0.47712125471966244
RPS18P13	1	0.3010299956639812
RPS18P14	1	0.3010299956639812
RPS18P2	1	0.3010299956639812
RPS18P3	1	0.3010299956639812
RPS18P4	1	0.3010299956639812
RPS18P5	6	0.8450980400142568
RPS18P6	1	0.3010299956639812
RPS18P7	1	0.3010299956639812
RPS18P8	1	0.3010299956639812
RPS18P9	2	0.47712125471966244
RPS19	353	2.5490032620257876
RPS19BP1	67	1.8325089127062364
RPS19P1	2	0.47712125471966244
RPS19P2	2	0.47712125471966244
RPS19P3	2	0.47712125471966244
RPS19P4	1	0.3010299956639812
RPS19P5	1	0.3010299956639812
RPS19P6	1	0.3010299956639812
RPS19P7	1	0.3010299956639812
RPS2	370	2.569373909615046
RPS20	297	2.4742162640762553
RPS20P1	2	0.47712125471966244
RPS20P10	1	0.3010299956639812
RPS20P11	1	0.3010299956639812
RPS20P12	1	0.3010299956639812
RPS20P13	1	0.3010299956639812
RPS20P14	2	0.47712125471966244
RPS20P15	1	0.3010299956639812
RPS20P16	1	0.3010299956639812
RPS20P17	1	0.3010299956639812
RPS20P18	1	0.3010299956639812
RPS20P19	1	0.3010299956639812
RPS20P20	1	0.3010299956639812
RPS20P21	1	0.3010299956639812
RPS20P22	1	0.3010299956639812
RPS20P23	1	0.3010299956639812
RPS20P24	1	0.3010299956639812
RPS20P25	1	0.3010299956639812
RPS20P26	1	0.3010299956639812
RPS20P27	2	0.47712125471966244
RPS20P28	1	0.3010299956639812
RPS20P29	1	0.3010299956639812
RPS20P3	2	0.47712125471966244
RPS20P30	1	0.3010299956639812
RPS20P31	1	0.3010299956639812
RPS20P32	1	0.3010299956639812
RPS20P33	1	0.3010299956639812
RPS20P34	1	0.3010299956639812
RPS20P35	1	0.3010299956639812
RPS20P4	2	0.47712125471966244
RPS20P5	1	0.3010299956639812
RPS20P6	1	0.3010299956639812
RPS20P7	1	0.3010299956639812
RPS20P8	1	0.3010299956639812
RPS20P9	1	0.3010299956639812
RPS21	159	2.2041199826559246
RPS21P1	1	0.3010299956639812
RPS21P2	1	0.3010299956639812
RPS21P3	1	0.3010299956639812
RPS21P4	1	0.3010299956639812
RPS21P5	1	0.3010299956639812
RPS21P6	1	0.3010299956639812
RPS21P7	1	0.3010299956639812
RPS21P8	1	0.3010299956639812
RPS23	252	2.403120521175818
RPS23P1	3	0.6020599913279624
RPS23P2	2	0.47712125471966244
RPS23P3	1	0.3010299956639812
RPS23P4	1	0.3010299956639812
RPS23P5	1	0.3010299956639812
RPS23P6	1	0.3010299956639812
RPS23P8	1	0.3010299956639812
RPS24	261	2.4183012913197452
RPS24P1	2	0.47712125471966244
RPS24P10	1	0.3010299956639812
RPS24P11	1	0.3010299956639812
RPS24P12	1	0.3010299956639812
RPS24P13	1	0.3010299956639812
RPS24P14	1	0.3010299956639812
RPS24P15	1	0.3010299956639812
RPS24P16	1	0.3010299956639812
RPS24P17	1	0.3010299956639812
RPS24P18	1	0.3010299956639812
RPS24P19	1	0.3010299956639812
RPS24P2	1	0.3010299956639812
RPS24P3	1	0.3010299956639812
RPS24P4	1	0.3010299956639812
RPS24P5	1	0.3010299956639812
RPS24P6	1	0.3010299956639812
RPS24P7	1	0.3010299956639812
RPS24P8	1	0.3010299956639812
RPS24P9	1	0.3010299956639812
RPS25	299	2.4771212547196626
RPS25P1	2	0.47712125471966244
RPS25P10	1	0.3010299956639812
RPS25P2	1	0.3010299956639812
RPS25P3	1	0.3010299956639812
RPS25P4	1	0.3010299956639812
RPS25P5	1	0.3010299956639812
RPS25P6	3	0.6020599913279624
RPS25P7	1	0.3010299956639812
RPS25P8	2	0.47712125471966244
RPS25P9	1	0.3010299956639812
RPS26	255	2.4082399653118496
RPS26P1	1	0.3010299956639812
RPS26P10	1	0.3010299956639812
RPS26P11	33	1.5314789170422551
RPS26P12	1	0.3010299956639812
RPS26P13	1	0.3010299956639812
RPS26P14	1	0.3010299956639812
RPS26P15	2	0.47712125471966244
RPS26P16	1	0.3010299956639812
RPS26P17	1	0.3010299956639812
RPS26P18	1	0.3010299956639812
RPS26P19	1	0.3010299956639812
RPS26P2	1	0.3010299956639812
RPS26P20	1	0.3010299956639812
RPS26P21	1	0.3010299956639812
RPS26P22	1	0.3010299956639812
RPS26P23	1	0.3010299956639812
RPS26P24	1	0.3010299956639812
RPS26P25	4	0.6989700043360189
RPS26P26	1	0.3010299956639812
RPS26P27	1	0.3010299956639812
RPS26P28	2	0.47712125471966244
RPS26P29	1	0.3010299956639812
RPS26P3	2	0.47712125471966244
RPS26P30	1	0.3010299956639812
RPS26P31	1	0.3010299956639812
RPS26P32	2	0.47712125471966244
RPS26P33	1	0.3010299956639812
RPS26P34	1	0.3010299956639812
RPS26P35	1	0.3010299956639812
RPS26P36	1	0.3010299956639812
RPS26P37	1	0.3010299956639812
RPS26P38	1	0.3010299956639812
RPS26P39	2	0.47712125471966244
RPS26P4	1	0.3010299956639812
RPS26P40	1	0.3010299956639812
RPS26P41	1	0.3010299956639812
RPS26P42	1	0.3010299956639812
RPS26P43	1	0.3010299956639812
RPS26P44	1	0.3010299956639812
RPS26P45	1	0.3010299956639812
RPS26P46	1	0.3010299956639812
RPS26P47	4	0.6989700043360189
RPS26P48	1	0.3010299956639812
RPS26P49	1	0.3010299956639812
RPS26P5	1	0.3010299956639812
RPS26P50	2	0.47712125471966244
RPS26P51	1	0.3010299956639812
RPS26P52	1	0.3010299956639812
RPS26P53	1	0.3010299956639812
RPS26P54	2	0.47712125471966244
RPS26P55	1	0.3010299956639812
RPS26P56	1	0.3010299956639812
RPS26P57	1	0.3010299956639812
RPS26P58	1	0.3010299956639812
RPS26P6	1	0.3010299956639812
RPS26P7	1	0.3010299956639812
RPS26P8	1	0.3010299956639812
RPS26P9	1	0.3010299956639812
RPS27	272	2.436162647040756
RPS27A	333	2.5237464668115646
RPS27AP1	2	0.47712125471966244
RPS27AP10	1	0.3010299956639812
RPS27AP11	1	0.3010299956639812
RPS27AP12	1	0.3010299956639812
RPS27AP13	1	0.3010299956639812
RPS27AP14	1	0.3010299956639812
RPS27AP15	1	0.3010299956639812
RPS27AP16	2	0.47712125471966244
RPS27AP17	1	0.3010299956639812
RPS27AP2	2	0.47712125471966244
RPS27AP3	1	0.3010299956639812
RPS27AP4	1	0.3010299956639812
RPS27AP5	1	0.3010299956639812
RPS27AP6	1	0.3010299956639812
RPS27AP7	1	0.3010299956639812
RPS27AP8	1	0.3010299956639812
RPS27AP9	1	0.3010299956639812
RPS27L	135	2.1335389083702174
RPS27P1	1	0.3010299956639812
RPS27P10	1	0.3010299956639812
RPS27P11	1	0.3010299956639812
RPS27P12	1	0.3010299956639812
RPS27P13	1	0.3010299956639812
RPS27P14	1	0.3010299956639812
RPS27P15	1	0.3010299956639812
RPS27P16	1	0.3010299956639812
RPS27P17	2	0.47712125471966244
RPS27P18	1	0.3010299956639812
RPS27P19	1	0.3010299956639812
RPS27P2	1	0.3010299956639812
RPS27P20	1	0.3010299956639812
RPS27P21	1	0.3010299956639812
RPS27P22	1	0.3010299956639812
RPS27P23	1	0.3010299956639812
RPS27P24	1	0.3010299956639812
RPS27P25	1	0.3010299956639812
RPS27P26	1	0.3010299956639812
RPS27P27	1	0.3010299956639812
RPS27P28	1	0.3010299956639812
RPS27P29	1	0.3010299956639812
RPS27P3	3	0.6020599913279624
RPS27P4	2	0.47712125471966244
RPS27P5	1	0.3010299956639812
RPS27P6	1	0.3010299956639812
RPS27P7	1	0.3010299956639812
RPS27P8	1	0.3010299956639812
RPS27P9	1	0.3010299956639812
RPS28	172	2.2380461031287955
RPS28P1	1	0.3010299956639812
RPS28P2	1	0.3010299956639812
RPS28P3	1	0.3010299956639812
RPS28P4	2	0.47712125471966244
RPS28P5	1	0.3010299956639812
RPS28P6	1	0.3010299956639812
RPS28P7	2	0.47712125471966244
RPS28P8	1	0.3010299956639812
RPS28P9	1	0.3010299956639812
RPS29	132	2.123851640967086
RPS29P1	1	0.3010299956639812
RPS29P10	1	0.3010299956639812
RPS29P11	1	0.3010299956639812
RPS29P12	1	0.3010299956639812
RPS29P13	1	0.3010299956639812
RPS29P14	1	0.3010299956639812
RPS29P15	1	0.3010299956639812
RPS29P16	1	0.3010299956639812
RPS29P17	1	0.3010299956639812
RPS29P18	1	0.3010299956639812
RPS29P19	1	0.3010299956639812
RPS29P2	1	0.3010299956639812
RPS29P20	1	0.3010299956639812
RPS29P21	1	0.3010299956639812
RPS29P22	1	0.3010299956639812
RPS29P23	1	0.3010299956639812
RPS29P24	1	0.3010299956639812
RPS29P25	1	0.3010299956639812
RPS29P26	1	0.3010299956639812
RPS29P27	1	0.3010299956639812
RPS29P28	1	0.3010299956639812
RPS29P3	1	0.3010299956639812
RPS29P4	1	0.3010299956639812
RPS29P5	1	0.3010299956639812
RPS29P6	1	0.3010299956639812
RPS29P7	1	0.3010299956639812
RPS29P8	1	0.3010299956639812
RPS29P9	1	0.3010299956639812
RPS2P1	1	0.3010299956639812
RPS2P10	1	0.3010299956639812
RPS2P11	1	0.3010299956639812
RPS2P12	1	0.3010299956639812
RPS2P13	1	0.3010299956639812
RPS2P14	1	0.3010299956639812
RPS2P15	1	0.3010299956639812
RPS2P16	1	0.3010299956639812
RPS2P17	1	0.3010299956639812
RPS2P18	1	0.3010299956639812
RPS2P19	1	0.3010299956639812
RPS2P2	2	0.47712125471966244
RPS2P20	1	0.3010299956639812
RPS2P21	1	0.3010299956639812
RPS2P22	1	0.3010299956639812
RPS2P23	1	0.3010299956639812
RPS2P24	1	0.3010299956639812
RPS2P25	1	0.3010299956639812
RPS2P26	1	0.3010299956639812
RPS2P27	1	0.3010299956639812
RPS2P28	1	0.3010299956639812
RPS2P29	1	0.3010299956639812
RPS2P3	1	0.3010299956639812
RPS2P30	1	0.3010299956639812
RPS2P31	3	0.6020599913279624
RPS2P32	3	0.6020599913279624
RPS2P33	1	0.3010299956639812
RPS2P34	1	0.3010299956639812
RPS2P35	1	0.3010299956639812
RPS2P36	1	0.3010299956639812
RPS2P37	1	0.3010299956639812
RPS2P38	1	0.3010299956639812
RPS2P39	1	0.3010299956639812
RPS2P4	1	0.3010299956639812
RPS2P40	3	0.6020599913279624
RPS2P41	1	0.3010299956639812
RPS2P42	1	0.3010299956639812
RPS2P43	1	0.3010299956639812
RPS2P44	1	0.3010299956639812
RPS2P45	3	0.6020599913279624
RPS2P46	4	0.6989700043360189
RPS2P47	1	0.3010299956639812
RPS2P48	1	0.3010299956639812
RPS2P49	1	0.3010299956639812
RPS2P5	3	0.6020599913279624
RPS2P50	1	0.3010299956639812
RPS2P51	1	0.3010299956639812
RPS2P52	1	0.3010299956639812
RPS2P53	1	0.3010299956639812
RPS2P54	1	0.3010299956639812
RPS2P55	1	0.3010299956639812
RPS2P6	1	0.3010299956639812
RPS2P7	1	0.3010299956639812
RPS2P8	1	0.3010299956639812
RPS2P9	1	0.3010299956639812
RPS3	511	2.709269960975831
RPS3A	372	2.571708831808688
RPS3AP10	1	0.3010299956639812
RPS3AP11	1	0.3010299956639812
RPS3AP12	1	0.3010299956639812
RPS3AP14	1	0.3010299956639812
RPS3AP15	1	0.3010299956639812
RPS3AP16	2	0.47712125471966244
RPS3AP17	1	0.3010299956639812
RPS3AP18	1	0.3010299956639812
RPS3AP19	2	0.47712125471966244
RPS3AP2	1	0.3010299956639812
RPS3AP20	1	0.3010299956639812
RPS3AP21	1	0.3010299956639812
RPS3AP22	1	0.3010299956639812
RPS3AP23	1	0.3010299956639812
RPS3AP24	1	0.3010299956639812
RPS3AP25	2	0.47712125471966244
RPS3AP26	2	0.47712125471966244
RPS3AP27	1	0.3010299956639812
RPS3AP28	1	0.3010299956639812
RPS3AP29	1	0.3010299956639812
RPS3AP30	1	0.3010299956639812
RPS3AP31	1	0.3010299956639812
RPS3AP32	1	0.3010299956639812
RPS3AP33	1	0.3010299956639812
RPS3AP34	1	0.3010299956639812
RPS3AP35	1	0.3010299956639812
RPS3AP36	1	0.3010299956639812
RPS3AP37	1	0.3010299956639812
RPS3AP38	1	0.3010299956639812
RPS3AP39	1	0.3010299956639812
RPS3AP40	1	0.3010299956639812
RPS3AP41	1	0.3010299956639812
RPS3AP42	1	0.3010299956639812
RPS3AP43	1	0.3010299956639812
RPS3AP44	1	0.3010299956639812
RPS3AP46	1	0.3010299956639812
RPS3AP47	1	0.3010299956639812
RPS3AP48	1	0.3010299956639812
RPS3AP49	1	0.3010299956639812
RPS3AP5	2	0.47712125471966244
RPS3AP50	1	0.3010299956639812
RPS3AP51	1	0.3010299956639812
RPS3AP6	2	0.47712125471966244
RPS3AP7	1	0.3010299956639812
RPS3AP8	1	0.3010299956639812
RPS3AP9	1	0.3010299956639812
RPS3P2	1	0.3010299956639812
RPS3P3	1	0.3010299956639812
RPS3P4	1	0.3010299956639812
RPS3P5	1	0.3010299956639812
RPS3P6	2	0.47712125471966244
RPS3P7	2	0.47712125471966244
RPS4X	356	2.552668216112193
RPS4XP1	1	0.3010299956639812
RPS4XP10	1	0.3010299956639812
RPS4XP11	1	0.3010299956639812
RPS4XP12	1	0.3010299956639812
RPS4XP13	4	0.6989700043360189
RPS4XP14	1	0.3010299956639812
RPS4XP15	1	0.3010299956639812
RPS4XP16	3	0.6020599913279624
RPS4XP17	2	0.47712125471966244
RPS4XP18	1	0.3010299956639812
RPS4XP19	2	0.47712125471966244
RPS4XP2	1	0.3010299956639812
RPS4XP20	1	0.3010299956639812
RPS4XP21	2	0.47712125471966244
RPS4XP22	1	0.3010299956639812
RPS4XP3	1	0.3010299956639812
RPS4XP4	1	0.3010299956639812
RPS4XP5	1	0.3010299956639812
RPS4XP6	1	0.3010299956639812
RPS4XP7	1	0.3010299956639812
RPS4XP8	1	0.3010299956639812
RPS4XP9	1	0.3010299956639812
RPS4Y1	76	1.8864907251724818
RPS4Y1P1	2	0.47712125471966244
RPS4Y2	28	1.462397997898956
RPS5	293	2.4683473304121573
RPS5P1	1	0.3010299956639812
RPS5P2	1	0.3010299956639812
RPS5P3	2	0.47712125471966244
RPS5P4	1	0.3010299956639812
RPS5P5	1	0.3010299956639812
RPS5P6	1	0.3010299956639812
RPS5P7	1	0.3010299956639812
RPS5P8	1	0.3010299956639812
RPS6	405	2.6085260335771943
RPS6KA1	383	2.584331224367531
RPS6KA2	98	1.99563519459755
RPS6KA2-AS1	1	0.3010299956639812
RPS6KA2-IT1	1	0.3010299956639812
RPS6KA3	252	2.403120521175818
RPS6KA4	92	1.968482948553935
RPS6KA5	124	2.0969100130080562
RPS6KA6	76	1.8864907251724818
RPS6KB1	773	2.8887409606828927
RPS6KB2	82	1.919078092376074
RPS6KB2-AS1	1	0.3010299956639812
RPS6KC1	39	1.6020599913279623
RPS6KL1	12	1.1139433523068367
RPS6P1	2	0.47712125471966244
RPS6P10	1	0.3010299956639812
RPS6P11	1	0.3010299956639812
RPS6P12	1	0.3010299956639812
RPS6P13	1	0.3010299956639812
RPS6P14	1	0.3010299956639812
RPS6P15	1	0.3010299956639812
RPS6P16	1	0.3010299956639812
RPS6P17	1	0.3010299956639812
RPS6P18	1	0.3010299956639812
RPS6P19	1	0.3010299956639812
RPS6P2	1	0.3010299956639812
RPS6P20	1	0.3010299956639812
RPS6P21	1	0.3010299956639812
RPS6P22	1	0.3010299956639812
RPS6P24	1	0.3010299956639812
RPS6P25	1	0.3010299956639812
RPS6P26	1	0.3010299956639812
RPS6P3	1	0.3010299956639812
RPS6P4	1	0.3010299956639812
RPS6P5	1	0.3010299956639812
RPS6P7	1	0.3010299956639812
RPS6P8	1	0.3010299956639812
RPS6P9	1	0.3010299956639812
RPS7	321	2.507855871695831
RPS7P1	3	0.6020599913279624
RPS7P10	1	0.3010299956639812
RPS7P11	2	0.47712125471966244
RPS7P12	1	0.3010299956639812
RPS7P13	1	0.3010299956639812
RPS7P14	1	0.3010299956639812
RPS7P2	1	0.3010299956639812
RPS7P3	1	0.3010299956639812
RPS7P4	5	0.7781512503836436
RPS7P5	1	0.3010299956639812
RPS7P6	1	0.3010299956639812
RPS7P7	1	0.3010299956639812
RPS7P8	1	0.3010299956639812
RPS7P9	1	0.3010299956639812
RPS8	353	2.5490032620257876
RPS8P1	3	0.6020599913279624
RPS8P10	1	0.3010299956639812
RPS8P3	1	0.3010299956639812
RPS8P4	1	0.3010299956639812
RPS8P5	1	0.3010299956639812
RPS8P6	1	0.3010299956639812
RPS8P7	1	0.3010299956639812
RPS8P8	1	0.3010299956639812
RPS8P9	1	0.3010299956639812
RPS9	316	2.5010592622177517
RPS9P1	3	0.6020599913279624
RPS9P2	1	0.3010299956639812
RPS9P3	1	0.3010299956639812
RPS9P4	2	0.47712125471966244
RPSA	444	2.6483600109809315
RPSA2	16	1.2304489213782739
RPSAP1	2	0.47712125471966244
RPSAP10	2	0.47712125471966244
RPSAP11	4	0.6989700043360189
RPSAP12	5	0.7781512503836436
RPSAP13	2	0.47712125471966244
RPSAP14	3	0.6020599913279624
RPSAP15	8	0.9542425094393249
RPSAP16	1	0.3010299956639812
RPSAP17	1	0.3010299956639812
RPSAP18	2	0.47712125471966244
RPSAP19	4	0.6989700043360189
RPSAP2	1	0.3010299956639812
RPSAP20	1	0.3010299956639812
RPSAP21	1	0.3010299956639812
RPSAP22	1	0.3010299956639812
RPSAP23	1	0.3010299956639812
RPSAP24	1	0.3010299956639812
RPSAP25	1	0.3010299956639812
RPSAP26	2	0.47712125471966244
RPSAP27	1	0.3010299956639812
RPSAP28	1	0.3010299956639812
RPSAP29	2	0.47712125471966244
RPSAP3	1	0.3010299956639812
RPSAP30	1	0.3010299956639812
RPSAP31	1	0.3010299956639812
RPSAP33	1	0.3010299956639812
RPSAP34	1	0.3010299956639812
RPSAP35	1	0.3010299956639812
RPSAP36	1	0.3010299956639812
RPSAP37	1	0.3010299956639812
RPSAP38	1	0.3010299956639812
RPSAP39	1	0.3010299956639812
RPSAP4	2	0.47712125471966244
RPSAP40	1	0.3010299956639812
RPSAP41	1	0.3010299956639812
RPSAP42	1	0.3010299956639812
RPSAP43	1	0.3010299956639812
RPSAP44	1	0.3010299956639812
RPSAP45	1	0.3010299956639812
RPSAP46	1	0.3010299956639812
RPSAP47	4	0.6989700043360189
RPSAP48	1	0.3010299956639812
RPSAP49	1	0.3010299956639812
RPSAP5	1	0.3010299956639812
RPSAP50	1	0.3010299956639812
RPSAP51	1	0.3010299956639812
RPSAP52	13	1.146128035678238
RPSAP53	1	0.3010299956639812
RPSAP54	1	0.3010299956639812
RPSAP55	3	0.6020599913279624
RPSAP56	1	0.3010299956639812
RPSAP57	1	0.3010299956639812
RPSAP59	1	0.3010299956639812
RPSAP6	1	0.3010299956639812
RPSAP60	1	0.3010299956639812
RPSAP61	2	0.47712125471966244
RPSAP62	1	0.3010299956639812
RPSAP63	1	0.3010299956639812
RPSAP7	1	0.3010299956639812
RPSAP8	2	0.47712125471966244
RPSAP9	4	0.6989700043360189
RPTN	14	1.1760912590556813
RPTOR	463	2.6665179805548807
RPUSD1	12	1.1139433523068367
RPUSD2	20	1.3222192947339193
RPUSD3	47	1.6812412373755872
RPUSD4	38	1.591064607026499
RRAD	89	1.954242509439325
RRAGA	129	2.113943352306837
RRAGAP1	1	0.3010299956639812
RRAGB	60	1.7853298350107671
RRAGC	123	2.093421685162235
RRAGC-DT	1	0.3010299956639812
RRAGD	55	1.7481880270062005
RRAS	143	2.1583624920952498
RRAS2	133	2.1271047983648077
RRBP1	234	2.3710678622717363
RRBP1P1	1	0.3010299956639812
RREB1	158	2.2013971243204513
RRH	15	1.2041199826559248
RRM1	441	2.645422269349092
RRM1-AS1	1	0.3010299956639812
RRM2	217	2.3384564936046046
RRM2B	168	2.2278867046136734
RRM2P2	1	0.3010299956639812
RRM2P3	1	0.3010299956639812
RRM2P4	1	0.3010299956639812
RRN3	69	1.845098040014257
RRN3P1	6	0.8450980400142568
RRN3P2	6	0.8450980400142568
RRN3P3	2	0.47712125471966244
RRP1	122	2.089905111439398
RRP12	181	2.2600713879850747
RRP15	99	2.0
RRP1B	197	2.296665190261531
RRP36	43	1.6434526764861874
RRP7A	76	1.8864907251724818
RRP7BP	11	1.0791812460476249
RRP8	79	1.9030899869919435
RRP9	108	2.037426497940624
RRS1	151	2.1818435879447726
RS1	102	2.012837224705172
RSAD1	18	1.2787536009528289
RSAD2	158	2.2013971243204513
RSBN1	48	1.6901960800285136
RSBN1L	65	1.8195439355418688
RSF1	165	2.220108088040055
RSF1-IT2	1	0.3010299956639812
RSKR	12	1.1139433523068367
RSL1D1	247	2.3944516808262164
RSL24D1	62	1.7993405494535817
RSL24D1P11	1	0.3010299956639812
RSL24D1P4	1	0.3010299956639812
RSPH1	31	1.505149978319906
RSPH10B	8	0.9542425094393249
RSPH10B2	10	1.0413926851582251
RSPH14	16	1.2304489213782739
RSPH3	19	1.3010299956639813
RSPH4A	22	1.3617278360175928
RSPH6A	20	1.3222192947339193
RSPH9	32	1.5185139398778875
RSPO1	133	2.1271047983648077
RSPO2	94	1.9777236052888478
RSPO3	93	1.9731278535996986
RSPO4	44	1.6532125137753437
RSPRY1	34	1.5440680443502757
RSRC1	70	1.8512583487190752
RSRC2	56	1.7558748556724915
RSRP1	26	1.4313637641589874
RSU1	115	2.0644579892269186
RSU1P2	4	0.6989700043360189
RTBDN	17	1.255272505103306
RTCA	58	1.7708520116421442
RTCA-AS1	1	0.3010299956639812
RTCB	244	2.3891660843645326
RTEL1	179	2.255272505103306
RTEL1-TNFRSF6B	16	1.2304489213782739
RTF1	90	1.9590413923210936
RTF2	54	1.7403626894942439
RTKN	99	2.0
RTKN2	42	1.6334684555795864
RTL1	31	1.505149978319906
RTL10	45	1.662757831681574
RTL3	5	0.7781512503836436
RTL4	10	1.0413926851582251
RTL5	9	1.0
RTL6	16	1.2304489213782739
RTL8A	21	1.3424226808222062
RTL8B	16	1.2304489213782739
RTL8C	33	1.5314789170422551
RTL9	17	1.255272505103306
RTN1	106	2.0293837776852097
RTN2	34	1.5440680443502757
RTN3	179	2.255272505103306
RTN3P1	2	0.47712125471966244
RTN4	578	2.762678563727436
RTN4IP1	52	1.724275869600789
RTN4R	150	2.1789769472931693
RTN4RL1	24	1.3979400086720377
RTN4RL1-AS1	1	0.3010299956639812
RTN4RL2	26	1.4313637641589874
RTP1	17	1.255272505103306
RTP2	14	1.1760912590556813
RTP3	9	1.0
RTP4	17	1.255272505103306
RTP5	6	0.8450980400142568
RTRAF	211	2.326335860928751
RTTN	39	1.6020599913279623
RUBCN	90	1.9590413923210936
RUBCNL	30	1.4913616938342726
RUFY1	73	1.8692317197309762
RUFY1-AS1	1	0.3010299956639812
RUFY2	35	1.5563025007672873
RUFY3	51	1.7160033436347992
RUFY4	13	1.146128035678238
RUMY1	19	1.3010299956639813
RUMY2	8	0.9542425094393249
RUMY3	4	0.6989700043360189
RUMY4	7	0.9030899869919435
RUNDC1	20	1.3222192947339193
RUNDC3A	21	1.3424226808222062
RUNDC3A-AS1	3	0.6020599913279624
RUNDC3B	26	1.4313637641589874
RUNX1	2045	3.3109056293761414
RUNX1-IT1	20	1.3222192947339193
RUNX1T1	857	2.9334872878487053
RUNX2	1761	3.246005904076029
RUNX2-AS1	2	0.47712125471966244
RUNX3	684	2.8356905714924254
RUSC1	40	1.6127838567197355
RUSC1-AS1	11	1.0791812460476249
RUSC2	45	1.662757831681574
RUSF1	39	1.6020599913279623
RUVBL1	569	2.7558748556724915
RUVBL1-AS1	1	0.3010299956639812
RUVBL2	559	2.7481880270062002
RWDD1	31	1.505149978319906
RWDD2A	14	1.1760912590556813
RWDD2B	27	1.4471580313422192
RWDD3	34	1.5440680443502757
RWDD3-DT	4	0.6989700043360189
RWDD4	30	1.4913616938342726
RWDD4P2	1	0.3010299956639812
RXFP1	198	2.298853076409707
RXFP2	101	2.0086001717619175
RXFP3	88	1.9493900066449128
RXFP4	64	1.8129133566428555
RXRA	554	2.7442929831226763
RXRB	103	2.0170333392987803
RXRG	102	2.012837224705172
RXYLT1	28	1.462397997898956
RXYLT1-AS1	1	0.3010299956639812
RYBP	112	2.0530784434834195
RYK	76	1.8864907251724818
RYKP1	4	0.6989700043360189
RYR1	442	2.6464037262230695
RYR2	395	2.597695185925512
RYR3	74	1.8750612633917
RYR3-DT	1	0.3010299956639812
S100A1	132	2.123851640967086
S100A10	203	2.3096301674258988
S100A11	262	2.419955748489758
S100A11P1	1	0.3010299956639812
S100A11P2	2	0.47712125471966244
S100A12	384	2.5854607295085006
S100A13	81	1.9138138523837167
S100A14	83	1.9242792860618816
S100A15A	2	0.47712125471966244
S100A16	79	1.9030899869919435
S100A2	184	2.2671717284030137
S100A3	55	1.7481880270062005
S100A4	826	2.9175055095525466
S100A5	29	1.4771212547196624
S100A6	353	2.5490032620257876
S100A7	416	2.6201360549737576
S100A7A	50	1.7075701760979363
S100A7L2	9	1.0
S100A7P1	3	0.6020599913279624
S100A7P2	3	0.6020599913279624
S100A8	679	2.832508912706236
S100A9	896	2.952792443044092
S100B	1635	3.2137832993353044
S100G	68	1.8388490907372552
S100P	277	2.444044795918076
S100PBP	28	1.462397997898956
S100Z	9	1.0
S1PR1	400	2.603144372620182
S1PR1-DT	1	0.3010299956639812
S1PR2	194	2.290034611362518
S1PR3	132	2.123851640967086
S1PR4	37	1.5797835966168101
S1PR5	41	1.6232492903979006
SAA1	306	2.4871383754771865
SAA2	64	1.8129133566428555
SAA2-SAA4	3	0.6020599913279624
SAA3P	22	1.3617278360175928
SAA4	49	1.6989700043360187
SAAL1	47	1.6812412373755872
SAC3D1	22	1.3617278360175928
SACK1A	89	1.954242509439325
SACK1A-AS1	9	1.0
SACK1A-AS2	1	0.3010299956639812
SACK1B	74	1.8750612633917
SACK1C	9	1.0
SACK1C-AS1	1	0.3010299956639812
SACK1D	86	1.9395192526186185
SACK1E	11	1.0791812460476249
SACK1F	22	1.3617278360175928
SACK1G	45	1.662757831681574
SACK1H	140	2.1492191126553797
SACM1L	101	2.0086001717619175
SACS	187	2.27415784926368
SACS-AS1	3	0.6020599913279624
SAE1	182	2.2624510897304293
SAFB	227	2.357934847000454
SAFB2	158	2.2013971243204513
SAG	53	1.7323937598229686
SAGE1	14	1.1760912590556813
SAGE2P	2	0.47712125471966244
SAILR	8	0.9542425094393249
SALL1	142	2.155336037465062
SALL1P1	1	0.3010299956639812
SALL2	76	1.8864907251724818
SALL3	36	1.568201724066995
SALL4	368	2.56702636615906
SALRNA1	1	0.3010299956639812
SALRNA2	1	0.3010299956639812
SALRNA3	1	0.3010299956639812
SAMD1	53	1.7323937598229686
SAMD10	9	1.0
SAMD11	24	1.3979400086720377
SAMD12	31	1.505149978319906
SAMD12-AS1	4	0.6989700043360189
SAMD13	12	1.1139433523068367
SAMD14	15	1.2041199826559248
SAMD15	6	0.8450980400142568
SAMD3	16	1.2304489213782739
SAMD4A	54	1.7403626894942439
SAMD4A-AS1	2	0.47712125471966244
SAMD4B	54	1.7403626894942439
SAMD5	6	0.8450980400142568
SAMD7	13	1.146128035678238
SAMD8	17	1.255272505103306
SAMD9	153	2.187520720836463
SAMD9L	65	1.8195439355418688
SAMHD1	576	2.7611758131557314
SAMM50	142	2.155336037465062
SAMMSON	10	1.0413926851582251
SAMSN1	34	1.5440680443502757
SAMTOR	26	1.4313637641589874
SANBR	22	1.3617278360175928
SAP130	94	1.9777236052888478
SAP18	169	2.230448921378274
SAP25	5	0.7781512503836436
SAP30	102	2.012837224705172
SAP30-DT	2	0.47712125471966244
SAP30BP	118	2.0755469613925306
SAP30L	39	1.6020599913279623
SAP30L-AS1	6	0.8450980400142568
SAPCD1	13	1.146128035678238
SAPCD1-AS1	1	0.3010299956639812
SAPCD2	47	1.6812412373755872
SAPCD2P3	1	0.3010299956639812
SAR1A	182	2.2624510897304293
SAR1AP3	1	0.3010299956639812
SAR1B	121	2.0863598306747484
SARAF	71	1.8573324964312685
SARDH	35	1.5563025007672873
SARM1	153	2.187520720836463
SARNP	119	2.0791812460476247
SARS1	126	2.103803720955957
SARS2	86	1.9395192526186185
SART1	267	2.428134794028789
SART3	257	2.41161970596323
SASH1	113	2.0569048513364727
SASH3	13	1.146128035678238
SASS6	91	1.9637878273455553
SAT1	103	2.0170333392987803
SAT1-DT	1	0.3010299956639812
SAT2	30	1.4913616938342726
SATB1	379	2.57978359661681
SATB1-AS1	6	0.8450980400142568
SATB2	388	2.5899496013257077
SATB2-AS1	5	0.7781512503836436
SATL1	7	0.9030899869919435
SAV1	127	2.1072099696478683
SAXO1	21	1.3424226808222062
SAXO2	5	0.7781512503836436
SAXO4	21	1.3424226808222062
SAXO5	7	0.9030899869919435
SAXO6	25	1.414973347970818
SAYSD1	18	1.2787536009528289
SBDS	210	2.3242824552976926
SBDSP1	10	1.0413926851582251
SBF1	103	2.0170333392987803
SBF1P1	1	0.3010299956639812
SBF2	68	1.8388490907372552
SBF2-AS1	23	1.380211241711606
SBK1	12	1.1139433523068367
SBK2	5	0.7781512503836436
SBK3	5	0.7781512503836436
SBNO1	62	1.7993405494535817
SBNO1-AS1	1	0.3010299956639812
SBNO2	32	1.5185139398778875
SBSN	81	1.9138138523837167
SBSPON	12	1.1139433523068367
SC5D	40	1.6127838567197355
SCAANT1	2	0.47712125471966244
SCAF1	72	1.863322860120456
SCAF11	86	1.9395192526186185
SCAF4	87	1.9444826721501687
SCAF8	72	1.863322860120456
SCAI	51	1.7160033436347992
SCAMP1	98	1.99563519459755
SCAMP1-AS1	2	0.47712125471966244
SCAMP2	70	1.8512583487190752
SCAMP3	148	2.173186268412274
SCAMP4	35	1.5563025007672873
SCAMP5	36	1.568201724066995
SCAND1	39	1.6020599913279623
SCAND2P	12	1.1139433523068367
SCAND3	25	1.414973347970818
SCAP	96	1.9867717342662448
SCAPER	58	1.7708520116421442
SCARA3	51	1.7160033436347992
SCARA5	76	1.8864907251724818
SCARB1	880	2.9449759084120477
SCARB2	261	2.4183012913197452
SCARF1	39	1.6020599913279623
SCARF2	36	1.568201724066995
SCARNA1	3	0.6020599913279624
SCARNA10	7	0.9030899869919435
SCARNA11	2	0.47712125471966244
SCARNA12	4	0.6989700043360189
SCARNA13	5	0.7781512503836436
SCARNA14	2	0.47712125471966244
SCARNA15	3	0.6020599913279624
SCARNA16	2	0.47712125471966244
SCARNA17	5	0.7781512503836436
SCARNA18	2	0.47712125471966244
SCARNA2	8	0.9542425094393249
SCARNA20	2	0.47712125471966244
SCARNA21	1	0.3010299956639812
SCARNA21B	1	0.3010299956639812
SCARNA22	3	0.6020599913279624
SCARNA23	4	0.6989700043360189
SCARNA26A	1	0.3010299956639812
SCARNA26B	1	0.3010299956639812
SCARNA27	2	0.47712125471966244
SCARNA28	2	0.47712125471966244
SCARNA3	2	0.47712125471966244
SCARNA4	4	0.6989700043360189
SCARNA5	13	1.146128035678238
SCARNA6	3	0.6020599913279624
SCARNA7	3	0.6020599913279624
SCARNA8	2	0.47712125471966244
SCARNA9	5	0.7781512503836436
SCARNA9L	1	0.3010299956639812
SCART1	5	0.7781512503836436
SCAT1	3	0.6020599913279624
SCAT2	1	0.3010299956639812
SCAT8	1	0.3010299956639812
SCCPDH	66	1.8260748027008264
SCD	499	2.6989700043360187
SCD5	61	1.792391689498254
SCDP1	2	0.47712125471966244
SCEL	49	1.6989700043360187
SCFD1	126	2.103803720955957
SCFD2	34	1.5440680443502757
SCG2	69	1.845098040014257
SCG3	46	1.6720978579357175
SCG5	133	2.1271047983648077
SCGB1A1	663	2.8221680793680175
SCGB1B1P	1	0.3010299956639812
SCGB1B2P	2	0.47712125471966244
SCGB1B3P	1	0.3010299956639812
SCGB1C1	13	1.146128035678238
SCGB1C2	5	0.7781512503836436
SCGB1D1	19	1.3010299956639813
SCGB1D2	31	1.505149978319906
SCGB1D4	9	1.0
SCGB1D5P	1	0.3010299956639812
SCGB2A1	57	1.7634279935629373
SCGB2A2	214	2.3324384599156054
SCGB2B1P	1	0.3010299956639812
SCGB2B2	6	0.8450980400142568
SCGB2B3P	2	0.47712125471966244
SCGB3A1	62	1.7993405494535817
SCGB3A2	38	1.591064607026499
SCGN	62	1.7993405494535817
SCHIP1	35	1.5563025007672873
SCHLAP1	19	1.3010299956639813
SCIMP	13	1.146128035678238
SCIN	63	1.806179973983887
SCIRT	6	0.8450980400142568
SCLT1	50	1.7075701760979363
SCLY	27	1.4471580313422192
SCMH1	32	1.5185139398778875
SCML1	33	1.5314789170422551
SCML2	64	1.8129133566428555
SCML4	11	1.0791812460476249
SCN10A	241	2.383815365980431
SCN11A	89	1.954242509439325
SCN1A	887	2.948412965778601
SCN1A-AS1	7	0.9030899869919435
SCN1B	146	2.167317334748176
SCN2A	351	2.546542663478131
SCN2B	55	1.7481880270062005
SCN3A	99	2.0
SCN3B	56	1.7558748556724915
SCN4A	419	2.6232492903979003
SCN4B	49	1.6989700043360187
SCN5A	1712	3.2337573629655103
SCN7A	28	1.462397997898956
SCN8A	250	2.399673721481038
SCN9A	548	2.739572344450092
SCNM1	36	1.568201724066995
SCNN1A	266	2.4265112613645754
SCNN1B	244	2.3891660843645326
SCNN1D	57	1.7634279935629373
SCNN1G	173	2.2405492482826
SCO1	114	2.060697840353612
SCO2	181	2.2600713879850747
SCOC	44	1.6532125137753437
SCOC-AS1	3	0.6020599913279624
SCP2	110	2.0453229787866576
SCP2D1	6	0.8450980400142568
SCP2D1-AS1	1	0.3010299956639812
SCPEP1	70	1.8512583487190752
SCPPPQ1	2	0.47712125471966244
SCREEM1	1	0.3010299956639812
SCRG1	16	1.2304489213782739
SCRIB	349	2.5440680443502757
SCRN1	59	1.7781512503836436
SCRN2	20	1.3222192947339193
SCRN3	21	1.3424226808222062
SCRT1	16	1.2304489213782739
SCRT2	11	1.0791812460476249
SCT	41	1.6232492903979006
SCTR	54	1.7403626894942439
SCUBE1	64	1.8129133566428555
SCUBE1-AS1	1	0.3010299956639812
SCUBE1-AS2	1	0.3010299956639812
SCUBE2	51	1.7160033436347992
SCUBE3	48	1.6901960800285136
SCUBE3-AS1	1	0.3010299956639812
SCX	85	1.9344984512435677
SCYGR1	1	0.3010299956639812
SCYGR10	1	0.3010299956639812
SCYGR2	1	0.3010299956639812
SCYGR3	1	0.3010299956639812
SCYGR4	1	0.3010299956639812
SCYGR5	1	0.3010299956639812
SCYGR6	1	0.3010299956639812
SCYGR7	1	0.3010299956639812
SCYGR8	1	0.3010299956639812
SCYGR9	1	0.3010299956639812
SCYL1	117	2.0718820073061255
SCYL2	119	2.0791812460476247
SCYL3	44	1.6532125137753437
SDAD1	104	2.0211892990699383
SDAD1P1	1	0.3010299956639812
SDC1	1240	3.09377178149873
SDC2	286	2.4578818967339924
SDC3	105	2.0253058652647704
SDC4	352	2.5477747053878224
SDC4P	2	0.47712125471966244
SDCBP	269	2.4313637641589874
SDCBP2	38	1.591064607026499
SDCBP2-AS1	7	0.9030899869919435
SDCCAG8	61	1.792391689498254
SDE2	44	1.6532125137753437
SDF2	66	1.8260748027008264
SDF2L1	87	1.9444826721501687
SDF4	120	2.0827853703164503
SDHA	357	2.5538830266438746
SDHAF1	20	1.3222192947339193
SDHAF2	58	1.7708520116421442
SDHAF3	24	1.3979400086720377
SDHAF4	17	1.255272505103306
SDHAP1	4	0.6989700043360189
SDHAP2	6	0.8450980400142568
SDHAP3	3	0.6020599913279624
SDHAP4	1	0.3010299956639812
SDHB	657	2.8182258936139557
SDHC	97	1.9912260756924949
SDHCP4	2	0.47712125471966244
SDHCP5	4	0.6989700043360189
SDHD	393	2.595496221825574
SDHDP1	1	0.3010299956639812
SDHDP2	1	0.3010299956639812
SDHDP3	1	0.3010299956639812
SDHDP4	1	0.3010299956639812
SDHDP5	2	0.47712125471966244
SDHDP6	2	0.47712125471966244
SDHDP7	1	0.3010299956639812
SDIM1	1	0.3010299956639812
SDK1	41	1.6232492903979006
SDK2	29	1.4771212547196624
SDR16C5	25	1.414973347970818
SDR16C6P	3	0.6020599913279624
SDR39U1	25	1.414973347970818
SDR42E1	15	1.2041199826559248
SDR42E2	5	0.7781512503836436
SDR9C7	30	1.4913616938342726
SDS	22	1.3617278360175928
SDSL	18	1.2787536009528289
SEBOX	7	0.9030899869919435
SEC11A	86	1.9395192526186185
SEC11B	5	0.7781512503836436
SEC11C	25	1.414973347970818
SEC13	188	2.2764618041732443
SEC14L1	51	1.7160033436347992
SEC14L2	72	1.863322860120456
SEC14L3	22	1.3617278360175928
SEC14L4	28	1.462397997898956
SEC14L5	10	1.0413926851582251
SEC14L6	4	0.6989700043360189
SEC16A	246	2.392696953259666
SEC16B	62	1.7993405494535817
SEC22A	40	1.6127838567197355
SEC22B	184	2.2671717284030137
SEC22B2P	1	0.3010299956639812
SEC22C	15	1.2041199826559248
SEC23A	188	2.2764618041732443
SEC23B	183	2.2648178230095364
SEC23IP	119	2.0791812460476247
SEC24A	112	2.0530784434834195
SEC24B	125	2.100370545117563
SEC24B-AS1	2	0.47712125471966244
SEC24C	162	2.2121876044039577
SEC24D	72	1.863322860120456
SEC31A	189	2.278753600952829
SEC31B	28	1.462397997898956
SEC61A1	239	2.380211241711606
SEC61A2	42	1.6334684555795864
SEC61B	192	2.285557309007774
SEC61G	67	1.8325089127062364
SEC61G-DT	1	0.3010299956639812
SEC62	104	2.0211892990699383
SEC62-AS1	1	0.3010299956639812
SEC63	161	2.2095150145426308
SECISBP2	113	2.0569048513364727
SECISBP2L	42	1.6334684555795864
SECTM1	32	1.5185139398778875
SEH1L	113	2.0569048513364727
SEL1L	226	2.3560258571931225
SEL1L2	10	1.0413926851582251
SEL1L3	23	1.380211241711606
SELE	801	2.9041743682841634
SELENBP1	141	2.1522883443830563
SELENOF	90	1.9590413923210936
SELENOH	42	1.6334684555795864
SELENOI	42	1.6334684555795864
SELENOK	58	1.7708520116421442
SELENOKP3	1	0.3010299956639812
SELENOM	30	1.4913616938342726
SELENON	97	1.9912260756924949
SELENOO	28	1.462397997898956
SELENOP	178	2.2528530309798933
SELENOS	151	2.1818435879447726
SELENOT	38	1.591064607026499
SELENOV	11	1.0791812460476249
SELENOW	56	1.7558748556724915
SELENOWP1	1	0.3010299956639812
SELL	279	2.4471580313422194
SELP	441	2.645422269349092
SELPLG	216	2.3364597338485296
SEM1	107	2.03342375548695
SEM1P1	1	0.3010299956639812
SEMA3A	309	2.4913616938342726
SEMA3B	110	2.0453229787866576
SEMA3B-AS1	7	0.9030899869919435
SEMA3C	99	2.0
SEMA3D	35	1.5563025007672873
SEMA3E	72	1.863322860120456
SEMA3F	125	2.100370545117563
SEMA3F-AS1	1	0.3010299956639812
SEMA3G	32	1.5185139398778875
SEMA4A	76	1.8864907251724818
SEMA4B	39	1.6020599913279623
SEMA4C	86	1.9395192526186185
SEMA4D	352	2.5477747053878224
SEMA4F	41	1.6232492903979006
SEMA4G	30	1.4913616938342726
SEMA5A	80	1.9084850188786497
SEMA5A-AS1	1	0.3010299956639812
SEMA5B	17	1.255272505103306
SEMA6A	70	1.8512583487190752
SEMA6B	27	1.4471580313422192
SEMA6C	17	1.255272505103306
SEMA6D	37	1.5797835966168101
SEMA7A	116	2.0681858617461617
SEMG1	96	1.9867717342662448
SEMG2	52	1.724275869600789
SENCR	9	1.0
SENP1	328	2.5171958979499744
SENP2	178	2.2528530309798933
SENP3	216	2.3364597338485296
SENP3-EIF4A1	8	0.9542425094393249
SENP5	44	1.6532125137753437
SENP6	90	1.9590413923210936
SENP7	52	1.724275869600789
SENP8	63	1.806179973983887
SEPHS1	52	1.724275869600789
SEPHS1P1	1	0.3010299956639812
SEPHS1P2	1	0.3010299956639812
SEPHS2	37	1.5797835966168101
SEPHS2P1	2	0.47712125471966244
SEPSECS	49	1.6989700043360187
SEPSECS-DT	1	0.3010299956639812
SEPTIN1	44	1.6532125137753437
SEPTIN10	70	1.8512583487190752
SEPTIN11	130	2.1172712956557644
SEPTIN12	41	1.6232492903979006
SEPTIN14	25	1.414973347970818
SEPTIN14P13	1	0.3010299956639812
SEPTIN14P20	4	0.6989700043360189
SEPTIN14P23	1	0.3010299956639812
SEPTIN2	233	2.369215857410143
SEPTIN3	44	1.6532125137753437
SEPTIN4	98	1.99563519459755
SEPTIN4-AS1	3	0.6020599913279624
SEPTIN5	93	1.9731278535996986
SEPTIN6	137	2.1398790864012365
SEPTIN7	228	2.359835482339888
SEPTIN7-DT	1	0.3010299956639812
SEPTIN7P11	1	0.3010299956639812
SEPTIN7P13	2	0.47712125471966244
SEPTIN7P14	1	0.3010299956639812
SEPTIN7P2	7	0.9030899869919435
SEPTIN7P3	1	0.3010299956639812
SEPTIN7P9	2	0.47712125471966244
SEPTIN8	89	1.954242509439325
SEPTIN9	470	2.673020907128896
SERAC1	50	1.7075701760979363
SERBP1	355	2.5514499979728753
SERBP1P2	2	0.47712125471966244
SERBP1P5	2	0.47712125471966244
SERF1A	30	1.4913616938342726
SERF1B	11	1.0791812460476249
SERF2	43	1.6434526764861874
SERGEF	20	1.3222192947339193
SERHL	11	1.0791812460476249
SERHL2	13	1.146128035678238
SERINC1	42	1.6334684555795864
SERINC2	32	1.5185139398778875
SERINC3	57	1.7634279935629373
SERINC4	4	0.6989700043360189
SERINC5	107	2.03342375548695
SERP1	49	1.6989700043360187
SERP2	15	1.2041199826559248
SERPINA1	1191	3.076276255404218
SERPINA10	77	1.8920946026904804
SERPINA11	11	1.0791812460476249
SERPINA12	324	2.5118833609788744
SERPINA13P	11	1.0791812460476249
SERPINA15P	1	0.3010299956639812
SERPINA2	17	1.255272505103306
SERPINA3	314	2.4983105537896004
SERPINA4	81	1.9138138523837167
SERPINA5	126	2.103803720955957
SERPINA6	138	2.143014800254095
SERPINA7	75	1.8808135922807914
SERPINA7P1	1	0.3010299956639812
SERPINA9	29	1.4771212547196624
SERPINB1	152	2.184691430817599
SERPINB10	30	1.4913616938342726
SERPINB11	13	1.146128035678238
SERPINB12	99	2.0
SERPINB13	39	1.6020599913279623
SERPINB2	149	2.1760912590556813
SERPINB3	188	2.2764618041732443
SERPINB4	1147	3.059941888061955
SERPINB5	269	2.4313637641589874
SERPINB6	77	1.8920946026904804
SERPINB7	110	2.0453229787866576
SERPINB8	49	1.6989700043360187
SERPINB8P1	3	0.6020599913279624
SERPINB9	143	2.1583624920952498
SERPINB9-AS1	1	0.3010299956639812
SERPINB9P1	6	0.8450980400142568
SERPINC1	398	2.6009728956867484
SERPIND1	83	1.9242792860618816
SERPINE1	2589	3.413299764081252
SERPINE2	225	2.3541084391474008
SERPINE3	5	0.7781512503836436
SERPINE4P	1	0.3010299956639812
SERPINF1	347	2.5415792439465807
SERPINF2	123	2.093421685162235
SERPING1	599	2.7781512503836434
SERPINH1	418	2.622214022966295
SERPINH1P1	2	0.47712125471966244
SERPINI1	67	1.8325089127062364
SERPINI2	25	1.414973347970818
SERTAD1	67	1.8325089127062364
SERTAD2	23	1.380211241711606
SERTAD3	19	1.3010299956639813
SERTAD3-AS1	1	0.3010299956639812
SERTAD4	15	1.2041199826559248
SERTAD4-AS1	4	0.6989700043360189
SERTAD4BP	2	0.47712125471966244
SERTM1	8	0.9542425094393249
SERTM2	5	0.7781512503836436
SESN1	84	1.9294189257142926
SESN2	301	2.4800069429571505
SESN3	64	1.8129133566428555
SESTD1	36	1.568201724066995
SET	519	2.716003343634799
SETBP1	168	2.2278867046136734
SETBP1-DT	2	0.47712125471966244
SETD1A	207	2.3180633349627615
SETD1B	84	1.9294189257142926
SETD2	345	2.5390760987927767
SETD3	76	1.8864907251724818
SETD4	24	1.3979400086720377
SETD5	83	1.9242792860618816
SETD6	39	1.6020599913279623
SETD7	232	2.367355921026019
SETD9	11	1.0791812460476249
SETDB1	296	2.4727564493172123
SETDB2	35	1.5563025007672873
SETMAR	72	1.863322860120456
SETP14	2	0.47712125471966244
SETP20	1	0.3010299956639812
SETP4	2	0.47712125471966244
SETSIP	27	1.4471580313422192
SETX	262	2.419955748489758
SEZ6	18	1.2787536009528289
SEZ6L	31	1.505149978319906
SEZ6L2	41	1.6232492903979006
SF1	216	2.3364597338485296
SF3A1	240	2.3820170425748683
SF3A2	161	2.2095150145426308
SF3A3	200	2.303196057420489
SF3B1	551	2.741939077729199
SF3B2	325	2.513217600067939
SF3B3	324	2.5118833609788744
SF3B4	256	2.4099331233312946
SF3B5	106	2.0293837776852097
SF3B6	163	2.214843848047698
SFI1	46	1.6720978579357175
SFMBT1	53	1.7323937598229686
SFMBT2	37	1.5797835966168101
SFN	345	2.5390760987927767
SFPQ	476	2.678518379040114
SFPQP1	1	0.3010299956639812
SFR1	22	1.3617278360175928
SFRP1	428	2.6324572921847245
SFRP2	273	2.437750562820388
SFRP4	216	2.3364597338485296
SFRP5	153	2.187520720836463
SFSPAT	2	0.47712125471966244
SFSWAP	74	1.8750612633917
SFT2D1	10	1.0413926851582251
SFT2D2	25	1.414973347970818
SFT2D3	15	1.2041199826559248
SFTA1P	7	0.9030899869919435
SFTA2	11	1.0791812460476249
SFTA3	14	1.1760912590556813
SFTPA1	280	2.44870631990508
SFTPA2	137	2.1398790864012365
SFTPA3P	1	0.3010299956639812
SFTPB	172	2.2380461031287955
SFTPC	253	2.404833716619938
SFTPD	281	2.450249108319361
SFXN1	180	2.2576785748691846
SFXN2	54	1.7403626894942439
SFXN3	85	1.9344984512435677
SFXN4	77	1.8920946026904804
SFXN5	20	1.3222192947339193
SGCA	63	1.806179973983887
SGCB	66	1.8260748027008264
SGCD	65	1.8195439355418688
SGCE	158	2.2013971243204513
SGCG	66	1.8260748027008264
SGCZ	19	1.3010299956639813
SGF29	78	1.8976270912904414
SGIP1	37	1.5797835966168101
SGK1	307	2.4885507165004443
SGK2	42	1.6334684555795864
SGK3	101	2.0086001717619175
SGMS1	112	2.0530784434834195
SGMS1-AS1	6	0.8450980400142568
SGMS2	51	1.7160033436347992
SGO1	164	2.2174839442139063
SGO1-AS1	4	0.6989700043360189
SGO2	75	1.8808135922807914
SGPL1	171	2.2355284469075487
SGPP1	58	1.7708520116421442
SGPP2	19	1.3010299956639813
SGSH	54	1.7403626894942439
SGSM1	25	1.414973347970818
SGSM2	24	1.3979400086720377
SGSM3	41	1.6232492903979006
SGTA	165	2.220108088040055
SGTB	31	1.505149978319906
SH2B1	178	2.2528530309798933
SH2B2	53	1.7323937598229686
SH2B3	197	2.296665190261531
SH2D1A	337	2.5289167002776547
SH2D1B	53	1.7323937598229686
SH2D2A	64	1.8129133566428555
SH2D3A	26	1.4313637641589874
SH2D3C	40	1.6127838567197355
SH2D4A	64	1.8129133566428555
SH2D4B	7	0.9030899869919435
SH2D5	13	1.146128035678238
SH2D6	6	0.8450980400142568
SH2D7	5	0.7781512503836436
SH3BGR	18	1.2787536009528289
SH3BGRL	46	1.6720978579357175
SH3BGRL2	40	1.6127838567197355
SH3BGRL3	56	1.7558748556724915
SH3BP1	45	1.662757831681574
SH3BP2	121	2.0863598306747484
SH3BP4	78	1.8976270912904414
SH3BP5	51	1.7160033436347992
SH3BP5-AS1	5	0.7781512503836436
SH3BP5L	28	1.462397997898956
SH3D19	54	1.7403626894942439
SH3GL1	143	2.1583624920952498
SH3GL1P1	3	0.6020599913279624
SH3GL1P2	3	0.6020599913279624
SH3GL1P3	1	0.3010299956639812
SH3GL2	171	2.2355284469075487
SH3GL3	67	1.8325089127062364
SH3GLB1	118	2.0755469613925306
SH3GLB2	75	1.8808135922807914
SH3KBP1	199	2.3010299956639813
SH3PXD2A	122	2.089905111439398
SH3PXD2A-AS1	5	0.7781512503836436
SH3PXD2B	87	1.9444826721501687
SH3RF1	58	1.7708520116421442
SH3RF2	37	1.5797835966168101
SH3RF3	30	1.4913616938342726
SH3RF3-AS1	2	0.47712125471966244
SH3TC1	15	1.2041199826559248
SH3TC2	69	1.845098040014257
SH3TC2-DT	2	0.47712125471966244
SH3YL1	29	1.4771212547196624
SHANK1	63	1.806179973983887
SHANK2	131	2.12057393120585
SHANK2-AS1	1	0.3010299956639812
SHANK2-AS3	2	0.47712125471966244
SHANK3	279	2.4471580313422194
SHARPIN	158	2.2013971243204513
SHB	88	1.9493900066449128
SHBG	510	2.708420900134713
SHC1	1127	3.0523090996473234
SHC1P1	1	0.3010299956639812
SHC1P2	1	0.3010299956639812
SHC2	36	1.568201724066995
SHC3	74	1.8750612633917
SHC4	34	1.5440680443502757
SHCBP1	106	2.0293837776852097
SHCBP1L	13	1.146128035678238
SHD	13	1.146128035678238
SHE	15	1.2041199826559248
SHF	16	1.2304489213782739
SHFL	37	1.5797835966168101
SHH	1810	3.2579184503140586
SHISA2	17	1.255272505103306
SHISA3	15	1.2041199826559248
SHISA4	12	1.1139433523068367
SHISA5	24	1.3979400086720377
SHISA5P1	1	0.3010299956639812
SHISA6	14	1.1760912590556813
SHISA7	8	0.9542425094393249
SHISA8	6	0.8450980400142568
SHISA9	12	1.1139433523068367
SHISAL1	9	1.0
SHISAL2A	6	0.8450980400142568
SHISAL2B	4	0.6989700043360189
SHKBP1	74	1.8750612633917
SHLD1	24	1.3979400086720377
SHLD2	32	1.5185139398778875
SHLD2P1	1	0.3010299956639812
SHLD3	8	0.9542425094393249
SHMT1	206	2.315970345456918
SHMT1P1	2	0.47712125471966244
SHMT2	240	2.3820170425748683
SHOC1	17	1.255272505103306
SHOC2	141	2.1522883443830563
SHOX	345	2.5390760987927767
SHOX2	120	2.0827853703164503
SHPK	31	1.505149978319906
SHPRH	76	1.8864907251724818
SHQ1	45	1.662757831681574
SHROOM1	22	1.3617278360175928
SHROOM2	40	1.6127838567197355
SHROOM2P1	1	0.3010299956639812
SHROOM3	99	2.0
SHROOM4	18	1.2787536009528289
SHTN1	81	1.9138138523837167
SI	49	1.6989700043360187
SIAE	37	1.5797835966168101
SIAH1	202	2.307496037913213
SIAH1P1	1	0.3010299956639812
SIAH2	133	2.1271047983648077
SIAH3	13	1.146128035678238
SIDT1	21	1.3424226808222062
SIDT2	45	1.662757831681574
SIGIRR	90	1.9590413923210936
SIGLEC1	221	2.346352974450639
SIGLEC10	49	1.6989700043360187
SIGLEC10-AS1	2	0.47712125471966244
SIGLEC10-AS2	1	0.3010299956639812
SIGLEC11	14	1.1760912590556813
SIGLEC12	25	1.414973347970818
SIGLEC14	26	1.4313637641589874
SIGLEC15	70	1.8512583487190752
SIGLEC16	13	1.146128035678238
SIGLEC17P	5	0.7781512503836436
SIGLEC18P	1	0.3010299956639812
SIGLEC20P	2	0.47712125471966244
SIGLEC21P	1	0.3010299956639812
SIGLEC22P	1	0.3010299956639812
SIGLEC24P	1	0.3010299956639812
SIGLEC25P	1	0.3010299956639812
SIGLEC26P	1	0.3010299956639812
SIGLEC27P	1	0.3010299956639812
SIGLEC28P	1	0.3010299956639812
SIGLEC29P	1	0.3010299956639812
SIGLEC30P	1	0.3010299956639812
SIGLEC31P	1	0.3010299956639812
SIGLEC5	86	1.9395192526186185
SIGLEC6	38	1.591064607026499
SIGLEC7	113	2.0569048513364727
SIGLEC8	85	1.9344984512435677
SIGLEC9	124	2.0969100130080562
SIGLECL1	9	1.0
SIGMAR1	191	2.2833012287035497
SIK1	59	1.7781512503836436
SIK2	86	1.9395192526186185
SIK3	96	1.9867717342662448
SIKE1	37	1.5797835966168101
SIL1	116	2.0681858617461617
SILC1	6	0.8450980400142568
SIM1	86	1.9395192526186185
SIM2	87	1.9444826721501687
SIMALR	2	0.47712125471966244
SIMC1	37	1.5797835966168101
SIMC1P1	3	0.6020599913279624
SIN3A	378	2.578639209968072
SIN3B	139	2.146128035678238
SINHCAF	57	1.7634279935629373
SIPA1	87	1.9444826721501687
SIPA1L1	98	1.99563519459755
SIPA1L1-AS1	1	0.3010299956639812
SIPA1L2	70	1.8512583487190752
SIPA1L3	74	1.8750612633917
SIRAL1	19	1.3010299956639813
SIRAL2	22	1.3617278360175928
SIRLNT	1	0.3010299956639812
SIRPA	400	2.603144372620182
SIRPAP1	3	0.6020599913279624
SIRPB1	49	1.6989700043360187
SIRPB2	8	0.9542425094393249
SIRPB3P	3	0.6020599913279624
SIRPD	10	1.0413926851582251
SIRPG	33	1.5314789170422551
SIRPG-AS1	1	0.3010299956639812
SIRT1	4098	3.6126779183165016
SIRT1-AS	1	0.3010299956639812
SIRT2	590	2.7715874808812555
SIRT3	800	2.9036325160842376
SIRT4	156	2.1958996524092336
SIRT5	240	2.3820170425748683
SIRT6	704	2.848189116991399
SIRT7	249	2.3979400086720375
SIT1	25	1.414973347970818
SIVA1	76	1.8864907251724818
SIX1	326	2.514547752660286
SIX2	86	1.9395192526186185
SIX3	57	1.7634279935629373
SIX3-AS1	2	0.47712125471966244
SIX4	70	1.8512583487190752
SIX5	73	1.8692317197309762
SIX6	72	1.863322860120456
SKA1	103	2.0170333392987803
SKA2	81	1.9138138523837167
SKA2P1	1	0.3010299956639812
SKA3	110	2.0453229787866576
SKAP1	66	1.8260748027008264
SKAP1-AS1	2	0.47712125471966244
SKAP1-AS2	3	0.6020599913279624
SKAP2	56	1.7558748556724915
SKI	246	2.392696953259666
SKIC2	128	2.110589710299249
SKIC3	92	1.968482948553935
SKIC8	119	2.0791812460476247
SKIDA1	13	1.146128035678238
SKIL	178	2.2528530309798933
SKINT1L	3	0.6020599913279624
SKOR1	24	1.3979400086720377
SKOR1-AS1	1	0.3010299956639812
SKOR2	15	1.2041199826559248
SKP1	666	2.824125833916549
SKP1P1	6	0.8450980400142568
SKP1P2	2	0.47712125471966244
SKP2	608	2.784617292632875
SLA	46	1.6720978579357175
SLA2	30	1.4913616938342726
SLAIN1	29	1.4771212547196624
SLAIN2	90	1.9590413923210936
SLAMF1	233	2.369215857410143
SLAMF6	96	1.9867717342662448
SLAMF7	178	2.2528530309798933
SLAMF8	29	1.4771212547196624
SLAMF9	16	1.2304489213782739
SLBP	113	2.0569048513364727
SLC10A1	114	2.060697840353612
SLC10A2	73	1.8692317197309762
SLC10A3	20	1.3222192947339193
SLC10A4	12	1.1139433523068367
SLC10A5	7	0.9030899869919435
SLC10A6	19	1.3010299956639813
SLC10A7	29	1.4771212547196624
SLC11A1	206	2.315970345456918
SLC11A2	143	2.1583624920952498
SLC12A1	187	2.27415784926368
SLC12A2	353	2.5490032620257876
SLC12A2-DT	10	1.0413926851582251
SLC12A3	375	2.575187844927661
SLC12A4	82	1.919078092376074
SLC12A5	114	2.060697840353612
SLC12A5-AS1	1	0.3010299956639812
SLC12A6	104	2.0211892990699383
SLC12A7	82	1.919078092376074
SLC12A8	24	1.3979400086720377
SLC12A9	36	1.568201724066995
SLC12A9-AS1	1	0.3010299956639812
SLC13A1	22	1.3617278360175928
SLC13A2	92	1.968482948553935
SLC13A3	40	1.6127838567197355
SLC13A4	19	1.3010299956639813
SLC13A5	87	1.9444826721501687
SLC14A1	78	1.8976270912904414
SLC14A2	37	1.5797835966168101
SLC15A1	355	2.5514499979728753
SLC15A2	52	1.724275869600789
SLC15A3	24	1.3979400086720377
SLC15A4	57	1.7634279935629373
SLC15A5	7	0.9030899869919435
SLC16A1	356	2.552668216112193
SLC16A1-AS1	10	1.0413926851582251
SLC16A10	68	1.8388490907372552
SLC16A11	29	1.4771212547196624
SLC16A12	22	1.3617278360175928
SLC16A12-AS1	1	0.3010299956639812
SLC16A13	14	1.1760912590556813
SLC16A14	11	1.0791812460476249
SLC16A2	254	2.406540180433955
SLC16A3	111	2.0492180226701815
SLC16A4	338	2.530199698203082
SLC16A5	18	1.2787536009528289
SLC16A6	18	1.2787536009528289
SLC16A7	82	1.919078092376074
SLC16A8	19	1.3010299956639813
SLC16A9	35	1.5563025007672873
SLC17A1	51	1.7160033436347992
SLC17A2	11	1.0791812460476249
SLC17A3	36	1.568201724066995
SLC17A4	15	1.2041199826559248
SLC17A5	54	1.7403626894942439
SLC17A6	74	1.8750612633917
SLC17A6-DT	1	0.3010299956639812
SLC17A7	96	1.9867717342662448
SLC17A8	54	1.7403626894942439
SLC17A9	38	1.591064607026499
SLC18A1	82	1.919078092376074
SLC18A2	329	2.5185139398778875
SLC18A3	129	2.113943352306837
SLC18B1	12	1.1139433523068367
SLC19A1	506	2.705007959333336
SLC19A2	278	2.4456042032735974
SLC19A3	149	2.1760912590556813
SLC19A4P	12	1.1139433523068367
SLC1A1	240	2.3820170425748683
SLC1A2	311	2.494154594018443
SLC1A2-AS2	1	0.3010299956639812
SLC1A3	279	2.4471580313422194
SLC1A3-AS1	1	0.3010299956639812
SLC1A4	97	1.9912260756924949
SLC1A5	571	2.7573960287930244
SLC1A6	47	1.6812412373755872
SLC1A7	25	1.414973347970818
SLC20A1	117	2.0718820073061255
SLC20A1-DT	1	0.3010299956639812
SLC20A1P1	1	0.3010299956639812
SLC20A1P2	1	0.3010299956639812
SLC20A1P3	1	0.3010299956639812
SLC20A2	193	2.287801729930226
SLC22A1	177	2.250420002308894
SLC22A10	12	1.1139433523068367
SLC22A11	91	1.9637878273455553
SLC22A12	359	2.5563025007672873
SLC22A13	26	1.4313637641589874
SLC22A14	22	1.3617278360175928
SLC22A15	12	1.1139433523068367
SLC22A16	51	1.7160033436347992
SLC22A17	31	1.505149978319906
SLC22A2	392	2.5943925503754266
SLC22A20P	9	1.0
SLC22A23	32	1.5185139398778875
SLC22A24	7	0.9030899869919435
SLC22A25	14	1.1760912590556813
SLC22A3	119	2.0791812460476247
SLC22A31	2	0.47712125471966244
SLC22A4	261	2.4183012913197452
SLC22A5	449	2.6532125137753435
SLC22A6	111	2.0492180226701815
SLC22A7	92	1.968482948553935
SLC22A8	68	1.8388490907372552
SLC22A9	44	1.6532125137753437
SLC23A1	74	1.8750612633917
SLC23A2	102	2.012837224705172
SLC23A3	14	1.1760912590556813
SLC23A4P	2	0.47712125471966244
SLC24A1	23	1.380211241711606
SLC24A2	38	1.591064607026499
SLC24A3	23	1.380211241711606
SLC24A3-AS1	1	0.3010299956639812
SLC24A4	52	1.724275869600789
SLC24A5	76	1.8864907251724818
SLC25A1	247	2.3944516808262164
SLC25A10	153	2.187520720836463
SLC25A11	224	2.3521825181113627
SLC25A12	173	2.2405492482826
SLC25A13	421	2.625312450961674
SLC25A14	42	1.6334684555795864
SLC25A15	75	1.8808135922807914
SLC25A16	31	1.505149978319906
SLC25A17	48	1.6901960800285136
SLC25A18	37	1.5797835966168101
SLC25A19	76	1.8864907251724818
SLC25A1P3	1	0.3010299956639812
SLC25A2	29	1.4771212547196624
SLC25A20	85	1.9344984512435677
SLC25A21	48	1.6901960800285136
SLC25A21-AS1	5	0.7781512503836436
SLC25A22	123	2.093421685162235
SLC25A23	31	1.505149978319906
SLC25A24	96	1.9867717342662448
SLC25A24P1	1	0.3010299956639812
SLC25A25	41	1.6232492903979006
SLC25A25-AS1	2	0.47712125471966244
SLC25A26	36	1.568201724066995
SLC25A27	56	1.7558748556724915
SLC25A28	37	1.5797835966168101
SLC25A29	23	1.380211241711606
SLC25A3	301	2.4800069429571505
SLC25A30	17	1.255272505103306
SLC25A30-AS1	1	0.3010299956639812
SLC25A31	42	1.6334684555795864
SLC25A32	38	1.591064607026499
SLC25A33	27	1.4471580313422192
SLC25A34	9	1.0
SLC25A34-AS1	2	0.47712125471966244
SLC25A35	13	1.146128035678238
SLC25A36	31	1.505149978319906
SLC25A37	44	1.6532125137753437
SLC25A38	43	1.6434526764861874
SLC25A38P1	1	0.3010299956639812
SLC25A39	31	1.505149978319906
SLC25A3P1	2	0.47712125471966244
SLC25A4	267	2.428134794028789
SLC25A40	28	1.462397997898956
SLC25A41	9	1.0
SLC25A42	19	1.3010299956639813
SLC25A43	16	1.2304489213782739
SLC25A44	23	1.380211241711606
SLC25A45	15	1.2041199826559248
SLC25A46	59	1.7781512503836436
SLC25A47	14	1.1760912590556813
SLC25A48	21	1.3424226808222062
SLC25A48-AS1	1	0.3010299956639812
SLC25A5	381	2.582063362911709
SLC25A5-AS1	6	0.8450980400142568
SLC25A51	29	1.4771212547196624
SLC25A51P1	1	0.3010299956639812
SLC25A51P4	2	0.47712125471966244
SLC25A52	14	1.1760912590556813
SLC25A53	10	1.0413926851582251
SLC25A5P1	1	0.3010299956639812
SLC25A5P2	2	0.47712125471966244
SLC25A5P3	3	0.6020599913279624
SLC25A5P4	1	0.3010299956639812
SLC25A5P5	1	0.3010299956639812
SLC25A5P6	1	0.3010299956639812
SLC25A5P7	1	0.3010299956639812
SLC25A5P8	1	0.3010299956639812
SLC25A5P9	1	0.3010299956639812
SLC25A6	297	2.4742162640762553
SLC26A1	35	1.5563025007672873
SLC26A10P	7	0.9030899869919435
SLC26A11	20	1.3222192947339193
SLC26A2	158	2.2013971243204513
SLC26A3	177	2.250420002308894
SLC26A4	828	2.9185545305502734
SLC26A4-AS1	7	0.9030899869919435
SLC26A5	117	2.0718820073061255
SLC26A5-AS1	1	0.3010299956639812
SLC26A6	98	1.99563519459755
SLC26A7	35	1.5563025007672873
SLC26A8	30	1.4913616938342726
SLC26A9	74	1.8750612633917
SLC26A9-AS1	2	0.47712125471966244
SLC27A1	84	1.9294189257142926
SLC27A2	82	1.919078092376074
SLC27A3	46	1.6720978579357175
SLC27A4	179	2.255272505103306
SLC27A5	31	1.505149978319906
SLC27A6	34	1.5440680443502757
SLC28A1	53	1.7323937598229686
SLC28A2	41	1.6232492903979006
SLC28A3	59	1.7781512503836436
SLC28A3-AS1	2	0.47712125471966244
SLC29A1	450	2.6541765418779604
SLC29A2	118	2.0755469613925306
SLC29A3	133	2.1271047983648077
SLC29A4	56	1.7558748556724915
SLC2A1	2296	3.361160995195026
SLC2A1-DT	3	0.6020599913279624
SLC2A10	78	1.8976270912904414
SLC2A11	27	1.4471580313422192
SLC2A12	53	1.7323937598229686
SLC2A13	40	1.6127838567197355
SLC2A14	28	1.462397997898956
SLC2A2	269	2.4313637641589874
SLC2A3	394	2.59659709562646
SLC2A3P1	2	0.47712125471966244
SLC2A3P2	1	0.3010299956639812
SLC2A4	1133	3.0546130545568877
SLC2A4RG	56	1.7558748556724915
SLC2A5	121	2.0863598306747484
SLC2A6	285	2.456366033129043
SLC2A7	17	1.255272505103306
SLC2A8	45	1.662757831681574
SLC2A9	172	2.2380461031287955
SLC2AXP1	1	0.3010299956639812
SLC30A1	145	2.164352855784437
SLC30A10	55	1.7481880270062005
SLC30A2	63	1.806179973983887
SLC30A3	61	1.792391689498254
SLC30A4	57	1.7634279935629373
SLC30A4-AS1	3	0.6020599913279624
SLC30A5	73	1.8692317197309762
SLC30A6	71	1.8573324964312685
SLC30A7	83	1.9242792860618816
SLC30A8	468	2.6711728427150834
SLC30A9	65	1.8195439355418688
SLC31A1	291	2.4653828514484184
SLC31A1P1	1	0.3010299956639812
SLC31A2	33	1.5314789170422551
SLC32A1	50	1.7075701760979363
SLC33A1	76	1.8864907251724818
SLC33A2	18	1.2787536009528289
SLC34A1	134	2.130333768495006
SLC34A2	131	2.12057393120585
SLC34A3	70	1.8512583487190752
SLC35A1	64	1.8129133566428555
SLC35A2	63	1.806179973983887
SLC35A3	32	1.5185139398778875
SLC35A4	24	1.3979400086720377
SLC35A5	22	1.3617278360175928
SLC35B1	26	1.4313637641589874
SLC35B2	61	1.792391689498254
SLC35B3	23	1.380211241711606
SLC35B4	31	1.505149978319906
SLC35C1	55	1.7481880270062005
SLC35D1	29	1.4771212547196624
SLC35D2	13	1.146128035678238
SLC35D3	8	0.9542425094393249
SLC35D4	17	1.255272505103306
SLC35E1	61	1.792391689498254
SLC35E2A	15	1.2041199826559248
SLC35E2B	14	1.1760912590556813
SLC35E3	14	1.1760912590556813
SLC35E4	6	0.8450980400142568
SLC35F1	25	1.414973347970818
SLC35F2	41	1.6232492903979006
SLC35F3	14	1.1760912590556813
SLC35F4	6	0.8450980400142568
SLC35F5	16	1.2304489213782739
SLC35F6	35	1.5563025007672873
SLC35G1	25	1.414973347970818
SLC35G2	26	1.4313637641589874
SLC35G3	5	0.7781512503836436
SLC35G4	3	0.6020599913279624
SLC35G5	12	1.1139433523068367
SLC35G6	4	0.6989700043360189
SLC35H1	26	1.4313637641589874
SLC36A1	88	1.9493900066449128
SLC36A2	22	1.3617278360175928
SLC36A3	8	0.9542425094393249
SLC36A4	14	1.1760912590556813
SLC37A1	18	1.2787536009528289
SLC37A2	13	1.146128035678238
SLC37A3	20	1.3222192947339193
SLC37A4	180	2.2576785748691846
SLC38A1	115	2.0644579892269186
SLC38A10	34	1.5440680443502757
SLC38A11	8	0.9542425094393249
SLC38A12	12	1.1139433523068367
SLC38A2	153	2.187520720836463
SLC38A3	76	1.8864907251724818
SLC38A4	26	1.4313637641589874
SLC38A4-AS1	3	0.6020599913279624
SLC38A5	45	1.662757831681574
SLC38A6	20	1.3222192947339193
SLC38A7	24	1.3979400086720377
SLC38A8	20	1.3222192947339193
SLC38A9	40	1.6127838567197355
SLC39A1	96	1.9867717342662448
SLC39A10	84	1.9294189257142926
SLC39A11	37	1.5797835966168101
SLC39A12	17	1.255272505103306
SLC39A12-AS1	1	0.3010299956639812
SLC39A13	34	1.5440680443502757
SLC39A13-AS1	3	0.6020599913279624
SLC39A14	152	2.184691430817599
SLC39A1P1	1	0.3010299956639812
SLC39A2	52	1.724275869600789
SLC39A3	33	1.5314789170422551
SLC39A4	139	2.146128035678238
SLC39A5	25	1.414973347970818
SLC39A6	102	2.012837224705172
SLC39A7	115	2.0644579892269186
SLC39A8	139	2.146128035678238
SLC39A9	42	1.6334684555795864
SLC3A1	150	2.1789769472931693
SLC3A2	521	2.717670503002262
SLC40A1	209	2.322219294733919
SLC41A1	49	1.6989700043360187
SLC41A2	18	1.2787536009528289
SLC41A3	28	1.462397997898956
SLC43A1	41	1.6232492903979006
SLC43A2	24	1.3979400086720377
SLC43A3	31	1.505149978319906
SLC44A1	92	1.968482948553935
SLC44A2	92	1.968482948553935
SLC44A3	17	1.255272505103306
SLC44A3-AS1	4	0.6989700043360189
SLC44A4	61	1.792391689498254
SLC44A5	21	1.3424226808222062
SLC45A1	17	1.255272505103306
SLC45A2	161	2.2095150145426308
SLC45A3	46	1.6720978579357175
SLC45A4	20	1.3222192947339193
SLC46A1	159	2.2041199826559246
SLC46A2	15	1.2041199826559248
SLC46A2-AS1	1	0.3010299956639812
SLC46A3	19	1.3010299956639813
SLC47A1	200	2.303196057420489
SLC47A1P2	1	0.3010299956639812
SLC47A2	102	2.012837224705172
SLC48A1	28	1.462397997898956
SLC49A3	11	1.0791812460476249
SLC49A4	17	1.255272505103306
SLC4A1	439	2.6434526764861874
SLC4A10	26	1.4313637641589874
SLC4A11	115	2.0644579892269186
SLC4A1AP	93	1.9731278535996986
SLC4A2	128	2.110589710299249
SLC4A3	85	1.9344984512435677
SLC4A4	190	2.2810333672477277
SLC4A5	29	1.4771212547196624
SLC4A7	159	2.2041199826559246
SLC4A8	30	1.4913616938342726
SLC4A9	11	1.0791812460476249
SLC50A1	19	1.3010299956639813
SLC51A	48	1.6901960800285136
SLC51B	47	1.6812412373755872
SLC52A1	29	1.4771212547196624
SLC52A2	71	1.8573324964312685
SLC52A3	110	2.0453229787866576
SLC5A1	450	2.6541765418779604
SLC5A10	20	1.3222192947339193
SLC5A11	26	1.4313637641589874
SLC5A12	15	1.2041199826559248
SLC5A2	980	2.9916690073799486
SLC5A3	161	2.2095150145426308
SLC5A4	27	1.4471580313422192
SLC5A4-AS1	2	0.47712125471966244
SLC5A5	181	2.2600713879850747
SLC5A6	66	1.8260748027008264
SLC5A7	81	1.9138138523837167
SLC5A8	102	2.012837224705172
SLC5A9	9	1.0
SLC60A1	13	1.146128035678238
SLC60A1-AS1	4	0.6989700043360189
SLC60A2	18	1.2787536009528289
SLC61A1	29	1.4771212547196624
SLC66A1	20	1.3222192947339193
SLC66A1LP	10	1.0413926851582251
SLC66A2	10	1.0413926851582251
SLC66A3	9	1.0
SLC67A1	59	1.7781512503836436
SLC67A1-AS	9	1.0
SLC67A2	15	1.2041199826559248
SLC68A1	18	1.2787536009528289
SLC6A1	223	2.3502480183341627
SLC6A1-AS1	1	0.3010299956639812
SLC6A10P	7	0.9030899869919435
SLC6A11	53	1.7323937598229686
SLC6A12	31	1.505149978319906
SLC6A12-AS1	2	0.47712125471966244
SLC6A13	49	1.6989700043360187
SLC6A14	73	1.8692317197309762
SLC6A15	91	1.9637878273455553
SLC6A16	9	1.0
SLC6A17	22	1.3617278360175928
SLC6A18	22	1.3617278360175928
SLC6A19	62	1.7993405494535817
SLC6A2	558	2.747411807886423
SLC6A20	56	1.7558748556724915
SLC6A21P	1	0.3010299956639812
SLC6A3	1455	3.1631613749770184
SLC6A4	4082	3.610979379922997
SLC6A5	43	1.6434526764861874
SLC6A6	85	1.9344984512435677
SLC6A6P1	2	0.47712125471966244
SLC6A7	15	1.2041199826559248
SLC6A8	179	2.255272505103306
SLC6A9	166	2.2227164711475833
SLC71A1	14	1.1760912590556813
SLC71A2	16	1.2304489213782739
SLC71A3P	8	0.9542425094393249
SLC75A1	30	1.4913616938342726
SLC7A1	140	2.1492191126553797
SLC7A10	33	1.5314789170422551
SLC7A11	885	2.9474337218870508
SLC7A11-AS1	8	0.9542425094393249
SLC7A13	12	1.1139433523068367
SLC7A14	20	1.3222192947339193
SLC7A14-AS1	1	0.3010299956639812
SLC7A15P	3	0.6020599913279624
SLC7A2	77	1.8920946026904804
SLC7A3	26	1.4313637641589874
SLC7A4	26	1.4313637641589874
SLC7A5	428	2.6324572921847245
SLC7A5P1	6	0.8450980400142568
SLC7A5P2	8	0.9542425094393249
SLC7A6	64	1.8129133566428555
SLC7A6OS	23	1.380211241711606
SLC7A7	105	2.0253058652647704
SLC7A8	77	1.8920946026904804
SLC7A9	186	2.271841606536499
SLC8A1	141	2.1522883443830563
SLC8A1-AS1	6	0.8450980400142568
SLC8A2	28	1.462397997898956
SLC8A3	44	1.6532125137753437
SLC8B1	41	1.6232492903979006
SLC9A1	489	2.690196080028514
SLC9A2	88	1.9493900066449128
SLC9A3	342	2.5352941200427703
SLC9A3-AS1	5	0.7781512503836436
SLC9A3-OT1	5	0.7781512503836436
SLC9A3P1	2	0.47712125471966244
SLC9A4	16	1.2304489213782739
SLC9A5	23	1.380211241711606
SLC9A6	57	1.7634279935629373
SLC9A7	31	1.505149978319906
SLC9A7P1	1	0.3010299956639812
SLC9A8	42	1.6334684555795864
SLC9A9	54	1.7403626894942439
SLC9A9-AS1	1	0.3010299956639812
SLC9B1	8	0.9542425094393249
SLC9B1P1	2	0.47712125471966244
SLC9B2	23	1.380211241711606
SLC9C1	13	1.146128035678238
SLC9C2	5	0.7781512503836436
SLC9D1	27	1.4471580313422192
SLCO1A2	144	2.161368002234975
SLCO1B1	1189	3.0755469613925306
SLCO1B3	451	2.655138434811382
SLCO1B3-SLCO1B7	3	0.6020599913279624
SLCO1B7	9	1.0
SLCO1C1	62	1.7993405494535817
SLCO2A1	210	2.3242824552976926
SLCO2B1	247	2.3944516808262164
SLCO3A1	51	1.7160033436347992
SLCO4A1	56	1.7558748556724915
SLCO4A1-AS1	12	1.1139433523068367
SLCO4C1	42	1.6334684555795864
SLCO5A1	21	1.3424226808222062
SLCO6A1	45	1.662757831681574
SLEAR	1	0.3010299956639812
SLF1	29	1.4771212547196624
SLF2	44	1.6532125137753437
SLFN11	178	2.2528530309798933
SLFN12	29	1.4771212547196624
SLFN12L	17	1.255272505103306
SLFN13	15	1.2041199826559248
SLFN14	21	1.3424226808222062
SLFN5	44	1.6532125137753437
SLFNL1	10	1.0413926851582251
SLFNL1-AS1	1	0.3010299956639812
SLIRP	152	2.184691430817599
SLIRP-OT1	4	0.6989700043360189
SLIRPP2	1	0.3010299956639812
SLIT1	37	1.5797835966168101
SLIT1-AS1	2	0.47712125471966244
SLIT2	220	2.3443922736851106
SLIT2-IT1	2	0.47712125471966244
SLIT3	58	1.7708520116421442
SLIT3-AS1	1	0.3010299956639812
SLIT3-AS2	2	0.47712125471966244
SLITRK1	60	1.7853298350107671
SLITRK2	25	1.414973347970818
SLITRK3	23	1.380211241711606
SLITRK4	28	1.462397997898956
SLITRK5	43	1.6434526764861874
SLITRK6	31	1.505149978319906
SLK	106	2.0293837776852097
SLMAP	88	1.9493900066449128
SLN	33	1.5314789170422551
SLPI	469	2.6720978579357175
SLTM	108	2.037426497940624
SLU7	99	2.0
SLURP1	120	2.0827853703164503
SLURP2	13	1.146128035678238
SLX1A	22	1.3617278360175928
SLX1A-SULT1A3	5	0.7781512503836436
SLX1B	14	1.1760912590556813
SLX1B-SULT1A4	2	0.47712125471966244
SLX4	157	2.1986570869544226
SLX4IP	36	1.568201724066995
SLX9	80	1.9084850188786497
SLX9P1	1	0.3010299956639812
SLX9P2	1	0.3010299956639812
SMAD1	311	2.494154594018443
SMAD1-AS1	2	0.47712125471966244
SMAD1-AS2	1	0.3010299956639812
SMAD2	2176	3.3378584290410944
SMAD3	2624	3.4191293077419758
SMAD3-AS1	1	0.3010299956639812
SMAD4	2096	3.3215984304653436
SMAD5	306	2.4871383754771865
SMAD5-AS1	5	0.7781512503836436
SMAD6	202	2.307496037913213
SMAD7	818	2.9132839017604186
SMAD9	141	2.1522883443830563
SMAGP	15	1.2041199826559248
SMANTIS	4	0.6989700043360189
SMAP1	52	1.724275869600789
SMAP2	57	1.7634279935629373
SMARCA1	199	2.3010299956639813
SMARCA2	607	2.783903579272735
SMARCA4	1706	3.2322335211147335
SMARCA5	366	2.5646660642520893
SMARCAD1	109	2.041392685158225
SMARCAL1	208	2.3201462861110542
SMARCB1	1167	3.0674428427763805
SMARCC1	336	2.5276299008713385
SMARCC2	293	2.4683473304121573
SMARCD1	188	2.2764618041732443
SMARCD2	143	2.1583624920952498
SMARCD3	105	2.0253058652647704
SMARCE1	278	2.4456042032735974
SMASR	2	0.47712125471966244
SMC1A	354	2.550228353055094
SMC1B	26	1.4313637641589874
SMC2	210	2.3242824552976926
SMC2-DT	1	0.3010299956639812
SMC3	388	2.5899496013257077
SMC4	225	2.3541084391474008
SMC5	127	2.1072099696478683
SMC6	123	2.093421685162235
SMCHD1	226	2.3560258571931225
SMCO1	9	1.0
SMCO2	6	0.8450980400142568
SMCO3	11	1.0791812460476249
SMCO4	9	1.0
SMCP	25	1.414973347970818
SMCR2	1	0.3010299956639812
SMCR5	1	0.3010299956639812
SMCR8	63	1.806179973983887
SMDT1	49	1.6989700043360187
SMG1	152	2.184691430817599
SMG1P1	4	0.6989700043360189
SMG1P2	6	0.8450980400142568
SMG1P3	4	0.6989700043360189
SMG1P5	4	0.6989700043360189
SMG1P6	3	0.6020599913279624
SMG1P7	1	0.3010299956639812
SMG5	72	1.863322860120456
SMG6	116	2.0681858617461617
SMG7	113	2.0569048513364727
SMG7-AS1	1	0.3010299956639812
SMG8	47	1.6812412373755872
SMG9	53	1.7323937598229686
SMILR	4	0.6989700043360189
SMIM1	29	1.4771212547196624
SMIM10	2	0.47712125471966244
SMIM10L1	3	0.6020599913279624
SMIM10L2A	10	1.0413926851582251
SMIM10L2B	2	0.47712125471966244
SMIM10L2B-AS1	3	0.6020599913279624
SMIM10L3	2	0.47712125471966244
SMIM11	20	1.3222192947339193
SMIM11P1	2	0.47712125471966244
SMIM12	20	1.3222192947339193
SMIM13	4	0.6989700043360189
SMIM14	13	1.146128035678238
SMIM15	3	0.6020599913279624
SMIM15-AS1	1	0.3010299956639812
SMIM17	4	0.6989700043360189
SMIM18	3	0.6020599913279624
SMIM19	7	0.9030899869919435
SMIM2	3	0.6020599913279624
SMIM2-AS1	2	0.47712125471966244
SMIM20	17	1.255272505103306
SMIM21	9	1.0
SMIM22	3	0.6020599913279624
SMIM23	6	0.8450980400142568
SMIM24	7	0.9030899869919435
SMIM26	10	1.0413926851582251
SMIM29	14	1.1760912590556813
SMIM3	9	1.0
SMIM30	8	0.9542425094393249
SMIM31	7	0.9030899869919435
SMIM32	3	0.6020599913279624
SMIM34	1	0.3010299956639812
SMIM36	1	0.3010299956639812
SMIM38	2	0.47712125471966244
SMIM39	1	0.3010299956639812
SMIM41	1	0.3010299956639812
SMIM43	9	1.0
SMIM45	6	0.8450980400142568
SMIM48	9	1.0
SMIM5	8	0.9542425094393249
SMIM7	5	0.7781512503836436
SMIM8	12	1.1139433523068367
SMIM9	4	0.6989700043360189
SMKR1	1	0.3010299956639812
SMLR1	6	0.8450980400142568
SMN1	1041	3.0178677189635055
SMN1-AS1	2	0.47712125471966244
SMN2	782	2.8937617620579434
SMNDC1	93	1.9731278535996986
SMO	173	2.2405492482826
SMOC1	63	1.806179973983887
SMOC2	57	1.7634279935629373
SMOX	47	1.6812412373755872
SMPD1	259	2.4149733479708178
SMPD2	55	1.7481880270062005
SMPD3	113	2.0569048513364727
SMPD4	92	1.968482948553935
SMPD4BP	3	0.6020599913279624
SMPD5	1	0.3010299956639812
SMPDL3A	17	1.255272505103306
SMPDL3B	59	1.7781512503836436
SMPX	29	1.4771212547196624
SMR3A	13	1.146128035678238
SMR3B	33	1.5314789170422551
SMS	69	1.845098040014257
SMTN	130	2.1172712956557644
SMTNL1	16	1.2304489213782739
SMTNL2	14	1.1760912590556813
SMU1	133	2.1271047983648077
SMU1P1	1	0.3010299956639812
SMUG1	94	1.9777236052888478
SMURF1	320	2.506505032404872
SMURF2	310	2.4927603890268375
SMYD1	42	1.6334684555795864
SMYD2	134	2.130333768495006
SMYD3	210	2.3242824552976926
SMYD3-IT1	2	0.47712125471966244
SMYD4	25	1.414973347970818
SMYD5	27	1.4471580313422192
SNAI1	2076	3.317436496535099
SNAI1P1	6	0.8450980400142568
SNAI2	558	2.747411807886423
SNAI3	19	1.3010299956639813
SNAI3-AS1	6	0.8450980400142568
SNAP23	324	2.5118833609788744
SNAP23P1	1	0.3010299956639812
SNAP25	554	2.7442929831226763
SNAP25-AS1	2	0.47712125471966244
SNAP29	159	2.2041199826559246
SNAP47	56	1.7558748556724915
SNAP47-AS1	1	0.3010299956639812
SNAP91	62	1.7993405494535817
SNAPC1	40	1.6127838567197355
SNAPC2	28	1.462397997898956
SNAPC3	34	1.5440680443502757
SNAPC4	52	1.724275869600789
SNAPC5	27	1.4471580313422192
SNAPIN	95	1.9822712330395684
SNAR-A1	2	0.47712125471966244
SNAR-A10	1	0.3010299956639812
SNAR-A11	1	0.3010299956639812
SNAR-A12	1	0.3010299956639812
SNAR-A13	1	0.3010299956639812
SNAR-A14	1	0.3010299956639812
SNAR-A2	1	0.3010299956639812
SNAR-A3	1	0.3010299956639812
SNAR-A4	1	0.3010299956639812
SNAR-A5	1	0.3010299956639812
SNAR-A6	1	0.3010299956639812
SNAR-A7	1	0.3010299956639812
SNAR-A8	1	0.3010299956639812
SNAR-A9	1	0.3010299956639812
SNAR-B1	1	0.3010299956639812
SNAR-B2	2	0.47712125471966244
SNAR-C1	1	0.3010299956639812
SNAR-C2	1	0.3010299956639812
SNAR-C3	1	0.3010299956639812
SNAR-C4	1	0.3010299956639812
SNAR-C5	1	0.3010299956639812
SNAR-D	1	0.3010299956639812
SNAR-E	5	0.7781512503836436
SNAR-F	1	0.3010299956639812
SNAR-G1	1	0.3010299956639812
SNAR-G2	1	0.3010299956639812
SNAR-H	1	0.3010299956639812
SNAR-I	2	0.47712125471966244
SNCA	3690	3.5671440451956573
SNCA-AS1	1	0.3010299956639812
SNCAIP	162	2.2121876044039577
SNCAIP-AS3	1	0.3010299956639812
SNCB	132	2.123851640967086
SNCG	194	2.290034611362518
SND1	419	2.6232492903979003
SND1-IT1	5	0.7781512503836436
SNED1	15	1.2041199826559248
SNF8	68	1.8388490907372552
SNHG1	146	2.167317334748176
SNHG10	15	1.2041199826559248
SNHG11	26	1.4313637641589874
SNHG12	68	1.8388490907372552
SNHG14	79	1.9030899869919435
SNHG15	45	1.662757831681574
SNHG16	97	1.9912260756924949
SNHG17	32	1.5185139398778875
SNHG18	9	1.0
SNHG19	4	0.6989700043360189
SNHG20	29	1.4771212547196624
SNHG21	5	0.7781512503836436
SNHG22	7	0.9030899869919435
SNHG25	8	0.9542425094393249
SNHG26	4	0.6989700043360189
SNHG28	6	0.8450980400142568
SNHG29	27	1.4471580313422192
SNHG3	49	1.6989700043360187
SNHG30	2	0.47712125471966244
SNHG31	2	0.47712125471966244
SNHG32	29	1.4771212547196624
SNHG33	6	0.8450980400142568
SNHG4	29	1.4771212547196624
SNHG5	47	1.6812412373755872
SNHG6	54	1.7403626894942439
SNHG7	52	1.724275869600789
SNHG8	31	1.505149978319906
SNHG9	9	1.0
SNIP1	102	2.012837224705172
SNN	21	1.3424226808222062
SNORA1	3	0.6020599913279624
SNORA10	5	0.7781512503836436
SNORA100	1	0.3010299956639812
SNORA101A	1	0.3010299956639812
SNORA101B	3	0.6020599913279624
SNORA103	1	0.3010299956639812
SNORA104	1	0.3010299956639812
SNORA105A	1	0.3010299956639812
SNORA105B	1	0.3010299956639812
SNORA105C	1	0.3010299956639812
SNORA107	1	0.3010299956639812
SNORA108	1	0.3010299956639812
SNORA109	1	0.3010299956639812
SNORA10B	1	0.3010299956639812
SNORA11	4	0.6989700043360189
SNORA110	1	0.3010299956639812
SNORA111	1	0.3010299956639812
SNORA112	1	0.3010299956639812
SNORA113	1	0.3010299956639812
SNORA114	1	0.3010299956639812
SNORA115	1	0.3010299956639812
SNORA116	1	0.3010299956639812
SNORA117	1	0.3010299956639812
SNORA118	1	0.3010299956639812
SNORA119	1	0.3010299956639812
SNORA11B	2	0.47712125471966244
SNORA11C	2	0.47712125471966244
SNORA11D	3	0.6020599913279624
SNORA11E	2	0.47712125471966244
SNORA11F	1	0.3010299956639812
SNORA11G	1	0.3010299956639812
SNORA12	5	0.7781512503836436
SNORA120	1	0.3010299956639812
SNORA13	6	0.8450980400142568
SNORA14A	5	0.7781512503836436
SNORA14B	3	0.6020599913279624
SNORA15	3	0.6020599913279624
SNORA15B-1	1	0.3010299956639812
SNORA15B-2	1	0.3010299956639812
SNORA16A	4	0.6989700043360189
SNORA16B	3	0.6020599913279624
SNORA17A	4	0.6989700043360189
SNORA17B	5	0.7781512503836436
SNORA18	5	0.7781512503836436
SNORA19	4	0.6989700043360189
SNORA1B	1	0.3010299956639812
SNORA20	3	0.6020599913279624
SNORA20B	1	0.3010299956639812
SNORA21	9	1.0
SNORA21B	1	0.3010299956639812
SNORA22	3	0.6020599913279624
SNORA22B	1	0.3010299956639812
SNORA22C	1	0.3010299956639812
SNORA23	5	0.7781512503836436
SNORA24	6	0.8450980400142568
SNORA24B	1	0.3010299956639812
SNORA25	3	0.6020599913279624
SNORA25B	1	0.3010299956639812
SNORA26	4	0.6989700043360189
SNORA27	4	0.6989700043360189
SNORA28	3	0.6020599913279624
SNORA29	3	0.6020599913279624
SNORA2A	4	0.6989700043360189
SNORA2B	4	0.6989700043360189
SNORA2C	6	0.8450980400142568
SNORA30	4	0.6989700043360189
SNORA30B	1	0.3010299956639812
SNORA31	4	0.6989700043360189
SNORA31B	1	0.3010299956639812
SNORA32	4	0.6989700043360189
SNORA33	6	0.8450980400142568
SNORA35	3	0.6020599913279624
SNORA35B	1	0.3010299956639812
SNORA36A	4	0.6989700043360189
SNORA36B	3	0.6020599913279624
SNORA36C	2	0.47712125471966244
SNORA37	3	0.6020599913279624
SNORA38	4	0.6989700043360189
SNORA38B	2	0.47712125471966244
SNORA3A	4	0.6989700043360189
SNORA3B	5	0.7781512503836436
SNORA3C	1	0.3010299956639812
SNORA4	4	0.6989700043360189
SNORA40	4	0.6989700043360189
SNORA40B	1	0.3010299956639812
SNORA40C	1	0.3010299956639812
SNORA41	5	0.7781512503836436
SNORA41B	1	0.3010299956639812
SNORA44	3	0.6020599913279624
SNORA46	3	0.6020599913279624
SNORA47	3	0.6020599913279624
SNORA48	5	0.7781512503836436
SNORA48B	1	0.3010299956639812
SNORA49	4	0.6989700043360189
SNORA50A	3	0.6020599913279624
SNORA50B	1	0.3010299956639812
SNORA50C	6	0.8450980400142568
SNORA50D	1	0.3010299956639812
SNORA51	4	0.6989700043360189
SNORA52	7	0.9030899869919435
SNORA53	5	0.7781512503836436
SNORA54	6	0.8450980400142568
SNORA55	4	0.6989700043360189
SNORA56	4	0.6989700043360189
SNORA57	6	0.8450980400142568
SNORA58	4	0.6989700043360189
SNORA58B	1	0.3010299956639812
SNORA59A	4	0.6989700043360189
SNORA59B	3	0.6020599913279624
SNORA5A	6	0.8450980400142568
SNORA5B	3	0.6020599913279624
SNORA5C	6	0.8450980400142568
SNORA6	5	0.7781512503836436
SNORA60	4	0.6989700043360189
SNORA61	4	0.6989700043360189
SNORA62	5	0.7781512503836436
SNORA63	11	1.0791812460476249
SNORA63B	1	0.3010299956639812
SNORA63C	1	0.3010299956639812
SNORA63D	1	0.3010299956639812
SNORA63E	1	0.3010299956639812
SNORA64	7	0.9030899869919435
SNORA65	5	0.7781512503836436
SNORA66	5	0.7781512503836436
SNORA67	6	0.8450980400142568
SNORA68	4	0.6989700043360189
SNORA68B	1	0.3010299956639812
SNORA69	6	0.8450980400142568
SNORA70	5	0.7781512503836436
SNORA70B	2	0.47712125471966244
SNORA70C	4	0.6989700043360189
SNORA70D	1	0.3010299956639812
SNORA70E	2	0.47712125471966244
SNORA70F	2	0.47712125471966244
SNORA70G	1	0.3010299956639812
SNORA70H	1	0.3010299956639812
SNORA70I	1	0.3010299956639812
SNORA70J	1	0.3010299956639812
SNORA71A	6	0.8450980400142568
SNORA71B	4	0.6989700043360189
SNORA71C	3	0.6020599913279624
SNORA71D	5	0.7781512503836436
SNORA71E	3	0.6020599913279624
SNORA72	4	0.6989700043360189
SNORA73A	9	1.0
SNORA73B	9	1.0
SNORA74A	8	0.9542425094393249
SNORA74B	6	0.8450980400142568
SNORA74C-1	1	0.3010299956639812
SNORA74C-2	1	0.3010299956639812
SNORA74D	2	0.47712125471966244
SNORA75	5	0.7781512503836436
SNORA75B	1	0.3010299956639812
SNORA77	4	0.6989700043360189
SNORA77B	1	0.3010299956639812
SNORA78	5	0.7781512503836436
SNORA79	4	0.6989700043360189
SNORA79B	2	0.47712125471966244
SNORA7A	6	0.8450980400142568
SNORA7B	4	0.6989700043360189
SNORA8	6	0.8450980400142568
SNORA80A	4	0.6989700043360189
SNORA80B	2	0.47712125471966244
SNORA80C	1	0.3010299956639812
SNORA80D	1	0.3010299956639812
SNORA80E	10	1.0413926851582251
SNORA81	6	0.8450980400142568
SNORA84	2	0.47712125471966244
SNORA86	1	0.3010299956639812
SNORA87	1	0.3010299956639812
SNORA88	1	0.3010299956639812
SNORA89	1	0.3010299956639812
SNORA9	3	0.6020599913279624
SNORA90	1	0.3010299956639812
SNORA91	1	0.3010299956639812
SNORA92	1	0.3010299956639812
SNORA93	2	0.47712125471966244
SNORA94	1	0.3010299956639812
SNORA95	1	0.3010299956639812
SNORA98	1	0.3010299956639812
SNORA99	2	0.47712125471966244
SNORA9B	1	0.3010299956639812
SNORC	15	1.2041199826559248
SNORD10	4	0.6989700043360189
SNORD100	2	0.47712125471966244
SNORD101	4	0.6989700043360189
SNORD102	2	0.47712125471966244
SNORD103A	2	0.47712125471966244
SNORD103B	2	0.47712125471966244
SNORD103C	3	0.6020599913279624
SNORD104	6	0.8450980400142568
SNORD105	4	0.6989700043360189
SNORD105B	4	0.6989700043360189
SNORD107	2	0.47712125471966244
SNORD108	2	0.47712125471966244
SNORD109A	2	0.47712125471966244
SNORD109B	3	0.6020599913279624
SNORD11	2	0.47712125471966244
SNORD110	3	0.6020599913279624
SNORD111	3	0.6020599913279624
SNORD111B	5	0.7781512503836436
SNORD112	2	0.47712125471966244
SNORD113-1	4	0.6989700043360189
SNORD113-2	2	0.47712125471966244
SNORD113-3	2	0.47712125471966244
SNORD113-4	2	0.47712125471966244
SNORD113-5	2	0.47712125471966244
SNORD113-6	2	0.47712125471966244
SNORD113-7	2	0.47712125471966244
SNORD113-8	2	0.47712125471966244
SNORD113-9	2	0.47712125471966244
SNORD114-1	2	0.47712125471966244
SNORD114-10	2	0.47712125471966244
SNORD114-11	2	0.47712125471966244
SNORD114-12	2	0.47712125471966244
SNORD114-13	2	0.47712125471966244
SNORD114-14	2	0.47712125471966244
SNORD114-15	2	0.47712125471966244
SNORD114-16	2	0.47712125471966244
SNORD114-17	2	0.47712125471966244
SNORD114-18	2	0.47712125471966244
SNORD114-19	2	0.47712125471966244
SNORD114-2	2	0.47712125471966244
SNORD114-20	2	0.47712125471966244
SNORD114-21	2	0.47712125471966244
SNORD114-22	2	0.47712125471966244
SNORD114-23	2	0.47712125471966244
SNORD114-24	2	0.47712125471966244
SNORD114-25	2	0.47712125471966244
SNORD114-26	2	0.47712125471966244
SNORD114-27	2	0.47712125471966244
SNORD114-28	2	0.47712125471966244
SNORD114-29	2	0.47712125471966244
SNORD114-3	3	0.6020599913279624
SNORD114-30	2	0.47712125471966244
SNORD114-31	4	0.6989700043360189
SNORD114-4	2	0.47712125471966244
SNORD114-5	2	0.47712125471966244
SNORD114-6	2	0.47712125471966244
SNORD114-7	2	0.47712125471966244
SNORD114-8	2	0.47712125471966244
SNORD114-9	2	0.47712125471966244
SNORD115-1	14	1.1760912590556813
SNORD115-10	7	0.9030899869919435
SNORD115-11	7	0.9030899869919435
SNORD115-12	7	0.9030899869919435
SNORD115-13	7	0.9030899869919435
SNORD115-14	7	0.9030899869919435
SNORD115-15	7	0.9030899869919435
SNORD115-16	7	0.9030899869919435
SNORD115-17	7	0.9030899869919435
SNORD115-18	7	0.9030899869919435
SNORD115-19	7	0.9030899869919435
SNORD115-2	7	0.9030899869919435
SNORD115-20	7	0.9030899869919435
SNORD115-21	7	0.9030899869919435
SNORD115-22	7	0.9030899869919435
SNORD115-23	7	0.9030899869919435
SNORD115-24	2	0.47712125471966244
SNORD115-25	7	0.9030899869919435
SNORD115-26	7	0.9030899869919435
SNORD115-27	2	0.47712125471966244
SNORD115-28	2	0.47712125471966244
SNORD115-29	7	0.9030899869919435
SNORD115-3	7	0.9030899869919435
SNORD115-30	7	0.9030899869919435
SNORD115-31	7	0.9030899869919435
SNORD115-32	7	0.9030899869919435
SNORD115-33	7	0.9030899869919435
SNORD115-34	7	0.9030899869919435
SNORD115-35	7	0.9030899869919435
SNORD115-36	7	0.9030899869919435
SNORD115-37	7	0.9030899869919435
SNORD115-38	7	0.9030899869919435
SNORD115-39	7	0.9030899869919435
SNORD115-4	7	0.9030899869919435
SNORD115-40	7	0.9030899869919435
SNORD115-41	7	0.9030899869919435
SNORD115-42	7	0.9030899869919435
SNORD115-43	7	0.9030899869919435
SNORD115-44	7	0.9030899869919435
SNORD115-45	2	0.47712125471966244
SNORD115-46	2	0.47712125471966244
SNORD115-47	2	0.47712125471966244
SNORD115-48	7	0.9030899869919435
SNORD115-5	7	0.9030899869919435
SNORD115-6	7	0.9030899869919435
SNORD115-7	7	0.9030899869919435
SNORD115-8	7	0.9030899869919435
SNORD115-9	7	0.9030899869919435
SNORD116-1	31	1.505149978319906
SNORD116-10	3	0.6020599913279624
SNORD116-11	3	0.6020599913279624
SNORD116-12	3	0.6020599913279624
SNORD116-13	4	0.6989700043360189
SNORD116-14	4	0.6989700043360189
SNORD116-15	3	0.6020599913279624
SNORD116-16	3	0.6020599913279624
SNORD116-17	3	0.6020599913279624
SNORD116-18	5	0.7781512503836436
SNORD116-19	4	0.6989700043360189
SNORD116-2	3	0.6020599913279624
SNORD116-20	4	0.6989700043360189
SNORD116-21	5	0.7781512503836436
SNORD116-22	4	0.6989700043360189
SNORD116-23	3	0.6020599913279624
SNORD116-24	4	0.6989700043360189
SNORD116-25	3	0.6020599913279624
SNORD116-26	4	0.6989700043360189
SNORD116-27	4	0.6989700043360189
SNORD116-28	3	0.6020599913279624
SNORD116-29	4	0.6989700043360189
SNORD116-3	3	0.6020599913279624
SNORD116-30	2	0.47712125471966244
SNORD116-4	4	0.6989700043360189
SNORD116-5	4	0.6989700043360189
SNORD116-6	5	0.7781512503836436
SNORD116-7	4	0.6989700043360189
SNORD116-8	4	0.6989700043360189
SNORD116-9	3	0.6020599913279624
SNORD117	3	0.6020599913279624
SNORD118	21	1.3424226808222062
SNORD119	2	0.47712125471966244
SNORD11B	3	0.6020599913279624
SNORD12	2	0.47712125471966244
SNORD121A	2	0.47712125471966244
SNORD121B	2	0.47712125471966244
SNORD123	3	0.6020599913279624
SNORD124	4	0.6989700043360189
SNORD125	3	0.6020599913279624
SNORD126	6	0.8450980400142568
SNORD127	2	0.47712125471966244
SNORD128	2	0.47712125471966244
SNORD129	1	0.3010299956639812
SNORD12B	4	0.6989700043360189
SNORD12C	4	0.6989700043360189
SNORD13	8	0.9542425094393249
SNORD130	1	0.3010299956639812
SNORD131	1	0.3010299956639812
SNORD132	1	0.3010299956639812
SNORD133	3	0.6020599913279624
SNORD134	2	0.47712125471966244
SNORD135	2	0.47712125471966244
SNORD136	2	0.47712125471966244
SNORD137	1	0.3010299956639812
SNORD138	11	1.0791812460476249
SNORD139	3	0.6020599913279624
SNORD13B-1	1	0.3010299956639812
SNORD13B-2	1	0.3010299956639812
SNORD13C	1	0.3010299956639812
SNORD13D	1	0.3010299956639812
SNORD13E	1	0.3010299956639812
SNORD13F	1	0.3010299956639812
SNORD13G	1	0.3010299956639812
SNORD13H	1	0.3010299956639812
SNORD13I	1	0.3010299956639812
SNORD13J	1	0.3010299956639812
SNORD13P1	2	0.47712125471966244
SNORD13P2	2	0.47712125471966244
SNORD140	2	0.47712125471966244
SNORD141A	1	0.3010299956639812
SNORD141B	1	0.3010299956639812
SNORD142	2	0.47712125471966244
SNORD143	2	0.47712125471966244
SNORD144	2	0.47712125471966244
SNORD145	1	0.3010299956639812
SNORD146	1	0.3010299956639812
SNORD147	1	0.3010299956639812
SNORD148	1	0.3010299956639812
SNORD149	1	0.3010299956639812
SNORD14A	2	0.47712125471966244
SNORD14B	2	0.47712125471966244
SNORD14C	6	0.8450980400142568
SNORD14D	5	0.7781512503836436
SNORD14E	5	0.7781512503836436
SNORD150	1	0.3010299956639812
SNORD151	1	0.3010299956639812
SNORD152	1	0.3010299956639812
SNORD153	1	0.3010299956639812
SNORD154	1	0.3010299956639812
SNORD155	1	0.3010299956639812
SNORD156	1	0.3010299956639812
SNORD157	1	0.3010299956639812
SNORD158	1	0.3010299956639812
SNORD159	1	0.3010299956639812
SNORD15A	5	0.7781512503836436
SNORD15B	7	0.9030899869919435
SNORD16	6	0.8450980400142568
SNORD160	1	0.3010299956639812
SNORD161	1	0.3010299956639812
SNORD162	1	0.3010299956639812
SNORD163	1	0.3010299956639812
SNORD164	1	0.3010299956639812
SNORD165	1	0.3010299956639812
SNORD166	1	0.3010299956639812
SNORD167	1	0.3010299956639812
SNORD168	1	0.3010299956639812
SNORD169	1	0.3010299956639812
SNORD17	5	0.7781512503836436
SNORD170	1	0.3010299956639812
SNORD172	1	0.3010299956639812
SNORD173	1	0.3010299956639812
SNORD175	1	0.3010299956639812
SNORD18A	4	0.6989700043360189
SNORD18B	5	0.7781512503836436
SNORD18C	5	0.7781512503836436
SNORD19	6	0.8450980400142568
SNORD19B	4	0.6989700043360189
SNORD19C	1	0.3010299956639812
SNORD1A	2	0.47712125471966244
SNORD1B	2	0.47712125471966244
SNORD1C	6	0.8450980400142568
SNORD2	4	0.6989700043360189
SNORD20	4	0.6989700043360189
SNORD21	5	0.7781512503836436
SNORD22	7	0.9030899869919435
SNORD23	4	0.6989700043360189
SNORD24	9	1.0
SNORD25	7	0.9030899869919435
SNORD26	6	0.8450980400142568
SNORD27	6	0.8450980400142568
SNORD28	5	0.7781512503836436
SNORD28B	1	0.3010299956639812
SNORD29	4	0.6989700043360189
SNORD30	6	0.8450980400142568
SNORD31	5	0.7781512503836436
SNORD31B	1	0.3010299956639812
SNORD32A	3	0.6020599913279624
SNORD32B	2	0.47712125471966244
SNORD33	5	0.7781512503836436
SNORD34	6	0.8450980400142568
SNORD35A	4	0.6989700043360189
SNORD35B	6	0.8450980400142568
SNORD36A	5	0.7781512503836436
SNORD36B	5	0.7781512503836436
SNORD36C	5	0.7781512503836436
SNORD37	3	0.6020599913279624
SNORD38A	4	0.6989700043360189
SNORD38B	3	0.6020599913279624
SNORD38C	1	0.3010299956639812
SNORD38D	1	0.3010299956639812
SNORD3A	16	1.2304489213782739
SNORD3B-1	5	0.7781512503836436
SNORD3B-2	4	0.6989700043360189
SNORD3C	6	0.8450980400142568
SNORD3D	2	0.47712125471966244
SNORD3E	1	0.3010299956639812
SNORD3F	2	0.47712125471966244
SNORD3G	1	0.3010299956639812
SNORD3H	1	0.3010299956639812
SNORD3I	1	0.3010299956639812
SNORD3J	1	0.3010299956639812
SNORD3K	1	0.3010299956639812
SNORD3P1	3	0.6020599913279624
SNORD3P3	4	0.6989700043360189
SNORD3P4	1	0.3010299956639812
SNORD41	4	0.6989700043360189
SNORD42A	4	0.6989700043360189
SNORD42B	3	0.6020599913279624
SNORD43	4	0.6989700043360189
SNORD44	5	0.7781512503836436
SNORD45A	5	0.7781512503836436
SNORD45B	3	0.6020599913279624
SNORD45C	2	0.47712125471966244
SNORD46	3	0.6020599913279624
SNORD47	3	0.6020599913279624
SNORD48	4	0.6989700043360189
SNORD49A	4	0.6989700043360189
SNORD49B	2	0.47712125471966244
SNORD4A	2	0.47712125471966244
SNORD4B	2	0.47712125471966244
SNORD5	3	0.6020599913279624
SNORD50A	8	0.9542425094393249
SNORD50B	5	0.7781512503836436
SNORD51	2	0.47712125471966244
SNORD52	4	0.6989700043360189
SNORD53	3	0.6020599913279624
SNORD53B	1	0.3010299956639812
SNORD54	4	0.6989700043360189
SNORD55	4	0.6989700043360189
SNORD56	4	0.6989700043360189
SNORD57	5	0.7781512503836436
SNORD58A	3	0.6020599913279624
SNORD58B	3	0.6020599913279624
SNORD58C	5	0.7781512503836436
SNORD59A	3	0.6020599913279624
SNORD59B	3	0.6020599913279624
SNORD6	3	0.6020599913279624
SNORD60	4	0.6989700043360189
SNORD61	4	0.6989700043360189
SNORD62A	3	0.6020599913279624
SNORD62B	3	0.6020599913279624
SNORD63	4	0.6989700043360189
SNORD63B	1	0.3010299956639812
SNORD64	2	0.47712125471966244
SNORD65	2	0.47712125471966244
SNORD65B	1	0.3010299956639812
SNORD65C	1	0.3010299956639812
SNORD66	3	0.6020599913279624
SNORD67	3	0.6020599913279624
SNORD68	3	0.6020599913279624
SNORD69	5	0.7781512503836436
SNORD7	4	0.6989700043360189
SNORD70	2	0.47712125471966244
SNORD70B	1	0.3010299956639812
SNORD71	5	0.7781512503836436
SNORD72	2	0.47712125471966244
SNORD73A	3	0.6020599913279624
SNORD73B	4	0.6989700043360189
SNORD74	5	0.7781512503836436
SNORD74B	1	0.3010299956639812
SNORD75	4	0.6989700043360189
SNORD76	9	1.0
SNORD77	4	0.6989700043360189
SNORD77B	1	0.3010299956639812
SNORD78	5	0.7781512503836436
SNORD79	4	0.6989700043360189
SNORD8	3	0.6020599913279624
SNORD80	4	0.6989700043360189
SNORD81	5	0.7781512503836436
SNORD82	4	0.6989700043360189
SNORD83A	3	0.6020599913279624
SNORD83B	3	0.6020599913279624
SNORD84	2	0.47712125471966244
SNORD86	5	0.7781512503836436
SNORD87	6	0.8450980400142568
SNORD88A	2	0.47712125471966244
SNORD88B	4	0.6989700043360189
SNORD88C	3	0.6020599913279624
SNORD89	3	0.6020599913279624
SNORD9	4	0.6989700043360189
SNORD90	3	0.6020599913279624
SNORD91A	2	0.47712125471966244
SNORD91B	2	0.47712125471966244
SNORD92	2	0.47712125471966244
SNORD93	2	0.47712125471966244
SNORD94	2	0.47712125471966244
SNORD95	3	0.6020599913279624
SNORD96A	3	0.6020599913279624
SNORD96B	2	0.47712125471966244
SNORD97	2	0.47712125471966244
SNORD98	2	0.47712125471966244
SNORD99	3	0.6020599913279624
SNPH	36	1.568201724066995
SNRK	44	1.6532125137753437
SNRNP200	390	2.5921767573958667
SNRNP25	23	1.380211241711606
SNRNP27	52	1.724275869600789
SNRNP35	40	1.6127838567197355
SNRNP40	156	2.1958996524092336
SNRNP48	32	1.5185139398778875
SNRNP70	353	2.5490032620257876
SNRPA	202	2.307496037913213
SNRPA1	218	2.3404441148401185
SNRPB	319	2.505149978319906
SNRPB2	179	2.255272505103306
SNRPBP1	1	0.3010299956639812
SNRPC	123	2.093421685162235
SNRPCP19	1	0.3010299956639812
SNRPCP9	1	0.3010299956639812
SNRPD1	276	2.4424797690644486
SNRPD2	283	2.4533183400470375
SNRPD2P1	3	0.6020599913279624
SNRPD2P2	1	0.3010299956639812
SNRPD3	312	2.4955443375464483
SNRPE	238	2.3783979009481375
SNRPEP1	1	0.3010299956639812
SNRPEP2	4	0.6989700043360189
SNRPEP3	1	0.3010299956639812
SNRPF	187	2.27415784926368
SNRPFP1	1	0.3010299956639812
SNRPG	155	2.1931245983544616
SNRPGP10	1	0.3010299956639812
SNRPGP15	30	1.4913616938342726
SNRPGP7	1	0.3010299956639812
SNRPN	332	2.5224442335063197
SNTA1	91	1.9637878273455553
SNTB1	83	1.9242792860618816
SNTB1-AS2	1	0.3010299956639812
SNTB2	117	2.0718820073061255
SNTG1	41	1.6232492903979006
SNTG2	27	1.4471580313422192
SNTN	4	0.6989700043360189
SNU13	188	2.2764618041732443
SNUPN	57	1.7634279935629373
SNURF	32	1.5185139398778875
SNURFL	1	0.3010299956639812
SNW1	278	2.4456042032735974
SNX1	174	2.2430380486862944
SNX10	69	1.845098040014257
SNX10-AS1	1	0.3010299956639812
SNX11	26	1.4313637641589874
SNX12	36	1.568201724066995
SNX13	38	1.591064607026499
SNX14	51	1.7160033436347992
SNX15	34	1.5440680443502757
SNX16	38	1.591064607026499
SNX17	102	2.012837224705172
SNX18	72	1.863322860120456
SNX19	51	1.7160033436347992
SNX2	145	2.164352855784437
SNX20	25	1.414973347970818
SNX21	22	1.3617278360175928
SNX22	17	1.255272505103306
SNX24	27	1.4471580313422192
SNX25	28	1.462397997898956
SNX27	157	2.1986570869544226
SNX29	40	1.6127838567197355
SNX29P1	5	0.7781512503836436
SNX29P2	2	0.47712125471966244
SNX3	111	2.0492180226701815
SNX30	28	1.462397997898956
SNX31	17	1.255272505103306
SNX32	23	1.380211241711606
SNX33	48	1.6901960800285136
SNX4	68	1.8388490907372552
SNX5	116	2.0681858617461617
SNX5P1	1	0.3010299956639812
SNX6	119	2.0791812460476247
SNX7	31	1.505149978319906
SNX7-DT	1	0.3010299956639812
SNX8	54	1.7403626894942439
SNX9	182	2.2624510897304293
SOAT1	178	2.2528530309798933
SOAT2	59	1.7781512503836436
SOBP	21	1.3424226808222062
SOCAR	1	0.3010299956639812
SOCS1	1005	3.0025979807199086
SOCS2	291	2.4653828514484184
SOCS2-AS1	9	1.0
SOCS2P2	1	0.3010299956639812
SOCS3	1295	3.1126050015345745
SOCS4	36	1.568201724066995
SOCS5	93	1.9731278535996986
SOCS6	108	2.037426497940624
SOCS7	45	1.662757831681574
SOD1	3493	3.543322900646912
SOD1-DT	2	0.47712125471966244
SOD2	987	2.9947569445876283
SOD2-OT1	2	0.47712125471966244
SOD3	339	2.531478917042255
SOFU1	9	1.0
SOHLH1	23	1.380211241711606
SOHLH2	27	1.4471580313422192
SON	218	2.3404441148401185
SONP1	1	0.3010299956639812
SORBS1	127	2.1072099696478683
SORBS2	111	2.0492180226701815
SORBS2-AS1	2	0.47712125471966244
SORBS3	100	2.0043213737826426
SORCS1	55	1.7481880270062005
SORCS2	41	1.6232492903979006
SORCS3	29	1.4771212547196624
SORCS3-AS1	2	0.47712125471966244
SORD	99	2.0
SORD2P	5	0.7781512503836436
SORL1	391	2.593286067020457
SORL1-AS1	2	0.47712125471966244
SORT1	243	2.387389826338729
SOS1	357	2.5538830266438746
SOS1-IT1	1	0.3010299956639812
SOS2	78	1.8976270912904414
SOST	961	2.983175072037813
SOSTDC1	71	1.8573324964312685
SOWAHA	14	1.1760912590556813
SOWAHB	15	1.2041199826559248
SOWAHC	32	1.5185139398778875
SOWAHD	3	0.6020599913279624
SOX1	150	2.1789769472931693
SOX1-OT	5	0.7781512503836436
SOX10	643	2.808885867359812
SOX11	272	2.436162647040756
SOX12	67	1.8325089127062364
SOX13	65	1.8195439355418688
SOX14	40	1.6127838567197355
SOX15	45	1.662757831681574
SOX17	258	2.413299764081252
SOX18	125	2.100370545117563
SOX2	2248	3.351989455435632
SOX2-OT	63	1.806179973983887
SOX21	44	1.6532125137753437
SOX21-AS1	21	1.3424226808222062
SOX3	146	2.167317334748176
SOX30	40	1.6127838567197355
SOX4	495	2.6954816764901977
SOX5	202	2.307496037913213
SOX5-AS1	3	0.6020599913279624
SOX5P1	3	0.6020599913279624
SOX6	208	2.3201462861110542
SOX7	97	1.9912260756924949
SOX8	71	1.8573324964312685
SOX9	1538	3.187238619831479
SOX9-AS1	6	0.8450980400142568
SP1	1776	3.2496874278053016
SP100	281	2.450249108319361
SP110	77	1.8920946026904804
SP140	43	1.6434526764861874
SP140L	17	1.255272505103306
SP2	65	1.8195439355418688
SP2-AS1	2	0.47712125471966244
SP3	238	2.3783979009481375
SP3P	2	0.47712125471966244
SP4	90	1.9590413923210936
SP5	15	1.2041199826559248
SP6	20	1.3222192947339193
SP7	316	2.5010592622177517
SP8	20	1.3222192947339193
SP9	8	0.9542425094393249
SPA17	91	1.9637878273455553
SPA17P1	2	0.47712125471966244
SPAAR	22	1.3617278360175928
SPACA1	26	1.4313637641589874
SPACA3	20	1.3222192947339193
SPACA4	16	1.2304489213782739
SPACA5	4	0.6989700043360189
SPACA5B	4	0.6989700043360189
SPACA6	12	1.1139433523068367
SPACA6-AS1	2	0.47712125471966244
SPACA7	8	0.9542425094393249
SPACA9	27	1.4471580313422192
SPACDR	10	1.0413926851582251
SPADH	2	0.47712125471966244
SPAG1	62	1.7993405494535817
SPAG11A	8	0.9542425094393249
SPAG11B	17	1.255272505103306
SPAG16	34	1.5440680443502757
SPAG17	39	1.6020599913279623
SPAG4	25	1.414973347970818
SPAG5	162	2.2121876044039577
SPAG5-AS1	2	0.47712125471966244
SPAG6	48	1.6901960800285136
SPAG7	34	1.5440680443502757
SPAG8	31	1.505149978319906
SPAG9	190	2.2810333672477277
SPAM1	27	1.4471580313422192
SPANXA1	40	1.6127838567197355
SPANXA2	20	1.3222192947339193
SPANXA2-OT1	3	0.6020599913279624
SPANXB1	25	1.414973347970818
SPANXC	31	1.505149978319906
SPANXD	18	1.2787536009528289
SPANXN1	2	0.47712125471966244
SPANXN2	4	0.6989700043360189
SPANXN3	10	1.0413926851582251
SPANXN4	5	0.7781512503836436
SPANXN5	4	0.6989700043360189
SPARC	619	2.792391689498254
SPARCL1	115	2.0644579892269186
SPART	160	2.2068258760318495
SPART-AS1	1	0.3010299956639812
SPAST	439	2.6434526764861874
SPATA1	13	1.146128035678238
SPATA12	12	1.1139433523068367
SPATA13	43	1.6434526764861874
SPATA16	25	1.414973347970818
SPATA17	18	1.2787536009528289
SPATA18	44	1.6532125137753437
SPATA19	19	1.3010299956639813
SPATA2	74	1.8750612633917
SPATA20	28	1.462397997898956
SPATA21	4	0.6989700043360189
SPATA22	28	1.462397997898956
SPATA24	19	1.3010299956639813
SPATA25	7	0.9030899869919435
SPATA2L	20	1.3222192947339193
SPATA3	10	1.0413926851582251
SPATA3-AS1	1	0.3010299956639812
SPATA31A1	5	0.7781512503836436
SPATA31A3	5	0.7781512503836436
SPATA31A5	2	0.47712125471966244
SPATA31A6	4	0.6989700043360189
SPATA31A7	13	1.146128035678238
SPATA31B2P	3	0.6020599913279624
SPATA31C1	5	0.7781512503836436
SPATA31C2	2	0.47712125471966244
SPATA31D1	2	0.47712125471966244
SPATA31D3	5	0.7781512503836436
SPATA31D4	2	0.47712125471966244
SPATA31D5P	2	0.47712125471966244
SPATA31E1	6	0.8450980400142568
SPATA31F1	6	0.8450980400142568
SPATA31F3	3	0.6020599913279624
SPATA31G1	10	1.0413926851582251
SPATA31H1	17	1.255272505103306
SPATA31J1	7	0.9030899869919435
SPATA32	12	1.1139433523068367
SPATA33	16	1.2304489213782739
SPATA4	23	1.380211241711606
SPATA41	4	0.6989700043360189
SPATA42	1	0.3010299956639812
SPATA45	3	0.6020599913279624
SPATA46	14	1.1760912590556813
SPATA6	23	1.380211241711606
SPATA6L	13	1.146128035678238
SPATA7	56	1.7558748556724915
SPATA8	16	1.2304489213782739
SPATA9	9	1.0
SPATC1	9	1.0
SPATC1L	26	1.4313637641589874
SPATS1	9	1.0
SPATS2	81	1.9138138523837167
SPATS2L	104	2.0211892990699383
SPC24	73	1.8692317197309762
SPC25	65	1.8195439355418688
SPCS1	45	1.662757831681574
SPCS2	99	2.0
SPCS2P4	1	0.3010299956639812
SPCS3	84	1.9294189257142926
SPCS3-AS1	2	0.47712125471966244
SPDEF	142	2.155336037465062
SPDL1	73	1.8692317197309762
SPDYA	48	1.6901960800285136
SPDYC	8	0.9542425094393249
SPDYE1	6	0.8450980400142568
SPDYE10	1	0.3010299956639812
SPDYE11	2	0.47712125471966244
SPDYE14	3	0.6020599913279624
SPDYE15	1	0.3010299956639812
SPDYE16	6	0.8450980400142568
SPDYE17	6	0.8450980400142568
SPDYE18	2	0.47712125471966244
SPDYE2	7	0.9030899869919435
SPDYE21	2	0.47712125471966244
SPDYE2B	4	0.6989700043360189
SPDYE3	8	0.9542425094393249
SPDYE4	4	0.6989700043360189
SPDYE5	2	0.47712125471966244
SPDYE6	10	1.0413926851582251
SPDYE7P	3	0.6020599913279624
SPDYE8	3	0.6020599913279624
SPDYE9	2	0.47712125471966244
SPECC1	90	1.9590413923210936
SPECC1L	123	2.093421685162235
SPECC1L-ADORA2A	2	0.47712125471966244
SPEF1	17	1.255272505103306
SPEF2	36	1.568201724066995
SPEG	53	1.7323937598229686
SPEGNB	1	0.3010299956639812
SPEM1	11	1.0791812460476249
SPEM2	1	0.3010299956639812
SPEM3	1	0.3010299956639812
SPEN	134	2.130333768495006
SPEN-AS1	3	0.6020599913279624
SPESP1	17	1.255272505103306
SPG11	217	2.3384564936046046
SPG21	57	1.7634279935629373
SPG7	194	2.290034611362518
SPHK1	324	2.5118833609788744
SPHK2	192	2.285557309007774
SPHKAP	100	2.0043213737826426
SPI1	281	2.450249108319361
SPIB	96	1.9867717342662448
SPIC	19	1.3010299956639813
SPICE1	51	1.7160033436347992
SPIDR	35	1.5563025007672873
SPIN1	120	2.0827853703164503
SPIN2A	25	1.414973347970818
SPIN2B	19	1.3010299956639813
SPIN3	30	1.4913616938342726
SPIN4	15	1.2041199826559248
SPIN4-AS1	1	0.3010299956639812
SPINDOC	54	1.7403626894942439
SPINK1	519	2.716003343634799
SPINK13	9	1.0
SPINK14	3	0.6020599913279624
SPINK2	23	1.380211241711606
SPINK4	19	1.3010299956639813
SPINK5	241	2.383815365980431
SPINK6	25	1.414973347970818
SPINK7	38	1.591064607026499
SPINK8	3	0.6020599913279624
SPINK9	11	1.0791812460476249
SPINT1	201	2.305351369446624
SPINT1-AS1	4	0.6989700043360189
SPINT2	353	2.5490032620257876
SPINT3	7	0.9030899869919435
SPINT4	4	0.6989700043360189
SPINT5P	2	0.47712125471966244
SPIRE1	56	1.7558748556724915
SPIRE2	21	1.3424226808222062
SPMAP1	3	0.6020599913279624
SPMAP2	14	1.1760912590556813
SPMAP2L	3	0.6020599913279624
SPMIP1	1	0.3010299956639812
SPMIP10	6	0.8450980400142568
SPMIP11	2	0.47712125471966244
SPMIP2	6	0.8450980400142568
SPMIP3	6	0.8450980400142568
SPMIP4	17	1.255272505103306
SPMIP5	10	1.0413926851582251
SPMIP6	24	1.3979400086720377
SPMIP7	7	0.9030899869919435
SPMIP8	6	0.8450980400142568
SPMIP9	13	1.146128035678238
SPN	448	2.6522463410033232
SPNS1	55	1.7481880270062005
SPNS2	41	1.6232492903979006
SPNS3	13	1.146128035678238
SPO11	23	1.380211241711606
SPOCD1	16	1.2304489213782739
SPOCK1	106	2.0293837776852097
SPOCK2	52	1.724275869600789
SPOCK3	24	1.3979400086720377
SPON1	64	1.8129133566428555
SPON1-AS1	1	0.3010299956639812
SPON2	71	1.8573324964312685
SPOP	363	2.561101383649056
SPOPL	19	1.3010299956639813
SPOPLP2	1	0.3010299956639812
SPOPLP3	1	0.3010299956639812
SPOUT1	67	1.8325089127062364
SPP1	1207	3.082066934285113
SPP2	23	1.380211241711606
SPPL2A	48	1.6901960800285136
SPPL2B	40	1.6127838567197355
SPPL2C	18	1.2787536009528289
SPPL3	37	1.5797835966168101
SPR	70	1.8512583487190752
SPRED1	152	2.184691430817599
SPRED2	98	1.99563519459755
SPRED3	13	1.146128035678238
SPRING1	19	1.3010299956639813
SPRING1P3	1	0.3010299956639812
SPRN	24	1.3979400086720377
SPRNP1	3	0.6020599913279624
SPRR1A	47	1.6812412373755872
SPRR1B	57	1.7634279935629373
SPRR2A	50	1.7075701760979363
SPRR2B	29	1.4771212547196624
SPRR2C	13	1.146128035678238
SPRR2D	33	1.5314789170422551
SPRR2E	30	1.4913616938342726
SPRR2F	14	1.1760912590556813
SPRR2G	18	1.2787536009528289
SPRR3	66	1.8260748027008264
SPRR4	15	1.2041199826559248
SPRR5	1	0.3010299956639812
SPRTN	70	1.8512583487190752
SPRY1	149	2.1760912590556813
SPRY2	306	2.4871383754771865
SPRY3	33	1.5314789170422551
SPRY4	130	2.1172712956557644
SPRY4-AS1	4	0.6989700043360189
SPRY4-IT1	51	1.7160033436347992
SPRYD3	20	1.3222192947339193
SPRYD4	33	1.5314789170422551
SPRYD7	36	1.568201724066995
SPSB1	58	1.7708520116421442
SPSB2	43	1.6434526764861874
SPSB3	33	1.5314789170422551
SPSB4	25	1.414973347970818
SPTA1	169	2.230448921378274
SPTAN1	353	2.5490032620257876
SPTB	165	2.220108088040055
SPTBN1	369	2.568201724066995
SPTBN2	160	2.2068258760318495
SPTBN4	48	1.6901960800285136
SPTBN5	30	1.4913616938342726
SPTLC1	207	2.3180633349627615
SPTLC2	145	2.164352855784437
SPTLC3	39	1.6020599913279623
SPTSSA	24	1.3979400086720377
SPTSSB	6	0.8450980400142568
SPTY2D1	54	1.7403626894942439
SPX	84	1.9294189257142926
SPZ1	113	2.0569048513364727
SQLE	88	1.9493900066449128
SQLE-DT	1	0.3010299956639812
SQOR	90	1.9590413923210936
SQSTM1	1946	3.2893659515200318
SRA1	102	2.012837224705172
SRARP	20	1.3222192947339193
SRBD1	81	1.9138138523837167
SRC	1521	3.182414652434554
SRCAP	140	2.1492191126553797
SRCAP-AS1	1	0.3010299956639812
SRCIN1	68	1.8388490907372552
SRD5A1	145	2.164352855784437
SRD5A1P1	1	0.3010299956639812
SRD5A2	411	2.6148972160331345
SRD5A3	41	1.6232492903979006
SRD5A3-AS1	1	0.3010299956639812
SREBF1	1220	3.0867156639448825
SREBF2	632	2.801403710017355
SREBF2-AS1	2	0.47712125471966244
SREK1	87	1.9444826721501687
SREK1IP1	35	1.5563025007672873
SRF	328	2.5171958979499744
SRFBP1	48	1.6901960800285136
SRGAP1	54	1.7403626894942439
SRGAP2	100	2.0043213737826426
SRGAP2B	12	1.1139433523068367
SRGAP2C	14	1.1760912590556813
SRGAP2D	2	0.47712125471966244
SRGAP3	50	1.7075701760979363
SRGAP3-AS2	1	0.3010299956639812
SRGN	77	1.8920946026904804
SRI	155	2.1931245983544616
SRI-AS1	1	0.3010299956639812
SRIP1	1	0.3010299956639812
SRIP3	1	0.3010299956639812
SRL	9	1.0
SRM	77	1.8920946026904804
SRMS	26	1.4313637641589874
SRP14	224	2.3521825181113627
SRP14-DT	3	0.6020599913279624
SRP14P1	1	0.3010299956639812
SRP19	106	2.0293837776852097
SRP54	149	2.1760912590556813
SRP68	193	2.287801729930226
SRP68P1	2	0.47712125471966244
SRP68P2	1	0.3010299956639812
SRP68P3	1	0.3010299956639812
SRP72	199	2.3010299956639813
SRP9	150	2.1789769472931693
SRP9P1	4	0.6989700043360189
SRPK1	358	2.5550944485783194
SRPK2	185	2.2695129442179165
SRPK3	23	1.380211241711606
SRPRA	158	2.2013971243204513
SRPRB	172	2.2380461031287955
SRPX	41	1.6232492903979006
SRPX2	55	1.7481880270062005
SRR	83	1.9242792860618816
SRRD	14	1.1760912590556813
SRRM1	213	2.330413773349191
SRRM1P1	1	0.3010299956639812
SRRM2	274	2.439332693830263
SRRM2-AS1	2	0.47712125471966244
SRRM3	16	1.2304489213782739
SRRM4	48	1.6901960800285136
SRRM5	6	0.8450980400142568
SRRT	218	2.3404441148401185
SRSF1	671	2.8273692730538253
SRSF10	199	2.3010299956639813
SRSF10P2	4	0.6989700043360189
SRSF11	141	2.1522883443830563
SRSF11P1	1	0.3010299956639812
SRSF12	31	1.505149978319906
SRSF2	606	2.7831886910752575
SRSF3	432	2.6364878963533656
SRSF3P2	1	0.3010299956639812
SRSF4	174	2.2430380486862944
SRSF5	207	2.3180633349627615
SRSF6	302	2.481442628502305
SRSF6P2	1	0.3010299956639812
SRSF7	276	2.4424797690644486
SRSF8	66	1.8260748027008264
SRSF8CP	2	0.47712125471966244
SRSF9	220	2.3443922736851106
SRSF9P1	1	0.3010299956639812
SRXN1	106	2.0293837776852097
SRY	579	2.7634279935629373
SS18	213	2.330413773349191
SS18L1	66	1.8260748027008264
SS18L2	19	1.3010299956639813
SSB	366	2.5646660642520893
SSBP1	317	2.5024271199844326
SSBP2	68	1.8388490907372552
SSBP3	53	1.7323937598229686
SSBP3-AS1	1	0.3010299956639812
SSBP4	37	1.5797835966168101
SSC4D	13	1.146128035678238
SSC5D	14	1.1760912590556813
SSH1	116	2.0681858617461617
SSH2	45	1.662757831681574
SSH3	34	1.5440680443502757
SSMEM1	12	1.1139433523068367
SSNA1	38	1.591064607026499
SSPN	55	1.7481880270062005
SSPOP	21	1.3424226808222062
SSR1	154	2.1903316981702914
SSR2	31	1.505149978319906
SSR3	104	2.0211892990699383
SSR4	158	2.2013971243204513
SSR4P1	5	0.7781512503836436
SSRP1	425	2.629409599102719
SST	137	2.1398790864012365
SSTR1	69	1.845098040014257
SSTR2	369	2.568201724066995
SSTR3	69	1.845098040014257
SSTR4	56	1.7558748556724915
SSTR5	111	2.0492180226701815
SSTR5-AS1	9	1.0
SSU72	52	1.724275869600789
SSU72L1	1	0.3010299956639812
SSU72L2	1	0.3010299956639812
SSU72L3	2	0.47712125471966244
SSU72L4	1	0.3010299956639812
SSU72L5	1	0.3010299956639812
SSU72L6	4	0.6989700043360189
SSUH2	10	1.0413926851582251
SSX1	53	1.7323937598229686
SSX11P	1	0.3010299956639812
SSX13P	1	0.3010299956639812
SSX14P	1	0.3010299956639812
SSX15P	1	0.3010299956639812
SSX16P	1	0.3010299956639812
SSX17P	1	0.3010299956639812
SSX18P	1	0.3010299956639812
SSX19P	1	0.3010299956639812
SSX2	59	1.7781512503836436
SSX2B	20	1.3222192947339193
SSX2IP	95	1.9822712330395684
SSX3	19	1.3010299956639813
SSX4	26	1.4313637641589874
SSX4B	18	1.2787536009528289
SSX5	24	1.3979400086720377
SSX6P	8	0.9542425094393249
SSX7	7	0.9030899869919435
SSX8P	4	0.6989700043360189
SSX9P	6	0.8450980400142568
SSXP10	1	0.3010299956639812
ST13	175	2.24551266781415
ST13P1	1	0.3010299956639812
ST13P13	1	0.3010299956639812
ST13P3	1	0.3010299956639812
ST13P4	27	1.4471580313422192
ST13P5	9	1.0
ST13P6	1	0.3010299956639812
ST13P7	2	0.47712125471966244
ST13P8	1	0.3010299956639812
ST14	193	2.287801729930226
ST18	41	1.6232492903979006
ST20	6	0.8450980400142568
ST20-AS1	4	0.6989700043360189
ST20-MTHFS	1	0.3010299956639812
ST3GAL1	166	2.2227164711475833
ST3GAL2	28	1.462397997898956
ST3GAL3	50	1.7075701760979363
ST3GAL4	75	1.8808135922807914
ST3GAL5	51	1.7160033436347992
ST3GAL5-AS1	1	0.3010299956639812
ST3GAL6	31	1.505149978319906
ST3GAL6-AS1	2	0.47712125471966244
ST6GAL1	276	2.4424797690644486
ST6GAL2	20	1.3222192947339193
ST6GALNAC1	30	1.4913616938342726
ST6GALNAC2	26	1.4313637641589874
ST6GALNAC3	24	1.3979400086720377
ST6GALNAC4	29	1.4771212547196624
ST6GALNAC5	18	1.2787536009528289
ST6GALNAC6	18	1.2787536009528289
ST7	69	1.845098040014257
ST7-AS1	4	0.6989700043360189
ST7-AS2	2	0.47712125471966244
ST7-OT3	5	0.7781512503836436
ST7-OT4	3	0.6020599913279624
ST7L	26	1.4313637641589874
ST8SIA1	60	1.7853298350107671
ST8SIA2	44	1.6532125137753437
ST8SIA3	13	1.146128035678238
ST8SIA4	74	1.8750612633917
ST8SIA5	18	1.2787536009528289
ST8SIA6	27	1.4471580313422192
ST8SIA6-AS1	9	1.0
STAB1	95	1.9822712330395684
STAB2	75	1.8808135922807914
STAC	28	1.462397997898956
STAC2	18	1.2787536009528289
STAC3	43	1.6434526764861874
STAG1	107	2.03342375548695
STAG2	254	2.406540180433955
STAG3	58	1.7708520116421442
STAG3L1	9	1.0
STAG3L2	6	0.8450980400142568
STAG3L3	7	0.9030899869919435
STAG3L4	9	1.0
STAG3L5P	4	0.6989700043360189
STAG3L5P-PVRIG2P-PILRB	6	0.8450980400142568
STAM	162	2.2121876044039577
STAM-DT	2	0.47712125471966244
STAM2	140	2.1492191126553797
STAMBP	142	2.155336037465062
STAMBPL1	54	1.7403626894942439
STAP1	38	1.591064607026499
STAP2	47	1.6812412373755872
STAR	155	2.1931245983544616
STARD10	35	1.5563025007672873
STARD13	85	1.9344984512435677
STARD13-AS	2	0.47712125471966244
STARD3	123	2.093421685162235
STARD3NL	46	1.6720978579357175
STARD4	42	1.6334684555795864
STARD4-AS1	3	0.6020599913279624
STARD5	31	1.505149978319906
STARD6	11	1.0791812460476249
STARD7	49	1.6989700043360187
STARD7-AS1	3	0.6020599913279624
STARD8	25	1.414973347970818
STARD9	52	1.724275869600789
STARP1	1	0.3010299956639812
STAT1	3944	3.596047007545439
STAT2	519	2.716003343634799
STAT3	11125	4.046339055604809
STAT4	621	2.7937903846908188
STAT5A	763	2.8830933585756897
STAT5B	618	2.791690649020118
STAT6	1203	3.0806264869218056
STATH	182	2.2624510897304293
STAU1	366	2.5646660642520893
STAU2	132	2.123851640967086
STAU2-AS1	1	0.3010299956639812
STAU2P1	1	0.3010299956639812
STBD1	64	1.8129133566428555
STC1	137	2.1398790864012365
STC2	180	2.2576785748691846
STEAP1	110	2.0453229787866576
STEAP1B	11	1.0791812460476249
STEAP1B-AS1	3	0.6020599913279624
STEAP2	41	1.6232492903979006
STEAP2-AS1	4	0.6989700043360189
STEAP3	111	2.0492180226701815
STEAP4	80	1.9084850188786497
STEEP1	81	1.9138138523837167
STEEP1P1	3	0.6020599913279624
STH	44	1.6532125137753437
STIL	156	2.1958996524092336
STIM1	1044	3.019116290447073
STIM2	196	2.294466226161593
STIMATE	18	1.2787536009528289
STIMATE-MUSTN1	4	0.6989700043360189
STING1	2104	3.323252100171687
STIP1	387	2.5888317255942073
STK10	75	1.8808135922807914
STK11	1397	3.1455071714096627
STK11IP	49	1.6989700043360187
STK16	48	1.6901960800285136
STK17A	40	1.6127838567197355
STK17B	45	1.662757831681574
STK24	142	2.155336037465062
STK24-AS1	1	0.3010299956639812
STK25	109	2.041392685158225
STK26	144	2.161368002234975
STK3	187	2.27415784926368
STK31	36	1.568201724066995
STK32A	18	1.2787536009528289
STK32A-AS1	1	0.3010299956639812
STK32B	25	1.414973347970818
STK32C	27	1.4471580313422192
STK33	65	1.8195439355418688
STK35	25	1.414973347970818
STK36	44	1.6532125137753437
STK38	200	2.303196057420489
STK38L	103	2.0170333392987803
STK39	212	2.3283796034387376
STK4	363	2.561101383649056
STK4-DT	2	0.47712125471966244
STK40	39	1.6020599913279623
STKLD1	12	1.1139433523068367
STMN1	634	2.8027737252919755
STMN2	117	2.0718820073061255
STMN3	46	1.6720978579357175
STMN4	32	1.5185139398778875
STMND1	4	0.6989700043360189
STMP1	14	1.1760912590556813
STN1	81	1.9138138523837167
STOM	251	2.401400540781544
STOML1	30	1.4913616938342726
STOML2	259	2.4149733479708178
STOML3	17	1.255272505103306
STON1	25	1.414973347970818
STON1-GTF2A1L	15	1.2041199826559248
STON2	73	1.8692317197309762
STOX1	61	1.792391689498254
STOX2	24	1.3979400086720377
STPG1	8	0.9542425094393249
STPG2	9	1.0
STPG2-AS1	1	0.3010299956639812
STPG3	7	0.9030899869919435
STPG3-AS1	1	0.3010299956639812
STPG4	10	1.0413926851582251
STRA6	93	1.9731278535996986
STRA8	27	1.4471580313422192
STRADA	69	1.845098040014257
STRADB	29	1.4771212547196624
STRADBP1	2	0.47712125471966244
STRAP	253	2.404833716619938
STRBP	127	2.1072099696478683
STRC	80	1.9084850188786497
STRCP1	3	0.6020599913279624
STRIP1	74	1.8750612633917
STRIP2	40	1.6127838567197355
STRIT1	9	1.0
STRN	155	2.1931245983544616
STRN3	116	2.0681858617461617
STRN4	102	2.012837224705172
STS	172	2.2380461031287955
STSP1	2	0.47712125471966244
STT3A	201	2.305351369446624
STT3B	187	2.27415784926368
STUB1	875	2.9425041061680806
STUB1-DT	2	0.47712125471966244
STUM	13	1.146128035678238
STX10	55	1.7481880270062005
STX11	102	2.012837224705172
STX12	113	2.0569048513364727
STX16	104	2.0211892990699383
STX16-NPEPL1	5	0.7781512503836436
STX17	109	2.041392685158225
STX18	82	1.919078092376074
STX18-AS1	4	0.6989700043360189
STX18-IT1	1	0.3010299956639812
STX19	17	1.255272505103306
STX1A	316	2.5010592622177517
STX1B	46	1.6720978579357175
STX2	81	1.9138138523837167
STX3	96	1.9867717342662448
STX4	135	2.1335389083702174
STX5	127	2.1072099696478683
STX6	122	2.089905111439398
STX7	115	2.0644579892269186
STX8	88	1.9493900066449128
STXBP1	267	2.428134794028789
STXBP2	128	2.110589710299249
STXBP3	96	1.9867717342662448
STXBP4	63	1.806179973983887
STXBP5	68	1.8388490907372552
STXBP5-AS1	7	0.9030899869919435
STXBP5L	23	1.380211241711606
STXBP6	30	1.4913616938342726
STYK1	49	1.6989700043360187
STYX	32	1.5185139398778875
STYXL1	38	1.591064607026499
STYXL2	19	1.3010299956639813
SUB1	225	2.3541084391474008
SUB1P1	1	0.3010299956639812
SUCLA2	150	2.1789769472931693
SUCLA2-AS1	1	0.3010299956639812
SUCLA2P1	1	0.3010299956639812
SUCLG1	111	2.0492180226701815
SUCLG2	95	1.9822712330395684
SUCNR1	82	1.919078092376074
SUCO	37	1.5797835966168101
SUDS3	77	1.8920946026904804
SUFU	240	2.3820170425748683
SUGCT	31	1.505149978319906
SUGCT-AS1	1	0.3010299956639812
SUGP1	91	1.9637878273455553
SUGP2	127	2.1072099696478683
SUGT1	174	2.2430380486862944
SUGT1-DT	1	0.3010299956639812
SUGT1P1	2	0.47712125471966244
SUGT1P3	2	0.47712125471966244
SUGT1P4-STRA6LP	1	0.3010299956639812
SUGT1P4-STRA6LP-CCDC180	5	0.7781512503836436
SULF1	177	2.250420002308894
SULF2	132	2.123851640967086
SULT1A1	469	2.6720978579357175
SULT1A2	86	1.9395192526186185
SULT1A3	82	1.919078092376074
SULT1A4	29	1.4771212547196624
SULT1B1	29	1.4771212547196624
SULT1C2	54	1.7403626894942439
SULT1C3	19	1.3010299956639813
SULT1C4	28	1.462397997898956
SULT1C5P	4	0.6989700043360189
SULT1D1P	4	0.6989700043360189
SULT1E1	87	1.9444826721501687
SULT2A1	95	1.9822712330395684
SULT2B1	103	2.0170333392987803
SULT4A1	52	1.724275869600789
SULT6B1	10	1.0413926851582251
SUMF1	112	2.0530784434834195
SUMF2	70	1.8512583487190752
SUMO1	836	2.92272545799326
SUMO1P1	16	1.2304489213782739
SUMO1P2	2	0.47712125471966244
SUMO1P3	14	1.1760912590556813
SUMO1P4	2	0.47712125471966244
SUMO1P5	2	0.47712125471966244
SUMO2	526	2.7218106152125467
SUMO2P1	1	0.3010299956639812
SUMO2P3	1	0.3010299956639812
SUMO3	175	2.24551266781415
SUMO4	89	1.954242509439325
SUN1	145	2.164352855784437
SUN2	198	2.298853076409707
SUN3	9	1.0
SUN5	43	1.6434526764861874
SUNO1	1	0.3010299956639812
SUOX	94	1.9777236052888478
SUPT16H	313	2.496929648073215
SUPT16HP1	1	0.3010299956639812
SUPT20H	79	1.9030899869919435
SUPT20HL1	5	0.7781512503836436
SUPT20HL2	3	0.6020599913279624
SUPT3H	85	1.9344984512435677
SUPT4H1	96	1.9867717342662448
SUPT5H	273	2.437750562820388
SUPT6H	147	2.1702617153949575
SUPT7L	52	1.724275869600789
SUPV3L1	88	1.9493900066449128
SURF1	66	1.8260748027008264
SURF2	37	1.5797835966168101
SURF4	169	2.230448921378274
SURF6	134	2.130333768495006
SURF6P1	1	0.3010299956639812
SURMIR	5	0.7781512503836436
SUSD1	21	1.3424226808222062
SUSD2	55	1.7481880270062005
SUSD3	17	1.255272505103306
SUSD4	17	1.255272505103306
SUSD5	12	1.1139433523068367
SUSD6	20	1.3222192947339193
SUV39H1	300	2.4785664955938436
SUV39H2	76	1.8864907251724818
SUZ12	394	2.59659709562646
SUZ12P1	5	0.7781512503836436
SV2A	206	2.315970345456918
SV2B	37	1.5797835966168101
SV2C	49	1.6989700043360187
SVBP	31	1.505149978319906
SVEP1	54	1.7403626894942439
SVIL	169	2.230448921378274
SVIL-AS1	4	0.6989700043360189
SVIL2P	2	0.47712125471966244
SVIP	36	1.568201724066995
SVOP	16	1.2304489213782739
SVOPL	7	0.9030899869919435
SWAP70	86	1.9395192526186185
SWI5	10	1.0413926851582251
SWINGN	3	0.6020599913279624
SWSAP1	19	1.3010299956639813
SWT1	20	1.3222192947339193
SYAP1	77	1.8920946026904804
SYBU	39	1.6020599913279623
SYBU-AS1	2	0.47712125471966244
SYCE1	35	1.5563025007672873
SYCE1L	5	0.7781512503836436
SYCE2	19	1.3010299956639813
SYCE3	16	1.2304489213782739
SYCN	5	0.7781512503836436
SYCP1	67	1.8325089127062364
SYCP2	23	1.380211241711606
SYCP2L	21	1.3424226808222062
SYCP3	88	1.9493900066449128
SYDE1	32	1.5185139398778875
SYDE2	19	1.3010299956639813
SYF2	56	1.7558748556724915
SYK	1811	3.2581581933407944
SYMPK	145	2.164352855784437
SYN1	95	1.9822712330395684
SYN2	68	1.8388490907372552
SYN3	52	1.724275869600789
SYNAGE	1	0.3010299956639812
SYNC	24	1.3979400086720377
SYNCRIP	386	2.5877109650189114
SYNCRIPP1	1	0.3010299956639812
SYNDIG1	17	1.255272505103306
SYNDIG1L	6	0.8450980400142568
SYNE1	226	2.3560258571931225
SYNE1-AS1	1	0.3010299956639812
SYNE2	192	2.285557309007774
SYNE3	52	1.724275869600789
SYNE4	23	1.380211241711606
SYNGAP1	166	2.2227164711475833
SYNGAP1-AS1	1	0.3010299956639812
SYNGR1	41	1.6232492903979006
SYNGR2	42	1.6334684555795864
SYNGR2P1	1	0.3010299956639812
SYNGR3	32	1.5185139398778875
SYNGR4	8	0.9542425094393249
SYNJ1	109	2.041392685158225
SYNJ2	66	1.8260748027008264
SYNJ2BP	62	1.7993405494535817
SYNJ2BP-COX16	6	0.8450980400142568
SYNM	75	1.8808135922807914
SYNM-AS2	1	0.3010299956639812
SYNPO	162	2.2121876044039577
SYNPO2	71	1.8573324964312685
SYNPO2L	20	1.3222192947339193
SYNPR	32	1.5185139398778875
SYNPR-AS1	3	0.6020599913279624
SYNRG	78	1.8976270912904414
SYP	277	2.444044795918076
SYPL1	64	1.8129133566428555
SYPL2	18	1.2787536009528289
SYS1	15	1.2041199826559248
SYS1-DBNDD2	3	0.6020599913279624
SYT1	191	2.2833012287035497
SYT10	14	1.1760912590556813
SYT11	52	1.724275869600789
SYT12	19	1.3010299956639813
SYT13	36	1.568201724066995
SYT14	16	1.2304489213782739
SYT14P1	8	0.9542425094393249
SYT15	14	1.1760912590556813
SYT15-AS1	1	0.3010299956639812
SYT15B	1	0.3010299956639812
SYT16	23	1.380211241711606
SYT17	26	1.4313637641589874
SYT2	63	1.806179973983887
SYT2-AS1	1	0.3010299956639812
SYT3	30	1.4913616938342726
SYT4	40	1.6127838567197355
SYT5	26	1.4313637641589874
SYT6	31	1.505149978319906
SYT7	54	1.7403626894942439
SYT8	16	1.2304489213782739
SYT9	34	1.5440680443502757
SYT9-AS1	3	0.6020599913279624
SYTL1	46	1.6720978579357175
SYTL2	52	1.724275869600789
SYTL3	19	1.3010299956639813
SYTL4	87	1.9444826721501687
SYTL5	27	1.4471580313422192
SYVN1	288	2.4608978427565478
SZRD1	22	1.3617278360175928
SZRD1P1	2	0.47712125471966244
SZT2	61	1.792391689498254
TAAR1	52	1.724275869600789
TAAR2	10	1.0413926851582251
TAAR3P	11	1.0791812460476249
TAAR4P	7	0.9030899869919435
TAAR5	21	1.3424226808222062
TAAR6	38	1.591064607026499
TAAR7P	3	0.6020599913279624
TAAR8	13	1.146128035678238
TAAR9	10	1.0413926851582251
TAB1	307	2.4885507165004443
TAB2	314	2.4983105537896004
TAB3	149	2.1760912590556813
TAB3-AS2	1	0.3010299956639812
TAC1	245	2.3909351071033793
TAC3	83	1.9242792860618816
TAC4	38	1.591064607026499
TACC1	119	2.0791812460476247
TACC2	102	2.012837224705172
TACC3	281	2.450249108319361
TACO1	51	1.7160033436347992
TACR1	248	2.3961993470957363
TACR1-AS1	1	0.3010299956639812
TACR2	60	1.7853298350107671
TACR3	74	1.8750612633917
TACR3-AS1	1	0.3010299956639812
TACSTD2	427	2.6314437690131722
TADA1	41	1.6232492903979006
TADA2A	101	2.0086001717619175
TADA2B	61	1.792391689498254
TADA3	126	2.103803720955957
TAF1	247	2.3944516808262164
TAF10	125	2.100370545117563
TAF11	67	1.8325089127062364
TAF11L1	1	0.3010299956639812
TAF11L10	1	0.3010299956639812
TAF11L11	2	0.47712125471966244
TAF11L12	2	0.47712125471966244
TAF11L13	2	0.47712125471966244
TAF11L14	2	0.47712125471966244
TAF11L2	3	0.6020599913279624
TAF11L3	2	0.47712125471966244
TAF11L4	2	0.47712125471966244
TAF11L5	1	0.3010299956639812
TAF11L6	1	0.3010299956639812
TAF11L7	2	0.47712125471966244
TAF11L8	1	0.3010299956639812
TAF11L9	2	0.47712125471966244
TAF12	112	2.0530784434834195
TAF13	54	1.7403626894942439
TAF15	300	2.4785664955938436
TAF1A	54	1.7403626894942439
TAF1A-AS1	1	0.3010299956639812
TAF1B	74	1.8750612633917
TAF1C	78	1.8976270912904414
TAF1D	30	1.4913616938342726
TAF1L	34	1.5440680443502757
TAF2	119	2.0791812460476247
TAF3	82	1.919078092376074
TAF4	187	2.27415784926368
TAF4B	56	1.7558748556724915
TAF5	115	2.0644579892269186
TAF5L	79	1.9030899869919435
TAF6	162	2.2121876044039577
TAF6L	82	1.919078092376074
TAF7	140	2.1492191126553797
TAF7L	26	1.4313637641589874
TAF8	58	1.7708520116421442
TAF9	175	2.24551266781415
TAF9B	62	1.7993405494535817
TAF9P1	2	0.47712125471966244
TAF9P2	2	0.47712125471966244
TAF9P3	1	0.3010299956639812
TAFA1	15	1.2041199826559248
TAFA2	23	1.380211241711606
TAFA3	9	1.0
TAFA4	48	1.6901960800285136
TAFA5	26	1.4313637641589874
TAFA5-AS1	1	0.3010299956639812
TAFAZZIN	487	2.6884198220027105
TAGAP	50	1.7075701760979363
TAGLN	125	2.100370545117563
TAGLN2	224	2.3521825181113627
TAGLN3	25	1.414973347970818
TAL1	438	2.6424645202421213
TAL2	27	1.4471580313422192
TALAM1	4	0.6989700043360189
TALDO1	124	2.0969100130080562
TALDO1P1	5	0.7781512503836436
TAMALIN	46	1.6720978579357175
TAMALIN-AS1	1	0.3010299956639812
TAMM41	50	1.7075701760979363
TANAR	1	0.3010299956639812
TANC1	77	1.8920946026904804
TANC2	55	1.7481880270062005
TANGO2	41	1.6232492903979006
TANGO6	28	1.462397997898956
TANK	138	2.143014800254095
TAOK1	90	1.9590413923210936
TAOK2	73	1.8692317197309762
TAOK3	69	1.845098040014257
TAP1	297	2.4742162640762553
TAP2	244	2.3891660843645326
TAPBP	132	2.123851640967086
TAPBPL	54	1.7403626894942439
TAPT1	37	1.5797835966168101
TAPT1-AS1	5	0.7781512503836436
TARBP1	76	1.8864907251724818
TARBP2	160	2.2068258760318495
TARBP2P1	3	0.6020599913279624
TARDBP	2106	3.3236645356081
TARDBPP3	16	1.2304489213782739
TARID	9	1.0
TARM1	4	0.6989700043360189
TARS1	160	2.2068258760318495
TARS2	98	1.99563519459755
TARS3	31	1.505149978319906
TAS1R1	35	1.5563025007672873
TAS1R2	51	1.7160033436347992
TAS1R3	65	1.8195439355418688
TAS2R1	44	1.6532125137753437
TAS2R10	18	1.2787536009528289
TAS2R12P	6	0.8450980400142568
TAS2R13	19	1.3010299956639813
TAS2R14	39	1.6020599913279623
TAS2R15P	4	0.6989700043360189
TAS2R16	34	1.5440680443502757
TAS2R18P	4	0.6989700043360189
TAS2R19	15	1.2041199826559248
TAS2R2	6	0.8450980400142568
TAS2R20	14	1.1760912590556813
TAS2R3	28	1.462397997898956
TAS2R30	8	0.9542425094393249
TAS2R31	21	1.3424226808222062
TAS2R33	1	0.3010299956639812
TAS2R36	1	0.3010299956639812
TAS2R38	148	2.173186268412274
TAS2R39	25	1.414973347970818
TAS2R4	29	1.4771212547196624
TAS2R40	15	1.2041199826559248
TAS2R41	16	1.2304489213782739
TAS2R42	11	1.0791812460476249
TAS2R43	23	1.380211241711606
TAS2R45	8	0.9542425094393249
TAS2R46	18	1.2787536009528289
TAS2R5	23	1.380211241711606
TAS2R50	25	1.414973347970818
TAS2R60	15	1.2041199826559248
TAS2R62P	6	0.8450980400142568
TAS2R63P	4	0.6989700043360189
TAS2R64P	4	0.6989700043360189
TAS2R67P	3	0.6020599913279624
TAS2R68P	3	0.6020599913279624
TAS2R6P	3	0.6020599913279624
TAS2R7	24	1.3979400086720377
TAS2R8	28	1.462397997898956
TAS2R9	14	1.1760912590556813
TASL	22	1.3617278360175928
TASOR	88	1.9493900066449128
TASOR2	70	1.8512583487190752
TASP1	42	1.6334684555795864
TAT	41	1.6232492903979006
TAT-AS1	1	0.3010299956639812
TATDN1	27	1.4471580313422192
TATDN2	23	1.380211241711606
TATDN3	13	1.146128035678238
TAX1BP1	192	2.285557309007774
TAX1BP3	78	1.8976270912904414
TBATA	15	1.2041199826559248
TBC1D1	89	1.954242509439325
TBC1D10A	61	1.792391689498254
TBC1D10B	86	1.9395192526186185
TBC1D10C	32	1.5185139398778875
TBC1D12	17	1.255272505103306
TBC1D13	16	1.2304489213782739
TBC1D14	30	1.4913616938342726
TBC1D15	128	2.110589710299249
TBC1D16	28	1.462397997898956
TBC1D17	41	1.6232492903979006
TBC1D19	23	1.380211241711606
TBC1D2	33	1.5314789170422551
TBC1D20	42	1.6334684555795864
TBC1D21	16	1.2304489213782739
TBC1D22A	32	1.5185139398778875
TBC1D22A-AS1	3	0.6020599913279624
TBC1D22B	49	1.6989700043360187
TBC1D23	48	1.6901960800285136
TBC1D24	106	2.0293837776852097
TBC1D25	26	1.4313637641589874
TBC1D26	8	0.9542425094393249
TBC1D27P	5	0.7781512503836436
TBC1D28	6	0.8450980400142568
TBC1D29P	3	0.6020599913279624
TBC1D2B	38	1.591064607026499
TBC1D3	36	1.568201724066995
TBC1D30	25	1.414973347970818
TBC1D31	35	1.5563025007672873
TBC1D32	32	1.5185139398778875
TBC1D3B	9	1.0
TBC1D3C	9	1.0
TBC1D3D	11	1.0791812460476249
TBC1D3E	4	0.6989700043360189
TBC1D3F	24	1.3979400086720377
TBC1D3G	10	1.0413926851582251
TBC1D3H	8	0.9542425094393249
TBC1D3I	4	0.6989700043360189
TBC1D3K	4	0.6989700043360189
TBC1D3L	4	0.6989700043360189
TBC1D3P1-DHX40P1	3	0.6020599913279624
TBC1D3P2	4	0.6989700043360189
TBC1D3P5	1	0.3010299956639812
TBC1D4	192	2.285557309007774
TBC1D5	113	2.0569048513364727
TBC1D7	57	1.7634279935629373
TBC1D8	33	1.5314789170422551
TBC1D8-AS1	3	0.6020599913279624
TBC1D8B	18	1.2787536009528289
TBC1D9	37	1.5797835966168101
TBC1D9B	45	1.662757831681574
TBCA	80	1.9084850188786497
TBCB	90	1.9590413923210936
TBCC	21	1.3424226808222062
TBCCD1	21	1.3424226808222062
TBCD	138	2.143014800254095
TBCE	106	2.0293837776852097
TBCEL	20	1.3222192947339193
TBCK	55	1.7481880270062005
TBILA	2	0.47712125471966244
TBK1	1070	3.029789470831856
TBKBP1	64	1.8129133566428555
TBL1X	111	2.0492180226701815
TBL1XR1	217	2.3384564936046046
TBL1Y	33	1.5314789170422551
TBL1YP1	1	0.3010299956639812
TBL2	158	2.2013971243204513
TBL3	126	2.103803720955957
TBP	516	2.7134905430939424
TBPL1	114	2.060697840353612
TBPL2	32	1.5185139398778875
TBR1	79	1.9030899869919435
TBRG1	30	1.4913616938342726
TBX1	173	2.2405492482826
TBX10	16	1.2304489213782739
TBX15	54	1.7403626894942439
TBX18	49	1.6989700043360187
TBX19	82	1.919078092376074
TBX2	91	1.9637878273455553
TBX20	86	1.9395192526186185
TBX21	227	2.357934847000454
TBX22	51	1.7160033436347992
TBX23P	1	0.3010299956639812
TBX3	219	2.342422680822206
TBX4	89	1.954242509439325
TBX5	162	2.2121876044039577
TBX5-AS1	2	0.47712125471966244
TBX6	63	1.806179973983887
TBXA2R	163	2.214843848047698
TBXAS1	99	2.0
TBXT	94	1.9777236052888478
TC2N	29	1.4771212547196624
TCAF1	73	1.8692317197309762
TCAF1P1	1	0.3010299956639812
TCAF2	20	1.3222192947339193
TCAF2P1	1	0.3010299956639812
TCAIM	19	1.3010299956639813
TCAM1P	6	0.8450980400142568
TCAP	111	2.0492180226701815
TCEA1	111	2.0492180226701815
TCEA1P1	1	0.3010299956639812
TCEA1P2	9	1.0
TCEA2	48	1.6901960800285136
TCEA3	26	1.4313637641589874
TCEAL1	65	1.8195439355418688
TCEAL2	22	1.3617278360175928
TCEAL3	13	1.146128035678238
TCEAL3-AS1	1	0.3010299956639812
TCEAL4	44	1.6532125137753437
TCEAL5	9	1.0
TCEAL6	10	1.0413926851582251
TCEAL7	28	1.462397997898956
TCEAL8	17	1.255272505103306
TCEAL9	19	1.3010299956639813
TCEANC	25	1.414973347970818
TCEANC2	20	1.3222192947339193
TCERG1	180	2.2576785748691846
TCERG1L	14	1.1760912590556813
TCF12	231	2.3654879848909
TCF12-DT	2	0.47712125471966244
TCF15	13	1.146128035678238
TCF19	48	1.6901960800285136
TCF20	141	2.1522883443830563
TCF21	144	2.161368002234975
TCF23	11	1.0791812460476249
TCF24	8	0.9542425094393249
TCF25	89	1.954242509439325
TCF3	301	2.4800069429571505
TCF4	316	2.5010592622177517
TCF7	235	2.3729120029701067
TCF7L1	282	2.45178643552429
TCF7L2	1368	3.13640344813399
TCFL5	24	1.3979400086720377
TCHH	44	1.6532125137753437
TCHHL1	12	1.1139433523068367
TCHP	55	1.7481880270062005
TCIM	43	1.6434526764861874
TCIRG1	177	2.250420002308894
TCL1A	232	2.367355921026019
TCL1B	22	1.3617278360175928
TCL6	19	1.3010299956639813
TCN1	62	1.7993405494535817
TCN2	158	2.2013971243204513
TCOF1	328	2.5171958979499744
TCP1	478	2.680335513414563
TCP10L	31	1.505149978319906
TCP10L2	4	0.6989700043360189
TCP10L3	29	1.4771212547196624
TCP11	22	1.3617278360175928
TCP11L1	34	1.5440680443502757
TCP11L2	17	1.255272505103306
TCP11X1	1	0.3010299956639812
TCP11X2	4	0.6989700043360189
TCP1P1	3	0.6020599913279624
TCP1P2	1	0.3010299956639812
TCP1P3	1	0.3010299956639812
TCTA	18	1.2787536009528289
TCTN1	39	1.6020599913279623
TCTN2	33	1.5314789170422551
TCTN3	45	1.662757831681574
TDG	124	2.0969100130080562
TDGP1	1	0.3010299956639812
TDH	7	0.9030899869919435
TDO2	69	1.845098040014257
TDP1	231	2.3654879848909
TDP2	153	2.187520720836463
TDRD1	35	1.5563025007672873
TDRD10	12	1.1139433523068367
TDRD12	11	1.0791812460476249
TDRD15	7	0.9030899869919435
TDRD3	92	1.968482948553935
TDRD5	19	1.3010299956639813
TDRD6	19	1.3010299956639813
TDRD7	49	1.6989700043360187
TDRD9	26	1.4313637641589874
TDRG1	28	1.462397997898956
TDRKH	43	1.6434526764861874
TDRKH-AS1	3	0.6020599913279624
TDRP	20	1.3222192947339193
TEAD1	360	2.5575072019056577
TEAD2	68	1.8388490907372552
TEAD3	55	1.7481880270062005
TEAD4	285	2.456366033129043
TEC	84	1.9294189257142926
TECPR1	26	1.4313637641589874
TECPR2	37	1.5797835966168101
TECR	190	2.2810333672477277
TECRL	16	1.2304489213782739
TECRP1	1	0.3010299956639812
TECTA	83	1.9242792860618816
TECTB	24	1.3979400086720377
TEDAR	3	0.6020599913279624
TEDC1	26	1.4313637641589874
TEDC2	23	1.380211241711606
TEDDM1	3	0.6020599913279624
TEF	55	1.7481880270062005
TEFM	53	1.7323937598229686
TEK	413	2.617000341120899
TEKT1	20	1.3222192947339193
TEKT2	24	1.3979400086720377
TEKT3	20	1.3222192947339193
TEKT4	25	1.414973347970818
TEKT4P2	11	1.0791812460476249
TEKT5	15	1.2041199826559248
TEKTIP1	5	0.7781512503836436
TEKTL1	9	1.0
TELO2	115	2.0644579892269186
TEN1	54	1.7403626894942439
TEN1-CDK3	2	0.47712125471966244
TENM1	43	1.6434526764861874
TENM2	35	1.5563025007672873
TENM3	69	1.845098040014257
TENM3-AS1	8	0.9542425094393249
TENM4	38	1.591064607026499
TENT2	54	1.7403626894942439
TENT4A	51	1.7160033436347992
TENT4B	78	1.8976270912904414
TENT5A	50	1.7075701760979363
TENT5B	23	1.380211241711606
TENT5C	39	1.6020599913279623
TENT5D	17	1.255272505103306
TEP1	62	1.7993405494535817
TEPSIN	24	1.3979400086720377
TERB1	11	1.0791812460476249
TERB2	9	1.0
TERC	220	2.3443922736851106
TERF1	262	2.419955748489758
TERF1P3	1	0.3010299956639812
TERF2	496	2.696356388733332
TERF2IP	303	2.482873583608754
TERLR1	3	0.6020599913279624
TERT	4613	3.664077590185075
TES	139	2.146128035678238
TESC	60	1.7853298350107671
TESHL	3	0.6020599913279624
TESK1	29	1.4771212547196624
TESK2	29	1.4771212547196624
TESMIN	18	1.2787536009528289
TESPA1	18	1.2787536009528289
TET1	596	2.775974331129369
TET2	1192	3.076640443670342
TET3	216	2.3364597338485296
TEX10	131	2.12057393120585
TEX101	33	1.5314789170422551
TEX11	44	1.6532125137753437
TEX12	19	1.3010299956639813
TEX13A	9	1.0
TEX13B	7	0.9030899869919435
TEX13C	2	0.47712125471966244
TEX13D	3	0.6020599913279624
TEX14	41	1.6232492903979006
TEX14BP	3	0.6020599913279624
TEX15	27	1.4471580313422192
TEX16P	1	0.3010299956639812
TEX19	20	1.3222192947339193
TEX2	47	1.6812412373755872
TEX21P	1	0.3010299956639812
TEX22	4	0.6989700043360189
TEX26	8	0.9542425094393249
TEX26-AS1	2	0.47712125471966244
TEX261	10	1.0413926851582251
TEX264	73	1.8692317197309762
TEX28	15	1.2041199826559248
TEX28P1	2	0.47712125471966244
TEX28P2	3	0.6020599913279624
TEX29	12	1.1139433523068367
TEX30	15	1.2041199826559248
TEX35	23	1.380211241711606
TEX36	8	0.9542425094393249
TEX36-AS1	1	0.3010299956639812
TEX38	2	0.47712125471966244
TEX41	6	0.8450980400142568
TEX44	6	0.8450980400142568
TEX46	1	0.3010299956639812
TEX47	6	0.8450980400142568
TEX48	2	0.47712125471966244
TEX51	1	0.3010299956639812
TEX52	1	0.3010299956639812
TEX53	1	0.3010299956639812
TEX55	9	1.0
TEX56P	8	0.9542425094393249
TEX9	24	1.3979400086720377
TF	448	2.6522463410033232
TFAM	626	2.7972675408307164
TFAMP1	4	0.6989700043360189
TFAMP2	1	0.3010299956639812
TFAP2A	429	2.6334684555795866
TFAP2A-AS1	7	0.9030899869919435
TFAP2A-AS2	1	0.3010299956639812
TFAP2B	161	2.2095150145426308
TFAP2C	170	2.2329961103921536
TFAP2D	21	1.3424226808222062
TFAP2E	21	1.3424226808222062
TFAP4	104	2.0211892990699383
TFB1M	99	2.0
TFB2M	108	2.037426497940624
TFCP2	226	2.3560258571931225
TFCP2L1	42	1.6334684555795864
TFDP1	210	2.3242824552976926
TFDP1P1	1	0.3010299956639812
TFDP1P2	1	0.3010299956639812
TFDP1P3	1	0.3010299956639812
TFDP2	77	1.8920946026904804
TFDP3	26	1.4313637641589874
TFE3	713	2.8536982117761744
TFEB	724	2.8603380065709936
TFEC	28	1.462397997898956
TFF1	818	2.9132839017604186
TFF2	317	2.5024271199844326
TFF3	404	2.6074550232146687
TFG	208	2.3201462861110542
TFIP11	157	2.1986570869544226
TFIP11-DT	2	0.47712125471966244
TFPI	270	2.432969290874406
TFPI2	161	2.2095150145426308
TFPT	56	1.7558748556724915
TFR2	258	2.413299764081252
TFRC	1487	3.17260293120986
TG	262	2.419955748489758
TGDS	22	1.3617278360175928
TGFA	299	2.4771212547196626
TGFA-IT1	2	0.47712125471966244
TGFB1	8737	3.9414120403735495
TGFB1I1	178	2.2528530309798933
TGFB2	786	2.8959747323590648
TGFB2-AS1	4	0.6989700043360189
TGFB2-OT1	4	0.6989700043360189
TGFB3	354	2.550228353055094
TGFB3-AS1	2	0.47712125471966244
TGFBI	328	2.5171958979499744
TGFBR1	1156	3.0633333589517497
TGFBR2	749	2.8750612633917
TGFBR3	173	2.2405492482826
TGFBR3L	6	0.8450980400142568
TGFBRAP1	53	1.7323937598229686
TGIF1	190	2.2810333672477277
TGIF2	79	1.9030899869919435
TGIF2-RAB5IF	6	0.8450980400142568
TGIF2LX	20	1.3222192947339193
TGIF2LY	15	1.2041199826559248
TGM1	196	2.294466226161593
TGM2	697	2.843855422623161
TGM3	207	2.3180633349627615
TGM4	32	1.5185139398778875
TGM5	42	1.6334684555795864
TGM6	53	1.7323937598229686
TGM7	9	1.0
TGOLN2	146	2.167317334748176
TGS1	74	1.8750612633917
TH	259	2.4149733479708178
TH2LCRR	2	0.47712125471966244
THA1P	4	0.6989700043360189
THADA	140	2.1492191126553797
THAP1	191	2.2833012287035497
THAP10	18	1.2787536009528289
THAP11	84	1.9294189257142926
THAP12	43	1.6434526764861874
THAP2	21	1.3424226808222062
THAP3	26	1.4313637641589874
THAP3P1	1	0.3010299956639812
THAP4	39	1.6020599913279623
THAP5	19	1.3010299956639813
THAP5P1	2	0.47712125471966244
THAP6	17	1.255272505103306
THAP7	30	1.4913616938342726
THAP7-AS1	3	0.6020599913279624
THAP8	16	1.2304489213782739
THAP9	25	1.414973347970818
THAP9-AS1	11	1.0791812460476249
THBD	761	2.8819549713396007
THBS1	760	2.8813846567705728
THBS1-IT1	1	0.3010299956639812
THBS2	148	2.173186268412274
THBS3	35	1.5563025007672873
THBS3-AS1	2	0.47712125471966244
THBS4	86	1.9395192526186185
THBS4-AS1	2	0.47712125471966244
THEM4	59	1.7781512503836436
THEM5	11	1.0791812460476249
THEM6	75	1.8808135922807914
THEM7P	1	0.3010299956639812
THEMIS	35	1.5563025007672873
THEMIS2	30	1.4913616938342726
THEMIS3P	1	0.3010299956639812
THG1L	50	1.7075701760979363
THNSL1	32	1.5185139398778875
THNSL2	18	1.2787536009528289
THOC1	142	2.155336037465062
THOC2	146	2.167317334748176
THOC3	92	1.968482948553935
THOC5	116	2.0681858617461617
THOC6	95	1.9822712330395684
THOC7	69	1.845098040014257
THOC7-AS1	1	0.3010299956639812
THOP1	79	1.9030899869919435
THORLNC	15	1.2041199826559248
THPO	152	2.184691430817599
THRA	222	2.3483048630481607
THRAP3	302	2.481442628502305
THRAP3P1	1	0.3010299956639812
THRB	297	2.4742162640762553
THRB-AS2	2	0.47712125471966244
THRIL	16	1.2304489213782739
THRSP	133	2.1271047983648077
THSD1	27	1.4471580313422192
THSD4	37	1.5797835966168101
THSD4-AS1	1	0.3010299956639812
THSD4-AS2	1	0.3010299956639812
THSD7A	129	2.113943352306837
THSD7B	18	1.2787536009528289
THTPA	35	1.5563025007672873
THUMPD1	56	1.7558748556724915
THUMPD2	23	1.380211241711606
THUMPD3	54	1.7403626894942439
THUMPD3-AS1	14	1.1760912590556813
THY1	223	2.3502480183341627
THY1-AS1	1	0.3010299956639812
THYN1	42	1.6334684555795864
TIA1	451	2.655138434811382
TIAL1	197	2.296665190261531
TIALD	1	0.3010299956639812
TIAM1	314	2.4983105537896004
TIAM1-AS1	1	0.3010299956639812
TIAM2	40	1.6127838567197355
TICAM1	400	2.603144372620182
TICAM2	53	1.7323937598229686
TICAM2-AS1	1	0.3010299956639812
TICRR	73	1.8692317197309762
TIE1	72	1.863322860120456
TIFA	53	1.7323937598229686
TIFAB	287	2.459392487759231
TIGAR	159	2.2041199826559246
TIGD1	26	1.4313637641589874
TIGD2	14	1.1760912590556813
TIGD3	11	1.0791812460476249
TIGD4	11	1.0791812460476249
TIGD5	20	1.3222192947339193
TIGD6	20	1.3222192947339193
TIGD7	14	1.1760912590556813
TIGIT	548	2.739572344450092
TILAM	1	0.3010299956639812
TILRLS	1	0.3010299956639812
TIMCC	49	1.6989700043360187
TIMCCP1	1	0.3010299956639812
TIMD4	110	2.0453229787866576
TIMELESS	206	2.315970345456918
TIMM10	44	1.6532125137753437
TIMM10B	28	1.462397997898956
TIMM13	106	2.0293837776852097
TIMM17A	39	1.6020599913279623
TIMM17B	46	1.6720978579357175
TIMM21	48	1.6901960800285136
TIMM22	36	1.568201724066995
TIMM23	111	2.0492180226701815
TIMM23B	40	1.6127838567197355
TIMM23B-AGAP6	1	0.3010299956639812
TIMM29	46	1.6720978579357175
TIMM44	135	2.1335389083702174
TIMM50	231	2.3654879848909
TIMM8A	119	2.0791812460476247
TIMM8AP1	1	0.3010299956639812
TIMM8B	47	1.6812412373755872
TIMM9	47	1.6812412373755872
TIMM9P2	1	0.3010299956639812
TIMMDC1	81	1.9138138523837167
TIMMDC1-DT	1	0.3010299956639812
TIMP1	1699	3.230448921378274
TIMP2	1099	3.041392685158225
TIMP3	627	2.797959643737196
TIMP4	75	1.8808135922807914
TINAG	38	1.591064607026499
TINAGL1	49	1.6989700043360187
TINCR	66	1.8260748027008264
TINF2	189	2.278753600952829
TIPARP	52	1.724275869600789
TIPARP-AS1	3	0.6020599913279624
TIPE1	41	1.6232492903979006
TIPE2	109	2.041392685158225
TIPE3	30	1.4913616938342726
TIPIN	65	1.8195439355418688
TIPRL	96	1.9867717342662448
TIRAP	350	2.545307116465824
TIRAP-AS1	1	0.3010299956639812
TJAP1	41	1.6232492903979006
TJP1	1652	3.2182728535714475
TJP2	297	2.4742162640762553
TJP3	51	1.7160033436347992
TK1	184	2.2671717284030137
TK2	59	1.7781512503836436
TKFC	54	1.7403626894942439
TKT	229	2.361727836017593
TKTL1	110	2.0453229787866576
TKTL2	17	1.255272505103306
TLCD1	17	1.255272505103306
TLCD2	10	1.0413926851582251
TLCD3A	29	1.4771212547196624
TLCD3B	17	1.255272505103306
TLCD4	14	1.1760912590556813
TLCD4-RWDD3	5	0.7781512503836436
TLCD5	6	0.8450980400142568
TLDC2	6	0.8450980400142568
TLE1	211	2.326335860928751
TLE1-DT	3	0.6020599913279624
TLE2	34	1.5440680443502757
TLE3	139	2.146128035678238
TLE4	78	1.8976270912904414
TLE5	100	2.0043213737826426
TLE6	32	1.5185139398778875
TLE7	1	0.3010299956639812
TLK1	115	2.0644579892269186
TLK2	79	1.9030899869919435
TLL1	67	1.8325089127062364
TLL2	29	1.4771212547196624
TLN1	401	2.60422605308447
TLN2	97	1.9912260756924949
TLNRD1	21	1.3424226808222062
TLR1	276	2.4424797690644486
TLR10	168	2.2278867046136734
TLR12P	3	0.6020599913279624
TLR2	3811	3.5811528919662887
TLR3	1581	3.1992064791616577
TLR4	7161	3.855034316675884
TLR5	505	2.7041505168397992
TLR6	304	2.484299839346786
TLR7	1245	3.095518042323151
TLR8	607	2.783903579272735
TLR8-AS1	3	0.6020599913279624
TLR9	1811	3.2581581933407944
TLX1	127	2.1072099696478683
TLX1NB	5	0.7781512503836436
TLX2	33	1.5314789170422551
TLX3	78	1.8976270912904414
TM2D1	15	1.2041199826559248
TM2D2	13	1.146128035678238
TM2D3	23	1.380211241711606
TM4SF1	107	2.03342375548695
TM4SF1-AS1	4	0.6989700043360189
TM4SF18	13	1.146128035678238
TM4SF18-AS1	1	0.3010299956639812
TM4SF19	10	1.0413926851582251
TM4SF19-AS1	1	0.3010299956639812
TM4SF19-DYNLT2B	2	0.47712125471966244
TM4SF20	19	1.3010299956639813
TM4SF4	29	1.4771212547196624
TM4SF5	62	1.7993405494535817
TM6SF1	15	1.2041199826559248
TM6SF2	210	2.3242824552976926
TM7SF2	31	1.505149978319906
TM7SF3	24	1.3979400086720377
TM7SF3-AS1	1	0.3010299956639812
TM9SF1	38	1.591064607026499
TM9SF2	72	1.863322860120456
TM9SF3	90	1.9590413923210936
TM9SF4	60	1.7853298350107671
TMA16	68	1.8388490907372552
TMA7	46	1.6720978579357175
TMBIM1	41	1.6232492903979006
TMBIM4	27	1.4471580313422192
TMBIM6	111	2.0492180226701815
TMBIM7P	1	0.3010299956639812
TMC1	104	2.0211892990699383
TMC2	27	1.4471580313422192
TMC3	14	1.1760912590556813
TMC3-AS1	3	0.6020599913279624
TMC4	24	1.3979400086720377
TMC5	18	1.2787536009528289
TMC5-AS1	1	0.3010299956639812
TMC6	75	1.8808135922807914
TMC7	15	1.2041199826559248
TMC8	80	1.9084850188786497
TMCC1	33	1.5314789170422551
TMCC1-DT	1	0.3010299956639812
TMCC2	28	1.462397997898956
TMCC3	34	1.5440680443502757
TMCO1	141	2.1522883443830563
TMCO1-AS1	3	0.6020599913279624
TMCO2	6	0.8450980400142568
TMCO4	14	1.1760912590556813
TMCO5A	7	0.9030899869919435
TMCO5B	3	0.6020599913279624
TMCO6	19	1.3010299956639813
TMED1	50	1.7075701760979363
TMED10	189	2.278753600952829
TMED10P1	5	0.7781512503836436
TMED11P	3	0.6020599913279624
TMED2	102	2.012837224705172
TMED2-DT	1	0.3010299956639812
TMED3	47	1.6812412373755872
TMED4	59	1.7781512503836436
TMED5	45	1.662757831681574
TMED6	9	1.0
TMED7	52	1.724275869600789
TMED7-TICAM2	15	1.2041199826559248
TMED8	28	1.462397997898956
TMED9	112	2.0530784434834195
TMEFF1	25	1.414973347970818
TMEFF2	123	2.093421685162235
TMEM100	37	1.5797835966168101
TMEM101	16	1.2304489213782739
TMEM102	23	1.380211241711606
TMEM105	2	0.47712125471966244
TMEM106A	16	1.2304489213782739
TMEM106B	200	2.303196057420489
TMEM106C	26	1.4313637641589874
TMEM107	24	1.3979400086720377
TMEM108	22	1.3617278360175928
TMEM108-AS1	1	0.3010299956639812
TMEM109	94	1.9777236052888478
TMEM11	38	1.591064607026499
TMEM114	15	1.2041199826559248
TMEM115	37	1.5797835966168101
TMEM116	11	1.0791812460476249
TMEM117	18	1.2787536009528289
TMEM119	42	1.6334684555795864
TMEM120A	33	1.5314789170422551
TMEM120B	32	1.5185139398778875
TMEM121	10	1.0413926851582251
TMEM121B	10	1.0413926851582251
TMEM123	25	1.414973347970818
TMEM125	3	0.6020599913279624
TMEM126A	60	1.7853298350107671
TMEM126B	46	1.6720978579357175
TMEM127	58	1.7708520116421442
TMEM128	18	1.2787536009528289
TMEM129	22	1.3617278360175928
TMEM130	18	1.2787536009528289
TMEM131	62	1.7993405494535817
TMEM131L	40	1.6127838567197355
TMEM132A	27	1.4471580313422192
TMEM132B	13	1.146128035678238
TMEM132C	11	1.0791812460476249
TMEM132D	32	1.5185139398778875
TMEM132D-AS1	6	0.8450980400142568
TMEM132E	16	1.2304489213782739
TMEM132E-DT	6	0.8450980400142568
TMEM134	14	1.1760912590556813
TMEM135	22	1.3617278360175928
TMEM138	21	1.3424226808222062
TMEM139	18	1.2787536009528289
TMEM139-AS1	1	0.3010299956639812
TMEM140	17	1.255272505103306
TMEM141	15	1.2041199826559248
TMEM143	18	1.2787536009528289
TMEM144	8	0.9542425094393249
TMEM145	7	0.9030899869919435
TMEM147	31	1.505149978319906
TMEM147-AS1	4	0.6989700043360189
TMEM14A	20	1.3222192947339193
TMEM14B	21	1.3424226808222062
TMEM14B-DT	1	0.3010299956639812
TMEM14C	29	1.4771212547196624
TMEM14DP	3	0.6020599913279624
TMEM14EP	3	0.6020599913279624
TMEM150A	22	1.3617278360175928
TMEM150B	14	1.1760912590556813
TMEM150C	14	1.1760912590556813
TMEM151A	13	1.146128035678238
TMEM151B	10	1.0413926851582251
TMEM154	12	1.1139433523068367
TMEM156	5	0.7781512503836436
TMEM158	43	1.6434526764861874
TMEM160	37	1.5797835966168101
TMEM161A	41	1.6232492903979006
TMEM161B	26	1.4313637641589874
TMEM161B-DT	7	0.9030899869919435
TMEM161BP1	2	0.47712125471966244
TMEM163	31	1.505149978319906
TMEM164	21	1.3424226808222062
TMEM165	103	2.0170333392987803
TMEM167A	22	1.3617278360175928
TMEM167AP1	1	0.3010299956639812
TMEM167AP2	1	0.3010299956639812
TMEM167B	12	1.1139433523068367
TMEM168	21	1.3424226808222062
TMEM169	10	1.0413926851582251
TMEM17	14	1.1760912590556813
TMEM170A	14	1.1760912590556813
TMEM170B	4	0.6989700043360189
TMEM171	14	1.1760912590556813
TMEM174	14	1.1760912590556813
TMEM175	46	1.6720978579357175
TMEM176A	33	1.5314789170422551
TMEM176B	23	1.380211241711606
TMEM177	23	1.380211241711606
TMEM178A	15	1.2041199826559248
TMEM178B	11	1.0791812460476249
TMEM179	3	0.6020599913279624
TMEM179B	15	1.2041199826559248
TMEM18	97	1.9912260756924949
TMEM18-DT	1	0.3010299956639812
TMEM181	26	1.4313637641589874
TMEM182	13	1.146128035678238
TMEM183A	20	1.3222192947339193
TMEM183BP	3	0.6020599913279624
TMEM184A	20	1.3222192947339193
TMEM184B	24	1.3979400086720377
TMEM184C	18	1.2787536009528289
TMEM184C-DT	1	0.3010299956639812
TMEM185A	23	1.380211241711606
TMEM185B	13	1.146128035678238
TMEM186	20	1.3222192947339193
TMEM187	17	1.255272505103306
TMEM190	7	0.9030899869919435
TMEM191A	4	0.6989700043360189
TMEM191B	3	0.6020599913279624
TMEM191C	2	0.47712125471966244
TMEM192	36	1.568201724066995
TMEM196	12	1.1139433523068367
TMEM198	5	0.7781512503836436
TMEM198B	4	0.6989700043360189
TMEM200A	16	1.2304489213782739
TMEM200B	4	0.6989700043360189
TMEM200C	7	0.9030899869919435
TMEM201	77	1.8920946026904804
TMEM202	2	0.47712125471966244
TMEM203	13	1.146128035678238
TMEM204	13	1.146128035678238
TMEM205	37	1.5797835966168101
TMEM207	12	1.1139433523068367
TMEM208	21	1.3424226808222062
TMEM209	75	1.8808135922807914
TMEM210	2	0.47712125471966244
TMEM212	9	1.0
TMEM213	8	0.9542425094393249
TMEM214	71	1.8573324964312685
TMEM215	4	0.6989700043360189
TMEM216	27	1.4471580313422192
TMEM217	9	1.0
TMEM217B	1	0.3010299956639812
TMEM218	15	1.2041199826559248
TMEM219	18	1.2787536009528289
TMEM220	8	0.9542425094393249
TMEM220-AS1	1	0.3010299956639812
TMEM221	5	0.7781512503836436
TMEM222	22	1.3617278360175928
TMEM223	23	1.380211241711606
TMEM225	4	0.6989700043360189
TMEM225B	6	0.8450980400142568
TMEM229A	5	0.7781512503836436
TMEM229B	10	1.0413926851582251
TMEM230	69	1.845098040014257
TMEM230P2	1	0.3010299956639812
TMEM231	29	1.4771212547196624
TMEM232	20	1.3222192947339193
TMEM233	6	0.8450980400142568
TMEM234	10	1.0413926851582251
TMEM235	3	0.6020599913279624
TMEM236	9	1.0
TMEM237	50	1.7075701760979363
TMEM238	2	0.47712125471966244
TMEM238L	15	1.2041199826559248
TMEM239	11	1.0791812460476249
TMEM240	22	1.3617278360175928
TMEM242	22	1.3617278360175928
TMEM243	17	1.255272505103306
TMEM244	4	0.6989700043360189
TMEM245	34	1.5440680443502757
TMEM246-AS1	1	0.3010299956639812
TMEM247	2	0.47712125471966244
TMEM248	26	1.4313637641589874
TMEM248P1	1	0.3010299956639812
TMEM25	26	1.4313637641589874
TMEM250	7	0.9030899869919435
TMEM252	9	1.0
TMEM253	2	0.47712125471966244
TMEM254	18	1.2787536009528289
TMEM254-AS1	4	0.6989700043360189
TMEM255A	12	1.1139433523068367
TMEM255B	12	1.1139433523068367
TMEM256	16	1.2304489213782739
TMEM256-PLSCR3	2	0.47712125471966244
TMEM258	42	1.6334684555795864
TMEM259	41	1.6232492903979006
TMEM26	22	1.3617278360175928
TMEM260	17	1.255272505103306
TMEM263	56	1.7558748556724915
TMEM265	4	0.6989700043360189
TMEM266	17	1.255272505103306
TMEM267	12	1.1139433523068367
TMEM268	18	1.2787536009528289
TMEM269	1	0.3010299956639812
TMEM270	5	0.7781512503836436
TMEM272	3	0.6020599913279624
TMEM273	4	0.6989700043360189
TMEM276	3	0.6020599913279624
TMEM276-ZFTRAF1	2	0.47712125471966244
TMEM277P	4	0.6989700043360189
TMEM278	4	0.6989700043360189
TMEM30A-DT	2	0.47712125471966244
TMEM31	7	0.9030899869919435
TMEM33	171	2.2355284469075487
TMEM35A	20	1.3222192947339193
TMEM35B	9	1.0
TMEM37	7	0.9030899869919435
TMEM38A	18	1.2787536009528289
TMEM38B	61	1.792391689498254
TMEM39A	31	1.505149978319906
TMEM39B	20	1.3222192947339193
TMEM40	15	1.2041199826559248
TMEM41A	26	1.4313637641589874
TMEM41A-DT	1	0.3010299956639812
TMEM41B	64	1.8129133566428555
TMEM42	8	0.9542425094393249
TMEM43	166	2.2227164711475833
TMEM44	13	1.146128035678238
TMEM44-AS1	6	0.8450980400142568
TMEM45A	25	1.414973347970818
TMEM45B	23	1.380211241711606
TMEM47	23	1.380211241711606
TMEM50A	23	1.380211241711606
TMEM50B	18	1.2787536009528289
TMEM51	35	1.5563025007672873
TMEM51-AS1	3	0.6020599913279624
TMEM51-AS2	3	0.6020599913279624
TMEM52	3	0.6020599913279624
TMEM52B	14	1.1760912590556813
TMEM53	14	1.1760912590556813
TMEM54	15	1.2041199826559248
TMEM59	72	1.863322860120456
TMEM59L	15	1.2041199826559248
TMEM60	10	1.0413926851582251
TMEM61	6	0.8450980400142568
TMEM62	12	1.1139433523068367
TMEM63A	43	1.6434526764861874
TMEM63B	33	1.5314789170422551
TMEM63C	17	1.255272505103306
TMEM64	11	1.0791812460476249
TMEM65	32	1.5185139398778875
TMEM67	88	1.9493900066449128
TMEM68	24	1.3979400086720377
TMEM69	10	1.0413926851582251
TMEM70	62	1.7993405494535817
TMEM71	6	0.8450980400142568
TMEM72	7	0.9030899869919435
TMEM72-AS1	3	0.6020599913279624
TMEM74	18	1.2787536009528289
TMEM74B	7	0.9030899869919435
TMEM78	3	0.6020599913279624
TMEM79	34	1.5440680443502757
TMEM80	11	1.0791812460476249
TMEM81	4	0.6989700043360189
TMEM82	4	0.6989700043360189
TMEM86A	15	1.2041199826559248
TMEM86B	9	1.0
TMEM87A	51	1.7160033436347992
TMEM87B	22	1.3617278360175928
TMEM88	23	1.380211241711606
TMEM89	6	0.8450980400142568
TMEM8B	48	1.6901960800285136
TMEM9	66	1.8260748027008264
TMEM91	10	1.0413926851582251
TMEM92	19	1.3010299956639813
TMEM92-AS1	3	0.6020599913279624
TMEM94	32	1.5185139398778875
TMEM95	9	1.0
TMEM97	84	1.9294189257142926
TMEM98	40	1.6127838567197355
TMEM98P1	1	0.3010299956639812
TMEM9B	25	1.414973347970818
TMEM9B-AS1	4	0.6989700043360189
TMF1	84	1.9294189257142926
TMIE	22	1.3617278360175928
TMIGD1	17	1.255272505103306
TMIGD2	29	1.4771212547196624
TMIGD3	11	1.0791812460476249
TMLHE	40	1.6127838567197355
TMOD1	110	2.0453229787866576
TMOD2	53	1.7323937598229686
TMOD3	179	2.255272505103306
TMOD4	18	1.2787536009528289
TMPO	376	2.576341350205793
TMPO-AS1	20	1.3222192947339193
TMPOP2	2	0.47712125471966244
TMPPE	11	1.0791812460476249
TMPRSS11A	27	1.4471580313422192
TMPRSS11B	14	1.1760912590556813
TMPRSS11CP	5	0.7781512503836436
TMPRSS11D	54	1.7403626894942439
TMPRSS11E	24	1.3979400086720377
TMPRSS11F	7	0.9030899869919435
TMPRSS11GP	2	0.47712125471966244
TMPRSS12	8	0.9542425094393249
TMPRSS13	36	1.568201724066995
TMPRSS15	25	1.414973347970818
TMPRSS2	1288	3.110252917353403
TMPRSS3	69	1.845098040014257
TMPRSS4	100	2.0043213737826426
TMPRSS5	17	1.255272505103306
TMPRSS6	201	2.305351369446624
TMPRSS7	12	1.1139433523068367
TMPRSS9	12	1.1139433523068367
TMSB10	78	1.8976270912904414
TMSB15A	17	1.255272505103306
TMSB15B	9	1.0
TMSB15B-AS1	2	0.47712125471966244
TMSB15C	5	0.7781512503836436
TMSB4X	158	2.2013971243204513
TMSB4XP1	3	0.6020599913279624
TMSB4XP2	3	0.6020599913279624
TMSB4XP4	1	0.3010299956639812
TMSB4XP6	3	0.6020599913279624
TMSB4XP7	1	0.3010299956639812
TMSB4XP8	3	0.6020599913279624
TMSB4Y	20	1.3222192947339193
TMT1A	44	1.6532125137753437
TMT1B	34	1.5440680443502757
TMTC1	33	1.5314789170422551
TMTC2	35	1.5563025007672873
TMTC3	72	1.863322860120456
TMTC4	28	1.462397997898956
TMUB1	55	1.7481880270062005
TMUB2	27	1.4471580313422192
TMX1	136	2.1367205671564067
TMX1P1	1	0.3010299956639812
TMX2	58	1.7708520116421442
TMX2-CTNND1	4	0.6989700043360189
TMX3	96	1.9867717342662448
TMX4	52	1.724275869600789
TMX4-AS1	1	0.3010299956639812
TNC	336	2.5276299008713385
TNF	8291	3.918659293421823
TNFAIP1	96	1.9867717342662448
TNFAIP2	73	1.8692317197309762
TNFAIP3	937	2.9722028383790646
TNFAIP6	276	2.4424797690644486
TNFAIP8	90	1.9590413923210936
TNFRSF10A	814	2.9111576087399764
TNFRSF10A-AS1	4	0.6989700043360189
TNFRSF10A-DT	6	0.8450980400142568
TNFRSF10B	1050	3.021602716028242
TNFRSF10B-AS1	5	0.7781512503836436
TNFRSF10C	194	2.290034611362518
TNFRSF10D	153	2.187520720836463
TNFRSF11A	1382	3.1408221801093106
TNFRSF11B	806	2.90687353472207
TNFRSF12A	322	2.509202522331103
TNFRSF13B	276	2.4424797690644486
TNFRSF13C	264	2.423245873936808
TNFRSF14	311	2.494154594018443
TNFRSF14-AS1	3	0.6020599913279624
TNFRSF17	310	2.4927603890268375
TNFRSF18	259	2.4149733479708178
TNFRSF19	80	1.9084850188786497
TNFRSF1A	1096	3.0402066275747113
TNFRSF1B	665	2.823474229170301
TNFRSF21	104	2.0211892990699383
TNFRSF25	176	2.247973266361807
TNFRSF4	390	2.5921767573958667
TNFRSF6B	238	2.3783979009481375
TNFRSF8	237	2.376576957056512
TNFRSF9	399	2.6020599913279625
TNFSF10	3554	3.550839605065785
TNFSF11	2634	3.4207806195485655
TNFSF12	515	2.7126497016272113
TNFSF12-TNFSF13	20	1.3222192947339193
TNFSF13	402	2.6053050461411096
TNFSF13B	1157	3.0637085593914173
TNFSF14	251	2.401400540781544
TNFSF15	331	2.5211380837040362
TNFSF18	95	1.9822712330395684
TNFSF4	378	2.578639209968072
TNFSF8	137	2.1398790864012365
TNFSF9	195	2.292256071356476
TNIK	128	2.110589710299249
TNIP1	246	2.392696953259666
TNIP2	106	2.0293837776852097
TNIP3	45	1.662757831681574
TNK1	49	1.6989700043360187
TNK2	197	2.296665190261531
TNK2-AS1	4	0.6989700043360189
TNKS	300	2.4785664955938436
TNKS2	159	2.2041199826559246
TNKS2-DT	1	0.3010299956639812
TNMD	62	1.7993405494535817
TNN	26	1.4313637641589874
TNNC1	119	2.0791812460476247
TNNC2	32	1.5185139398778875
TNNI1	69	1.845098040014257
TNNI2	61	1.792391689498254
TNNI3	415	2.6190933306267428
TNNI3K	45	1.662757831681574
TNNT1	91	1.9637878273455553
TNNT2	590	2.7715874808812555
TNNT3	65	1.8195439355418688
TNP1	31	1.505149978319906
TNP2	34	1.5440680443502757
TNPO1	322	2.509202522331103
TNPO1P3	1	0.3010299956639812
TNPO2	81	1.9138138523837167
TNPO3	208	2.3201462861110542
TNR	57	1.7634279935629373
TNRC17	2	0.47712125471966244
TNRC18	46	1.6720978579357175
TNRC18P1	1	0.3010299956639812
TNRC6A	233	2.369215857410143
TNRC6B	175	2.24551266781415
TNRC6B-DT	1	0.3010299956639812
TNRC6C	76	1.8864907251724818
TNS1	97	1.9912260756924949
TNS1-AS1	1	0.3010299956639812
TNS2	62	1.7993405494535817
TNS2-AS1	2	0.47712125471966244
TNS3	99	2.0
TNS4	78	1.8976270912904414
TNXA	35	1.5563025007672873
TNXB	111	2.0492180226701815
TOB1	132	2.123851640967086
TOB1-AS1	4	0.6989700043360189
TOB2	47	1.6812412373755872
TOB2P1	1	0.3010299956639812
TODL	1	0.3010299956639812
TOE1	110	2.0453229787866576
TOGARAM1	19	1.3010299956639813
TOGARAM2	10	1.0413926851582251
TOLLIP	244	2.3891660843645326
TOLLIP-DT	2	0.47712125471966244
TOM1	130	2.1172712956557644
TOM1L1	65	1.8195439355418688
TOM1L2	76	1.8864907251724818
TOMM20	234	2.3710678622717363
TOMM20L	10	1.0413926851582251
TOMM20P1	2	0.47712125471966244
TOMM22	138	2.143014800254095
TOMM22-DT	1	0.3010299956639812
TOMM22P1	1	0.3010299956639812
TOMM22P2	1	0.3010299956639812
TOMM22P3	1	0.3010299956639812
TOMM34	101	2.0086001717619175
TOMM40	333	2.5237464668115646
TOMM40L	22	1.3617278360175928
TOMM5	33	1.5314789170422551
TOMM6	21	1.3424226808222062
TOMM7	30	1.4913616938342726
TOMM70	168	2.2278867046136734
TOMT	10	1.0413926851582251
TONSL	91	1.9637878273455553
TONSL-AS1	4	0.6989700043360189
TOP1	885	2.9474337218870508
TOP1MT	49	1.6989700043360187
TOP1P1	2	0.47712125471966244
TOP1P2	2	0.47712125471966244
TOP2A	1055	3.0236639181977933
TOP2B	328	2.5171958979499744
TOP3A	118	2.0755469613925306
TOP3B	90	1.9590413923210936
TOP3BP1	2	0.47712125471966244
TOP6BL	12	1.1139433523068367
TOPAZ1	14	1.1760912590556813
TOPBP1	320	2.506505032404872
TOPORS	97	1.9912260756924949
TOR1A	551	2.741939077729199
TOR1AIP1	156	2.1958996524092336
TOR1AIP2	111	2.0492180226701815
TOR1B	47	1.6812412373755872
TOR2A	113	2.0569048513364727
TOR3A	38	1.591064607026499
TOR4A	18	1.2787536009528289
TOX	112	2.0530784434834195
TOX2	29	1.4771212547196624
TOX3	116	2.0681858617461617
TOX4	108	2.037426497940624
TP53	20402	4.309694029565843
TP53AIP1	45	1.662757831681574
TP53BP1	1079	3.03342375548695
TP53BP2	280	2.44870631990508
TP53BP2P1	1	0.3010299956639812
TP53COR1	32	1.5185139398778875
TP53I11	45	1.662757831681574
TP53I13	12	1.1139433523068367
TP53I3	85	1.9344984512435677
TP53INP1	138	2.143014800254095
TP53INP2	58	1.7708520116421442
TP53RK	63	1.806179973983887
TP53TG1	35	1.5563025007672873
TP53TG3	8	0.9542425094393249
TP53TG3B	4	0.6989700043360189
TP53TG3C	5	0.7781512503836436
TP53TG3D	3	0.6020599913279624
TP53TG3E	1	0.3010299956639812
TP53TG3F	1	0.3010299956639812
TP53TG3HP	2	0.47712125471966244
TP53TG5	13	1.146128035678238
TP63	2043	3.3104808914626753
TP73	1433	3.1565491513317814
TP73-AS2	1	0.3010299956639812
TPBG	104	2.0211892990699383
TPBGL	2	0.47712125471966244
TPCN1	72	1.863322860120456
TPCN2	99	2.0
TPD52	186	2.271841606536499
TPD52L1	41	1.6232492903979006
TPD52L2	114	2.060697840353612
TPD52L3	16	1.2304489213782739
TPGS1	37	1.5797835966168101
TPGS2	24	1.3979400086720377
TPH1	350	2.545307116465824
TPH2	417	2.621176281775035
TPI1	263	2.4216039268698313
TPI1P1	5	0.7781512503836436
TPI1P2	8	0.9542425094393249
TPI1P3	1	0.3010299956639812
TPI1P4	1	0.3010299956639812
TPK1	46	1.6720978579357175
TPM1	426	2.630427875025024
TPM1-AS	3	0.6020599913279624
TPM2	208	2.3201462861110542
TPM3	428	2.6324572921847245
TPM3P1	3	0.6020599913279624
TPM3P4	4	0.6989700043360189
TPM3P5	1	0.3010299956639812
TPM3P6	1	0.3010299956639812
TPM3P7	1	0.3010299956639812
TPM3P8	1	0.3010299956639812
TPM3P9	3	0.6020599913279624
TPM4	226	2.3560258571931225
TPMT	395	2.597695185925512
TPMTP1	1	0.3010299956639812
TPMTP2	1	0.3010299956639812
TPMTP3	1	0.3010299956639812
TPO	185	2.2695129442179165
TPP1	433	2.637489729512511
TPP2	104	2.0211892990699383
TPPP	159	2.2041199826559246
TPPP2	12	1.1139433523068367
TPPP3	30	1.4913616938342726
TPR	284	2.45484486000851
TPRA1	23	1.380211241711606
TPRG1	12	1.1139433523068367
TPRG1-AS1	4	0.6989700043360189
TPRG1-AS2	1	0.3010299956639812
TPRG1L	15	1.2041199826559248
TPRKB	32	1.5185139398778875
TPRN	47	1.6812412373755872
TPRX1	11	1.0791812460476249
TPRX2	4	0.6989700043360189
TPRXL	10	1.0413926851582251
TPSAB1	126	2.103803720955957
TPSB2	29	1.4771212547196624
TPSD1	17	1.255272505103306
TPSG1	10	1.0413926851582251
TPSP1	2	0.47712125471966244
TPSP2	2	0.47712125471966244
TPST1	40	1.6127838567197355
TPST2	47	1.6812412373755872
TPT1	425	2.629409599102719
TPT1-AS1	14	1.1760912590556813
TPT1P8	5	0.7781512503836436
TPTE	108	2.037426497940624
TPTE2	26	1.4313637641589874
TPTE2P1	5	0.7781512503836436
TPTE2P2	2	0.47712125471966244
TPTE2P3	4	0.6989700043360189
TPTE2P4	1	0.3010299956639812
TPTE2P5	3	0.6020599913279624
TPTE2P6	1	0.3010299956639812
TPTEP1	11	1.0791812460476249
TPTEP2	2	0.47712125471966244
TPTEP2-CSNK1E	44	1.6532125137753437
TPX2	395	2.597695185925512
TRA	132	2.123851640967086
TRA-AGC1-1	1	0.3010299956639812
TRA-AGC10-1	1	0.3010299956639812
TRA-AGC11-1	2	0.47712125471966244
TRA-AGC12-1	1	0.3010299956639812
TRA-AGC12-2	1	0.3010299956639812
TRA-AGC12-3	1	0.3010299956639812
TRA-AGC13-1	1	0.3010299956639812
TRA-AGC13-2	1	0.3010299956639812
TRA-AGC14-1	1	0.3010299956639812
TRA-AGC15-1	1	0.3010299956639812
TRA-AGC16-1	1	0.3010299956639812
TRA-AGC17-1	1	0.3010299956639812
TRA-AGC18-1	1	0.3010299956639812
TRA-AGC18-2	1	0.3010299956639812
TRA-AGC19-1	1	0.3010299956639812
TRA-AGC2-1	1	0.3010299956639812
TRA-AGC2-2	1	0.3010299956639812
TRA-AGC20-1	1	0.3010299956639812
TRA-AGC21-1	1	0.3010299956639812
TRA-AGC22-1	1	0.3010299956639812
TRA-AGC23-1	1	0.3010299956639812
TRA-AGC3-1	1	0.3010299956639812
TRA-AGC4-1	1	0.3010299956639812
TRA-AGC5-1	1	0.3010299956639812
TRA-AGC6-1	1	0.3010299956639812
TRA-AGC7-1	1	0.3010299956639812
TRA-AGC8-1	2	0.47712125471966244
TRA-AGC8-2	1	0.3010299956639812
TRA-AGC9-1	1	0.3010299956639812
TRA-AGC9-2	1	0.3010299956639812
TRA-CGC1-1	1	0.3010299956639812
TRA-CGC2-1	1	0.3010299956639812
TRA-CGC3-1	1	0.3010299956639812
TRA-CGC4-1	1	0.3010299956639812
TRA-CGC5-1	1	0.3010299956639812
TRA-TGC1-1	2	0.47712125471966244
TRA-TGC10-1	1	0.3010299956639812
TRA-TGC2-1	1	0.3010299956639812
TRA-TGC3-1	1	0.3010299956639812
TRA-TGC3-2	1	0.3010299956639812
TRA-TGC4-1	1	0.3010299956639812
TRA-TGC5-1	1	0.3010299956639812
TRA-TGC6-1	1	0.3010299956639812
TRA-TGC7-1	2	0.47712125471966244
TRA-TGC8-1	1	0.3010299956639812
TRA-TGC9-1	1	0.3010299956639812
TRA2A	146	2.167317334748176
TRA2B	283	2.4533183400470375
TRABD	61	1.792391689498254
TRABD2A	9	1.0
TRABD2B	18	1.2787536009528289
TRAC	23	1.380211241711606
TRADD	188	2.2764618041732443
TRAF1	242	2.385606273598312
TRAF2	598	2.7774268223893115
TRAF3	456	2.6599162000698504
TRAF3IP2	170	2.2329961103921536
TRAF3IP2-AS1	14	1.1760912590556813
TRAF3IP3	41	1.6232492903979006
TRAF4	202	2.307496037913213
TRAF5	161	2.2095150145426308
TRAF6	876	2.9429995933660407
TRAF7	123	2.093421685162235
TRAFD1	82	1.919078092376074
TRAIP	67	1.8325089127062364
TRAJ1	2	0.47712125471966244
TRAJ10	2	0.47712125471966244
TRAJ11	1	0.3010299956639812
TRAJ12	2	0.47712125471966244
TRAJ13	1	0.3010299956639812
TRAJ14	1	0.3010299956639812
TRAJ15	2	0.47712125471966244
TRAJ16	1	0.3010299956639812
TRAJ17	4	0.6989700043360189
TRAJ18	1	0.3010299956639812
TRAJ19	2	0.47712125471966244
TRAJ2	2	0.47712125471966244
TRAJ20	1	0.3010299956639812
TRAJ21	1	0.3010299956639812
TRAJ22	2	0.47712125471966244
TRAJ23	2	0.47712125471966244
TRAJ24	2	0.47712125471966244
TRAJ25	2	0.47712125471966244
TRAJ26	1	0.3010299956639812
TRAJ27	1	0.3010299956639812
TRAJ28	1	0.3010299956639812
TRAJ29	2	0.47712125471966244
TRAJ3	3	0.6020599913279624
TRAJ30	1	0.3010299956639812
TRAJ31	3	0.6020599913279624
TRAJ32	1	0.3010299956639812
TRAJ33	1	0.3010299956639812
TRAJ34	2	0.47712125471966244
TRAJ35	1	0.3010299956639812
TRAJ36	1	0.3010299956639812
TRAJ37	1	0.3010299956639812
TRAJ38	1	0.3010299956639812
TRAJ39	1	0.3010299956639812
TRAJ4	1	0.3010299956639812
TRAJ40	2	0.47712125471966244
TRAJ41	1	0.3010299956639812
TRAJ42	2	0.47712125471966244
TRAJ43	1	0.3010299956639812
TRAJ44	2	0.47712125471966244
TRAJ45	1	0.3010299956639812
TRAJ46	1	0.3010299956639812
TRAJ47	1	0.3010299956639812
TRAJ48	1	0.3010299956639812
TRAJ49	1	0.3010299956639812
TRAJ5	1	0.3010299956639812
TRAJ50	1	0.3010299956639812
TRAJ51	1	0.3010299956639812
TRAJ52	1	0.3010299956639812
TRAJ53	1	0.3010299956639812
TRAJ54	1	0.3010299956639812
TRAJ55	1	0.3010299956639812
TRAJ56	10	1.0413926851582251
TRAJ57	1	0.3010299956639812
TRAJ58	1	0.3010299956639812
TRAJ59	1	0.3010299956639812
TRAJ6	2	0.47712125471966244
TRAJ60	2	0.47712125471966244
TRAJ61	1	0.3010299956639812
TRAJ7	1	0.3010299956639812
TRAJ8	1	0.3010299956639812
TRAJ9	1	0.3010299956639812
TRAK1	74	1.8750612633917
TRAK2	52	1.724275869600789
TRAM1	88	1.9493900066449128
TRAM1L1	14	1.1760912590556813
TRAM2	38	1.591064607026499
TRAM2-AS1	3	0.6020599913279624
TRANK1	26	1.4313637641589874
TRAP1	417	2.621176281775035
TRAPPC1	42	1.6334684555795864
TRAPPC10	52	1.724275869600789
TRAPPC11	59	1.7781512503836436
TRAPPC12	42	1.6334684555795864
TRAPPC13	29	1.4771212547196624
TRAPPC13P1	1	0.3010299956639812
TRAPPC14	25	1.414973347970818
TRAPPC2	97	1.9912260756924949
TRAPPC2B	21	1.3424226808222062
TRAPPC2L	40	1.6127838567197355
TRAPPC2P2	1	0.3010299956639812
TRAPPC2P3	2	0.47712125471966244
TRAPPC2P4	2	0.47712125471966244
TRAPPC2P5	2	0.47712125471966244
TRAPPC2P6	2	0.47712125471966244
TRAPPC2P7	2	0.47712125471966244
TRAPPC2P8	1	0.3010299956639812
TRAPPC3	73	1.8692317197309762
TRAPPC3L	7	0.9030899869919435
TRAPPC4	51	1.7160033436347992
TRAPPC5	49	1.6989700043360187
TRAPPC6A	30	1.4913616938342726
TRAPPC6B	36	1.568201724066995
TRAPPC8	57	1.7634279935629373
TRAPPC9	97	1.9912260756924949
TRARG1	19	1.3010299956639813
TRAT1	60	1.7853298350107671
TRAV1-1	3	0.6020599913279624
TRAV1-2	3	0.6020599913279624
TRAV10	3	0.6020599913279624
TRAV11	1	0.3010299956639812
TRAV12-1	3	0.6020599913279624
TRAV12-2	5	0.7781512503836436
TRAV12-3	6	0.8450980400142568
TRAV13-1	3	0.6020599913279624
TRAV13-2	3	0.6020599913279624
TRAV14DV4	3	0.6020599913279624
TRAV15	1	0.3010299956639812
TRAV16	2	0.47712125471966244
TRAV17	4	0.6989700043360189
TRAV18	4	0.6989700043360189
TRAV19	5	0.7781512503836436
TRAV2	3	0.6020599913279624
TRAV20	7	0.9030899869919435
TRAV21	3	0.6020599913279624
TRAV22	2	0.47712125471966244
TRAV23DV6	3	0.6020599913279624
TRAV24	7	0.9030899869919435
TRAV25	3	0.6020599913279624
TRAV26-1	3	0.6020599913279624
TRAV26-2	4	0.6989700043360189
TRAV27	5	0.7781512503836436
TRAV28	1	0.3010299956639812
TRAV29DV5	5	0.7781512503836436
TRAV3	2	0.47712125471966244
TRAV30	3	0.6020599913279624
TRAV31	1	0.3010299956639812
TRAV32	1	0.3010299956639812
TRAV33	1	0.3010299956639812
TRAV34	3	0.6020599913279624
TRAV35	3	0.6020599913279624
TRAV36DV7	3	0.6020599913279624
TRAV37	1	0.3010299956639812
TRAV38-1	3	0.6020599913279624
TRAV38-2DV8	4	0.6989700043360189
TRAV39	3	0.6020599913279624
TRAV4	4	0.6989700043360189
TRAV40	4	0.6989700043360189
TRAV41	2	0.47712125471966244
TRAV5	3	0.6020599913279624
TRAV6	4	0.6989700043360189
TRAV7	4	0.6989700043360189
TRAV8-1	2	0.47712125471966244
TRAV8-2	2	0.47712125471966244
TRAV8-3	3	0.6020599913279624
TRAV8-4	3	0.6020599913279624
TRAV8-5	2	0.47712125471966244
TRAV8-6	3	0.6020599913279624
TRAV8-7	2	0.47712125471966244
TRAV9-1	4	0.6989700043360189
TRAV9-2	3	0.6020599913279624
TRB	129	2.113943352306837
TRBC1	21	1.3424226808222062
TRBC2	8	0.9542425094393249
TRBD1	4	0.6989700043360189
TRBD2	3	0.6020599913279624
TRBJ1-1	4	0.6989700043360189
TRBJ1-2	3	0.6020599913279624
TRBJ1-3	3	0.6020599913279624
TRBJ1-4	3	0.6020599913279624
TRBJ1-5	3	0.6020599913279624
TRBJ1-6	3	0.6020599913279624
TRBJ2-1	3	0.6020599913279624
TRBJ2-2	4	0.6989700043360189
TRBJ2-2P	2	0.47712125471966244
TRBJ2-3	3	0.6020599913279624
TRBJ2-4	3	0.6020599913279624
TRBJ2-5	3	0.6020599913279624
TRBJ2-6	3	0.6020599913279624
TRBJ2-7	3	0.6020599913279624
TRBV1	1	0.3010299956639812
TRBV10-1	3	0.6020599913279624
TRBV10-2	4	0.6989700043360189
TRBV10-3	4	0.6989700043360189
TRBV11-1	5	0.7781512503836436
TRBV11-2	3	0.6020599913279624
TRBV11-3	5	0.7781512503836436
TRBV12-1	2	0.47712125471966244
TRBV12-2	2	0.47712125471966244
TRBV12-3	13	1.146128035678238
TRBV12-4	5	0.7781512503836436
TRBV12-5	5	0.7781512503836436
TRBV13	5	0.7781512503836436
TRBV14	4	0.6989700043360189
TRBV15	2	0.47712125471966244
TRBV16	10	1.0413926851582251
TRBV17	4	0.6989700043360189
TRBV18	6	0.8450980400142568
TRBV19	7	0.9030899869919435
TRBV2	4	0.6989700043360189
TRBV20-1	8	0.9542425094393249
TRBV20OR9-2	11	1.0791812460476249
TRBV21-1	5	0.7781512503836436
TRBV21OR9-2	1	0.3010299956639812
TRBV22-1	1	0.3010299956639812
TRBV22OR9-2	1	0.3010299956639812
TRBV23-1	4	0.6989700043360189
TRBV23OR9-2	1	0.3010299956639812
TRBV24-1	5	0.7781512503836436
TRBV24OR9-2	1	0.3010299956639812
TRBV25-1	3	0.6020599913279624
TRBV25OR9-2	3	0.6020599913279624
TRBV26	1	0.3010299956639812
TRBV26OR9-2	1	0.3010299956639812
TRBV27	5	0.7781512503836436
TRBV28	5	0.7781512503836436
TRBV29-1	3	0.6020599913279624
TRBV29OR9-2	1	0.3010299956639812
TRBV3-1	8	0.9542425094393249
TRBV3-2	2	0.47712125471966244
TRBV30	3	0.6020599913279624
TRBV4-1	5	0.7781512503836436
TRBV4-2	4	0.6989700043360189
TRBV4-3	4	0.6989700043360189
TRBV5-1	3	0.6020599913279624
TRBV5-2	2	0.47712125471966244
TRBV5-3	4	0.6989700043360189
TRBV5-4	5	0.7781512503836436
TRBV5-5	3	0.6020599913279624
TRBV5-6	4	0.6989700043360189
TRBV5-7	3	0.6020599913279624
TRBV5-8	3	0.6020599913279624
TRBV6-1	6	0.8450980400142568
TRBV6-2	3	0.6020599913279624
TRBV6-3	4	0.6989700043360189
TRBV6-4	5	0.7781512503836436
TRBV6-5	4	0.6989700043360189
TRBV6-6	3	0.6020599913279624
TRBV6-7	4	0.6989700043360189
TRBV6-8	3	0.6020599913279624
TRBV6-9	7	0.9030899869919435
TRBV7-1	6	0.8450980400142568
TRBV7-2	6	0.8450980400142568
TRBV7-3	5	0.7781512503836436
TRBV7-4	3	0.6020599913279624
TRBV7-5	2	0.47712125471966244
TRBV7-6	3	0.6020599913279624
TRBV7-7	3	0.6020599913279624
TRBV7-8	6	0.8450980400142568
TRBV7-9	4	0.6989700043360189
TRBV8-1	1	0.3010299956639812
TRBV8-2	1	0.3010299956639812
TRBV9	3	0.6020599913279624
TRBVA	1	0.3010299956639812
TRBVAOR9-2	1	0.3010299956639812
TRBVB	1	0.3010299956639812
TRC-GCA1-1	1	0.3010299956639812
TRC-GCA10-1	1	0.3010299956639812
TRC-GCA11-1	1	0.3010299956639812
TRC-GCA12-1	1	0.3010299956639812
TRC-GCA13-1	1	0.3010299956639812
TRC-GCA14-1	1	0.3010299956639812
TRC-GCA15-1	1	0.3010299956639812
TRC-GCA16-1	1	0.3010299956639812
TRC-GCA17-1	1	0.3010299956639812
TRC-GCA18-1	1	0.3010299956639812
TRC-GCA19-1	1	0.3010299956639812
TRC-GCA2-1	1	0.3010299956639812
TRC-GCA2-2	1	0.3010299956639812
TRC-GCA2-3	1	0.3010299956639812
TRC-GCA2-4	1	0.3010299956639812
TRC-GCA20-1	1	0.3010299956639812
TRC-GCA21-1	1	0.3010299956639812
TRC-GCA22-1	1	0.3010299956639812
TRC-GCA23-1	1	0.3010299956639812
TRC-GCA24-1	1	0.3010299956639812
TRC-GCA25-1	1	0.3010299956639812
TRC-GCA3-1	2	0.47712125471966244
TRC-GCA4-1	1	0.3010299956639812
TRC-GCA5-1	1	0.3010299956639812
TRC-GCA6-1	1	0.3010299956639812
TRC-GCA7-1	1	0.3010299956639812
TRC-GCA8-1	1	0.3010299956639812
TRC-GCA9-1	1	0.3010299956639812
TRC-GCA9-2	1	0.3010299956639812
TRC-GCA9-3	1	0.3010299956639812
TRC-GCA9-4	1	0.3010299956639812
TRCG1P	1	0.3010299956639812
TRD	59	1.7781512503836436
TRD-AS1	2	0.47712125471966244
TRD-GTC1-1	1	0.3010299956639812
TRD-GTC10-1	1	0.3010299956639812
TRD-GTC2-1	1	0.3010299956639812
TRD-GTC2-10	1	0.3010299956639812
TRD-GTC2-11	1	0.3010299956639812
TRD-GTC2-2	1	0.3010299956639812
TRD-GTC2-3	1	0.3010299956639812
TRD-GTC2-4	1	0.3010299956639812
TRD-GTC2-5	1	0.3010299956639812
TRD-GTC2-6	1	0.3010299956639812
TRD-GTC2-7	1	0.3010299956639812
TRD-GTC2-8	1	0.3010299956639812
TRD-GTC2-9	1	0.3010299956639812
TRD-GTC3-1	1	0.3010299956639812
TRD-GTC4-1	1	0.3010299956639812
TRD-GTC5-1	1	0.3010299956639812
TRD-GTC6-1	1	0.3010299956639812
TRD-GTC7-1	1	0.3010299956639812
TRD-GTC8-1	1	0.3010299956639812
TRD-GTC9-1	1	0.3010299956639812
TRDC	6	0.8450980400142568
TRDD1	1	0.3010299956639812
TRDD2	1	0.3010299956639812
TRDD3	2	0.47712125471966244
TRDJ1	1	0.3010299956639812
TRDJ2	1	0.3010299956639812
TRDJ3	1	0.3010299956639812
TRDJ4	1	0.3010299956639812
TRDMT1	90	1.9590413923210936
TRDN	87	1.9444826721501687
TRDN-AS1	1	0.3010299956639812
TRDV1	4	0.6989700043360189
TRDV2	6	0.8450980400142568
TRDV3	5	0.7781512503836436
TRE-CTC1-1	1	0.3010299956639812
TRE-CTC1-2	1	0.3010299956639812
TRE-CTC1-3	1	0.3010299956639812
TRE-CTC1-4	1	0.3010299956639812
TRE-CTC1-5	1	0.3010299956639812
TRE-CTC1-6	1	0.3010299956639812
TRE-CTC1-7	1	0.3010299956639812
TRE-CTC10-1	1	0.3010299956639812
TRE-CTC11-1	1	0.3010299956639812
TRE-CTC12-1	1	0.3010299956639812
TRE-CTC13-1	1	0.3010299956639812
TRE-CTC14-1	1	0.3010299956639812
TRE-CTC15-1	1	0.3010299956639812
TRE-CTC16-1	1	0.3010299956639812
TRE-CTC17-1	1	0.3010299956639812
TRE-CTC18-1	1	0.3010299956639812
TRE-CTC2-1	1	0.3010299956639812
TRE-CTC3-1	1	0.3010299956639812
TRE-CTC4-1	1	0.3010299956639812
TRE-CTC5-1	1	0.3010299956639812
TRE-CTC6-1	1	0.3010299956639812
TRE-CTC7-1	1	0.3010299956639812
TRE-CTC8-1	1	0.3010299956639812
TRE-CTC9-1	1	0.3010299956639812
TRE-TTC1-1	1	0.3010299956639812
TRE-TTC1-2	1	0.3010299956639812
TRE-TTC10-1	1	0.3010299956639812
TRE-TTC11-1	1	0.3010299956639812
TRE-TTC12-1	1	0.3010299956639812
TRE-TTC13-1	1	0.3010299956639812
TRE-TTC14-1	1	0.3010299956639812
TRE-TTC15-1	1	0.3010299956639812
TRE-TTC16-1	1	0.3010299956639812
TRE-TTC2-1	1	0.3010299956639812
TRE-TTC2-2	1	0.3010299956639812
TRE-TTC3-1	3	0.6020599913279624
TRE-TTC4-1	1	0.3010299956639812
TRE-TTC4-2	1	0.3010299956639812
TRE-TTC5-1	1	0.3010299956639812
TRE-TTC6-1	1	0.3010299956639812
TRE-TTC7-1	1	0.3010299956639812
TRE-TTC8-1	1	0.3010299956639812
TRE-TTC9-1	1	0.3010299956639812
TREH	23	1.380211241711606
TREM1	654	2.816241299991783
TREM2	870	2.9400181550076634
TREML1	51	1.7160033436347992
TREML2	36	1.568201724066995
TREML3P	1	0.3010299956639812
TREML4	16	1.2304489213782739
TREML5P	1	0.3010299956639812
TRERF1	46	1.6720978579357175
TRERNA1	15	1.2041199826559248
TREX1	148	2.173186268412274
TREX2	69	1.845098040014257
TRF-GAA1-1	2	0.47712125471966244
TRF-GAA1-2	2	0.47712125471966244
TRF-GAA1-3	1	0.3010299956639812
TRF-GAA1-4	2	0.47712125471966244
TRF-GAA1-5	1	0.3010299956639812
TRF-GAA1-6	1	0.3010299956639812
TRF-GAA10-1	1	0.3010299956639812
TRF-GAA11-1	1	0.3010299956639812
TRF-GAA12-1	1	0.3010299956639812
TRF-GAA2-1	2	0.47712125471966244
TRF-GAA3-1	1	0.3010299956639812
TRF-GAA4-1	1	0.3010299956639812
TRF-GAA5-1	1	0.3010299956639812
TRF-GAA6-1	1	0.3010299956639812
TRF-GAA7-1	1	0.3010299956639812
TRF-GAA8-1	1	0.3010299956639812
TRF-GAA9-1	1	0.3010299956639812
TRG	58	1.7708520116421442
TRG-AS1	4	0.6989700043360189
TRG-CCC1-1	4	0.6989700043360189
TRG-CCC1-2	1	0.3010299956639812
TRG-CCC2-1	1	0.3010299956639812
TRG-CCC2-2	1	0.3010299956639812
TRG-CCC3-1	1	0.3010299956639812
TRG-CCC4-1	1	0.3010299956639812
TRG-CCC5-1	1	0.3010299956639812
TRG-CCC6-1	1	0.3010299956639812
TRG-CCC7-1	1	0.3010299956639812
TRG-CCC8-1	1	0.3010299956639812
TRG-GCC1-1	1	0.3010299956639812
TRG-GCC1-2	1	0.3010299956639812
TRG-GCC1-3	1	0.3010299956639812
TRG-GCC1-4	1	0.3010299956639812
TRG-GCC1-5	1	0.3010299956639812
TRG-GCC2-1	1	0.3010299956639812
TRG-GCC2-2	1	0.3010299956639812
TRG-GCC2-3	1	0.3010299956639812
TRG-GCC2-4	1	0.3010299956639812
TRG-GCC2-5	1	0.3010299956639812
TRG-GCC2-6	3	0.6020599913279624
TRG-GCC3-1	2	0.47712125471966244
TRG-GCC4-1	1	0.3010299956639812
TRG-GCC5-1	1	0.3010299956639812
TRG-GCC6-1	1	0.3010299956639812
TRG-TCC1-1	2	0.47712125471966244
TRG-TCC2-1	1	0.3010299956639812
TRG-TCC2-2	1	0.3010299956639812
TRG-TCC2-3	1	0.3010299956639812
TRG-TCC2-4	1	0.3010299956639812
TRG-TCC2-5	1	0.3010299956639812
TRG-TCC2-6	1	0.3010299956639812
TRG-TCC3-1	1	0.3010299956639812
TRG-TCC4-1	1	0.3010299956639812
TRG-TCC5-1	1	0.3010299956639812
TRG-TCC6-1	1	0.3010299956639812
TRGC1	8	0.9542425094393249
TRGC2	10	1.0413926851582251
TRGJ1	2	0.47712125471966244
TRGJ2	2	0.47712125471966244
TRGJP	2	0.47712125471966244
TRGJP1	2	0.47712125471966244
TRGJP2	2	0.47712125471966244
TRGV1	6	0.8450980400142568
TRGV10	5	0.7781512503836436
TRGV11	5	0.7781512503836436
TRGV2	5	0.7781512503836436
TRGV3	8	0.9542425094393249
TRGV4	3	0.6020599913279624
TRGV5	6	0.8450980400142568
TRGV5P	3	0.6020599913279624
TRGV6	3	0.6020599913279624
TRGV7	5	0.7781512503836436
TRGV8	4	0.6989700043360189
TRGV9	11	1.0791812460476249
TRGVA	2	0.47712125471966244
TRGVB	2	0.47712125471966244
TRH	59	1.7781512503836436
TRH-GTG1-1	1	0.3010299956639812
TRH-GTG1-2	1	0.3010299956639812
TRH-GTG1-3	1	0.3010299956639812
TRH-GTG1-4	1	0.3010299956639812
TRH-GTG1-5	1	0.3010299956639812
TRH-GTG1-6	2	0.47712125471966244
TRH-GTG1-7	1	0.3010299956639812
TRH-GTG1-8	1	0.3010299956639812
TRH-GTG1-9	1	0.3010299956639812
TRH-GTG2-1	1	0.3010299956639812
TRH-GTG3-1	1	0.3010299956639812
TRHDE	21	1.3424226808222062
TRHDE-AS1	5	0.7781512503836436
TRHR	38	1.591064607026499
TRI-AAT1-1	1	0.3010299956639812
TRI-AAT10-1	1	0.3010299956639812
TRI-AAT11-1	1	0.3010299956639812
TRI-AAT12-1	1	0.3010299956639812
TRI-AAT2-1	1	0.3010299956639812
TRI-AAT3-1	1	0.3010299956639812
TRI-AAT4-1	1	0.3010299956639812
TRI-AAT5-1	1	0.3010299956639812
TRI-AAT5-2	1	0.3010299956639812
TRI-AAT5-3	1	0.3010299956639812
TRI-AAT5-4	1	0.3010299956639812
TRI-AAT5-5	1	0.3010299956639812
TRI-AAT6-1	1	0.3010299956639812
TRI-AAT7-1	1	0.3010299956639812
TRI-AAT7-2	1	0.3010299956639812
TRI-AAT8-1	2	0.47712125471966244
TRI-AAT9-1	1	0.3010299956639812
TRI-GAT1-1	1	0.3010299956639812
TRI-GAT1-2	1	0.3010299956639812
TRI-GAT1-3	1	0.3010299956639812
TRI-TAT2-1	1	0.3010299956639812
TRIAP1	53	1.7323937598229686
TRIB1	195	2.292256071356476
TRIB1AL	3	0.6020599913279624
TRIB2	145	2.164352855784437
TRIB3	279	2.4471580313422194
TRIDDENT	2	0.47712125471966244
TRIL	15	1.2041199826559248
TRIM10	36	1.568201724066995
TRIM11	107	2.03342375548695
TRIM13	81	1.9138138523837167
TRIM14	78	1.8976270912904414
TRIM15	45	1.662757831681574
TRIM16	89	1.954242509439325
TRIM16L	13	1.146128035678238
TRIM17	46	1.6720978579357175
TRIM2	80	1.9084850188786497
TRIM21	428	2.6324572921847245
TRIM22	155	2.1931245983544616
TRIM23	79	1.9030899869919435
TRIM24	215	2.3344537511509307
TRIM25	461	2.6646419755561257
TRIM26	139	2.146128035678238
TRIM26BP	1	0.3010299956639812
TRIM27	245	2.3909351071033793
TRIM28	772	2.888179493918325
TRIM29	171	2.2355284469075487
TRIM3	95	1.9822712330395684
TRIM31	92	1.968482948553935
TRIM32	213	2.330413773349191
TRIM33	322	2.509202522331103
TRIM34	31	1.505149978319906
TRIM35	39	1.6020599913279623
TRIM36	43	1.6434526764861874
TRIM37	152	2.184691430817599
TRIM38	60	1.7853298350107671
TRIM39	49	1.6989700043360187
TRIM39-RPP21	4	0.6989700043360189
TRIM4	71	1.8573324964312685
TRIM40	20	1.3222192947339193
TRIM41	66	1.8260748027008264
TRIM42	19	1.3010299956639813
TRIM43	17	1.255272505103306
TRIM43B	6	0.8450980400142568
TRIM44	87	1.9444826721501687
TRIM45	35	1.5563025007672873
TRIM46	31	1.505149978319906
TRIM47	80	1.9084850188786497
TRIM48	7	0.9030899869919435
TRIM49	21	1.3424226808222062
TRIM49B	2	0.47712125471966244
TRIM49C	8	0.9542425094393249
TRIM49D1	3	0.6020599913279624
TRIM49D2	3	0.6020599913279624
TRIM5	405	2.6085260335771943
TRIM50	26	1.4313637641589874
TRIM51	6	0.8450980400142568
TRIM51BP	1	0.3010299956639812
TRIM51CP	1	0.3010299956639812
TRIM51EP	1	0.3010299956639812
TRIM51FP	2	0.47712125471966244
TRIM51G	3	0.6020599913279624
TRIM51HP	1	0.3010299956639812
TRIM51JP	1	0.3010299956639812
TRIM52	27	1.4471580313422192
TRIM52-AS1	6	0.8450980400142568
TRIM53AP	1	0.3010299956639812
TRIM53BP	1	0.3010299956639812
TRIM53CP	1	0.3010299956639812
TRIM54	37	1.5797835966168101
TRIM55	40	1.6127838567197355
TRIM56	114	2.060697840353612
TRIM58	24	1.3979400086720377
TRIM59	133	2.1271047983648077
TRIM59-IFT80	2	0.47712125471966244
TRIM6	41	1.6232492903979006
TRIM6-TRIM34	7	0.9030899869919435
TRIM60	13	1.146128035678238
TRIM61	9	1.0
TRIM62	39	1.6020599913279623
TRIM63	209	2.322219294733919
TRIM64	4	0.6989700043360189
TRIM64B	4	0.6989700043360189
TRIM64C	5	0.7781512503836436
TRIM64DP	1	0.3010299956639812
TRIM64EP	2	0.47712125471966244
TRIM64FP	1	0.3010299956639812
TRIM64GP	1	0.3010299956639812
TRIM64HP	1	0.3010299956639812
TRIM65	81	1.9138138523837167
TRIM66	35	1.5563025007672873
TRIM67	17	1.255272505103306
TRIM67-AS1	2	0.47712125471966244
TRIM68	37	1.5797835966168101
TRIM69	55	1.7481880270062005
TRIM7	53	1.7323937598229686
TRIM71	62	1.7993405494535817
TRIM72	98	1.99563519459755
TRIM73	12	1.1139433523068367
TRIM74	18	1.2787536009528289
TRIM75	6	0.8450980400142568
TRIM77	3	0.6020599913279624
TRIM8	95	1.9822712330395684
TRIM9	79	1.9030899869919435
TRIML1	14	1.1760912590556813
TRIML2	22	1.3617278360175928
TRIO	180	2.2576785748691846
TRIOBP	113	2.0569048513364727
TRIP10	104	2.0211892990699383
TRIP11	132	2.123851640967086
TRIP12	194	2.290034611362518
TRIP13	256	2.4099331233312946
TRIP4	95	1.9822712330395684
TRIP6	178	2.2528530309798933
TRIQK	11	1.0791812460476249
TRIR	68	1.8388490907372552
TRIT1	46	1.6720978579357175
TRK-CTT1-1	1	0.3010299956639812
TRK-CTT1-2	1	0.3010299956639812
TRK-CTT10-1	1	0.3010299956639812
TRK-CTT11-1	1	0.3010299956639812
TRK-CTT12-1	1	0.3010299956639812
TRK-CTT13-1	1	0.3010299956639812
TRK-CTT14-1	1	0.3010299956639812
TRK-CTT15-1	1	0.3010299956639812
TRK-CTT16-1	1	0.3010299956639812
TRK-CTT2-1	1	0.3010299956639812
TRK-CTT2-2	1	0.3010299956639812
TRK-CTT2-3	2	0.47712125471966244
TRK-CTT2-4	1	0.3010299956639812
TRK-CTT2-5	1	0.3010299956639812
TRK-CTT3-1	2	0.47712125471966244
TRK-CTT4-1	1	0.3010299956639812
TRK-CTT5-1	1	0.3010299956639812
TRK-CTT6-1	1	0.3010299956639812
TRK-CTT7-1	1	0.3010299956639812
TRK-CTT8-1	1	0.3010299956639812
TRK-CTT9-1	1	0.3010299956639812
TRK-TTT1-1	1	0.3010299956639812
TRK-TTT10-1	1	0.3010299956639812
TRK-TTT11-1	1	0.3010299956639812
TRK-TTT12-1	1	0.3010299956639812
TRK-TTT13-1	1	0.3010299956639812
TRK-TTT14-1	1	0.3010299956639812
TRK-TTT15-1	1	0.3010299956639812
TRK-TTT16-1	1	0.3010299956639812
TRK-TTT17-1	1	0.3010299956639812
TRK-TTT2-1	1	0.3010299956639812
TRK-TTT3-1	1	0.3010299956639812
TRK-TTT3-2	1	0.3010299956639812
TRK-TTT3-3	1	0.3010299956639812
TRK-TTT3-4	3	0.6020599913279624
TRK-TTT3-5	4	0.6989700043360189
TRK-TTT4-1	1	0.3010299956639812
TRK-TTT5-1	1	0.3010299956639812
TRK-TTT6-1	1	0.3010299956639812
TRK-TTT7-1	1	0.3010299956639812
TRK-TTT8-1	1	0.3010299956639812
TRK-TTT9-1	1	0.3010299956639812
TRL-AAG1-1	1	0.3010299956639812
TRL-AAG1-2	1	0.3010299956639812
TRL-AAG1-3	1	0.3010299956639812
TRL-AAG2-1	1	0.3010299956639812
TRL-AAG2-2	1	0.3010299956639812
TRL-AAG2-3	4	0.6989700043360189
TRL-AAG2-4	1	0.3010299956639812
TRL-AAG3-1	1	0.3010299956639812
TRL-AAG4-1	1	0.3010299956639812
TRL-AAG5-1	1	0.3010299956639812
TRL-AAG6-1	1	0.3010299956639812
TRL-AAG7-1	1	0.3010299956639812
TRL-AAG8-1	1	0.3010299956639812
TRL-CAA1-1	1	0.3010299956639812
TRL-CAA5-1	1	0.3010299956639812
TRL-CAA6-1	1	0.3010299956639812
TRL-CAA7-1	1	0.3010299956639812
TRL-CAG1-1	1	0.3010299956639812
TRL-CAG1-2	1	0.3010299956639812
TRL-CAG1-3	1	0.3010299956639812
TRL-CAG1-4	1	0.3010299956639812
TRL-CAG1-5	1	0.3010299956639812
TRL-CAG1-6	1	0.3010299956639812
TRL-CAG1-7	1	0.3010299956639812
TRL-CAG2-1	1	0.3010299956639812
TRL-CAG2-2	1	0.3010299956639812
TRL-CAG3-1	1	0.3010299956639812
TRL-TAA1-1	1	0.3010299956639812
TRL-TAA2-1	1	0.3010299956639812
TRL-TAA3-1	1	0.3010299956639812
TRL-TAA4-1	1	0.3010299956639812
TRL-TAA5-1	1	0.3010299956639812
TRL-TAG1-1	5	0.7781512503836436
TRL-TAG2-1	1	0.3010299956639812
TRL-TAG3-1	1	0.3010299956639812
TRL-TAG4-1	1	0.3010299956639812
TRM-CAT1-1	1	0.3010299956639812
TRM-CAT2-1	2	0.47712125471966244
TRM-CAT3-1	1	0.3010299956639812
TRM-CAT3-2	1	0.3010299956639812
TRM-CAT4-1	1	0.3010299956639812
TRM-CAT4-2	1	0.3010299956639812
TRM-CAT4-3	1	0.3010299956639812
TRM-CAT5-1	1	0.3010299956639812
TRM-CAT6-1	1	0.3010299956639812
TRM-CAT7-1	1	0.3010299956639812
TRMO	50	1.7075701760979363
TRMT1	77	1.8920946026904804
TRMT10A	34	1.5440680443502757
TRMT10B	16	1.2304489213782739
TRMT10C	137	2.1398790864012365
TRMT11	36	1.568201724066995
TRMT112	104	2.0211892990699383
TRMT13	17	1.255272505103306
TRMT1L	117	2.0718820073061255
TRMT2A	76	1.8864907251724818
TRMT2B	23	1.380211241711606
TRMT44	23	1.380211241711606
TRMT5	41	1.6232492903979006
TRMT6	68	1.8388490907372552
TRMT61A	43	1.6434526764861874
TRMT61B	47	1.6812412373755872
TRMT9B	22	1.3617278360175928
TRMU	75	1.8808135922807914
TRN-ATT1-1	1	0.3010299956639812
TRN-ATT1-2	1	0.3010299956639812
TRN-GTT1-1	1	0.3010299956639812
TRN-GTT10-1	1	0.3010299956639812
TRN-GTT11-1	1	0.3010299956639812
TRN-GTT11-2	1	0.3010299956639812
TRN-GTT12-1	1	0.3010299956639812
TRN-GTT13-1	1	0.3010299956639812
TRN-GTT14-1	1	0.3010299956639812
TRN-GTT15-1	1	0.3010299956639812
TRN-GTT16-1	1	0.3010299956639812
TRN-GTT16-2	1	0.3010299956639812
TRN-GTT16-3	1	0.3010299956639812
TRN-GTT16-4	1	0.3010299956639812
TRN-GTT16-5	1	0.3010299956639812
TRN-GTT17-1	1	0.3010299956639812
TRN-GTT18-1	1	0.3010299956639812
TRN-GTT19-1	1	0.3010299956639812
TRN-GTT2-1	1	0.3010299956639812
TRN-GTT2-2	1	0.3010299956639812
TRN-GTT2-3	1	0.3010299956639812
TRN-GTT2-4	1	0.3010299956639812
TRN-GTT2-5	1	0.3010299956639812
TRN-GTT2-6	1	0.3010299956639812
TRN-GTT2-7	6	0.8450980400142568
TRN-GTT2-8	1	0.3010299956639812
TRN-GTT20-1	1	0.3010299956639812
TRN-GTT21-1	1	0.3010299956639812
TRN-GTT22-1	1	0.3010299956639812
TRN-GTT23-1	1	0.3010299956639812
TRN-GTT3-1	1	0.3010299956639812
TRN-GTT4-1	2	0.47712125471966244
TRN-GTT5-1	2	0.47712125471966244
TRN-GTT6-1	2	0.47712125471966244
TRN-GTT7-1	1	0.3010299956639812
TRN-GTT8-1	1	0.3010299956639812
TRN-GTT9-1	1	0.3010299956639812
TRN-GTT9-2	1	0.3010299956639812
TRNAU1AP	30	1.4913616938342726
TRNP1	10	1.0413926851582251
TRNT1	83	1.9242792860618816
TRO	76	1.8864907251724818
TROAP	63	1.806179973983887
TRP-AGG1-1	1	0.3010299956639812
TRP-AGG2-1	1	0.3010299956639812
TRP-AGG2-2	1	0.3010299956639812
TRP-AGG2-3	1	0.3010299956639812
TRP-AGG2-4	1	0.3010299956639812
TRP-AGG2-5	9	1.0
TRP-AGG2-6	2	0.47712125471966244
TRP-AGG2-7	1	0.3010299956639812
TRP-AGG2-8	2	0.47712125471966244
TRP-AGG4-1	1	0.3010299956639812
TRP-AGG5-1	1	0.3010299956639812
TRP-AGG6-1	1	0.3010299956639812
TRP-CGG1-1	1	0.3010299956639812
TRP-CGG1-2	1	0.3010299956639812
TRP-CGG1-3	1	0.3010299956639812
TRP-CGG2-1	1	0.3010299956639812
TRP-GGG1-1	1	0.3010299956639812
TRP-TGG1-1	1	0.3010299956639812
TRP-TGG2-1	1	0.3010299956639812
TRP-TGG3-1	3	0.6020599913279624
TRP-TGG3-2	1	0.3010299956639812
TRP-TGG3-3	1	0.3010299956639812
TRP-TGG3-4	1	0.3010299956639812
TRP-TGG3-5	1	0.3010299956639812
TRP-TGG4-1	1	0.3010299956639812
TRP-TGG5-1	1	0.3010299956639812
TRPA1	697	2.843855422623161
TRPC1	201	2.305351369446624
TRPC2	29	1.4771212547196624
TRPC3	159	2.2041199826559246
TRPC4	89	1.954242509439325
TRPC4AP	60	1.7853298350107671
TRPC5	184	2.2671717284030137
TRPC5OS	6	0.8450980400142568
TRPC6	451	2.655138434811382
TRPC7	21	1.3424226808222062
TRPM1	119	2.0791812460476247
TRPM2	172	2.2380461031287955
TRPM2-AS	16	1.2304489213782739
TRPM3	137	2.1398790864012365
TRPM4	232	2.367355921026019
TRPM5	79	1.9030899869919435
TRPM6	185	2.2695129442179165
TRPM7	455	2.658964842664435
TRPM8	469	2.6720978579357175
TRPS1	329	2.5185139398778875
TRPS1-AS1	1	0.3010299956639812
TRPT1	26	1.4313637641589874
TRPV1	1606	3.2060158767633444
TRPV2	186	2.271841606536499
TRPV3	194	2.290034611362518
TRPV4	708	2.8506462351830666
TRPV5	164	2.2174839442139063
TRPV6	236	2.374748346010104
TRQ-CTG1-1	1	0.3010299956639812
TRQ-CTG1-2	1	0.3010299956639812
TRQ-CTG1-3	1	0.3010299956639812
TRQ-CTG1-4	1	0.3010299956639812
TRQ-CTG1-5	3	0.6020599913279624
TRQ-CTG10-1	1	0.3010299956639812
TRQ-CTG11-1	1	0.3010299956639812
TRQ-CTG12-1	1	0.3010299956639812
TRQ-CTG13-1	1	0.3010299956639812
TRQ-CTG14-1	1	0.3010299956639812
TRQ-CTG15-1	1	0.3010299956639812
TRQ-CTG16-1	1	0.3010299956639812
TRQ-CTG17-1	1	0.3010299956639812
TRQ-CTG18-1	2	0.47712125471966244
TRQ-CTG2-1	1	0.3010299956639812
TRQ-CTG3-1	1	0.3010299956639812
TRQ-CTG3-2	1	0.3010299956639812
TRQ-CTG4-1	1	0.3010299956639812
TRQ-CTG4-2	1	0.3010299956639812
TRQ-CTG5-1	1	0.3010299956639812
TRQ-CTG6-1	1	0.3010299956639812
TRQ-CTG7-1	1	0.3010299956639812
TRQ-CTG8-1	1	0.3010299956639812
TRQ-CTG8-2	1	0.3010299956639812
TRQ-CTG9-1	1	0.3010299956639812
TRQ-TTG1-1	2	0.47712125471966244
TRQ-TTG10-1	1	0.3010299956639812
TRQ-TTG2-1	1	0.3010299956639812
TRQ-TTG3-1	1	0.3010299956639812
TRQ-TTG3-2	1	0.3010299956639812
TRQ-TTG3-3	1	0.3010299956639812
TRQ-TTG4-1	1	0.3010299956639812
TRQ-TTG5-1	1	0.3010299956639812
TRQ-TTG6-1	1	0.3010299956639812
TRQ-TTG7-1	1	0.3010299956639812
TRQ-TTG8-1	1	0.3010299956639812
TRQ-TTG9-1	1	0.3010299956639812
TRR-ACG1-1	1	0.3010299956639812
TRR-ACG1-2	4	0.6989700043360189
TRR-ACG1-3	1	0.3010299956639812
TRR-ACG2-1	1	0.3010299956639812
TRR-ACG2-2	1	0.3010299956639812
TRR-ACG2-3	1	0.3010299956639812
TRR-ACG2-4	1	0.3010299956639812
TRR-CCG1-1	1	0.3010299956639812
TRR-CCG1-2	1	0.3010299956639812
TRR-CCG1-3	1	0.3010299956639812
TRR-CCG2-1	2	0.47712125471966244
TRR-CCT1-1	1	0.3010299956639812
TRR-CCT2-1	1	0.3010299956639812
TRR-CCT3-1	2	0.47712125471966244
TRR-CCT4-1	1	0.3010299956639812
TRR-CCT5-1	2	0.47712125471966244
TRR-CCT6-2	1	0.3010299956639812
TRR-CCT7-1	1	0.3010299956639812
TRR-CCT8-1	1	0.3010299956639812
TRR-CCT9-1	1	0.3010299956639812
TRR-TCG1-1	1	0.3010299956639812
TRR-TCG2-1	1	0.3010299956639812
TRR-TCG3-1	1	0.3010299956639812
TRR-TCG4-1	2	0.47712125471966244
TRR-TCG5-1	1	0.3010299956639812
TRR-TCG6-1	1	0.3010299956639812
TRR-TCT2-1	3	0.6020599913279624
TRR-TCT4-1	1	0.3010299956639812
TRRAP	224	2.3521825181113627
TRS-ACT1-1	1	0.3010299956639812
TRS-AGA1-1	1	0.3010299956639812
TRS-AGA2-1	1	0.3010299956639812
TRS-AGA2-2	1	0.3010299956639812
TRS-AGA2-3	3	0.6020599913279624
TRS-AGA2-4	1	0.3010299956639812
TRS-AGA2-5	1	0.3010299956639812
TRS-AGA2-6	1	0.3010299956639812
TRS-AGA3-1	2	0.47712125471966244
TRS-AGA4-1	1	0.3010299956639812
TRS-AGA5-1	1	0.3010299956639812
TRS-AGA6-1	1	0.3010299956639812
TRS-AGA7-1	1	0.3010299956639812
TRS-CGA1-1	1	0.3010299956639812
TRS-CGA2-1	1	0.3010299956639812
TRS-CGA3-1	1	0.3010299956639812
TRS-CGA4-1	1	0.3010299956639812
TRS-GCT1-1	1	0.3010299956639812
TRS-GCT2-1	1	0.3010299956639812
TRS-GCT3-1	1	0.3010299956639812
TRS-GCT4-1	1	0.3010299956639812
TRS-GCT4-2	1	0.3010299956639812
TRS-GCT4-3	1	0.3010299956639812
TRS-GCT5-1	1	0.3010299956639812
TRS-GCT6-1	1	0.3010299956639812
TRS-TGA1-1	1	0.3010299956639812
TRS-TGA2-1	2	0.47712125471966244
TRS-TGA3-1	1	0.3010299956639812
TRS-TGA4-1	2	0.47712125471966244
TRSUP-CTA1-1	1	0.3010299956639812
TRSUP-CTA2-1	1	0.3010299956639812
TRSUP-CTA3-1	1	0.3010299956639812
TRSUP-TTA1-1	1	0.3010299956639812
TRSUP-TTA2-1	1	0.3010299956639812
TRSUP-TTA3-1	1	0.3010299956639812
TRT-AGT1-1	1	0.3010299956639812
TRT-AGT1-2	1	0.3010299956639812
TRT-AGT1-3	1	0.3010299956639812
TRT-AGT2-1	1	0.3010299956639812
TRT-AGT2-2	3	0.6020599913279624
TRT-AGT3-1	1	0.3010299956639812
TRT-AGT4-1	1	0.3010299956639812
TRT-AGT5-1	1	0.3010299956639812
TRT-AGT6-1	1	0.3010299956639812
TRT-AGT7-1	1	0.3010299956639812
TRT-CGT1-1	1	0.3010299956639812
TRT-CGT2-1	1	0.3010299956639812
TRT-CGT3-1	1	0.3010299956639812
TRT-CGT4-1	1	0.3010299956639812
TRT-CGT5-1	1	0.3010299956639812
TRT-CGT6-1	1	0.3010299956639812
TRT-TGT1-1	1	0.3010299956639812
TRT-TGT2-1	1	0.3010299956639812
TRT-TGT3-1	1	0.3010299956639812
TRT-TGT4-1	1	0.3010299956639812
TRT-TGT5-1	1	0.3010299956639812
TRT-TGT6-1	3	0.6020599913279624
TRU-TCA1-1	4	0.6989700043360189
TRU-TCA2-1	2	0.47712125471966244
TRU-TCA3-1	1	0.3010299956639812
TRUB1	39	1.6020599913279623
TRUB2	43	1.6434526764861874
TRUND-NNN1-1	1	0.3010299956639812
TRUND-NNN10-1	1	0.3010299956639812
TRUND-NNN2-1	1	0.3010299956639812
TRUND-NNN3-1	1	0.3010299956639812
TRUND-NNN4-1	1	0.3010299956639812
TRUND-NNN5-1	1	0.3010299956639812
TRUND-NNN6-1	1	0.3010299956639812
TRUND-NNN7-1	1	0.3010299956639812
TRUND-NNN8-1	1	0.3010299956639812
TRUND-NNN9-1	1	0.3010299956639812
TRV-AAC1-1	3	0.6020599913279624
TRV-AAC1-2	1	0.3010299956639812
TRV-AAC1-3	1	0.3010299956639812
TRV-AAC1-4	4	0.6989700043360189
TRV-AAC1-5	2	0.47712125471966244
TRV-AAC2-1	1	0.3010299956639812
TRV-AAC3-1	2	0.47712125471966244
TRV-AAC4-1	3	0.6020599913279624
TRV-AAC5-1	3	0.6020599913279624
TRV-AAC6-1	1	0.3010299956639812
TRV-AAC7-1	1	0.3010299956639812
TRV-CAC1-1	1	0.3010299956639812
TRV-CAC1-2	1	0.3010299956639812
TRV-CAC1-3	2	0.47712125471966244
TRV-CAC1-4	1	0.3010299956639812
TRV-CAC1-5	2	0.47712125471966244
TRV-CAC1-6	5	0.7781512503836436
TRV-CAC1-7	1	0.3010299956639812
TRV-CAC10-1	1	0.3010299956639812
TRV-CAC11-1	1	0.3010299956639812
TRV-CAC11-2	1	0.3010299956639812
TRV-CAC12-1	1	0.3010299956639812
TRV-CAC13-1	1	0.3010299956639812
TRV-CAC14-1	1	0.3010299956639812
TRV-CAC2-1	1	0.3010299956639812
TRV-CAC3-1	4	0.6989700043360189
TRV-CAC4-1	1	0.3010299956639812
TRV-CAC5-1	1	0.3010299956639812
TRV-CAC6-1	1	0.3010299956639812
TRV-CAC7-1	1	0.3010299956639812
TRV-CAC8-1	1	0.3010299956639812
TRV-CAC9-1	1	0.3010299956639812
TRV-TAC1-1	1	0.3010299956639812
TRV-TAC1-2	1	0.3010299956639812
TRV-TAC2-1	1	0.3010299956639812
TRV-TAC3-1	1	0.3010299956639812
TRV-TAC4-1	1	0.3010299956639812
TRW-CCA1-1	1	0.3010299956639812
TRW-CCA2-1	1	0.3010299956639812
TRW-CCA3-1	1	0.3010299956639812
TRW-CCA3-2	1	0.3010299956639812
TRW-CCA3-3	1	0.3010299956639812
TRW-CCA4-1	1	0.3010299956639812
TRW-CCA5-1	1	0.3010299956639812
TRX-CAT1-1	1	0.3010299956639812
TRX-CAT1-2	4	0.6989700043360189
TRX-CAT1-3	1	0.3010299956639812
TRX-CAT1-4	1	0.3010299956639812
TRX-CAT1-5	1	0.3010299956639812
TRX-CAT1-6	1	0.3010299956639812
TRX-CAT1-7	1	0.3010299956639812
TRX-CAT1-8	1	0.3010299956639812
TRX-CAT2-1	4	0.6989700043360189
TRX-CAT3-1	1	0.3010299956639812
TRY-GTA10-1	1	0.3010299956639812
TRY-GTA11-1	1	0.3010299956639812
TRY-GTA12-1	1	0.3010299956639812
TRY-GTA5-4	1	0.3010299956639812
TRY-GTA7-1	1	0.3010299956639812
TSACC	15	1.2041199826559248
TSBP1	54	1.7403626894942439
TSBP1-AS1	8	0.9542425094393249
TSC1	924	2.9661417327390325
TSC2	1489	3.173186268412274
TSC22D1	89	1.954242509439325
TSC22D1-AS1	1	0.3010299956639812
TSC22D2	37	1.5797835966168101
TSC22D3	183	2.2648178230095364
TSC22D4	58	1.7708520116421442
TSEN15	33	1.5314789170422551
TSEN2	37	1.5797835966168101
TSEN2P1	1	0.3010299956639812
TSEN34	45	1.662757831681574
TSEN54	43	1.6434526764861874
TSFM	83	1.9242792860618816
TSG101	390	2.5921767573958667
TSGA10	50	1.7075701760979363
TSGA10IP	14	1.1760912590556813
TSGA13	13	1.146128035678238
TSHB	96	1.9867717342662448
TSHR	435	2.639486489268586
TSHZ1	31	1.505149978319906
TSHZ2	29	1.4771212547196624
TSHZ2-AS1	1	0.3010299956639812
TSHZ3	67	1.8325089127062364
TSIX	12	1.1139433523068367
TSKS	18	1.2787536009528289
TSKU	32	1.5185139398778875
TSLIG1	28	1.462397997898956
TSLIG2	36	1.568201724066995
TSLIG3A	163	2.214843848047698
TSLIG3B	107	2.03342375548695
TSLIG3C	12	1.1139433523068367
TSLP	412	2.615950051656401
TSN	99	2.0
TSNARE1	23	1.380211241711606
TSNAX	111	2.0492180226701815
TSNAX-DISC1	10	1.0413926851582251
TSNAXIP1	21	1.3424226808222062
TSPAN1	85	1.9344984512435677
TSPAN10	22	1.3617278360175928
TSPAN11	13	1.146128035678238
TSPAN12	103	2.0170333392987803
TSPAN13	35	1.5563025007672873
TSPAN14	23	1.380211241711606
TSPAN15	39	1.6020599913279623
TSPAN16	7	0.9030899869919435
TSPAN17	22	1.3617278360175928
TSPAN18	26	1.4313637641589874
TSPAN19	4	0.6989700043360189
TSPAN2	35	1.5563025007672873
TSPAN3	37	1.5797835966168101
TSPAN31	35	1.5563025007672873
TSPAN32	32	1.5185139398778875
TSPAN33	33	1.5314789170422551
TSPAN4	46	1.6720978579357175
TSPAN5	34	1.5440680443502757
TSPAN5-DT	2	0.47712125471966244
TSPAN6	44	1.6532125137753437
TSPAN7	220	2.3443922736851106
TSPAN8	141	2.1522883443830563
TSPAN9	31	1.505149978319906
TSPEAR	19	1.3010299956639813
TSPEAR-AS1	3	0.6020599913279624
TSPO	946	2.9763499790032735
TSPO2	11	1.0791812460476249
TSPOAP1	28	1.462397997898956
TSPOAP1-AS1	6	0.8450980400142568
TSPY1	142	2.155336037465062
TSPY10	5	0.7781512503836436
TSPY11P	2	0.47712125471966244
TSPY12P	2	0.47712125471966244
TSPY13P	2	0.47712125471966244
TSPY14P	2	0.47712125471966244
TSPY17P	1	0.3010299956639812
TSPY18P	1	0.3010299956639812
TSPY2	6	0.8450980400142568
TSPY23P	1	0.3010299956639812
TSPY26P	4	0.6989700043360189
TSPY3	4	0.6989700043360189
TSPY4	7	0.9030899869919435
TSPY5P	2	0.47712125471966244
TSPY8	3	0.6020599913279624
TSPY9	6	0.8450980400142568
TSPYL1	85	1.9344984512435677
TSPYL2	78	1.8976270912904414
TSPYL4	18	1.2787536009528289
TSPYL5	50	1.7075701760979363
TSPYL6	12	1.1139433523068367
TSR1	153	2.187520720836463
TSR2	29	1.4771212547196624
TSR3	26	1.4313637641589874
TSSC2	4	0.6989700043360189
TSSC4	44	1.6532125137753437
TSSK1A	10	1.0413926851582251
TSSK1B	20	1.3222192947339193
TSSK2	28	1.462397997898956
TSSK3	19	1.3010299956639813
TSSK4	16	1.2304489213782739
TSSK5P	1	0.3010299956639812
TSSK6	20	1.3222192947339193
TST	74	1.8750612633917
TSTD1	22	1.3617278360175928
TSTD2	22	1.3617278360175928
TTBK1	37	1.5797835966168101
TTBK2	68	1.8388490907372552
TTC1	94	1.9777236052888478
TTC12	42	1.6334684555795864
TTC13	38	1.591064607026499
TTC14	26	1.4313637641589874
TTC16	11	1.0791812460476249
TTC17	51	1.7160033436347992
TTC19	55	1.7481880270062005
TTC21A	23	1.380211241711606
TTC21B	50	1.7075701760979363
TTC21B-AS1	2	0.47712125471966244
TTC22	6	0.8450980400142568
TTC23	24	1.3979400086720377
TTC23L	22	1.3617278360175928
TTC24	3	0.6020599913279624
TTC27	70	1.8512583487190752
TTC28	68	1.8388490907372552
TTC28-AS1	8	0.9542425094393249
TTC29	19	1.3010299956639813
TTC3	75	1.8808135922807914
TTC3-AS1	1	0.3010299956639812
TTC31	18	1.2787536009528289
TTC32	10	1.0413926851582251
TTC33	26	1.4313637641589874
TTC34	4	0.6989700043360189
TTC36	9	1.0
TTC36-AS1	1	0.3010299956639812
TTC38	21	1.3424226808222062
TTC39A	15	1.2041199826559248
TTC39A-AS1	3	0.6020599913279624
TTC39B	32	1.5185139398778875
TTC39C	16	1.2304489213782739
TTC39CP1	1	0.3010299956639812
TTC4	86	1.9395192526186185
TTC41P	5	0.7781512503836436
TTC4P1	2	0.47712125471966244
TTC5	37	1.5797835966168101
TTC6	13	1.146128035678238
TTC7A	79	1.9030899869919435
TTC7B	30	1.4913616938342726
TTC7B-AS1	1	0.3010299956639812
TTC7B-AS2	1	0.3010299956639812
TTC8	55	1.7481880270062005
TTC9	20	1.3222192947339193
TTC9-DT	2	0.47712125471966244
TTC9B	8	0.9542425094393249
TTC9C	34	1.5440680443502757
TTF1	72	1.863322860120456
TTF2	79	1.9030899869919435
TTI1	70	1.8512583487190752
TTI2	38	1.591064607026499
TTK	387	2.5888317255942073
TTL	21	1.3424226808222062
TTLL1	27	1.4471580313422192
TTLL1-AS1	1	0.3010299956639812
TTLL10	10	1.0413926851582251
TTLL11	18	1.2787536009528289
TTLL12	82	1.919078092376074
TTLL13	6	0.8450980400142568
TTLL2	10	1.0413926851582251
TTLL3	14	1.1760912590556813
TTLL4	34	1.5440680443502757
TTLL5	51	1.7160033436347992
TTLL6	25	1.414973347970818
TTLL7	26	1.4313637641589874
TTLL7-IT1	1	0.3010299956639812
TTLL8	4	0.6989700043360189
TTLL9	12	1.1139433523068367
TTN	477	2.6794278966121188
TTN-AS1	25	1.414973347970818
TTPA	52	1.724275869600789
TTPAL	20	1.3222192947339193
TTR	981	2.9921114877869495
TTTY1	5	0.7781512503836436
TTTY10	3	0.6020599913279624
TTTY11	1	0.3010299956639812
TTTY12	2	0.47712125471966244
TTTY13	1	0.3010299956639812
TTTY14	7	0.9030899869919435
TTTY15	14	1.1760912590556813
TTTY16	1	0.3010299956639812
TTTY17A	1	0.3010299956639812
TTTY17B	1	0.3010299956639812
TTTY17C	1	0.3010299956639812
TTTY18	1	0.3010299956639812
TTTY19	1	0.3010299956639812
TTTY1B	2	0.47712125471966244
TTTY2	8	0.9542425094393249
TTTY20	1	0.3010299956639812
TTTY22	2	0.47712125471966244
TTTY23	1	0.3010299956639812
TTTY23B	2	0.47712125471966244
TTTY2B	2	0.47712125471966244
TTTY3	1	0.3010299956639812
TTTY3B	1	0.3010299956639812
TTTY4	3	0.6020599913279624
TTTY4B	1	0.3010299956639812
TTTY4C	1	0.3010299956639812
TTTY5	2	0.47712125471966244
TTTY6	1	0.3010299956639812
TTTY6B	2	0.47712125471966244
TTTY7	1	0.3010299956639812
TTTY7B	2	0.47712125471966244
TTTY8	2	0.47712125471966244
TTTY8B	2	0.47712125471966244
TTTY9A	1	0.3010299956639812
TTTY9B	2	0.47712125471966244
TTYH1	29	1.4771212547196624
TTYH2	25	1.414973347970818
TTYH3	47	1.6812412373755872
TUB	47	1.6812412373755872
TUB-AS1	2	0.47712125471966244
TUBA1A	437	2.6414741105040997
TUBA1B	382	2.583198773968623
TUBA1B-AS1	1	0.3010299956639812
TUBA1C	276	2.4424797690644486
TUBA3C	89	1.954242509439325
TUBA3C-DT	4	0.6989700043360189
TUBA3D	32	1.5185139398778875
TUBA3E	45	1.662757831681574
TUBA4A	285	2.456366033129043
TUBA4B	29	1.4771212547196624
TUBA5P	1	0.3010299956639812
TUBA8	101	2.0086001717619175
TUBAL3	56	1.7558748556724915
TUBAP1	2	0.47712125471966244
TUBAP2	1	0.3010299956639812
TUBB	542	2.734799829588847
TUBB1	91	1.9637878273455553
TUBB1P1	3	0.6020599913279624
TUBB1P2	2	0.47712125471966244
TUBB2A	300	2.4785664955938436
TUBB2B	185	2.2695129442179165
TUBB3	682	2.8344207036815328
TUBB3P2	1	0.3010299956639812
TUBB4A	283	2.4533183400470375
TUBB4AP1	1	0.3010299956639812
TUBB4B	371	2.5705429398818973
TUBB6	230	2.3636119798921444
TUBB7P	15	1.2041199826559248
TUBB8	126	2.103803720955957
TUBB8B	12	1.1139433523068367
TUBB8P4	1	0.3010299956639812
TUBB8P5	1	0.3010299956639812
TUBB8P6	1	0.3010299956639812
TUBB8P7	1	0.3010299956639812
TUBB8P9	1	0.3010299956639812
TUBBP1	1	0.3010299956639812
TUBBP2	2	0.47712125471966244
TUBBP5	3	0.6020599913279624
TUBD1	37	1.5797835966168101
TUBE1	30	1.4913616938342726
TUBG1	260	2.416640507338281
TUBG1P	2	0.47712125471966244
TUBG2	44	1.6532125137753437
TUBGCP2	130	2.1172712956557644
TUBGCP3	111	2.0492180226701815
TUBGCP4	84	1.9294189257142926
TUBGCP5	58	1.7708520116421442
TUBGCP6	67	1.8325089127062364
TUFM	373	2.5728716022004803
TUFMP1	1	0.3010299956639812
TUFT1	56	1.7558748556724915
TUG1	307	2.4885507165004443
TULP1	70	1.8512583487190752
TULP2	16	1.2304489213782739
TULP3	61	1.792391689498254
TULP4	34	1.5440680443502757
TUNAR	9	1.0
TUSC1	27	1.4471580313422192
TUSC2	77	1.8920946026904804
TUSC2P1	4	0.6989700043360189
TUSC2P2	1	0.3010299956639812
TUSC3	91	1.9637878273455553
TUSC7	37	1.5797835966168101
TUSC8	10	1.0413926851582251
TUT1	66	1.8260748027008264
TUT4	97	1.9912260756924949
TUT7	95	1.9822712330395684
TVP23A	8	0.9542425094393249
TVP23B	19	1.3010299956639813
TVP23C	12	1.1139433523068367
TVP23C-CDRT4	5	0.7781512503836436
TVP23CP2	2	0.47712125471966244
TWF1	131	2.12057393120585
TWF2	76	1.8864907251724818
TWF2-DT	1	0.3010299956639812
TWIST1	1472	3.168202746842631
TWIST2	119	2.0791812460476247
TWNK	228	2.359835482339888
TWSG1	44	1.6532125137753437
TXK	37	1.5797835966168101
TXLNA	151	2.1818435879447726
TXLNB	29	1.4771212547196624
TXLNG	76	1.8864907251724818
TXLNGY	12	1.1139433523068367
TXN	563	2.751279103983342
TXN2	94	1.9777236052888478
TXNDC11	39	1.6020599913279623
TXNDC12	90	1.9590413923210936
TXNDC15	28	1.462397997898956
TXNDC16	29	1.4771212547196624
TXNDC17	62	1.7993405494535817
TXNDC2	22	1.3617278360175928
TXNDC5	197	2.296665190261531
TXNDC8	12	1.1139433523068367
TXNDC9	59	1.7781512503836436
TXNIP	690	2.8394780473741985
TXNL1	132	2.123851640967086
TXNL4A	72	1.863322860120456
TXNL4B	41	1.6232492903979006
TXNP1	2	0.47712125471966244
TXNP2	1	0.3010299956639812
TXNP3	1	0.3010299956639812
TXNP4	1	0.3010299956639812
TXNP5	1	0.3010299956639812
TXNP6	1	0.3010299956639812
TXNRD1	390	2.5921767573958667
TXNRD2	132	2.123851640967086
TXNRD3	27	1.4471580313422192
TYK2	586	2.7686381012476144
TYMP	269	2.4313637641589874
TYMS	687	2.837588438235511
TYMSOS	14	1.1760912590556813
TYMSP2	1	0.3010299956639812
TYR	229	2.361727836017593
TYRL	4	0.6989700043360189
TYRO3	276	2.4424797690644486
TYRO3P	2	0.47712125471966244
TYROBP	282	2.45178643552429
TYRP1	393	2.595496221825574
TYSND1	37	1.5797835966168101
TYW1	43	1.6434526764861874
TYW1B	18	1.2787536009528289
TYW2	19	1.3010299956639813
TYW3	20	1.3222192947339193
TYW5	17	1.255272505103306
TZMP1	4	0.6989700043360189
U2AF1	402	2.6053050461411096
U2AF1L4	34	1.5440680443502757
U2AF2	533	2.727541257028556
U2SURP	192	2.285557309007774
UACA	111	2.0492180226701815
UAP1	46	1.6720978579357175
UAP1L1	20	1.3222192947339193
UBA1	564	2.7520484478194387
UBA2	224	2.3521825181113627
UBA3	193	2.287801729930226
UBA5	118	2.0755469613925306
UBA52	211	2.326335860928751
UBA52P1	2	0.47712125471966244
UBA52P2	2	0.47712125471966244
UBA52P3	1	0.3010299956639812
UBA52P4	1	0.3010299956639812
UBA52P5	1	0.3010299956639812
UBA52P6	1	0.3010299956639812
UBA52P7	1	0.3010299956639812
UBA52P8	1	0.3010299956639812
UBA52P9	1	0.3010299956639812
UBA6	101	2.0086001717619175
UBA6-DT	4	0.6989700043360189
UBA7	64	1.8129133566428555
UBAC1	66	1.8260748027008264
UBAC2	95	1.9822712330395684
UBAC2-AS1	3	0.6020599913279624
UBALD1	9	1.0
UBALD2	7	0.9030899869919435
UBAP1	80	1.9084850188786497
UBAP1L	6	0.8450980400142568
UBAP2	120	2.0827853703164503
UBAP2L	233	2.369215857410143
UBASH3A	66	1.8260748027008264
UBASH3B	93	1.9731278535996986
UBB	356	2.552668216112193
UBBP1	2	0.47712125471966244
UBBP2	1	0.3010299956639812
UBBP3	3	0.6020599913279624
UBBP4	14	1.1760912590556813
UBC	1385	3.141763230275788
UBD	195	2.292256071356476
UBDP1	1	0.3010299956639812
UBE2A	140	2.1492191126553797
UBE2B	133	2.1271047983648077
UBE2C	350	2.545307116465824
UBE2CP3	1	0.3010299956639812
UBE2CP4	1	0.3010299956639812
UBE2D1	673	2.82865989653532
UBE2D2	580	2.7641761323903307
UBE2D3	597	2.776701183988411
UBE2D3-AS1	2	0.47712125471966244
UBE2D3P1	1	0.3010299956639812
UBE2D4	52	1.724275869600789
UBE2DNL	5	0.7781512503836436
UBE2E1	182	2.2624510897304293
UBE2E1-AS1	1	0.3010299956639812
UBE2E2	114	2.060697840353612
UBE2E3	113	2.0569048513364727
UBE2E4P	5	0.7781512503836436
UBE2F	48	1.6901960800285136
UBE2F-SCLY	3	0.6020599913279624
UBE2G1	77	1.8920946026904804
UBE2G2	147	2.1702617153949575
UBE2H	92	1.968482948553935
UBE2I	611	2.7867514221455614
UBE2J1	124	2.0969100130080562
UBE2J2	51	1.7160033436347992
UBE2K	179	2.255272505103306
UBE2L1	5	0.7781512503836436
UBE2L2	3	0.6020599913279624
UBE2L3	490	2.6910814921229687
UBE2L4	3	0.6020599913279624
UBE2L5	2	0.47712125471966244
UBE2L6	103	2.0170333392987803
UBE2M	231	2.3654879848909
UBE2MP1	2	0.47712125471966244
UBE2N	464	2.667452952889954
UBE2NL	20	1.3222192947339193
UBE2NP1	2	0.47712125471966244
UBE2O	168	2.2278867046136734
UBE2Q1	60	1.7853298350107671
UBE2Q2	33	1.5314789170422551
UBE2Q2P1	1	0.3010299956639812
UBE2Q2P13	1	0.3010299956639812
UBE2Q2P2	5	0.7781512503836436
UBE2Q2P6	1	0.3010299956639812
UBE2QL1	9	1.0
UBE2R2	67	1.8325089127062364
UBE2R2-AS1	4	0.6989700043360189
UBE2S	180	2.2576785748691846
UBE2SP1	1	0.3010299956639812
UBE2T	160	2.2068258760318495
UBE2U	19	1.3010299956639813
UBE2V1	162	2.2121876044039577
UBE2V1P10	1	0.3010299956639812
UBE2V1P3	2	0.47712125471966244
UBE2V2	110	2.0453229787866576
UBE2V2-AS1	2	0.47712125471966244
UBE2W	75	1.8808135922807914
UBE2Z	66	1.8260748027008264
UBE3A	699	2.845098040014257
UBE3AP1	1	0.3010299956639812
UBE3AP2	2	0.47712125471966244
UBE3B	55	1.7481880270062005
UBE3C	145	2.164352855784437
UBE3D	27	1.4471580313422192
UBE4A	79	1.9030899869919435
UBE4B	127	2.1072099696478683
UBFD1	38	1.591064607026499
UBIAD1	95	1.9822712330395684
UBL3	33	1.5314789170422551
UBL4A	130	2.1172712956557644
UBL4B	11	1.0791812460476249
UBL5	52	1.724275869600789
UBL7	45	1.662757831681574
UBL7-DT	5	0.7781512503836436
UBLCP1	57	1.7634279935629373
UBN1	73	1.8692317197309762
UBN2	57	1.7634279935629373
UBOX5	32	1.5185139398778875
UBOX5-AS1	1	0.3010299956639812
UBP1	72	1.863322860120456
UBQLN1	255	2.4082399653118496
UBQLN2	229	2.361727836017593
UBQLN3	15	1.2041199826559248
UBQLN4	81	1.9138138523837167
UBQLNL	10	1.0413926851582251
UBR1	119	2.0791812460476247
UBR2	96	1.9867717342662448
UBR3	38	1.591064607026499
UBR4	234	2.3710678622717363
UBR5	371	2.5705429398818973
UBR5-DT	3	0.6020599913279624
UBR7	47	1.6812412373755872
UBTD1	29	1.4771212547196624
UBTD2	26	1.4313637641589874
UBTF	249	2.3979400086720375
UBTFL1	4	0.6989700043360189
UBTFL2	1	0.3010299956639812
UBTFL3	2	0.47712125471966244
UBTFL6	4	0.6989700043360189
UBTFL7	1	0.3010299956639812
UBXN1	118	2.0755469613925306
UBXN10	14	1.1760912590556813
UBXN11	35	1.5563025007672873
UBXN2A	42	1.6334684555795864
UBXN2B	31	1.505149978319906
UBXN4	102	2.012837224705172
UBXN6	88	1.9493900066449128
UBXN7	75	1.8808135922807914
UBXN7-AS1	2	0.47712125471966244
UBXN8	38	1.591064607026499
UCA1	230	2.3636119798921444
UCHL1	1015	3.0068937079479006
UCHL1-DT	3	0.6020599913279624
UCHL3	154	2.1903316981702914
UCHL5	232	2.367355921026019
UCK1	29	1.4771212547196624
UCK2	118	2.0755469613925306
UCKL1	38	1.591064607026499
UCKL1-AS1	3	0.6020599913279624
UCMA	29	1.4771212547196624
UCN	97	1.9912260756924949
UCN2	36	1.568201724066995
UCN3	67	1.8325089127062364
UCP1	773	2.8887409606828927
UCP2	833	2.921166050637739
UCP3	489	2.690196080028514
UEVLD	26	1.4313637641589874
UFC1	77	1.8920946026904804
UFC1P1	1	0.3010299956639812
UFD1	221	2.346352974450639
UFL1	144	2.161368002234975
UFM1	136	2.1367205671564067
UFSP1	26	1.4313637641589874
UFSP2	46	1.6720978579357175
UGCG	74	1.8750612633917
UGDH	148	2.173186268412274
UGDH-AS1	3	0.6020599913279624
UGGT1	158	2.2013971243204513
UGGT2	59	1.7781512503836436
UGP2	90	1.9590413923210936
UGT1A	57	1.7634279935629373
UGT1A1	753	2.877371345869774
UGT1A10	85	1.9344984512435677
UGT1A11P	5	0.7781512503836436
UGT1A12P	5	0.7781512503836436
UGT1A13P	2	0.47712125471966244
UGT1A2P	7	0.9030899869919435
UGT1A3	74	1.8750612633917
UGT1A4	94	1.9777236052888478
UGT1A5	35	1.5563025007672873
UGT1A6	133	2.1271047983648077
UGT1A7	130	2.1172712956557644
UGT1A8	83	1.9242792860618816
UGT1A9	349	2.5440680443502757
UGT2A1	42	1.6334684555795864
UGT2A2	14	1.1760912590556813
UGT2A3	16	1.2304489213782739
UGT2B10	70	1.8512583487190752
UGT2B11	20	1.3222192947339193
UGT2B11-AS1	2	0.47712125471966244
UGT2B15	145	2.164352855784437
UGT2B17	171	2.2355284469075487
UGT2B24P	1	0.3010299956639812
UGT2B25P	2	0.47712125471966244
UGT2B26P	1	0.3010299956639812
UGT2B27P	1	0.3010299956639812
UGT2B28	16	1.2304489213782739
UGT2B29P	1	0.3010299956639812
UGT2B4	68	1.8388490907372552
UGT2B7	464	2.667452952889954
UGT3A1	14	1.1760912590556813
UGT3A2	15	1.2041199826559248
UGT8	65	1.8195439355418688
UHMK1	42	1.6334684555795864
UHRF1	537	2.7307822756663893
UHRF2	96	1.9867717342662448
UICLM	1	0.3010299956639812
UIMC1	202	2.307496037913213
ULBP1	137	2.1398790864012365
ULBP2	246	2.392696953259666
ULBP3	94	1.9777236052888478
ULK1	727	2.862131379313037
ULK2	87	1.9444826721501687
ULK3	50	1.7075701760979363
ULK4	49	1.6989700043360187
ULK4P1	3	0.6020599913279624
ULK4P2	4	0.6989700043360189
ULK4P3	2	0.47712125471966244
UMAD1	15	1.2041199826559248
UMLILO	2	0.47712125471966244
UMOD	876	2.9429995933660407
UMODL1	19	1.3010299956639813
UMODL1-AS1	4	0.6989700043360189
UMPS	131	2.12057393120585
UNC119	81	1.9138138523837167
UNC119B	41	1.6232492903979006
UNC13A	44	1.6532125137753437
UNC13B	132	2.123851640967086
UNC13C	19	1.3010299956639813
UNC13D	222	2.3483048630481607
UNC45A	176	2.247973266361807
UNC45B	22	1.3617278360175928
UNC50	25	1.414973347970818
UNC5A	27	1.4471580313422192
UNC5B	137	2.1398790864012365
UNC5B-AS1	9	1.0
UNC5C	80	1.9084850188786497
UNC5CL	16	1.2304489213782739
UNC5D	33	1.5314789170422551
UNC79	23	1.380211241711606
UNC80	42	1.6334684555795864
UNC93A	14	1.1760912590556813
UNC93B1	101	2.0086001717619175
UNC93B2	2	0.47712125471966244
UNC93B3	2	0.47712125471966244
UNC93B4	2	0.47712125471966244
UNC93B7	1	0.3010299956639812
UNC93B8	1	0.3010299956639812
UNCX	15	1.2041199826559248
UNG	209	2.322219294733919
UNGP1	1	0.3010299956639812
UNGP2	1	0.3010299956639812
UNK	41	1.6232492903979006
UNKL	32	1.5185139398778875
UOX	13	1.146128035678238
UPB1	32	1.5185139398778875
UPF1	631	2.800717078282385
UPF2	177	2.250420002308894
UPF3A	83	1.9242792860618816
UPF3AP1	1	0.3010299956639812
UPF3AP2	1	0.3010299956639812
UPF3B	172	2.2380461031287955
UPK1A	57	1.7634279935629373
UPK1A-AS1	4	0.6989700043360189
UPK1B	62	1.7993405494535817
UPK2	100	2.0043213737826426
UPK3A	59	1.7781512503836436
UPK3B	24	1.3979400086720377
UPK3BL1	8	0.9542425094393249
UPK3BL2	1	0.3010299956639812
UPP1	61	1.792391689498254
UPP2	21	1.3424226808222062
UPRT	23	1.380211241711606
UQCC1	66	1.8260748027008264
UQCC2	45	1.662757831681574
UQCC3	28	1.462397997898956
UQCC4	9	1.0
UQCC5	14	1.1760912590556813
UQCC6	14	1.1760912590556813
UQCR10	57	1.7634279935629373
UQCR11	16	1.2304489213782739
UQCRB	84	1.9294189257142926
UQCRBP1	2	0.47712125471966244
UQCRBP2	1	0.3010299956639812
UQCRC1	158	2.2013971243204513
UQCRC2	219	2.342422680822206
UQCRC2P1	1	0.3010299956639812
UQCRFS1	94	1.9777236052888478
UQCRFS1P1	24	1.3979400086720377
UQCRFS1P2	2	0.47712125471966244
UQCRH	73	1.8692317197309762
UQCRHL	7	0.9030899869919435
UQCRHP1	1	0.3010299956639812
UQCRQ	60	1.7853298350107671
URAD	3	0.6020599913279624
URAHP	3	0.6020599913279624
URB1	83	1.9242792860618816
URB1-DT	6	0.8450980400142568
URB2	59	1.7781512503836436
URGCP	60	1.7853298350107671
URGCP-MRPS24	3	0.6020599913279624
URI1	118	2.0755469613925306
URM1	34	1.5440680443502757
UROC1	12	1.1139433523068367
UROD	84	1.9294189257142926
UROS	50	1.7075701760979363
USB1	61	1.792391689498254
USE1	75	1.8808135922807914
USF1	424	2.6283889300503116
USF2	191	2.2833012287035497
USF3	20	1.3222192947339193
USH1C	136	2.1367205671564067
USH1G	60	1.7853298350107671
USH2A	298	2.4756711883244296
USHBP1	28	1.462397997898956
USO1	157	2.1986570869544226
USP1	206	2.315970345456918
USP10	288	2.4608978427565478
USP11	244	2.3891660843645326
USP12	67	1.8325089127062364
USP12P1	3	0.6020599913279624
USP12PY	2	0.47712125471966244
USP13	149	2.1760912590556813
USP14	342	2.5352941200427703
USP15	275	2.4409090820652177
USP16	93	1.9731278535996986
USP17L1	25	1.414973347970818
USP17L10	20	1.3222192947339193
USP17L11	20	1.3222192947339193
USP17L12	22	1.3617278360175928
USP17L13	20	1.3222192947339193
USP17L14P	17	1.255272505103306
USP17L15	19	1.3010299956639813
USP17L16P	17	1.255272505103306
USP17L17	21	1.3424226808222062
USP17L18	22	1.3617278360175928
USP17L19	22	1.3617278360175928
USP17L2	88	1.9493900066449128
USP17L20	20	1.3222192947339193
USP17L21	21	1.3424226808222062
USP17L22	21	1.3424226808222062
USP17L23	3	0.6020599913279624
USP17L24	20	1.3222192947339193
USP17L25	17	1.255272505103306
USP17L26	17	1.255272505103306
USP17L27	18	1.2787536009528289
USP17L28	18	1.2787536009528289
USP17L29	19	1.3010299956639813
USP17L3	22	1.3617278360175928
USP17L30	17	1.255272505103306
USP17L4	19	1.3010299956639813
USP17L5	21	1.3424226808222062
USP17L6P	18	1.2787536009528289
USP17L7	23	1.380211241711606
USP17L8	19	1.3010299956639813
USP17L9P	34	1.5440680443502757
USP18	236	2.374748346010104
USP19	115	2.0644579892269186
USP2	208	2.3201462861110542
USP2-AS1	7	0.9030899869919435
USP20	95	1.9822712330395684
USP21	90	1.9590413923210936
USP22	249	2.3979400086720375
USP24	111	2.0492180226701815
USP25	129	2.113943352306837
USP26	62	1.7993405494535817
USP27X	35	1.5563025007672873
USP27X-DT	5	0.7781512503836436
USP28	166	2.2227164711475833
USP29	43	1.6434526764861874
USP3	86	1.9395192526186185
USP3-AS1	3	0.6020599913279624
USP30	106	2.0293837776852097
USP30-AS1	7	0.9030899869919435
USP31	31	1.505149978319906
USP32	57	1.7634279935629373
USP32P1	3	0.6020599913279624
USP32P2	4	0.6989700043360189
USP32P3	1	0.3010299956639812
USP33	115	2.0644579892269186
USP34	98	1.99563519459755
USP35	55	1.7481880270062005
USP36	137	2.1398790864012365
USP37	79	1.9030899869919435
USP38	46	1.6720978579357175
USP38-DT	1	0.3010299956639812
USP39	207	2.3180633349627615
USP4	178	2.2528530309798933
USP40	34	1.5440680443502757
USP41P	14	1.1760912590556813
USP42	62	1.7993405494535817
USP43	28	1.462397997898956
USP44	74	1.8750612633917
USP45	25	1.414973347970818
USP46	67	1.8325089127062364
USP46-DT	3	0.6020599913279624
USP47	111	2.0492180226701815
USP48	90	1.9590413923210936
USP49	55	1.7481880270062005
USP5	235	2.3729120029701067
USP50	21	1.3424226808222062
USP51	30	1.4913616938342726
USP53	64	1.8129133566428555
USP53-DT	1	0.3010299956639812
USP54	72	1.863322860120456
USP6	202	2.307496037913213
USP6NL	78	1.8976270912904414
USP6NL-AS1	3	0.6020599913279624
USP7	959	2.9822712330395684
USP8	294	2.469822015978163
USP8P1	1	0.3010299956639812
USP9X	446	2.6503075231319366
USP9Y	89	1.954242509439325
USP9YP1	2	0.47712125471966244
USP9YP10	1	0.3010299956639812
USP9YP13	1	0.3010299956639812
USP9YP2	2	0.47712125471966244
USP9YP23	1	0.3010299956639812
USP9YP3	1	0.3010299956639812
USP9YP34	1	0.3010299956639812
USP9YP4	2	0.47712125471966244
USP9YP6	2	0.47712125471966244
USP9YP7	1	0.3010299956639812
USPL1	29	1.4771212547196624
UST	29	1.4771212547196624
UST-AS1	1	0.3010299956639812
UTF1	43	1.6434526764861874
UTP11	56	1.7558748556724915
UTP14A	137	2.1398790864012365
UTP14C	33	1.5314789170422551
UTP15	88	1.9493900066449128
UTP18	109	2.041392685158225
UTP20	99	2.0
UTP23	40	1.6127838567197355
UTP25	62	1.7993405494535817
UTP3	96	1.9867717342662448
UTP4	102	2.012837224705172
UTP6	78	1.8976270912904414
UTRN	219	2.342422680822206
UTS2	136	2.1367205671564067
UTS2B	38	1.591064607026499
UTS2R	196	2.294466226161593
UTY	57	1.7634279935629373
UVRAG	138	2.143014800254095
UVRAG-DT	2	0.47712125471966244
UVSSA	60	1.7853298350107671
UXS1	52	1.724275869600789
UXT	99	2.0
UXT-AS1	1	0.3010299956639812
VAC14	133	2.1271047983648077
VAC14-AS1	1	0.3010299956639812
VAMP1	59	1.7781512503836436
VAMP1-AS1	1	0.3010299956639812
VAMP2	236	2.374748346010104
VAMP3	148	2.173186268412274
VAMP4	81	1.9138138523837167
VAMP5	27	1.4471580313422192
VAMP7	189	2.278753600952829
VAMP8	182	2.2624510897304293
VAMP9P	2	0.47712125471966244
VANGL1	157	2.1986570869544226
VANGL2	121	2.0863598306747484
VAPA	309	2.4913616938342726
VAPB	352	2.5477747053878224
VARS1	173	2.2405492482826
VARS2	69	1.845098040014257
VASH1	180	2.2576785748691846
VASH1-AS1	2	0.47712125471966244
VASH2	71	1.8573324964312685
VASN	49	1.6989700043360187
VASP	252	2.403120521175818
VAT1	120	2.0827853703164503
VAT1L	16	1.2304489213782739
VAV1	549	2.7403626894942437
VAV2	204	2.311753861055754
VAV3	135	2.1335389083702174
VAV3-AS1	2	0.47712125471966244
VAX1	34	1.5440680443502757
VAX2	30	1.4913616938342726
VBP1	153	2.187520720836463
VCAM1	624	2.7958800173440754
VCAN	547	2.738780558484369
VCAN-AS1	2	0.47712125471966244
VCF1	20	1.3222192947339193
VCF2	9	1.0
VCL	441	2.645422269349092
VCP	1244	3.095169351431755
VCPIP1	100	2.0043213737826426
VCPKMT	21	1.3424226808222062
VCX	25	1.414973347970818
VCX2	8	0.9542425094393249
VCX3A	16	1.2304489213782739
VCX3B	11	1.0791812460476249
VCY	23	1.380211241711606
VCY1B	10	1.0413926851582251
VDAC1	685	2.8363241157067516
VDAC1P1	6	0.8450980400142568
VDAC1P10	1	0.3010299956639812
VDAC1P11	1	0.3010299956639812
VDAC1P12	2	0.47712125471966244
VDAC1P13	1	0.3010299956639812
VDAC1P2	3	0.6020599913279624
VDAC1P3	3	0.6020599913279624
VDAC1P4	2	0.47712125471966244
VDAC1P5	4	0.6989700043360189
VDAC1P6	3	0.6020599913279624
VDAC1P7	1	0.3010299956639812
VDAC1P8	2	0.47712125471966244
VDAC1P9	1	0.3010299956639812
VDAC2	349	2.5440680443502757
VDAC2P1	2	0.47712125471966244
VDAC2P2	1	0.3010299956639812
VDAC2P3	1	0.3010299956639812
VDAC2P5	2	0.47712125471966244
VDAC3	178	2.2528530309798933
VDR	2492	3.3967222785037734
VEGFA	16685	4.222352239247803
VEGFB	153	2.187520720836463
VEGFC	736	2.8674674878590514
VEGFD	236	2.374748346010104
VENTX	35	1.5563025007672873
VENTXP1	4	0.6989700043360189
VENTXP2	1	0.3010299956639812
VENTXP3	1	0.3010299956639812
VENTXP4	1	0.3010299956639812
VENTXP5	2	0.47712125471966244
VENTXP7	3	0.6020599913279624
VENTXP8	1	0.3010299956639812
VEPH1	31	1.505149978319906
VESTAR	7	0.9030899869919435
VEZF1	74	1.8750612633917
VEZT	67	1.8325089127062364
VGF	98	1.99563519459755
VGLL1	30	1.4913616938342726
VGLL2	22	1.3617278360175928
VGLL3	60	1.7853298350107671
VGLL4	79	1.9030899869919435
VHL	2236	3.34966598409663
VHLL	9	1.0
VHRT	3	0.6020599913279624
VIL1	87	1.9444826721501687
VILL	13	1.146128035678238
VIM	1290	3.1109262422664203
VIM-AS1	11	1.0791812460476249
VIM2P	3	0.6020599913279624
VIP	168	2.2278867046136734
VIPAS39	71	1.8573324964312685
VIPR1	153	2.187520720836463
VIPR2	121	2.0863598306747484
VIRMA	141	2.1522883443830563
VIS1	2	0.47712125471966244
VIT	17	1.255272505103306
VKORC1	1017	3.00774777800074
VKORC1L1	70	1.8512583487190752
VLDLR	138	2.143014800254095
VLDLR-AS1	9	1.0
VMA12	59	1.7781512503836436
VMA21	54	1.7403626894942439
VMA22	43	1.6434526764861874
VMAC	10	1.0413926851582251
VMO1	10	1.0413926851582251
VMP1	127	2.1072099696478683
VN1R1	16	1.2304489213782739
VN1R100P	1	0.3010299956639812
VN1R101P	1	0.3010299956639812
VN1R102P	1	0.3010299956639812
VN1R103P	1	0.3010299956639812
VN1R104P	1	0.3010299956639812
VN1R105P	1	0.3010299956639812
VN1R106P	2	0.47712125471966244
VN1R107P	1	0.3010299956639812
VN1R108P	2	0.47712125471966244
VN1R109P	1	0.3010299956639812
VN1R10P	4	0.6989700043360189
VN1R110P	1	0.3010299956639812
VN1R111P	1	0.3010299956639812
VN1R112P	1	0.3010299956639812
VN1R11P	1	0.3010299956639812
VN1R12P	1	0.3010299956639812
VN1R13P	1	0.3010299956639812
VN1R14P	1	0.3010299956639812
VN1R15P	1	0.3010299956639812
VN1R16P	1	0.3010299956639812
VN1R17P	5	0.7781512503836436
VN1R18P	1	0.3010299956639812
VN1R19P	1	0.3010299956639812
VN1R2	7	0.9030899869919435
VN1R20P	1	0.3010299956639812
VN1R21P	1	0.3010299956639812
VN1R22P	1	0.3010299956639812
VN1R23P	1	0.3010299956639812
VN1R24P	1	0.3010299956639812
VN1R25P	1	0.3010299956639812
VN1R26P	1	0.3010299956639812
VN1R27P	1	0.3010299956639812
VN1R28P	1	0.3010299956639812
VN1R29P	1	0.3010299956639812
VN1R3	7	0.9030899869919435
VN1R30P	1	0.3010299956639812
VN1R31P	1	0.3010299956639812
VN1R32P	1	0.3010299956639812
VN1R33P	1	0.3010299956639812
VN1R34P	1	0.3010299956639812
VN1R35P	1	0.3010299956639812
VN1R36P	1	0.3010299956639812
VN1R37P	1	0.3010299956639812
VN1R38P	1	0.3010299956639812
VN1R39P	1	0.3010299956639812
VN1R4	8	0.9542425094393249
VN1R40P	1	0.3010299956639812
VN1R41P	1	0.3010299956639812
VN1R42P	1	0.3010299956639812
VN1R43P	1	0.3010299956639812
VN1R44P	1	0.3010299956639812
VN1R45P	1	0.3010299956639812
VN1R46P	1	0.3010299956639812
VN1R47P	1	0.3010299956639812
VN1R48P	1	0.3010299956639812
VN1R49P	1	0.3010299956639812
VN1R5	14	1.1760912590556813
VN1R51P	1	0.3010299956639812
VN1R52P	1	0.3010299956639812
VN1R53P	1	0.3010299956639812
VN1R54P	1	0.3010299956639812
VN1R55P	1	0.3010299956639812
VN1R56P	1	0.3010299956639812
VN1R57P	1	0.3010299956639812
VN1R58P	1	0.3010299956639812
VN1R59P	1	0.3010299956639812
VN1R60P	1	0.3010299956639812
VN1R61P	1	0.3010299956639812
VN1R62P	1	0.3010299956639812
VN1R63P	1	0.3010299956639812
VN1R64P	1	0.3010299956639812
VN1R65P	1	0.3010299956639812
VN1R66P	1	0.3010299956639812
VN1R67P	1	0.3010299956639812
VN1R68P	1	0.3010299956639812
VN1R69P	1	0.3010299956639812
VN1R70P	1	0.3010299956639812
VN1R71P	1	0.3010299956639812
VN1R72P	1	0.3010299956639812
VN1R73P	1	0.3010299956639812
VN1R74P	1	0.3010299956639812
VN1R75P	1	0.3010299956639812
VN1R76P	1	0.3010299956639812
VN1R77P	1	0.3010299956639812
VN1R78P	1	0.3010299956639812
VN1R79P	1	0.3010299956639812
VN1R7P	2	0.47712125471966244
VN1R80P	1	0.3010299956639812
VN1R81P	1	0.3010299956639812
VN1R82P	1	0.3010299956639812
VN1R83P	1	0.3010299956639812
VN1R84P	1	0.3010299956639812
VN1R85P	1	0.3010299956639812
VN1R86P	2	0.47712125471966244
VN1R87P	1	0.3010299956639812
VN1R88P	1	0.3010299956639812
VN1R89P	1	0.3010299956639812
VN1R8P	2	0.47712125471966244
VN1R90P	1	0.3010299956639812
VN1R91P	1	0.3010299956639812
VN1R92P	1	0.3010299956639812
VN1R93P	1	0.3010299956639812
VN1R94P	1	0.3010299956639812
VN1R95P	2	0.47712125471966244
VN1R96P	1	0.3010299956639812
VN1R97P	1	0.3010299956639812
VN1R98P	1	0.3010299956639812
VN1R99P	1	0.3010299956639812
VN1R9P	1	0.3010299956639812
VN2R18P	1	0.3010299956639812
VN2R1P	1	0.3010299956639812
VN2R9P	1	0.3010299956639812
VNN1	50	1.7075701760979363
VNN2	49	1.6989700043360187
VNN3P	15	1.2041199826559248
VOPP1	45	1.662757831681574
VPREB1	34	1.5440680443502757
VPREB3	16	1.2304489213782739
VPS11	89	1.954242509439325
VPS13A	185	2.2695129442179165
VPS13B	119	2.0791812460476247
VPS13B-DT	1	0.3010299956639812
VPS13C	106	2.0293837776852097
VPS13C-DT	2	0.47712125471966244
VPS13D	82	1.919078092376074
VPS16	101	2.0086001717619175
VPS18	99	2.0
VPS25	65	1.8195439355418688
VPS26A	166	2.2227164711475833
VPS26B	44	1.6532125137753437
VPS26C	38	1.591064607026499
VPS28	109	2.041392685158225
VPS29	119	2.0791812460476247
VPS33A	93	1.9731278535996986
VPS33B	132	2.123851640967086
VPS33B-DT	2	0.47712125471966244
VPS35	352	2.5477747053878224
VPS35L	47	1.6812412373755872
VPS36	64	1.8129133566428555
VPS37A	79	1.9030899869919435
VPS37B	59	1.7781512503836436
VPS37C	51	1.7160033436347992
VPS37D	22	1.3617278360175928
VPS39	93	1.9731278535996986
VPS41	82	1.919078092376074
VPS45	97	1.9912260756924949
VPS4A	241	2.383815365980431
VPS4B	159	2.2041199826559246
VPS50	57	1.7634279935629373
VPS51	156	2.1958996524092336
VPS52	103	2.0170333392987803
VPS53	79	1.9030899869919435
VPS54	46	1.6720978579357175
VPS72	76	1.8864907251724818
VPS8	43	1.6434526764861874
VPS9D1	15	1.2041199826559248
VPS9D1-AS1	18	1.2787536009528289
VRK1	194	2.290034611362518
VRK2	134	2.130333768495006
VRK3	59	1.7781512503836436
VRTN	12	1.1139433523068367
VSIG1	15	1.2041199826559248
VSIG10	12	1.1139433523068367
VSIG10L	5	0.7781512503836436
VSIG10L2	3	0.6020599913279624
VSIG2	13	1.146128035678238
VSIG4	66	1.8260748027008264
VSIG8	18	1.2787536009528289
VSIR	198	2.298853076409707
VSNL1	103	2.0170333392987803
VSTM1	30	1.4913616938342726
VSTM2A	17	1.255272505103306
VSTM2A-OT1	2	0.47712125471966244
VSTM2B	5	0.7781512503836436
VSTM2B-DT	4	0.6989700043360189
VSTM2L	14	1.1760912590556813
VSTM4	18	1.2787536009528289
VSTM5	2	0.47712125471966244
VSX1	70	1.8512583487190752
VSX2	67	1.8325089127062364
VTA1	102	2.012837224705172
VTCN1	294	2.469822015978163
VTI1A	75	1.8808135922807914
VTI1B	90	1.9590413923210936
VTI1BP2	1	0.3010299956639812
VTN	264	2.423245873936808
VTRNA1-1	9	1.0
VTRNA1-2	6	0.8450980400142568
VTRNA1-3	3	0.6020599913279624
VTRNA2-1	51	1.7160033436347992
VTRNA3-1P	6	0.8450980400142568
VWA1	33	1.5314789170422551
VWA2	26	1.4313637641589874
VWA3A	12	1.1139433523068367
VWA3B	12	1.1139433523068367
VWA5A	32	1.5185139398778875
VWA5B1	5	0.7781512503836436
VWA5B2	10	1.0413926851582251
VWA7	15	1.2041199826559248
VWA8	80	1.9084850188786497
VWA8-AS1	2	0.47712125471966244
VWC2	11	1.0791812460476249
VWC2L	14	1.1760912590556813
VWCE	25	1.414973347970818
VWDE	16	1.2304489213782739
VWF	1038	3.016615547557177
VWFP1	3	0.6020599913279624
VXN	9	1.0
WAC	109	2.041392685158225
WAC-AS1	7	0.9030899869919435
WAKMAR1	1	0.3010299956639812
WAKMAR2	6	0.8450980400142568
WAPL	174	2.2430380486862944
WARS1	178	2.2528530309798933
WARS2	48	1.6901960800285136
WARS2-AS1	2	0.47712125471966244
WARS2-IT1	1	0.3010299956639812
WAS	594	2.7745169657285498
WASF1	177	2.250420002308894
WASF2	190	2.2810333672477277
WASF3	97	1.9912260756924949
WASF4P	1	0.3010299956639812
WASF5P	2	0.47712125471966244
WASH2P	15	1.2041199826559248
WASH3P	28	1.462397997898956
WASH4P	11	1.0791812460476249
WASH5P	1	0.3010299956639812
WASH6P	26	1.4313637641589874
WASH7P	4	0.6989700043360189
WASH8P	6	0.8450980400142568
WASH9P	1	0.3010299956639812
WASHC1	47	1.6812412373755872
WASHC2A	77	1.8920946026904804
WASHC2C	73	1.8692317197309762
WASHC2EP	1	0.3010299956639812
WASHC3	42	1.6334684555795864
WASHC4	77	1.8920946026904804
WASHC5	103	2.0170333392987803
WASHC5-AS1	1	0.3010299956639812
WASIR1	1	0.3010299956639812
WASIR2	1	0.3010299956639812
WASL	327	2.515873843711679
WASL-DT	2	0.47712125471966244
WBP1	22	1.3617278360175928
WBP11	123	2.093421685162235
WBP11P1	1	0.3010299956639812
WBP1L	30	1.4913616938342726
WBP2	101	2.0086001717619175
WBP2NL	37	1.5797835966168101
WBP2P1	1	0.3010299956639812
WBP4	53	1.7323937598229686
WBSCR2	1	0.3010299956639812
WDCP	65	1.8195439355418688
WDFY1	37	1.5797835966168101
WDFY2	32	1.5185139398778875
WDFY3	83	1.9242792860618816
WDFY3-AS2	9	1.0
WDFY4	34	1.5440680443502757
WDHD1	127	2.1072099696478683
WDPCP	21	1.3424226808222062
WDR1	192	2.285557309007774
WDR11	98	1.99563519459755
WDR11-DT	3	0.6020599913279624
WDR12	103	2.0170333392987803
WDR13	30	1.4913616938342726
WDR17	16	1.2304489213782739
WDR18	109	2.041392685158225
WDR19	54	1.7403626894942439
WDR20	75	1.8808135922807914
WDR24	58	1.7708520116421442
WDR25	20	1.3222192947339193
WDR26	146	2.167317334748176
WDR27	17	1.255272505103306
WDR3	127	2.1072099696478683
WDR31	9	1.0
WDR33	125	2.100370545117563
WDR35	59	1.7781512503836436
WDR36	175	2.24551266781415
WDR37	51	1.7160033436347992
WDR38	2	0.47712125471966244
WDR4	85	1.9344984512435677
WDR41	60	1.7853298350107671
WDR43	100	2.0043213737826426
WDR44	68	1.8388490907372552
WDR45	157	2.1986570869544226
WDR45B	38	1.591064607026499
WDR46	68	1.8388490907372552
WDR47	36	1.568201724066995
WDR48	139	2.146128035678238
WDR49	14	1.1760912590556813
WDR4P2	1	0.3010299956639812
WDR5	489	2.690196080028514
WDR53	11	1.0791812460476249
WDR54	22	1.3617278360175928
WDR55	45	1.662757831681574
WDR59	61	1.792391689498254
WDR5B	20	1.3222192947339193
WDR5B-DT	1	0.3010299956639812
WDR5CP	1	0.3010299956639812
WDR6	149	2.1760912590556813
WDR62	132	2.123851640967086
WDR64	11	1.0791812460476249
WDR7	59	1.7781512503836436
WDR7-OT1	1	0.3010299956639812
WDR70	65	1.8195439355418688
WDR72	41	1.6232492903979006
WDR73	33	1.5314789170422551
WDR74	73	1.8692317197309762
WDR75	90	1.9590413923210936
WDR76	50	1.7075701760979363
WDR77	286	2.4578818967339924
WDR81	48	1.6901960800285136
WDR82	134	2.130333768495006
WDR82P1	3	0.6020599913279624
WDR83	66	1.8260748027008264
WDR83OS	19	1.3010299956639813
WDR86	6	0.8450980400142568
WDR86-AS1	3	0.6020599913279624
WDR87	14	1.1760912590556813
WDR87BP	2	0.47712125471966244
WDR88	8	0.9542425094393249
WDR89	25	1.414973347970818
WDR90	22	1.3617278360175928
WDR91	45	1.662757831681574
WDR93	7	0.9030899869919435
WDR97	4	0.6989700043360189
WDSUB1	14	1.1760912590556813
WDTC1	59	1.7781512503836436
WEE1	699	2.845098040014257
WEE2	33	1.5314789170422551
WEE2-AS1	9	1.0
WFDC1	38	1.591064607026499
WFDC10A	8	0.9542425094393249
WFDC10B	9	1.0
WFDC11	12	1.1139433523068367
WFDC12	16	1.2304489213782739
WFDC13	7	0.9030899869919435
WFDC2	662	2.821513528404773
WFDC21P	17	1.255272505103306
WFDC3	12	1.1139433523068367
WFDC5	17	1.255272505103306
WFDC6	9	1.0
WFDC8	7	0.9030899869919435
WFDC9	12	1.1139433523068367
WFIKKN1	19	1.3010299956639813
WFIKKN2	34	1.5440680443502757
WFS1	266	2.4265112613645754
WHAMM	33	1.5314789170422551
WHAMMP1	2	0.47712125471966244
WHAMMP2	4	0.6989700043360189
WHAMMP3	5	0.7781512503836436
WHR1	60	1.7853298350107671
WHR1B	3	0.6020599913279624
WHRN	59	1.7781512503836436
WHSC1L2P	1	0.3010299956639812
WIF1	265	2.424881636631067
WIPF1	153	2.187520720836463
WIPF2	65	1.8195439355418688
WIPF3	29	1.4771212547196624
WIPI1	52	1.724275869600789
WIPI2	103	2.0170333392987803
WIZ	117	2.0718820073061255
WLS	128	2.110589710299249
WNK1	359	2.5563025007672873
WNK2	82	1.919078092376074
WNK3	87	1.9444826721501687
WNK4	203	2.3096301674258988
WNT1	532	2.7267272090265724
WNT10A	149	2.1760912590556813
WNT10B	148	2.173186268412274
WNT11	111	2.0492180226701815
WNT16	83	1.9242792860618816
WNT2	157	2.1986570869544226
WNT2B	102	2.012837224705172
WNT3	148	2.173186268412274
WNT3A	626	2.7972675408307164
WNT4	262	2.419955748489758
WNT5A	993	2.997386384397313
WNT5B	84	1.9294189257142926
WNT6	56	1.7558748556724915
WNT7A	186	2.271841606536499
WNT7B	116	2.0681858617461617
WNT8A	23	1.380211241711606
WNT8B	29	1.4771212547196624
WNT9A	44	1.6532125137753437
WNT9B	55	1.7481880270062005
WRAP53	116	2.0681858617461617
WRAP73	49	1.6989700043360187
WRN	777	2.890979596989689
WRNIP1	150	2.1789769472931693
WSB1	76	1.8864907251724818
WSB2	32	1.5185139398778875
WSCD1	6	0.8450980400142568
WSCD2	10	1.0413926851582251
WSPAR	4	0.6989700043360189
WT1	1222	3.0874264570362855
WT1-AS	32	1.5185139398778875
WTAP	337	2.5289167002776547
WTAPP1	9	1.0
WTAPP2	1	0.3010299956639812
WTIP	39	1.6020599913279623
WWC1	187	2.27415784926368
WWC2	42	1.6334684555795864
WWC2-AS1	2	0.47712125471966244
WWC2-AS2	3	0.6020599913279624
WWC3	30	1.4913616938342726
WWOX	450	2.6541765418779604
WWOX-AS1	3	0.6020599913279624
WWP1	223	2.3502480183341627
WWP1-AS1	1	0.3010299956639812
WWP2	230	2.3636119798921444
WWTR1	758	2.88024177589548
WWTR1-AS1	4	0.6989700043360189
XAB2	152	2.184691430817599
XACT	5	0.7781512503836436
XAF1	151	2.1818435879447726
XAGE1A	39	1.6020599913279623
XAGE1B	39	1.6020599913279623
XAGE2	15	1.2041199826559248
XAGE3	15	1.2041199826559248
XAGE5	4	0.6989700043360189
XBP1	347	2.5415792439465807
XBP1P1	5	0.7781512503836436
XCE	3	0.6020599913279624
XCL1	176	2.247973266361807
XCL2	27	1.4471580313422192
XCR1	85	1.9344984512435677
XDH	168	2.2278867046136734
XG	12	1.1139433523068367
XGY1	2	0.47712125471966244
XGY2	2	0.47712125471966244
XIAP	1719	3.2355284469075487
XIAP-AS1	2	0.47712125471966244
XIC	2	0.47712125471966244
XIRP1	36	1.568201724066995
XIRP2	43	1.6434526764861874
XIRP2-AS1	2	0.47712125471966244
XIST	263	2.4216039268698313
XK	84	1.9294189257142926
XKR3	9	1.0
XKR4	19	1.3010299956639813
XKR5	3	0.6020599913279624
XKR6	22	1.3617278360175928
XKR7	5	0.7781512503836436
XKR8	19	1.3010299956639813
XKR9	7	0.9030899869919435
XKRX	7	0.9030899869919435
XKRY	5	0.7781512503836436
XKRYP1	2	0.47712125471966244
XKRYP2	2	0.47712125471966244
XKRYP3	2	0.47712125471966244
XKRYP4	1	0.3010299956639812
XKRYP5	2	0.47712125471966244
XKRYP6	2	0.47712125471966244
XKRYP7	5	0.7781512503836436
XNDC1CP	1	0.3010299956639812
XNDC1N	5	0.7781512503836436
XPA	578	2.762678563727436
XPC	768	2.885926339801431
XPNPEP1	65	1.8195439355418688
XPNPEP2	32	1.5185139398778875
XPNPEP3	67	1.8325089127062364
XPO1	652	2.814913181275074
XPO4	69	1.845098040014257
XPO5	255	2.4082399653118496
XPO6	60	1.7853298350107671
XPO7	85	1.9344984512435677
XPOT	161	2.2095150145426308
XPR1	134	2.130333768495006
XRCC1	1849	3.2671717284030137
XRCC2	289	2.462397997898956
XRCC3	522	2.718501688867274
XRCC4	496	2.696356388733332
XRCC5	1420	3.15259407792747
XRCC6	1840	3.2650537885040145
XRCC6P2	2	0.47712125471966244
XRCC6P3	1	0.3010299956639812
XRCC6P5	1	0.3010299956639812
XRN1	199	2.3010299956639813
XRN2	285	2.456366033129043
XRRA1	20	1.3222192947339193
XTBD1	21	1.3424226808222062
XTBD1P1	1	0.3010299956639812
XXYLT1	40	1.6127838567197355
XXYLT1-AS2	3	0.6020599913279624
XYLB	23	1.380211241711606
XYLT1	65	1.8195439355418688
XYLT2	51	1.7160033436347992
YAE1	24	1.3979400086720377
YAF2	64	1.8129133566428555
YAM1	1	0.3010299956639812
YAP1	3154	3.498999363580153
YAP1P1	1	0.3010299956639812
YARS1	160	2.2068258760318495
YARS2	84	1.9294189257142926
YBEY	28	1.462397997898956
YBX1	1463	3.165541076722373
YBX1P1	2	0.47712125471966244
YBX1P10	1	0.3010299956639812
YBX1P4	1	0.3010299956639812
YBX2	55	1.7481880270062005
YBX3	262	2.419955748489758
YBX3P1	1	0.3010299956639812
YDJC	16	1.2304489213782739
YEATS2	103	2.0170333392987803
YEATS2-AS1	1	0.3010299956639812
YEATS4	117	2.0718820073061255
YES1	332	2.5224442335063197
YES1P1	2	0.47712125471966244
YIF1A	53	1.7323937598229686
YIF1B	55	1.7481880270062005
YIPF1	30	1.4913616938342726
YIPF2	22	1.3617278360175928
YIPF3	50	1.7075701760979363
YIPF4	36	1.568201724066995
YIPF5	69	1.845098040014257
YIPF6	34	1.5440680443502757
YIPF7	6	0.8450980400142568
YJEFN3	12	1.1139433523068367
YJU2	36	1.568201724066995
YJU2B	24	1.3979400086720377
YKT6	122	2.089905111439398
YLPM1	144	2.161368002234975
YME1L1	145	2.164352855784437
YME1L1P1	1	0.3010299956639812
YOD1	67	1.8325089127062364
YPEL1	16	1.2304489213782739
YPEL2	15	1.2041199826559248
YPEL3	32	1.5185139398778875
YPEL3-DT	2	0.47712125471966244
YPEL4	10	1.0413926851582251
YPEL5	47	1.6812412373755872
YRDC	37	1.5797835966168101
YRDCP3	1	0.3010299956639812
YTHDC1	216	2.3364597338485296
YTHDC2	188	2.2764618041732443
YTHDF1	292	2.4668676203541096
YTHDF2	476	2.678518379040114
YTHDF2P1	1	0.3010299956639812
YTHDF3	177	2.250420002308894
YTHDF3-DT	1	0.3010299956639812
YWHAB	559	2.7481880270062002
YWHAE	712	2.8530895298518657
YWHAEP1	1	0.3010299956639812
YWHAEP5	1	0.3010299956639812
YWHAEP7	5	0.7781512503836436
YWHAG	475	2.677606952720493
YWHAH	371	2.5705429398818973
YWHAH-AS1	2	0.47712125471966244
YWHAQ	592	2.7730546933642626
YWHAQP2	1	0.3010299956639812
YWHAQP4	2	0.47712125471966244
YWHAZ	896	2.952792443044092
YWHAZP2	1	0.3010299956639812
YY1	1042	3.018284308426531
YY1-DT	1	0.3010299956639812
YY1AP1	524	2.720159303405957
YY2	42	1.6334684555795864
ZACN	14	1.1760912590556813
ZAN	21	1.3424226808222062
ZAP70	1065	3.0277572046905536
ZAR1	28	1.462397997898956
ZAR1L	9	1.0
ZBBX	10	1.0413926851582251
ZBED1	50	1.7075701760979363
ZBED10P	10	1.0413926851582251
ZBED11	12	1.1139433523068367
ZBED2	13	1.146128035678238
ZBED3	38	1.591064607026499
ZBED3-AS1	7	0.9030899869919435
ZBED4	39	1.6020599913279623
ZBED5	20	1.3222192947339193
ZBED5-AS1	1	0.3010299956639812
ZBED6	21	1.3424226808222062
ZBED8	17	1.255272505103306
ZBED8L	16	1.2304489213782739
ZBP1	73	1.8692317197309762
ZBTB1	48	1.6901960800285136
ZBTB10	84	1.9294189257142926
ZBTB11	51	1.7160033436347992
ZBTB11-AS1	5	0.7781512503836436
ZBTB12	27	1.4471580313422192
ZBTB12BP	1	0.3010299956639812
ZBTB14	54	1.7403626894942439
ZBTB16	334	2.525044807036845
ZBTB17	145	2.164352855784437
ZBTB18	66	1.8260748027008264
ZBTB2	55	1.7481880270062005
ZBTB20	93	1.9731278535996986
ZBTB20-AS1	3	0.6020599913279624
ZBTB20-AS4	1	0.3010299956639812
ZBTB21	65	1.8195439355418688
ZBTB22	24	1.3979400086720377
ZBTB24	78	1.8976270912904414
ZBTB25	34	1.5440680443502757
ZBTB26	17	1.255272505103306
ZBTB3	23	1.380211241711606
ZBTB32	38	1.591064607026499
ZBTB33	168	2.2278867046136734
ZBTB34	16	1.2304489213782739
ZBTB35	62	1.7993405494535817
ZBTB37	15	1.2041199826559248
ZBTB38	68	1.8388490907372552
ZBTB39	19	1.3010299956639813
ZBTB4	46	1.6720978579357175
ZBTB40	42	1.6334684555795864
ZBTB40-IT1	2	0.47712125471966244
ZBTB41	20	1.3222192947339193
ZBTB42	15	1.2041199826559248
ZBTB43	29	1.4771212547196624
ZBTB44	24	1.3979400086720377
ZBTB44-DT	2	0.47712125471966244
ZBTB45	12	1.1139433523068367
ZBTB45P1	1	0.3010299956639812
ZBTB46	36	1.568201724066995
ZBTB46-AS1	1	0.3010299956639812
ZBTB47	17	1.255272505103306
ZBTB48	46	1.6720978579357175
ZBTB49	23	1.380211241711606
ZBTB5	35	1.5563025007672873
ZBTB6	17	1.255272505103306
ZBTB7A	246	2.392696953259666
ZBTB7B	94	1.9777236052888478
ZBTB7C	29	1.4771212547196624
ZBTB7C-AS2	1	0.3010299956639812
ZBTB8A	25	1.414973347970818
ZBTB8B	9	1.0
ZBTB9	45	1.662757831681574
ZC2HC1A	38	1.591064607026499
ZC2HC1B	6	0.8450980400142568
ZC2HC1C	20	1.3222192947339193
ZC3H10	30	1.4913616938342726
ZC3H11A	134	2.130333768495006
ZC3H11B	10	1.0413926851582251
ZC3H11C	4	0.6989700043360189
ZC3H11D	12	1.1139433523068367
ZC3H12A	196	2.294466226161593
ZC3H12B	15	1.2041199826559248
ZC3H12C	20	1.3222192947339193
ZC3H12D	24	1.3979400086720377
ZC3H13	107	2.03342375548695
ZC3H14	123	2.093421685162235
ZC3H15	116	2.0681858617461617
ZC3H18	114	2.060697840353612
ZC3H3	30	1.4913616938342726
ZC3H4	106	2.0293837776852097
ZC3H6	20	1.3222192947339193
ZC3H7A	62	1.7993405494535817
ZC3H7B	71	1.8573324964312685
ZC3H8	37	1.5797835966168101
ZC3HAV1	359	2.5563025007672873
ZC3HAV1L	40	1.6127838567197355
ZC3HC1	78	1.8976270912904414
ZC4H2	57	1.7634279935629373
ZCCHC10	32	1.5185139398778875
ZCCHC12	32	1.5185139398778875
ZCCHC13	10	1.0413926851582251
ZCCHC14	41	1.6232492903979006
ZCCHC14-DT	1	0.3010299956639812
ZCCHC17	78	1.8976270912904414
ZCCHC18	10	1.0413926851582251
ZCCHC2	30	1.4913616938342726
ZCCHC24	18	1.2787536009528289
ZCCHC3	95	1.9822712330395684
ZCCHC4	27	1.4471580313422192
ZCCHC7	34	1.5440680443502757
ZCCHC8	117	2.0718820073061255
ZCCHC9	35	1.5563025007672873
ZCRB1	31	1.505149978319906
ZCWPW1	22	1.3617278360175928
ZCWPW2	12	1.1139433523068367
ZDBF2	46	1.6720978579357175
ZDHHC1	30	1.4913616938342726
ZDHHC11	21	1.3424226808222062
ZDHHC11B	5	0.7781512503836436
ZDHHC12	22	1.3617278360175928
ZDHHC12-DT	1	0.3010299956639812
ZDHHC13	42	1.6334684555795864
ZDHHC14	26	1.4313637641589874
ZDHHC15	27	1.4471580313422192
ZDHHC16	22	1.3617278360175928
ZDHHC17	70	1.8512583487190752
ZDHHC18	25	1.414973347970818
ZDHHC19	15	1.2041199826559248
ZDHHC2	35	1.5563025007672873
ZDHHC20	61	1.792391689498254
ZDHHC20P2	1	0.3010299956639812
ZDHHC21	25	1.414973347970818
ZDHHC22	18	1.2787536009528289
ZDHHC23	18	1.2787536009528289
ZDHHC24	12	1.1139433523068367
ZDHHC3	58	1.7708520116421442
ZDHHC4	31	1.505149978319906
ZDHHC5	109	2.041392685158225
ZDHHC6	42	1.6334684555795864
ZDHHC7	44	1.6532125137753437
ZDHHC8	55	1.7481880270062005
ZDHHC8BP	6	0.8450980400142568
ZDHHC9	61	1.792391689498254
ZEB1	1540	3.1878026387184195
ZEB1-AS1	39	1.6020599913279623
ZEB2	713	2.8536982117761744
ZEB2-AS1	20	1.3222192947339193
ZEBTR	1	0.3010299956639812
ZER1	35	1.5563025007672873
ZFAND1	23	1.380211241711606
ZFAND2A	15	1.2041199826559248
ZFAND2A-DT	4	0.6989700043360189
ZFAND2B	32	1.5185139398778875
ZFAND3	29	1.4771212547196624
ZFAND4	18	1.2787536009528289
ZFAND5	38	1.591064607026499
ZFAND6	47	1.6812412373755872
ZFAS1	126	2.103803720955957
ZFAT	49	1.6989700043360187
ZFAT-AS1	2	0.47712125471966244
ZFC3H1	92	1.968482948553935
ZFHX2	18	1.2787536009528289
ZFHX2-AS1	1	0.3010299956639812
ZFHX3	170	2.2329961103921536
ZFHX3-AS3	1	0.3010299956639812
ZFHX4	58	1.7708520116421442
ZFHX4-AS1	4	0.6989700043360189
ZFP1	34	1.5440680443502757
ZFP14	9	1.0
ZFP2	14	1.1760912590556813
ZFP28	11	1.0791812460476249
ZFP3	9	1.0
ZFP30	21	1.3424226808222062
ZFP36	379	2.57978359661681
ZFP36L1	111	2.0492180226701815
ZFP36L2	87	1.9444826721501687
ZFP37	11	1.0791812460476249
ZFP41	17	1.255272505103306
ZFP42	63	1.806179973983887
ZFP57	47	1.6812412373755872
ZFP62	20	1.3222192947339193
ZFP64	56	1.7558748556724915
ZFP64P1	1	0.3010299956639812
ZFP69	12	1.1139433523068367
ZFP69B	13	1.146128035678238
ZFP82	23	1.380211241711606
ZFP90	30	1.4913616938342726
ZFP91	107	2.03342375548695
ZFP91-CNTF	19	1.3010299956639813
ZFP92	5	0.7781512503836436
ZFPL1	53	1.7323937598229686
ZFPM1	96	1.9867717342662448
ZFPM2	120	2.0827853703164503
ZFPM2-AS1	18	1.2787536009528289
ZFR	179	2.255272505103306
ZFR2	8	0.9542425094393249
ZFTA	41	1.6232492903979006
ZFTRAF1	24	1.3979400086720377
ZFX	74	1.8750612633917
ZFY	147	2.1702617153949575
ZFYVE1	64	1.8129133566428555
ZFYVE16	124	2.0969100130080562
ZFYVE19	37	1.5797835966168101
ZFYVE21	31	1.505149978319906
ZFYVE26	61	1.792391689498254
ZFYVE27	51	1.7160033436347992
ZFYVE28	15	1.2041199826559248
ZFYVE9	75	1.8808135922807914
ZG16	26	1.4313637641589874
ZG16B	80	1.9084850188786497
ZGLP1	10	1.0413926851582251
ZGPAT	85	1.9344984512435677
ZGRF1	38	1.591064607026499
ZHX1	64	1.8129133566428555
ZHX1-C8orf76	6	0.8450980400142568
ZHX2	94	1.9777236052888478
ZHX2-AS1	1	0.3010299956639812
ZHX3	59	1.7781512503836436
ZIC1	85	1.9344984512435677
ZIC2	127	2.1072099696478683
ZIC3	72	1.863322860120456
ZIC4	38	1.591064607026499
ZIC5	43	1.6434526764861874
ZIK1	9	1.0
ZIM2	13	1.146128035678238
ZIM2-AS1	2	0.47712125471966244
ZIM3	8	0.9542425094393249
ZKSCAN1	68	1.8388490907372552
ZKSCAN2	12	1.1139433523068367
ZKSCAN2-DT	2	0.47712125471966244
ZKSCAN3	44	1.6532125137753437
ZKSCAN4	42	1.6334684555795864
ZKSCAN5	32	1.5185139398778875
ZKSCAN7	19	1.3010299956639813
ZKSCAN7-AS1	1	0.3010299956639812
ZKSCAN8	49	1.6989700043360187
ZKSCAN8P1	3	0.6020599913279624
ZMAT1	24	1.3979400086720377
ZMAT2	60	1.7853298350107671
ZMAT3	54	1.7403626894942439
ZMAT4	19	1.3010299956639813
ZMAT5	25	1.414973347970818
ZMIZ1	102	2.012837224705172
ZMIZ1-AS1	5	0.7781512503836436
ZMIZ2	51	1.7160033436347992
ZMPSTE24	205	2.3138672203691533
ZMYM1	43	1.6434526764861874
ZMYM2	166	2.2227164711475833
ZMYM3	100	2.0043213737826426
ZMYM4	93	1.9731278535996986
ZMYM4-AS1	1	0.3010299956639812
ZMYM5	31	1.505149978319906
ZMYM6	31	1.505149978319906
ZMYND10	66	1.8260748027008264
ZMYND11	99	2.0
ZMYND12	11	1.0791812460476249
ZMYND15	11	1.0791812460476249
ZMYND19	23	1.380211241711606
ZMYND8	134	2.130333768495006
ZNF10	45	1.662757831681574
ZNF100	19	1.3010299956639813
ZNF101	26	1.4313637641589874
ZNF106	57	1.7634279935629373
ZNF107	23	1.380211241711606
ZNF112	16	1.2304489213782739
ZNF114	15	1.2041199826559248
ZNF114-AS1	1	0.3010299956639812
ZNF117	11	1.0791812460476249
ZNF12	27	1.4471580313422192
ZNF121	25	1.414973347970818
ZNF123P	2	0.47712125471966244
ZNF124	30	1.4913616938342726
ZNF132	12	1.1139433523068367
ZNF133	27	1.4471580313422192
ZNF133-AS1	1	0.3010299956639812
ZNF134	7	0.9030899869919435
ZNF135	16	1.2304489213782739
ZNF136	33	1.5314789170422551
ZNF137P	4	0.6989700043360189
ZNF138	17	1.255272505103306
ZNF14	16	1.2304489213782739
ZNF140	20	1.3222192947339193
ZNF141	14	1.1760912590556813
ZNF142	29	1.4771212547196624
ZNF143	118	2.0755469613925306
ZNF143-AS1	3	0.6020599913279624
ZNF146	62	1.7993405494535817
ZNF148	177	2.250420002308894
ZNF154	23	1.380211241711606
ZNF155	17	1.255272505103306
ZNF157	14	1.1760912590556813
ZNF16	29	1.4771212547196624
ZNF160	22	1.3617278360175928
ZNF165	30	1.4913616938342726
ZNF169	20	1.3222192947339193
ZNF17	15	1.2041199826559248
ZNF174	39	1.6020599913279623
ZNF175	31	1.505149978319906
ZNF177	17	1.255272505103306
ZNF18	21	1.3424226808222062
ZNF180	19	1.3010299956639813
ZNF181	13	1.146128035678238
ZNF182	18	1.2787536009528289
ZNF184	32	1.5185139398778875
ZNF185	57	1.7634279935629373
ZNF189	25	1.414973347970818
ZNF19	18	1.2787536009528289
ZNF195	23	1.380211241711606
ZNF197	21	1.3424226808222062
ZNF2	24	1.3979400086720377
ZNF20	16	1.2304489213782739
ZNF200	21	1.3424226808222062
ZNF202	44	1.6532125137753437
ZNF204P	3	0.6020599913279624
ZNF205	20	1.3222192947339193
ZNF205-AS1	3	0.6020599913279624
ZNF207	117	2.0718820073061255
ZNF208	11	1.0791812460476249
ZNF209P	1	0.3010299956639812
ZNF211	14	1.1760912590556813
ZNF212	24	1.3979400086720377
ZNF213	17	1.255272505103306
ZNF213-AS1	2	0.47712125471966244
ZNF214	18	1.2787536009528289
ZNF215	21	1.3424226808222062
ZNF217	165	2.220108088040055
ZNF217-AS1	1	0.3010299956639812
ZNF219	46	1.6720978579357175
ZNF22	41	1.6232492903979006
ZNF22-AS1	6	0.8450980400142568
ZNF221	15	1.2041199826559248
ZNF222	11	1.0791812460476249
ZNF223	13	1.146128035678238
ZNF224	45	1.662757831681574
ZNF225	17	1.255272505103306
ZNF225-AS1	2	0.47712125471966244
ZNF226	19	1.3010299956639813
ZNF227	29	1.4771212547196624
ZNF229	12	1.1139433523068367
ZNF23	30	1.4913616938342726
ZNF230	23	1.380211241711606
ZNF230-DT	1	0.3010299956639812
ZNF232	19	1.3010299956639813
ZNF233	12	1.1139433523068367
ZNF234	16	1.2304489213782739
ZNF235	15	1.2041199826559248
ZNF236	25	1.414973347970818
ZNF236-DT	2	0.47712125471966244
ZNF239	30	1.4913616938342726
ZNF24	114	2.060697840353612
ZNF248	16	1.2304489213782739
ZNF248-AS1	1	0.3010299956639812
ZNF24TR	1	0.3010299956639812
ZNF25	19	1.3010299956639813
ZNF250	37	1.5797835966168101
ZNF251	23	1.380211241711606
ZNF252P	3	0.6020599913279624
ZNF252P-AS1	6	0.8450980400142568
ZNF253	10	1.0413926851582251
ZNF254	19	1.3010299956639813
ZNF256	9	1.0
ZNF257	12	1.1139433523068367
ZNF26	17	1.255272505103306
ZNF260	19	1.3010299956639813
ZNF263	33	1.5314789170422551
ZNF264	23	1.380211241711606
ZNF266	24	1.3979400086720377
ZNF267	30	1.4913616938342726
ZNF268	37	1.5797835966168101
ZNF271P	6	0.8450980400142568
ZNF273	20	1.3222192947339193
ZNF274	35	1.5563025007672873
ZNF275	15	1.2041199826559248
ZNF276	23	1.380211241711606
ZNF276-AS1	3	0.6020599913279624
ZNF277	34	1.5440680443502757
ZNF277-AS1	2	0.47712125471966244
ZNF28	14	1.1760912590556813
ZNF280A	16	1.2304489213782739
ZNF280B	20	1.3222192947339193
ZNF280C	47	1.6812412373755872
ZNF280D	28	1.462397997898956
ZNF281	137	2.1398790864012365
ZNF282	29	1.4771212547196624
ZNF283	8	0.9542425094393249
ZNF284	7	0.9030899869919435
ZNF285	10	1.0413926851582251
ZNF285BP	1	0.3010299956639812
ZNF285CP	5	0.7781512503836436
ZNF286A	19	1.3010299956639813
ZNF286A-TBC1D26	1	0.3010299956639812
ZNF286B	5	0.7781512503836436
ZNF287	14	1.1760912590556813
ZNF292	74	1.8750612633917
ZNF295-AS1	6	0.8450980400142568
ZNF296	21	1.3424226808222062
ZNF299P	2	0.47712125471966244
ZNF29P	2	0.47712125471966244
ZNF3	32	1.5185139398778875
ZNF30	12	1.1139433523068367
ZNF30-AS1	1	0.3010299956639812
ZNF300	34	1.5440680443502757
ZNF300P1	5	0.7781512503836436
ZNF302	31	1.505149978319906
ZNF304	12	1.1139433523068367
ZNF311	15	1.2041199826559248
ZNF316	33	1.5314789170422551
ZNF317	26	1.4313637641589874
ZNF318	91	1.9637878273455553
ZNF319	16	1.2304489213782739
ZNF32	24	1.3979400086720377
ZNF320	15	1.2041199826559248
ZNF321P	6	0.8450980400142568
ZNF322	22	1.3617278360175928
ZNF322P1	2	0.47712125471966244
ZNF324	23	1.380211241711606
ZNF324B	13	1.146128035678238
ZNF326	152	2.184691430817599
ZNF329	15	1.2041199826559248
ZNF331	56	1.7558748556724915
ZNF333	24	1.3979400086720377
ZNF334	16	1.2304489213782739
ZNF335	39	1.6020599913279623
ZNF337	16	1.2304489213782739
ZNF337-AS1	2	0.47712125471966244
ZNF33A	24	1.3979400086720377
ZNF33B	23	1.380211241711606
ZNF34	22	1.3617278360175928
ZNF341	32	1.5185139398778875
ZNF343	14	1.1760912590556813
ZNF345	15	1.2041199826559248
ZNF346	77	1.8920946026904804
ZNF347	6	0.8450980400142568
ZNF35	24	1.3979400086720377
ZNF350	131	2.12057393120585
ZNF350-AS1	2	0.47712125471966244
ZNF354A	27	1.4471580313422192
ZNF354B	7	0.9030899869919435
ZNF354C	25	1.414973347970818
ZNF355P	4	0.6989700043360189
ZNF358	12	1.1139433523068367
ZNF362	34	1.5440680443502757
ZNF365	73	1.8692317197309762
ZNF366	33	1.5314789170422551
ZNF367	22	1.3617278360175928
ZNF37A	18	1.2787536009528289
ZNF37BP	8	0.9542425094393249
ZNF382	23	1.380211241711606
ZNF383	15	1.2041199826559248
ZNF384	133	2.1271047983648077
ZNF385A	35	1.5563025007672873
ZNF385B	22	1.3617278360175928
ZNF385C	10	1.0413926851582251
ZNF385D	23	1.380211241711606
ZNF385D-AS2	1	0.3010299956639812
ZNF391	13	1.146128035678238
ZNF394	15	1.2041199826559248
ZNF395	36	1.568201724066995
ZNF396	17	1.255272505103306
ZNF397	27	1.4471580313422192
ZNF398	27	1.4471580313422192
ZNF404	9	1.0
ZNF407	29	1.4771212547196624
ZNF407-AS1	7	0.9030899869919435
ZNF408	38	1.591064607026499
ZNF41	20	1.3222192947339193
ZNF410	32	1.5185139398778875
ZNF414	19	1.3010299956639813
ZNF415	20	1.3222192947339193
ZNF416	9	1.0
ZNF417	22	1.3617278360175928
ZNF418	15	1.2041199826559248
ZNF419	20	1.3222192947339193
ZNF420	23	1.380211241711606
ZNF423	55	1.7481880270062005
ZNF425	7	0.9030899869919435
ZNF426	20	1.3222192947339193
ZNF426-DT	2	0.47712125471966244
ZNF428	19	1.3010299956639813
ZNF429	8	0.9542425094393249
ZNF43	21	1.3424226808222062
ZNF430	17	1.255272505103306
ZNF431	17	1.255272505103306
ZNF432	18	1.2787536009528289
ZNF433	14	1.1760912590556813
ZNF433-AS1	6	0.8450980400142568
ZNF436	30	1.4913616938342726
ZNF436-AS1	1	0.3010299956639812
ZNF438	23	1.380211241711606
ZNF439	15	1.2041199826559248
ZNF44	24	1.3979400086720377
ZNF440	22	1.3617278360175928
ZNF441	7	0.9030899869919435
ZNF442	5	0.7781512503836436
ZNF443	10	1.0413926851582251
ZNF444	26	1.4313637641589874
ZNF445	23	1.380211241711606
ZNF446	31	1.505149978319906
ZNF449	17	1.255272505103306
ZNF45	23	1.380211241711606
ZNF451	82	1.919078092376074
ZNF451-AS1	2	0.47712125471966244
ZNF454	9	1.0
ZNF460	42	1.6334684555795864
ZNF461	14	1.1760912590556813
ZNF462	77	1.8920946026904804
ZNF467	16	1.2304489213782739
ZNF468	14	1.1760912590556813
ZNF469	57	1.7634279935629373
ZNF470	14	1.1760912590556813
ZNF470-DT	1	0.3010299956639812
ZNF471	25	1.414973347970818
ZNF473	32	1.5185139398778875
ZNF473CR	2	0.47712125471966244
ZNF474	7	0.9030899869919435
ZNF479	9	1.0
ZNF48	28	1.462397997898956
ZNF480	17	1.255272505103306
ZNF483	24	1.3979400086720377
ZNF484	13	1.146128035678238
ZNF485	12	1.1139433523068367
ZNF486	10	1.0413926851582251
ZNF487	3	0.6020599913279624
ZNF488	15	1.2041199826559248
ZNF490	18	1.2787536009528289
ZNF491	11	1.0791812460476249
ZNF492	10	1.0413926851582251
ZNF493	9	1.0
ZNF496	29	1.4771212547196624
ZNF496-DT	3	0.6020599913279624
ZNF497	13	1.146128035678238
ZNF500	18	1.2787536009528289
ZNF501	15	1.2041199826559248
ZNF502	12	1.1139433523068367
ZNF503	46	1.6720978579357175
ZNF503-AS1	6	0.8450980400142568
ZNF503-AS2	6	0.8450980400142568
ZNF506	11	1.0791812460476249
ZNF507	30	1.4913616938342726
ZNF510	13	1.146128035678238
ZNF511	19	1.3010299956639813
ZNF511-PRAP1	1	0.3010299956639812
ZNF512	87	1.9444826721501687
ZNF512B	79	1.9030899869919435
ZNF513	18	1.2787536009528289
ZNF514	10	1.0413926851582251
ZNF516	58	1.7708520116421442
ZNF517	9	1.0
ZNF518A	27	1.4471580313422192
ZNF518B	21	1.3424226808222062
ZNF519	10	1.0413926851582251
ZNF521	60	1.7853298350107671
ZNF524	17	1.255272505103306
ZNF525	7	0.9030899869919435
ZNF526	17	1.255272505103306
ZNF527	8	0.9542425094393249
ZNF528	11	1.0791812460476249
ZNF528-AS1	1	0.3010299956639812
ZNF529	17	1.255272505103306
ZNF529-AS1	2	0.47712125471966244
ZNF530	7	0.9030899869919435
ZNF532	31	1.505149978319906
ZNF534	2	0.47712125471966244
ZNF536	48	1.6901960800285136
ZNF540	11	1.0791812460476249
ZNF541	12	1.1139433523068367
ZNF542P	7	0.9030899869919435
ZNF543	13	1.146128035678238
ZNF544	20	1.3222192947339193
ZNF546	10	1.0413926851582251
ZNF547	6	0.8450980400142568
ZNF548	9	1.0
ZNF549	11	1.0791812460476249
ZNF550	14	1.1760912590556813
ZNF551	10	1.0413926851582251
ZNF552	19	1.3010299956639813
ZNF554	14	1.1760912590556813
ZNF555	23	1.380211241711606
ZNF556	13	1.146128035678238
ZNF557	15	1.2041199826559248
ZNF558	18	1.2787536009528289
ZNF559	18	1.2787536009528289
ZNF559-ZNF177	10	1.0413926851582251
ZNF560	6	0.8450980400142568
ZNF561	17	1.255272505103306
ZNF561-AS1	5	0.7781512503836436
ZNF562	13	1.146128035678238
ZNF563	12	1.1139433523068367
ZNF564	15	1.2041199826559248
ZNF565	9	1.0
ZNF566	23	1.380211241711606
ZNF566-AS1	1	0.3010299956639812
ZNF567	20	1.3222192947339193
ZNF567-DT	3	0.6020599913279624
ZNF568	19	1.3010299956639813
ZNF569	20	1.3222192947339193
ZNF56P	3	0.6020599913279624
ZNF57	17	1.255272505103306
ZNF570	8	0.9542425094393249
ZNF571	16	1.2304489213782739
ZNF571-AS1	1	0.3010299956639812
ZNF572	14	1.1760912590556813
ZNF573	15	1.2041199826559248
ZNF574	51	1.7160033436347992
ZNF575	8	0.9542425094393249
ZNF576	14	1.1760912590556813
ZNF577	12	1.1139433523068367
ZNF578	7	0.9030899869919435
ZNF579	27	1.4471580313422192
ZNF580	35	1.5563025007672873
ZNF581	26	1.4313637641589874
ZNF582	36	1.568201724066995
ZNF582-DT	1	0.3010299956639812
ZNF583	9	1.0
ZNF584	15	1.2041199826559248
ZNF585A	9	1.0
ZNF585B	11	1.0791812460476249
ZNF586	10	1.0413926851582251
ZNF587	19	1.3010299956639813
ZNF587B	13	1.146128035678238
ZNF589	27	1.4471580313422192
ZNF592	68	1.8388490907372552
ZNF593	49	1.6989700043360187
ZNF593OS	1	0.3010299956639812
ZNF594	14	1.1760912590556813
ZNF594-DT	3	0.6020599913279624
ZNF595	16	1.2304489213782739
ZNF596	11	1.0791812460476249
ZNF597	25	1.414973347970818
ZNF598	126	2.103803720955957
ZNF599	9	1.0
ZNF600	10	1.0413926851582251
ZNF605	7	0.9030899869919435
ZNF606	16	1.2304489213782739
ZNF606-AS1	1	0.3010299956639812
ZNF607	19	1.3010299956639813
ZNF608	45	1.662757831681574
ZNF609	81	1.9138138523837167
ZNF610	12	1.1139433523068367
ZNF611	15	1.2041199826559248
ZNF613	9	1.0
ZNF614	15	1.2041199826559248
ZNF615	11	1.0791812460476249
ZNF616	12	1.1139433523068367
ZNF618	25	1.414973347970818
ZNF619	7	0.9030899869919435
ZNF620	15	1.2041199826559248
ZNF621	10	1.0413926851582251
ZNF622	89	1.954242509439325
ZNF623	14	1.1760912590556813
ZNF624	19	1.3010299956639813
ZNF625	12	1.1139433523068367
ZNF625-ZNF20	2	0.47712125471966244
ZNF626	8	0.9542425094393249
ZNF627	20	1.3222192947339193
ZNF628	16	1.2304489213782739
ZNF629	52	1.724275869600789
ZNF630	6	0.8450980400142568
ZNF630-AS1	1	0.3010299956639812
ZNF638	148	2.173186268412274
ZNF639	29	1.4771212547196624
ZNF641	17	1.255272505103306
ZNF644	78	1.8976270912904414
ZNF646	27	1.4471580313422192
ZNF648	13	1.146128035678238
ZNF649	30	1.4913616938342726
ZNF649-AS1	1	0.3010299956639812
ZNF652	35	1.5563025007672873
ZNF652-AS1	4	0.6989700043360189
ZNF652P1	1	0.3010299956639812
ZNF653	12	1.1139433523068367
ZNF654	7	0.9030899869919435
ZNF655	48	1.6901960800285136
ZNF658	20	1.3222192947339193
ZNF658B	10	1.0413926851582251
ZNF66	10	1.0413926851582251
ZNF660	10	1.0413926851582251
ZNF662	10	1.0413926851582251
ZNF663P	3	0.6020599913279624
ZNF664	31	1.505149978319906
ZNF665	7	0.9030899869919435
ZNF667	21	1.3424226808222062
ZNF667-AS1	18	1.2787536009528289
ZNF668	33	1.5314789170422551
ZNF669	11	1.0791812460476249
ZNF670	25	1.414973347970818
ZNF670-ZNF695	2	0.47712125471966244
ZNF671	23	1.380211241711606
ZNF672	10	1.0413926851582251
ZNF674	11	1.0791812460476249
ZNF674-AS1	7	0.9030899869919435
ZNF675	14	1.1760912590556813
ZNF676	7	0.9030899869919435
ZNF677	16	1.2304489213782739
ZNF678	13	1.146128035678238
ZNF679	10	1.0413926851582251
ZNF680	16	1.2304489213782739
ZNF681	6	0.8450980400142568
ZNF682	10	1.0413926851582251
ZNF683	13	1.146128035678238
ZNF684	13	1.146128035678238
ZNF687	87	1.9444826721501687
ZNF687-AS1	1	0.3010299956639812
ZNF688	18	1.2787536009528289
ZNF689	25	1.414973347970818
ZNF69	14	1.1760912590556813
ZNF691	22	1.3617278360175928
ZNF692	26	1.4313637641589874
ZNF695	16	1.2304489213782739
ZNF696	15	1.2041199826559248
ZNF697	10	1.0413926851582251
ZNF699	15	1.2041199826559248
ZNF7	28	1.462397997898956
ZNF70	18	1.2787536009528289
ZNF700	6	0.8450980400142568
ZNF701	15	1.2041199826559248
ZNF702P	5	0.7781512503836436
ZNF703	93	1.9731278535996986
ZNF704	17	1.255272505103306
ZNF705A	4	0.6989700043360189
ZNF705B	3	0.6020599913279624
ZNF705CP	1	0.3010299956639812
ZNF705D	4	0.6989700043360189
ZNF705EP	2	0.47712125471966244
ZNF705G	5	0.7781512503836436
ZNF706	19	1.3010299956639813
ZNF707	21	1.3424226808222062
ZNF708	13	1.146128035678238
ZNF709	8	0.9542425094393249
ZNF71	25	1.414973347970818
ZNF710	9	1.0
ZNF710-AS1	1	0.3010299956639812
ZNF711	46	1.6720978579357175
ZNF713	14	1.1760912590556813
ZNF714	22	1.3617278360175928
ZNF716	8	0.9542425094393249
ZNF717	11	1.0791812460476249
ZNF718	13	1.146128035678238
ZNF721	14	1.1760912590556813
ZNF722	2	0.47712125471966244
ZNF723	4	0.6989700043360189
ZNF724	15	1.2041199826559248
ZNF725P	1	0.3010299956639812
ZNF726	12	1.1139433523068367
ZNF726P1	3	0.6020599913279624
ZNF727	10	1.0413926851582251
ZNF728	8	0.9542425094393249
ZNF729	6	0.8450980400142568
ZNF72AP	1	0.3010299956639812
ZNF730	5	0.7781512503836436
ZNF732	10	1.0413926851582251
ZNF733P	2	0.47712125471966244
ZNF734P	1	0.3010299956639812
ZNF735	8	0.9542425094393249
ZNF736	8	0.9542425094393249
ZNF736P3Y	2	0.47712125471966244
ZNF737	9	1.0
ZNF738	9	1.0
ZNF73P	2	0.47712125471966244
ZNF74	26	1.4313637641589874
ZNF740	28	1.462397997898956
ZNF746	48	1.6901960800285136
ZNF747	21	1.3424226808222062
ZNF747-DT	1	0.3010299956639812
ZNF749	10	1.0413926851582251
ZNF750	67	1.8325089127062364
ZNF75A	13	1.146128035678238
ZNF75BP	1	0.3010299956639812
ZNF75CP	3	0.6020599913279624
ZNF75D	13	1.146128035678238
ZNF76	33	1.5314789170422551
ZNF761	11	1.0791812460476249
ZNF763	13	1.146128035678238
ZNF764	20	1.3222192947339193
ZNF765	12	1.1139433523068367
ZNF766	14	1.1760912590556813
ZNF767P	16	1.2304489213782739
ZNF768	60	1.7853298350107671
ZNF77	21	1.3424226808222062
ZNF770	24	1.3979400086720377
ZNF771	20	1.3222192947339193
ZNF772	10	1.0413926851582251
ZNF773	12	1.1139433523068367
ZNF774	15	1.2041199826559248
ZNF775	14	1.1760912590556813
ZNF776	18	1.2787536009528289
ZNF777	17	1.255272505103306
ZNF778	19	1.3010299956639813
ZNF780A	17	1.255272505103306
ZNF780B	7	0.9030899869919435
ZNF781	4	0.6989700043360189
ZNF782	9	1.0
ZNF783	15	1.2041199826559248
ZNF784	14	1.1760912590556813
ZNF785	16	1.2304489213782739
ZNF786	17	1.255272505103306
ZNF787	37	1.5797835966168101
ZNF788P	6	0.8450980400142568
ZNF789	12	1.1139433523068367
ZNF79	19	1.3010299956639813
ZNF790	6	0.8450980400142568
ZNF790-AS1	1	0.3010299956639812
ZNF791	13	1.146128035678238
ZNF792	16	1.2304489213782739
ZNF793	12	1.1139433523068367
ZNF793-AS1	1	0.3010299956639812
ZNF799	7	0.9030899869919435
ZNF8	40	1.6127838567197355
ZNF8-DT	1	0.3010299956639812
ZNF80	9	1.0
ZNF800	27	1.4471580313422192
ZNF804A	173	2.2405492482826
ZNF804B	20	1.3222192947339193
ZNF805	10	1.0413926851582251
ZNF807P	1	0.3010299956639812
ZNF808	20	1.3222192947339193
ZNF81	20	1.3222192947339193
ZNF813	14	1.1760912590556813
ZNF814	8	0.9542425094393249
ZNF815P	2	0.47712125471966244
ZNF816	8	0.9542425094393249
ZNF816-ZNF321P	6	0.8450980400142568
ZNF818P	4	0.6989700043360189
ZNF821	18	1.2787536009528289
ZNF823	8	0.9542425094393249
ZNF826P	7	0.9030899869919435
ZNF827	33	1.5314789170422551
ZNF829	18	1.2787536009528289
ZNF83	22	1.3617278360175928
ZNF830	43	1.6434526764861874
ZNF831	17	1.255272505103306
ZNF833P	4	0.6989700043360189
ZNF835	4	0.6989700043360189
ZNF836	8	0.9542425094393249
ZNF837	5	0.7781512503836436
ZNF839	16	1.2304489213782739
ZNF839P2	1	0.3010299956639812
ZNF839P4	3	0.6020599913279624
ZNF84	27	1.4471580313422192
ZNF84-DT	1	0.3010299956639812
ZNF840P	4	0.6989700043360189
ZNF841	12	1.1139433523068367
ZNF843	6	0.8450980400142568
ZNF844	8	0.9542425094393249
ZNF845	17	1.255272505103306
ZNF846	9	1.0
ZNF847P	1	0.3010299956639812
ZNF85	26	1.4313637641589874
ZNF850	9	1.0
ZNF850-DT	3	0.6020599913279624
ZNF852	8	0.9542425094393249
ZNF853	7	0.9030899869919435
ZNF860	8	0.9542425094393249
ZNF861P	3	0.6020599913279624
ZNF862	10	1.0413926851582251
ZNF865	14	1.1760912590556813
ZNF875	18	1.2787536009528289
ZNF876P	5	0.7781512503836436
ZNF878	7	0.9030899869919435
ZNF879	11	1.0791812460476249
ZNF880	9	1.0
ZNF883	4	0.6989700043360189
ZNF888	7	0.9030899869919435
ZNF890P	2	0.47712125471966244
ZNF891	11	1.0791812460476249
ZNF892	2	0.47712125471966244
ZNF90	12	1.1139433523068367
ZNF90P1	1	0.3010299956639812
ZNF91	35	1.5563025007672873
ZNF92	27	1.4471580313422192
ZNF93	23	1.380211241711606
ZNF962P	1	0.3010299956639812
ZNF98	11	1.0791812460476249
ZNF99	10	1.0413926851582251
ZNFX1	54	1.7403626894942439
ZNG1A	36	1.568201724066995
ZNG1B	30	1.4913616938342726
ZNG1C	20	1.3222192947339193
ZNG1DP	2	0.47712125471966244
ZNG1E	22	1.3617278360175928
ZNG1F	15	1.2041199826559248
ZNHIT1	43	1.6434526764861874
ZNHIT2	43	1.6434526764861874
ZNHIT3	43	1.6434526764861874
ZNHIT6	51	1.7160033436347992
ZNNT1	2	0.47712125471966244
ZNRD2	62	1.7993405494535817
ZNRD2-DT	4	0.6989700043360189
ZNRF1	45	1.662757831681574
ZNRF2	36	1.568201724066995
ZNRF2P1	5	0.7781512503836436
ZNRF2P2	2	0.47712125471966244
ZNRF3	98	1.99563519459755
ZNRF3-AS1	2	0.47712125471966244
ZNRF4	16	1.2304489213782739
ZP1	37	1.5797835966168101
ZP2	118	2.0755469613925306
ZP3	220	2.3443922736851106
ZP3RP	3	0.6020599913279624
ZP4	51	1.7160033436347992
ZPAXP	2	0.47712125471966244
ZPBP	20	1.3222192947339193
ZPBP2	38	1.591064607026499
ZPLD1	13	1.146128035678238
ZPLD2P	1	0.3010299956639812
ZPR1	98	1.99563519459755
ZRANB1	53	1.7323937598229686
ZRANB2	149	2.1760912590556813
ZRANB2-AS1	1	0.3010299956639812
ZRANB2-DT	2	0.47712125471966244
ZRANB3	55	1.7481880270062005
ZRSR2	54	1.7403626894942439
ZRSR2P1	20	1.3222192947339193
ZSCAN1	20	1.3222192947339193
ZSCAN10	16	1.2304489213782739
ZSCAN12	22	1.3617278360175928
ZSCAN12P1	2	0.47712125471966244
ZSCAN16	26	1.4313637641589874
ZSCAN16-AS1	4	0.6989700043360189
ZSCAN18	33	1.5314789170422551
ZSCAN2	18	1.2787536009528289
ZSCAN20	19	1.3010299956639813
ZSCAN21	37	1.5797835966168101
ZSCAN22	21	1.3424226808222062
ZSCAN23	17	1.255272505103306
ZSCAN25	23	1.380211241711606
ZSCAN26	38	1.591064607026499
ZSCAN29	20	1.3222192947339193
ZSCAN30	14	1.1760912590556813
ZSCAN31	20	1.3222192947339193
ZSCAN32	18	1.2787536009528289
ZSCAN4	27	1.4471580313422192
ZSCAN5A	21	1.3424226808222062
ZSCAN5B	8	0.9542425094393249
ZSCAN5C	3	0.6020599913279624
ZSCAN5DP	5	0.7781512503836436
ZSCAN9	23	1.380211241711606
ZSWIM1	9	1.0
ZSWIM2	13	1.146128035678238
ZSWIM3	11	1.0791812460476249
ZSWIM4	12	1.1139433523068367
ZSWIM5	13	1.146128035678238
ZSWIM6	28	1.462397997898956
ZSWIM7	24	1.3979400086720377
ZSWIM8	53	1.7323937598229686
ZSWIM9	16	1.2304489213782739
ZUP1	26	1.4313637641589874
ZW10	126	2.103803720955957
ZWILCH	35	1.5563025007672873
ZWINT	104	2.0211892990699383
ZXDA	16	1.2304489213782739
ZXDB	11	1.0791812460476249
ZXDC	45	1.662757831681574
ZYG11A	24	1.3979400086720377
ZYG11B	45	1.662757831681574
ZYX	278	2.4456042032735974
ZZEF1	48	1.6901960800285136
ZZZ3	66	1.8260748027008264
