gene	repeat	fold	y
A2M	0	0	0
ABRAXAS2	0	0	0
ACAN	0	0	0
ACTG2	0	0	0
ADAM21	0	0	0
ADAMTS5	0	0	0
ADCYAP1	0	0	0
ADD2	0	0	0
ADD3	0	0	0
ADORA2A	0	0	0
AGER	0	0	0
AGO3	0	0	0
AGT	0	0	0
AGTR2	0	0	0
AHCYL1	0	0	0
AKAP5	0	0	0
ALB	0	0	0
ALKAL1	0	0	0
ALOX5AP	0	0	0
AMOT	0	0	0
ANK1	0	0	0
ANKFY1	0	0	0
ANKRD28	0	0	0
ANOS1	0	0	0
ANXA1	0	0	0
ANXA2	0	0	0
AP1G2	0	0	0
AP1M1	0	0	0
AP1S2	0	0	0
AP2A1	0	0	0
AP4M1	0	0	0
APH1B	0	0	0
APOE	0	0	0
APP	0	0	0
ARAF	0	0	0
ARC	0	0	0
ARHGAP10	0	0	0
ARHGDIA	0	0	0
ARHGDIG	0	0	0
ARHGEF1	0	0	0
ARHGEF11	0	0	0
ARHGEF28	0	0	0
ARHGEF7	0	0	0
ARL2BP	0	0	0
ARNT2	0	0	0
ARPP19	0	0	0
ARRB1	0	0	0
ATF5	0	0	0
ATG10	0	0	0
ATP1A4	0	0	0
ATP6AP2	0	0	0
ATP6V1H	0	0	0
ATRX	0	0	0
ATXN3	0	0	0
BAG6	0	0	0
BAMBI	0	0	0
BAP1	0	0	0
BAX	0	0	0
BCKDK	0	0	0
BDKRB1	0	0	0
BDP1	0	0	0
BET1L	0	0	0
BICRA	0	0	0
BICRAL	0	0	0
BMAL2	0	0	0
BMPR1A	0	0	0
BNIP2	0	0	0
BORA	0	0	0
BRD7	0	0	0
BRF2	0	0	0
BRWD1	0	0	0
BTK	0	0	0
C1D	0	0	0
C1QC	0	0	0
C1R	0	0	0
C5AR1	0	0	0
C9	0	0	0
CABLES1	0	0	0
CACNA1E	0	0	0
CACNG3	0	0	0
CACNG8	0	0	0
CADM2	0	0	0
CADM3	0	0	0
CALCR	0	0	0
CALM2	0	0	0
CAND1	0	0	0
CAPZA2	0	0	0
CAPZB	0	0	0
CARM1	0	0	0
CASP10	0	0	0
CASP2	0	0	0
CASP4	0	0	0
CASTOR1	0	0	0
CASTOR2	0	0	0
CCDC22	0	0	0
CCDC88C	0	0	0
CCL1	0	0	0
CCNB1	0	0	0
CCNB2	0	0	0
CCND3	0	0	0
CCNE1	0	0	0
CCNE2	0	0	0
CCNH	0	0	0
CCNK	0	0	0
CD163	0	0	0
CD209	0	0	0
CD34	0	0	0
CD3G	0	0	0
CD40	0	0	0
CD46	0	0	0
CD47	0	0	0
CD72	0	0	0
CD79B	0	0	0
CD96	0	0	0
CDC14A	0	0	0
CDC20	0	0	0
CDC25A	0	0	0
CDC37	0	0	0
CDC6	0	0	0
CDH1	0	0	0
CDK8	0	0	0
CDK9	0	0	0
CDON	0	0	0
CEBPG	0	0	0
CFB	0	0	0
CFC1	0	0	0
CFHR1	0	0	0
CFHR2	0	0	0
CHD3	0	0	0
CHD6	0	0	0
CHD7	0	0	1
CHD8	0	0	0
CHST10	0	0	0
CISH	0	0	0
CLEC4E	0	0	0
CLEC6A	0	0	0
CLOCK	0	0	0
CLTCL1	0	0	0
CMA1	0	0	0
CNGA4	0	0	0
CNGB1	0	0	0
CNTF	0	0	0
COL1A1	0	0	0
COL3A1	0	0	0
COP1	0	0	0
COPE	0	0	0
COPZ1	0	0	0
COX17	0	0	0
COX20	0	0	0
CREB3L3	0	0	0
CREBBP	0	0	0
CREBRF	0	0	0
CRK	0	0	0
CRKL	0	0	0
CRLF2	0	0	0
CSF1	0	0	0
CSF2RB	0	0	0
CSH1	0	0	0
CSTF1	0	0	0
CSTF3	0	0	0
CTSG	0	0	0
CTSK	0	0	0
CTTN	0	0	0
CUX1	0	0	0
CXCL12	0	0	0
CYB5R2	0	0	0
CYCS	0	0	0
DAB2	0	0	0
DAPK1	0	0	0
DAPP1	0	0	0
DAXX	0	0	0
DBF4	0	0	0
DCP2	0	0	0
DCTN5	0	0	0
DENND4B	0	0	0
DENND4C	0	0	0
DERL2	0	0	0
DFFA	0	0	0
DHTKD1	0	0	0
DHX9	0	0	0
DIAPH2	0	0	0
DLAT	0	0	0
DLD	0	0	0
DLGAP4	0	0	0
DNAJC2	0	0	0
DNMT1	0	0	0
DNMT3B	0	0	0
DOCK1	0	0	0
DOCK8	0	0	0
DOK1	0	0	0
DPF1	0	0	0
DPH3	0	0	0
DPH5	0	0	0
DSCAM	0	0	0
DSCAML1	0	0	0
DUSP6	0	0	0
DYNC1I2	0	0	0
DYRK2	0	0	0
E2F4	0	0	0
EEF1B2	0	0	0
EEF1G	0	0	0
EEF2KMT	0	0	0
EIF2AK1	0	0	0
EIF2AK2	0	0	0
EIF2AK4	0	0	0
EIF4A1	0	0	0
EIF4B	0	0	0
EIF4E2	0	0	0
EIF4G1	0	0	0
EIF4H	0	0	0
ELAVL1	0	0	0
EMD	0	0	0
EME1	0	0	0
EML4	0	0	0
EOMES	0	0	0
EPB41L3	0	0	0
EPB41L5	0	0	0
EPRS1	0	0	0
EPS15	0	0	0
ERBB2	0	0	0
ERCC4	0	0	0
ERLIN2	0	0	0
ESR1	0	0	0
ETV6	0	0	0
EVC2	0	0	0
EZH2	0	0	0
F10	0	0	0
F13A1	0	0	0
F2	0	0	0
F2R	0	0	0
F5	0	0	0
F7	0	0	0
FAM124B	0	0	0
FAS	0	0	0
FBXL21P	0	0	0
FCGR2A	0	0	0
FCN2	0	0	0
FER	0	0	0
FERMT2	0	0	0
FGF19	0	0	0
FGF7	0	0	0
FIRRM	0	0	0
FKBP1A	0	0	0
FKBP6	0	0	0
FLNA	0	0	0
FLOT2	0	0	0
FLRT3	0	0	0
FLT3	0	0	0
FMNL3	0	0	0
FOXD3	0	0	0
FOXK2	0	0	0
FOXO4	0	0	0
FOXP3	0	0	0
FPR3	0	0	0
FYB1	0	0	0
GAA	0	0	0
GAB2	0	0	0
GABRG3	0	0	0
GALNT2	0	0	0
GAPVD1	0	0	0
GAS6	0	0	0
GATAD2A	0	0	0
GBA1	0	0	0
GCC2	0	0	0
GDF1	0	0	0
GDI1	0	0	0
GET3	0	0	0
GET4	0	0	0
GGA1	0	0	0
GH1	0	0	0
GID4	0	0	0
GINS2	0	0	0
GLB1	0	0	0
GLI2	0	0	0
GLRA3	0	0	0
GLUD1	0	0	0
GNA13	0	0	0
GNB3	0	0	0
GNB4	0	0	0
GNGT1	0	0	0
GOLIM4	0	0	0
GPIHBP1	0	0	0
GRIK1	0	0	0
GRIK3	0	0	0
GRIK4	0	0	0
GRIN1	0	0	0
GRIN3B	0	0	0
GRK1	0	0	0
GRK2	0	0	0
GRK4	0	0	0
GSN	0	0	0
GTF3A	0	0	0
GYS2	0	0	0
GZMB	0	0	0
H2AX	0	0	0
H2BC21	0	0	0
H2BC26	0	0	0
HAPLN1	0	0	0
HAT1	0	0	0
HBB	0	0	0
HCFC2	0	0	0
HCST	0	0	0
HIC1	0	0	0
HIPK1	0	0	0
HLA-C	0	0	1
HLA-DPA1	0	0	0
HLA-DQA1	0	0	1
HLA-DQA2	0	0	0
HNRNPA1	0	0	0
HNRNPK	0	0	0
HOMER1	0	0	0
HPN	0	0	0
HRG	0	0	0
HSF1	0	0	0
IBSP	0	0	0
ID1	0	0	0
IFI44L	0	0	0
IFI6	0	0	0
IFNL3	0	0	0
IFNLR1	0	0	0
IGHA1	0	0	0
IGLL1	0	0	0
IKBIP	0	0	0
IKBKG	0	0	0
IL11	0	0	0
IL12RB1	0	0	0
IL13	0	0	0
IL15	0	0	0
IL18RAP	0	0	0
IL1A	0	0	0
IL1R1	0	0	0
IL1R2	0	0	0
IL1RAPL1	0	0	0
IL1RAPL2	0	0	0
IL22RA2	0	0	0
IL23R	0	0	0
IL27	0	0	0
IL27RA	0	0	0
IL2RA	0	0	0
IL3	0	0	0
IL38	0	0	0
IL3RA	0	0	0
IL4R	0	0	0
IL6	0	0	0
IL6ST	0	0	0
IL9	0	0	0
ILF2	0	0	0
INHA	0	0	0
INSIG1	0	0	0
IRF4	0	0	0
ISG15	0	0	0
ITGAD	0	0	0
JAG1	0	0	0
JAG2	0	0	0
JAK2	0	0	0
JMY	0	0	0
JUND	0	0	0
KAT5	0	0	0
KCNJ4	0	0	0
KCNJ6	0	0	0
KCNMB3	0	0	0
KDM4B	0	0	0
KDM4C	0	0	0
KEAP1	0	0	0
KIF23	0	0	0
KIF3B	0	0	0
KIF3C	0	0	0
KIR2DL1	0	0	0
KIR2DL2	0	0	0
KIR2DS4	0	0	0
KL	0	0	0
KLC2	0	0	0
KLK12	0	0	0
KMT2A	0	0	0
KMT2D	0	0	0
KNL1	0	0	1
KREMEN2	0	0	0
KRT1	0	0	0
KRT14	0	0	0
KTN1	0	0	0
LAG3	0	0	0
LAMA4	0	0	0
LAMTOR3	0	0	0
LARGE1	0	0	0
LCAT	0	0	0
LDLRAP1	0	0	0
LIAS	0	0	0
LIG1	0	0	0
LIG4	0	0	0
LILRA1	0	0	0
LILRB2	0	0	0
LIMS2	0	0	0
LIN7C	0	0	0
LPCAT1	0	0	0
LPL	0	0	0
LRFN1	0	0	0
LRP6	0	0	0
LTB	0	0	0
LTBP3	0	0	0
LY96	0	0	0
LYL1	0	0	0
LYVE1	0	0	0
MAD2L2	0	0	0
MAFF	0	0	0
MAG	0	0	0
MAP2K1	0	0	0
MAP2K2	0	0	0
MAP2K5	0	0	0
MAPK12	0	0	0
MAPK7	0	0	0
MAU2	0	0	0
MBD1	0	0	0
MBD2	0	0	0
MBOAT4	0	0	0
MCM10	0	0	0
MCM5	0	0	0
MCM8	0	0	0
MEF2A	0	0	0
MEF2B	0	0	0
MEF2C	0	0	0
MEFV	0	0	0
MERTK	0	0	0
METAP1	0	0	0
METAP2	0	0	0
METTL21A	0	0	0
METTL23	0	0	0
MGAT5B	0	0	0
MIF	0	0	0
MLEC	0	0	0
MLST8	0	0	0
MME	0	0	0
MMP14	0	0	0
MMP2	0	0	0
MPHOSPH6	0	0	0
MPST	0	0	0
MSI2	0	0	0
MST1R	0	0	0
MT-CO2	0	0	0
MTRFR	0	0	0
MUSK	0	0	0
MYBL2	0	0	0
MYC	0	0	0
MYH10	0	0	0
MYL6	0	0	0
MYOG	0	0	0
NBAS	0	0	0
NCF4	0	0	0
NCOR2	0	0	0
NCR1	0	0	0
NCR3	0	0	0
NEDD4L	0	0	0
NEK2	0	0	0
NEK6	0	0	0
NEK9	0	0	0
NELFCD	0	0	0
NEU1	0	0	0
NFASC	0	0	0
NFKBIA	0	0	0
NFKBIE	0	0	0
NID2	0	0	0
NIPBL	0	0	0
NOD1	0	0	0
NOTCH1	0	0	0
NOTUM	0	0	0
NOX4	0	0	0
NPAS4	0	0	0
NPHS2	0	0	0
NPRL2	0	0	0
NPTN	0	0	0
NR2F2	0	0	0
NRAS	0	0	0
NRGN	0	0	0
NSL1	0	0	0
NUAK1	0	0	0
NUDT21	0	0	0
NXT1	0	0	0
OGDH	0	0	0
OMA1	0	0	0
OPTC	0	0	0
ORC2	0	0	0
OS9	0	0	0
P4HA2	0	0	0
PABPC1	0	0	0
PABPN1	0	0	0
PAFAH1B3	0	0	0
PAGR1	0	0	0
PAK2	0	0	0
PAK3	0	0	0
PAPPA	0	0	0
PAX5	0	0	0
PCSK5	0	0	0
PDE6A	0	0	0
PDGFB	0	0	0
PDPN	0	0	0
PEBP1	0	0	0
PELI2	0	0	0
PELO	0	0	0
PEX26	0	0	0
PGAP1	0	0	0
PHF19	0	0	0
PHF6	0	0	0
PIAS1	0	0	0
PIAS4	0	0	0
PIK3R1	0	0	0
PIM1	0	0	0
PIP4K2A	0	0	0
PIP5K1C	0	0	0
PITPNA	0	0	0
PKN2	0	0	0
PKP1	0	0	0
PLG	0	0	0
PLIN3	0	0	0
PLXNA2	0	0	0
PLXNA4	0	0	0
PODXL2	0	0	0
POLB	0	0	0
POLD4	0	0	0
POLDIP3	0	0	0
POLM	0	0	0
POLRMT	0	0	0
POMC	0	0	0
POMT1	0	0	0
POMT2	0	0	0
POU4F1	0	0	0
POU4F2	0	0	0
PPFIA2	0	0	0
PPFIBP2	0	0	0
PPIL2	0	0	0
PPM1A	0	0	0
PPM1D	0	0	0
PPP1R13B	0	0	0
PPP1R13L	0	0	0
PPP2CA	0	0	0
PPP2CB	0	0	0
PPP2R2A	0	0	0
PPP4R2	0	0	0
PPP5C	0	0	0
PPP6C	0	0	0
PRC1	0	0	0
PRCP	0	0	0
PRDM1	0	0	0
PRDX1	0	0	0
PRIM1	0	0	0
PRKAR1B	0	0	0
PRKAR2A	0	0	0
PRKCA	0	0	0
PRKCD	0	0	0
PRKG2	0	0	0
PRKN	0	0	0
PRMT1	0	0	0
PRMT6	0	0	0
PRSS2	0	0	0
PSAP	0	0	0
PSEN1	0	0	0
PSMC5	0	0	0
PSMD13	0	0	0
PSMD3	0	0	0
PSMD7	0	0	0
PTCH1	0	0	0
PTK2	0	0	0
PTP4A2	0	0	0
PTPN1	0	0	0
PTPN2	0	0	0
PTPN22	0	0	0
PTPN3	0	0	1
PYGO2	0	0	0
RAB11FIP2	0	0	0
RAB12	0	0	0
RAB3GAP1	0	0	0
RAB8A	0	0	0
RACGAP1	0	0	0
RAD51	0	0	0
RAD51B	0	0	0
RAD51C	0	0	0
RALB	0	0	0
RANBP9	0	0	0
RARA	0	0	0
RARG	0	0	0
RASGRP2	0	0	0
RB1CC1	0	0	0
RBM7	0	0	0
RCCD1	0	0	0
REL	0	0	0
RELA	0	0	0
REPS2	0	0	0
REST	0	0	0
REV1	0	0	0
RGL1	0	0	0
RGMA	0	0	0
RGS9	0	0	0
RHOA	0	0	0
RHOJ	0	0	0
RIGI	0	0	0
RILP	0	0	0
RIPK1	0	0	0
RIT2	0	0	0
RND1	0	0	0
RNF128	0	0	0
RNF152	0	0	0
RNF181	0	0	0
RNF31	0	0	0
RNPS1	0	0	0
RORA	0	0	0
RPA1	0	0	0
RRAGA	0	0	0
RRAGC	0	0	0
RRAGD	0	0	0
RRAS	0	0	0
RRM2	0	0	0
RRN3	0	0	0
RSF1	0	0	0
RSPO1	0	0	0
RTKN	0	0	0
RTN4R	0	0	0
RUNX3	0	0	0
RUVBL1	0	0	0
S100A10	0	0	0
S100A8	0	0	0
SAV1	0	0	0
SCN1B	0	0	0
SCN5A	0	0	0
SCRIB	0	0	0
SCUBE3	0	0	0
SDC1	0	0	0
SEC22B	0	0	0
SEC23IP	0	0	0
SEC24B	0	0	0
SELL	0	0	0
SEM1	0	0	0
SEMA3A	0	0	0
SEPTIN4	0	0	0
SERPINB1	0	0	0
SERPINE1	0	0	0
SESN1	0	0	0
SESN2	0	0	0
SETD1B	0	0	0
SETDB1	0	0	0
SGCB	0	0	0
SGCE	0	0	0
SGK2	0	0	0
SGO1	0	0	0
SH3KBP1	0	0	0
SHANK1	0	0	0
SHANK2	0	0	0
SHC3	0	0	0
SHOC2	0	0	0
SIGIRR	0	0	0
SIGLEC15	0	0	0
SIN3A	0	0	0
SKI	0	0	0
SKIC2	0	0	0
SKIC3	0	0	0
SMARCC1	0	0	0
SMARCE1	0	0	0
SMPD2	0	0	0
SOD2	0	0	0
SPOP	0	0	0
SPRED2	0	0	0
SQSTM1	0	0	0
SREBF1	0	0	0
SREBF2	0	0	0
SSRP1	0	0	0
ST14	0	0	0
STAP2	0	0	0
STIM1	0	0	0
STK26	0	0	0
STN1	0	0	0
STPG4	0	0	0
STRADA	0	0	0
STRADB	0	0	0
STX4	0	0	0
SUZ12	0	0	0
SYK	0	0	0
SYT2	0	0	0
SYVN1	0	0	0
TAB1	0	0	0
TAB2	0	0	0
TANK	0	0	0
TAP2	0	0	0
TARBP2	0	0	0
TBC1D1	0	0	0
TBC1D10A	0	0	0
TBP	0	0	0
TCF7	0	0	0
TEK	0	0	0
TET3	0	0	0
TFAP2A	0	0	0
TFAP2B	0	0	0
TGFB2	0	0	0
TGFBR1	0	0	0
TGFBR2	0	0	0
THBS1	0	0	0
THBS2	0	0	0
THBS3	0	0	0
TICRR	0	0	0
TIMELESS	0	0	0
TIMP2	0	0	0
TJP1	0	0	0
TLE5	0	0	0
TLL2	0	0	0
TLN1	0	0	0
TLR1	0	0	0
TLR7	0	0	0
TMED9	0	0	0
TMEM177	0	0	0
TMEM258	0	0	0
TNFAIP3	0	0	0
TNFRSF11B	0	0	0
TNFRSF13B	0	0	0
TNFRSF14	0	0	0
TNFSF10	0	0	0
TNFSF12	0	0	0
TNIP3	0	0	0
TNK2	0	0	0
TNKS2	0	0	0
TNNI1	0	0	0
TNRC6B	0	0	0
TNRC6C	0	0	0
TOMM20	0	0	0
TOP2A	0	0	0
TOP3A	0	0	0
TOR1A	0	0	0
TRAC	0	0	0
TRADD	0	0	0
TRAF3	0	0	0
TRAF6	0	0	0
TRBC1	0	0	0
TRIM32	0	0	0
TRIM4	0	0	0
TRPC5	0	0	0
TRPV4	0	0	0
TSC2	0	0	0
TSNAX	0	0	0
TXLNA	0	0	0
TXN2	0	0	0
TXNIP	0	0	0
TYROBP	0	0	0
UBAP1	0	0	0
UBC	0	0	0
UBE2D3	0	0	0
UFD1	0	0	0
UHMK1	0	0	0
UHRF1	0	0	0
UIMC1	0	0	0
ULK3	0	0	0
UQCC2	0	0	0
UQCC3	0	0	0
UQCC6	0	0	0
UQCRB	0	0	0
USO1	0	0	0
USP12	0	0	0
USP17L2	0	0	0
USP2	0	0	0
USP21	0	0	0
USP42	0	0	0
USP9X	0	0	0
VAMP3	0	0	0
VANGL2	0	0	0
VCP	0	0	0
VCPIP1	0	0	0
VCPKMT	0	0	0
VDR	0	0	0
VPREB1	0	0	0
VPS25	0	0	0
VPS26A	0	0	0
VPS37B	0	0	0
VPS37C	0	0	0
VRK1	0	0	0
VRK3	0	0	0
VWF	0	0	0
WDR18	0	0	0
WDR20	0	0	0
WDR26	0	0	0
WDR77	0	0	0
WEE1	0	0	0
WIF1	0	0	0
WIPF3	0	0	0
WWP1	0	0	0
XPA	0	0	0
XPO1	0	0	0
XRCC1	0	0	0
XRCC3	0	0	0
XRCC6	0	0	0
YWHAZ	0	0	0
ZC3H18	0	0	0
ZDHHC21	0	0	0
ZDHHC7	0	0	0
ZFP36	0	0	0
ZNF217	0	0	0
ZNF687	0	0	0
ZWINT	0	0	0
ABCF1	0	1	0
ABL2	0	1	0
ABRAXAS1	0	1	0
ACBD3	0	1	0
ACE	0	1	0
ACTA1	0	1	0
ACTL6B	0	1	0
ACTN3	0	1	0
ACVR2A	0	1	0
ADAM11	0	1	0
ADAM2	0	1	0
ADAM30	0	1	0
ADCY1	0	1	0
ADCY3	0	1	0
ADORA2B	0	1	0
ADRA1A	0	1	0
AGFG1	0	1	0
AGO2	0	1	0
AGPS	0	1	0
AHRR	0	1	0
AICDA	0	1	0
AIM2	0	1	0
AKAP10	0	1	0
AKT3	0	1	0
ALOX5	0	1	0
ALYREF	0	1	0
AMBRA1	0	1	0
AMT	0	1	0
ANGPT4	0	1	0
ANK3	0	1	0
AP1S1	0	1	0
AP1S3	0	1	0
AP2A2	0	1	0
APEX1	0	1	0
APH1A	0	1	0
APOA1	0	1	0
AQP2	0	1	0
AR	0	1	0
ARF1	0	1	0
ARFGAP1	0	1	0
ARID2	0	1	0
ARL13B	0	1	0
ARNT	0	1	1
ASAP1	0	1	0
ATAD2	0	1	0
ATF1	0	1	0
ATF4	0	1	0
ATF7IP	0	1	0
AVPR2	0	1	0
AXIN2	0	1	0
B3GALNT2	0	1	0
B3GNT3	0	1	0
B4GALT1	0	1	0
BABAM2	0	1	0
BAG4	0	1	0
BAZ1B	0	1	0
BBC3	0	1	0
BCAP31	0	1	0
BCL10	0	1	0
BCL2L1	0	1	0
BDKRB2	0	1	0
BEGAIN	0	1	0
BEX3	0	1	0
BID	0	1	0
BLK	0	1	0
BLNK	0	1	0
BMAL1	0	1	0
BMF	0	1	0
BRAF	0	1	0
BRCA2	0	1	0
BRD9	0	1	0
BRPF1	0	1	0
BUB1B	0	1	0
BUB3	0	1	0
C1QA	0	1	0
C3	0	1	0
C5	0	1	0
CACNA1C	0	1	0
CALM3	0	1	0
CAMK2D	0	1	0
CAMKK2	0	1	0
CAMLG	0	1	0
CAP2	0	1	0
CAPN1	0	1	0
CARD11	0	1	0
CARD9	0	1	0
CASP1	0	1	0
CAV1	0	1	0
CAV3	0	1	0
CBLIF	0	1	0
CCAR2	0	1	0
CCDC8	0	1	0
CCNA1	0	1	0
CCNC	0	1	0
CCND2	0	1	0
CCR3	0	1	0
CCR5	0	1	0
CCR8	0	1	0
CD1B	0	1	0
CD24	0	1	0
CD247	0	1	0
CD74	0	1	0
CD8B	0	1	0
CD9	0	1	0
CDC14B	0	1	0
CDC45	0	1	0
CDCA5	0	1	0
CDK2AP1	0	1	0
CDK5R1	0	1	0
CDK7	0	1	0
CDKN2A	0	1	0
CEBPD	0	1	0
CETN2	0	1	0
CFP	0	1	0
CHD1L	0	1	0
CHD4	0	1	0
CHEK1	0	1	0
CHMP2A	0	1	0
CIT	0	1	0
CKS1B	0	1	0
CLASP2	0	1	0
CLTA	0	1	0
CLTC	0	1	0
CNEP1R1	0	1	0
CNPY3	0	1	0
CNTN6	0	1	0
COL1A2	0	1	0
COMP	0	1	0
COPG2	0	1	0
COPRS	0	1	0
CPAP	0	1	0
CPB2	0	1	0
CREB1	0	1	0
CREB3L1	0	1	0
CRIPTO	0	1	0
CRP	0	1	0
CRTAM	0	1	0
CRY1	0	1	0
CSNK1E	0	1	0
CSNK2A3	0	1	0
CTCF	0	1	0
CTDNEP1	0	1	0
CTDP1	0	1	0
CTNNBIP1	0	1	0
CTRB1	0	1	0
CTSA	0	1	0
CTSL	0	1	0
CUBN	0	1	0
CUL2	0	1	0
CUL4A	0	1	0
CUL7	0	1	0
CXXC1	0	1	0
CYB5R4	0	1	0
CYBA	0	1	0
CYC1	0	1	0
CYTH2	0	1	0
CYTH3	0	1	0
DCSTAMP	0	1	0
DCTN2	0	1	0
DCUN1D3	0	1	0
DDIT3	0	1	0
DDOST	0	1	0
DEFA3	0	1	0
DEFA5	0	1	0
DENND1C	0	1	0
DENND2A	0	1	0
DENND6A	0	1	0
DFFB	0	1	0
DHX36	0	1	0
DIS3L2	0	1	0
DISP2	0	1	0
DKK1	0	1	0
DLGAP3	0	1	0
DLK1	0	1	0
DLL1	0	1	0
DMBT1	0	1	0
DMC1	0	1	0
DNAJA2	0	1	0
DNAJB1	0	1	0
DNER	0	1	0
DNMT3A	0	1	0
DOCK2	0	1	0
DOK2	0	1	0
DPF3	0	1	0
DPH1	0	1	0
DRAP1	0	1	0
DSG3	0	1	0
DTL	0	1	0
DTNA	0	1	0
DTNB	0	1	0
DYNLL1	0	1	0
EEF1AKMT1	0	1	0
EFNB1	0	1	0
EFNB3	0	1	0
EGFR	0	1	0
EGLN3	0	1	0
EGR2	0	1	0
EIF1AX	0	1	0
EIF4A2	0	1	0
EIF4E3	0	1	0
ELN	0	1	0
ELOB	0	1	0
ELOC	0	1	0
EME2	0	1	0
EMILIN1	0	1	0
ENPEP	0	1	0
EP300	0	1	0
EPN2	0	1	0
EPOP	0	1	0
EPOR	0	1	0
ERCC3	0	1	0
ERLIN1	0	1	0
ERO1A	0	1	0
ESCO2	0	1	0
ESRRA	0	1	0
EVL	0	1	0
EXOSC10	0	1	0
EYA3	0	1	0
F11R	0	1	0
F2RL1	0	1	0
F2RL2	0	1	0
F2RL3	0	1	0
FANCD2	0	1	0
FASLG	0	1	0
FCER1A	0	1	0
FCGR2B	0	1	1
FDXR	0	1	0
FES	0	1	0
FGA	0	1	0
FGF23	0	1	0
FGF6	0	1	0
FGF9	0	1	0
FGFR2	0	1	0
FGR	0	1	0
FKBP4	0	1	0
FLNC	0	1	0
FLOT1	0	1	0
FLRT2	0	1	0
FLT4	0	1	0
FMOD	0	1	0
FNTB	0	1	0
FOXG1	0	1	0
FOXM1	0	1	0
FOXO1	0	1	0
FRAT1	0	1	0
FRS3	0	1	0
FUNDC1	0	1	0
FYN	0	1	0
FZD2	0	1	0
FZR1	0	1	0
GAB3	0	1	0
GABRA1	0	1	0
GABRB1	0	1	0
GABRB3	0	1	0
GABRG2	0	1	0
GADD45A	0	1	0
GANAB	0	1	0
GAS2	0	1	0
GBP1	0	1	0
GBP5	0	1	0
GC	0	1	0
GDI2	0	1	0
GET1	0	1	0
GFRA2	0	1	0
GHSR	0	1	0
GID8	0	1	0
GINS1	0	1	0
GINS4	0	1	0
GIP	0	1	0
GIPR	0	1	0
GIT1	0	1	0
GLDC	0	1	0
GLI1	0	1	0
GNA14	0	1	0
GNAI1	0	1	0
GNG13	0	1	0
GOLGA2	0	1	0
GOLGA7	0	1	0
GOSR2	0	1	0
GP1BB	0	1	0
GP5	0	1	0
GP6	0	1	0
GPR37L1	0	1	0
GPX7	0	1	0
GRB14	0	1	0
GRIA1	0	1	0
GRIK2	0	1	0
GRIN2B	0	1	0
GRIN2C	0	1	0
GRIN3A	0	1	0
GRK7	0	1	0
GSK3B	0	1	0
GTF2A2	0	1	0
GTF2F1	0	1	0
GYG1	0	1	0
HBEGF	0	1	0
HCCS	0	1	0
HDAC3	0	1	0
HEBP1	0	1	0
HERC2	0	1	0
HERC5	0	1	0
HGF	0	1	0
HIF3A	0	1	0
HIRA	0	1	0
HLA-DMB	0	1	0
HLA-DOA	0	1	0
HLA-DRA	0	1	0
HMGA1	0	1	0
HMGB1	0	1	0
HNRNPU	0	1	0
HOMER2	0	1	0
HOXC11	0	1	0
HOXD11	0	1	0
HPS4	0	1	0
HPSE	0	1	0
HRAS	0	1	0
HSP90B1	0	1	0
HSPA1B	0	1	0
HSPA8	0	1	0
HTT	0	1	0
HYAL2	0	1	0
IFIH1	0	1	0
IFNAR2	0	1	0
IFNGR1	0	1	0
IFT20	0	1	0
IGF2R	0	1	0
IGFBP2	0	1	0
IGHD	0	1	0
IGHE	0	1	0
IGHM	0	1	0
IKZF2	0	1	0
IL15RA	0	1	0
IL17RD	0	1	0
IL20RA	0	1	0
IL21	0	1	0
IL24	0	1	0
IL33R	0	1	0
IL36G	0	1	0
IL36R	0	1	0
IL6R	0	1	0
ING4	0	1	0
INHBC	0	1	0
INHBE	0	1	0
INPP5D	0	1	0
INS	0	1	0
IQGAP1	0	1	0
IQGAP2	0	1	0
IRAK2	0	1	0
ITCH	0	1	0
ITGA10	0	1	0
ITGA4	0	1	0
ITGA6	0	1	0
ITGAE	0	1	0
ITGB5	0	1	0
ITGB8	0	1	0
JAK3	0	1	0
JAM2	0	1	0
JARID2	0	1	0
KAT2B	0	1	0
KAT6A	0	1	0
KAT7	0	1	1
KCNJ15	0	1	0
KCNJ2	0	1	0
KCNJ3	0	1	0
KCNJ5	0	1	0
KCNMB1	0	1	0
KCNMB2	0	1	0
KCTD15	0	1	0
KDM4A	0	1	0
KDM6A	0	1	0
KIDINS220	0	1	0
KIF3A	0	1	0
KIF4B	0	1	0
KIR2DS1	0	1	0
KIR2DS5	0	1	0
KIRREL1	0	1	0
KIRREL3	0	1	0
KLK14	0	1	0
KLK8	0	1	0
KLRC2	0	1	0
KPNA1	0	1	0
KPNA2	0	1	0
KRAS	0	1	0
KRT25	0	1	0
LALBA	0	1	0
LAMC2	0	1	0
LAT	0	1	0
LATS2	0	1	0
LCP2	0	1	0
LDLR	0	1	0
LEO1	0	1	0
LIMK1	0	1	0
LMNA	0	1	0
LRFN3	0	1	0
LRFN4	0	1	0
LRRC41	0	1	0
LRRC7	0	1	0
LRRFIP1	0	1	0
LTBP4	0	1	0
LTC4S	0	1	0
MAEA	0	1	0
MAFK	0	1	0
MAGED1	0	1	0
MAGI2	0	1	0
MAGOHB	0	1	0
MALSU1	0	1	0
MALT1	0	1	0
MAML1	0	1	0
MAML2	0	1	0
MAPK14	0	1	0
MAPK4	0	1	0
MARCKS	0	1	0
MASP1	0	1	0
MATK	0	1	0
MAX	0	1	0
MBD3L2	0	1	0
MC3R	0	1	0
MC5R	0	1	0
MCFD2	0	1	0
MCIDAS	0	1	0
MCM6	0	1	0
MDK	0	1	0
MDM4	0	1	0
ME1	0	1	0
MEF2D	0	1	0
MEMO1	0	1	0
MET	0	1	0
MFAP5	0	1	0
MIA2	0	1	0
MIEF1	0	1	0
MIS12	0	1	0
MLH1	0	1	0
MLH3	0	1	0
MMP7	0	1	0
MNAT1	0	1	0
MON1A	0	1	0
MPHOSPH8	0	1	0
MRTFA	0	1	0
MSH6	0	1	0
MT-CYB	0	1	0
MYF5	0	1	0
MYH2	0	1	0
MYH9	0	1	0
MYL12B	0	1	0
MYO5B	0	1	0
MYO6	0	1	0
NBR1	0	1	0
NCK1	0	1	0
NCK2	0	1	0
NCOR1	0	1	0
NCR2	0	1	0
NDC80	0	1	0
NECTIN3	0	1	0
NEDD4	0	1	0
NELFA	0	1	0
NFE2L2	0	1	0
NFKB1	0	1	0
NLRC4	0	1	0
NLRP4	0	1	0
NOX3	0	1	0
NPHS1	0	1	0
NPLOC4	0	1	0
NPNT	0	1	0
NR2C1	0	1	0
NR3C1	0	1	0
NR5A1	0	1	0
NRG1	0	1	0
NRG4	0	1	0
NRP1	0	1	0
NRXN1	0	1	0
NSD2	0	1	0
NSF	0	1	0
NTN1	0	1	0
NTN3	0	1	0
NUF2	0	1	0
NXF1	0	1	0
OPN1MW	0	1	0
ORAI1	0	1	0
ORC6	0	1	0
OSMR	0	1	0
OTUD7B	0	1	0
P2RY1	0	1	0
PACS1	0	1	0
PAK5	0	1	0
PALB2	0	1	0
PAPPA2	0	1	0
PAX2	0	1	0
PCGF2	0	1	0
PCNA	0	1	0
PCNT	0	1	0
PDCD1	0	1	0
PDE4B	0	1	0
PDE6B	0	1	0
PDGFC	0	1	0
PDLIM5	0	1	0
PDPK1	0	1	0
PDYN	0	1	0
PER2	0	1	0
PEX1	0	1	0
PEX10	0	1	0
PFKFB1	0	1	0
PGF	0	1	0
PGK1	0	1	0
PHAX	0	1	0
PHKA1	0	1	0
PHKG1	0	1	0
PHLDA1	0	1	0
PICALM	0	1	1
PIK3R5	0	1	0
PLAUR	0	1	0
PLCB4	0	1	0
PLCG2	0	1	0
PLK2	0	1	0
PLK3	0	1	0
PLXNA3	0	1	0
PLXNB1	0	1	0
PMF1	0	1	0
PML	0	1	0
PMS2	0	1	0
POLE	0	1	0
POLE3	0	1	0
POLE4	0	1	0
POLG2	0	1	0
POLI	0	1	0
POLK	0	1	0
POLN	0	1	0
POMK	0	1	0
POT1	0	1	0
POU2F1	0	1	0
POU2F2	0	1	0
POU3F1	0	1	0
PPARGC1A	0	1	0
PPARGC1B	0	1	0
PPM1B	0	1	0
PPM1F	0	1	0
PPP1CB	0	1	0
PPP1R12A	0	1	0
PPP1R14A	0	1	0
PPP2R1A	0	1	0
PPP2R2D	0	1	0
PPP2R5A	0	1	0
PPP3CA	0	1	0
PPP3R1	0	1	0
PPP4C	0	1	0
PPP6R3	0	1	0
PREX2	0	1	0
PRKAA2	0	1	0
PRKACG	0	1	0
PRKCQ	0	1	0
PRL	0	1	0
PRM2	0	1	0
PRNP	0	1	0
PROC	0	1	0
PROS1	0	1	0
PROZ	0	1	0
PRSS3	0	1	0
PSMD10	0	1	0
PSMD11	0	1	0
PSMD14	0	1	0
PSTPIP1	0	1	0
PTBP1	0	1	0
PTEN	0	1	0
PTN	0	1	0
PTPN12	0	1	0
PTPRD	0	1	0
PTPRU	0	1	0
PXN	0	1	0
PYGM	0	1	0
RAB13	0	1	0
RAB1B	0	1	0
RAB39A	0	1	0
RAB3A	0	1	0
RAB3GAP2	0	1	0
RAB3IL1	0	1	0
RAB4A	0	1	0
RAB7A	0	1	0
RAB9A	0	1	0
RABGGTA	0	1	0
RABGGTB	0	1	0
RAD1	0	1	0
RAD23B	0	1	0
RAD52	0	1	0
RALGAPA2	0	1	0
RALGAPB	0	1	0
RAMP2	0	1	0
RAP1A	0	1	0
RAP1GAP	0	1	0
RASGRF1	0	1	0
RASGRF2	0	1	0
RBBP5	0	1	0
RBM8A	0	1	0
RCE1	0	1	0
RCHY1	0	1	0
RCOR1	0	1	0
RCVRN	0	1	0
REV3L	0	1	0
RGL2	0	1	0
RGS16	0	1	0
RGS17	0	1	0
RHOB	0	1	0
RHPN1	0	1	0
RIMS1	0	1	0
RINT1	0	1	0
RIT1	0	1	0
RMI2	0	1	0
RMND5A	0	1	0
RNASEL	0	1	0
RNF111	0	1	0
RNF41	0	1	0
ROBO1	0	1	0
RPA3	0	1	0
RPA4	0	1	0
RPN1	0	1	0
RPS6	0	1	0
RPS6KB1	0	1	0
RPTOR	0	1	0
RRP8	0	1	0
RSU1	0	1	0
RTN3	0	1	0
RUNX1	0	1	0
RYBP	0	1	0
S100A9	0	1	0
S100B	0	1	0
SAFB	0	1	0
SAR1B	0	1	0
SARM1	0	1	0
SCAI	0	1	0
SCAP	0	1	0
SCFD1	0	1	0
SCUBE1	0	1	0
SEC13	0	1	0
SELPLG	0	1	0
SEMA7A	0	1	0
SEPTIN7	0	1	0
SERPINB13	0	1	0
SERPINE2	0	1	0
SETD6	0	1	0
SFTPA1	0	1	0
SGCA	0	1	0
SH2B2	0	1	0
SH2B3	0	1	0
SH2D2A	0	1	0
SHC1	0	1	0
SHH	0	1	0
SIAH1	0	1	0
SIPA1L1	0	1	0
SIRPB1	0	1	0
SIRT3	0	1	0
SKAP2	0	1	0
SLA2	0	1	0
SLC15A4	0	1	0
SLC16A8	0	1	0
SLCO3A1	0	1	0
SMAD6	0	1	0
SMAD7	0	1	0
SMAD9	0	1	0
SMARCA2	0	1	0
SMARCD1	0	1	0
SMARCD2	0	1	0
SMARCD3	0	1	0
SMURF2	0	1	0
SNAP25	0	1	0
SNCA	0	1	0
SNF8	0	1	0
SNTB2	0	1	0
SOCS2	0	1	0
SOCS5	0	1	0
SORL1	0	1	0
SOS2	0	1	0
SOX2	0	1	0
SPAG9	0	1	0
SPATA2	0	1	0
SPHK1	0	1	0
SPIDR	0	1	0
SPINK5	0	1	0
SPINK6	0	1	0
SPTA1	0	1	0
SPTAN1	0	1	0
SRF	0	1	0
SRGAP1	0	1	0
SRPK1	0	1	0
SSBP1	0	1	0
STAMBP	0	1	0
STAT4	0	1	0
STAT6	0	1	0
STUB1	0	1	0
STX1A	0	1	0
STXBP1	0	1	0
STXBP2	0	1	0
SUFU	0	1	1
SUMO1	0	1	0
SUPT4H1	0	1	0
SYNJ2	0	1	0
TAPBP	0	1	0
TAS1R2	0	1	0
TASOR	0	1	0
TAX1BP3	0	1	0
TBC1D25	0	1	0
TBL1X	0	1	0
TBX21	0	1	0
TBX6	0	1	0
TCF19	0	1	0
TEAD1	0	1	0
TEAD3	0	1	0
TEC	0	1	0
TENT4B	0	1	0
TFDP2	0	1	0
TFE3	0	1	0
TFEC	0	1	0
THEM4	0	1	0
TIAM1	0	1	0
TICAM1	0	1	0
TIFA	0	1	0
TLE3	0	1	0
TLR5	0	1	0
TNFRSF10A	0	1	0
TNFRSF1A	0	1	0
TNFRSF6B	0	1	0
TNFSF13B	0	1	0
TNIP1	0	1	0
TNNC1	0	1	0
TNNI3	0	1	0
TNNT3	0	1	0
TNR	0	1	0
TNRC6A	0	1	0
TNS4	0	1	0
TOPORS	0	1	0
TPST1	0	1	0
TRAT1	0	1	0
TRBV7-9	0	1	0
TREM2	0	1	0
TRPC1	0	1	0
TRRAP	0	1	0
TSPAN14	0	1	0
TSPO	0	1	0
TTF1	0	1	0
TUFM	0	1	0
TWIST1	0	1	0
TYK2	0	1	0
UBA2	0	1	0
UBA7	0	1	0
UBD	0	1	0
UBE2I	0	1	0
UBE2N	0	1	0
UBE2V1	0	1	0
UCHL5	0	1	0
UNC5A	0	1	0
UPF3A	0	1	0
USE1	0	1	0
USP13	0	1	0
USP14	0	1	0
USP18	0	1	0
USP25	0	1	0
USP26	0	1	0
USP33	0	1	0
USP43	0	1	0
USP8	0	1	0
UTRN	0	1	0
VAMP4	0	1	0
VAMP7	0	1	0
VEGFD	0	1	0
VPS29	0	1	0
VPS36	0	1	0
VPS37A	0	1	0
VPS53	0	1	0
VPS54	0	1	0
VTI1A	0	1	0
WDR5	0	1	0
WDR82	0	1	0
WDR83	0	1	0
WLS	0	1	0
WNT11	0	1	0
WNT8B	0	1	0
WRN	0	1	0
XIAP	0	1	0
XPC	0	1	0
XPO5	0	1	0
XRCC2	0	1	0
YBX1	0	1	0
YWHAG	0	1	0
YY1	0	1	0
ZDHHC9	0	1	0
ZEB1	0	1	0
ZFAND6	0	1	0
ZFC3H1	0	1	0
ZFP36L1	0	1	0
ZMYM2	0	1	0
ZNF473	0	1	0
ZNF532	0	1	0
ZNF592	0	1	0
ZNF74	0	1	0
AAMP	0	2	0
ABCA1	0	2	0
ABCA7	0	2	0
ACAA1	0	2	0
ACSS2	0	2	0
ACTB	0	2	0
ACTN2	0	2	0
ACTR1A	0	2	0
ADAM17	0	2	0
ADAMTS13	0	2	0
ADAR	0	2	0
ADCYAP1R1	0	2	0
ADD1	0	2	0
ADM	0	2	0
ADRA2C	0	2	0
AFDN	0	2	1
AGO1	0	2	0
AGO4	0	2	0
AIP	0	2	0
AJUBA	0	2	0
AKT2	0	2	0
ALKAL2	0	2	0
AMOTL1	0	2	0
AMOTL2	0	2	0
ANGPT2	0	2	0
ANPEP	0	2	0
ANTXR1	0	2	0
AP1G1	0	2	0
AP1M2	0	2	0
AP4S1	0	2	0
APAF1	0	2	0
APBA1	0	2	0
APBA3	0	2	0
APBB1	0	2	0
APOBEC3G	0	2	0
APOC2	0	2	0
APOC3	0	2	0
APPL1	0	2	0
ARAP1	0	2	0
ARCN1	0	2	0
ARF3	0	2	0
ARF4	0	2	0
ARHGAP32	0	2	0
ARHGDIB	0	2	0
ARL2	0	2	0
ARMC8	0	2	0
ARSA	0	2	0
ARTN	0	2	0
ASF1A	0	2	0
ASXL2	0	2	0
ATF2	0	2	0
ATF3	0	2	0
ATF6	0	2	0
ATG101	0	2	0
ATG12	0	2	0
ATG16L1	0	2	0
ATG16L2	0	2	0
ATG5	0	2	0
ATG9A	0	2	0
ATP1A2	0	2	0
ATRIP	0	2	0
B4GAT1	0	2	0
BANP	0	2	0
BCAR1	0	2	0
BCKDHB	0	2	0
BCL2	0	2	0
BCL2L11	0	2	0
BCL9L	0	2	0
BECN1	0	2	0
BIRC2	0	2	0
BIRC5	0	2	0
BMI1	0	2	0
BMP2	0	2	0
BRCA1	0	2	0
BRCC3	0	2	0
BRD2	0	2	0
BRIP1	0	2	0
C1QB	0	2	0
C1QBP	0	2	0
C4BPA	0	2	0
CACNA1G	0	2	0
CACNA2D2	0	2	0
CACNB2	0	2	0
CACNG6	0	2	0
CAMK1	0	2	0
CAMK2A	0	2	0
CAMK2G	0	2	0
CAPN2	0	2	0
CAPNS1	0	2	0
CAPNS2	0	2	0
CARD8	0	2	0
CASC3	0	2	0
CASK	0	2	0
CASP3	0	2	0
CASP8	0	2	0
CAVIN1	0	2	0
CBX5	0	2	0
CBY1	0	2	0
CCL5	0	2	0
CCNA2	0	2	0
CCND1	0	2	0
CCNT1	0	2	0
CCR1	0	2	0
CCR2	0	2	0
CD160	0	2	0
CD19	0	2	0
CD1C	0	2	0
CD226	0	2	0
CD2AP	0	2	0
CD300LB	0	2	0
CD3E	0	2	0
CD4	0	2	0
CD55	0	2	0
CD5L	0	2	0
CD8A	0	2	0
CDC25B	0	2	0
CDC42EP2	0	2	0
CDC7	0	2	0
CDCA8	0	2	0
CDH19	0	2	0
CDH24	0	2	0
CDH5	0	2	0
CDH8	0	2	0
CDK13	0	2	0
CDK2AP2	0	2	0
CDK6	0	2	0
CDKN1A	0	2	0
CEBPA	0	2	0
CELA2A	0	2	0
CENPA	0	2	0
CER1	0	2	0
CFD	0	2	0
CFH	0	2	0
CFHR4	0	2	0
CFLAR	0	2	0
CHD1	0	2	0
CHD2	0	2	0
CHL1	0	2	0
CHRM2	0	2	0
CIPC	0	2	0
CLEC4C	0	2	0
CLEC5A	0	2	0
CLSPN	0	2	0
CLU	0	2	0
CNIH3	0	2	0
CNTFR	0	2	0
COL10A1	0	2	0
COL18A1	0	2	0
COPB1	0	2	0
COPB2	0	2	0
COPG1	0	2	0
CPN2	0	2	0
CPS1	0	2	0
CR1	0	2	0
CR2	0	2	0
CRABP2	0	2	0
CREB3L2	0	2	0
CREB3L4	0	2	0
CRLF1	0	2	0
CRTC3	0	2	0
CSF3R	0	2	0
CSNK1A1	0	2	0
CSNK2B	0	2	0
CTF1	0	2	0
CTNNB1	0	2	0
CTSC	0	2	0
CTSV	0	2	0
CUL3	0	2	0
CUL4B	0	2	0
CUL5	0	2	0
CXCR4	0	2	0
CYLD	0	2	0
CYSLTR1	0	2	0
CYTH4	0	2	0
DAD1	0	2	0
DBNL	0	2	0
DBT	0	2	0
DCAF8L2	0	2	0
DCN	0	2	0
DCTN3	0	2	0
DCUN1D1	0	2	0
DDB1	0	2	0
DELE1	0	2	0
DENND4A	0	2	0
DENND5A	0	2	0
DENND6B	0	2	0
DMP1	0	2	0
DNAJA1	0	2	0
DPH6	0	2	0
DPH7	0	2	0
DPP4	0	2	0
DPPA4	0	2	0
DTX1	0	2	0
DTX4	0	2	0
DUS2	0	2	0
DVL3	0	2	0
DYNLL2	0	2	0
E2F2	0	2	0
E2F3	0	2	0
EBI3	0	2	0
EEF1AKMT2	0	2	0
EEF1D	0	2	0
EEF2	0	2	0
EFNB2	0	2	0
EGF	0	2	0
EGR1	0	2	0
EHD1	0	2	0
EHMT1	0	2	0
EIF2S3	0	2	0
EIF4E	0	2	0
EIF4EBP1	0	2	0
ELANE	0	2	0
ELF1	0	2	0
ELF3	0	2	0
ELK1	0	2	0
ENSA	0	2	0
ERCC6	0	2	0
ERLEC1	0	2	0
ERN1	0	2	0
ESAM	0	2	0
ESCO1	0	2	0
ESR2	0	2	0
EYA2	0	2	0
EZR	0	2	0
F3	0	2	0
F8	0	2	0
F9	0	2	0
FABP5	0	2	0
FBLN2	0	2	1
FBLN5	0	2	0
FBN1	0	2	0
FBXW11	0	2	0
FBXW7	0	2	0
FCN3	0	2	0
FDX1	0	2	0
FGF1	0	2	0
FGF10	0	2	0
FGF22	0	2	0
FGFBP1	0	2	0
FGFR3	0	2	0
FGFRL1	0	2	0
FILIP1	0	2	0
FKBP5	0	2	0
FLT1	0	2	0
FMNL2	0	2	0
FNTA	0	2	0
FOLR1	0	2	0
FOSB	0	2	0
FRS2	0	2	0
FZD1	0	2	0
FZD4	0	2	0
GABRQ	0	2	0
GAS1	0	2	0
GATAD2B	0	2	0
GBF1	0	2	0
GBP6	0	2	0
GCG	0	2	0
GCN1	0	2	0
GFAP	0	2	0
GFRA1	0	2	0
GFRA3	0	2	0
GGA2	0	2	0
GHRL	0	2	0
GLRA1	0	2	0
GNA11	0	2	0
GNAI3	0	2	0
GNAO1	0	2	0
GNAS	0	2	0
GNAZ	0	2	0
GNPAT	0	2	0
GOSR1	0	2	0
GP1BA	0	2	0
GPNMB	0	2	0
GRAP2	0	2	0
GRB10	0	2	0
GRB7	0	2	0
GREB1	0	2	0
GRIA2	0	2	0
GRIA3	0	2	0
GRIK5	0	2	0
GRM1	0	2	0
GRM5	0	2	0
GTF2F2	0	2	0
GYG2	0	2	0
H1-0	0	2	0
H2BC18	0	2	0
H3-4	0	2	0
HDAC1	0	2	0
HDAC6	0	2	0
HECW1	0	2	0
HEXB	0	2	0
HEY2	0	2	0
HGFAC	0	2	0
HGS	0	2	0
HIF1A	0	2	0
HIF1AN	0	2	0
HIKESHI	0	2	0
HINT1	0	2	0
HIPK2	0	2	0
HJURP	0	2	0
HOMER3	0	2	0
HP	0	2	0
HPS1	0	2	0
HPX	0	2	0
HSD17B4	0	2	0
HSP90AB1	0	2	0
HSPA1A	0	2	0
HSPH1	0	2	0
HUS1	0	2	0
IDH2	0	2	0
IER3	0	2	0
IFIT1	0	2	0
IFIT2	0	2	0
IFITM1	0	2	0
IFNG	0	2	0
IFNL2	0	2	0
IGF1R	0	2	0
IGFBP3	0	2	0
IGFBP5	0	2	0
IGHG1	0	2	0
IGHG2	0	2	0
IKBKB	0	2	0
IKZF1	0	2	0
IL10	0	2	0
IL10RB	0	2	0
IL12A	0	2	0
IL16	0	2	0
IL18BP	0	2	0
IL1RAP	0	2	0
IL1RN	0	2	0
IL2	0	2	0
IL21R	0	2	0
IL2RB	0	2	0
IL36B	0	2	0
IL5	0	2	0
IL7	0	2	0
INPP5E	0	2	0
INSIG2	0	2	0
IQGAP3	0	2	0
IRAK4	0	2	0
IRF9	0	2	0
ISL1	0	2	0
ITGA11	0	2	0
ITGA2	0	2	0
ITGA9	0	2	0
ITGAM	0	2	0
ITGAV	0	2	0
ITGB6	0	2	0
ITGB7	0	2	0
ITPKA	0	2	0
ITPKC	0	2	0
ITPR2	0	2	0
ITSN1	0	2	0
JUP	0	2	0
KALRN	0	2	0
KCNQ2	0	2	0
KCTD1	0	2	0
KDM1A	0	2	0
KDM8	0	2	0
KIF14	0	2	0
KIFAP3	0	2	0
KIR2DL3	0	2	0
KIR2DL4	0	2	0
KIR2DS2	0	2	0
KIR3DS1	0	2	0
KIRREL2	0	2	0
KIT	0	2	0
KITLG	0	2	0
KLK5	0	2	0
KLKB1	0	2	0
KLRG1	0	2	0
KLRK1	0	2	0
KNG1	0	2	0
KPTN	0	2	0
KRT26	0	2	0
KRT28	0	2	0
L1CAM	0	2	0
L3MBTL1	0	2	0
LAMA3	0	2	0
LAMC3	0	2	0
LARGE2	0	2	0
LCE3D	0	2	0
LEFTY1	0	2	0
LEPR	0	2	0
LGR4	0	2	0
LGR5	0	2	0
LHX4	0	2	0
LIFR	0	2	0
LNPEP	0	2	0
LOXL1	0	2	0
LRP2	0	2	0
LRRC14	0	2	0
LRRC4B	0	2	0
LTF	0	2	0
MAD2L1	0	2	0
MAF	0	2	0
MAF1	0	2	0
MAFB	0	2	0
MAGOH	0	2	0
MAGT1	0	2	0
MAP2K6	0	2	0
MAP3K3	0	2	0
MAPK10	0	2	0
MAPKAPK2	0	2	0
MAPKAPK3	0	2	0
MAS1	0	2	0
MASTL	0	2	0
MBD3L1	0	2	0
MBTPS2	0	2	0
MCAT	0	2	0
MCF2	0	2	0
MCM3	0	2	0
MDC1	0	2	0
MECP2	0	2	0
METTL14	0	2	0
MFAP4	0	2	0
MFN2	0	2	0
MGA	0	2	0
MIA3	0	2	0
MIB2	0	2	1
MIS18BP1	0	2	0
MIXL1	0	2	0
MKLN1	0	2	0
MKRN1	0	2	0
MMP1	0	2	0
MMP11	0	2	0
MMP19	0	2	0
MMP9	0	2	0
MOB1A	0	2	0
MOB1B	0	2	0
MOV10	0	2	0
MPG	0	2	0
MRAS	0	2	0
MSRB3	0	2	0
MTMR10	0	2	0
MTMR12	0	2	0
MTOR	0	2	0
MUC20	0	2	0
MUS81	0	2	0
MUTYH	0	2	0
MYLK	0	2	0
MYO10	0	2	0
MYO1C	0	2	0
NAB1	0	2	0
NANOG	0	2	0
NBEA	0	2	0
NCBP2	0	2	0
NECTIN1	0	2	0
NECTIN2	0	2	0
NELFE	0	2	0
NEO1	0	2	0
NF2	0	2	0
NFATC1	0	2	0
NFKBIB	0	2	0
NFYA	0	2	0
NFYB	0	2	0
NFYC	0	2	0
NGFR	0	2	0
NHEJ1	0	2	0
NKX2-5	0	2	0
NLRP1	0	2	0
NMT2	0	2	0
NOD2	0	2	0
NOSTRIN	0	2	0
NOTCH2	0	2	0
NOTCH2NLA	0	2	0
NOX1	0	2	0
NOXA1	0	2	0
NPHP1	0	2	0
NPRL3	0	2	0
NR1D1	0	2	0
NR1H4	0	2	0
NR3C2	0	2	0
NRF1	0	2	0
NRIP1	0	2	0
NRP2	0	2	0
NTHL1	0	2	0
NTN4	0	2	0
NUB1	0	2	0
OCLN	0	2	0
OCRL	0	2	0
OMG	0	2	0
OSBPL1A	0	2	0
OST4	0	2	0
OSTC	0	2	0
OTUB1	0	2	0
OTUD5	0	2	0
OTULIN	0	2	0
P4HA1	0	2	0
PAFAH1B2	0	2	0
PAK1	0	2	0
PAQR3	0	2	0
PARD3	0	2	0
PARD6G	0	2	0
PARG	0	2	0
PARN	0	2	0
PARVB	0	2	0
PAXIP1	0	2	0
PCSK2	0	2	0
PCSK7	0	2	0
PCSK9	0	2	0
PDCL	0	2	0
PDE3B	0	2	0
PDE6D	0	2	0
PDE6G	0	2	0
PDGFRA	0	2	0
PDGFRB	0	2	0
PDS5A	0	2	0
PDS5B	0	2	0
PEA15	0	2	0
PELP1	0	2	0
PER1	0	2	0
PFN1	0	2	0
PHC1	0	2	0
PHC3	0	2	0
PHKA2	0	2	0
PHKB	0	2	0
PHKG2	0	2	0
PHLPP2	0	2	0
PHYH	0	2	0
PI4KB	0	2	0
PIF1	0	2	0
PIK3CA	0	2	0
PIK3CG	0	2	0
PIK3R3	0	2	0
PIK3R6	0	2	0
PIN1	0	2	0
PINK1	0	2	0
PKD1	0	2	0
PKN1	0	2	0
PLA2G4A	0	2	0
PLCB1	0	2	0
PLCB2	0	2	0
PLCB3	0	2	0
PLEKHA3	0	2	0
PLN	0	2	0
PLXNA1	0	2	0
PNN	0	2	0
POLD1	0	2	0
POLE2	0	2	0
POLH	0	2	0
PPFIA1	0	2	0
PPIA	0	2	0
PPM1K	0	2	0
PPP1CA	0	2	0
PPP1R12B	0	2	0
PPP1R3C	0	2	0
PPP2R5B	0	2	0
PPP2R5D	0	2	0
PPP3CB	0	2	0
PPP6R1	0	2	0
PRDX5	0	2	0
PRKAA1	0	2	0
PRKAB2	0	2	0
PRKACB	0	2	0
PRKAG1	0	2	0
PRKAR2B	0	2	0
PRKCB	0	2	0
PRKCG	0	2	0
PRKCI	0	2	0
PRKCSH	0	2	0
PRKDC	0	2	0
PRSS1	0	2	0
PRTN3	0	2	0
PSEN2	0	2	0
PSMC4	0	2	0
PSMD8	0	2	0
PSPN	0	2	0
PTGES3	0	2	0
PTPN18	0	2	0
PTPRC	0	2	0
PTPRS	0	2	0
PWWP2A	0	2	0
PYCARD	0	2	0
PYGL	0	2	0
RAB11FIP3	0	2	0
RAB1A	0	2	0
RAB31	0	2	0
RAB32	0	2	0
RAB35	0	2	0
RAB38	0	2	0
RAB3IP	0	2	0
RABEPK	0	2	0
RABGAP1	0	2	0
RACK1	0	2	0
RAD18	0	2	0
RAD23A	0	2	0
RAD50	0	2	1
RAD51AP1	0	2	0
RAD9A	0	2	0
RAD9B	0	2	0
RAN	0	2	0
RANBP10	0	2	0
RAP1B	0	2	1
RAPGEF1	0	2	0
RASA1	0	2	0
RASGRP1	0	2	0
RBBP4	0	2	0
RBBP7	0	2	0
RBCK1	0	2	0
RBL1	0	2	0
RBX1	0	2	0
RELN	0	2	0
RGMB	0	2	0
RGP1	0	2	0
RGS7	0	2	0
RGS9BP	0	2	0
RHEB	0	2	0
RHO	0	2	0
RHOBTB1	0	2	0
RHOF	0	2	0
RHOG	0	2	0
RHOV	0	2	0
RIF1	0	2	0
RIN3	0	2	0
RIPK3	0	2	0
RNF125	0	2	0
RNF168	0	2	0
RNF43	0	2	0
RNF8	0	2	0
ROR2	0	2	0
RRAGB	0	2	0
RRM1	0	2	0
RRM2B	0	2	0
RSPO2	0	2	0
RTN4	0	2	0
RXRA	0	2	0
RXRB	0	2	0
RXRG	0	2	0
SAG	0	2	0
SAMTOR	0	2	0
SAP18	0	2	0
SDC2	0	2	0
SEC16A	0	2	0
SEC16B	0	2	0
SEC24A	0	2	0
SEC24C	0	2	0
SEC31A	0	2	0
SEMA4D	0	2	0
SEMA6D	0	2	0
SEMG1	0	2	0
SERPINA10	0	2	0
SERPINB2	0	2	0
SERPINC1	0	2	0
SERPING1	0	2	0
SETD9	0	2	0
SFPQ	0	2	0
SGTA	0	2	0
SH3GL3	0	2	0
SHARPIN	0	2	0
SHC2	0	2	0
SHTN1	0	2	0
SIRT2	0	2	0
SIRT5	0	2	0
SLIT2	0	2	0
SLIT3	0	2	0
SLX4	0	2	0
SMAD1	0	2	0
SMAD2	0	2	0
SMO	0	2	0
SMPD3	0	2	0
SMUG1	0	2	0
SMURF1	0	2	0
SMYD2	0	2	0
SNAP23	0	2	0
SNW1	0	2	0
SOST	0	2	0
SOX10	0	2	0
SOX17	0	2	0
SOX9	0	2	0
SP1	0	2	0
SPOPL	0	2	0
SPP1	0	2	0
SPR	0	2	0
SPRED1	0	2	0
SRC	0	2	0
SRGAP2	0	2	0
SRXN1	0	2	0
SS18L1	0	2	0
SSPN	0	2	0
STAB2	0	2	0
STAT1	0	2	0
STAT2	0	2	0
STING1	0	2	0
STRAP	0	2	0
STRN	0	2	0
STX10	0	2	0
STX1B	0	2	0
STX3	0	2	0
STX6	0	2	0
SUMO3	0	2	0
SUPT5H	0	2	0
SUV39H1	0	2	0
SYT1	0	2	0
SYT9	0	2	0
SYTL1	0	2	0
SYTL2	0	2	0
TACC3	0	2	0
TASL	0	2	0
TBC1D17	0	2	0
TBC1D3	0	2	0
TBC1D4	0	2	0
TBX5	0	2	0
TCF3	0	2	0
TEAD2	0	2	0
TEN1	0	2	0
TENT4A	0	2	0
TERT	0	2	0
TFAP2C	0	2	0
TFDP1	0	2	0
TGFB3	0	2	0
THBD	0	2	0
THRB	0	2	0
TIMP1	0	2	0
TIPIN	0	2	0
TIRAP	0	2	0
TKFC	0	2	0
TLR10	0	2	0
TLR4	0	2	0
TLR9	0	2	0
TMED2	0	2	0
TNF	0	2	0
TNFRSF12A	0	2	0
TNFRSF1B	0	2	0
TNFSF13	0	2	0
TNFSF15	0	2	0
TNPO1	0	2	0
TNS3	0	2	0
TOP2B	0	2	0
TP73	0	2	0
TPST2	0	2	0
TPX2	0	2	0
TRBV12-3	0	2	0
TREM1	0	2	0
TRIM72	0	2	0
TRPC6	0	2	0
TSC1	0	2	0
TSG101	0	2	0
TSPOAP1	0	2	0
TXN	0	2	0
TYRO3	0	2	0
TYSND1	0	2	0
UBB	0	2	0
UBE2L6	0	2	0
UBE2V2	0	2	0
UBL4A	0	2	0
UBTF	0	2	0
UBXN7	0	2	0
UNC5B	0	2	0
UNC5D	0	2	0
UNC93B1	0	2	0
UNG	0	2	0
UPF2	0	2	0
UPF3B	0	2	0
UQCR11	0	2	0
USP11	0	2	0
USP20	0	2	0
USP24	0	2	0
USP37	0	2	0
USP48	0	2	0
UVRAG	0	2	0
UVSSA	0	2	0
VASP	0	2	0
VAV3	0	2	0
VCL	0	2	0
VEGFA	0	2	0
VIM	0	2	0
VPS37D	0	2	0
VPS52	0	2	0
WAPL	0	2	0
WAS	0	2	0
WASL	0	2	0
WHAMM	0	2	0
WIPF2	0	2	0
WNT4	0	2	0
WNT5A	0	2	0
WTAP	0	2	0
XRCC5	0	2	0
YAF2	0	2	0
YEATS4	0	2	0
YES1	0	2	0
YKT6	0	2	0
YOD1	0	2	0
YWHAE	0	2	0
ZBTB17	0	2	0
ZFHX3	0	2	0
ZNF143	0	2	0
ZNF45	0	2	0
ZNF598	0	2	0
ZNF93	0	2	0
ZWILCH	0	2	0
ABHD17A	0	3	0
ABHD5	0	3	0
ABLIM1	0	3	0
ABLIM3	0	3	0
ACIN1	0	3	0
ACTC1	0	3	0
ACTG1	0	3	0
ACTN1	0	3	0
ACVR2B	0	3	0
ADAM10	0	3	0
ADAM12	0	3	0
ADAM19	0	3	0
ADAM23	0	3	0
ADGRE5	0	3	0
ADM2	0	3	0
ADNP	0	3	0
ADNP2	0	3	0
ADRB2	0	3	0
AGAP2	0	3	0
AGL	0	3	0
AKT1	0	3	0
AKT1S1	0	3	0
ALCAM	0	3	0
ALK	0	3	0
ALPK1	0	3	0
AMN	0	3	0
ANK2	0	3	0
ANXA6	0	3	0
AP2B1	0	3	0
AP2M1	0	3	0
APBB1IP	0	3	0
APC	0	3	0
APIP	0	3	0
APOBR	0	3	0
APOC4	0	3	0
ARHGAP1	0	3	0
ARHGAP35	0	3	0
ARHGAP39	0	3	0
ARID1A	0	3	0
ARID1B	0	3	0
ASPH	0	3	0
ATG13	0	3	0
ATG7	0	3	0
ATM	0	3	0
ATP1A1	0	3	0
ATP1B1	0	3	0
ATP1B3	0	3	0
ATR	0	3	0
AURKA	0	3	0
AURKB	0	3	0
AVP	0	3	0
AVPR1A	0	3	0
AXIN1	0	3	0
B2M	0	3	0
BABAM1	0	3	0
BAIAP2	0	3	0
BATF	0	3	0
BAZ2A	0	3	0
BCHE	0	3	0
BCL6	0	3	0
BCR	0	3	0
BDNF	0	3	0
BET1	0	3	0
BGLAP	0	3	0
BGN	0	3	0
BIRC3	0	3	0
BLM	0	3	0
BMPR1B	0	3	0
BMPR2	0	3	0
BMX	0	3	0
BOD1	0	3	0
BOD1L1	0	3	0
BRAP	0	3	0
BRF1	0	3	0
BSG	0	3	0
BSN	0	3	0
BTN2A1	0	3	0
BTRC	0	3	0
C2CD5	0	3	0
C5AR2	0	3	0
C6	0	3	0
C7	0	3	0
CAB39	0	3	0
CAB39L	0	3	0
CACNA1A	0	3	0
CACNA1B	0	3	0
CACNA1I	0	3	0
CACNB1	0	3	0
CACNB3	0	3	0
CACNG4	0	3	0
CACNG7	0	3	0
CALCA	0	3	0
CALCB	0	3	0
CALCRL	0	3	0
CALM1	0	3	0
CALR	0	3	0
CAMKMT	0	3	0
CANX	0	3	0
CARMIL1	0	3	0
CASP9	0	3	0
CBLL1	0	3	0
CCDC59	0	3	0
CCL13	0	3	0
CCL16	0	3	0
CCL4	0	3	0
CCNG1	0	3	0
CCP110	0	3	0
CCR4	0	3	0
CD14	0	3	0
CD151	0	3	0
CD177	0	3	0
CD1A	0	3	0
CD1D	0	3	0
CD22	0	3	0
CD274	0	3	1
CD28	0	3	0
CD320	0	3	0
CD36	0	3	0
CD44	0	3	0
CD59	0	3	0
CD79A	0	3	0
CD80	0	3	0
CD81	0	3	0
CDC25C	0	3	0
CDC42	0	3	0
CDC73	0	3	0
CDH11	0	3	0
CDH15	0	3	0
CDK12	0	3	0
CDK5	0	3	0
CDKN2C	0	3	0
CDKN2D	0	3	0
CDT1	0	3	0
CEP43	0	3	0
CETN1	0	3	0
CFI	0	3	0
CHEK2	0	3	0
CHM	0	3	0
CHP1	0	3	0
CLASP1	0	3	0
CLEC4D	0	3	0
CLIP3	0	3	0
CLNS1A	0	3	0
CLTB	0	3	0
CLVS1	0	3	0
CLVS2	0	3	0
CNTNAP1	0	3	0
COLEC10	0	3	0
COLEC11	0	3	0
COMMD1	0	3	0
COPZ2	0	3	0
CPE	0	3	0
CPSF6	0	3	0
CPSF7	0	3	0
CRADD	0	3	0
CRY2	0	3	0
CSF2	0	3	0
CSF2RA	0	3	0
CSNK1D	0	3	0
CSNK2A1	0	3	0
CSNK2A2	0	3	0
CSTF2	0	3	0
CTBP1	0	3	0
CTLA4	0	3	0
CTNNA1	0	3	1
CTNND1	0	3	0
CUL1	0	3	0
CUL9	0	3	0
CYB5R1	0	3	0
CYB5RL	0	3	0
CYBB	0	3	0
CYSLTR2	0	3	0
DAAM1	0	3	0
DACT1	0	3	0
DCTN4	0	3	0
DDX17	0	3	0
DDX5	0	3	0
DENND1B	0	3	0
DENND3	0	3	0
DGCR8	0	3	0
DIABLO	0	3	0
DIAPH3	0	3	0
DICER1	0	3	0
DLC1	0	3	0
DLG1	0	3	0
DLG3	0	3	0
DLG4	0	3	0
DLGAP1	0	3	0
DLL4	0	3	0
DLST	0	3	0
DMPK	0	3	0
DMTN	0	3	0
DNA2	0	3	0
DNAJA4	0	3	0
DNAJB6	0	3	0
DNAJC3	0	3	0
DNAJC6	0	3	0
DNAJC7	0	3	0
DNAL4	0	3	0
DNTTIP1	0	3	0
DOCK3	0	3	0
DOCK6	0	3	0
DPF2	0	3	0
DPPA2	0	3	0
DPY30	0	3	0
DPYSL2	0	3	0
DRP2	0	3	0
DSP	0	3	1
DUSP9	0	3	0
DYNC1LI1	0	3	0
DYNC1LI2	0	3	0
E2F1	0	3	0
EBF2	0	3	0
EED	0	3	0
EIF2AK3	0	3	0
EIF2S1	0	3	0
EIF2S2	0	3	0
EIF4G2	0	3	0
EIF4G3	0	3	0
ELMO1	0	3	0
ELOA	0	3	0
ENAH	0	3	0
EPC1	0	3	0
EPO	0	3	0
ERBIN	0	3	0
EREG	0	3	0
ESPL1	0	3	0
ETV4	0	3	0
EXO1	0	3	0
EYA1	0	3	0
F13B	0	3	0
FANCI	0	3	0
FBLN1	0	3	0
FBN2	0	3	0
FBXL17	0	3	0
FBXL18	0	3	0
FBXL3	0	3	0
FBXL5	0	3	0
FCER1G	0	3	0
FCGR1A	0	3	0
FCGR3A	0	3	0
FCN1	0	3	0
FEN1	0	3	0
FGFR1OP2	0	3	0
FGFR4	0	3	0
FGG	0	3	0
FKRP	0	3	0
FLRT1	0	3	0
FN1	0	3	0
FOS	0	3	0
FOXK1	0	3	0
FOXL2	0	3	0
FOXO3	0	3	0
FZD3	0	3	0
FZD7	0	3	0
GABARAPL2	0	3	0
GABBR1	0	3	0
GABBR2	0	3	0
GATA6	0	3	0
GBP2	0	3	0
GBP4	0	3	0
GCGR	0	3	0
GCSH	0	3	0
GDNF	0	3	0
GGA3	0	3	0
GIPC1	0	3	0
GLG1	0	3	0
GLI3	0	3	0
GLP2R	0	3	0
GLRA2	0	3	0
GM2A	0	3	0
GMNC	0	3	0
GNA12	0	3	0
GNA15	0	3	0
GNAL	0	3	0
GNAT2	0	3	0
GNAT3	0	3	0
GNB2	0	3	0
GOPC	0	3	0
GP9	0	3	0
GPC1	0	3	0
GPC5	0	3	0
GRAP	0	3	0
GRIA4	0	3	0
GRK6	0	3	0
GTF2B	0	3	0
GTF2E2	0	3	0
GTSE1	0	3	0
H1-8	0	3	0
H2AC6	0	3	0
HDAC7	0	3	0
HES7	0	3	0
HHIP	0	3	0
HIVEP3	0	3	0
HJV	0	3	0
HLA-DMA	0	3	0
HLA-G	0	3	0
HLTF	0	3	0
HNRNPC	0	3	0
HSP90AA1	0	3	0
HSPA5	0	3	0
HTRA1	0	3	0
IAPP	0	3	0
ICAM1	0	3	0
ICAM2	0	3	0
ICAM3	0	3	0
ICOS	0	3	0
ICOSLG	0	3	0
IFI27	0	3	0
IFIT3	0	3	0
IFNGR2	0	3	0
IGF2	0	3	0
IGFALS	0	3	0
IGFBP1	0	3	0
IGFBP4	0	3	0
IGFBP6	0	3	0
IGHA2	0	3	0
IKZF3	0	3	0
IL10RA	0	3	0
IL11RA	0	3	0
IL12B	0	3	0
IL12RB2	0	3	0
IL18	0	3	0
IL18R1	0	3	0
IL19	0	3	0
IL1B	0	3	0
IL23A	0	3	0
IL26	0	3	0
IL36A	0	3	0
IL36RN	0	3	0
IL5RA	0	3	0
IL7R	0	3	0
IL9R	0	3	0
ILF3	0	3	0
ILK	0	3	0
IMPACT	0	3	0
INCENP	0	3	0
ING2	0	3	0
ING5	0	3	0
INHBA	0	3	0
INHBB	0	3	0
IPO8	0	3	0
IRAG1	0	3	0
IRF3	0	3	0
IRF7	0	3	0
IRS2	0	3	0
ITFG2	0	3	0
ITGA2B	0	3	0
ITGA7	0	3	0
ITGA8	0	3	0
ITGAL	0	3	0
ITGB3	0	3	0
ITGB3BP	0	3	0
ITPKB	0	3	0
ITPR1	0	3	0
JAK1	0	3	0
JAM3	0	3	0
JUN	0	3	0
KARS1	0	3	0
KAT2A	0	3	0
KAT6B	0	3	0
KBTBD7	0	3	0
KCNJ12	0	3	0
KCNJ14	0	3	0
KCNMA1	0	3	0
KCNMB4	0	3	0
KCNQ3	0	3	0
KGD4	0	3	0
KHDRBS2	0	3	0
KIF20A	0	3	0
KIR3DL1	0	3	0
KLB	0	3	0
KLHL12	0	3	0
KLK13	0	3	0
KLK7	0	3	0
KLRD1	0	3	0
KMT2C	0	3	0
KMT5A	0	3	0
KNTC1	0	3	0
KPNA6	0	3	0
KPNB1	0	3	0
LAMB1	0	3	0
LAMB2	0	3	0
LAMB3	0	3	0
LAMP2	0	3	0
LAMTOR2	0	3	0
LEFTY2	0	3	0
LFNG	0	3	0
LGI1	0	3	0
LGMN	0	3	0
LGR6	0	3	0
LILRB1	0	3	0
LIN7B	0	3	0
LIPE	0	3	0
LMNB1	0	3	0
LRFN2	0	3	0
LRP4	0	3	0
LRP5	0	3	0
LRRC52	0	3	0
LRRK2	0	3	0
LSR	0	3	0
LUM	0	3	0
LYN	0	3	1
LYPLA1	0	3	0
LYRM7	0	3	0
MAD1L1	0	3	0
MADD	0	3	0
MAFG	0	3	0
MAP1LC3B	0	3	0
MAP3K5	0	3	0
MAP3K8	0	3	0
MAPK1	0	3	0
MAPK11	0	3	0
MAPK8	0	3	0
MAPK9	0	3	0
MAPKAPK5	0	3	0
MAPRE1	0	3	0
MAPT	0	3	0
MARK3	0	3	0
MASP2	0	3	0
MBD4	0	3	0
MBTPS1	0	3	0
MC2R	0	3	0
MCM4	0	3	0
MCRIP1	0	3	0
METTL3	0	3	0
MFAP2	0	3	0
MITF	0	3	0
MKNK1	0	3	0
MLXIPL	0	3	0
MMP12	0	3	0
MMP15	0	3	0
MRE11	0	3	0
MS4A2	0	3	0
MSGN1	0	3	0
MSH3	0	3	0
MT-CO3	0	3	0
MTA1	0	3	0
MTA2	0	3	0
MTA3	0	3	0
MTM1	0	3	0
MTMR4	0	3	0
MTRES1	0	3	0
MTTP	0	3	0
MVB12A	0	3	0
MVB12B	0	3	0
MYF6	0	3	0
MYH14	0	3	0
MYL12A	0	3	0
MYO19	0	3	0
MYO5A	0	3	0
MYO9B	0	3	0
N4BP1	0	3	0
NAB2	0	3	0
NAE1	0	3	0
NAT8	0	3	0
NBN	0	3	0
NCBP1	0	3	0
NCR3LG1	0	3	0
NCSTN	0	3	0
NDUFAB1	0	3	0
NEIL3	0	3	0
NEK1	0	3	0
NELFB	0	3	0
NEU4	0	3	0
NF1	0	3	0
NFATC2	0	3	0
NFATC3	0	3	0
NFKB2	0	3	0
NFU1	0	3	0
NGEF	0	3	0
NGF	0	3	0
NID1	0	3	0
NLK	0	3	0
NLRC5	0	3	0
NMT1	0	3	0
NODAL	0	3	0
NOP58	0	3	0
NOS3	0	3	0
NOTCH2NLB	0	3	0
NOTCH4	0	3	0
NOXO1	0	3	0
NPAS2	0	3	0
NPHP4	0	3	0
NPM1	0	3	0
NPM2	0	3	0
NR2C2	0	3	0
NR5A2	0	3	0
NRCAM	0	3	0
NRG2	0	3	0
NRTN	0	3	0
NSMAF	0	3	0
NTRK2	0	3	0
NTRK3	0	3	0
NUMB	0	3	0
OASL	0	3	0
OBSCN	0	3	0
OIP5	0	3	0
OPA1	0	3	0
OPN1LW	0	3	0
OPTN	0	3	0
ORC1	0	3	0
ORC5	0	3	0
OSCAR	0	3	0
OSM	0	3	0
OTUD3	0	3	0
PAAF1	0	3	0
PAFAH1B1	0	3	0
PAG1	0	3	0
PARP1	0	3	0
PCLO	0	3	0
PCOLCE	0	3	0
PCSK6	0	3	0
PDE4D	0	3	0
PDGFA	0	3	0
PDGFD	0	3	0
PDHX	0	3	0
PDIA3	0	3	0
PECAM1	0	3	0
PELI1	0	3	0
PEX14	0	3	0
PEX2	0	3	0
PEX6	0	3	0
PEX7	0	3	0
PGAM5	0	3	0
PGR	0	3	0
PHF1	0	3	0
PHF20	0	3	0
PHLPP1	0	3	0
PIK3C3	0	3	0
PIK3CB	0	3	0
PIK3R4	0	3	0
PIP4K2C	0	3	0
PKM	0	3	0
PKMYT1	0	3	0
PLAT	0	3	0
PLIN1	0	3	0
PLIN2	0	3	0
PLK1	0	3	0
PLXNC1	0	3	1
PMEPA1	0	3	0
PNKP	0	3	0
POGLUT1	0	3	0
POLA1	0	3	0
POLG	0	3	0
POMGNT2	0	3	0
POU3F2	0	3	0
POU5F1	0	3	0
PPID	0	3	0
PPP1R15A	0	3	0
PPP2R5C	0	3	0
PPP3CC	0	3	0
PRDX2	0	3	0
PRDX3	0	3	0
PRKACA	0	3	0
PRKAG2	0	3	0
PRKCZ	0	3	0
PRKRA	0	3	0
PRM1	0	3	0
PROCR	0	3	0
PRSS8	0	3	0
PRX	0	3	0
PSG1	0	3	0
PSIP1	0	3	0
PSMD4	0	3	0
PSMD6	0	3	0
PTGIR	0	3	0
PTK2B	0	3	0
PTK6	0	3	0
PTPN11	0	3	0
PTPN7	0	3	0
PTPRA	0	3	0
PTPRZ1	0	3	0
PTS	0	3	0
PTTG1	0	3	0
PYGB	0	3	0
PYGO1	0	3	0
RAB11B	0	3	0
RAB18	0	3	0
RAB21	0	3	0
RAB27A	0	3	0
RAB33B	0	3	0
RABEP1	0	3	0
RABGEF1	0	3	0
RAC2	0	3	0
RAD51D	0	3	0
RALA	0	3	0
RALGDS	0	3	0
RAMAC	0	3	0
RAMP1	0	3	0
RAMP3	0	3	0
RANBP1	0	3	0
RAP1GAP2	0	3	0
RAPGEF4	0	3	0
RARB	0	3	0
RASGRP3	0	3	0
RB1	0	3	0
RBL2	0	3	0
RBM14	0	3	0
RGS20	0	3	0
RHOBTB2	0	3	0
RHOC	0	3	0
RHOH	0	3	0
RHOQ	0	3	0
RHOU	0	3	0
RHPN2	0	3	0
RIC1	0	3	0
RIPPLY2	0	3	0
RNASE1	0	3	0
RNF123	0	3	0
RNMT	0	3	0
ROBO3	0	3	0
ROCK1	0	3	0
ROPN1	0	3	0
RORC	0	3	0
RPA2	0	3	0
RPGRIP1L	0	3	0
RPN2	0	3	0
RPS27A	0	3	0
RPS6KA2	0	3	0
RPS6KA5	0	3	0
RSPO4	0	3	0
RXYLT1	0	3	0
RYK	0	3	0
S100A1	0	3	0
SACK1B	0	3	0
SATB1	0	3	0
SATB2	0	3	0
SBF1	0	3	0
SBF2	0	3	0
SCP2	0	3	0
SCUBE2	0	3	0
SEC23A	0	3	0
SEC24D	0	3	0
SEL1L	0	3	0
SELE	0	3	0
SEMA6A	0	3	0
SENP1	0	3	0
SERPINA1	0	3	0
SERPINA5	0	3	0
SERPIND1	0	3	0
SETD1A	0	3	0
SFRP2	0	3	0
SFTPA2	0	3	0
SFTPD	0	3	0
SGCD	0	3	0
SGCZ	0	3	0
SGK3	0	3	0
SH3PXD2A	0	3	0
SHPRH	0	3	0
SIGLEC16	0	3	0
SIKE1	0	3	0
SIRPA	0	3	0
SIRT1	0	3	0
SIRT4	0	3	0
SKP1	0	3	0
SKP2	0	3	0
SLBP	0	3	0
SLC17A7	0	3	0
SLC18A3	0	3	0
SLC25A4	0	3	0
SLIT1	0	3	0
SMAD4	0	3	0
SMARCA4	0	3	0
SMARCB1	0	3	0
SNCAIP	0	3	0
SNTA1	0	3	0
SNTB1	0	3	0
SOCS1	0	3	0
SOX13	0	3	0
SP100	0	3	0
SP3	0	3	0
SPI1	0	3	0
SPINK9	0	3	0
SPN	0	3	0
SPRY1	0	3	0
SRGAP3	0	3	0
SRMS	0	3	0
SRY	0	3	0
STAM2	0	3	0
STARD10	0	3	0
STAT5A	0	3	0
STIP1	0	3	0
STK11	0	3	0
STON2	0	3	0
STT3B	0	3	0
STX16	0	3	0
STXBP3	0	3	0
SUDS3	0	3	0
SUGT1	0	3	0
SUMO2	0	3	0
SYCP2	0	3	0
TAB3	0	3	0
TAP1	0	3	0
TAS1R3	0	3	0
TAX1BP1	0	3	0
TBK1	0	3	0
TBL1XR1	0	3	0
TBX3	0	3	0
TBXA2R	0	3	0
TCF7L1	0	3	0
TEAD4	0	3	0
TESK1	0	3	0
TFB2M	0	3	0
THBS4	0	3	0
THRA	0	3	0
TICAM2	0	3	0
TJP2	0	3	0
TLE1	0	3	0
TLE2	0	3	0
TLL1	0	3	0
TLR2	0	3	0
TLR6	0	3	0
TMED10	0	3	0
TMPRSS2	0	3	0
TNC	0	3	0
TNFRSF10B	0	3	0
TNFRSF10D	0	3	0
TNFRSF13C	0	3	0
TNFRSF25	0	3	0
TNIP2	0	3	0
TNNT2	0	3	0
TOLLIP	0	3	0
TOMM70	0	3	0
TP53BP1	0	3	0
TP53BP2	0	3	0
TRAF2	0	3	0
TRAK1	0	3	0
TRAK2	0	3	0
TRAV29DV5	0	3	0
TRIB3	0	3	0
TRIO	0	3	0
TRPC3	0	3	0
TRPC4	0	3	0
TSC22D3	0	3	0
TSFM	0	3	0
TSN	0	3	0
TSPAN33	0	3	0
TSPAN5	0	3	0
TWNK	0	3	0
TXNRD2	0	3	0
UBA3	0	3	0
UBE2B	0	3	0
UBE2D1	0	3	0
UBE2D2	0	3	0
UBE2E1	0	3	0
UBE2M	0	3	0
UBE2T	0	3	0
UBN1	0	3	0
UBQLN2	0	3	0
UBXN1	0	3	0
UCHL3	0	3	0
ULK1	0	3	0
UNC5C	0	3	0
UQCC1	0	3	0
UQCR10	0	3	0
UQCRQ	0	3	0
USF1	0	3	0
USP1	0	3	0
USP19	0	3	0
USP30	0	3	0
USP34	0	3	0
USP4	0	3	0
USP47	0	3	0
USP5	0	3	0
VAMP2	0	3	0
VAMP8	0	3	0
VHL	0	3	0
VLDLR	0	3	0
VPREB3	0	3	0
VPS35	0	3	0
VPS45	0	3	0
WIPF1	0	3	0
WNT3	0	3	0
WNT3A	0	3	0
WNT8A	0	3	0
WT1	0	3	0
WWP2	0	3	0
WWTR1	0	3	0
XRCC4	0	3	0
ZBP1	0	3	0
ZBTB35	0	3	0
ZC3HC1	0	3	0
ZCCHC7	0	3	0
ZCCHC8	0	3	0
ZMYND8	0	3	0
ZNF350	0	3	0
ZNF420	0	3	0
ZNF521	0	3	0
ZRANB1	0	3	0
AATF	0	4	0
ABCE1	0	4	0
ABHD17B	0	4	0
ABHD17C	0	4	0
ABL1	0	4	0
ABLIM2	0	4	0
ACAT1	0	4	0
ACE2	0	4	0
ACKR3	0	4	0
ACOX1	0	4	0
ACTA2	0	4	0
ACTN4	0	4	0
ACTR10	0	4	0
ACVR1B	0	4	0
ACVR1C	0	4	0
ADAM15	0	4	0
ADAM20	0	4	0
ADAM22	0	4	0
ADAMTS4	0	4	0
ADCY8	0	4	0
ADRA1B	0	4	0
ADRA1D	0	4	0
ADRA2A	0	4	0
ADRA2B	0	4	0
ADRM1	0	4	0
AEBP2	0	4	0
AGRN	0	4	0
AGTR1	0	4	0
AHR	0	4	0
AKAP1	0	4	0
AKAP8L	0	4	0
AMBP	0	4	0
ANGPT1	0	4	0
ANGPTL4	0	4	0
ANKLE2	0	4	0
ANKRD27	0	4	0
ANTXR2	0	4	0
AP1B1	0	4	0
AP2S1	0	4	0
AP4B1	0	4	0
AP4E1	0	4	0
APEX2	0	4	0
APOB	0	4	0
APOC1	0	4	0
ARF6	0	4	0
ARHGAP26	0	4	0
ARHGEF12	0	4	0
ARHGEF25	0	4	0
ARHGEF6	0	4	0
ARIH1	0	4	0
ARRB2	0	4	0
ASH2L	0	4	0
ASXL1	0	4	0
ATF6B	0	4	0
ATG14	0	4	0
ATG3	0	4	0
ATP1A3	0	4	0
ATP1B2	0	4	0
ATP1B4	0	4	0
AVEN	0	4	0
AVPR1B	0	4	0
AXL	0	4	0
BACE1	0	4	0
BACH1	0	4	0
BACH2	0	4	0
BAD	0	4	0
BAK1	0	4	0
BANF1	0	4	0
BARD1	0	4	0
BCKDHA	0	4	0
BCL9	0	4	0
BICD1	0	4	0
BMP1	0	4	0
BNIP1	0	4	0
BOC	0	4	0
BTC	0	4	0
BTLA	0	4	0
C1S	0	4	0
C2	0	4	0
C3AR1	0	4	0
C4A	0	4	0
C4BPB	0	4	0
C8A	0	4	0
C8B	0	4	0
C8G	0	4	0
CABIN1	0	4	0
CACNA1D	0	4	0
CACNA1H	0	4	0
CACNA2D1	0	4	0
CACNB4	0	4	0
CACNG2	0	4	0
CADM1	0	4	0
CAMK2B	0	4	0
CAMK4	0	4	0
CAMKK1	0	4	0
CAP1	0	4	0
CAPZA1	0	4	0
CAPZA3	0	4	0
CASP14	0	4	0
CASP6	0	4	0
CASP7	0	4	0
CASP8AP2	0	4	0
CAST	0	4	0
CBFB	0	4	0
CBL	0	4	0
CBX1	0	4	0
CBX3	0	4	0
CCNT2	0	4	0
CCZ1	0	4	0
CD300E	0	4	0
CD3D	0	4	0
CD40LG	0	4	0
CD86	0	4	0
CDC42EP3	0	4	0
CDC42EP5	0	4	0
CDH2	0	4	0
CDK1	0	4	0
CDK2	0	4	0
CDK4	0	4	0
CDKN1B	0	4	0
CDKN2B	0	4	0
CDSN	0	4	0
CEBPB	0	4	0
CFHR5	0	4	0
CFL1	0	4	0
CFTR	0	4	0
CHD5	0	4	0
CHML	0	4	0
CHUK	0	4	0
CITED1	0	4	0
CITED2	0	4	0
CITED4	0	4	0
CKAP4	0	4	0
CLCF1	0	4	0
CLEC1B	0	4	0
CLEC7A	0	4	0
CLIP1	0	4	0
CNGA1	0	4	0
CNGA2	0	4	0
CNIH2	0	4	0
CNTN1	0	4	0
CNTN2	0	4	0
COL17A1	0	4	0
COPA	0	4	0
COPS5	0	4	0
CPA3	0	4	0
CPN1	0	4	0
CREB3	0	4	0
CRTC1	0	4	0
CRTC2	0	4	0
CSF1R	0	4	1
CSF3	0	4	0
CSK	0	4	0
CSTF2T	0	4	0
CTBP2	0	4	0
CTC1	0	4	0
CTNNA2	0	4	0
CTSS	0	4	0
CTSZ	0	4	0
CXXC4	0	4	0
CYP11A1	0	4	0
CYTH1	0	4	0
DAB1	0	4	0
DAG1	0	4	0
DCAF8L1	0	4	0
DCC	0	4	0
DCLRE1C	0	4	0
DCTN1	0	4	0
DCTN6	0	4	0
DCX	0	4	0
DDB2	0	4	0
DEK	0	4	0
DENND1A	0	4	0
DENND5B	0	4	0
DEPDC5	0	4	0
DIAPH1	0	4	0
DIS3	0	4	0
DLG2	0	4	0
DLGAP2	0	4	0
DLL3	0	4	0
DMD	0	4	0
DNM2	0	4	0
DNMT3L	0	4	0
DOCK11	0	4	0
DOCK9	0	4	0
DPH2	0	4	0
DPPA3	0	4	0
DROSHA	0	4	0
DSG1	0	4	0
DSG2	0	4	0
DSN1	0	4	0
DSPP	0	4	0
DST	0	4	0
DUSP3	0	4	0
DUSP4	0	4	0
DUSP5	0	4	0
DUSP7	0	4	0
DVL1	0	4	0
DVL2	0	4	0
DYNC1H1	0	4	0
DYNC1I1	0	4	0
DYSF	0	4	0
E2F5	0	4	0
E2F6	0	4	0
EEF1A1	0	4	0
EEF2K	0	4	0
EFCAB7	0	4	0
EGLN1	0	4	0
EGLN2	0	4	0
EHD2	0	4	0
EHD3	0	4	0
EHMT2	0	4	0
EIF4A3	0	4	0
ELF2	0	4	0
ELMO2	0	4	0
ELOA2	0	4	0
EP400	0	4	0
EPAS1	0	4	0
EPB41	0	4	0
EPB41L2	0	4	0
EPHB2	0	4	0
EPM2A	0	4	0
EPN1	0	4	0
ERBB3	0	4	0
ERBB4	0	4	0
ERCC1	0	4	0
ERCC5	0	4	0
ERCC8	0	4	0
ERF	0	4	0
ERO1B	0	4	0
ETS1	0	4	0
ETS2	0	4	0
EVC	0	4	0
EZH1	0	4	0
F11	0	4	0
F12	0	4	0
FABP4	0	4	0
FADD	0	4	0
FARP2	0	4	0
FBLIM1	0	4	0
FBXL7	0	4	0
FBXO5	0	4	0
FCAMR	0	4	0
FDX2	0	4	0
FGB	0	4	0
FGF2	0	4	0
FGFR1	0	4	0
FIGNL1	0	4	0
FKBPL	0	4	0
FKTN	0	4	0
FLG	0	4	0
FLNB	0	4	0
FLT3LG	0	4	0
FMNL1	0	4	0
FOXA1	0	4	0
FOXH1	0	4	0
FRAT2	0	4	0
FRK	0	4	0
FST	0	4	0
FSTL3	0	4	0
FURIN	0	4	0
FZD5	0	4	0
GAB1	0	4	0
GABARAP	0	4	0
GABRB2	0	4	0
GALNT1	0	4	0
GALNT3	0	4	0
GATA3	0	4	0
GATA4	0	4	0
GBE1	0	4	0
GEN1	0	4	0
GFRA4	0	4	0
GGCX	0	4	0
GH2	0	4	0
GHR	0	4	0
GINS3	0	4	0
GJA1	0	4	0
GLA	0	4	0
GLP1R	0	4	0
GLRB	0	4	0
GLRX	0	4	0
GLYCAM1	0	4	0
GMNN	0	4	0
GNAI2	0	4	0
GNAQ	0	4	0
GNAT1	0	4	0
GNB1	0	4	0
GNB5	0	4	0
GNG2	0	4	0
GOLGA5	0	4	0
GOLGB1	0	4	0
GORASP1	0	4	0
GPER1	0	4	0
GPR37	0	4	0
GPS2	0	4	0
GPX8	0	4	0
GRB2	0	4	0
GRIN2A	0	4	0
GRIN2D	0	4	0
GRK3	0	4	0
GRK5	0	4	0
GSK3A	0	4	0
GTF2A1	0	4	0
GTF2E1	0	4	0
GYS1	0	4	0
HAND2	0	4	0
HBS1L	0	4	0
HCFC1	0	4	0
HCK	0	4	0
HDAC2	0	4	0
HDAC4	0	4	1
HDAC5	0	4	0
HES1	0	4	0
HEXA	0	4	0
HEY1	0	4	0
HHAT	0	4	0
HINT2	0	4	0
HLA-A	0	4	0
HLA-B	0	4	0
HLA-DOB	0	4	0
HLA-E	0	4	0
HMGA2	0	4	0
HMMR	0	4	0
HOXA11	0	4	0
HOXC8	0	4	0
HSBP1	0	4	0
HSPB1	0	4	0
HSPG2	0	4	0
IFI44	0	4	0
IFNAR1	0	4	0
IFNB1	0	4	0
IFNL1	0	4	0
IFT88	0	4	0
IGF1	0	4	0
IGHG3	0	4	0
IGHG4	0	4	0
IGKC	0	4	0
IKBKE	0	4	0
IL13RA1	0	4	0
IL13RA2	0	4	0
IL20	0	4	0
IL20RB	0	4	0
IL22	0	4	0
IL22RA1	0	4	0
IL2RG	0	4	0
IL31	0	4	0
IL31RA	0	4	0
IL32	0	4	0
IL33	0	4	0
IL34	0	4	0
IL37	0	4	0
IL4	0	4	0
INPPL1	0	4	1
INSR	0	4	0
IQCE	0	4	0
IRAK1	0	4	0
IRF5	0	4	0
IRS1	0	4	0
IRS4	0	4	0
ITGA1	0	4	0
ITGA3	0	4	0
ITGA5	0	4	0
ITGAX	0	4	0
ITGB1	0	4	0
ITGB2	0	4	0
ITGB4	0	4	0
ITK	0	4	0
ITPR3	0	4	0
IZUMO1	0	4	0
JADE1	0	4	0
JCHAIN	0	4	0
KCNJ10	0	4	0
KCNJ16	0	4	0
KCNJ9	0	4	0
KDM5B	0	4	0
KDR	0	4	0
KHDRBS1	0	4	0
KHDRBS3	0	4	0
KHSRP	0	4	0
KICS2	0	4	0
KIF17	0	4	0
KIF22	0	4	0
KIF4A	0	4	0
KIF5A	0	4	0
KIR3DL2	0	4	0
KLC1	0	4	0
KLK3	0	4	0
KLRC1	0	4	0
KMT2B	0	4	0
KRT27	0	4	0
KRT5	0	4	0
KSR1	0	4	0
L3MBTL2	0	4	0
LAMA1	0	4	0
LAMA2	0	4	0
LAMA5	0	4	0
LAMC1	0	4	0
LAT2	0	4	0
LATS1	0	4	0
LBP	0	4	0
LBR	0	4	0
LCE1A	0	4	0
LCK	0	4	0
LDB1	0	4	0
LEF1	0	4	0
LEP	0	4	0
LGI2	0	4	0
LGI3	0	4	0
LGI4	0	4	0
LHX3	0	4	0
LIF	0	4	0
LIG3	0	4	0
LIMD1	0	4	0
LIMS1	0	4	0
LIN7A	0	4	0
LINGO1	0	4	0
LMAN1	0	4	0
LMCD1	0	4	0
LOX	0	4	0
LPIN1	0	4	0
LRIG1	0	4	0
LRP1	0	4	0
LRP8	0	4	0
LTA	0	4	0
LTBP1	0	4	0
LTBR	0	4	0
LTK	0	4	0
M6PR	0	4	0
MADCAM1	0	4	0
MAML3	0	4	0
MAP1LC3A	0	4	0
MAP2K3	0	4	0
MAP2K4	0	4	0
MAP2K7	0	4	0
MAP3K1	0	4	0
MAP3K14	0	4	0
MAP3K7	0	4	0
MAPK3	0	4	0
MAPK6	0	4	0
MAVS	0	4	0
MBD3	0	4	0
MBL2	0	4	0
MC1R	0	4	0
MC4R	0	4	0
MCM2	0	4	0
MCM7	0	4	1
MDM2	0	4	0
MEAF6	0	4	0
MEN1	0	4	0
MFAP3	0	4	0
MIS18A	0	4	0
MLKL	0	4	0
MLPH	0	4	0
MLX	0	4	0
MMP13	0	4	0
MMP16	0	4	0
MMP3	0	4	0
MORC2	0	4	0
MPIG6B	0	4	0
MSH2	0	4	0
MSRA	0	4	0
MSRB1	0	4	0
MSRB2	0	4	0
MST1	0	4	0
MT-RNR2	0	4	0
MTF2	0	4	0
MTMR2	0	4	0
MTREX	0	4	0
MYB	0	4	0
MYD88	0	4	0
MYH11	0	4	0
MYL9	0	4	0
MYOD1	0	4	0
MYRIP	0	4	0
MYSM1	0	4	0
NAPA	0	4	0
NAT8B	0	4	0
NCAM1	0	4	0
NCAN	0	4	0
NCF1	0	4	0
NCF2	0	4	0
NCKIPSD	0	4	0
NCOA1	0	4	0
NCOA2	0	4	0
NCOA3	0	4	0
NCOA6	0	4	0
NECTIN4	0	4	0
NEDD8	0	4	0
NEFL	0	4	0
NEIL1	0	4	0
NEK11	0	4	0
NELL2	0	4	0
NFE2	0	4	0
NLRP3	0	4	0
NLRX1	0	4	0
NOC2L	0	4	0
NOTCH3	0	4	0
NR1H2	0	4	0
NR1H3	0	4	0
NR2E1	0	4	0
NR4A1	0	4	0
NR4A2	0	4	0
NTF3	0	4	0
NTF4	0	4	0
NTRK1	0	4	0
NUDC	0	4	0
NUMA1	0	4	0
OBI1	0	4	0
OBSL1	0	4	0
OGG1	0	4	0
OGT	0	4	0
OPN1SW	0	4	0
OPRM1	0	4	0
ORC3	0	4	0
ORC4	0	4	0
P2RY12	0	4	0
P4HA3	0	4	0
P4HB	0	4	0
PAK6	0	4	0
PARD6A	0	4	0
PARD6B	0	4	0
PARK7	0	4	0
PARVA	0	4	0
PAX3	0	4	0
PCBP2	0	4	0
PCGF6	0	4	0
PCSK1	0	4	0
PDCD1LG2	0	4	0
PDCD6IP	0	4	0
PDE5A	0	4	0
PELI3	0	4	0
PEX12	0	4	0
PEX13	0	4	0
PEX5	0	4	0
PGGT1B	0	4	0
PHF10	0	4	0
PHF8	0	4	0
PIDD1	0	4	0
PIGK	0	4	0
PIK3AP1	0	4	0
PIK3CD	0	4	0
PIK3R2	0	4	0
PIP4K2B	0	4	0
PIP5K1B	0	4	0
PLA2G7	0	4	0
PLAU	0	4	0
PLCG1	0	4	0
PLEC	0	4	0
PLEKHA8	0	4	0
POFUT1	0	4	0
POLA2	0	4	0
POLD2	0	4	0
POLD3	0	4	0
POLL	0	4	0
POLQ	0	4	0
POMGNT1	0	4	0
PPARA	0	4	0
PPARD	0	4	0
PPARG	0	4	0
PPEF1	0	4	0
PPFIA3	0	4	0
PPFIA4	0	4	0
PPFIBP1	0	4	0
PPHLN1	0	4	0
PPM1E	0	4	0
PPP1CC	0	4	0
PPP1R10	0	4	0
PPRC1	0	4	0
PRDM4	0	4	0
PREB	0	4	0
PREX1	0	4	0
PRIM2	0	4	0
PRKAB1	0	4	0
PRKAG3	0	4	0
PRKAR1A	0	4	0
PRKG1	0	4	0
PRLR	0	4	0
PRMT5	0	4	0
PSENEN	0	4	0
PSMD12	0	4	0
PSME4	0	4	0
PTPN6	0	4	0
PTPRF	0	4	0
PTPRJ	0	4	0
PVR	0	4	0
PWWP2B	0	4	0
RAB10	0	4	0
RAB11A	0	4	0
RAB14	0	4	0
RAB5A	0	4	0
RAB5B	0	4	0
RAB5C	0	4	0
RAB6A	0	4	0
RAB8B	0	4	0
RAC1	0	4	0
RAD21	0	4	0
RAF1	0	4	0
RANBP2	0	4	0
RANGAP1	0	4	0
RAP1GDS1	0	4	0
RAPGEF3	0	4	0
RBBP8	0	4	0
RBPJ	0	4	0
RBSN	0	4	0
RCC1	0	4	0
RELB	0	4	0
REN	0	4	0
RET	0	4	0
RGL3	0	4	0
RHOD	0	4	0
RHOT1	0	4	0
RHOT2	0	4	0
RING1	0	4	0
RIPK2	0	4	0
RMI1	0	4	0
RMND5B	0	4	0
RNF135	0	4	0
RNF144A	0	4	0
RNF146	0	4	0
RNF2	0	4	0
RNGTT	0	4	0
ROBO2	0	4	0
ROCK2	0	4	0
RPS6KA1	0	4	0
RPS6KA3	0	4	0
RPS6KB2	0	4	0
RSPO3	0	4	0
RTEL1	0	4	0
RUFY1	0	4	0
RUNX2	0	4	0
SAE1	0	4	0
SDCBP	0	4	0
SELP	0	4	0
SENP2	0	4	0
SENP5	0	4	0
SENP8	0	4	0
SERPINF2	0	4	0
SFN	0	4	0
SFRP1	0	4	0
SFTA3	0	4	0
SGCG	0	4	0
SGK1	0	4	0
SH2B1	0	4	0
SH3GL2	0	4	0
SHANK3	0	4	0
SHB	0	4	0
SIAH2	0	4	0
SIGLEC14	0	4	0
SIPA1	0	4	0
SIRPG	0	4	0
SKIC8	0	4	0
SKIL	0	4	0
SLA	0	4	0
SLC16A1	0	4	0
SLC16A3	0	4	0
SLC38A9	0	4	0
SLC8A3	0	4	0
SLC9A1	0	4	0
SMAD3	0	4	0
SMAD5	0	4	0
SMARCA5	0	4	0
SMARCC2	0	4	0
SMPD1	0	4	0
SNTG2	0	4	0
SNX3	0	4	0
SOCS3	0	4	0
SOCS6	0	4	0
SOS1	0	4	0
SOX4	0	4	0
SP7	0	4	0
SPC24	0	4	0
SPC25	0	4	0
SPRTN	0	4	0
SPRY2	0	4	0
SPTBN1	0	4	0
SRRT	0	4	0
STAM	0	4	0
STAT3	0	4	0
STAT5B	0	4	0
STK24	0	4	0
STK3	0	4	0
STK4	0	4	0
STT3A	0	4	0
STX18	0	4	0
STX5	0	4	0
SUPT16H	0	4	0
SURF4	0	4	0
SYCP3	0	4	0
SYMPK	0	4	0
SYNJ1	0	4	0
SZT2	0	4	0
TAF1	0	4	0
TAS1R1	0	4	0
TASP1	0	4	0
TBC1D14	0	4	0
TBC1D20	0	4	0
TBC1D7	0	4	0
TBPL2	0	4	0
TBXT	0	4	0
TCF7L2	0	4	0
TCN2	0	4	0
TDG	0	4	0
TEX10	0	4	0
TFAM	0	4	0
TFEB	0	4	0
TFG	0	4	0
TFPI	0	4	0
TGFB1	0	4	0
TGFBR3	0	4	0
TGIF1	0	4	0
TGIF2	0	4	0
TLE4	0	4	0
TLR3	0	4	0
TLR8	0	4	0
TMEM219	0	4	0
TMPRSS6	0	4	0
TNFRSF11A	0	4	0
TNFRSF17	0	4	0
TNFSF11	0	4	0
TNFSF14	0	4	0
TNKS	0	4	0
TNNC2	0	4	0
TNNI2	0	4	0
TNNT1	0	4	0
TOP1	0	4	0
TP53	0	4	0
TP53INP1	0	4	0
TP53RK	0	4	0
TP63	0	4	0
TRAV19	0	4	0
TRAV8-4	0	4	0
TRIM25	0	4	0
TRIM27	0	4	0
TRIM28	0	4	0
TRIM33	0	4	0
TRIM56	0	4	0
TRIP11	0	4	0
TRPC7	0	4	0
TSLP	0	4	0
TSPAN15	0	4	0
TTC5	0	4	0
TUSC3	0	4	0
TWIST2	0	4	0
TXNRD1	0	4	0
UACA	0	4	0
UBA52	0	4	0
UBE2F	0	4	0
UBE2L3	0	4	0
UNC13B	0	4	0
UQCC5	0	4	0
UQCRFS1	0	4	0
USP10	0	4	0
USP15	0	4	0
USP28	0	4	0
USP44	0	4	0
USP45	0	4	0
USP7	0	4	1
VAV1	0	4	0
VAV2	0	4	0
VCAM1	0	4	0
VEGFB	0	4	0
VEGFC	0	4	0
VENTX	0	4	0
VPS28	0	4	0
VPS51	0	4	0
VTN	0	4	0
WDR48	0	4	0
WIPI2	0	4	0
WNT1	0	4	0
WNT9A	0	4	0
WWC1	0	4	0
WWOX	0	4	0
XPOT	0	4	0
YAP1	0	4	0
YWHAB	0	4	0
YWHAQ	0	4	0
ZAP70	0	4	0
ZC3H4	0	4	0
ZDHHC2	0	4	0
ZDHHC5	0	4	0
ZDHHC8	0	4	0
ZEB2	0	4	0
ZFPM2	0	4	0
ZFYVE16	0	4	0
ZFYVE9	0	4	0
ZNF385A	0	4	0
ZNF423	0	4	0
ZNF827	0	4	0
ZNRF3	0	4	0
ZW10	0	4	0
AAMP	1	0	0
AATF	1	0	0
ABHD17A	1	0	0
ABHD17C	1	0	0
ABHD5	1	0	0
ACE2	1	0	0
ACTA1	1	0	0
ACTG1	1	0	0
ACTN2	1	0	0
ACTN3	1	0	0
ACTR10	1	0	0
ADAM10	1	0	0
ADAM30	1	0	0
ADCY3	1	0	0
ADGRE5	1	0	0
ADORA2A	1	0	0
ADRA2A	1	0	0
ADRA2B	1	0	0
ADRM1	1	0	0
AGO2	1	0	0
AGPS	1	0	0
AHCYL1	1	0	0
AHR	1	0	0
AJUBA	1	0	0
AKAP1	1	0	0
AKT1	1	0	0
AKT2	1	0	0
ALKAL1	1	0	0
ALPK1	1	0	0
AMBP	1	0	0
AMOTL1	1	0	0
ANXA2	1	0	0
AP4E1	1	0	0
APEX2	1	0	0
APOA1	1	0	0
APOBR	1	0	0
APOC1	1	0	0
APOC2	1	0	0
APOE	1	0	0
APP	1	0	0
ARC	1	0	0
ARHGAP32	1	0	0
ARHGAP39	1	0	0
ARHGDIB	1	0	0
ARL13B	1	0	0
ARNT	1	0	1
ARRB1	1	0	0
ASH2L	1	0	0
ASXL1	1	0	0
ATF2	1	0	0
ATF5	1	0	0
ATF6	1	0	0
ATG101	1	0	0
ATG16L1	1	0	0
ATG16L2	1	0	0
ATG7	1	0	0
ATM	1	0	0
ATRIP	1	0	0
AVP	1	0	0
AXIN1	1	0	0
BABAM1	1	0	0
BARD1	1	0	0
BAZ1B	1	0	0
BAZ2A	1	0	0
BCL2L1	1	0	0
BCL9	1	0	0
BCL9L	1	0	0
BCR	1	0	0
BET1	1	0	0
BGLAP	1	0	0
BICRAL	1	0	0
BLK	1	0	0
BLM	1	0	0
BMF	1	0	0
BNIP1	1	0	0
BRCA1	1	0	0
BRCA2	1	0	0
BRD9	1	0	0
BTC	1	0	0
BTRC	1	0	0
BUB1B	1	0	0
C1D	1	0	0
C1QB	1	0	0
C2	1	0	0
C5AR2	1	0	0
C7	1	0	0
C9	1	0	0
CACNA1C	1	0	0
CACNA1D	1	0	0
CACNA1H	1	0	0
CACNB3	1	0	0
CACNG7	1	0	0
CALCB	1	0	0
CALM3	1	0	0
CALR	1	0	0
CAMK2B	1	0	0
CAMKK1	1	0	0
CAMKK2	1	0	0
CAP1	1	0	0
CARMIL1	1	0	0
CASC3	1	0	0
CASP2	1	0	0
CAV3	1	0	0
CCND3	1	0	0
CCNE1	1	0	0
CCR1	1	0	0
CCR3	1	0	0
CCR8	1	0	0
CD177	1	0	0
CD28	1	0	0
CD34	1	0	0
CD3G	1	0	0
CD4	1	0	0
CD44	1	0	0
CD5L	1	0	0
CD72	1	0	0
CD81	1	0	0
CD8B	1	0	0
CDC6	1	0	0
CDCA5	1	0	0
CDH15	1	0	0
CDH24	1	0	0
CDK7	1	0	0
CDK8	1	0	0
CDKN2C	1	0	0
CFI	1	0	0
CFP	1	0	0
CHD1L	1	0	0
CHD2	1	0	0
CHD6	1	0	0
CHST10	1	0	0
CLASP1	1	0	0
CLNS1A	1	0	0
CLTA	1	0	0
CLTC	1	0	0
CLTCL1	1	0	0
CLU	1	0	0
CLVS1	1	0	0
CLVS2	1	0	0
CNGA1	1	0	0
CNIH3	1	0	0
CNTNAP1	1	0	0
COL3A1	1	0	0
COLEC10	1	0	0
COP1	1	0	0
COPB1	1	0	0
COPZ2	1	0	0
CPE	1	0	0
CPS1	1	0	0
CREB1	1	0	0
CREB3L1	1	0	0
CRLF2	1	0	0
CRTC2	1	0	0
CRTC3	1	0	0
CSF1R	1	0	1
CSNK1D	1	0	0
CSNK1E	1	0	0
CSNK2A1	1	0	0
CSNK2B	1	0	0
CSTF1	1	0	0
CSTF2T	1	0	0
CTBP1	1	0	0
CTBP2	1	0	0
CTNNA1	1	0	1
CTSC	1	0	0
CTSK	1	0	0
CTSS	1	0	0
CUL2	1	0	0
CUL3	1	0	0
CUL4B	1	0	0
CXCR4	1	0	0
CYB5R2	1	0	0
CYC1	1	0	0
DAB2	1	0	0
DAD1	1	0	0
DAPP1	1	0	0
DBT	1	0	0
DCTN1	1	0	0
DCTN5	1	0	0
DDX17	1	0	0
DDX5	1	0	0
DEFA3	1	0	0
DEFA5	1	0	0
DEK	1	0	0
DENND1A	1	0	0
DENND2A	1	0	0
DENND4C	1	0	0
DFFB	1	0	0
DIAPH2	1	0	0
DIAPH3	1	0	0
DKK1	1	0	0
DLGAP1	1	0	0
DLGAP2	1	0	0
DLST	1	0	0
DMBT1	1	0	0
DMC1	1	0	0
DMPK	1	0	0
DMTN	1	0	0
DOCK11	1	0	0
DOCK8	1	0	0
DOK2	1	0	0
DPF2	1	0	0
DPH5	1	0	0
DPPA4	1	0	0
DSCAML1	1	0	0
DTL	1	0	0
DUSP3	1	0	0
DUSP4	1	0	0
DVL1	1	0	0
DYNC1I1	1	0	0
E2F2	1	0	0
EED	1	0	0
EEF1A1	1	0	0
EEF1AKMT1	1	0	0
EEF2KMT	1	0	0
EFCAB7	1	0	0
EGFR	1	0	0
EGR1	1	0	0
EIF2AK2	1	0	0
EIF2AK3	1	0	0
EIF2S1	1	0	0
ELF1	1	0	0
ELF2	1	0	0
ELF3	1	0	0
ELOA2	1	0	0
EME2	1	0	0
ENPEP	1	0	0
EPB41L2	1	0	0
EPN2	1	0	0
EPO	1	0	0
ERBB3	1	0	0
ERBB4	1	0	0
ERN1	1	0	0
ERO1A	1	0	0
EVC2	1	0	0
EXO1	1	0	0
EZH2	1	0	0
F5	1	0	0
F7	1	0	0
FADD	1	0	0
FBXL21P	1	0	0
FBXW7	1	0	0
FCGR1A	1	0	0
FDX2	1	0	0
FER	1	0	0
FGF2	1	0	0
FGR	1	0	0
FLG	1	0	0
FLRT3	1	0	0
FLT3	1	0	0
FMNL1	1	0	0
FN1	1	0	0
FNTA	1	0	0
FNTB	1	0	0
FOXL2	1	0	0
FOXM1	1	0	0
FRK	1	0	0
FRS3	1	0	0
FST	1	0	0
FZR1	1	0	0
GAA	1	0	0
GABBR2	1	0	0
GADD45A	1	0	0
GANAB	1	0	0
GATA3	1	0	0
GBA1	1	0	0
GBP2	1	0	0
GBP4	1	0	0
GBP5	1	0	0
GCGR	1	0	0
GEN1	1	0	0
GET1	1	0	0
GET3	1	0	0
GET4	1	0	0
GFAP	1	0	0
GFRA1	1	0	0
GID8	1	0	0
GIP	1	0	0
GIPR	1	0	0
GLA	1	0	0
GLRA1	1	0	0
GLRA2	1	0	0
GLRB	1	0	0
GLUD1	1	0	0
GLYCAM1	1	0	0
GMNN	1	0	0
GNA15	1	0	0
GNAI3	1	0	0
GNAQ	1	0	0
GP1BA	1	0	0
GP1BB	1	0	0
GP6	1	0	0
GPNMB	1	0	0
GPS2	1	0	0
GPX7	1	0	0
GRIA2	1	0	0
GRIA3	1	0	0
GRIK3	1	0	0
GRIN2C	1	0	0
GRK1	1	0	0
GRM1	1	0	0
GRM5	1	0	0
GSN	1	0	0
GTF2E1	1	0	0
GTF2E2	1	0	0
GYG2	1	0	0
GZMB	1	0	0
HAPLN1	1	0	0
HBS1L	1	0	0
HCST	1	0	0
HDAC1	1	0	0
HDAC2	1	0	0
HDAC6	1	0	0
HECW1	1	0	0
HEY2	1	0	0
HIF1A	1	0	0
HIF3A	1	0	0
HIPK1	1	0	0
HLA-DMB	1	0	0
HLA-DOA	1	0	0
HOMER1	1	0	0
HOMER3	1	0	0
HOXD11	1	0	0
HPX	1	0	0
HRG	1	0	0
HSD17B4	1	0	0
HSP90AB1	1	0	0
HSP90B1	1	0	0
HSPG2	1	0	0
HSPH1	1	0	0
HUS1	1	0	0
IBSP	1	0	0
ICAM1	1	0	0
IFIH1	1	0	0
IFNAR1	1	0	0
IFNAR2	1	0	0
IFNB1	1	0	0
IFNGR1	1	0	0
IFNL2	1	0	0
IFNL3	1	0	0
IFNLR1	1	0	0
IGFBP5	1	0	0
IGKC	1	0	0
IKBKB	1	0	0
IL10RA	1	0	0
IL10RB	1	0	0
IL11	1	0	0
IL11RA	1	0	0
IL12RB1	1	0	0
IL15	1	0	0
IL17RD	1	0	0
IL19	1	0	0
IL1RAPL1	1	0	0
IL27RA	1	0	0
IL2RG	1	0	0
IL31	1	0	0
IL4	1	0	0
IL6ST	1	0	0
IL9R	1	0	0
ILF2	1	0	0
ING5	1	0	0
INHBB	1	0	0
INS	1	0	0
INSIG1	1	0	0
IPO8	1	0	0
IRAK1	1	0	0
IRF3	1	0	0
ITGA1	1	0	0
ITGA3	1	0	0
ITGA4	1	0	0
ITGA7	1	0	0
ITGA9	1	0	0
ITGAL	1	0	0
ITGB2	1	0	0
ITGB7	1	0	0
ITGB8	1	0	0
ITK	1	0	0
ITPKC	1	0	0
ITPR1	1	0	0
JAK2	1	0	0
JAM2	1	0	0
JAM3	1	0	0
JUND	1	0	0
KAT6A	1	0	0
KCNJ15	1	0	0
KCNJ16	1	0	0
KCNJ2	1	0	0
KCNJ6	1	0	0
KCNJ9	1	0	0
KCNMA1	1	0	0
KCNQ2	1	0	0
KCTD1	1	0	0
KDM4B	1	0	0
KEAP1	1	0	0
KIDINS220	1	0	0
KIF14	1	0	0
KIF3B	1	0	0
KIF4A	1	0	0
KIF4B	1	0	0
KIR2DS4	1	0	0
KIRREL1	1	0	0
KITLG	1	0	0
KLC2	1	0	0
KLRK1	1	0	0
KRT14	1	0	0
KRT25	1	0	0
LALBA	1	0	0
LAMA1	1	0	0
LAMA2	1	0	0
LAT	1	0	0
LATS1	1	0	0
LCAT	1	0	0
LDB1	1	0	0
LEF1	1	0	0
LGI4	1	0	0
LGR4	1	0	0
LHX4	1	0	0
LIG1	1	0	0
LIG4	1	0	0
LIMS1	1	0	0
LIPE	1	0	0
LMNA	1	0	0
LNPEP	1	0	0
LOX	1	0	0
LPL	1	0	0
LRIG1	1	0	0
LRRC41	1	0	0
LRRFIP1	1	0	0
LRRK2	1	0	0
LTBP4	1	0	0
LUM	1	0	0
MADD	1	0	0
MAF	1	0	0
MAF1	1	0	0
MAFF	1	0	0
MAML1	1	0	0
MAP2K5	1	0	0
MAP2K7	1	0	0
MAP3K7	1	0	0
MAP3K8	1	0	0
MAPK6	1	0	0
MAS1	1	0	0
MATK	1	0	0
MBD4	1	0	0
MBTPS1	1	0	0
MC1R	1	0	0
MCM4	1	0	0
MCM6	1	0	0
MDK	1	0	0
ME1	1	0	0
MEMO1	1	0	0
MET	1	0	0
METAP2	1	0	0
METTL23	1	0	0
METTL3	1	0	0
MFAP3	1	0	0
MIA3	1	0	0
MKNK1	1	0	0
MKRN1	1	0	0
MLPH	1	0	0
MMP12	1	0	0
MMP7	1	0	0
MPG	1	0	0
MPIG6B	1	0	0
MS4A2	1	0	0
MSRB3	1	0	0
MT-CO2	1	0	0
MTA3	1	0	0
MTRES1	1	0	0
MUC20	1	0	0
MYH14	1	0	0
MYL12A	1	0	0
MYLK	1	0	0
MYO10	1	0	0
NAB2	1	0	0
NAE1	1	0	0
NCK2	1	0	0
NCOA2	1	0	0
NCR1	1	0	0
NECTIN2	1	0	0
NECTIN3	1	0	0
NEDD4	1	0	0
NELFE	1	0	0
NELL2	1	0	0
NFKB2	1	0	0
NFYB	1	0	0
NFYC	1	0	0
NGEF	1	0	0
NLRC4	1	0	0
NMT2	1	0	0
NODAL	1	0	0
NOSTRIN	1	0	0
NOTCH2NLA	1	0	0
NOTCH2NLB	1	0	0
NPHP1	1	0	0
NR2C1	1	0	0
NR2E1	1	0	0
NRF1	1	0	0
NRGN	1	0	0
NRIP1	1	0	0
NRP1	1	0	0
NRP2	1	0	0
NSL1	1	0	0
NSMAF	1	0	0
NTN3	1	0	0
NUDC	1	0	0
NUF2	1	0	0
OASL	1	0	0
OBI1	1	0	0
OCLN	1	0	0
OPRM1	1	0	0
ORC1	1	0	0
OS9	1	0	0
OSBPL1A	1	0	0
OTUD5	1	0	0
PABPN1	1	0	0
PAK5	1	0	0
PARD6A	1	0	0
PARD6B	1	0	0
PAX2	1	0	0
PDE6B	1	0	0
PDGFB	1	0	0
PDPK1	1	0	0
PER2	1	0	0
PEX12	1	0	0
PEX13	1	0	0
PGAM5	1	0	0
PHC1	1	0	0
PHC3	1	0	0
PHF20	1	0	0
PHF6	1	0	0
PIK3CA	1	0	0
PIK3R3	1	0	0
PIK3R5	1	0	0
PIP5K1B	1	0	0
PKD1	1	0	0
PLA2G4A	1	0	0
PLA2G7	1	0	0
PLG	1	0	0
PLK1	1	0	0
PLN	1	0	0
PLXNC1	1	0	1
PODXL2	1	0	0
POLD1	1	0	0
POLD3	1	0	0
POLDIP3	1	0	0
POMGNT1	1	0	0
POMGNT2	1	0	0
POMK	1	0	0
POT1	1	0	0
POU4F2	1	0	0
PPARA	1	0	0
PPFIA3	1	0	0
PPM1A	1	0	0
PPM1B	1	0	0
PPM1K	1	0	0
PPP1R13L	1	0	0
PPP1R3C	1	0	0
PPP2R5D	1	0	0
PPP3CB	1	0	0
PPP3R1	1	0	0
PPP5C	1	0	0
PREX2	1	0	0
PRKAA2	1	0	0
PRKAB1	1	0	0
PRKACB	1	0	0
PRKACG	1	0	0
PRKAG3	1	0	0
PRKCG	1	0	0
PRKCQ	1	0	0
PRKG2	1	0	0
PROC	1	0	0
PROZ	1	0	0
PRSS8	1	0	0
PSMD6	1	0	0
PTEN	1	0	0
PTGES3	1	0	0
PTP4A2	1	0	0
PTPN18	1	0	0
PTPN2	1	0	0
PTPRC	1	0	0
PTPRD	1	0	0
PTTG1	1	0	0
PWWP2A	1	0	0
PYGL	1	0	0
RAB10	1	0	0
RAB11FIP3	1	0	0
RAB14	1	0	0
RAB31	1	0	0
RAB35	1	0	0
RAB3GAP2	1	0	0
RAB9A	1	0	0
RABGAP1	1	0	0
RABGEF1	1	0	0
RABGGTB	1	0	0
RAC1	1	0	0
RAD23B	1	0	0
RAD51B	1	0	0
RAD51C	1	0	0
RAD9B	1	0	0
RAMP1	1	0	0
RANBP1	1	0	0
RANGAP1	1	0	0
RAPGEF3	1	0	0
RASA1	1	0	0
RASGRP1	1	0	0
RASGRP2	1	0	0
RBM14	1	0	0
RELA	1	0	0
RGL2	1	0	0
RGL3	1	0	0
RGMB	1	0	0
RGS16	1	0	0
RGS7	1	0	0
RGS9BP	1	0	0
RHEB	1	0	0
RHOA	1	0	0
RHOG	1	0	0
RHOJ	1	0	0
RIC1	1	0	0
RIF1	1	0	0
RIMS1	1	0	0
RNF125	1	0	0
RNF8	1	0	0
ROBO2	1	0	0
ROBO3	1	0	0
ROR2	1	0	0
RRAS	1	0	0
RRM2	1	0	0
RRM2B	1	0	0
RRP8	1	0	0
RSF1	1	0	0
RSPO1	1	0	0
RSPO3	1	0	0
RTKN	1	0	0
RUVBL1	1	0	0
RXRG	1	0	0
S100A10	1	0	0
SACK1B	1	0	0
SAFB	1	0	0
SAP18	1	0	0
SAR1B	1	0	0
SCN5A	1	0	0
SCUBE2	1	0	0
SDC1	1	0	0
SEC16B	1	0	0
SEC23A	1	0	0
SEC23IP	1	0	0
SELPLG	1	0	0
SEPTIN7	1	0	0
SERPINA5	1	0	0
SERPINB1	1	0	0
SETD6	1	0	0
SFN	1	0	0
SFRP1	1	0	0
SGCZ	1	0	0
SGK1	1	0	0
SGO1	1	0	0
SH2B2	1	0	0
SIGLEC15	1	0	0
SIRPB1	1	0	0
SIRT1	1	0	0
SIRT2	1	0	0
SKP1	1	0	0
SLC16A1	1	0	0
SLC16A8	1	0	0
SLC9A1	1	0	0
SMO	1	0	0
SMPD2	1	0	0
SMURF1	1	0	0
SNAP23	1	0	0
SNX3	1	0	0
SOX2	1	0	0
SOX4	1	0	0
SPATA2	1	0	0
SPRED1	1	0	0
SPRTN	1	0	0
SPTBN1	1	0	0
SRPK1	1	0	0
SRXN1	1	0	0
ST14	1	0	0
STAB2	1	0	0
STAM2	1	0	0
STAMBP	1	0	0
STING1	1	0	0
STK24	1	0	0
STK3	1	0	0
STK4	1	0	0
STRADB	1	0	0
STXBP2	1	0	0
SUGT1	1	0	0
SUMO1	1	0	0
SUV39H1	1	0	0
SYT2	1	0	0
SYT9	1	0	0
TAP2	1	0	0
TAS1R2	1	0	0
TASP1	1	0	0
TAX1BP1	1	0	0
TBC1D10A	1	0	0
TBC1D20	1	0	0
TBX3	1	0	0
TBXA2R	1	0	0
TDG	1	0	0
TEAD1	1	0	0
TESK1	1	0	0
TFB2M	1	0	0
TFE3	1	0	0
THBD	1	0	0
THBS3	1	0	0
THEM4	1	0	0
THRA	1	0	0
TIRAP	1	0	0
TKFC	1	0	0
TLE2	1	0	0
TLN1	1	0	0
TLR2	1	0	0
TLR6	1	0	0
TLR7	1	0	0
TMEM177	1	0	0
TNFRSF11A	1	0	0
TNFRSF11B	1	0	0
TNFRSF14	1	0	0
TNFRSF17	1	0	0
TNFRSF1B	1	0	0
TNFRSF25	1	0	0
TNFSF11	1	0	0
TNFSF12	1	0	0
TNFSF13B	1	0	0
TNIP2	1	0	0
TNKS	1	0	0
TNKS2	1	0	0
TNS3	1	0	0
TNS4	1	0	0
TOP2B	1	0	0
TPX2	1	0	0
TRBC1	1	0	0
TRBV12-3	1	0	0
TREM1	1	0	0
TRIM72	1	0	0
TRPC7	1	0	0
TSC1	1	0	0
TTF1	1	0	0
TXNRD2	1	0	0
UBA3	1	0	0
UBE2D2	1	0	0
UBE2L6	1	0	0
UBE2V1	1	0	0
UBXN7	1	0	0
UCHL5	1	0	0
UHMK1	1	0	0
UNC5A	1	0	0
UQCC2	1	0	0
UQCR11	1	0	0
UQCRQ	1	0	0
USP14	1	0	0
USP2	1	0	0
USP30	1	0	0
USP7	1	0	1
USP8	1	0	0
UVSSA	1	0	0
VAMP3	1	0	0
VAMP8	1	0	0
VANGL2	1	0	0
VASP	1	0	0
VCPIP1	1	0	0
VEGFA	1	0	0
VEGFD	1	0	0
VPS25	1	0	0
VPS28	1	0	0
VPS37D	1	0	0
VWF	1	0	0
WAS	1	0	0
WDR20	1	0	0
WDR48	1	0	0
WIPI2	1	0	0
WNT11	1	0	0
WRN	1	0	0
WWP1	1	0	0
XIAP	1	0	0
XRCC2	1	0	0
XRCC6	1	0	0
YAF2	1	0	0
ZBTB17	1	0	0
ZBTB35	1	0	0
ZC3HC1	1	0	0
ZEB2	1	0	0
ZFAND6	1	0	0
ZNF350	1	0	0
ZNF420	1	0	0
ZNF74	1	0	0
ABHD17B	1	1	0
ABLIM1	1	1	0
ACBD3	1	1	0
ACTN4	1	1	0
ACVR2A	1	1	0
ADAM19	1	1	0
ADAM2	1	1	0
ADAM21	1	1	0
ADAM22	1	1	0
ADAMTS4	1	1	0
ADCYAP1	1	1	0
ADD1	1	1	0
ADM	1	1	0
ADM2	1	1	0
ADRA1D	1	1	0
AGO3	1	1	0
AGT	1	1	0
AGTR1	1	1	0
AKAP10	1	1	0
ALCAM	1	1	0
ANGPTL4	1	1	0
ANOS1	1	1	0
ANTXR1	1	1	0
ANTXR2	1	1	0
ANXA6	1	1	0
AP1B1	1	1	0
AP1G1	1	1	0
AP1M1	1	1	0
AP1S2	1	1	0
AP1S3	1	1	0
AP2A1	1	1	0
AP2M1	1	1	0
AP2S1	1	1	0
AP4B1	1	1	0
AP4M1	1	1	0
APBB1IP	1	1	0
APH1A	1	1	0
ARAF	1	1	0
ARAP1	1	1	0
ARF1	1	1	0
ARFGAP1	1	1	0
ARHGAP26	1	1	0
ARHGEF11	1	1	0
ARHGEF28	1	1	0
ARID1A	1	1	0
ARPP19	1	1	0
ARRB2	1	1	0
ARSA	1	1	0
ASAP1	1	1	0
ATG14	1	1	0
ATP1B3	1	1	0
ATR	1	1	0
AURKB	1	1	0
AVPR1A	1	1	0
AVPR2	1	1	0
B3GALNT2	1	1	0
B4GALT1	1	1	0
BACH1	1	1	0
BAIAP2	1	1	0
BBC3	1	1	0
BCKDHB	1	1	0
BCL2	1	1	0
BDNF	1	1	0
BEX3	1	1	0
BID	1	1	0
BIRC2	1	1	0
BMPR2	1	1	0
BOC	1	1	0
BRCC3	1	1	0
BRF2	1	1	0
BTK	1	1	0
BTN2A1	1	1	0
C1QBP	1	1	0
C1R	1	1	0
C3	1	1	0
C4BPA	1	1	0
C6	1	1	0
C8G	1	1	0
CACNA1B	1	1	0
CACNB4	1	1	0
CADM1	1	1	0
CAMK1	1	1	0
CAMKMT	1	1	0
CAPZA2	1	1	0
CAPZB	1	1	0
CASP4	1	1	0
CASP8	1	1	0
CBLIF	1	1	0
CBX1	1	1	0
CCNB2	1	1	0
CCND1	1	1	0
CCNK	1	1	0
CCNT2	1	1	0
CD14	1	1	0
CD151	1	1	0
CD1C	1	1	0
CD1D	1	1	0
CD209	1	1	0
CD226	1	1	0
CD247	1	1	0
CD300E	1	1	0
CD40	1	1	0
CD79B	1	1	0
CD86	1	1	0
CD9	1	1	0
CDC25C	1	1	0
CDC7	1	1	0
CDH11	1	1	0
CDH2	1	1	0
CDK12	1	1	0
CDK13	1	1	0
CDK2AP1	1	1	0
CDK4	1	1	0
CDK5R1	1	1	0
CDKN2D	1	1	0
CDT1	1	1	0
CEBPD	1	1	0
CETN1	1	1	0
CFH	1	1	0
CFL1	1	1	0
CFTR	1	1	0
CHD8	1	1	0
CHEK2	1	1	0
CHL1	1	1	0
CHMP2A	1	1	0
CITED1	1	1	0
CITED2	1	1	0
CLCF1	1	1	0
CLEC1B	1	1	0
CLEC4D	1	1	0
CLEC4E	1	1	0
CLEC5A	1	1	0
CLIP3	1	1	0
CMA1	1	1	0
CNGA2	1	1	0
CNTN2	1	1	0
COL1A1	1	1	0
COPE	1	1	0
COPG2	1	1	0
CPSF6	1	1	0
CREBRF	1	1	0
CRIPTO	1	1	0
CRTC1	1	1	0
CSF1	1	1	0
CSH1	1	1	0
CSK	1	1	0
CTDNEP1	1	1	0
CTDP1	1	1	0
CTNNA2	1	1	0
CTNNBIP1	1	1	0
CTRB1	1	1	0
CTSV	1	1	0
CUL4A	1	1	0
CUL5	1	1	0
CYSLTR2	1	1	0
CYTH1	1	1	0
CYTH3	1	1	0
DAB1	1	1	0
DAXX	1	1	0
DCC	1	1	0
DCLRE1C	1	1	0
DCUN1D3	1	1	0
DDIT3	1	1	0
DENND5B	1	1	0
DENND6A	1	1	0
DFFA	1	1	0
DICER1	1	1	0
DIS3L2	1	1	0
DISP2	1	1	0
DLG2	1	1	0
DLG4	1	1	0
DLGAP3	1	1	0
DLK1	1	1	0
DNAJA2	1	1	0
DNAJB6	1	1	0
DNAJC2	1	1	0
DNAJC6	1	1	0
DNMT3B	1	1	0
DNMT3L	1	1	0
DOCK9	1	1	0
DPF1	1	1	0
DPP4	1	1	0
DPYSL2	1	1	0
DRAP1	1	1	0
DRP2	1	1	0
DSCAM	1	1	0
DSG2	1	1	0
DTNB	1	1	0
DVL2	1	1	0
DYNC1H1	1	1	0
DYNC1I2	1	1	0
DYNC1LI1	1	1	0
E2F4	1	1	0
E2F6	1	1	0
EEF2	1	1	0
EGLN1	1	1	0
EGR2	1	1	0
EHD2	1	1	0
EIF2AK1	1	1	0
EIF4A3	1	1	0
EIF4E2	1	1	0
EIF4E3	1	1	0
EIF4EBP1	1	1	0
ELAVL1	1	1	0
ELOA	1	1	0
EME1	1	1	0
ENSA	1	1	0
EP300	1	1	0
EPB41	1	1	0
EPB41L3	1	1	0
EPB41L5	1	1	0
EPOR	1	1	0
ERCC1	1	1	0
ERCC4	1	1	0
ERLEC1	1	1	0
ERLIN1	1	1	0
ESRRA	1	1	0
ETS1	1	1	0
ETS2	1	1	0
F10	1	1	0
F11	1	1	0
F2RL3	1	1	0
F8	1	1	0
F9	1	1	0
FABP4	1	1	0
FBXO5	1	1	0
FBXW11	1	1	0
FDXR	1	1	0
FES	1	1	0
FGA	1	1	0
FGF1	1	1	0
FGF19	1	1	0
FGF23	1	1	0
FGFR2	1	1	0
FGFR4	1	1	0
FGG	1	1	0
FIRRM	1	1	0
FKBP6	1	1	0
FKBPL	1	1	0
FKRP	1	1	0
FLOT1	1	1	0
FLOT2	1	1	0
FLT3LG	1	1	0
FMNL3	1	1	0
FOLR1	1	1	0
FOXP3	1	1	0
FPR3	1	1	0
FRS2	1	1	0
FZD3	1	1	0
GAB2	1	1	0
GABARAPL2	1	1	0
GABRG2	1	1	0
GABRG3	1	1	0
GALNT1	1	1	0
GAS1	1	1	0
GATAD2B	1	1	0
GBP6	1	1	0
GC	1	1	0
GGA2	1	1	0
GGA3	1	1	0
GGCX	1	1	0
GLB1	1	1	0
GLDC	1	1	0
GLP1R	1	1	0
GNA11	1	1	0
GNAZ	1	1	0
GNB1	1	1	0
GNB4	1	1	0
GNG2	1	1	0
GNGT1	1	1	0
GOPC	1	1	0
GOSR2	1	1	0
GP5	1	1	0
GPR37	1	1	0
GRAP	1	1	0
GRB2	1	1	0
GRIA1	1	1	0
GRIK2	1	1	0
GRIK5	1	1	0
GRK4	1	1	0
GTF2F2	1	1	0
H2BC18	1	1	0
HAT1	1	1	0
HCK	1	1	0
HEBP1	1	1	0
HES7	1	1	0
HEXB	1	1	0
HIF1AN	1	1	0
HLA-A	1	1	0
HLA-C	1	1	1
HLA-DPA1	1	1	0
HNRNPA1	1	1	0
HPN	1	1	0
HPS1	1	1	0
HPS4	1	1	0
HSP90AA1	1	1	0
HSPA1B	1	1	0
HTRA1	1	1	0
HYAL2	1	1	0
ICAM3	1	1	0
IER3	1	1	0
IFI27	1	1	0
IFI44L	1	1	0
IFNG	1	1	0
IFNGR2	1	1	0
IFT20	1	1	0
IGHA1	1	1	0
IGHA2	1	1	0
IKBKG	1	1	0
IKZF3	1	1	0
IL18RAP	1	1	0
IL1RAP	1	1	0
IL2	1	1	0
IL2RB	1	1	0
IL31RA	1	1	0
IL3RA	1	1	0
IL9	1	1	0
INHBC	1	1	0
INPP5E	1	1	0
INPPL1	1	1	1
IQCE	1	1	0
IRAG1	1	1	0
IRAK2	1	1	0
IRF9	1	1	0
IRS1	1	1	0
IRS4	1	1	0
ITGA10	1	1	0
ITGA11	1	1	0
ITGA2	1	1	0
ITGAD	1	1	0
ITGB1	1	1	0
ITGB3	1	1	0
ITGB4	1	1	0
ITGB5	1	1	0
ITPKA	1	1	0
ITSN1	1	1	0
JAK3	1	1	0
JUN	1	1	0
KALRN	1	1	0
KCNMB2	1	1	0
KDM8	1	1	0
KHDRBS3	1	1	0
KIF17	1	1	0
KIF22	1	1	0
KIF3C	1	1	0
KIFAP3	1	1	0
KIR2DL1	1	1	0
KIR3DL1	1	1	0
KIRREL2	1	1	0
KIT	1	1	0
KL	1	1	0
KLK12	1	1	0
KLK13	1	1	0
KLRG1	1	1	0
KNTC1	1	1	0
KREMEN2	1	1	0
KRT1	1	1	0
KRT27	1	1	0
KRT28	1	1	0
KRT5	1	1	0
L1CAM	1	1	0
L3MBTL1	1	1	0
L3MBTL2	1	1	0
LAMA5	1	1	0
LAMB2	1	1	0
LAMB3	1	1	0
LAMC3	1	1	0
LARGE2	1	1	0
LCP2	1	1	0
LDLRAP1	1	1	0
LEFTY1	1	1	0
LEP	1	1	0
LEPR	1	1	0
LHX3	1	1	0
LIAS	1	1	0
LIFR	1	1	0
LILRA1	1	1	0
LIMD1	1	1	0
LRP2	1	1	0
LRP4	1	1	0
LRP5	1	1	0
LRRC7	1	1	0
LTA	1	1	0
LTBP1	1	1	0
LTC4S	1	1	0
LY96	1	1	0
LYN	1	1	1
LYPLA1	1	1	0
MAFB	1	1	0
MAFK	1	1	0
MAG	1	1	0
MAGI2	1	1	0
MAGOHB	1	1	0
MAML3	1	1	0
MAPK14	1	1	0
MAPK3	1	1	0
MAPK8	1	1	0
MAPK9	1	1	0
MAPKAPK2	1	1	0
MBL2	1	1	0
MBOAT4	1	1	0
MC5R	1	1	0
MCM7	1	1	1
MCM8	1	1	0
MDC1	1	1	0
MEAF6	1	1	0
MFAP2	1	1	0
MFAP4	1	1	0
MFN2	1	1	0
MGA	1	1	0
MIF	1	1	0
MIS18A	1	1	0
MIS18BP1	1	1	0
MKLN1	1	1	0
MLEC	1	1	0
MLX	1	1	0
MORC2	1	1	0
MPHOSPH8	1	1	0
MSH3	1	1	0
MSH6	1	1	0
MSI2	1	1	0
MSRB1	1	1	0
MTA1	1	1	0
MTA2	1	1	0
MTM1	1	1	0
MTMR2	1	1	0
MTMR4	1	1	0
MTRFR	1	1	0
MVB12A	1	1	0
MYB	1	1	0
MYF6	1	1	0
MYH10	1	1	0
MYL6	1	1	0
MYO1C	1	1	0
MYOD1	1	1	0
N4BP1	1	1	0
NAT8B	1	1	0
NBEA	1	1	0
NCBP1	1	1	0
NCF2	1	1	0
NCOA6	1	1	0
NCR2	1	1	0
NCR3LG1	1	1	0
NDC80	1	1	0
NECTIN4	1	1	0
NEIL1	1	1	0
NEK1	1	1	0
NELFA	1	1	0
NEU1	1	1	0
NFASC	1	1	0
NFATC3	1	1	0
NFE2	1	1	0
NFKB1	1	1	0
NFYA	1	1	0
NGFR	1	1	0
NHEJ1	1	1	0
NID1	1	1	0
NLRP1	1	1	0
NLRP4	1	1	0
NOX4	1	1	0
NPHP4	1	1	0
NPHS2	1	1	0
NPM1	1	1	0
NR1H3	1	1	0
NR5A1	1	1	0
NRG2	1	1	0
NSD2	1	1	0
NTRK1	1	1	0
NUAK1	1	1	0
NXT1	1	1	0
OMG	1	1	0
OPN1MW	1	1	0
ORC2	1	1	0
ORC5	1	1	0
P4HA1	1	1	0
PACS1	1	1	0
PAPPA	1	1	0
PARN	1	1	0
PARVA	1	1	0
PCGF6	1	1	0
PCLO	1	1	0
PCNA	1	1	0
PCOLCE	1	1	0
PCSK2	1	1	0
PDCD6IP	1	1	0
PDGFA	1	1	0
PDGFRB	1	1	0
PDYN	1	1	0
PEBP1	1	1	0
PELI1	1	1	0
PELI3	1	1	0
PELP1	1	1	0
PEX2	1	1	0
PEX5	1	1	0
PHF10	1	1	0
PHF19	1	1	0
PHKB	1	1	0
PHKG2	1	1	0
PHLPP2	1	1	0
PIK3AP1	1	1	0
PIK3CB	1	1	0
PIK3CG	1	1	0
PIK3R1	1	1	0
PIM1	1	1	0
PIP5K1C	1	1	0
PKMYT1	1	1	0
PLAUR	1	1	0
PLCB1	1	1	0
PLCB2	1	1	0
PLCB3	1	1	0
PLCB4	1	1	0
PLCG2	1	1	0
PLEC	1	1	0
PLEKHA3	1	1	0
PLIN1	1	1	0
PLK3	1	1	0
PLXNA1	1	1	0
PLXNA2	1	1	0
PNKP	1	1	0
PNN	1	1	0
POLA1	1	1	0
POLA2	1	1	0
POLB	1	1	0
POLG	1	1	0
POLI	1	1	0
POLM	1	1	0
POLQ	1	1	0
POMC	1	1	0
POU4F1	1	1	0
PPARGC1A	1	1	0
PPARGC1B	1	1	0
PPFIA4	1	1	0
PPIL2	1	1	0
PPP1R14A	1	1	0
PPP2R1A	1	1	0
PREB	1	1	0
PREX1	1	1	0
PRIM2	1	1	0
PRKAA1	1	1	0
PRKAB2	1	1	0
PRKAG1	1	1	0
PRKAR1A	1	1	0
PRL	1	1	0
PROS1	1	1	0
PSAP	1	1	0
PSMD10	1	1	0
PSMD11	1	1	0
PSMD12	1	1	0
PSMD13	1	1	0
PSMD14	1	1	0
PSME4	1	1	0
PSTPIP1	1	1	0
PTBP1	1	1	0
PTPN1	1	1	0
PTPN3	1	1	1
PTPN7	1	1	0
PTPRA	1	1	0
PWWP2B	1	1	0
RAB11A	1	1	0
RAB21	1	1	0
RAB3A	1	1	0
RAB3IP	1	1	0
RAB7A	1	1	0
RAB8B	1	1	0
RAD1	1	1	0
RAD52	1	1	0
RALA	1	1	0
RALGAPA2	1	1	0
RALGDS	1	1	0
RAMP3	1	1	0
RANBP10	1	1	0
RANBP2	1	1	0
RAPGEF4	1	1	0
RARA	1	1	0
RARB	1	1	0
RASGRF2	1	1	0
RBBP8	1	1	0
RBL1	1	1	0
RBM7	1	1	0
RBM8A	1	1	0
RBPJ	1	1	0
RBSN	1	1	0
RCC1	1	1	0
RCE1	1	1	0
RCOR1	1	1	0
REV1	1	1	0
REV3L	1	1	0
RGMA	1	1	0
RGP1	1	1	0
RHOBTB2	1	1	0
RHOQ	1	1	0
RHOT1	1	1	0
RHPN1	1	1	0
RHPN2	1	1	0
RIGI	1	1	0
RILP	1	1	0
RIN3	1	1	0
RING1	1	1	0
RIPK1	1	1	0
RMI1	1	1	0
RMI2	1	1	0
RMND5A	1	1	0
RND1	1	1	0
RNF146	1	1	0
RNF152	1	1	0
RNF168	1	1	0
RNF181	1	1	0
RNGTT	1	1	0
RORC	1	1	0
RPA2	1	1	0
RPS27A	1	1	0
RPS6	1	1	0
RPS6KA2	1	1	0
RPS6KA5	1	1	0
RPS6KB2	1	1	0
RRAGB	1	1	0
RRM1	1	1	0
RRN3	1	1	0
RTN4	1	1	0
RUNX2	1	1	0
RUNX3	1	1	0
RXRB	1	1	0
S100A1	1	1	0
S100A8	1	1	0
SARM1	1	1	0
SBF1	1	1	0
SCUBE1	1	1	0
SEC13	1	1	0
SEC16A	1	1	0
SEL1L	1	1	0
SELL	1	1	0
SEMA3A	1	1	0
SEMA6A	1	1	0
SENP5	1	1	0
SERPINA10	1	1	0
SERPINB2	1	1	0
SESN1	1	1	0
SESN2	1	1	0
SETD1A	1	1	0
SETDB1	1	1	0
SFRP2	1	1	0
SFTPA2	1	1	0
SFTPD	1	1	0
SGTA	1	1	0
SH2D2A	1	1	0
SH3KBP1	1	1	0
SHOC2	1	1	0
SHPRH	1	1	0
SIAH1	1	1	0
SIGLEC16	1	1	0
SIN3A	1	1	0
SIRT4	1	1	0
SIRT5	1	1	0
SKIC2	1	1	0
SKP2	1	1	0
SLC16A3	1	1	0
SLC17A7	1	1	0
SLC38A9	1	1	0
SLCO3A1	1	1	0
SLIT2	1	1	0
SLIT3	1	1	0
SLX4	1	1	0
SMAD4	1	1	0
SMAD5	1	1	0
SMAD9	1	1	0
SMARCD3	1	1	0
SMPD1	1	1	0
SMYD2	1	1	0
SNAP25	1	1	0
SNF8	1	1	0
SNTB2	1	1	0
SOCS5	1	1	0
SOCS6	1	1	0
SOS2	1	1	0
SOX17	1	1	0
SOX9	1	1	0
SPC24	1	1	0
SPINK9	1	1	0
SPOPL	1	1	0
SPRY2	1	1	0
SRGAP1	1	1	0
STAT2	1	1	0
STAT5A	1	1	0
STIM1	1	1	0
STN1	1	1	0
STON2	1	1	0
STRN	1	1	0
STX3	1	1	0
STX4	1	1	0
STX6	1	1	0
SURF4	1	1	0
SYK	1	1	0
SYNJ2	1	1	0
SYT1	1	1	0
TAB3	1	1	0
TACC3	1	1	0
TANK	1	1	0
TAP1	1	1	0
TAPBP	1	1	0
TAS1R1	1	1	0
TASL	1	1	0
TBC1D3	1	1	0
TBXT	1	1	0
TCF3	1	1	0
TEAD2	1	1	0
TEK	1	1	0
TEN1	1	1	0
TENT4B	1	1	0
TERT	1	1	0
TFAP2A	1	1	0
TFAP2C	1	1	0
TFPI	1	1	0
TGFB3	1	1	0
TGIF1	1	1	0
TIMELESS	1	1	0
TIMP1	1	1	0
TLE3	1	1	0
TLR1	1	1	0
TLR3	1	1	0
TLR8	1	1	0
TLR9	1	1	0
TMED2	1	1	0
TMEM258	1	1	0
TNC	1	1	0
TOLLIP	1	1	0
TP73	1	1	0
TPST1	1	1	0
TRAC	1	1	0
TRAF3	1	1	0
TRIM4	1	1	0
TRIO	1	1	0
TRIP11	1	1	0
TSC22D3	1	1	0
TSG101	1	1	0
TSLP	1	1	0
TSN	1	1	0
TSPOAP1	1	1	0
TYK2	1	1	0
UBA7	1	1	0
UBB	1	1	0
UBE2M	1	1	0
UBE2T	1	1	0
UBTF	1	1	0
UFD1	1	1	0
UPF2	1	1	0
UPF3A	1	1	0
UPF3B	1	1	0
UQCC6	1	1	0
UQCR10	1	1	0
UQCRB	1	1	0
USP17L2	1	1	0
USP26	1	1	0
USP28	1	1	0
USP33	1	1	0
USP9X	1	1	0
UVRAG	1	1	0
VAV3	1	1	0
VCAM1	1	1	0
VCL	1	1	0
VEGFB	1	1	0
VPS35	1	1	0
VPS36	1	1	0
VPS52	1	1	0
WDR26	1	1	0
WDR83	1	1	0
WEE1	1	1	0
WNT3	1	1	0
WNT3A	1	1	0
WNT4	1	1	0
WNT8B	1	1	0
WNT9A	1	1	0
WT1	1	1	0
WWP2	1	1	0
XPC	1	1	0
XPO1	1	1	0
XPO5	1	1	0
XRCC1	1	1	0
XRCC5	1	1	0
YBX1	1	1	0
YWHAB	1	1	0
YY1	1	1	0
ZBP1	1	1	0
ZC3H18	1	1	0
ZDHHC5	1	1	0
ZDHHC8	1	1	0
ZDHHC9	1	1	0
ZFHX3	1	1	0
ZFPM2	1	1	0
ZNF217	1	1	0
ZNF473	1	1	0
ZNRF3	1	1	0
ABCE1	1	2	0
ABL1	1	2	0
ABL2	1	2	0
ABLIM3	1	2	0
ABRAXAS2	1	2	0
ACE	1	2	0
ACTB	1	2	0
ACTC1	1	2	0
ACTN1	1	2	0
ACVR2B	1	2	0
ADAM15	1	2	0
ADNP2	1	2	0
AEBP2	1	2	0
AGAP2	1	2	0
AHRR	1	2	0
AICDA	1	2	0
AKT1S1	1	2	0
AKT3	1	2	0
ALB	1	2	0
ALK	1	2	0
AMBRA1	1	2	0
AMN	1	2	0
AMT	1	2	0
ANK1	1	2	0
AP1G2	1	2	0
AP1M2	1	2	0
AP1S1	1	2	0
AP2A2	1	2	0
AP4S1	1	2	0
APBA3	1	2	0
APEX1	1	2	0
ARF3	1	2	0
ARF6	1	2	0
ARHGAP10	1	2	0
ARHGAP35	1	2	0
ARHGEF7	1	2	0
ARID1B	1	2	0
ARTN	1	2	0
ASPH	1	2	0
ATF7IP	1	2	0
ATG12	1	2	0
ATP1A1	1	2	0
ATP1B1	1	2	0
AURKA	1	2	0
AVEN	1	2	0
AXL	1	2	0
B3GNT3	1	2	0
BAD	1	2	0
BCKDHA	1	2	0
BCL6	1	2	0
BET1L	1	2	0
BICD1	1	2	0
BMP1	1	2	0
BMPR1B	1	2	0
BOD1	1	2	0
BOD1L1	1	2	0
BORA	1	2	0
BRD7	1	2	0
BRIP1	1	2	0
BSG	1	2	0
BUB3	1	2	0
C1QA	1	2	0
C1S	1	2	0
C8B	1	2	0
CAB39L	1	2	0
CACNA2D1	1	2	0
CACNA2D2	1	2	0
CACNB1	1	2	0
CACNG3	1	2	0
CADM3	1	2	0
CALCR	1	2	0
CALM1	1	2	0
CAND1	1	2	0
CANX	1	2	0
CAPN2	1	2	0
CAPNS2	1	2	0
CAPZA1	1	2	0
CARD11	1	2	0
CARD8	1	2	0
CASP10	1	2	0
CASP8AP2	1	2	0
CASP9	1	2	0
CASTOR2	1	2	0
CAVIN1	1	2	0
CBLL1	1	2	0
CBX5	1	2	0
CCAR2	1	2	0
CCL1	1	2	0
CCL16	1	2	0
CCNC	1	2	0
CCNG1	1	2	0
CCNT1	1	2	0
CCP110	1	2	0
CCR2	1	2	0
CD163	1	2	0
CD19	1	2	0
CD1A	1	2	0
CD22	1	2	0
CD24	1	2	0
CD3D	1	2	0
CD40LG	1	2	0
CDC14B	1	2	0
CDC20	1	2	0
CDC42EP3	1	2	0
CDC42EP5	1	2	0
CDH19	1	2	0
CDKN2A	1	2	0
CDKN2B	1	2	0
CDSN	1	2	0
CEBPG	1	2	0
CENPA	1	2	0
CEP43	1	2	0
CFHR1	1	2	0
CFHR4	1	2	0
CFHR5	1	2	0
CHD3	1	2	0
CHML	1	2	0
CHP1	1	2	0
CKAP4	1	2	0
CLEC6A	1	2	0
CLIP1	1	2	0
CNTN6	1	2	0
COL18A1	1	2	0
COL1A2	1	2	0
COLEC11	1	2	0
COPG1	1	2	0
COPRS	1	2	0
COPS5	1	2	0
CPA3	1	2	0
CPAP	1	2	0
CPB2	1	2	0
CR1	1	2	0
CR2	1	2	0
CRABP2	1	2	0
CRP	1	2	0
CRTAM	1	2	0
CSF2RB	1	2	0
CSNK2A2	1	2	0
CSNK2A3	1	2	0
CTNNB1	1	2	0
CTSA	1	2	0
CTSG	1	2	0
CTSZ	1	2	0
CUL1	1	2	0
CUL7	1	2	0
CXXC4	1	2	0
CYB5R1	1	2	0
CYCS	1	2	0
CYSLTR1	1	2	0
CYTH4	1	2	0
DAPK1	1	2	0
DCN	1	2	0
DCTN6	1	2	0
DCX	1	2	0
DDOST	1	2	0
DENND1B	1	2	0
DENND3	1	2	0
DENND6B	1	2	0
DEPDC5	1	2	0
DGCR8	1	2	0
DLG1	1	2	0
DLL3	1	2	0
DLL4	1	2	0
DNAJA4	1	2	0
DOCK3	1	2	0
DPH1	1	2	0
DPH2	1	2	0
DPPA3	1	2	0
DPY30	1	2	0
DROSHA	1	2	0
DST	1	2	0
DTNA	1	2	0
DTX4	1	2	0
DUSP6	1	2	0
DUSP7	1	2	0
DVL3	1	2	0
DYNLL2	1	2	0
DYRK2	1	2	0
E2F1	1	2	0
EEF1D	1	2	0
EFNB2	1	2	0
EGLN2	1	2	0
EGLN3	1	2	0
EIF1AX	1	2	0
EIF2S2	1	2	0
EIF2S3	1	2	0
EIF4E	1	2	0
EIF4G1	1	2	0
EIF4G3	1	2	0
EIF4H	1	2	0
ELANE	1	2	0
ELMO1	1	2	0
ELMO2	1	2	0
EMILIN1	1	2	0
EPAS1	1	2	0
EPC1	1	2	0
EPM2A	1	2	0
EPOP	1	2	0
ERBB2	1	2	0
ERBIN	1	2	0
ERCC6	1	2	0
ERCC8	1	2	0
EREG	1	2	0
ESAM	1	2	0
ESCO1	1	2	0
ESCO2	1	2	0
ESR2	1	2	0
EVL	1	2	0
EXOSC10	1	2	0
EYA1	1	2	0
EYA2	1	2	0
EYA3	1	2	0
F13B	1	2	0
F2	1	2	0
F2R	1	2	0
F2RL2	1	2	0
FABP5	1	2	0
FANCD2	1	2	0
FARP2	1	2	0
FAS	1	2	0
FBLN2	1	2	1
FBXL18	1	2	0
FCER1A	1	2	0
FCER1G	1	2	0
FCN2	1	2	0
FDX1	1	2	0
FERMT2	1	2	0
FGB	1	2	0
FGF22	1	2	0
FGF9	1	2	0
FGFR3	1	2	0
FGFRL1	1	2	0
FILIP1	1	2	0
FKBP5	1	2	0
FLNA	1	2	0
FLNC	1	2	0
FLT4	1	2	0
FMNL2	1	2	0
FOXD3	1	2	0
FOXH1	1	2	0
FOXO3	1	2	0
FOXO4	1	2	0
FRAT2	1	2	0
FSTL3	1	2	0
FURIN	1	2	0
FZD1	1	2	0
FZD2	1	2	0
GABBR1	1	2	0
GABRB2	1	2	0
GAS2	1	2	0
GAS6	1	2	0
GATA4	1	2	0
GCSH	1	2	0
GDI1	1	2	0
GDI2	1	2	0
GGA1	1	2	0
GH2	1	2	0
GHR	1	2	0
GHRL	1	2	0
GINS1	1	2	0
GINS2	1	2	0
GLI2	1	2	0
GLI3	1	2	0
GLRX	1	2	0
GNA12	1	2	0
GNA13	1	2	0
GNAT1	1	2	0
GNAT3	1	2	0
GNB2	1	2	0
GOLGA7	1	2	0
GOLIM4	1	2	0
GP9	1	2	0
GPR37L1	1	2	0
GRB14	1	2	0
GRIK4	1	2	0
GRIN2A	1	2	0
GRIN3A	1	2	0
GRIN3B	1	2	0
GRK5	1	2	0
GRK6	1	2	0
GTF2A2	1	2	0
GTF2F1	1	2	0
GYG1	1	2	0
H1-0	1	2	0
H1-8	1	2	0
H3-4	1	2	0
HBEGF	1	2	0
HCFC1	1	2	0
HCFC2	1	2	0
HDAC3	1	2	0
HDAC5	1	2	0
HDAC7	1	2	0
HERC2	1	2	0
HES1	1	2	0
HEY1	1	2	0
HGFAC	1	2	0
HHIP	1	2	0
HINT2	1	2	0
HJURP	1	2	0
HLA-DQA2	1	2	0
HMGA1	1	2	0
HMGA2	1	2	0
HP	1	2	0
HRAS	1	2	0
HSBP1	1	2	0
HSPA5	1	2	0
HTT	1	2	0
ID1	1	2	0
IFIT3	1	2	0
IFNL1	1	2	0
IFT88	1	2	0
IGF1	1	2	0
IGF1R	1	2	0
IGF2	1	2	0
IGFALS	1	2	0
IGFBP1	1	2	0
IGFBP6	1	2	0
IGHG1	1	2	0
IKBIP	1	2	0
IKBKE	1	2	0
IKZF2	1	2	0
IL10	1	2	0
IL12A	1	2	0
IL13	1	2	0
IL18BP	1	2	0
IL18R1	1	2	0
IL1A	1	2	0
IL1R1	1	2	0
IL20	1	2	0
IL20RA	1	2	0
IL20RB	1	2	0
IL21	1	2	0
IL22RA2	1	2	0
IL23A	1	2	0
IL27	1	2	0
IL33	1	2	0
IL34	1	2	0
IL36G	1	2	0
IL36R	1	2	0
IL6	1	2	0
IL7R	1	2	0
ILF3	1	2	0
INCENP	1	2	0
ING2	1	2	0
INPP5D	1	2	0
IRF7	1	2	0
IRS2	1	2	0
ISG15	1	2	0
ISL1	1	2	0
ITGA5	1	2	0
ITGAM	1	2	0
ITGAX	1	2	0
ITPR2	1	2	0
ITPR3	1	2	0
JAG1	1	2	0
JAG2	1	2	0
KARS1	1	2	0
KAT2A	1	2	0
KAT2B	1	2	0
KAT5	1	2	0
KAT6B	1	2	0
KAT7	1	2	1
KCNJ14	1	2	0
KDM4A	1	2	0
KICS2	1	2	0
KIF5A	1	2	0
KIR2DL2	1	2	0
KIR2DL3	1	2	0
KIR2DS1	1	2	0
KIR2DS5	1	2	0
KIR3DL2	1	2	0
KIR3DS1	1	2	0
KLHL12	1	2	0
KLK3	1	2	0
KLK5	1	2	0
KLRC2	1	2	0
KMT2C	1	2	0
KMT2D	1	2	0
KNL1	1	2	1
LAMA4	1	2	0
LAMC1	1	2	0
LAMC2	1	2	0
LAMP2	1	2	0
LAT2	1	2	0
LATS2	1	2	0
LBP	1	2	0
LCK	1	2	0
LDLR	1	2	0
LIF	1	2	0
LIG3	1	2	0
LOXL1	1	2	0
LRFN2	1	2	0
LRP1	1	2	0
LRP6	1	2	0
LRRC14	1	2	0
LRRC4B	1	2	0
LRRC52	1	2	0
LTBP3	1	2	0
MAD2L2	1	2	0
MAEA	1	2	0
MAFG	1	2	0
MAGOH	1	2	0
MALSU1	1	2	0
MALT1	1	2	0
MAP2K3	1	2	0
MAP2K4	1	2	0
MAP2K6	1	2	0
MAPK1	1	2	0
MAPK11	1	2	0
MAPRE1	1	2	0
MARK3	1	2	0
MASP2	1	2	0
MAU2	1	2	0
MC2R	1	2	0
MCM10	1	2	0
MDM4	1	2	0
MEF2C	1	2	0
MEFV	1	2	0
METAP1	1	2	0
MIA2	1	2	0
MIB2	1	2	1
MIXL1	1	2	0
MLH3	1	2	0
MLKL	1	2	0
MME	1	2	0
MMP15	1	2	0
MMP19	1	2	0
MMP2	1	2	0
MOB1A	1	2	0
MT-CYB	1	2	0
MTF2	1	2	0
MTOR	1	2	0
MUSK	1	2	0
MVB12B	1	2	0
MYD88	1	2	0
MYH9	1	2	0
MYL12B	1	2	0
MYO19	1	2	0
MYO6	1	2	0
MYSM1	1	2	0
NAT8	1	2	0
NBAS	1	2	0
NBR1	1	2	0
NCAN	1	2	0
NCBP2	1	2	0
NCF1	1	2	0
NCOR2	1	2	0
NDUFAB1	1	2	0
NEFL	1	2	0
NEIL3	1	2	0
NELFB	1	2	0
NEU4	1	2	0
NFE2L2	1	2	0
NFKBIB	1	2	0
NFKBIE	1	2	0
NID2	1	2	0
NLRC5	1	2	0
NMT1	1	2	0
NOTCH1	1	2	0
NOTCH3	1	2	0
NOTCH4	1	2	0
NOX1	1	2	0
NOX3	1	2	0
NOXA1	1	2	0
NOXO1	1	2	0
NPHS1	1	2	0
NPLOC4	1	2	0
NPM2	1	2	0
NPNT	1	2	0
NPRL2	1	2	0
NPRL3	1	2	0
NPTN	1	2	0
NR1D1	1	2	0
NR2F2	1	2	0
NR3C2	1	2	0
NRAS	1	2	0
NTF4	1	2	0
NTN1	1	2	0
NTRK3	1	2	0
NUMA1	1	2	0
NUMB	1	2	0
OBSCN	1	2	0
OGDH	1	2	0
OGG1	1	2	0
OGT	1	2	0
OMA1	1	2	0
OPN1SW	1	2	0
OSMR	1	2	0
OTUB1	1	2	0
OTUD7B	1	2	0
P4HA2	1	2	0
PAGR1	1	2	0
PALB2	1	2	0
PAQR3	1	2	0
PARG	1	2	0
PAX3	1	2	0
PAX5	1	2	0
PAXIP1	1	2	0
PCGF2	1	2	0
PDCL	1	2	0
PDE5A	1	2	0
PDE6A	1	2	0
PDE6D	1	2	0
PDLIM5	1	2	0
PDS5A	1	2	0
PELO	1	2	0
PER1	1	2	0
PEX1	1	2	0
PEX10	1	2	0
PEX6	1	2	0
PGAP1	1	2	0
PGR	1	2	0
PHAX	1	2	0
PHLPP1	1	2	0
PHYH	1	2	0
PI4KB	1	2	0
PICALM	1	2	1
PIF1	1	2	0
PIGK	1	2	0
PIP4K2A	1	2	0
PIP4K2B	1	2	0
PKM	1	2	0
PKN2	1	2	0
PKP1	1	2	0
PLCG1	1	2	0
PLK2	1	2	0
PLXNB1	1	2	0
PML	1	2	0
POLE	1	2	0
POLH	1	2	0
POLRMT	1	2	0
POMT1	1	2	0
POU3F1	1	2	0
POU5F1	1	2	0
PPARG	1	2	0
PPFIA2	1	2	0
PPFIBP2	1	2	0
PPP1CA	1	2	0
PPP1R13B	1	2	0
PPP2R2D	1	2	0
PPP2R5A	1	2	0
PPP3CA	1	2	0
PPP4C	1	2	0
PPRC1	1	2	0
PRC1	1	2	0
PRDX1	1	2	0
PRDX2	1	2	0
PRDX3	1	2	0
PRDX5	1	2	0
PRKAG2	1	2	0
PRKAR2B	1	2	0
PRKDC	1	2	0
PRKN	1	2	0
PRLR	1	2	0
PRM1	1	2	0
PRNP	1	2	0
PRX	1	2	0
PSEN2	1	2	0
PSG1	1	2	0
PSMD8	1	2	0
PSPN	1	2	0
PTN	1	2	0
PTPN6	1	2	0
PTPRF	1	2	0
PTPRS	1	2	0
PTPRZ1	1	2	0
PTS	1	2	0
PVR	1	2	0
PYGO1	1	2	0
PYGO2	1	2	0
RAB13	1	2	0
RAB1B	1	2	0
RAB33B	1	2	0
RAB39A	1	2	0
RAB3GAP1	1	2	0
RAB5C	1	2	0
RAB6A	1	2	0
RABEP1	1	2	0
RABGGTA	1	2	0
RACGAP1	1	2	0
RAD18	1	2	0
RAD51AP1	1	2	0
RAN	1	2	0
RAP1GAP2	1	2	0
RAP1GDS1	1	2	0
RASGRF1	1	2	0
RB1CC1	1	2	0
RBBP4	1	2	0
RBBP5	1	2	0
RBBP7	1	2	0
RBCK1	1	2	0
RBL2	1	2	0
RELB	1	2	0
REPS2	1	2	0
REST	1	2	0
RGS9	1	2	0
RHO	1	2	0
RHOBTB1	1	2	0
RHOV	1	2	0
RNF123	1	2	0
RNF128	1	2	0
RNF144A	1	2	0
RNF41	1	2	0
RNMT	1	2	0
RPA3	1	2	0
RPA4	1	2	0
RPGRIP1L	1	2	0
RPS6KA3	1	2	0
RSPO4	1	2	0
RUFY1	1	2	0
RXYLT1	1	2	0
RYBP	1	2	0
SAE1	1	2	0
SATB1	1	2	0
SCAI	1	2	0
SCFD1	1	2	0
SCP2	1	2	0
SCRIB	1	2	0
SEC24A	1	2	0
SELE	1	2	0
SEMA7A	1	2	0
SENP2	1	2	0
SENP8	1	2	0
SERPINE1	1	2	0
SERPINE2	1	2	0
SETD1B	1	2	0
SFPQ	1	2	0
SFTA3	1	2	0
SGCA	1	2	0
SGCD	1	2	0
SGCE	1	2	0
SGCG	1	2	0
SGK3	1	2	0
SH2B1	1	2	0
SHANK2	1	2	0
SHC1	1	2	0
SHC3	1	2	0
SHH	1	2	0
SHTN1	1	2	0
SIAH2	1	2	0
SIPA1	1	2	0
SIRT3	1	2	0
SKI	1	2	0
SLA	1	2	0
SLBP	1	2	0
SLC15A4	1	2	0
SLC25A4	1	2	0
SLC8A3	1	2	0
SLIT1	1	2	0
SMAD1	1	2	0
SMAD2	1	2	0
SMAD3	1	2	0
SMARCA5	1	2	0
SMPD3	1	2	0
SNTA1	1	2	0
SNTG2	1	2	0
SOCS1	1	2	0
SOX13	1	2	0
SP3	1	2	0
SPAG9	1	2	0
SPINK5	1	2	0
SPINK6	1	2	0
SPP1	1	2	0
SPRY1	1	2	0
SRC	1	2	0
SREBF1	1	2	0
SREBF2	1	2	0
SRGAP2	1	2	0
SRMS	1	2	0
SSPN	1	2	0
STAM	1	2	0
STAP2	1	2	0
STAT1	1	2	0
STAT6	1	2	0
STIP1	1	2	0
STK11	1	2	0
STPG4	1	2	0
STX16	1	2	0
STX1A	1	2	0
STXBP1	1	2	0
SUMO3	1	2	0
SUPT16H	1	2	0
SUZ12	1	2	0
SYTL1	1	2	0
SZT2	1	2	0
TAB1	1	2	0
TAB2	1	2	0
TASOR	1	2	0
TBC1D25	1	2	0
TBC1D4	1	2	0
TBK1	1	2	0
TBL1XR1	1	2	0
TBP	1	2	0
TCF7L2	1	2	0
TCN2	1	2	0
TEAD3	1	2	0
TEAD4	1	2	0
TEX10	1	2	0
TFDP1	1	2	0
TGFB2	1	2	0
TGFBR3	1	2	0
THBS2	1	2	0
THRB	1	2	0
TICRR	1	2	0
TJP1	1	2	0
TLE1	1	2	0
TLL1	1	2	0
TLR10	1	2	0
TLR4	1	2	0
TLR5	1	2	0
TMEM219	1	2	0
TMPRSS2	1	2	0
TNFRSF12A	1	2	0
TNFRSF13B	1	2	0
TNFRSF1A	1	2	0
TNFRSF6B	1	2	0
TNK2	1	2	0
TNNT3	1	2	0
TOPORS	1	2	0
TP53BP1	1	2	0
TP53INP1	1	2	0
TRADD	1	2	0
TRAF2	1	2	0
TRAK2	1	2	0
TRAT1	1	2	0
TRIM33	1	2	0
TRPC1	1	2	0
TRPC5	1	2	0
TRPV4	1	2	0
TSFM	1	2	0
TSPAN15	1	2	0
TSPO	1	2	0
TUSC3	1	2	0
TXN	1	2	0
TXN2	1	2	0
TYROBP	1	2	0
TYSND1	1	2	0
UACA	1	2	0
UBE2B	1	2	0
UBE2D3	1	2	0
UBE2E1	1	2	0
UBE2I	1	2	0
UBE2V2	1	2	0
UBQLN2	1	2	0
UBXN1	1	2	0
UCHL3	1	2	0
UHRF1	1	2	0
UNC13B	1	2	0
UNC93B1	1	2	0
UQCC1	1	2	0
UQCRFS1	1	2	0
USP1	1	2	0
USP12	1	2	0
USP13	1	2	0
USP18	1	2	0
USP19	1	2	0
USP21	1	2	0
USP25	1	2	0
USP4	1	2	0
USP44	1	2	0
USP45	1	2	0
USP47	1	2	0
USP5	1	2	0
UTRN	1	2	0
VAMP4	1	2	0
VAMP7	1	2	0
VAV1	1	2	0
VAV2	1	2	0
VCPKMT	1	2	0
VHL	1	2	0
VLDLR	1	2	0
VPREB3	1	2	0
VPS37B	1	2	0
VPS37C	1	2	0
VPS53	1	2	0
WAPL	1	2	0
WASL	1	2	0
WIPF1	1	2	0
WNT5A	1	2	0
XPA	1	2	0
XRCC4	1	2	0
YAP1	1	2	0
YKT6	1	2	0
YWHAE	1	2	0
YWHAG	1	2	0
ZCCHC8	1	2	0
ZFYVE16	1	2	0
ZMYM2	1	2	0
ZNF598	1	2	0
ZNF827	1	2	0
ZW10	1	2	0
A2M	1	3	0
ABCA7	1	3	0
ABLIM2	1	3	0
ABRAXAS1	1	3	0
ACAN	1	3	0
ACIN1	1	3	0
ACKR3	1	3	0
ACTL6B	1	3	0
ACTR1A	1	3	0
ACVR1B	1	3	0
ADAM11	1	3	0
ADAM12	1	3	0
ADAM20	1	3	0
ADAM23	1	3	0
ADAMTS13	1	3	0
ADAMTS5	1	3	0
ADAR	1	3	0
ADCY1	1	3	0
ADCY8	1	3	0
ADD2	1	3	0
ADD3	1	3	0
ADNP	1	3	0
ADORA2B	1	3	0
ADRA1B	1	3	0
ADRA2C	1	3	0
ADRB2	1	3	0
AFDN	1	3	1
AGL	1	3	0
AGTR2	1	3	0
AKAP5	1	3	0
AKAP8L	1	3	0
ALOX5	1	3	0
AMOT	1	3	0
AMOTL2	1	3	0
ANGPT4	1	3	0
ANKFY1	1	3	0
ANKRD27	1	3	0
ANKRD28	1	3	0
ANPEP	1	3	0
ANXA1	1	3	0
APAF1	1	3	0
APBA1	1	3	0
APIP	1	3	0
APOB	1	3	0
APOBEC3G	1	3	0
APOC3	1	3	0
APPL1	1	3	0
AQP2	1	3	0
ARHGAP1	1	3	0
ARHGDIG	1	3	0
ARHGEF25	1	3	0
ARL2	1	3	0
ARMC8	1	3	0
ATAD2	1	3	0
ATF1	1	3	0
ATF6B	1	3	0
ATG9A	1	3	0
ATP1A4	1	3	0
ATP1B2	1	3	0
ATP1B4	1	3	0
ATP6AP2	1	3	0
ATP6V1H	1	3	0
ATRX	1	3	0
AVPR1B	1	3	0
B2M	1	3	0
BACE1	1	3	0
BAG4	1	3	0
BAG6	1	3	0
BAMBI	1	3	0
BANP	1	3	0
BATF	1	3	0
BCAR1	1	3	0
BCL10	1	3	0
BECN1	1	3	0
BGN	1	3	0
BICRA	1	3	0
BIRC5	1	3	0
BMAL2	1	3	0
BMP2	1	3	0
BMX	1	3	0
BRAF	1	3	0
BRAP	1	3	0
BRF1	1	3	0
BSN	1	3	0
C1QC	1	3	0
C2CD5	1	3	0
C5AR1	1	3	0
C8A	1	3	0
CAB39	1	3	0
CABIN1	1	3	0
CABLES1	1	3	0
CACNA1G	1	3	0
CACNA1I	1	3	0
CACNB2	1	3	0
CACNG4	1	3	0
CACNG6	1	3	0
CADM2	1	3	0
CALCA	1	3	0
CALCRL	1	3	0
CALM2	1	3	0
CAMK2A	1	3	0
CAMK2D	1	3	0
CAMK4	1	3	0
CAP2	1	3	0
CAPN1	1	3	0
CASP14	1	3	0
CASP6	1	3	0
CASP7	1	3	0
CAV1	1	3	0
CBL	1	3	0
CBX3	1	3	0
CCL13	1	3	0
CCL5	1	3	0
CCND2	1	3	0
CCNE2	1	3	0
CCNH	1	3	0
CCR4	1	3	0
CCR5	1	3	0
CD160	1	3	0
CD274	1	3	1
CD300LB	1	3	0
CD320	1	3	0
CD3E	1	3	0
CD46	1	3	0
CD47	1	3	0
CD55	1	3	0
CD74	1	3	0
CD79A	1	3	0
CD8A	1	3	0
CD96	1	3	0
CDC14A	1	3	0
CDC25B	1	3	0
CDC42EP2	1	3	0
CDC45	1	3	0
CDC73	1	3	0
CDCA8	1	3	0
CDH8	1	3	0
CDK2	1	3	0
CDK5	1	3	0
CDK6	1	3	0
CDKN1A	1	3	0
CDON	1	3	0
CEBPA	1	3	0
CEBPB	1	3	0
CER1	1	3	0
CFB	1	3	0
CFC1	1	3	0
CFHR2	1	3	0
CHD1	1	3	0
CHM	1	3	0
CHRM2	1	3	0
CIPC	1	3	0
CIT	1	3	0
CLASP2	1	3	0
CLEC4C	1	3	0
CLOCK	1	3	0
CLTB	1	3	0
CNGB1	1	3	0
CNPY3	1	3	0
CNTF	1	3	0
CNTFR	1	3	0
CNTN1	1	3	0
COL17A1	1	3	0
COMP	1	3	0
COPA	1	3	0
COPB2	1	3	0
COPZ1	1	3	0
COX17	1	3	0
CPN1	1	3	0
CPN2	1	3	0
CREB3L2	1	3	0
CREB3L4	1	3	0
CRKL	1	3	0
CRY1	1	3	0
CRY2	1	3	0
CSF2	1	3	0
CSF2RA	1	3	0
CSF3	1	3	0
CSF3R	1	3	0
CSTF2	1	3	0
CTF1	1	3	0
CTLA4	1	3	0
CTNND1	1	3	0
CTSL	1	3	0
CXXC1	1	3	0
CYB5R4	1	3	0
CYB5RL	1	3	0
CYBB	1	3	0
CYTH2	1	3	0
DAAM1	1	3	0
DBF4	1	3	0
DCAF8L1	1	3	0
DCAF8L2	1	3	0
DCP2	1	3	0
DCSTAMP	1	3	0
DCTN2	1	3	0
DCTN4	1	3	0
DDB1	1	3	0
DDB2	1	3	0
DENND1C	1	3	0
DENND4B	1	3	0
DENND5A	1	3	0
DHTKD1	1	3	0
DHX36	1	3	0
DHX9	1	3	0
DIAPH1	1	3	0
DLAT	1	3	0
DLGAP4	1	3	0
DLL1	1	3	0
DMD	1	3	0
DMP1	1	3	0
DNAJA1	1	3	0
DNAJB1	1	3	0
DNAJC7	1	3	0
DNER	1	3	0
DNTTIP1	1	3	0
DOCK1	1	3	0
DOCK2	1	3	0
DPF3	1	3	0
DPH3	1	3	0
DSN1	1	3	0
DTX1	1	3	0
DYNLL1	1	3	0
E2F3	1	3	0
E2F5	1	3	0
EBF2	1	3	0
EEF2K	1	3	0
EFNB3	1	3	0
EHD1	1	3	0
EHD3	1	3	0
EHMT1	1	3	0
EHMT2	1	3	0
EIF4A2	1	3	0
EIF4B	1	3	0
ELOB	1	3	0
ENAH	1	3	0
EP400	1	3	0
EPN1	1	3	0
EPRS1	1	3	0
ERCC3	1	3	0
ERLIN2	1	3	0
F11R	1	3	0
F2RL1	1	3	0
F3	1	3	0
FAM124B	1	3	0
FANCI	1	3	0
FBLN1	1	3	0
FBN1	1	3	0
FBXL3	1	3	0
FCAMR	1	3	0
FCGR2A	1	3	0
FCN1	1	3	0
FEN1	1	3	0
FGF7	1	3	0
FIGNL1	1	3	0
FKTN	1	3	0
FLRT1	1	3	0
FLT1	1	3	0
FOS	1	3	0
FOSB	1	3	0
FOXG1	1	3	0
FOXK1	1	3	0
FYB1	1	3	0
FZD5	1	3	0
FZD7	1	3	0
GAB3	1	3	0
GABRB3	1	3	0
GABRQ	1	3	0
GALNT2	1	3	0
GALNT3	1	3	0
GBP1	1	3	0
GCC2	1	3	0
GCN1	1	3	0
GDNF	1	3	0
GFRA2	1	3	0
GFRA4	1	3	0
GID4	1	3	0
GJA1	1	3	0
GLG1	1	3	0
GLI1	1	3	0
GLP2R	1	3	0
GLRA3	1	3	0
GNAI1	1	3	0
GNAL	1	3	0
GNAO1	1	3	0
GNAS	1	3	0
GNAT2	1	3	0
GNB3	1	3	0
GNB5	1	3	0
GOLGA2	1	3	0
GOLGA5	1	3	0
GORASP1	1	3	0
GOSR1	1	3	0
GPC1	1	3	0
GPIHBP1	1	3	0
GPX8	1	3	0
GRAP2	1	3	0
GRB10	1	3	0
GRIK1	1	3	0
GRIN2B	1	3	0
GRK2	1	3	0
GRK3	1	3	0
GRK7	1	3	0
GSK3B	1	3	0
GTSE1	1	3	0
GYS2	1	3	0
H2BC21	1	3	0
HCCS	1	3	0
HHAT	1	3	0
HIPK2	1	3	0
HIRA	1	3	0
HJV	1	3	0
HLA-DMA	1	3	0
HLA-DOB	1	3	0
HLA-E	1	3	0
HLTF	1	3	0
HNRNPK	1	3	0
HNRNPU	1	3	0
HOMER2	1	3	0
HOXA11	1	3	0
HPSE	1	3	0
IAPP	1	3	0
IDH2	1	3	0
IFIT2	1	3	0
IGF2R	1	3	0
IGFBP2	1	3	0
IGFBP3	1	3	0
IGFBP4	1	3	0
IGHD	1	3	0
IGHG2	1	3	0
IL12B	1	3	0
IL13RA2	1	3	0
IL1R2	1	3	0
IL1RAPL2	1	3	0
IL21R	1	3	0
IL22	1	3	0
IL24	1	3	0
IL26	1	3	0
IL2RA	1	3	0
IL38	1	3	0
IL4R	1	3	0
IL6R	1	3	0
INHA	1	3	0
INHBA	1	3	0
INSR	1	3	0
IQGAP1	1	3	0
IQGAP2	1	3	0
IRF5	1	3	0
ITFG2	1	3	0
ITGA2B	1	3	0
ITGA6	1	3	0
ITGAE	1	3	0
ITGB3BP	1	3	0
ITPKB	1	3	0
JARID2	1	3	0
JCHAIN	1	3	0
JMY	1	3	0
JUP	1	3	0
KCNJ10	1	3	0
KCNMB1	1	3	0
KCNQ3	1	3	0
KDM5B	1	3	0
KDM6A	1	3	0
KDR	1	3	0
KGD4	1	3	0
KHDRBS2	1	3	0
KHSRP	1	3	0
KIF20A	1	3	0
KIF23	1	3	0
KIF3A	1	3	0
KIR2DL4	1	3	0
KIR2DS2	1	3	0
KIRREL3	1	3	0
KLC1	1	3	0
KLK14	1	3	0
KLK7	1	3	0
KLK8	1	3	0
KLRC1	1	3	0
KLRD1	1	3	0
KMT2A	1	3	0
KNG1	1	3	0
KPNA6	1	3	0
KPNB1	1	3	0
KPTN	1	3	0
LAMB1	1	3	0
LFNG	1	3	0
LGI2	1	3	0
LGMN	1	3	0
LILRB1	1	3	0
LIMK1	1	3	0
LMNB1	1	3	0
LRFN1	1	3	0
LRFN3	1	3	0
LRP8	1	3	0
LTB	1	3	0
LTBR	1	3	0
LTK	1	3	0
LYVE1	1	3	0
M6PR	1	3	0
MAD1L1	1	3	0
MAGED1	1	3	0
MAGT1	1	3	0
MAP1LC3A	1	3	0
MAP1LC3B	1	3	0
MAP2K2	1	3	0
MAP3K1	1	3	0
MAP3K14	1	3	0
MAP3K3	1	3	0
MAPK12	1	3	0
MAPKAPK3	1	3	0
MAPT	1	3	0
MASP1	1	3	0
MAVS	1	3	0
MAX	1	3	0
MBD3L1	1	3	0
MC3R	1	3	0
MC4R	1	3	0
MCAT	1	3	0
MCM2	1	3	0
MEF2D	1	3	0
MGAT5B	1	3	0
MIS12	1	3	0
MITF	1	3	0
MLH1	1	3	0
MLXIPL	1	3	0
MMP11	1	3	0
MMP13	1	3	0
MMP14	1	3	0
MMP16	1	3	0
MMP9	1	3	0
MON1A	1	3	0
MPHOSPH6	1	3	0
MPST	1	3	0
MSGN1	1	3	0
MSRA	1	3	0
MST1	1	3	0
MTMR12	1	3	0
MTTP	1	3	0
MUTYH	1	3	0
MYBL2	1	3	0
MYH2	1	3	0
MYL9	1	3	0
MYO5A	1	3	0
MYO5B	1	3	0
MYO9B	1	3	0
NANOG	1	3	0
NAPA	1	3	0
NBN	1	3	0
NCOA1	1	3	0
NCOA3	1	3	0
NCOR1	1	3	0
NECTIN1	1	3	0
NEDD8	1	3	0
NEK11	1	3	0
NEK6	1	3	0
NEK9	1	3	0
NELFCD	1	3	0
NEO1	1	3	0
NFATC1	1	3	0
NGF	1	3	0
NIPBL	1	3	0
NKX2-5	1	3	0
NLRX1	1	3	0
NOD1	1	3	0
NOP58	1	3	0
NOTUM	1	3	0
NR1H2	1	3	0
NR1H4	1	3	0
NR2C2	1	3	0
NR3C1	1	3	0
NR4A1	1	3	0
NRCAM	1	3	0
NRG4	1	3	0
NRTN	1	3	0
NSF	1	3	0
NTHL1	1	3	0
NTRK2	1	3	0
NUB1	1	3	0
NUDT21	1	3	0
OPTC	1	3	0
ORAI1	1	3	0
ORC6	1	3	0
OTUD3	1	3	0
OTULIN	1	3	0
P2RY1	1	3	0
P2RY12	1	3	0
P4HA3	1	3	0
P4HB	1	3	0
PAFAH1B3	1	3	0
PAG1	1	3	0
PAK2	1	3	0
PAK6	1	3	0
PAPPA2	1	3	0
PARD6G	1	3	0
PARK7	1	3	0
PARP1	1	3	0
PARVB	1	3	0
PCBP2	1	3	0
PCNT	1	3	0
PCSK1	1	3	0
PDCD1LG2	1	3	0
PDE3B	1	3	0
PDE4D	1	3	0
PDE6G	1	3	0
PDGFRA	1	3	0
PDIA3	1	3	0
PDS5B	1	3	0
PEA15	1	3	0
PEX26	1	3	0
PEX7	1	3	0
PFN1	1	3	0
PGGT1B	1	3	0
PHF1	1	3	0
PHKA2	1	3	0
PHLDA1	1	3	0
PIDD1	1	3	0
PIK3R2	1	3	0
PIK3R4	1	3	0
PIK3R6	1	3	0
PINK1	1	3	0
PLAT	1	3	0
PLEKHA8	1	3	0
PLXNA4	1	3	0
PMS2	1	3	0
POFUT1	1	3	0
POLD2	1	3	0
POLD4	1	3	0
POLE3	1	3	0
POLE4	1	3	0
POLL	1	3	0
POLN	1	3	0
POU2F1	1	3	0
POU3F2	1	3	0
PPARD	1	3	0
PPM1E	1	3	0
PPM1F	1	3	0
PPP1CB	1	3	0
PPP2R5C	1	3	0
PPP6R3	1	3	0
PRCP	1	3	0
PRDM4	1	3	0
PRIM1	1	3	0
PRKACA	1	3	0
PRKAR1B	1	3	0
PRKAR2A	1	3	0
PRKCA	1	3	0
PRKG1	1	3	0
PRKRA	1	3	0
PRMT5	1	3	0
PRMT6	1	3	0
PRSS1	1	3	0
PRSS3	1	3	0
PSENEN	1	3	0
PSIP1	1	3	0
PSMC4	1	3	0
PSMC5	1	3	0
PSMD3	1	3	0
PSMD4	1	3	0
PTGIR	1	3	0
PTK2	1	3	0
PTK6	1	3	0
PTPN12	1	3	0
PTPN22	1	3	0
PTPRU	1	3	0
PYCARD	1	3	0
PYGB	1	3	0
PYGM	1	3	0
RAB11B	1	3	0
RAB12	1	3	0
RAB18	1	3	0
RAB1A	1	3	0
RAB27A	1	3	0
RAB32	1	3	0
RAB3IL1	1	3	0
RAB4A	1	3	0
RAB5A	1	3	0
RAB8A	1	3	0
RACK1	1	3	0
RAD21	1	3	0
RAD23A	1	3	0
RAD50	1	3	1
RAD51	1	3	0
RAD51D	1	3	0
RAD9A	1	3	0
RALB	1	3	0
RALGAPB	1	3	0
RAMP2	1	3	0
RAP1A	1	3	0
RAP1B	1	3	1
RAP1GAP	1	3	0
RAPGEF1	1	3	0
RBX1	1	3	0
RCHY1	1	3	0
RCVRN	1	3	0
REL	1	3	0
RET	1	3	0
RGS17	1	3	0
RGS20	1	3	0
RHOB	1	3	0
RHOD	1	3	0
RHOF	1	3	0
RHOT2	1	3	0
RHOU	1	3	0
RIPK2	1	3	0
RIPPLY2	1	3	0
RIT2	1	3	0
RMND5B	1	3	0
RNASEL	1	3	0
RNF31	1	3	0
RNPS1	1	3	0
ROBO1	1	3	0
ROCK2	1	3	0
RORA	1	3	0
RPS6KA1	1	3	0
RPS6KB1	1	3	0
RRAGA	1	3	0
RSPO2	1	3	0
RSU1	1	3	0
RTEL1	1	3	0
RTN3	1	3	0
RTN4R	1	3	0
RUNX1	1	3	0
RXRA	1	3	0
S100A9	1	3	0
S100B	1	3	0
SATB2	1	3	0
SCAP	1	3	0
SCUBE3	1	3	0
SEC24B	1	3	0
SEMA4D	1	3	0
SERPINA1	1	3	0
SERPIND1	1	3	0
SETD9	1	3	0
SGK2	1	3	0
SH3GL3	1	3	0
SHANK3	1	3	0
SHARPIN	1	3	0
SHB	1	3	0
SIGIRR	1	3	0
SIPA1L1	1	3	0
SIRPA	1	3	0
SIRPG	1	3	0
SKAP2	1	3	0
SKIC3	1	3	0
SLA2	1	3	0
SLC18A3	1	3	0
SMARCA4	1	3	0
SMARCB1	1	3	0
SMARCC2	1	3	0
SMARCD1	1	3	0
SMARCD2	1	3	0
SMARCE1	1	3	0
SMUG1	1	3	0
SMURF2	1	3	0
SNCA	1	3	0
SNW1	1	3	0
SOCS3	1	3	0
SOS1	1	3	0
SOST	1	3	0
SOX10	1	3	0
SP1	1	3	0
SPC25	1	3	0
SPN	1	3	0
SPR	1	3	0
SPRED2	1	3	0
SPTA1	1	3	0
SPTAN1	1	3	0
SQSTM1	1	3	0
SRGAP3	1	3	0
SRY	1	3	0
STARD10	1	3	0
STAT5B	1	3	0
STRAP	1	3	0
STT3B	1	3	0
STUB1	1	3	0
STX10	1	3	0
STX18	1	3	0
STX5	1	3	0
SUFU	1	3	1
SUMO2	1	3	0
SUPT4H1	1	3	0
SYCP2	1	3	0
SYNJ1	1	3	0
TARBP2	1	3	0
TAS1R3	1	3	0
TBC1D1	1	3	0
TBC1D14	1	3	0
TBC1D17	1	3	0
TBC1D7	1	3	0
TBX21	1	3	0
TBX6	1	3	0
TET3	1	3	0
TFAM	1	3	0
TFDP2	1	3	0
TFEB	1	3	0
TFG	1	3	0
TGFBR2	1	3	0
TGIF2	1	3	0
TIFA	1	3	0
TIMP2	1	3	0
TIPIN	1	3	0
TLE4	1	3	0
TLE5	1	3	0
TLL2	1	3	0
TMPRSS6	1	3	0
TNF	1	3	0
TNFRSF10A	1	3	0
TNFRSF10B	1	3	0
TNFRSF13C	1	3	0
TNFSF15	1	3	0
TNIP1	1	3	0
TNNI1	1	3	0
TNNT2	1	3	0
TNR	1	3	0
TNRC6A	1	3	0
TNRC6B	1	3	0
TNRC6C	1	3	0
TOP1	1	3	0
TOP2A	1	3	0
TOR1A	1	3	0
TP53	1	3	0
TP53RK	1	3	0
TP63	1	3	0
TPST2	1	3	0
TRAF6	1	3	0
TRAV19	1	3	0
TRAV8-4	1	3	0
TRBV7-9	1	3	0
TREM2	1	3	0
TRIM28	1	3	0
TRIM32	1	3	0
TRIM56	1	3	0
TRPC6	1	3	0
TSC2	1	3	0
TSPAN14	1	3	0
TSPAN33	1	3	0
TWIST1	1	3	0
TWIST2	1	3	0
TWNK	1	3	0
TXNIP	1	3	0
TXNRD1	1	3	0
TYRO3	1	3	0
UBA2	1	3	0
UBA52	1	3	0
UBAP1	1	3	0
UBC	1	3	0
UBE2D1	1	3	0
UBE2L3	1	3	0
UIMC1	1	3	0
ULK3	1	3	0
UQCC5	1	3	0
USE1	1	3	0
USO1	1	3	0
VCP	1	3	0
VDR	1	3	0
VEGFC	1	3	0
VENTX	1	3	0
VIM	1	3	0
VPS45	1	3	0
VPS54	1	3	0
VRK1	1	3	0
VRK3	1	3	0
VTI1A	1	3	0
VTN	1	3	0
WDR18	1	3	0
WDR82	1	3	0
WHAMM	1	3	0
WIF1	1	3	0
WWC1	1	3	0
WWOX	1	3	0
WWTR1	1	3	0
XPOT	1	3	0
YES1	1	3	0
YOD1	1	3	0
YWHAQ	1	3	0
ZCCHC7	1	3	0
ZDHHC2	1	3	0
ZDHHC7	1	3	0
ZEB1	1	3	0
ZFC3H1	1	3	0
ZFP36	1	3	0
ZFP36L1	1	3	0
ZFYVE9	1	3	0
ZNF143	1	3	0
ZNF423	1	3	0
ZNF45	1	3	0
ZNF592	1	3	0
ZNF93	1	3	0
ZRANB1	1	3	0
ZWINT	1	3	0
ABCA1	1	4	0
ABCF1	1	4	0
ACAA1	1	4	0
ACAT1	1	4	0
ACOX1	1	4	0
ACSS2	1	4	0
ACTA2	1	4	0
ACTG2	1	4	0
ACVR1C	1	4	0
ADAM17	1	4	0
ADCYAP1R1	1	4	0
ADRA1A	1	4	0
AGER	1	4	0
AGFG1	1	4	0
AGO1	1	4	0
AGO4	1	4	0
AGRN	1	4	0
AIM2	1	4	0
AIP	1	4	0
ALKAL2	1	4	0
ALOX5AP	1	4	0
ALYREF	1	4	0
ANGPT1	1	4	0
ANGPT2	1	4	0
ANK2	1	4	0
ANK3	1	4	0
ANKLE2	1	4	0
AP2B1	1	4	0
APBB1	1	4	0
APC	1	4	0
APH1B	1	4	0
APOC4	1	4	0
AR	1	4	0
ARCN1	1	4	0
ARF4	1	4	0
ARHGDIA	1	4	0
ARHGEF1	1	4	0
ARHGEF12	1	4	0
ARHGEF6	1	4	0
ARID2	1	4	0
ARIH1	1	4	0
ARL2BP	1	4	0
ARNT2	1	4	0
ASF1A	1	4	0
ASXL2	1	4	0
ATF3	1	4	0
ATF4	1	4	0
ATG10	1	4	0
ATG13	1	4	0
ATG3	1	4	0
ATG5	1	4	0
ATP1A2	1	4	0
ATP1A3	1	4	0
ATXN3	1	4	0
AXIN2	1	4	0
B4GAT1	1	4	0
BABAM2	1	4	0
BACH2	1	4	0
BAK1	1	4	0
BANF1	1	4	0
BAP1	1	4	0
BAX	1	4	0
BCAP31	1	4	0
BCHE	1	4	0
BCKDK	1	4	0
BCL2L11	1	4	0
BDKRB1	1	4	0
BDKRB2	1	4	0
BDP1	1	4	0
BEGAIN	1	4	0
BIRC3	1	4	0
BLNK	1	4	0
BMAL1	1	4	0
BMI1	1	4	0
BMPR1A	1	4	0
BNIP2	1	4	0
BRD2	1	4	0
BRPF1	1	4	0
BRWD1	1	4	0
BTLA	1	4	0
C3AR1	1	4	0
C4A	1	4	0
C4BPB	1	4	0
C5	1	4	0
CACNA1A	1	4	0
CACNA1E	1	4	0
CACNG2	1	4	0
CACNG8	1	4	0
CAMK2G	1	4	0
CAMLG	1	4	0
CAPNS1	1	4	0
CAPZA3	1	4	0
CARD9	1	4	0
CARM1	1	4	0
CASK	1	4	0
CASP1	1	4	0
CASP3	1	4	0
CAST	1	4	0
CASTOR1	1	4	0
CBFB	1	4	0
CBY1	1	4	0
CCDC22	1	4	0
CCDC59	1	4	0
CCDC8	1	4	0
CCDC88C	1	4	0
CCL4	1	4	0
CCNA1	1	4	0
CCNA2	1	4	0
CCNB1	1	4	0
CCZ1	1	4	0
CD1B	1	4	0
CD2AP	1	4	0
CD36	1	4	0
CD59	1	4	0
CD80	1	4	0
CDC25A	1	4	0
CDC37	1	4	0
CDC42	1	4	0
CDH1	1	4	0
CDH5	1	4	0
CDK1	1	4	0
CDK2AP2	1	4	0
CDK9	1	4	0
CDKN1B	1	4	0
CELA2A	1	4	0
CETN2	1	4	0
CFD	1	4	0
CFLAR	1	4	0
CHD4	1	4	0
CHD5	1	4	0
CHD7	1	4	1
CHEK1	1	4	0
CHUK	1	4	0
CISH	1	4	0
CITED4	1	4	0
CKS1B	1	4	0
CLEC7A	1	4	0
CLSPN	1	4	0
CNEP1R1	1	4	0
CNGA4	1	4	0
CNIH2	1	4	0
COL10A1	1	4	0
COMMD1	1	4	0
COX20	1	4	0
CPSF7	1	4	0
CRADD	1	4	0
CREB3	1	4	0
CREB3L3	1	4	0
CREBBP	1	4	0
CRK	1	4	0
CRLF1	1	4	0
CSNK1A1	1	4	0
CSTF3	1	4	0
CTC1	1	4	0
CTCF	1	4	0
CTTN	1	4	0
CUBN	1	4	0
CUL9	1	4	0
CUX1	1	4	0
CXCL12	1	4	0
CYBA	1	4	0
CYLD	1	4	0
CYP11A1	1	4	0
DACT1	1	4	0
DAG1	1	4	0
DBNL	1	4	0
DCTN3	1	4	0
DCUN1D1	1	4	0
DELE1	1	4	0
DENND4A	1	4	0
DERL2	1	4	0
DIABLO	1	4	0
DIS3	1	4	0
DLC1	1	4	0
DLD	1	4	0
DLG3	1	4	0
DNA2	1	4	0
DNAJC3	1	4	0
DNAL4	1	4	0
DNM2	1	4	0
DNMT1	1	4	0
DNMT3A	1	4	0
DOCK6	1	4	0
DOK1	1	4	0
DPH6	1	4	0
DPH7	1	4	0
DPPA2	1	4	0
DSG1	1	4	0
DSG3	1	4	0
DSP	1	4	1
DSPP	1	4	0
DUS2	1	4	0
DUSP5	1	4	0
DUSP9	1	4	0
DYNC1LI2	1	4	0
DYSF	1	4	0
EBI3	1	4	0
EEF1AKMT2	1	4	0
EEF1B2	1	4	0
EEF1G	1	4	0
EFNB1	1	4	0
EGF	1	4	0
EIF2AK4	1	4	0
EIF4A1	1	4	0
EIF4G2	1	4	0
ELK1	1	4	0
ELN	1	4	0
ELOC	1	4	0
EMD	1	4	0
EML4	1	4	0
EOMES	1	4	0
EPHB2	1	4	0
EPS15	1	4	0
ERCC5	1	4	0
ERF	1	4	0
ERO1B	1	4	0
ESPL1	1	4	0
ESR1	1	4	0
ETV4	1	4	0
ETV6	1	4	0
EVC	1	4	0
EZH1	1	4	0
EZR	1	4	0
F12	1	4	0
F13A1	1	4	0
FASLG	1	4	0
FBLIM1	1	4	0
FBLN5	1	4	0
FBN2	1	4	0
FBXL17	1	4	0
FBXL5	1	4	0
FBXL7	1	4	0
FCGR2B	1	4	1
FCGR3A	1	4	0
FCN3	1	4	0
FGF10	1	4	0
FGF6	1	4	0
FGFBP1	1	4	0
FGFR1	1	4	0
FGFR1OP2	1	4	0
FKBP1A	1	4	0
FKBP4	1	4	0
FLNB	1	4	0
FLRT2	1	4	0
FMOD	1	4	0
FOXA1	1	4	0
FOXK2	1	4	0
FOXO1	1	4	0
FRAT1	1	4	0
FUNDC1	1	4	0
FYN	1	4	0
FZD4	1	4	0
GAB1	1	4	0
GABARAP	1	4	0
GABRA1	1	4	0
GABRB1	1	4	0
GAPVD1	1	4	0
GATA6	1	4	0
GATAD2A	1	4	0
GBE1	1	4	0
GBF1	1	4	0
GCG	1	4	0
GDF1	1	4	0
GFRA3	1	4	0
GH1	1	4	0
GHSR	1	4	0
GINS3	1	4	0
GINS4	1	4	0
GIPC1	1	4	0
GIT1	1	4	0
GM2A	1	4	0
GMNC	1	4	0
GNA14	1	4	0
GNAI2	1	4	0
GNG13	1	4	0
GNPAT	1	4	0
GOLGB1	1	4	0
GPC5	1	4	0
GPER1	1	4	0
GRB7	1	4	0
GREB1	1	4	0
GRIA4	1	4	0
GRIN1	1	4	0
GRIN2D	1	4	0
GSK3A	1	4	0
GTF2A1	1	4	0
GTF2B	1	4	0
GTF3A	1	4	0
GYS1	1	4	0
H2AC6	1	4	0
H2AX	1	4	0
H2BC26	1	4	0
HAND2	1	4	0
HBB	1	4	0
HDAC4	1	4	1
HERC5	1	4	0
HEXA	1	4	0
HGF	1	4	0
HGS	1	4	0
HIC1	1	4	0
HIKESHI	1	4	0
HINT1	1	4	0
HIVEP3	1	4	0
HLA-B	1	4	0
HLA-DQA1	1	4	1
HLA-DRA	1	4	0
HLA-G	1	4	0
HMGB1	1	4	0
HMMR	1	4	0
HNRNPC	1	4	0
HOXC11	1	4	0
HOXC8	1	4	0
HSF1	1	4	0
HSPA1A	1	4	0
HSPA8	1	4	0
HSPB1	1	4	0
ICAM2	1	4	0
ICOS	1	4	0
ICOSLG	1	4	0
IFI44	1	4	0
IFI6	1	4	0
IFIT1	1	4	0
IFITM1	1	4	0
IGHE	1	4	0
IGHG3	1	4	0
IGHG4	1	4	0
IGHM	1	4	0
IGLL1	1	4	0
IKZF1	1	4	0
IL12RB2	1	4	0
IL13RA1	1	4	0
IL15RA	1	4	0
IL16	1	4	0
IL18	1	4	0
IL1B	1	4	0
IL1RN	1	4	0
IL22RA1	1	4	0
IL23R	1	4	0
IL3	1	4	0
IL32	1	4	0
IL33R	1	4	0
IL36A	1	4	0
IL36B	1	4	0
IL36RN	1	4	0
IL37	1	4	0
IL5	1	4	0
IL5RA	1	4	0
IL7	1	4	0
ILK	1	4	0
IMPACT	1	4	0
ING4	1	4	0
INHBE	1	4	0
INSIG2	1	4	0
IQGAP3	1	4	0
IRAK4	1	4	0
IRF4	1	4	0
ITCH	1	4	0
ITGA8	1	4	0
ITGAV	1	4	0
ITGB6	1	4	0
IZUMO1	1	4	0
JADE1	1	4	0
JAK1	1	4	0
KBTBD7	1	4	0
KCNJ12	1	4	0
KCNJ3	1	4	0
KCNJ4	1	4	0
KCNJ5	1	4	0
KCNMB3	1	4	0
KCNMB4	1	4	0
KCTD15	1	4	0
KDM1A	1	4	0
KDM4C	1	4	0
KHDRBS1	1	4	0
KLB	1	4	0
KLKB1	1	4	0
KMT2B	1	4	0
KMT5A	1	4	0
KPNA1	1	4	0
KPNA2	1	4	0
KRAS	1	4	0
KRT26	1	4	0
KSR1	1	4	0
KTN1	1	4	0
LAG3	1	4	0
LAMA3	1	4	0
LAMTOR2	1	4	0
LAMTOR3	1	4	0
LARGE1	1	4	0
LBR	1	4	0
LCE1A	1	4	0
LCE3D	1	4	0
LEFTY2	1	4	0
LEO1	1	4	0
LGI1	1	4	0
LGI3	1	4	0
LGR5	1	4	0
LGR6	1	4	0
LILRB2	1	4	0
LIMS2	1	4	0
LIN7A	1	4	0
LIN7B	1	4	0
LIN7C	1	4	0
LINGO1	1	4	0
LMAN1	1	4	0
LMCD1	1	4	0
LPCAT1	1	4	0
LPIN1	1	4	0
LRFN4	1	4	0
LSR	1	4	0
LTF	1	4	0
LYL1	1	4	0
LYRM7	1	4	0
MAD2L1	1	4	0
MADCAM1	1	4	0
MAML2	1	4	0
MAP2K1	1	4	0
MAP3K5	1	4	0
MAPK10	1	4	0
MAPK4	1	4	0
MAPK7	1	4	0
MAPKAPK5	1	4	0
MARCKS	1	4	0
MASTL	1	4	0
MBD1	1	4	0
MBD2	1	4	0
MBD3	1	4	0
MBD3L2	1	4	0
MBTPS2	1	4	0
MCF2	1	4	0
MCFD2	1	4	0
MCIDAS	1	4	0
MCM3	1	4	0
MCM5	1	4	0
MCRIP1	1	4	0
MDM2	1	4	0
MECP2	1	4	0
MEF2A	1	4	0
MEF2B	1	4	0
MEN1	1	4	0
MERTK	1	4	0
METTL14	1	4	0
METTL21A	1	4	0
MFAP5	1	4	0
MIEF1	1	4	0
MLST8	1	4	0
MMP1	1	4	0
MMP3	1	4	0
MNAT1	1	4	0
MOB1B	1	4	0
MOV10	1	4	0
MRAS	1	4	0
MRE11	1	4	0
MRTFA	1	4	0
MSH2	1	4	0
MSRB2	1	4	0
MST1R	1	4	0
MT-CO3	1	4	0
MT-RNR2	1	4	0
MTMR10	1	4	0
MTREX	1	4	0
MUS81	1	4	0
MYC	1	4	0
MYF5	1	4	0
MYH11	1	4	0
MYOG	1	4	0
MYRIP	1	4	0
NAB1	1	4	0
NCAM1	1	4	0
NCF4	1	4	0
NCK1	1	4	0
NCKIPSD	1	4	0
NCR3	1	4	0
NCSTN	1	4	0
NEDD4L	1	4	0
NEK2	1	4	0
NF1	1	4	0
NF2	1	4	0
NFATC2	1	4	0
NFKBIA	1	4	0
NFU1	1	4	0
NLK	1	4	0
NLRP3	1	4	0
NOC2L	1	4	0
NOD2	1	4	0
NOS3	1	4	0
NOTCH2	1	4	0
NPAS2	1	4	0
NPAS4	1	4	0
NR4A2	1	4	0
NR5A2	1	4	0
NRG1	1	4	0
NRXN1	1	4	0
NTF3	1	4	0
NTN4	1	4	0
NXF1	1	4	0
OBSL1	1	4	0
OCRL	1	4	0
OIP5	1	4	0
OPA1	1	4	0
OPN1LW	1	4	0
OPTN	1	4	0
ORC3	1	4	0
ORC4	1	4	0
OSCAR	1	4	0
OSM	1	4	0
OST4	1	4	0
OSTC	1	4	0
PAAF1	1	4	0
PABPC1	1	4	0
PAFAH1B1	1	4	0
PAFAH1B2	1	4	0
PAK1	1	4	0
PAK3	1	4	0
PARD3	1	4	0
PCSK5	1	4	0
PCSK6	1	4	0
PCSK7	1	4	0
PCSK9	1	4	0
PDCD1	1	4	0
PDE4B	1	4	0
PDGFC	1	4	0
PDGFD	1	4	0
PDHX	1	4	0
PDPN	1	4	0
PECAM1	1	4	0
PELI2	1	4	0
PEX14	1	4	0
PFKFB1	1	4	0
PGF	1	4	0
PGK1	1	4	0
PHF8	1	4	0
PHKA1	1	4	0
PHKG1	1	4	0
PIAS1	1	4	0
PIAS4	1	4	0
PIK3C3	1	4	0
PIK3CD	1	4	0
PIN1	1	4	0
PIP4K2C	1	4	0
PITPNA	1	4	0
PKN1	1	4	0
PLAU	1	4	0
PLIN2	1	4	0
PLIN3	1	4	0
PLXNA3	1	4	0
PMEPA1	1	4	0
PMF1	1	4	0
POGLUT1	1	4	0
POLE2	1	4	0
POLG2	1	4	0
POLK	1	4	0
POMT2	1	4	0
POU2F2	1	4	0
PPEF1	1	4	0
PPFIA1	1	4	0
PPFIBP1	1	4	0
PPHLN1	1	4	0
PPIA	1	4	0
PPID	1	4	0
PPM1D	1	4	0
PPP1CC	1	4	0
PPP1R10	1	4	0
PPP1R12A	1	4	0
PPP1R12B	1	4	0
PPP1R15A	1	4	0
PPP2CA	1	4	0
PPP2CB	1	4	0
PPP2R2A	1	4	0
PPP2R5B	1	4	0
PPP3CC	1	4	0
PPP4R2	1	4	0
PPP6C	1	4	0
PPP6R1	1	4	0
PRDM1	1	4	0
PRKCB	1	4	0
PRKCD	1	4	0
PRKCI	1	4	0
PRKCSH	1	4	0
PRKCZ	1	4	0
PRM2	1	4	0
PRMT1	1	4	0
PROCR	1	4	0
PRSS2	1	4	0
PRTN3	1	4	0
PSEN1	1	4	0
PSMD7	1	4	0
PTCH1	1	4	0
PTK2B	1	4	0
PTPN11	1	4	0
PTPRJ	1	4	0
PXN	1	4	0
RAB11FIP2	1	4	0
RAB38	1	4	0
RAB5B	1	4	0
RABEPK	1	4	0
RAC2	1	4	0
RAF1	1	4	0
RAMAC	1	4	0
RANBP9	1	4	0
RARG	1	4	0
RASGRP3	1	4	0
RB1	1	4	0
RCCD1	1	4	0
RELN	1	4	0
REN	1	4	0
RGL1	1	4	0
RHOC	1	4	0
RHOH	1	4	0
RINT1	1	4	0
RIPK3	1	4	0
RIT1	1	4	0
RNASE1	1	4	0
RNF111	1	4	0
RNF135	1	4	0
RNF2	1	4	0
RNF43	1	4	0
ROCK1	1	4	0
ROPN1	1	4	0
RPA1	1	4	0
RPN1	1	4	0
RPN2	1	4	0
RPTOR	1	4	0
RRAGC	1	4	0
RRAGD	1	4	0
RYK	1	4	0
SAG	1	4	0
SAMTOR	1	4	0
SAV1	1	4	0
SBF2	1	4	0
SCN1B	1	4	0
SDC2	1	4	0
SDCBP	1	4	0
SEC22B	1	4	0
SEC24C	1	4	0
SEC24D	1	4	0
SEC31A	1	4	0
SELP	1	4	0
SEM1	1	4	0
SEMA6D	1	4	0
SEMG1	1	4	0
SENP1	1	4	0
SEPTIN4	1	4	0
SERPINB13	1	4	0
SERPINC1	1	4	0
SERPINF2	1	4	0
SERPING1	1	4	0
SFTPA1	1	4	0
SGCB	1	4	0
SH2B3	1	4	0
SH3GL2	1	4	0
SH3PXD2A	1	4	0
SHANK1	1	4	0
SHC2	1	4	0
SIGLEC14	1	4	0
SIKE1	1	4	0
SKIC8	1	4	0
SKIL	1	4	0
SMAD6	1	4	0
SMAD7	1	4	0
SMARCA2	1	4	0
SMARCC1	1	4	0
SNCAIP	1	4	0
SNTB1	1	4	0
SOCS2	1	4	0
SOD2	1	4	0
SORL1	1	4	0
SP100	1	4	0
SP7	1	4	0
SPHK1	1	4	0
SPI1	1	4	0
SPIDR	1	4	0
SPOP	1	4	0
SRF	1	4	0
SRRT	1	4	0
SS18L1	1	4	0
SSBP1	1	4	0
SSRP1	1	4	0
STAT3	1	4	0
STAT4	1	4	0
STK26	1	4	0
STRADA	1	4	0
STT3A	1	4	0
STX1B	1	4	0
STXBP3	1	4	0
SUDS3	1	4	0
SUPT5H	1	4	0
SYCP3	1	4	0
SYMPK	1	4	0
SYTL2	1	4	0
SYVN1	1	4	0
TAF1	1	4	0
TAX1BP3	1	4	0
TBL1X	1	4	0
TBPL2	1	4	0
TBX5	1	4	0
TCF19	1	4	0
TCF7	1	4	0
TCF7L1	1	4	0
TEC	1	4	0
TENT4A	1	4	0
TFAP2B	1	4	0
TFEC	1	4	0
TGFB1	1	4	0
TGFBR1	1	4	0
THBS1	1	4	0
THBS4	1	4	0
TIAM1	1	4	0
TICAM1	1	4	0
TICAM2	1	4	0
TJP2	1	4	0
TMED10	1	4	0
TMED9	1	4	0
TNFAIP3	1	4	0
TNFRSF10D	1	4	0
TNFSF10	1	4	0
TNFSF13	1	4	0
TNFSF14	1	4	0
TNIP3	1	4	0
TNNC1	1	4	0
TNNC2	1	4	0
TNNI2	1	4	0
TNNI3	1	4	0
TNNT1	1	4	0
TNPO1	1	4	0
TOMM20	1	4	0
TOMM70	1	4	0
TOP3A	1	4	0
TP53BP2	1	4	0
TRAK1	1	4	0
TRAV29DV5	1	4	0
TRIB3	1	4	0
TRIM25	1	4	0
TRIM27	1	4	0
TRPC3	1	4	0
TRPC4	1	4	0
TRRAP	1	4	0
TSNAX	1	4	0
TSPAN5	1	4	0
TTC5	1	4	0
TUFM	1	4	0
TXLNA	1	4	0
UBD	1	4	0
UBE2F	1	4	0
UBE2N	1	4	0
UBL4A	1	4	0
UBN1	1	4	0
ULK1	1	4	0
UNC5B	1	4	0
UNC5C	1	4	0
UNC5D	1	4	0
UNG	1	4	0
UQCC3	1	4	0
USF1	1	4	0
USP10	1	4	0
USP11	1	4	0
USP15	1	4	0
USP20	1	4	0
USP24	1	4	0
USP34	1	4	0
USP37	1	4	0
USP42	1	4	0
USP43	1	4	0
USP48	1	4	0
VAMP2	1	4	0
VPREB1	1	4	0
VPS26A	1	4	0
VPS29	1	4	0
VPS37A	1	4	0
VPS51	1	4	0
WDR5	1	4	0
WDR77	1	4	0
WIPF2	1	4	0
WIPF3	1	4	0
WLS	1	4	0
WNT1	1	4	0
WNT8A	1	4	0
WTAP	1	4	0
XRCC3	1	4	0
YEATS4	1	4	0
YWHAZ	1	4	0
ZAP70	1	4	0
ZC3H4	1	4	0
ZDHHC21	1	4	0
ZMYND8	1	4	0
ZNF385A	1	4	0
ZNF521	1	4	0
ZNF532	1	4	0
ZNF687	1	4	0
ZWILCH	1	4	0
ABL1	2	0	0
ABL2	2	0	0
ABRAXAS1	2	0	0
ACAA1	2	0	0
ACAN	2	0	0
ACBD3	2	0	0
ACIN1	2	0	0
ACTG1	2	0	0
ACTN1	2	0	0
ACVR1B	2	0	0
ADAM10	2	0	0
ADAM22	2	0	0
ADCY3	2	0	0
ADCY8	2	0	0
ADD1	2	0	0
ADORA2A	2	0	0
ADORA2B	2	0	0
AGO4	2	0	0
AGPS	2	0	0
AGTR1	2	0	0
AIM2	2	0	0
AKT2	2	0	0
ALCAM	2	0	0
ALKAL1	2	0	0
AMT	2	0	0
ANGPT2	2	0	0
ANK2	2	0	0
ANTXR1	2	0	0
ANXA6	2	0	0
AP1G1	2	0	0
APEX1	2	0	0
APOBEC3G	2	0	0
APOC2	2	0	0
APOE	2	0	0
APP	2	0	0
AR	2	0	0
ARCN1	2	0	0
ARF1	2	0	0
ARF6	2	0	0
ARFGAP1	2	0	0
ARHGAP10	2	0	0
ARHGEF1	2	0	0
ARHGEF25	2	0	0
ARNT2	2	0	0
ASXL2	2	0	0
ATF2	2	0	0
ATF5	2	0	0
ATG12	2	0	0
ATM	2	0	0
ATXN3	2	0	0
AURKB	2	0	0
AVEN	2	0	0
B2M	2	0	0
BAK1	2	0	0
BAMBI	2	0	0
BARD1	2	0	0
BAX	2	0	0
BAZ1B	2	0	0
BAZ2A	2	0	0
BCAP31	2	0	0
BCHE	2	0	0
BCL10	2	0	0
BCL2	2	0	0
BLM	2	0	0
BRAF	2	0	0
BRCA1	2	0	0
BSN	2	0	0
BTK	2	0	0
BTN2A1	2	0	0
BUB1B	2	0	0
C2CD5	2	0	0
C3	2	0	0
C3AR1	2	0	0
C4BPB	2	0	0
C5	2	0	0
C5AR1	2	0	0
C6	2	0	0
CAB39L	2	0	0
CACNA1C	2	0	0
CACNA2D2	2	0	0
CACNB1	2	0	0
CADM1	2	0	0
CALCB	2	0	0
CALCRL	2	0	0
CAMK1	2	0	0
CAMKK1	2	0	0
CAMKMT	2	0	0
CAP1	2	0	0
CARD11	2	0	0
CARD8	2	0	0
CASP1	2	0	0
CASP10	2	0	0
CAV1	2	0	0
CAVIN1	2	0	0
CBL	2	0	0
CBY1	2	0	0
CCNT2	2	0	0
CCR5	2	0	0
CD160	2	0	0
CD177	2	0	0
CD22	2	0	0
CD300E	2	0	0
CD300LB	2	0	0
CD3E	2	0	0
CD47	2	0	0
CD9	2	0	0
CDC14A	2	0	0
CDC20	2	0	0
CDC25B	2	0	0
CDC25C	2	0	0
CDC42EP5	2	0	0
CDH15	2	0	0
CDH19	2	0	0
CDH2	2	0	0
CDK12	2	0	0
CDK4	2	0	0
CDK7	2	0	0
CDKN2B	2	0	0
CDKN2C	2	0	0
CDT1	2	0	0
CELA2A	2	0	0
CEP43	2	0	0
CFHR5	2	0	0
CFP	2	0	0
CFTR	2	0	0
CHEK2	2	0	0
CHML	2	0	0
CHP1	2	0	0
CHRM2	2	0	0
CHST10	2	0	0
CIPC	2	0	0
CLEC6A	2	0	0
CNEP1R1	2	0	0
CNIH2	2	0	0
CNPY3	2	0	0
CNTN2	2	0	0
COL1A1	2	0	0
COMP	2	0	0
COPA	2	0	0
COPE	2	0	0
COX20	2	0	0
CPAP	2	0	0
CREBRF	2	0	0
CRIPTO	2	0	0
CRK	2	0	0
CRLF2	2	0	0
CRP	2	0	0
CSF2RB	2	0	0
CSH1	2	0	0
CSNK2A1	2	0	0
CTBP2	2	0	0
CTDNEP1	2	0	0
CTLA4	2	0	0
CTNND1	2	0	0
CTSC	2	0	0
CTSG	2	0	0
CTSL	2	0	0
CYLD	2	0	0
DAB1	2	0	0
DBF4	2	0	0
DBNL	2	0	0
DBT	2	0	0
DDB1	2	0	0
DEK	2	0	0
DELE1	2	0	0
DENND1A	2	0	0
DENND1B	2	0	0
DENND4A	2	0	0
DENND4C	2	0	0
DENND5A	2	0	0
DHTKD1	2	0	0
DIS3	2	0	0
DLC1	2	0	0
DLG3	2	0	0
DLK1	2	0	0
DLL3	2	0	0
DMBT1	2	0	0
DMP1	2	0	0
DMPK	2	0	0
DNAJA2	2	0	0
DNAJC3	2	0	0
DNM2	2	0	0
DNMT1	2	0	0
DPH6	2	0	0
DPPA3	2	0	0
DPPA4	2	0	0
DRAP1	2	0	0
DSG1	2	0	0
DSG3	2	0	0
DSN1	2	0	0
DST	2	0	0
DVL2	2	0	0
DVL3	2	0	0
DYNC1LI1	2	0	0
DYNLL2	2	0	0
EBF2	2	0	0
EEF1G	2	0	0
EEF2K	2	0	0
EFCAB7	2	0	0
EFNB1	2	0	0
EFNB2	2	0	0
EGF	2	0	0
EGLN2	2	0	0
EGR2	2	0	0
EHD2	2	0	0
EHD3	2	0	0
EHMT1	2	0	0
EHMT2	2	0	0
EIF2AK3	2	0	0
EIF4A2	2	0	0
EIF4E	2	0	0
EIF4EBP1	2	0	0
ELK1	2	0	0
ELMO1	2	0	0
ELOA	2	0	0
ELOB	2	0	0
EMD	2	0	0
EMILIN1	2	0	0
EP300	2	0	0
EPHB2	2	0	0
EPM2A	2	0	0
EPN1	2	0	0
EPOR	2	0	0
EREG	2	0	0
ERN1	2	0	0
ESR2	2	0	0
EYA2	2	0	0
F2RL3	2	0	0
FADD	2	0	0
FASLG	2	0	0
FBN1	2	0	0
FCAMR	2	0	0
FEN1	2	0	0
FERMT2	2	0	0
FGF1	2	0	0
FGFR2	2	0	0
FIRRM	2	0	0
FKBP1A	2	0	0
FKBP5	2	0	0
FKRP	2	0	0
FLT1	2	0	0
FLT3LG	2	0	0
FMNL3	2	0	0
FN1	2	0	0
FNTB	2	0	0
FOS	2	0	0
FOXG1	2	0	0
FOXL2	2	0	0
FUNDC1	2	0	0
FYN	2	0	0
FZD2	2	0	0
GAB3	2	0	0
GABRB2	2	0	0
GALNT1	2	0	0
GBP2	2	0	0
GFAP	2	0	0
GGA1	2	0	0
GH2	2	0	0
GHR	2	0	0
GHSR	2	0	0
GID4	2	0	0
GINS1	2	0	0
GIP	2	0	0
GJA1	2	0	0
GLB1	2	0	0
GLI1	2	0	0
GLI2	2	0	0
GNA14	2	0	0
GNAI1	2	0	0
GNAI3	2	0	0
GNAL	2	0	0
GNAQ	2	0	0
GNAT2	2	0	0
GNAZ	2	0	0
GNB4	2	0	0
GOLGA7	2	0	0
GOLGB1	2	0	0
GOSR2	2	0	0
GP6	2	0	0
GPC5	2	0	0
GRB2	2	0	0
GRIA2	2	0	0
GRIA4	2	0	0
GRIK2	2	0	0
GRIN3A	2	0	0
GTF2B	2	0	0
GTF2E1	2	0	0
GTF2F1	2	0	0
GYG1	2	0	0
GYS1	2	0	0
GZMB	2	0	0
H1-0	2	0	0
H1-8	2	0	0
H2BC18	2	0	0
H2BC26	2	0	0
H3-4	2	0	0
HAND2	2	0	0
HBB	2	0	0
HCFC2	2	0	0
HDAC3	2	0	0
HEBP1	2	0	0
HEXA	2	0	0
HEY2	2	0	0
HHIP	2	0	0
HIC1	2	0	0
HINT1	2	0	0
HIRA	2	0	0
HIVEP3	2	0	0
HJURP	2	0	0
HJV	2	0	0
HLA-A	2	0	0
HLA-DMB	2	0	0
HLA-DPA1	2	0	0
HLA-DQA2	2	0	0
HMGA2	2	0	0
HNRNPA1	2	0	0
HNRNPC	2	0	0
HPS1	2	0	0
HRG	2	0	0
HTRA1	2	0	0
IBSP	2	0	0
ID1	2	0	0
IDH2	2	0	0
IFI27	2	0	0
IFI6	2	0	0
IFIH1	2	0	0
IFNGR1	2	0	0
IGF1	2	0	0
IGFBP1	2	0	0
IGHA2	2	0	0
IL13RA1	2	0	0
IL15RA	2	0	0
IL1A	2	0	0
IL1R1	2	0	0
IL22RA2	2	0	0
IL2RG	2	0	0
IL31RA	2	0	0
IL32	2	0	0
IL9	2	0	0
INHBB	2	0	0
IPO8	2	0	0
IRAK1	2	0	0
IRF3	2	0	0
IRS4	2	0	0
ITGA11	2	0	0
ITGA2	2	0	0
ITGB3	2	0	0
ITGB4	2	0	0
ITGB6	2	0	0
ITGB8	2	0	0
ITPKC	2	0	0
IZUMO1	2	0	0
JAK1	2	0	0
JAM2	2	0	0
JARID2	2	0	0
KAT2A	2	0	0
KAT7	2	0	1
KBTBD7	2	0	0
KCNJ16	2	0	0
KCNJ2	2	0	0
KCNJ3	2	0	0
KCNJ4	2	0	0
KCNMB1	2	0	0
KCNQ3	2	0	0
KCTD15	2	0	0
KDM5B	2	0	0
KEAP1	2	0	0
KIF23	2	0	0
KIFAP3	2	0	0
KIR2DS4	2	0	0
KIR3DS1	2	0	0
KITLG	2	0	0
KLC2	2	0	0
KLK13	2	0	0
KLK14	2	0	0
KLK3	2	0	0
KLK8	2	0	0
KLRK1	2	0	0
KRT1	2	0	0
KRT27	2	0	0
KTN1	2	0	0
LAMTOR2	2	0	0
LAT	2	0	0
LAT2	2	0	0
LATS1	2	0	0
LEPR	2	0	0
LFNG	2	0	0
LHX3	2	0	0
LIG1	2	0	0
LOX	2	0	0
LRIG1	2	0	0
LRP8	2	0	0
LRRC41	2	0	0
LTBR	2	0	0
LTC4S	2	0	0
LTK	2	0	0
MAD2L1	2	0	0
MAFG	2	0	0
MAG	2	0	0
MAGT1	2	0	0
MAML1	2	0	0
MAP2K5	2	0	0
MAP3K14	2	0	0
MAPK14	2	0	0
MAPK9	2	0	0
MAPKAPK3	2	0	0
MAPRE1	2	0	0
MAS1	2	0	0
MAX	2	0	0
MBTPS2	2	0	0
MCM4	2	0	0
MCM5	2	0	0
MEF2D	2	0	0
MFN2	2	0	0
MIS12	2	0	0
MIS18BP1	2	0	0
MKNK1	2	0	0
MLEC	2	0	0
MLKL	2	0	0
MLXIPL	2	0	0
MMP15	2	0	0
MMP7	2	0	0
MORC2	2	0	0
MPG	2	0	0
MRAS	2	0	0
MRE11	2	0	0
MSH2	2	0	0
MSRA	2	0	0
MSRB3	2	0	0
MTA1	2	0	0
MTA2	2	0	0
MTF2	2	0	0
MTREX	2	0	0
MUS81	2	0	0
MYB	2	0	0
MYBL2	2	0	0
MYC	2	0	0
MYF5	2	0	0
MYH11	2	0	0
MYH14	2	0	0
MYL6	2	0	0
MYL9	2	0	0
MYO19	2	0	0
N4BP1	2	0	0
NANOG	2	0	0
NAT8	2	0	0
NCBP2	2	0	0
NCKIPSD	2	0	0
NCOA3	2	0	0
NCOR2	2	0	0
NCSTN	2	0	0
NDC80	2	0	0
NEK11	2	0	0
NEO1	2	0	0
NEU1	2	0	0
NF2	2	0	0
NFATC1	2	0	0
NFKB2	2	0	0
NFU1	2	0	0
NLRX1	2	0	0
NMT1	2	0	0
NOP58	2	0	0
NOTCH2NLA	2	0	0
NOTUM	2	0	0
NOX3	2	0	0
NPHS1	2	0	0
NPHS2	2	0	0
NPM1	2	0	0
NPM2	2	0	0
NR2E1	2	0	0
NR3C2	2	0	0
NR4A1	2	0	0
NR4A2	2	0	0
NRCAM	2	0	0
NRF1	2	0	0
NSF	2	0	0
NSMAF	2	0	0
NTF4	2	0	0
NTN1	2	0	0
NTRK1	2	0	0
OBSL1	2	0	0
OIP5	2	0	0
OPA1	2	0	0
OPN1LW	2	0	0
ORC1	2	0	0
OS9	2	0	0
OSCAR	2	0	0
OTULIN	2	0	0
PAAF1	2	0	0
PABPC1	2	0	0
PACS1	2	0	0
PAFAH1B1	2	0	0
PAK3	2	0	0
PAPPA	2	0	0
PAQR3	2	0	0
PARVB	2	0	0
PAXIP1	2	0	0
PCBP2	2	0	0
PCNT	2	0	0
PCSK1	2	0	0
PCSK5	2	0	0
PCSK6	2	0	0
PCSK7	2	0	0
PDCD6IP	2	0	0
PDE3B	2	0	0
PDE4B	2	0	0
PDE5A	2	0	0
PDGFA	2	0	0
PDGFC	2	0	0
PDIA3	2	0	0
PDLIM5	2	0	0
PECAM1	2	0	0
PEX12	2	0	0
PEX7	2	0	0
PFKFB1	2	0	0
PHF1	2	0	0
PHKG1	2	0	0
PICALM	2	0	1
PIK3C3	2	0	0
PIK3R2	2	0	0
PIK3R5	2	0	0
PIM1	2	0	0
PLAUR	2	0	0
PLCG1	2	0	0
PLEKHA8	2	0	0
PLK2	2	0	0
PLN	2	0	0
PLXNA3	2	0	0
PMF1	2	0	0
POGLUT1	2	0	0
POLDIP3	2	0	0
POLG	2	0	0
POLG2	2	0	0
POLQ	2	0	0
POMC	2	0	0
POMGNT1	2	0	0
POMK	2	0	0
POU2F2	2	0	0
PPARA	2	0	0
PPARD	2	0	0
PPARGC1A	2	0	0
PPARGC1B	2	0	0
PPIA	2	0	0
PPIL2	2	0	0
PPM1D	2	0	0
PPM1F	2	0	0
PPP1R13L	2	0	0
PPP2R1A	2	0	0
PPP2R5C	2	0	0
PPP3CB	2	0	0
PPP4C	2	0	0
PPP5C	2	0	0
PPP6C	2	0	0
PRDX1	2	0	0
PRIM1	2	0	0
PRIM2	2	0	0
PRKAR1B	2	0	0
PRKCA	2	0	0
PRKCZ	2	0	0
PRKG2	2	0	0
PRKRA	2	0	0
PRMT5	2	0	0
PROCR	2	0	0
PSG1	2	0	0
PSIP1	2	0	0
PSMC4	2	0	0
PTK2	2	0	0
PTK2B	2	0	0
PTP4A2	2	0	0
PTPN3	2	0	1
PTPN6	2	0	0
PTPRS	2	0	0
PTPRZ1	2	0	0
RAB12	2	0	0
RAB14	2	0	0
RAB1B	2	0	0
RAB32	2	0	0
RAB3IL1	2	0	0
RABEP1	2	0	0
RABGAP1	2	0	0
RAD18	2	0	0
RAD23B	2	0	0
RAD51AP1	2	0	0
RAD51C	2	0	0
RAD51D	2	0	0
RAD9A	2	0	0
RALGAPA2	2	0	0
RAMP1	2	0	0
RAP1B	2	0	1
RAP1GAP	2	0	0
RAP1GAP2	2	0	0
RARB	2	0	0
RBBP8	2	0	0
RBPJ	2	0	0
REL	2	0	0
REST	2	0	0
RGMB	2	0	0
RGS16	2	0	0
RHOB	2	0	0
RHOBTB1	2	0	0
RHOJ	2	0	0
RHOT1	2	0	0
RHOU	2	0	0
RING1	2	0	0
RINT1	2	0	0
RIT2	2	0	0
RNF168	2	0	0
RNGTT	2	0	0
RNPS1	2	0	0
RORC	2	0	0
RPA2	2	0	0
RPS6KA1	2	0	0
RSF1	2	0	0
RTKN	2	0	0
S100A1	2	0	0
S100A10	2	0	0
SACK1B	2	0	0
SAMTOR	2	0	0
SARM1	2	0	0
SBF1	2	0	0
SCFD1	2	0	0
SCN1B	2	0	0
SCUBE3	2	0	0
SDC1	2	0	0
SEC24B	2	0	0
SEL1L	2	0	0
SELL	2	0	0
SELPLG	2	0	0
SEMA7A	2	0	0
SENP2	2	0	0
SEPTIN7	2	0	0
SERPINA5	2	0	0
SERPINF2	2	0	0
SETD9	2	0	0
SFRP2	2	0	0
SGK1	2	0	0
SGTA	2	0	0
SH2D2A	2	0	0
SH3GL2	2	0	0
SHC1	2	0	0
SHOC2	2	0	0
SIAH1	2	0	0
SIGLEC15	2	0	0
SIN3A	2	0	0
SIPA1	2	0	0
SIRT5	2	0	0
SKAP2	2	0	0
SKI	2	0	0
SKIC3	2	0	0
SLA	2	0	0
SLC25A4	2	0	0
SMAD1	2	0	0
SMAD3	2	0	0
SMAD7	2	0	0
SMARCC1	2	0	0
SMARCD2	2	0	0
SMARCD3	2	0	0
SMARCE1	2	0	0
SMPD2	2	0	0
SMPD3	2	0	0
SNAP25	2	0	0
SNTA1	2	0	0
SOCS1	2	0	0
SOCS2	2	0	0
SOS1	2	0	0
SOX4	2	0	0
SP100	2	0	0
SP3	2	0	0
SPIDR	2	0	0
SPOPL	2	0	0
SPR	2	0	0
SPRY1	2	0	0
SRC	2	0	0
SRMS	2	0	0
SRRT	2	0	0
SSBP1	2	0	0
SSPN	2	0	0
STAT5A	2	0	0
STPG4	2	0	0
STRADA	2	0	0
STX10	2	0	0
STX1B	2	0	0
STX4	2	0	0
STX5	2	0	0
STXBP2	2	0	0
SUDS3	2	0	0
SUPT4H1	2	0	0
SYCP3	2	0	0
SYT1	2	0	0
SYTL2	2	0	0
SZT2	2	0	0
TAPBP	2	0	0
TAS1R1	2	0	0
TAX1BP1	2	0	0
TAX1BP3	2	0	0
TBC1D17	2	0	0
TBXA2R	2	0	0
TCF3	2	0	0
TEN1	2	0	0
TENT4A	2	0	0
TFAP2B	2	0	0
TFG	2	0	0
TGFBR2	2	0	0
THBS3	2	0	0
TIMP2	2	0	0
TIPIN	2	0	0
TIRAP	2	0	0
TJP1	2	0	0
TJP2	2	0	0
TLL2	2	0	0
TLR8	2	0	0
TNC	2	0	0
TNFRSF11B	2	0	0
TNFSF10	2	0	0
TNFSF13B	2	0	0
TNIP2	2	0	0
TNNC2	2	0	0
TNNI2	2	0	0
TNNT2	2	0	0
TNPO1	2	0	0
TNS4	2	0	0
TOP1	2	0	0
TOP2B	2	0	0
TOPORS	2	0	0
TP53	2	0	0
TP53BP1	2	0	0
TP53INP1	2	0	0
TRAF2	2	0	0
TRAF3	2	0	0
TRAV29DV5	2	0	0
TRIM32	2	0	0
TRPC7	2	0	0
TSFM	2	0	0
TSNAX	2	0	0
TSPAN33	2	0	0
TTF1	2	0	0
TXNRD2	2	0	0
TYROBP	2	0	0
TYSND1	2	0	0
UBA2	2	0	0
UBAP1	2	0	0
UBB	2	0	0
UBE2F	2	0	0
UBE2V2	2	0	0
UBQLN2	2	0	0
UBTF	2	0	0
UBXN7	2	0	0
UCHL5	2	0	0
UHRF1	2	0	0
ULK1	2	0	0
UNC93B1	2	0	0
UPF2	2	0	0
USP19	2	0	0
USP2	2	0	0
USP26	2	0	0
USP42	2	0	0
USP43	2	0	0
USP44	2	0	0
USP45	2	0	0
USP5	2	0	0
USP7	2	0	1
USP9X	2	0	0
VAMP7	2	0	0
VAMP8	2	0	0
VCAM1	2	0	0
VCP	2	0	0
VDR	2	0	0
VEGFA	2	0	0
VHL	2	0	0
VPREB3	2	0	0
VPS36	2	0	0
VPS37B	2	0	0
VPS53	2	0	0
WDR18	2	0	0
WDR26	2	0	0
WHAMM	2	0	0
WIPI2	2	0	0
WLS	2	0	0
WNT3	2	0	0
WNT4	2	0	0
WT1	2	0	0
WWP1	2	0	0
XPO1	2	0	0
YBX1	2	0	0
ZDHHC7	2	0	0
ZEB2	2	0	0
ZFC3H1	2	0	0
ZFYVE16	2	0	0
ZFYVE9	2	0	0
ZNF423	2	0	0
ZWINT	2	0	0
ABCE1	2	1	0
ABCF1	2	1	0
ABHD17B	2	1	0
ABHD17C	2	1	0
ABLIM2	2	1	0
ACTA2	2	1	0
ACTC1	2	1	0
ACTN4	2	1	0
ACVR1C	2	1	0
ACVR2B	2	1	0
ADAM20	2	1	0
ADAM23	2	1	0
ADAM30	2	1	0
ADAMTS13	2	1	0
ADAMTS5	2	1	0
ADM	2	1	0
ADRA2B	2	1	0
ADRA2C	2	1	0
AFDN	2	1	1
AGAP2	2	1	0
AGL	2	1	0
AGO3	2	1	0
AGRN	2	1	0
AGTR2	2	1	0
AHCYL1	2	1	0
AKT1	2	1	0
ALKAL2	2	1	0
AMBRA1	2	1	0
ANK1	2	1	0
AP1B1	2	1	0
AP1G2	2	1	0
AP1M1	2	1	0
AP2A2	2	1	0
APBB1IP	2	1	0
APOB	2	1	0
APOC3	2	1	0
ARHGAP39	2	1	0
ARHGEF11	2	1	0
ARHGEF28	2	1	0
ARIH1	2	1	0
ASAP1	2	1	0
ATF4	2	1	0
ATG7	2	1	0
ATP1A2	2	1	0
ATP1B4	2	1	0
ATRIP	2	1	0
AVPR1A	2	1	0
AXIN2	2	1	0
BAD	2	1	0
BAG6	2	1	0
BCKDHA	2	1	0
BCL6	2	1	0
BCL9	2	1	0
BCR	2	1	0
BDP1	2	1	0
BET1	2	1	0
BET1L	2	1	0
BICD1	2	1	0
BICRAL	2	1	0
BIRC2	2	1	0
BMP1	2	1	0
BRAP	2	1	0
BRCC3	2	1	0
BRD9	2	1	0
BRWD1	2	1	0
BTLA	2	1	0
C1QA	2	1	0
C1QB	2	1	0
C4BPA	2	1	0
C5AR2	2	1	0
C7	2	1	0
CAB39	2	1	0
CABIN1	2	1	0
CABLES1	2	1	0
CACNA1B	2	1	0
CACNB4	2	1	0
CACNG3	2	1	0
CADM3	2	1	0
CALM1	2	1	0
CALM3	2	1	0
CAMK2A	2	1	0
CAMK2B	2	1	0
CAMK2G	2	1	0
CAPN1	2	1	0
CAPZB	2	1	0
CARM1	2	1	0
CASP3	2	1	0
CASP6	2	1	0
CASP7	2	1	0
CASP8AP2	2	1	0
CASP9	2	1	0
CASTOR2	2	1	0
CAV3	2	1	0
CBLIF	2	1	0
CBX3	2	1	0
CCAR2	2	1	0
CCDC8	2	1	0
CCL1	2	1	0
CCL5	2	1	0
CCNE1	2	1	0
CCNE2	2	1	0
CCP110	2	1	0
CCR1	2	1	0
CCR3	2	1	0
CCR4	2	1	0
CD19	2	1	0
CD1A	2	1	0
CD1C	2	1	0
CD3D	2	1	0
CD3G	2	1	0
CD44	2	1	0
CD5L	2	1	0
CD74	2	1	0
CD79A	2	1	0
CD81	2	1	0
CD8B	2	1	0
CDC37	2	1	0
CDC42	2	1	0
CDH11	2	1	0
CDK1	2	1	0
CDK2AP2	2	1	0
CDKN1B	2	1	0
CEBPD	2	1	0
CEBPG	2	1	0
CFD	2	1	0
CFH	2	1	0
CFHR4	2	1	0
CHEK1	2	1	0
CHL1	2	1	0
CITED1	2	1	0
CLEC4E	2	1	0
CLEC5A	2	1	0
CLTB	2	1	0
CLVS1	2	1	0
CNGA1	2	1	0
CNTN1	2	1	0
COL10A1	2	1	0
COL17A1	2	1	0
COLEC11	2	1	0
COP1	2	1	0
COPG1	2	1	0
COPS5	2	1	0
COPZ1	2	1	0
CPA3	2	1	0
CPN1	2	1	0
CREB1	2	1	0
CSF2RA	2	1	0
CSF3R	2	1	0
CSTF1	2	1	0
CTC1	2	1	0
CTSA	2	1	0
CUL1	2	1	0
CUL5	2	1	0
CUL7	2	1	0
CXXC4	2	1	0
CYB5R2	2	1	0
CYB5RL	2	1	0
CYBA	2	1	0
CYBB	2	1	0
CYSLTR2	2	1	0
CYTH3	2	1	0
CYTH4	2	1	0
DAAM1	2	1	0
DAPK1	2	1	0
DCSTAMP	2	1	0
DCTN6	2	1	0
DCUN1D3	2	1	0
DEFA5	2	1	0
DENND2A	2	1	0
DENND3	2	1	0
DENND6B	2	1	0
DERL2	2	1	0
DFFB	2	1	0
DHX9	2	1	0
DICER1	2	1	0
DLAT	2	1	0
DLD	2	1	0
DLG4	2	1	0
DLGAP2	2	1	0
DLGAP3	2	1	0
DMC1	2	1	0
DMTN	2	1	0
DNAJA4	2	1	0
DNAJC7	2	1	0
DNMT3B	2	1	0
DOCK1	2	1	0
DPF1	2	1	0
DPF3	2	1	0
DPH2	2	1	0
DPH3	2	1	0
DPP4	2	1	0
DROSHA	2	1	0
DTNA	2	1	0
E2F4	2	1	0
E2F6	2	1	0
EEF1AKMT1	2	1	0
EEF1D	2	1	0
EEF2	2	1	0
EFNB3	2	1	0
EGLN3	2	1	0
EHD1	2	1	0
EIF2S1	2	1	0
EIF2S2	2	1	0
EIF4A1	2	1	0
EIF4G1	2	1	0
EIF4G3	2	1	0
EIF4H	2	1	0
ELANE	2	1	0
ELF1	2	1	0
ELF2	2	1	0
ELF3	2	1	0
EML4	2	1	0
ENPEP	2	1	0
EPB41L5	2	1	0
EPN2	2	1	0
EPOP	2	1	0
ERBB3	2	1	0
ERBIN	2	1	0
ERLIN2	2	1	0
ESR1	2	1	0
ETV4	2	1	0
ETV6	2	1	0
EVC2	2	1	0
EVL	2	1	0
EZH1	2	1	0
F13A1	2	1	0
F2	2	1	0
F2R	2	1	0
F3	2	1	0
F9	2	1	0
FANCI	2	1	0
FBXL17	2	1	0
FBXW7	2	1	0
FCN3	2	1	0
FGG	2	1	0
FLNC	2	1	0
FLRT2	2	1	0
FLT4	2	1	0
FOXK1	2	1	0
FOXK2	2	1	0
FOXM1	2	1	0
FOXP3	2	1	0
FRS2	2	1	0
FURIN	2	1	0
FZD3	2	1	0
FZD4	2	1	0
GAB1	2	1	0
GABARAPL2	2	1	0
GABRB3	2	1	0
GABRG2	2	1	0
GAPVD1	2	1	0
GAS6	2	1	0
GATA3	2	1	0
GCG	2	1	0
GCN1	2	1	0
GCSH	2	1	0
GDF1	2	1	0
GDI1	2	1	0
GFRA1	2	1	0
GFRA2	2	1	0
GGA3	2	1	0
GID8	2	1	0
GLP1R	2	1	0
GLRA3	2	1	0
GLYCAM1	2	1	0
GNA12	2	1	0
GNAI2	2	1	0
GNAO1	2	1	0
GNAS	2	1	0
GNAT3	2	1	0
GNB1	2	1	0
GNG2	2	1	0
GORASP1	2	1	0
GP1BA	2	1	0
GP5	2	1	0
GPC1	2	1	0
GPX8	2	1	0
GRB7	2	1	0
GRIA1	2	1	0
GRIK1	2	1	0
GRIK3	2	1	0
GRIN2A	2	1	0
GRIN2C	2	1	0
GRIN2D	2	1	0
GRIN3B	2	1	0
GRM1	2	1	0
GRM5	2	1	0
GSN	2	1	0
GTF2E2	2	1	0
GTF3A	2	1	0
H2AX	2	1	0
HBEGF	2	1	0
HINT2	2	1	0
HLA-DRA	2	1	0
HMGA1	2	1	0
HOXD11	2	1	0
HPN	2	1	0
HRAS	2	1	0
HSP90AA1	2	1	0
HSP90AB1	2	1	0
HSP90B1	2	1	0
HSPA1A	2	1	0
HSPA1B	2	1	0
HSPA5	2	1	0
HSPA8	2	1	0
HYAL2	2	1	0
IAPP	2	1	0
ICAM2	2	1	0
ICAM3	2	1	0
ICOS	2	1	0
ICOSLG	2	1	0
IFI44	2	1	0
IFIT2	2	1	0
IFIT3	2	1	0
IFNAR1	2	1	0
IFNL1	2	1	0
IGF2	2	1	0
IGF2R	2	1	0
IGFBP3	2	1	0
IGFBP6	2	1	0
IGHA1	2	1	0
IGHG2	2	1	0
IGHM	2	1	0
IKBKE	2	1	0
IKZF3	2	1	0
IL10	2	1	0
IL10RA	2	1	0
IL13	2	1	0
IL13RA2	2	1	0
IL15	2	1	0
IL18RAP	2	1	0
IL1B	2	1	0
IL1RAP	2	1	0
IL1RAPL1	2	1	0
IL20RB	2	1	0
IL21	2	1	0
IL21R	2	1	0
IL26	2	1	0
IL27	2	1	0
IL3	2	1	0
IL33	2	1	0
IL36B	2	1	0
IL36G	2	1	0
IL36RN	2	1	0
IL38	2	1	0
IL5RA	2	1	0
IL6	2	1	0
ILF2	2	1	0
INCENP	2	1	0
INHA	2	1	0
INHBC	2	1	0
INPP5D	2	1	0
INSIG2	2	1	0
INSR	2	1	0
IRAK2	2	1	0
IRF4	2	1	0
IRF5	2	1	0
IRS2	2	1	0
ITCH	2	1	0
ITFG2	2	1	0
ITGA4	2	1	0
ITGAE	2	1	0
ITGAM	2	1	0
ITGB3BP	2	1	0
ITGB5	2	1	0
ITPR1	2	1	0
JAG1	2	1	0
JCHAIN	2	1	0
KALRN	2	1	0
KCNJ10	2	1	0
KCNJ6	2	1	0
KCNJ9	2	1	0
KCNMB2	2	1	0
KCNQ2	2	1	0
KCTD1	2	1	0
KHDRBS1	2	1	0
KHSRP	2	1	0
KIF17	2	1	0
KIF22	2	1	0
KIF3A	2	1	0
KIR2DL1	2	1	0
KIR2DL3	2	1	0
KIR3DL2	2	1	0
KIRREL1	2	1	0
KIRREL3	2	1	0
KIT	2	1	0
KLC1	2	1	0
KLHL12	2	1	0
KLK5	2	1	0
KLRC2	2	1	0
KLRG1	2	1	0
KMT2A	2	1	0
KMT2B	2	1	0
KNTC1	2	1	0
KPTN	2	1	0
L3MBTL2	2	1	0
LAMA1	2	1	0
LARGE2	2	1	0
LCAT	2	1	0
LCE3D	2	1	0
LEF1	2	1	0
LGI2	2	1	0
LGR6	2	1	0
LIG3	2	1	0
LILRA1	2	1	0
LILRB2	2	1	0
LIMS2	2	1	0
LIN7A	2	1	0
LIN7B	2	1	0
LIN7C	2	1	0
LMAN1	2	1	0
LMNA	2	1	0
LPCAT1	2	1	0
LRFN4	2	1	0
LRRC14	2	1	0
LRRFIP1	2	1	0
LTB	2	1	0
LYRM7	2	1	0
M6PR	2	1	0
MAF	2	1	0
MAGED1	2	1	0
MAP2K1	2	1	0
MAP3K7	2	1	0
MAP3K8	2	1	0
MAPKAPK2	2	1	0
MAPKAPK5	2	1	0
MARCKS	2	1	0
MARK3	2	1	0
MASP1	2	1	0
MAVS	2	1	0
MBD2	2	1	0
MBD3	2	1	0
MBD4	2	1	0
MBOAT4	2	1	0
MC3R	2	1	0
MCF2	2	1	0
MCM6	2	1	0
MCM7	2	1	1
MDC1	2	1	0
MDK	2	1	0
MDM2	2	1	0
MECP2	2	1	0
MEFV	2	1	0
METTL3	2	1	0
MFAP3	2	1	0
MGA	2	1	0
MGAT5B	2	1	0
MIB2	2	1	1
MLPH	2	1	0
MME	2	1	0
MNAT1	2	1	0
MOB1A	2	1	0
MOB1B	2	1	0
MPHOSPH6	2	1	0
MPST	2	1	0
MSH6	2	1	0
MT-CYB	2	1	0
MTA3	2	1	0
MUTYH	2	1	0
MYH10	2	1	0
MYH9	2	1	0
MYO5A	2	1	0
MYO5B	2	1	0
MYSM1	2	1	0
NAB2	2	1	0
NCOR1	2	1	0
NCR1	2	1	0
NCR3LG1	2	1	0
NDUFAB1	2	1	0
NECTIN4	2	1	0
NEDD4L	2	1	0
NEDD8	2	1	0
NEK6	2	1	0
NFASC	2	1	0
NFE2L2	2	1	0
NFYA	2	1	0
NFYB	2	1	0
NID1	2	1	0
NLK	2	1	0
NLRC4	2	1	0
NLRP1	2	1	0
NLRP4	2	1	0
NOC2L	2	1	0
NOD1	2	1	0
NOD2	2	1	0
NOTCH2	2	1	0
NOTCH4	2	1	0
NRG1	2	1	0
NRG2	2	1	0
NRTN	2	1	0
NTN3	2	1	0
NUAK1	2	1	0
NUB1	2	1	0
NUF2	2	1	0
NXT1	2	1	0
OASL	2	1	0
OGDH	2	1	0
OGT	2	1	0
OMA1	2	1	0
OPTC	2	1	0
ORAI1	2	1	0
ORC2	2	1	0
ORC6	2	1	0
OSM	2	1	0
OTUB1	2	1	0
P2RY1	2	1	0
P2RY12	2	1	0
P4HA3	2	1	0
PARVA	2	1	0
PAX2	2	1	0
PAX3	2	1	0
PCSK9	2	1	0
PDE6G	2	1	0
PDS5A	2	1	0
PELI1	2	1	0
PER1	2	1	0
PEX14	2	1	0
PEX2	2	1	0
PEX6	2	1	0
PFN1	2	1	0
PHF19	2	1	0
PHF20	2	1	0
PHKA1	2	1	0
PHLDA1	2	1	0
PIDD1	2	1	0
PIK3CG	2	1	0
PIK3R3	2	1	0
PIN1	2	1	0
PINK1	2	1	0
PIP5K1C	2	1	0
PKN1	2	1	0
PLAT	2	1	0
PLG	2	1	0
PLIN2	2	1	0
PLIN3	2	1	0
PLXNC1	2	1	1
PMS2	2	1	0
POFUT1	2	1	0
POLE4	2	1	0
POLL	2	1	0
POMT2	2	1	0
POU3F1	2	1	0
PPFIA1	2	1	0
PPFIA2	2	1	0
PPFIBP2	2	1	0
PPID	2	1	0
PPM1E	2	1	0
PPP1R13B	2	1	0
PPP2CB	2	1	0
PPP3R1	2	1	0
PPRC1	2	1	0
PRC1	2	1	0
PRKAA2	2	1	0
PRKACB	2	1	0
PRKAG3	2	1	0
PRKAR2A	2	1	0
PRMT6	2	1	0
PRSS2	2	1	0
PRX	2	1	0
PSEN2	2	1	0
PSMD13	2	1	0
PSMD3	2	1	0
PSMD7	2	1	0
PSMD8	2	1	0
PSME4	2	1	0
PTEN	2	1	0
PTPN1	2	1	0
PTPN11	2	1	0
PTPN22	2	1	0
PTPRA	2	1	0
PTPRC	2	1	0
PTPRF	2	1	0
PTTG1	2	1	0
PXN	2	1	0
PYGL	2	1	0
RAB11FIP2	2	1	0
RAB11FIP3	2	1	0
RAB18	2	1	0
RAB33B	2	1	0
RAB35	2	1	0
RAB3A	2	1	0
RAB3IP	2	1	0
RAB5C	2	1	0
RAB9A	2	1	0
RABGEF1	2	1	0
RAC1	2	1	0
RACGAP1	2	1	0
RAD1	2	1	0
RANBP2	2	1	0
RAP1GDS1	2	1	0
RASGRP1	2	1	0
RBL1	2	1	0
RBM8A	2	1	0
RCE1	2	1	0
RCHY1	2	1	0
RCOR1	2	1	0
RCVRN	2	1	0
REN	2	1	0
REPS2	2	1	0
REV3L	2	1	0
RGP1	2	1	0
RGS20	2	1	0
RHEB	2	1	0
RHO	2	1	0
RHOA	2	1	0
RHOBTB2	2	1	0
RHOC	2	1	0
RHOG	2	1	0
RHPN2	2	1	0
RILP	2	1	0
RIPK3	2	1	0
RND1	2	1	0
RNF123	2	1	0
RNF144A	2	1	0
RNF181	2	1	0
RNF31	2	1	0
RNF8	2	1	0
ROCK2	2	1	0
ROPN1	2	1	0
ROR2	2	1	0
RPA1	2	1	0
RPN2	2	1	0
RPS6	2	1	0
RPS6KA2	2	1	0
RPS6KA3	2	1	0
RPTOR	2	1	0
RRAGB	2	1	0
RRAGD	2	1	0
RRM1	2	1	0
RRP8	2	1	0
RTN4	2	1	0
RUFY1	2	1	0
RUNX1	2	1	0
RUVBL1	2	1	0
RXRB	2	1	0
RYK	2	1	0
S100A8	2	1	0
S100B	2	1	0
SAG	2	1	0
SATB2	2	1	0
SCAI	2	1	0
SCAP	2	1	0
SCP2	2	1	0
SCUBE2	2	1	0
SDCBP	2	1	0
SELP	2	1	0
SEMA6D	2	1	0
SENP1	2	1	0
SEPTIN4	2	1	0
SESN1	2	1	0
SFN	2	1	0
SGCG	2	1	0
SGCZ	2	1	0
SH3PXD2A	2	1	0
SHC3	2	1	0
SHPRH	2	1	0
SIAH2	2	1	0
SIGLEC14	2	1	0
SKIL	2	1	0
SKP1	2	1	0
SLC9A1	2	1	0
SMARCA4	2	1	0
SMARCC2	2	1	0
SMO	2	1	0
SMURF1	2	1	0
SNTG2	2	1	0
SOCS5	2	1	0
SOD2	2	1	0
SOX9	2	1	0
SPI1	2	1	0
SPP1	2	1	0
SREBF2	2	1	0
SRGAP1	2	1	0
SRXN1	2	1	0
SRY	2	1	0
ST14	2	1	0
STAMBP	2	1	0
STAP2	2	1	0
STAT1	2	1	0
STAT5B	2	1	0
STK24	2	1	0
STT3B	2	1	0
STX18	2	1	0
SUFU	2	1	1
SUPT5H	2	1	0
TAB2	2	1	0
TANK	2	1	0
TAP1	2	1	0
TBC1D1	2	1	0
TBC1D25	2	1	0
TBK1	2	1	0
TBPL2	2	1	0
TBX21	2	1	0
TCF7	2	1	0
TEAD3	2	1	0
TEAD4	2	1	0
TEK	2	1	0
TERT	2	1	0
TET3	2	1	0
TEX10	2	1	0
TFDP2	2	1	0
TFEB	2	1	0
TGFB1	2	1	0
TGFBR1	2	1	0
TGFBR3	2	1	0
THBD	2	1	0
THBS2	2	1	0
THRA	2	1	0
TICAM1	2	1	0
TICAM2	2	1	0
TIMELESS	2	1	0
TLR4	2	1	0
TLR7	2	1	0
TMED9	2	1	0
TNFSF11	2	1	0
TNIP3	2	1	0
TNKS2	2	1	0
TNNI1	2	1	0
TNNT1	2	1	0
TOP2A	2	1	0
TOP3A	2	1	0
TOR1A	2	1	0
TP53RK	2	1	0
TPST2	2	1	0
TRAC	2	1	0
TRAT1	2	1	0
TRIM72	2	1	0
TRPC4	2	1	0
TRPV4	2	1	0
TRRAP	2	1	0
TSC2	2	1	0
TSC22D3	2	1	0
TWIST2	2	1	0
TXN2	2	1	0
UBE2B	2	1	0
UBE2L6	2	1	0
UBE2N	2	1	0
UBXN1	2	1	0
UCHL3	2	1	0
UNC13B	2	1	0
UNC5B	2	1	0
UQCC1	2	1	0
UQCC5	2	1	0
UQCR10	2	1	0
USP14	2	1	0
USP17L2	2	1	0
USP18	2	1	0
USP20	2	1	0
USP21	2	1	0
USP30	2	1	0
USP33	2	1	0
USP8	2	1	0
UTRN	2	1	0
VANGL2	2	1	0
VAV1	2	1	0
VCPIP1	2	1	0
VEGFC	2	1	0
VENTX	2	1	0
VPREB1	2	1	0
VRK3	2	1	0
VTI1A	2	1	0
WDR5	2	1	0
WDR82	2	1	0
WIPF1	2	1	0
WIPF3	2	1	0
WNT8A	2	1	0
WWC1	2	1	0
XPOT	2	1	0
XRCC1	2	1	0
XRCC2	2	1	0
XRCC3	2	1	0
XRCC5	2	1	0
YAP1	2	1	0
YEATS4	2	1	0
YES1	2	1	0
YKT6	2	1	0
YWHAE	2	1	0
YWHAZ	2	1	0
YY1	2	1	0
ZBTB35	2	1	0
ZDHHC8	2	1	0
ZEB1	2	1	0
ZFHX3	2	1	0
ZMYM2	2	1	0
ZMYND8	2	1	0
ZNF45	2	1	0
ZNF521	2	1	0
ZNF598	2	1	0
ZNF74	2	1	0
ZNF827	2	1	0
ZNRF3	2	1	0
ABCA7	2	2	0
ABLIM1	2	2	0
ABLIM3	2	2	0
ACKR3	2	2	0
ACTB	2	2	0
ACTG2	2	2	0
ACTL6B	2	2	0
ACTN2	2	2	0
ACTN3	2	2	0
ACTR10	2	2	0
ACTR1A	2	2	0
ADAM12	2	2	0
ADAR	2	2	0
ADNP2	2	2	0
ADRA1A	2	2	0
ADRA2A	2	2	0
AEBP2	2	2	0
AGO1	2	2	0
AGO2	2	2	0
AGT	2	2	0
AHR	2	2	0
AKAP1	2	2	0
AKT1S1	2	2	0
ALOX5	2	2	0
ALYREF	2	2	0
AMOTL1	2	2	0
ANGPTL4	2	2	0
ANK3	2	2	0
ANTXR2	2	2	0
AP1M2	2	2	0
AP1S1	2	2	0
AP1S2	2	2	0
AP2B1	2	2	0
AP4B1	2	2	0
AP4E1	2	2	0
AP4S1	2	2	0
APC	2	2	0
APH1A	2	2	0
APOBR	2	2	0
APOC1	2	2	0
APOC4	2	2	0
APPL1	2	2	0
ARAF	2	2	0
ARC	2	2	0
ARHGAP32	2	2	0
ARHGDIB	2	2	0
ARHGDIG	2	2	0
ARHGEF6	2	2	0
ARID1B	2	2	0
ARID2	2	2	0
ARL2	2	2	0
ARMC8	2	2	0
ARRB2	2	2	0
ARSA	2	2	0
ASPH	2	2	0
ASXL1	2	2	0
ATAD2	2	2	0
ATF1	2	2	0
ATF3	2	2	0
ATF7IP	2	2	0
ATG16L2	2	2	0
ATP1A1	2	2	0
ATP1A3	2	2	0
ATP1B2	2	2	0
ATP1B3	2	2	0
B3GALNT2	2	2	0
BANP	2	2	0
BAP1	2	2	0
BBC3	2	2	0
BCKDHB	2	2	0
BCKDK	2	2	0
BCL2L1	2	2	0
BCL9L	2	2	0
BDKRB2	2	2	0
BDNF	2	2	0
BID	2	2	0
BIRC3	2	2	0
BNIP1	2	2	0
BNIP2	2	2	0
BOC	2	2	0
BRCA2	2	2	0
BRD2	2	2	0
BRPF1	2	2	0
BTRC	2	2	0
BUB3	2	2	0
C1QC	2	2	0
C9	2	2	0
CACNA1A	2	2	0
CACNA1G	2	2	0
CACNB2	2	2	0
CACNG6	2	2	0
CACNG7	2	2	0
CALCA	2	2	0
CALR	2	2	0
CAP2	2	2	0
CAPN2	2	2	0
CAPNS1	2	2	0
CARD9	2	2	0
CASC3	2	2	0
CASTOR1	2	2	0
CBFB	2	2	0
CCDC22	2	2	0
CCL4	2	2	0
CCNB1	2	2	0
CCNG1	2	2	0
CCNH	2	2	0
CCR2	2	2	0
CCR8	2	2	0
CCZ1	2	2	0
CD151	2	2	0
CD1B	2	2	0
CD226	2	2	0
CD28	2	2	0
CD2AP	2	2	0
CD55	2	2	0
CD96	2	2	0
CDC25A	2	2	0
CDC42EP2	2	2	0
CDC6	2	2	0
CDH24	2	2	0
CDK13	2	2	0
CDK2	2	2	0
CDK5R1	2	2	0
CDK6	2	2	0
CDK8	2	2	0
CDKN2A	2	2	0
CDON	2	2	0
CDSN	2	2	0
CEBPB	2	2	0
CETN1	2	2	0
CFB	2	2	0
CHD4	2	2	0
CHD6	2	2	0
CHD7	2	2	1
CHM	2	2	0
CIT	2	2	0
CITED4	2	2	0
CKS1B	2	2	0
CLASP1	2	2	0
CLEC1B	2	2	0
CLEC4C	2	2	0
CLEC7A	2	2	0
CLNS1A	2	2	0
CLTA	2	2	0
CLVS2	2	2	0
CMA1	2	2	0
CNGA2	2	2	0
CNGA4	2	2	0
CNGB1	2	2	0
COL1A2	2	2	0
COLEC10	2	2	0
COMMD1	2	2	0
COPB2	2	2	0
COPRS	2	2	0
COPZ2	2	2	0
CPB2	2	2	0
CPN2	2	2	0
CPS1	2	2	0
CPSF7	2	2	0
CRADD	2	2	0
CREB3L4	2	2	0
CRLF1	2	2	0
CRY2	2	2	0
CSF1	2	2	0
CSF1R	2	2	1
CSF3	2	2	0
CSK	2	2	0
CSNK2A3	2	2	0
CSTF2T	2	2	0
CTF1	2	2	0
CTNNA2	2	2	0
CTNNB1	2	2	0
CTRB1	2	2	0
CTSZ	2	2	0
CUL2	2	2	0
CUL3	2	2	0
CUL9	2	2	0
CYSLTR1	2	2	0
CYTH2	2	2	0
DCAF8L2	2	2	0
DCLRE1C	2	2	0
DCP2	2	2	0
DCTN1	2	2	0
DCTN2	2	2	0
DCTN3	2	2	0
DCTN4	2	2	0
DCTN5	2	2	0
DDB2	2	2	0
DDOST	2	2	0
DDX17	2	2	0
DDX5	2	2	0
DEFA3	2	2	0
DFFA	2	2	0
DHX36	2	2	0
DIAPH1	2	2	0
DIAPH3	2	2	0
DIS3L2	2	2	0
DLG2	2	2	0
DLST	2	2	0
DNAJB1	2	2	0
DNMT3L	2	2	0
DOCK11	2	2	0
DOCK8	2	2	0
DOCK9	2	2	0
DOK1	2	2	0
DPF2	2	2	0
DPH1	2	2	0
DPH7	2	2	0
DPYSL2	2	2	0
DTX4	2	2	0
DUS2	2	2	0
DUSP6	2	2	0
DYNC1I1	2	2	0
DYNC1I2	2	2	0
DYNLL1	2	2	0
DYSF	2	2	0
E2F3	2	2	0
EED	2	2	0
EGFR	2	2	0
EGLN1	2	2	0
EGR1	2	2	0
EIF4B	2	2	0
EIF4E3	2	2	0
ELAVL1	2	2	0
ELN	2	2	0
ELOC	2	2	0
ENAH	2	2	0
ENSA	2	2	0
EPB41L3	2	2	0
EPRS1	2	2	0
EPS15	2	2	0
ERCC3	2	2	0
ERCC8	2	2	0
ERLIN1	2	2	0
ESCO2	2	2	0
ESPL1	2	2	0
ETS1	2	2	0
EZR	2	2	0
F11	2	2	0
F13B	2	2	0
F8	2	2	0
FAM124B	2	2	0
FARP2	2	2	0
FBN2	2	2	0
FBXL21P	2	2	0
FBXL7	2	2	0
FBXO5	2	2	0
FBXW11	2	2	0
FCGR2A	2	2	0
FCGR3A	2	2	0
FDXR	2	2	0
FER	2	2	0
FGF22	2	2	0
FGF6	2	2	0
FGF7	2	2	0
FGFBP1	2	2	0
FGFR4	2	2	0
FGR	2	2	0
FIGNL1	2	2	0
FKBP4	2	2	0
FKBPL	2	2	0
FLG	2	2	0
FLNA	2	2	0
FLOT1	2	2	0
FLRT1	2	2	0
FPR3	2	2	0
FRK	2	2	0
FRS3	2	2	0
FSTL3	2	2	0
FZD5	2	2	0
GAA	2	2	0
GABARAP	2	2	0
GABBR1	2	2	0
GABRG3	2	2	0
GATA4	2	2	0
GBP1	2	2	0
GBP5	2	2	0
GCC2	2	2	0
GCGR	2	2	0
GEN1	2	2	0
GGCX	2	2	0
GIPR	2	2	0
GMNC	2	2	0
GNA11	2	2	0
GNA15	2	2	0
GNB2	2	2	0
GNB3	2	2	0
GNB5	2	2	0
GNPAT	2	2	0
GOLGA2	2	2	0
GPX7	2	2	0
GRB14	2	2	0
GRIN1	2	2	0
GRK1	2	2	0
GRK2	2	2	0
GRK3	2	2	0
GRK4	2	2	0
GSK3A	2	2	0
GSK3B	2	2	0
H2AC6	2	2	0
HDAC5	2	2	0
HECW1	2	2	0
HERC2	2	2	0
HERC5	2	2	0
HES1	2	2	0
HES7	2	2	0
HEY1	2	2	0
HGF	2	2	0
HIPK1	2	2	0
HIPK2	2	2	0
HLA-C	2	2	1
HLA-DMA	2	2	0
HLA-DOA	2	2	0
HLA-E	2	2	0
HLA-G	2	2	0
HOMER2	2	2	0
HOXA11	2	2	0
HPX	2	2	0
HSPH1	2	2	0
HTT	2	2	0
IER3	2	2	0
IFIT1	2	2	0
IFNL2	2	2	0
IFT88	2	2	0
IGFALS	2	2	0
IGKC	2	2	0
IGLL1	2	2	0
IKBIP	2	2	0
IKZF2	2	2	0
IL11	2	2	0
IL17RD	2	2	0
IL1R2	2	2	0
IL2	2	2	0
IL20	2	2	0
IL22	2	2	0
IL23R	2	2	0
IL33R	2	2	0
IL36A	2	2	0
IL7	2	2	0
IL9R	2	2	0
ILF3	2	2	0
INHBA	2	2	0
IQGAP3	2	2	0
IRF9	2	2	0
ISG15	2	2	0
ISL1	2	2	0
ITGA8	2	2	0
ITGA9	2	2	0
ITGAX	2	2	0
ITGB1	2	2	0
ITGB2	2	2	0
ITPKB	2	2	0
JAG2	2	2	0
JAM3	2	2	0
JUND	2	2	0
KAT2B	2	2	0
KAT5	2	2	0
KAT6A	2	2	0
KAT6B	2	2	0
KCNJ15	2	2	0
KCNMB4	2	2	0
KDM4C	2	2	0
KDM8	2	2	0
KDR	2	2	0
KHDRBS2	2	2	0
KIF3B	2	2	0
KIF3C	2	2	0
KIF4B	2	2	0
KIR2DL4	2	2	0
KIR2DS1	2	2	0
KLK12	2	2	0
KLRC1	2	2	0
KMT2D	2	2	0
KMT5A	2	2	0
KNL1	2	2	1
KPNA6	2	2	0
KRT25	2	2	0
KRT26	2	2	0
L1CAM	2	2	0
L3MBTL1	2	2	0
LAMA4	2	2	0
LAMB2	2	2	0
LDB1	2	2	0
LDLRAP1	2	2	0
LEP	2	2	0
LGR4	2	2	0
LGR5	2	2	0
LHX4	2	2	0
LIAS	2	2	0
LIMD1	2	2	0
LIMK1	2	2	0
LOXL1	2	2	0
LPIN1	2	2	0
LPL	2	2	0
LRFN1	2	2	0
LRP1	2	2	0
LSR	2	2	0
LTBP1	2	2	0
LTBP3	2	2	0
LTF	2	2	0
LYL1	2	2	0
LYPLA1	2	2	0
LYVE1	2	2	0
MAD2L2	2	2	0
MADCAM1	2	2	0
MAFK	2	2	0
MAGOH	2	2	0
MALT1	2	2	0
MAP3K1	2	2	0
MAP3K3	2	2	0
MAP3K5	2	2	0
MAPK4	2	2	0
MAPK8	2	2	0
MASTL	2	2	0
MATK	2	2	0
MBD3L2	2	2	0
MBTPS1	2	2	0
MC4R	2	2	0
MCFD2	2	2	0
MCM10	2	2	0
MCM2	2	2	0
MCM8	2	2	0
MDM4	2	2	0
MEF2A	2	2	0
MEMO1	2	2	0
MERTK	2	2	0
MET	2	2	0
METAP1	2	2	0
METTL14	2	2	0
METTL21A	2	2	0
METTL23	2	2	0
MFAP5	2	2	0
MIA2	2	2	0
MIF	2	2	0
MITF	2	2	0
MIXL1	2	2	0
MMP12	2	2	0
MMP19	2	2	0
MSH3	2	2	0
MSRB1	2	2	0
MST1	2	2	0
MTMR12	2	2	0
MTOR	2	2	0
MTRES1	2	2	0
MTRFR	2	2	0
MTTP	2	2	0
MVB12A	2	2	0
MYH2	2	2	0
MYL12B	2	2	0
MYOD1	2	2	0
NAE1	2	2	0
NAPA	2	2	0
NCAM1	2	2	0
NCBP1	2	2	0
NCF1	2	2	0
NCF2	2	2	0
NCF4	2	2	0
NCK1	2	2	0
NCK2	2	2	0
NCR2	2	2	0
NECTIN2	2	2	0
NEDD4	2	2	0
NEFL	2	2	0
NEIL3	2	2	0
NEK1	2	2	0
NELFE	2	2	0
NEU4	2	2	0
NFKBIB	2	2	0
NGF	2	2	0
NID2	2	2	0
NMT2	2	2	0
NODAL	2	2	0
NOTCH2NLB	2	2	0
NOX1	2	2	0
NOXO1	2	2	0
NPAS2	2	2	0
NPAS4	2	2	0
NPRL2	2	2	0
NR1D1	2	2	0
NR1H2	2	2	0
NR1H3	2	2	0
NR1H4	2	2	0
NR5A2	2	2	0
NRG4	2	2	0
NTHL1	2	2	0
NUMB	2	2	0
ORC4	2	2	0
ORC5	2	2	0
OSMR	2	2	0
OTUD5	2	2	0
PAG1	2	2	0
PAGR1	2	2	0
PAK6	2	2	0
PALB2	2	2	0
PARD6G	2	2	0
PARK7	2	2	0
PCLO	2	2	0
PDE4D	2	2	0
PDE6D	2	2	0
PDGFRB	2	2	0
PDS5B	2	2	0
PDYN	2	2	0
PELI3	2	2	0
PEX13	2	2	0
PEX26	2	2	0
PGAM5	2	2	0
PGR	2	2	0
PHLPP2	2	2	0
PIAS1	2	2	0
PIAS4	2	2	0
PIK3R1	2	2	0
PIK3R6	2	2	0
PITPNA	2	2	0
PKD1	2	2	0
PLAU	2	2	0
PLCG2	2	2	0
PLEC	2	2	0
PLEKHA3	2	2	0
PLIN1	2	2	0
PLK1	2	2	0
PLXNA1	2	2	0
PLXNA2	2	2	0
PLXNA4	2	2	0
PMEPA1	2	2	0
PML	2	2	0
PODXL2	2	2	0
POLD1	2	2	0
POLD3	2	2	0
POLD4	2	2	0
POLI	2	2	0
POLRMT	2	2	0
POMT1	2	2	0
POU3F2	2	2	0
POU4F1	2	2	0
PPARG	2	2	0
PPEF1	2	2	0
PPFIA3	2	2	0
PPFIA4	2	2	0
PPM1B	2	2	0
PPM1K	2	2	0
PPP1CB	2	2	0
PPP1CC	2	2	0
PPP1R3C	2	2	0
PPP2R2D	2	2	0
PPP3CA	2	2	0
PPP6R1	2	2	0
PRDM4	2	2	0
PREB	2	2	0
PRKACG	2	2	0
PRKAR1A	2	2	0
PRKAR2B	2	2	0
PRKCSH	2	2	0
PRKG1	2	2	0
PRKN	2	2	0
PRM1	2	2	0
PRNP	2	2	0
PSPN	2	2	0
PTCH1	2	2	0
PTPN2	2	2	0
PTPRU	2	2	0
PWWP2B	2	2	0
RAB10	2	2	0
RAB11B	2	2	0
RAB13	2	2	0
RAB27A	2	2	0
RAB31	2	2	0
RAB39A	2	2	0
RAB4A	2	2	0
RAB5A	2	2	0
RAB6A	2	2	0
RAB8A	2	2	0
RAD50	2	2	1
RAD52	2	2	0
RAF1	2	2	0
RALGDS	2	2	0
RAMAC	2	2	0
RAMP2	2	2	0
RAN	2	2	0
RANBP1	2	2	0
RAPGEF1	2	2	0
RARA	2	2	0
RASGRF1	2	2	0
RASGRP2	2	2	0
RASGRP3	2	2	0
RB1	2	2	0
RBCK1	2	2	0
RET	2	2	0
RGMA	2	2	0
RGS17	2	2	0
RGS9	2	2	0
RGS9BP	2	2	0
RHOD	2	2	0
RHOF	2	2	0
RHPN1	2	2	0
RIN3	2	2	0
RIPPLY2	2	2	0
RMND5A	2	2	0
RNF128	2	2	0
RNF135	2	2	0
RNF2	2	2	0
RNF41	2	2	0
RNF43	2	2	0
RNMT	2	2	0
ROBO1	2	2	0
ROBO3	2	2	0
RPA4	2	2	0
RPGRIP1L	2	2	0
RPS6KA5	2	2	0
RRAGC	2	2	0
RRAS	2	2	0
RRM2	2	2	0
RSPO2	2	2	0
RTN3	2	2	0
RYBP	2	2	0
S100A9	2	2	0
SAFB	2	2	0
SCRIB	2	2	0
SEC22B	2	2	0
SEC23IP	2	2	0
SELE	2	2	0
SEM1	2	2	0
SEMA4D	2	2	0
SEMG1	2	2	0
SENP5	2	2	0
SERPINA1	2	2	0
SERPINC1	2	2	0
SERPIND1	2	2	0
SESN2	2	2	0
SFRP1	2	2	0
SFTPA1	2	2	0
SFTPA2	2	2	0
SFTPD	2	2	0
SGCB	2	2	0
SGCD	2	2	0
SGK2	2	2	0
SGK3	2	2	0
SGO1	2	2	0
SH2B1	2	2	0
SH2B2	2	2	0
SHANK1	2	2	0
SHANK3	2	2	0
SIPA1L1	2	2	0
SIRPB1	2	2	0
SLA2	2	2	0
SLBP	2	2	0
SLC16A3	2	2	0
SLX4	2	2	0
SMAD9	2	2	0
SMARCA2	2	2	0
SMARCA5	2	2	0
SNCA	2	2	0
SNTB1	2	2	0
SNW1	2	2	0
SOST	2	2	0
SOX17	2	2	0
SOX2	2	2	0
SP1	2	2	0
SPAG9	2	2	0
SPATA2	2	2	0
SPINK5	2	2	0
SPINK9	2	2	0
SPN	2	2	0
SPOP	2	2	0
SPRTN	2	2	0
SPTA1	2	2	0
SPTBN1	2	2	0
SQSTM1	2	2	0
SRF	2	2	0
STAM	2	2	0
STAM2	2	2	0
STK11	2	2	0
STK3	2	2	0
STK4	2	2	0
STON2	2	2	0
STRAP	2	2	0
STT3A	2	2	0
STX16	2	2	0
STX1A	2	2	0
STXBP3	2	2	0
SUGT1	2	2	0
SYCP2	2	2	0
SYT9	2	2	0
SYTL1	2	2	0
TBC1D20	2	2	0
TBC1D4	2	2	0
TBP	2	2	0
TBX3	2	2	0
TBXT	2	2	0
TCF7L1	2	2	0
TCN2	2	2	0
TDG	2	2	0
TFAM	2	2	0
TFB2M	2	2	0
TFDP1	2	2	0
TGFB2	2	2	0
THBS1	2	2	0
THEM4	2	2	0
THRB	2	2	0
TIAM1	2	2	0
TIMP1	2	2	0
TLE2	2	2	0
TLE5	2	2	0
TLL1	2	2	0
TLR10	2	2	0
TLR3	2	2	0
TLR6	2	2	0
TMED2	2	2	0
TMEM177	2	2	0
TMPRSS2	2	2	0
TNFRSF13B	2	2	0
TNFRSF25	2	2	0
TNFRSF6B	2	2	0
TNFSF14	2	2	0
TNKS	2	2	0
TNNC1	2	2	0
TNNI3	2	2	0
TNR	2	2	0
TNRC6C	2	2	0
TOMM20	2	2	0
TOMM70	2	2	0
TPST1	2	2	0
TRAV19	2	2	0
TRBC1	2	2	0
TREM1	2	2	0
TRIB3	2	2	0
TRIM27	2	2	0
TRIM56	2	2	0
TRIP11	2	2	0
TRPC1	2	2	0
TRPC5	2	2	0
TXLNA	2	2	0
TXN	2	2	0
TYK2	2	2	0
UBA3	2	2	0
UBA52	2	2	0
UBA7	2	2	0
UBE2D1	2	2	0
UBE2T	2	2	0
ULK3	2	2	0
UNC5A	2	2	0
UQCC3	2	2	0
UQCR11	2	2	0
UQCRQ	2	2	0
USE1	2	2	0
USP1	2	2	0
USP10	2	2	0
USP11	2	2	0
USP13	2	2	0
USP24	2	2	0
USP25	2	2	0
USP28	2	2	0
UVSSA	2	2	0
VAMP3	2	2	0
VAMP4	2	2	0
VAV3	2	2	0
VCPKMT	2	2	0
VLDLR	2	2	0
VPS25	2	2	0
VPS26A	2	2	0
VPS28	2	2	0
VPS37C	2	2	0
VPS37D	2	2	0
VPS51	2	2	0
VPS52	2	2	0
VRK1	2	2	0
WAS	2	2	0
WDR48	2	2	0
WDR77	2	2	0
WDR83	2	2	0
WIF1	2	2	0
WIPF2	2	2	0
WNT1	2	2	0
WNT3A	2	2	0
WNT5A	2	2	0
WRN	2	2	0
WWOX	2	2	0
WWP2	2	2	0
XPA	2	2	0
XPO5	2	2	0
XRCC6	2	2	0
YOD1	2	2	0
YWHAQ	2	2	0
ZNF217	2	2	0
ZNF350	2	2	0
ZNF385A	2	2	0
ZNF420	2	2	0
ZNF473	2	2	0
ZNF592	2	2	0
ZRANB1	2	2	0
ZW10	2	2	0
ZWILCH	2	2	0
A2M	2	3	0
AATF	2	3	0
ABCA1	2	3	0
ACAT1	2	3	0
ACE	2	3	0
ACE2	2	3	0
ACOX1	2	3	0
ACVR2A	2	3	0
ADAM11	2	3	0
ADAM15	2	3	0
ADCY1	2	3	0
ADCYAP1	2	3	0
ADCYAP1R1	2	3	0
ADD2	2	3	0
ADM2	2	3	0
ADRA1B	2	3	0
ADRB2	2	3	0
ADRM1	2	3	0
AGFG1	2	3	0
AICDA	2	3	0
AIP	2	3	0
AJUBA	2	3	0
AKAP5	2	3	0
AKAP8L	2	3	0
AKT3	2	3	0
ALK	2	3	0
ALOX5AP	2	3	0
ALPK1	2	3	0
AMBP	2	3	0
AMN	2	3	0
AMOT	2	3	0
ANOS1	2	3	0
ANXA1	2	3	0
ANXA2	2	3	0
AP1S3	2	3	0
AP2A1	2	3	0
AP2S1	2	3	0
APBA3	2	3	0
APBB1	2	3	0
APH1B	2	3	0
APIP	2	3	0
ARAP1	2	3	0
ARHGAP1	2	3	0
ARHGAP35	2	3	0
ARHGEF7	2	3	0
ARID1A	2	3	0
ARL13B	2	3	0
ARL2BP	2	3	0
ARPP19	2	3	0
ARRB1	2	3	0
ATF6B	2	3	0
ATG10	2	3	0
ATG101	2	3	0
ATG14	2	3	0
ATG5	2	3	0
ATP1A4	2	3	0
ATP6AP2	2	3	0
ATR	2	3	0
AVPR2	2	3	0
AXIN1	2	3	0
AXL	2	3	0
B3GNT3	2	3	0
B4GALT1	2	3	0
B4GAT1	2	3	0
BACE1	2	3	0
BACH1	2	3	0
BAG4	2	3	0
BAIAP2	2	3	0
BANF1	2	3	0
BATF	2	3	0
BCL2L11	2	3	0
BGLAP	2	3	0
BICRA	2	3	0
BIRC5	2	3	0
BLK	2	3	0
BLNK	2	3	0
BMF	2	3	0
BMI1	2	3	0
BMP2	2	3	0
BMPR1A	2	3	0
BMX	2	3	0
BOD1L1	2	3	0
BRD7	2	3	0
BRF1	2	3	0
BRIP1	2	3	0
C1QBP	2	3	0
C1R	2	3	0
C4A	2	3	0
CACNA1I	2	3	0
CACNA2D1	2	3	0
CACNB3	2	3	0
CACNG2	2	3	0
CACNG4	2	3	0
CADM2	2	3	0
CALM2	2	3	0
CAMK2D	2	3	0
CAMK4	2	3	0
CAND1	2	3	0
CAPNS2	2	3	0
CAPZA1	2	3	0
CAPZA2	2	3	0
CARMIL1	2	3	0
CASK	2	3	0
CASP14	2	3	0
CASP2	2	3	0
CASP8	2	3	0
CAST	2	3	0
CBX5	2	3	0
CCDC88C	2	3	0
CCL16	2	3	0
CCNC	2	3	0
CCND1	2	3	0
CD14	2	3	0
CD24	2	3	0
CD274	2	3	1
CD36	2	3	0
CD4	2	3	0
CD40	2	3	0
CD40LG	2	3	0
CD46	2	3	0
CD59	2	3	0
CD72	2	3	0
CD79B	2	3	0
CD80	2	3	0
CDC14B	2	3	0
CDC45	2	3	0
CDC7	2	3	0
CDC73	2	3	0
CDCA5	2	3	0
CDCA8	2	3	0
CDH1	2	3	0
CDH5	2	3	0
CDH8	2	3	0
CDK5	2	3	0
CDKN1A	2	3	0
CENPA	2	3	0
CER1	2	3	0
CETN2	2	3	0
CFHR1	2	3	0
CFL1	2	3	0
CHD2	2	3	0
CHD3	2	3	0
CHMP2A	2	3	0
CITED2	2	3	0
CLCF1	2	3	0
CLOCK	2	3	0
CLTCL1	2	3	0
CLU	2	3	0
CNIH3	2	3	0
CNTFR	2	3	0
CNTNAP1	2	3	0
COL18A1	2	3	0
COL3A1	2	3	0
CPSF6	2	3	0
CR1	2	3	0
CRABP2	2	3	0
CREB3	2	3	0
CREB3L1	2	3	0
CREB3L2	2	3	0
CREBBP	2	3	0
CRTC1	2	3	0
CRTC2	2	3	0
CSNK1D	2	3	0
CTCF	2	3	0
CTNNA1	2	3	1
CTSK	2	3	0
CTSV	2	3	0
CUX1	2	3	0
CYB5R4	2	3	0
CYP11A1	2	3	0
DAB2	2	3	0
DACT1	2	3	0
DCC	2	3	0
DCN	2	3	0
DCUN1D1	2	3	0
DCX	2	3	0
DDIT3	2	3	0
DENND1C	2	3	0
DENND4B	2	3	0
DENND5B	2	3	0
DENND6A	2	3	0
DEPDC5	2	3	0
DGCR8	2	3	0
DISP2	2	3	0
DLL4	2	3	0
DNAJA1	2	3	0
DNAJB6	2	3	0
DNAJC2	2	3	0
DNAL4	2	3	0
DNER	2	3	0
DNMT3A	2	3	0
DOCK6	2	3	0
DOK2	2	3	0
DPH5	2	3	0
DPPA2	2	3	0
DPY30	2	3	0
DRP2	2	3	0
DSCAML1	2	3	0
DTX1	2	3	0
DVL1	2	3	0
DYRK2	2	3	0
E2F1	2	3	0
E2F2	2	3	0
EBI3	2	3	0
EEF1B2	2	3	0
EIF1AX	2	3	0
EIF2AK1	2	3	0
EIF2AK2	2	3	0
EIF2AK4	2	3	0
EIF2S3	2	3	0
EIF4G2	2	3	0
ELMO2	2	3	0
ELOA2	2	3	0
EME1	2	3	0
EME2	2	3	0
EP400	2	3	0
EPAS1	2	3	0
EPB41	2	3	0
ERCC1	2	3	0
ERCC6	2	3	0
ERF	2	3	0
ERLEC1	2	3	0
ERO1A	2	3	0
ESAM	2	3	0
ESCO1	2	3	0
ESRRA	2	3	0
ETS2	2	3	0
EZH2	2	3	0
F10	2	3	0
F11R	2	3	0
F5	2	3	0
F7	2	3	0
FAS	2	3	0
FBLN1	2	3	0
FBLN2	2	3	1
FBXL3	2	3	0
FCN1	2	3	0
FDX2	2	3	0
FGF19	2	3	0
FGF23	2	3	0
FGFR1OP2	2	3	0
FILIP1	2	3	0
FLOT2	2	3	0
FMNL1	2	3	0
FMOD	2	3	0
FNTA	2	3	0
FOSB	2	3	0
FOXD3	2	3	0
FOXO1	2	3	0
GAB2	2	3	0
GABRB1	2	3	0
GABRQ	2	3	0
GADD45A	2	3	0
GANAB	2	3	0
GAS1	2	3	0
GAS2	2	3	0
GATAD2B	2	3	0
GC	2	3	0
GDI2	2	3	0
GDNF	2	3	0
GET3	2	3	0
GET4	2	3	0
GFRA3	2	3	0
GGA2	2	3	0
GH1	2	3	0
GHRL	2	3	0
GINS3	2	3	0
GINS4	2	3	0
GLG1	2	3	0
GLI3	2	3	0
GLP2R	2	3	0
GLRA1	2	3	0
GLRX	2	3	0
GM2A	2	3	0
GNA13	2	3	0
GNGT1	2	3	0
GP1BB	2	3	0
GPIHBP1	2	3	0
GPNMB	2	3	0
GPR37	2	3	0
GPR37L1	2	3	0
GRB10	2	3	0
GREB1	2	3	0
GRIA3	2	3	0
GRK5	2	3	0
GRK7	2	3	0
GTF2A1	2	3	0
GTF2F2	2	3	0
GYS2	2	3	0
H2BC21	2	3	0
HAT1	2	3	0
HCST	2	3	0
HDAC1	2	3	0
HDAC6	2	3	0
HDAC7	2	3	0
HIF1AN	2	3	0
HIKESHI	2	3	0
HLA-DOB	2	3	0
HLA-DQA1	2	3	1
HMGB1	2	3	0
HMMR	2	3	0
HNRNPK	2	3	0
HOMER1	2	3	0
HOMER3	2	3	0
HOXC8	2	3	0
HP	2	3	0
HSBP1	2	3	0
HSF1	2	3	0
HSPB1	2	3	0
HSPG2	2	3	0
ICAM1	2	3	0
IFI44L	2	3	0
IFNG	2	3	0
IFNL3	2	3	0
IFT20	2	3	0
IGF1R	2	3	0
IGFBP2	2	3	0
IGHD	2	3	0
IGHE	2	3	0
IGHG3	2	3	0
IGHG4	2	3	0
IKBKB	2	3	0
IKZF1	2	3	0
IL11RA	2	3	0
IL12A	2	3	0
IL12RB2	2	3	0
IL16	2	3	0
IL18	2	3	0
IL1RN	2	3	0
IL20RA	2	3	0
IL24	2	3	0
IL27RA	2	3	0
IL31	2	3	0
IL36R	2	3	0
IL37	2	3	0
IL4	2	3	0
IL4R	2	3	0
IL5	2	3	0
IL6R	2	3	0
IL7R	2	3	0
IMPACT	2	3	0
ING4	2	3	0
INHBE	2	3	0
INS	2	3	0
IRAG1	2	3	0
IRAK4	2	3	0
IRF7	2	3	0
ITGA1	2	3	0
ITGA6	2	3	0
ITGA7	2	3	0
ITK	2	3	0
ITPKA	2	3	0
ITPR2	2	3	0
ITSN1	2	3	0
JADE1	2	3	0
JAK3	2	3	0
JMY	2	3	0
JUN	2	3	0
JUP	2	3	0
KARS1	2	3	0
KCNJ14	2	3	0
KCNJ5	2	3	0
KDM6A	2	3	0
KGD4	2	3	0
KIF20A	2	3	0
KIF4A	2	3	0
KIR2DL2	2	3	0
KIR2DS5	2	3	0
KIR3DL1	2	3	0
KLKB1	2	3	0
KLRD1	2	3	0
KPNA1	2	3	0
KPNA2	2	3	0
KPNB1	2	3	0
KREMEN2	2	3	0
KRT28	2	3	0
KSR1	2	3	0
LAG3	2	3	0
LAMA3	2	3	0
LAMA5	2	3	0
LARGE1	2	3	0
LATS2	2	3	0
LBR	2	3	0
LCE1A	2	3	0
LCK	2	3	0
LEFTY1	2	3	0
LGMN	2	3	0
LIF	2	3	0
LIG4	2	3	0
LILRB1	2	3	0
LIMS1	2	3	0
LINGO1	2	3	0
LIPE	2	3	0
LMCD1	2	3	0
LNPEP	2	3	0
LRP5	2	3	0
LRRC4B	2	3	0
LRRC52	2	3	0
LRRK2	2	3	0
LUM	2	3	0
LYN	2	3	1
MADD	2	3	0
MAF1	2	3	0
MAFB	2	3	0
MAGI2	2	3	0
MAGOHB	2	3	0
MALSU1	2	3	0
MAP1LC3A	2	3	0
MAP1LC3B	2	3	0
MAP2K2	2	3	0
MAP2K3	2	3	0
MAP2K7	2	3	0
MAPK10	2	3	0
MAPK12	2	3	0
MAPK3	2	3	0
MAPK6	2	3	0
MAPT	2	3	0
MASP2	2	3	0
MAU2	2	3	0
MBD1	2	3	0
MC1R	2	3	0
MCIDAS	2	3	0
MCM3	2	3	0
MEAF6	2	3	0
MEF2B	2	3	0
MEF2C	2	3	0
METAP2	2	3	0
MFAP2	2	3	0
MIA3	2	3	0
MIEF1	2	3	0
MKRN1	2	3	0
MLH1	2	3	0
MLH3	2	3	0
MLST8	2	3	0
MLX	2	3	0
MMP1	2	3	0
MMP11	2	3	0
MMP13	2	3	0
MON1A	2	3	0
MOV10	2	3	0
MRTFA	2	3	0
MSGN1	2	3	0
MSI2	2	3	0
MSRB2	2	3	0
MST1R	2	3	0
MT-CO2	2	3	0
MT-CO3	2	3	0
MTMR10	2	3	0
MTMR2	2	3	0
MUSK	2	3	0
MVB12B	2	3	0
MYL12A	2	3	0
MYLK	2	3	0
MYO1C	2	3	0
MYOG	2	3	0
MYRIP	2	3	0
NAB1	2	3	0
NBAS	2	3	0
NBEA	2	3	0
NBN	2	3	0
NBR1	2	3	0
NCOA1	2	3	0
NCOA2	2	3	0
NCOA6	2	3	0
NCR3	2	3	0
NECTIN1	2	3	0
NECTIN3	2	3	0
NEK2	2	3	0
NEK9	2	3	0
NELL2	2	3	0
NFATC2	2	3	0
NFYC	2	3	0
NGEF	2	3	0
NIPBL	2	3	0
NKX2-5	2	3	0
NLRP3	2	3	0
NOSTRIN	2	3	0
NOTCH3	2	3	0
NPNT	2	3	0
NR5A1	2	3	0
NRAS	2	3	0
NRGN	2	3	0
NTRK2	2	3	0
NTRK3	2	3	0
NUMA1	2	3	0
OGG1	2	3	0
OPN1MW	2	3	0
OPN1SW	2	3	0
OPTN	2	3	0
ORC3	2	3	0
OST4	2	3	0
P4HA2	2	3	0
P4HB	2	3	0
PABPN1	2	3	0
PAK2	2	3	0
PAK5	2	3	0
PARD3	2	3	0
PARG	2	3	0
PARN	2	3	0
PARP1	2	3	0
PAX5	2	3	0
PCGF6	2	3	0
PCNA	2	3	0
PDCD1	2	3	0
PDCD1LG2	2	3	0
PDE6A	2	3	0
PDE6B	2	3	0
PDGFB	2	3	0
PDGFRA	2	3	0
PDPN	2	3	0
PELP1	2	3	0
PEX1	2	3	0
PEX5	2	3	0
PGAP1	2	3	0
PGGT1B	2	3	0
PHC1	2	3	0
PHC3	2	3	0
PHF10	2	3	0
PHF8	2	3	0
PHKA2	2	3	0
PHLPP1	2	3	0
PIF1	2	3	0
PIK3AP1	2	3	0
PIK3CA	2	3	0
PIK3CD	2	3	0
PIK3R4	2	3	0
PIP4K2A	2	3	0
PIP4K2B	2	3	0
PIP5K1B	2	3	0
PKM	2	3	0
PKP1	2	3	0
PLA2G4A	2	3	0
PLCB1	2	3	0
PLCB2	2	3	0
PLCB3	2	3	0
PLCB4	2	3	0
PLK3	2	3	0
POLA2	2	3	0
POLB	2	3	0
POLE	2	3	0
POLE2	2	3	0
POLH	2	3	0
POT1	2	3	0
POU5F1	2	3	0
PPFIBP1	2	3	0
PPM1A	2	3	0
PPP1CA	2	3	0
PPP1R12A	2	3	0
PPP1R12B	2	3	0
PPP2CA	2	3	0
PPP2R2A	2	3	0
PPP2R5A	2	3	0
PPP2R5D	2	3	0
PPP3CC	2	3	0
PRCP	2	3	0
PRDX2	2	3	0
PRKAA1	2	3	0
PRKAG2	2	3	0
PRKCD	2	3	0
PRKCG	2	3	0
PRKCI	2	3	0
PRKCQ	2	3	0
PRKDC	2	3	0
PRLR	2	3	0
PRM2	2	3	0
PROC	2	3	0
PRTN3	2	3	0
PSAP	2	3	0
PSEN1	2	3	0
PSMD10	2	3	0
PSMD11	2	3	0
PSTPIP1	2	3	0
PTBP1	2	3	0
PTPN12	2	3	0
PTS	2	3	0
PVR	2	3	0
PYGO2	2	3	0
RAB21	2	3	0
RAB38	2	3	0
RAB7A	2	3	0
RABGGTB	2	3	0
RACK1	2	3	0
RAD23A	2	3	0
RAD51B	2	3	0
RALA	2	3	0
RALGAPB	2	3	0
RAP1A	2	3	0
RAPGEF4	2	3	0
RARG	2	3	0
RBL2	2	3	0
RBM14	2	3	0
RBM7	2	3	0
RBSN	2	3	0
RCC1	2	3	0
RELA	2	3	0
RELB	2	3	0
RELN	2	3	0
RGL1	2	3	0
RGL2	2	3	0
RGL3	2	3	0
RHOQ	2	3	0
RHOT2	2	3	0
RIPK2	2	3	0
RMI1	2	3	0
RNF125	2	3	0
RNF152	2	3	0
RPS27A	2	3	0
RPS6KB1	2	3	0
RSPO3	2	3	0
RSPO4	2	3	0
RSU1	2	3	0
RXRA	2	3	0
RXYLT1	2	3	0
SAP18	2	3	0
SAR1B	2	3	0
SATB1	2	3	0
SBF2	2	3	0
SEC13	2	3	0
SEC16A	2	3	0
SEC24A	2	3	0
SEC31A	2	3	0
SEMA3A	2	3	0
SEMA6A	2	3	0
SERPINE1	2	3	0
SERPINE2	2	3	0
SETD1A	2	3	0
SETD1B	2	3	0
SETDB1	2	3	0
SGCA	2	3	0
SH2B3	2	3	0
SH3KBP1	2	3	0
SHANK2	2	3	0
SHC2	2	3	0
SHH	2	3	0
SHTN1	2	3	0
SIGLEC16	2	3	0
SIKE1	2	3	0
SIRPG	2	3	0
SIRT1	2	3	0
SIRT2	2	3	0
SIRT3	2	3	0
SIRT4	2	3	0
SKP2	2	3	0
SLC15A4	2	3	0
SLC16A1	2	3	0
SLC17A7	2	3	0
SLC8A3	2	3	0
SLIT1	2	3	0
SLIT2	2	3	0
SMAD4	2	3	0
SMAD5	2	3	0
SMARCB1	2	3	0
SMARCD1	2	3	0
SMURF2	2	3	0
SNF8	2	3	0
SOCS3	2	3	0
SOCS6	2	3	0
SORL1	2	3	0
SOS2	2	3	0
SOX10	2	3	0
SOX13	2	3	0
SP7	2	3	0
SPC25	2	3	0
SPRED1	2	3	0
SPRED2	2	3	0
SPRY2	2	3	0
SPTAN1	2	3	0
SREBF1	2	3	0
SSRP1	2	3	0
STAB2	2	3	0
STARD10	2	3	0
STAT3	2	3	0
STAT4	2	3	0
STAT6	2	3	0
STING1	2	3	0
STK26	2	3	0
STN1	2	3	0
STUB1	2	3	0
STX6	2	3	0
STXBP1	2	3	0
SUMO1	2	3	0
SUMO3	2	3	0
SUV39H1	2	3	0
SYMPK	2	3	0
SYNJ1	2	3	0
SYT2	2	3	0
TAB1	2	3	0
TACC3	2	3	0
TAP2	2	3	0
TARBP2	2	3	0
TASL	2	3	0
TBC1D10A	2	3	0
TBC1D14	2	3	0
TBX5	2	3	0
TCF19	2	3	0
TEAD2	2	3	0
TEC	2	3	0
TENT4B	2	3	0
TESK1	2	3	0
TFAP2A	2	3	0
TFE3	2	3	0
TFEC	2	3	0
TFPI	2	3	0
TGIF2	2	3	0
THBS4	2	3	0
TICRR	2	3	0
TIFA	2	3	0
TLE3	2	3	0
TLR1	2	3	0
TLR9	2	3	0
TMED10	2	3	0
TMEM219	2	3	0
TMEM258	2	3	0
TNFRSF10A	2	3	0
TNFRSF11A	2	3	0
TNFRSF12A	2	3	0
TNFRSF14	2	3	0
TNFSF15	2	3	0
TNNT3	2	3	0
TNRC6B	2	3	0
TNS3	2	3	0
TP53BP2	2	3	0
TP73	2	3	0
TRADD	2	3	0
TRAK1	2	3	0
TRAK2	2	3	0
TRBV12-3	2	3	0
TRBV7-9	2	3	0
TREM2	2	3	0
TRIM28	2	3	0
TRIM33	2	3	0
TRIM4	2	3	0
TRPC3	2	3	0
TRPC6	2	3	0
TSG101	2	3	0
TSLP	2	3	0
TSPAN14	2	3	0
TSPO	2	3	0
TSPOAP1	2	3	0
TTC5	2	3	0
TUSC3	2	3	0
TXNIP	2	3	0
TYRO3	2	3	0
UACA	2	3	0
UBE2D2	2	3	0
UBE2D3	2	3	0
UBE2E1	2	3	0
UBE2M	2	3	0
UBE2V1	2	3	0
UBL4A	2	3	0
UBN1	2	3	0
UHMK1	2	3	0
UIMC1	2	3	0
UNC5C	2	3	0
UNG	2	3	0
UPF3B	2	3	0
UQCC6	2	3	0
UQCRB	2	3	0
UQCRFS1	2	3	0
USF1	2	3	0
USP34	2	3	0
USP37	2	3	0
USP4	2	3	0
USP47	2	3	0
USP48	2	3	0
VASP	2	3	0
VAV2	2	3	0
VCL	2	3	0
VEGFD	2	3	0
VPS35	2	3	0
VPS37A	2	3	0
VPS45	2	3	0
VWF	2	3	0
WAPL	2	3	0
WDR20	2	3	0
WEE1	2	3	0
WNT11	2	3	0
WNT8B	2	3	0
WWTR1	2	3	0
XIAP	2	3	0
YAF2	2	3	0
YWHAB	2	3	0
ZAP70	2	3	0
ZDHHC2	2	3	0
ZDHHC21	2	3	0
ZDHHC9	2	3	0
ZFAND6	2	3	0
ZNF143	2	3	0
ZNF532	2	3	0
ZNF687	2	3	0
AAMP	2	4	0
ABHD17A	2	4	0
ABHD5	2	4	0
ABRAXAS2	2	4	0
ACSS2	2	4	0
ACTA1	2	4	0
ADAM17	2	4	0
ADAM19	2	4	0
ADAM2	2	4	0
ADAM21	2	4	0
ADAMTS4	2	4	0
ADD3	2	4	0
ADGRE5	2	4	0
ADNP	2	4	0
ADRA1D	2	4	0
AGER	2	4	0
AHRR	2	4	0
AKAP10	2	4	0
ALB	2	4	0
AMOTL2	2	4	0
ANGPT1	2	4	0
ANGPT4	2	4	0
ANKFY1	2	4	0
ANKLE2	2	4	0
ANKRD27	2	4	0
ANKRD28	2	4	0
ANPEP	2	4	0
AP2M1	2	4	0
AP4M1	2	4	0
APAF1	2	4	0
APBA1	2	4	0
APEX2	2	4	0
APOA1	2	4	0
AQP2	2	4	0
ARF3	2	4	0
ARF4	2	4	0
ARHGAP26	2	4	0
ARHGDIA	2	4	0
ARHGEF12	2	4	0
ARNT	2	4	1
ARTN	2	4	0
ASF1A	2	4	0
ASH2L	2	4	0
ATF6	2	4	0
ATG13	2	4	0
ATG16L1	2	4	0
ATG3	2	4	0
ATG9A	2	4	0
ATP1B1	2	4	0
ATP6V1H	2	4	0
ATRX	2	4	0
AURKA	2	4	0
AVP	2	4	0
AVPR1B	2	4	0
BABAM1	2	4	0
BABAM2	2	4	0
BACH2	2	4	0
BCAR1	2	4	0
BDKRB1	2	4	0
BECN1	2	4	0
BEGAIN	2	4	0
BEX3	2	4	0
BGN	2	4	0
BMAL1	2	4	0
BMAL2	2	4	0
BMPR1B	2	4	0
BMPR2	2	4	0
BOD1	2	4	0
BORA	2	4	0
BRF2	2	4	0
BSG	2	4	0
BTC	2	4	0
C1D	2	4	0
C1S	2	4	0
C2	2	4	0
C8A	2	4	0
C8B	2	4	0
C8G	2	4	0
CACNA1D	2	4	0
CACNA1E	2	4	0
CACNA1H	2	4	0
CACNG8	2	4	0
CALCR	2	4	0
CAMKK2	2	4	0
CAMLG	2	4	0
CANX	2	4	0
CAPZA3	2	4	0
CASP4	2	4	0
CBLL1	2	4	0
CBX1	2	4	0
CCDC59	2	4	0
CCL13	2	4	0
CCNA1	2	4	0
CCNA2	2	4	0
CCNB2	2	4	0
CCND2	2	4	0
CCND3	2	4	0
CCNK	2	4	0
CCNT1	2	4	0
CD163	2	4	0
CD1D	2	4	0
CD209	2	4	0
CD247	2	4	0
CD320	2	4	0
CD34	2	4	0
CD86	2	4	0
CD8A	2	4	0
CDC42EP3	2	4	0
CDK2AP1	2	4	0
CDK9	2	4	0
CDKN2D	2	4	0
CEBPA	2	4	0
CFC1	2	4	0
CFHR2	2	4	0
CFI	2	4	0
CFLAR	2	4	0
CHD1	2	4	0
CHD1L	2	4	0
CHD5	2	4	0
CHD8	2	4	0
CHUK	2	4	0
CISH	2	4	0
CKAP4	2	4	0
CLASP2	2	4	0
CLEC4D	2	4	0
CLIP1	2	4	0
CLIP3	2	4	0
CLSPN	2	4	0
CLTC	2	4	0
CNTF	2	4	0
CNTN6	2	4	0
COPB1	2	4	0
COPG2	2	4	0
COX17	2	4	0
CPE	2	4	0
CR2	2	4	0
CREB3L3	2	4	0
CRKL	2	4	0
CRTAM	2	4	0
CRTC3	2	4	0
CRY1	2	4	0
CSF2	2	4	0
CSNK1A1	2	4	0
CSNK1E	2	4	0
CSNK2A2	2	4	0
CSNK2B	2	4	0
CSTF2	2	4	0
CSTF3	2	4	0
CTBP1	2	4	0
CTDP1	2	4	0
CTNNBIP1	2	4	0
CTSS	2	4	0
CTTN	2	4	0
CUBN	2	4	0
CUL4A	2	4	0
CUL4B	2	4	0
CXCL12	2	4	0
CXCR4	2	4	0
CXXC1	2	4	0
CYB5R1	2	4	0
CYC1	2	4	0
CYCS	2	4	0
CYTH1	2	4	0
DAD1	2	4	0
DAG1	2	4	0
DAPP1	2	4	0
DAXX	2	4	0
DCAF8L1	2	4	0
DIABLO	2	4	0
DIAPH2	2	4	0
DKK1	2	4	0
DLG1	2	4	0
DLGAP1	2	4	0
DLGAP4	2	4	0
DLL1	2	4	0
DMD	2	4	0
DNA2	2	4	0
DNAJC6	2	4	0
DNTTIP1	2	4	0
DOCK2	2	4	0
DOCK3	2	4	0
DSCAM	2	4	0
DSG2	2	4	0
DSP	2	4	1
DSPP	2	4	0
DTL	2	4	0
DTNB	2	4	0
DUSP3	2	4	0
DUSP4	2	4	0
DUSP5	2	4	0
DUSP7	2	4	0
DUSP9	2	4	0
DYNC1H1	2	4	0
DYNC1LI2	2	4	0
E2F5	2	4	0
EEF1A1	2	4	0
EEF1AKMT2	2	4	0
EEF2KMT	2	4	0
EIF4A3	2	4	0
EIF4E2	2	4	0
EOMES	2	4	0
EPB41L2	2	4	0
EPC1	2	4	0
EPO	2	4	0
ERBB2	2	4	0
ERBB4	2	4	0
ERCC4	2	4	0
ERCC5	2	4	0
ERO1B	2	4	0
EVC	2	4	0
EXO1	2	4	0
EXOSC10	2	4	0
EYA1	2	4	0
EYA3	2	4	0
F12	2	4	0
F2RL1	2	4	0
F2RL2	2	4	0
FABP4	2	4	0
FABP5	2	4	0
FANCD2	2	4	0
FBLIM1	2	4	0
FBLN5	2	4	0
FBXL18	2	4	0
FBXL5	2	4	0
FCER1A	2	4	0
FCER1G	2	4	0
FCGR1A	2	4	0
FCGR2B	2	4	1
FCN2	2	4	0
FDX1	2	4	0
FES	2	4	0
FGA	2	4	0
FGB	2	4	0
FGF10	2	4	0
FGF2	2	4	0
FGF9	2	4	0
FGFR1	2	4	0
FGFR3	2	4	0
FGFRL1	2	4	0
FKBP6	2	4	0
FKTN	2	4	0
FLNB	2	4	0
FLRT3	2	4	0
FLT3	2	4	0
FMNL2	2	4	0
FOLR1	2	4	0
FOXA1	2	4	0
FOXH1	2	4	0
FOXO3	2	4	0
FOXO4	2	4	0
FRAT1	2	4	0
FRAT2	2	4	0
FST	2	4	0
FYB1	2	4	0
FZD1	2	4	0
FZD7	2	4	0
FZR1	2	4	0
GABBR2	2	4	0
GABRA1	2	4	0
GALNT2	2	4	0
GALNT3	2	4	0
GATA6	2	4	0
GATAD2A	2	4	0
GBA1	2	4	0
GBE1	2	4	0
GBF1	2	4	0
GBP4	2	4	0
GBP6	2	4	0
GET1	2	4	0
GFRA4	2	4	0
GINS2	2	4	0
GIPC1	2	4	0
GIT1	2	4	0
GLA	2	4	0
GLDC	2	4	0
GLRA2	2	4	0
GLRB	2	4	0
GLUD1	2	4	0
GMNN	2	4	0
GNAT1	2	4	0
GNG13	2	4	0
GOLGA5	2	4	0
GOLIM4	2	4	0
GOPC	2	4	0
GOSR1	2	4	0
GP9	2	4	0
GPER1	2	4	0
GPS2	2	4	0
GRAP	2	4	0
GRAP2	2	4	0
GRIK4	2	4	0
GRIK5	2	4	0
GRIN2B	2	4	0
GRK6	2	4	0
GTF2A2	2	4	0
GTSE1	2	4	0
GYG2	2	4	0
HAPLN1	2	4	0
HBS1L	2	4	0
HCCS	2	4	0
HCFC1	2	4	0
HCK	2	4	0
HDAC2	2	4	0
HDAC4	2	4	1
HEXB	2	4	0
HGFAC	2	4	0
HGS	2	4	0
HHAT	2	4	0
HIF1A	2	4	0
HIF3A	2	4	0
HLA-B	2	4	0
HLTF	2	4	0
HNRNPU	2	4	0
HOXC11	2	4	0
HPS4	2	4	0
HPSE	2	4	0
HSD17B4	2	4	0
HUS1	2	4	0
IFITM1	2	4	0
IFNAR2	2	4	0
IFNB1	2	4	0
IFNGR2	2	4	0
IFNLR1	2	4	0
IGFBP4	2	4	0
IGFBP5	2	4	0
IGHG1	2	4	0
IKBKG	2	4	0
IL10RB	2	4	0
IL12B	2	4	0
IL12RB1	2	4	0
IL18BP	2	4	0
IL18R1	2	4	0
IL19	2	4	0
IL1RAPL2	2	4	0
IL22RA1	2	4	0
IL23A	2	4	0
IL2RA	2	4	0
IL2RB	2	4	0
IL34	2	4	0
IL3RA	2	4	0
IL6ST	2	4	0
ILK	2	4	0
ING2	2	4	0
ING5	2	4	0
INPP5E	2	4	0
INPPL1	2	4	1
INSIG1	2	4	0
IQCE	2	4	0
IQGAP1	2	4	0
IQGAP2	2	4	0
IRS1	2	4	0
ITGA10	2	4	0
ITGA2B	2	4	0
ITGA3	2	4	0
ITGA5	2	4	0
ITGAD	2	4	0
ITGAL	2	4	0
ITGAV	2	4	0
ITGB7	2	4	0
ITPR3	2	4	0
JAK2	2	4	0
KCNJ12	2	4	0
KCNMA1	2	4	0
KCNMB3	2	4	0
KDM1A	2	4	0
KDM4A	2	4	0
KDM4B	2	4	0
KHDRBS3	2	4	0
KICS2	2	4	0
KIDINS220	2	4	0
KIF14	2	4	0
KIF5A	2	4	0
KIR2DS2	2	4	0
KIRREL2	2	4	0
KL	2	4	0
KLB	2	4	0
KLK7	2	4	0
KMT2C	2	4	0
KNG1	2	4	0
KRAS	2	4	0
KRT14	2	4	0
KRT5	2	4	0
LALBA	2	4	0
LAMA2	2	4	0
LAMB1	2	4	0
LAMB3	2	4	0
LAMC1	2	4	0
LAMC2	2	4	0
LAMC3	2	4	0
LAMP2	2	4	0
LAMTOR3	2	4	0
LBP	2	4	0
LCP2	2	4	0
LDLR	2	4	0
LEFTY2	2	4	0
LEO1	2	4	0
LGI1	2	4	0
LGI3	2	4	0
LGI4	2	4	0
LIFR	2	4	0
LMNB1	2	4	0
LRFN2	2	4	0
LRFN3	2	4	0
LRP2	2	4	0
LRP4	2	4	0
LRP6	2	4	0
LRRC7	2	4	0
LTA	2	4	0
LTBP4	2	4	0
LY96	2	4	0
MAD1L1	2	4	0
MAEA	2	4	0
MAFF	2	4	0
MAML2	2	4	0
MAML3	2	4	0
MAP2K4	2	4	0
MAP2K6	2	4	0
MAPK1	2	4	0
MAPK11	2	4	0
MAPK7	2	4	0
MBD3L1	2	4	0
MBL2	2	4	0
MC2R	2	4	0
MC5R	2	4	0
MCAT	2	4	0
MCRIP1	2	4	0
ME1	2	4	0
MEN1	2	4	0
MFAP4	2	4	0
MIS18A	2	4	0
MKLN1	2	4	0
MMP14	2	4	0
MMP16	2	4	0
MMP2	2	4	0
MMP3	2	4	0
MMP9	2	4	0
MPHOSPH8	2	4	0
MPIG6B	2	4	0
MS4A2	2	4	0
MT-RNR2	2	4	0
MTM1	2	4	0
MTMR4	2	4	0
MUC20	2	4	0
MYD88	2	4	0
MYF6	2	4	0
MYO10	2	4	0
MYO6	2	4	0
MYO9B	2	4	0
NAT8B	2	4	0
NCAN	2	4	0
NEIL1	2	4	0
NELFA	2	4	0
NELFB	2	4	0
NELFCD	2	4	0
NF1	2	4	0
NFATC3	2	4	0
NFE2	2	4	0
NFKB1	2	4	0
NFKBIA	2	4	0
NFKBIE	2	4	0
NGFR	2	4	0
NHEJ1	2	4	0
NLRC5	2	4	0
NOS3	2	4	0
NOTCH1	2	4	0
NOX4	2	4	0
NOXA1	2	4	0
NPHP1	2	4	0
NPHP4	2	4	0
NPLOC4	2	4	0
NPRL3	2	4	0
NPTN	2	4	0
NR2C1	2	4	0
NR2C2	2	4	0
NR2F2	2	4	0
NR3C1	2	4	0
NRIP1	2	4	0
NRP1	2	4	0
NRP2	2	4	0
NRXN1	2	4	0
NSD2	2	4	0
NSL1	2	4	0
NTF3	2	4	0
NTN4	2	4	0
NUDC	2	4	0
NUDT21	2	4	0
NXF1	2	4	0
OBI1	2	4	0
OBSCN	2	4	0
OCLN	2	4	0
OCRL	2	4	0
OMG	2	4	0
OPRM1	2	4	0
OSBPL1A	2	4	0
OSTC	2	4	0
OTUD3	2	4	0
OTUD7B	2	4	0
P4HA1	2	4	0
PAFAH1B2	2	4	0
PAFAH1B3	2	4	0
PAK1	2	4	0
PAPPA2	2	4	0
PARD6A	2	4	0
PARD6B	2	4	0
PCGF2	2	4	0
PCOLCE	2	4	0
PCSK2	2	4	0
PDCL	2	4	0
PDGFD	2	4	0
PDHX	2	4	0
PDPK1	2	4	0
PEA15	2	4	0
PEBP1	2	4	0
PELI2	2	4	0
PELO	2	4	0
PER2	2	4	0
PEX10	2	4	0
PGF	2	4	0
PGK1	2	4	0
PHAX	2	4	0
PHF6	2	4	0
PHKB	2	4	0
PHKG2	2	4	0
PHYH	2	4	0
PI4KB	2	4	0
PIGK	2	4	0
PIK3CB	2	4	0
PIP4K2C	2	4	0
PKMYT1	2	4	0
PKN2	2	4	0
PLA2G7	2	4	0
PLXNB1	2	4	0
PNKP	2	4	0
PNN	2	4	0
POLA1	2	4	0
POLD2	2	4	0
POLE3	2	4	0
POLK	2	4	0
POLM	2	4	0
POLN	2	4	0
POMGNT2	2	4	0
POU2F1	2	4	0
POU4F2	2	4	0
PPHLN1	2	4	0
PPP1R10	2	4	0
PPP1R14A	2	4	0
PPP1R15A	2	4	0
PPP2R5B	2	4	0
PPP4R2	2	4	0
PPP6R3	2	4	0
PRDM1	2	4	0
PRDX3	2	4	0
PRDX5	2	4	0
PREX1	2	4	0
PREX2	2	4	0
PRKAB1	2	4	0
PRKAB2	2	4	0
PRKACA	2	4	0
PRKAG1	2	4	0
PRKCB	2	4	0
PRL	2	4	0
PRMT1	2	4	0
PROS1	2	4	0
PROZ	2	4	0
PRSS1	2	4	0
PRSS3	2	4	0
PRSS8	2	4	0
PSENEN	2	4	0
PSMC5	2	4	0
PSMD12	2	4	0
PSMD14	2	4	0
PSMD4	2	4	0
PSMD6	2	4	0
PTGES3	2	4	0
PTGIR	2	4	0
PTK6	2	4	0
PTN	2	4	0
PTPN18	2	4	0
PTPN7	2	4	0
PTPRD	2	4	0
PTPRJ	2	4	0
PWWP2A	2	4	0
PYCARD	2	4	0
PYGB	2	4	0
PYGM	2	4	0
PYGO1	2	4	0
RAB11A	2	4	0
RAB1A	2	4	0
RAB3GAP1	2	4	0
RAB3GAP2	2	4	0
RAB5B	2	4	0
RAB8B	2	4	0
RABEPK	2	4	0
RABGGTA	2	4	0
RAC2	2	4	0
RAD21	2	4	0
RAD51	2	4	0
RAD9B	2	4	0
RALB	2	4	0
RAMP3	2	4	0
RANBP10	2	4	0
RANBP9	2	4	0
RANGAP1	2	4	0
RAPGEF3	2	4	0
RASA1	2	4	0
RASGRF2	2	4	0
RB1CC1	2	4	0
RBBP4	2	4	0
RBBP5	2	4	0
RBBP7	2	4	0
RBX1	2	4	0
RCCD1	2	4	0
REV1	2	4	0
RGS7	2	4	0
RHOH	2	4	0
RHOV	2	4	0
RIC1	2	4	0
RIF1	2	4	0
RIGI	2	4	0
RIMS1	2	4	0
RIPK1	2	4	0
RIT1	2	4	0
RMI2	2	4	0
RMND5B	2	4	0
RNASE1	2	4	0
RNASEL	2	4	0
RNF111	2	4	0
RNF146	2	4	0
ROBO2	2	4	0
ROCK1	2	4	0
RORA	2	4	0
RPA3	2	4	0
RPN1	2	4	0
RPS6KB2	2	4	0
RRAGA	2	4	0
RRM2B	2	4	0
RRN3	2	4	0
RSPO1	2	4	0
RTEL1	2	4	0
RTN4R	2	4	0
RUNX2	2	4	0
RUNX3	2	4	0
RXRG	2	4	0
SAE1	2	4	0
SAV1	2	4	0
SCN5A	2	4	0
SCUBE1	2	4	0
SDC2	2	4	0
SEC16B	2	4	0
SEC23A	2	4	0
SEC24C	2	4	0
SEC24D	2	4	0
SENP8	2	4	0
SERPINA10	2	4	0
SERPINB1	2	4	0
SERPINB13	2	4	0
SERPINB2	2	4	0
SERPING1	2	4	0
SETD6	2	4	0
SFPQ	2	4	0
SFTA3	2	4	0
SGCE	2	4	0
SH3GL3	2	4	0
SHARPIN	2	4	0
SHB	2	4	0
SIGIRR	2	4	0
SIRPA	2	4	0
SKIC2	2	4	0
SKIC8	2	4	0
SLC16A8	2	4	0
SLC18A3	2	4	0
SLC38A9	2	4	0
SLCO3A1	2	4	0
SLIT3	2	4	0
SMAD2	2	4	0
SMAD6	2	4	0
SMPD1	2	4	0
SMUG1	2	4	0
SMYD2	2	4	0
SNAP23	2	4	0
SNCAIP	2	4	0
SNTB2	2	4	0
SNX3	2	4	0
SPC24	2	4	0
SPHK1	2	4	0
SPINK6	2	4	0
SRGAP2	2	4	0
SRGAP3	2	4	0
SRPK1	2	4	0
SS18L1	2	4	0
STAT2	2	4	0
STIM1	2	4	0
STIP1	2	4	0
STRADB	2	4	0
STRN	2	4	0
STX3	2	4	0
SUMO2	2	4	0
SUPT16H	2	4	0
SURF4	2	4	0
SUZ12	2	4	0
SYK	2	4	0
SYNJ2	2	4	0
SYVN1	2	4	0
TAB3	2	4	0
TAF1	2	4	0
TAS1R2	2	4	0
TAS1R3	2	4	0
TASOR	2	4	0
TASP1	2	4	0
TBC1D3	2	4	0
TBC1D7	2	4	0
TBL1X	2	4	0
TBL1XR1	2	4	0
TBX6	2	4	0
TCF7L2	2	4	0
TEAD1	2	4	0
TFAP2C	2	4	0
TGFB3	2	4	0
TGIF1	2	4	0
TKFC	2	4	0
TLE1	2	4	0
TLE4	2	4	0
TLN1	2	4	0
TLR2	2	4	0
TLR5	2	4	0
TMPRSS6	2	4	0
TNF	2	4	0
TNFAIP3	2	4	0
TNFRSF10B	2	4	0
TNFRSF10D	2	4	0
TNFRSF13C	2	4	0
TNFRSF17	2	4	0
TNFRSF1A	2	4	0
TNFRSF1B	2	4	0
TNFSF12	2	4	0
TNFSF13	2	4	0
TNIP1	2	4	0
TNK2	2	4	0
TNRC6A	2	4	0
TOLLIP	2	4	0
TP63	2	4	0
TPX2	2	4	0
TRAF6	2	4	0
TRAV8-4	2	4	0
TRIM25	2	4	0
TRIO	2	4	0
TSC1	2	4	0
TSN	2	4	0
TSPAN15	2	4	0
TSPAN5	2	4	0
TUFM	2	4	0
TWIST1	2	4	0
TWNK	2	4	0
TXNRD1	2	4	0
UBC	2	4	0
UBD	2	4	0
UBE2I	2	4	0
UBE2L3	2	4	0
UFD1	2	4	0
UNC5D	2	4	0
UPF3A	2	4	0
UQCC2	2	4	0
USO1	2	4	0
USP12	2	4	0
USP15	2	4	0
UVRAG	2	4	0
VAMP2	2	4	0
VEGFB	2	4	0
VIM	2	4	0
VPS29	2	4	0
VPS54	2	4	0
VTN	2	4	0
WASL	2	4	0
WNT9A	2	4	0
WTAP	2	4	0
XPC	2	4	0
XRCC4	2	4	0
YWHAG	2	4	0
ZBP1	2	4	0
ZBTB17	2	4	0
ZC3H18	2	4	0
ZC3H4	2	4	0
ZC3HC1	2	4	0
ZCCHC7	2	4	0
ZCCHC8	2	4	0
ZDHHC5	2	4	0
ZFP36	2	4	0
ZFP36L1	2	4	0
ZFPM2	2	4	0
ZNF93	2	4	0
AAMP	3	0	0
ABHD17A	3	0	0
ACAA1	3	0	0
ACAT1	3	0	0
ACBD3	3	0	0
ACTA2	3	0	0
ACTB	3	0	0
ACVR2B	3	0	0
ADAM10	3	0	0
ADAM11	3	0	0
ADAM12	3	0	0
ADAM15	3	0	0
ADAM19	3	0	0
ADAM2	3	0	0
ADCY1	3	0	0
ADCY3	3	0	0
ADM2	3	0	0
ADORA2A	3	0	0
ADRA2B	3	0	0
AEBP2	3	0	0
AGTR1	3	0	0
AIM2	3	0	0
AJUBA	3	0	0
ALB	3	0	0
AMBRA1	3	0	0
ANGPTL4	3	0	0
ANK2	3	0	0
ANK3	3	0	0
ANTXR1	3	0	0
ANTXR2	3	0	0
AP1B1	3	0	0
APAF1	3	0	0
APBA1	3	0	0
APOBR	3	0	0
AQP2	3	0	0
AR	3	0	0
ARAF	3	0	0
ARF3	3	0	0
ARHGAP1	3	0	0
ARHGAP26	3	0	0
ARHGEF7	3	0	0
ARSA	3	0	0
ASAP1	3	0	0
ASF1A	3	0	0
ASXL1	3	0	0
ATAD2	3	0	0
ATP1A3	3	0	0
ATP1B1	3	0	0
ATP1B3	3	0	0
ATP6AP2	3	0	0
ATP6V1H	3	0	0
AVPR2	3	0	0
B2M	3	0	0
BACE1	3	0	0
BAIAP2	3	0	0
BAK1	3	0	0
BAZ2A	3	0	0
BBC3	3	0	0
BCL2L1	3	0	0
BCL9L	3	0	0
BDKRB2	3	0	0
BEX3	3	0	0
BGLAP	3	0	0
BIRC5	3	0	0
BLK	3	0	0
BMF	3	0	0
BMPR1A	3	0	0
BOC	3	0	0
BRAF	3	0	0
BRD7	3	0	0
BRPF1	3	0	0
BTC	3	0	0
BTK	3	0	0
C1QB	3	0	0
C2	3	0	0
C4BPA	3	0	0
C5AR1	3	0	0
C5AR2	3	0	0
C7	3	0	0
CACNB4	3	0	0
CADM3	3	0	0
CALCR	3	0	0
CALM1	3	0	0
CAMK2D	3	0	0
CAMK2G	3	0	0
CAPZA1	3	0	0
CARD9	3	0	0
CAST	3	0	0
CBL	3	0	0
CBX1	3	0	0
CBX3	3	0	0
CCL13	3	0	0
CCNE1	3	0	0
CCNT1	3	0	0
CD14	3	0	0
CD22	3	0	0
CD247	3	0	0
CD28	3	0	0
CD2AP	3	0	0
CD300LB	3	0	0
CD3D	3	0	0
CD3E	3	0	0
CD47	3	0	0
CD55	3	0	0
CD72	3	0	0
CD79B	3	0	0
CDC25C	3	0	0
CDC37	3	0	0
CDC42EP2	3	0	0
CDC42EP3	3	0	0
CDC73	3	0	0
CDT1	3	0	0
CEBPG	3	0	0
CETN1	3	0	0
CETN2	3	0	0
CFC1	3	0	0
CFHR2	3	0	0
CFI	3	0	0
CHEK1	3	0	0
CHL1	3	0	0
CITED2	3	0	0
CITED4	3	0	0
CKAP4	3	0	0
CLEC4C	3	0	0
CLEC4D	3	0	0
CLIP1	3	0	0
CLSPN	3	0	0
CLTCL1	3	0	0
CNIH2	3	0	0
CNIH3	3	0	0
CNTN2	3	0	0
COL1A1	3	0	0
COPB1	3	0	0
COPB2	3	0	0
COPG1	3	0	0
COPS5	3	0	0
CPAP	3	0	0
CPN1	3	0	0
CRLF2	3	0	0
CRTC1	3	0	0
CSF1R	3	0	1
CSTF1	3	0	0
CSTF3	3	0	0
CTBP2	3	0	0
CTDP1	3	0	0
CTNNB1	3	0	0
CTRB1	3	0	0
CUL1	3	0	0
CUL3	3	0	0
CUL4A	3	0	0
CUL5	3	0	0
CYB5RL	3	0	0
CYCS	3	0	0
CYLD	3	0	0
DAAM1	3	0	0
DAD1	3	0	0
DAXX	3	0	0
DCLRE1C	3	0	0
DCTN5	3	0	0
DCX	3	0	0
DDB2	3	0	0
DDOST	3	0	0
DEFA5	3	0	0
DENND2A	3	0	0
DENND3	3	0	0
DENND4B	3	0	0
DHX36	3	0	0
DIABLO	3	0	0
DLL1	3	0	0
DNAJA4	3	0	0
DNAJC2	3	0	0
DNAJC7	3	0	0
DNAL4	3	0	0
DNMT3A	3	0	0
DOCK2	3	0	0
DPH3	3	0	0
DPP4	3	0	0
DPPA2	3	0	0
DPPA3	3	0	0
DPPA4	3	0	0
DRAP1	3	0	0
DROSHA	3	0	0
DSG1	3	0	0
DTX1	3	0	0
DUSP6	3	0	0
DVL2	3	0	0
DYNC1I1	3	0	0
EEF2	3	0	0
EEF2K	3	0	0
EFNB2	3	0	0
EFNB3	3	0	0
EIF2AK2	3	0	0
EIF2S1	3	0	0
EIF4E2	3	0	0
EIF4EBP1	3	0	0
EIF4G1	3	0	0
EIF4G2	3	0	0
EIF4G3	3	0	0
ELMO1	3	0	0
EME2	3	0	0
EP400	3	0	0
EPAS1	3	0	0
EPB41L2	3	0	0
EPN1	3	0	0
EPS15	3	0	0
ERCC4	3	0	0
ERCC6	3	0	0
ERF	3	0	0
ERLIN1	3	0	0
ESCO1	3	0	0
ESPL1	3	0	0
EVC2	3	0	0
EXOSC10	3	0	0
EYA1	3	0	0
EYA2	3	0	0
EZH2	3	0	0
F10	3	0	0
F12	3	0	0
F5	3	0	0
F9	3	0	0
FBLN1	3	0	0
FBN2	3	0	0
FBXL18	3	0	0
FBXW11	3	0	0
FBXW7	3	0	0
FCGR2A	3	0	0
FEN1	3	0	0
FES	3	0	0
FGF7	3	0	0
FGFR2	3	0	0
FGR	3	0	0
FKBP4	3	0	0
FKBP6	3	0	0
FKRP	3	0	0
FLT4	3	0	0
FN1	3	0	0
FNTA	3	0	0
FNTB	3	0	0
FOLR1	3	0	0
FOSB	3	0	0
FOXA1	3	0	0
FOXL2	3	0	0
FOXO4	3	0	0
FOXP3	3	0	0
FRAT2	3	0	0
FRS2	3	0	0
FST	3	0	0
FZD1	3	0	0
FZD3	3	0	0
GAB1	3	0	0
GABRB1	3	0	0
GABRB3	3	0	0
GABRQ	3	0	0
GALNT3	3	0	0
GAS1	3	0	0
GBP1	3	0	0
GC	3	0	0
GCC2	3	0	0
GCSH	3	0	0
GDF1	3	0	0
GET3	3	0	0
GET4	3	0	0
GFRA3	3	0	0
GGA1	3	0	0
GGA2	3	0	0
GHRL	3	0	0
GHSR	3	0	0
GLB1	3	0	0
GLI2	3	0	0
GLRA2	3	0	0
GLRA3	3	0	0
GMNN	3	0	0
GNA15	3	0	0
GNAI1	3	0	0
GNAI3	3	0	0
GNAQ	3	0	0
GNG13	3	0	0
GNPAT	3	0	0
GOLGA2	3	0	0
GOLGA7	3	0	0
GOSR1	3	0	0
GP1BA	3	0	0
GPIHBP1	3	0	0
GPX8	3	0	0
GRIN2C	3	0	0
GRIN2D	3	0	0
GRIN3A	3	0	0
GRK6	3	0	0
HAPLN1	3	0	0
HBB	3	0	0
HBS1L	3	0	0
HERC5	3	0	0
HES7	3	0	0
HEXB	3	0	0
HEY2	3	0	0
HIKESHI	3	0	0
HINT1	3	0	0
HJURP	3	0	0
HLA-C	3	0	1
HLA-DRA	3	0	0
HLA-G	3	0	0
HMGB1	3	0	0
HMMR	3	0	0
HOMER3	3	0	0
HOXA11	3	0	0
HSPA1A	3	0	0
HSPB1	3	0	0
HSPH1	3	0	0
ICAM1	3	0	0
IFIT1	3	0	0
IFNG	3	0	0
IFNGR1	3	0	0
IFT20	3	0	0
IGF1	3	0	0
IGF1R	3	0	0
IGFBP3	3	0	0
IGFBP4	3	0	0
IGHA2	3	0	0
IGKC	3	0	0
IGLL1	3	0	0
IL15	3	0	0
IL16	3	0	0
IL1RAPL2	3	0	0
IL2	3	0	0
IL21	3	0	0
IL26	3	0	0
IL27	3	0	0
IL27RA	3	0	0
IL2RG	3	0	0
IL3	3	0	0
IL33	3	0	0
IL37	3	0	0
IL38	3	0	0
IL4R	3	0	0
IL6R	3	0	0
ILF2	3	0	0
INSIG1	3	0	0
IQCE	3	0	0
ITCH	3	0	0
ITGA10	3	0	0
ITGA4	3	0	0
ITGB3BP	3	0	0
ITGB5	3	0	0
IZUMO1	3	0	0
JAK2	3	0	0
JUP	3	0	0
KAT5	3	0	0
KCNJ12	3	0	0
KCNJ15	3	0	0
KCNJ6	3	0	0
KCNMA1	3	0	0
KDM1A	3	0	0
KGD4	3	0	0
KIDINS220	3	0	0
KIF20A	3	0	0
KIF3A	3	0	0
KIR2DL1	3	0	0
KIR2DS5	3	0	0
KIRREL2	3	0	0
KIT	3	0	0
KNG1	3	0	0
KNL1	3	0	1
KRT25	3	0	0
KTN1	3	0	0
L3MBTL2	3	0	0
LAMA1	3	0	0
LAMA2	3	0	0
LAMA5	3	0	0
LAMB2	3	0	0
LAMB3	3	0	0
LATS2	3	0	0
LCAT	3	0	0
LCK	3	0	0
LDB1	3	0	0
LDLR	3	0	0
LEF1	3	0	0
LEO1	3	0	0
LHX3	3	0	0
LIG3	3	0	0
LILRB1	3	0	0
LIMS2	3	0	0
LMCD1	3	0	0
LMNB1	3	0	0
LNPEP	3	0	0
LPIN1	3	0	0
LRFN4	3	0	0
LRP1	3	0	0
LRP4	3	0	0
LRRC14	3	0	0
LRRC52	3	0	0
LRRK2	3	0	0
LSR	3	0	0
LTA	3	0	0
LTBP3	3	0	0
LTBP4	3	0	0
LYL1	3	0	0
LYN	3	0	1
LYVE1	3	0	0
MADD	3	0	0
MAF	3	0	0
MAGT1	3	0	0
MALSU1	3	0	0
MALT1	3	0	0
MAML1	3	0	0
MAML2	3	0	0
MAP2K5	3	0	0
MAP2K7	3	0	0
MAPK10	3	0	0
MAPK14	3	0	0
MAS1	3	0	0
MAU2	3	0	0
MBD3	3	0	0
MBD4	3	0	0
MBTPS2	3	0	0
MC1R	3	0	0
MC2R	3	0	0
MCM6	3	0	0
MCM8	3	0	0
MDM4	3	0	0
MECP2	3	0	0
MEF2A	3	0	0
MEF2B	3	0	0
MEFV	3	0	0
MET	3	0	0
MFAP2	3	0	0
MIA2	3	0	0
MIS18A	3	0	0
MIS18BP1	3	0	0
MKRN1	3	0	0
MLEC	3	0	0
MLPH	3	0	0
MLX	3	0	0
MLXIPL	3	0	0
MME	3	0	0
MOV10	3	0	0
MPHOSPH6	3	0	0
MPIG6B	3	0	0
MSH2	3	0	0
MSI2	3	0	0
MST1R	3	0	0
MTMR12	3	0	0
MTREX	3	0	0
MYB	3	0	0
MYF5	3	0	0
MYH10	3	0	0
MYL9	3	0	0
MYOD1	3	0	0
MYRIP	3	0	0
MYSM1	3	0	0
NAE1	3	0	0
NAT8	3	0	0
NBAS	3	0	0
NCOA2	3	0	0
NCR3	3	0	0
NCR3LG1	3	0	0
NECTIN4	3	0	0
NEIL1	3	0	0
NEIL3	3	0	0
NEK6	3	0	0
NELFA	3	0	0
NFATC1	3	0	0
NFATC2	3	0	0
NFKBIB	3	0	0
NFYA	3	0	0
NFYB	3	0	0
NFYC	3	0	0
NGEF	3	0	0
NLRP1	3	0	0
NMT2	3	0	0
NOTCH2NLB	3	0	0
NR2C2	3	0	0
NR4A2	3	0	0
NRAS	3	0	0
NRG1	3	0	0
NSF	3	0	0
NSL1	3	0	0
NSMAF	3	0	0
NTN1	3	0	0
NUAK1	3	0	0
NUDT21	3	0	0
NUMA1	3	0	0
OASL	3	0	0
OCRL	3	0	0
OGDH	3	0	0
OGT	3	0	0
OPN1MW	3	0	0
ORC2	3	0	0
ORC5	3	0	0
OSCAR	3	0	0
OSTC	3	0	0
PAAF1	3	0	0
PAFAH1B3	3	0	0
PAG1	3	0	0
PAK6	3	0	0
PARK7	3	0	0
PARP1	3	0	0
PAXIP1	3	0	0
PCNT	3	0	0
PCOLCE	3	0	0
PDE6A	3	0	0
PDE6D	3	0	0
PDGFA	3	0	0
PDGFB	3	0	0
PDHX	3	0	0
PDS5B	3	0	0
PELI1	3	0	0
PER2	3	0	0
PEX26	3	0	0
PEX5	3	0	0
PGGT1B	3	0	0
PHAX	3	0	0
PHF20	3	0	0
PIGK	3	0	0
PIK3CG	3	0	0
PIK3R6	3	0	0
PIN1	3	0	0
PIP4K2B	3	0	0
PITPNA	3	0	0
PKD1	3	0	0
PLAUR	3	0	0
PLCB4	3	0	0
PLEKHA3	3	0	0
PLN	3	0	0
PODXL2	3	0	0
POLA2	3	0	0
POLD2	3	0	0
POLD3	3	0	0
POLD4	3	0	0
POLE3	3	0	0
POLG	3	0	0
POLH	3	0	0
POLRMT	3	0	0
POMC	3	0	0
POU2F1	3	0	0
POU5F1	3	0	0
PPARG	3	0	0
PPFIA4	3	0	0
PPM1E	3	0	0
PPP1R12A	3	0	0
PPP1R14A	3	0	0
PPP2CA	3	0	0
PPP3CC	3	0	0
PPRC1	3	0	0
PRDX1	3	0	0
PRDX5	3	0	0
PREB	3	0	0
PREX2	3	0	0
PRKAA2	3	0	0
PRKAB1	3	0	0
PRKACA	3	0	0
PRKAG3	3	0	0
PRKAR1A	3	0	0
PRKAR2B	3	0	0
PRKDC	3	0	0
PRKG2	3	0	0
PRL	3	0	0
PRM1	3	0	0
PRMT5	3	0	0
PROCR	3	0	0
PROS1	3	0	0
PRX	3	0	0
PSAP	3	0	0
PSMD6	3	0	0
PSME4	3	0	0
PTEN	3	0	0
PTGIR	3	0	0
PTPN6	3	0	0
PTPRD	3	0	0
PTPRS	3	0	0
PTPRZ1	3	0	0
PWWP2A	3	0	0
RAB35	3	0	0
RAB38	3	0	0
RAB9A	3	0	0
RABGGTA	3	0	0
RAD21	3	0	0
RAD23A	3	0	0
RAD50	3	0	1
RAD51	3	0	0
RAD51C	3	0	0
RAD9A	3	0	0
RAF1	3	0	0
RANBP10	3	0	0
RAPGEF1	3	0	0
RASGRF1	3	0	0
RB1	3	0	0
RB1CC1	3	0	0
RBBP4	3	0	0
RBBP5	3	0	0
RBBP8	3	0	0
RBSN	3	0	0
RCCD1	3	0	0
REL	3	0	0
RELA	3	0	0
RELB	3	0	0
REN	3	0	0
RET	3	0	0
RGP1	3	0	0
RHEB	3	0	0
RHOA	3	0	0
RHOB	3	0	0
RHOBTB2	3	0	0
RIC1	3	0	0
RING1	3	0	0
RIPPLY2	3	0	0
RMI2	3	0	0
RMND5B	3	0	0
RNASE1	3	0	0
RNASEL	3	0	0
RNF111	3	0	0
RNF128	3	0	0
RNF144A	3	0	0
RNF8	3	0	0
RPS6KA1	3	0	0
RPS6KB2	3	0	0
RPTOR	3	0	0
RRAS	3	0	0
RRM2B	3	0	0
RRP8	3	0	0
RSPO2	3	0	0
RSPO4	3	0	0
RTEL1	3	0	0
RTN3	3	0	0
RUNX3	3	0	0
RUVBL1	3	0	0
RXRG	3	0	0
SAG	3	0	0
SCUBE3	3	0	0
SEC22B	3	0	0
SEC24B	3	0	0
SEC24C	3	0	0
SEC31A	3	0	0
SEL1L	3	0	0
SELL	3	0	0
SELP	3	0	0
SEM1	3	0	0
SEMA3A	3	0	0
SENP1	3	0	0
SENP5	3	0	0
SEPTIN7	3	0	0
SERPINA10	3	0	0
SERPINA5	3	0	0
SERPINB1	3	0	0
SERPINB2	3	0	0
SFTA3	3	0	0
SFTPA2	3	0	0
SGCZ	3	0	0
SGK2	3	0	0
SH3GL3	3	0	0
SHC1	3	0	0
SHTN1	3	0	0
SIAH2	3	0	0
SIGLEC15	3	0	0
SIGLEC16	3	0	0
SIRPA	3	0	0
SIRT3	3	0	0
SIRT5	3	0	0
SKI	3	0	0
SLA	3	0	0
SLC16A3	3	0	0
SLC18A3	3	0	0
SLC25A4	3	0	0
SLC8A3	3	0	0
SLCO3A1	3	0	0
SMARCA2	3	0	0
SMARCA5	3	0	0
SMARCC2	3	0	0
SMO	3	0	0
SNAP23	3	0	0
SNF8	3	0	0
SNTA1	3	0	0
SOX17	3	0	0
SP1	3	0	0
SP100	3	0	0
SP7	3	0	0
SPATA2	3	0	0
SPHK1	3	0	0
SPIDR	3	0	0
SPOP	3	0	0
SPRED2	3	0	0
SPRY2	3	0	0
SREBF1	3	0	0
SRF	3	0	0
SRMS	3	0	0
SRXN1	3	0	0
SSBP1	3	0	0
STAB2	3	0	0
STAM2	3	0	0
STARD10	3	0	0
STAT6	3	0	0
STK24	3	0	0
STK26	3	0	0
STT3A	3	0	0
STX1B	3	0	0
STXBP1	3	0	0
SYK	3	0	0
SYT1	3	0	0
TAPBP	3	0	0
TAS1R1	3	0	0
TAS1R2	3	0	0
TAX1BP3	3	0	0
TBC1D3	3	0	0
TBC1D7	3	0	0
TBX5	3	0	0
TBXA2R	3	0	0
TCF19	3	0	0
TCF3	3	0	0
TCN2	3	0	0
TFAP2B	3	0	0
TFEB	3	0	0
TFG	3	0	0
TFPI	3	0	0
TGFB3	3	0	0
TGFBR1	3	0	0
TGFBR2	3	0	0
TGFBR3	3	0	0
TGIF2	3	0	0
THBD	3	0	0
THRB	3	0	0
TICRR	3	0	0
TIRAP	3	0	0
TJP1	3	0	0
TLE3	3	0	0
TLR10	3	0	0
TMEM258	3	0	0
TNC	3	0	0
TNF	3	0	0
TNFAIP3	3	0	0
TNFRSF11A	3	0	0
TNFRSF1A	3	0	0
TNFRSF1B	3	0	0
TNFSF11	3	0	0
TNR	3	0	0
TP63	3	0	0
TRAC	3	0	0
TRAF2	3	0	0
TREM2	3	0	0
TRIM28	3	0	0
TRIM4	3	0	0
TRPC5	3	0	0
TRPV4	3	0	0
TSN	3	0	0
TSPAN14	3	0	0
TTF1	3	0	0
TWIST1	3	0	0
TWNK	3	0	0
TYK2	3	0	0
UBA2	3	0	0
UBE2I	3	0	0
UBN1	3	0	0
UBXN1	3	0	0
UHMK1	3	0	0
ULK1	3	0	0
UNC5D	3	0	0
UQCR10	3	0	0
UQCR11	3	0	0
USP1	3	0	0
USP10	3	0	0
USP12	3	0	0
USP14	3	0	0
USP18	3	0	0
USP19	3	0	0
USP20	3	0	0
USP26	3	0	0
USP28	3	0	0
USP37	3	0	0
USP42	3	0	0
USP48	3	0	0
VEGFA	3	0	0
VPS25	3	0	0
VPS28	3	0	0
VPS52	3	0	0
VPS54	3	0	0
WAPL	3	0	0
WDR20	3	0	0
WNT1	3	0	0
WNT4	3	0	0
XIAP	3	0	0
XPOT	3	0	0
YWHAB	3	0	0
YY1	3	0	0
ZBTB17	3	0	0
ZC3HC1	3	0	0
ZCCHC8	3	0	0
ZEB1	3	0	0
ZEB2	3	0	0
ZFP36L1	3	0	0
ZMYM2	3	0	0
ZNF143	3	0	0
ZNF45	3	0	0
ZNF473	3	0	0
AATF	3	1	0
ABHD17C	3	1	0
ACAN	3	1	0
ACE2	3	1	0
ACKR3	3	1	0
ACTC1	3	1	0
ACTN3	3	1	0
ACTN4	3	1	0
ACVR1B	3	1	0
ACVR1C	3	1	0
ADAM21	3	1	0
ADAMTS13	3	1	0
ADAMTS4	3	1	0
ADAR	3	1	0
ADCYAP1R1	3	1	0
ADD3	3	1	0
ADGRE5	3	1	0
ADORA2B	3	1	0
ADRA2A	3	1	0
AGL	3	1	0
AGO3	3	1	0
AGTR2	3	1	0
AKAP5	3	1	0
AKT3	3	1	0
ALKAL1	3	1	0
AMOTL1	3	1	0
AMT	3	1	0
ANKRD27	3	1	0
ANXA1	3	1	0
AP1G1	3	1	0
AP1M1	3	1	0
AP1S2	3	1	0
AP2S1	3	1	0
APBB1IP	3	1	0
APC	3	1	0
APOB	3	1	0
APOC1	3	1	0
APOC4	3	1	0
APP	3	1	0
APPL1	3	1	0
ARC	3	1	0
ARHGAP32	3	1	0
ARID1A	3	1	0
ARL13B	3	1	0
ARL2	3	1	0
ARRB2	3	1	0
ATF6	3	1	0
ATG101	3	1	0
ATG13	3	1	0
ATP1A2	3	1	0
ATR	3	1	0
ATXN3	3	1	0
AURKA	3	1	0
AURKB	3	1	0
AVPR1A	3	1	0
AXIN1	3	1	0
AXIN2	3	1	0
B3GNT3	3	1	0
BACH2	3	1	0
BAD	3	1	0
BARD1	3	1	0
BAX	3	1	0
BCKDK	3	1	0
BGN	3	1	0
BIRC3	3	1	0
BLNK	3	1	0
BMP1	3	1	0
BMP2	3	1	0
BOD1	3	1	0
BORA	3	1	0
BRAP	3	1	0
BRCA1	3	1	0
BRCC3	3	1	0
BSN	3	1	0
BUB3	3	1	0
C2CD5	3	1	0
C3AR1	3	1	0
C4BPB	3	1	0
CACNB2	3	1	0
CACNG2	3	1	0
CACNG8	3	1	0
CALCRL	3	1	0
CAMK2A	3	1	0
CAMKK1	3	1	0
CAMKK2	3	1	0
CAPN1	3	1	0
CAPN2	3	1	0
CAPZA3	3	1	0
CARD8	3	1	0
CARM1	3	1	0
CARMIL1	3	1	0
CASP3	3	1	0
CASP6	3	1	0
CBLIF	3	1	0
CBX5	3	1	0
CBY1	3	1	0
CCL16	3	1	0
CCNB2	3	1	0
CCND2	3	1	0
CCP110	3	1	0
CCR8	3	1	0
CD19	3	1	0
CD274	3	1	1
CD40LG	3	1	0
CD44	3	1	0
CD74	3	1	0
CD96	3	1	0
CDC25B	3	1	0
CDC6	3	1	0
CDCA5	3	1	0
CDH15	3	1	0
CDH2	3	1	0
CDH8	3	1	0
CDK2AP1	3	1	0
CDK7	3	1	0
CDK8	3	1	0
CDKN2D	3	1	0
CEBPA	3	1	0
CFHR5	3	1	0
CHD2	3	1	0
CHD4	3	1	0
CHD5	3	1	0
CHD7	3	1	1
CHML	3	1	0
CHP1	3	1	0
CHRM2	3	1	0
CIT	3	1	0
CLEC5A	3	1	0
CLEC7A	3	1	0
CLNS1A	3	1	0
CLVS2	3	1	0
CNTF	3	1	0
CNTN6	3	1	0
CNTNAP1	3	1	0
COL17A1	3	1	0
COL18A1	3	1	0
COMMD1	3	1	0
COPG2	3	1	0
COPZ1	3	1	0
COPZ2	3	1	0
CPE	3	1	0
CPSF7	3	1	0
CREB1	3	1	0
CREB3	3	1	0
CRTAM	3	1	0
CSNK2A1	3	1	0
CTLA4	3	1	0
CTNND1	3	1	0
CTSL	3	1	0
CUBN	3	1	0
CUL2	3	1	0
CUL4B	3	1	0
CUX1	3	1	0
CXXC1	3	1	0
CYB5R1	3	1	0
CYB5R4	3	1	0
CYTH1	3	1	0
DACT1	3	1	0
DAG1	3	1	0
DAPP1	3	1	0
DCN	3	1	0
DCP2	3	1	0
DCTN2	3	1	0
DCTN3	3	1	0
DCTN4	3	1	0
DCUN1D1	3	1	0
DENND4A	3	1	0
DENND5A	3	1	0
DERL2	3	1	0
DIAPH1	3	1	0
DIAPH2	3	1	0
DIAPH3	3	1	0
DICER1	3	1	0
DIS3	3	1	0
DLD	3	1	0
DLG1	3	1	0
DLG3	3	1	0
DLG4	3	1	0
DLGAP3	3	1	0
DLGAP4	3	1	0
DLK1	3	1	0
DMP1	3	1	0
DNA2	3	1	0
DNAJA1	3	1	0
DNAJA2	3	1	0
DNAJB1	3	1	0
DOK1	3	1	0
DOK2	3	1	0
DPH7	3	1	0
DST	3	1	0
DTL	3	1	0
DUSP4	3	1	0
DYNC1LI2	3	1	0
E2F1	3	1	0
E2F2	3	1	0
E2F3	3	1	0
E2F6	3	1	0
EBI3	3	1	0
EEF1A1	3	1	0
EEF1AKMT1	3	1	0
EFCAB7	3	1	0
EFNB1	3	1	0
EGF	3	1	0
EGFR	3	1	0
EGR1	3	1	0
EHD1	3	1	0
EHMT2	3	1	0
EIF2S2	3	1	0
ELOB	3	1	0
EMD	3	1	0
EP300	3	1	0
EPB41	3	1	0
EPB41L3	3	1	0
EPO	3	1	0
EPOR	3	1	0
ERBB3	3	1	0
ERBB4	3	1	0
ERO1A	3	1	0
ESCO2	3	1	0
ESRRA	3	1	0
ETS1	3	1	0
EZH1	3	1	0
EZR	3	1	0
F11	3	1	0
F13B	3	1	0
F2	3	1	0
F2R	3	1	0
F2RL1	3	1	0
FABP4	3	1	0
FADD	3	1	0
FAM124B	3	1	0
FANCD2	3	1	0
FBLIM1	3	1	0
FCAMR	3	1	0
FCER1A	3	1	0
FCGR1A	3	1	0
FCN3	3	1	0
FDXR	3	1	0
FER	3	1	0
FGB	3	1	0
FGF9	3	1	0
FGG	3	1	0
FKBPL	3	1	0
FLNB	3	1	0
FLNC	3	1	0
FLOT2	3	1	0
FLT3LG	3	1	0
FMOD	3	1	0
FOXD3	3	1	0
FOXO3	3	1	0
FUNDC1	3	1	0
FZR1	3	1	0
GABBR1	3	1	0
GABRA1	3	1	0
GABRG2	3	1	0
GBP2	3	1	0
GBP6	3	1	0
GFAP	3	1	0
GH2	3	1	0
GIPR	3	1	0
GJA1	3	1	0
GLI1	3	1	0
GLYCAM1	3	1	0
GMNC	3	1	0
GNAS	3	1	0
GNAT2	3	1	0
GNAT3	3	1	0
GNB3	3	1	0
GNB5	3	1	0
GNGT1	3	1	0
GOLGA5	3	1	0
GPC1	3	1	0
GRAP2	3	1	0
GRB7	3	1	0
GRIA1	3	1	0
GRIA2	3	1	0
GRIA4	3	1	0
GRIK3	3	1	0
GRIK4	3	1	0
GRK1	3	1	0
GRK3	3	1	0
GRK7	3	1	0
GRM1	3	1	0
GSN	3	1	0
GTF2A1	3	1	0
GTF2A2	3	1	0
GTF2E2	3	1	0
GTF2F1	3	1	0
GTF3A	3	1	0
GYS2	3	1	0
H2BC21	3	1	0
HAT1	3	1	0
HCK	3	1	0
HCST	3	1	0
HDAC1	3	1	0
HDAC2	3	1	0
HDAC7	3	1	0
HGFAC	3	1	0
HGS	3	1	0
HJV	3	1	0
HLA-DMB	3	1	0
HLA-DPA1	3	1	0
HLA-E	3	1	0
HNRNPK	3	1	0
HNRNPU	3	1	0
HOMER2	3	1	0
HOXC8	3	1	0
HP	3	1	0
HPN	3	1	0
HRG	3	1	0
HSD17B4	3	1	0
HSP90AA1	3	1	0
HSP90B1	3	1	0
IBSP	3	1	0
ICAM2	3	1	0
ICOS	3	1	0
ID1	3	1	0
IER3	3	1	0
IFI44L	3	1	0
IFI6	3	1	0
IFIH1	3	1	0
IFIT2	3	1	0
IFITM1	3	1	0
IFNL1	3	1	0
IGF2	3	1	0
IGFBP5	3	1	0
IGHA1	3	1	0
IGHE	3	1	0
IGHG2	3	1	0
IGHM	3	1	0
IKBIP	3	1	0
IKZF3	3	1	0
IL10	3	1	0
IL11	3	1	0
IL12RB1	3	1	0
IL12RB2	3	1	0
IL18BP	3	1	0
IL19	3	1	0
IL1R1	3	1	0
IL1RAP	3	1	0
IL1RN	3	1	0
IL20	3	1	0
IL24	3	1	0
IL2RB	3	1	0
IL31	3	1	0
IL36A	3	1	0
IL36B	3	1	0
IL36G	3	1	0
IL7	3	1	0
IL9R	3	1	0
ILK	3	1	0
ING2	3	1	0
ING4	3	1	0
INS	3	1	0
INSIG2	3	1	0
IQGAP1	3	1	0
IQGAP2	3	1	0
IRAK2	3	1	0
IRAK4	3	1	0
IRF3	3	1	0
ISL1	3	1	0
ITGA1	3	1	0
ITGA9	3	1	0
ITGAD	3	1	0
ITGAM	3	1	0
ITGAX	3	1	0
ITGB1	3	1	0
ITGB7	3	1	0
ITPR1	3	1	0
JCHAIN	3	1	0
JUN	3	1	0
KALRN	3	1	0
KAT2A	3	1	0
KCNJ4	3	1	0
KCNMB3	3	1	0
KCNQ2	3	1	0
KDM4B	3	1	0
KDM5B	3	1	0
KDM8	3	1	0
KHDRBS1	3	1	0
KHDRBS3	3	1	0
KHSRP	3	1	0
KIF14	3	1	0
KIF5A	3	1	0
KIFAP3	3	1	0
KIR2DL4	3	1	0
KIR2DS1	3	1	0
KIR3DL1	3	1	0
KIRREL3	3	1	0
KLB	3	1	0
KLK14	3	1	0
KLRC1	3	1	0
KLRG1	3	1	0
KPNA2	3	1	0
KPNA6	3	1	0
KPNB1	3	1	0
KRAS	3	1	0
KRT27	3	1	0
KSR1	3	1	0
L1CAM	3	1	0
LATS1	3	1	0
LDLRAP1	3	1	0
LEFTY2	3	1	0
LGR4	3	1	0
LGR6	3	1	0
LIAS	3	1	0
LIFR	3	1	0
LIMS1	3	1	0
LRFN3	3	1	0
LRIG1	3	1	0
LRP8	3	1	0
LRRC7	3	1	0
LRRFIP1	3	1	0
LTK	3	1	0
M6PR	3	1	0
MAD1L1	3	1	0
MADCAM1	3	1	0
MAF1	3	1	0
MAFB	3	1	0
MAGED1	3	1	0
MAP1LC3A	3	1	0
MAP2K3	3	1	0
MAPK11	3	1	0
MAPK12	3	1	0
MAPK8	3	1	0
MAPRE1	3	1	0
MARCKS	3	1	0
MATK	3	1	0
MC4R	3	1	0
MCAT	3	1	0
MCM4	3	1	0
MCM7	3	1	1
MDC1	3	1	0
METAP2	3	1	0
METTL14	3	1	0
MFAP3	3	1	0
MIEF1	3	1	0
MITF	3	1	0
MMP11	3	1	0
MMP12	3	1	0
MMP16	3	1	0
MMP9	3	1	0
MOB1B	3	1	0
MPG	3	1	0
MRAS	3	1	0
MSRA	3	1	0
MST1	3	1	0
MT-CO3	3	1	0
MT-CYB	3	1	0
MTA2	3	1	0
MTF2	3	1	0
MTMR10	3	1	0
MUTYH	3	1	0
MVB12A	3	1	0
MYH2	3	1	0
MYL12A	3	1	0
MYO1C	3	1	0
NAB1	3	1	0
NCBP1	3	1	0
NCF1	3	1	0
NCF4	3	1	0
NCK2	3	1	0
NCOA3	3	1	0
NCR1	3	1	0
NCSTN	3	1	0
NELL2	3	1	0
NFATC3	3	1	0
NFU1	3	1	0
NIPBL	3	1	0
NLRP3	3	1	0
NLRX1	3	1	0
NOC2L	3	1	0
NOP58	3	1	0
NOS3	3	1	0
NOTCH2NLA	3	1	0
NOTCH3	3	1	0
NPAS4	3	1	0
NPLOC4	3	1	0
NPM1	3	1	0
NR1H3	3	1	0
NR1H4	3	1	0
NR5A2	3	1	0
NRG4	3	1	0
NRP1	3	1	0
NRP2	3	1	0
NRXN1	3	1	0
NUF2	3	1	0
OBI1	3	1	0
OCLN	3	1	0
OPA1	3	1	0
OPTC	3	1	0
ORC1	3	1	0
ORC3	3	1	0
OTUD3	3	1	0
OTUD5	3	1	0
P2RY12	3	1	0
P4HA2	3	1	0
P4HB	3	1	0
PABPC1	3	1	0
PABPN1	3	1	0
PAFAH1B1	3	1	0
PAK3	3	1	0
PAK5	3	1	0
PARD6B	3	1	0
PARD6G	3	1	0
PARG	3	1	0
PARVB	3	1	0
PAX3	3	1	0
PCBP2	3	1	0
PCLO	3	1	0
PCSK5	3	1	0
PCSK7	3	1	0
PDCD1LG2	3	1	0
PDCD6IP	3	1	0
PDE3B	3	1	0
PDE4B	3	1	0
PDGFC	3	1	0
PDIA3	3	1	0
PDS5A	3	1	0
PDYN	3	1	0
PELI2	3	1	0
PEX1	3	1	0
PEX10	3	1	0
PEX14	3	1	0
PFKFB1	3	1	0
PGAP1	3	1	0
PHF10	3	1	0
PHF8	3	1	0
PHYH	3	1	0
PI4KB	3	1	0
PIK3CD	3	1	0
PIK3R5	3	1	0
PINK1	3	1	0
PLAU	3	1	0
PLEKHA8	3	1	0
PLK1	3	1	0
PLXNB1	3	1	0
PLXNC1	3	1	1
PML	3	1	0
PNN	3	1	0
POLA1	3	1	0
POLE2	3	1	0
POLE4	3	1	0
POLG2	3	1	0
POLN	3	1	0
POMGNT1	3	1	0
POMT1	3	1	0
POU3F1	3	1	0
POU4F1	3	1	0
PPARGC1B	3	1	0
PPM1F	3	1	0
PPP1CB	3	1	0
PPP1R10	3	1	0
PRC1	3	1	0
PRCP	3	1	0
PRDM1	3	1	0
PRDX2	3	1	0
PRIM1	3	1	0
PRKAG2	3	1	0
PRKCD	3	1	0
PRKCI	3	1	0
PRKCSH	3	1	0
PRKN	3	1	0
PRM2	3	1	0
PRMT6	3	1	0
PRSS2	3	1	0
PRSS3	3	1	0
PSENEN	3	1	0
PSMC4	3	1	0
PSMD14	3	1	0
PSMD4	3	1	0
PTK2	3	1	0
PTPN11	3	1	0
PTPRA	3	1	0
PTPRJ	3	1	0
PTPRU	3	1	0
PWWP2B	3	1	0
PYGM	3	1	0
PYGO2	3	1	0
RAB21	3	1	0
RAB27A	3	1	0
RAB31	3	1	0
RAB33B	3	1	0
RAB3GAP2	3	1	0
RAB3IL1	3	1	0
RAB4A	3	1	0
RAB8A	3	1	0
RAB8B	3	1	0
RABEP1	3	1	0
RABGGTB	3	1	0
RAD23B	3	1	0
RALB	3	1	0
RAN	3	1	0
RANBP9	3	1	0
RAP1B	3	1	1
RAP1GAP2	3	1	0
RARG	3	1	0
RASA1	3	1	0
RASGRP1	3	1	0
RASGRP2	3	1	0
RASGRP3	3	1	0
RBBP7	3	1	0
RBM7	3	1	0
RGL3	3	1	0
RGMA	3	1	0
RGS20	3	1	0
RGS9	3	1	0
RGS9BP	3	1	0
RHOQ	3	1	0
RHOT2	3	1	0
RHPN2	3	1	0
RIPK3	3	1	0
RNF2	3	1	0
ROCK1	3	1	0
RPS6	3	1	0
RPS6KA2	3	1	0
RPS6KB1	3	1	0
RRAGA	3	1	0
RRAGC	3	1	0
RRM2	3	1	0
RSF1	3	1	0
RSPO1	3	1	0
RTN4	3	1	0
RXRB	3	1	0
RXYLT1	3	1	0
S100A10	3	1	0
SAE1	3	1	0
SATB2	3	1	0
SBF1	3	1	0
SCAP	3	1	0
SEC16A	3	1	0
SEC16B	3	1	0
SEC24D	3	1	0
SEMA6A	3	1	0
SENP2	3	1	0
SERPINA1	3	1	0
SERPINE2	3	1	0
SERPING1	3	1	0
SETDB1	3	1	0
SGO1	3	1	0
SH2B2	3	1	0
SHANK3	3	1	0
SHC2	3	1	0
SHH	3	1	0
SIGLEC14	3	1	0
SKAP2	3	1	0
SLBP	3	1	0
SLC38A9	3	1	0
SLIT2	3	1	0
SMAD2	3	1	0
SMAD3	3	1	0
SMAD5	3	1	0
SMAD7	3	1	0
SMURF2	3	1	0
SNCA	3	1	0
SNW1	3	1	0
SOCS1	3	1	0
SOD2	3	1	0
SORL1	3	1	0
SOS1	3	1	0
SOST	3	1	0
SPAG9	3	1	0
SPC24	3	1	0
SPINK5	3	1	0
SPN	3	1	0
SPOPL	3	1	0
SPTAN1	3	1	0
SRC	3	1	0
SREBF2	3	1	0
ST14	3	1	0
STAMBP	3	1	0
STAT3	3	1	0
STAT4	3	1	0
STIP1	3	1	0
STK3	3	1	0
STX16	3	1	0
STX18	3	1	0
STX4	3	1	0
STXBP2	3	1	0
SUDS3	3	1	0
SUPT5H	3	1	0
SYNJ2	3	1	0
SYTL1	3	1	0
TAB2	3	1	0
TAP2	3	1	0
TAS1R3	3	1	0
TBC1D17	3	1	0
TBC1D20	3	1	0
TBC1D25	3	1	0
TBL1X	3	1	0
TBP	3	1	0
TBPL2	3	1	0
TBX21	3	1	0
TBX3	3	1	0
TBXT	3	1	0
TDG	3	1	0
TEAD3	3	1	0
TET3	3	1	0
TEX10	3	1	0
TFDP1	3	1	0
TFDP2	3	1	0
TFE3	3	1	0
THBS2	3	1	0
THBS3	3	1	0
TICAM1	3	1	0
TIFA	3	1	0
TLL1	3	1	0
TLL2	3	1	0
TLR5	3	1	0
TLR7	3	1	0
TNFRSF10D	3	1	0
TNFRSF17	3	1	0
TNFRSF25	3	1	0
TNFSF10	3	1	0
TNFSF13	3	1	0
TNIP1	3	1	0
TNIP2	3	1	0
TNNT3	3	1	0
TNRC6B	3	1	0
TOMM70	3	1	0
TOP1	3	1	0
TOP2A	3	1	0
TOPORS	3	1	0
TP53	3	1	0
TP53RK	3	1	0
TRAF3	3	1	0
TRAF6	3	1	0
TRAK1	3	1	0
TRAK2	3	1	0
TRAT1	3	1	0
TRAV19	3	1	0
TRAV29DV5	3	1	0
TRBV12-3	3	1	0
TRIM27	3	1	0
TRIM72	3	1	0
TRPC1	3	1	0
TSC1	3	1	0
TSC22D3	3	1	0
TSFM	3	1	0
TSG101	3	1	0
TSPAN33	3	1	0
TSPOAP1	3	1	0
TTC5	3	1	0
TUSC3	3	1	0
TXN2	3	1	0
TXNRD2	3	1	0
TYRO3	3	1	0
UBE2V2	3	1	0
UCHL5	3	1	0
UHRF1	3	1	0
ULK3	3	1	0
UNC5B	3	1	0
UNC5C	3	1	0
UQCRQ	3	1	0
USO1	3	1	0
USP15	3	1	0
USP2	3	1	0
USP21	3	1	0
USP33	3	1	0
USP34	3	1	0
USP5	3	1	0
USP8	3	1	0
UVRAG	3	1	0
VAMP4	3	1	0
VANGL2	3	1	0
VAV3	3	1	0
VDR	3	1	0
VEGFD	3	1	0
VENTX	3	1	0
VIM	3	1	0
VPS35	3	1	0
VPS45	3	1	0
VPS51	3	1	0
VPS53	3	1	0
VTN	3	1	0
WDR26	3	1	0
WEE1	3	1	0
WNT3	3	1	0
WRN	3	1	0
XPA	3	1	0
YAP1	3	1	0
YOD1	3	1	0
YWHAG	3	1	0
YWHAZ	3	1	0
ZBP1	3	1	0
ZC3H18	3	1	0
ZC3H4	3	1	0
ZDHHC9	3	1	0
ZNF420	3	1	0
ZNF592	3	1	0
ZWILCH	3	1	0
ABCA7	3	2	0
ABHD17B	3	2	0
ABLIM2	3	2	0
ABLIM3	3	2	0
ACTN1	3	2	0
ACVR2A	3	2	0
ADAM17	3	2	0
ADAM22	3	2	0
ADAM30	3	2	0
ADNP	3	2	0
ADNP2	3	2	0
ADRA1B	3	2	0
ADRA1D	3	2	0
AFDN	3	2	1
AGO1	3	2	0
AGPS	3	2	0
AGT	3	2	0
AHCYL1	3	2	0
AKAP10	3	2	0
AKAP8L	3	2	0
AKT2	3	2	0
ALCAM	3	2	0
ALOX5	3	2	0
ANGPT4	3	2	0
ANK1	3	2	0
AP1M2	3	2	0
AP1S1	3	2	0
AP1S3	3	2	0
AP4B1	3	2	0
AP4M1	3	2	0
APBA3	3	2	0
APH1A	3	2	0
APOA1	3	2	0
APOC3	3	2	0
ARHGDIG	3	2	0
ARHGEF1	3	2	0
ARHGEF25	3	2	0
ARHGEF28	3	2	0
ARID1B	3	2	0
ARIH1	3	2	0
ARRB1	3	2	0
ASPH	3	2	0
ATF1	3	2	0
ATF4	3	2	0
ATF5	3	2	0
ATF7IP	3	2	0
ATG10	3	2	0
ATG16L2	3	2	0
ATP1A1	3	2	0
ATP1B2	3	2	0
ATRX	3	2	0
AVEN	3	2	0
B4GALT1	3	2	0
BACH1	3	2	0
BAG4	3	2	0
BAG6	3	2	0
BAZ1B	3	2	0
BCAP31	3	2	0
BCKDHB	3	2	0
BCR	3	2	0
BET1	3	2	0
BET1L	3	2	0
BICRA	3	2	0
BMAL1	3	2	0
BMI1	3	2	0
BMPR1B	3	2	0
BMX	3	2	0
BRCA2	3	2	0
BRD2	3	2	0
BRF1	3	2	0
BRF2	3	2	0
BRWD1	3	2	0
BSG	3	2	0
BTLA	3	2	0
BTN2A1	3	2	0
C1D	3	2	0
C1QA	3	2	0
C1R	3	2	0
C6	3	2	0
C8B	3	2	0
CAB39	3	2	0
CAB39L	3	2	0
CACNA1A	3	2	0
CACNB1	3	2	0
CACNB3	3	2	0
CALCB	3	2	0
CALM2	3	2	0
CALM3	3	2	0
CALR	3	2	0
CAMK1	3	2	0
CAMKMT	3	2	0
CARD11	3	2	0
CASTOR2	3	2	0
CAV3	3	2	0
CAVIN1	3	2	0
CBFB	3	2	0
CBLL1	3	2	0
CCDC59	3	2	0
CCDC88C	3	2	0
CCL1	3	2	0
CCL4	3	2	0
CCNB1	3	2	0
CCNK	3	2	0
CCR2	3	2	0
CCR4	3	2	0
CCR5	3	2	0
CCZ1	3	2	0
CD160	3	2	0
CD177	3	2	0
CD1B	3	2	0
CD1D	3	2	0
CD24	3	2	0
CD300E	3	2	0
CD34	3	2	0
CD59	3	2	0
CD79A	3	2	0
CD80	3	2	0
CD8B	3	2	0
CDC20	3	2	0
CDC25A	3	2	0
CDH11	3	2	0
CDH19	3	2	0
CDK1	3	2	0
CDK13	3	2	0
CDK6	3	2	0
CDKN2A	3	2	0
CDKN2C	3	2	0
CEBPB	3	2	0
CFH	3	2	0
CFL1	3	2	0
CHD6	3	2	0
CHM	3	2	0
CHMP2A	3	2	0
CHST10	3	2	0
CLCF1	3	2	0
CLIP3	3	2	0
CLTA	3	2	0
CLTB	3	2	0
CLU	3	2	0
CLVS1	3	2	0
CMA1	3	2	0
CNPY3	3	2	0
COL10A1	3	2	0
COP1	3	2	0
COPA	3	2	0
CPB2	3	2	0
CPS1	3	2	0
CPSF6	3	2	0
CRADD	3	2	0
CREB3L4	3	2	0
CRIPTO	3	2	0
CRLF1	3	2	0
CRTC3	3	2	0
CRY1	3	2	0
CSF2	3	2	0
CSF2RA	3	2	0
CSH1	3	2	0
CSNK1A1	3	2	0
CSNK2B	3	2	0
CSTF2	3	2	0
CSTF2T	3	2	0
CTBP1	3	2	0
CTCF	3	2	0
CTF1	3	2	0
CTSK	3	2	0
CTSZ	3	2	0
CYBA	3	2	0
CYC1	3	2	0
CYTH4	3	2	0
DAB1	3	2	0
DAPK1	3	2	0
DBNL	3	2	0
DCAF8L2	3	2	0
DCTN6	3	2	0
DDX17	3	2	0
DEFA3	3	2	0
DENND5B	3	2	0
DEPDC5	3	2	0
DFFA	3	2	0
DIS3L2	3	2	0
DISP2	3	2	0
DLG2	3	2	0
DMBT1	3	2	0
DNAJB6	3	2	0
DNAJC3	3	2	0
DNER	3	2	0
DNMT1	3	2	0
DOCK11	3	2	0
DOCK3	3	2	0
DOCK8	3	2	0
DPH2	3	2	0
DPH5	3	2	0
DRP2	3	2	0
DSCAML1	3	2	0
DTNA	3	2	0
DUSP5	3	2	0
DUSP7	3	2	0
DYNLL2	3	2	0
DYRK2	3	2	0
DYSF	3	2	0
EGLN1	3	2	0
EGLN2	3	2	0
EHD3	3	2	0
EIF1AX	3	2	0
EIF2S3	3	2	0
EIF4A1	3	2	0
EIF4B	3	2	0
ELK1	3	2	0
ELOA	3	2	0
ENPEP	3	2	0
EPB41L5	3	2	0
EPM2A	3	2	0
EPRS1	3	2	0
ERBB2	3	2	0
ERBIN	3	2	0
EREG	3	2	0
ERLIN2	3	2	0
ERO1B	3	2	0
ETV4	3	2	0
ETV6	3	2	0
EVL	3	2	0
F2RL2	3	2	0
F8	3	2	0
FDX2	3	2	0
FGF1	3	2	0
FGF10	3	2	0
FGF2	3	2	0
FGF23	3	2	0
FGFR3	3	2	0
FIRRM	3	2	0
FLG	3	2	0
FLOT1	3	2	0
FLRT3	3	2	0
FLT3	3	2	0
FOXO1	3	2	0
FPR3	3	2	0
FRAT1	3	2	0
FYB1	3	2	0
FZD2	3	2	0
GAA	3	2	0
GABRB2	3	2	0
GATA3	3	2	0
GATA4	3	2	0
GBA1	3	2	0
GBE1	3	2	0
GBP4	3	2	0
GCN1	3	2	0
GDI1	3	2	0
GET1	3	2	0
GFRA2	3	2	0
GGCX	3	2	0
GH1	3	2	0
GID4	3	2	0
GINS1	3	2	0
GINS4	3	2	0
GIPC1	3	2	0
GIT1	3	2	0
GLDC	3	2	0
GLP1R	3	2	0
GLRA1	3	2	0
GM2A	3	2	0
GNAO1	3	2	0
GNB1	3	2	0
GNB2	3	2	0
GNG2	3	2	0
GP1BB	3	2	0
GP5	3	2	0
GP6	3	2	0
GPS2	3	2	0
GPX7	3	2	0
GRB2	3	2	0
GRIK2	3	2	0
GRIN3B	3	2	0
GSK3B	3	2	0
GTF2B	3	2	0
GTF2F2	3	2	0
GYG2	3	2	0
H1-0	3	2	0
H1-8	3	2	0
H2AC6	3	2	0
H2AX	3	2	0
H2BC18	3	2	0
H2BC26	3	2	0
HAND2	3	2	0
HDAC4	3	2	1
HDAC5	3	2	0
HEBP1	3	2	0
HERC2	3	2	0
HES1	3	2	0
HEY1	3	2	0
HHAT	3	2	0
HIF1AN	3	2	0
HIF3A	3	2	0
HIPK2	3	2	0
HIVEP3	3	2	0
HLA-A	3	2	0
HLA-B	3	2	0
HLA-DOB	3	2	0
HLA-DQA1	3	2	1
HMGA1	3	2	0
HOMER1	3	2	0
HOXD11	3	2	0
HPS4	3	2	0
HPSE	3	2	0
HSPA5	3	2	0
HTRA1	3	2	0
ICAM3	3	2	0
IDH2	3	2	0
IFNB1	3	2	0
IFNL2	3	2	0
IFNL3	3	2	0
IFT88	3	2	0
IGFBP1	3	2	0
IGHG1	3	2	0
IKBKB	3	2	0
IKBKE	3	2	0
IKBKG	3	2	0
IKZF1	3	2	0
IL11RA	3	2	0
IL13RA1	3	2	0
IL18RAP	3	2	0
IL1A	3	2	0
IL1R2	3	2	0
IL20RA	3	2	0
IL20RB	3	2	0
IL21R	3	2	0
IL23A	3	2	0
IL23R	3	2	0
IL2RA	3	2	0
IL33R	3	2	0
IL36R	3	2	0
IL36RN	3	2	0
IL3RA	3	2	0
IL4	3	2	0
ILF3	3	2	0
IMPACT	3	2	0
INHBC	3	2	0
INPP5D	3	2	0
INPP5E	3	2	0
IPO8	3	2	0
IRAG1	3	2	0
IRF9	3	2	0
ISG15	3	2	0
ITGA11	3	2	0
ITGA2B	3	2	0
ITGA6	3	2	0
ITGA7	3	2	0
ITGB3	3	2	0
ITGB4	3	2	0
ITGB6	3	2	0
ITK	3	2	0
ITPKA	3	2	0
ITPKB	3	2	0
ITPR3	3	2	0
JAG1	3	2	0
JAK3	3	2	0
JUND	3	2	0
KCNJ16	3	2	0
KCNJ2	3	2	0
KCNQ3	3	2	0
KDM4A	3	2	0
KDR	3	2	0
KHDRBS2	3	2	0
KIF17	3	2	0
KIF22	3	2	0
KIF23	3	2	0
KIF3C	3	2	0
KIF4B	3	2	0
KIR2DL2	3	2	0
KIR2DL3	3	2	0
KIR2DS2	3	2	0
KIR2DS4	3	2	0
KLC2	3	2	0
KLK12	3	2	0
KLK13	3	2	0
KLK5	3	2	0
KLK7	3	2	0
KLK8	3	2	0
KLKB1	3	2	0
KMT2D	3	2	0
KMT5A	3	2	0
KPNA1	3	2	0
KREMEN2	3	2	0
KRT1	3	2	0
KRT26	3	2	0
L3MBTL1	3	2	0
LALBA	3	2	0
LAMB1	3	2	0
LAMC2	3	2	0
LAMC3	3	2	0
LAMTOR3	3	2	0
LBR	3	2	0
LCE3D	3	2	0
LEPR	3	2	0
LGI1	3	2	0
LHX4	3	2	0
LIG4	3	2	0
LILRA1	3	2	0
LIMK1	3	2	0
LIN7A	3	2	0
LRP5	3	2	0
LTB	3	2	0
LTBP1	3	2	0
LY96	3	2	0
LYPLA1	3	2	0
LYRM7	3	2	0
MAGI2	3	2	0
MAGOHB	3	2	0
MAML3	3	2	0
MAP1LC3B	3	2	0
MAP2K6	3	2	0
MAP3K3	3	2	0
MAP3K5	3	2	0
MAP3K7	3	2	0
MAP3K8	3	2	0
MAPK1	3	2	0
MAPK3	3	2	0
MAPK6	3	2	0
MAPK7	3	2	0
MAPKAPK3	3	2	0
MAPKAPK5	3	2	0
MASTL	3	2	0
MC3R	3	2	0
MCF2	3	2	0
MCFD2	3	2	0
MCRIP1	3	2	0
MERTK	3	2	0
MIF	3	2	0
MIS12	3	2	0
MIXL1	3	2	0
MLH1	3	2	0
MLST8	3	2	0
MMP1	3	2	0
MMP13	3	2	0
MMP14	3	2	0
MMP3	3	2	0
MOB1A	3	2	0
MON1A	3	2	0
MT-CO2	3	2	0
MTA1	3	2	0
MTM1	3	2	0
MTOR	3	2	0
MTRES1	3	2	0
MTRFR	3	2	0
MYC	3	2	0
MYD88	3	2	0
MYH14	3	2	0
MYL6	3	2	0
MYO10	3	2	0
MYOG	3	2	0
NAB2	3	2	0
NBN	3	2	0
NCAN	3	2	0
NCOR1	3	2	0
NDC80	3	2	0
NDUFAB1	3	2	0
NECTIN3	3	2	0
NEDD4	3	2	0
NEDD8	3	2	0
NEK1	3	2	0
NEK2	3	2	0
NEK9	3	2	0
NELFB	3	2	0
NEU1	3	2	0
NEU4	3	2	0
NFE2L2	3	2	0
NFKB1	3	2	0
NFKB2	3	2	0
NGFR	3	2	0
NID1	3	2	0
NLK	3	2	0
NLRP4	3	2	0
NOD2	3	2	0
NOSTRIN	3	2	0
NOTCH1	3	2	0
NOXO1	3	2	0
NPHP4	3	2	0
NPNT	3	2	0
NPRL3	3	2	0
NPTN	3	2	0
NR3C1	3	2	0
NR4A1	3	2	0
NRTN	3	2	0
NTF4	3	2	0
NTN3	3	2	0
NTN4	3	2	0
NTRK1	3	2	0
NTRK2	3	2	0
NTRK3	3	2	0
OBSCN	3	2	0
OIP5	3	2	0
OPN1LW	3	2	0
OPRM1	3	2	0
ORC4	3	2	0
ORC6	3	2	0
OST4	3	2	0
OTUB1	3	2	0
OTUD7B	3	2	0
P4HA1	3	2	0
PAGR1	3	2	0
PAK1	3	2	0
PALB2	3	2	0
PAQR3	3	2	0
PARD6A	3	2	0
PCGF2	3	2	0
PDCD1	3	2	0
PDE4D	3	2	0
PDPN	3	2	0
PEA15	3	2	0
PGF	3	2	0
PGR	3	2	0
PHC3	3	2	0
PHF1	3	2	0
PHF19	3	2	0
PHKA2	3	2	0
PHKB	3	2	0
PHLDA1	3	2	0
PICALM	3	2	1
PIF1	3	2	0
PIK3CA	3	2	0
PIK3R3	3	2	0
PIM1	3	2	0
PIP5K1B	3	2	0
PKMYT1	3	2	0
PKN1	3	2	0
PKN2	3	2	0
PLCG1	3	2	0
PLCG2	3	2	0
PLG	3	2	0
PLIN2	3	2	0
PLXNA1	3	2	0
PMEPA1	3	2	0
POLI	3	2	0
POLK	3	2	0
POLQ	3	2	0
POMGNT2	3	2	0
POMK	3	2	0
POU3F2	3	2	0
PPARA	3	2	0
PPARD	3	2	0
PPFIA1	3	2	0
PPFIBP2	3	2	0
PPIA	3	2	0
PPP1R12B	3	2	0
PPP1R13B	3	2	0
PPP2R2D	3	2	0
PPP2R5B	3	2	0
PPP2R5D	3	2	0
PPP3CA	3	2	0
PPP4R2	3	2	0
PPP5C	3	2	0
PPP6R1	3	2	0
PRKAB2	3	2	0
PRKAG1	3	2	0
PRKAR1B	3	2	0
PRKAR2A	3	2	0
PRKCA	3	2	0
PRKCG	3	2	0
PRKRA	3	2	0
PRMT1	3	2	0
PRNP	3	2	0
PROC	3	2	0
PRSS8	3	2	0
PSIP1	3	2	0
PSMD10	3	2	0
PSMD11	3	2	0
PSMD3	3	2	0
PSMD8	3	2	0
PSPN	3	2	0
PTCH1	3	2	0
PTK2B	3	2	0
PTP4A2	3	2	0
PTPN2	3	2	0
PTPN7	3	2	0
PTPRC	3	2	0
PXN	3	2	0
RAB18	3	2	0
RAB32	3	2	0
RAB3A	3	2	0
RAB5A	3	2	0
RABEPK	3	2	0
RAD51D	3	2	0
RAD52	3	2	0
RALA	3	2	0
RAMP1	3	2	0
RANBP2	3	2	0
RAP1A	3	2	0
RAPGEF3	3	2	0
RARB	3	2	0
RBPJ	3	2	0
RCC1	3	2	0
RHO	3	2	0
RHOC	3	2	0
RHOD	3	2	0
RHOG	3	2	0
RHOJ	3	2	0
RHOU	3	2	0
RHOV	3	2	0
RIGI	3	2	0
RIT2	3	2	0
RNF125	3	2	0
RNPS1	3	2	0
ROBO1	3	2	0
ROR2	3	2	0
RPA1	3	2	0
RPA2	3	2	0
RPA4	3	2	0
RRAGB	3	2	0
RUFY1	3	2	0
RUNX1	3	2	0
RYK	3	2	0
S100A9	3	2	0
SAFB	3	2	0
SAMTOR	3	2	0
SAR1B	3	2	0
SATB1	3	2	0
SAV1	3	2	0
SCFD1	3	2	0
SCUBE1	3	2	0
SCUBE2	3	2	0
SEC23IP	3	2	0
SEC24A	3	2	0
SELE	3	2	0
SELPLG	3	2	0
SEMG1	3	2	0
SENP8	3	2	0
SEPTIN4	3	2	0
SERPINC1	3	2	0
SESN1	3	2	0
SESN2	3	2	0
SFRP1	3	2	0
SFRP2	3	2	0
SGCB	3	2	0
SH2B3	3	2	0
SH2D2A	3	2	0
SH3PXD2A	3	2	0
SIGIRR	3	2	0
SIN3A	3	2	0
SIRPG	3	2	0
SIRT1	3	2	0
SIRT2	3	2	0
SIRT4	3	2	0
SKIC2	3	2	0
SKP1	3	2	0
SKP2	3	2	0
SLA2	3	2	0
SLC15A4	3	2	0
SLC16A8	3	2	0
SLC17A7	3	2	0
SLC9A1	3	2	0
SMAD1	3	2	0
SMAD6	3	2	0
SMAD9	3	2	0
SMARCA4	3	2	0
SMARCD3	3	2	0
SMURF1	3	2	0
SMYD2	3	2	0
SNTB2	3	2	0
SNTG2	3	2	0
SNX3	3	2	0
SOCS2	3	2	0
SOCS6	3	2	0
SOX13	3	2	0
SOX2	3	2	0
SP3	3	2	0
SPC25	3	2	0
SPINK6	3	2	0
SPINK9	3	2	0
SQSTM1	3	2	0
SRGAP1	3	2	0
SRGAP3	3	2	0
SRRT	3	2	0
STAM	3	2	0
STON2	3	2	0
STRADB	3	2	0
STX1A	3	2	0
STX3	3	2	0
STX6	3	2	0
SUV39H1	3	2	0
SYCP2	3	2	0
SYMPK	3	2	0
SYNJ1	3	2	0
SYTL2	3	2	0
SYVN1	3	2	0
TAB3	3	2	0
TACC3	3	2	0
TANK	3	2	0
TAP1	3	2	0
TBC1D1	3	2	0
TBK1	3	2	0
TBL1XR1	3	2	0
TBX6	3	2	0
TEAD4	3	2	0
TEK	3	2	0
TENT4B	3	2	0
TERT	3	2	0
TFEC	3	2	0
THBS1	3	2	0
THBS4	3	2	0
TIMP1	3	2	0
TIMP2	3	2	0
TLR8	3	2	0
TMED9	3	2	0
TMEM219	3	2	0
TMPRSS2	3	2	0
TNFRSF10A	3	2	0
TNFRSF10B	3	2	0
TNFRSF11B	3	2	0
TNFRSF13B	3	2	0
TNFRSF14	3	2	0
TNFSF12	3	2	0
TNFSF13B	3	2	0
TNK2	3	2	0
TNKS2	3	2	0
TNNT2	3	2	0
TNPO1	3	2	0
TNRC6C	3	2	0
TNS3	3	2	0
TNS4	3	2	0
TOLLIP	3	2	0
TOMM20	3	2	0
TOP3A	3	2	0
TOR1A	3	2	0
TP53BP1	3	2	0
TPX2	3	2	0
TRAV8-4	3	2	0
TRBC1	3	2	0
TRIB3	3	2	0
TRIM32	3	2	0
TRIM56	3	2	0
TRIP11	3	2	0
TRPC3	3	2	0
TRPC4	3	2	0
TRPC6	3	2	0
TSC2	3	2	0
TSLP	3	2	0
TSPAN15	3	2	0
TXNIP	3	2	0
TYROBP	3	2	0
TYSND1	3	2	0
UACA	3	2	0
UBA52	3	2	0
UBE2D2	3	2	0
UBE2E1	3	2	0
UBE2N	3	2	0
UBQLN2	3	2	0
UBXN7	3	2	0
UPF2	3	2	0
UPF3A	3	2	0
UQCC1	3	2	0
UQCC3	3	2	0
UQCC5	3	2	0
USP17L2	3	2	0
USP43	3	2	0
USP7	3	2	1
USP9X	3	2	0
UVSSA	3	2	0
VAMP7	3	2	0
VAV2	3	2	0
VCPIP1	3	2	0
VCPKMT	3	2	0
VEGFB	3	2	0
VHL	3	2	0
VLDLR	3	2	0
VPS26A	3	2	0
VPS36	3	2	0
VRK1	3	2	0
VWF	3	2	0
WDR77	3	2	0
WDR82	3	2	0
WDR83	3	2	0
WHAMM	3	2	0
WIPF1	3	2	0
WLS	3	2	0
WNT3A	3	2	0
WWOX	3	2	0
WWP1	3	2	0
WWP2	3	2	0
WWTR1	3	2	0
XPC	3	2	0
XRCC2	3	2	0
YES1	3	2	0
ZCCHC7	3	2	0
ZDHHC8	3	2	0
ZFAND6	3	2	0
ZNF385A	3	2	0
ZNF687	3	2	0
ZNF74	3	2	0
ZNF827	3	2	0
ZNRF3	3	2	0
ZWINT	3	2	0
A2M	3	3	0
ABCA1	3	3	0
ABCE1	3	3	0
ABCF1	3	3	0
ABL2	3	3	0
ABRAXAS1	3	3	0
ABRAXAS2	3	3	0
ACE	3	3	0
ACOX1	3	3	0
ACTA1	3	3	0
ACTR10	3	3	0
ACTR1A	3	3	0
ADAM20	3	3	0
ADCY8	3	3	0
ADD1	3	3	0
ADM	3	3	0
ADRA1A	3	3	0
ADRA2C	3	3	0
ADRM1	3	3	0
AGAP2	3	3	0
AGER	3	3	0
AGO2	3	3	0
AGO4	3	3	0
AHR	3	3	0
AHRR	3	3	0
AKAP1	3	3	0
AKT1	3	3	0
ALYREF	3	3	0
AMOT	3	3	0
AMOTL2	3	3	0
ANKFY1	3	3	0
ANKRD28	3	3	0
ANOS1	3	3	0
ANXA2	3	3	0
ANXA6	3	3	0
AP2B1	3	3	0
AP2M1	3	3	0
AP4S1	3	3	0
APH1B	3	3	0
APIP	3	3	0
APOBEC3G	3	3	0
ARCN1	3	3	0
ARF6	3	3	0
ARFGAP1	3	3	0
ARHGAP10	3	3	0
ARHGAP39	3	3	0
ARHGEF6	3	3	0
ARID2	3	3	0
ARL2BP	3	3	0
ARNT2	3	3	0
ARPP19	3	3	0
ARTN	3	3	0
ASH2L	3	3	0
ATF3	3	3	0
ATG12	3	3	0
ATG16L1	3	3	0
ATG3	3	3	0
ATG7	3	3	0
ATP1B4	3	3	0
BABAM2	3	3	0
BAMBI	3	3	0
BANF1	3	3	0
BANP	3	3	0
BATF	3	3	0
BCL10	3	3	0
BCL6	3	3	0
BCL9	3	3	0
BDP1	3	3	0
BECN1	3	3	0
BEGAIN	3	3	0
BICD1	3	3	0
BID	3	3	0
BMPR2	3	3	0
BNIP1	3	3	0
BRD9	3	3	0
BTRC	3	3	0
C1QBP	3	3	0
C1QC	3	3	0
C1S	3	3	0
C4A	3	3	0
C8A	3	3	0
C9	3	3	0
CACNA1B	3	3	0
CACNA1C	3	3	0
CACNA1I	3	3	0
CACNA2D1	3	3	0
CADM2	3	3	0
CAMLG	3	3	0
CAND1	3	3	0
CAP1	3	3	0
CAPNS1	3	3	0
CAPZA2	3	3	0
CAPZB	3	3	0
CASK	3	3	0
CASP1	3	3	0
CASP10	3	3	0
CASP2	3	3	0
CASP8	3	3	0
CASP8AP2	3	3	0
CAV1	3	3	0
CCAR2	3	3	0
CCDC22	3	3	0
CCL5	3	3	0
CCNA2	3	3	0
CCNC	3	3	0
CCNE2	3	3	0
CCNG1	3	3	0
CCNT2	3	3	0
CCR1	3	3	0
CD151	3	3	0
CD1A	3	3	0
CD320	3	3	0
CD3G	3	3	0
CD46	3	3	0
CD5L	3	3	0
CD81	3	3	0
CD9	3	3	0
CDC14A	3	3	0
CDC14B	3	3	0
CDC42	3	3	0
CDC45	3	3	0
CDC7	3	3	0
CDCA8	3	3	0
CDH1	3	3	0
CDH5	3	3	0
CDK12	3	3	0
CDK2	3	3	0
CDK2AP2	3	3	0
CDK5	3	3	0
CDK9	3	3	0
CDKN1A	3	3	0
CELA2A	3	3	0
CENPA	3	3	0
CEP43	3	3	0
CFB	3	3	0
CFHR1	3	3	0
CFP	3	3	0
CHD1	3	3	0
CIPC	3	3	0
CITED1	3	3	0
CLEC4E	3	3	0
CLEC6A	3	3	0
CNEP1R1	3	3	0
CNGA1	3	3	0
CNGA2	3	3	0
CNGB1	3	3	0
CNTN1	3	3	0
COL1A2	3	3	0
COLEC11	3	3	0
COPE	3	3	0
COPRS	3	3	0
COX17	3	3	0
CPA3	3	3	0
CR1	3	3	0
CR2	3	3	0
CRABP2	3	3	0
CREB3L2	3	3	0
CREBRF	3	3	0
CRTC2	3	3	0
CRY2	3	3	0
CSF1	3	3	0
CSF2RB	3	3	0
CSNK1E	3	3	0
CTDNEP1	3	3	0
CTSA	3	3	0
CTSG	3	3	0
CTTN	3	3	0
CXCL12	3	3	0
CXXC4	3	3	0
CYBB	3	3	0
CYSLTR1	3	3	0
CYTH3	3	3	0
DAB2	3	3	0
DCSTAMP	3	3	0
DCUN1D3	3	3	0
DDB1	3	3	0
DDIT3	3	3	0
DELE1	3	3	0
DGCR8	3	3	0
DHX9	3	3	0
DLAT	3	3	0
DLGAP2	3	3	0
DLL4	3	3	0
DMPK	3	3	0
DMTN	3	3	0
DNM2	3	3	0
DNMT3L	3	3	0
DNTTIP1	3	3	0
DOCK9	3	3	0
DPH1	3	3	0
DPH6	3	3	0
DPYSL2	3	3	0
DSN1	3	3	0
DSP	3	3	1
DSPP	3	3	0
DTNB	3	3	0
DTX4	3	3	0
DUS2	3	3	0
DUSP3	3	3	0
DVL1	3	3	0
DVL3	3	3	0
DYNC1I2	3	3	0
DYNC1LI1	3	3	0
DYNLL1	3	3	0
E2F4	3	3	0
E2F5	3	3	0
EEF1AKMT2	3	3	0
EEF2KMT	3	3	0
EGLN3	3	3	0
EHD2	3	3	0
EIF2AK4	3	3	0
EIF4A3	3	3	0
EIF4E	3	3	0
EIF4E3	3	3	0
EIF4H	3	3	0
ELANE	3	3	0
ELMO2	3	3	0
ELN	3	3	0
EME1	3	3	0
EMILIN1	3	3	0
EML4	3	3	0
ENAH	3	3	0
EPOP	3	3	0
ERLEC1	3	3	0
ERN1	3	3	0
ESR1	3	3	0
ESR2	3	3	0
EVC	3	3	0
EYA3	3	3	0
F11R	3	3	0
F3	3	3	0
F7	3	3	0
FABP5	3	3	0
FASLG	3	3	0
FBN1	3	3	0
FBXL17	3	3	0
FBXL5	3	3	0
FBXL7	3	3	0
FCN1	3	3	0
FDX1	3	3	0
FERMT2	3	3	0
FGF19	3	3	0
FGF22	3	3	0
FGF6	3	3	0
FGFR1	3	3	0
FGFR4	3	3	0
FGFRL1	3	3	0
FIGNL1	3	3	0
FILIP1	3	3	0
FKBP5	3	3	0
FKTN	3	3	0
FLNA	3	3	0
FMNL2	3	3	0
FMNL3	3	3	0
FOXG1	3	3	0
FOXH1	3	3	0
FOXM1	3	3	0
FYN	3	3	0
FZD5	3	3	0
FZD7	3	3	0
GABBR2	3	3	0
GABRG3	3	3	0
GANAB	3	3	0
GAS2	3	3	0
GATA6	3	3	0
GATAD2B	3	3	0
GBF1	3	3	0
GBP5	3	3	0
GCGR	3	3	0
GFRA1	3	3	0
GGA3	3	3	0
GHR	3	3	0
GID8	3	3	0
GINS2	3	3	0
GINS3	3	3	0
GIP	3	3	0
GLA	3	3	0
GLRX	3	3	0
GLUD1	3	3	0
GNA12	3	3	0
GNA14	3	3	0
GNAI2	3	3	0
GNAT1	3	3	0
GNAZ	3	3	0
GNB4	3	3	0
GOLGB1	3	3	0
GOLIM4	3	3	0
GOPC	3	3	0
GORASP1	3	3	0
GOSR2	3	3	0
GP9	3	3	0
GPC5	3	3	0
GPER1	3	3	0
GPR37	3	3	0
GPR37L1	3	3	0
GRAP	3	3	0
GRB14	3	3	0
GRK2	3	3	0
GRK4	3	3	0
GRK5	3	3	0
GSK3A	3	3	0
GYS1	3	3	0
GZMB	3	3	0
HCCS	3	3	0
HCFC1	3	3	0
HDAC3	3	3	0
HGF	3	3	0
HIF1A	3	3	0
HINT2	3	3	0
HLA-DMA	3	3	0
HMGA2	3	3	0
HNRNPA1	3	3	0
HRAS	3	3	0
HSPA1B	3	3	0
HSPG2	3	3	0
HTT	3	3	0
HYAL2	3	3	0
IFI27	3	3	0
IFIT3	3	3	0
IFNAR2	3	3	0
IFNGR2	3	3	0
IGF2R	3	3	0
IGFBP2	3	3	0
IGFBP6	3	3	0
IGHD	3	3	0
IGHG3	3	3	0
IGHG4	3	3	0
IL10RB	3	3	0
IL13RA2	3	3	0
IL17RD	3	3	0
IL1RAPL1	3	3	0
IL32	3	3	0
IL6	3	3	0
IL6ST	3	3	0
IL7R	3	3	0
ING5	3	3	0
INHA	3	3	0
INHBB	3	3	0
INHBE	3	3	0
INPPL1	3	3	1
IQGAP3	3	3	0
IRAK1	3	3	0
IRF5	3	3	0
IRS1	3	3	0
IRS4	3	3	0
ITFG2	3	3	0
ITGA3	3	3	0
ITGAL	3	3	0
ITGAV	3	3	0
ITSN1	3	3	0
JADE1	3	3	0
JAK1	3	3	0
JARID2	3	3	0
JMY	3	3	0
KAT6A	3	3	0
KAT7	3	3	1
KBTBD7	3	3	0
KCNJ10	3	3	0
KCNJ14	3	3	0
KCNJ5	3	3	0
KCNJ9	3	3	0
KCNMB1	3	3	0
KCNMB2	3	3	0
KCTD1	3	3	0
KCTD15	3	3	0
KDM6A	3	3	0
KEAP1	3	3	0
KICS2	3	3	0
KIF3B	3	3	0
KIF4A	3	3	0
KIR3DS1	3	3	0
KITLG	3	3	0
KLC1	3	3	0
KLRC2	3	3	0
KLRD1	3	3	0
KLRK1	3	3	0
KMT2A	3	3	0
KMT2B	3	3	0
KMT2C	3	3	0
KPTN	3	3	0
KRT28	3	3	0
KRT5	3	3	0
LAMTOR2	3	3	0
LARGE1	3	3	0
LAT	3	3	0
LAT2	3	3	0
LCE1A	3	3	0
LCP2	3	3	0
LEFTY1	3	3	0
LEP	3	3	0
LGMN	3	3	0
LIF	3	3	0
LIN7C	3	3	0
LINGO1	3	3	0
LMNA	3	3	0
LOXL1	3	3	0
LRP6	3	3	0
LRRC41	3	3	0
LRRC4B	3	3	0
LTBR	3	3	0
LTC4S	3	3	0
LTF	3	3	0
MAD2L1	3	3	0
MAFF	3	3	0
MAFG	3	3	0
MAP2K4	3	3	0
MAP3K1	3	3	0
MAP3K14	3	3	0
MASP1	3	3	0
MASP2	3	3	0
MAVS	3	3	0
MBD3L2	3	3	0
MBTPS1	3	3	0
MC5R	3	3	0
MCM3	3	3	0
ME1	3	3	0
MEF2C	3	3	0
MEMO1	3	3	0
METTL23	3	3	0
METTL3	3	3	0
MFAP4	3	3	0
MIA3	3	3	0
MIB2	3	3	1
MLH3	3	3	0
MLKL	3	3	0
MMP15	3	3	0
MMP19	3	3	0
MMP2	3	3	0
MMP7	3	3	0
MNAT1	3	3	0
MORC2	3	3	0
MPST	3	3	0
MRTFA	3	3	0
MSH6	3	3	0
MSRB1	3	3	0
MTA3	3	3	0
MUC20	3	3	0
MUS81	3	3	0
MYF6	3	3	0
MYH9	3	3	0
MYL12B	3	3	0
MYO6	3	3	0
N4BP1	3	3	0
NAPA	3	3	0
NBR1	3	3	0
NCBP2	3	3	0
NCF2	3	3	0
NCKIPSD	3	3	0
NCOA6	3	3	0
NCR2	3	3	0
NECTIN2	3	3	0
NEK11	3	3	0
NELFE	3	3	0
NEO1	3	3	0
NF1	3	3	0
NF2	3	3	0
NFASC	3	3	0
NFE2	3	3	0
NGF	3	3	0
NHEJ1	3	3	0
NKX2-5	3	3	0
NLRC4	3	3	0
NLRC5	3	3	0
NMT1	3	3	0
NOD1	3	3	0
NOX1	3	3	0
NOX3	3	3	0
NOX4	3	3	0
NPHP1	3	3	0
NR1D1	3	3	0
NR3C2	3	3	0
NRCAM	3	3	0
NRF1	3	3	0
NRIP1	3	3	0
NSD2	3	3	0
NTHL1	3	3	0
NUB1	3	3	0
NUMB	3	3	0
OBSL1	3	3	0
OGG1	3	3	0
OMG	3	3	0
OPTN	3	3	0
OS9	3	3	0
OSMR	3	3	0
OTULIN	3	3	0
P4HA3	3	3	0
PAFAH1B2	3	3	0
PARD3	3	3	0
PARVA	3	3	0
PAX2	3	3	0
PAX5	3	3	0
PCNA	3	3	0
PCSK6	3	3	0
PCSK9	3	3	0
PDCL	3	3	0
PDE5A	3	3	0
PDE6B	3	3	0
PDE6G	3	3	0
PDGFD	3	3	0
PDGFRA	3	3	0
PDGFRB	3	3	0
PDLIM5	3	3	0
PDPK1	3	3	0
PEBP1	3	3	0
PELI3	3	3	0
PEX13	3	3	0
PEX2	3	3	0
PEX6	3	3	0
PGK1	3	3	0
PHC1	3	3	0
PHF6	3	3	0
PHLPP1	3	3	0
PIAS1	3	3	0
PIK3CB	3	3	0
PIK3R4	3	3	0
PIP4K2A	3	3	0
PIP4K2C	3	3	0
PIP5K1C	3	3	0
PLA2G4A	3	3	0
PLA2G7	3	3	0
PLCB3	3	3	0
PLEC	3	3	0
PLIN3	3	3	0
PLK2	3	3	0
PLK3	3	3	0
PLXNA2	3	3	0
PLXNA3	3	3	0
PMS2	3	3	0
POFUT1	3	3	0
POGLUT1	3	3	0
POLB	3	3	0
POLD1	3	3	0
POLM	3	3	0
POU4F2	3	3	0
PPEF1	3	3	0
PPFIA3	3	3	0
PPIL2	3	3	0
PPM1B	3	3	0
PPM1D	3	3	0
PPP1CA	3	3	0
PPP1R13L	3	3	0
PPP1R15A	3	3	0
PPP1R3C	3	3	0
PPP2R1A	3	3	0
PPP2R5A	3	3	0
PPP2R5C	3	3	0
PPP3CB	3	3	0
PPP4C	3	3	0
PPP6R3	3	3	0
PRDM4	3	3	0
PREX1	3	3	0
PRIM2	3	3	0
PRKAA1	3	3	0
PRKACB	3	3	0
PRKACG	3	3	0
PRKCB	3	3	0
PRKCQ	3	3	0
PRKCZ	3	3	0
PROZ	3	3	0
PSMD12	3	3	0
PSMD13	3	3	0
PSMD7	3	3	0
PSTPIP1	3	3	0
PTN	3	3	0
PTPN1	3	3	0
PTPRF	3	3	0
PTS	3	3	0
PTTG1	3	3	0
PYCARD	3	3	0
RAB10	3	3	0
RAB11A	3	3	0
RAB11FIP2	3	3	0
RAB11FIP3	3	3	0
RAB12	3	3	0
RAB14	3	3	0
RAB1B	3	3	0
RAB39A	3	3	0
RAB3IP	3	3	0
RAB5B	3	3	0
RAB5C	3	3	0
RAB6A	3	3	0
RAB7A	3	3	0
RABGAP1	3	3	0
RABGEF1	3	3	0
RAC1	3	3	0
RAC2	3	3	0
RACGAP1	3	3	0
RACK1	3	3	0
RAD1	3	3	0
RAD51AP1	3	3	0
RAD51B	3	3	0
RAMP2	3	3	0
RAMP3	3	3	0
RANGAP1	3	3	0
RAP1GAP	3	3	0
RAPGEF4	3	3	0
RBM8A	3	3	0
RBX1	3	3	0
RCHY1	3	3	0
RCOR1	3	3	0
RELN	3	3	0
RGL1	3	3	0
RGL2	3	3	0
RGS17	3	3	0
RGS7	3	3	0
RHOF	3	3	0
RHOT1	3	3	0
RILP	3	3	0
RIMS1	3	3	0
RMND5A	3	3	0
RNF146	3	3	0
RNF152	3	3	0
RNF31	3	3	0
RNF43	3	3	0
RNGTT	3	3	0
ROBO2	3	3	0
ROCK2	3	3	0
RORA	3	3	0
RPGRIP1L	3	3	0
RPN2	3	3	0
RPS6KA5	3	3	0
RRM1	3	3	0
RRN3	3	3	0
RSPO3	3	3	0
S100A1	3	3	0
SAP18	3	3	0
SCN1B	3	3	0
SCN5A	3	3	0
SDC1	3	3	0
SDC2	3	3	0
SDCBP	3	3	0
SEMA4D	3	3	0
SEMA6D	3	3	0
SEMA7A	3	3	0
SERPIND1	3	3	0
SERPINF2	3	3	0
SFN	3	3	0
SFTPA1	3	3	0
SGCA	3	3	0
SGCE	3	3	0
SGCG	3	3	0
SGK1	3	3	0
SGK3	3	3	0
SGTA	3	3	0
SH2B1	3	3	0
SH3GL2	3	3	0
SHB	3	3	0
SHOC2	3	3	0
SHPRH	3	3	0
SIAH1	3	3	0
SIKE1	3	3	0
SKIC3	3	3	0
SLC16A1	3	3	0
SLIT1	3	3	0
SLIT3	3	3	0
SMAD4	3	3	0
SMARCD1	3	3	0
SMARCD2	3	3	0
SNCAIP	3	3	0
SNTB1	3	3	0
SOCS3	3	3	0
SOCS5	3	3	0
SOX10	3	3	0
SOX4	3	3	0
SPI1	3	3	0
SPR	3	3	0
SPRED1	3	3	0
SPRTN	3	3	0
SPRY1	3	3	0
SPTA1	3	3	0
SPTBN1	3	3	0
SRGAP2	3	3	0
SRPK1	3	3	0
SRY	3	3	0
SS18L1	3	3	0
STAP2	3	3	0
STAT1	3	3	0
STAT2	3	3	0
STIM1	3	3	0
STING1	3	3	0
STK11	3	3	0
STRAP	3	3	0
STT3B	3	3	0
STUB1	3	3	0
STX5	3	3	0
SUFU	3	3	1
SUGT1	3	3	0
SUZ12	3	3	0
SYCP3	3	3	0
SYT2	3	3	0
SYT9	3	3	0
SZT2	3	3	0
TAB1	3	3	0
TAF1	3	3	0
TARBP2	3	3	0
TAX1BP1	3	3	0
TBC1D14	3	3	0
TCF7	3	3	0
TCF7L2	3	3	0
TFAP2A	3	3	0
TFB2M	3	3	0
TGFB1	3	3	0
THEM4	3	3	0
THRA	3	3	0
TICAM2	3	3	0
TKFC	3	3	0
TLE1	3	3	0
TLE5	3	3	0
TLR2	3	3	0
TLR9	3	3	0
TMED10	3	3	0
TMEM177	3	3	0
TMPRSS6	3	3	0
TNFRSF13C	3	3	0
TNFSF15	3	3	0
TNKS	3	3	0
TNNC1	3	3	0
TNNC2	3	3	0
TNNI1	3	3	0
TNNI2	3	3	0
TNNI3	3	3	0
TNNT1	3	3	0
TOP2B	3	3	0
TP53BP2	3	3	0
TP73	3	3	0
TPST1	3	3	0
TPST2	3	3	0
TRBV7-9	3	3	0
TRIO	3	3	0
TRRAP	3	3	0
TSPO	3	3	0
TUFM	3	3	0
TWIST2	3	3	0
TXN	3	3	0
TXNRD1	3	3	0
UBA3	3	3	0
UBB	3	3	0
UBC	3	3	0
UBD	3	3	0
UBE2D1	3	3	0
UBE2F	3	3	0
UBE2L3	3	3	0
UBE2V1	3	3	0
UBL4A	3	3	0
UBTF	3	3	0
UCHL3	3	3	0
UIMC1	3	3	0
UNC5A	3	3	0
UQCC6	3	3	0
UQCRB	3	3	0
USF1	3	3	0
USP24	3	3	0
USP25	3	3	0
USP4	3	3	0
USP45	3	3	0
USP47	3	3	0
VAMP2	3	3	0
VAMP8	3	3	0
VASP	3	3	0
VAV1	3	3	0
VCL	3	3	0
VCP	3	3	0
VPREB3	3	3	0
VPS29	3	3	0
VPS37C	3	3	0
VPS37D	3	3	0
WAS	3	3	0
WDR18	3	3	0
WIF1	3	3	0
WIPF2	3	3	0
WNT11	3	3	0
WNT8A	3	3	0
XPO5	3	3	0
XRCC1	3	3	0
YBX1	3	3	0
YEATS4	3	3	0
YWHAE	3	3	0
YWHAQ	3	3	0
ZAP70	3	3	0
ZDHHC21	3	3	0
ZDHHC5	3	3	0
ZDHHC7	3	3	0
ZFC3H1	3	3	0
ZFHX3	3	3	0
ZFP36	3	3	0
ZNF217	3	3	0
ZNF350	3	3	0
ZNF423	3	3	0
ZNF521	3	3	0
ZW10	3	3	0
ABHD5	3	4	0
ABL1	3	4	0
ABLIM1	3	4	0
ACIN1	3	4	0
ACSS2	3	4	0
ACTG1	3	4	0
ACTG2	3	4	0
ACTL6B	3	4	0
ACTN2	3	4	0
ADAM23	3	4	0
ADAMTS5	3	4	0
ADCYAP1	3	4	0
ADD2	3	4	0
ADRB2	3	4	0
AGFG1	3	4	0
AGRN	3	4	0
AICDA	3	4	0
AIP	3	4	0
AKT1S1	3	4	0
ALK	3	4	0
ALKAL2	3	4	0
ALOX5AP	3	4	0
ALPK1	3	4	0
AMBP	3	4	0
AMN	3	4	0
ANGPT1	3	4	0
ANGPT2	3	4	0
ANKLE2	3	4	0
ANPEP	3	4	0
AP1G2	3	4	0
AP2A1	3	4	0
AP2A2	3	4	0
AP4E1	3	4	0
APBB1	3	4	0
APEX1	3	4	0
APEX2	3	4	0
APOC2	3	4	0
APOE	3	4	0
ARAP1	3	4	0
ARF1	3	4	0
ARF4	3	4	0
ARHGAP35	3	4	0
ARHGDIA	3	4	0
ARHGDIB	3	4	0
ARHGEF11	3	4	0
ARHGEF12	3	4	0
ARMC8	3	4	0
ARNT	3	4	1
ASXL2	3	4	0
ATF2	3	4	0
ATF6B	3	4	0
ATG14	3	4	0
ATG5	3	4	0
ATG9A	3	4	0
ATM	3	4	0
ATP1A4	3	4	0
ATRIP	3	4	0
AVP	3	4	0
AVPR1B	3	4	0
AXL	3	4	0
B3GALNT2	3	4	0
B4GAT1	3	4	0
BABAM1	3	4	0
BAP1	3	4	0
BCAR1	3	4	0
BCHE	3	4	0
BCKDHA	3	4	0
BCL2	3	4	0
BCL2L11	3	4	0
BDKRB1	3	4	0
BDNF	3	4	0
BICRAL	3	4	0
BIRC2	3	4	0
BLM	3	4	0
BMAL2	3	4	0
BNIP2	3	4	0
BOD1L1	3	4	0
BRIP1	3	4	0
BUB1B	3	4	0
C3	3	4	0
C5	3	4	0
C8G	3	4	0
CABIN1	3	4	0
CABLES1	3	4	0
CACNA1D	3	4	0
CACNA1E	3	4	0
CACNA1G	3	4	0
CACNA1H	3	4	0
CACNA2D2	3	4	0
CACNG3	3	4	0
CACNG4	3	4	0
CACNG6	3	4	0
CACNG7	3	4	0
CADM1	3	4	0
CALCA	3	4	0
CAMK2B	3	4	0
CAMK4	3	4	0
CANX	3	4	0
CAP2	3	4	0
CAPNS2	3	4	0
CASC3	3	4	0
CASP14	3	4	0
CASP4	3	4	0
CASP7	3	4	0
CASP9	3	4	0
CASTOR1	3	4	0
CCDC8	3	4	0
CCNA1	3	4	0
CCND1	3	4	0
CCND3	3	4	0
CCNH	3	4	0
CCR3	3	4	0
CD163	3	4	0
CD1C	3	4	0
CD209	3	4	0
CD226	3	4	0
CD36	3	4	0
CD4	3	4	0
CD40	3	4	0
CD86	3	4	0
CD8A	3	4	0
CDC42EP5	3	4	0
CDH24	3	4	0
CDK4	3	4	0
CDK5R1	3	4	0
CDKN1B	3	4	0
CDKN2B	3	4	0
CDON	3	4	0
CDSN	3	4	0
CEBPD	3	4	0
CER1	3	4	0
CFD	3	4	0
CFHR4	3	4	0
CFLAR	3	4	0
CFTR	3	4	0
CHD1L	3	4	0
CHD3	3	4	0
CHD8	3	4	0
CHEK2	3	4	0
CHUK	3	4	0
CISH	3	4	0
CKS1B	3	4	0
CLASP1	3	4	0
CLASP2	3	4	0
CLEC1B	3	4	0
CLOCK	3	4	0
CLTC	3	4	0
CNGA4	3	4	0
CNTFR	3	4	0
COL3A1	3	4	0
COLEC10	3	4	0
COMP	3	4	0
COX20	3	4	0
CPN2	3	4	0
CREB3L1	3	4	0
CREB3L3	3	4	0
CREBBP	3	4	0
CRK	3	4	0
CRKL	3	4	0
CRP	3	4	0
CSF3	3	4	0
CSF3R	3	4	0
CSK	3	4	0
CSNK1D	3	4	0
CSNK2A2	3	4	0
CSNK2A3	3	4	0
CTC1	3	4	0
CTNNA1	3	4	1
CTNNA2	3	4	0
CTNNBIP1	3	4	0
CTSC	3	4	0
CTSS	3	4	0
CTSV	3	4	0
CUL7	3	4	0
CUL9	3	4	0
CXCR4	3	4	0
CYB5R2	3	4	0
CYP11A1	3	4	0
CYSLTR2	3	4	0
CYTH2	3	4	0
DBF4	3	4	0
DBT	3	4	0
DCAF8L1	3	4	0
DCC	3	4	0
DCTN1	3	4	0
DDX5	3	4	0
DEK	3	4	0
DENND1A	3	4	0
DENND1B	3	4	0
DENND1C	3	4	0
DENND4C	3	4	0
DENND6A	3	4	0
DENND6B	3	4	0
DFFB	3	4	0
DHTKD1	3	4	0
DKK1	3	4	0
DLC1	3	4	0
DLGAP1	3	4	0
DLL3	3	4	0
DLST	3	4	0
DMC1	3	4	0
DMD	3	4	0
DNAJC6	3	4	0
DNMT3B	3	4	0
DOCK1	3	4	0
DOCK6	3	4	0
DPF1	3	4	0
DPF2	3	4	0
DPF3	3	4	0
DPY30	3	4	0
DSCAM	3	4	0
DSG2	3	4	0
DSG3	3	4	0
DUSP9	3	4	0
DYNC1H1	3	4	0
EBF2	3	4	0
EED	3	4	0
EEF1B2	3	4	0
EEF1D	3	4	0
EEF1G	3	4	0
EGR2	3	4	0
EHMT1	3	4	0
EIF2AK1	3	4	0
EIF2AK3	3	4	0
EIF4A2	3	4	0
ELAVL1	3	4	0
ELF1	3	4	0
ELF2	3	4	0
ELF3	3	4	0
ELOA2	3	4	0
ELOC	3	4	0
ENSA	3	4	0
EOMES	3	4	0
EPC1	3	4	0
EPHB2	3	4	0
EPN2	3	4	0
ERCC1	3	4	0
ERCC3	3	4	0
ERCC5	3	4	0
ERCC8	3	4	0
ESAM	3	4	0
ETS2	3	4	0
EXO1	3	4	0
F13A1	3	4	0
F2RL3	3	4	0
FANCI	3	4	0
FARP2	3	4	0
FAS	3	4	0
FBLN2	3	4	1
FBLN5	3	4	0
FBXL21P	3	4	0
FBXL3	3	4	0
FBXO5	3	4	0
FCER1G	3	4	0
FCGR2B	3	4	1
FCGR3A	3	4	0
FCN2	3	4	0
FGA	3	4	0
FGFBP1	3	4	0
FGFR1OP2	3	4	0
FKBP1A	3	4	0
FLRT1	3	4	0
FLRT2	3	4	0
FLT1	3	4	0
FMNL1	3	4	0
FOS	3	4	0
FOXK1	3	4	0
FOXK2	3	4	0
FRK	3	4	0
FRS3	3	4	0
FSTL3	3	4	0
FURIN	3	4	0
FZD4	3	4	0
GAB2	3	4	0
GAB3	3	4	0
GABARAP	3	4	0
GABARAPL2	3	4	0
GADD45A	3	4	0
GALNT1	3	4	0
GALNT2	3	4	0
GAPVD1	3	4	0
GAS6	3	4	0
GATAD2A	3	4	0
GCG	3	4	0
GDI2	3	4	0
GDNF	3	4	0
GEN1	3	4	0
GFRA4	3	4	0
GLG1	3	4	0
GLI3	3	4	0
GLP2R	3	4	0
GLRB	3	4	0
GNA11	3	4	0
GNA13	3	4	0
GNAL	3	4	0
GPNMB	3	4	0
GRB10	3	4	0
GREB1	3	4	0
GRIA3	3	4	0
GRIK1	3	4	0
GRIK5	3	4	0
GRIN1	3	4	0
GRIN2A	3	4	0
GRIN2B	3	4	0
GRM5	3	4	0
GTF2E1	3	4	0
GTSE1	3	4	0
GYG1	3	4	0
H3-4	3	4	0
HBEGF	3	4	0
HCFC2	3	4	0
HDAC6	3	4	0
HECW1	3	4	0
HEXA	3	4	0
HHIP	3	4	0
HIC1	3	4	0
HIPK1	3	4	0
HIRA	3	4	0
HLA-DOA	3	4	0
HLA-DQA2	3	4	0
HLTF	3	4	0
HNRNPC	3	4	0
HOXC11	3	4	0
HPS1	3	4	0
HPX	3	4	0
HSBP1	3	4	0
HSF1	3	4	0
HSP90AB1	3	4	0
HSPA8	3	4	0
HUS1	3	4	0
IAPP	3	4	0
ICOSLG	3	4	0
IFI44	3	4	0
IFNAR1	3	4	0
IFNLR1	3	4	0
IGFALS	3	4	0
IKZF2	3	4	0
IL10RA	3	4	0
IL12A	3	4	0
IL12B	3	4	0
IL13	3	4	0
IL15RA	3	4	0
IL18	3	4	0
IL18R1	3	4	0
IL1B	3	4	0
IL22	3	4	0
IL22RA1	3	4	0
IL22RA2	3	4	0
IL31RA	3	4	0
IL34	3	4	0
IL5	3	4	0
IL5RA	3	4	0
IL9	3	4	0
INCENP	3	4	0
INHBA	3	4	0
INSR	3	4	0
IRF4	3	4	0
IRF7	3	4	0
IRS2	3	4	0
ITGA2	3	4	0
ITGA5	3	4	0
ITGA8	3	4	0
ITGAE	3	4	0
ITGB2	3	4	0
ITGB8	3	4	0
ITPKC	3	4	0
ITPR2	3	4	0
JAG2	3	4	0
JAM2	3	4	0
JAM3	3	4	0
KARS1	3	4	0
KAT2B	3	4	0
KAT6B	3	4	0
KCNJ3	3	4	0
KCNMB4	3	4	0
KDM4C	3	4	0
KIR3DL2	3	4	0
KIRREL1	3	4	0
KL	3	4	0
KLHL12	3	4	0
KLK3	3	4	0
KNTC1	3	4	0
KRT14	3	4	0
LAG3	3	4	0
LAMA3	3	4	0
LAMA4	3	4	0
LAMC1	3	4	0
LAMP2	3	4	0
LARGE2	3	4	0
LBP	3	4	0
LFNG	3	4	0
LGI2	3	4	0
LGI3	3	4	0
LGI4	3	4	0
LGR5	3	4	0
LIG1	3	4	0
LILRB2	3	4	0
LIMD1	3	4	0
LIN7B	3	4	0
LIPE	3	4	0
LMAN1	3	4	0
LOX	3	4	0
LPCAT1	3	4	0
LPL	3	4	0
LRFN1	3	4	0
LRFN2	3	4	0
LRP2	3	4	0
LUM	3	4	0
MAD2L2	3	4	0
MAEA	3	4	0
MAFK	3	4	0
MAG	3	4	0
MAGOH	3	4	0
MAP2K1	3	4	0
MAP2K2	3	4	0
MAPK4	3	4	0
MAPK9	3	4	0
MAPKAPK2	3	4	0
MAPT	3	4	0
MARK3	3	4	0
MAX	3	4	0
MBD1	3	4	0
MBD2	3	4	0
MBD3L1	3	4	0
MBL2	3	4	0
MBOAT4	3	4	0
MCIDAS	3	4	0
MCM10	3	4	0
MCM2	3	4	0
MCM5	3	4	0
MDK	3	4	0
MDM2	3	4	0
MEAF6	3	4	0
MEF2D	3	4	0
MEN1	3	4	0
METAP1	3	4	0
METTL21A	3	4	0
MFAP5	3	4	0
MFN2	3	4	0
MGA	3	4	0
MGAT5B	3	4	0
MKLN1	3	4	0
MKNK1	3	4	0
MPHOSPH8	3	4	0
MRE11	3	4	0
MS4A2	3	4	0
MSGN1	3	4	0
MSH3	3	4	0
MSRB2	3	4	0
MSRB3	3	4	0
MT-RNR2	3	4	0
MTMR2	3	4	0
MTMR4	3	4	0
MTTP	3	4	0
MUSK	3	4	0
MVB12B	3	4	0
MYBL2	3	4	0
MYH11	3	4	0
MYLK	3	4	0
MYO19	3	4	0
MYO5A	3	4	0
MYO5B	3	4	0
MYO9B	3	4	0
NANOG	3	4	0
NAT8B	3	4	0
NBEA	3	4	0
NCAM1	3	4	0
NCK1	3	4	0
NCOA1	3	4	0
NCOR2	3	4	0
NECTIN1	3	4	0
NEDD4L	3	4	0
NEFL	3	4	0
NELFCD	3	4	0
NFKBIA	3	4	0
NFKBIE	3	4	0
NID2	3	4	0
NODAL	3	4	0
NOTCH2	3	4	0
NOTCH4	3	4	0
NOTUM	3	4	0
NOXA1	3	4	0
NPAS2	3	4	0
NPHS1	3	4	0
NPHS2	3	4	0
NPM2	3	4	0
NPRL2	3	4	0
NR1H2	3	4	0
NR2C1	3	4	0
NR2E1	3	4	0
NR2F2	3	4	0
NR5A1	3	4	0
NRG2	3	4	0
NRGN	3	4	0
NTF3	3	4	0
NUDC	3	4	0
NXF1	3	4	0
NXT1	3	4	0
OMA1	3	4	0
OPN1SW	3	4	0
ORAI1	3	4	0
OSBPL1A	3	4	0
OSM	3	4	0
P2RY1	3	4	0
PACS1	3	4	0
PAK2	3	4	0
PAPPA	3	4	0
PAPPA2	3	4	0
PARN	3	4	0
PCGF6	3	4	0
PCSK1	3	4	0
PCSK2	3	4	0
PECAM1	3	4	0
PELO	3	4	0
PELP1	3	4	0
PER1	3	4	0
PEX12	3	4	0
PEX7	3	4	0
PFN1	3	4	0
PGAM5	3	4	0
PHKA1	3	4	0
PHKG1	3	4	0
PHKG2	3	4	0
PHLPP2	3	4	0
PIAS4	3	4	0
PIDD1	3	4	0
PIK3AP1	3	4	0
PIK3C3	3	4	0
PIK3R1	3	4	0
PIK3R2	3	4	0
PKM	3	4	0
PKP1	3	4	0
PLAT	3	4	0
PLCB1	3	4	0
PLCB2	3	4	0
PLIN1	3	4	0
PLXNA4	3	4	0
PMF1	3	4	0
PNKP	3	4	0
POLDIP3	3	4	0
POLE	3	4	0
POLL	3	4	0
POMT2	3	4	0
POT1	3	4	0
POU2F2	3	4	0
PPARGC1A	3	4	0
PPFIA2	3	4	0
PPFIBP1	3	4	0
PPHLN1	3	4	0
PPID	3	4	0
PPM1A	3	4	0
PPM1K	3	4	0
PPP1CC	3	4	0
PPP2CB	3	4	0
PPP2R2A	3	4	0
PPP3R1	3	4	0
PPP6C	3	4	0
PRDX3	3	4	0
PRKG1	3	4	0
PRLR	3	4	0
PRSS1	3	4	0
PRTN3	3	4	0
PSEN1	3	4	0
PSEN2	3	4	0
PSG1	3	4	0
PSMC5	3	4	0
PTBP1	3	4	0
PTGES3	3	4	0
PTK6	3	4	0
PTPN12	3	4	0
PTPN18	3	4	0
PTPN22	3	4	0
PTPN3	3	4	1
PVR	3	4	0
PYGB	3	4	0
PYGL	3	4	0
PYGO1	3	4	0
RAB11B	3	4	0
RAB13	3	4	0
RAB1A	3	4	0
RAB3GAP1	3	4	0
RAD18	3	4	0
RAD9B	3	4	0
RALGAPA2	3	4	0
RALGAPB	3	4	0
RALGDS	3	4	0
RAMAC	3	4	0
RANBP1	3	4	0
RAP1GDS1	3	4	0
RARA	3	4	0
RASGRF2	3	4	0
RBCK1	3	4	0
RBL1	3	4	0
RBL2	3	4	0
RBM14	3	4	0
RCE1	3	4	0
RCVRN	3	4	0
REPS2	3	4	0
REST	3	4	0
REV1	3	4	0
REV3L	3	4	0
RGMB	3	4	0
RGS16	3	4	0
RHOBTB1	3	4	0
RHOH	3	4	0
RHPN1	3	4	0
RIF1	3	4	0
RIN3	3	4	0
RINT1	3	4	0
RIPK1	3	4	0
RIPK2	3	4	0
RIT1	3	4	0
RMI1	3	4	0
RND1	3	4	0
RNF123	3	4	0
RNF135	3	4	0
RNF168	3	4	0
RNF181	3	4	0
RNF41	3	4	0
RNMT	3	4	0
ROBO3	3	4	0
ROPN1	3	4	0
RORC	3	4	0
RPA3	3	4	0
RPN1	3	4	0
RPS27A	3	4	0
RPS6KA3	3	4	0
RRAGD	3	4	0
RSU1	3	4	0
RTKN	3	4	0
RTN4R	3	4	0
RUNX2	3	4	0
RXRA	3	4	0
RYBP	3	4	0
S100A8	3	4	0
S100B	3	4	0
SACK1B	3	4	0
SARM1	3	4	0
SBF2	3	4	0
SCAI	3	4	0
SCP2	3	4	0
SCRIB	3	4	0
SEC13	3	4	0
SEC23A	3	4	0
SERPINB13	3	4	0
SERPINE1	3	4	0
SETD1A	3	4	0
SETD1B	3	4	0
SETD6	3	4	0
SETD9	3	4	0
SFPQ	3	4	0
SFTPD	3	4	0
SGCD	3	4	0
SH3KBP1	3	4	0
SHANK1	3	4	0
SHANK2	3	4	0
SHARPIN	3	4	0
SHC3	3	4	0
SIPA1	3	4	0
SIPA1L1	3	4	0
SIRPB1	3	4	0
SKIC8	3	4	0
SKIL	3	4	0
SLX4	3	4	0
SMARCB1	3	4	0
SMARCC1	3	4	0
SMARCE1	3	4	0
SMPD1	3	4	0
SMPD2	3	4	0
SMPD3	3	4	0
SMUG1	3	4	0
SNAP25	3	4	0
SOS2	3	4	0
SOX9	3	4	0
SPP1	3	4	0
SSPN	3	4	0
SSRP1	3	4	0
STAT5A	3	4	0
STAT5B	3	4	0
STK4	3	4	0
STN1	3	4	0
STPG4	3	4	0
STRADA	3	4	0
STRN	3	4	0
STX10	3	4	0
STXBP3	3	4	0
SUMO1	3	4	0
SUMO2	3	4	0
SUMO3	3	4	0
SUPT16H	3	4	0
SUPT4H1	3	4	0
SURF4	3	4	0
TASL	3	4	0
TASOR	3	4	0
TASP1	3	4	0
TBC1D10A	3	4	0
TBC1D4	3	4	0
TCF7L1	3	4	0
TEAD1	3	4	0
TEAD2	3	4	0
TEC	3	4	0
TEN1	3	4	0
TENT4A	3	4	0
TESK1	3	4	0
TFAM	3	4	0
TFAP2C	3	4	0
TGFB2	3	4	0
TGIF1	3	4	0
TIAM1	3	4	0
TIMELESS	3	4	0
TIPIN	3	4	0
TJP2	3	4	0
TLE2	3	4	0
TLE4	3	4	0
TLN1	3	4	0
TLR1	3	4	0
TLR3	3	4	0
TLR4	3	4	0
TLR6	3	4	0
TMED2	3	4	0
TNFRSF12A	3	4	0
TNFRSF6B	3	4	0
TNFSF14	3	4	0
TNIP3	3	4	0
TNRC6A	3	4	0
TP53INP1	3	4	0
TRADD	3	4	0
TREM1	3	4	0
TRIM25	3	4	0
TRIM33	3	4	0
TRPC7	3	4	0
TSNAX	3	4	0
TSPAN5	3	4	0
TXLNA	3	4	0
UBA7	3	4	0
UBAP1	3	4	0
UBE2B	3	4	0
UBE2D3	3	4	0
UBE2L6	3	4	0
UBE2M	3	4	0
UBE2T	3	4	0
UFD1	3	4	0
UNC13B	3	4	0
UNC93B1	3	4	0
UNG	3	4	0
UPF3B	3	4	0
UQCC2	3	4	0
UQCRFS1	3	4	0
USE1	3	4	0
USP11	3	4	0
USP13	3	4	0
USP30	3	4	0
USP44	3	4	0
UTRN	3	4	0
VAMP3	3	4	0
VCAM1	3	4	0
VEGFC	3	4	0
VPREB1	3	4	0
VPS37A	3	4	0
VPS37B	3	4	0
VRK3	3	4	0
VTI1A	3	4	0
WASL	3	4	0
WDR48	3	4	0
WDR5	3	4	0
WIPF3	3	4	0
WIPI2	3	4	0
WNT5A	3	4	0
WNT8B	3	4	0
WNT9A	3	4	0
WT1	3	4	0
WTAP	3	4	0
WWC1	3	4	0
XPO1	3	4	0
XRCC3	3	4	0
XRCC4	3	4	0
XRCC5	3	4	0
XRCC6	3	4	0
YAF2	3	4	0
YKT6	3	4	0
ZBTB35	3	4	0
ZDHHC2	3	4	0
ZFPM2	3	4	0
ZFYVE16	3	4	0
ZFYVE9	3	4	0
ZMYND8	3	4	0
ZNF532	3	4	0
ZNF598	3	4	0
ZNF93	3	4	0
ZRANB1	3	4	0
AAMP	4	0	0
AATF	4	0	0
ABHD17A	4	0	0
ABL1	4	0	0
ABRAXAS2	4	0	0
ACBD3	4	0	0
ACE2	4	0	0
ACOX1	4	0	0
ACSS2	4	0	0
ACTL6B	4	0	0
ADAM11	4	0	0
ADAM12	4	0	0
ADAMTS5	4	0	0
ADNP2	4	0	0
AFDN	4	0	1
AGAP2	4	0	0
AGER	4	0	0
AGO2	4	0	0
AGPS	4	0	0
AGRN	4	0	0
AKAP10	4	0	0
AKAP8L	4	0	0
AKT1S1	4	0	0
ALKAL2	4	0	0
ALYREF	4	0	0
ANGPT1	4	0	0
ANGPT2	4	0	0
AP1G2	4	0	0
AP2A2	4	0	0
AP2B1	4	0	0
APH1A	4	0	0
ARC	4	0	0
ARF4	4	0	0
ARHGEF1	4	0	0
ARHGEF11	4	0	0
ARHGEF28	4	0	0
ARHGEF6	4	0	0
ARL13B	4	0	0
ARMC8	4	0	0
ARNT	4	0	1
ARNT2	4	0	0
ARRB1	4	0	0
ASH2L	4	0	0
ATF5	4	0	0
ATP1B4	4	0	0
BACH1	4	0	0
BAIAP2	4	0	0
BANP	4	0	0
BARD1	4	0	0
BATF	4	0	0
BCAP31	4	0	0
BCKDHB	4	0	0
BCL2L1	4	0	0
BCR	4	0	0
BDKRB1	4	0	0
BICD1	4	0	0
BICRAL	4	0	0
BIRC2	4	0	0
BLK	4	0	0
BMAL2	4	0	0
BMPR1A	4	0	0
BMPR1B	4	0	0
BNIP1	4	0	0
BOC	4	0	0
BRCA2	4	0	0
BTC	4	0	0
C1QB	4	0	0
C1R	4	0	0
C5	4	0	0
C8A	4	0	0
C8G	4	0	0
CAB39	4	0	0
CACNA1A	4	0	0
CACNA1C	4	0	0
CACNA2D2	4	0	0
CACNB2	4	0	0
CACNG2	4	0	0
CACNG3	4	0	0
CACNG4	4	0	0
CACNG8	4	0	0
CAP1	4	0	0
CAPN1	4	0	0
CAPZA1	4	0	0
CAPZA3	4	0	0
CARD11	4	0	0
CASK	4	0	0
CASP4	4	0	0
CAST	4	0	0
CASTOR1	4	0	0
CBLL1	4	0	0
CBX1	4	0	0
CCAR2	4	0	0
CCDC8	4	0	0
CCDC88C	4	0	0
CCL16	4	0	0
CCNA2	4	0	0
CCNB2	4	0	0
CCND1	4	0	0
CCNE1	4	0	0
CD1D	4	0	0
CD24	4	0	0
CD34	4	0	0
CD4	4	0	0
CD79A	4	0	0
CD8B	4	0	0
CD96	4	0	0
CDC14A	4	0	0
CDC6	4	0	0
CDH1	4	0	0
CDK12	4	0	0
CDK2AP2	4	0	0
CDKN2A	4	0	0
CDON	4	0	0
CEBPA	4	0	0
CEBPB	4	0	0
CEP43	4	0	0
CER1	4	0	0
CFC1	4	0	0
CFL1	4	0	0
CFLAR	4	0	0
CFP	4	0	0
CHP1	4	0	0
CITED1	4	0	0
CLEC1B	4	0	0
CLEC4C	4	0	0
CLIP1	4	0	0
CLTCL1	4	0	0
CNGA1	4	0	0
COL3A1	4	0	0
COMMD1	4	0	0
COPB2	4	0	0
COPE	4	0	0
COPRS	4	0	0
COPZ2	4	0	0
CRABP2	4	0	0
CSF2RA	4	0	0
CSH1	4	0	0
CSNK1A1	4	0	0
CTBP2	4	0	0
CTDP1	4	0	0
CTF1	4	0	0
CTLA4	4	0	0
CTNNA1	4	0	1
CTRB1	4	0	0
CTSC	4	0	0
CTSG	4	0	0
CTSZ	4	0	0
CUL3	4	0	0
CUL4B	4	0	0
CUL9	4	0	0
CYB5RL	4	0	0
CYBA	4	0	0
CYCS	4	0	0
CYSLTR1	4	0	0
DBT	4	0	0
DCAF8L2	4	0	0
DCTN3	4	0	0
DDB2	4	0	0
DDX5	4	0	0
DENND4C	4	0	0
DERL2	4	0	0
DFFA	4	0	0
DIAPH2	4	0	0
DLG4	4	0	0
DLL1	4	0	0
DLL3	4	0	0
DLST	4	0	0
DMPK	4	0	0
DNAL4	4	0	0
DNER	4	0	0
DNM2	4	0	0
DNMT3L	4	0	0
DOCK6	4	0	0
DOCK9	4	0	0
DPF2	4	0	0
DPH1	4	0	0
DPH7	4	0	0
DRP2	4	0	0
DSG2	4	0	0
DUS2	4	0	0
DUSP3	4	0	0
DUSP7	4	0	0
DYNC1LI2	4	0	0
DYNLL2	4	0	0
EEF1B2	4	0	0
EEF1G	4	0	0
EEF2	4	0	0
EEF2K	4	0	0
EGFR	4	0	0
EGR1	4	0	0
EHD1	4	0	0
EHD3	4	0	0
EHMT1	4	0	0
EHMT2	4	0	0
EIF2AK3	4	0	0
EIF2S3	4	0	0
EIF4A2	4	0	0
EIF4G1	4	0	0
EIF4G2	4	0	0
ELN	4	0	0
EML4	4	0	0
EPRS1	4	0	0
EPS15	4	0	0
ERCC6	4	0	0
ERN1	4	0	0
ERO1A	4	0	0
ESR1	4	0	0
ESRRA	4	0	0
F10	4	0	0
F2RL3	4	0	0
F9	4	0	0
FABP5	4	0	0
FAS	4	0	0
FASLG	4	0	0
FBXL21P	4	0	0
FBXO5	4	0	0
FCER1A	4	0	0
FCN2	4	0	0
FDX2	4	0	0
FDXR	4	0	0
FERMT2	4	0	0
FGF22	4	0	0
FGF23	4	0	0
FGFR1	4	0	0
FGFR2	4	0	0
FGFR3	4	0	0
FILIP1	4	0	0
FNTB	4	0	0
FOXD3	4	0	0
FOXG1	4	0	0
FOXL2	4	0	0
FOXM1	4	0	0
FOXO1	4	0	0
FRK	4	0	0
FURIN	4	0	0
FZD1	4	0	0
FZD3	4	0	0
FZD4	4	0	0
FZD5	4	0	0
FZR1	4	0	0
GAB1	4	0	0
GABRB1	4	0	0
GABRG2	4	0	0
GALNT1	4	0	0
GALNT3	4	0	0
GAS1	4	0	0
GBA1	4	0	0
GBP5	4	0	0
GCC2	4	0	0
GCSH	4	0	0
GDNF	4	0	0
GET1	4	0	0
GFAP	4	0	0
GFRA4	4	0	0
GGCX	4	0	0
GHRL	4	0	0
GINS1	4	0	0
GINS2	4	0	0
GIPR	4	0	0
GLB1	4	0	0
GLG1	4	0	0
GLRA1	4	0	0
GNAI2	4	0	0
GNAZ	4	0	0
GNPAT	4	0	0
GOLGA7	4	0	0
GORASP1	4	0	0
GPC5	4	0	0
GPER1	4	0	0
GPR37	4	0	0
GPS2	4	0	0
GRAP	4	0	0
GRAP2	4	0	0
GRIK2	4	0	0
GRIK3	4	0	0
GRIN3A	4	0	0
GRK4	4	0	0
GSN	4	0	0
GTF2A1	4	0	0
GTSE1	4	0	0
GYG1	4	0	0
GYS1	4	0	0
GZMB	4	0	0
H1-8	4	0	0
HBS1L	4	0	0
HDAC2	4	0	0
HDAC3	4	0	0
HDAC6	4	0	0
HDAC7	4	0	0
HECW1	4	0	0
HES1	4	0	0
HEXB	4	0	0
HGFAC	4	0	0
HIC1	4	0	0
HIVEP3	4	0	0
HJV	4	0	0
HLA-DMB	4	0	0
HLA-DOA	4	0	0
HLA-DQA1	4	0	1
HLA-DQA2	4	0	0
HLA-E	4	0	0
HMGA1	4	0	0
HNRNPC	4	0	0
HNRNPK	4	0	0
HOMER2	4	0	0
HOMER3	4	0	0
HOXC8	4	0	0
HP	4	0	0
HPS1	4	0	0
HPS4	4	0	0
HSP90AA1	4	0	0
HSPA1B	4	0	0
HSPA5	4	0	0
HTRA1	4	0	0
HTT	4	0	0
ICAM3	4	0	0
ICOS	4	0	0
IFNG	4	0	0
IFNGR1	4	0	0
IFNL2	4	0	0
IGF1	4	0	0
IGF2	4	0	0
IGFBP5	4	0	0
IGHA1	4	0	0
IGHA2	4	0	0
IGHG1	4	0	0
IL12RB1	4	0	0
IL13RA2	4	0	0
IL15RA	4	0	0
IL18BP	4	0	0
IL18R1	4	0	0
IL19	4	0	0
IL1A	4	0	0
IL1B	4	0	0
IL22	4	0	0
IL22RA1	4	0	0
IL23R	4	0	0
IL36B	4	0	0
ILF3	4	0	0
IMPACT	4	0	0
INHA	4	0	0
INSIG2	4	0	0
IRF5	4	0	0
IRS2	4	0	0
ITCH	4	0	0
ITGAV	4	0	0
ITGB2	4	0	0
ITGB3BP	4	0	0
ITGB4	4	0	0
ITPKB	4	0	0
ITPR1	4	0	0
IZUMO1	4	0	0
JADE1	4	0	0
JAG1	4	0	0
JAG2	4	0	0
JARID2	4	0	0
KAT6B	4	0	0
KCNJ2	4	0	0
KCNJ5	4	0	0
KCNMB2	4	0	0
KDM5B	4	0	0
KGD4	4	0	0
KHDRBS2	4	0	0
KIF5A	4	0	0
KIR2DS5	4	0	0
KIR3DL1	4	0	0
KLK12	4	0	0
KLRC2	4	0	0
KLRD1	4	0	0
KMT2A	4	0	0
KPTN	4	0	0
KRT5	4	0	0
L1CAM	4	0	0
L3MBTL2	4	0	0
LAMA3	4	0	0
LAMC1	4	0	0
LAT	4	0	0
LCE3D	4	0	0
LEF1	4	0	0
LEFTY1	4	0	0
LEFTY2	4	0	0
LGR6	4	0	0
LIG1	4	0	0
LIMS2	4	0	0
LINGO1	4	0	0
LOXL1	4	0	0
LPIN1	4	0	0
LPL	4	0	0
LRP1	4	0	0
LRP2	4	0	0
LRRK2	4	0	0
LTF	4	0	0
LY96	4	0	0
MAF	4	0	0
MAFB	4	0	0
MAFK	4	0	0
MAG	4	0	0
MAP1LC3B	4	0	0
MAP2K3	4	0	0
MAP3K3	4	0	0
MAP3K5	4	0	0
MAP3K7	4	0	0
MAPK3	4	0	0
MAPKAPK5	4	0	0
MAPRE1	4	0	0
MBTPS1	4	0	0
MC1R	4	0	0
MCM4	4	0	0
MCM8	4	0	0
MDC1	4	0	0
MEAF6	4	0	0
MEF2C	4	0	0
METAP2	4	0	0
MFAP4	4	0	0
MGAT5B	4	0	0
MIA2	4	0	0
MIS12	4	0	0
MMP15	4	0	0
MMP3	4	0	0
MOB1A	4	0	0
MPHOSPH6	4	0	0
MPHOSPH8	4	0	0
MPIG6B	4	0	0
MPST	4	0	0
MRAS	4	0	0
MS4A2	4	0	0
MSRA	4	0	0
MST1	4	0	0
MST1R	4	0	0
MT-CO2	4	0	0
MTA2	4	0	0
MTF2	4	0	0
MTMR2	4	0	0
MTRES1	4	0	0
MUC20	4	0	0
MUS81	4	0	0
MUTYH	4	0	0
MYL12A	4	0	0
MYL12B	4	0	0
MYO10	4	0	0
MYOD1	4	0	0
N4BP1	4	0	0
NAB1	4	0	0
NCBP2	4	0	0
NCF1	4	0	0
NCF4	4	0	0
NCK2	4	0	0
NCOA6	4	0	0
NCR2	4	0	0
NEDD4	4	0	0
NELFCD	4	0	0
NELFE	4	0	0
NF1	4	0	0
NF2	4	0	0
NFKB1	4	0	0
NGEF	4	0	0
NID2	4	0	0
NLRP3	4	0	0
NODAL	4	0	0
NOTCH2NLA	4	0	0
NOTCH3	4	0	0
NPLOC4	4	0	0
NPRL2	4	0	0
NR1H2	4	0	0
NR2E1	4	0	0
NR3C2	4	0	0
NR4A1	4	0	0
NR5A2	4	0	0
NRAS	4	0	0
NRGN	4	0	0
NRP2	4	0	0
NTN1	4	0	0
NTN3	4	0	0
NTRK3	4	0	0
NUAK1	4	0	0
OBI1	4	0	0
OGG1	4	0	0
ORC1	4	0	0
OTUD5	4	0	0
OTUD7B	4	0	0
P2RY1	4	0	0
P2RY12	4	0	0
P4HA2	4	0	0
PABPC1	4	0	0
PACS1	4	0	0
PAFAH1B1	4	0	0
PAQR3	4	0	0
PARD6B	4	0	0
PAXIP1	4	0	0
PCBP2	4	0	0
PCOLCE	4	0	0
PDCD6IP	4	0	0
PDE6A	4	0	0
PDGFRA	4	0	0
PEX5	4	0	0
PEX7	4	0	0
PGGT1B	4	0	0
PGR	4	0	0
PHF10	4	0	0
PHF19	4	0	0
PHF6	4	0	0
PHKA2	4	0	0
PHKB	4	0	0
PHKG2	4	0	0
PIK3CD	4	0	0
PIK3R1	4	0	0
PIK3R2	4	0	0
PIK3R4	4	0	0
PIN1	4	0	0
PKD1	4	0	0
PKM	4	0	0
PLCG1	4	0	0
PLEC	4	0	0
PLG	4	0	0
PLIN1	4	0	0
PLK3	4	0	0
PMEPA1	4	0	0
PODXL2	4	0	0
POFUT1	4	0	0
POLD4	4	0	0
POLG	4	0	0
POLI	4	0	0
POLL	4	0	0
POLM	4	0	0
POMK	4	0	0
POU3F1	4	0	0
PPM1A	4	0	0
PPM1B	4	0	0
PPP1CA	4	0	0
PPP1R15A	4	0	0
PPP2CB	4	0	0
PPP3CA	4	0	0
PPP3CB	4	0	0
PPP4R2	4	0	0
PPP6C	4	0	0
PRC1	4	0	0
PRCP	4	0	0
PRDM1	4	0	0
PRKCSH	4	0	0
PRM2	4	0	0
PROZ	4	0	0
PRSS3	4	0	0
PRSS8	4	0	0
PSG1	4	0	0
PSMD14	4	0	0
PSMD6	4	0	0
PTCH1	4	0	0
PTK2B	4	0	0
PTP4A2	4	0	0
PTPN7	4	0	0
PTPRA	4	0	0
PTPRF	4	0	0
PTPRU	4	0	0
PTTG1	4	0	0
PXN	4	0	0
PYGB	4	0	0
PYGO1	4	0	0
PYGO2	4	0	0
RAB11B	4	0	0
RAB3A	4	0	0
RAB3GAP1	4	0	0
RAB5C	4	0	0
RACGAP1	4	0	0
RAD23B	4	0	0
RAD51	4	0	0
RAD51C	4	0	0
RAMP1	4	0	0
RANBP10	4	0	0
RANBP2	4	0	0
RAP1B	4	0	1
RAPGEF1	4	0	0
RAPGEF3	4	0	0
RARB	4	0	0
RASGRF1	4	0	0
RASGRP3	4	0	0
RB1CC1	4	0	0
RBBP7	4	0	0
RCCD1	4	0	0
RELN	4	0	0
REPS2	4	0	0
REV3L	4	0	0
RGL1	4	0	0
RGP1	4	0	0
RGS17	4	0	0
RGS20	4	0	0
RHOA	4	0	0
RHOB	4	0	0
RHOC	4	0	0
RHOF	4	0	0
RHOH	4	0	0
RHOU	4	0	0
RIC1	4	0	0
RIMS1	4	0	0
RIN3	4	0	0
RING1	4	0	0
RIPPLY2	4	0	0
RIT1	4	0	0
RMND5A	4	0	0
RNF128	4	0	0
RNF41	4	0	0
RNF43	4	0	0
ROCK1	4	0	0
RORC	4	0	0
RPA3	4	0	0
RPN2	4	0	0
RPS6KA1	4	0	0
RPS6KA5	4	0	0
RRAGD	4	0	0
RRM2	4	0	0
RSU1	4	0	0
RXRA	4	0	0
S100B	4	0	0
SAFB	4	0	0
SAG	4	0	0
SARM1	4	0	0
SATB2	4	0	0
SBF1	4	0	0
SCP2	4	0	0
SCUBE1	4	0	0
SEC16A	4	0	0
SEC16B	4	0	0
SEC23IP	4	0	0
SEC24B	4	0	0
SELP	4	0	0
SEMA4D	4	0	0
SERPINA1	4	0	0
SERPINB2	4	0	0
SERPINC1	4	0	0
SESN2	4	0	0
SETD6	4	0	0
SFRP2	4	0	0
SFTA3	4	0	0
SGCA	4	0	0
SGCD	4	0	0
SGK1	4	0	0
SGK3	4	0	0
SGO1	4	0	0
SHANK3	4	0	0
SHC1	4	0	0
SIGLEC15	4	0	0
SIPA1L1	4	0	0
SKIL	4	0	0
SLA	4	0	0
SLA2	4	0	0
SLC16A1	4	0	0
SLC9A1	4	0	0
SLIT1	4	0	0
SMARCD1	4	0	0
SMARCD3	4	0	0
SMPD3	4	0	0
SMUG1	4	0	0
SMURF1	4	0	0
SNAP25	4	0	0
SNCA	4	0	0
SOCS2	4	0	0
SOS1	4	0	0
SOST	4	0	0
SPAG9	4	0	0
SPC25	4	0	0
SPIDR	4	0	0
SPOP	4	0	0
SQSTM1	4	0	0
SRMS	4	0	0
SRRT	4	0	0
SRXN1	4	0	0
STAMBP	4	0	0
STARD10	4	0	0
STAT2	4	0	0
STAT6	4	0	0
STIP1	4	0	0
STK26	4	0	0
STRADA	4	0	0
STT3A	4	0	0
STX1B	4	0	0
SUDS3	4	0	0
SUGT1	4	0	0
SUMO1	4	0	0
SUPT5H	4	0	0
SUV39H1	4	0	0
SUZ12	4	0	0
SYTL2	4	0	0
TACC3	4	0	0
TANK	4	0	0
TAPBP	4	0	0
TASOR	4	0	0
TAX1BP3	4	0	0
TBC1D3	4	0	0
TBL1XR1	4	0	0
TBP	4	0	0
TBX5	4	0	0
TBXA2R	4	0	0
TBXT	4	0	0
TCN2	4	0	0
TENT4B	4	0	0
TERT	4	0	0
TET3	4	0	0
TEX10	4	0	0
TFAP2B	4	0	0
TFDP2	4	0	0
TGFB2	4	0	0
THBS3	4	0	0
THRA	4	0	0
TICAM2	4	0	0
TLE2	4	0	0
TLE5	4	0	0
TLR10	4	0	0
TLR4	4	0	0
TLR8	4	0	0
TNC	4	0	0
TNFRSF11B	4	0	0
TNFRSF14	4	0	0
TNFRSF1B	4	0	0
TNFSF10	4	0	0
TNFSF13	4	0	0
TNKS	4	0	0
TNKS2	4	0	0
TNPO1	4	0	0
TNRC6C	4	0	0
TOLLIP	4	0	0
TOP2A	4	0	0
TP53BP1	4	0	0
TRAF2	4	0	0
TRAF3	4	0	0
TRAT1	4	0	0
TRAV19	4	0	0
TRAV29DV5	4	0	0
TRIB3	4	0	0
TRIM27	4	0	0
TRIM4	4	0	0
TRPC3	4	0	0
TRPC5	4	0	0
TSC1	4	0	0
TSC22D3	4	0	0
TSNAX	4	0	0
TSPO	4	0	0
TTC5	4	0	0
TXN	4	0	0
TXNRD1	4	0	0
TYROBP	4	0	0
UBD	4	0	0
UBE2L6	4	0	0
UFD1	4	0	0
UNC5D	4	0	0
UNG	4	0	0
UPF3A	4	0	0
UQCC5	4	0	0
UQCRQ	4	0	0
USF1	4	0	0
USP1	4	0	0
USP14	4	0	0
USP25	4	0	0
USP37	4	0	0
USP4	4	0	0
USP45	4	0	0
USP5	4	0	0
VAMP2	4	0	0
VAMP8	4	0	0
VAV3	4	0	0
VEGFA	4	0	0
VEGFD	4	0	0
VENTX	4	0	0
VIM	4	0	0
VPREB1	4	0	0
VPREB3	4	0	0
VPS25	4	0	0
VPS28	4	0	0
VPS36	4	0	0
VPS37D	4	0	0
VPS45	4	0	0
VPS51	4	0	0
VPS54	4	0	0
VRK3	4	0	0
VTI1A	4	0	0
WDR18	4	0	0
WDR5	4	0	0
WIPF2	4	0	0
WIPI2	4	0	0
WNT3	4	0	0
WNT3A	4	0	0
WWC1	4	0	0
XRCC6	4	0	0
YOD1	4	0	0
ZAP70	4	0	0
ZBTB35	4	0	0
ZC3H18	4	0	0
ZC3H4	4	0	0
ZFP36L1	4	0	0
ZNF423	4	0	0
ZNF827	4	0	0
ZNRF3	4	0	0
ZRANB1	4	0	0
ABHD5	4	1	0
ACIN1	4	1	0
ACTN1	4	1	0
ACTN3	4	1	0
ACVR2A	4	1	0
ADAM10	4	1	0
ADAM2	4	1	0
ADAM23	4	1	0
ADAM30	4	1	0
ADCYAP1R1	4	1	0
ADD2	4	1	0
ADORA2B	4	1	0
ADRA2A	4	1	0
ADRA2B	4	1	0
AEBP2	4	1	0
AGT	4	1	0
AGTR1	4	1	0
AIM2	4	1	0
AIP	4	1	0
AKAP1	4	1	0
AKAP5	4	1	0
AKT1	4	1	0
ALB	4	1	0
AMOT	4	1	0
AMOTL1	4	1	0
AMOTL2	4	1	0
ANK3	4	1	0
ANKLE2	4	1	0
ANKRD28	4	1	0
ANOS1	4	1	0
ANTXR2	4	1	0
AP1M2	4	1	0
AP1S3	4	1	0
AP4B1	4	1	0
APEX1	4	1	0
APOBR	4	1	0
APP	4	1	0
ARF1	4	1	0
ARF3	4	1	0
ARFGAP1	4	1	0
ARHGDIG	4	1	0
ARHGEF25	4	1	0
ARIH1	4	1	0
ARPP19	4	1	0
ARRB2	4	1	0
ASXL2	4	1	0
ATF6	4	1	0
ATF7IP	4	1	0
ATG14	4	1	0
ATG7	4	1	0
ATP1A2	4	1	0
ATP1B1	4	1	0
ATRX	4	1	0
ATXN3	4	1	0
AXIN1	4	1	0
AXL	4	1	0
B3GALNT2	4	1	0
B4GALT1	4	1	0
BABAM2	4	1	0
BAG4	4	1	0
BAG6	4	1	0
BAZ2A	4	1	0
BCKDHA	4	1	0
BCL9	4	1	0
BDKRB2	4	1	0
BDNF	4	1	0
BDP1	4	1	0
BET1L	4	1	0
BID	4	1	0
BMAL1	4	1	0
BMI1	4	1	0
BMP2	4	1	0
BNIP2	4	1	0
BOD1L1	4	1	0
BRD2	4	1	0
BRD9	4	1	0
BRIP1	4	1	0
BSG	4	1	0
BSN	4	1	0
BTLA	4	1	0
BUB1B	4	1	0
BUB3	4	1	0
CAB39L	4	1	0
CABIN1	4	1	0
CACNB1	4	1	0
CACNG7	4	1	0
CADM1	4	1	0
CALM2	4	1	0
CALR	4	1	0
CAMK2A	4	1	0
CAMKK2	4	1	0
CANX	4	1	0
CARM1	4	1	0
CARMIL1	4	1	0
CASC3	4	1	0
CASP1	4	1	0
CASP2	4	1	0
CCNB1	4	1	0
CCNE2	4	1	0
CCNG1	4	1	0
CCNH	4	1	0
CCNK	4	1	0
CCNT1	4	1	0
CCNT2	4	1	0
CD1A	4	1	0
CD22	4	1	0
CD226	4	1	0
CD2AP	4	1	0
CD300E	4	1	0
CD300LB	4	1	0
CD40	4	1	0
CD44	4	1	0
CD79B	4	1	0
CD8A	4	1	0
CD9	4	1	0
CDC14B	4	1	0
CDC20	4	1	0
CDC25B	4	1	0
CDC37	4	1	0
CDCA5	4	1	0
CDH19	4	1	0
CDK5R1	4	1	0
CDK7	4	1	0
CDT1	4	1	0
CHD1L	4	1	0
CHD2	4	1	0
CHM	4	1	0
CHMP2A	4	1	0
CISH	4	1	0
CITED2	4	1	0
CKAP4	4	1	0
CLASP2	4	1	0
CLOCK	4	1	0
CLTA	4	1	0
CLTC	4	1	0
CMA1	4	1	0
CNGA2	4	1	0
CNTNAP1	4	1	0
COL1A2	4	1	0
COLEC10	4	1	0
COPA	4	1	0
COPG1	4	1	0
CPE	4	1	0
CPSF6	4	1	0
CR2	4	1	0
CREB3L1	4	1	0
CRTAM	4	1	0
CRTC2	4	1	0
CRTC3	4	1	0
CSF2	4	1	0
CSF3	4	1	0
CSK	4	1	0
CSNK2A1	4	1	0
CSTF2	4	1	0
CSTF2T	4	1	0
CSTF3	4	1	0
CTBP1	4	1	0
CTCF	4	1	0
CTSL	4	1	0
CUL7	4	1	0
CUX1	4	1	0
CXCL12	4	1	0
CXXC4	4	1	0
CYB5R4	4	1	0
CYBB	4	1	0
CYSLTR2	4	1	0
CYTH3	4	1	0
DAAM1	4	1	0
DAPK1	4	1	0
DAPP1	4	1	0
DBF4	4	1	0
DCAF8L1	4	1	0
DCC	4	1	0
DCTN1	4	1	0
DCTN2	4	1	0
DCUN1D3	4	1	0
DCX	4	1	0
DDB1	4	1	0
DDIT3	4	1	0
DENND4B	4	1	0
DENND6B	4	1	0
DHTKD1	4	1	0
DICER1	4	1	0
DLG2	4	1	0
DMC1	4	1	0
DNAJA1	4	1	0
DNAJA2	4	1	0
DNAJA4	4	1	0
DOCK1	4	1	0
DOCK8	4	1	0
DPF1	4	1	0
DPH5	4	1	0
DPP4	4	1	0
DPPA3	4	1	0
DPY30	4	1	0
DTNB	4	1	0
DUSP6	4	1	0
DUSP9	4	1	0
DVL1	4	1	0
DYNC1I2	4	1	0
E2F1	4	1	0
E2F5	4	1	0
E2F6	4	1	0
EEF1D	4	1	0
EFNB2	4	1	0
EGLN1	4	1	0
EIF2AK2	4	1	0
EIF2S1	4	1	0
EIF4A3	4	1	0
EIF4E3	4	1	0
ELOB	4	1	0
EMD	4	1	0
EP300	4	1	0
EPB41L5	4	1	0
EPO	4	1	0
EPOP	4	1	0
EPOR	4	1	0
ERBB4	4	1	0
ESAM	4	1	0
ESCO2	4	1	0
ETS2	4	1	0
EYA3	4	1	0
F11	4	1	0
F13A1	4	1	0
F13B	4	1	0
F2	4	1	0
F2R	4	1	0
F5	4	1	0
F8	4	1	0
FARP2	4	1	0
FBLN1	4	1	0
FBXL5	4	1	0
FBXW11	4	1	0
FCGR2B	4	1	1
FCN1	4	1	0
FGB	4	1	0
FGF10	4	1	0
FGF6	4	1	0
FGF7	4	1	0
FGG	4	1	0
FIRRM	4	1	0
FKBP1A	4	1	0
FKBP6	4	1	0
FKBPL	4	1	0
FLOT1	4	1	0
FLOT2	4	1	0
FLRT2	4	1	0
FLT1	4	1	0
FLT4	4	1	0
FMOD	4	1	0
FOXH1	4	1	0
FOXK1	4	1	0
FOXO4	4	1	0
FOXP3	4	1	0
FRAT1	4	1	0
GABBR2	4	1	0
GAS2	4	1	0
GATA6	4	1	0
GBP1	4	1	0
GCG	4	1	0
GEN1	4	1	0
GFRA3	4	1	0
GGA1	4	1	0
GHR	4	1	0
GID8	4	1	0
GIP	4	1	0
GIT1	4	1	0
GLDC	4	1	0
GLRA2	4	1	0
GLRA3	4	1	0
GNA11	4	1	0
GNA14	4	1	0
GNAI1	4	1	0
GNAI3	4	1	0
GNAO1	4	1	0
GNAQ	4	1	0
GNAS	4	1	0
GNG13	4	1	0
GNGT1	4	1	0
GOSR2	4	1	0
GPR37L1	4	1	0
GPX8	4	1	0
GRB7	4	1	0
GRK3	4	1	0
GRK6	4	1	0
GTF2E1	4	1	0
GTF2E2	4	1	0
GYG2	4	1	0
GYS2	4	1	0
H2AC6	4	1	0
HDAC4	4	1	1
HERC2	4	1	0
HEY1	4	1	0
HEY2	4	1	0
HGF	4	1	0
HHIP	4	1	0
HIF3A	4	1	0
HIPK2	4	1	0
HLA-C	4	1	1
HLA-DRA	4	1	0
HLTF	4	1	0
HMGB1	4	1	0
HNRNPU	4	1	0
HRG	4	1	0
HSBP1	4	1	0
HSPA1A	4	1	0
HSPA8	4	1	0
HSPH1	4	1	0
IFI44	4	1	0
IFIT1	4	1	0
IFITM1	4	1	0
IFNL1	4	1	0
IFT20	4	1	0
IGF1R	4	1	0
IGF2R	4	1	0
IGFALS	4	1	0
IGFBP1	4	1	0
IGFBP4	4	1	0
IGHD	4	1	0
IGHE	4	1	0
IKBIP	4	1	0
IKZF1	4	1	0
IL11	4	1	0
IL11RA	4	1	0
IL12A	4	1	0
IL12RB2	4	1	0
IL15	4	1	0
IL16	4	1	0
IL18	4	1	0
IL20RB	4	1	0
IL22RA2	4	1	0
IL2RB	4	1	0
IL2RG	4	1	0
IL34	4	1	0
IL36R	4	1	0
IL38	4	1	0
IL4	4	1	0
IL4R	4	1	0
IL6ST	4	1	0
ILK	4	1	0
ING5	4	1	0
IPO8	4	1	0
IRAG1	4	1	0
IRAK1	4	1	0
IRAK2	4	1	0
IRF7	4	1	0
ITGA10	4	1	0
ITGA3	4	1	0
ITGA5	4	1	0
ITGAD	4	1	0
ITGB3	4	1	0
ITGB5	4	1	0
ITGB7	4	1	0
ITPKA	4	1	0
ITPR2	4	1	0
JUND	4	1	0
JUP	4	1	0
KARS1	4	1	0
KCNJ3	4	1	0
KCNQ3	4	1	0
KDM4A	4	1	0
KDM4B	4	1	0
KDM6A	4	1	0
KHSRP	4	1	0
KICS2	4	1	0
KIF20A	4	1	0
KIF3C	4	1	0
KIF4A	4	1	0
KIF4B	4	1	0
KIR2DL1	4	1	0
KIR2DL3	4	1	0
KIR2DS1	4	1	0
KIT	4	1	0
KITLG	4	1	0
KL	4	1	0
KLK5	4	1	0
KLRG1	4	1	0
KMT2C	4	1	0
KNG1	4	1	0
KNL1	4	1	1
KPNA6	4	1	0
KPNB1	4	1	0
KTN1	4	1	0
LBP	4	1	0
LCAT	4	1	0
LDB1	4	1	0
LGI1	4	1	0
LGI3	4	1	0
LIMS1	4	1	0
LIN7B	4	1	0
LMCD1	4	1	0
LOX	4	1	0
LRFN1	4	1	0
LRFN3	4	1	0
LRFN4	4	1	0
LRIG1	4	1	0
LRP6	4	1	0
LRRC14	4	1	0
LRRC4B	4	1	0
LTBP4	4	1	0
LTK	4	1	0
LUM	4	1	0
LYL1	4	1	0
LYPLA1	4	1	0
MADCAM1	4	1	0
MAGOHB	4	1	0
MAP1LC3A	4	1	0
MAPK12	4	1	0
MAPT	4	1	0
MARK3	4	1	0
MBD3L2	4	1	0
MBD4	4	1	0
MCAT	4	1	0
MCFD2	4	1	0
MCRIP1	4	1	0
MDK	4	1	0
ME1	4	1	0
MEF2A	4	1	0
MEF2D	4	1	0
MEMO1	4	1	0
MEN1	4	1	0
METTL3	4	1	0
MFAP2	4	1	0
MIB2	4	1	1
MIS18A	4	1	0
MKLN1	4	1	0
MKNK1	4	1	0
MLH3	4	1	0
MMP14	4	1	0
MMP19	4	1	0
MMP9	4	1	0
MSH3	4	1	0
MT-RNR2	4	1	0
MTA1	4	1	0
MTMR10	4	1	0
MTMR4	4	1	0
MVB12A	4	1	0
MYH10	4	1	0
MYH14	4	1	0
MYH9	4	1	0
MYO6	4	1	0
MYSM1	4	1	0
NAB2	4	1	0
NAE1	4	1	0
NBAS	4	1	0
NBN	4	1	0
NCKIPSD	4	1	0
NCR3	4	1	0
NDC80	4	1	0
NECTIN1	4	1	0
NEFL	4	1	0
NEK2	4	1	0
NEK9	4	1	0
NELFB	4	1	0
NFASC	4	1	0
NFYB	4	1	0
NGF	4	1	0
NGFR	4	1	0
NHEJ1	4	1	0
NKX2-5	4	1	0
NLRX1	4	1	0
NMT1	4	1	0
NMT2	4	1	0
NOC2L	4	1	0
NOS3	4	1	0
NPAS2	4	1	0
NPAS4	4	1	0
NPHP1	4	1	0
NPM1	4	1	0
NPM2	4	1	0
NR1D1	4	1	0
NR1H3	4	1	0
NR2C1	4	1	0
NR2F2	4	1	0
NR3C1	4	1	0
NR4A2	4	1	0
NRG1	4	1	0
NRG2	4	1	0
NRXN1	4	1	0
NSD2	4	1	0
NSF	4	1	0
NSL1	4	1	0
NSMAF	4	1	0
NTF3	4	1	0
NUMA1	4	1	0
NUMB	4	1	0
OCLN	4	1	0
OGDH	4	1	0
OGT	4	1	0
OPN1LW	4	1	0
ORAI1	4	1	0
ORC6	4	1	0
OS9	4	1	0
OSM	4	1	0
OTUD3	4	1	0
PABPN1	4	1	0
PAG1	4	1	0
PAGR1	4	1	0
PAK1	4	1	0
PAK5	4	1	0
PAK6	4	1	0
PARD3	4	1	0
PARG	4	1	0
PARN	4	1	0
PARVA	4	1	0
PARVB	4	1	0
PAX2	4	1	0
PAX5	4	1	0
PCSK1	4	1	0
PCSK5	4	1	0
PDCD1LG2	4	1	0
PDE4B	4	1	0
PDE4D	4	1	0
PDIA3	4	1	0
PDPK1	4	1	0
PEA15	4	1	0
PEBP1	4	1	0
PELO	4	1	0
PELP1	4	1	0
PEX10	4	1	0
PEX2	4	1	0
PGAP1	4	1	0
PHF1	4	1	0
PHKG1	4	1	0
PHLPP1	4	1	0
PI4KB	4	1	0
PIK3CB	4	1	0
PIK3R5	4	1	0
PIK3R6	4	1	0
PIP4K2A	4	1	0
PIP5K1B	4	1	0
PIP5K1C	4	1	0
PITPNA	4	1	0
PLIN3	4	1	0
PLN	4	1	0
PLXNA2	4	1	0
POLB	4	1	0
POLDIP3	4	1	0
POLE	4	1	0
POLE3	4	1	0
POLE4	4	1	0
POLN	4	1	0
POU5F1	4	1	0
PPARG	4	1	0
PPFIA2	4	1	0
PPFIA3	4	1	0
PPHLN1	4	1	0
PPIA	4	1	0
PPID	4	1	0
PPP1CB	4	1	0
PPP1CC	4	1	0
PPP1R12A	4	1	0
PPP2R5C	4	1	0
PPP3R1	4	1	0
PRDM4	4	1	0
PREB	4	1	0
PREX1	4	1	0
PRIM1	4	1	0
PRIM2	4	1	0
PRKACB	4	1	0
PRKAG2	4	1	0
PRKAG3	4	1	0
PRKAR2B	4	1	0
PRKCQ	4	1	0
PRKDC	4	1	0
PRKG1	4	1	0
PRL	4	1	0
PRM1	4	1	0
PRMT6	4	1	0
PROCR	4	1	0
PRSS1	4	1	0
PRTN3	4	1	0
PRX	4	1	0
PSAP	4	1	0
PSMC5	4	1	0
PSMD11	4	1	0
PSMD3	4	1	0
PSMD8	4	1	0
PSTPIP1	4	1	0
PTBP1	4	1	0
PTK2	4	1	0
PTK6	4	1	0
PTN	4	1	0
PTPN1	4	1	0
PTPN6	4	1	0
PTPRD	4	1	0
PTS	4	1	0
RAB10	4	1	0
RAB1A	4	1	0
RAB4A	4	1	0
RAB5A	4	1	0
RAD51AP1	4	1	0
RAD51B	4	1	0
RAD9A	4	1	0
RAD9B	4	1	0
RALA	4	1	0
RALGAPA2	4	1	0
RAMAC	4	1	0
RAP1GAP	4	1	0
RASA1	4	1	0
RASGRP2	4	1	0
RBBP5	4	1	0
RCVRN	4	1	0
REL	4	1	0
REST	4	1	0
RGS9	4	1	0
RHOG	4	1	0
RHOT2	4	1	0
RHOV	4	1	0
RIPK2	4	1	0
RIPK3	4	1	0
RNASE1	4	1	0
RND1	4	1	0
RNMT	4	1	0
RPA1	4	1	0
RPS27A	4	1	0
RPS6KB1	4	1	0
RRM2B	4	1	0
RTEL1	4	1	0
RTKN	4	1	0
RTN4R	4	1	0
SACK1B	4	1	0
SAMTOR	4	1	0
SAR1B	4	1	0
SATB1	4	1	0
SAV1	4	1	0
SBF2	4	1	0
SCFD1	4	1	0
SCN1B	4	1	0
SCUBE2	4	1	0
SCUBE3	4	1	0
SDC2	4	1	0
SEC24D	4	1	0
SEMA7A	4	1	0
SERPINF2	4	1	0
SETD1A	4	1	0
SFPQ	4	1	0
SFTPD	4	1	0
SGCE	4	1	0
SH3GL2	4	1	0
SH3GL3	4	1	0
SIRT4	4	1	0
SKIC2	4	1	0
SLBP	4	1	0
SLC16A3	4	1	0
SLC25A4	4	1	0
SLIT3	4	1	0
SLX4	4	1	0
SMAD6	4	1	0
SMARCA2	4	1	0
SMARCC1	4	1	0
SMARCC2	4	1	0
SMARCE1	4	1	0
SMO	4	1	0
SMPD2	4	1	0
SNTB2	4	1	0
SNW1	4	1	0
SNX3	4	1	0
SOCS3	4	1	0
SOX10	4	1	0
SOX2	4	1	0
SP3	4	1	0
SREBF1	4	1	0
SREBF2	4	1	0
SRGAP1	4	1	0
SRPK1	4	1	0
SSBP1	4	1	0
SSRP1	4	1	0
STAM2	4	1	0
STAT1	4	1	0
STAT5A	4	1	0
STK11	4	1	0
STON2	4	1	0
STPG4	4	1	0
SUMO3	4	1	0
SUPT4H1	4	1	0
SYK	4	1	0
SYMPK	4	1	0
SYNJ2	4	1	0
SYT2	4	1	0
SYTL1	4	1	0
SZT2	4	1	0
TAB2	4	1	0
TAF1	4	1	0
TAS1R1	4	1	0
TBC1D4	4	1	0
TBL1X	4	1	0
TBX21	4	1	0
TBX6	4	1	0
TCF19	4	1	0
TCF7L1	4	1	0
TDG	4	1	0
TEAD3	4	1	0
TENT4A	4	1	0
TFAM	4	1	0
TFAP2A	4	1	0
TFG	4	1	0
TGFBR3	4	1	0
THBD	4	1	0
THBS1	4	1	0
TICRR	4	1	0
TIPIN	4	1	0
TJP1	4	1	0
TKFC	4	1	0
TLE3	4	1	0
TLL2	4	1	0
TLR2	4	1	0
TMED9	4	1	0
TMEM219	4	1	0
TNFRSF11A	4	1	0
TNFRSF6B	4	1	0
TNFSF12	4	1	0
TNIP1	4	1	0
TNIP2	4	1	0
TNIP3	4	1	0
TNK2	4	1	0
TNNT2	4	1	0
TNRC6B	4	1	0
TNS3	4	1	0
TP53	4	1	0
TP73	4	1	0
TPST2	4	1	0
TRADD	4	1	0
TRAF6	4	1	0
TRAK2	4	1	0
TRAV8-4	4	1	0
TRIM33	4	1	0
TRPC1	4	1	0
TRRAP	4	1	0
TSFM	4	1	0
TSG101	4	1	0
TSN	4	1	0
TSPAN14	4	1	0
TSPAN5	4	1	0
TTF1	4	1	0
TUFM	4	1	0
TWIST2	4	1	0
UBA7	4	1	0
UBB	4	1	0
UBE2D2	4	1	0
UBE2F	4	1	0
UBE2I	4	1	0
UBE2N	4	1	0
UBL4A	4	1	0
UBN1	4	1	0
UNC13B	4	1	0
UNC93B1	4	1	0
UPF2	4	1	0
UQCC3	4	1	0
UQCRB	4	1	0
UQCRFS1	4	1	0
USP15	4	1	0
USP2	4	1	0
USP24	4	1	0
USP34	4	1	0
USP47	4	1	0
VAMP3	4	1	0
VAMP7	4	1	0
VASP	4	1	0
VAV1	4	1	0
VCPIP1	4	1	0
VEGFC	4	1	0
VHL	4	1	0
VRK1	4	1	0
VWF	4	1	0
WDR26	4	1	0
WDR83	4	1	0
WHAMM	4	1	0
WIF1	4	1	0
WIPF1	4	1	0
WNT11	4	1	0
WNT8B	4	1	0
WWP1	4	1	0
XPO5	4	1	0
XRCC2	4	1	0
XRCC3	4	1	0
YWHAB	4	1	0
YWHAQ	4	1	0
ZBP1	4	1	0
ZBTB17	4	1	0
ZDHHC2	4	1	0
ZFHX3	4	1	0
ZFPM2	4	1	0
ZNF217	4	1	0
ZNF350	4	1	0
ZNF420	4	1	0
ZNF521	4	1	0
ZNF592	4	1	0
ZNF598	4	1	0
ZNF74	4	1	0
ZWINT	4	1	0
ABCF1	4	2	0
ABHD17C	4	2	0
ABLIM3	4	2	0
ACTG2	4	2	0
ACTN2	4	2	0
ACTN4	4	2	0
ACTR10	4	2	0
ACTR1A	4	2	0
ADAM15	4	2	0
ADCY3	4	2	0
ADNP	4	2	0
AGFG1	4	2	0
AGTR2	4	2	0
AICDA	4	2	0
ALCAM	4	2	0
ALOX5	4	2	0
AMT	4	2	0
ANGPT4	4	2	0
ANGPTL4	4	2	0
ANK2	4	2	0
ANPEP	4	2	0
ANTXR1	4	2	0
AP2A1	4	2	0
AP2M1	4	2	0
APAF1	4	2	0
APBB1	4	2	0
APBB1IP	4	2	0
APIP	4	2	0
APOBEC3G	4	2	0
APPL1	4	2	0
AR	4	2	0
ARAF	4	2	0
ARCN1	4	2	0
ARHGDIB	4	2	0
ARHGEF12	4	2	0
ARID1B	4	2	0
ARL2BP	4	2	0
ARSA	4	2	0
ASF1A	4	2	0
ATF1	4	2	0
ATF6B	4	2	0
ATG16L2	4	2	0
ATG3	4	2	0
ATG5	4	2	0
ATG9A	4	2	0
ATP1A4	4	2	0
ATP6V1H	4	2	0
ATRIP	4	2	0
AURKB	4	2	0
BAD	4	2	0
BAK1	4	2	0
BANF1	4	2	0
BAZ1B	4	2	0
BCKDK	4	2	0
BCL2	4	2	0
BCL6	4	2	0
BGLAP	4	2	0
BGN	4	2	0
BLM	4	2	0
BMP1	4	2	0
BRCC3	4	2	0
BTN2A1	4	2	0
C2CD5	4	2	0
C4BPB	4	2	0
C5AR2	4	2	0
C6	4	2	0
CACNA1I	4	2	0
CACNB4	4	2	0
CADM3	4	2	0
CALCB	4	2	0
CALM1	4	2	0
CAMK4	4	2	0
CAPNS1	4	2	0
CAPNS2	4	2	0
CARD9	4	2	0
CASP10	4	2	0
CASP3	4	2	0
CASP9	4	2	0
CBL	4	2	0
CCDC59	4	2	0
CCL13	4	2	0
CCR5	4	2	0
CCZ1	4	2	0
CD14	4	2	0
CD151	4	2	0
CD1C	4	2	0
CD247	4	2	0
CD28	4	2	0
CD55	4	2	0
CD59	4	2	0
CD80	4	2	0
CD81	4	2	0
CDC42EP3	4	2	0
CDC42EP5	4	2	0
CDC73	4	2	0
CDCA8	4	2	0
CDH24	4	2	0
CDH5	4	2	0
CDK5	4	2	0
CDKN1B	4	2	0
CDSN	4	2	0
CEBPD	4	2	0
CEBPG	4	2	0
CETN1	4	2	0
CFH	4	2	0
CFHR2	4	2	0
CFI	4	2	0
CHD3	4	2	0
CHRM2	4	2	0
CHUK	4	2	0
CKS1B	4	2	0
CLASP1	4	2	0
CNTN6	4	2	0
COMP	4	2	0
COPZ1	4	2	0
COX17	4	2	0
COX20	4	2	0
CPA3	4	2	0
CPN1	4	2	0
CREB1	4	2	0
CREB3L2	4	2	0
CREB3L4	4	2	0
CREBRF	4	2	0
CRIPTO	4	2	0
CRLF2	4	2	0
CRP	4	2	0
CSF2RB	4	2	0
CSNK1E	4	2	0
CTC1	4	2	0
CTSV	4	2	0
CXCR4	4	2	0
CXXC1	4	2	0
CYC1	4	2	0
CYLD	4	2	0
CYTH2	4	2	0
CYTH4	4	2	0
DACT1	4	2	0
DCP2	4	2	0
DCTN4	4	2	0
DEFA3	4	2	0
DENND1A	4	2	0
DENND1B	4	2	0
DENND2A	4	2	0
DENND3	4	2	0
DENND5A	4	2	0
DENND6A	4	2	0
DGCR8	4	2	0
DHX36	4	2	0
DIABLO	4	2	0
DIAPH3	4	2	0
DIS3L2	4	2	0
DLAT	4	2	0
DLD	4	2	0
DLG1	4	2	0
DLG3	4	2	0
DLGAP3	4	2	0
DLGAP4	4	2	0
DMBT1	4	2	0
DMD	4	2	0
DMP1	4	2	0
DNAJC3	4	2	0
DNAJC6	4	2	0
DNAJC7	4	2	0
DOK2	4	2	0
DPPA4	4	2	0
DSG1	4	2	0
DSN1	4	2	0
DSP	4	2	1
DSPP	4	2	0
DTNA	4	2	0
DTX1	4	2	0
DYNC1H1	4	2	0
DYNLL1	4	2	0
EEF1A1	4	2	0
EEF1AKMT1	4	2	0
EEF2KMT	4	2	0
EFCAB7	4	2	0
EFNB1	4	2	0
EGLN3	4	2	0
EIF1AX	4	2	0
EIF2AK4	4	2	0
EIF2S2	4	2	0
EIF4B	4	2	0
EIF4EBP1	4	2	0
EIF4G3	4	2	0
ELF2	4	2	0
ELF3	4	2	0
ELK1	4	2	0
ELMO2	4	2	0
ELOC	4	2	0
EMILIN1	4	2	0
ENPEP	4	2	0
ENSA	4	2	0
EOMES	4	2	0
EP400	4	2	0
EPAS1	4	2	0
EPHB2	4	2	0
EPN2	4	2	0
ERCC3	4	2	0
EREG	4	2	0
ERLEC1	4	2	0
ESCO1	4	2	0
ESPL1	4	2	0
EVC2	4	2	0
EYA1	4	2	0
EZR	4	2	0
F11R	4	2	0
FBLIM1	4	2	0
FBN2	4	2	0
FBXL3	4	2	0
FBXL7	4	2	0
FBXW7	4	2	0
FEN1	4	2	0
FES	4	2	0
FGA	4	2	0
FGF2	4	2	0
FGFR1OP2	4	2	0
FGFRL1	4	2	0
FGR	4	2	0
FIGNL1	4	2	0
FKTN	4	2	0
FLNA	4	2	0
FLT3LG	4	2	0
FMNL3	4	2	0
FOSB	4	2	0
FOXA1	4	2	0
FPR3	4	2	0
FUNDC1	4	2	0
GAA	4	2	0
GABARAP	4	2	0
GABBR1	4	2	0
GABRB2	4	2	0
GABRB3	4	2	0
GABRG3	4	2	0
GABRQ	4	2	0
GALNT2	4	2	0
GBP4	4	2	0
GBP6	4	2	0
GCN1	4	2	0
GDF1	4	2	0
GDI2	4	2	0
GFRA2	4	2	0
GH2	4	2	0
GIPC1	4	2	0
GLI2	4	2	0
GLI3	4	2	0
GLP1R	4	2	0
GLRB	4	2	0
GLUD1	4	2	0
GMNC	4	2	0
GMNN	4	2	0
GNA12	4	2	0
GNAL	4	2	0
GNB3	4	2	0
GNB5	4	2	0
GOLGA5	4	2	0
GOLIM4	4	2	0
GOSR1	4	2	0
GP1BB	4	2	0
GP5	4	2	0
GPX7	4	2	0
GRIA1	4	2	0
GRIA2	4	2	0
GRIA3	4	2	0
GRIK1	4	2	0
GRIK5	4	2	0
GRIN1	4	2	0
GRIN2B	4	2	0
GRIN2C	4	2	0
GRIN2D	4	2	0
GRIN3B	4	2	0
GRK5	4	2	0
GTF2B	4	2	0
GTF2F1	4	2	0
H2AX	4	2	0
H2BC26	4	2	0
HAT1	4	2	0
HBEGF	4	2	0
HCCS	4	2	0
HCFC1	4	2	0
HCFC2	4	2	0
HCST	4	2	0
HERC5	4	2	0
HES7	4	2	0
HIKESHI	4	2	0
HINT2	4	2	0
HJURP	4	2	0
HLA-A	4	2	0
HLA-DOB	4	2	0
HOXA11	4	2	0
HPSE	4	2	0
HSD17B4	4	2	0
HSP90B1	4	2	0
HSPG2	4	2	0
HUS1	4	2	0
IBSP	4	2	0
ICAM2	4	2	0
ICOSLG	4	2	0
ID1	4	2	0
IFI27	4	2	0
IFI44L	4	2	0
IFNL3	4	2	0
IFT88	4	2	0
IGFBP3	4	2	0
IGKC	4	2	0
IGLL1	4	2	0
IKBKE	4	2	0
IL10RB	4	2	0
IL13	4	2	0
IL13RA1	4	2	0
IL17RD	4	2	0
IL18RAP	4	2	0
IL1R2	4	2	0
IL1RAP	4	2	0
IL1RAPL1	4	2	0
IL1RAPL2	4	2	0
IL2	4	2	0
IL20RA	4	2	0
IL21	4	2	0
IL23A	4	2	0
IL27	4	2	0
IL32	4	2	0
IL33	4	2	0
IL33R	4	2	0
IL37	4	2	0
IL3RA	4	2	0
IL6	4	2	0
IL6R	4	2	0
IL7	4	2	0
INCENP	4	2	0
INHBB	4	2	0
INHBE	4	2	0
INSR	4	2	0
IRAK4	4	2	0
IRF9	4	2	0
ITFG2	4	2	0
ITGA4	4	2	0
ITGA6	4	2	0
ITGA7	4	2	0
ITGAE	4	2	0
ITGB1	4	2	0
ITPKC	4	2	0
ITSN1	4	2	0
JAM2	4	2	0
JAM3	4	2	0
KCNJ10	4	2	0
KCNJ12	4	2	0
KCNJ15	4	2	0
KCNJ6	4	2	0
KCNMA1	4	2	0
KCNQ2	4	2	0
KCTD1	4	2	0
KDM4C	4	2	0
KEAP1	4	2	0
KHDRBS1	4	2	0
KIF14	4	2	0
KIF17	4	2	0
KIR2DS2	4	2	0
KIR3DS1	4	2	0
KIRREL2	4	2	0
KLC1	4	2	0
KLHL12	4	2	0
KLK3	4	2	0
KLRC1	4	2	0
KLRK1	4	2	0
KNTC1	4	2	0
KRAS	4	2	0
KREMEN2	4	2	0
KRT1	4	2	0
KRT25	4	2	0
LAMA1	4	2	0
LAMA2	4	2	0
LAMC2	4	2	0
LAMC3	4	2	0
LATS1	4	2	0
LATS2	4	2	0
LBR	4	2	0
LCE1A	4	2	0
LCK	4	2	0
LCP2	4	2	0
LGR4	4	2	0
LGR5	4	2	0
LIFR	4	2	0
LIMK1	4	2	0
LIN7A	4	2	0
LMAN1	4	2	0
LMNB1	4	2	0
LNPEP	4	2	0
LRFN2	4	2	0
LRP5	4	2	0
LRRC7	4	2	0
LTC4S	4	2	0
LYRM7	4	2	0
M6PR	4	2	0
MAF1	4	2	0
MAFG	4	2	0
MAP2K2	4	2	0
MAP2K4	4	2	0
MAPK1	4	2	0
MAPK10	4	2	0
MAPK11	4	2	0
MAPK4	4	2	0
MAPK6	4	2	0
MAPK7	4	2	0
MAPK8	4	2	0
MAPKAPK2	4	2	0
MAPKAPK3	4	2	0
MARCKS	4	2	0
MATK	4	2	0
MAVS	4	2	0
MAX	4	2	0
MBD2	4	2	0
MBD3L1	4	2	0
MBOAT4	4	2	0
MC2R	4	2	0
MC4R	4	2	0
MCIDAS	4	2	0
MCM7	4	2	1
MECP2	4	2	0
MET	4	2	0
MFAP3	4	2	0
MFAP5	4	2	0
MIF	4	2	0
MIS18BP1	4	2	0
MITF	4	2	0
MIXL1	4	2	0
MLEC	4	2	0
MLX	4	2	0
MLXIPL	4	2	0
MMP12	4	2	0
MOB1B	4	2	0
MON1A	4	2	0
MOV10	4	2	0
MRE11	4	2	0
MRTFA	4	2	0
MSGN1	4	2	0
MSI2	4	2	0
MSRB2	4	2	0
MT-CYB	4	2	0
MTA3	4	2	0
MUSK	4	2	0
MVB12B	4	2	0
MYC	4	2	0
MYLK	4	2	0
MYO9B	4	2	0
MYRIP	4	2	0
NBEA	4	2	0
NCAN	4	2	0
NCF2	4	2	0
NCOR1	4	2	0
NECTIN4	4	2	0
NEDD4L	4	2	0
NEIL1	4	2	0
NEK11	4	2	0
NELFA	4	2	0
NELL2	4	2	0
NEO1	4	2	0
NFATC2	4	2	0
NFKBIE	4	2	0
NFYC	4	2	0
NLK	4	2	0
NLRC4	4	2	0
NOD1	4	2	0
NOTCH1	4	2	0
NOTUM	4	2	0
NOX1	4	2	0
NOXA1	4	2	0
NOXO1	4	2	0
NPHP4	4	2	0
NPHS1	4	2	0
NPRL3	4	2	0
NR1H4	4	2	0
NR5A1	4	2	0
NRIP1	4	2	0
NRP1	4	2	0
NTRK2	4	2	0
NUDC	4	2	0
OASL	4	2	0
OBSCN	4	2	0
OMA1	4	2	0
OPA1	4	2	0
OPN1MW	4	2	0
ORC3	4	2	0
ORC5	4	2	0
OSBPL1A	4	2	0
OSMR	4	2	0
OSTC	4	2	0
P4HA3	4	2	0
P4HB	4	2	0
PAK2	4	2	0
PALB2	4	2	0
PAPPA	4	2	0
PARD6A	4	2	0
PARD6G	4	2	0
PARK7	4	2	0
PCGF2	4	2	0
PCLO	4	2	0
PCSK7	4	2	0
PCSK9	4	2	0
PDCD1	4	2	0
PDGFA	4	2	0
PDGFB	4	2	0
PDGFC	4	2	0
PDHX	4	2	0
PDYN	4	2	0
PELI1	4	2	0
PER2	4	2	0
PEX1	4	2	0
PEX12	4	2	0
PEX26	4	2	0
PFN1	4	2	0
PGAM5	4	2	0
PHF20	4	2	0
PHF8	4	2	0
PHKA1	4	2	0
PHLPP2	4	2	0
PIAS1	4	2	0
PICALM	4	2	1
PIK3AP1	4	2	0
PIK3CG	4	2	0
PINK1	4	2	0
PIP4K2B	4	2	0
PKN1	4	2	0
PKN2	4	2	0
PLA2G7	4	2	0
PLAT	4	2	0
PLAUR	4	2	0
PLCB1	4	2	0
PLCG2	4	2	0
PLEKHA8	4	2	0
PLIN2	4	2	0
PLK2	4	2	0
PLXNA3	4	2	0
PLXNA4	4	2	0
PLXNB1	4	2	0
PLXNC1	4	2	1
PML	4	2	0
POLA1	4	2	0
POLA2	4	2	0
POLG2	4	2	0
POLK	4	2	0
POMC	4	2	0
POMGNT2	4	2	0
PPARGC1A	4	2	0
PPFIBP2	4	2	0
PPIL2	4	2	0
PPM1E	4	2	0
PPM1F	4	2	0
PPM1K	4	2	0
PPP1R14A	4	2	0
PPP2R1A	4	2	0
PPP2R5D	4	2	0
PPP3CC	4	2	0
PPP6R1	4	2	0
PPP6R3	4	2	0
PRDX2	4	2	0
PRKAB1	4	2	0
PRKACA	4	2	0
PRKAR1B	4	2	0
PRKCD	4	2	0
PRKRA	4	2	0
PRLR	4	2	0
PRNP	4	2	0
PRSS2	4	2	0
PSEN2	4	2	0
PSIP1	4	2	0
PSMD12	4	2	0
PSMD13	4	2	0
PSMD4	4	2	0
PSMD7	4	2	0
PSME4	4	2	0
PTGES3	4	2	0
PTPN12	4	2	0
PTPN18	4	2	0
PTPN2	4	2	0
PTPRJ	4	2	0
PTPRZ1	4	2	0
PWWP2A	4	2	0
PYGL	4	2	0
RAB13	4	2	0
RAB14	4	2	0
RAB18	4	2	0
RAB1B	4	2	0
RAB33B	4	2	0
RAB38	4	2	0
RAB3IL1	4	2	0
RAB3IP	4	2	0
RAB6A	4	2	0
RABGGTA	4	2	0
RABGGTB	4	2	0
RAC1	4	2	0
RAD18	4	2	0
RAD50	4	2	1
RAMP2	4	2	0
RAMP3	4	2	0
RANBP1	4	2	0
RANBP9	4	2	0
RARG	4	2	0
RB1	4	2	0
RBL1	4	2	0
RBL2	4	2	0
RBM7	4	2	0
RBSN	4	2	0
RELB	4	2	0
REN	4	2	0
RET	4	2	0
REV1	4	2	0
RGMA	4	2	0
RGS16	4	2	0
RGS7	4	2	0
RHOBTB2	4	2	0
RHPN1	4	2	0
RIGI	4	2	0
RINT1	4	2	0
RNF125	4	2	0
RNF135	4	2	0
RNF144A	4	2	0
RNGTT	4	2	0
RNPS1	4	2	0
ROBO2	4	2	0
ROBO3	4	2	0
RORA	4	2	0
RPA4	4	2	0
RPS6	4	2	0
RRAGC	4	2	0
RRP8	4	2	0
RTN3	4	2	0
RTN4	4	2	0
RUFY1	4	2	0
RXRB	4	2	0
RXRG	4	2	0
RXYLT1	4	2	0
RYBP	4	2	0
S100A1	4	2	0
SCAP	4	2	0
SDC1	4	2	0
SEC13	4	2	0
SEC31A	4	2	0
SEL1L	4	2	0
SELPLG	4	2	0
SEMA6D	4	2	0
SEMG1	4	2	0
SENP2	4	2	0
SEPTIN7	4	2	0
SERPINE1	4	2	0
SERPING1	4	2	0
SETD9	4	2	0
SFTPA1	4	2	0
SH2B1	4	2	0
SH2D2A	4	2	0
SHANK1	4	2	0
SHC3	4	2	0
SIGIRR	4	2	0
SIKE1	4	2	0
SKIC8	4	2	0
SLC16A8	4	2	0
SLC17A7	4	2	0
SLC18A3	4	2	0
SLC38A9	4	2	0
SLC8A3	4	2	0
SLCO3A1	4	2	0
SMAD5	4	2	0
SMAD7	4	2	0
SMARCA4	4	2	0
SMARCB1	4	2	0
SMYD2	4	2	0
SNCAIP	4	2	0
SNTA1	4	2	0
SOCS1	4	2	0
SOX13	4	2	0
SOX9	4	2	0
SP1	4	2	0
SP100	4	2	0
SPN	4	2	0
SPR	4	2	0
SPRED1	4	2	0
SPRED2	4	2	0
SRC	4	2	0
ST14	4	2	0
STAM	4	2	0
STK3	4	2	0
STK4	4	2	0
STN1	4	2	0
STRADB	4	2	0
STRAP	4	2	0
STRN	4	2	0
STT3B	4	2	0
STX18	4	2	0
STX5	4	2	0
SUPT16H	4	2	0
SURF4	4	2	0
SYCP2	4	2	0
SYT1	4	2	0
TAB3	4	2	0
TAP2	4	2	0
TAS1R2	4	2	0
TBC1D1	4	2	0
TBPL2	4	2	0
TCF7	4	2	0
TCF7L2	4	2	0
TEAD2	4	2	0
TEK	4	2	0
TFDP1	4	2	0
TFEC	4	2	0
THBS2	4	2	0
TIAM1	4	2	0
TICAM1	4	2	0
TIMP1	4	2	0
TIMP2	4	2	0
TIRAP	4	2	0
TLN1	4	2	0
TLR3	4	2	0
TLR7	4	2	0
TLR9	4	2	0
TMED2	4	2	0
TMEM177	4	2	0
TMPRSS6	4	2	0
TNF	4	2	0
TNFRSF10A	4	2	0
TNFRSF10B	4	2	0
TNFRSF12A	4	2	0
TNFRSF13C	4	2	0
TNFRSF1A	4	2	0
TNNI1	4	2	0
TNNI2	4	2	0
TNNT1	4	2	0
TOMM20	4	2	0
TP63	4	2	0
TRIM25	4	2	0
TRPV4	4	2	0
TSC2	4	2	0
TSLP	4	2	0
TWNK	4	2	0
TYK2	4	2	0
UBA2	4	2	0
UBA3	4	2	0
UBE2B	4	2	0
UBE2D3	4	2	0
UBE2L3	4	2	0
UBE2V2	4	2	0
UBXN1	4	2	0
UCHL5	4	2	0
UHMK1	4	2	0
UIMC1	4	2	0
ULK1	4	2	0
UNC5C	4	2	0
UQCC1	4	2	0
UQCC2	4	2	0
USP10	4	2	0
USP18	4	2	0
USP26	4	2	0
USP28	4	2	0
USP33	4	2	0
USP42	4	2	0
USP44	4	2	0
USP9X	4	2	0
VCL	4	2	0
VCP	4	2	0
VEGFB	4	2	0
VLDLR	4	2	0
VPS29	4	2	0
VPS35	4	2	0
VPS37A	4	2	0
VPS37B	4	2	0
VPS37C	4	2	0
VPS52	4	2	0
VPS53	4	2	0
VTN	4	2	0
WASL	4	2	0
WDR48	4	2	0
WNT1	4	2	0
WNT4	4	2	0
WNT8A	4	2	0
WRN	4	2	0
WWP2	4	2	0
XIAP	4	2	0
XPOT	4	2	0
XRCC1	4	2	0
XRCC4	4	2	0
YBX1	4	2	0
YES1	4	2	0
YWHAE	4	2	0
ZDHHC7	4	2	0
ZDHHC9	4	2	0
ZFC3H1	4	2	0
ZMYM2	4	2	0
ZMYND8	4	2	0
ZNF473	4	2	0
ZNF532	4	2	0
ZNF93	4	2	0
ZWILCH	4	2	0
ABCA1	4	3	0
ABHD17B	4	3	0
ABL2	4	3	0
ABRAXAS1	4	3	0
ACAA1	4	3	0
ACAT1	4	3	0
ACE	4	3	0
ACTA1	4	3	0
ACTB	4	3	0
ACTG1	4	3	0
ADAM17	4	3	0
ADAM21	4	3	0
ADAMTS13	4	3	0
ADAR	4	3	0
ADCY8	4	3	0
ADCYAP1	4	3	0
ADD1	4	3	0
ADGRE5	4	3	0
ADM	4	3	0
ADRA1D	4	3	0
ADRA2C	4	3	0
AGO1	4	3	0
AHCYL1	4	3	0
AHR	4	3	0
AJUBA	4	3	0
AKT3	4	3	0
ALKAL1	4	3	0
ALOX5AP	4	3	0
ALPK1	4	3	0
AMBP	4	3	0
ANK1	4	3	0
ANKFY1	4	3	0
ANXA1	4	3	0
AP1B1	4	3	0
AP1G1	4	3	0
AP1S1	4	3	0
AP1S2	4	3	0
AP4E1	4	3	0
AP4M1	4	3	0
AP4S1	4	3	0
APBA1	4	3	0
APEX2	4	3	0
APH1B	4	3	0
APOB	4	3	0
APOC2	4	3	0
AQP2	4	3	0
ARAP1	4	3	0
ARF6	4	3	0
ARHGAP1	4	3	0
ARHGAP10	4	3	0
ARHGAP32	4	3	0
ARHGAP35	4	3	0
ARHGDIA	4	3	0
ARHGEF7	4	3	0
ARID2	4	3	0
ARTN	4	3	0
ATG10	4	3	0
ATG12	4	3	0
ATG13	4	3	0
ATM	4	3	0
ATP1A1	4	3	0
ATP1B3	4	3	0
ATP6AP2	4	3	0
ATR	4	3	0
AVPR2	4	3	0
AXIN2	4	3	0
B2M	4	3	0
B3GNT3	4	3	0
BAMBI	4	3	0
BCAR1	4	3	0
BCL10	4	3	0
BCL2L11	4	3	0
BECN1	4	3	0
BEGAIN	4	3	0
BET1	4	3	0
BEX3	4	3	0
BIRC5	4	3	0
BMF	4	3	0
BMPR2	4	3	0
BMX	4	3	0
BOD1	4	3	0
BORA	4	3	0
BRAF	4	3	0
BRF1	4	3	0
BRF2	4	3	0
BTK	4	3	0
BTRC	4	3	0
C1D	4	3	0
C1QA	4	3	0
C1QBP	4	3	0
C2	4	3	0
C3AR1	4	3	0
C8B	4	3	0
CABLES1	4	3	0
CACNA1E	4	3	0
CACNA1G	4	3	0
CACNA2D1	4	3	0
CACNB3	4	3	0
CADM2	4	3	0
CALM3	4	3	0
CAMK1	4	3	0
CAMK2B	4	3	0
CAMK2D	4	3	0
CAMK2G	4	3	0
CAMKK1	4	3	0
CAND1	4	3	0
CAPN2	4	3	0
CARD8	4	3	0
CASP8	4	3	0
CASP8AP2	4	3	0
CASTOR2	4	3	0
CAVIN1	4	3	0
CBX3	4	3	0
CCL1	4	3	0
CCL4	4	3	0
CCNC	4	3	0
CCND3	4	3	0
CCR1	4	3	0
CCR2	4	3	0
CCR8	4	3	0
CD163	4	3	0
CD19	4	3	0
CD209	4	3	0
CD3D	4	3	0
CD3E	4	3	0
CD40LG	4	3	0
CD46	4	3	0
CD47	4	3	0
CD72	4	3	0
CD86	4	3	0
CDC25A	4	3	0
CDC25C	4	3	0
CDC42	4	3	0
CDC45	4	3	0
CDH11	4	3	0
CDH2	4	3	0
CDK13	4	3	0
CDK2	4	3	0
CDK2AP1	4	3	0
CDKN2C	4	3	0
CDKN2D	4	3	0
CETN2	4	3	0
CFHR1	4	3	0
CFHR4	4	3	0
CHD1	4	3	0
CHD7	4	3	1
CHL1	4	3	0
CIPC	4	3	0
CLEC4D	4	3	0
CLEC7A	4	3	0
CLSPN	4	3	0
CLTB	4	3	0
CNEP1R1	4	3	0
CNGA4	4	3	0
CNGB1	4	3	0
CNIH2	4	3	0
CNPY3	4	3	0
CNTFR	4	3	0
CNTN1	4	3	0
CNTN2	4	3	0
COLEC11	4	3	0
COP1	4	3	0
COPG2	4	3	0
COPS5	4	3	0
CPAP	4	3	0
CPB2	4	3	0
CPN2	4	3	0
CPS1	4	3	0
CRADD	4	3	0
CREB3L3	4	3	0
CREBBP	4	3	0
CRKL	4	3	0
CRLF1	4	3	0
CRTC1	4	3	0
CRY2	4	3	0
CSF1R	4	3	1
CSNK1D	4	3	0
CSNK2A2	4	3	0
CSNK2A3	4	3	0
CTNNA2	4	3	0
CTNNB1	4	3	0
CTSA	4	3	0
CTSK	4	3	0
CTSS	4	3	0
CTTN	4	3	0
CUBN	4	3	0
CUL1	4	3	0
CUL2	4	3	0
CUL4A	4	3	0
CUL5	4	3	0
CYB5R2	4	3	0
CYTH1	4	3	0
DAB2	4	3	0
DAXX	4	3	0
DBNL	4	3	0
DCLRE1C	4	3	0
DDX17	4	3	0
DEFA5	4	3	0
DENND1C	4	3	0
DENND4A	4	3	0
DENND5B	4	3	0
DEPDC5	4	3	0
DFFB	4	3	0
DHX9	4	3	0
DIS3	4	3	0
DKK1	4	3	0
DLC1	4	3	0
DLL4	4	3	0
DMTN	4	3	0
DNAJB1	4	3	0
DNMT1	4	3	0
DNMT3A	4	3	0
DNMT3B	4	3	0
DOCK2	4	3	0
DPH2	4	3	0
DPH3	4	3	0
DPH6	4	3	0
DPYSL2	4	3	0
DSCAML1	4	3	0
DSG3	4	3	0
DST	4	3	0
DUSP4	4	3	0
DVL2	4	3	0
DVL3	4	3	0
DYNC1LI1	4	3	0
E2F2	4	3	0
E2F3	4	3	0
E2F4	4	3	0
EBI3	4	3	0
EED	4	3	0
EGR2	4	3	0
EHD2	4	3	0
EIF2AK1	4	3	0
EIF4E	4	3	0
EIF4E2	4	3	0
EME1	4	3	0
ENAH	4	3	0
EPB41L2	4	3	0
EPC1	4	3	0
EPN1	4	3	0
ERBB2	4	3	0
ERBB3	4	3	0
ERBIN	4	3	0
ERCC1	4	3	0
ERCC4	4	3	0
ERCC5	4	3	0
ERCC8	4	3	0
ERF	4	3	0
ERLIN2	4	3	0
ERO1B	4	3	0
ETS1	4	3	0
ETV6	4	3	0
EVC	4	3	0
EVL	4	3	0
EYA2	4	3	0
EZH1	4	3	0
F2RL1	4	3	0
F2RL2	4	3	0
F3	4	3	0
FABP4	4	3	0
FADD	4	3	0
FAM124B	4	3	0
FANCD2	4	3	0
FANCI	4	3	0
FBLN5	4	3	0
FBXL18	4	3	0
FCAMR	4	3	0
FCER1G	4	3	0
FCGR3A	4	3	0
FCN3	4	3	0
FDX1	4	3	0
FGF19	4	3	0
FGF9	4	3	0
FGFR4	4	3	0
FKBP4	4	3	0
FKBP5	4	3	0
FLG	4	3	0
FLNB	4	3	0
FLNC	4	3	0
FLRT1	4	3	0
FLRT3	4	3	0
FLT3	4	3	0
FN1	4	3	0
FNTA	4	3	0
FOS	4	3	0
FOXO3	4	3	0
FRS2	4	3	0
FST	4	3	0
FSTL3	4	3	0
FYB1	4	3	0
FYN	4	3	0
GAB3	4	3	0
GANAB	4	3	0
GAPVD1	4	3	0
GAS6	4	3	0
GATA3	4	3	0
GATAD2B	4	3	0
GBE1	4	3	0
GBF1	4	3	0
GCGR	4	3	0
GDI1	4	3	0
GET4	4	3	0
GINS3	4	3	0
GINS4	4	3	0
GLI1	4	3	0
GLP2R	4	3	0
GLRX	4	3	0
GLYCAM1	4	3	0
GM2A	4	3	0
GNA15	4	3	0
GNAT2	4	3	0
GP1BA	4	3	0
GP6	4	3	0
GRB14	4	3	0
GREB1	4	3	0
GRIK4	4	3	0
GRIN2A	4	3	0
GRK1	4	3	0
GRK7	4	3	0
GRM1	4	3	0
GRM5	4	3	0
GTF2A2	4	3	0
H1-0	4	3	0
H2BC21	4	3	0
HBB	4	3	0
HCK	4	3	0
HDAC1	4	3	0
HEBP1	4	3	0
HGS	4	3	0
HHAT	4	3	0
HINT1	4	3	0
HIRA	4	3	0
HLA-DPA1	4	3	0
HMGA2	4	3	0
HMMR	4	3	0
HOMER1	4	3	0
HOXC11	4	3	0
HPX	4	3	0
HSF1	4	3	0
HSPB1	4	3	0
IFI6	4	3	0
IFIH1	4	3	0
IFIT2	4	3	0
IFIT3	4	3	0
IFNAR1	4	3	0
IFNAR2	4	3	0
IFNGR2	4	3	0
IGFBP6	4	3	0
IGHG2	4	3	0
IGHG4	4	3	0
IGHM	4	3	0
IL10RA	4	3	0
IL1R1	4	3	0
IL20	4	3	0
IL21R	4	3	0
IL26	4	3	0
IL27RA	4	3	0
IL2RA	4	3	0
IL3	4	3	0
IL31	4	3	0
IL36A	4	3	0
IL36G	4	3	0
IL5	4	3	0
INHBA	4	3	0
INPP5D	4	3	0
INPP5E	4	3	0
IQCE	4	3	0
IQGAP2	4	3	0
IRS1	4	3	0
IRS4	4	3	0
ISL1	4	3	0
ITGA1	4	3	0
ITGA11	4	3	0
ITGA8	4	3	0
ITGAL	4	3	0
ITK	4	3	0
ITPR3	4	3	0
JAK1	4	3	0
JAK3	4	3	0
JCHAIN	4	3	0
JMY	4	3	0
KAT5	4	3	0
KAT7	4	3	1
KBTBD7	4	3	0
KCNJ14	4	3	0
KCNJ16	4	3	0
KCNMB1	4	3	0
KCNMB4	4	3	0
KDM8	4	3	0
KHDRBS3	4	3	0
KIF3A	4	3	0
KIFAP3	4	3	0
KIR2DL2	4	3	0
KIR2DS4	4	3	0
KIR3DL2	4	3	0
KLB	4	3	0
KLC2	4	3	0
KLK13	4	3	0
KLK7	4	3	0
KLK8	4	3	0
KLKB1	4	3	0
KMT5A	4	3	0
KPNA1	4	3	0
KRT14	4	3	0
KRT26	4	3	0
KSR1	4	3	0
L3MBTL1	4	3	0
LAG3	4	3	0
LAMB2	4	3	0
LARGE1	4	3	0
LAT2	4	3	0
LEP	4	3	0
LEPR	4	3	0
LFNG	4	3	0
LGI2	4	3	0
LHX3	4	3	0
LHX4	4	3	0
LILRA1	4	3	0
LPCAT1	4	3	0
LRRC41	4	3	0
LRRFIP1	4	3	0
LTBP1	4	3	0
LYN	4	3	1
MAD2L2	4	3	0
MADD	4	3	0
MAEA	4	3	0
MAFF	4	3	0
MAGED1	4	3	0
MAML2	4	3	0
MAML3	4	3	0
MAP2K1	4	3	0
MAP2K6	4	3	0
MAPK14	4	3	0
MAPK9	4	3	0
MASTL	4	3	0
MAU2	4	3	0
MBD1	4	3	0
MBL2	4	3	0
MC3R	4	3	0
MC5R	4	3	0
MCM3	4	3	0
MCM5	4	3	0
MCM6	4	3	0
MDM2	4	3	0
MEF2B	4	3	0
METTL14	4	3	0
METTL23	4	3	0
MIA3	4	3	0
MIEF1	4	3	0
MKRN1	4	3	0
MME	4	3	0
MMP16	4	3	0
MNAT1	4	3	0
MSH2	4	3	0
MSH6	4	3	0
MT-CO3	4	3	0
MTM1	4	3	0
MTREX	4	3	0
MTTP	4	3	0
MYD88	4	3	0
MYF5	4	3	0
MYF6	4	3	0
MYL6	4	3	0
MYL9	4	3	0
MYO19	4	3	0
MYO1C	4	3	0
MYO5B	4	3	0
MYOG	4	3	0
NBR1	4	3	0
NCAM1	4	3	0
NCOA1	4	3	0
NCOA2	4	3	0
NCOA3	4	3	0
NCSTN	4	3	0
NECTIN3	4	3	0
NEK1	4	3	0
NFKB2	4	3	0
NID1	4	3	0
NIPBL	4	3	0
NOD2	4	3	0
NOSTRIN	4	3	0
NOTCH2NLB	4	3	0
NOX4	4	3	0
NPHS2	4	3	0
NPNT	4	3	0
NRG4	4	3	0
NTF4	4	3	0
NTHL1	4	3	0
NUDT21	4	3	0
NUF2	4	3	0
NXF1	4	3	0
NXT1	4	3	0
OBSL1	4	3	0
OCRL	4	3	0
OIP5	4	3	0
OMG	4	3	0
OPN1SW	4	3	0
ORC2	4	3	0
ORC4	4	3	0
PAAF1	4	3	0
PAFAH1B2	4	3	0
PAK3	4	3	0
PCSK6	4	3	0
PDCL	4	3	0
PDE3B	4	3	0
PDE6B	4	3	0
PDE6D	4	3	0
PDPN	4	3	0
PDS5A	4	3	0
PDS5B	4	3	0
PECAM1	4	3	0
PEX13	4	3	0
PEX14	4	3	0
PEX6	4	3	0
PHAX	4	3	0
PHLDA1	4	3	0
PHYH	4	3	0
PIAS4	4	3	0
PIDD1	4	3	0
PIF1	4	3	0
PIM1	4	3	0
PKP1	4	3	0
PLCB4	4	3	0
PLEKHA3	4	3	0
PLK1	4	3	0
PLXNA1	4	3	0
PMF1	4	3	0
PMS2	4	3	0
PNKP	4	3	0
PNN	4	3	0
POGLUT1	4	3	0
POLD2	4	3	0
POLD3	4	3	0
POLQ	4	3	0
POLRMT	4	3	0
POT1	4	3	0
POU4F1	4	3	0
PPARD	4	3	0
PPARGC1B	4	3	0
PPFIA1	4	3	0
PPM1D	4	3	0
PPP1R10	4	3	0
PPP1R13B	4	3	0
PPP1R13L	4	3	0
PPP1R3C	4	3	0
PPP2R2A	4	3	0
PPP2R5A	4	3	0
PPP4C	4	3	0
PPRC1	4	3	0
PRDX1	4	3	0
PRDX3	4	3	0
PREX2	4	3	0
PRKAA2	4	3	0
PRKAB2	4	3	0
PRKAR1A	4	3	0
PRKAR2A	4	3	0
PRKCB	4	3	0
PRKCI	4	3	0
PRKG2	4	3	0
PRKN	4	3	0
PRMT1	4	3	0
PROC	4	3	0
PSMC4	4	3	0
PSMD10	4	3	0
PTEN	4	3	0
PTGIR	4	3	0
PTPN22	4	3	0
PWWP2B	4	3	0
PYGM	4	3	0
RAB11FIP3	4	3	0
RAB27A	4	3	0
RAB31	4	3	0
RAB35	4	3	0
RAB39A	4	3	0
RAB5B	4	3	0
RAB7A	4	3	0
RAB8B	4	3	0
RABEPK	4	3	0
RABGEF1	4	3	0
RACK1	4	3	0
RAD23A	4	3	0
RAD51D	4	3	0
RALB	4	3	0
RAN	4	3	0
RANGAP1	4	3	0
RAP1GAP2	4	3	0
RAP1GDS1	4	3	0
RAPGEF4	4	3	0
RASGRF2	4	3	0
RBBP8	4	3	0
RBPJ	4	3	0
RBX1	4	3	0
RCC1	4	3	0
RCE1	4	3	0
RCHY1	4	3	0
RGL3	4	3	0
RGS9BP	4	3	0
RHEB	4	3	0
RHOJ	4	3	0
RHOQ	4	3	0
RHOT1	4	3	0
RILP	4	3	0
RIPK1	4	3	0
RMND5B	4	3	0
RNF168	4	3	0
RNF2	4	3	0
RNF8	4	3	0
ROBO1	4	3	0
ROCK2	4	3	0
ROPN1	4	3	0
RPA2	4	3	0
RPN1	4	3	0
RPS6KA2	4	3	0
RPS6KA3	4	3	0
RPS6KB2	4	3	0
RRAGB	4	3	0
RRM1	4	3	0
RRN3	4	3	0
RSF1	4	3	0
RSPO1	4	3	0
RSPO2	4	3	0
RSPO4	4	3	0
RUNX1	4	3	0
RUNX2	4	3	0
S100A8	4	3	0
S100A9	4	3	0
SAP18	4	3	0
SCAI	4	3	0
SCN5A	4	3	0
SCRIB	4	3	0
SDCBP	4	3	0
SEC22B	4	3	0
SEC24A	4	3	0
SEC24C	4	3	0
SEM1	4	3	0
SEMA3A	4	3	0
SENP1	4	3	0
SENP8	4	3	0
SEPTIN4	4	3	0
SERPINB13	4	3	0
SERPIND1	4	3	0
SERPINE2	4	3	0
SFN	4	3	0
SFRP1	4	3	0
SGK2	4	3	0
SH2B2	4	3	0
SH2B3	4	3	0
SH3PXD2A	4	3	0
SHANK2	4	3	0
SHH	4	3	0
SHPRH	4	3	0
SHTN1	4	3	0
SIAH2	4	3	0
SIGLEC16	4	3	0
SIN3A	4	3	0
SIPA1	4	3	0
SIRT3	4	3	0
SKAP2	4	3	0
SKI	4	3	0
SKIC3	4	3	0
SKP1	4	3	0
SLIT2	4	3	0
SMAD9	4	3	0
SMARCA5	4	3	0
SMARCD2	4	3	0
SMURF2	4	3	0
SNTG2	4	3	0
SOCS6	4	3	0
SORL1	4	3	0
SOS2	4	3	0
SOX4	4	3	0
SP7	4	3	0
SPATA2	4	3	0
SPC24	4	3	0
SPINK6	4	3	0
SPOPL	4	3	0
SPP1	4	3	0
SPRTN	4	3	0
SPRY2	4	3	0
SPTA1	4	3	0
SPTAN1	4	3	0
SRF	4	3	0
SRGAP2	4	3	0
SRGAP3	4	3	0
SSPN	4	3	0
STAB2	4	3	0
STAP2	4	3	0
STAT3	4	3	0
STIM1	4	3	0
STX3	4	3	0
STX4	4	3	0
STXBP1	4	3	0
STXBP3	4	3	0
SUFU	4	3	1
SYCP3	4	3	0
SYVN1	4	3	0
TAP1	4	3	0
TARBP2	4	3	0
TAS1R3	4	3	0
TASP1	4	3	0
TBC1D10A	4	3	0
TBC1D17	4	3	0
TBC1D25	4	3	0
TBC1D7	4	3	0
TEAD1	4	3	0
TEC	4	3	0
TEN1	4	3	0
TFAP2C	4	3	0
TFB2M	4	3	0
TGIF2	4	3	0
THBS4	4	3	0
THEM4	4	3	0
TLE1	4	3	0
TLE4	4	3	0
TLR6	4	3	0
TMEM258	4	3	0
TMPRSS2	4	3	0
TNFRSF10D	4	3	0
TNFRSF13B	4	3	0
TNFRSF25	4	3	0
TNFSF11	4	3	0
TNFSF14	4	3	0
TNNC1	4	3	0
TNNC2	4	3	0
TNRC6A	4	3	0
TOP1	4	3	0
TOP2B	4	3	0
TOP3A	4	3	0
TOPORS	4	3	0
TP53INP1	4	3	0
TPST1	4	3	0
TPX2	4	3	0
TRAK1	4	3	0
TRBC1	4	3	0
TREM1	4	3	0
TRIM28	4	3	0
TRIO	4	3	0
TRIP11	4	3	0
TRPC7	4	3	0
TSPAN33	4	3	0
TSPOAP1	4	3	0
TXN2	4	3	0
TXNRD2	4	3	0
TYRO3	4	3	0
TYSND1	4	3	0
UACA	4	3	0
UBA52	4	3	0
UBC	4	3	0
UBE2T	4	3	0
UBE2V1	4	3	0
UBXN7	4	3	0
ULK3	4	3	0
UNC5A	4	3	0
UPF3B	4	3	0
UQCR11	4	3	0
USE1	4	3	0
USP11	4	3	0
USP12	4	3	0
USP13	4	3	0
USP17L2	4	3	0
USP19	4	3	0
USP20	4	3	0
USP21	4	3	0
USP43	4	3	0
UVSSA	4	3	0
VANGL2	4	3	0
VAV2	4	3	0
VCAM1	4	3	0
VPS26A	4	3	0
WDR77	4	3	0
WDR82	4	3	0
WEE1	4	3	0
WNT5A	4	3	0
WTAP	4	3	0
WWOX	4	3	0
WWTR1	4	3	0
XPA	4	3	0
YKT6	4	3	0
YWHAG	4	3	0
YWHAZ	4	3	0
ZC3HC1	4	3	0
ZDHHC21	4	3	0
ZDHHC5	4	3	0
ZDHHC8	4	3	0
ZEB1	4	3	0
ZEB2	4	3	0
ZFAND6	4	3	0
ZFYVE9	4	3	0
ZNF687	4	3	0
ZW10	4	3	0
A2M	4	4	0
ABCA7	4	4	0
ABCE1	4	4	0
ABLIM1	4	4	0
ABLIM2	4	4	0
ACAN	4	4	0
ACKR3	4	4	0
ACTA2	4	4	0
ACTC1	4	4	0
ACVR1B	4	4	0
ACVR1C	4	4	0
ACVR2B	4	4	0
ADAM19	4	4	0
ADAM20	4	4	0
ADAM22	4	4	0
ADAMTS4	4	4	0
ADCY1	4	4	0
ADD3	4	4	0
ADM2	4	4	0
ADORA2A	4	4	0
ADRA1A	4	4	0
ADRA1B	4	4	0
ADRB2	4	4	0
ADRM1	4	4	0
AGL	4	4	0
AGO3	4	4	0
AGO4	4	4	0
AHRR	4	4	0
AKT2	4	4	0
ALK	4	4	0
AMBRA1	4	4	0
AMN	4	4	0
ANKRD27	4	4	0
ANXA2	4	4	0
ANXA6	4	4	0
AP1M1	4	4	0
AP2S1	4	4	0
APBA3	4	4	0
APC	4	4	0
APOA1	4	4	0
APOC1	4	4	0
APOC3	4	4	0
APOC4	4	4	0
APOE	4	4	0
ARHGAP26	4	4	0
ARHGAP39	4	4	0
ARID1A	4	4	0
ARL2	4	4	0
ASAP1	4	4	0
ASPH	4	4	0
ASXL1	4	4	0
ATAD2	4	4	0
ATF2	4	4	0
ATF3	4	4	0
ATF4	4	4	0
ATG101	4	4	0
ATG16L1	4	4	0
ATP1A3	4	4	0
ATP1B2	4	4	0
AURKA	4	4	0
AVEN	4	4	0
AVP	4	4	0
AVPR1A	4	4	0
AVPR1B	4	4	0
B4GAT1	4	4	0
BABAM1	4	4	0
BACE1	4	4	0
BACH2	4	4	0
BAP1	4	4	0
BAX	4	4	0
BBC3	4	4	0
BCHE	4	4	0
BCL9L	4	4	0
BICRA	4	4	0
BIRC3	4	4	0
BLNK	4	4	0
BRAP	4	4	0
BRCA1	4	4	0
BRD7	4	4	0
BRPF1	4	4	0
BRWD1	4	4	0
C1QC	4	4	0
C1S	4	4	0
C3	4	4	0
C4A	4	4	0
C4BPA	4	4	0
C5AR1	4	4	0
C7	4	4	0
C9	4	4	0
CACNA1B	4	4	0
CACNA1D	4	4	0
CACNA1H	4	4	0
CACNG6	4	4	0
CALCA	4	4	0
CALCR	4	4	0
CALCRL	4	4	0
CAMKMT	4	4	0
CAMLG	4	4	0
CAP2	4	4	0
CAPZA2	4	4	0
CAPZB	4	4	0
CASP14	4	4	0
CASP6	4	4	0
CASP7	4	4	0
CAV1	4	4	0
CAV3	4	4	0
CBFB	4	4	0
CBLIF	4	4	0
CBX5	4	4	0
CBY1	4	4	0
CCDC22	4	4	0
CCL5	4	4	0
CCNA1	4	4	0
CCND2	4	4	0
CCP110	4	4	0
CCR3	4	4	0
CCR4	4	4	0
CD160	4	4	0
CD177	4	4	0
CD1B	4	4	0
CD274	4	4	1
CD320	4	4	0
CD36	4	4	0
CD3G	4	4	0
CD5L	4	4	0
CD74	4	4	0
CDC42EP2	4	4	0
CDC7	4	4	0
CDH15	4	4	0
CDH8	4	4	0
CDK1	4	4	0
CDK4	4	4	0
CDK6	4	4	0
CDK8	4	4	0
CDK9	4	4	0
CDKN1A	4	4	0
CDKN2B	4	4	0
CELA2A	4	4	0
CENPA	4	4	0
CFB	4	4	0
CFD	4	4	0
CFHR5	4	4	0
CFTR	4	4	0
CHD4	4	4	0
CHD5	4	4	0
CHD6	4	4	0
CHD8	4	4	0
CHEK1	4	4	0
CHEK2	4	4	0
CHML	4	4	0
CHST10	4	4	0
CIT	4	4	0
CITED4	4	4	0
CLCF1	4	4	0
CLEC4E	4	4	0
CLEC5A	4	4	0
CLEC6A	4	4	0
CLIP3	4	4	0
CLNS1A	4	4	0
CLU	4	4	0
CLVS1	4	4	0
CLVS2	4	4	0
CNIH3	4	4	0
CNTF	4	4	0
COL10A1	4	4	0
COL17A1	4	4	0
COL18A1	4	4	0
COL1A1	4	4	0
COPB1	4	4	0
CPSF7	4	4	0
CR1	4	4	0
CREB3	4	4	0
CRK	4	4	0
CRY1	4	4	0
CSF1	4	4	0
CSF3R	4	4	0
CSNK2B	4	4	0
CSTF1	4	4	0
CTDNEP1	4	4	0
CTNNBIP1	4	4	0
CTNND1	4	4	0
CYB5R1	4	4	0
CYP11A1	4	4	0
DAB1	4	4	0
DAD1	4	4	0
DAG1	4	4	0
DCN	4	4	0
DCSTAMP	4	4	0
DCTN5	4	4	0
DCTN6	4	4	0
DCUN1D1	4	4	0
DDOST	4	4	0
DEK	4	4	0
DELE1	4	4	0
DIAPH1	4	4	0
DISP2	4	4	0
DLGAP1	4	4	0
DLGAP2	4	4	0
DLK1	4	4	0
DNA2	4	4	0
DNAJB6	4	4	0
DNAJC2	4	4	0
DNTTIP1	4	4	0
DOCK11	4	4	0
DOCK3	4	4	0
DOK1	4	4	0
DPF3	4	4	0
DPPA2	4	4	0
DRAP1	4	4	0
DROSHA	4	4	0
DSCAM	4	4	0
DTL	4	4	0
DTX4	4	4	0
DUSP5	4	4	0
DYNC1I1	4	4	0
DYRK2	4	4	0
DYSF	4	4	0
EBF2	4	4	0
EEF1AKMT2	4	4	0
EFNB3	4	4	0
EGF	4	4	0
EGLN2	4	4	0
EIF4A1	4	4	0
EIF4H	4	4	0
ELANE	4	4	0
ELAVL1	4	4	0
ELF1	4	4	0
ELMO1	4	4	0
ELOA	4	4	0
ELOA2	4	4	0
EME2	4	4	0
EPB41	4	4	0
EPB41L3	4	4	0
EPM2A	4	4	0
ERLIN1	4	4	0
ESR2	4	4	0
ETV4	4	4	0
EXO1	4	4	0
EXOSC10	4	4	0
EZH2	4	4	0
F12	4	4	0
F7	4	4	0
FBLN2	4	4	1
FBN1	4	4	0
FBXL17	4	4	0
FCGR1A	4	4	0
FCGR2A	4	4	0
FER	4	4	0
FGF1	4	4	0
FGFBP1	4	4	0
FKRP	4	4	0
FMNL1	4	4	0
FMNL2	4	4	0
FOLR1	4	4	0
FOXK2	4	4	0
FRAT2	4	4	0
FRS3	4	4	0
FZD2	4	4	0
FZD7	4	4	0
GAB2	4	4	0
GABARAPL2	4	4	0
GABRA1	4	4	0
GADD45A	4	4	0
GATA4	4	4	0
GATAD2A	4	4	0
GBP2	4	4	0
GC	4	4	0
GET3	4	4	0
GFRA1	4	4	0
GGA2	4	4	0
GGA3	4	4	0
GH1	4	4	0
GHSR	4	4	0
GID4	4	4	0
GJA1	4	4	0
GLA	4	4	0
GNA13	4	4	0
GNAT1	4	4	0
GNAT3	4	4	0
GNB1	4	4	0
GNB2	4	4	0
GNB4	4	4	0
GNG2	4	4	0
GOLGA2	4	4	0
GOLGB1	4	4	0
GOPC	4	4	0
GP9	4	4	0
GPC1	4	4	0
GPIHBP1	4	4	0
GPNMB	4	4	0
GRB10	4	4	0
GRB2	4	4	0
GRIA4	4	4	0
GRK2	4	4	0
GSK3A	4	4	0
GSK3B	4	4	0
GTF2F2	4	4	0
GTF3A	4	4	0
H2BC18	4	4	0
H3-4	4	4	0
HAND2	4	4	0
HAPLN1	4	4	0
HDAC5	4	4	0
HEXA	4	4	0
HIF1A	4	4	0
HIF1AN	4	4	0
HIPK1	4	4	0
HLA-B	4	4	0
HLA-DMA	4	4	0
HLA-G	4	4	0
HNRNPA1	4	4	0
HOXD11	4	4	0
HPN	4	4	0
HRAS	4	4	0
HSP90AB1	4	4	0
HYAL2	4	4	0
IAPP	4	4	0
ICAM1	4	4	0
IDH2	4	4	0
IER3	4	4	0
IFNB1	4	4	0
IFNLR1	4	4	0
IGFBP2	4	4	0
IGHG3	4	4	0
IKBKB	4	4	0
IKBKG	4	4	0
IKZF2	4	4	0
IKZF3	4	4	0
IL10	4	4	0
IL12B	4	4	0
IL1RN	4	4	0
IL24	4	4	0
IL31RA	4	4	0
IL36RN	4	4	0
IL5RA	4	4	0
IL7R	4	4	0
IL9	4	4	0
IL9R	4	4	0
ILF2	4	4	0
ING2	4	4	0
ING4	4	4	0
INHBC	4	4	0
INPPL1	4	4	1
INS	4	4	0
INSIG1	4	4	0
IQGAP1	4	4	0
IQGAP3	4	4	0
IRF3	4	4	0
IRF4	4	4	0
ISG15	4	4	0
ITGA2	4	4	0
ITGA2B	4	4	0
ITGA9	4	4	0
ITGAM	4	4	0
ITGAX	4	4	0
ITGB6	4	4	0
ITGB8	4	4	0
JAK2	4	4	0
JUN	4	4	0
KALRN	4	4	0
KAT2A	4	4	0
KAT2B	4	4	0
KAT6A	4	4	0
KCNJ4	4	4	0
KCNJ9	4	4	0
KCNMB3	4	4	0
KCTD15	4	4	0
KDM1A	4	4	0
KDR	4	4	0
KIDINS220	4	4	0
KIF22	4	4	0
KIF23	4	4	0
KIF3B	4	4	0
KIR2DL4	4	4	0
KIRREL1	4	4	0
KIRREL3	4	4	0
KLK14	4	4	0
KMT2B	4	4	0
KMT2D	4	4	0
KPNA2	4	4	0
KRT27	4	4	0
KRT28	4	4	0
LALBA	4	4	0
LAMA4	4	4	0
LAMA5	4	4	0
LAMB1	4	4	0
LAMB3	4	4	0
LAMP2	4	4	0
LAMTOR2	4	4	0
LAMTOR3	4	4	0
LARGE2	4	4	0
LDLR	4	4	0
LDLRAP1	4	4	0
LEO1	4	4	0
LGI4	4	4	0
LGMN	4	4	0
LIAS	4	4	0
LIF	4	4	0
LIG3	4	4	0
LIG4	4	4	0
LILRB1	4	4	0
LILRB2	4	4	0
LIMD1	4	4	0
LIN7C	4	4	0
LIPE	4	4	0
LMNA	4	4	0
LRP4	4	4	0
LRP8	4	4	0
LRRC52	4	4	0
LSR	4	4	0
LTA	4	4	0
LTB	4	4	0
LTBP3	4	4	0
LTBR	4	4	0
LYVE1	4	4	0
MAD1L1	4	4	0
MAD2L1	4	4	0
MAGI2	4	4	0
MAGOH	4	4	0
MAGT1	4	4	0
MALSU1	4	4	0
MALT1	4	4	0
MAML1	4	4	0
MAP2K5	4	4	0
MAP2K7	4	4	0
MAP3K1	4	4	0
MAP3K14	4	4	0
MAP3K8	4	4	0
MAS1	4	4	0
MASP1	4	4	0
MASP2	4	4	0
MBD3	4	4	0
MBTPS2	4	4	0
MCF2	4	4	0
MCM10	4	4	0
MCM2	4	4	0
MDM4	4	4	0
MEFV	4	4	0
MERTK	4	4	0
METAP1	4	4	0
METTL21A	4	4	0
MFN2	4	4	0
MGA	4	4	0
MLH1	4	4	0
MLKL	4	4	0
MLPH	4	4	0
MLST8	4	4	0
MMP1	4	4	0
MMP11	4	4	0
MMP13	4	4	0
MMP2	4	4	0
MMP7	4	4	0
MORC2	4	4	0
MPG	4	4	0
MSRB1	4	4	0
MSRB3	4	4	0
MTMR12	4	4	0
MTOR	4	4	0
MTRFR	4	4	0
MYB	4	4	0
MYBL2	4	4	0
MYH11	4	4	0
MYH2	4	4	0
MYO5A	4	4	0
NANOG	4	4	0
NAPA	4	4	0
NAT8	4	4	0
NAT8B	4	4	0
NCBP1	4	4	0
NCK1	4	4	0
NCOR2	4	4	0
NCR1	4	4	0
NCR3LG1	4	4	0
NDUFAB1	4	4	0
NECTIN2	4	4	0
NEDD8	4	4	0
NEIL3	4	4	0
NEK6	4	4	0
NEU1	4	4	0
NEU4	4	4	0
NFATC1	4	4	0
NFATC3	4	4	0
NFE2	4	4	0
NFE2L2	4	4	0
NFKBIA	4	4	0
NFKBIB	4	4	0
NFU1	4	4	0
NFYA	4	4	0
NLRC5	4	4	0
NLRP1	4	4	0
NLRP4	4	4	0
NOP58	4	4	0
NOTCH2	4	4	0
NOTCH4	4	4	0
NOX3	4	4	0
NPTN	4	4	0
NR2C2	4	4	0
NRCAM	4	4	0
NRF1	4	4	0
NRTN	4	4	0
NTN4	4	4	0
NTRK1	4	4	0
NUB1	4	4	0
OPRM1	4	4	0
OPTC	4	4	0
OPTN	4	4	0
OSCAR	4	4	0
OST4	4	4	0
OTUB1	4	4	0
OTULIN	4	4	0
P4HA1	4	4	0
PAFAH1B3	4	4	0
PAPPA2	4	4	0
PARP1	4	4	0
PAX3	4	4	0
PCGF6	4	4	0
PCNA	4	4	0
PCNT	4	4	0
PCSK2	4	4	0
PDE5A	4	4	0
PDE6G	4	4	0
PDGFD	4	4	0
PDGFRB	4	4	0
PDLIM5	4	4	0
PELI2	4	4	0
PELI3	4	4	0
PER1	4	4	0
PFKFB1	4	4	0
PGF	4	4	0
PGK1	4	4	0
PHC1	4	4	0
PHC3	4	4	0
PIGK	4	4	0
PIK3C3	4	4	0
PIK3CA	4	4	0
PIK3R3	4	4	0
PIP4K2C	4	4	0
PKMYT1	4	4	0
PLA2G4A	4	4	0
PLAU	4	4	0
PLCB2	4	4	0
PLCB3	4	4	0
POLD1	4	4	0
POLE2	4	4	0
POLH	4	4	0
POMGNT1	4	4	0
POMT1	4	4	0
POMT2	4	4	0
POU2F1	4	4	0
POU2F2	4	4	0
POU3F2	4	4	0
POU4F2	4	4	0
PPARA	4	4	0
PPEF1	4	4	0
PPFIA4	4	4	0
PPFIBP1	4	4	0
PPP1R12B	4	4	0
PPP2CA	4	4	0
PPP2R2D	4	4	0
PPP2R5B	4	4	0
PPP5C	4	4	0
PRDX5	4	4	0
PRKAA1	4	4	0
PRKACG	4	4	0
PRKAG1	4	4	0
PRKCA	4	4	0
PRKCG	4	4	0
PRKCZ	4	4	0
PRMT5	4	4	0
PROS1	4	4	0
PSEN1	4	4	0
PSENEN	4	4	0
PSPN	4	4	0
PTPN11	4	4	0
PTPN3	4	4	1
PTPRC	4	4	0
PTPRS	4	4	0
PVR	4	4	0
PYCARD	4	4	0
RAB11A	4	4	0
RAB11FIP2	4	4	0
RAB12	4	4	0
RAB21	4	4	0
RAB32	4	4	0
RAB3GAP2	4	4	0
RAB8A	4	4	0
RAB9A	4	4	0
RABEP1	4	4	0
RABGAP1	4	4	0
RAC2	4	4	0
RAD1	4	4	0
RAD21	4	4	0
RAD52	4	4	0
RAF1	4	4	0
RALGAPB	4	4	0
RALGDS	4	4	0
RAP1A	4	4	0
RARA	4	4	0
RASGRP1	4	4	0
RBBP4	4	4	0
RBCK1	4	4	0
RBM14	4	4	0
RBM8A	4	4	0
RCOR1	4	4	0
RELA	4	4	0
RGL2	4	4	0
RGMB	4	4	0
RHO	4	4	0
RHOBTB1	4	4	0
RHOD	4	4	0
RHPN2	4	4	0
RIF1	4	4	0
RIT2	4	4	0
RMI1	4	4	0
RMI2	4	4	0
RNASEL	4	4	0
RNF111	4	4	0
RNF123	4	4	0
RNF146	4	4	0
RNF152	4	4	0
RNF181	4	4	0
RNF31	4	4	0
ROR2	4	4	0
RPGRIP1L	4	4	0
RPTOR	4	4	0
RRAGA	4	4	0
RRAS	4	4	0
RSPO3	4	4	0
RUNX3	4	4	0
RUVBL1	4	4	0
RYK	4	4	0
S100A10	4	4	0
SAE1	4	4	0
SEC23A	4	4	0
SELE	4	4	0
SELL	4	4	0
SEMA6A	4	4	0
SENP5	4	4	0
SERPINA10	4	4	0
SERPINA5	4	4	0
SERPINB1	4	4	0
SESN1	4	4	0
SETD1B	4	4	0
SETDB1	4	4	0
SFTPA2	4	4	0
SGCB	4	4	0
SGCG	4	4	0
SGCZ	4	4	0
SGTA	4	4	0
SH3KBP1	4	4	0
SHARPIN	4	4	0
SHB	4	4	0
SHC2	4	4	0
SHOC2	4	4	0
SIAH1	4	4	0
SIGLEC14	4	4	0
SIRPA	4	4	0
SIRPB1	4	4	0
SIRPG	4	4	0
SIRT1	4	4	0
SIRT2	4	4	0
SIRT5	4	4	0
SKP2	4	4	0
SLC15A4	4	4	0
SMAD1	4	4	0
SMAD2	4	4	0
SMAD3	4	4	0
SMAD4	4	4	0
SMPD1	4	4	0
SNAP23	4	4	0
SNF8	4	4	0
SNTB1	4	4	0
SOCS5	4	4	0
SOD2	4	4	0
SOX17	4	4	0
SPHK1	4	4	0
SPI1	4	4	0
SPINK5	4	4	0
SPINK9	4	4	0
SPRY1	4	4	0
SPTBN1	4	4	0
SRY	4	4	0
SS18L1	4	4	0
STAT4	4	4	0
STAT5B	4	4	0
STING1	4	4	0
STK24	4	4	0
STUB1	4	4	0
STX10	4	4	0
STX16	4	4	0
STX1A	4	4	0
STX6	4	4	0
STXBP2	4	4	0
SUMO2	4	4	0
SYNJ1	4	4	0
SYT9	4	4	0
TAB1	4	4	0
TASL	4	4	0
TAX1BP1	4	4	0
TBC1D14	4	4	0
TBC1D20	4	4	0
TBK1	4	4	0
TBX3	4	4	0
TCF3	4	4	0
TEAD4	4	4	0
TESK1	4	4	0
TFE3	4	4	0
TFEB	4	4	0
TFPI	4	4	0
TGFB1	4	4	0
TGFB3	4	4	0
TGFBR1	4	4	0
TGFBR2	4	4	0
TGIF1	4	4	0
THRB	4	4	0
TIFA	4	4	0
TIMELESS	4	4	0
TJP2	4	4	0
TLL1	4	4	0
TLR1	4	4	0
TLR5	4	4	0
TMED10	4	4	0
TNFAIP3	4	4	0
TNFRSF17	4	4	0
TNFSF13B	4	4	0
TNFSF15	4	4	0
TNNI3	4	4	0
TNNT3	4	4	0
TNR	4	4	0
TNS4	4	4	0
TOMM70	4	4	0
TOR1A	4	4	0
TP53BP2	4	4	0
TP53RK	4	4	0
TRAC	4	4	0
TRBV12-3	4	4	0
TRBV7-9	4	4	0
TREM2	4	4	0
TRIM32	4	4	0
TRIM56	4	4	0
TRIM72	4	4	0
TRPC4	4	4	0
TRPC6	4	4	0
TSPAN15	4	4	0
TUSC3	4	4	0
TWIST1	4	4	0
TXLNA	4	4	0
TXNIP	4	4	0
UBAP1	4	4	0
UBE2D1	4	4	0
UBE2E1	4	4	0
UBE2M	4	4	0
UBQLN2	4	4	0
UBTF	4	4	0
UCHL3	4	4	0
UHRF1	4	4	0
UNC5B	4	4	0
UQCC6	4	4	0
UQCR10	4	4	0
USO1	4	4	0
USP30	4	4	0
USP48	4	4	0
USP7	4	4	1
USP8	4	4	0
UTRN	4	4	0
UVRAG	4	4	0
VAMP4	4	4	0
VCPKMT	4	4	0
VDR	4	4	0
WAPL	4	4	0
WAS	4	4	0
WDR20	4	4	0
WIPF3	4	4	0
WLS	4	4	0
WNT9A	4	4	0
WT1	4	4	0
XPC	4	4	0
XPO1	4	4	0
XRCC5	4	4	0
YAF2	4	4	0
YAP1	4	4	0
YEATS4	4	4	0
YY1	4	4	0
ZCCHC7	4	4	0
ZCCHC8	4	4	0
ZFP36	4	4	0
ZFYVE16	4	4	0
ZNF143	4	4	0
ZNF385A	4	4	0
ZNF45	4	4	0
ABCE1	5	0	0
ABHD17B	5	0	0
ABL2	5	0	0
ABRAXAS1	5	0	0
ACBD3	5	0	0
ACOX1	5	0	0
ACSS2	5	0	0
ACTA2	5	0	0
ACTG1	5	0	0
ACTN3	5	0	0
ACTR10	5	0	0
ACVR1B	5	0	0
ADCY3	5	0	0
ADCYAP1	5	0	0
ADRA1D	5	0	0
AGAP2	5	0	0
AGL	5	0	0
AGO2	5	0	0
AGO3	5	0	0
AGO4	5	0	0
AGTR2	5	0	0
AIM2	5	0	0
AJUBA	5	0	0
AKAP5	5	0	0
AKT2	5	0	0
ALKAL2	5	0	0
ALOX5AP	5	0	0
AMBP	5	0	0
ANKLE2	5	0	0
ANPEP	5	0	0
ANTXR2	5	0	0
ANXA6	5	0	0
AP1G2	5	0	0
AP2A1	5	0	0
AP2B1	5	0	0
AP4M1	5	0	0
AP4S1	5	0	0
APAF1	5	0	0
APBA1	5	0	0
ARF1	5	0	0
ARF6	5	0	0
ARFGAP1	5	0	0
ARHGAP1	5	0	0
ARHGAP32	5	0	0
ARHGEF25	5	0	0
ARID1B	5	0	0
ARIH1	5	0	0
ARL2	5	0	0
ARSA	5	0	0
ASF1A	5	0	0
ASXL1	5	0	0
ATF4	5	0	0
ATG5	5	0	0
ATG7	5	0	0
ATP1B3	5	0	0
ATRIP	5	0	0
ATXN3	5	0	0
AURKB	5	0	0
AVP	5	0	0
AVPR1A	5	0	0
AXIN2	5	0	0
B3GALNT2	5	0	0
BACH2	5	0	0
BATF	5	0	0
BBC3	5	0	0
BCHE	5	0	0
BCKDHB	5	0	0
BDNF	5	0	0
BECN1	5	0	0
BET1L	5	0	0
BIRC5	5	0	0
BMF	5	0	0
BOD1	5	0	0
BTK	5	0	0
BUB3	5	0	0
C1S	5	0	0
C2CD5	5	0	0
C3AR1	5	0	0
C4BPB	5	0	0
C5AR2	5	0	0
C8G	5	0	0
CACNA1D	5	0	0
CACNA2D2	5	0	0
CACNB4	5	0	0
CACNG8	5	0	0
CALM1	5	0	0
CALM3	5	0	0
CALR	5	0	0
CAMKK2	5	0	0
CAP2	5	0	0
CAPNS1	5	0	0
CAPZA1	5	0	0
CARD11	5	0	0
CARD8	5	0	0
CARD9	5	0	0
CARM1	5	0	0
CASC3	5	0	0
CASP14	5	0	0
CASP2	5	0	0
CAST	5	0	0
CAVIN1	5	0	0
CBX5	5	0	0
CCDC22	5	0	0
CCDC59	5	0	0
CCL4	5	0	0
CCL5	5	0	0
CCND2	5	0	0
CCNG1	5	0	0
CCNT1	5	0	0
CCR4	5	0	0
CD14	5	0	0
CD2AP	5	0	0
CD320	5	0	0
CD36	5	0	0
CD40	5	0	0
CD5L	5	0	0
CD79B	5	0	0
CD96	5	0	0
CDC14A	5	0	0
CDC25A	5	0	0
CDCA5	5	0	0
CDH1	5	0	0
CDH11	5	0	0
CDH8	5	0	0
CDK2AP2	5	0	0
CDK8	5	0	0
CDK9	5	0	0
CDKN1B	5	0	0
CDKN2C	5	0	0
CEBPD	5	0	0
CETN2	5	0	0
CFC1	5	0	0
CFHR1	5	0	0
CFHR4	5	0	0
CFL1	5	0	0
CHD3	5	0	0
CHD8	5	0	0
CHML	5	0	0
CITED2	5	0	0
CLVS1	5	0	0
CMA1	5	0	0
CNGA4	5	0	0
CNPY3	5	0	0
CNTFR	5	0	0
COL3A1	5	0	0
COPB1	5	0	0
COPB2	5	0	0
CPA3	5	0	0
CPS1	5	0	0
CRABP2	5	0	0
CRADD	5	0	0
CREB1	5	0	0
CRTC1	5	0	0
CSF2RA	5	0	0
CSNK2A3	5	0	0
CSTF3	5	0	0
CTF1	5	0	0
CTNNB1	5	0	0
CTNNBIP1	5	0	0
CTNND1	5	0	0
CTTN	5	0	0
CUL9	5	0	0
CYBA	5	0	0
CYP11A1	5	0	0
CYTH1	5	0	0
CYTH3	5	0	0
DAB1	5	0	0
DAPP1	5	0	0
DAXX	5	0	0
DCAF8L2	5	0	0
DCC	5	0	0
DCX	5	0	0
DENND1A	5	0	0
DENND4B	5	0	0
DENND4C	5	0	0
DENND5B	5	0	0
DENND6A	5	0	0
DGCR8	5	0	0
DLAT	5	0	0
DLGAP4	5	0	0
DMD	5	0	0
DNAJB1	5	0	0
DNMT3L	5	0	0
DOCK2	5	0	0
DOCK3	5	0	0
DOCK8	5	0	0
DOK2	5	0	0
DPH1	5	0	0
DSG1	5	0	0
DSP	5	0	1
DSPP	5	0	0
DUSP3	5	0	0
DUSP6	5	0	0
DUSP9	5	0	0
DVL3	5	0	0
DYRK2	5	0	0
E2F1	5	0	0
E2F3	5	0	0
EEF1AKMT1	5	0	0
EEF1AKMT2	5	0	0
EEF1D	5	0	0
EEF2KMT	5	0	0
EGLN3	5	0	0
EGR2	5	0	0
EHD1	5	0	0
EHD2	5	0	0
EIF2AK1	5	0	0
EIF4A1	5	0	0
EIF4A3	5	0	0
EIF4E	5	0	0
EIF4EBP1	5	0	0
EIF4G1	5	0	0
ELANE	5	0	0
ELF1	5	0	0
ELF2	5	0	0
ELMO1	5	0	0
EME2	5	0	0
ENSA	5	0	0
EOMES	5	0	0
EPAS1	5	0	0
EPB41	5	0	0
EPC1	5	0	0
EPN2	5	0	0
ERBB3	5	0	0
ERBB4	5	0	0
ERCC6	5	0	0
ERF	5	0	0
ESR2	5	0	0
EVL	5	0	0
EXO1	5	0	0
F8	5	0	0
FABP5	5	0	0
FAS	5	0	0
FBLN2	5	0	1
FBXL17	5	0	0
FBXL21P	5	0	0
FBXL3	5	0	0
FCER1A	5	0	0
FGF9	5	0	0
FGFBP1	5	0	0
FGFR1OP2	5	0	0
FGFR2	5	0	0
FIRRM	5	0	0
FKBPL	5	0	0
FKRP	5	0	0
FLNB	5	0	0
FMNL2	5	0	0
FN1	5	0	0
FOSB	5	0	0
FOXK1	5	0	0
FOXK2	5	0	0
FOXO1	5	0	0
FOXO3	5	0	0
FPR3	5	0	0
FRK	5	0	0
FST	5	0	0
FZD2	5	0	0
FZD5	5	0	0
GABARAPL2	5	0	0
GABRG3	5	0	0
GALNT2	5	0	0
GATA3	5	0	0
GATA4	5	0	0
GBE1	5	0	0
GC	5	0	0
GDI2	5	0	0
GGA1	5	0	0
GGA3	5	0	0
GH1	5	0	0
GIT1	5	0	0
GLB1	5	0	0
GLRA3	5	0	0
GLRB	5	0	0
GNA14	5	0	0
GNAL	5	0	0
GNB4	5	0	0
GNB5	5	0	0
GNG2	5	0	0
GOLGA2	5	0	0
GP1BA	5	0	0
GPR37	5	0	0
GPX7	5	0	0
GRAP	5	0	0
GRB7	5	0	0
GRIA1	5	0	0
GRIN2D	5	0	0
GRK6	5	0	0
GSK3B	5	0	0
GTF2A1	5	0	0
GTF2E2	5	0	0
GTSE1	5	0	0
GZMB	5	0	0
H2AX	5	0	0
H2BC21	5	0	0
H3-4	5	0	0
HBB	5	0	0
HDAC2	5	0	0
HERC5	5	0	0
HHAT	5	0	0
HHIP	5	0	0
HIF1AN	5	0	0
HIKESHI	5	0	0
HIPK1	5	0	0
HIRA	5	0	0
HLA-DMA	5	0	0
HLA-DQA1	5	0	1
HMGA1	5	0	0
HP	5	0	0
HPS4	5	0	0
HSP90B1	5	0	0
HSPA1A	5	0	0
HSPA5	5	0	0
HSPA8	5	0	0
HSPB1	5	0	0
ICAM1	5	0	0
ID1	5	0	0
IFITM1	5	0	0
IFNG	5	0	0
IGFBP1	5	0	0
IGFBP5	5	0	0
IGHA1	5	0	0
IGHD	5	0	0
IGHE	5	0	0
IKBKG	5	0	0
IKZF1	5	0	0
IKZF2	5	0	0
IL11	5	0	0
IL13RA2	5	0	0
IL18R1	5	0	0
IL1RAPL1	5	0	0
IL1RAPL2	5	0	0
IL20RB	5	0	0
IL2RA	5	0	0
IL36B	5	0	0
IL38	5	0	0
IL3RA	5	0	0
IL6	5	0	0
IL7	5	0	0
IL9	5	0	0
IL9R	5	0	0
INHBA	5	0	0
INSIG1	5	0	0
IPO8	5	0	0
IQGAP3	5	0	0
IRAK1	5	0	0
ITGA1	5	0	0
ITGA7	5	0	0
ITGAD	5	0	0
ITGB1	5	0	0
ITGB2	5	0	0
ITGB3BP	5	0	0
JADE1	5	0	0
JAG2	5	0	0
JMY	5	0	0
KCNJ14	5	0	0
KDM8	5	0	0
KGD4	5	0	0
KHDRBS2	5	0	0
KIF17	5	0	0
KIF4A	5	0	0
KIFAP3	5	0	0
KIR2DL4	5	0	0
KIR2DS2	5	0	0
KLC1	5	0	0
KLC2	5	0	0
KLK3	5	0	0
KLRK1	5	0	0
KMT2A	5	0	0
KPNA1	5	0	0
KPNA6	5	0	0
KREMEN2	5	0	0
KRT14	5	0	0
KRT26	5	0	0
L1CAM	5	0	0
L3MBTL2	5	0	0
LAG3	5	0	0
LAMA5	5	0	0
LCK	5	0	0
LEO1	5	0	0
LGI2	5	0	0
LGMN	5	0	0
LHX3	5	0	0
LILRA1	5	0	0
LIN7C	5	0	0
LINGO1	5	0	0
LRFN2	5	0	0
LRFN3	5	0	0
LRFN4	5	0	0
LTBP1	5	0	0
LYPLA1	5	0	0
MAD2L2	5	0	0
MADD	5	0	0
MAF1	5	0	0
MAP1LC3B	5	0	0
MAPK12	5	0	0
MAPK6	5	0	0
MAPK9	5	0	0
MAPKAPK5	5	0	0
MAS1	5	0	0
MBD3	5	0	0
MBD3L2	5	0	0
MBL2	5	0	0
MBTPS1	5	0	0
MCAT	5	0	0
MCF2	5	0	0
MCM8	5	0	0
ME1	5	0	0
MEF2B	5	0	0
MEN1	5	0	0
METTL21A	5	0	0
MIA3	5	0	0
MIEF1	5	0	0
MIS18A	5	0	0
MKLN1	5	0	0
MLH1	5	0	0
MMP1	5	0	0
MMP11	5	0	0
MMP12	5	0	0
MMP2	5	0	0
MON1A	5	0	0
MPIG6B	5	0	0
MSGN1	5	0	0
MSH2	5	0	0
MT-CYB	5	0	0
MT-RNR2	5	0	0
MTA3	5	0	0
MTF2	5	0	0
MTMR4	5	0	0
MYD88	5	0	0
MYF5	5	0	0
MYH14	5	0	0
MYL12B	5	0	0
MYO5A	5	0	0
MYO6	5	0	0
MYO9B	5	0	0
MYSM1	5	0	0
NCAM1	5	0	0
NCBP2	5	0	0
NCOA1	5	0	0
NCOR2	5	0	0
NCSTN	5	0	0
NECTIN2	5	0	0
NECTIN4	5	0	0
NEIL3	5	0	0
NEK2	5	0	0
NELFA	5	0	0
NF2	5	0	0
NFATC3	5	0	0
NGFR	5	0	0
NHEJ1	5	0	0
NLRC4	5	0	0
NLRC5	5	0	0
NLRP1	5	0	0
NMT2	5	0	0
NOC2L	5	0	0
NODAL	5	0	0
NOTCH2NLA	5	0	0
NOTCH4	5	0	0
NOXA1	5	0	0
NPHP1	5	0	0
NPHP4	5	0	0
NPNT	5	0	0
NR2E1	5	0	0
NRAS	5	0	0
NRG4	5	0	0
NRP2	5	0	0
NTN1	5	0	0
NUDC	5	0	0
NUMA1	5	0	0
OGDH	5	0	0
ORAI1	5	0	0
ORC2	5	0	0
ORC3	5	0	0
OTULIN	5	0	0
P4HA3	5	0	0
PAFAH1B1	5	0	0
PAPPA	5	0	0
PAQR3	5	0	0
PARD6A	5	0	0
PARD6B	5	0	0
PARK7	5	0	0
PARN	5	0	0
PAXIP1	5	0	0
PCGF6	5	0	0
PCOLCE	5	0	0
PCSK2	5	0	0
PDE4B	5	0	0
PDE6B	5	0	0
PDE6D	5	0	0
PDE6G	5	0	0
PDGFC	5	0	0
PDGFRA	5	0	0
PEBP1	5	0	0
PECAM1	5	0	0
PELI3	5	0	0
PER1	5	0	0
PER2	5	0	0
PEX12	5	0	0
PEX2	5	0	0
PHKA1	5	0	0
PIK3C3	5	0	0
PIK3CA	5	0	0
PIK3CG	5	0	0
PIK3R1	5	0	0
PIK3R2	5	0	0
PIK3R3	5	0	0
PIN1	5	0	0
PIP5K1C	5	0	0
PKN1	5	0	0
PKN2	5	0	0
PLAT	5	0	0
PLCG2	5	0	0
PLXNA3	5	0	0
PLXNC1	5	0	1
PNKP	5	0	0
POLA2	5	0	0
POLB	5	0	0
POLE3	5	0	0
POMGNT2	5	0	0
POMK	5	0	0
POMT1	5	0	0
POU3F1	5	0	0
PPFIA4	5	0	0
PPP1CB	5	0	0
PPP1CC	5	0	0
PPP2R1A	5	0	0
PPP2R2D	5	0	0
PPP2R5D	5	0	0
PPP3CC	5	0	0
PPP6R1	5	0	0
PREB	5	0	0
PREX2	5	0	0
PRKAB1	5	0	0
PRKAG1	5	0	0
PROC	5	0	0
PROCR	5	0	0
PRSS1	5	0	0
PRSS8	5	0	0
PRX	5	0	0
PSEN2	5	0	0
PSENEN	5	0	0
PSIP1	5	0	0
PSMD11	5	0	0
PSMD12	5	0	0
PSMD4	5	0	0
PSME4	5	0	0
PTBP1	5	0	0
PTCH1	5	0	0
PTK2	5	0	0
PTPN2	5	0	0
PTPN7	5	0	0
PTS	5	0	0
PYGB	5	0	0
RAB11FIP2	5	0	0
RAB12	5	0	0
RAB18	5	0	0
RAB21	5	0	0
RAB3A	5	0	0
RAB8A	5	0	0
RABGGTA	5	0	0
RAC2	5	0	0
RAMAC	5	0	0
RAMP1	5	0	0
RAP1A	5	0	0
RAP1GAP2	5	0	0
RARA	5	0	0
RARG	5	0	0
RASA1	5	0	0
RBM8A	5	0	0
RCHY1	5	0	0
REPS2	5	0	0
RGL3	5	0	0
RGMB	5	0	0
RGS9BP	5	0	0
RHOF	5	0	0
RHOH	5	0	0
RIMS1	5	0	0
RIPK2	5	0	0
RIT2	5	0	0
RMI2	5	0	0
RMND5A	5	0	0
RNF123	5	0	0
RNF41	5	0	0
RNGTT	5	0	0
RORC	5	0	0
RPS6KB1	5	0	0
RPTOR	5	0	0
RSPO1	5	0	0
RTN4R	5	0	0
S100A8	5	0	0
SAE1	5	0	0
SCAP	5	0	0
SCFD1	5	0	0
SCRIB	5	0	0
SCUBE2	5	0	0
SEC23A	5	0	0
SEC23IP	5	0	0
SEC24B	5	0	0
SEC31A	5	0	0
SELP	5	0	0
SEMA4D	5	0	0
SEMA6A	5	0	0
SETD1A	5	0	0
SETD1B	5	0	0
SETD9	5	0	0
SETDB1	5	0	0
SFTPA1	5	0	0
SFTPA2	5	0	0
SFTPD	5	0	0
SGCB	5	0	0
SGCG	5	0	0
SGK2	5	0	0
SGK3	5	0	0
SGO1	5	0	0
SH2B2	5	0	0
SH3GL2	5	0	0
SHANK2	5	0	0
SHARPIN	5	0	0
SHOC2	5	0	0
SIGLEC16	5	0	0
SIKE1	5	0	0
SIPA1L1	5	0	0
SIRT5	5	0	0
SKAP2	5	0	0
SKIC8	5	0	0
SKIL	5	0	0
SKP1	5	0	0
SKP2	5	0	0
SLA	5	0	0
SLA2	5	0	0
SLC15A4	5	0	0
SLC16A1	5	0	0
SLC18A3	5	0	0
SLC8A3	5	0	0
SLCO3A1	5	0	0
SLIT1	5	0	0
SLX4	5	0	0
SMAD1	5	0	0
SMAD6	5	0	0
SMARCD1	5	0	0
SMARCD2	5	0	0
SMPD2	5	0	0
SMPD3	5	0	0
SNTB1	5	0	0
SNW1	5	0	0
SOCS3	5	0	0
SOST	5	0	0
SOX10	5	0	0
SOX2	5	0	0
SP100	5	0	0
SPC25	5	0	0
SPI1	5	0	0
SPIDR	5	0	0
SPINK6	5	0	0
SPN	5	0	0
SPOPL	5	0	0
SPR	5	0	0
SPRY1	5	0	0
SREBF1	5	0	0
SREBF2	5	0	0
SRF	5	0	0
SS18L1	5	0	0
STAT5A	5	0	0
STAT5B	5	0	0
STAT6	5	0	0
STK4	5	0	0
STRADA	5	0	0
STRADB	5	0	0
STRAP	5	0	0
STRN	5	0	0
STX6	5	0	0
SUDS3	5	0	0
SUFU	5	0	1
SUPT4H1	5	0	0
SUV39H1	5	0	0
SYT2	5	0	0
SYVN1	5	0	0
TAB1	5	0	0
TAF1	5	0	0
TAP2	5	0	0
TAPBP	5	0	0
TBX21	5	0	0
TCF7	5	0	0
TEC	5	0	0
TEK	5	0	0
TENT4B	5	0	0
TFAM	5	0	0
TFAP2B	5	0	0
TFAP2C	5	0	0
TFEB	5	0	0
TGFBR2	5	0	0
TGIF1	5	0	0
THBS1	5	0	0
THRB	5	0	0
TICAM1	5	0	0
TICAM2	5	0	0
TICRR	5	0	0
TIMP2	5	0	0
TLE4	5	0	0
TLL2	5	0	0
TLR3	5	0	0
TLR7	5	0	0
TMPRSS2	5	0	0
TNFRSF12A	5	0	0
TNFRSF6B	5	0	0
TNFSF12	5	0	0
TNIP3	5	0	0
TNRC6B	5	0	0
TNRC6C	5	0	0
TOMM20	5	0	0
TPST1	5	0	0
TPX2	5	0	0
TRAC	5	0	0
TRAF2	5	0	0
TRBC1	5	0	0
TRBV12-3	5	0	0
TRBV7-9	5	0	0
TRPC5	5	0	0
TRPC7	5	0	0
TSC2	5	0	0
TSFM	5	0	0
TSPAN5	5	0	0
TSPOAP1	5	0	0
TTF1	5	0	0
TUSC3	5	0	0
TXNRD2	5	0	0
TYRO3	5	0	0
TYSND1	5	0	0
UBAP1	5	0	0
UBE2D1	5	0	0
UBE2F	5	0	0
UBXN1	5	0	0
UBXN7	5	0	0
UCHL5	5	0	0
UFD1	5	0	0
UHMK1	5	0	0
UPF2	5	0	0
UPF3A	5	0	0
UQCC5	5	0	0
UQCC6	5	0	0
UQCRQ	5	0	0
USP1	5	0	0
USP11	5	0	0
USP13	5	0	0
USP21	5	0	0
USP25	5	0	0
USP30	5	0	0
USP4	5	0	0
USP45	5	0	0
USP47	5	0	0
UVRAG	5	0	0
VANGL2	5	0	0
VAV2	5	0	0
VCAM1	5	0	0
VCPIP1	5	0	0
VEGFB	5	0	0
VENTX	5	0	0
VPS37C	5	0	0
VRK1	5	0	0
VTI1A	5	0	0
VWF	5	0	0
WDR26	5	0	0
WHAMM	5	0	0
WIPF2	5	0	0
WIPF3	5	0	0
WLS	5	0	0
WNT5A	5	0	0
WNT8B	5	0	0
WRN	5	0	0
WWC1	5	0	0
WWOX	5	0	0
XPA	5	0	0
XPO1	5	0	0
XPO5	5	0	0
XPOT	5	0	0
XRCC4	5	0	0
YAF2	5	0	0
YKT6	5	0	0
ZBTB17	5	0	0
ZBTB35	5	0	0
ZDHHC7	5	0	0
ZFAND6	5	0	0
ZFC3H1	5	0	0
ZFP36	5	0	0
ZFPM2	5	0	0
ZMYM2	5	0	0
ZNF385A	5	0	0
ZNF423	5	0	0
ZNF74	5	0	0
ZNF93	5	0	0
ZWINT	5	0	0
ABCA7	5	1	0
ABHD17A	5	1	0
ABL1	5	1	0
ABLIM3	5	1	0
ACAT1	5	1	0
ACIN1	5	1	0
ACTG2	5	1	0
ACVR2A	5	1	0
ADAM23	5	1	0
ADAMTS5	5	1	0
ADCYAP1R1	5	1	0
ADD2	5	1	0
ADM2	5	1	0
ADNP2	5	1	0
ADRB2	5	1	0
AHCYL1	5	1	0
AHR	5	1	0
ALCAM	5	1	0
ALK	5	1	0
AMBRA1	5	1	0
ANGPT4	5	1	0
ANGPTL4	5	1	0
ANK1	5	1	0
ANKRD27	5	1	0
ANOS1	5	1	0
ANTXR1	5	1	0
ANXA2	5	1	0
APBB1	5	1	0
APC	5	1	0
APEX2	5	1	0
APH1A	5	1	0
APOBR	5	1	0
APPL1	5	1	0
AQP2	5	1	0
AR	5	1	0
ARAP1	5	1	0
ARF4	5	1	0
ARHGDIB	5	1	0
ARHGDIG	5	1	0
ARID2	5	1	0
ARNT	5	1	1
ARNT2	5	1	0
ARPP19	5	1	0
ASAP1	5	1	0
ASH2L	5	1	0
ATF6B	5	1	0
ATG12	5	1	0
ATG13	5	1	0
ATP1A1	5	1	0
ATP1B4	5	1	0
ATRX	5	1	0
AVPR1B	5	1	0
BABAM2	5	1	0
BACH1	5	1	0
BAIAP2	5	1	0
BANF1	5	1	0
BANP	5	1	0
BARD1	5	1	0
BCL2	5	1	0
BCL9L	5	1	0
BDKRB1	5	1	0
BICD1	5	1	0
BICRAL	5	1	0
BID	5	1	0
BIRC3	5	1	0
BMAL2	5	1	0
BMPR1A	5	1	0
BMPR1B	5	1	0
BNIP2	5	1	0
BOC	5	1	0
BRAF	5	1	0
BRCA1	5	1	0
BRCA2	5	1	0
BRD7	5	1	0
BRD9	5	1	0
BRIP1	5	1	0
C1QA	5	1	0
C1QBP	5	1	0
C1R	5	1	0
C2	5	1	0
C5AR1	5	1	0
C8B	5	1	0
CAB39L	5	1	0
CACNA1B	5	1	0
CACNA1C	5	1	0
CACNB1	5	1	0
CACNG4	5	1	0
CADM2	5	1	0
CALCA	5	1	0
CAMK1	5	1	0
CAMK2A	5	1	0
CAMK2B	5	1	0
CAMK2D	5	1	0
CAMKMT	5	1	0
CAMLG	5	1	0
CAND1	5	1	0
CAPZA2	5	1	0
CASP1	5	1	0
CASP10	5	1	0
CASP6	5	1	0
CASP9	5	1	0
CASTOR1	5	1	0
CAV1	5	1	0
CCDC88C	5	1	0
CCL13	5	1	0
CCL16	5	1	0
CCP110	5	1	0
CD1B	5	1	0
CD22	5	1	0
CD300E	5	1	0
CD34	5	1	0
CD59	5	1	0
CD74	5	1	0
CD81	5	1	0
CD86	5	1	0
CDC25B	5	1	0
CDC37	5	1	0
CDC42	5	1	0
CDC42EP3	5	1	0
CDC6	5	1	0
CDK12	5	1	0
CDK2	5	1	0
CDK7	5	1	0
CDKN1A	5	1	0
CDKN2A	5	1	0
CDKN2B	5	1	0
CDKN2D	5	1	0
CELA2A	5	1	0
CETN1	5	1	0
CFB	5	1	0
CFI	5	1	0
CFLAR	5	1	0
CHD1	5	1	0
CHD5	5	1	0
CHEK1	5	1	0
CHST10	5	1	0
CKS1B	5	1	0
CLASP1	5	1	0
CNIH3	5	1	0
CNTN2	5	1	0
CNTN6	5	1	0
COL1A1	5	1	0
COPS5	5	1	0
COPZ2	5	1	0
CPSF6	5	1	0
CPSF7	5	1	0
CR1	5	1	0
CRTAM	5	1	0
CRY1	5	1	0
CSF2	5	1	0
CSF2RB	5	1	0
CSF3R	5	1	0
CSTF2T	5	1	0
CTBP1	5	1	0
CTLA4	5	1	0
CTSK	5	1	0
CTSS	5	1	0
CTSV	5	1	0
CUL2	5	1	0
CXXC4	5	1	0
CYB5R1	5	1	0
CYLD	5	1	0
CYSLTR2	5	1	0
CYTH2	5	1	0
DAPK1	5	1	0
DBT	5	1	0
DCAF8L1	5	1	0
DCUN1D3	5	1	0
DDOST	5	1	0
DEFA3	5	1	0
DENND1B	5	1	0
DENND2A	5	1	0
DENND3	5	1	0
DFFB	5	1	0
DIABLO	5	1	0
DIS3L2	5	1	0
DLK1	5	1	0
DMC1	5	1	0
DMTN	5	1	0
DNAL4	5	1	0
DNER	5	1	0
DOCK6	5	1	0
DOCK9	5	1	0
DPF1	5	1	0
DPP4	5	1	0
DPPA2	5	1	0
DSCAM	5	1	0
DTX4	5	1	0
DUS2	5	1	0
DUSP4	5	1	0
DUSP7	5	1	0
DYNLL1	5	1	0
E2F4	5	1	0
EEF1B2	5	1	0
EGLN1	5	1	0
EIF2AK2	5	1	0
EIF4E3	5	1	0
ENPEP	5	1	0
EPB41L5	5	1	0
EPHB2	5	1	0
EPM2A	5	1	0
EPN1	5	1	0
EPOR	5	1	0
EPRS1	5	1	0
ERCC1	5	1	0
ERCC3	5	1	0
ERCC5	5	1	0
ERCC8	5	1	0
ERLIN1	5	1	0
ERO1A	5	1	0
ESCO1	5	1	0
ETS1	5	1	0
ETV4	5	1	0
EVC	5	1	0
EYA3	5	1	0
EZH1	5	1	0
F12	5	1	0
F2RL1	5	1	0
F2RL2	5	1	0
F3	5	1	0
FARP2	5	1	0
FBXL7	5	1	0
FBXO5	5	1	0
FCGR2B	5	1	1
FERMT2	5	1	0
FES	5	1	0
FGA	5	1	0
FGF10	5	1	0
FGF22	5	1	0
FGF7	5	1	0
FGFR1	5	1	0
FGFR3	5	1	0
FKBP1A	5	1	0
FLNA	5	1	0
FLNC	5	1	0
FLOT1	5	1	0
FLRT1	5	1	0
FOS	5	1	0
FOXG1	5	1	0
FRAT1	5	1	0
FRAT2	5	1	0
FZD4	5	1	0
GAB1	5	1	0
GAB3	5	1	0
GABARAP	5	1	0
GABRG2	5	1	0
GADD45A	5	1	0
GALNT1	5	1	0
GAS1	5	1	0
GAS6	5	1	0
GATA6	5	1	0
GATAD2B	5	1	0
GBP6	5	1	0
GCC2	5	1	0
GCGR	5	1	0
GCSH	5	1	0
GDI1	5	1	0
GDNF	5	1	0
GET1	5	1	0
GET3	5	1	0
GET4	5	1	0
GFAP	5	1	0
GFRA1	5	1	0
GFRA2	5	1	0
GH2	5	1	0
GHR	5	1	0
GID8	5	1	0
GINS2	5	1	0
GLDC	5	1	0
GLI1	5	1	0
GLI2	5	1	0
GLUD1	5	1	0
GNA13	5	1	0
GNA15	5	1	0
GNAI2	5	1	0
GNAI3	5	1	0
GNB3	5	1	0
GOLGA7	5	1	0
GORASP1	5	1	0
GOSR1	5	1	0
GP1BB	5	1	0
GP9	5	1	0
GPNMB	5	1	0
GRAP2	5	1	0
GRB14	5	1	0
GRIN2B	5	1	0
GRIN3B	5	1	0
GTF2E1	5	1	0
GTF2F2	5	1	0
H2BC26	5	1	0
HAPLN1	5	1	0
HCCS	5	1	0
HDAC6	5	1	0
HECW1	5	1	0
HLA-A	5	1	0
HNRNPC	5	1	0
HOMER2	5	1	0
HPSE	5	1	0
HSD17B4	5	1	0
HSP90AB1	5	1	0
HSPA1B	5	1	0
HUS1	5	1	0
IAPP	5	1	0
IBSP	5	1	0
IDH2	5	1	0
IFI6	5	1	0
IFIT2	5	1	0
IFNAR1	5	1	0
IFT20	5	1	0
IFT88	5	1	0
IGF2R	5	1	0
IGFALS	5	1	0
IGFBP3	5	1	0
IGHG1	5	1	0
IGHG2	5	1	0
IGHG4	5	1	0
IGKC	5	1	0
IL12B	5	1	0
IL16	5	1	0
IL1R2	5	1	0
IL2	5	1	0
IL22	5	1	0
IL22RA2	5	1	0
IL23A	5	1	0
IL26	5	1	0
IL2RG	5	1	0
IL31	5	1	0
IL31RA	5	1	0
IL33	5	1	0
IL36A	5	1	0
IL36G	5	1	0
IL36RN	5	1	0
IL6ST	5	1	0
INHBE	5	1	0
INSIG2	5	1	0
IQGAP2	5	1	0
IRF7	5	1	0
ITCH	5	1	0
ITGA3	5	1	0
ITGA6	5	1	0
ITGAL	5	1	0
ITGAX	5	1	0
ITGB3	5	1	0
ITGB8	5	1	0
ITSN1	5	1	0
IZUMO1	5	1	0
JAG1	5	1	0
JAK2	5	1	0
JUP	5	1	0
KARS1	5	1	0
KAT2A	5	1	0
KBTBD7	5	1	0
KCNJ3	5	1	0
KCNMB1	5	1	0
KCNMB3	5	1	0
KCNQ2	5	1	0
KDM4A	5	1	0
KIF3A	5	1	0
KIF5A	5	1	0
KIR2DS4	5	1	0
KIR3DL1	5	1	0
KLRD1	5	1	0
KMT2B	5	1	0
KMT2C	5	1	0
KMT5A	5	1	0
KPNA2	5	1	0
KPNB1	5	1	0
KRT25	5	1	0
LALBA	5	1	0
LAMB3	5	1	0
LAMTOR2	5	1	0
LARGE1	5	1	0
LAT	5	1	0
LATS1	5	1	0
LEF1	5	1	0
LEPR	5	1	0
LGI1	5	1	0
LIAS	5	1	0
LIG1	5	1	0
LILRB1	5	1	0
LNPEP	5	1	0
LOX	5	1	0
LPIN1	5	1	0
LRP1	5	1	0
LRRC4B	5	1	0
LRRC7	5	1	0
LTA	5	1	0
LTF	5	1	0
LUM	5	1	0
LY96	5	1	0
LYN	5	1	1
LYRM7	5	1	0
M6PR	5	1	0
MADCAM1	5	1	0
MAFF	5	1	0
MAG	5	1	0
MAGOHB	5	1	0
MAML3	5	1	0
MAP3K5	5	1	0
MAPK10	5	1	0
MAPKAPK3	5	1	0
MARCKS	5	1	0
MARK3	5	1	0
MAX	5	1	0
MCFD2	5	1	0
MCIDAS	5	1	0
MCM10	5	1	0
MCM4	5	1	0
MCM5	5	1	0
MCM7	5	1	1
MDC1	5	1	0
MDM2	5	1	0
MET	5	1	0
METTL14	5	1	0
METTL23	5	1	0
MFAP2	5	1	0
MFAP4	5	1	0
MGA	5	1	0
MKNK1	5	1	0
MKRN1	5	1	0
MLEC	5	1	0
MLH3	5	1	0
MLKL	5	1	0
MLPH	5	1	0
MLST8	5	1	0
MME	5	1	0
MMP15	5	1	0
MMP3	5	1	0
MMP7	5	1	0
MOV10	5	1	0
MPHOSPH6	5	1	0
MPST	5	1	0
MRTFA	5	1	0
MSH6	5	1	0
MSRA	5	1	0
MSRB2	5	1	0
MST1R	5	1	0
MT-CO2	5	1	0
MTA2	5	1	0
MTMR10	5	1	0
MTMR12	5	1	0
MTREX	5	1	0
MTTP	5	1	0
MUSK	5	1	0
MYBL2	5	1	0
MYF6	5	1	0
MYH11	5	1	0
MYH2	5	1	0
MYL12A	5	1	0
MYLK	5	1	0
MYO10	5	1	0
MYRIP	5	1	0
N4BP1	5	1	0
NAB2	5	1	0
NAPA	5	1	0
NCF2	5	1	0
NCOA3	5	1	0
NCOA6	5	1	0
NECTIN1	5	1	0
NEDD4	5	1	0
NELFB	5	1	0
NFATC2	5	1	0
NFKB1	5	1	0
NFYA	5	1	0
NGF	5	1	0
NID1	5	1	0
NIPBL	5	1	0
NKX2-5	5	1	0
NLRP3	5	1	0
NLRP4	5	1	0
NOD1	5	1	0
NOX1	5	1	0
NPAS2	5	1	0
NPM2	5	1	0
NR1H3	5	1	0
NR2F2	5	1	0
NR5A1	5	1	0
NRIP1	5	1	0
NSD2	5	1	0
NTF3	5	1	0
NTF4	5	1	0
NTN3	5	1	0
NTN4	5	1	0
NTRK1	5	1	0
NUF2	5	1	0
OCLN	5	1	0
OMA1	5	1	0
OMG	5	1	0
OPN1LW	5	1	0
OPN1SW	5	1	0
ORC4	5	1	0
ORC6	5	1	0
OS9	5	1	0
OSBPL1A	5	1	0
OSM	5	1	0
OSMR	5	1	0
OSTC	5	1	0
OTUD3	5	1	0
PABPC1	5	1	0
PAK3	5	1	0
PAK6	5	1	0
PALB2	5	1	0
PARVA	5	1	0
PCBP2	5	1	0
PCLO	5	1	0
PCNA	5	1	0
PCSK6	5	1	0
PCSK9	5	1	0
PDCD1	5	1	0
PDCD6IP	5	1	0
PDGFB	5	1	0
PDPN	5	1	0
PDS5B	5	1	0
PEX1	5	1	0
PEX10	5	1	0
PEX7	5	1	0
PGF	5	1	0
PGK1	5	1	0
PHC3	5	1	0
PHF6	5	1	0
PHF8	5	1	0
PHKG1	5	1	0
PHLPP1	5	1	0
PHLPP2	5	1	0
PHYH	5	1	0
PIAS4	5	1	0
PIF1	5	1	0
PIGK	5	1	0
PIK3CD	5	1	0
PKMYT1	5	1	0
PLCB3	5	1	0
PLEC	5	1	0
PLEKHA3	5	1	0
PLK2	5	1	0
PLK3	5	1	0
PMEPA1	5	1	0
PMS2	5	1	0
POGLUT1	5	1	0
POMC	5	1	0
POMGNT1	5	1	0
POMT2	5	1	0
PPARA	5	1	0
PPARD	5	1	0
PPARG	5	1	0
PPARGC1A	5	1	0
PPFIA3	5	1	0
PPIA	5	1	0
PPP1R12B	5	1	0
PPP1R13B	5	1	0
PPP1R15A	5	1	0
PPP1R3C	5	1	0
PPP2R2A	5	1	0
PREX1	5	1	0
PRIM1	5	1	0
PRKAA2	5	1	0
PRKAG3	5	1	0
PRKAR1B	5	1	0
PRKCD	5	1	0
PRKCG	5	1	0
PRKCI	5	1	0
PRKN	5	1	0
PRLR	5	1	0
PRMT5	5	1	0
PRTN3	5	1	0
PSG1	5	1	0
PSMD8	5	1	0
PSPN	5	1	0
PTGIR	5	1	0
PTK2B	5	1	0
PTK6	5	1	0
PTN	5	1	0
PTP4A2	5	1	0
PTPN1	5	1	0
PTPN11	5	1	0
PTPN18	5	1	0
PTPN6	5	1	0
PWWP2B	5	1	0
PYGM	5	1	0
PYGO2	5	1	0
RAB32	5	1	0
RAB33B	5	1	0
RAB39A	5	1	0
RAB3GAP2	5	1	0
RAB4A	5	1	0
RAB5A	5	1	0
RAB5B	5	1	0
RAB6A	5	1	0
RAB7A	5	1	0
RAB9A	5	1	0
RABEP1	5	1	0
RABGAP1	5	1	0
RABGEF1	5	1	0
RABGGTB	5	1	0
RACK1	5	1	0
RAD18	5	1	0
RAD51	5	1	0
RAD52	5	1	0
RAF1	5	1	0
RALGAPB	5	1	0
RANBP9	5	1	0
RANGAP1	5	1	0
RAP1GAP	5	1	0
RAP1GDS1	5	1	0
RAPGEF1	5	1	0
RASGRF2	5	1	0
RASGRP2	5	1	0
RBM7	5	1	0
RBPJ	5	1	0
RBX1	5	1	0
RCE1	5	1	0
RCVRN	5	1	0
RELA	5	1	0
RELN	5	1	0
RHEB	5	1	0
RIGI	5	1	0
RINT1	5	1	0
RIPK3	5	1	0
RNF135	5	1	0
RNF146	5	1	0
RNF8	5	1	0
ROBO2	5	1	0
RORA	5	1	0
RPA2	5	1	0
RPN2	5	1	0
RPS6	5	1	0
RPS6KA3	5	1	0
RRM1	5	1	0
RRN3	5	1	0
RSF1	5	1	0
RSU1	5	1	0
RTKN	5	1	0
RXRB	5	1	0
RXRG	5	1	0
RYBP	5	1	0
S100A9	5	1	0
SARM1	5	1	0
SATB1	5	1	0
SAV1	5	1	0
SBF1	5	1	0
SCAI	5	1	0
SCN1B	5	1	0
SCUBE3	5	1	0
SEC13	5	1	0
SEC16B	5	1	0
SEC22B	5	1	0
SEC24D	5	1	0
SEL1L	5	1	0
SEM1	5	1	0
SENP5	5	1	0
SEPTIN7	5	1	0
SERPINA10	5	1	0
SERPINA5	5	1	0
SERPINE1	5	1	0
SERPING1	5	1	0
SFN	5	1	0
SGCD	5	1	0
SGCE	5	1	0
SGK1	5	1	0
SH2B3	5	1	0
SH3KBP1	5	1	0
SHANK1	5	1	0
SIRPB1	5	1	0
SIRPG	5	1	0
SIRT1	5	1	0
SMAD3	5	1	0
SMARCC1	5	1	0
SMO	5	1	0
SMUG1	5	1	0
SMURF2	5	1	0
SNCA	5	1	0
SOCS6	5	1	0
SP7	5	1	0
SPTAN1	5	1	0
SRGAP1	5	1	0
SRPK1	5	1	0
SSRP1	5	1	0
STARD10	5	1	0
STAT4	5	1	0
STN1	5	1	0
STON2	5	1	0
STPG4	5	1	0
STUB1	5	1	0
STX16	5	1	0
STX18	5	1	0
STX1B	5	1	0
SUPT5H	5	1	0
SUZ12	5	1	0
SYCP2	5	1	0
SYTL2	5	1	0
SZT2	5	1	0
TARBP2	5	1	0
TAS1R3	5	1	0
TASOR	5	1	0
TASP1	5	1	0
TAX1BP3	5	1	0
TBC1D10A	5	1	0
TBC1D14	5	1	0
TBC1D4	5	1	0
TBXA2R	5	1	0
TCF19	5	1	0
TENT4A	5	1	0
TESK1	5	1	0
TFEC	5	1	0
TGFBR3	5	1	0
THEM4	5	1	0
TIAM1	5	1	0
TIMELESS	5	1	0
TJP2	5	1	0
TKFC	5	1	0
TLR2	5	1	0
TLR5	5	1	0
TLR8	5	1	0
TLR9	5	1	0
TNC	5	1	0
TNFRSF10D	5	1	0
TNFRSF13C	5	1	0
TNFRSF17	5	1	0
TNFRSF1A	5	1	0
TNFRSF1B	5	1	0
TNKS	5	1	0
TNKS2	5	1	0
TNNT1	5	1	0
TNPO1	5	1	0
TOP2A	5	1	0
TOP2B	5	1	0
TOP3A	5	1	0
TOPORS	5	1	0
TP73	5	1	0
TRAK2	5	1	0
TRPV4	5	1	0
TSC22D3	5	1	0
TSNAX	5	1	0
TSPAN14	5	1	0
TWIST1	5	1	0
TWNK	5	1	0
TXN	5	1	0
TXNRD1	5	1	0
TYROBP	5	1	0
UBA2	5	1	0
UBA3	5	1	0
UBA7	5	1	0
UBD	5	1	0
UBE2B	5	1	0
UBE2D2	5	1	0
UBE2N	5	1	0
UBE2T	5	1	0
UBE2V1	5	1	0
UHRF1	5	1	0
ULK1	5	1	0
UNC5D	5	1	0
UPF3B	5	1	0
UQCC2	5	1	0
UQCR11	5	1	0
USP14	5	1	0
USP2	5	1	0
USP26	5	1	0
USP34	5	1	0
USP7	5	1	1
USP9X	5	1	0
UVSSA	5	1	0
VASP	5	1	0
VAV1	5	1	0
VCL	5	1	0
VCP	5	1	0
VCPKMT	5	1	0
VDR	5	1	0
VHL	5	1	0
VPS37A	5	1	0
VPS51	5	1	0
VPS52	5	1	0
VPS53	5	1	0
VRK3	5	1	0
WASL	5	1	0
WDR77	5	1	0
WDR83	5	1	0
WEE1	5	1	0
XRCC2	5	1	0
XRCC3	5	1	0
YBX1	5	1	0
YOD1	5	1	0
ZC3H4	5	1	0
ZDHHC21	5	1	0
ZDHHC8	5	1	0
ZDHHC9	5	1	0
ZEB1	5	1	0
ZFYVE9	5	1	0
ZNF217	5	1	0
ZNF420	5	1	0
ZNF45	5	1	0
ZNF598	5	1	0
ZNF827	5	1	0
AAMP	5	2	0
ABHD5	5	2	0
ABLIM1	5	2	0
ABRAXAS2	5	2	0
ACE2	5	2	0
ACKR3	5	2	0
ACTB	5	2	0
ACTN1	5	2	0
ACTN4	5	2	0
ACTR1A	5	2	0
ADAM11	5	2	0
ADAM15	5	2	0
ADAM17	5	2	0
ADAM22	5	2	0
ADAMTS4	5	2	0
ADD3	5	2	0
ADGRE5	5	2	0
ADRA1B	5	2	0
ADRA2A	5	2	0
ADRA2C	5	2	0
AGER	5	2	0
AGO1	5	2	0
AGPS	5	2	0
AGRN	5	2	0
AGT	5	2	0
AGTR1	5	2	0
ALKAL1	5	2	0
ALOX5	5	2	0
ALYREF	5	2	0
AMT	5	2	0
ANGPT1	5	2	0
ANK2	5	2	0
ANKRD28	5	2	0
AP1G1	5	2	0
AP1S1	5	2	0
AP2A2	5	2	0
APBA3	5	2	0
APOC2	5	2	0
APOC3	5	2	0
APOC4	5	2	0
APOE	5	2	0
ARC	5	2	0
ARCN1	5	2	0
ARF3	5	2	0
ARHGAP39	5	2	0
ARHGDIA	5	2	0
ARHGEF1	5	2	0
ARHGEF11	5	2	0
ARL13B	5	2	0
ARMC8	5	2	0
ARRB1	5	2	0
ASPH	5	2	0
ASXL2	5	2	0
ATF6	5	2	0
ATG14	5	2	0
ATG16L2	5	2	0
ATG9A	5	2	0
ATP1A4	5	2	0
ATR	5	2	0
AVEN	5	2	0
AXIN1	5	2	0
AXL	5	2	0
B3GNT3	5	2	0
B4GALT1	5	2	0
BACE1	5	2	0
BAD	5	2	0
BAZ1B	5	2	0
BAZ2A	5	2	0
BCAR1	5	2	0
BCL6	5	2	0
BCR	5	2	0
BET1	5	2	0
BGN	5	2	0
BIRC2	5	2	0
BLK	5	2	0
BMI1	5	2	0
BMP1	5	2	0
BNIP1	5	2	0
BRF1	5	2	0
BTLA	5	2	0
C3	5	2	0
C4A	5	2	0
C4BPA	5	2	0
C5	5	2	0
C6	5	2	0
CAB39	5	2	0
CACNA1A	5	2	0
CACNG3	5	2	0
CALCR	5	2	0
CAPNS2	5	2	0
CASP4	5	2	0
CBL	5	2	0
CBLIF	5	2	0
CBY1	5	2	0
CCAR2	5	2	0
CCNA2	5	2	0
CCNC	5	2	0
CCNE1	5	2	0
CCNE2	5	2	0
CCR8	5	2	0
CD151	5	2	0
CD1A	5	2	0
CD209	5	2	0
CD300LB	5	2	0
CD44	5	2	0
CD79A	5	2	0
CD80	5	2	0
CD8B	5	2	0
CDC25C	5	2	0
CDC42EP2	5	2	0
CDK5R1	5	2	0
CDK6	5	2	0
CDSN	5	2	0
CEBPB	5	2	0
CFD	5	2	0
CHD1L	5	2	0
CHD4	5	2	0
CHD6	5	2	0
CHMP2A	5	2	0
CISH	5	2	0
CLEC1B	5	2	0
CLEC4C	5	2	0
CLEC4D	5	2	0
CLEC6A	5	2	0
CLEC7A	5	2	0
CLIP1	5	2	0
CLOCK	5	2	0
CLTA	5	2	0
CNGA1	5	2	0
COL10A1	5	2	0
COL17A1	5	2	0
COL1A2	5	2	0
COMMD1	5	2	0
COPA	5	2	0
COPE	5	2	0
CPB2	5	2	0
CPN1	5	2	0
CR2	5	2	0
CREB3L4	5	2	0
CREBBP	5	2	0
CRIPTO	5	2	0
CRK	5	2	0
CRY2	5	2	0
CSNK1D	5	2	0
CSNK1E	5	2	0
CSNK2A1	5	2	0
CTNNA2	5	2	0
CTRB1	5	2	0
CTSZ	5	2	0
CUL3	5	2	0
CXXC1	5	2	0
CYBB	5	2	0
CYSLTR1	5	2	0
DBF4	5	2	0
DBNL	5	2	0
DCN	5	2	0
DCP2	5	2	0
DCTN1	5	2	0
DDIT3	5	2	0
DEK	5	2	0
DELE1	5	2	0
DENND5A	5	2	0
DHX9	5	2	0
DIAPH2	5	2	0
DIAPH3	5	2	0
DIS3	5	2	0
DLG3	5	2	0
DLG4	5	2	0
DLGAP1	5	2	0
DLL1	5	2	0
DLL3	5	2	0
DNA2	5	2	0
DNAJA1	5	2	0
DNAJA2	5	2	0
DNAJC3	5	2	0
DNAJC7	5	2	0
DOCK1	5	2	0
DPH6	5	2	0
DPH7	5	2	0
DPYSL2	5	2	0
DRP2	5	2	0
DSG2	5	2	0
DSN1	5	2	0
DTL	5	2	0
DTNB	5	2	0
DVL2	5	2	0
DYNC1H1	5	2	0
DYNC1LI1	5	2	0
DYNLL2	5	2	0
E2F6	5	2	0
EEF1G	5	2	0
EGR1	5	2	0
EIF4B	5	2	0
EIF4G2	5	2	0
ELMO2	5	2	0
ELOA2	5	2	0
EMILIN1	5	2	0
EML4	5	2	0
EP300	5	2	0
EP400	5	2	0
ERCC4	5	2	0
ERLEC1	5	2	0
ERN1	5	2	0
ERO1B	5	2	0
ESCO2	5	2	0
ESRRA	5	2	0
EZH2	5	2	0
F11R	5	2	0
F2	5	2	0
FAM124B	5	2	0
FANCD2	5	2	0
FANCI	5	2	0
FBLN5	5	2	0
FBXL18	5	2	0
FCN1	5	2	0
FDX2	5	2	0
FDXR	5	2	0
FGF23	5	2	0
FGF6	5	2	0
FGFR4	5	2	0
FGFRL1	5	2	0
FGG	5	2	0
FKBP6	5	2	0
FKTN	5	2	0
FLG	5	2	0
FLOT2	5	2	0
FLT1	5	2	0
FLT4	5	2	0
FMNL3	5	2	0
FOXD3	5	2	0
FOXL2	5	2	0
FOXP3	5	2	0
FRS2	5	2	0
FRS3	5	2	0
FURIN	5	2	0
FZR1	5	2	0
GABBR2	5	2	0
GABRA1	5	2	0
GABRB2	5	2	0
GABRB3	5	2	0
GBA1	5	2	0
GBP4	5	2	0
GEN1	5	2	0
GHRL	5	2	0
GID4	5	2	0
GIPR	5	2	0
GJA1	5	2	0
GLA	5	2	0
GLI3	5	2	0
GLRA1	5	2	0
GLYCAM1	5	2	0
GMNN	5	2	0
GNAI1	5	2	0
GNAT1	5	2	0
GNB1	5	2	0
GNGT1	5	2	0
GPER1	5	2	0
GPS2	5	2	0
GPX8	5	2	0
GRB2	5	2	0
GREB1	5	2	0
GRIK2	5	2	0
GRIK5	5	2	0
GSK3A	5	2	0
GYG1	5	2	0
GYG2	5	2	0
GYS1	5	2	0
H1-0	5	2	0
H2BC18	5	2	0
HBS1L	5	2	0
HCK	5	2	0
HCST	5	2	0
HDAC1	5	2	0
HDAC3	5	2	0
HDAC5	5	2	0
HERC2	5	2	0
HEXA	5	2	0
HEXB	5	2	0
HEY2	5	2	0
HGF	5	2	0
HGFAC	5	2	0
HGS	5	2	0
HINT2	5	2	0
HLA-C	5	2	1
HLA-DOA	5	2	0
HLA-DQA2	5	2	0
HLA-G	5	2	0
HLTF	5	2	0
HMGB1	5	2	0
HNRNPK	5	2	0
HOMER1	5	2	0
HPX	5	2	0
HSBP1	5	2	0
HTRA1	5	2	0
HYAL2	5	2	0
ICAM3	5	2	0
ICOS	5	2	0
ICOSLG	5	2	0
IFI44L	5	2	0
IFIH1	5	2	0
IFNAR2	5	2	0
IFNL1	5	2	0
IFNL2	5	2	0
IGF1R	5	2	0
IGF2	5	2	0
IGFBP4	5	2	0
IKBKB	5	2	0
IL10	5	2	0
IL12A	5	2	0
IL15	5	2	0
IL17RD	5	2	0
IL18RAP	5	2	0
IL24	5	2	0
IL27	5	2	0
IL36R	5	2	0
IL5	5	2	0
IL5RA	5	2	0
IL6R	5	2	0
IL7R	5	2	0
ILF2	5	2	0
ILK	5	2	0
ING2	5	2	0
INS	5	2	0
IQCE	5	2	0
IQGAP1	5	2	0
IRAG1	5	2	0
ISL1	5	2	0
ITFG2	5	2	0
ITK	5	2	0
ITPKB	5	2	0
ITPR1	5	2	0
JAK3	5	2	0
JCHAIN	5	2	0
JUND	5	2	0
KAT2B	5	2	0
KAT6A	5	2	0
KAT7	5	2	1
KCNJ12	5	2	0
KCNJ15	5	2	0
KCNJ16	5	2	0
KCNJ6	5	2	0
KCNQ3	5	2	0
KHSRP	5	2	0
KICS2	5	2	0
KIF20A	5	2	0
KIF22	5	2	0
KIF3B	5	2	0
KIF3C	5	2	0
KIR3DS1	5	2	0
KIRREL2	5	2	0
KITLG	5	2	0
KL	5	2	0
KLB	5	2	0
KLK13	5	2	0
KLK14	5	2	0
KLK5	5	2	0
KLRC1	5	2	0
KNTC1	5	2	0
KPTN	5	2	0
KRAS	5	2	0
KRT28	5	2	0
KSR1	5	2	0
LAMA1	5	2	0
LAMA2	5	2	0
LAMP2	5	2	0
LAMTOR3	5	2	0
LATS2	5	2	0
LCE3D	5	2	0
LDB1	5	2	0
LDLR	5	2	0
LEP	5	2	0
LFNG	5	2	0
LGI3	5	2	0
LGR5	5	2	0
LHX4	5	2	0
LIG3	5	2	0
LIMD1	5	2	0
LMAN1	5	2	0
LMCD1	5	2	0
LPCAT1	5	2	0
LRP2	5	2	0
LRRC41	5	2	0
LRRC52	5	2	0
LSR	5	2	0
LTBP4	5	2	0
LYL1	5	2	0
MAD2L1	5	2	0
MAFB	5	2	0
MAFK	5	2	0
MAGED1	5	2	0
MAGI2	5	2	0
MAML1	5	2	0
MAP1LC3A	5	2	0
MAP2K1	5	2	0
MAP2K4	5	2	0
MAP2K5	5	2	0
MAP2K6	5	2	0
MAP2K7	5	2	0
MAP3K14	5	2	0
MAP3K7	5	2	0
MAPK4	5	2	0
MAPRE1	5	2	0
MAPT	5	2	0
MASP1	5	2	0
MASP2	5	2	0
MATK	5	2	0
MAU2	5	2	0
MBOAT4	5	2	0
MBTPS2	5	2	0
MC1R	5	2	0
MC2R	5	2	0
MC3R	5	2	0
MCM6	5	2	0
MDK	5	2	0
MDM4	5	2	0
MEF2A	5	2	0
MEF2D	5	2	0
MERTK	5	2	0
MFAP5	5	2	0
MGAT5B	5	2	0
MIS12	5	2	0
MIS18BP1	5	2	0
MITF	5	2	0
MLXIPL	5	2	0
MMP9	5	2	0
MOB1A	5	2	0
MSI2	5	2	0
MSRB3	5	2	0
MT-CO3	5	2	0
MTOR	5	2	0
MTRFR	5	2	0
MUTYH	5	2	0
MYH10	5	2	0
MYO19	5	2	0
MYO5B	5	2	0
MYOD1	5	2	0
NAB1	5	2	0
NAT8B	5	2	0
NCK1	5	2	0
NCKIPSD	5	2	0
NCOA2	5	2	0
NCR2	5	2	0
NDC80	5	2	0
NEK1	5	2	0
NEK11	5	2	0
NFE2L2	5	2	0
NFKB2	5	2	0
NFKBIA	5	2	0
NFKBIB	5	2	0
NFYC	5	2	0
NGEF	5	2	0
NLK	5	2	0
NLRX1	5	2	0
NMT1	5	2	0
NOTCH1	5	2	0
NOTCH2	5	2	0
NOTCH3	5	2	0
NOXO1	5	2	0
NPM1	5	2	0
NPRL2	5	2	0
NPTN	5	2	0
NR1H4	5	2	0
NR2C2	5	2	0
NR3C2	5	2	0
NR4A1	5	2	0
NRCAM	5	2	0
NRG1	5	2	0
NRGN	5	2	0
NRP1	5	2	0
NRTN	5	2	0
NTHL1	5	2	0
NTRK2	5	2	0
NUB1	5	2	0
NXT1	5	2	0
OASL	5	2	0
OBI1	5	2	0
ORC5	5	2	0
OSCAR	5	2	0
OTUD5	5	2	0
OTUD7B	5	2	0
P2RY1	5	2	0
P4HA1	5	2	0
PAFAH1B2	5	2	0
PAFAH1B3	5	2	0
PAGR1	5	2	0
PAK2	5	2	0
PAK5	5	2	0
PARD3	5	2	0
PARVB	5	2	0
PCSK1	5	2	0
PDCD1LG2	5	2	0
PDE3B	5	2	0
PDE5A	5	2	0
PDHX	5	2	0
PELI1	5	2	0
PFKFB1	5	2	0
PGAM5	5	2	0
PGAP1	5	2	0
PGGT1B	5	2	0
PHAX	5	2	0
PHF1	5	2	0
PHF19	5	2	0
PHLDA1	5	2	0
PI4KB	5	2	0
PICALM	5	2	1
PIDD1	5	2	0
PIK3AP1	5	2	0
PIK3R4	5	2	0
PKM	5	2	0
PLCB2	5	2	0
PLEKHA8	5	2	0
PLIN3	5	2	0
PLXNA1	5	2	0
PLXNA4	5	2	0
PLXNB1	5	2	0
PMF1	5	2	0
PNN	5	2	0
PODXL2	5	2	0
POFUT1	5	2	0
POLD3	5	2	0
POLD4	5	2	0
POLH	5	2	0
POLN	5	2	0
POU2F1	5	2	0
POU2F2	5	2	0
POU4F1	5	2	0
PPEF1	5	2	0
PPFIA2	5	2	0
PPFIBP1	5	2	0
PPFIBP2	5	2	0
PPHLN1	5	2	0
PPIL2	5	2	0
PPP1R14A	5	2	0
PPP2CB	5	2	0
PPP2R5C	5	2	0
PPP3CA	5	2	0
PPP3R1	5	2	0
PPP4R2	5	2	0
PRC1	5	2	0
PRDM1	5	2	0
PRDX1	5	2	0
PRDX5	5	2	0
PRKAR2A	5	2	0
PRKCQ	5	2	0
PRKCSH	5	2	0
PRKG1	5	2	0
PRKRA	5	2	0
PROS1	5	2	0
PROZ	5	2	0
PRSS3	5	2	0
PSEN1	5	2	0
PSMD10	5	2	0
PSMD13	5	2	0
PSMD3	5	2	0
PSMD6	5	2	0
PTEN	5	2	0
PTGES3	5	2	0
PTPN3	5	2	1
PTPRC	5	2	0
PTPRF	5	2	0
PTPRS	5	2	0
PTTG1	5	2	0
PVR	5	2	0
RAB11B	5	2	0
RAB13	5	2	0
RAB14	5	2	0
RAB31	5	2	0
RAB35	5	2	0
RAB38	5	2	0
RAB8B	5	2	0
RACGAP1	5	2	0
RAD23B	5	2	0
RAD50	5	2	1
RAD9A	5	2	0
RANBP1	5	2	0
RANBP2	5	2	0
RASGRF1	5	2	0
RASGRP1	5	2	0
RB1	5	2	0
RBM14	5	2	0
RBSN	5	2	0
RCOR1	5	2	0
REL	5	2	0
REV1	5	2	0
RGL1	5	2	0
RGMA	5	2	0
RGS7	5	2	0
RGS9	5	2	0
RHOA	5	2	0
RHOB	5	2	0
RHOBTB2	5	2	0
RHOJ	5	2	0
RHOV	5	2	0
RIN3	5	2	0
RIT1	5	2	0
RND1	5	2	0
RNF181	5	2	0
RNF2	5	2	0
RNF31	5	2	0
RNF43	5	2	0
RNPS1	5	2	0
ROCK1	5	2	0
ROPN1	5	2	0
ROR2	5	2	0
RPA1	5	2	0
RPA3	5	2	0
RPN1	5	2	0
RPS6KA2	5	2	0
RPS6KA5	5	2	0
RRAGA	5	2	0
RRAGB	5	2	0
RRAGC	5	2	0
RRAGD	5	2	0
RRM2B	5	2	0
RRP8	5	2	0
RSPO2	5	2	0
RSPO3	5	2	0
RTN4	5	2	0
RUFY1	5	2	0
RUNX1	5	2	0
RUNX2	5	2	0
RUVBL1	5	2	0
RXRA	5	2	0
S100A1	5	2	0
S100A10	5	2	0
S100B	5	2	0
SACK1B	5	2	0
SAFB	5	2	0
SAG	5	2	0
SAR1B	5	2	0
SATB2	5	2	0
SCUBE1	5	2	0
SENP8	5	2	0
SEPTIN4	5	2	0
SERPINA1	5	2	0
SERPINC1	5	2	0
SESN1	5	2	0
SFPQ	5	2	0
SFRP2	5	2	0
SFTA3	5	2	0
SGTA	5	2	0
SHC2	5	2	0
SHC3	5	2	0
SHH	5	2	0
SIAH1	5	2	0
SIGIRR	5	2	0
SIRPA	5	2	0
SIRT3	5	2	0
SLBP	5	2	0
SLC25A4	5	2	0
SLIT2	5	2	0
SMAD2	5	2	0
SMAD7	5	2	0
SMAD9	5	2	0
SMARCA4	5	2	0
SMARCB1	5	2	0
SMARCD3	5	2	0
SMARCE1	5	2	0
SNCAIP	5	2	0
SNF8	5	2	0
SNTA1	5	2	0
SNTB2	5	2	0
SOCS1	5	2	0
SOCS2	5	2	0
SOCS5	5	2	0
SORL1	5	2	0
SOX4	5	2	0
SOX9	5	2	0
SP1	5	2	0
SPC24	5	2	0
SPINK5	5	2	0
SPINK9	5	2	0
SPRED1	5	2	0
SRGAP3	5	2	0
SRMS	5	2	0
SSBP1	5	2	0
ST14	5	2	0
STAM	5	2	0
STAMBP	5	2	0
STAP2	5	2	0
STIM1	5	2	0
STIP1	5	2	0
STX10	5	2	0
STX1A	5	2	0
SUGT1	5	2	0
SYNJ1	5	2	0
SYT1	5	2	0
TAB2	5	2	0
TAS1R1	5	2	0
TASL	5	2	0
TBC1D17	5	2	0
TBC1D3	5	2	0
TBC1D7	5	2	0
TBX6	5	2	0
TBXT	5	2	0
TCF3	5	2	0
TCF7L1	5	2	0
TEX10	5	2	0
TFDP1	5	2	0
TFDP2	5	2	0
TFG	5	2	0
TGFB2	5	2	0
TGIF2	5	2	0
THBD	5	2	0
THBS2	5	2	0
THBS4	5	2	0
THRA	5	2	0
TIFA	5	2	0
TLE1	5	2	0
TLL1	5	2	0
TLN1	5	2	0
TLR1	5	2	0
TLR10	5	2	0
TLR4	5	2	0
TMED9	5	2	0
TMEM177	5	2	0
TNFAIP3	5	2	0
TNFRSF10A	5	2	0
TNFRSF11A	5	2	0
TNFRSF25	5	2	0
TNFSF13B	5	2	0
TNFSF14	5	2	0
TNNC1	5	2	0
TNNI2	5	2	0
TNNI3	5	2	0
TNNT3	5	2	0
TP53BP2	5	2	0
TP53RK	5	2	0
TP63	5	2	0
TRAT1	5	2	0
TREM2	5	2	0
TRIB3	5	2	0
TRIM32	5	2	0
TRIM4	5	2	0
TRIM72	5	2	0
TRPC4	5	2	0
TRPC6	5	2	0
TTC5	5	2	0
TUFM	5	2	0
TXNIP	5	2	0
TYK2	5	2	0
UBA52	5	2	0
UBB	5	2	0
UBE2E1	5	2	0
UBE2L3	5	2	0
UBE2L6	5	2	0
UBN1	5	2	0
UNC5C	5	2	0
UNG	5	2	0
USE1	5	2	0
USF1	5	2	0
USP10	5	2	0
USP12	5	2	0
USP18	5	2	0
USP19	5	2	0
USP33	5	2	0
USP37	5	2	0
USP44	5	2	0
UTRN	5	2	0
VAMP2	5	2	0
VAMP3	5	2	0
VAMP4	5	2	0
VAMP7	5	2	0
VAV3	5	2	0
VEGFC	5	2	0
VPREB1	5	2	0
VPS25	5	2	0
VPS36	5	2	0
VTN	5	2	0
WAPL	5	2	0
WIF1	5	2	0
WIPF1	5	2	0
WNT1	5	2	0
WNT3	5	2	0
WNT4	5	2	0
WWP1	5	2	0
XRCC5	5	2	0
YAP1	5	2	0
YWHAG	5	2	0
YWHAZ	5	2	0
YY1	5	2	0
ZDHHC5	5	2	0
ZEB2	5	2	0
ZMYND8	5	2	0
ZNF143	5	2	0
ZNF473	5	2	0
ZNF521	5	2	0
ZNF532	5	2	0
ZNF687	5	2	0
ZRANB1	5	2	0
ZWILCH	5	2	0
A2M	5	3	0
AATF	5	3	0
ABCA1	5	3	0
ABCF1	5	3	0
ACAA1	5	3	0
ACAN	5	3	0
ACE	5	3	0
ACTL6B	5	3	0
ACVR1C	5	3	0
ACVR2B	5	3	0
ADAM10	5	3	0
ADAM12	5	3	0
ADAM2	5	3	0
ADAM20	5	3	0
ADAM21	5	3	0
ADAM30	5	3	0
ADAMTS13	5	3	0
ADCY8	5	3	0
ADD1	5	3	0
ADM	5	3	0
ADRM1	5	3	0
AEBP2	5	3	0
AGFG1	5	3	0
AHRR	5	3	0
AICDA	5	3	0
AIP	5	3	0
AKT1S1	5	3	0
AKT3	5	3	0
AMN	5	3	0
AMOTL1	5	3	0
ANK3	5	3	0
AP1B1	5	3	0
AP1S2	5	3	0
AP4E1	5	3	0
APEX1	5	3	0
APH1B	5	3	0
APOA1	5	3	0
APOB	5	3	0
APOBEC3G	5	3	0
APOC1	5	3	0
ARHGAP10	5	3	0
ARHGAP26	5	3	0
ARHGEF7	5	3	0
ARRB2	5	3	0
ARTN	5	3	0
ATAD2	5	3	0
ATF1	5	3	0
ATF2	5	3	0
ATG3	5	3	0
ATM	5	3	0
ATP1A3	5	3	0
ATP1B1	5	3	0
ATP1B2	5	3	0
ATP6AP2	5	3	0
AURKA	5	3	0
AVPR2	5	3	0
B2M	5	3	0
B4GAT1	5	3	0
BABAM1	5	3	0
BAG4	5	3	0
BAG6	5	3	0
BAK1	5	3	0
BAMBI	5	3	0
BAP1	5	3	0
BAX	5	3	0
BCL10	5	3	0
BCL2L11	5	3	0
BCL9	5	3	0
BDP1	5	3	0
BMP2	5	3	0
BMPR2	5	3	0
BMX	5	3	0
BOD1L1	5	3	0
BORA	5	3	0
BRD2	5	3	0
BRPF1	5	3	0
BSG	5	3	0
BSN	5	3	0
BTC	5	3	0
BTN2A1	5	3	0
BTRC	5	3	0
C1D	5	3	0
C1QC	5	3	0
C7	5	3	0
C8A	5	3	0
C9	5	3	0
CABIN1	5	3	0
CABLES1	5	3	0
CACNA1E	5	3	0
CACNA1H	5	3	0
CACNA1I	5	3	0
CACNB3	5	3	0
CACNG6	5	3	0
CALCRL	5	3	0
CAPN2	5	3	0
CAPZA3	5	3	0
CAPZB	5	3	0
CASK	5	3	0
CASP3	5	3	0
CASP7	5	3	0
CASTOR2	5	3	0
CBX3	5	3	0
CCNA1	5	3	0
CCNB2	5	3	0
CCND1	5	3	0
CCND3	5	3	0
CCNH	5	3	0
CCNK	5	3	0
CCNT2	5	3	0
CCZ1	5	3	0
CD160	5	3	0
CD163	5	3	0
CD177	5	3	0
CD1C	5	3	0
CD247	5	3	0
CD274	5	3	1
CD28	5	3	0
CD3G	5	3	0
CD46	5	3	0
CD47	5	3	0
CD8A	5	3	0
CDC14B	5	3	0
CDC20	5	3	0
CDC7	5	3	0
CDCA8	5	3	0
CDH5	5	3	0
CDK5	5	3	0
CDON	5	3	0
CEBPA	5	3	0
CENPA	5	3	0
CER1	5	3	0
CFH	5	3	0
CFHR2	5	3	0
CFHR5	5	3	0
CHD2	5	3	0
CHP1	5	3	0
CHRM2	5	3	0
CHUK	5	3	0
CITED1	5	3	0
CITED4	5	3	0
CLASP2	5	3	0
CLCF1	5	3	0
CLEC4E	5	3	0
CLTCL1	5	3	0
CLU	5	3	0
CNGA2	5	3	0
CNTF	5	3	0
CNTNAP1	5	3	0
COL18A1	5	3	0
COLEC10	5	3	0
COLEC11	5	3	0
COP1	5	3	0
COPG2	5	3	0
COX17	5	3	0
COX20	5	3	0
CPAP	5	3	0
CPE	5	3	0
CPN2	5	3	0
CREB3	5	3	0
CREB3L1	5	3	0
CREB3L3	5	3	0
CREBRF	5	3	0
CRKL	5	3	0
CRTC2	5	3	0
CRTC3	5	3	0
CSF1	5	3	0
CSF3	5	3	0
CSK	5	3	0
CSNK1A1	5	3	0
CSNK2A2	5	3	0
CSNK2B	5	3	0
CSTF1	5	3	0
CTBP2	5	3	0
CTNNA1	5	3	1
CTSG	5	3	0
CTSL	5	3	0
CUL4B	5	3	0
CUX1	5	3	0
CXCR4	5	3	0
CYB5R2	5	3	0
CYB5R4	5	3	0
CYB5RL	5	3	0
CYC1	5	3	0
CYCS	5	3	0
CYTH4	5	3	0
DAB2	5	3	0
DAG1	5	3	0
DCTN2	5	3	0
DCTN3	5	3	0
DCTN4	5	3	0
DCUN1D1	5	3	0
DDB1	5	3	0
DDB2	5	3	0
DDX17	5	3	0
DEFA5	5	3	0
DENND1C	5	3	0
DENND6B	5	3	0
DERL2	5	3	0
DHX36	5	3	0
DLG2	5	3	0
DLGAP2	5	3	0
DMP1	5	3	0
DNAJA4	5	3	0
DNAJC6	5	3	0
DNM2	5	3	0
DNMT3A	5	3	0
DNMT3B	5	3	0
DNTTIP1	5	3	0
DOK1	5	3	0
DPH2	5	3	0
DPPA4	5	3	0
DPY30	5	3	0
DRAP1	5	3	0
DSCAML1	5	3	0
DST	5	3	0
DUSP5	5	3	0
DYNC1I1	5	3	0
DYNC1I2	5	3	0
DYNC1LI2	5	3	0
DYSF	5	3	0
E2F2	5	3	0
E2F5	5	3	0
EBF2	5	3	0
EED	5	3	0
EEF2K	5	3	0
EFNB1	5	3	0
EFNB2	5	3	0
EFNB3	5	3	0
EGFR	5	3	0
EGLN2	5	3	0
EHMT1	5	3	0
EIF1AX	5	3	0
EIF2AK3	5	3	0
EIF2AK4	5	3	0
EIF2S1	5	3	0
EIF2S2	5	3	0
EIF2S3	5	3	0
EIF4G3	5	3	0
ELAVL1	5	3	0
ELK1	5	3	0
ELN	5	3	0
ELOB	5	3	0
ELOC	5	3	0
EME1	5	3	0
EPB41L3	5	3	0
EPS15	5	3	0
ERBB2	5	3	0
ERBIN	5	3	0
EREG	5	3	0
ERLIN2	5	3	0
ESPL1	5	3	0
ETV6	5	3	0
EXOSC10	5	3	0
EYA1	5	3	0
EYA2	5	3	0
F13B	5	3	0
F2RL3	5	3	0
FADD	5	3	0
FBLN1	5	3	0
FBN2	5	3	0
FBXW11	5	3	0
FCAMR	5	3	0
FCGR1A	5	3	0
FCGR2A	5	3	0
FCGR3A	5	3	0
FCN3	5	3	0
FEN1	5	3	0
FER	5	3	0
FGB	5	3	0
FGF1	5	3	0
FGF2	5	3	0
FIGNL1	5	3	0
FLRT2	5	3	0
FLT3	5	3	0
FLT3LG	5	3	0
FMNL1	5	3	0
FMOD	5	3	0
FNTA	5	3	0
FNTB	5	3	0
FOLR1	5	3	0
FOXM1	5	3	0
FYN	5	3	0
FZD1	5	3	0
FZD3	5	3	0
FZD7	5	3	0
GAA	5	3	0
GABRQ	5	3	0
GALNT3	5	3	0
GANAB	5	3	0
GAS2	5	3	0
GATAD2A	5	3	0
GBF1	5	3	0
GBP1	5	3	0
GBP2	5	3	0
GDF1	5	3	0
GFRA3	5	3	0
GHSR	5	3	0
GINS1	5	3	0
GINS4	5	3	0
GIP	5	3	0
GLP1R	5	3	0
GLP2R	5	3	0
GLRX	5	3	0
GNA12	5	3	0
GNAO1	5	3	0
GNAT2	5	3	0
GNAT3	5	3	0
GNPAT	5	3	0
GOLGB1	5	3	0
GOLIM4	5	3	0
GOPC	5	3	0
GOSR2	5	3	0
GP6	5	3	0
GPC1	5	3	0
GPIHBP1	5	3	0
GRB10	5	3	0
GRIA2	5	3	0
GRIA3	5	3	0
GRIK1	5	3	0
GRIK4	5	3	0
GRIN1	5	3	0
GRIN2C	5	3	0
GRK1	5	3	0
GRK2	5	3	0
GRK4	5	3	0
GRK5	5	3	0
GRM1	5	3	0
GRM5	5	3	0
GTF2F1	5	3	0
GYS2	5	3	0
HBEGF	5	3	0
HDAC4	5	3	1
HDAC7	5	3	0
HEBP1	5	3	0
HEY1	5	3	0
HIF1A	5	3	0
HIF3A	5	3	0
HINT1	5	3	0
HJURP	5	3	0
HJV	5	3	0
HLA-B	5	3	0
HLA-DMB	5	3	0
HLA-DOB	5	3	0
HOMER3	5	3	0
HOXA11	5	3	0
HOXC11	5	3	0
HOXC8	5	3	0
HRG	5	3	0
HSPG2	5	3	0
HTT	5	3	0
ICAM2	5	3	0
IFI27	5	3	0
IFIT3	5	3	0
IFNB1	5	3	0
IFNGR1	5	3	0
IFNGR2	5	3	0
IFNL3	5	3	0
IFNLR1	5	3	0
IGHG3	5	3	0
IGHM	5	3	0
IGLL1	5	3	0
IKBIP	5	3	0
IL10RA	5	3	0
IL10RB	5	3	0
IL12RB1	5	3	0
IL12RB2	5	3	0
IL18	5	3	0
IL18BP	5	3	0
IL1A	5	3	0
IL1RAP	5	3	0
IL21	5	3	0
IL21R	5	3	0
IL23R	5	3	0
IL27RA	5	3	0
IL2RB	5	3	0
IL3	5	3	0
IL32	5	3	0
IL33R	5	3	0
IL4	5	3	0
IL4R	5	3	0
ILF3	5	3	0
IMPACT	5	3	0
INCENP	5	3	0
ING4	5	3	0
INHBB	5	3	0
INHBC	5	3	0
INPP5D	5	3	0
IRF3	5	3	0
IRF5	5	3	0
IRF9	5	3	0
IRS2	5	3	0
IRS4	5	3	0
ITGA11	5	3	0
ITGA4	5	3	0
ITGAE	5	3	0
ITGAM	5	3	0
ITGAV	5	3	0
ITGB5	5	3	0
ITGB6	5	3	0
ITPKC	5	3	0
ITPR3	5	3	0
JAM3	5	3	0
JARID2	5	3	0
JUN	5	3	0
KAT6B	5	3	0
KCTD1	5	3	0
KDM1A	5	3	0
KHDRBS1	5	3	0
KIDINS220	5	3	0
KIF14	5	3	0
KIF23	5	3	0
KIF4B	5	3	0
KIR2DL1	5	3	0
KLRG1	5	3	0
KNG1	5	3	0
KNL1	5	3	1
KRT27	5	3	0
KTN1	5	3	0
L3MBTL1	5	3	0
LAMA3	5	3	0
LAMC2	5	3	0
LAMC3	5	3	0
LARGE2	5	3	0
LBR	5	3	0
LCAT	5	3	0
LCE1A	5	3	0
LDLRAP1	5	3	0
LEFTY1	5	3	0
LGI4	5	3	0
LGR4	5	3	0
LIFR	5	3	0
LILRB2	5	3	0
LIMK1	5	3	0
LIMS1	5	3	0
LMNB1	5	3	0
LRFN1	5	3	0
LRP5	5	3	0
LRRK2	5	3	0
LTBP3	5	3	0
LTBR	5	3	0
LTK	5	3	0
LYVE1	5	3	0
MAEA	5	3	0
MAF	5	3	0
MAFG	5	3	0
MAGT1	5	3	0
MALSU1	5	3	0
MALT1	5	3	0
MAP3K3	5	3	0
MAP3K8	5	3	0
MAPK3	5	3	0
MAPK7	5	3	0
MBD1	5	3	0
MBD4	5	3	0
MC4R	5	3	0
MCM3	5	3	0
MCRIP1	5	3	0
MECP2	5	3	0
MEF2C	5	3	0
MEFV	5	3	0
MEMO1	5	3	0
METAP2	5	3	0
METTL3	5	3	0
MFAP3	5	3	0
MFN2	5	3	0
MIA2	5	3	0
MIB2	5	3	1
MIF	5	3	0
MMP13	5	3	0
MMP14	5	3	0
MMP16	5	3	0
MMP19	5	3	0
MORC2	5	3	0
MPG	5	3	0
MRE11	5	3	0
MS4A2	5	3	0
MST1	5	3	0
MTM1	5	3	0
MTMR2	5	3	0
MVB12A	5	3	0
MVB12B	5	3	0
MYC	5	3	0
MYL6	5	3	0
MYL9	5	3	0
MYOG	5	3	0
NAT8	5	3	0
NCBP1	5	3	0
NCK2	5	3	0
NCOR1	5	3	0
NCR1	5	3	0
NECTIN3	5	3	0
NEDD4L	5	3	0
NEFL	5	3	0
NEO1	5	3	0
NEU1	5	3	0
NEU4	5	3	0
NFASC	5	3	0
NFATC1	5	3	0
NID2	5	3	0
NOD2	5	3	0
NOP58	5	3	0
NOSTRIN	5	3	0
NOTCH2NLB	5	3	0
NOX3	5	3	0
NPAS4	5	3	0
NPHS1	5	3	0
NPLOC4	5	3	0
NPRL3	5	3	0
NR1D1	5	3	0
NR4A2	5	3	0
NR5A2	5	3	0
NSMAF	5	3	0
NUAK1	5	3	0
NUMB	5	3	0
OBSCN	5	3	0
OBSL1	5	3	0
OGG1	5	3	0
OPA1	5	3	0
OPN1MW	5	3	0
OPTC	5	3	0
OST4	5	3	0
P2RY12	5	3	0
PABPN1	5	3	0
PACS1	5	3	0
PAK1	5	3	0
PARD6G	5	3	0
PARG	5	3	0
PAX2	5	3	0
PAX3	5	3	0
PCNT	5	3	0
PCSK7	5	3	0
PDCL	5	3	0
PDE4D	5	3	0
PDGFA	5	3	0
PDGFD	5	3	0
PDIA3	5	3	0
PELO	5	3	0
PEX5	5	3	0
PEX6	5	3	0
PFN1	5	3	0
PHC1	5	3	0
PHKB	5	3	0
PIAS1	5	3	0
PIK3R5	5	3	0
PIM1	5	3	0
PINK1	5	3	0
PIP4K2A	5	3	0
PIP4K2C	5	3	0
PIP5K1B	5	3	0
PKP1	5	3	0
PLAUR	5	3	0
PLCB1	5	3	0
PLCG1	5	3	0
PLIN2	5	3	0
PLN	5	3	0
PLXNA2	5	3	0
POLD2	5	3	0
POLDIP3	5	3	0
POLE2	5	3	0
POLG2	5	3	0
POLK	5	3	0
POLL	5	3	0
POLM	5	3	0
POLQ	5	3	0
POU3F2	5	3	0
POU4F2	5	3	0
POU5F1	5	3	0
PPARGC1B	5	3	0
PPID	5	3	0
PPM1A	5	3	0
PPM1B	5	3	0
PPM1D	5	3	0
PPM1E	5	3	0
PPM1F	5	3	0
PPM1K	5	3	0
PPP1CA	5	3	0
PPP1R12A	5	3	0
PPP1R13L	5	3	0
PPP2CA	5	3	0
PPP2R5B	5	3	0
PPP6C	5	3	0
PPRC1	5	3	0
PRCP	5	3	0
PRIM2	5	3	0
PRKAB2	5	3	0
PRKACB	5	3	0
PRKAG2	5	3	0
PRKAR1A	5	3	0
PRKCA	5	3	0
PRKCB	5	3	0
PRKDC	5	3	0
PRM1	5	3	0
PRM2	5	3	0
PRMT1	5	3	0
PRNP	5	3	0
PSAP	5	3	0
PSMC4	5	3	0
PSMC5	5	3	0
PSMD14	5	3	0
PSTPIP1	5	3	0
PTPRJ	5	3	0
PWWP2A	5	3	0
PYGL	5	3	0
RAB11A	5	3	0
RAB3IL1	5	3	0
RAB5C	5	3	0
RAD23A	5	3	0
RAD51B	5	3	0
RAD51D	5	3	0
RALA	5	3	0
RALGAPA2	5	3	0
RAMP2	5	3	0
RAN	5	3	0
RAPGEF3	5	3	0
RAPGEF4	5	3	0
RASGRP3	5	3	0
RBBP5	5	3	0
RBBP8	5	3	0
RBL2	5	3	0
RCC1	5	3	0
RELB	5	3	0
REST	5	3	0
RGS17	5	3	0
RHO	5	3	0
RHOC	5	3	0
RHOG	5	3	0
RHOQ	5	3	0
RHOT2	5	3	0
RILP	5	3	0
RIPK1	5	3	0
RIPPLY2	5	3	0
RMND5B	5	3	0
RNASE1	5	3	0
RNASEL	5	3	0
RNF111	5	3	0
RNF125	5	3	0
RNF144A	5	3	0
ROBO1	5	3	0
ROBO3	5	3	0
RPGRIP1L	5	3	0
RPS27A	5	3	0
RSPO4	5	3	0
RXYLT1	5	3	0
RYK	5	3	0
SBF2	5	3	0
SCN5A	5	3	0
SDC1	5	3	0
SDC2	5	3	0
SDCBP	5	3	0
SEC16A	5	3	0
SEC24A	5	3	0
SELPLG	5	3	0
SENP1	5	3	0
SENP2	5	3	0
SERPINB1	5	3	0
SERPINB2	5	3	0
SERPIND1	5	3	0
SERPINF2	5	3	0
SETD6	5	3	0
SFRP1	5	3	0
SGCA	5	3	0
SH2B1	5	3	0
SH3GL3	5	3	0
SH3PXD2A	5	3	0
SHB	5	3	0
SHTN1	5	3	0
SIAH2	5	3	0
SIGLEC14	5	3	0
SIN3A	5	3	0
SIPA1	5	3	0
SLC16A8	5	3	0
SLC17A7	5	3	0
SLIT3	5	3	0
SMAD4	5	3	0
SMARCA5	5	3	0
SMARCC2	5	3	0
SMPD1	5	3	0
SMURF1	5	3	0
SNX3	5	3	0
SOS1	5	3	0
SOS2	5	3	0
SOX17	5	3	0
SP3	5	3	0
SPHK1	5	3	0
SPOP	5	3	0
SPRED2	5	3	0
SPRTN	5	3	0
SPRY2	5	3	0
SPTA1	5	3	0
SPTBN1	5	3	0
SQSTM1	5	3	0
SRC	5	3	0
SRGAP2	5	3	0
SRXN1	5	3	0
SRY	5	3	0
STAT1	5	3	0
STING1	5	3	0
STK11	5	3	0
STT3B	5	3	0
STX3	5	3	0
STX4	5	3	0
STXBP3	5	3	0
SUMO1	5	3	0
SUMO2	5	3	0
SUMO3	5	3	0
SUPT16H	5	3	0
SURF4	5	3	0
SYK	5	3	0
SYMPK	5	3	0
SYNJ2	5	3	0
SYTL1	5	3	0
TAB3	5	3	0
TAX1BP1	5	3	0
TBC1D1	5	3	0
TBC1D20	5	3	0
TBC1D25	5	3	0
TBL1X	5	3	0
TBPL2	5	3	0
TBX3	5	3	0
TDG	5	3	0
TEN1	5	3	0
TERT	5	3	0
TET3	5	3	0
TFPI	5	3	0
TGFB1	5	3	0
TGFB3	5	3	0
TGFBR1	5	3	0
TIPIN	5	3	0
TIRAP	5	3	0
TJP1	5	3	0
TLE2	5	3	0
TLR6	5	3	0
TMED2	5	3	0
TMEM219	5	3	0
TMEM258	5	3	0
TNFRSF14	5	3	0
TNFSF10	5	3	0
TNFSF11	5	3	0
TNFSF15	5	3	0
TNIP2	5	3	0
TNNC2	5	3	0
TOMM70	5	3	0
TOR1A	5	3	0
TP53BP1	5	3	0
TP53INP1	5	3	0
TRAK1	5	3	0
TRAV29DV5	5	3	0
TRIM27	5	3	0
TRIM33	5	3	0
TRIM56	5	3	0
TRPC1	5	3	0
TRRAP	5	3	0
TSC1	5	3	0
TSPAN33	5	3	0
TSPO	5	3	0
TWIST2	5	3	0
UBE2D3	5	3	0
UBL4A	5	3	0
UNC13B	5	3	0
UNC5A	5	3	0
UNC93B1	5	3	0
UQCR10	5	3	0
USP42	5	3	0
USP8	5	3	0
VAMP8	5	3	0
VEGFD	5	3	0
VIM	5	3	0
VPREB3	5	3	0
VPS28	5	3	0
VPS29	5	3	0
VPS35	5	3	0
VPS45	5	3	0
WDR18	5	3	0
WDR48	5	3	0
WDR5	5	3	0
WNT8A	5	3	0
WT1	5	3	0
WWP2	5	3	0
XPC	5	3	0
XRCC6	5	3	0
YWHAB	5	3	0
YWHAE	5	3	0
YWHAQ	5	3	0
ZAP70	5	3	0
ZBP1	5	3	0
ZC3HC1	5	3	0
ZCCHC7	5	3	0
ZCCHC8	5	3	0
ZFHX3	5	3	0
ZNRF3	5	3	0
ABHD17C	5	4	0
ABLIM2	5	4	0
ACTA1	5	4	0
ACTC1	5	4	0
ACTN2	5	4	0
ADAM19	5	4	0
ADAR	5	4	0
ADCY1	5	4	0
ADNP	5	4	0
ADORA2A	5	4	0
ADORA2B	5	4	0
ADRA1A	5	4	0
ADRA2B	5	4	0
AFDN	5	4	1
AKAP1	5	4	0
AKAP10	5	4	0
AKAP8L	5	4	0
AKT1	5	4	0
ALB	5	4	0
ALPK1	5	4	0
AMOT	5	4	0
AMOTL2	5	4	0
ANGPT2	5	4	0
ANKFY1	5	4	0
ANXA1	5	4	0
AP1M1	5	4	0
AP1M2	5	4	0
AP1S3	5	4	0
AP2M1	5	4	0
AP2S1	5	4	0
AP4B1	5	4	0
APBB1IP	5	4	0
APIP	5	4	0
APP	5	4	0
ARAF	5	4	0
ARHGAP35	5	4	0
ARHGEF12	5	4	0
ARHGEF28	5	4	0
ARHGEF6	5	4	0
ARID1A	5	4	0
ARL2BP	5	4	0
ATF3	5	4	0
ATF5	5	4	0
ATF7IP	5	4	0
ATG10	5	4	0
ATG101	5	4	0
ATG16L1	5	4	0
ATP1A2	5	4	0
ATP6V1H	5	4	0
BCAP31	5	4	0
BCKDHA	5	4	0
BCKDK	5	4	0
BCL2L1	5	4	0
BDKRB2	5	4	0
BEGAIN	5	4	0
BEX3	5	4	0
BGLAP	5	4	0
BICRA	5	4	0
BLM	5	4	0
BLNK	5	4	0
BMAL1	5	4	0
BRAP	5	4	0
BRCC3	5	4	0
BRF2	5	4	0
BRWD1	5	4	0
BUB1B	5	4	0
C1QB	5	4	0
CACNA1G	5	4	0
CACNA2D1	5	4	0
CACNB2	5	4	0
CACNG2	5	4	0
CACNG7	5	4	0
CADM1	5	4	0
CADM3	5	4	0
CALCB	5	4	0
CALM2	5	4	0
CAMK2G	5	4	0
CAMK4	5	4	0
CAMKK1	5	4	0
CANX	5	4	0
CAP1	5	4	0
CAPN1	5	4	0
CARMIL1	5	4	0
CASP8	5	4	0
CASP8AP2	5	4	0
CAV3	5	4	0
CBFB	5	4	0
CBLL1	5	4	0
CBX1	5	4	0
CCDC8	5	4	0
CCL1	5	4	0
CCNB1	5	4	0
CCR1	5	4	0
CCR2	5	4	0
CCR3	5	4	0
CCR5	5	4	0
CD19	5	4	0
CD1D	5	4	0
CD226	5	4	0
CD24	5	4	0
CD3D	5	4	0
CD3E	5	4	0
CD4	5	4	0
CD40LG	5	4	0
CD55	5	4	0
CD72	5	4	0
CD9	5	4	0
CDC42EP5	5	4	0
CDC45	5	4	0
CDC73	5	4	0
CDH15	5	4	0
CDH19	5	4	0
CDH2	5	4	0
CDH24	5	4	0
CDK1	5	4	0
CDK13	5	4	0
CDK2AP1	5	4	0
CDK4	5	4	0
CDT1	5	4	0
CEBPG	5	4	0
CEP43	5	4	0
CFP	5	4	0
CFTR	5	4	0
CHD7	5	4	1
CHEK2	5	4	0
CHL1	5	4	0
CHM	5	4	0
CIPC	5	4	0
CIT	5	4	0
CKAP4	5	4	0
CLEC5A	5	4	0
CLIP3	5	4	0
CLNS1A	5	4	0
CLSPN	5	4	0
CLTB	5	4	0
CLTC	5	4	0
CLVS2	5	4	0
CNEP1R1	5	4	0
CNGB1	5	4	0
CNIH2	5	4	0
CNTN1	5	4	0
COMP	5	4	0
COPG1	5	4	0
COPRS	5	4	0
COPZ1	5	4	0
CREB3L2	5	4	0
CRLF1	5	4	0
CRLF2	5	4	0
CRP	5	4	0
CSF1R	5	4	1
CSH1	5	4	0
CSTF2	5	4	0
CTC1	5	4	0
CTCF	5	4	0
CTDNEP1	5	4	0
CTDP1	5	4	0
CTSA	5	4	0
CTSC	5	4	0
CUBN	5	4	0
CUL1	5	4	0
CUL4A	5	4	0
CUL5	5	4	0
CUL7	5	4	0
CXCL12	5	4	0
DAAM1	5	4	0
DACT1	5	4	0
DAD1	5	4	0
DCLRE1C	5	4	0
DCSTAMP	5	4	0
DCTN5	5	4	0
DCTN6	5	4	0
DDX5	5	4	0
DENND4A	5	4	0
DEPDC5	5	4	0
DFFA	5	4	0
DHTKD1	5	4	0
DIAPH1	5	4	0
DICER1	5	4	0
DISP2	5	4	0
DKK1	5	4	0
DLC1	5	4	0
DLD	5	4	0
DLG1	5	4	0
DLGAP3	5	4	0
DLL4	5	4	0
DLST	5	4	0
DMBT1	5	4	0
DMPK	5	4	0
DNAJB6	5	4	0
DNAJC2	5	4	0
DNMT1	5	4	0
DOCK11	5	4	0
DPF2	5	4	0
DPF3	5	4	0
DPH3	5	4	0
DPH5	5	4	0
DPPA3	5	4	0
DROSHA	5	4	0
DSG3	5	4	0
DTNA	5	4	0
DTX1	5	4	0
DVL1	5	4	0
EBI3	5	4	0
EEF1A1	5	4	0
EEF2	5	4	0
EFCAB7	5	4	0
EGF	5	4	0
EHD3	5	4	0
EHMT2	5	4	0
EIF4A2	5	4	0
EIF4E2	5	4	0
EIF4H	5	4	0
ELF3	5	4	0
ELOA	5	4	0
EMD	5	4	0
ENAH	5	4	0
EPB41L2	5	4	0
EPO	5	4	0
EPOP	5	4	0
ESAM	5	4	0
ESR1	5	4	0
ETS2	5	4	0
EVC2	5	4	0
EZR	5	4	0
F10	5	4	0
F11	5	4	0
F13A1	5	4	0
F2R	5	4	0
F5	5	4	0
F7	5	4	0
F9	5	4	0
FABP4	5	4	0
FASLG	5	4	0
FBLIM1	5	4	0
FBN1	5	4	0
FBXL5	5	4	0
FBXW7	5	4	0
FCER1G	5	4	0
FCN2	5	4	0
FDX1	5	4	0
FGF19	5	4	0
FGR	5	4	0
FILIP1	5	4	0
FKBP4	5	4	0
FKBP5	5	4	0
FLRT3	5	4	0
FOXA1	5	4	0
FOXH1	5	4	0
FOXO4	5	4	0
FSTL3	5	4	0
FUNDC1	5	4	0
FYB1	5	4	0
GAB2	5	4	0
GABBR1	5	4	0
GABRB1	5	4	0
GAPVD1	5	4	0
GBP5	5	4	0
GCG	5	4	0
GCN1	5	4	0
GFRA4	5	4	0
GGA2	5	4	0
GGCX	5	4	0
GINS3	5	4	0
GIPC1	5	4	0
GLG1	5	4	0
GLRA2	5	4	0
GM2A	5	4	0
GMNC	5	4	0
GNA11	5	4	0
GNAQ	5	4	0
GNAS	5	4	0
GNAZ	5	4	0
GNB2	5	4	0
GNG13	5	4	0
GOLGA5	5	4	0
GP5	5	4	0
GPC5	5	4	0
GPR37L1	5	4	0
GRIA4	5	4	0
GRIK3	5	4	0
GRIN2A	5	4	0
GRIN3A	5	4	0
GRK3	5	4	0
GRK7	5	4	0
GSN	5	4	0
GTF2A2	5	4	0
GTF2B	5	4	0
GTF3A	5	4	0
H1-8	5	4	0
H2AC6	5	4	0
HAND2	5	4	0
HAT1	5	4	0
HCFC1	5	4	0
HCFC2	5	4	0
HES1	5	4	0
HES7	5	4	0
HIC1	5	4	0
HIPK2	5	4	0
HIVEP3	5	4	0
HLA-DPA1	5	4	0
HLA-DRA	5	4	0
HLA-E	5	4	0
HMGA2	5	4	0
HMMR	5	4	0
HNRNPA1	5	4	0
HNRNPU	5	4	0
HOXD11	5	4	0
HPN	5	4	0
HPS1	5	4	0
HRAS	5	4	0
HSF1	5	4	0
HSP90AA1	5	4	0
HSPH1	5	4	0
IER3	5	4	0
IFI44	5	4	0
IFIT1	5	4	0
IGF1	5	4	0
IGFBP2	5	4	0
IGFBP6	5	4	0
IGHA2	5	4	0
IKBKE	5	4	0
IKZF3	5	4	0
IL11RA	5	4	0
IL13	5	4	0
IL13RA1	5	4	0
IL15RA	5	4	0
IL19	5	4	0
IL1B	5	4	0
IL1R1	5	4	0
IL1RN	5	4	0
IL20	5	4	0
IL20RA	5	4	0
IL22RA1	5	4	0
IL34	5	4	0
IL37	5	4	0
ING5	5	4	0
INHA	5	4	0
INPP5E	5	4	0
INPPL1	5	4	1
INSR	5	4	0
IRAK2	5	4	0
IRAK4	5	4	0
IRF4	5	4	0
IRS1	5	4	0
ISG15	5	4	0
ITGA10	5	4	0
ITGA2	5	4	0
ITGA2B	5	4	0
ITGA5	5	4	0
ITGA8	5	4	0
ITGA9	5	4	0
ITGB4	5	4	0
ITGB7	5	4	0
ITPKA	5	4	0
ITPR2	5	4	0
JAK1	5	4	0
JAM2	5	4	0
KALRN	5	4	0
KAT5	5	4	0
KCNJ10	5	4	0
KCNJ2	5	4	0
KCNJ4	5	4	0
KCNJ5	5	4	0
KCNJ9	5	4	0
KCNMA1	5	4	0
KCNMB2	5	4	0
KCNMB4	5	4	0
KCTD15	5	4	0
KDM4B	5	4	0
KDM4C	5	4	0
KDM5B	5	4	0
KDM6A	5	4	0
KDR	5	4	0
KEAP1	5	4	0
KHDRBS3	5	4	0
KIR2DL2	5	4	0
KIR2DL3	5	4	0
KIR2DS1	5	4	0
KIR2DS5	5	4	0
KIR3DL2	5	4	0
KIRREL1	5	4	0
KIRREL3	5	4	0
KIT	5	4	0
KLHL12	5	4	0
KLK12	5	4	0
KLK7	5	4	0
KLK8	5	4	0
KLKB1	5	4	0
KLRC2	5	4	0
KMT2D	5	4	0
KRT1	5	4	0
KRT5	5	4	0
LAMA4	5	4	0
LAMB1	5	4	0
LAMB2	5	4	0
LAMC1	5	4	0
LAT2	5	4	0
LBP	5	4	0
LCP2	5	4	0
LEFTY2	5	4	0
LGR6	5	4	0
LIF	5	4	0
LIG4	5	4	0
LIMS2	5	4	0
LIN7A	5	4	0
LIN7B	5	4	0
LIPE	5	4	0
LMNA	5	4	0
LOXL1	5	4	0
LPL	5	4	0
LRIG1	5	4	0
LRP4	5	4	0
LRP6	5	4	0
LRP8	5	4	0
LRRC14	5	4	0
LRRFIP1	5	4	0
LTB	5	4	0
LTC4S	5	4	0
MAD1L1	5	4	0
MAGOH	5	4	0
MAML2	5	4	0
MAP2K2	5	4	0
MAP2K3	5	4	0
MAP3K1	5	4	0
MAPK1	5	4	0
MAPK11	5	4	0
MAPK14	5	4	0
MAPK8	5	4	0
MAPKAPK2	5	4	0
MASTL	5	4	0
MAVS	5	4	0
MBD2	5	4	0
MBD3L1	5	4	0
MC5R	5	4	0
MCM2	5	4	0
MEAF6	5	4	0
METAP1	5	4	0
MIXL1	5	4	0
MLX	5	4	0
MNAT1	5	4	0
MOB1B	5	4	0
MPHOSPH8	5	4	0
MRAS	5	4	0
MSH3	5	4	0
MSRB1	5	4	0
MTA1	5	4	0
MTRES1	5	4	0
MUC20	5	4	0
MUS81	5	4	0
MYB	5	4	0
MYH9	5	4	0
MYO1C	5	4	0
NAE1	5	4	0
NANOG	5	4	0
NBAS	5	4	0
NBEA	5	4	0
NBN	5	4	0
NBR1	5	4	0
NCAN	5	4	0
NCF1	5	4	0
NCF4	5	4	0
NCR3	5	4	0
NCR3LG1	5	4	0
NDUFAB1	5	4	0
NEDD8	5	4	0
NEIL1	5	4	0
NEK6	5	4	0
NEK9	5	4	0
NELFCD	5	4	0
NELFE	5	4	0
NELL2	5	4	0
NF1	5	4	0
NFE2	5	4	0
NFKBIE	5	4	0
NFU1	5	4	0
NFYB	5	4	0
NOS3	5	4	0
NOTUM	5	4	0
NOX4	5	4	0
NPHS2	5	4	0
NR1H2	5	4	0
NR2C1	5	4	0
NR3C1	5	4	0
NRF1	5	4	0
NRG2	5	4	0
NRXN1	5	4	0
NSF	5	4	0
NSL1	5	4	0
NTRK3	5	4	0
NUDT21	5	4	0
NXF1	5	4	0
OCRL	5	4	0
OGT	5	4	0
OIP5	5	4	0
OPRM1	5	4	0
OPTN	5	4	0
ORC1	5	4	0
OTUB1	5	4	0
P4HA2	5	4	0
P4HB	5	4	0
PAAF1	5	4	0
PAG1	5	4	0
PAPPA2	5	4	0
PARP1	5	4	0
PAX5	5	4	0
PCGF2	5	4	0
PCSK5	5	4	0
PDE6A	5	4	0
PDGFRB	5	4	0
PDLIM5	5	4	0
PDPK1	5	4	0
PDS5A	5	4	0
PDYN	5	4	0
PEA15	5	4	0
PELI2	5	4	0
PELP1	5	4	0
PEX13	5	4	0
PEX14	5	4	0
PEX26	5	4	0
PGR	5	4	0
PHF10	5	4	0
PHF20	5	4	0
PHKA2	5	4	0
PHKG2	5	4	0
PIK3CB	5	4	0
PIK3R6	5	4	0
PIP4K2B	5	4	0
PITPNA	5	4	0
PKD1	5	4	0
PLA2G4A	5	4	0
PLA2G7	5	4	0
PLAU	5	4	0
PLCB4	5	4	0
PLG	5	4	0
PLIN1	5	4	0
PLK1	5	4	0
PML	5	4	0
POLA1	5	4	0
POLD1	5	4	0
POLE	5	4	0
POLE4	5	4	0
POLG	5	4	0
POLI	5	4	0
POLRMT	5	4	0
POT1	5	4	0
PPFIA1	5	4	0
PPP1R10	5	4	0
PPP2R5A	5	4	0
PPP3CB	5	4	0
PPP4C	5	4	0
PPP5C	5	4	0
PPP6R3	5	4	0
PRDM4	5	4	0
PRDX2	5	4	0
PRDX3	5	4	0
PRKAA1	5	4	0
PRKACA	5	4	0
PRKACG	5	4	0
PRKAR2B	5	4	0
PRKCZ	5	4	0
PRKG2	5	4	0
PRL	5	4	0
PRMT6	5	4	0
PRSS2	5	4	0
PSMD7	5	4	0
PTPN12	5	4	0
PTPN22	5	4	0
PTPRA	5	4	0
PTPRD	5	4	0
PTPRU	5	4	0
PTPRZ1	5	4	0
PXN	5	4	0
PYCARD	5	4	0
PYGO1	5	4	0
RAB10	5	4	0
RAB11FIP3	5	4	0
RAB1A	5	4	0
RAB1B	5	4	0
RAB27A	5	4	0
RAB3GAP1	5	4	0
RAB3IP	5	4	0
RABEPK	5	4	0
RAC1	5	4	0
RAD1	5	4	0
RAD21	5	4	0
RAD51AP1	5	4	0
RAD51C	5	4	0
RAD9B	5	4	0
RALB	5	4	0
RALGDS	5	4	0
RAMP3	5	4	0
RANBP10	5	4	0
RAP1B	5	4	1
RARB	5	4	0
RB1CC1	5	4	0
RBBP4	5	4	0
RBBP7	5	4	0
RBCK1	5	4	0
RBL1	5	4	0
RCCD1	5	4	0
REN	5	4	0
RET	5	4	0
REV3L	5	4	0
RGL2	5	4	0
RGP1	5	4	0
RGS16	5	4	0
RGS20	5	4	0
RHOBTB1	5	4	0
RHOD	5	4	0
RHOT1	5	4	0
RHOU	5	4	0
RHPN1	5	4	0
RHPN2	5	4	0
RIC1	5	4	0
RIF1	5	4	0
RING1	5	4	0
RMI1	5	4	0
RNF128	5	4	0
RNF152	5	4	0
RNF168	5	4	0
RNMT	5	4	0
ROCK2	5	4	0
RPA4	5	4	0
RPS6KA1	5	4	0
RPS6KB2	5	4	0
RRAS	5	4	0
RRM2	5	4	0
RTEL1	5	4	0
RTN3	5	4	0
RUNX3	5	4	0
SAMTOR	5	4	0
SAP18	5	4	0
SCP2	5	4	0
SEC24C	5	4	0
SELE	5	4	0
SELL	5	4	0
SEMA3A	5	4	0
SEMA6D	5	4	0
SEMA7A	5	4	0
SEMG1	5	4	0
SERPINB13	5	4	0
SERPINE2	5	4	0
SESN2	5	4	0
SGCZ	5	4	0
SH2D2A	5	4	0
SHANK3	5	4	0
SHC1	5	4	0
SHPRH	5	4	0
SIGLEC15	5	4	0
SIRT2	5	4	0
SIRT4	5	4	0
SKI	5	4	0
SKIC2	5	4	0
SKIC3	5	4	0
SLC16A3	5	4	0
SLC38A9	5	4	0
SLC9A1	5	4	0
SMAD5	5	4	0
SMARCA2	5	4	0
SMYD2	5	4	0
SNAP23	5	4	0
SNAP25	5	4	0
SNTG2	5	4	0
SOD2	5	4	0
SOX13	5	4	0
SPAG9	5	4	0
SPATA2	5	4	0
SPP1	5	4	0
SRRT	5	4	0
SSPN	5	4	0
STAB2	5	4	0
STAM2	5	4	0
STAT2	5	4	0
STAT3	5	4	0
STK24	5	4	0
STK26	5	4	0
STK3	5	4	0
STT3A	5	4	0
STX5	5	4	0
STXBP1	5	4	0
STXBP2	5	4	0
SYCP3	5	4	0
SYT9	5	4	0
TACC3	5	4	0
TANK	5	4	0
TAP1	5	4	0
TAS1R2	5	4	0
TBK1	5	4	0
TBL1XR1	5	4	0
TBP	5	4	0
TBX5	5	4	0
TCF7L2	5	4	0
TCN2	5	4	0
TEAD1	5	4	0
TEAD2	5	4	0
TEAD3	5	4	0
TEAD4	5	4	0
TFAP2A	5	4	0
TFB2M	5	4	0
TFE3	5	4	0
THBS3	5	4	0
TIMP1	5	4	0
TLE3	5	4	0
TLE5	5	4	0
TMED10	5	4	0
TMPRSS6	5	4	0
TNF	5	4	0
TNFRSF10B	5	4	0
TNFRSF11B	5	4	0
TNFRSF13B	5	4	0
TNFSF13	5	4	0
TNIP1	5	4	0
TNK2	5	4	0
TNNI1	5	4	0
TNNT2	5	4	0
TNR	5	4	0
TNRC6A	5	4	0
TNS3	5	4	0
TNS4	5	4	0
TOLLIP	5	4	0
TOP1	5	4	0
TP53	5	4	0
TPST2	5	4	0
TRADD	5	4	0
TRAF3	5	4	0
TRAF6	5	4	0
TRAV19	5	4	0
TRAV8-4	5	4	0
TREM1	5	4	0
TRIM25	5	4	0
TRIM28	5	4	0
TRIO	5	4	0
TRIP11	5	4	0
TRPC3	5	4	0
TSG101	5	4	0
TSLP	5	4	0
TSN	5	4	0
TSPAN15	5	4	0
TXLNA	5	4	0
TXN2	5	4	0
UACA	5	4	0
UBC	5	4	0
UBE2I	5	4	0
UBE2M	5	4	0
UBE2V2	5	4	0
UBQLN2	5	4	0
UBTF	5	4	0
UCHL3	5	4	0
UIMC1	5	4	0
ULK3	5	4	0
UNC5B	5	4	0
UQCC1	5	4	0
UQCC3	5	4	0
UQCRB	5	4	0
UQCRFS1	5	4	0
USO1	5	4	0
USP15	5	4	0
USP17L2	5	4	0
USP20	5	4	0
USP24	5	4	0
USP28	5	4	0
USP43	5	4	0
USP48	5	4	0
USP5	5	4	0
VEGFA	5	4	0
VLDLR	5	4	0
VPS26A	5	4	0
VPS37B	5	4	0
VPS37D	5	4	0
VPS54	5	4	0
WAS	5	4	0
WDR20	5	4	0
WDR82	5	4	0
WIPI2	5	4	0
WNT11	5	4	0
WNT3A	5	4	0
WNT9A	5	4	0
WTAP	5	4	0
WWTR1	5	4	0
XIAP	5	4	0
XRCC1	5	4	0
YEATS4	5	4	0
YES1	5	4	0
ZC3H18	5	4	0
ZDHHC2	5	4	0
ZFP36L1	5	4	0
ZFYVE16	5	4	0
ZNF350	5	4	0
ZNF592	5	4	0
ZW10	5	4	0
AATF	6	0	0
ABCA1	6	0	0
ABCE1	6	0	0
ABCF1	6	0	0
ABLIM2	6	0	0
ACAA1	6	0	0
ACAN	6	0	0
ACE2	6	0	0
ACTN1	6	0	0
ACTN3	6	0	0
ACTN4	6	0	0
ACTR10	6	0	0
ACTR1A	6	0	0
ACVR2B	6	0	0
ADAM19	6	0	0
ADAMTS4	6	0	0
ADCY8	6	0	0
ADD1	6	0	0
ADGRE5	6	0	0
ADM	6	0	0
ADNP2	6	0	0
ADRA2B	6	0	0
AGO2	6	0	0
AGO4	6	0	0
AHR	6	0	0
AHRR	6	0	0
AKAP10	6	0	0
AKT2	6	0	0
ALKAL2	6	0	0
ALOX5	6	0	0
ALYREF	6	0	0
AMN	6	0	0
ANKRD27	6	0	0
AP1M1	6	0	0
AP1M2	6	0	0
AP1S1	6	0	0
AP1S2	6	0	0
APIP	6	0	0
APOBEC3G	6	0	0
APOC1	6	0	0
APOC3	6	0	0
ARAP1	6	0	0
ARF3	6	0	0
ARF6	6	0	0
ARFGAP1	6	0	0
ARHGAP26	6	0	0
ARHGEF25	6	0	0
ARHGEF6	6	0	0
ARID1B	6	0	0
ARL13B	6	0	0
ARTN	6	0	0
ATF1	6	0	0
ATG16L2	6	0	0
ATP1A4	6	0	0
ATP1B1	6	0	0
ATP6AP2	6	0	0
AURKB	6	0	0
B4GAT1	6	0	0
BABAM2	6	0	0
BAD	6	0	0
BANP	6	0	0
BARD1	6	0	0
BCKDHB	6	0	0
BCL9L	6	0	0
BCR	6	0	0
BDNF	6	0	0
BICRA	6	0	0
BIRC2	6	0	0
BLK	6	0	0
BLM	6	0	0
BMF	6	0	0
BORA	6	0	0
BRPF1	6	0	0
BTK	6	0	0
BTRC	6	0	0
BUB3	6	0	0
C1D	6	0	0
C6	6	0	0
C7	6	0	0
C8A	6	0	0
C8G	6	0	0
CACNA1D	6	0	0
CACNA1E	6	0	0
CACNA1G	6	0	0
CACNA2D2	6	0	0
CACNB2	6	0	0
CADM1	6	0	0
CADM2	6	0	0
CALCB	6	0	0
CALR	6	0	0
CAMK4	6	0	0
CAMKMT	6	0	0
CAP2	6	0	0
CAPZA2	6	0	0
CAPZB	6	0	0
CARMIL1	6	0	0
CASP10	6	0	0
CASP4	6	0	0
CASP8	6	0	0
CASTOR2	6	0	0
CAVIN1	6	0	0
CBFB	6	0	0
CBY1	6	0	0
CCAR2	6	0	0
CCL16	6	0	0
CCNA2	6	0	0
CCNC	6	0	0
CCR1	6	0	0
CCR2	6	0	0
CD151	6	0	0
CD160	6	0	0
CD1A	6	0	0
CD1B	6	0	0
CD209	6	0	0
CD22	6	0	0
CD24	6	0	0
CD247	6	0	0
CD3D	6	0	0
CD46	6	0	0
CD47	6	0	0
CD5L	6	0	0
CD79A	6	0	0
CDC14B	6	0	0
CDC20	6	0	0
CDH5	6	0	0
CDK1	6	0	0
CDK2	6	0	0
CDK6	6	0	0
CDK9	6	0	0
CEBPD	6	0	0
CELA2A	6	0	0
CFTR	6	0	0
CHM	6	0	0
CLEC1B	6	0	0
CLEC6A	6	0	0
CLIP3	6	0	0
CLTCL1	6	0	0
CNTNAP1	6	0	0
COMMD1	6	0	0
COPRS	6	0	0
COPS5	6	0	0
COX17	6	0	0
CPN1	6	0	0
CPN2	6	0	0
CR1	6	0	0
CREB1	6	0	0
CREB3	6	0	0
CREB3L3	6	0	0
CRIPTO	6	0	0
CRY2	6	0	0
CSNK1A1	6	0	0
CSNK1D	6	0	0
CTC1	6	0	0
CTDP1	6	0	0
CTLA4	6	0	0
CTNNA1	6	0	1
CTRB1	6	0	0
CTSC	6	0	0
CTSL	6	0	0
CTSV	6	0	0
CUBN	6	0	0
CXCL12	6	0	0
CYB5R2	6	0	0
CYLD	6	0	0
CYSLTR2	6	0	0
CYTH1	6	0	0
CYTH4	6	0	0
DAPP1	6	0	0
DCC	6	0	0
DCLRE1C	6	0	0
DCTN2	6	0	0
DCX	6	0	0
DDB1	6	0	0
DDB2	6	0	0
DEFA5	6	0	0
DENND1A	6	0	0
DENND4C	6	0	0
DENND5B	6	0	0
DENND6A	6	0	0
DERL2	6	0	0
DFFB	6	0	0
DGCR8	6	0	0
DHX36	6	0	0
DICER1	6	0	0
DIS3L2	6	0	0
DISP2	6	0	0
DKK1	6	0	0
DLD	6	0	0
DLG3	6	0	0
DLK1	6	0	0
DLST	6	0	0
DMC1	6	0	0
DMPK	6	0	0
DNAJB6	6	0	0
DNAJC2	6	0	0
DNAJC6	6	0	0
DNMT1	6	0	0
DOCK11	6	0	0
DOCK2	6	0	0
DOK1	6	0	0
DPF1	6	0	0
DRAP1	6	0	0
DSCAM	6	0	0
DSG3	6	0	0
DSN1	6	0	0
DSPP	6	0	0
DTL	6	0	0
DUSP4	6	0	0
DVL1	6	0	0
DYNC1H1	6	0	0
E2F1	6	0	0
EEF1A1	6	0	0
EEF1AKMT1	6	0	0
EGLN1	6	0	0
EIF4E2	6	0	0
EIF4EBP1	6	0	0
EIF4H	6	0	0
ELANE	6	0	0
ELMO2	6	0	0
ELOC	6	0	0
EME2	6	0	0
ENSA	6	0	0
EOMES	6	0	0
EPB41L3	6	0	0
ERBB4	6	0	0
ERLIN2	6	0	0
ERN1	6	0	0
ESPL1	6	0	0
ESR1	6	0	0
ETS1	6	0	0
ETS2	6	0	0
ETV6	6	0	0
EVC2	6	0	0
EYA3	6	0	0
EZH1	6	0	0
F2R	6	0	0
F7	6	0	0
F8	6	0	0
FAM124B	6	0	0
FANCI	6	0	0
FASLG	6	0	0
FBXL5	6	0	0
FBXW11	6	0	0
FCER1A	6	0	0
FCN2	6	0	0
FCN3	6	0	0
FDX1	6	0	0
FGF22	6	0	0
FGFR2	6	0	0
FGFR4	6	0	0
FLRT1	6	0	0
FOXK2	6	0	0
FOXL2	6	0	0
FOXO1	6	0	0
FOXO4	6	0	0
FRAT1	6	0	0
FRS2	6	0	0
FST	6	0	0
FYN	6	0	0
GAB1	6	0	0
GAB3	6	0	0
GABARAP	6	0	0
GABBR2	6	0	0
GABRA1	6	0	0
GALNT2	6	0	0
GAS1	6	0	0
GAS2	6	0	0
GATA3	6	0	0
GBE1	6	0	0
GCG	6	0	0
GDNF	6	0	0
GET1	6	0	0
GET4	6	0	0
GFRA3	6	0	0
GH1	6	0	0
GID4	6	0	0
GIPC1	6	0	0
GIT1	6	0	0
GJA1	6	0	0
GLA	6	0	0
GLB1	6	0	0
GLDC	6	0	0
GNA12	6	0	0
GNAL	6	0	0
GP1BA	6	0	0
GPC1	6	0	0
GPC5	6	0	0
GPNMB	6	0	0
GRAP	6	0	0
GRB14	6	0	0
GRB7	6	0	0
GRIA4	6	0	0
GRK1	6	0	0
GTF2E2	6	0	0
GTF3A	6	0	0
GTSE1	6	0	0
GYG1	6	0	0
H2BC18	6	0	0
HAND2	6	0	0
HAPLN1	6	0	0
HBB	6	0	0
HBEGF	6	0	0
HDAC7	6	0	0
HGFAC	6	0	0
HHIP	6	0	0
HIC1	6	0	0
HIF3A	6	0	0
HINT1	6	0	0
HIVEP3	6	0	0
HJURP	6	0	0
HJV	6	0	0
HLA-C	6	0	1
HLA-DPA1	6	0	0
HLA-G	6	0	0
HMGA2	6	0	0
HMGB1	6	0	0
HOXA11	6	0	0
HOXC8	6	0	0
HPN	6	0	0
HPSE	6	0	0
HSD17B4	6	0	0
HSP90B1	6	0	0
HTRA1	6	0	0
HTT	6	0	0
IFITM1	6	0	0
IFNB1	6	0	0
IFNG	6	0	0
IFNL3	6	0	0
IGF1	6	0	0
IGFBP3	6	0	0
IGFBP5	6	0	0
IGHA2	6	0	0
IGHG2	6	0	0
IGHM	6	0	0
IKBKB	6	0	0
IKBKE	6	0	0
IL12A	6	0	0
IL13RA2	6	0	0
IL16	6	0	0
IL18R1	6	0	0
IL22RA2	6	0	0
IL26	6	0	0
IL27	6	0	0
IL27RA	6	0	0
IL31RA	6	0	0
IL36RN	6	0	0
IL5	6	0	0
IL5RA	6	0	0
IL7R	6	0	0
ILF2	6	0	0
INCENP	6	0	0
ING2	6	0	0
ING4	6	0	0
INSIG2	6	0	0
IPO8	6	0	0
IRF7	6	0	0
ISG15	6	0	0
ITGA4	6	0	0
ITGAL	6	0	0
ITGB1	6	0	0
ITGB8	6	0	0
ITPKB	6	0	0
IZUMO1	6	0	0
JADE1	6	0	0
JAK1	6	0	0
JAK3	6	0	0
JUP	6	0	0
KAT5	6	0	0
KAT6B	6	0	0
KCNJ15	6	0	0
KDM4A	6	0	0
KDM6A	6	0	0
KHDRBS2	6	0	0
KIDINS220	6	0	0
KIF3C	6	0	0
KIF4B	6	0	0
KIF5A	6	0	0
KIR2DL3	6	0	0
KIR2DS2	6	0	0
KIR3DL1	6	0	0
KIRREL3	6	0	0
KL	6	0	0
KLK14	6	0	0
KLK7	6	0	0
KLRG1	6	0	0
KNTC1	6	0	0
KPNB1	6	0	0
KRAS	6	0	0
KRT14	6	0	0
KRT27	6	0	0
KSR1	6	0	0
KTN1	6	0	0
LALBA	6	0	0
LAMA5	6	0	0
LAMB1	6	0	0
LAMB3	6	0	0
LAMC2	6	0	0
LAMC3	6	0	0
LAT2	6	0	0
LBR	6	0	0
LEF1	6	0	0
LIF	6	0	0
LIG1	6	0	0
LILRB1	6	0	0
LIMD1	6	0	0
LIN7B	6	0	0
LMCD1	6	0	0
LRFN3	6	0	0
LRRC7	6	0	0
LRRFIP1	6	0	0
LTBR	6	0	0
LYL1	6	0	0
MADCAM1	6	0	0
MADD	6	0	0
MAGT1	6	0	0
MALT1	6	0	0
MAP1LC3B	6	0	0
MAP2K5	6	0	0
MAP2K6	6	0	0
MAP3K1	6	0	0
MAPK12	6	0	0
MAPK8	6	0	0
MAPK9	6	0	0
MASTL	6	0	0
MBL2	6	0	0
MBTPS2	6	0	0
MC1R	6	0	0
MCM2	6	0	0
MCM5	6	0	0
MCM8	6	0	0
MDM2	6	0	0
MEF2B	6	0	0
MEFV	6	0	0
MEN1	6	0	0
METTL21A	6	0	0
MIA2	6	0	0
MIA3	6	0	0
MIB2	6	0	1
MLEC	6	0	0
MLH1	6	0	0
MLPH	6	0	0
MLST8	6	0	0
MMP1	6	0	0
MMP15	6	0	0
MORC2	6	0	0
MOV10	6	0	0
MPHOSPH8	6	0	0
MSH3	6	0	0
MSI2	6	0	0
MSRA	6	0	0
MSRB2	6	0	0
MST1R	6	0	0
MT-CO3	6	0	0
MTMR10	6	0	0
MTMR12	6	0	0
MTMR2	6	0	0
MTREX	6	0	0
MVB12B	6	0	0
MYF5	6	0	0
MYL9	6	0	0
MYO6	6	0	0
NAE1	6	0	0
NCAM1	6	0	0
NCBP2	6	0	0
NCF1	6	0	0
NCOA3	6	0	0
NECTIN1	6	0	0
NECTIN2	6	0	0
NF2	6	0	0
NFE2	6	0	0
NFKB1	6	0	0
NFKBIB	6	0	0
NFYA	6	0	0
NKX2-5	6	0	0
NLRP1	6	0	0
NLRX1	6	0	0
NOTCH1	6	0	0
NOTCH2NLB	6	0	0
NPHS2	6	0	0
NPRL2	6	0	0
NPRL3	6	0	0
NPTN	6	0	0
NR1H3	6	0	0
NRG1	6	0	0
NRP1	6	0	0
NRP2	6	0	0
NSMAF	6	0	0
NTF4	6	0	0
NTN1	6	0	0
NTRK1	6	0	0
NUB1	6	0	0
NUDC	6	0	0
NUMA1	6	0	0
NXT1	6	0	0
OCLN	6	0	0
OIP5	6	0	0
OPN1LW	6	0	0
ORC4	6	0	0
OSBPL1A	6	0	0
OST4	6	0	0
OTUB1	6	0	0
P4HB	6	0	0
PAFAH1B3	6	0	0
PAG1	6	0	0
PAK1	6	0	0
PALB2	6	0	0
PAPPA	6	0	0
PARD3	6	0	0
PARG	6	0	0
PCSK1	6	0	0
PCSK7	6	0	0
PCSK9	6	0	0
PDE3B	6	0	0
PDE6A	6	0	0
PDGFRA	6	0	0
PDPK1	6	0	0
PDS5B	6	0	0
PELI3	6	0	0
PELP1	6	0	0
PEX10	6	0	0
PFN1	6	0	0
PGAP1	6	0	0
PGR	6	0	0
PHC1	6	0	0
PHF1	6	0	0
PHF10	6	0	0
PHKA1	6	0	0
PIK3C3	6	0	0
PIK3CG	6	0	0
PIK3R4	6	0	0
PINK1	6	0	0
PKMYT1	6	0	0
PLAT	6	0	0
PLIN2	6	0	0
PLK1	6	0	0
PLXNA2	6	0	0
PLXNA3	6	0	0
PMS2	6	0	0
POGLUT1	6	0	0
POLB	6	0	0
POLE	6	0	0
POLE2	6	0	0
POLG	6	0	0
POLG2	6	0	0
POLL	6	0	0
POMC	6	0	0
POU2F1	6	0	0
POU3F1	6	0	0
POU4F2	6	0	0
POU5F1	6	0	0
PPHLN1	6	0	0
PPM1D	6	0	0
PPM1F	6	0	0
PPP1R14A	6	0	0
PPP2CB	6	0	0
PPP2R1A	6	0	0
PPP5C	6	0	0
PPP6C	6	0	0
PPP6R1	6	0	0
PPP6R3	6	0	0
PRC1	6	0	0
PRDX2	6	0	0
PRDX3	6	0	0
PREX1	6	0	0
PRIM1	6	0	0
PRKAR1A	6	0	0
PRKG1	6	0	0
PRKRA	6	0	0
PRMT1	6	0	0
PRSS1	6	0	0
PRSS2	6	0	0
PSENEN	6	0	0
PSMD11	6	0	0
PSMD3	6	0	0
PSMD8	6	0	0
PSTPIP1	6	0	0
PTBP1	6	0	0
PTCH1	6	0	0
PTPN2	6	0	0
PTPN6	6	0	0
PYGB	6	0	0
PYGO1	6	0	0
RAB11A	6	0	0
RAB13	6	0	0
RAB27A	6	0	0
RAB5A	6	0	0
RAB5B	6	0	0
RAC1	6	0	0
RACGAP1	6	0	0
RACK1	6	0	0
RAD18	6	0	0
RAD23B	6	0	0
RAD50	6	0	1
RANBP9	6	0	0
RAP1A	6	0	0
RASA1	6	0	0
RBBP7	6	0	0
REN	6	0	0
REV3L	6	0	0
RGL2	6	0	0
RGP1	6	0	0
RGS17	6	0	0
RHOT1	6	0	0
RHOU	6	0	0
RIGI	6	0	0
RING1	6	0	0
RIPPLY2	6	0	0
RMND5B	6	0	0
RNASEL	6	0	0
RNF135	6	0	0
RNMT	6	0	0
RPS6	6	0	0
RPS6KA1	6	0	0
RRM1	6	0	0
RTKN	6	0	0
RTN4R	6	0	0
RUNX2	6	0	0
RXRB	6	0	0
RXYLT1	6	0	0
RYBP	6	0	0
SAG	6	0	0
SAR1B	6	0	0
SARM1	6	0	0
SATB2	6	0	0
SCAP	6	0	0
SCRIB	6	0	0
SEC13	6	0	0
SEC23A	6	0	0
SEC23IP	6	0	0
SEMG1	6	0	0
SENP1	6	0	0
SEPTIN4	6	0	0
SERPINA10	6	0	0
SERPING1	6	0	0
SESN1	6	0	0
SETD1A	6	0	0
SETD1B	6	0	0
SFRP2	6	0	0
SFTPA1	6	0	0
SFTPA2	6	0	0
SFTPD	6	0	0
SGCB	6	0	0
SGCZ	6	0	0
SGO1	6	0	0
SGTA	6	0	0
SH3PXD2A	6	0	0
SHANK2	6	0	0
SHTN1	6	0	0
SIAH1	6	0	0
SIGLEC15	6	0	0
SIGLEC16	6	0	0
SIKE1	6	0	0
SIN3A	6	0	0
SIRT4	6	0	0
SKI	6	0	0
SKP2	6	0	0
SLC38A9	6	0	0
SLC8A3	6	0	0
SLIT1	6	0	0
SMARCA2	6	0	0
SMARCC1	6	0	0
SMARCC2	6	0	0
SMARCD1	6	0	0
SMARCD3	6	0	0
SMYD2	6	0	0
SNAP25	6	0	0
SNCA	6	0	0
SOCS1	6	0	0
SOCS3	6	0	0
SOCS5	6	0	0
SOD2	6	0	0
SOS1	6	0	0
SPC24	6	0	0
SPHK1	6	0	0
SPI1	6	0	0
SPINK6	6	0	0
SPOP	6	0	0
SPOPL	6	0	0
SRC	6	0	0
SRY	6	0	0
SS18L1	6	0	0
ST14	6	0	0
STAB2	6	0	0
STK4	6	0	0
STRAP	6	0	0
STX16	6	0	0
STX4	6	0	0
STXBP2	6	0	0
SUFU	6	0	1
SUMO3	6	0	0
SYCP3	6	0	0
SYMPK	6	0	0
SYT9	6	0	0
SYVN1	6	0	0
TANK	6	0	0
TAX1BP1	6	0	0
TBC1D1	6	0	0
TBC1D17	6	0	0
TBP	6	0	0
TEC	6	0	0
TEN1	6	0	0
TENT4A	6	0	0
TFEC	6	0	0
TFPI	6	0	0
TGFBR1	6	0	0
TGFBR3	6	0	0
THBS1	6	0	0
THBS2	6	0	0
TIMELESS	6	0	0
TIPIN	6	0	0
TJP1	6	0	0
TLR3	6	0	0
TMEM258	6	0	0
TNFAIP3	6	0	0
TNFRSF13B	6	0	0
TNFRSF1A	6	0	0
TNFSF13	6	0	0
TNFSF13B	6	0	0
TNFSF15	6	0	0
TNIP1	6	0	0
TNKS2	6	0	0
TNNI1	6	0	0
TNR	6	0	0
TNS3	6	0	0
TOMM20	6	0	0
TP53	6	0	0
TP63	6	0	0
TRAK1	6	0	0
TRAV19	6	0	0
TRBV12-3	6	0	0
TRPC3	6	0	0
TSC2	6	0	0
TSG101	6	0	0
TSLP	6	0	0
TSPAN14	6	0	0
TSPO	6	0	0
TTC5	6	0	0
TWIST2	6	0	0
TXN2	6	0	0
TYROBP	6	0	0
UBE2D1	6	0	0
UBE2D2	6	0	0
UBE2E1	6	0	0
UBE2F	6	0	0
UBE2N	6	0	0
UBE2V1	6	0	0
UBQLN2	6	0	0
ULK1	6	0	0
UNC13B	6	0	0
UNG	6	0	0
UPF3B	6	0	0
UQCRQ	6	0	0
USE1	6	0	0
USP11	6	0	0
USP13	6	0	0
USP18	6	0	0
USP26	6	0	0
USP28	6	0	0
UVSSA	6	0	0
VCAM1	6	0	0
VEGFA	6	0	0
VEGFB	6	0	0
VPREB1	6	0	0
VPS53	6	0	0
VRK3	6	0	0
VTN	6	0	0
WDR83	6	0	0
WIPI2	6	0	0
WNT4	6	0	0
WNT5A	6	0	0
WNT9A	6	0	0
WT1	6	0	0
WWTR1	6	0	0
XIAP	6	0	0
XPC	6	0	0
XRCC4	6	0	0
YWHAE	6	0	0
ZC3H18	6	0	0
ZC3H4	6	0	0
ZCCHC7	6	0	0
ZDHHC21	6	0	0
ZDHHC5	6	0	0
ZEB1	6	0	0
ZFAND6	6	0	0
ZFHX3	6	0	0
ZFYVE9	6	0	0
ZNF423	6	0	0
ZNF45	6	0	0
ZNF687	6	0	0
ZNF827	6	0	0
ZRANB1	6	0	0
ABHD17A	6	1	0
ABHD17C	6	1	0
ABL1	6	1	0
ABL2	6	1	0
ABLIM1	6	1	0
ACBD3	6	1	0
ACE	6	1	0
ACOX1	6	1	0
ACTA1	6	1	0
ACVR1B	6	1	0
ACVR1C	6	1	0
ACVR2A	6	1	0
ADAM15	6	1	0
ADAM23	6	1	0
ADCY1	6	1	0
ADORA2A	6	1	0
ADRA1A	6	1	0
AEBP2	6	1	0
AFDN	6	1	1
AGAP2	6	1	0
AGO1	6	1	0
AGO3	6	1	0
AGRN	6	1	0
AHCYL1	6	1	0
AJUBA	6	1	0
AKAP1	6	1	0
ALCAM	6	1	0
ALK	6	1	0
ALOX5AP	6	1	0
ANK2	6	1	0
ANOS1	6	1	0
ANTXR1	6	1	0
AP1B1	6	1	0
AP2A2	6	1	0
AP2M1	6	1	0
AP4B1	6	1	0
AP4M1	6	1	0
APOB	6	1	0
AQP2	6	1	0
ARCN1	6	1	0
ARHGAP1	6	1	0
ARHGAP32	6	1	0
ARHGEF28	6	1	0
ARID2	6	1	0
ARNT2	6	1	0
ARPP19	6	1	0
ARSA	6	1	0
ASF1A	6	1	0
ASXL2	6	1	0
ATF5	6	1	0
ATF7IP	6	1	0
ATM	6	1	0
ATP1A1	6	1	0
AVEN	6	1	0
AVP	6	1	0
AVPR1B	6	1	0
AVPR2	6	1	0
B2M	6	1	0
B3GNT3	6	1	0
BCAR1	6	1	0
BCKDK	6	1	0
BCL2	6	1	0
BICRAL	6	1	0
BIRC3	6	1	0
BLNK	6	1	0
BMAL2	6	1	0
BMPR1A	6	1	0
BOD1L1	6	1	0
BRCC3	6	1	0
BRIP1	6	1	0
BTLA	6	1	0
BUB1B	6	1	0
C1QB	6	1	0
C1S	6	1	0
C2CD5	6	1	0
C3AR1	6	1	0
C4BPA	6	1	0
C5	6	1	0
CAB39L	6	1	0
CACNA1B	6	1	0
CACNB1	6	1	0
CACNB4	6	1	0
CALCA	6	1	0
CALCR	6	1	0
CALCRL	6	1	0
CALM3	6	1	0
CAMK1	6	1	0
CAMK2A	6	1	0
CAMK2B	6	1	0
CANX	6	1	0
CAPN2	6	1	0
CAPZA3	6	1	0
CARD11	6	1	0
CASC3	6	1	0
CASP1	6	1	0
CAST	6	1	0
CAV1	6	1	0
CAV3	6	1	0
CBLL1	6	1	0
CBX3	6	1	0
CCDC88C	6	1	0
CCL1	6	1	0
CCL13	6	1	0
CCL5	6	1	0
CCNA1	6	1	0
CCNB2	6	1	0
CCND1	6	1	0
CCND3	6	1	0
CCNH	6	1	0
CCNK	6	1	0
CCR4	6	1	0
CCR8	6	1	0
CD1C	6	1	0
CD320	6	1	0
CD40	6	1	0
CD59	6	1	0
CD72	6	1	0
CD79B	6	1	0
CD81	6	1	0
CD86	6	1	0
CD96	6	1	0
CDC25C	6	1	0
CDC73	6	1	0
CDCA5	6	1	0
CDCA8	6	1	0
CDH11	6	1	0
CDH2	6	1	0
CDK2AP1	6	1	0
CDKN1B	6	1	0
CDKN2A	6	1	0
CDKN2D	6	1	0
CEP43	6	1	0
CER1	6	1	0
CFB	6	1	0
CFD	6	1	0
CFH	6	1	0
CFHR4	6	1	0
CHD4	6	1	0
CHEK1	6	1	0
CHEK2	6	1	0
CHML	6	1	0
CHMP2A	6	1	0
CHUK	6	1	0
CITED1	6	1	0
CLASP2	6	1	0
CLEC4C	6	1	0
CLEC4D	6	1	0
CLNS1A	6	1	0
CLTC	6	1	0
CLU	6	1	0
CLVS1	6	1	0
CNGA2	6	1	0
CNPY3	6	1	0
COL3A1	6	1	0
COLEC11	6	1	0
COMP	6	1	0
COPA	6	1	0
COPB1	6	1	0
COPB2	6	1	0
COPE	6	1	0
COPG2	6	1	0
CPA3	6	1	0
CPS1	6	1	0
CPSF6	6	1	0
CREB3L4	6	1	0
CRK	6	1	0
CRTAM	6	1	0
CRTC2	6	1	0
CRTC3	6	1	0
CSF1	6	1	0
CSF2RB	6	1	0
CSNK2A2	6	1	0
CSNK2A3	6	1	0
CSTF1	6	1	0
CSTF3	6	1	0
CTCF	6	1	0
CTNND1	6	1	0
CTSG	6	1	0
CTSK	6	1	0
CTTN	6	1	0
CUL5	6	1	0
CYBA	6	1	0
CYTH2	6	1	0
DAD1	6	1	0
DAXX	6	1	0
DBF4	6	1	0
DBNL	6	1	0
DCAF8L2	6	1	0
DCTN4	6	1	0
DEFA3	6	1	0
DENND1B	6	1	0
DENND2A	6	1	0
DHTKD1	6	1	0
DHX9	6	1	0
DIAPH1	6	1	0
DIS3	6	1	0
DLGAP1	6	1	0
DLGAP2	6	1	0
DNER	6	1	0
DOCK3	6	1	0
DPH3	6	1	0
DSG1	6	1	0
DSG2	6	1	0
DUSP3	6	1	0
DUSP6	6	1	0
E2F5	6	1	0
E2F6	6	1	0
EFNB2	6	1	0
EGR1	6	1	0
EHD3	6	1	0
EHMT2	6	1	0
EIF2S2	6	1	0
ELF1	6	1	0
ELF2	6	1	0
ELN	6	1	0
EML4	6	1	0
EPC1	6	1	0
EPM2A	6	1	0
EPN2	6	1	0
EPO	6	1	0
EPOR	6	1	0
ERBB2	6	1	0
ERO1B	6	1	0
ESCO1	6	1	0
ESR2	6	1	0
ETV4	6	1	0
EVC	6	1	0
F10	6	1	0
F11	6	1	0
F11R	6	1	0
F2	6	1	0
FAS	6	1	0
FBXL7	6	1	0
FCER1G	6	1	0
FCGR2A	6	1	0
FCGR2B	6	1	1
FGA	6	1	0
FGB	6	1	0
FGF1	6	1	0
FGF2	6	1	0
FGF23	6	1	0
FGF7	6	1	0
FGF9	6	1	0
FGFBP1	6	1	0
FGFR1	6	1	0
FGFRL1	6	1	0
FGG	6	1	0
FIGNL1	6	1	0
FILIP1	6	1	0
FIRRM	6	1	0
FKBP6	6	1	0
FLNC	6	1	0
FLOT2	6	1	0
FLRT2	6	1	0
FLRT3	6	1	0
FMNL2	6	1	0
FNTA	6	1	0
FOS	6	1	0
FOSB	6	1	0
FOXD3	6	1	0
FOXG1	6	1	0
FOXK1	6	1	0
FRAT2	6	1	0
FRS3	6	1	0
FSTL3	6	1	0
FUNDC1	6	1	0
FZR1	6	1	0
GABBR1	6	1	0
GABRB1	6	1	0
GALNT3	6	1	0
GANAB	6	1	0
GATA4	6	1	0
GATAD2A	6	1	0
GATAD2B	6	1	0
GBP1	6	1	0
GBP4	6	1	0
GCN1	6	1	0
GFRA2	6	1	0
GFRA4	6	1	0
GHR	6	1	0
GHRL	6	1	0
GINS4	6	1	0
GIPR	6	1	0
GLI1	6	1	0
GLP1R	6	1	0
GLRA2	6	1	0
GNAI2	6	1	0
GNAQ	6	1	0
GNAT2	6	1	0
GNB3	6	1	0
GNGT1	6	1	0
GORASP1	6	1	0
GP6	6	1	0
GPER1	6	1	0
GRAP2	6	1	0
GRB10	6	1	0
GREB1	6	1	0
GRIA1	6	1	0
GRIN1	6	1	0
GRIN2A	6	1	0
GRK5	6	1	0
GRK7	6	1	0
GRM5	6	1	0
GTF2A1	6	1	0
GTF2B	6	1	0
GYS1	6	1	0
GYS2	6	1	0
H2AX	6	1	0
HCCS	6	1	0
HCFC1	6	1	0
HERC2	6	1	0
HIPK2	6	1	0
HLA-B	6	1	0
HLA-DOA	6	1	0
HLA-DOB	6	1	0
HMMR	6	1	0
HNRNPC	6	1	0
HNRNPU	6	1	0
HOMER2	6	1	0
HOXC11	6	1	0
HPS1	6	1	0
HSBP1	6	1	0
HSP90AA1	6	1	0
HSP90AB1	6	1	0
HSPA8	6	1	0
IFIH1	6	1	0
IFIT2	6	1	0
IFNAR2	6	1	0
IFNGR2	6	1	0
IFNL1	6	1	0
IFNLR1	6	1	0
IGF1R	6	1	0
IGF2R	6	1	0
IGFALS	6	1	0
IGFBP6	6	1	0
IGHG3	6	1	0
IGLL1	6	1	0
IKZF3	6	1	0
IL11	6	1	0
IL13RA1	6	1	0
IL18	6	1	0
IL19	6	1	0
IL1R2	6	1	0
IL1RAPL2	6	1	0
IL1RN	6	1	0
IL22	6	1	0
IL23R	6	1	0
IL32	6	1	0
IL36R	6	1	0
IL6R	6	1	0
IL9	6	1	0
IL9R	6	1	0
ILK	6	1	0
IMPACT	6	1	0
INHA	6	1	0
INHBA	6	1	0
INHBC	6	1	0
INPP5E	6	1	0
INSR	6	1	0
IRAG1	6	1	0
IRAK2	6	1	0
IRF4	6	1	0
ITGA7	6	1	0
ITGA8	6	1	0
ITGAM	6	1	0
ITGAV	6	1	0
ITGAX	6	1	0
ITGB2	6	1	0
ITGB3BP	6	1	0
ITGB4	6	1	0
ITGB7	6	1	0
ITPKA	6	1	0
JAG1	6	1	0
JAM2	6	1	0
KAT2B	6	1	0
KCNMB4	6	1	0
KDM1A	6	1	0
KDM4C	6	1	0
KHSRP	6	1	0
KIF17	6	1	0
KIF20A	6	1	0
KIF23	6	1	0
KIFAP3	6	1	0
KIR2DS1	6	1	0
KLC1	6	1	0
KLK12	6	1	0
KLK3	6	1	0
KLRD1	6	1	0
KMT2D	6	1	0
KPNA2	6	1	0
KRT26	6	1	0
KRT5	6	1	0
LCAT	6	1	0
LCE1A	6	1	0
LCE3D	6	1	0
LCK	6	1	0
LGI3	6	1	0
LGMN	6	1	0
LGR5	6	1	0
LIG3	6	1	0
LIMS2	6	1	0
LIN7C	6	1	0
LPL	6	1	0
LRFN1	6	1	0
LRRC41	6	1	0
LRRC4B	6	1	0
LRRC52	6	1	0
LSR	6	1	0
LTA	6	1	0
LTB	6	1	0
LTBP4	6	1	0
LTC4S	6	1	0
LY96	6	1	0
MAEA	6	1	0
MAFK	6	1	0
MAG	6	1	0
MAGOHB	6	1	0
MALSU1	6	1	0
MAML2	6	1	0
MAP2K2	6	1	0
MAP2K7	6	1	0
MAP3K5	6	1	0
MAP3K8	6	1	0
MAPK1	6	1	0
MAPKAPK5	6	1	0
MAS1	6	1	0
MATK	6	1	0
MAVS	6	1	0
MBD1	6	1	0
MBD3	6	1	0
MBOAT4	6	1	0
MCAT	6	1	0
MCF2	6	1	0
MCM10	6	1	0
MCM3	6	1	0
MCM4	6	1	0
MDK	6	1	0
MEF2A	6	1	0
METAP1	6	1	0
METTL14	6	1	0
MFAP4	6	1	0
MFN2	6	1	0
MGAT5B	6	1	0
MITF	6	1	0
MOB1A	6	1	0
MPST	6	1	0
MRAS	6	1	0
MRTFA	6	1	0
MST1	6	1	0
MT-RNR2	6	1	0
MTRFR	6	1	0
MYH9	6	1	0
MYL12B	6	1	0
MYO1C	6	1	0
NAB2	6	1	0
NANOG	6	1	0
NAT8	6	1	0
NBAS	6	1	0
NBR1	6	1	0
NCF4	6	1	0
NCK1	6	1	0
NCOA2	6	1	0
NCR3LG1	6	1	0
NECTIN3	6	1	0
NEDD4	6	1	0
NEK2	6	1	0
NEK6	6	1	0
NELL2	6	1	0
NEU1	6	1	0
NEU4	6	1	0
NFASC	6	1	0
NFKBIE	6	1	0
NFU1	6	1	0
NGEF	6	1	0
NMT1	6	1	0
NOD1	6	1	0
NOD2	6	1	0
NOSTRIN	6	1	0
NPAS4	6	1	0
NPHP4	6	1	0
NPLOC4	6	1	0
NPNT	6	1	0
NR1H2	6	1	0
NTRK2	6	1	0
NTRK3	6	1	0
NXF1	6	1	0
OCRL	6	1	0
OMA1	6	1	0
OPA1	6	1	0
OPN1MW	6	1	0
OPTC	6	1	0
OPTN	6	1	0
ORC2	6	1	0
ORC6	6	1	0
OS9	6	1	0
OSMR	6	1	0
OTUD3	6	1	0
PARD6A	6	1	0
PAX2	6	1	0
PAX5	6	1	0
PCBP2	6	1	0
PCGF2	6	1	0
PCNT	6	1	0
PCSK5	6	1	0
PDCD1LG2	6	1	0
PDGFB	6	1	0
PDGFRB	6	1	0
PDS5A	6	1	0
PEA15	6	1	0
PEBP1	6	1	0
PELO	6	1	0
PER1	6	1	0
PEX12	6	1	0
PEX14	6	1	0
PEX26	6	1	0
PGAM5	6	1	0
PHAX	6	1	0
PHKA2	6	1	0
PHKB	6	1	0
PHKG1	6	1	0
PHLDA1	6	1	0
PI4KB	6	1	0
PIAS4	6	1	0
PIK3R1	6	1	0
PIP4K2B	6	1	0
PIP4K2C	6	1	0
PLA2G4A	6	1	0
PLAU	6	1	0
PLCB2	6	1	0
PLCB4	6	1	0
PLEKHA3	6	1	0
PLK3	6	1	0
PLN	6	1	0
PLXNB1	6	1	0
PMEPA1	6	1	0
PMF1	6	1	0
PML	6	1	0
POFUT1	6	1	0
POLM	6	1	0
POLN	6	1	0
POMGNT2	6	1	0
POMT2	6	1	0
POU3F2	6	1	0
PPARGC1A	6	1	0
PPFIBP1	6	1	0
PPFIBP2	6	1	0
PPIA	6	1	0
PPM1A	6	1	0
PPP1CA	6	1	0
PPP1R13B	6	1	0
PPP1R13L	6	1	0
PPP1R15A	6	1	0
PPP2CA	6	1	0
PPP2R2D	6	1	0
PPP2R5D	6	1	0
PPP3CA	6	1	0
PPP3CC	6	1	0
PRDM1	6	1	0
PRDX1	6	1	0
PRKAA2	6	1	0
PRKAB1	6	1	0
PRKACA	6	1	0
PRKCG	6	1	0
PRMT5	6	1	0
PROZ	6	1	0
PRX	6	1	0
PSAP	6	1	0
PSEN1	6	1	0
PSG1	6	1	0
PSMD6	6	1	0
PSME4	6	1	0
PSPN	6	1	0
PTK2B	6	1	0
PTK6	6	1	0
PTN	6	1	0
PTPN11	6	1	0
PTPN22	6	1	0
PTPN3	6	1	1
PTPRD	6	1	0
PTPRZ1	6	1	0
PTS	6	1	0
PWWP2A	6	1	0
PWWP2B	6	1	0
PYGL	6	1	0
PYGM	6	1	0
RAB11FIP2	6	1	0
RAB31	6	1	0
RAB32	6	1	0
RAB35	6	1	0
RAB39A	6	1	0
RAB3GAP1	6	1	0
RAB3GAP2	6	1	0
RAB3IP	6	1	0
RAB7A	6	1	0
RABGAP1	6	1	0
RAD1	6	1	0
RAD51	6	1	0
RAD9B	6	1	0
RALB	6	1	0
RAMP2	6	1	0
RAP1B	6	1	1
RASGRF1	6	1	0
RBBP8	6	1	0
RBSN	6	1	0
RCC1	6	1	0
REL	6	1	0
RELB	6	1	0
REST	6	1	0
RGL1	6	1	0
RHOBTB2	6	1	0
RHOC	6	1	0
RHOG	6	1	0
RHOQ	6	1	0
RIN3	6	1	0
RIPK2	6	1	0
RIT1	6	1	0
RIT2	6	1	0
RND1	6	1	0
RNF144A	6	1	0
ROR2	6	1	0
RPA3	6	1	0
RPA4	6	1	0
RPS6KA2	6	1	0
RPS6KA5	6	1	0
RRAGD	6	1	0
RRP8	6	1	0
RSPO2	6	1	0
RSPO3	6	1	0
RTN3	6	1	0
RUNX3	6	1	0
RUVBL1	6	1	0
S100A1	6	1	0
S100B	6	1	0
SAMTOR	6	1	0
SATB1	6	1	0
SBF1	6	1	0
SBF2	6	1	0
SCP2	6	1	0
SCUBE1	6	1	0
SEC16A	6	1	0
SEC24B	6	1	0
SENP5	6	1	0
SENP8	6	1	0
SERPINA1	6	1	0
SERPINB13	6	1	0
SERPINE1	6	1	0
SERPINF2	6	1	0
SFN	6	1	0
SGCD	6	1	0
SGCE	6	1	0
SH2B1	6	1	0
SHANK3	6	1	0
SIRPG	6	1	0
SIRT2	6	1	0
SKAP2	6	1	0
SKIC3	6	1	0
SLA	6	1	0
SLA2	6	1	0
SLC16A1	6	1	0
SLC16A8	6	1	0
SLC18A3	6	1	0
SLIT3	6	1	0
SLX4	6	1	0
SMAD1	6	1	0
SMAD2	6	1	0
SMAD3	6	1	0
SMAD5	6	1	0
SMAD9	6	1	0
SMO	6	1	0
SMPD1	6	1	0
SMURF1	6	1	0
SNF8	6	1	0
SOX4	6	1	0
SOX9	6	1	0
SP1	6	1	0
SPATA2	6	1	0
SPR	6	1	0
SPTAN1	6	1	0
SREBF1	6	1	0
SREBF2	6	1	0
SRGAP2	6	1	0
SRMS	6	1	0
STARD10	6	1	0
STAT5B	6	1	0
STK11	6	1	0
STK26	6	1	0
STRADB	6	1	0
STT3B	6	1	0
STX18	6	1	0
STX3	6	1	0
STX6	6	1	0
SUMO2	6	1	0
SYT1	6	1	0
SYT2	6	1	0
SYTL1	6	1	0
TAB2	6	1	0
TARBP2	6	1	0
TASOR	6	1	0
TAX1BP3	6	1	0
TBC1D3	6	1	0
TBC1D4	6	1	0
TCF7	6	1	0
TDG	6	1	0
TEAD2	6	1	0
TEK	6	1	0
TERT	6	1	0
TFAP2A	6	1	0
TFB2M	6	1	0
TFDP1	6	1	0
TFE3	6	1	0
TGIF1	6	1	0
THBD	6	1	0
THRB	6	1	0
TIRAP	6	1	0
TLL1	6	1	0
TLR2	6	1	0
TMPRSS2	6	1	0
TNF	6	1	0
TNFRSF11B	6	1	0
TNFRSF17	6	1	0
TNFRSF25	6	1	0
TNFRSF6B	6	1	0
TNK2	6	1	0
TNNC2	6	1	0
TNNI3	6	1	0
TNNT1	6	1	0
TP53BP2	6	1	0
TP53RK	6	1	0
TPST1	6	1	0
TRBC1	6	1	0
TRBV7-9	6	1	0
TRIM33	6	1	0
TRPC1	6	1	0
TRPC6	6	1	0
TSN	6	1	0
TSPAN15	6	1	0
TSPOAP1	6	1	0
TUFM	6	1	0
TWIST1	6	1	0
TXN	6	1	0
TXNRD2	6	1	0
TYK2	6	1	0
UBA7	6	1	0
UBE2L6	6	1	0
UBE2T	6	1	0
UBN1	6	1	0
UFD1	6	1	0
UHRF1	6	1	0
UNC5A	6	1	0
UQCRB	6	1	0
USP21	6	1	0
USP25	6	1	0
USP34	6	1	0
USP37	6	1	0
USP4	6	1	0
USP7	6	1	1
UVRAG	6	1	0
VAMP7	6	1	0
VAV2	6	1	0
VEGFC	6	1	0
VEGFD	6	1	0
VENTX	6	1	0
VPS35	6	1	0
VPS37D	6	1	0
VRK1	6	1	0
VWF	6	1	0
WAPL	6	1	0
WDR26	6	1	0
WIPF1	6	1	0
WIPF3	6	1	0
WNT3	6	1	0
WWC1	6	1	0
WWP2	6	1	0
XPO5	6	1	0
XRCC2	6	1	0
XRCC3	6	1	0
XRCC6	6	1	0
YEATS4	6	1	0
YES1	6	1	0
YWHAG	6	1	0
YWHAZ	6	1	0
ZAP70	6	1	0
ZC3HC1	6	1	0
ZDHHC7	6	1	0
ZFP36L1	6	1	0
ZFPM2	6	1	0
ZNF350	6	1	0
ZNF521	6	1	0
ZNF74	6	1	0
ZW10	6	1	0
ZWINT	6	1	0
A2M	6	2	0
ABHD17B	6	2	0
ACTA2	6	2	0
ACTL6B	6	2	0
ADAM11	6	2	0
ADAM17	6	2	0
ADAM22	6	2	0
ADAMTS5	6	2	0
ADAR	6	2	0
ADD3	6	2	0
ADNP	6	2	0
ADRA1B	6	2	0
ADRB2	6	2	0
AGER	6	2	0
AGL	6	2	0
AGT	6	2	0
AIP	6	2	0
AKT1	6	2	0
ALKAL1	6	2	0
ALPK1	6	2	0
AMBP	6	2	0
AMT	6	2	0
ANGPT1	6	2	0
ANGPT4	6	2	0
ANKFY1	6	2	0
ANKLE2	6	2	0
ANTXR2	6	2	0
ANXA2	6	2	0
AP1G2	6	2	0
AP1S3	6	2	0
AP2B1	6	2	0
AP4E1	6	2	0
AP4S1	6	2	0
APBB1IP	6	2	0
APOA1	6	2	0
APOC2	6	2	0
APP	6	2	0
AR	6	2	0
ARC	6	2	0
ARF1	6	2	0
ARF4	6	2	0
ARHGDIA	6	2	0
ARHGDIB	6	2	0
ARID1A	6	2	0
ARNT	6	2	1
ARRB2	6	2	0
ASPH	6	2	0
ASXL1	6	2	0
ATG101	6	2	0
ATG14	6	2	0
ATG16L1	6	2	0
ATP1A2	6	2	0
ATR	6	2	0
ATRIP	6	2	0
AURKA	6	2	0
AXIN1	6	2	0
AXIN2	6	2	0
B4GALT1	6	2	0
BAMBI	6	2	0
BCL2L1	6	2	0
BCL6	6	2	0
BDKRB1	6	2	0
BDKRB2	6	2	0
BDP1	6	2	0
BECN1	6	2	0
BET1L	6	2	0
BMAL1	6	2	0
BMP2	6	2	0
BNIP2	6	2	0
BOC	6	2	0
BRAF	6	2	0
BRCA2	6	2	0
BRF1	6	2	0
BRF2	6	2	0
BRWD1	6	2	0
BSN	6	2	0
BTN2A1	6	2	0
C1QBP	6	2	0
C1R	6	2	0
C2	6	2	0
C4A	6	2	0
C4BPB	6	2	0
CAB39	6	2	0
CABLES1	6	2	0
CACNA1A	6	2	0
CACNG4	6	2	0
CAMK2G	6	2	0
CAMLG	6	2	0
CAPNS1	6	2	0
CASP6	6	2	0
CASTOR1	6	2	0
CBX5	6	2	0
CCNE2	6	2	0
CCP110	6	2	0
CCZ1	6	2	0
CD177	6	2	0
CD19	6	2	0
CD1D	6	2	0
CD274	6	2	1
CD300E	6	2	0
CD300LB	6	2	0
CD36	6	2	0
CD3E	6	2	0
CD3G	6	2	0
CD80	6	2	0
CD8B	6	2	0
CD9	6	2	0
CDC42EP5	6	2	0
CDC45	6	2	0
CDC6	6	2	0
CDH8	6	2	0
CDK5	6	2	0
CDK8	6	2	0
CENPA	6	2	0
CETN1	6	2	0
CFHR1	6	2	0
CFL1	6	2	0
CHD1	6	2	0
CHD1L	6	2	0
CHD3	6	2	0
CITED2	6	2	0
CLEC5A	6	2	0
CLTB	6	2	0
CNGB1	6	2	0
CNTN1	6	2	0
CNTN2	6	2	0
CNTN6	6	2	0
COL10A1	6	2	0
COL17A1	6	2	0
COL1A1	6	2	0
COP1	6	2	0
COPZ1	6	2	0
COPZ2	6	2	0
CPAP	6	2	0
CREBRF	6	2	0
CRLF2	6	2	0
CRY1	6	2	0
CSH1	6	2	0
CSK	6	2	0
CSNK2A1	6	2	0
CSNK2B	6	2	0
CTBP1	6	2	0
CUL4A	6	2	0
CUL7	6	2	0
CYB5R1	6	2	0
DAAM1	6	2	0
DAB1	6	2	0
DAG1	6	2	0
DCN	6	2	0
DCP2	6	2	0
DCSTAMP	6	2	0
DCUN1D1	6	2	0
DCUN1D3	6	2	0
DDOST	6	2	0
DDX17	6	2	0
DDX5	6	2	0
DENND1C	6	2	0
DFFA	6	2	0
DIAPH3	6	2	0
DLG1	6	2	0
DLG4	6	2	0
DLGAP3	6	2	0
DLL1	6	2	0
DNAJA2	6	2	0
DNAJC7	6	2	0
DNM2	6	2	0
DOCK6	6	2	0
DOCK8	6	2	0
DPH1	6	2	0
DPH2	6	2	0
DPH5	6	2	0
DPPA2	6	2	0
DPPA4	6	2	0
DPY30	6	2	0
DROSHA	6	2	0
DSCAML1	6	2	0
DST	6	2	0
DTX4	6	2	0
DUSP5	6	2	0
DUSP9	6	2	0
DVL2	6	2	0
DYNC1LI2	6	2	0
DYNLL2	6	2	0
EBF2	6	2	0
EEF1AKMT2	6	2	0
EEF1G	6	2	0
EIF1AX	6	2	0
EIF2AK2	6	2	0
EIF2AK4	6	2	0
EIF2S3	6	2	0
EIF4A3	6	2	0
EIF4B	6	2	0
EIF4E	6	2	0
EIF4G2	6	2	0
ELAVL1	6	2	0
ELK1	6	2	0
ELOA	6	2	0
ELOB	6	2	0
EMD	6	2	0
EMILIN1	6	2	0
EP300	6	2	0
EPAS1	6	2	0
EPS15	6	2	0
ERBIN	6	2	0
ERCC4	6	2	0
ERCC5	6	2	0
ERCC8	6	2	0
ERF	6	2	0
ERLIN1	6	2	0
ESAM	6	2	0
EZH2	6	2	0
F12	6	2	0
F13A1	6	2	0
F2RL2	6	2	0
F2RL3	6	2	0
F9	6	2	0
FABP5	6	2	0
FARP2	6	2	0
FBN1	6	2	0
FBXL17	6	2	0
FBXL21P	6	2	0
FDXR	6	2	0
FERMT2	6	2	0
FGFR1OP2	6	2	0
FGFR3	6	2	0
FGR	6	2	0
FKBPL	6	2	0
FLT3	6	2	0
FLT3LG	6	2	0
FLT4	6	2	0
FOLR1	6	2	0
FOXM1	6	2	0
FOXP3	6	2	0
FRK	6	2	0
FURIN	6	2	0
FZD5	6	2	0
GAA	6	2	0
GABARAPL2	6	2	0
GABRB3	6	2	0
GADD45A	6	2	0
GATA6	6	2	0
GBP6	6	2	0
GCGR	6	2	0
GDF1	6	2	0
GDI2	6	2	0
GEN1	6	2	0
GGA2	6	2	0
GH2	6	2	0
GHSR	6	2	0
GINS1	6	2	0
GINS2	6	2	0
GINS3	6	2	0
GIP	6	2	0
GLP2R	6	2	0
GLRA3	6	2	0
GLYCAM1	6	2	0
GMNC	6	2	0
GMNN	6	2	0
GNA15	6	2	0
GNAI3	6	2	0
GNG2	6	2	0
GOLGA2	6	2	0
GOLGA7	6	2	0
GOLIM4	6	2	0
GP1BB	6	2	0
GP5	6	2	0
GRIA2	6	2	0
GRIN2B	6	2	0
GRIN2D	6	2	0
GRIN3A	6	2	0
GRK4	6	2	0
GTF2E1	6	2	0
GTF2F1	6	2	0
GTF2F2	6	2	0
H2AC6	6	2	0
H2BC21	6	2	0
HAT1	6	2	0
HDAC1	6	2	0
HDAC5	6	2	0
HDAC6	6	2	0
HECW1	6	2	0
HERC5	6	2	0
HES7	6	2	0
HGS	6	2	0
HIF1A	6	2	0
HLA-A	6	2	0
HLA-DMA	6	2	0
HLA-DQA1	6	2	1
HLTF	6	2	0
HMGA1	6	2	0
HNRNPA1	6	2	0
HNRNPK	6	2	0
HOMER1	6	2	0
HPX	6	2	0
HRAS	6	2	0
HSPA1A	6	2	0
HSPB1	6	2	0
HSPG2	6	2	0
IAPP	6	2	0
ICAM3	6	2	0
IFI44	6	2	0
IFI44L	6	2	0
IFI6	6	2	0
IFIT3	6	2	0
IFNAR1	6	2	0
IGHD	6	2	0
IGHE	6	2	0
IGHG4	6	2	0
IKZF2	6	2	0
IL12RB2	6	2	0
IL17RD	6	2	0
IL1RAPL1	6	2	0
IL2	6	2	0
IL20RB	6	2	0
IL2RA	6	2	0
IL3	6	2	0
IL33R	6	2	0
IL34	6	2	0
IL36B	6	2	0
IL4	6	2	0
IL6	6	2	0
IL7	6	2	0
ILF3	6	2	0
INPPL1	6	2	1
IRF3	6	2	0
IRF5	6	2	0
IRF9	6	2	0
ITGA1	6	2	0
ITGA10	6	2	0
ITGA9	6	2	0
ITGAD	6	2	0
ITGB6	6	2	0
ITPKC	6	2	0
ITPR3	6	2	0
JUN	6	2	0
KALRN	6	2	0
KCNJ10	6	2	0
KCNJ16	6	2	0
KCNJ2	6	2	0
KCNJ3	6	2	0
KCNJ9	6	2	0
KCNMB3	6	2	0
KCNQ2	6	2	0
KCNQ3	6	2	0
KDM5B	6	2	0
KDM8	6	2	0
KHDRBS1	6	2	0
KIF4A	6	2	0
KIR2DL1	6	2	0
KIR2DL2	6	2	0
KIR2DL4	6	2	0
KITLG	6	2	0
KLK13	6	2	0
KLK5	6	2	0
KLK8	6	2	0
KLKB1	6	2	0
KLRC1	6	2	0
KPNA1	6	2	0
KREMEN2	6	2	0
KRT25	6	2	0
KRT28	6	2	0
L1CAM	6	2	0
LAMB2	6	2	0
LAMC1	6	2	0
LAMTOR2	6	2	0
LARGE1	6	2	0
LAT	6	2	0
LBP	6	2	0
LDB1	6	2	0
LGI4	6	2	0
LGR6	6	2	0
LIAS	6	2	0
LIMS1	6	2	0
LMAN1	6	2	0
LMNB1	6	2	0
LPIN1	6	2	0
LRFN4	6	2	0
LRP2	6	2	0
LRP6	6	2	0
LRRK2	6	2	0
LTBP1	6	2	0
LTK	6	2	0
LYPLA1	6	2	0
M6PR	6	2	0
MAD1L1	6	2	0
MAD2L1	6	2	0
MAFB	6	2	0
MAFG	6	2	0
MAPK10	6	2	0
MAPK11	6	2	0
MAPK4	6	2	0
MAPKAPK2	6	2	0
MAX	6	2	0
MBD3L1	6	2	0
MBTPS1	6	2	0
MC3R	6	2	0
MCFD2	6	2	0
MCRIP1	6	2	0
MDM4	6	2	0
ME1	6	2	0
MECP2	6	2	0
MERTK	6	2	0
MET	6	2	0
MFAP3	6	2	0
MGA	6	2	0
MIF	6	2	0
MIS18BP1	6	2	0
MMP11	6	2	0
MMP12	6	2	0
MMP2	6	2	0
MMP3	6	2	0
MMP9	6	2	0
MPHOSPH6	6	2	0
MSH6	6	2	0
MTA1	6	2	0
MTA2	6	2	0
MTA3	6	2	0
MTM1	6	2	0
MTOR	6	2	0
MTRES1	6	2	0
MVB12A	6	2	0
MYBL2	6	2	0
MYD88	6	2	0
MYF6	6	2	0
MYH11	6	2	0
N4BP1	6	2	0
NAB1	6	2	0
NAPA	6	2	0
NBEA	6	2	0
NBN	6	2	0
NCBP1	6	2	0
NCOA1	6	2	0
NCOR1	6	2	0
NCR1	6	2	0
NCR2	6	2	0
NCSTN	6	2	0
NDUFAB1	6	2	0
NECTIN4	6	2	0
NEK1	6	2	0
NEK9	6	2	0
NEO1	6	2	0
NFATC1	6	2	0
NFATC2	6	2	0
NFKBIA	6	2	0
NGFR	6	2	0
NID1	6	2	0
NID2	6	2	0
NLK	6	2	0
NLRC4	6	2	0
NLRP4	6	2	0
NMT2	6	2	0
NODAL	6	2	0
NOP58	6	2	0
NOS3	6	2	0
NOTCH2NLA	6	2	0
NOX1	6	2	0
NOXA1	6	2	0
NPAS2	6	2	0
NPHP1	6	2	0
NPHS1	6	2	0
NPM1	6	2	0
NR1D1	6	2	0
NR1H4	6	2	0
NRAS	6	2	0
NRF1	6	2	0
NRG2	6	2	0
NRGN	6	2	0
NRIP1	6	2	0
NRTN	6	2	0
NRXN1	6	2	0
NSF	6	2	0
NSL1	6	2	0
NTHL1	6	2	0
NUAK1	6	2	0
NUF2	6	2	0
NUMB	6	2	0
OASL	6	2	0
OBI1	6	2	0
OBSL1	6	2	0
OGDH	6	2	0
OMG	6	2	0
ORAI1	6	2	0
OTUD5	6	2	0
P2RY1	6	2	0
P4HA3	6	2	0
PABPN1	6	2	0
PAFAH1B2	6	2	0
PAK5	6	2	0
PAK6	6	2	0
PARD6B	6	2	0
PARVA	6	2	0
PAXIP1	6	2	0
PCGF6	6	2	0
PCSK6	6	2	0
PDCD6IP	6	2	0
PDE6G	6	2	0
PDHX	6	2	0
PDLIM5	6	2	0
PDYN	6	2	0
PECAM1	6	2	0
PER2	6	2	0
PEX2	6	2	0
PEX5	6	2	0
PEX7	6	2	0
PGK1	6	2	0
PHC3	6	2	0
PHF20	6	2	0
PHLPP2	6	2	0
PICALM	6	2	1
PIDD1	6	2	0
PIF1	6	2	0
PIK3R2	6	2	0
PIK3R6	6	2	0
PIM1	6	2	0
PIP4K2A	6	2	0
PKM	6	2	0
PKN1	6	2	0
PKN2	6	2	0
PLG	6	2	0
PLIN1	6	2	0
PLIN3	6	2	0
PLK2	6	2	0
PLXNA1	6	2	0
PNN	6	2	0
POLA1	6	2	0
POLD4	6	2	0
POLE4	6	2	0
POLQ	6	2	0
POMK	6	2	0
PPARA	6	2	0
PPARD	6	2	0
PPFIA4	6	2	0
PPID	6	2	0
PPM1B	6	2	0
PPP1CC	6	2	0
PPP1R12B	6	2	0
PPP1R3C	6	2	0
PPP2R2A	6	2	0
PPP4C	6	2	0
PPP4R2	6	2	0
PRCP	6	2	0
PRKCD	6	2	0
PRKCSH	6	2	0
PRKCZ	6	2	0
PRKDC	6	2	0
PROS1	6	2	0
PSMC5	6	2	0
PSMD12	6	2	0
PSMD13	6	2	0
PSMD14	6	2	0
PSMD7	6	2	0
PTEN	6	2	0
PTPRJ	6	2	0
PTPRU	6	2	0
PTTG1	6	2	0
PVR	6	2	0
PYCARD	6	2	0
RAB38	6	2	0
RAB3IL1	6	2	0
RAB5C	6	2	0
RABEP1	6	2	0
RABEPK	6	2	0
RABGEF1	6	2	0
RABGGTA	6	2	0
RAC2	6	2	0
RAD23A	6	2	0
RAD51B	6	2	0
RALA	6	2	0
RALGAPB	6	2	0
RAMP3	6	2	0
RANBP1	6	2	0
RANBP2	6	2	0
RARB	6	2	0
RARG	6	2	0
RASGRF2	6	2	0
RASGRP3	6	2	0
RBL1	6	2	0
RBM14	6	2	0
RBM8A	6	2	0
RCOR1	6	2	0
RELA	6	2	0
REV1	6	2	0
RGL3	6	2	0
RGMB	6	2	0
RGS20	6	2	0
RGS9	6	2	0
RHEB	6	2	0
RHOH	6	2	0
RHOT2	6	2	0
RIC1	6	2	0
RIF1	6	2	0
RILP	6	2	0
RIMS1	6	2	0
RNF123	6	2	0
RNF128	6	2	0
RNF152	6	2	0
RNF181	6	2	0
RNF43	6	2	0
ROCK1	6	2	0
ROPN1	6	2	0
RORC	6	2	0
RPA1	6	2	0
RPGRIP1L	6	2	0
RPN2	6	2	0
RPS27A	6	2	0
RPS6KB2	6	2	0
RPTOR	6	2	0
RRAGA	6	2	0
RRAGC	6	2	0
RRAS	6	2	0
RSU1	6	2	0
RUFY1	6	2	0
RUNX1	6	2	0
SAFB	6	2	0
SCAI	6	2	0
SCN1B	6	2	0
SCN5A	6	2	0
SCUBE2	6	2	0
SDC2	6	2	0
SEC24D	6	2	0
SEC31A	6	2	0
SELP	6	2	0
SEPTIN7	6	2	0
SERPINA5	6	2	0
SERPINB1	6	2	0
SERPINB2	6	2	0
SERPIND1	6	2	0
SERPINE2	6	2	0
SETD6	6	2	0
SETDB1	6	2	0
SGK2	6	2	0
SH2D2A	6	2	0
SH3GL3	6	2	0
SHB	6	2	0
SHC1	6	2	0
SHC2	6	2	0
SIGIRR	6	2	0
SIGLEC14	6	2	0
SIRPB1	6	2	0
SLC16A3	6	2	0
SLIT2	6	2	0
SMARCD2	6	2	0
SMPD3	6	2	0
SMUG1	6	2	0
SNCAIP	6	2	0
SNTG2	6	2	0
SNW1	6	2	0
SNX3	6	2	0
SOCS6	6	2	0
SOX10	6	2	0
SPC25	6	2	0
SPINK9	6	2	0
SPN	6	2	0
SPRY2	6	2	0
SPTA1	6	2	0
SRGAP3	6	2	0
SRPK1	6	2	0
SRXN1	6	2	0
SSRP1	6	2	0
STAT3	6	2	0
STAT6	6	2	0
STIM1	6	2	0
STIP1	6	2	0
STK24	6	2	0
STT3A	6	2	0
STUB1	6	2	0
STX1B	6	2	0
STX5	6	2	0
STXBP3	6	2	0
SUMO1	6	2	0
SUZ12	6	2	0
SYCP2	6	2	0
SYNJ1	6	2	0
SYNJ2	6	2	0
TAS1R2	6	2	0
TBC1D25	6	2	0
TBK1	6	2	0
TBX5	6	2	0
TBXA2R	6	2	0
TBXT	6	2	0
TCF19	6	2	0
TFAM	6	2	0
TFG	6	2	0
TGFB2	6	2	0
TGIF2	6	2	0
THBS4	6	2	0
THRA	6	2	0
TIAM1	6	2	0
TICAM2	6	2	0
TICRR	6	2	0
TIFA	6	2	0
TIMP1	6	2	0
TLE1	6	2	0
TLL2	6	2	0
TLR10	6	2	0
TLR4	6	2	0
TLR8	6	2	0
TMED9	6	2	0
TNC	6	2	0
TNFRSF10B	6	2	0
TNFRSF11A	6	2	0
TNFSF10	6	2	0
TNFSF11	6	2	0
TNFSF12	6	2	0
TNNI2	6	2	0
TNRC6B	6	2	0
TNRC6C	6	2	0
TOLLIP	6	2	0
TOP3A	6	2	0
TOPORS	6	2	0
TP53INP1	6	2	0
TPX2	6	2	0
TRADD	6	2	0
TRAF2	6	2	0
TRAF6	6	2	0
TRAK2	6	2	0
TRAT1	6	2	0
TRAV29DV5	6	2	0
TRIB3	6	2	0
TRIM25	6	2	0
TRIM27	6	2	0
TRIM56	6	2	0
TRIM72	6	2	0
TRIO	6	2	0
TRPC4	6	2	0
TRPC7	6	2	0
TSNAX	6	2	0
TSPAN5	6	2	0
TUSC3	6	2	0
TXNRD1	6	2	0
TYRO3	6	2	0
UACA	6	2	0
UBA2	6	2	0
UBA52	6	2	0
UBAP1	6	2	0
UBC	6	2	0
UBE2B	6	2	0
UBE2D3	6	2	0
UBE2M	6	2	0
UBL4A	6	2	0
UBXN1	6	2	0
UBXN7	6	2	0
UCHL3	6	2	0
UCHL5	6	2	0
UIMC1	6	2	0
UNC5B	6	2	0
UNC5C	6	2	0
UNC5D	6	2	0
UNC93B1	6	2	0
USF1	6	2	0
USP1	6	2	0
USP10	6	2	0
USP12	6	2	0
USP42	6	2	0
USP47	6	2	0
USP48	6	2	0
USP8	6	2	0
UTRN	6	2	0
VAMP2	6	2	0
VAMP3	6	2	0
VAMP8	6	2	0
VDR	6	2	0
VLDLR	6	2	0
VPREB3	6	2	0
VPS28	6	2	0
VPS29	6	2	0
VPS36	6	2	0
VPS37A	6	2	0
VPS51	6	2	0
VPS52	6	2	0
VTI1A	6	2	0
WAS	6	2	0
WDR18	6	2	0
WEE1	6	2	0
WLS	6	2	0
WTAP	6	2	0
WWOX	6	2	0
YAF2	6	2	0
YAP1	6	2	0
YKT6	6	2	0
YOD1	6	2	0
YY1	6	2	0
ZBTB17	6	2	0
ZBTB35	6	2	0
ZDHHC8	6	2	0
ZFC3H1	6	2	0
ZFP36	6	2	0
ZNF385A	6	2	0
ZNF420	6	2	0
ZNF93	6	2	0
ZWILCH	6	2	0
AAMP	6	3	0
ABRAXAS1	6	3	0
ABRAXAS2	6	3	0
ACIN1	6	3	0
ACSS2	6	3	0
ACTB	6	3	0
ACTC1	6	3	0
ACTG1	6	3	0
ADAM10	6	3	0
ADAM12	6	3	0
ADAM2	6	3	0
ADAM20	6	3	0
ADAM21	6	3	0
ADAM30	6	3	0
ADCY3	6	3	0
ADCYAP1R1	6	3	0
ADD2	6	3	0
ADRA2C	6	3	0
AGPS	6	3	0
AGTR1	6	3	0
AGTR2	6	3	0
AIM2	6	3	0
AKT3	6	3	0
AMBRA1	6	3	0
AMOT	6	3	0
AMOTL1	6	3	0
ANK1	6	3	0
ANKRD28	6	3	0
ANPEP	6	3	0
ANXA6	6	3	0
AP1G1	6	3	0
AP2A1	6	3	0
AP2S1	6	3	0
APC	6	3	0
APEX2	6	3	0
APH1A	6	3	0
APOBR	6	3	0
ARAF	6	3	0
ARHGDIG	6	3	0
ARHGEF11	6	3	0
ARIH1	6	3	0
ARL2	6	3	0
ARL2BP	6	3	0
ARRB1	6	3	0
ASAP1	6	3	0
ASH2L	6	3	0
ATAD2	6	3	0
ATF3	6	3	0
ATF4	6	3	0
ATF6B	6	3	0
ATG12	6	3	0
ATG13	6	3	0
ATG5	6	3	0
ATG7	6	3	0
ATP6V1H	6	3	0
AXL	6	3	0
BAG4	6	3	0
BAG6	6	3	0
BAIAP2	6	3	0
BANF1	6	3	0
BAP1	6	3	0
BAX	6	3	0
BAZ1B	6	3	0
BAZ2A	6	3	0
BCAP31	6	3	0
BCL10	6	3	0
BEGAIN	6	3	0
BEX3	6	3	0
BGLAP	6	3	0
BICD1	6	3	0
BID	6	3	0
BIRC5	6	3	0
BMP1	6	3	0
BMPR1B	6	3	0
BMX	6	3	0
BNIP1	6	3	0
BOD1	6	3	0
BRAP	6	3	0
BRCA1	6	3	0
BRD7	6	3	0
BSG	6	3	0
C1QC	6	3	0
C5AR1	6	3	0
C5AR2	6	3	0
C8B	6	3	0
CABIN1	6	3	0
CACNA1C	6	3	0
CACNA2D1	6	3	0
CACNG8	6	3	0
CAMK2D	6	3	0
CAP1	6	3	0
CAPNS2	6	3	0
CAPZA1	6	3	0
CARD8	6	3	0
CASP2	6	3	0
CASP3	6	3	0
CASP8AP2	6	3	0
CASP9	6	3	0
CBLIF	6	3	0
CBX1	6	3	0
CCNB1	6	3	0
CCND2	6	3	0
CCNE1	6	3	0
CCNT1	6	3	0
CCNT2	6	3	0
CD226	6	3	0
CD2AP	6	3	0
CD34	6	3	0
CD40LG	6	3	0
CD44	6	3	0
CD55	6	3	0
CD8A	6	3	0
CDC14A	6	3	0
CDC25A	6	3	0
CDC42	6	3	0
CDC42EP3	6	3	0
CDH1	6	3	0
CDH15	6	3	0
CDK13	6	3	0
CDK2AP2	6	3	0
CDK7	6	3	0
CDKN1A	6	3	0
CDT1	6	3	0
CETN2	6	3	0
CFC1	6	3	0
CFP	6	3	0
CHD2	6	3	0
CHD5	6	3	0
CHD6	6	3	0
CHD7	6	3	1
CHD8	6	3	0
CIPC	6	3	0
CITED4	6	3	0
CLCF1	6	3	0
CLEC4E	6	3	0
CLEC7A	6	3	0
CLVS2	6	3	0
CMA1	6	3	0
CNIH3	6	3	0
CNTFR	6	3	0
COL18A1	6	3	0
COLEC10	6	3	0
COPG1	6	3	0
CR2	6	3	0
CRADD	6	3	0
CREB3L1	6	3	0
CREB3L2	6	3	0
CRLF1	6	3	0
CRP	6	3	0
CSF2RA	6	3	0
CTDNEP1	6	3	0
CTSA	6	3	0
CTSS	6	3	0
CUL1	6	3	0
CUL2	6	3	0
CUX1	6	3	0
CXXC1	6	3	0
CYB5R4	6	3	0
DAB2	6	3	0
DBT	6	3	0
DCAF8L1	6	3	0
DENND3	6	3	0
DENND4A	6	3	0
DENND6B	6	3	0
DEPDC5	6	3	0
DLG2	6	3	0
DLL3	6	3	0
DMP1	6	3	0
DMTN	6	3	0
DNA2	6	3	0
DNAJA1	6	3	0
DNMT3A	6	3	0
DNMT3L	6	3	0
DOCK9	6	3	0
DOK2	6	3	0
DPF2	6	3	0
DPH6	6	3	0
DPP4	6	3	0
DPPA3	6	3	0
DRP2	6	3	0
DVL3	6	3	0
DYNC1I1	6	3	0
DYNC1LI1	6	3	0
E2F2	6	3	0
E2F3	6	3	0
EBI3	6	3	0
EEF1B2	6	3	0
EEF2KMT	6	3	0
EFNB3	6	3	0
EGF	6	3	0
EGFR	6	3	0
EGLN2	6	3	0
EHD1	6	3	0
EHMT1	6	3	0
EIF2AK1	6	3	0
EIF2AK3	6	3	0
EIF4A1	6	3	0
EIF4E3	6	3	0
EIF4G1	6	3	0
EIF4G3	6	3	0
ELOA2	6	3	0
ENAH	6	3	0
EPHB2	6	3	0
EPN1	6	3	0
EPOP	6	3	0
ERCC1	6	3	0
ERCC6	6	3	0
ESCO2	6	3	0
ESRRA	6	3	0
EVL	6	3	0
EXO1	6	3	0
EYA1	6	3	0
EYA2	6	3	0
EZR	6	3	0
F5	6	3	0
FABP4	6	3	0
FBLN5	6	3	0
FBN2	6	3	0
FBXL3	6	3	0
FBXO5	6	3	0
FCAMR	6	3	0
FCGR1A	6	3	0
FCGR3A	6	3	0
FCN1	6	3	0
FDX2	6	3	0
FEN1	6	3	0
FGF10	6	3	0
FGF19	6	3	0
FKBP1A	6	3	0
FLOT1	6	3	0
FMNL1	6	3	0
FMNL3	6	3	0
FMOD	6	3	0
FOXA1	6	3	0
FZD1	6	3	0
GAB2	6	3	0
GABRG2	6	3	0
GABRQ	6	3	0
GAPVD1	6	3	0
GBF1	6	3	0
GBP5	6	3	0
GCC2	6	3	0
GCSH	6	3	0
GFAP	6	3	0
GFRA1	6	3	0
GGA1	6	3	0
GGCX	6	3	0
GID8	6	3	0
GLG1	6	3	0
GLI3	6	3	0
GLRB	6	3	0
GLRX	6	3	0
GM2A	6	3	0
GNA13	6	3	0
GNA14	6	3	0
GNAI1	6	3	0
GNAZ	6	3	0
GNB1	6	3	0
GNB4	6	3	0
GNB5	6	3	0
GNPAT	6	3	0
GOPC	6	3	0
GOSR1	6	3	0
GP9	6	3	0
GPR37	6	3	0
GPS2	6	3	0
GPX7	6	3	0
GPX8	6	3	0
GRB2	6	3	0
GRIA3	6	3	0
GRIK1	6	3	0
GRIK3	6	3	0
GRIK4	6	3	0
GRIK5	6	3	0
GRIN2C	6	3	0
GRK2	6	3	0
GSK3B	6	3	0
GSN	6	3	0
GTF2A2	6	3	0
GZMB	6	3	0
H1-0	6	3	0
H1-8	6	3	0
H2BC26	6	3	0
HCST	6	3	0
HDAC2	6	3	0
HDAC4	6	3	1
HEBP1	6	3	0
HES1	6	3	0
HEXA	6	3	0
HEY1	6	3	0
HGF	6	3	0
HIF1AN	6	3	0
HIKESHI	6	3	0
HINT2	6	3	0
HIPK1	6	3	0
HLA-DMB	6	3	0
HLA-DRA	6	3	0
HOMER3	6	3	0
HOXD11	6	3	0
HRG	6	3	0
HSPA1B	6	3	0
HSPA5	6	3	0
HUS1	6	3	0
IBSP	6	3	0
ICAM1	6	3	0
ICAM2	6	3	0
ICOSLG	6	3	0
IDH2	6	3	0
IFI27	6	3	0
IFIT1	6	3	0
IFNL2	6	3	0
IGFBP1	6	3	0
IGFBP2	6	3	0
IKBIP	6	3	0
IKZF1	6	3	0
IL10RA	6	3	0
IL11RA	6	3	0
IL12B	6	3	0
IL15	6	3	0
IL15RA	6	3	0
IL1A	6	3	0
IL1B	6	3	0
IL1R1	6	3	0
IL20RA	6	3	0
IL33	6	3	0
IL3RA	6	3	0
INPP5D	6	3	0
INS	6	3	0
IQGAP1	6	3	0
IRAK4	6	3	0
IRS1	6	3	0
IRS4	6	3	0
ITFG2	6	3	0
ITGA2	6	3	0
ITGA6	6	3	0
ITGAE	6	3	0
ITGB5	6	3	0
ITK	6	3	0
ITPR1	6	3	0
ITSN1	6	3	0
JAK2	6	3	0
JAM3	6	3	0
JARID2	6	3	0
JCHAIN	6	3	0
JMY	6	3	0
KARS1	6	3	0
KAT2A	6	3	0
KAT6A	6	3	0
KBTBD7	6	3	0
KCNJ12	6	3	0
KCNJ14	6	3	0
KCNJ4	6	3	0
KCNJ5	6	3	0
KCNMA1	6	3	0
KCTD1	6	3	0
KDM4B	6	3	0
KDR	6	3	0
KIF22	6	3	0
KIF3B	6	3	0
KIR2DS5	6	3	0
KIR3DL2	6	3	0
KIR3DS1	6	3	0
KIRREL1	6	3	0
KIRREL2	6	3	0
KLB	6	3	0
KLC2	6	3	0
KLRK1	6	3	0
KMT2A	6	3	0
KMT2C	6	3	0
KNG1	6	3	0
KNL1	6	3	1
KRT1	6	3	0
L3MBTL1	6	3	0
L3MBTL2	6	3	0
LAG3	6	3	0
LAMA1	6	3	0
LAMA4	6	3	0
LAMTOR3	6	3	0
LARGE2	6	3	0
LATS1	6	3	0
LATS2	6	3	0
LCP2	6	3	0
LDLR	6	3	0
LDLRAP1	6	3	0
LEFTY1	6	3	0
LEFTY2	6	3	0
LFNG	6	3	0
LGI1	6	3	0
LGI2	6	3	0
LGR4	6	3	0
LHX4	6	3	0
LIFR	6	3	0
LIN7A	6	3	0
LINGO1	6	3	0
LIPE	6	3	0
LMNA	6	3	0
LNPEP	6	3	0
LOX	6	3	0
LOXL1	6	3	0
LRFN2	6	3	0
LRP1	6	3	0
LRP5	6	3	0
LRP8	6	3	0
LRRC14	6	3	0
LTBP3	6	3	0
LUM	6	3	0
LYN	6	3	1
MAF1	6	3	0
MAFF	6	3	0
MAGI2	6	3	0
MAGOH	6	3	0
MAP2K3	6	3	0
MAP2K4	6	3	0
MAPK7	6	3	0
MAPKAPK3	6	3	0
MAPRE1	6	3	0
MAPT	6	3	0
MASP1	6	3	0
MAU2	6	3	0
MBD2	6	3	0
MC4R	6	3	0
MC5R	6	3	0
MCM6	6	3	0
MCM7	6	3	1
MDC1	6	3	0
MEAF6	6	3	0
METAP2	6	3	0
METTL23	6	3	0
MIS12	6	3	0
MIXL1	6	3	0
MKLN1	6	3	0
MKNK1	6	3	0
MKRN1	6	3	0
MLH3	6	3	0
MLX	6	3	0
MMP13	6	3	0
MMP14	6	3	0
MMP16	6	3	0
MMP7	6	3	0
MNAT1	6	3	0
MOB1B	6	3	0
MRE11	6	3	0
MS4A2	6	3	0
MSRB1	6	3	0
MSRB3	6	3	0
MT-CYB	6	3	0
MTF2	6	3	0
MUS81	6	3	0
MYB	6	3	0
MYC	6	3	0
MYH14	6	3	0
MYH2	6	3	0
MYOD1	6	3	0
MYRIP	6	3	0
MYSM1	6	3	0
NAT8B	6	3	0
NCK2	6	3	0
NCKIPSD	6	3	0
NCR3	6	3	0
NEDD8	6	3	0
NEIL1	6	3	0
NEIL3	6	3	0
NEK11	6	3	0
NELFB	6	3	0
NELFCD	6	3	0
NELFE	6	3	0
NFATC3	6	3	0
NFKB2	6	3	0
NFYC	6	3	0
NGF	6	3	0
NLRC5	6	3	0
NLRP3	6	3	0
NOC2L	6	3	0
NOTCH3	6	3	0
NOTCH4	6	3	0
NOTUM	6	3	0
NOX4	6	3	0
NOXO1	6	3	0
NR2C1	6	3	0
NR2E1	6	3	0
NR3C2	6	3	0
NR4A2	6	3	0
NR5A2	6	3	0
NRG4	6	3	0
NSD2	6	3	0
NTN3	6	3	0
NUDT21	6	3	0
OPN1SW	6	3	0
OPRM1	6	3	0
ORC5	6	3	0
OSTC	6	3	0
P2RY12	6	3	0
PAAF1	6	3	0
PAGR1	6	3	0
PAK2	6	3	0
PAQR3	6	3	0
PARD6G	6	3	0
PARN	6	3	0
PARP1	6	3	0
PCLO	6	3	0
PCNA	6	3	0
PCOLCE	6	3	0
PDCL	6	3	0
PDE4B	6	3	0
PDE6B	6	3	0
PDE6D	6	3	0
PDGFA	6	3	0
PDGFD	6	3	0
PDIA3	6	3	0
PELI1	6	3	0
PELI2	6	3	0
PEX1	6	3	0
PHF6	6	3	0
PHF8	6	3	0
PIAS1	6	3	0
PIK3CB	6	3	0
PIK3CD	6	3	0
PIK3R3	6	3	0
PIK3R5	6	3	0
PITPNA	6	3	0
PKD1	6	3	0
PLCB3	6	3	0
PLCG1	6	3	0
PLEC	6	3	0
PNKP	6	3	0
PODXL2	6	3	0
POLA2	6	3	0
POLD1	6	3	0
POLD2	6	3	0
POLD3	6	3	0
POLE3	6	3	0
POLH	6	3	0
POLI	6	3	0
POLRMT	6	3	0
POT1	6	3	0
POU4F1	6	3	0
PPARG	6	3	0
PPEF1	6	3	0
PPFIA1	6	3	0
PPFIA3	6	3	0
PPIL2	6	3	0
PPM1E	6	3	0
PPM1K	6	3	0
PPP2R5A	6	3	0
PPP2R5B	6	3	0
PPP3CB	6	3	0
PPRC1	6	3	0
PREX2	6	3	0
PRIM2	6	3	0
PRKAA1	6	3	0
PRKAB2	6	3	0
PRKACG	6	3	0
PRKAG1	6	3	0
PRKAG2	6	3	0
PRKAR2A	6	3	0
PRKCQ	6	3	0
PRKG2	6	3	0
PRKN	6	3	0
PRL	6	3	0
PRM1	6	3	0
PRM2	6	3	0
PRNP	6	3	0
PROCR	6	3	0
PRSS3	6	3	0
PRSS8	6	3	0
PSMD10	6	3	0
PSMD4	6	3	0
PTGES3	6	3	0
PTGIR	6	3	0
PTK2	6	3	0
PTPN12	6	3	0
PTPN18	6	3	0
PTPRA	6	3	0
PXN	6	3	0
PYGO2	6	3	0
RAB11B	6	3	0
RAB12	6	3	0
RAB4A	6	3	0
RAB6A	6	3	0
RAB8B	6	3	0
RAB9A	6	3	0
RAF1	6	3	0
RALGAPA2	6	3	0
RANGAP1	6	3	0
RAP1GAP	6	3	0
RAP1GDS1	6	3	0
RAPGEF3	6	3	0
RAPGEF4	6	3	0
RARA	6	3	0
RB1	6	3	0
RBBP4	6	3	0
RBCK1	6	3	0
RBL2	6	3	0
RBM7	6	3	0
RBX1	6	3	0
RCCD1	6	3	0
RCE1	6	3	0
RCHY1	6	3	0
RCVRN	6	3	0
REPS2	6	3	0
RGS16	6	3	0
RHO	6	3	0
RHOA	6	3	0
RHOB	6	3	0
RHOV	6	3	0
RINT1	6	3	0
RIPK3	6	3	0
RMI2	6	3	0
RNASE1	6	3	0
RNF111	6	3	0
RNF125	6	3	0
RNF31	6	3	0
RNF41	6	3	0
RNGTT	6	3	0
ROBO1	6	3	0
RPA2	6	3	0
RRM2	6	3	0
RRM2B	6	3	0
RSF1	6	3	0
RSPO1	6	3	0
RSPO4	6	3	0
RTEL1	6	3	0
RYK	6	3	0
S100A9	6	3	0
SACK1B	6	3	0
SAE1	6	3	0
SAV1	6	3	0
SEC16B	6	3	0
SEC24A	6	3	0
SEL1L	6	3	0
SELE	6	3	0
SELL	6	3	0
SEM1	6	3	0
SEMA7A	6	3	0
SENP2	6	3	0
SESN2	6	3	0
SFTA3	6	3	0
SGK3	6	3	0
SH2B2	6	3	0
SHANK1	6	3	0
SHH	6	3	0
SHOC2	6	3	0
SHPRH	6	3	0
SIPA1	6	3	0
SIRT3	6	3	0
SIRT5	6	3	0
SKIC2	6	3	0
SKIL	6	3	0
SLBP	6	3	0
SLC15A4	6	3	0
SLC17A7	6	3	0
SLC9A1	6	3	0
SLCO3A1	6	3	0
SMAD4	6	3	0
SMARCB1	6	3	0
SMPD2	6	3	0
SNAP23	6	3	0
SNTA1	6	3	0
SOCS2	6	3	0
SOX17	6	3	0
SOX2	6	3	0
SP3	6	3	0
SPIDR	6	3	0
SPINK5	6	3	0
SPRED1	6	3	0
SPRED2	6	3	0
SPRTN	6	3	0
SPTBN1	6	3	0
SQSTM1	6	3	0
SRF	6	3	0
SRGAP1	6	3	0
SRRT	6	3	0
SSBP1	6	3	0
SSPN	6	3	0
STAMBP	6	3	0
STAT2	6	3	0
STING1	6	3	0
STK3	6	3	0
STPG4	6	3	0
STRADA	6	3	0
SUGT1	6	3	0
SYK	6	3	0
SYTL2	6	3	0
SZT2	6	3	0
TAB3	6	3	0
TAF1	6	3	0
TAS1R1	6	3	0
TASL	6	3	0
TBC1D14	6	3	0
TBL1X	6	3	0
TBL1XR1	6	3	0
TBX21	6	3	0
TBX3	6	3	0
TCF7L1	6	3	0
TCN2	6	3	0
TEAD3	6	3	0
TEAD4	6	3	0
TESK1	6	3	0
TET3	6	3	0
TEX10	6	3	0
TFAP2C	6	3	0
TFDP2	6	3	0
TFEB	6	3	0
TGFB1	6	3	0
TGFB3	6	3	0
TGFBR2	6	3	0
THEM4	6	3	0
TKFC	6	3	0
TLE3	6	3	0
TLE5	6	3	0
TLR5	6	3	0
TLR6	6	3	0
TLR7	6	3	0
TMED10	6	3	0
TMED2	6	3	0
TMPRSS6	6	3	0
TNFRSF10A	6	3	0
TNFRSF12A	6	3	0
TNFRSF13C	6	3	0
TNFRSF14	6	3	0
TNIP2	6	3	0
TNIP3	6	3	0
TNNT2	6	3	0
TNNT3	6	3	0
TOMM70	6	3	0
TOP1	6	3	0
TOR1A	6	3	0
TP53BP1	6	3	0
TPST2	6	3	0
TRAC	6	3	0
TRAF3	6	3	0
TRAV8-4	6	3	0
TREM1	6	3	0
TREM2	6	3	0
TRIM28	6	3	0
TRIM32	6	3	0
TRIM4	6	3	0
TRIP11	6	3	0
TRPC5	6	3	0
TRPV4	6	3	0
TRRAP	6	3	0
TSC1	6	3	0
TSC22D3	6	3	0
TSFM	6	3	0
TSPAN33	6	3	0
TTF1	6	3	0
TXLNA	6	3	0
TYSND1	6	3	0
UBA3	6	3	0
UBB	6	3	0
UBE2I	6	3	0
ULK3	6	3	0
UPF2	6	3	0
UQCC1	6	3	0
UQCRFS1	6	3	0
USP15	6	3	0
USP19	6	3	0
USP20	6	3	0
USP24	6	3	0
USP43	6	3	0
USP5	6	3	0
USP9X	6	3	0
VANGL2	6	3	0
VASP	6	3	0
VAV1	6	3	0
VCL	6	3	0
VCPKMT	6	3	0
VHL	6	3	0
VIM	6	3	0
VPS26A	6	3	0
VPS37C	6	3	0
VPS54	6	3	0
WDR20	6	3	0
WDR48	6	3	0
WDR5	6	3	0
WDR82	6	3	0
WIF1	6	3	0
WNT1	6	3	0
WNT8A	6	3	0
WNT8B	6	3	0
WWP1	6	3	0
XPOT	6	3	0
XRCC1	6	3	0
YWHAB	6	3	0
YWHAQ	6	3	0
ZCCHC8	6	3	0
ZDHHC9	6	3	0
ZEB2	6	3	0
ZNF217	6	3	0
ZNF532	6	3	0
ABCA7	6	4	0
ABHD5	6	4	0
ABLIM3	6	4	0
ACAT1	6	4	0
ACKR3	6	4	0
ACTG2	6	4	0
ACTN2	6	4	0
ADAMTS13	6	4	0
ADCYAP1	6	4	0
ADM2	6	4	0
ADORA2B	6	4	0
ADRA1D	6	4	0
ADRA2A	6	4	0
ADRM1	6	4	0
AGFG1	6	4	0
AICDA	6	4	0
AKAP5	6	4	0
AKAP8L	6	4	0
AKT1S1	6	4	0
ALB	6	4	0
AMOTL2	6	4	0
ANGPT2	6	4	0
ANGPTL4	6	4	0
ANK3	6	4	0
ANXA1	6	4	0
APAF1	6	4	0
APBA1	6	4	0
APBA3	6	4	0
APBB1	6	4	0
APEX1	6	4	0
APH1B	6	4	0
APOC4	6	4	0
APOE	6	4	0
APPL1	6	4	0
ARHGAP10	6	4	0
ARHGAP35	6	4	0
ARHGAP39	6	4	0
ARHGEF1	6	4	0
ARHGEF12	6	4	0
ARHGEF7	6	4	0
ARMC8	6	4	0
ATF2	6	4	0
ATF6	6	4	0
ATG10	6	4	0
ATG3	6	4	0
ATG9A	6	4	0
ATP1A3	6	4	0
ATP1B2	6	4	0
ATP1B3	6	4	0
ATP1B4	6	4	0
ATRX	6	4	0
ATXN3	6	4	0
AVPR1A	6	4	0
B3GALNT2	6	4	0
BABAM1	6	4	0
BACE1	6	4	0
BACH1	6	4	0
BACH2	6	4	0
BAK1	6	4	0
BATF	6	4	0
BBC3	6	4	0
BCHE	6	4	0
BCKDHA	6	4	0
BCL2L11	6	4	0
BCL9	6	4	0
BET1	6	4	0
BGN	6	4	0
BMI1	6	4	0
BMPR2	6	4	0
BRD2	6	4	0
BRD9	6	4	0
BTC	6	4	0
C1QA	6	4	0
C3	6	4	0
C9	6	4	0
CACNA1H	6	4	0
CACNA1I	6	4	0
CACNB3	6	4	0
CACNG2	6	4	0
CACNG3	6	4	0
CACNG6	6	4	0
CACNG7	6	4	0
CADM3	6	4	0
CALM1	6	4	0
CALM2	6	4	0
CAMKK1	6	4	0
CAMKK2	6	4	0
CAND1	6	4	0
CAPN1	6	4	0
CARD9	6	4	0
CARM1	6	4	0
CASK	6	4	0
CASP14	6	4	0
CASP7	6	4	0
CBL	6	4	0
CCDC22	6	4	0
CCDC59	6	4	0
CCDC8	6	4	0
CCL4	6	4	0
CCNG1	6	4	0
CCR3	6	4	0
CCR5	6	4	0
CD14	6	4	0
CD163	6	4	0
CD28	6	4	0
CD4	6	4	0
CD74	6	4	0
CDC25B	6	4	0
CDC37	6	4	0
CDC42EP2	6	4	0
CDC7	6	4	0
CDH19	6	4	0
CDH24	6	4	0
CDK12	6	4	0
CDK4	6	4	0
CDK5R1	6	4	0
CDKN2B	6	4	0
CDKN2C	6	4	0
CDON	6	4	0
CDSN	6	4	0
CEBPA	6	4	0
CEBPB	6	4	0
CEBPG	6	4	0
CFHR2	6	4	0
CFHR5	6	4	0
CFI	6	4	0
CFLAR	6	4	0
CHL1	6	4	0
CHP1	6	4	0
CHRM2	6	4	0
CHST10	6	4	0
CISH	6	4	0
CIT	6	4	0
CKAP4	6	4	0
CKS1B	6	4	0
CLASP1	6	4	0
CLIP1	6	4	0
CLOCK	6	4	0
CLSPN	6	4	0
CLTA	6	4	0
CNEP1R1	6	4	0
CNGA1	6	4	0
CNGA4	6	4	0
CNIH2	6	4	0
CNTF	6	4	0
COL1A2	6	4	0
COX20	6	4	0
CPB2	6	4	0
CPE	6	4	0
CPSF7	6	4	0
CRABP2	6	4	0
CREBBP	6	4	0
CRKL	6	4	0
CRTC1	6	4	0
CSF1R	6	4	1
CSF2	6	4	0
CSF3	6	4	0
CSF3R	6	4	0
CSNK1E	6	4	0
CSTF2	6	4	0
CSTF2T	6	4	0
CTBP2	6	4	0
CTF1	6	4	0
CTNNA2	6	4	0
CTNNB1	6	4	0
CTNNBIP1	6	4	0
CTSZ	6	4	0
CUL3	6	4	0
CUL4B	6	4	0
CUL9	6	4	0
CXCR4	6	4	0
CXXC4	6	4	0
CYB5RL	6	4	0
CYBB	6	4	0
CYC1	6	4	0
CYCS	6	4	0
CYP11A1	6	4	0
CYSLTR1	6	4	0
CYTH3	6	4	0
DACT1	6	4	0
DAPK1	6	4	0
DCTN1	6	4	0
DCTN3	6	4	0
DCTN5	6	4	0
DCTN6	6	4	0
DDIT3	6	4	0
DEK	6	4	0
DELE1	6	4	0
DENND4B	6	4	0
DENND5A	6	4	0
DIABLO	6	4	0
DIAPH2	6	4	0
DLAT	6	4	0
DLC1	6	4	0
DLGAP4	6	4	0
DLL4	6	4	0
DMBT1	6	4	0
DMD	6	4	0
DNAJA4	6	4	0
DNAJB1	6	4	0
DNAJC3	6	4	0
DNAL4	6	4	0
DNMT3B	6	4	0
DNTTIP1	6	4	0
DOCK1	6	4	0
DPF3	6	4	0
DPH7	6	4	0
DPYSL2	6	4	0
DSP	6	4	1
DTNA	6	4	0
DTNB	6	4	0
DTX1	6	4	0
DUS2	6	4	0
DUSP7	6	4	0
DYNC1I2	6	4	0
DYNLL1	6	4	0
DYRK2	6	4	0
DYSF	6	4	0
E2F4	6	4	0
EED	6	4	0
EEF1D	6	4	0
EEF2	6	4	0
EEF2K	6	4	0
EFCAB7	6	4	0
EFNB1	6	4	0
EGLN3	6	4	0
EGR2	6	4	0
EHD2	6	4	0
EIF2S1	6	4	0
EIF4A2	6	4	0
ELF3	6	4	0
ELMO1	6	4	0
EME1	6	4	0
ENPEP	6	4	0
EP400	6	4	0
EPB41	6	4	0
EPB41L2	6	4	0
EPB41L5	6	4	0
EPRS1	6	4	0
ERBB3	6	4	0
ERCC3	6	4	0
EREG	6	4	0
ERLEC1	6	4	0
ERO1A	6	4	0
EXOSC10	6	4	0
F13B	6	4	0
F2RL1	6	4	0
F3	6	4	0
FADD	6	4	0
FANCD2	6	4	0
FBLIM1	6	4	0
FBLN1	6	4	0
FBLN2	6	4	1
FBXL18	6	4	0
FBXW7	6	4	0
FER	6	4	0
FES	6	4	0
FGF6	6	4	0
FKBP4	6	4	0
FKBP5	6	4	0
FKRP	6	4	0
FKTN	6	4	0
FLG	6	4	0
FLNA	6	4	0
FLNB	6	4	0
FLT1	6	4	0
FN1	6	4	0
FNTB	6	4	0
FOXH1	6	4	0
FOXO3	6	4	0
FPR3	6	4	0
FYB1	6	4	0
FZD2	6	4	0
FZD3	6	4	0
FZD4	6	4	0
FZD7	6	4	0
GABRB2	6	4	0
GABRG3	6	4	0
GALNT1	6	4	0
GAS6	6	4	0
GBA1	6	4	0
GBP2	6	4	0
GC	6	4	0
GDI1	6	4	0
GET3	6	4	0
GGA3	6	4	0
GLI2	6	4	0
GLRA1	6	4	0
GLUD1	6	4	0
GNA11	6	4	0
GNAO1	6	4	0
GNAS	6	4	0
GNAT1	6	4	0
GNAT3	6	4	0
GNB2	6	4	0
GNG13	6	4	0
GOLGA5	6	4	0
GOLGB1	6	4	0
GOSR2	6	4	0
GPIHBP1	6	4	0
GPR37L1	6	4	0
GRIK2	6	4	0
GRIN3B	6	4	0
GRK3	6	4	0
GRK6	6	4	0
GRM1	6	4	0
GSK3A	6	4	0
GYG2	6	4	0
H3-4	6	4	0
HBS1L	6	4	0
HCFC2	6	4	0
HCK	6	4	0
HDAC3	6	4	0
HEXB	6	4	0
HEY2	6	4	0
HHAT	6	4	0
HIRA	6	4	0
HLA-DQA2	6	4	0
HLA-E	6	4	0
HP	6	4	0
HPS4	6	4	0
HSF1	6	4	0
HSPH1	6	4	0
HYAL2	6	4	0
ICOS	6	4	0
ID1	6	4	0
IER3	6	4	0
IFNGR1	6	4	0
IFT20	6	4	0
IFT88	6	4	0
IGF2	6	4	0
IGFBP4	6	4	0
IGHA1	6	4	0
IGHG1	6	4	0
IGKC	6	4	0
IKBKG	6	4	0
IL10	6	4	0
IL10RB	6	4	0
IL12RB1	6	4	0
IL13	6	4	0
IL18BP	6	4	0
IL18RAP	6	4	0
IL1RAP	6	4	0
IL20	6	4	0
IL21	6	4	0
IL21R	6	4	0
IL22RA1	6	4	0
IL23A	6	4	0
IL24	6	4	0
IL2RB	6	4	0
IL2RG	6	4	0
IL31	6	4	0
IL36A	6	4	0
IL36G	6	4	0
IL37	6	4	0
IL38	6	4	0
IL4R	6	4	0
IL6ST	6	4	0
ING5	6	4	0
INHBB	6	4	0
INHBE	6	4	0
INSIG1	6	4	0
IQCE	6	4	0
IQGAP2	6	4	0
IQGAP3	6	4	0
IRAK1	6	4	0
IRS2	6	4	0
ISL1	6	4	0
ITCH	6	4	0
ITGA11	6	4	0
ITGA2B	6	4	0
ITGA3	6	4	0
ITGA5	6	4	0
ITGB3	6	4	0
ITPR2	6	4	0
JAG2	6	4	0
JUND	6	4	0
KAT7	6	4	1
KCNJ6	6	4	0
KCNMB1	6	4	0
KCNMB2	6	4	0
KCTD15	6	4	0
KEAP1	6	4	0
KGD4	6	4	0
KHDRBS3	6	4	0
KICS2	6	4	0
KIF14	6	4	0
KIF3A	6	4	0
KIR2DS4	6	4	0
KIT	6	4	0
KLHL12	6	4	0
KLRC2	6	4	0
KMT2B	6	4	0
KMT5A	6	4	0
KPNA6	6	4	0
KPTN	6	4	0
LAMA2	6	4	0
LAMA3	6	4	0
LAMP2	6	4	0
LEO1	6	4	0
LEP	6	4	0
LEPR	6	4	0
LHX3	6	4	0
LIG4	6	4	0
LILRA1	6	4	0
LILRB2	6	4	0
LIMK1	6	4	0
LPCAT1	6	4	0
LRIG1	6	4	0
LRP4	6	4	0
LTF	6	4	0
LYRM7	6	4	0
LYVE1	6	4	0
MAD2L2	6	4	0
MAF	6	4	0
MAGED1	6	4	0
MAML1	6	4	0
MAML3	6	4	0
MAP1LC3A	6	4	0
MAP2K1	6	4	0
MAP3K14	6	4	0
MAP3K3	6	4	0
MAP3K7	6	4	0
MAPK14	6	4	0
MAPK3	6	4	0
MAPK6	6	4	0
MARCKS	6	4	0
MARK3	6	4	0
MASP2	6	4	0
MBD3L2	6	4	0
MBD4	6	4	0
MC2R	6	4	0
MCIDAS	6	4	0
MEF2C	6	4	0
MEF2D	6	4	0
MEMO1	6	4	0
METTL3	6	4	0
MFAP2	6	4	0
MFAP5	6	4	0
MIEF1	6	4	0
MIS18A	6	4	0
MLKL	6	4	0
MLXIPL	6	4	0
MME	6	4	0
MMP19	6	4	0
MON1A	6	4	0
MPG	6	4	0
MPIG6B	6	4	0
MSGN1	6	4	0
MSH2	6	4	0
MT-CO2	6	4	0
MTMR4	6	4	0
MTTP	6	4	0
MUC20	6	4	0
MUSK	6	4	0
MUTYH	6	4	0
MYH10	6	4	0
MYL12A	6	4	0
MYL6	6	4	0
MYLK	6	4	0
MYO10	6	4	0
MYO19	6	4	0
MYO5A	6	4	0
MYO5B	6	4	0
MYO9B	6	4	0
MYOG	6	4	0
NCAN	6	4	0
NCF2	6	4	0
NCOA6	6	4	0
NCOR2	6	4	0
NDC80	6	4	0
NEDD4L	6	4	0
NEFL	6	4	0
NELFA	6	4	0
NF1	6	4	0
NFE2L2	6	4	0
NFYB	6	4	0
NHEJ1	6	4	0
NIPBL	6	4	0
NOTCH2	6	4	0
NOX3	6	4	0
NPM2	6	4	0
NR2C2	6	4	0
NR2F2	6	4	0
NR3C1	6	4	0
NR4A1	6	4	0
NR5A1	6	4	0
NRCAM	6	4	0
NTF3	6	4	0
NTN4	6	4	0
OBSCN	6	4	0
OGG1	6	4	0
OGT	6	4	0
ORC1	6	4	0
ORC3	6	4	0
OSCAR	6	4	0
OSM	6	4	0
OTUD7B	6	4	0
OTULIN	6	4	0
P4HA1	6	4	0
P4HA2	6	4	0
PABPC1	6	4	0
PACS1	6	4	0
PAFAH1B1	6	4	0
PAK3	6	4	0
PAPPA2	6	4	0
PARK7	6	4	0
PARVB	6	4	0
PAX3	6	4	0
PCSK2	6	4	0
PDCD1	6	4	0
PDE4D	6	4	0
PDE5A	6	4	0
PDGFC	6	4	0
PDPN	6	4	0
PEX13	6	4	0
PEX6	6	4	0
PFKFB1	6	4	0
PGF	6	4	0
PGGT1B	6	4	0
PHF19	6	4	0
PHKG2	6	4	0
PHLPP1	6	4	0
PHYH	6	4	0
PIGK	6	4	0
PIK3AP1	6	4	0
PIK3CA	6	4	0
PIN1	6	4	0
PIP5K1B	6	4	0
PIP5K1C	6	4	0
PKP1	6	4	0
PLA2G7	6	4	0
PLAUR	6	4	0
PLCB1	6	4	0
PLCG2	6	4	0
PLEKHA8	6	4	0
PLXNA4	6	4	0
PLXNC1	6	4	1
POLDIP3	6	4	0
POLK	6	4	0
POMGNT1	6	4	0
POMT1	6	4	0
POU2F2	6	4	0
PPARGC1B	6	4	0
PPFIA2	6	4	0
PPP1CB	6	4	0
PPP1R10	6	4	0
PPP1R12A	6	4	0
PPP2R5C	6	4	0
PPP3R1	6	4	0
PRDM4	6	4	0
PRDX5	6	4	0
PREB	6	4	0
PRKACB	6	4	0
PRKAG3	6	4	0
PRKAR1B	6	4	0
PRKAR2B	6	4	0
PRKCA	6	4	0
PRKCB	6	4	0
PRKCI	6	4	0
PRLR	6	4	0
PRMT6	6	4	0
PROC	6	4	0
PRTN3	6	4	0
PSEN2	6	4	0
PSIP1	6	4	0
PSMC4	6	4	0
PTP4A2	6	4	0
PTPN1	6	4	0
PTPN7	6	4	0
PTPRC	6	4	0
PTPRF	6	4	0
PTPRS	6	4	0
RAB10	6	4	0
RAB11FIP3	6	4	0
RAB14	6	4	0
RAB18	6	4	0
RAB1A	6	4	0
RAB1B	6	4	0
RAB21	6	4	0
RAB33B	6	4	0
RAB3A	6	4	0
RAB8A	6	4	0
RABGGTB	6	4	0
RAD21	6	4	0
RAD51AP1	6	4	0
RAD51C	6	4	0
RAD51D	6	4	0
RAD52	6	4	0
RAD9A	6	4	0
RALGDS	6	4	0
RAMAC	6	4	0
RAMP1	6	4	0
RAN	6	4	0
RANBP10	6	4	0
RAP1GAP2	6	4	0
RAPGEF1	6	4	0
RASGRP1	6	4	0
RASGRP2	6	4	0
RB1CC1	6	4	0
RBBP5	6	4	0
RBPJ	6	4	0
RELN	6	4	0
RET	6	4	0
RGMA	6	4	0
RGS7	6	4	0
RGS9BP	6	4	0
RHOBTB1	6	4	0
RHOD	6	4	0
RHOF	6	4	0
RHOJ	6	4	0
RHPN1	6	4	0
RHPN2	6	4	0
RIPK1	6	4	0
RMI1	6	4	0
RMND5A	6	4	0
RNF146	6	4	0
RNF168	6	4	0
RNF2	6	4	0
RNF8	6	4	0
RNPS1	6	4	0
ROBO2	6	4	0
ROBO3	6	4	0
ROCK2	6	4	0
RORA	6	4	0
RPN1	6	4	0
RPS6KA3	6	4	0
RPS6KB1	6	4	0
RRAGB	6	4	0
RRN3	6	4	0
RTN4	6	4	0
RXRA	6	4	0
RXRG	6	4	0
S100A10	6	4	0
S100A8	6	4	0
SAP18	6	4	0
SCFD1	6	4	0
SCUBE3	6	4	0
SDC1	6	4	0
SDCBP	6	4	0
SEC22B	6	4	0
SEC24C	6	4	0
SELPLG	6	4	0
SEMA3A	6	4	0
SEMA4D	6	4	0
SEMA6A	6	4	0
SEMA6D	6	4	0
SERPINC1	6	4	0
SETD9	6	4	0
SFPQ	6	4	0
SFRP1	6	4	0
SGCA	6	4	0
SGCG	6	4	0
SGK1	6	4	0
SH2B3	6	4	0
SH3GL2	6	4	0
SH3KBP1	6	4	0
SHARPIN	6	4	0
SHC3	6	4	0
SIAH2	6	4	0
SIPA1L1	6	4	0
SIRPA	6	4	0
SIRT1	6	4	0
SKIC8	6	4	0
SKP1	6	4	0
SLC25A4	6	4	0
SMAD6	6	4	0
SMAD7	6	4	0
SMARCA4	6	4	0
SMARCA5	6	4	0
SMARCE1	6	4	0
SMURF2	6	4	0
SNTB1	6	4	0
SNTB2	6	4	0
SORL1	6	4	0
SOS2	6	4	0
SOST	6	4	0
SOX13	6	4	0
SP100	6	4	0
SP7	6	4	0
SPAG9	6	4	0
SPP1	6	4	0
SPRY1	6	4	0
STAM	6	4	0
STAM2	6	4	0
STAP2	6	4	0
STAT1	6	4	0
STAT4	6	4	0
STAT5A	6	4	0
STN1	6	4	0
STON2	6	4	0
STRN	6	4	0
STX10	6	4	0
STX1A	6	4	0
STXBP1	6	4	0
SUDS3	6	4	0
SUPT16H	6	4	0
SUPT4H1	6	4	0
SUPT5H	6	4	0
SURF4	6	4	0
SUV39H1	6	4	0
TAB1	6	4	0
TACC3	6	4	0
TAP1	6	4	0
TAP2	6	4	0
TAPBP	6	4	0
TAS1R3	6	4	0
TASP1	6	4	0
TBC1D10A	6	4	0
TBC1D20	6	4	0
TBC1D7	6	4	0
TBPL2	6	4	0
TBX6	6	4	0
TCF3	6	4	0
TCF7L2	6	4	0
TEAD1	6	4	0
TENT4B	6	4	0
TFAP2B	6	4	0
THBS3	6	4	0
TICAM1	6	4	0
TIMP2	6	4	0
TJP2	6	4	0
TLE2	6	4	0
TLE4	6	4	0
TLN1	6	4	0
TLR1	6	4	0
TLR9	6	4	0
TMEM177	6	4	0
TMEM219	6	4	0
TNFRSF10D	6	4	0
TNFRSF1B	6	4	0
TNFSF14	6	4	0
TNKS	6	4	0
TNNC1	6	4	0
TNPO1	6	4	0
TNRC6A	6	4	0
TNS4	6	4	0
TOP2A	6	4	0
TOP2B	6	4	0
TP73	6	4	0
TWNK	6	4	0
TXNIP	6	4	0
UBD	6	4	0
UBE2L3	6	4	0
UBE2V2	6	4	0
UBTF	6	4	0
UHMK1	6	4	0
UPF3A	6	4	0
UQCC2	6	4	0
UQCC3	6	4	0
UQCC5	6	4	0
UQCC6	6	4	0
UQCR10	6	4	0
UQCR11	6	4	0
USO1	6	4	0
USP14	6	4	0
USP17L2	6	4	0
USP2	6	4	0
USP30	6	4	0
USP33	6	4	0
USP44	6	4	0
USP45	6	4	0
VAMP4	6	4	0
VAV3	6	4	0
VCP	6	4	0
VCPIP1	6	4	0
VPS25	6	4	0
VPS37B	6	4	0
VPS45	6	4	0
WASL	6	4	0
WDR77	6	4	0
WHAMM	6	4	0
WIPF2	6	4	0
WNT11	6	4	0
WNT3A	6	4	0
WRN	6	4	0
XPA	6	4	0
XPO1	6	4	0
XRCC5	6	4	0
YBX1	6	4	0
ZBP1	6	4	0
ZDHHC2	6	4	0
ZFYVE16	6	4	0
ZMYM2	6	4	0
ZMYND8	6	4	0
ZNF143	6	4	0
ZNF473	6	4	0
ZNF592	6	4	0
ZNF598	6	4	0
ZNRF3	6	4	0
ABL1	7	0	0
ABLIM2	7	0	0
ACE	7	0	0
ACIN1	7	0	0
ACKR3	7	0	0
ACSS2	7	0	0
ACTA1	7	0	0
ACTB	7	0	0
ACTL6B	7	0	0
ACTR10	7	0	0
ACVR1C	7	0	0
ADAM12	7	0	0
ADAM20	7	0	0
ADAM21	7	0	0
ADAM30	7	0	0
ADAR	7	0	0
ADRA1B	7	0	0
ADRA2C	7	0	0
AGAP2	7	0	0
AGO1	7	0	0
AGO2	7	0	0
AIM2	7	0	0
AKT3	7	0	0
ALK	7	0	0
AMBP	7	0	0
ANGPTL4	7	0	0
ANKFY1	7	0	0
ANKRD28	7	0	0
ANPEP	7	0	0
ANXA1	7	0	0
AP4M1	7	0	0
APBA3	7	0	0
APH1A	7	0	0
APOB	7	0	0
APOC3	7	0	0
APOC4	7	0	0
APPL1	7	0	0
AQP2	7	0	0
ARF6	7	0	0
ARFGAP1	7	0	0
ARHGAP10	7	0	0
ARHGEF12	7	0	0
ARHGEF28	7	0	0
ARHGEF7	7	0	0
ARID1B	7	0	0
ASH2L	7	0	0
ASXL2	7	0	0
ATF3	7	0	0
ATF4	7	0	0
ATF5	7	0	0
ATG10	7	0	0
ATG12	7	0	0
ATG14	7	0	0
ATP6AP2	7	0	0
AURKB	7	0	0
AVP	7	0	0
AVPR1A	7	0	0
B2M	7	0	0
B3GNT3	7	0	0
B4GALT1	7	0	0
B4GAT1	7	0	0
BABAM1	7	0	0
BABAM2	7	0	0
BACH1	7	0	0
BAD	7	0	0
BAG4	7	0	0
BANP	7	0	0
BCAR1	7	0	0
BCKDK	7	0	0
BCR	7	0	0
BDKRB2	7	0	0
BEGAIN	7	0	0
BICRA	7	0	0
BMPR1B	7	0	0
BNIP2	7	0	0
BOD1L1	7	0	0
BRAP	7	0	0
BRD2	7	0	0
BTC	7	0	0
BTLA	7	0	0
C8B	7	0	0
CABIN1	7	0	0
CACNA1H	7	0	0
CACNA2D1	7	0	0
CACNG6	7	0	0
CADM3	7	0	0
CALCR	7	0	0
CALCRL	7	0	0
CAMK2A	7	0	0
CAMK2D	7	0	0
CAMK4	7	0	0
CAMKK2	7	0	0
CANX	7	0	0
CAP1	7	0	0
CAPZA2	7	0	0
CARD11	7	0	0
CARD8	7	0	0
CASC3	7	0	0
CASP1	7	0	0
CASP7	7	0	0
CASTOR2	7	0	0
CAV1	7	0	0
CBLL1	7	0	0
CBX1	7	0	0
CBX3	7	0	0
CCDC8	7	0	0
CCL1	7	0	0
CCL13	7	0	0
CCNC	7	0	0
CCND3	7	0	0
CCNH	7	0	0
CCNT2	7	0	0
CCR1	7	0	0
CD14	7	0	0
CD177	7	0	0
CD24	7	0	0
CD2AP	7	0	0
CD36	7	0	0
CD3E	7	0	0
CD86	7	0	0
CDC42	7	0	0
CDC42EP2	7	0	0
CDH15	7	0	0
CDK2	7	0	0
CDK2AP1	7	0	0
CDKN1B	7	0	0
CDON	7	0	0
CEBPD	7	0	0
CETN2	7	0	0
CFHR1	7	0	0
CFHR2	7	0	0
CFLAR	7	0	0
CHD1L	7	0	0
CHD2	7	0	0
CHD7	7	0	1
CKS1B	7	0	0
CLASP2	7	0	0
CLEC4E	7	0	0
CLEC7A	7	0	0
CLIP3	7	0	0
CLOCK	7	0	0
CLU	7	0	0
CLVS2	7	0	0
CNGA4	7	0	0
CNIH2	7	0	0
CNIH3	7	0	0
CNTNAP1	7	0	0
COL17A1	7	0	0
COL18A1	7	0	0
COPG2	7	0	0
COPS5	7	0	0
COPZ2	7	0	0
COX17	7	0	0
COX20	7	0	0
CPN2	7	0	0
CR1	7	0	0
CRABP2	7	0	0
CREB3L2	7	0	0
CRLF1	7	0	0
CRLF2	7	0	0
CRP	7	0	0
CRTAM	7	0	0
CRTC3	7	0	0
CSF3R	7	0	0
CSNK1E	7	0	0
CTNNA1	7	0	1
CTRB1	7	0	0
CTSC	7	0	0
CTSS	7	0	0
CUBN	7	0	0
CUX1	7	0	0
CXXC4	7	0	0
CYB5R4	7	0	0
CYB5RL	7	0	0
CYTH3	7	0	0
DBNL	7	0	0
DBT	7	0	0
DCAF8L2	7	0	0
DCN	7	0	0
DDB2	7	0	0
DENND2A	7	0	0
DENND6A	7	0	0
DEPDC5	7	0	0
DGCR8	7	0	0
DIAPH1	7	0	0
DIS3L2	7	0	0
DKK1	7	0	0
DLG3	7	0	0
DLG4	7	0	0
DNAJA1	7	0	0
DNAJA4	7	0	0
DNMT1	7	0	0
DNTTIP1	7	0	0
DPH2	7	0	0
DPH3	7	0	0
DPH6	7	0	0
DPH7	7	0	0
DPYSL2	7	0	0
DROSHA	7	0	0
DRP2	7	0	0
DSPP	7	0	0
DST	7	0	0
DTNA	7	0	0
DTX1	7	0	0
DTX4	7	0	0
DUSP3	7	0	0
DUSP4	7	0	0
DUSP9	7	0	0
DVL3	7	0	0
DYNC1H1	7	0	0
DYNC1LI2	7	0	0
DYRK2	7	0	0
E2F1	7	0	0
E2F3	7	0	0
E2F5	7	0	0
EBI3	7	0	0
EEF1A1	7	0	0
EEF1AKMT2	7	0	0
EHD2	7	0	0
EIF2AK4	7	0	0
EIF4A1	7	0	0
EIF4A2	7	0	0
EIF4H	7	0	0
EMD	7	0	0
EML4	7	0	0
EP400	7	0	0
EPB41	7	0	0
EPB41L3	7	0	0
EPC1	7	0	0
EPN1	7	0	0
EPOR	7	0	0
EREG	7	0	0
ERLEC1	7	0	0
ESR2	7	0	0
ESRRA	7	0	0
ETS2	7	0	0
EYA2	7	0	0
F10	7	0	0
F2RL1	7	0	0
F2RL3	7	0	0
F7	7	0	0
F8	7	0	0
F9	7	0	0
FANCI	7	0	0
FAS	7	0	0
FBLIM1	7	0	0
FBN1	7	0	0
FBXO5	7	0	0
FCER1G	7	0	0
FCGR2B	7	0	1
FGF10	7	0	0
FGF23	7	0	0
FGFR2	7	0	0
FGFR3	7	0	0
FGG	7	0	0
FIGNL1	7	0	0
FKBP5	7	0	0
FKTN	7	0	0
FLG	7	0	0
FLT3	7	0	0
FLT4	7	0	0
FOLR1	7	0	0
FOXG1	7	0	0
FOXH1	7	0	0
FOXL2	7	0	0
FOXO3	7	0	0
FOXO4	7	0	0
FRS2	7	0	0
FYB1	7	0	0
GAB3	7	0	0
GABBR1	7	0	0
GABRB2	7	0	0
GABRQ	7	0	0
GAPVD1	7	0	0
GATAD2A	7	0	0
GBA1	7	0	0
GBP1	7	0	0
GCC2	7	0	0
GDNF	7	0	0
GET3	7	0	0
GET4	7	0	0
GFRA2	7	0	0
GH2	7	0	0
GHR	7	0	0
GINS2	7	0	0
GINS4	7	0	0
GLP1R	7	0	0
GLP2R	7	0	0
GLUD1	7	0	0
GM2A	7	0	0
GMNN	7	0	0
GNA14	7	0	0
GNAS	7	0	0
GNAZ	7	0	0
GNPAT	7	0	0
GOLGA2	7	0	0
GOLGB1	7	0	0
GOPC	7	0	0
GORASP1	7	0	0
GOSR1	7	0	0
GP5	7	0	0
GP9	7	0	0
GPNMB	7	0	0
GPX7	7	0	0
GPX8	7	0	0
GRIA2	7	0	0
GRIK3	7	0	0
GRIN1	7	0	0
GRIN2A	7	0	0
GRIN2B	7	0	0
GRM5	7	0	0
GSK3B	7	0	0
GSN	7	0	0
GTF2E1	7	0	0
GTF2F2	7	0	0
H2AC6	7	0	0
H3-4	7	0	0
HBS1L	7	0	0
HCST	7	0	0
HDAC4	7	0	1
HERC2	7	0	0
HES7	7	0	0
HEXB	7	0	0
HEY1	7	0	0
HGF	7	0	0
HIC1	7	0	0
HIF1A	7	0	0
HIF1AN	7	0	0
HIKESHI	7	0	0
HINT1	7	0	0
HLA-DOA	7	0	0
HLA-DPA1	7	0	0
HLA-G	7	0	0
HMGB1	7	0	0
HMMR	7	0	0
HOXC11	7	0	0
HOXD11	7	0	0
HPN	7	0	0
HRAS	7	0	0
HSP90B1	7	0	0
HSPA1B	7	0	0
IAPP	7	0	0
ICAM2	7	0	0
IFI6	7	0	0
IFIH1	7	0	0
IFNAR2	7	0	0
IFNL1	7	0	0
IGFBP5	7	0	0
IKZF2	7	0	0
IKZF3	7	0	0
IL11RA	7	0	0
IL13	7	0	0
IL15RA	7	0	0
IL18	7	0	0
IL18BP	7	0	0
IL1A	7	0	0
IL1B	7	0	0
IL22RA2	7	0	0
IL23A	7	0	0
IL26	7	0	0
IL33	7	0	0
IL36B	7	0	0
IL3RA	7	0	0
IL4R	7	0	0
IL6	7	0	0
IL6R	7	0	0
IL7	7	0	0
ING5	7	0	0
INHA	7	0	0
INSIG1	7	0	0
IQCE	7	0	0
IQGAP3	7	0	0
IRAK2	7	0	0
IRF3	7	0	0
IRS2	7	0	0
ITGA10	7	0	0
ITGA4	7	0	0
ITGAM	7	0	0
ITGB6	7	0	0
ITPKB	7	0	0
IZUMO1	7	0	0
JAG1	7	0	0
JAK2	7	0	0
JAK3	7	0	0
JARID2	7	0	0
JMY	7	0	0
JUND	7	0	0
KCNJ14	7	0	0
KCNJ4	7	0	0
KCNMB4	7	0	0
KCTD1	7	0	0
KDM4A	7	0	0
KDM4B	7	0	0
KDM8	7	0	0
KIF14	7	0	0
KIF3B	7	0	0
KIF5A	7	0	0
KIFAP3	7	0	0
KIR3DS1	7	0	0
KNG1	7	0	0
KPNA6	7	0	0
KRT14	7	0	0
LAG3	7	0	0
LALBA	7	0	0
LAMA2	7	0	0
LAMA3	7	0	0
LAMA5	7	0	0
LAMTOR2	7	0	0
LDLR	7	0	0
LDLRAP1	7	0	0
LEFTY1	7	0	0
LEPR	7	0	0
LGI4	7	0	0
LGR4	7	0	0
LIF	7	0	0
LIG4	7	0	0
LIMK1	7	0	0
LIN7A	7	0	0
LIN7C	7	0	0
LRFN1	7	0	0
LRFN2	7	0	0
LRIG1	7	0	0
LRP6	7	0	0
LRRC52	7	0	0
LTA	7	0	0
LTBP1	7	0	0
LY96	7	0	0
LYPLA1	7	0	0
MAD2L2	7	0	0
MAF	7	0	0
MAG	7	0	0
MAGT1	7	0	0
MAML1	7	0	0
MAP1LC3A	7	0	0
MAP2K3	7	0	0
MAP2K6	7	0	0
MAP3K1	7	0	0
MAP3K3	7	0	0
MAPK14	7	0	0
MAPK3	7	0	0
MASP2	7	0	0
MBD1	7	0	0
MBL2	7	0	0
MC5R	7	0	0
MCIDAS	7	0	0
MCM10	7	0	0
ME1	7	0	0
MEF2D	7	0	0
MET	7	0	0
METTL14	7	0	0
METTL21A	7	0	0
MFAP3	7	0	0
MGA	7	0	0
MIS12	7	0	0
MIS18BP1	7	0	0
MKLN1	7	0	0
MLST8	7	0	0
MMP13	7	0	0
MMP9	7	0	0
MOB1A	7	0	0
MORC2	7	0	0
MOV10	7	0	0
MSH3	7	0	0
MSRB2	7	0	0
MSRB3	7	0	0
MT-CO2	7	0	0
MT-CO3	7	0	0
MT-CYB	7	0	0
MTA3	7	0	0
MTMR10	7	0	0
MTRES1	7	0	0
MYH2	7	0	0
MYH9	7	0	0
N4BP1	7	0	0
NAPA	7	0	0
NBAS	7	0	0
NBN	7	0	0
NBR1	7	0	0
NCAN	7	0	0
NCF2	7	0	0
NCOA6	7	0	0
NCSTN	7	0	0
NDUFAB1	7	0	0
NEDD4	7	0	0
NEK11	7	0	0
NELFA	7	0	0
NELFB	7	0	0
NELFCD	7	0	0
NELFE	7	0	0
NEU1	7	0	0
NFE2	7	0	0
NFKB2	7	0	0
NFYB	7	0	0
NLRC4	7	0	0
NLRP1	7	0	0
NLRP3	7	0	0
NMT1	7	0	0
NOC2L	7	0	0
NOTCH2	7	0	0
NOX3	7	0	0
NPAS2	7	0	0
NPRL2	7	0	0
NR1H4	7	0	0
NRAS	7	0	0
NRG2	7	0	0
NRGN	7	0	0
NRP1	7	0	0
NRP2	7	0	0
NRTN	7	0	0
NSD2	7	0	0
NSL1	7	0	0
NTRK1	7	0	0
NUDT21	7	0	0
OCLN	7	0	0
ORAI1	7	0	0
ORC2	7	0	0
ORC5	7	0	0
OSCAR	7	0	0
OSM	7	0	0
OSMR	7	0	0
OTUD5	7	0	0
OTULIN	7	0	0
P2RY12	7	0	0
P4HA2	7	0	0
P4HA3	7	0	0
PAFAH1B3	7	0	0
PAG1	7	0	0
PAQR3	7	0	0
PARD3	7	0	0
PARD6A	7	0	0
PARD6G	7	0	0
PARK7	7	0	0
PAX5	7	0	0
PCBP2	7	0	0
PDE6G	7	0	0
PDGFA	7	0	0
PDLIM5	7	0	0
PEX1	7	0	0
PEX14	7	0	0
PEX5	7	0	0
PFN1	7	0	0
PGF	7	0	0
PHF20	7	0	0
PICALM	7	0	1
PIK3R5	7	0	0
PINK1	7	0	0
PIP5K1B	7	0	0
PIP5K1C	7	0	0
PLA2G4A	7	0	0
PLAT	7	0	0
PLXNA2	7	0	0
PMS2	7	0	0
PODXL2	7	0	0
POLE	7	0	0
POLG	7	0	0
POLG2	7	0	0
POLN	7	0	0
POU3F2	7	0	0
POU5F1	7	0	0
PPARD	7	0	0
PPARGC1A	7	0	0
PPFIA3	7	0	0
PPFIA4	7	0	0
PPP1R12A	7	0	0
PPP1R12B	7	0	0
PPP1R3C	7	0	0
PPP4C	7	0	0
PPP6R3	7	0	0
PPRC1	7	0	0
PRIM1	7	0	0
PRKAA1	7	0	0
PRKAA2	7	0	0
PRKAB1	7	0	0
PRKCI	7	0	0
PRMT6	7	0	0
PRSS1	7	0	0
PRTN3	7	0	0
PSMD13	7	0	0
PSMD4	7	0	0
PSMD7	7	0	0
PTEN	7	0	0
PTPN2	7	0	0
PTPRA	7	0	0
PTPRC	7	0	0
PTPRU	7	0	0
PWWP2A	7	0	0
PYGO1	7	0	0
RAB1A	7	0	0
RAB3A	7	0	0
RAB3IP	7	0	0
RAB7A	7	0	0
RAB8A	7	0	0
RAB8B	7	0	0
RABGGTA	7	0	0
RAF1	7	0	0
RALA	7	0	0
RALB	7	0	0
RALGAPA2	7	0	0
RALGDS	7	0	0
RANGAP1	7	0	0
RBBP5	7	0	0
RBM14	7	0	0
RBSN	7	0	0
RCC1	7	0	0
RELN	7	0	0
REN	7	0	0
REPS2	7	0	0
RGMB	7	0	0
RGP1	7	0	0
RGS9	7	0	0
RHOA	7	0	0
RHOBTB2	7	0	0
RHOT2	7	0	0
RHPN1	7	0	0
RIF1	7	0	0
RIPK2	7	0	0
RIPK3	7	0	0
RMI2	7	0	0
RMND5B	7	0	0
RNASE1	7	0	0
RND1	7	0	0
RNF135	7	0	0
ROR2	7	0	0
RPA1	7	0	0
RPA2	7	0	0
RPN1	7	0	0
RPN2	7	0	0
RPTOR	7	0	0
RRAGC	7	0	0
RRM2B	7	0	0
RTN4R	7	0	0
S100B	7	0	0
SARM1	7	0	0
SCN5A	7	0	0
SCRIB	7	0	0
SCUBE1	7	0	0
SEC16A	7	0	0
SEC24A	7	0	0
SEC24C	7	0	0
SEC24D	7	0	0
SEMA6D	7	0	0
SENP5	7	0	0
SERPINA5	7	0	0
SERPIND1	7	0	0
SERPING1	7	0	0
SFN	7	0	0
SFPQ	7	0	0
SFRP1	7	0	0
SFTPA1	7	0	0
SFTPD	7	0	0
SGCB	7	0	0
SGTA	7	0	0
SH2B2	7	0	0
SH2B3	7	0	0
SH3GL2	7	0	0
SHANK1	7	0	0
SHANK3	7	0	0
SHH	7	0	0
SHOC2	7	0	0
SIAH2	7	0	0
SIPA1L1	7	0	0
SIRPA	7	0	0
SIRT4	7	0	0
SKIL	7	0	0
SLA	7	0	0
SLC15A4	7	0	0
SLC16A3	7	0	0
SLC16A8	7	0	0
SLC17A7	7	0	0
SLC8A3	7	0	0
SLCO3A1	7	0	0
SMAD5	7	0	0
SMO	7	0	0
SMPD3	7	0	0
SNTB2	7	0	0
SPC24	7	0	0
SPOP	7	0	0
SPOPL	7	0	0
SPR	7	0	0
SPTAN1	7	0	0
SREBF2	7	0	0
SRPK1	7	0	0
SSPN	7	0	0
STAM	7	0	0
STARD10	7	0	0
STAT1	7	0	0
STIM1	7	0	0
STK24	7	0	0
STRAP	7	0	0
STRN	7	0	0
STX1B	7	0	0
SUDS3	7	0	0
SUPT16H	7	0	0
SUZ12	7	0	0
SYK	7	0	0
SYMPK	7	0	0
SYTL1	7	0	0
SYTL2	7	0	0
TAP1	7	0	0
TAP2	7	0	0
TAS1R2	7	0	0
TAS1R3	7	0	0
TAX1BP3	7	0	0
TBC1D25	7	0	0
TBP	7	0	0
TBPL2	7	0	0
TBX6	7	0	0
TCF19	7	0	0
TCF7L2	7	0	0
TDG	7	0	0
TEAD3	7	0	0
TEC	7	0	0
TESK1	7	0	0
TFDP2	7	0	0
TFPI	7	0	0
TICAM1	7	0	0
TLR2	7	0	0
TMEM219	7	0	0
TNF	7	0	0
TNFRSF11A	7	0	0
TNFRSF1B	7	0	0
TNFSF14	7	0	0
TNNT3	7	0	0
TNPO1	7	0	0
TOMM20	7	0	0
TOR1A	7	0	0
TPST2	7	0	0
TRAC	7	0	0
TRAK1	7	0	0
TRAK2	7	0	0
TRAV19	7	0	0
TREM2	7	0	0
TRPC3	7	0	0
TRPC6	7	0	0
TRRAP	7	0	0
TSC2	7	0	0
TSC22D3	7	0	0
TSNAX	7	0	0
TSPAN33	7	0	0
TSPAN5	7	0	0
TXNIP	7	0	0
TYRO3	7	0	0
TYSND1	7	0	0
UBA52	7	0	0
UBE2B	7	0	0
UBE2E1	7	0	0
UBE2M	7	0	0
UBXN1	7	0	0
UCHL5	7	0	0
UNC5B	7	0	0
UPF3B	7	0	0
UQCRB	7	0	0
USF1	7	0	0
USP10	7	0	0
USP2	7	0	0
USP28	7	0	0
USP33	7	0	0
USP34	7	0	0
USP44	7	0	0
USP47	7	0	0
USP5	7	0	0
VCP	7	0	0
VDR	7	0	0
VPREB1	7	0	0
VPREB3	7	0	0
VPS35	7	0	0
VPS37D	7	0	0
VRK1	7	0	0
VTN	7	0	0
WASL	7	0	0
WDR26	7	0	0
WDR48	7	0	0
WDR5	7	0	0
WNT8A	7	0	0
XPO5	7	0	0
XPOT	7	0	0
XRCC4	7	0	0
YWHAB	7	0	0
YWHAG	7	0	0
YWHAQ	7	0	0
YY1	7	0	0
ZBP1	7	0	0
ZBTB17	7	0	0
ZC3H4	7	0	0
ZC3HC1	7	0	0
ZFC3H1	7	0	0
ZFYVE16	7	0	0
ZNF217	7	0	0
ZNF350	7	0	0
ZNF687	7	0	0
ZNF93	7	0	0
A2M	7	1	0
ABCA7	7	1	0
ABCF1	7	1	0
ABHD17A	7	1	0
ABHD5	7	1	0
ABL2	7	1	0
ABLIM1	7	1	0
ACTG1	7	1	0
ACTG2	7	1	0
ACTN4	7	1	0
ADAM11	7	1	0
ADAM22	7	1	0
ADCY1	7	1	0
ADCY3	7	1	0
ADD2	7	1	0
ADNP	7	1	0
ADRA1D	7	1	0
ADRA2A	7	1	0
ADRA2B	7	1	0
ADRM1	7	1	0
AEBP2	7	1	0
AFDN	7	1	1
AGL	7	1	0
AGO4	7	1	0
AGRN	7	1	0
AGT	7	1	0
AICDA	7	1	0
AJUBA	7	1	0
AKAP1	7	1	0
ALKAL1	7	1	0
ALOX5AP	7	1	0
ANGPT1	7	1	0
ANK1	7	1	0
ANK3	7	1	0
ANKLE2	7	1	0
AP1S1	7	1	0
AP1S3	7	1	0
AP4S1	7	1	0
APAF1	7	1	0
APBB1	7	1	0
APOBEC3G	7	1	0
APOBR	7	1	0
APOC1	7	1	0
APOC2	7	1	0
APOE	7	1	0
APP	7	1	0
ARAP1	7	1	0
ARC	7	1	0
ARHGAP1	7	1	0
ARHGDIA	7	1	0
ARHGDIG	7	1	0
ARHGEF25	7	1	0
ARHGEF6	7	1	0
ARID2	7	1	0
ARIH1	7	1	0
ARL2	7	1	0
ARL2BP	7	1	0
ARRB2	7	1	0
ARSA	7	1	0
ARTN	7	1	0
ASPH	7	1	0
ATG101	7	1	0
ATG16L1	7	1	0
ATG9A	7	1	0
ATXN3	7	1	0
AVEN	7	1	0
BACH2	7	1	0
BAG6	7	1	0
BAZ1B	7	1	0
BCAP31	7	1	0
BCHE	7	1	0
BCL10	7	1	0
BCL2	7	1	0
BDNF	7	1	0
BET1	7	1	0
BGLAP	7	1	0
BID	7	1	0
BIRC5	7	1	0
BMAL1	7	1	0
BMAL2	7	1	0
BMI1	7	1	0
BNIP1	7	1	0
BRF2	7	1	0
BRIP1	7	1	0
C1QB	7	1	0
C2CD5	7	1	0
C3AR1	7	1	0
C8A	7	1	0
CACNA1A	7	1	0
CACNA1C	7	1	0
CACNB2	7	1	0
CACNG2	7	1	0
CACNG3	7	1	0
CADM1	7	1	0
CALCB	7	1	0
CALM2	7	1	0
CAMLG	7	1	0
CAND1	7	1	0
CAPN2	7	1	0
CAPZB	7	1	0
CARMIL1	7	1	0
CASP10	7	1	0
CASP8	7	1	0
CBX5	7	1	0
CCDC88C	7	1	0
CCND1	7	1	0
CCNE1	7	1	0
CCP110	7	1	0
CD163	7	1	0
CD1B	7	1	0
CD1C	7	1	0
CD1D	7	1	0
CD28	7	1	0
CD40	7	1	0
CD40LG	7	1	0
CD55	7	1	0
CD5L	7	1	0
CD74	7	1	0
CD8A	7	1	0
CDC14A	7	1	0
CDC14B	7	1	0
CDC20	7	1	0
CDC37	7	1	0
CDC42EP5	7	1	0
CDH19	7	1	0
CDH2	7	1	0
CDH24	7	1	0
CDH5	7	1	0
CDK12	7	1	0
CDK8	7	1	0
CDKN1A	7	1	0
CEBPG	7	1	0
CENPA	7	1	0
CER1	7	1	0
CETN1	7	1	0
CFC1	7	1	0
CHD3	7	1	0
CHD4	7	1	0
CHD5	7	1	0
CHD8	7	1	0
CHST10	7	1	0
CISH	7	1	0
CLEC6A	7	1	0
CLIP1	7	1	0
CLSPN	7	1	0
CLTA	7	1	0
CLTC	7	1	0
CLTCL1	7	1	0
CNGA2	7	1	0
CNGB1	7	1	0
CNPY3	7	1	0
CNTN1	7	1	0
CNTN2	7	1	0
CNTN6	7	1	0
COL3A1	7	1	0
COLEC10	7	1	0
COMMD1	7	1	0
COPA	7	1	0
CPA3	7	1	0
CPS1	7	1	0
CR2	7	1	0
CREB1	7	1	0
CREB3L3	7	1	0
CREB3L4	7	1	0
CREBRF	7	1	0
CRK	7	1	0
CRY2	7	1	0
CSF1R	7	1	1
CSNK2B	7	1	0
CSTF2T	7	1	0
CTF1	7	1	0
CTNNA2	7	1	0
CTSA	7	1	0
CTSV	7	1	0
CUL1	7	1	0
CUL7	7	1	0
CUL9	7	1	0
CYTH1	7	1	0
DAB1	7	1	0
DAB2	7	1	0
DCTN4	7	1	0
DDB1	7	1	0
DDIT3	7	1	0
DDX5	7	1	0
DEFA3	7	1	0
DENND1B	7	1	0
DENND5A	7	1	0
DIS3	7	1	0
DLK1	7	1	0
DLST	7	1	0
DMBT1	7	1	0
DMP1	7	1	0
DNAJA2	7	1	0
DNAJB1	7	1	0
DNER	7	1	0
DOCK1	7	1	0
DOCK11	7	1	0
DOCK3	7	1	0
DOK2	7	1	0
DPF3	7	1	0
DPH5	7	1	0
DPPA4	7	1	0
DPY30	7	1	0
DSG2	7	1	0
DTNB	7	1	0
DUS2	7	1	0
DUSP6	7	1	0
DVL1	7	1	0
DYNC1I1	7	1	0
DYNLL2	7	1	0
E2F4	7	1	0
EBF2	7	1	0
EED	7	1	0
EEF1AKMT1	7	1	0
EEF1D	7	1	0
EEF2	7	1	0
EFCAB7	7	1	0
EFNB1	7	1	0
EGLN1	7	1	0
EHD1	7	1	0
EIF2AK3	7	1	0
EIF4G1	7	1	0
EIF4G3	7	1	0
ELMO1	7	1	0
ELMO2	7	1	0
ELN	7	1	0
ELOA	7	1	0
ELOB	7	1	0
ENAH	7	1	0
EP300	7	1	0
EPB41L5	7	1	0
EPOP	7	1	0
ERCC3	7	1	0
ERLIN1	7	1	0
ERLIN2	7	1	0
ERN1	7	1	0
ERO1A	7	1	0
ESAM	7	1	0
ESR1	7	1	0
ETV4	7	1	0
EVC2	7	1	0
EZH1	7	1	0
F13A1	7	1	0
F5	7	1	0
FBLN5	7	1	0
FCGR2A	7	1	0
FCN1	7	1	0
FCN2	7	1	0
FEN1	7	1	0
FER	7	1	0
FERMT2	7	1	0
FGA	7	1	0
FGF2	7	1	0
FGF22	7	1	0
FGF7	7	1	0
FGR	7	1	0
FILIP1	7	1	0
FKBP6	7	1	0
FLNB	7	1	0
FLOT1	7	1	0
FLRT1	7	1	0
FLT1	7	1	0
FOXM1	7	1	0
FPR3	7	1	0
FRAT2	7	1	0
FSTL3	7	1	0
FUNDC1	7	1	0
FZD5	7	1	0
FZR1	7	1	0
GAB2	7	1	0
GABRB3	7	1	0
GAS6	7	1	0
GATA3	7	1	0
GATAD2B	7	1	0
GBP6	7	1	0
GCN1	7	1	0
GCSH	7	1	0
GDI2	7	1	0
GET1	7	1	0
GGA2	7	1	0
GID8	7	1	0
GLI2	7	1	0
GNA12	7	1	0
GNA15	7	1	0
GNAQ	7	1	0
GNAT1	7	1	0
GNB4	7	1	0
GNG13	7	1	0
GPR37	7	1	0
GRAP	7	1	0
GRAP2	7	1	0
GRB14	7	1	0
GRB2	7	1	0
GRB7	7	1	0
GREB1	7	1	0
GRIA1	7	1	0
GRIN2C	7	1	0
GRK2	7	1	0
GRK6	7	1	0
GRK7	7	1	0
GTF2A1	7	1	0
GTF2B	7	1	0
HAND2	7	1	0
HAPLN1	7	1	0
HCFC1	7	1	0
HCFC2	7	1	0
HCK	7	1	0
HDAC5	7	1	0
HECW1	7	1	0
HGS	7	1	0
HHIP	7	1	0
HIVEP3	7	1	0
HJURP	7	1	0
HLA-A	7	1	0
HLA-DOB	7	1	0
HLA-DQA1	7	1	1
HMGA1	7	1	0
HOXA11	7	1	0
HOXC8	7	1	0
HRG	7	1	0
HSBP1	7	1	0
HSP90AA1	7	1	0
HSPA1A	7	1	0
HSPH1	7	1	0
HTT	7	1	0
HUS1	7	1	0
HYAL2	7	1	0
IBSP	7	1	0
ID1	7	1	0
IFI27	7	1	0
IFI44L	7	1	0
IFIT2	7	1	0
IFNAR1	7	1	0
IFNL2	7	1	0
IGF2R	7	1	0
IGFALS	7	1	0
IGFBP1	7	1	0
IGHA2	7	1	0
IKBIP	7	1	0
IKBKE	7	1	0
IL12RB1	7	1	0
IL13RA2	7	1	0
IL18RAP	7	1	0
IL19	7	1	0
IL1RAP	7	1	0
IL24	7	1	0
IL27RA	7	1	0
IL2RB	7	1	0
IL32	7	1	0
IL36RN	7	1	0
IL6ST	7	1	0
IL7R	7	1	0
ING4	7	1	0
INPP5E	7	1	0
INS	7	1	0
IQGAP1	7	1	0
IRS1	7	1	0
ITCH	7	1	0
ITGA2	7	1	0
ITGA6	7	1	0
ITGA8	7	1	0
ITGB2	7	1	0
ITGB4	7	1	0
ITPR3	7	1	0
JAG2	7	1	0
JCHAIN	7	1	0
KAT2A	7	1	0
KAT7	7	1	1
KCNJ10	7	1	0
KCNJ2	7	1	0
KCNMB1	7	1	0
KCNMB3	7	1	0
KDR	7	1	0
KEAP1	7	1	0
KIDINS220	7	1	0
KIF23	7	1	0
KIF3A	7	1	0
KIF3C	7	1	0
KIF4A	7	1	0
KIF4B	7	1	0
KIR2DL2	7	1	0
KIR2DS5	7	1	0
KIRREL2	7	1	0
KL	7	1	0
KLB	7	1	0
KLK13	7	1	0
KLK7	7	1	0
KMT2B	7	1	0
KMT2D	7	1	0
KPNB1	7	1	0
KRT26	7	1	0
LAMA4	7	1	0
LAMB3	7	1	0
LAMP2	7	1	0
LAMTOR3	7	1	0
LAT2	7	1	0
LCAT	7	1	0
LDB1	7	1	0
LEF1	7	1	0
LEO1	7	1	0
LFNG	7	1	0
LIMD1	7	1	0
LIN7B	7	1	0
LINGO1	7	1	0
LMCD1	7	1	0
LOXL1	7	1	0
LPIN1	7	1	0
LRFN3	7	1	0
LRP1	7	1	0
LRRC4B	7	1	0
LTBR	7	1	0
MAD1L1	7	1	0
MAFG	7	1	0
MAFK	7	1	0
MALT1	7	1	0
MAPK4	7	1	0
MAPRE1	7	1	0
MATK	7	1	0
MAVS	7	1	0
MBTPS2	7	1	0
MC1R	7	1	0
MC3R	7	1	0
MCM2	7	1	0
MCM4	7	1	0
MDC1	7	1	0
MFAP2	7	1	0
MGAT5B	7	1	0
MIA2	7	1	0
MIEF1	7	1	0
MIF	7	1	0
MLEC	7	1	0
MLH1	7	1	0
MMP19	7	1	0
MNAT1	7	1	0
MOB1B	7	1	0
MON1A	7	1	0
MPHOSPH8	7	1	0
MSI2	7	1	0
MTM1	7	1	0
MTOR	7	1	0
MUS81	7	1	0
MUSK	7	1	0
MUTYH	7	1	0
MVB12A	7	1	0
MYB	7	1	0
MYC	7	1	0
MYD88	7	1	0
MYL12A	7	1	0
MYL6	7	1	0
MYOD1	7	1	0
MYOG	7	1	0
NANOG	7	1	0
NCAM1	7	1	0
NCF4	7	1	0
NCR3	7	1	0
NCR3LG1	7	1	0
NDC80	7	1	0
NECTIN2	7	1	0
NECTIN4	7	1	0
NEDD8	7	1	0
NEK1	7	1	0
NFASC	7	1	0
NFATC2	7	1	0
NFATC3	7	1	0
NIPBL	7	1	0
NODAL	7	1	0
NOS3	7	1	0
NOTCH1	7	1	0
NPRL3	7	1	0
NR1D1	7	1	0
NR2C1	7	1	0
NR2C2	7	1	0
NR2E1	7	1	0
NR2F2	7	1	0
NR4A1	7	1	0
NRIP1	7	1	0
NSF	7	1	0
NTF4	7	1	0
NTN4	7	1	0
NUAK1	7	1	0
NUDC	7	1	0
NUMA1	7	1	0
NUMB	7	1	0
NXF1	7	1	0
OCRL	7	1	0
OGT	7	1	0
ORC4	7	1	0
ORC6	7	1	0
OSBPL1A	7	1	0
OST4	7	1	0
P2RY1	7	1	0
PAGR1	7	1	0
PAK2	7	1	0
PAXIP1	7	1	0
PCLO	7	1	0
PCOLCE	7	1	0
PCSK5	7	1	0
PDE4D	7	1	0
PDGFRB	7	1	0
PDHX	7	1	0
PECAM1	7	1	0
PGK1	7	1	0
PGR	7	1	0
PHC1	7	1	0
PHC3	7	1	0
PHF10	7	1	0
PHLDA1	7	1	0
PI4KB	7	1	0
PIAS4	7	1	0
PIF1	7	1	0
PIK3AP1	7	1	0
PIK3CB	7	1	0
PIK3CG	7	1	0
PIK3R3	7	1	0
PIK3R4	7	1	0
PIP4K2C	7	1	0
PKD1	7	1	0
PKM	7	1	0
PLG	7	1	0
PLIN2	7	1	0
PLK2	7	1	0
PLK3	7	1	0
PLN	7	1	0
PLXNA1	7	1	0
PLXNB1	7	1	0
PMF1	7	1	0
POFUT1	7	1	0
POLA2	7	1	0
POLDIP3	7	1	0
POLE2	7	1	0
POMC	7	1	0
POMGNT2	7	1	0
POMT2	7	1	0
POU4F1	7	1	0
PPARA	7	1	0
PPFIA1	7	1	0
PPFIA2	7	1	0
PPP2CB	7	1	0
PPP6C	7	1	0
PPP6R1	7	1	0
PRDM1	7	1	0
PRDX2	7	1	0
PREX2	7	1	0
PRIM2	7	1	0
PRKAG3	7	1	0
PRKAR1B	7	1	0
PRKCA	7	1	0
PRKDC	7	1	0
PRKG1	7	1	0
PRKN	7	1	0
PSEN2	7	1	0
PSMD10	7	1	0
PSMD11	7	1	0
PSMD12	7	1	0
PSMD14	7	1	0
PTGES3	7	1	0
PTGIR	7	1	0
PTPN1	7	1	0
PTPN22	7	1	0
PTPRD	7	1	0
PTTG1	7	1	0
PYGL	7	1	0
RAB13	7	1	0
RAB1B	7	1	0
RAB27A	7	1	0
RAB39A	7	1	0
RAB3GAP1	7	1	0
RAB5A	7	1	0
RAB5B	7	1	0
RAB6A	7	1	0
RAB9A	7	1	0
RABEPK	7	1	0
RABGAP1	7	1	0
RABGEF1	7	1	0
RAC1	7	1	0
RAC2	7	1	0
RAD23A	7	1	0
RAD51AP1	7	1	0
RAD51C	7	1	0
RAMAC	7	1	0
RAP1A	7	1	0
RAP1B	7	1	1
RAPGEF4	7	1	0
RARA	7	1	0
RASGRF2	7	1	0
RASGRP3	7	1	0
RBCK1	7	1	0
RBM8A	7	1	0
RCHY1	7	1	0
RCOR1	7	1	0
RELB	7	1	0
RGL3	7	1	0
RGS17	7	1	0
RGS20	7	1	0
RHEB	7	1	0
RHOC	7	1	0
RHOH	7	1	0
RHOU	7	1	0
RIPK1	7	1	0
RIT1	7	1	0
RNF123	7	1	0
RNF125	7	1	0
ROBO1	7	1	0
ROCK1	7	1	0
ROCK2	7	1	0
RPA3	7	1	0
RPS27A	7	1	0
RPS6	7	1	0
RPS6KA1	7	1	0
RPS6KA3	7	1	0
RPS6KA5	7	1	0
RPS6KB1	7	1	0
RPS6KB2	7	1	0
RRAGD	7	1	0
RRM1	7	1	0
RSPO1	7	1	0
RSPO3	7	1	0
RTKN	7	1	0
RTN3	7	1	0
RTN4	7	1	0
RUNX2	7	1	0
RUNX3	7	1	0
RXRB	7	1	0
RXRG	7	1	0
S100A1	7	1	0
S100A8	7	1	0
SAE1	7	1	0
SAP18	7	1	0
SAR1B	7	1	0
SATB1	7	1	0
SCAI	7	1	0
SDC1	7	1	0
SEC13	7	1	0
SEL1L	7	1	0
SELP	7	1	0
SELPLG	7	1	0
SEPTIN7	7	1	0
SERPINF2	7	1	0
SESN2	7	1	0
SETD1B	7	1	0
SGK2	7	1	0
SH2D2A	7	1	0
SH3GL3	7	1	0
SH3KBP1	7	1	0
SHANK2	7	1	0
SHARPIN	7	1	0
SHC2	7	1	0
SHTN1	7	1	0
SIRPB1	7	1	0
SIRPG	7	1	0
SKAP2	7	1	0
SKIC8	7	1	0
SLC9A1	7	1	0
SLIT3	7	1	0
SMAD1	7	1	0
SMAD2	7	1	0
SMAD3	7	1	0
SMARCD1	7	1	0
SMARCD2	7	1	0
SMUG1	7	1	0
SMURF2	7	1	0
SNCAIP	7	1	0
SNF8	7	1	0
SNTG2	7	1	0
SNW1	7	1	0
SOCS2	7	1	0
SOST	7	1	0
SOX13	7	1	0
SP1	7	1	0
SP7	7	1	0
SPINK6	7	1	0
SPN	7	1	0
SPRTN	7	1	0
SPRY1	7	1	0
SRGAP1	7	1	0
SRGAP2	7	1	0
SRGAP3	7	1	0
SRMS	7	1	0
STAT5B	7	1	0
STK26	7	1	0
STK3	7	1	0
STRADA	7	1	0
STRADB	7	1	0
STT3A	7	1	0
STUB1	7	1	0
STX4	7	1	0
STX6	7	1	0
STXBP2	7	1	0
TACC3	7	1	0
TANK	7	1	0
TASP1	7	1	0
TBC1D20	7	1	0
TBC1D3	7	1	0
TBC1D4	7	1	0
TBXA2R	7	1	0
TCF7L1	7	1	0
TCN2	7	1	0
TFB2M	7	1	0
TFE3	7	1	0
TFEC	7	1	0
TGFB1	7	1	0
THBS1	7	1	0
THBS2	7	1	0
THRB	7	1	0
TIFA	7	1	0
TIRAP	7	1	0
TLE3	7	1	0
TLE4	7	1	0
TLL1	7	1	0
TLN1	7	1	0
TLR4	7	1	0
TLR6	7	1	0
TLR8	7	1	0
TMED10	7	1	0
TMED2	7	1	0
TNFAIP3	7	1	0
TNFRSF25	7	1	0
TNFSF13B	7	1	0
TNFSF15	7	1	0
TNK2	7	1	0
TNNC1	7	1	0
TNNC2	7	1	0
TNNI1	7	1	0
TNNT1	7	1	0
TNNT2	7	1	0
TNRC6B	7	1	0
TNS4	7	1	0
TOMM70	7	1	0
TOPORS	7	1	0
TRAF6	7	1	0
TREM1	7	1	0
TRIM33	7	1	0
TRIM72	7	1	0
TRIO	7	1	0
TRPV4	7	1	0
TSG101	7	1	0
TSLP	7	1	0
TSPOAP1	7	1	0
TUSC3	7	1	0
TWIST1	7	1	0
TWNK	7	1	0
TXNRD2	7	1	0
UBA2	7	1	0
UBA3	7	1	0
UBE2I	7	1	0
UBE2L3	7	1	0
UBE2N	7	1	0
UBE2V2	7	1	0
UBQLN2	7	1	0
ULK1	7	1	0
UNC13B	7	1	0
UNC5D	7	1	0
UNG	7	1	0
UPF2	7	1	0
UQCC5	7	1	0
UQCC6	7	1	0
UQCR10	7	1	0
UQCRFS1	7	1	0
USO1	7	1	0
USP17L2	7	1	0
USP19	7	1	0
USP20	7	1	0
USP21	7	1	0
USP25	7	1	0
USP42	7	1	0
USP45	7	1	0
USP48	7	1	0
USP9X	7	1	0
UTRN	7	1	0
VAMP2	7	1	0
VAMP7	7	1	0
VANGL2	7	1	0
VENTX	7	1	0
VPS26A	7	1	0
VPS37A	7	1	0
VPS37B	7	1	0
VPS52	7	1	0
WDR20	7	1	0
WDR83	7	1	0
WIPF2	7	1	0
WNT11	7	1	0
WNT4	7	1	0
WNT9A	7	1	0
XRCC6	7	1	0
YAF2	7	1	0
YKT6	7	1	0
ZCCHC8	7	1	0
ZDHHC9	7	1	0
ZNF420	7	1	0
ZNRF3	7	1	0
ZW10	7	1	0
AATF	7	2	0
ABHD17C	7	2	0
ABRAXAS1	7	2	0
ABRAXAS2	7	2	0
ACBD3	7	2	0
ACE2	7	2	0
ACOX1	7	2	0
ACTA2	7	2	0
ACTC1	7	2	0
ACTN1	7	2	0
ACTN2	7	2	0
ACTR1A	7	2	0
ACVR1B	7	2	0
ACVR2B	7	2	0
ADAM2	7	2	0
ADCY8	7	2	0
ADCYAP1	7	2	0
ADD1	7	2	0
ADGRE5	7	2	0
ADM2	7	2	0
ADRA1A	7	2	0
AGER	7	2	0
AGTR2	7	2	0
AHR	7	2	0
AKT1	7	2	0
ALKAL2	7	2	0
ALOX5	7	2	0
ANK2	7	2	0
ANXA6	7	2	0
AP1G2	7	2	0
AP1M1	7	2	0
AP1M2	7	2	0
AP2B1	7	2	0
AP4B1	7	2	0
APOA1	7	2	0
ARCN1	7	2	0
ARF4	7	2	0
ARHGAP32	7	2	0
ARL13B	7	2	0
ARNT	7	2	1
ARRB1	7	2	0
ASAP1	7	2	0
ASXL1	7	2	0
ATG3	7	2	0
ATP1A2	7	2	0
ATP1A3	7	2	0
ATP1B3	7	2	0
ATP6V1H	7	2	0
AVPR1B	7	2	0
AVPR2	7	2	0
AXL	7	2	0
B3GALNT2	7	2	0
BAK1	7	2	0
BAP1	7	2	0
BARD1	7	2	0
BAZ2A	7	2	0
BBC3	7	2	0
BCKDHA	7	2	0
BCL2L11	7	2	0
BCL9L	7	2	0
BDKRB1	7	2	0
BECN1	7	2	0
BICD1	7	2	0
BIRC3	7	2	0
BMPR2	7	2	0
BOC	7	2	0
BOD1	7	2	0
BRPF1	7	2	0
BSN	7	2	0
BTK	7	2	0
BTRC	7	2	0
BUB1B	7	2	0
BUB3	7	2	0
C1D	7	2	0
C1QA	7	2	0
C2	7	2	0
C4BPB	7	2	0
C5	7	2	0
C6	7	2	0
C7	7	2	0
CAB39L	7	2	0
CACNA1D	7	2	0
CACNA1I	7	2	0
CACNB3	7	2	0
CALM3	7	2	0
CAMK1	7	2	0
CAMK2B	7	2	0
CAP2	7	2	0
CARD9	7	2	0
CASP6	7	2	0
CASP8AP2	7	2	0
CASTOR1	7	2	0
CAVIN1	7	2	0
CCL4	7	2	0
CCNA1	7	2	0
CCNK	7	2	0
CCR4	7	2	0
CCR8	7	2	0
CCZ1	7	2	0
CD151	7	2	0
CD19	7	2	0
CD1A	7	2	0
CD209	7	2	0
CD22	7	2	0
CD247	7	2	0
CD274	7	2	1
CD300LB	7	2	0
CD34	7	2	0
CD46	7	2	0
CD59	7	2	0
CD79A	7	2	0
CD79B	7	2	0
CD9	7	2	0
CD96	7	2	0
CDC25A	7	2	0
CDC25B	7	2	0
CDC45	7	2	0
CDC6	7	2	0
CDH1	7	2	0
CDK1	7	2	0
CDK13	7	2	0
CDK7	7	2	0
CEBPB	7	2	0
CELA2A	7	2	0
CFHR4	7	2	0
CFI	7	2	0
CFL1	7	2	0
CFTR	7	2	0
CHEK2	7	2	0
CHM	7	2	0
CIPC	7	2	0
CITED1	7	2	0
CITED2	7	2	0
CKAP4	7	2	0
CLEC1B	7	2	0
CLTB	7	2	0
CNTF	7	2	0
CNTFR	7	2	0
COL10A1	7	2	0
COPB1	7	2	0
COPG1	7	2	0
CPN1	7	2	0
CRADD	7	2	0
CREB3	7	2	0
CREBBP	7	2	0
CRIPTO	7	2	0
CRY1	7	2	0
CSF2RA	7	2	0
CSF3	7	2	0
CSTF1	7	2	0
CSTF3	7	2	0
CTDNEP1	7	2	0
CTNND1	7	2	0
CTSG	7	2	0
CTSK	7	2	0
CUL4B	7	2	0
CXCR4	7	2	0
CYB5R1	7	2	0
CYBA	7	2	0
CYBB	7	2	0
CYCS	7	2	0
CYTH4	7	2	0
DAG1	7	2	0
DCAF8L1	7	2	0
DCSTAMP	7	2	0
DCUN1D1	7	2	0
DCUN1D3	7	2	0
DDOST	7	2	0
DDX17	7	2	0
DEK	7	2	0
DELE1	7	2	0
DENND1C	7	2	0
DIAPH2	7	2	0
DIAPH3	7	2	0
DICER1	7	2	0
DISP2	7	2	0
DLD	7	2	0
DLGAP1	7	2	0
DLGAP2	7	2	0
DLGAP3	7	2	0
DLGAP4	7	2	0
DMPK	7	2	0
DMTN	7	2	0
DNAJC6	7	2	0
DOCK9	7	2	0
DPP4	7	2	0
DPPA2	7	2	0
DSCAML1	7	2	0
DSG1	7	2	0
DSN1	7	2	0
DUSP7	7	2	0
DYNC1I2	7	2	0
DYNC1LI1	7	2	0
E2F2	7	2	0
E2F6	7	2	0
EEF1B2	7	2	0
EEF1G	7	2	0
EGLN2	7	2	0
EHD3	7	2	0
EIF2S3	7	2	0
EIF4EBP1	7	2	0
EIF4G2	7	2	0
ELANE	7	2	0
ELAVL1	7	2	0
ELF1	7	2	0
ELF2	7	2	0
ELOA2	7	2	0
ELOC	7	2	0
EME2	7	2	0
ENPEP	7	2	0
EPM2A	7	2	0
EPS15	7	2	0
ERBIN	7	2	0
ERCC8	7	2	0
ERO1B	7	2	0
ESCO1	7	2	0
ESCO2	7	2	0
ETS1	7	2	0
EVC	7	2	0
EVL	7	2	0
EXO1	7	2	0
EXOSC10	7	2	0
EYA3	7	2	0
EZR	7	2	0
F11R	7	2	0
F12	7	2	0
F2	7	2	0
FABP4	7	2	0
FAM124B	7	2	0
FBLN1	7	2	0
FBLN2	7	2	1
FBN2	7	2	0
FBXL17	7	2	0
FBXL3	7	2	0
FCAMR	7	2	0
FCGR3A	7	2	0
FCN3	7	2	0
FGF1	7	2	0
FGF19	7	2	0
FGF6	7	2	0
FGFR1	7	2	0
FGFR1OP2	7	2	0
FKBP1A	7	2	0
FKBPL	7	2	0
FKRP	7	2	0
FLNC	7	2	0
FMOD	7	2	0
FOSB	7	2	0
FOXA1	7	2	0
FOXD3	7	2	0
FOXK1	7	2	0
FOXK2	7	2	0
FRK	7	2	0
FYN	7	2	0
FZD1	7	2	0
FZD4	7	2	0
GAA	7	2	0
GABRA1	7	2	0
GALNT3	7	2	0
GATA4	7	2	0
GBP2	7	2	0
GBP4	7	2	0
GC	7	2	0
GDF1	7	2	0
GFAP	7	2	0
GFRA1	7	2	0
GFRA3	7	2	0
GGA1	7	2	0
GGCX	7	2	0
GHSR	7	2	0
GINS3	7	2	0
GIP	7	2	0
GLA	7	2	0
GLDC	7	2	0
GLI1	7	2	0
GLRA3	7	2	0
GMNC	7	2	0
GNA11	7	2	0
GNA13	7	2	0
GNAI1	7	2	0
GNAI2	7	2	0
GNAI3	7	2	0
GNAO1	7	2	0
GNAT2	7	2	0
GNB5	7	2	0
GOSR2	7	2	0
GPC5	7	2	0
GPIHBP1	7	2	0
GRIK4	7	2	0
GRIN2D	7	2	0
GYG1	7	2	0
GYS1	7	2	0
GZMB	7	2	0
H2AX	7	2	0
H2BC18	7	2	0
HAT1	7	2	0
HBEGF	7	2	0
HEY2	7	2	0
HIF3A	7	2	0
HIPK1	7	2	0
HLTF	7	2	0
HNRNPK	7	2	0
HOMER1	7	2	0
HP	7	2	0
HPS1	7	2	0
HPS4	7	2	0
HSP90AB1	7	2	0
ICAM3	7	2	0
IFIT1	7	2	0
IFNB1	7	2	0
IFNGR2	7	2	0
IFT88	7	2	0
IGFBP3	7	2	0
IGFBP4	7	2	0
IGHE	7	2	0
IGHM	7	2	0
IKBKB	7	2	0
IL10	7	2	0
IL13RA1	7	2	0
IL17RD	7	2	0
IL2	7	2	0
IL20	7	2	0
IL21R	7	2	0
IL22	7	2	0
IL22RA1	7	2	0
IL36A	7	2	0
IL36G	7	2	0
IL38	7	2	0
IL4	7	2	0
ILF2	7	2	0
ING2	7	2	0
INSR	7	2	0
IQGAP2	7	2	0
IRF9	7	2	0
ISG15	7	2	0
ISL1	7	2	0
ITGA1	7	2	0
ITGA11	7	2	0
ITGA2B	7	2	0
ITGA3	7	2	0
ITGAV	7	2	0
ITGAX	7	2	0
ITGB3	7	2	0
ITGB5	7	2	0
JUN	7	2	0
JUP	7	2	0
KARS1	7	2	0
KAT5	7	2	0
KAT6B	7	2	0
KBTBD7	7	2	0
KCNJ12	7	2	0
KCNJ5	7	2	0
KCNJ9	7	2	0
KCNMB2	7	2	0
KCNQ3	7	2	0
KHDRBS1	7	2	0
KHDRBS2	7	2	0
KIR2DL3	7	2	0
KIR2DL4	7	2	0
KIR2DS4	7	2	0
KIR3DL1	7	2	0
KIRREL3	7	2	0
KLK3	7	2	0
KLK5	7	2	0
KLK8	7	2	0
KLRC1	7	2	0
KLRC2	7	2	0
KLRG1	7	2	0
KPNA2	7	2	0
KRT28	7	2	0
KTN1	7	2	0
L3MBTL2	7	2	0
LAMB1	7	2	0
LAMC1	7	2	0
LAMC2	7	2	0
LARGE2	7	2	0
LBP	7	2	0
LCE3D	7	2	0
LCP2	7	2	0
LEFTY2	7	2	0
LGI2	7	2	0
LGMN	7	2	0
LIAS	7	2	0
LILRB2	7	2	0
LIMS2	7	2	0
LOX	7	2	0
LPCAT1	7	2	0
LRP2	7	2	0
LRRC7	7	2	0
LSR	7	2	0
LTB	7	2	0
LTC4S	7	2	0
LTF	7	2	0
LYL1	7	2	0
LYN	7	2	1
LYRM7	7	2	0
MAD2L1	7	2	0
MADCAM1	7	2	0
MADD	7	2	0
MAGI2	7	2	0
MAGOH	7	2	0
MALSU1	7	2	0
MAML3	7	2	0
MAP2K5	7	2	0
MAP3K5	7	2	0
MAPK8	7	2	0
MAPK9	7	2	0
MAPKAPK3	7	2	0
MASP1	7	2	0
MBD3	7	2	0
MBOAT4	7	2	0
MCAT	7	2	0
MCFD2	7	2	0
MCM3	7	2	0
MDM4	7	2	0
MECP2	7	2	0
MEFV	7	2	0
MERTK	7	2	0
METAP1	7	2	0
METAP2	7	2	0
MFAP4	7	2	0
MIXL1	7	2	0
MKNK1	7	2	0
MKRN1	7	2	0
MLPH	7	2	0
MLXIPL	7	2	0
MMP1	7	2	0
MMP14	7	2	0
MMP16	7	2	0
MMP2	7	2	0
MMP7	7	2	0
MPIG6B	7	2	0
MRE11	7	2	0
MRTFA	7	2	0
MSRA	7	2	0
MST1	7	2	0
MT-RNR2	7	2	0
MTA1	7	2	0
MTMR2	7	2	0
MTMR4	7	2	0
MVB12B	7	2	0
MYF5	7	2	0
MYH11	7	2	0
MYO10	7	2	0
MYO19	7	2	0
MYO9B	7	2	0
MYSM1	7	2	0
NAT8	7	2	0
NAT8B	7	2	0
NCBP2	7	2	0
NCF1	7	2	0
NCK1	7	2	0
NCKIPSD	7	2	0
NCOA1	7	2	0
NCOR1	7	2	0
NCOR2	7	2	0
NCR1	7	2	0
NEK2	7	2	0
NEO1	7	2	0
NFE2L2	7	2	0
NFKB1	7	2	0
NFKBIB	7	2	0
NFU1	7	2	0
NGEF	7	2	0
NID2	7	2	0
NKX2-5	7	2	0
NLK	7	2	0
NLRC5	7	2	0
NOTUM	7	2	0
NOX4	7	2	0
NPHP1	7	2	0
NPHS1	7	2	0
NPLOC4	7	2	0
NR3C2	7	2	0
NR5A2	7	2	0
NTN1	7	2	0
NTN3	7	2	0
NTRK3	7	2	0
NUB1	7	2	0
NXT1	7	2	0
OASL	7	2	0
OBI1	7	2	0
OBSCN	7	2	0
OGDH	7	2	0
OGG1	7	2	0
OPRM1	7	2	0
OPTC	7	2	0
ORC1	7	2	0
ORC3	7	2	0
OTUB1	7	2	0
PAAF1	7	2	0
PABPN1	7	2	0
PAFAH1B2	7	2	0
PAK3	7	2	0
PAPPA	7	2	0
PAPPA2	7	2	0
PARD6B	7	2	0
PARVB	7	2	0
PAX2	7	2	0
PAX3	7	2	0
PCGF2	7	2	0
PCSK1	7	2	0
PCSK2	7	2	0
PDE6D	7	2	0
PDS5A	7	2	0
PDYN	7	2	0
PEA15	7	2	0
PELI1	7	2	0
PELI2	7	2	0
PELI3	7	2	0
PEX12	7	2	0
PEX6	7	2	0
PGAM5	7	2	0
PHF1	7	2	0
PHF8	7	2	0
PHKA1	7	2	0
PHKA2	7	2	0
PHKB	7	2	0
PHYH	7	2	0
PIK3C3	7	2	0
PIK3CA	7	2	0
PIM1	7	2	0
PIN1	7	2	0
PIP4K2B	7	2	0
PKMYT1	7	2	0
PKN1	7	2	0
PKN2	7	2	0
PLAU	7	2	0
PLAUR	7	2	0
PLCB4	7	2	0
PLEC	7	2	0
PLEKHA8	7	2	0
PLIN3	7	2	0
PLK1	7	2	0
POLD2	7	2	0
POLH	7	2	0
POLI	7	2	0
POLQ	7	2	0
POMK	7	2	0
POMT1	7	2	0
POT1	7	2	0
POU2F2	7	2	0
POU3F1	7	2	0
PPEF1	7	2	0
PPFIBP2	7	2	0
PPIA	7	2	0
PPID	7	2	0
PPIL2	7	2	0
PPM1A	7	2	0
PPM1B	7	2	0
PPP1CB	7	2	0
PPP1R13B	7	2	0
PPP1R13L	7	2	0
PPP2CA	7	2	0
PPP2R5A	7	2	0
PPP3CB	7	2	0
PPP3CC	7	2	0
PRC1	7	2	0
PRCP	7	2	0
PRDX1	7	2	0
PRDX3	7	2	0
PRDX5	7	2	0
PREB	7	2	0
PREX1	7	2	0
PRKACA	7	2	0
PRKACG	7	2	0
PRKCSH	7	2	0
PRL	7	2	0
PRMT1	7	2	0
PRNP	7	2	0
PROS1	7	2	0
PSMC4	7	2	0
PSMD3	7	2	0
PSMD8	7	2	0
PSME4	7	2	0
PSTPIP1	7	2	0
PTK2	7	2	0
PTK2B	7	2	0
PTK6	7	2	0
PVR	7	2	0
PYGO2	7	2	0
RAB11FIP2	7	2	0
RAB31	7	2	0
RAB35	7	2	0
RAB3IL1	7	2	0
RABEP1	7	2	0
RABGGTB	7	2	0
RAD21	7	2	0
RAD51	7	2	0
RAD52	7	2	0
RALGAPB	7	2	0
RAMP1	7	2	0
RAMP3	7	2	0
RAN	7	2	0
RAP1GAP	7	2	0
RAP1GAP2	7	2	0
RAP1GDS1	7	2	0
RASGRF1	7	2	0
RB1	7	2	0
RBL2	7	2	0
RBPJ	7	2	0
RBX1	7	2	0
RCE1	7	2	0
RCVRN	7	2	0
REL	7	2	0
RELA	7	2	0
REV3L	7	2	0
RGS9BP	7	2	0
RHOB	7	2	0
RHOF	7	2	0
RHOT1	7	2	0
RHOV	7	2	0
RHPN2	7	2	0
RIC1	7	2	0
RIGI	7	2	0
RIMS1	7	2	0
RIN3	7	2	0
RIT2	7	2	0
RNF111	7	2	0
RNF144A	7	2	0
RNF146	7	2	0
RNF152	7	2	0
RNF2	7	2	0
RNF31	7	2	0
RNF43	7	2	0
RNF8	7	2	0
ROBO2	7	2	0
ROPN1	7	2	0
RORA	7	2	0
RPS6KA2	7	2	0
RRAGB	7	2	0
RSPO4	7	2	0
RXYLT1	7	2	0
S100A10	7	2	0
SACK1B	7	2	0
SAFB	7	2	0
SAMTOR	7	2	0
SATB2	7	2	0
SBF1	7	2	0
SCAP	7	2	0
SCUBE2	7	2	0
SDC2	7	2	0
SEC23IP	7	2	0
SEMA3A	7	2	0
SEMA6A	7	2	0
SEMA7A	7	2	0
SEMG1	7	2	0
SERPINA10	7	2	0
SERPINB2	7	2	0
SFRP2	7	2	0
SGCE	7	2	0
SGCG	7	2	0
SGK1	7	2	0
SHC3	7	2	0
SHPRH	7	2	0
SIGLEC16	7	2	0
SIPA1	7	2	0
SIRT1	7	2	0
SIRT2	7	2	0
SIRT3	7	2	0
SIRT5	7	2	0
SKIC3	7	2	0
SKP2	7	2	0
SLC16A1	7	2	0
SLC18A3	7	2	0
SMAD9	7	2	0
SMARCB1	7	2	0
SMARCC1	7	2	0
SMARCE1	7	2	0
SMPD1	7	2	0
SMPD2	7	2	0
SMURF1	7	2	0
SNAP23	7	2	0
SOCS6	7	2	0
SORL1	7	2	0
SPC25	7	2	0
SPIDR	7	2	0
SPINK5	7	2	0
SPRED1	7	2	0
SPRED2	7	2	0
SPTBN1	7	2	0
SRF	7	2	0
SRXN1	7	2	0
SRY	7	2	0
STAP2	7	2	0
STAT5A	7	2	0
STING1	7	2	0
STK4	7	2	0
STPG4	7	2	0
STX16	7	2	0
STX1A	7	2	0
STX3	7	2	0
STX5	7	2	0
SUFU	7	2	1
SUMO3	7	2	0
SURF4	7	2	0
SYNJ1	7	2	0
SYT9	7	2	0
SYVN1	7	2	0
SZT2	7	2	0
TAPBP	7	2	0
TBC1D14	7	2	0
TBC1D7	7	2	0
TBX3	7	2	0
TENT4A	7	2	0
TET3	7	2	0
TFAM	7	2	0
TGFB3	7	2	0
TGFBR1	7	2	0
THBD	7	2	0
THRA	7	2	0
TICRR	7	2	0
TLE1	7	2	0
TLE5	7	2	0
TLR3	7	2	0
TLR9	7	2	0
TMED9	7	2	0
TMPRSS2	7	2	0
TMPRSS6	7	2	0
TNC	7	2	0
TNFRSF10A	7	2	0
TNFRSF12A	7	2	0
TNFRSF14	7	2	0
TNFRSF1A	7	2	0
TOLLIP	7	2	0
TP53BP1	7	2	0
TP73	7	2	0
TRAF3	7	2	0
TRBC1	7	2	0
TRBV12-3	7	2	0
TRBV7-9	7	2	0
TRIM4	7	2	0
TRIM56	7	2	0
TRPC4	7	2	0
TSPAN14	7	2	0
TSPAN15	7	2	0
TTC5	7	2	0
TTF1	7	2	0
TXN	7	2	0
TYROBP	7	2	0
UBA7	7	2	0
UBC	7	2	0
UBE2D2	7	2	0
UBE2F	7	2	0
UBE2L6	7	2	0
UCHL3	7	2	0
UFD1	7	2	0
UIMC1	7	2	0
UPF3A	7	2	0
UQCC1	7	2	0
UQCRQ	7	2	0
USE1	7	2	0
USP1	7	2	0
USP13	7	2	0
USP14	7	2	0
USP18	7	2	0
USP26	7	2	0
USP8	7	2	0
VAMP8	7	2	0
VAV1	7	2	0
VCAM1	7	2	0
VEGFC	7	2	0
VEGFD	7	2	0
VHL	7	2	0
VPS45	7	2	0
VPS51	7	2	0
VPS54	7	2	0
VTI1A	7	2	0
WAS	7	2	0
WIF1	7	2	0
WNT8B	7	2	0
WRN	7	2	0
WTAP	7	2	0
WWTR1	7	2	0
XIAP	7	2	0
XRCC1	7	2	0
XRCC3	7	2	0
YES1	7	2	0
YWHAE	7	2	0
YWHAZ	7	2	0
ZAP70	7	2	0
ZDHHC5	7	2	0
ZDHHC7	7	2	0
ZDHHC8	7	2	0
ZFYVE9	7	2	0
ZMYND8	7	2	0
ZNF385A	7	2	0
ZNF473	7	2	0
ZNF521	7	2	0
ZNF532	7	2	0
ZNF598	7	2	0
AAMP	7	3	0
ACAT1	7	3	0
ADAM10	7	3	0
ADAM15	7	3	0
ADAM17	7	3	0
ADAM23	7	3	0
ADAMTS13	7	3	0
ADNP2	7	3	0
ADORA2A	7	3	0
ADORA2B	7	3	0
AGTR1	7	3	0
AHRR	7	3	0
AIP	7	3	0
AKAP10	7	3	0
AKAP5	7	3	0
AKT2	7	3	0
ALCAM	7	3	0
ALPK1	7	3	0
AMBRA1	7	3	0
AMOT	7	3	0
AMOTL2	7	3	0
ANKRD27	7	3	0
ANOS1	7	3	0
ANTXR1	7	3	0
ANTXR2	7	3	0
AP1G1	7	3	0
AP1S2	7	3	0
AP2A1	7	3	0
AP2M1	7	3	0
AP4E1	7	3	0
APBA1	7	3	0
APBB1IP	7	3	0
APEX1	7	3	0
APEX2	7	3	0
ARAF	7	3	0
ARF1	7	3	0
ARF3	7	3	0
ARPP19	7	3	0
ATAD2	7	3	0
ATF2	7	3	0
ATF6	7	3	0
ATF6B	7	3	0
ATG13	7	3	0
ATG5	7	3	0
ATG7	7	3	0
ATP1A1	7	3	0
ATP1B2	7	3	0
ATRIP	7	3	0
AURKA	7	3	0
AXIN1	7	3	0
BACE1	7	3	0
BAIAP2	7	3	0
BATF	7	3	0
BAX	7	3	0
BCKDHB	7	3	0
BCL2L1	7	3	0
BCL6	7	3	0
BET1L	7	3	0
BGN	7	3	0
BLK	7	3	0
BLM	7	3	0
BMP1	7	3	0
BMPR1A	7	3	0
BRAF	7	3	0
BRCA2	7	3	0
BRD9	7	3	0
C1QBP	7	3	0
C4A	7	3	0
C5AR1	7	3	0
C8G	7	3	0
CACNA1B	7	3	0
CACNA1E	7	3	0
CACNG8	7	3	0
CALCA	7	3	0
CALM1	7	3	0
CALR	7	3	0
CAMK2G	7	3	0
CAPN1	7	3	0
CAPZA1	7	3	0
CASP3	7	3	0
CASP9	7	3	0
CAV3	7	3	0
CBFB	7	3	0
CBL	7	3	0
CCAR2	7	3	0
CCDC22	7	3	0
CCDC59	7	3	0
CCNB1	7	3	0
CCND2	7	3	0
CCNG1	7	3	0
CCNT1	7	3	0
CCR2	7	3	0
CD160	7	3	0
CD300E	7	3	0
CD320	7	3	0
CD3D	7	3	0
CD3G	7	3	0
CD4	7	3	0
CD44	7	3	0
CD47	7	3	0
CD72	7	3	0
CD80	7	3	0
CD81	7	3	0
CDC25C	7	3	0
CDC73	7	3	0
CDCA8	7	3	0
CDK2AP2	7	3	0
CDK9	7	3	0
CDKN2C	7	3	0
CDKN2D	7	3	0
CDT1	7	3	0
CEP43	7	3	0
CFB	7	3	0
CFD	7	3	0
CFH	7	3	0
CFHR5	7	3	0
CHD6	7	3	0
CHEK1	7	3	0
CHMP2A	7	3	0
CHP1	7	3	0
CHUK	7	3	0
CIT	7	3	0
CITED4	7	3	0
CLASP1	7	3	0
CLEC4C	7	3	0
CLEC4D	7	3	0
CLEC5A	7	3	0
CLVS1	7	3	0
CNEP1R1	7	3	0
COL1A1	7	3	0
COMP	7	3	0
COPB2	7	3	0
COPRS	7	3	0
CPB2	7	3	0
CPE	7	3	0
CPSF7	7	3	0
CRTC1	7	3	0
CRTC2	7	3	0
CSF2	7	3	0
CSNK1A1	7	3	0
CSNK1D	7	3	0
CSNK2A1	7	3	0
CTBP1	7	3	0
CTBP2	7	3	0
CTC1	7	3	0
CTLA4	7	3	0
CTNNB1	7	3	0
CTNNBIP1	7	3	0
CTTN	7	3	0
CUL2	7	3	0
CUL4A	7	3	0
CYB5R2	7	3	0
CYP11A1	7	3	0
CYSLTR2	7	3	0
DBF4	7	3	0
DCP2	7	3	0
DCTN3	7	3	0
DEFA5	7	3	0
DENND1A	7	3	0
DENND4B	7	3	0
DENND4C	7	3	0
DENND6B	7	3	0
DFFB	7	3	0
DHX36	7	3	0
DHX9	7	3	0
DLG2	7	3	0
DLL3	7	3	0
DLL4	7	3	0
DNA2	7	3	0
DNAJB6	7	3	0
DNAJC7	7	3	0
DNM2	7	3	0
DNMT3A	7	3	0
DNMT3B	7	3	0
DOCK6	7	3	0
DOCK8	7	3	0
DSCAM	7	3	0
DVL2	7	3	0
EEF2K	7	3	0
EEF2KMT	7	3	0
EFNB2	7	3	0
EGF	7	3	0
EHMT2	7	3	0
EIF2AK1	7	3	0
EIF2AK2	7	3	0
EIF2S1	7	3	0
EIF2S2	7	3	0
EMILIN1	7	3	0
ENSA	7	3	0
EOMES	7	3	0
EPB41L2	7	3	0
EPHB2	7	3	0
EPO	7	3	0
ERBB3	7	3	0
ERBB4	7	3	0
ERCC1	7	3	0
ERCC4	7	3	0
ERCC6	7	3	0
ESPL1	7	3	0
EZH2	7	3	0
F11	7	3	0
F2RL2	7	3	0
F3	7	3	0
FADD	7	3	0
FANCD2	7	3	0
FARP2	7	3	0
FASLG	7	3	0
FBXL18	7	3	0
FBXL7	7	3	0
FBXW11	7	3	0
FBXW7	7	3	0
FDX1	7	3	0
FDX2	7	3	0
FES	7	3	0
FGF9	7	3	0
FGFRL1	7	3	0
FKBP4	7	3	0
FLNA	7	3	0
FLRT3	7	3	0
FLT3LG	7	3	0
FMNL3	7	3	0
FN1	7	3	0
FOS	7	3	0
FOXP3	7	3	0
FRAT1	7	3	0
FRS3	7	3	0
FST	7	3	0
FURIN	7	3	0
FZD2	7	3	0
GABARAP	7	3	0
GABARAPL2	7	3	0
GABRB1	7	3	0
GALNT1	7	3	0
GANAB	7	3	0
GATA6	7	3	0
GBE1	7	3	0
GBF1	7	3	0
GBP5	7	3	0
GCG	7	3	0
GEN1	7	3	0
GFRA4	7	3	0
GGA3	7	3	0
GID4	7	3	0
GINS1	7	3	0
GIPR	7	3	0
GJA1	7	3	0
GLB1	7	3	0
GLG1	7	3	0
GLI3	7	3	0
GLRA1	7	3	0
GLRX	7	3	0
GLYCAM1	7	3	0
GNAT3	7	3	0
GNB2	7	3	0
GNG2	7	3	0
GNGT1	7	3	0
GOLGA5	7	3	0
GOLIM4	7	3	0
GP6	7	3	0
GPC1	7	3	0
GPER1	7	3	0
GPR37L1	7	3	0
GPS2	7	3	0
GRB10	7	3	0
GRIK2	7	3	0
GRIN3A	7	3	0
GRK4	7	3	0
GRK5	7	3	0
GRM1	7	3	0
GSK3A	7	3	0
GTF2A2	7	3	0
GTF2E2	7	3	0
GTF3A	7	3	0
GYG2	7	3	0
H2BC21	7	3	0
H2BC26	7	3	0
HBB	7	3	0
HCCS	7	3	0
HDAC1	7	3	0
HDAC3	7	3	0
HDAC6	7	3	0
HDAC7	7	3	0
HEBP1	7	3	0
HERC5	7	3	0
HEXA	7	3	0
HINT2	7	3	0
HIPK2	7	3	0
HLA-B	7	3	0
HLA-DMA	7	3	0
HLA-DQA2	7	3	0
HNRNPC	7	3	0
HNRNPU	7	3	0
HOMER2	7	3	0
HOMER3	7	3	0
HSPB1	7	3	0
ICOS	7	3	0
ICOSLG	7	3	0
IER3	7	3	0
IFIT3	7	3	0
IFITM1	7	3	0
IFNGR1	7	3	0
IFNLR1	7	3	0
IFT20	7	3	0
IGF1R	7	3	0
IGHD	7	3	0
IGHG1	7	3	0
IGHG3	7	3	0
IGKC	7	3	0
IKBKG	7	3	0
IL11	7	3	0
IL15	7	3	0
IL16	7	3	0
IL1R2	7	3	0
IL20RA	7	3	0
IL20RB	7	3	0
IL21	7	3	0
IL27	7	3	0
IL31RA	7	3	0
IL33R	7	3	0
IL34	7	3	0
IL36R	7	3	0
IL37	7	3	0
ILF3	7	3	0
ILK	7	3	0
IMPACT	7	3	0
INCENP	7	3	0
INHBC	7	3	0
INHBE	7	3	0
INPP5D	7	3	0
INPPL1	7	3	1
IRF5	7	3	0
IRS4	7	3	0
ITFG2	7	3	0
ITGA7	7	3	0
ITGA9	7	3	0
ITGAD	7	3	0
ITGB1	7	3	0
ITGB3BP	7	3	0
ITGB7	7	3	0
ITPKA	7	3	0
ITPKC	7	3	0
ITPR1	7	3	0
ITPR2	7	3	0
JADE1	7	3	0
JAM2	7	3	0
KAT6A	7	3	0
KCNJ15	7	3	0
KCNJ6	7	3	0
KCNQ2	7	3	0
KCTD15	7	3	0
KDM5B	7	3	0
KGD4	7	3	0
KHDRBS3	7	3	0
KHSRP	7	3	0
KIR2DS1	7	3	0
KIR3DL2	7	3	0
KIRREL1	7	3	0
KLC2	7	3	0
KLK12	7	3	0
KLK14	7	3	0
KMT2A	7	3	0
KMT2C	7	3	0
KPTN	7	3	0
KRT1	7	3	0
KRT25	7	3	0
KSR1	7	3	0
L1CAM	7	3	0
LAMB2	7	3	0
LAMC3	7	3	0
LATS1	7	3	0
LATS2	7	3	0
LBR	7	3	0
LCE1A	7	3	0
LGI1	7	3	0
LGR5	7	3	0
LHX3	7	3	0
LILRA1	7	3	0
LILRB1	7	3	0
LMAN1	7	3	0
LMNA	7	3	0
LRP4	7	3	0
LRRC14	7	3	0
LRRC41	7	3	0
LRRFIP1	7	3	0
M6PR	7	3	0
MAF1	7	3	0
MAFF	7	3	0
MAGED1	7	3	0
MAML2	7	3	0
MAP3K8	7	3	0
MAPKAPK5	7	3	0
MARK3	7	3	0
MASTL	7	3	0
MAU2	7	3	0
MBD3L1	7	3	0
MBD3L2	7	3	0
MBD4	7	3	0
MC2R	7	3	0
MC4R	7	3	0
MCF2	7	3	0
MCM5	7	3	0
MCRIP1	7	3	0
MDK	7	3	0
MEAF6	7	3	0
MEF2B	7	3	0
METTL23	7	3	0
METTL3	7	3	0
MIA3	7	3	0
MIB2	7	3	1
MITF	7	3	0
MLH3	7	3	0
MLX	7	3	0
MMP15	7	3	0
MPG	7	3	0
MPHOSPH6	7	3	0
MRAS	7	3	0
MS4A2	7	3	0
MSH6	7	3	0
MTMR12	7	3	0
MYBL2	7	3	0
MYF6	7	3	0
MYH10	7	3	0
MYH14	7	3	0
MYL12B	7	3	0
MYL9	7	3	0
MYLK	7	3	0
MYO1C	7	3	0
MYO6	7	3	0
NAB2	7	3	0
NBEA	7	3	0
NCK2	7	3	0
NCOA2	7	3	0
NCOA3	7	3	0
NECTIN3	7	3	0
NEFL	7	3	0
NEK6	7	3	0
NEK9	7	3	0
NEU4	7	3	0
NFATC1	7	3	0
NFKBIA	7	3	0
NFKBIE	7	3	0
NFYA	7	3	0
NGF	7	3	0
NID1	7	3	0
NLRP4	7	3	0
NLRX1	7	3	0
NOD1	7	3	0
NOP58	7	3	0
NOSTRIN	7	3	0
NOTCH2NLA	7	3	0
NOTCH3	7	3	0
NOX1	7	3	0
NOXA1	7	3	0
NPAS4	7	3	0
NPHS2	7	3	0
NPM1	7	3	0
NPM2	7	3	0
NR1H3	7	3	0
NR4A2	7	3	0
NRG1	7	3	0
NRG4	7	3	0
NSMAF	7	3	0
NTF3	7	3	0
NTHL1	7	3	0
NTRK2	7	3	0
OIP5	7	3	0
OPA1	7	3	0
OPN1LW	7	3	0
OPN1MW	7	3	0
OPTN	7	3	0
OS9	7	3	0
OTUD7B	7	3	0
PAFAH1B1	7	3	0
PARVA	7	3	0
PCGF6	7	3	0
PCNT	7	3	0
PCSK6	7	3	0
PCSK9	7	3	0
PDCD1LG2	7	3	0
PDCL	7	3	0
PDE3B	7	3	0
PDE6A	7	3	0
PDGFD	7	3	0
PDS5B	7	3	0
PELO	7	3	0
PEX2	7	3	0
PFKFB1	7	3	0
PGAP1	7	3	0
PGGT1B	7	3	0
PHAX	7	3	0
PHF19	7	3	0
PHF6	7	3	0
PHKG2	7	3	0
PHLPP2	7	3	0
PIAS1	7	3	0
PIGK	7	3	0
PIK3R1	7	3	0
PIK3R2	7	3	0
PIK3R6	7	3	0
PIP4K2A	7	3	0
PLCB1	7	3	0
PLIN1	7	3	0
PLXNA4	7	3	0
PLXNC1	7	3	1
PMEPA1	7	3	0
PML	7	3	0
PNKP	7	3	0
POGLUT1	7	3	0
POLB	7	3	0
POLD1	7	3	0
POLD3	7	3	0
POLE4	7	3	0
POLK	7	3	0
POLL	7	3	0
POU2F1	7	3	0
PPARG	7	3	0
PPARGC1B	7	3	0
PPHLN1	7	3	0
PPM1E	7	3	0
PPP1CC	7	3	0
PPP1R10	7	3	0
PPP1R14A	7	3	0
PPP1R15A	7	3	0
PPP2R1A	7	3	0
PPP2R2D	7	3	0
PPP2R5D	7	3	0
PPP3CA	7	3	0
PPP3R1	7	3	0
PRDM4	7	3	0
PRKAB2	7	3	0
PRKAG1	7	3	0
PRKAR1A	7	3	0
PRKCB	7	3	0
PRKCG	7	3	0
PRKCQ	7	3	0
PRM1	7	3	0
PRM2	7	3	0
PROCR	7	3	0
PROZ	7	3	0
PRSS2	7	3	0
PRSS8	7	3	0
PRX	7	3	0
PSAP	7	3	0
PSEN1	7	3	0
PSENEN	7	3	0
PSMC5	7	3	0
PSMD6	7	3	0
PSPN	7	3	0
PTBP1	7	3	0
PTCH1	7	3	0
PTN	7	3	0
PTP4A2	7	3	0
PTPN11	7	3	0
PTPN12	7	3	0
PTPN18	7	3	0
PTPN6	7	3	0
PTPRF	7	3	0
PTPRJ	7	3	0
PTPRS	7	3	0
PTPRZ1	7	3	0
PXN	7	3	0
PYGM	7	3	0
RAB11A	7	3	0
RAB11B	7	3	0
RAB11FIP3	7	3	0
RAB14	7	3	0
RAB18	7	3	0
RAB21	7	3	0
RAB33B	7	3	0
RAB38	7	3	0
RAB3GAP2	7	3	0
RAB4A	7	3	0
RACGAP1	7	3	0
RAD1	7	3	0
RAD23B	7	3	0
RAD50	7	3	1
RAD51B	7	3	0
RAD9B	7	3	0
RANBP1	7	3	0
RANBP10	7	3	0
RANBP9	7	3	0
RAPGEF3	7	3	0
RASA1	7	3	0
RASGRP2	7	3	0
RB1CC1	7	3	0
RBBP4	7	3	0
RBBP8	7	3	0
RBL1	7	3	0
RBM7	7	3	0
RCCD1	7	3	0
REST	7	3	0
RET	7	3	0
RGL2	7	3	0
RGS16	7	3	0
RHO	7	3	0
RHOD	7	3	0
RHOJ	7	3	0
RHOQ	7	3	0
RINT1	7	3	0
RMND5A	7	3	0
RNASEL	7	3	0
RNF128	7	3	0
RNF168	7	3	0
RNF181	7	3	0
RNGTT	7	3	0
RNMT	7	3	0
RRAGA	7	3	0
RRAS	7	3	0
RRM2	7	3	0
RSF1	7	3	0
RTEL1	7	3	0
RUFY1	7	3	0
RUVBL1	7	3	0
SAG	7	3	0
SAV1	7	3	0
SCFD1	7	3	0
SCN1B	7	3	0
SCP2	7	3	0
SCUBE3	7	3	0
SDCBP	7	3	0
SEC16B	7	3	0
SEC31A	7	3	0
SEM1	7	3	0
SEMA4D	7	3	0
SENP1	7	3	0
SEPTIN4	7	3	0
SERPINA1	7	3	0
SERPINB1	7	3	0
SERPINE1	7	3	0
SESN1	7	3	0
SETD1A	7	3	0
SETD9	7	3	0
SETDB1	7	3	0
SFTPA2	7	3	0
SGCZ	7	3	0
SH2B1	7	3	0
SH3PXD2A	7	3	0
SIGIRR	7	3	0
SIN3A	7	3	0
SKI	7	3	0
SKIC2	7	3	0
SLBP	7	3	0
SLIT1	7	3	0
SLX4	7	3	0
SMAD7	7	3	0
SMARCA2	7	3	0
SMARCA4	7	3	0
SMARCD3	7	3	0
SMYD2	7	3	0
SNAP25	7	3	0
SNCA	7	3	0
SOCS1	7	3	0
SOD2	7	3	0
SOS2	7	3	0
SOX2	7	3	0
SOX4	7	3	0
SOX9	7	3	0
SP3	7	3	0
SPAG9	7	3	0
SPATA2	7	3	0
SPI1	7	3	0
SPP1	7	3	0
SPRY2	7	3	0
SPTA1	7	3	0
SREBF1	7	3	0
SSBP1	7	3	0
STAB2	7	3	0
STAM2	7	3	0
STAT3	7	3	0
STAT4	7	3	0
STAT6	7	3	0
STK11	7	3	0
STXBP1	7	3	0
STXBP3	7	3	0
SUMO1	7	3	0
SUPT4H1	7	3	0
SUPT5H	7	3	0
SYCP2	7	3	0
SYCP3	7	3	0
SYNJ2	7	3	0
SYT1	7	3	0
TAB1	7	3	0
TAB2	7	3	0
TARBP2	7	3	0
TAS1R1	7	3	0
TBK1	7	3	0
TBX5	7	3	0
TBXT	7	3	0
TCF3	7	3	0
TEAD2	7	3	0
TEK	7	3	0
TERT	7	3	0
TEX10	7	3	0
TFAP2B	7	3	0
TFDP1	7	3	0
TGIF1	7	3	0
THBS4	7	3	0
TIMELESS	7	3	0
TIMP2	7	3	0
TIPIN	7	3	0
TJP1	7	3	0
TKFC	7	3	0
TLE2	7	3	0
TLL2	7	3	0
TLR10	7	3	0
TLR5	7	3	0
TLR7	7	3	0
TMEM177	7	3	0
TMEM258	7	3	0
TNFRSF10B	7	3	0
TNFRSF10D	7	3	0
TNFRSF13B	7	3	0
TNFRSF13C	7	3	0
TNFRSF6B	7	3	0
TNFSF10	7	3	0
TNIP1	7	3	0
TNIP3	7	3	0
TNKS	7	3	0
TNKS2	7	3	0
TNNI2	7	3	0
TP53	7	3	0
TP53INP1	7	3	0
TP53RK	7	3	0
TPST1	7	3	0
TRAF2	7	3	0
TRAV29DV5	7	3	0
TRAV8-4	7	3	0
TRIM25	7	3	0
TRIM27	7	3	0
TRIM28	7	3	0
TRIP11	7	3	0
TRPC1	7	3	0
TRPC5	7	3	0
TRPC7	7	3	0
TSC1	7	3	0
TWIST2	7	3	0
TXNRD1	7	3	0
TYK2	7	3	0
UACA	7	3	0
UBB	7	3	0
UBD	7	3	0
UBE2T	7	3	0
UBL4A	7	3	0
UBN1	7	3	0
UBTF	7	3	0
ULK3	7	3	0
UNC5A	7	3	0
UNC5C	7	3	0
UNC93B1	7	3	0
UQCC2	7	3	0
UQCC3	7	3	0
USP11	7	3	0
USP12	7	3	0
USP24	7	3	0
USP30	7	3	0
USP7	7	3	1
UVRAG	7	3	0
VASP	7	3	0
VAV2	7	3	0
VAV3	7	3	0
VCL	7	3	0
VCPKMT	7	3	0
VEGFA	7	3	0
VIM	7	3	0
VLDLR	7	3	0
VPS29	7	3	0
VPS36	7	3	0
VPS37C	7	3	0
VPS53	7	3	0
VWF	7	3	0
WDR77	7	3	0
WDR82	7	3	0
WHAMM	7	3	0
WIPI2	7	3	0
WNT1	7	3	0
WNT3	7	3	0
WNT5A	7	3	0
XPA	7	3	0
XRCC5	7	3	0
YAP1	7	3	0
YBX1	7	3	0
YEATS4	7	3	0
ZC3H18	7	3	0
ZDHHC21	7	3	0
ZEB2	7	3	0
ZFP36	7	3	0
ZFP36L1	7	3	0
ZNF143	7	3	0
ZNF74	7	3	0
ZWILCH	7	3	0
ABCA1	7	4	0
ABCE1	7	4	0
ABHD17B	7	4	0
ABLIM3	7	4	0
ACAA1	7	4	0
ACAN	7	4	0
ACTN3	7	4	0
ACVR2A	7	4	0
ADAM19	7	4	0
ADAMTS4	7	4	0
ADAMTS5	7	4	0
ADCYAP1R1	7	4	0
ADD3	7	4	0
ADM	7	4	0
ADRB2	7	4	0
AGFG1	7	4	0
AGO3	7	4	0
AGPS	7	4	0
AHCYL1	7	4	0
AKAP8L	7	4	0
AKT1S1	7	4	0
ALB	7	4	0
ALYREF	7	4	0
AMN	7	4	0
AMOTL1	7	4	0
AMT	7	4	0
ANGPT2	7	4	0
ANGPT4	7	4	0
ANXA2	7	4	0
AP1B1	7	4	0
AP2A2	7	4	0
AP2S1	7	4	0
APC	7	4	0
APH1B	7	4	0
APIP	7	4	0
AR	7	4	0
ARHGAP26	7	4	0
ARHGAP35	7	4	0
ARHGAP39	7	4	0
ARHGDIB	7	4	0
ARHGEF1	7	4	0
ARHGEF11	7	4	0
ARID1A	7	4	0
ARMC8	7	4	0
ARNT2	7	4	0
ASF1A	7	4	0
ATF1	7	4	0
ATF7IP	7	4	0
ATG16L2	7	4	0
ATM	7	4	0
ATP1A4	7	4	0
ATP1B1	7	4	0
ATP1B4	7	4	0
ATR	7	4	0
ATRX	7	4	0
AXIN2	7	4	0
BAMBI	7	4	0
BANF1	7	4	0
BCL9	7	4	0
BDP1	7	4	0
BEX3	7	4	0
BICRAL	7	4	0
BIRC2	7	4	0
BLNK	7	4	0
BMF	7	4	0
BMP2	7	4	0
BMX	7	4	0
BORA	7	4	0
BRCA1	7	4	0
BRCC3	7	4	0
BRD7	7	4	0
BRF1	7	4	0
BRWD1	7	4	0
BSG	7	4	0
BTN2A1	7	4	0
C1QC	7	4	0
C1R	7	4	0
C1S	7	4	0
C3	7	4	0
C4BPA	7	4	0
C5AR2	7	4	0
C9	7	4	0
CAB39	7	4	0
CABLES1	7	4	0
CACNA1G	7	4	0
CACNA2D2	7	4	0
CACNB1	7	4	0
CACNB4	7	4	0
CACNG4	7	4	0
CACNG7	7	4	0
CADM2	7	4	0
CAMKK1	7	4	0
CAMKMT	7	4	0
CAPNS1	7	4	0
CAPNS2	7	4	0
CAPZA3	7	4	0
CARM1	7	4	0
CASK	7	4	0
CASP14	7	4	0
CASP2	7	4	0
CASP4	7	4	0
CAST	7	4	0
CBLIF	7	4	0
CBY1	7	4	0
CCL16	7	4	0
CCL5	7	4	0
CCNA2	7	4	0
CCNB2	7	4	0
CCNE2	7	4	0
CCR3	7	4	0
CCR5	7	4	0
CD226	7	4	0
CD8B	7	4	0
CDC42EP3	7	4	0
CDC7	7	4	0
CDCA5	7	4	0
CDH11	7	4	0
CDH8	7	4	0
CDK4	7	4	0
CDK5	7	4	0
CDK5R1	7	4	0
CDK6	7	4	0
CDKN2A	7	4	0
CDKN2B	7	4	0
CDSN	7	4	0
CEBPA	7	4	0
CFP	7	4	0
CHD1	7	4	0
CHL1	7	4	0
CHML	7	4	0
CHRM2	7	4	0
CLCF1	7	4	0
CLNS1A	7	4	0
CMA1	7	4	0
CNGA1	7	4	0
COL1A2	7	4	0
COLEC11	7	4	0
COP1	7	4	0
COPE	7	4	0
COPZ1	7	4	0
CPAP	7	4	0
CPSF6	7	4	0
CREB3L1	7	4	0
CRKL	7	4	0
CSF1	7	4	0
CSF2RB	7	4	0
CSH1	7	4	0
CSK	7	4	0
CSNK2A2	7	4	0
CSNK2A3	7	4	0
CSTF2	7	4	0
CTCF	7	4	0
CTDP1	7	4	0
CTSL	7	4	0
CTSZ	7	4	0
CUL3	7	4	0
CUL5	7	4	0
CXCL12	7	4	0
CXXC1	7	4	0
CYC1	7	4	0
CYLD	7	4	0
CYSLTR1	7	4	0
CYTH2	7	4	0
DAAM1	7	4	0
DACT1	7	4	0
DAD1	7	4	0
DAPK1	7	4	0
DAPP1	7	4	0
DAXX	7	4	0
DCC	7	4	0
DCLRE1C	7	4	0
DCTN1	7	4	0
DCTN2	7	4	0
DCTN5	7	4	0
DCTN6	7	4	0
DCX	7	4	0
DENND3	7	4	0
DENND4A	7	4	0
DENND5B	7	4	0
DERL2	7	4	0
DFFA	7	4	0
DHTKD1	7	4	0
DIABLO	7	4	0
DLAT	7	4	0
DLC1	7	4	0
DLG1	7	4	0
DLL1	7	4	0
DMC1	7	4	0
DMD	7	4	0
DNAJC2	7	4	0
DNAJC3	7	4	0
DNAL4	7	4	0
DNMT3L	7	4	0
DOCK2	7	4	0
DOK1	7	4	0
DPF1	7	4	0
DPF2	7	4	0
DPH1	7	4	0
DPPA3	7	4	0
DRAP1	7	4	0
DSG3	7	4	0
DSP	7	4	1
DTL	7	4	0
DUSP5	7	4	0
DYNLL1	7	4	0
DYSF	7	4	0
EFNB3	7	4	0
EGFR	7	4	0
EGLN3	7	4	0
EGR1	7	4	0
EGR2	7	4	0
EHMT1	7	4	0
EIF1AX	7	4	0
EIF4A3	7	4	0
EIF4B	7	4	0
EIF4E	7	4	0
EIF4E2	7	4	0
EIF4E3	7	4	0
ELF3	7	4	0
ELK1	7	4	0
EME1	7	4	0
EPAS1	7	4	0
EPN2	7	4	0
EPRS1	7	4	0
ERBB2	7	4	0
ERCC5	7	4	0
ERF	7	4	0
ETV6	7	4	0
EYA1	7	4	0
F13B	7	4	0
F2R	7	4	0
FABP5	7	4	0
FBXL21P	7	4	0
FBXL5	7	4	0
FCER1A	7	4	0
FCGR1A	7	4	0
FDXR	7	4	0
FGB	7	4	0
FGFBP1	7	4	0
FGFR4	7	4	0
FIRRM	7	4	0
FLOT2	7	4	0
FLRT2	7	4	0
FMNL1	7	4	0
FMNL2	7	4	0
FNTA	7	4	0
FNTB	7	4	0
FOXO1	7	4	0
FZD3	7	4	0
FZD7	7	4	0
GAB1	7	4	0
GABBR2	7	4	0
GABRG2	7	4	0
GABRG3	7	4	0
GADD45A	7	4	0
GALNT2	7	4	0
GAS1	7	4	0
GAS2	7	4	0
GCGR	7	4	0
GDI1	7	4	0
GH1	7	4	0
GHRL	7	4	0
GIPC1	7	4	0
GIT1	7	4	0
GLRA2	7	4	0
GLRB	7	4	0
GNAL	7	4	0
GNB1	7	4	0
GNB3	7	4	0
GOLGA7	7	4	0
GP1BA	7	4	0
GP1BB	7	4	0
GRIA3	7	4	0
GRIA4	7	4	0
GRIK1	7	4	0
GRIK5	7	4	0
GRIN3B	7	4	0
GRK1	7	4	0
GRK3	7	4	0
GTF2F1	7	4	0
GTSE1	7	4	0
GYS2	7	4	0
H1-0	7	4	0
H1-8	7	4	0
HDAC2	7	4	0
HES1	7	4	0
HGFAC	7	4	0
HHAT	7	4	0
HIRA	7	4	0
HJV	7	4	0
HLA-C	7	4	1
HLA-DMB	7	4	0
HLA-DRA	7	4	0
HLA-E	7	4	0
HMGA2	7	4	0
HNRNPA1	7	4	0
HPSE	7	4	0
HPX	7	4	0
HSD17B4	7	4	0
HSF1	7	4	0
HSPA5	7	4	0
HSPA8	7	4	0
HSPG2	7	4	0
HTRA1	7	4	0
ICAM1	7	4	0
IDH2	7	4	0
IFI44	7	4	0
IFNG	7	4	0
IFNL3	7	4	0
IGF1	7	4	0
IGF2	7	4	0
IGFBP2	7	4	0
IGFBP6	7	4	0
IGHA1	7	4	0
IGHG2	7	4	0
IGHG4	7	4	0
IGLL1	7	4	0
IKZF1	7	4	0
IL10RA	7	4	0
IL10RB	7	4	0
IL12A	7	4	0
IL12B	7	4	0
IL12RB2	7	4	0
IL18R1	7	4	0
IL1R1	7	4	0
IL1RAPL1	7	4	0
IL1RAPL2	7	4	0
IL1RN	7	4	0
IL23R	7	4	0
IL2RA	7	4	0
IL2RG	7	4	0
IL3	7	4	0
IL31	7	4	0
IL5	7	4	0
IL5RA	7	4	0
IL9	7	4	0
IL9R	7	4	0
INHBA	7	4	0
INHBB	7	4	0
INSIG2	7	4	0
IPO8	7	4	0
IRAG1	7	4	0
IRAK1	7	4	0
IRAK4	7	4	0
IRF4	7	4	0
IRF7	7	4	0
ITGA5	7	4	0
ITGAE	7	4	0
ITGAL	7	4	0
ITGB8	7	4	0
ITK	7	4	0
ITSN1	7	4	0
JAK1	7	4	0
JAM3	7	4	0
KALRN	7	4	0
KAT2B	7	4	0
KCNJ16	7	4	0
KCNJ3	7	4	0
KCNMA1	7	4	0
KDM1A	7	4	0
KDM4C	7	4	0
KDM6A	7	4	0
KICS2	7	4	0
KIF17	7	4	0
KIF20A	7	4	0
KIF22	7	4	0
KIR2DL1	7	4	0
KIR2DS2	7	4	0
KIT	7	4	0
KITLG	7	4	0
KLC1	7	4	0
KLHL12	7	4	0
KLKB1	7	4	0
KLRD1	7	4	0
KLRK1	7	4	0
KMT5A	7	4	0
KNL1	7	4	1
KNTC1	7	4	0
KPNA1	7	4	0
KRAS	7	4	0
KREMEN2	7	4	0
KRT27	7	4	0
KRT5	7	4	0
L3MBTL1	7	4	0
LAMA1	7	4	0
LARGE1	7	4	0
LAT	7	4	0
LCK	7	4	0
LEP	7	4	0
LGI3	7	4	0
LGR6	7	4	0
LHX4	7	4	0
LIFR	7	4	0
LIG1	7	4	0
LIG3	7	4	0
LIMS1	7	4	0
LIPE	7	4	0
LMNB1	7	4	0
LNPEP	7	4	0
LPL	7	4	0
LRFN4	7	4	0
LRP5	7	4	0
LRP8	7	4	0
LRRK2	7	4	0
LTBP3	7	4	0
LTBP4	7	4	0
LTK	7	4	0
LUM	7	4	0
LYVE1	7	4	0
MAEA	7	4	0
MAFB	7	4	0
MAGOHB	7	4	0
MAP1LC3B	7	4	0
MAP2K1	7	4	0
MAP2K2	7	4	0
MAP2K4	7	4	0
MAP2K7	7	4	0
MAP3K14	7	4	0
MAP3K7	7	4	0
MAPK1	7	4	0
MAPK10	7	4	0
MAPK11	7	4	0
MAPK12	7	4	0
MAPK6	7	4	0
MAPK7	7	4	0
MAPKAPK2	7	4	0
MAPT	7	4	0
MARCKS	7	4	0
MAS1	7	4	0
MAX	7	4	0
MBD2	7	4	0
MBTPS1	7	4	0
MCM6	7	4	0
MCM7	7	4	1
MCM8	7	4	0
MDM2	7	4	0
MEF2A	7	4	0
MEF2C	7	4	0
MEMO1	7	4	0
MEN1	7	4	0
MFAP5	7	4	0
MFN2	7	4	0
MIS18A	7	4	0
MLKL	7	4	0
MME	7	4	0
MMP11	7	4	0
MMP12	7	4	0
MMP3	7	4	0
MPST	7	4	0
MSGN1	7	4	0
MSH2	7	4	0
MSRB1	7	4	0
MST1R	7	4	0
MTA2	7	4	0
MTF2	7	4	0
MTREX	7	4	0
MTRFR	7	4	0
MTTP	7	4	0
MUC20	7	4	0
MYO5A	7	4	0
MYO5B	7	4	0
MYRIP	7	4	0
NAB1	7	4	0
NAE1	7	4	0
NCBP1	7	4	0
NCR2	7	4	0
NECTIN1	7	4	0
NEDD4L	7	4	0
NEIL1	7	4	0
NEIL3	7	4	0
NELL2	7	4	0
NF1	7	4	0
NF2	7	4	0
NFYC	7	4	0
NGFR	7	4	0
NHEJ1	7	4	0
NMT2	7	4	0
NOD2	7	4	0
NOTCH2NLB	7	4	0
NOTCH4	7	4	0
NOXO1	7	4	0
NPHP4	7	4	0
NPNT	7	4	0
NPTN	7	4	0
NR1H2	7	4	0
NR3C1	7	4	0
NR5A1	7	4	0
NRCAM	7	4	0
NRF1	7	4	0
NRXN1	7	4	0
NUF2	7	4	0
OBSL1	7	4	0
OMA1	7	4	0
OMG	7	4	0
OPN1SW	7	4	0
OSTC	7	4	0
OTUD3	7	4	0
P4HA1	7	4	0
P4HB	7	4	0
PABPC1	7	4	0
PACS1	7	4	0
PAK1	7	4	0
PAK5	7	4	0
PAK6	7	4	0
PALB2	7	4	0
PARG	7	4	0
PARN	7	4	0
PARP1	7	4	0
PCNA	7	4	0
PCSK7	7	4	0
PDCD1	7	4	0
PDCD6IP	7	4	0
PDE4B	7	4	0
PDE5A	7	4	0
PDE6B	7	4	0
PDGFB	7	4	0
PDGFC	7	4	0
PDGFRA	7	4	0
PDIA3	7	4	0
PDPK1	7	4	0
PDPN	7	4	0
PEBP1	7	4	0
PELP1	7	4	0
PER1	7	4	0
PER2	7	4	0
PEX10	7	4	0
PEX13	7	4	0
PEX26	7	4	0
PEX7	7	4	0
PHKG1	7	4	0
PHLPP1	7	4	0
PIDD1	7	4	0
PIK3CD	7	4	0
PITPNA	7	4	0
PKP1	7	4	0
PLA2G7	7	4	0
PLCB2	7	4	0
PLCB3	7	4	0
PLCG1	7	4	0
PLCG2	7	4	0
PLEKHA3	7	4	0
PLXNA3	7	4	0
PNN	7	4	0
POLA1	7	4	0
POLD4	7	4	0
POLE3	7	4	0
POLM	7	4	0
POLRMT	7	4	0
POMGNT1	7	4	0
POU4F2	7	4	0
PPFIBP1	7	4	0
PPM1D	7	4	0
PPM1F	7	4	0
PPM1K	7	4	0
PPP1CA	7	4	0
PPP2R2A	7	4	0
PPP2R5B	7	4	0
PPP2R5C	7	4	0
PPP4R2	7	4	0
PPP5C	7	4	0
PRKACB	7	4	0
PRKAG2	7	4	0
PRKAR2A	7	4	0
PRKAR2B	7	4	0
PRKCD	7	4	0
PRKCZ	7	4	0
PRKG2	7	4	0
PRKRA	7	4	0
PRLR	7	4	0
PRMT5	7	4	0
PROC	7	4	0
PRSS3	7	4	0
PSG1	7	4	0
PSIP1	7	4	0
PTPN3	7	4	1
PTPN7	7	4	0
PTS	7	4	0
PWWP2B	7	4	0
PYCARD	7	4	0
PYGB	7	4	0
RAB10	7	4	0
RAB12	7	4	0
RAB32	7	4	0
RAB5C	7	4	0
RACK1	7	4	0
RAD18	7	4	0
RAD51D	7	4	0
RAD9A	7	4	0
RAMP2	7	4	0
RANBP2	7	4	0
RAPGEF1	7	4	0
RARB	7	4	0
RARG	7	4	0
RASGRP1	7	4	0
RBBP7	7	4	0
REV1	7	4	0
RGL1	7	4	0
RGMA	7	4	0
RGS7	7	4	0
RHOBTB1	7	4	0
RHOG	7	4	0
RILP	7	4	0
RING1	7	4	0
RIPPLY2	7	4	0
RMI1	7	4	0
RNF41	7	4	0
RNPS1	7	4	0
ROBO3	7	4	0
RORC	7	4	0
RPA4	7	4	0
RPGRIP1L	7	4	0
RRN3	7	4	0
RRP8	7	4	0
RSPO2	7	4	0
RSU1	7	4	0
RUNX1	7	4	0
RXRA	7	4	0
RYBP	7	4	0
RYK	7	4	0
S100A9	7	4	0
SBF2	7	4	0
SEC22B	7	4	0
SEC23A	7	4	0
SEC24B	7	4	0
SELE	7	4	0
SELL	7	4	0
SENP2	7	4	0
SENP8	7	4	0
SERPINB13	7	4	0
SERPINC1	7	4	0
SERPINE2	7	4	0
SETD6	7	4	0
SFTA3	7	4	0
SGCA	7	4	0
SGCD	7	4	0
SGK3	7	4	0
SGO1	7	4	0
SHB	7	4	0
SHC1	7	4	0
SIAH1	7	4	0
SIGLEC14	7	4	0
SIGLEC15	7	4	0
SIKE1	7	4	0
SKP1	7	4	0
SLA2	7	4	0
SLC25A4	7	4	0
SLC38A9	7	4	0
SLIT2	7	4	0
SMAD4	7	4	0
SMAD6	7	4	0
SMARCA5	7	4	0
SMARCC2	7	4	0
SNTA1	7	4	0
SNTB1	7	4	0
SNX3	7	4	0
SOCS3	7	4	0
SOCS5	7	4	0
SOS1	7	4	0
SOX10	7	4	0
SOX17	7	4	0
SP100	7	4	0
SPHK1	7	4	0
SPINK9	7	4	0
SQSTM1	7	4	0
SRC	7	4	0
SRRT	7	4	0
SS18L1	7	4	0
SSRP1	7	4	0
ST14	7	4	0
STAMBP	7	4	0
STAT2	7	4	0
STIP1	7	4	0
STN1	7	4	0
STON2	7	4	0
STT3B	7	4	0
STX10	7	4	0
STX18	7	4	0
SUGT1	7	4	0
SUMO2	7	4	0
SUV39H1	7	4	0
SYT2	7	4	0
TAB3	7	4	0
TAF1	7	4	0
TASL	7	4	0
TASOR	7	4	0
TAX1BP1	7	4	0
TBC1D1	7	4	0
TBC1D10A	7	4	0
TBC1D17	7	4	0
TBL1X	7	4	0
TBL1XR1	7	4	0
TBX21	7	4	0
TCF7	7	4	0
TEAD1	7	4	0
TEAD4	7	4	0
TEN1	7	4	0
TENT4B	7	4	0
TFAP2A	7	4	0
TFAP2C	7	4	0
TFEB	7	4	0
TFG	7	4	0
TGFB2	7	4	0
TGFBR2	7	4	0
TGFBR3	7	4	0
TGIF2	7	4	0
THBS3	7	4	0
THEM4	7	4	0
TIAM1	7	4	0
TICAM2	7	4	0
TIMP1	7	4	0
TJP2	7	4	0
TLR1	7	4	0
TNFRSF11B	7	4	0
TNFRSF17	7	4	0
TNFSF11	7	4	0
TNFSF12	7	4	0
TNFSF13	7	4	0
TNIP2	7	4	0
TNNI3	7	4	0
TNR	7	4	0
TNRC6A	7	4	0
TNRC6C	7	4	0
TNS3	7	4	0
TOP1	7	4	0
TOP2A	7	4	0
TOP2B	7	4	0
TOP3A	7	4	0
TP53BP2	7	4	0
TP63	7	4	0
TPX2	7	4	0
TRADD	7	4	0
TRAT1	7	4	0
TRIB3	7	4	0
TRIM32	7	4	0
TSFM	7	4	0
TSN	7	4	0
TSPO	7	4	0
TUFM	7	4	0
TXLNA	7	4	0
TXN2	7	4	0
UBAP1	7	4	0
UBE2D1	7	4	0
UBE2D3	7	4	0
UBE2V1	7	4	0
UBXN7	7	4	0
UHMK1	7	4	0
UHRF1	7	4	0
UQCR11	7	4	0
USP15	7	4	0
USP37	7	4	0
USP4	7	4	0
USP43	7	4	0
UVSSA	7	4	0
VAMP3	7	4	0
VAMP4	7	4	0
VCPIP1	7	4	0
VEGFB	7	4	0
VPS25	7	4	0
VPS28	7	4	0
VRK3	7	4	0
WAPL	7	4	0
WDR18	7	4	0
WEE1	7	4	0
WIPF1	7	4	0
WIPF3	7	4	0
WLS	7	4	0
WNT3A	7	4	0
WT1	7	4	0
WWC1	7	4	0
WWOX	7	4	0
WWP1	7	4	0
WWP2	7	4	0
XPC	7	4	0
XPO1	7	4	0
XRCC2	7	4	0
YOD1	7	4	0
ZBTB35	7	4	0
ZCCHC7	7	4	0
ZDHHC2	7	4	0
ZEB1	7	4	0
ZFAND6	7	4	0
ZFHX3	7	4	0
ZFPM2	7	4	0
ZMYM2	7	4	0
ZNF423	7	4	0
ZNF45	7	4	0
ZNF592	7	4	0
ZNF827	7	4	0
ZRANB1	7	4	0
ZWINT	7	4	0
ABHD17C	8	0	0
ABL2	8	0	0
ACAA1	8	0	0
ACBD3	8	0	0
ACE2	8	0	0
ACTC1	8	0	0
ACTN3	8	0	0
ACTR10	8	0	0
ADAM19	8	0	0
ADAM2	8	0	0
ADCY3	8	0	0
ADCY8	8	0	0
ADD2	8	0	0
ADM	8	0	0
ADRA2B	8	0	0
ADRA2C	8	0	0
AEBP2	8	0	0
AGFG1	8	0	0
AGL	8	0	0
AGO4	8	0	0
AHR	8	0	0
AKAP8L	8	0	0
AMBP	8	0	0
ANGPT1	8	0	0
ANGPTL4	8	0	0
ANK2	8	0	0
ANK3	8	0	0
ANKLE2	8	0	0
ANOS1	8	0	0
ANPEP	8	0	0
ANXA1	8	0	0
AP1B1	8	0	0
AP1S1	8	0	0
AP1S2	8	0	0
AP1S3	8	0	0
APAF1	8	0	0
APBA3	8	0	0
APBB1	8	0	0
APH1B	8	0	0
APOA1	8	0	0
APOC1	8	0	0
APOC4	8	0	0
APPL1	8	0	0
ARAF	8	0	0
ARC	8	0	0
ARF4	8	0	0
ARHGAP10	8	0	0
ARHGEF11	8	0	0
ARHGEF28	8	0	0
ARHGEF7	8	0	0
ARL13B	8	0	0
ARL2BP	8	0	0
ARSA	8	0	0
ASAP1	8	0	0
ATG3	8	0	0
ATM	8	0	0
ATP1A4	8	0	0
ATP1B4	8	0	0
AVPR1A	8	0	0
AXIN1	8	0	0
B3GNT3	8	0	0
B4GAT1	8	0	0
BACE1	8	0	0
BAD	8	0	0
BAK1	8	0	0
BANF1	8	0	0
BARD1	8	0	0
BAX	8	0	0
BCKDHA	8	0	0
BCL6	8	0	0
BCL9L	8	0	0
BCR	8	0	0
BDKRB2	8	0	0
BEGAIN	8	0	0
BET1L	8	0	0
BICD1	8	0	0
BICRA	8	0	0
BIRC3	8	0	0
BLK	8	0	0
BLM	8	0	0
BNIP2	8	0	0
BRCA1	8	0	0
BRCC3	8	0	0
BRIP1	8	0	0
BTN2A1	8	0	0
BUB1B	8	0	0
C2CD5	8	0	0
C5AR1	8	0	0
C9	8	0	0
CACNA1I	8	0	0
CACNG4	8	0	0
CADM1	8	0	0
CALM3	8	0	0
CAMK1	8	0	0
CAMK2B	8	0	0
CAP1	8	0	0
CASC3	8	0	0
CASP8AP2	8	0	0
CASTOR1	8	0	0
CBX1	8	0	0
CBX5	8	0	0
CCDC59	8	0	0
CCL16	8	0	0
CCNC	8	0	0
CCNE1	8	0	0
CCNE2	8	0	0
CCNT2	8	0	0
CCR5	8	0	0
CD19	8	0	0
CD1D	8	0	0
CD24	8	0	0
CD2AP	8	0	0
CD300E	8	0	0
CD300LB	8	0	0
CD36	8	0	0
CD40LG	8	0	0
CD46	8	0	0
CD55	8	0	0
CDC25B	8	0	0
CDC37	8	0	0
CDC42	8	0	0
CDH19	8	0	0
CDK2	8	0	0
CDK6	8	0	0
CDK7	8	0	0
CDK8	8	0	0
CDK9	8	0	0
CDKN2A	8	0	0
CER1	8	0	0
CFHR2	8	0	0
CFLAR	8	0	0
CFP	8	0	0
CHRM2	8	0	0
CIPC	8	0	0
CITED2	8	0	0
CKS1B	8	0	0
CLASP1	8	0	0
CLEC4D	8	0	0
CLEC6A	8	0	0
CLVS2	8	0	0
CNTN2	8	0	0
CNTN6	8	0	0
COL1A2	8	0	0
COL3A1	8	0	0
COMP	8	0	0
COPA	8	0	0
COPB2	8	0	0
COPE	8	0	0
COPZ1	8	0	0
CPA3	8	0	0
CRABP2	8	0	0
CREB3L1	8	0	0
CRKL	8	0	0
CRLF2	8	0	0
CRTAM	8	0	0
CSH1	8	0	0
CSNK2A1	8	0	0
CSTF1	8	0	0
CTDNEP1	8	0	0
CTRB1	8	0	0
CTSA	8	0	0
CTSL	8	0	0
CUL4B	8	0	0
CXCR4	8	0	0
CYB5R2	8	0	0
CYB5R4	8	0	0
CYB5RL	8	0	0
CYBB	8	0	0
CYTH1	8	0	0
CYTH3	8	0	0
DAAM1	8	0	0
DAB1	8	0	0
DAB2	8	0	0
DACT1	8	0	0
DBT	8	0	0
DCAF8L1	8	0	0
DCN	8	0	0
DCTN3	8	0	0
DCX	8	0	0
DEFA3	8	0	0
DELE1	8	0	0
DENND4C	8	0	0
DENND5A	8	0	0
DENND6A	8	0	0
DHX9	8	0	0
DIABLO	8	0	0
DISP2	8	0	0
DLAT	8	0	0
DLC1	8	0	0
DLG1	8	0	0
DLG2	8	0	0
DLGAP4	8	0	0
DNAJA1	8	0	0
DNAJC2	8	0	0
DNMT3A	8	0	0
DNMT3L	8	0	0
DOCK1	8	0	0
DOCK2	8	0	0
DOCK9	8	0	0
DPH5	8	0	0
DPP4	8	0	0
DPPA2	8	0	0
DROSHA	8	0	0
DSG2	8	0	0
DSG3	8	0	0
DSPP	8	0	0
DST	8	0	0
DTNB	8	0	0
DUSP6	8	0	0
DVL3	8	0	0
EBI3	8	0	0
EED	8	0	0
EEF1A1	8	0	0
EEF2	8	0	0
EFNB2	8	0	0
EFNB3	8	0	0
EGF	8	0	0
EGFR	8	0	0
EHMT2	8	0	0
EIF2AK4	8	0	0
EIF4E	8	0	0
ELANE	8	0	0
ELMO1	8	0	0
ELOA2	8	0	0
EML4	8	0	0
EPB41L2	8	0	0
EPM2A	8	0	0
EPOR	8	0	0
EPRS1	8	0	0
ERBB2	8	0	0
ERBB4	8	0	0
EREG	8	0	0
ERN1	8	0	0
ESCO2	8	0	0
EYA1	8	0	0
EYA3	8	0	0
F10	8	0	0
F2	8	0	0
F7	8	0	0
F8	8	0	0
FABP4	8	0	0
FARP2	8	0	0
FAS	8	0	0
FASLG	8	0	0
FBLN2	8	0	1
FBLN5	8	0	0
FBN2	8	0	0
FBXL21P	8	0	0
FBXW7	8	0	0
FCER1A	8	0	0
FCN1	8	0	0
FER	8	0	0
FGB	8	0	0
FGF10	8	0	0
FGF2	8	0	0
FGFR1	8	0	0
FGFR2	8	0	0
FKBP5	8	0	0
FKBPL	8	0	0
FLNB	8	0	0
FLT3LG	8	0	0
FNTB	8	0	0
FOS	8	0	0
FOXG1	8	0	0
FOXH1	8	0	0
FOXK1	8	0	0
FOXM1	8	0	0
FOXO3	8	0	0
FRAT2	8	0	0
FZD4	8	0	0
FZD7	8	0	0
GAB2	8	0	0
GABARAPL2	8	0	0
GABBR2	8	0	0
GABRB2	8	0	0
GALNT3	8	0	0
GBE1	8	0	0
GCG	8	0	0
GEN1	8	0	0
GGCX	8	0	0
GID4	8	0	0
GLDC	8	0	0
GLP1R	8	0	0
GLRA1	8	0	0
GNA12	8	0	0
GNB1	8	0	0
GNB3	8	0	0
GOLGA5	8	0	0
GPIHBP1	8	0	0
GPR37	8	0	0
GPR37L1	8	0	0
GPX7	8	0	0
GPX8	8	0	0
GRB2	8	0	0
GRB7	8	0	0
GRIN3B	8	0	0
GRK1	8	0	0
GRK7	8	0	0
GRM5	8	0	0
GTF2A1	8	0	0
GTF2A2	8	0	0
GTF2F1	8	0	0
HCCS	8	0	0
HCFC1	8	0	0
HDAC1	8	0	0
HDAC4	8	0	1
HES7	8	0	0
HHAT	8	0	0
HLA-A	8	0	0
HMGA2	8	0	0
HMGB1	8	0	0
HNRNPU	8	0	0
HOMER2	8	0	0
HOXD11	8	0	0
HP	8	0	0
HPN	8	0	0
HPSE	8	0	0
HSPA1B	8	0	0
HSPA5	8	0	0
HTT	8	0	0
HYAL2	8	0	0
ICAM3	8	0	0
IER3	8	0	0
IFI27	8	0	0
IFITM1	8	0	0
IFNL1	8	0	0
IFNL2	8	0	0
IFNL3	8	0	0
IGFALS	8	0	0
IGFBP3	8	0	0
IGHE	8	0	0
IGHG4	8	0	0
IKBIP	8	0	0
IL12RB1	8	0	0
IL12RB2	8	0	0
IL1A	8	0	0
IL20	8	0	0
IL20RA	8	0	0
IL20RB	8	0	0
IL21	8	0	0
IL21R	8	0	0
IL2RA	8	0	0
IL31	8	0	0
IL34	8	0	0
IL36A	8	0	0
ILK	8	0	0
ING4	8	0	0
INHA	8	0	0
INSR	8	0	0
IRAK1	8	0	0
IRF5	8	0	0
IRS4	8	0	0
ITFG2	8	0	0
ITGA11	8	0	0
ITGB2	8	0	0
ITGB5	8	0	0
ITGB6	8	0	0
ITPKB	8	0	0
IZUMO1	8	0	0
JAG2	8	0	0
KAT2B	8	0	0
KAT5	8	0	0
KAT6A	8	0	0
KCNMB1	8	0	0
KCNMB4	8	0	0
KCNQ3	8	0	0
KDR	8	0	0
KEAP1	8	0	0
KHDRBS1	8	0	0
KICS2	8	0	0
KIF20A	8	0	0
KIF22	8	0	0
KIF3A	8	0	0
KIR2DS4	8	0	0
KIR3DL1	8	0	0
KIRREL1	8	0	0
KIRREL2	8	0	0
KLHL12	8	0	0
KLK12	8	0	0
KLK5	8	0	0
KMT2A	8	0	0
KNL1	8	0	1
KPNA2	8	0	0
KPTN	8	0	0
KRT14	8	0	0
KRT25	8	0	0
KTN1	8	0	0
L1CAM	8	0	0
LALBA	8	0	0
LAMC1	8	0	0
LAMTOR2	8	0	0
LGI1	8	0	0
LIF	8	0	0
LIG4	8	0	0
LIN7A	8	0	0
LNPEP	8	0	0
LOXL1	8	0	0
LRFN4	8	0	0
LRP4	8	0	0
LRP5	8	0	0
LRRC41	8	0	0
LRRK2	8	0	0
LTA	8	0	0
LTBP1	8	0	0
LY96	8	0	0
LYL1	8	0	0
LYPLA1	8	0	0
LYVE1	8	0	0
MAD1L1	8	0	0
MADCAM1	8	0	0
MAEA	8	0	0
MAFG	8	0	0
MAFK	8	0	0
MAP2K3	8	0	0
MAP2K7	8	0	0
MAP3K1	8	0	0
MAPK11	8	0	0
MAPK4	8	0	0
MAPK6	8	0	0
MAPK9	8	0	0
MAPKAPK2	8	0	0
MAPRE1	8	0	0
MBD3L1	8	0	0
MBL2	8	0	0
MBTPS1	8	0	0
MC3R	8	0	0
MCM6	8	0	0
MCRIP1	8	0	0
MDM4	8	0	0
MEMO1	8	0	0
METAP1	8	0	0
METAP2	8	0	0
METTL14	8	0	0
MFN2	8	0	0
MIF	8	0	0
MITF	8	0	0
MLEC	8	0	0
MLH1	8	0	0
MLX	8	0	0
MMP11	8	0	0
MMP13	8	0	0
MMP15	8	0	0
MOB1A	8	0	0
MORC2	8	0	0
MPHOSPH6	8	0	0
MRE11	8	0	0
MRTFA	8	0	0
MSH2	8	0	0
MSRA	8	0	0
MTA2	8	0	0
MTF2	8	0	0
MVB12A	8	0	0
MYC	8	0	0
MYF5	8	0	0
MYH9	8	0	0
MYL12B	8	0	0
MYO19	8	0	0
NAT8B	8	0	0
NBEA	8	0	0
NBN	8	0	0
NCAM1	8	0	0
NCBP1	8	0	0
NCF1	8	0	0
NCKIPSD	8	0	0
NEDD4	8	0	0
NEK2	8	0	0
NEK9	8	0	0
NELFE	8	0	0
NF1	8	0	0
NFATC1	8	0	0
NFATC2	8	0	0
NFE2	8	0	0
NFKB1	8	0	0
NFYA	8	0	0
NFYB	8	0	0
NGEF	8	0	0
NIPBL	8	0	0
NLK	8	0	0
NLRP4	8	0	0
NMT1	8	0	0
NMT2	8	0	0
NOTCH4	8	0	0
NOTUM	8	0	0
NOXO1	8	0	0
NPAS4	8	0	0
NPHP4	8	0	0
NPRL3	8	0	0
NPTN	8	0	0
NR1D1	8	0	0
NR1H2	8	0	0
NRTN	8	0	0
NTHL1	8	0	0
NTN4	8	0	0
NTRK2	8	0	0
NXT1	8	0	0
OBI1	8	0	0
OIP5	8	0	0
OPN1SW	8	0	0
ORAI1	8	0	0
ORC1	8	0	0
ORC4	8	0	0
ORC6	8	0	0
OTULIN	8	0	0
P4HA2	8	0	0
P4HA3	8	0	0
PACS1	8	0	0
PAG1	8	0	0
PAQR3	8	0	0
PARD6A	8	0	0
PARP1	8	0	0
PAX5	8	0	0
PAXIP1	8	0	0
PCGF2	8	0	0
PCSK2	8	0	0
PCSK9	8	0	0
PDCD6IP	8	0	0
PDCL	8	0	0
PDE6D	8	0	0
PDS5A	8	0	0
PELI2	8	0	0
PGAM5	8	0	0
PHKG1	8	0	0
PI4KB	8	0	0
PIAS4	8	0	0
PICALM	8	0	1
PIK3R3	8	0	0
PIK3R4	8	0	0
PIK3R5	8	0	0
PIP4K2A	8	0	0
PIP5K1B	8	0	0
PKN2	8	0	0
PLA2G7	8	0	0
PLCB1	8	0	0
PLCG1	8	0	0
PLEKHA8	8	0	0
PLIN1	8	0	0
PLXNC1	8	0	1
POLA1	8	0	0
POLA2	8	0	0
POLDIP3	8	0	0
PPARGC1A	8	0	0
PPFIBP1	8	0	0
PPIL2	8	0	0
PPM1A	8	0	0
PPM1K	8	0	0
PPP1CC	8	0	0
PPP1R12B	8	0	0
PPP1R13B	8	0	0
PPP2CB	8	0	0
PPP2R2D	8	0	0
PPP3CB	8	0	0
PRC1	8	0	0
PRDX2	8	0	0
PRDX5	8	0	0
PREB	8	0	0
PRKAA1	8	0	0
PRKACA	8	0	0
PRKAG3	8	0	0
PRKAR1B	8	0	0
PRKAR2B	8	0	0
PRKCA	8	0	0
PRKCQ	8	0	0
PRKG1	8	0	0
PRLR	8	0	0
PRM1	8	0	0
PRMT5	8	0	0
PRMT6	8	0	0
PRSS1	8	0	0
PSMD13	8	0	0
PSMD4	8	0	0
PSMD8	8	0	0
PTBP1	8	0	0
PTCH1	8	0	0
PTN	8	0	0
PTPRC	8	0	0
PTPRS	8	0	0
PTPRZ1	8	0	0
PXN	8	0	0
RAB11A	8	0	0
RAB4A	8	0	0
RAB5B	8	0	0
RAB8A	8	0	0
RABEP1	8	0	0
RAC1	8	0	0
RAD21	8	0	0
RAD51D	8	0	0
RAMP3	8	0	0
RANBP2	8	0	0
RANBP9	8	0	0
RANGAP1	8	0	0
RAP1GAP2	8	0	0
RASGRF1	8	0	0
RASGRF2	8	0	0
RBBP7	8	0	0
RBCK1	8	0	0
RBM14	8	0	0
RBM8A	8	0	0
RCHY1	8	0	0
RELN	8	0	0
RGL3	8	0	0
RHOA	8	0	0
RHPN2	8	0	0
RIMS1	8	0	0
RMND5A	8	0	0
RND1	8	0	0
RNF111	8	0	0
RNPS1	8	0	0
RPN1	8	0	0
RPS6KA5	8	0	0
RPS6KB1	8	0	0
RRAGD	8	0	0
RRAS	8	0	0
RRM1	8	0	0
RSF1	8	0	0
RSPO2	8	0	0
RUNX3	8	0	0
RUVBL1	8	0	0
S100A9	8	0	0
SACK1B	8	0	0
SATB2	8	0	0
SBF2	8	0	0
SCAP	8	0	0
SCUBE1	8	0	0
SCUBE3	8	0	0
SDCBP	8	0	0
SEC23A	8	0	0
SEC24A	8	0	0
SEC24B	8	0	0
SEC24C	8	0	0
SEC24D	8	0	0
SELP	8	0	0
SEM1	8	0	0
SEMA6A	8	0	0
SENP5	8	0	0
SERPINB13	8	0	0
SERPINB2	8	0	0
SERPIND1	8	0	0
SERPINE1	8	0	0
SGCG	8	0	0
SGK1	8	0	0
SGK3	8	0	0
SGO1	8	0	0
SH2B2	8	0	0
SH3PXD2A	8	0	0
SHC2	8	0	0
SHH	8	0	0
SIGLEC16	8	0	0
SKIL	8	0	0
SKP1	8	0	0
SLC9A1	8	0	0
SMAD2	8	0	0
SMAD4	8	0	0
SMAD7	8	0	0
SMARCB1	8	0	0
SMO	8	0	0
SMURF1	8	0	0
SNCA	8	0	0
SNW1	8	0	0
SOCS2	8	0	0
SOST	8	0	0
SOX17	8	0	0
SOX2	8	0	0
SOX9	8	0	0
SP7	8	0	0
SPATA2	8	0	0
SPIDR	8	0	0
SPP1	8	0	0
SPTBN1	8	0	0
SRPK1	8	0	0
SS18L1	8	0	0
STAMBP	8	0	0
STAP2	8	0	0
STAT5A	8	0	0
STX18	8	0	0
STX1A	8	0	0
STX5	8	0	0
STXBP1	8	0	0
SUMO3	8	0	0
SUPT16H	8	0	0
SYK	8	0	0
SYVN1	8	0	0
TAB2	8	0	0
TAP1	8	0	0
TAS1R3	8	0	0
TBC1D1	8	0	0
TBC1D25	8	0	0
TBK1	8	0	0
TBX21	8	0	0
TCF7L1	8	0	0
TCF7L2	8	0	0
TEC	8	0	0
TESK1	8	0	0
TFAP2B	8	0	0
TFAP2C	8	0	0
TFB2M	8	0	0
TFEB	8	0	0
TGFBR2	8	0	0
TGIF2	8	0	0
THEM4	8	0	0
TIMELESS	8	0	0
TIPIN	8	0	0
TJP2	8	0	0
TLE2	8	0	0
TLL1	8	0	0
TLR6	8	0	0
TLR9	8	0	0
TMED2	8	0	0
TNF	8	0	0
TNFRSF10D	8	0	0
TNFRSF13C	8	0	0
TNFSF12	8	0	0
TNFSF13	8	0	0
TNKS2	8	0	0
TNNC2	8	0	0
TNNI3	8	0	0
TNNT1	8	0	0
TNNT3	8	0	0
TNRC6A	8	0	0
TOMM20	8	0	0
TP53	8	0	0
TP53BP1	8	0	0
TP53INP1	8	0	0
TP53RK	8	0	0
TP73	8	0	0
TPST2	8	0	0
TRAF3	8	0	0
TRAV29DV5	8	0	0
TRAV8-4	8	0	0
TRBV7-9	8	0	0
TRIM27	8	0	0
TRPC1	8	0	0
TRPC6	8	0	0
TSC22D3	8	0	0
TSLP	8	0	0
TSNAX	8	0	0
TSPAN5	8	0	0
TSPO	8	0	0
TTC5	8	0	0
TUFM	8	0	0
TWNK	8	0	0
TXNRD1	8	0	0
TXNRD2	8	0	0
TYROBP	8	0	0
UBE2D3	8	0	0
UBE2I	8	0	0
UBE2T	8	0	0
UBN1	8	0	0
UIMC1	8	0	0
ULK1	8	0	0
UNC5C	8	0	0
UPF3B	8	0	0
UQCR10	8	0	0
UQCRB	8	0	0
USP1	8	0	0
USP14	8	0	0
USP19	8	0	0
USP2	8	0	0
USP30	8	0	0
USP37	8	0	0
USP47	8	0	0
VAMP3	8	0	0
VAMP7	8	0	0
VAMP8	8	0	0
VCPIP1	8	0	0
VDR	8	0	0
VEGFA	8	0	0
VHL	8	0	0
VPS25	8	0	0
VPS29	8	0	0
VPS37A	8	0	0
VRK1	8	0	0
VRK3	8	0	0
VTN	8	0	0
WAPL	8	0	0
WDR18	8	0	0
WIF1	8	0	0
WIPF3	8	0	0
WNT3A	8	0	0
XPO1	8	0	0
YAF2	8	0	0
YBX1	8	0	0
YEATS4	8	0	0
YOD1	8	0	0
YWHAB	8	0	0
ZBTB35	8	0	0
ZFHX3	8	0	0
ZFPM2	8	0	0
ZNF143	8	0	0
ZNF350	8	0	0
ZNF74	8	0	0
ZRANB1	8	0	0
A2M	8	1	0
ABRAXAS1	8	1	0
ABRAXAS2	8	1	0
ACAN	8	1	0
ACE	8	1	0
ACKR3	8	1	0
ACTA2	8	1	0
ACTG2	8	1	0
ACTL6B	8	1	0
ACTN4	8	1	0
ACTR1A	8	1	0
ACVR2B	8	1	0
ADAM23	8	1	0
ADAMTS13	8	1	0
ADAMTS5	8	1	0
ADCYAP1	8	1	0
ADCYAP1R1	8	1	0
ADD1	8	1	0
ADGRE5	8	1	0
ADRA1D	8	1	0
AFDN	8	1	1
AGER	8	1	0
AGO1	8	1	0
AIM2	8	1	0
AKAP10	8	1	0
AKAP5	8	1	0
AKT2	8	1	0
AKT3	8	1	0
ALK	8	1	0
ALOX5AP	8	1	0
ALPK1	8	1	0
AMOTL1	8	1	0
ANKRD27	8	1	0
ANKRD28	8	1	0
ANXA6	8	1	0
AP1M1	8	1	0
AP2S1	8	1	0
APBA1	8	1	0
APOB	8	1	0
APOC3	8	1	0
ARAP1	8	1	0
ARCN1	8	1	0
ARF3	8	1	0
ARHGAP1	8	1	0
ARHGDIA	8	1	0
ARHGEF6	8	1	0
ARID1A	8	1	0
ARMC8	8	1	0
ASXL1	8	1	0
ASXL2	8	1	0
ATF2	8	1	0
ATF6	8	1	0
ATG101	8	1	0
ATG9A	8	1	0
ATP1B3	8	1	0
ATP6AP2	8	1	0
ATP6V1H	8	1	0
ATRIP	8	1	0
AURKA	8	1	0
AVPR1B	8	1	0
B3GALNT2	8	1	0
BABAM1	8	1	0
BAP1	8	1	0
BAZ2A	8	1	0
BCHE	8	1	0
BCL2	8	1	0
BCL2L11	8	1	0
BCL9	8	1	0
BDNF	8	1	0
BEX3	8	1	0
BID	8	1	0
BMP1	8	1	0
BMPR1A	8	1	0
BOC	8	1	0
BOD1	8	1	0
BRD7	8	1	0
BTC	8	1	0
BTK	8	1	0
BUB3	8	1	0
C1QB	8	1	0
C1QBP	8	1	0
C2	8	1	0
C3	8	1	0
C4A	8	1	0
C4BPA	8	1	0
C4BPB	8	1	0
C8A	8	1	0
CAB39L	8	1	0
CACNA1E	8	1	0
CACNB3	8	1	0
CACNG2	8	1	0
CALCB	8	1	0
CALR	8	1	0
CAMK2D	8	1	0
CAMK4	8	1	0
CAMKMT	8	1	0
CARD11	8	1	0
CASP9	8	1	0
CBL	8	1	0
CCAR2	8	1	0
CCDC8	8	1	0
CCNG1	8	1	0
CCZ1	8	1	0
CD177	8	1	0
CD1C	8	1	0
CD209	8	1	0
CD226	8	1	0
CD274	8	1	1
CD320	8	1	0
CD3E	8	1	0
CD59	8	1	0
CD79A	8	1	0
CD80	8	1	0
CD81	8	1	0
CD8A	8	1	0
CD8B	8	1	0
CDC25A	8	1	0
CDC25C	8	1	0
CDC73	8	1	0
CDH15	8	1	0
CDK5	8	1	0
CDKN2D	8	1	0
CDON	8	1	0
CDT1	8	1	0
CEBPA	8	1	0
CEBPD	8	1	0
CENPA	8	1	0
CEP43	8	1	0
CHD1L	8	1	0
CHD4	8	1	0
CITED4	8	1	0
CKAP4	8	1	0
CLOCK	8	1	0
CLSPN	8	1	0
CNTF	8	1	0
CNTNAP1	8	1	0
COX20	8	1	0
CPSF6	8	1	0
CRADD	8	1	0
CREB3L2	8	1	0
CRP	8	1	0
CRY1	8	1	0
CRY2	8	1	0
CSF2RA	8	1	0
CSNK1D	8	1	0
CSNK1E	8	1	0
CSNK2B	8	1	0
CTBP1	8	1	0
CTCF	8	1	0
CTLA4	8	1	0
CTNNBIP1	8	1	0
CTNND1	8	1	0
CTSC	8	1	0
CTSG	8	1	0
CUBN	8	1	0
CUL5	8	1	0
CUL9	8	1	0
CXCL12	8	1	0
CYB5R1	8	1	0
CYBA	8	1	0
CYCS	8	1	0
CYTH2	8	1	0
DAPP1	8	1	0
DCTN6	8	1	0
DCUN1D1	8	1	0
DCUN1D3	8	1	0
DDIT3	8	1	0
DDOST	8	1	0
DEFA5	8	1	0
DHTKD1	8	1	0
DLG3	8	1	0
DLGAP1	8	1	0
DLL3	8	1	0
DLL4	8	1	0
DLST	8	1	0
DMPK	8	1	0
DNAJB6	8	1	0
DNAJC7	8	1	0
DNER	8	1	0
DNMT3B	8	1	0
DOCK6	8	1	0
DOCK8	8	1	0
DOK1	8	1	0
DPF1	8	1	0
DPF3	8	1	0
DPYSL2	8	1	0
DSCAML1	8	1	0
DSG1	8	1	0
DSP	8	1	1
DUS2	8	1	0
DUSP5	8	1	0
DVL1	8	1	0
DYNC1I1	8	1	0
DYNC1I2	8	1	0
E2F5	8	1	0
EBF2	8	1	0
EEF1AKMT1	8	1	0
EEF1B2	8	1	0
EGR1	8	1	0
EHMT1	8	1	0
EIF1AX	8	1	0
EIF2AK3	8	1	0
EIF2S1	8	1	0
EIF2S2	8	1	0
EIF2S3	8	1	0
EIF4E3	8	1	0
EIF4EBP1	8	1	0
EIF4G1	8	1	0
EIF4H	8	1	0
ELOC	8	1	0
EME2	8	1	0
EMILIN1	8	1	0
ENSA	8	1	0
EOMES	8	1	0
EPN1	8	1	0
EPO	8	1	0
ESAM	8	1	0
ESRRA	8	1	0
ETS2	8	1	0
ETV6	8	1	0
EXO1	8	1	0
EYA2	8	1	0
F12	8	1	0
F2RL1	8	1	0
F9	8	1	0
FBLIM1	8	1	0
FBN1	8	1	0
FBXL18	8	1	0
FBXW11	8	1	0
FCGR1A	8	1	0
FES	8	1	0
FGA	8	1	0
FGF19	8	1	0
FGFR3	8	1	0
FGFR4	8	1	0
FIGNL1	8	1	0
FILIP1	8	1	0
FLNC	8	1	0
FLRT3	8	1	0
FLT3	8	1	0
FMNL1	8	1	0
FN1	8	1	0
FOSB	8	1	0
FOXA1	8	1	0
FOXL2	8	1	0
FOXO1	8	1	0
FOXO4	8	1	0
FRAT1	8	1	0
FRK	8	1	0
FSTL3	8	1	0
FUNDC1	8	1	0
FZR1	8	1	0
GAA	8	1	0
GAPVD1	8	1	0
GAS1	8	1	0
GAS2	8	1	0
GAS6	8	1	0
GATAD2A	8	1	0
GATAD2B	8	1	0
GBA1	8	1	0
GBP6	8	1	0
GC	8	1	0
GDF1	8	1	0
GET4	8	1	0
GFRA1	8	1	0
GGA3	8	1	0
GHRL	8	1	0
GHSR	8	1	0
GINS2	8	1	0
GJA1	8	1	0
GLI2	8	1	0
GLRA2	8	1	0
GLUD1	8	1	0
GNA15	8	1	0
GNAI1	8	1	0
GNB2	8	1	0
GNG2	8	1	0
GOLGA2	8	1	0
GOSR1	8	1	0
GRB14	8	1	0
GRIA1	8	1	0
GRIK1	8	1	0
GRIK3	8	1	0
GRIK5	8	1	0
GRIN1	8	1	0
GRIN3A	8	1	0
GRK3	8	1	0
GRK5	8	1	0
GRM1	8	1	0
GSK3B	8	1	0
GTF2F2	8	1	0
GYS2	8	1	0
GZMB	8	1	0
H2BC18	8	1	0
HAND2	8	1	0
HDAC6	8	1	0
HECW1	8	1	0
HGFAC	8	1	0
HHIP	8	1	0
HIPK2	8	1	0
HLA-DMA	8	1	0
HLA-DMB	8	1	0
HMGA1	8	1	0
HOXC8	8	1	0
HPS4	8	1	0
HSP90AA1	8	1	0
HSP90AB1	8	1	0
HSPA8	8	1	0
HSPB1	8	1	0
HSPG2	8	1	0
IFI6	8	1	0
IFNAR2	8	1	0
IFNGR1	8	1	0
IFNGR2	8	1	0
IGF2	8	1	0
IGFBP1	8	1	0
IGFBP2	8	1	0
IGFBP5	8	1	0
IGHG2	8	1	0
IGHM	8	1	0
IGKC	8	1	0
IGLL1	8	1	0
IKBKG	8	1	0
IKZF1	8	1	0
IL11	8	1	0
IL12A	8	1	0
IL16	8	1	0
IL18BP	8	1	0
IL18R1	8	1	0
IL18RAP	8	1	0
IL19	8	1	0
IL1R1	8	1	0
IL1RAPL1	8	1	0
IL22	8	1	0
IL22RA1	8	1	0
IL23A	8	1	0
IL27RA	8	1	0
IL33	8	1	0
IL33R	8	1	0
IL38	8	1	0
IL4	8	1	0
IL4R	8	1	0
IL6ST	8	1	0
IL7R	8	1	0
IL9	8	1	0
IL9R	8	1	0
ILF3	8	1	0
IMPACT	8	1	0
IQGAP1	8	1	0
IRF3	8	1	0
IRF4	8	1	0
IRF9	8	1	0
ITGA4	8	1	0
ITGA6	8	1	0
ITGB1	8	1	0
ITGB3	8	1	0
ITGB4	8	1	0
ITPKA	8	1	0
ITPR1	8	1	0
ITSN1	8	1	0
JAG1	8	1	0
JAM3	8	1	0
JUP	8	1	0
KARS1	8	1	0
KAT2A	8	1	0
KAT7	8	1	1
KCNJ2	8	1	0
KCNJ9	8	1	0
KCNMA1	8	1	0
KCNQ2	8	1	0
KDM4B	8	1	0
KDM6A	8	1	0
KDM8	8	1	0
KGD4	8	1	0
KHDRBS2	8	1	0
KHSRP	8	1	0
KIF14	8	1	0
KIF17	8	1	0
KIF3B	8	1	0
KIF4A	8	1	0
KIFAP3	8	1	0
KIR3DS1	8	1	0
KIT	8	1	0
KITLG	8	1	0
KL	8	1	0
KLK8	8	1	0
KLRC2	8	1	0
KLRK1	8	1	0
KMT2D	8	1	0
KRT1	8	1	0
KRT27	8	1	0
KSR1	8	1	0
L3MBTL1	8	1	0
L3MBTL2	8	1	0
LAMA1	8	1	0
LAMB1	8	1	0
LAMB2	8	1	0
LAMB3	8	1	0
LAMC3	8	1	0
LARGE1	8	1	0
LCE3D	8	1	0
LDB1	8	1	0
LEFTY1	8	1	0
LEFTY2	8	1	0
LEP	8	1	0
LGMN	8	1	0
LGR4	8	1	0
LIG3	8	1	0
LILRA1	8	1	0
LILRB1	8	1	0
LIMD1	8	1	0
LINGO1	8	1	0
LMCD1	8	1	0
LMNA	8	1	0
LRFN1	8	1	0
LRFN2	8	1	0
LRP6	8	1	0
MADD	8	1	0
MAG	8	1	0
MAGOH	8	1	0
MAGOHB	8	1	0
MALSU1	8	1	0
MALT1	8	1	0
MAP2K1	8	1	0
MAP2K6	8	1	0
MAP3K3	8	1	0
MAPK12	8	1	0
MAPKAPK3	8	1	0
MARK3	8	1	0
MASP2	8	1	0
MATK	8	1	0
MAU2	8	1	0
MAX	8	1	0
MBD3L2	8	1	0
MBD4	8	1	0
MC2R	8	1	0
MCFD2	8	1	0
MCIDAS	8	1	0
MCM2	8	1	0
MCM8	8	1	0
MDC1	8	1	0
MDM2	8	1	0
METTL23	8	1	0
MFAP3	8	1	0
MIA2	8	1	0
MIA3	8	1	0
MIEF1	8	1	0
MIS18BP1	8	1	0
MKRN1	8	1	0
MLST8	8	1	0
MLXIPL	8	1	0
MME	8	1	0
MMP1	8	1	0
MNAT1	8	1	0
MOB1B	8	1	0
MRAS	8	1	0
MSRB3	8	1	0
MTMR10	8	1	0
MTRFR	8	1	0
MYH2	8	1	0
MYO10	8	1	0
MYO1C	8	1	0
MYOD1	8	1	0
MYOG	8	1	0
NAB1	8	1	0
NANOG	8	1	0
NAPA	8	1	0
NAT8	8	1	0
NCF4	8	1	0
NCK2	8	1	0
NCOA1	8	1	0
NCR3LG1	8	1	0
NDUFAB1	8	1	0
NECTIN2	8	1	0
NFE2L2	8	1	0
NFKBIA	8	1	0
NFKBIE	8	1	0
NFYC	8	1	0
NLRC4	8	1	0
NOD2	8	1	0
NOP58	8	1	0
NOTCH3	8	1	0
NOXA1	8	1	0
NPAS2	8	1	0
NPM2	8	1	0
NPNT	8	1	0
NR1H3	8	1	0
NR1H4	8	1	0
NR5A2	8	1	0
NRG1	8	1	0
NRP1	8	1	0
NRP2	8	1	0
NSL1	8	1	0
NTN1	8	1	0
NUDT21	8	1	0
NUMB	8	1	0
OBSCN	8	1	0
OCLN	8	1	0
OMG	8	1	0
OPRM1	8	1	0
OPTN	8	1	0
ORC2	8	1	0
OS9	8	1	0
OSMR	8	1	0
OTUD7B	8	1	0
P2RY1	8	1	0
P4HB	8	1	0
PAFAH1B3	8	1	0
PAK3	8	1	0
PAPPA	8	1	0
PARVA	8	1	0
PAX2	8	1	0
PCOLCE	8	1	0
PCSK5	8	1	0
PDCD1LG2	8	1	0
PDE4B	8	1	0
PDE6A	8	1	0
PDE6G	8	1	0
PDGFRB	8	1	0
PDS5B	8	1	0
PEBP1	8	1	0
PFN1	8	1	0
PGGT1B	8	1	0
PGK1	8	1	0
PHF10	8	1	0
PHF20	8	1	0
PHF6	8	1	0
PHKA2	8	1	0
PHKG2	8	1	0
PHYH	8	1	0
PIGK	8	1	0
PIK3C3	8	1	0
PIK3CB	8	1	0
PIK3CD	8	1	0
PIK3R1	8	1	0
PINK1	8	1	0
PITPNA	8	1	0
PLAU	8	1	0
PLAUR	8	1	0
PLCB2	8	1	0
PLEKHA3	8	1	0
PLXNA4	8	1	0
PNN	8	1	0
POFUT1	8	1	0
POGLUT1	8	1	0
POLD4	8	1	0
POLE2	8	1	0
POU4F2	8	1	0
PPARA	8	1	0
PPARGC1B	8	1	0
PPFIA3	8	1	0
PPFIA4	8	1	0
PPFIBP2	8	1	0
PPHLN1	8	1	0
PPID	8	1	0
PPM1F	8	1	0
PPP1R3C	8	1	0
PPP3CC	8	1	0
PPP3R1	8	1	0
PPP5C	8	1	0
PPP6C	8	1	0
PRCP	8	1	0
PRDM4	8	1	0
PRIM1	8	1	0
PRKAG2	8	1	0
PRKAR1A	8	1	0
PRKCG	8	1	0
PRKCI	8	1	0
PRKCSH	8	1	0
PRKCZ	8	1	0
PRKRA	8	1	0
PROC	8	1	0
PRSS2	8	1	0
PSMC5	8	1	0
PTPN6	8	1	0
PTPRA	8	1	0
PTPRD	8	1	0
PTPRF	8	1	0
PTPRU	8	1	0
PYGL	8	1	0
RAB11FIP2	8	1	0
RAB11FIP3	8	1	0
RAB21	8	1	0
RAB31	8	1	0
RAB32	8	1	0
RAB33B	8	1	0
RAB38	8	1	0
RAB3GAP1	8	1	0
RAB5C	8	1	0
RAB7A	8	1	0
RABEPK	8	1	0
RABGAP1	8	1	0
RABGEF1	8	1	0
RABGGTA	8	1	0
RAD1	8	1	0
RAF1	8	1	0
RALGAPB	8	1	0
RANBP10	8	1	0
RAPGEF1	8	1	0
RAPGEF3	8	1	0
RARG	8	1	0
RASA1	8	1	0
RB1	8	1	0
RBBP5	8	1	0
RBL1	8	1	0
RBPJ	8	1	0
RBX1	8	1	0
RELB	8	1	0
RGS20	8	1	0
RGS9	8	1	0
RGS9BP	8	1	0
RHOQ	8	1	0
RHOV	8	1	0
RING1	8	1	0
RINT1	8	1	0
RMI2	8	1	0
RNF123	8	1	0
RNF144A	8	1	0
RNF146	8	1	0
RNF152	8	1	0
RNF168	8	1	0
RNF181	8	1	0
RNF41	8	1	0
ROBO3	8	1	0
RPA4	8	1	0
RPS6KA2	8	1	0
RPS6KA3	8	1	0
RRM2B	8	1	0
RSPO3	8	1	0
RTEL1	8	1	0
RXRA	8	1	0
RXRG	8	1	0
S100B	8	1	0
SAG	8	1	0
SAV1	8	1	0
SCFD1	8	1	0
SEC13	8	1	0
SEL1L	8	1	0
SELL	8	1	0
SELPLG	8	1	0
SEMA7A	8	1	0
SEMG1	8	1	0
SENP8	8	1	0
SERPINA10	8	1	0
SERPINA5	8	1	0
SERPINB1	8	1	0
SERPING1	8	1	0
SETD1A	8	1	0
SETD9	8	1	0
SGCB	8	1	0
SH3GL3	8	1	0
SH3KBP1	8	1	0
SHPRH	8	1	0
SIAH1	8	1	0
SIGLEC14	8	1	0
SIPA1	8	1	0
SIRT5	8	1	0
SKIC8	8	1	0
SKP2	8	1	0
SLC16A8	8	1	0
SLC38A9	8	1	0
SLIT2	8	1	0
SMAD1	8	1	0
SMAD9	8	1	0
SMARCA2	8	1	0
SMARCA4	8	1	0
SMARCD1	8	1	0
SMUG1	8	1	0
SMURF2	8	1	0
SNAP25	8	1	0
SNTB1	8	1	0
SORL1	8	1	0
SOX4	8	1	0
SP100	8	1	0
SP3	8	1	0
SPAG9	8	1	0
SPC24	8	1	0
SPC25	8	1	0
SPI1	8	1	0
SPINK9	8	1	0
SQSTM1	8	1	0
SREBF2	8	1	0
SRF	8	1	0
SRRT	8	1	0
SSRP1	8	1	0
STAT3	8	1	0
STK26	8	1	0
STN1	8	1	0
STT3A	8	1	0
STXBP2	8	1	0
SUDS3	8	1	0
SURF4	8	1	0
SYMPK	8	1	0
SYNJ2	8	1	0
SYT1	8	1	0
SYT2	8	1	0
SZT2	8	1	0
TACC3	8	1	0
TANK	8	1	0
TAX1BP1	8	1	0
TBC1D14	8	1	0
TBC1D17	8	1	0
TBC1D20	8	1	0
TBC1D3	8	1	0
TBX3	8	1	0
TBXT	8	1	0
TCF19	8	1	0
TEN1	8	1	0
TENT4A	8	1	0
TFAM	8	1	0
TFDP1	8	1	0
TFEC	8	1	0
TGFB3	8	1	0
THBS1	8	1	0
TICAM2	8	1	0
TIMP1	8	1	0
TLL2	8	1	0
TLR3	8	1	0
TMEM258	8	1	0
TMPRSS6	8	1	0
TNFRSF10B	8	1	0
TNFRSF12A	8	1	0
TNFRSF14	8	1	0
TNFSF15	8	1	0
TNIP2	8	1	0
TOPORS	8	1	0
TOR1A	8	1	0
TP53BP2	8	1	0
TP63	8	1	0
TPST1	8	1	0
TRAC	8	1	0
TRAF2	8	1	0
TRAF6	8	1	0
TRBV12-3	8	1	0
TREM2	8	1	0
TRIB3	8	1	0
TRIM32	8	1	0
TRIM33	8	1	0
TRIM4	8	1	0
TRPC4	8	1	0
TRRAP	8	1	0
TSPAN14	8	1	0
TSPAN33	8	1	0
TYSND1	8	1	0
UBA2	8	1	0
UBB	8	1	0
UBE2B	8	1	0
UBE2E1	8	1	0
UBE2L3	8	1	0
UBE2M	8	1	0
UBE2V2	8	1	0
UBL4A	8	1	0
UBXN1	8	1	0
UCHL3	8	1	0
UCHL5	8	1	0
UHMK1	8	1	0
UQCC1	8	1	0
UQCC2	8	1	0
UQCC3	8	1	0
USP11	8	1	0
USP12	8	1	0
USP17L2	8	1	0
USP43	8	1	0
USP45	8	1	0
USP48	8	1	0
USP7	8	1	1
VAMP2	8	1	0
VAV1	8	1	0
VAV3	8	1	0
VEGFD	8	1	0
VIM	8	1	0
VLDLR	8	1	0
WAS	8	1	0
WASL	8	1	0
WDR5	8	1	0
WHAMM	8	1	0
WIPF1	8	1	0
WNT3	8	1	0
WTAP	8	1	0
WWOX	8	1	0
XIAP	8	1	0
XPA	8	1	0
YAP1	8	1	0
ZDHHC7	8	1	0
ZEB1	8	1	0
ZFP36	8	1	0
ZFP36L1	8	1	0
ZFYVE16	8	1	0
ZNF385A	8	1	0
ZNF473	8	1	0
ZNF532	8	1	0
ABCA1	8	2	0
ABCA7	8	2	0
ABCF1	8	2	0
ABHD17B	8	2	0
ABLIM2	8	2	0
ACSS2	8	2	0
ACTB	8	2	0
ACVR1C	8	2	0
ACVR2A	8	2	0
ADAM12	8	2	0
ADAM20	8	2	0
ADAM21	8	2	0
ADAM22	8	2	0
ADAMTS4	8	2	0
ADRA1A	8	2	0
ADRA1B	8	2	0
ADRM1	8	2	0
AGTR2	8	2	0
AKT1	8	2	0
ALCAM	8	2	0
ALKAL1	8	2	0
ALKAL2	8	2	0
ALOX5	8	2	0
AMN	8	2	0
ANTXR2	8	2	0
ANXA2	8	2	0
AP1M2	8	2	0
AP2A2	8	2	0
AP4M1	8	2	0
AP4S1	8	2	0
APEX1	8	2	0
APH1A	8	2	0
ARFGAP1	8	2	0
ARHGAP26	8	2	0
ARHGAP35	8	2	0
ARHGAP39	8	2	0
ARHGDIG	8	2	0
ARHGEF1	8	2	0
ARHGEF12	8	2	0
ARID1B	8	2	0
ARID2	8	2	0
ARIH1	8	2	0
ARL2	8	2	0
ARPP19	8	2	0
ASF1A	8	2	0
ATF7IP	8	2	0
ATG14	8	2	0
ATG5	8	2	0
ATP1B1	8	2	0
ATP1B2	8	2	0
ATRX	8	2	0
AVEN	8	2	0
AVP	8	2	0
B2M	8	2	0
B4GALT1	8	2	0
BACH1	8	2	0
BAMBI	8	2	0
BATF	8	2	0
BECN1	8	2	0
BET1	8	2	0
BMPR1B	8	2	0
BMX	8	2	0
BNIP1	8	2	0
BRF2	8	2	0
BRWD1	8	2	0
BTLA	8	2	0
C3AR1	8	2	0
C6	8	2	0
C7	8	2	0
C8G	8	2	0
CABIN1	8	2	0
CACNA1B	8	2	0
CACNA1D	8	2	0
CACNB1	8	2	0
CACNG6	8	2	0
CADM2	8	2	0
CALCR	8	2	0
CAMK2A	8	2	0
CAMK2G	8	2	0
CAPZA2	8	2	0
CAPZA3	8	2	0
CARD8	8	2	0
CARM1	8	2	0
CARMIL1	8	2	0
CASP14	8	2	0
CASP8	8	2	0
CAST	8	2	0
CAV1	8	2	0
CAV3	8	2	0
CAVIN1	8	2	0
CBFB	8	2	0
CBX3	8	2	0
CCNA1	8	2	0
CCNB2	8	2	0
CCND1	8	2	0
CCNH	8	2	0
CCP110	8	2	0
CCR8	8	2	0
CD1A	8	2	0
CD1B	8	2	0
CD3G	8	2	0
CD4	8	2	0
CD47	8	2	0
CD72	8	2	0
CD79B	8	2	0
CDC42EP2	8	2	0
CDC42EP5	8	2	0
CDC6	8	2	0
CDCA5	8	2	0
CDCA8	8	2	0
CDH2	8	2	0
CDK1	8	2	0
CELA2A	8	2	0
CETN1	8	2	0
CFL1	8	2	0
CHD2	8	2	0
CHD3	8	2	0
CHD7	8	2	1
CHEK2	8	2	0
CHMP2A	8	2	0
CHP1	8	2	0
CIT	8	2	0
CLEC1B	8	2	0
CLEC7A	8	2	0
CLIP1	8	2	0
CLU	8	2	0
CMA1	8	2	0
CNGA1	8	2	0
CNGB1	8	2	0
CNTN1	8	2	0
COL10A1	8	2	0
COL17A1	8	2	0
COL18A1	8	2	0
COL1A1	8	2	0
COLEC11	8	2	0
COP1	8	2	0
COPB1	8	2	0
COPS5	8	2	0
CPAP	8	2	0
CPN2	8	2	0
CR2	8	2	0
CREB1	8	2	0
CREB3	8	2	0
CRIPTO	8	2	0
CSF1	8	2	0
CSF1R	8	2	1
CSK	8	2	0
CSNK1A1	8	2	0
CSNK2A2	8	2	0
CTBP2	8	2	0
CTDP1	8	2	0
CUL4A	8	2	0
CUL7	8	2	0
CYSLTR1	8	2	0
DAXX	8	2	0
DBF4	8	2	0
DCTN1	8	2	0
DCTN2	8	2	0
DCTN4	8	2	0
DDB1	8	2	0
DDB2	8	2	0
DDX17	8	2	0
DDX5	8	2	0
DENND3	8	2	0
DENND4A	8	2	0
DENND4B	8	2	0
DFFB	8	2	0
DGCR8	8	2	0
DHX36	8	2	0
DIAPH1	8	2	0
DIAPH2	8	2	0
DICER1	8	2	0
DKK1	8	2	0
DLGAP2	8	2	0
DLL1	8	2	0
DNAJA4	8	2	0
DNAJC6	8	2	0
DNTTIP1	8	2	0
DPH1	8	2	0
DPH6	8	2	0
DPH7	8	2	0
DPPA3	8	2	0
DRAP1	8	2	0
DSCAM	8	2	0
DTL	8	2	0
DTX1	8	2	0
DUSP7	8	2	0
DUSP9	8	2	0
DVL2	8	2	0
DYNC1LI1	8	2	0
DYNC1LI2	8	2	0
DYNLL2	8	2	0
DYRK2	8	2	0
E2F1	8	2	0
E2F4	8	2	0
EEF1AKMT2	8	2	0
EEF1G	8	2	0
EEF2KMT	8	2	0
EFNB1	8	2	0
EGR2	8	2	0
EHD3	8	2	0
EIF2AK1	8	2	0
EIF2AK2	8	2	0
EIF4G3	8	2	0
ELF1	8	2	0
ELOA	8	2	0
EMD	8	2	0
ENPEP	8	2	0
EP300	8	2	0
EP400	8	2	0
EPB41	8	2	0
EPC1	8	2	0
EPHB2	8	2	0
EPOP	8	2	0
EPS15	8	2	0
ERCC4	8	2	0
ERCC6	8	2	0
ERF	8	2	0
ERLIN2	8	2	0
ERO1A	8	2	0
EVC	8	2	0
EVC2	8	2	0
FANCD2	8	2	0
FBXL3	8	2	0
FBXO5	8	2	0
FCGR2B	8	2	1
FCGR3A	8	2	0
FCN2	8	2	0
FDX1	8	2	0
FDX2	8	2	0
FDXR	8	2	0
FGF9	8	2	0
FGG	8	2	0
FIRRM	8	2	0
FKBP6	8	2	0
FLRT2	8	2	0
FMNL3	8	2	0
FOLR1	8	2	0
FOXK2	8	2	0
FRS3	8	2	0
FYB1	8	2	0
FZD1	8	2	0
FZD2	8	2	0
GAB3	8	2	0
GABRB1	8	2	0
GABRB3	8	2	0
GABRG2	8	2	0
GABRG3	8	2	0
GABRQ	8	2	0
GANAB	8	2	0
GATA6	8	2	0
GBP1	8	2	0
GBP4	8	2	0
GDI1	8	2	0
GDI2	8	2	0
GDNF	8	2	0
GET3	8	2	0
GFAP	8	2	0
GFRA2	8	2	0
GFRA3	8	2	0
GH1	8	2	0
GH2	8	2	0
GINS3	8	2	0
GINS4	8	2	0
GIPC1	8	2	0
GLB1	8	2	0
GLG1	8	2	0
GLRA3	8	2	0
GLRX	8	2	0
GMNC	8	2	0
GNA14	8	2	0
GOLGA7	8	2	0
GOLGB1	8	2	0
GOLIM4	8	2	0
GP1BB	8	2	0
GPC5	8	2	0
GPER1	8	2	0
GPS2	8	2	0
GRAP	8	2	0
GRAP2	8	2	0
GRIA3	8	2	0
GRIA4	8	2	0
GRIN2B	8	2	0
GRIN2C	8	2	0
GRK6	8	2	0
GSN	8	2	0
GTF2E2	8	2	0
GTF3A	8	2	0
GYG1	8	2	0
GYG2	8	2	0
GYS1	8	2	0
H3-4	8	2	0
HAPLN1	8	2	0
HBB	8	2	0
HDAC2	8	2	0
HDAC5	8	2	0
HERC2	8	2	0
HEY2	8	2	0
HGF	8	2	0
HIC1	8	2	0
HJURP	8	2	0
HJV	8	2	0
HLA-DQA2	8	2	0
HLA-G	8	2	0
HNRNPC	8	2	0
HOMER1	8	2	0
HOXC11	8	2	0
HPX	8	2	0
HRAS	8	2	0
HRG	8	2	0
HSF1	8	2	0
HSP90B1	8	2	0
HSPA1A	8	2	0
HUS1	8	2	0
IBSP	8	2	0
ICAM2	8	2	0
ID1	8	2	0
IFI44	8	2	0
IFIT3	8	2	0
IFNAR1	8	2	0
IFNG	8	2	0
IGF1	8	2	0
IGFBP4	8	2	0
IGFBP6	8	2	0
IGHA2	8	2	0
IGHD	8	2	0
IKBKB	8	2	0
IKZF2	8	2	0
IKZF3	8	2	0
IL10	8	2	0
IL11RA	8	2	0
IL13RA2	8	2	0
IL15RA	8	2	0
IL17RD	8	2	0
IL1B	8	2	0
IL22RA2	8	2	0
IL27	8	2	0
IL2RB	8	2	0
IL36G	8	2	0
IL36RN	8	2	0
IL6	8	2	0
IL6R	8	2	0
IL7	8	2	0
ILF2	8	2	0
ING5	8	2	0
INHBC	8	2	0
INHBE	8	2	0
IPO8	8	2	0
IQCE	8	2	0
IRS1	8	2	0
IRS2	8	2	0
ISG15	8	2	0
ITGA10	8	2	0
ITGA2	8	2	0
ITGA3	8	2	0
ITGA5	8	2	0
ITGA9	8	2	0
ITGAE	8	2	0
ITGB7	8	2	0
ITPKC	8	2	0
JAK1	8	2	0
JARID2	8	2	0
JCHAIN	8	2	0
JUN	8	2	0
JUND	8	2	0
KCNJ15	8	2	0
KCNJ16	8	2	0
KCNJ4	8	2	0
KCNMB3	8	2	0
KIDINS220	8	2	0
KIF23	8	2	0
KIF5A	8	2	0
KIR2DL3	8	2	0
KLK14	8	2	0
KLK3	8	2	0
KLKB1	8	2	0
KLRG1	8	2	0
KMT5A	8	2	0
KNG1	8	2	0
KNTC1	8	2	0
KPNA1	8	2	0
KPNA6	8	2	0
LAMTOR3	8	2	0
LAT	8	2	0
LAT2	8	2	0
LATS1	8	2	0
LCAT	8	2	0
LCP2	8	2	0
LDLR	8	2	0
LEPR	8	2	0
LFNG	8	2	0
LGI2	8	2	0
LGR5	8	2	0
LGR6	8	2	0
LILRB2	8	2	0
LIMS2	8	2	0
LRP2	8	2	0
LRRC14	8	2	0
LRRC4B	8	2	0
LRRC52	8	2	0
LRRC7	8	2	0
LRRFIP1	8	2	0
LSR	8	2	0
LTB	8	2	0
LTBR	8	2	0
LTK	8	2	0
LYN	8	2	1
M6PR	8	2	0
MAF1	8	2	0
MAGT1	8	2	0
MAML2	8	2	0
MAP1LC3A	8	2	0
MAP1LC3B	8	2	0
MAP3K5	8	2	0
MAPK10	8	2	0
MAPK3	8	2	0
MAPK7	8	2	0
MASTL	8	2	0
MBD2	8	2	0
MBD3	8	2	0
MBOAT4	8	2	0
MBTPS2	8	2	0
MC1R	8	2	0
MCF2	8	2	0
MCM10	8	2	0
MCM4	8	2	0
ME1	8	2	0
MEF2B	8	2	0
MEF2C	8	2	0
MEFV	8	2	0
MEN1	8	2	0
MERTK	8	2	0
MET	8	2	0
MFAP2	8	2	0
MIS12	8	2	0
MIXL1	8	2	0
MMP14	8	2	0
MMP2	8	2	0
MMP7	8	2	0
MON1A	8	2	0
MSGN1	8	2	0
MSH6	8	2	0
MT-CO2	8	2	0
MTA3	8	2	0
MTMR4	8	2	0
MTOR	8	2	0
MTREX	8	2	0
MYL9	8	2	0
MYLK	8	2	0
N4BP1	8	2	0
NAB2	8	2	0
NAE1	8	2	0
NBAS	8	2	0
NCBP2	8	2	0
NCF2	8	2	0
NCK1	8	2	0
NCOA2	8	2	0
NCOA3	8	2	0
NCOA6	8	2	0
NCR1	8	2	0
NCSTN	8	2	0
NDC80	8	2	0
NEDD8	8	2	0
NELFCD	8	2	0
NEU1	8	2	0
NFKB2	8	2	0
NGF	8	2	0
NHEJ1	8	2	0
NID1	8	2	0
NLRP1	8	2	0
NLRX1	8	2	0
NOD1	8	2	0
NOTCH1	8	2	0
NOTCH2	8	2	0
NOX3	8	2	0
NPHP1	8	2	0
NPM1	8	2	0
NPRL2	8	2	0
NR2C2	8	2	0
NR2E1	8	2	0
NR3C1	8	2	0
NR3C2	8	2	0
NR4A1	8	2	0
NRAS	8	2	0
NRF1	8	2	0
NRG2	8	2	0
NRGN	8	2	0
NRXN1	8	2	0
NSD2	8	2	0
NTF3	8	2	0
NTRK3	8	2	0
NUF2	8	2	0
NUMA1	8	2	0
OASL	8	2	0
OGG1	8	2	0
OPN1LW	8	2	0
OSCAR	8	2	0
OST4	8	2	0
OTUB1	8	2	0
PAK2	8	2	0
PAK5	8	2	0
PAPPA2	8	2	0
PARD6G	8	2	0
PCNT	8	2	0
PCSK1	8	2	0
PCSK6	8	2	0
PCSK7	8	2	0
PDPK1	8	2	0
PDYN	8	2	0
PEA15	8	2	0
PELI1	8	2	0
PELI3	8	2	0
PELP1	8	2	0
PER2	8	2	0
PEX1	8	2	0
PEX26	8	2	0
PEX5	8	2	0
PEX6	8	2	0
PEX7	8	2	0
PFKFB1	8	2	0
PGR	8	2	0
PHF1	8	2	0
PHF19	8	2	0
PHKB	8	2	0
PIF1	8	2	0
PIK3AP1	8	2	0
PIK3CA	8	2	0
PIP4K2B	8	2	0
PKD1	8	2	0
PKMYT1	8	2	0
PKN1	8	2	0
PLA2G4A	8	2	0
PLAT	8	2	0
PLK2	8	2	0
PLN	8	2	0
PLXNA3	8	2	0
PMEPA1	8	2	0
PODXL2	8	2	0
POLD2	8	2	0
POLD3	8	2	0
POLN	8	2	0
POMC	8	2	0
POMT1	8	2	0
POU2F1	8	2	0
POU2F2	8	2	0
PPARG	8	2	0
PPFIA1	8	2	0
PPM1D	8	2	0
PPP1CB	8	2	0
PPP1R12A	8	2	0
PPP1R14A	8	2	0
PPP2CA	8	2	0
PPP6R3	8	2	0
PREX1	8	2	0
PREX2	8	2	0
PRIM2	8	2	0
PRKACB	8	2	0
PRKAR2A	8	2	0
PRKG2	8	2	0
PRMT1	8	2	0
PRNP	8	2	0
PROZ	8	2	0
PRSS8	8	2	0
PRX	8	2	0
PSEN1	8	2	0
PSIP1	8	2	0
PSMD12	8	2	0
PSPN	8	2	0
PSTPIP1	8	2	0
PTEN	8	2	0
PTGES3	8	2	0
PTK2	8	2	0
PTPN1	8	2	0
PTPN2	8	2	0
PTPN22	8	2	0
PTTG1	8	2	0
PYCARD	8	2	0
PYGB	8	2	0
RAB13	8	2	0
RAB18	8	2	0
RAB1B	8	2	0
RAB27A	8	2	0
RAB3GAP2	8	2	0
RAB3IL1	8	2	0
RAC2	8	2	0
RAD50	8	2	1
RAD51	8	2	0
RAD52	8	2	0
RALA	8	2	0
RALGDS	8	2	0
RANBP1	8	2	0
RASGRP1	8	2	0
RCCD1	8	2	0
RCOR1	8	2	0
RELA	8	2	0
REST	8	2	0
RET	8	2	0
REV1	8	2	0
REV3L	8	2	0
RGMA	8	2	0
RGMB	8	2	0
RGP1	8	2	0
RGS16	8	2	0
RGS17	8	2	0
RHEB	8	2	0
RHOC	8	2	0
RHOD	8	2	0
RHOF	8	2	0
RHOT1	8	2	0
RHOT2	8	2	0
RIGI	8	2	0
RILP	8	2	0
RIPPLY2	8	2	0
RIT1	8	2	0
RIT2	8	2	0
RMI1	8	2	0
RNASE1	8	2	0
RNF2	8	2	0
RNF8	8	2	0
ROCK2	8	2	0
RORA	8	2	0
RPA1	8	2	0
RPA2	8	2	0
RPA3	8	2	0
RPGRIP1L	8	2	0
RPN2	8	2	0
RPS6KA1	8	2	0
RPS6KB2	8	2	0
RRAGC	8	2	0
RRM2	8	2	0
RTKN	8	2	0
RTN3	8	2	0
RTN4	8	2	0
RUFY1	8	2	0
RXRB	8	2	0
RXYLT1	8	2	0
S100A8	8	2	0
SAFB	8	2	0
SARM1	8	2	0
SATB1	8	2	0
SCN1B	8	2	0
SCUBE2	8	2	0
SDC1	8	2	0
SEMA4D	8	2	0
SENP1	8	2	0
SERPINA1	8	2	0
SERPINE2	8	2	0
SETD1B	8	2	0
SFRP2	8	2	0
SFTPA1	8	2	0
SGCE	8	2	0
SGCZ	8	2	0
SH2B3	8	2	0
SH2D2A	8	2	0
SH3GL2	8	2	0
SHANK1	8	2	0
SHANK2	8	2	0
SHANK3	8	2	0
SIKE1	8	2	0
SIN3A	8	2	0
SIPA1L1	8	2	0
SIRPG	8	2	0
SLA2	8	2	0
SLC16A3	8	2	0
SLC25A4	8	2	0
SLCO3A1	8	2	0
SMAD5	8	2	0
SMARCC1	8	2	0
SMPD3	8	2	0
SMYD2	8	2	0
SNCAIP	8	2	0
SNF8	8	2	0
SOCS3	8	2	0
SOS1	8	2	0
SOX13	8	2	0
SP1	8	2	0
SPHK1	8	2	0
SPINK6	8	2	0
SPOPL	8	2	0
SRC	8	2	0
SRGAP1	8	2	0
SRY	8	2	0
SSPN	8	2	0
ST14	8	2	0
STAM2	8	2	0
STAT2	8	2	0
STAT5B	8	2	0
STAT6	8	2	0
STING1	8	2	0
STK24	8	2	0
STRAP	8	2	0
STT3B	8	2	0
STX4	8	2	0
SUGT1	8	2	0
SUMO1	8	2	0
SYCP2	8	2	0
SYNJ1	8	2	0
TAB3	8	2	0
TAP2	8	2	0
TAX1BP3	8	2	0
TBX5	8	2	0
TBX6	8	2	0
TEAD4	8	2	0
TENT4B	8	2	0
TFG	8	2	0
TGFB1	8	2	0
TGFBR3	8	2	0
TICAM1	8	2	0
TICRR	8	2	0
TIFA	8	2	0
TJP1	8	2	0
TLE3	8	2	0
TLR2	8	2	0
TMED10	8	2	0
TMED9	8	2	0
TNC	8	2	0
TNFAIP3	8	2	0
TNFRSF1A	8	2	0
TNFRSF6B	8	2	0
TNFSF14	8	2	0
TNIP1	8	2	0
TNKS	8	2	0
TNNC1	8	2	0
TNNI2	8	2	0
TNS3	8	2	0
TOMM70	8	2	0
TRAK2	8	2	0
TREM1	8	2	0
TRIM28	8	2	0
TRIM56	8	2	0
TRIO	8	2	0
TRIP11	8	2	0
TRPC3	8	2	0
TRPC5	8	2	0
TSG101	8	2	0
TSPAN15	8	2	0
TWIST1	8	2	0
UACA	8	2	0
UBA3	8	2	0
UBC	8	2	0
UBD	8	2	0
UBE2D1	8	2	0
UBE2N	8	2	0
UBQLN2	8	2	0
UBTF	8	2	0
UBXN7	8	2	0
UNC13B	8	2	0
UNC5A	8	2	0
UNC5B	8	2	0
UNC93B1	8	2	0
UNG	8	2	0
UPF3A	8	2	0
UQCC6	8	2	0
USP10	8	2	0
USP21	8	2	0
USP25	8	2	0
USP28	8	2	0
USP33	8	2	0
USP44	8	2	0
USP8	8	2	0
VASP	8	2	0
VCAM1	8	2	0
VCL	8	2	0
VCP	8	2	0
VENTX	8	2	0
VPS52	8	2	0
VTI1A	8	2	0
VWF	8	2	0
WDR20	8	2	0
WDR48	8	2	0
WDR77	8	2	0
WDR83	8	2	0
WNT5A	8	2	0
WWC1	8	2	0
XRCC2	8	2	0
XRCC4	8	2	0
YES1	8	2	0
YWHAE	8	2	0
YWHAG	8	2	0
YWHAZ	8	2	0
YY1	8	2	0
ZBP1	8	2	0
ZC3H4	8	2	0
ZCCHC7	8	2	0
ZDHHC2	8	2	0
ZDHHC21	8	2	0
ZFAND6	8	2	0
ZMYND8	8	2	0
ZNF93	8	2	0
ZNRF3	8	2	0
ZWILCH	8	2	0
ABLIM1	8	3	0
ACAT1	8	3	0
ACIN1	8	3	0
ACTA1	8	3	0
ACVR1B	8	3	0
ADAM10	8	3	0
ADAM11	8	3	0
ADAM30	8	3	0
ADAR	8	3	0
ADCY1	8	3	0
ADD3	8	3	0
ADNP	8	3	0
ADNP2	8	3	0
ADRB2	8	3	0
AGO2	8	3	0
AGPS	8	3	0
AGRN	8	3	0
AHCYL1	8	3	0
AICDA	8	3	0
AIP	8	3	0
ALYREF	8	3	0
ANK1	8	3	0
ANKFY1	8	3	0
AP1G2	8	3	0
AP2A1	8	3	0
AP2B1	8	3	0
AP2M1	8	3	0
AP4E1	8	3	0
APIP	8	3	0
APOBEC3G	8	3	0
APOBR	8	3	0
APP	8	3	0
AQP2	8	3	0
ARF1	8	3	0
ARF6	8	3	0
ARHGAP32	8	3	0
ARHGEF25	8	3	0
ARNT	8	3	1
ARRB1	8	3	0
ARRB2	8	3	0
ARTN	8	3	0
ATAD2	8	3	0
ATG10	8	3	0
ATG13	8	3	0
ATG16L2	8	3	0
ATG7	8	3	0
ATP1A3	8	3	0
AVPR2	8	3	0
AXIN2	8	3	0
AXL	8	3	0
BABAM2	8	3	0
BAG6	8	3	0
BAIAP2	8	3	0
BAZ1B	8	3	0
BBC3	8	3	0
BCAP31	8	3	0
BCKDK	8	3	0
BCL2L1	8	3	0
BDKRB1	8	3	0
BIRC2	8	3	0
BIRC5	8	3	0
BLNK	8	3	0
BMF	8	3	0
BMI1	8	3	0
BORA	8	3	0
BRAF	8	3	0
BRAP	8	3	0
BRD2	8	3	0
BRD9	8	3	0
BSN	8	3	0
BTRC	8	3	0
C1D	8	3	0
C1QC	8	3	0
C1S	8	3	0
C5	8	3	0
C8B	8	3	0
CAB39	8	3	0
CABLES1	8	3	0
CACNA1A	8	3	0
CACNA1G	8	3	0
CACNB2	8	3	0
CACNB4	8	3	0
CACNG3	8	3	0
CALCA	8	3	0
CALCRL	8	3	0
CALM1	8	3	0
CALM2	8	3	0
CAMKK1	8	3	0
CAPN1	8	3	0
CAPN2	8	3	0
CAPNS1	8	3	0
CAPZA1	8	3	0
CAPZB	8	3	0
CARD9	8	3	0
CASP1	8	3	0
CASP2	8	3	0
CASP4	8	3	0
CASP6	8	3	0
CBLIF	8	3	0
CBY1	8	3	0
CCDC88C	8	3	0
CCL1	8	3	0
CCL4	8	3	0
CCNA2	8	3	0
CCND2	8	3	0
CCND3	8	3	0
CCNK	8	3	0
CCNT1	8	3	0
CCR1	8	3	0
CCR4	8	3	0
CD14	8	3	0
CD151	8	3	0
CD28	8	3	0
CD34	8	3	0
CD40	8	3	0
CD44	8	3	0
CD74	8	3	0
CD96	8	3	0
CDC14B	8	3	0
CDC42EP3	8	3	0
CDC7	8	3	0
CDH11	8	3	0
CDH8	8	3	0
CDK12	8	3	0
CDK2AP2	8	3	0
CDK4	8	3	0
CDK5R1	8	3	0
CDKN1A	8	3	0
CDKN1B	8	3	0
CDKN2C	8	3	0
CETN2	8	3	0
CFC1	8	3	0
CFD	8	3	0
CFHR4	8	3	0
CFI	8	3	0
CFTR	8	3	0
CHD1	8	3	0
CHEK1	8	3	0
CHL1	8	3	0
CHML	8	3	0
CHST10	8	3	0
CITED1	8	3	0
CLASP2	8	3	0
CLEC4E	8	3	0
CLIP3	8	3	0
CLNS1A	8	3	0
CLTA	8	3	0
CLTB	8	3	0
CLTC	8	3	0
CLTCL1	8	3	0
CNEP1R1	8	3	0
CNGA2	8	3	0
CNIH2	8	3	0
CNIH3	8	3	0
CNPY3	8	3	0
COLEC10	8	3	0
COPG1	8	3	0
COPRS	8	3	0
COPZ2	8	3	0
CPE	8	3	0
CPN1	8	3	0
CPSF7	8	3	0
CR1	8	3	0
CREBBP	8	3	0
CRLF1	8	3	0
CRTC1	8	3	0
CRTC3	8	3	0
CSF2	8	3	0
CSF2RB	8	3	0
CSTF2	8	3	0
CSTF2T	8	3	0
CTC1	8	3	0
CTF1	8	3	0
CTNNA2	8	3	0
CTNNB1	8	3	0
CTSK	8	3	0
CTSS	8	3	0
CTSZ	8	3	0
CTTN	8	3	0
CUX1	8	3	0
CXXC4	8	3	0
CYC1	8	3	0
CYP11A1	8	3	0
CYTH4	8	3	0
DAD1	8	3	0
DAPK1	8	3	0
DCP2	8	3	0
DENND1B	8	3	0
DENND2A	8	3	0
DENND6B	8	3	0
DEPDC5	8	3	0
DFFA	8	3	0
DIAPH3	8	3	0
DLD	8	3	0
DLGAP3	8	3	0
DLK1	8	3	0
DMD	8	3	0
DMP1	8	3	0
DNAJC3	8	3	0
DOK2	8	3	0
DPF2	8	3	0
DPH2	8	3	0
DPH3	8	3	0
DPY30	8	3	0
DRP2	8	3	0
DUSP3	8	3	0
DUSP4	8	3	0
E2F3	8	3	0
EEF1D	8	3	0
EGLN2	8	3	0
EHD2	8	3	0
EIF4A1	8	3	0
EIF4A3	8	3	0
EIF4B	8	3	0
ELF2	8	3	0
ELF3	8	3	0
ELMO2	8	3	0
ELN	8	3	0
ELOB	8	3	0
EPAS1	8	3	0
EPB41L5	8	3	0
EPN2	8	3	0
ERCC1	8	3	0
ESR1	8	3	0
ESR2	8	3	0
EVL	8	3	0
EZH1	8	3	0
EZR	8	3	0
F11	8	3	0
F2R	8	3	0
F3	8	3	0
FABP5	8	3	0
FADD	8	3	0
FAM124B	8	3	0
FANCI	8	3	0
FBXL5	8	3	0
FGF1	8	3	0
FGF6	8	3	0
FGFR1OP2	8	3	0
FGFRL1	8	3	0
FGR	8	3	0
FKBP1A	8	3	0
FKBP4	8	3	0
FKRP	8	3	0
FKTN	8	3	0
FLG	8	3	0
FLNA	8	3	0
FLOT1	8	3	0
FLOT2	8	3	0
FLRT1	8	3	0
FLT4	8	3	0
FNTA	8	3	0
FOXD3	8	3	0
FOXP3	8	3	0
FURIN	8	3	0
GABRA1	8	3	0
GALNT1	8	3	0
GALNT2	8	3	0
GATA4	8	3	0
GBF1	8	3	0
GBP2	8	3	0
GCN1	8	3	0
GET1	8	3	0
GIP	8	3	0
GIT1	8	3	0
GLA	8	3	0
GLI1	8	3	0
GM2A	8	3	0
GMNN	8	3	0
GNA11	8	3	0
GNAI2	8	3	0
GNAI3	8	3	0
GNAL	8	3	0
GNAQ	8	3	0
GNAT1	8	3	0
GNAT3	8	3	0
GNGT1	8	3	0
GOPC	8	3	0
GORASP1	8	3	0
GP1BA	8	3	0
GP6	8	3	0
GPC1	8	3	0
GRIA2	8	3	0
GRIN2A	8	3	0
GRIN2D	8	3	0
GRK2	8	3	0
GSK3A	8	3	0
GTF2E1	8	3	0
H1-8	8	3	0
H2BC21	8	3	0
H2BC26	8	3	0
HAT1	8	3	0
HDAC7	8	3	0
HEBP1	8	3	0
HERC5	8	3	0
HES1	8	3	0
HEY1	8	3	0
HGS	8	3	0
HIF3A	8	3	0
HIKESHI	8	3	0
HIPK1	8	3	0
HIVEP3	8	3	0
HLA-B	8	3	0
HLA-DOA	8	3	0
HLA-DPA1	8	3	0
HLA-DRA	8	3	0
HLTF	8	3	0
HMMR	8	3	0
HNRNPK	8	3	0
HOMER3	8	3	0
HPS1	8	3	0
HSBP1	8	3	0
HSD17B4	8	3	0
ICAM1	8	3	0
ICOS	8	3	0
IFI44L	8	3	0
IFIT2	8	3	0
IFNB1	8	3	0
IFNLR1	8	3	0
IGHG3	8	3	0
IL10RA	8	3	0
IL13RA1	8	3	0
IL1R2	8	3	0
IL1RAPL2	8	3	0
IL1RN	8	3	0
IL2	8	3	0
IL24	8	3	0
IL31RA	8	3	0
IL36R	8	3	0
IL3RA	8	3	0
INCENP	8	3	0
ING2	8	3	0
IQGAP2	8	3	0
IRAG1	8	3	0
IRAK2	8	3	0
ISL1	8	3	0
ITCH	8	3	0
ITGA1	8	3	0
ITGA2B	8	3	0
ITGA7	8	3	0
ITGA8	8	3	0
ITGAD	8	3	0
ITGAM	8	3	0
ITGB8	8	3	0
ITK	8	3	0
ITPR2	8	3	0
JAK3	8	3	0
KCNJ10	8	3	0
KCNJ3	8	3	0
KCNJ6	8	3	0
KCNMB2	8	3	0
KCTD1	8	3	0
KCTD15	8	3	0
KDM1A	8	3	0
KDM4C	8	3	0
KIF3C	8	3	0
KIR2DL1	8	3	0
KIR2DL2	8	3	0
KIR2DS2	8	3	0
KIR2DS5	8	3	0
KLC2	8	3	0
KLK13	8	3	0
KLRD1	8	3	0
KMT2B	8	3	0
KMT2C	8	3	0
KRT5	8	3	0
LAMA3	8	3	0
LAMA5	8	3	0
LAMC2	8	3	0
LATS2	8	3	0
LBP	8	3	0
LCE1A	8	3	0
LCK	8	3	0
LDLRAP1	8	3	0
LEF1	8	3	0
LEO1	8	3	0
LHX4	8	3	0
LIAS	8	3	0
LIFR	8	3	0
LIMK1	8	3	0
LIN7B	8	3	0
LIN7C	8	3	0
LMAN1	8	3	0
LPIN1	8	3	0
LRFN3	8	3	0
LRP1	8	3	0
LTC4S	8	3	0
LYRM7	8	3	0
MAGED1	8	3	0
MAML3	8	3	0
MAP2K2	8	3	0
MAP2K4	8	3	0
MAP3K14	8	3	0
MAP3K8	8	3	0
MAPK1	8	3	0
MAPK8	8	3	0
MAPT	8	3	0
MAS1	8	3	0
MAVS	8	3	0
MBD1	8	3	0
MC5R	8	3	0
MCAT	8	3	0
MCM5	8	3	0
MCM7	8	3	1
MDK	8	3	0
MEF2A	8	3	0
MEF2D	8	3	0
METTL21A	8	3	0
MGA	8	3	0
MIB2	8	3	1
MKLN1	8	3	0
MKNK1	8	3	0
MMP19	8	3	0
MMP3	8	3	0
MMP9	8	3	0
MPG	8	3	0
MS4A2	8	3	0
MSH3	8	3	0
MSI2	8	3	0
MSRB1	8	3	0
MST1	8	3	0
MT-CO3	8	3	0
MT-CYB	8	3	0
MTM1	8	3	0
MTMR12	8	3	0
MTTP	8	3	0
MUC20	8	3	0
MUS81	8	3	0
MUSK	8	3	0
MUTYH	8	3	0
MVB12B	8	3	0
MYB	8	3	0
MYD88	8	3	0
MYF6	8	3	0
MYH11	8	3	0
MYL6	8	3	0
MYO5A	8	3	0
MYO9B	8	3	0
MYRIP	8	3	0
NCOR1	8	3	0
NCR3	8	3	0
NECTIN1	8	3	0
NEIL3	8	3	0
NEK1	8	3	0
NEK11	8	3	0
NEO1	8	3	0
NFASC	8	3	0
NFKBIB	8	3	0
NKX2-5	8	3	0
NLRP3	8	3	0
NOSTRIN	8	3	0
NOTCH2NLB	8	3	0
NPHS2	8	3	0
NR2F2	8	3	0
NR4A2	8	3	0
NRG4	8	3	0
NRIP1	8	3	0
NTF4	8	3	0
NTN3	8	3	0
NUAK1	8	3	0
NUB1	8	3	0
NUDC	8	3	0
OBSL1	8	3	0
OCRL	8	3	0
OGT	8	3	0
OMA1	8	3	0
OPA1	8	3	0
OPN1MW	8	3	0
OPTC	8	3	0
ORC5	8	3	0
OTUD3	8	3	0
OTUD5	8	3	0
P4HA1	8	3	0
PAAF1	8	3	0
PABPC1	8	3	0
PAFAH1B1	8	3	0
PAFAH1B2	8	3	0
PAGR1	8	3	0
PAK1	8	3	0
PARD6B	8	3	0
PARK7	8	3	0
PARN	8	3	0
PCBP2	8	3	0
PCGF6	8	3	0
PCLO	8	3	0
PDE3B	8	3	0
PDE4D	8	3	0
PDE6B	8	3	0
PDGFB	8	3	0
PDHX	8	3	0
PDIA3	8	3	0
PDPN	8	3	0
PELO	8	3	0
PER1	8	3	0
PEX10	8	3	0
PEX13	8	3	0
PHLDA1	8	3	0
PHLPP1	8	3	0
PHLPP2	8	3	0
PIAS1	8	3	0
PIDD1	8	3	0
PIK3R6	8	3	0
PIM1	8	3	0
PIP5K1C	8	3	0
PKP1	8	3	0
PLCB3	8	3	0
PLCG2	8	3	0
PLEC	8	3	0
PLG	8	3	0
PLIN2	8	3	0
PLIN3	8	3	0
PLK1	8	3	0
PLXNB1	8	3	0
PMF1	8	3	0
POLE3	8	3	0
POLE4	8	3	0
POLG	8	3	0
POLG2	8	3	0
POLI	8	3	0
POLK	8	3	0
POLL	8	3	0
POLQ	8	3	0
POU3F1	8	3	0
POU4F1	8	3	0
POU5F1	8	3	0
PPEF1	8	3	0
PPM1E	8	3	0
PPP1R10	8	3	0
PPP1R15A	8	3	0
PPP2R2A	8	3	0
PPP2R5A	8	3	0
PPP2R5B	8	3	0
PPP4C	8	3	0
PPP4R2	8	3	0
PRDM1	8	3	0
PRKAA2	8	3	0
PRKACG	8	3	0
PRKAG1	8	3	0
PRKN	8	3	0
PROCR	8	3	0
PROS1	8	3	0
PRSS3	8	3	0
PRTN3	8	3	0
PSAP	8	3	0
PSEN2	8	3	0
PSMD11	8	3	0
PSMD14	8	3	0
PTK2B	8	3	0
PTK6	8	3	0
PTP4A2	8	3	0
PTPN18	8	3	0
PTPN7	8	3	0
PTPRJ	8	3	0
PWWP2A	8	3	0
PYGO2	8	3	0
RAB11B	8	3	0
RAB12	8	3	0
RAB14	8	3	0
RAB1A	8	3	0
RAB35	8	3	0
RAB39A	8	3	0
RAB3A	8	3	0
RAB3IP	8	3	0
RAB6A	8	3	0
RAB9A	8	3	0
RABGGTB	8	3	0
RACGAP1	8	3	0
RACK1	8	3	0
RAD18	8	3	0
RAD23A	8	3	0
RAD23B	8	3	0
RAD51AP1	8	3	0
RALGAPA2	8	3	0
RAMAC	8	3	0
RAMP2	8	3	0
RAN	8	3	0
RAP1B	8	3	1
RAP1GAP	8	3	0
RAP1GDS1	8	3	0
RAPGEF4	8	3	0
RB1CC1	8	3	0
RBBP4	8	3	0
RBM7	8	3	0
RCE1	8	3	0
REN	8	3	0
REPS2	8	3	0
RGL2	8	3	0
RHOB	8	3	0
RHOH	8	3	0
RHPN1	8	3	0
RIC1	8	3	0
RIN3	8	3	0
RIPK2	8	3	0
RIPK3	8	3	0
RNF125	8	3	0
RNF135	8	3	0
RNMT	8	3	0
ROR2	8	3	0
RORC	8	3	0
RPTOR	8	3	0
RRN3	8	3	0
RRP8	8	3	0
RSPO1	8	3	0
RSPO4	8	3	0
RSU1	8	3	0
RUNX2	8	3	0
RYBP	8	3	0
SAE1	8	3	0
SCN5A	8	3	0
SCRIB	8	3	0
SEC22B	8	3	0
SELE	8	3	0
SEMA3A	8	3	0
SENP2	8	3	0
SEPTIN4	8	3	0
SESN1	8	3	0
SETDB1	8	3	0
SFPQ	8	3	0
SFRP1	8	3	0
SFTA3	8	3	0
SFTPD	8	3	0
SGCD	8	3	0
SH2B1	8	3	0
SHB	8	3	0
SIGLEC15	8	3	0
SIRPB1	8	3	0
SIRT4	8	3	0
SKI	8	3	0
SKIC2	8	3	0
SKIC3	8	3	0
SLC15A4	8	3	0
SLC16A1	8	3	0
SLC8A3	8	3	0
SLIT1	8	3	0
SMARCC2	8	3	0
SMARCD2	8	3	0
SMARCD3	8	3	0
SMARCE1	8	3	0
SMPD1	8	3	0
SNAP23	8	3	0
SNTA1	8	3	0
SNTB2	8	3	0
SNTG2	8	3	0
SNX3	8	3	0
SOCS1	8	3	0
SOCS6	8	3	0
SOS2	8	3	0
SOX10	8	3	0
SPN	8	3	0
SPOP	8	3	0
SPR	8	3	0
SPRED1	8	3	0
SPRED2	8	3	0
SPRY1	8	3	0
SPTA1	8	3	0
SPTAN1	8	3	0
SRGAP2	8	3	0
SRGAP3	8	3	0
SRMS	8	3	0
STK3	8	3	0
STK4	8	3	0
STPG4	8	3	0
STRN	8	3	0
STX16	8	3	0
STX1B	8	3	0
STX3	8	3	0
STXBP3	8	3	0
SUFU	8	3	1
SUMO2	8	3	0
SUPT4H1	8	3	0
SUV39H1	8	3	0
SUZ12	8	3	0
SYCP3	8	3	0
SYT9	8	3	0
SYTL2	8	3	0
TAB1	8	3	0
TASL	8	3	0
TBC1D10A	8	3	0
TBC1D7	8	3	0
TBP	8	3	0
TBXA2R	8	3	0
TCF3	8	3	0
TCN2	8	3	0
TDG	8	3	0
TEAD1	8	3	0
TEK	8	3	0
TERT	8	3	0
TET3	8	3	0
TFAP2A	8	3	0
TFDP2	8	3	0
TFPI	8	3	0
TGFBR1	8	3	0
THBS2	8	3	0
THBS3	8	3	0
THBS4	8	3	0
THRB	8	3	0
TIAM1	8	3	0
TKFC	8	3	0
TLE1	8	3	0
TLE4	8	3	0
TLN1	8	3	0
TLR1	8	3	0
TLR5	8	3	0
TLR7	8	3	0
TLR8	8	3	0
TMEM177	8	3	0
TMEM219	8	3	0
TNFRSF11A	8	3	0
TNFRSF13B	8	3	0
TNFRSF17	8	3	0
TNFRSF25	8	3	0
TNFSF11	8	3	0
TNIP3	8	3	0
TNK2	8	3	0
TNNI1	8	3	0
TNNT2	8	3	0
TNPO1	8	3	0
TNR	8	3	0
TNRC6B	8	3	0
TOLLIP	8	3	0
TOP2A	8	3	0
TOP3A	8	3	0
TPX2	8	3	0
TRADD	8	3	0
TRAT1	8	3	0
TRIM25	8	3	0
TRIM72	8	3	0
TRPV4	8	3	0
TSFM	8	3	0
TXLNA	8	3	0
TXN	8	3	0
TXN2	8	3	0
TYK2	8	3	0
TYRO3	8	3	0
UBA52	8	3	0
UBA7	8	3	0
UBE2D2	8	3	0
UBE2F	8	3	0
UFD1	8	3	0
UHRF1	8	3	0
ULK3	8	3	0
UPF2	8	3	0
UQCC5	8	3	0
UQCRQ	8	3	0
USE1	8	3	0
USO1	8	3	0
USP13	8	3	0
USP15	8	3	0
USP18	8	3	0
USP4	8	3	0
USP5	8	3	0
UTRN	8	3	0
UVRAG	8	3	0
UVSSA	8	3	0
VANGL2	8	3	0
VAV2	8	3	0
VCPKMT	8	3	0
VEGFB	8	3	0
VEGFC	8	3	0
VPREB3	8	3	0
VPS26A	8	3	0
VPS36	8	3	0
VPS37B	8	3	0
VPS37C	8	3	0
VPS51	8	3	0
VPS53	8	3	0
WDR26	8	3	0
WDR82	8	3	0
WIPF2	8	3	0
WNT1	8	3	0
WRN	8	3	0
WWP1	8	3	0
WWTR1	8	3	0
XRCC1	8	3	0
XRCC3	8	3	0
XRCC5	8	3	0
XRCC6	8	3	0
YWHAQ	8	3	0
ZDHHC5	8	3	0
ZDHHC8	8	3	0
ZDHHC9	8	3	0
ZEB2	8	3	0
ZFC3H1	8	3	0
ZNF420	8	3	0
ZNF423	8	3	0
ZNF45	8	3	0
ZNF592	8	3	0
ZNF598	8	3	0
ZW10	8	3	0
ZWINT	8	3	0
AAMP	8	4	0
AATF	8	4	0
ABCE1	8	4	0
ABHD17A	8	4	0
ABHD5	8	4	0
ABL1	8	4	0
ABLIM3	8	4	0
ACOX1	8	4	0
ACTG1	8	4	0
ACTN1	8	4	0
ACTN2	8	4	0
ADAM15	8	4	0
ADAM17	8	4	0
ADM2	8	4	0
ADORA2A	8	4	0
ADORA2B	8	4	0
ADRA2A	8	4	0
AGAP2	8	4	0
AGO3	8	4	0
AGT	8	4	0
AGTR1	8	4	0
AHRR	8	4	0
AJUBA	8	4	0
AKAP1	8	4	0
AKT1S1	8	4	0
ALB	8	4	0
AMBRA1	8	4	0
AMOT	8	4	0
AMOTL2	8	4	0
AMT	8	4	0
ANGPT2	8	4	0
ANGPT4	8	4	0
ANTXR1	8	4	0
AP1G1	8	4	0
AP4B1	8	4	0
APBB1IP	8	4	0
APC	8	4	0
APEX2	8	4	0
APOC2	8	4	0
APOE	8	4	0
AR	8	4	0
ARHGDIB	8	4	0
ARNT2	8	4	0
ASH2L	8	4	0
ASPH	8	4	0
ATF1	8	4	0
ATF3	8	4	0
ATF4	8	4	0
ATF5	8	4	0
ATF6B	8	4	0
ATG12	8	4	0
ATG16L1	8	4	0
ATP1A1	8	4	0
ATP1A2	8	4	0
ATR	8	4	0
ATXN3	8	4	0
AURKB	8	4	0
BACH2	8	4	0
BAG4	8	4	0
BANP	8	4	0
BCAR1	8	4	0
BCKDHB	8	4	0
BCL10	8	4	0
BDP1	8	4	0
BGLAP	8	4	0
BGN	8	4	0
BICRAL	8	4	0
BMAL1	8	4	0
BMAL2	8	4	0
BMP2	8	4	0
BMPR2	8	4	0
BOD1L1	8	4	0
BRCA2	8	4	0
BRF1	8	4	0
BRPF1	8	4	0
BSG	8	4	0
C1QA	8	4	0
C1R	8	4	0
C5AR2	8	4	0
CACNA1C	8	4	0
CACNA1H	8	4	0
CACNA2D1	8	4	0
CACNA2D2	8	4	0
CACNG7	8	4	0
CACNG8	8	4	0
CADM3	8	4	0
CAMKK2	8	4	0
CAMLG	8	4	0
CAND1	8	4	0
CANX	8	4	0
CAP2	8	4	0
CAPNS2	8	4	0
CASK	8	4	0
CASP10	8	4	0
CASP3	8	4	0
CASP7	8	4	0
CASTOR2	8	4	0
CBLL1	8	4	0
CCDC22	8	4	0
CCL13	8	4	0
CCL5	8	4	0
CCNB1	8	4	0
CCR2	8	4	0
CCR3	8	4	0
CD160	8	4	0
CD163	8	4	0
CD22	8	4	0
CD247	8	4	0
CD3D	8	4	0
CD5L	8	4	0
CD86	8	4	0
CD9	8	4	0
CDC14A	8	4	0
CDC20	8	4	0
CDC45	8	4	0
CDH1	8	4	0
CDH24	8	4	0
CDH5	8	4	0
CDK13	8	4	0
CDK2AP1	8	4	0
CDKN2B	8	4	0
CDSN	8	4	0
CEBPB	8	4	0
CEBPG	8	4	0
CFB	8	4	0
CFH	8	4	0
CFHR1	8	4	0
CFHR5	8	4	0
CHD5	8	4	0
CHD6	8	4	0
CHD8	8	4	0
CHM	8	4	0
CHUK	8	4	0
CISH	8	4	0
CLCF1	8	4	0
CLEC4C	8	4	0
CLEC5A	8	4	0
CLVS1	8	4	0
CNGA4	8	4	0
CNTFR	8	4	0
COMMD1	8	4	0
COPG2	8	4	0
COX17	8	4	0
CPB2	8	4	0
CPS1	8	4	0
CREB3L3	8	4	0
CREB3L4	8	4	0
CREBRF	8	4	0
CRK	8	4	0
CRTC2	8	4	0
CSF3	8	4	0
CSF3R	8	4	0
CSNK2A3	8	4	0
CSTF3	8	4	0
CTNNA1	8	4	1
CTSV	8	4	0
CUL1	8	4	0
CUL2	8	4	0
CUL3	8	4	0
CXXC1	8	4	0
CYLD	8	4	0
CYSLTR2	8	4	0
DAG1	8	4	0
DBNL	8	4	0
DCAF8L2	8	4	0
DCC	8	4	0
DCLRE1C	8	4	0
DCSTAMP	8	4	0
DCTN5	8	4	0
DEK	8	4	0
DENND1A	8	4	0
DENND1C	8	4	0
DENND5B	8	4	0
DERL2	8	4	0
DIS3	8	4	0
DIS3L2	8	4	0
DLG4	8	4	0
DMBT1	8	4	0
DMC1	8	4	0
DMTN	8	4	0
DNA2	8	4	0
DNAJA2	8	4	0
DNAJB1	8	4	0
DNAL4	8	4	0
DNM2	8	4	0
DNMT1	8	4	0
DOCK11	8	4	0
DOCK3	8	4	0
DPPA4	8	4	0
DSN1	8	4	0
DTNA	8	4	0
DTX4	8	4	0
DYNC1H1	8	4	0
DYNLL1	8	4	0
DYSF	8	4	0
E2F2	8	4	0
E2F6	8	4	0
EEF2K	8	4	0
EFCAB7	8	4	0
EGLN1	8	4	0
EGLN3	8	4	0
EHD1	8	4	0
EIF4A2	8	4	0
EIF4E2	8	4	0
EIF4G2	8	4	0
ELAVL1	8	4	0
ELK1	8	4	0
EME1	8	4	0
ENAH	8	4	0
EPB41L3	8	4	0
ERBB3	8	4	0
ERBIN	8	4	0
ERCC3	8	4	0
ERCC5	8	4	0
ERCC8	8	4	0
ERLEC1	8	4	0
ERLIN1	8	4	0
ERO1B	8	4	0
ESCO1	8	4	0
ESPL1	8	4	0
ETS1	8	4	0
ETV4	8	4	0
EXOSC10	8	4	0
EZH2	8	4	0
F11R	8	4	0
F13A1	8	4	0
F13B	8	4	0
F2RL2	8	4	0
F2RL3	8	4	0
F5	8	4	0
FBLN1	8	4	0
FBXL17	8	4	0
FBXL7	8	4	0
FCAMR	8	4	0
FCER1G	8	4	0
FCGR2A	8	4	0
FCN3	8	4	0
FEN1	8	4	0
FERMT2	8	4	0
FGF22	8	4	0
FGF23	8	4	0
FGF7	8	4	0
FGFBP1	8	4	0
FLT1	8	4	0
FMNL2	8	4	0
FMOD	8	4	0
FPR3	8	4	0
FRS2	8	4	0
FST	8	4	0
FYN	8	4	0
FZD3	8	4	0
FZD5	8	4	0
GAB1	8	4	0
GABARAP	8	4	0
GABBR1	8	4	0
GADD45A	8	4	0
GATA3	8	4	0
GBP5	8	4	0
GCC2	8	4	0
GCGR	8	4	0
GCSH	8	4	0
GFRA4	8	4	0
GGA1	8	4	0
GGA2	8	4	0
GHR	8	4	0
GID8	8	4	0
GINS1	8	4	0
GIPR	8	4	0
GLI3	8	4	0
GLP2R	8	4	0
GLRB	8	4	0
GLYCAM1	8	4	0
GNA13	8	4	0
GNAO1	8	4	0
GNAS	8	4	0
GNAT2	8	4	0
GNAZ	8	4	0
GNB4	8	4	0
GNB5	8	4	0
GNG13	8	4	0
GNPAT	8	4	0
GOSR2	8	4	0
GP5	8	4	0
GP9	8	4	0
GPNMB	8	4	0
GRB10	8	4	0
GREB1	8	4	0
GRIK2	8	4	0
GRIK4	8	4	0
GRK4	8	4	0
GTF2B	8	4	0
GTSE1	8	4	0
H1-0	8	4	0
H2AC6	8	4	0
H2AX	8	4	0
HBEGF	8	4	0
HBS1L	8	4	0
HCFC2	8	4	0
HCK	8	4	0
HCST	8	4	0
HDAC3	8	4	0
HEXA	8	4	0
HEXB	8	4	0
HIF1A	8	4	0
HIF1AN	8	4	0
HINT1	8	4	0
HINT2	8	4	0
HIRA	8	4	0
HLA-C	8	4	1
HLA-DOB	8	4	0
HLA-DQA1	8	4	1
HLA-E	8	4	0
HNRNPA1	8	4	0
HOXA11	8	4	0
HSPH1	8	4	0
HTRA1	8	4	0
IAPP	8	4	0
ICOSLG	8	4	0
IDH2	8	4	0
IFIH1	8	4	0
IFIT1	8	4	0
IFT20	8	4	0
IFT88	8	4	0
IGF1R	8	4	0
IGF2R	8	4	0
IGHA1	8	4	0
IGHG1	8	4	0
IKBKE	8	4	0
IL10RB	8	4	0
IL12B	8	4	0
IL13	8	4	0
IL15	8	4	0
IL18	8	4	0
IL1RAP	8	4	0
IL23R	8	4	0
IL26	8	4	0
IL2RG	8	4	0
IL3	8	4	0
IL32	8	4	0
IL36B	8	4	0
IL37	8	4	0
IL5	8	4	0
IL5RA	8	4	0
INHBA	8	4	0
INHBB	8	4	0
INPP5D	8	4	0
INPP5E	8	4	0
INPPL1	8	4	1
INS	8	4	0
INSIG1	8	4	0
INSIG2	8	4	0
IQGAP3	8	4	0
IRAK4	8	4	0
IRF7	8	4	0
ITGAL	8	4	0
ITGAV	8	4	0
ITGAX	8	4	0
ITGB3BP	8	4	0
ITPR3	8	4	0
JADE1	8	4	0
JAK2	8	4	0
JAM2	8	4	0
JMY	8	4	0
KALRN	8	4	0
KAT6B	8	4	0
KBTBD7	8	4	0
KCNJ12	8	4	0
KCNJ14	8	4	0
KCNJ5	8	4	0
KDM4A	8	4	0
KDM5B	8	4	0
KHDRBS3	8	4	0
KIF4B	8	4	0
KIR2DL4	8	4	0
KIR2DS1	8	4	0
KIR3DL2	8	4	0
KIRREL3	8	4	0
KLB	8	4	0
KLC1	8	4	0
KLK7	8	4	0
KLRC1	8	4	0
KPNB1	8	4	0
KRAS	8	4	0
KREMEN2	8	4	0
KRT26	8	4	0
KRT28	8	4	0
LAG3	8	4	0
LAMA2	8	4	0
LAMA4	8	4	0
LAMP2	8	4	0
LARGE2	8	4	0
LBR	8	4	0
LGI3	8	4	0
LGI4	8	4	0
LHX3	8	4	0
LIG1	8	4	0
LIMS1	8	4	0
LIPE	8	4	0
LMNB1	8	4	0
LOX	8	4	0
LPCAT1	8	4	0
LPL	8	4	0
LRIG1	8	4	0
LRP8	8	4	0
LTBP3	8	4	0
LTBP4	8	4	0
LTF	8	4	0
LUM	8	4	0
MAD2L1	8	4	0
MAD2L2	8	4	0
MAF	8	4	0
MAFB	8	4	0
MAFF	8	4	0
MAGI2	8	4	0
MAML1	8	4	0
MAP2K5	8	4	0
MAP3K7	8	4	0
MAPK14	8	4	0
MAPKAPK5	8	4	0
MARCKS	8	4	0
MASP1	8	4	0
MC4R	8	4	0
MCM3	8	4	0
MEAF6	8	4	0
MECP2	8	4	0
METTL3	8	4	0
MFAP4	8	4	0
MFAP5	8	4	0
MGAT5B	8	4	0
MIS18A	8	4	0
MLH3	8	4	0
MLKL	8	4	0
MLPH	8	4	0
MMP12	8	4	0
MMP16	8	4	0
MOV10	8	4	0
MPHOSPH8	8	4	0
MPIG6B	8	4	0
MPST	8	4	0
MSRB2	8	4	0
MST1R	8	4	0
MT-RNR2	8	4	0
MTA1	8	4	0
MTMR2	8	4	0
MTRES1	8	4	0
MYBL2	8	4	0
MYH10	8	4	0
MYH14	8	4	0
MYL12A	8	4	0
MYO5B	8	4	0
MYO6	8	4	0
MYSM1	8	4	0
NBR1	8	4	0
NCAN	8	4	0
NCOR2	8	4	0
NCR2	8	4	0
NECTIN3	8	4	0
NECTIN4	8	4	0
NEDD4L	8	4	0
NEFL	8	4	0
NEIL1	8	4	0
NEK6	8	4	0
NELFA	8	4	0
NELFB	8	4	0
NELL2	8	4	0
NEU4	8	4	0
NF2	8	4	0
NFATC3	8	4	0
NFU1	8	4	0
NGFR	8	4	0
NID2	8	4	0
NLRC5	8	4	0
NOC2L	8	4	0
NODAL	8	4	0
NOS3	8	4	0
NOTCH2NLA	8	4	0
NOX1	8	4	0
NOX4	8	4	0
NPHS1	8	4	0
NPLOC4	8	4	0
NR2C1	8	4	0
NR5A1	8	4	0
NRCAM	8	4	0
NSF	8	4	0
NSMAF	8	4	0
NTRK1	8	4	0
NXF1	8	4	0
OGDH	8	4	0
ORC3	8	4	0
OSBPL1A	8	4	0
OSM	8	4	0
OSTC	8	4	0
P2RY12	8	4	0
PABPN1	8	4	0
PAK6	8	4	0
PALB2	8	4	0
PARD3	8	4	0
PARG	8	4	0
PARVB	8	4	0
PAX3	8	4	0
PCNA	8	4	0
PDCD1	8	4	0
PDE5A	8	4	0
PDGFA	8	4	0
PDGFC	8	4	0
PDGFD	8	4	0
PDGFRA	8	4	0
PDLIM5	8	4	0
PECAM1	8	4	0
PEX12	8	4	0
PEX14	8	4	0
PEX2	8	4	0
PGAP1	8	4	0
PGF	8	4	0
PHAX	8	4	0
PHC1	8	4	0
PHC3	8	4	0
PHF8	8	4	0
PHKA1	8	4	0
PIK3CG	8	4	0
PIK3R2	8	4	0
PIN1	8	4	0
PIP4K2C	8	4	0
PKM	8	4	0
PLCB4	8	4	0
PLK3	8	4	0
PLXNA1	8	4	0
PLXNA2	8	4	0
PML	8	4	0
PMS2	8	4	0
PNKP	8	4	0
POLB	8	4	0
POLD1	8	4	0
POLE	8	4	0
POLH	8	4	0
POLM	8	4	0
POLRMT	8	4	0
POMGNT1	8	4	0
POMGNT2	8	4	0
POMK	8	4	0
POMT2	8	4	0
POT1	8	4	0
POU3F2	8	4	0
PPARD	8	4	0
PPFIA2	8	4	0
PPIA	8	4	0
PPM1B	8	4	0
PPP1CA	8	4	0
PPP1R13L	8	4	0
PPP2R1A	8	4	0
PPP2R5C	8	4	0
PPP2R5D	8	4	0
PPP3CA	8	4	0
PPP6R1	8	4	0
PPRC1	8	4	0
PRDX1	8	4	0
PRDX3	8	4	0
PRKAB1	8	4	0
PRKAB2	8	4	0
PRKCB	8	4	0
PRKCD	8	4	0
PRKDC	8	4	0
PRL	8	4	0
PRM2	8	4	0
PSENEN	8	4	0
PSG1	8	4	0
PSMC4	8	4	0
PSMD10	8	4	0
PSMD3	8	4	0
PSMD6	8	4	0
PSMD7	8	4	0
PSME4	8	4	0
PTGIR	8	4	0
PTPN11	8	4	0
PTPN12	8	4	0
PTPN3	8	4	1
PTS	8	4	0
PVR	8	4	0
PWWP2B	8	4	0
PYGM	8	4	0
PYGO1	8	4	0
RAB10	8	4	0
RAB5A	8	4	0
RAB8B	8	4	0
RAD51B	8	4	0
RAD51C	8	4	0
RAD9A	8	4	0
RAD9B	8	4	0
RALB	8	4	0
RAMP1	8	4	0
RAP1A	8	4	0
RARA	8	4	0
RARB	8	4	0
RASGRP2	8	4	0
RASGRP3	8	4	0
RBBP8	8	4	0
RBL2	8	4	0
RBSN	8	4	0
RCC1	8	4	0
RCVRN	8	4	0
REL	8	4	0
RGL1	8	4	0
RGS7	8	4	0
RHO	8	4	0
RHOBTB1	8	4	0
RHOBTB2	8	4	0
RHOG	8	4	0
RHOJ	8	4	0
RHOU	8	4	0
RIF1	8	4	0
RIPK1	8	4	0
RMND5B	8	4	0
RNASEL	8	4	0
RNF128	8	4	0
RNF31	8	4	0
RNF43	8	4	0
RNGTT	8	4	0
ROBO1	8	4	0
ROBO2	8	4	0
ROCK1	8	4	0
ROPN1	8	4	0
RPS27A	8	4	0
RPS6	8	4	0
RRAGA	8	4	0
RRAGB	8	4	0
RTN4R	8	4	0
RUNX1	8	4	0
RYK	8	4	0
S100A1	8	4	0
S100A10	8	4	0
SAMTOR	8	4	0
SAP18	8	4	0
SAR1B	8	4	0
SBF1	8	4	0
SCAI	8	4	0
SCP2	8	4	0
SDC2	8	4	0
SEC16A	8	4	0
SEC16B	8	4	0
SEC23IP	8	4	0
SEC31A	8	4	0
SEMA6D	8	4	0
SEPTIN7	8	4	0
SERPINC1	8	4	0
SERPINF2	8	4	0
SESN2	8	4	0
SETD6	8	4	0
SFN	8	4	0
SFTPA2	8	4	0
SGCA	8	4	0
SGK2	8	4	0
SGTA	8	4	0
SHARPIN	8	4	0
SHC1	8	4	0
SHC3	8	4	0
SHOC2	8	4	0
SHTN1	8	4	0
SIAH2	8	4	0
SIGIRR	8	4	0
SIRPA	8	4	0
SIRT1	8	4	0
SIRT2	8	4	0
SIRT3	8	4	0
SKAP2	8	4	0
SLA	8	4	0
SLBP	8	4	0
SLC17A7	8	4	0
SLC18A3	8	4	0
SLIT3	8	4	0
SLX4	8	4	0
SMAD3	8	4	0
SMAD6	8	4	0
SMARCA5	8	4	0
SMPD2	8	4	0
SOCS5	8	4	0
SOD2	8	4	0
SPINK5	8	4	0
SPRTN	8	4	0
SPRY2	8	4	0
SREBF1	8	4	0
SRXN1	8	4	0
SSBP1	8	4	0
STAB2	8	4	0
STAM	8	4	0
STARD10	8	4	0
STAT1	8	4	0
STAT4	8	4	0
STIM1	8	4	0
STIP1	8	4	0
STK11	8	4	0
STON2	8	4	0
STRADA	8	4	0
STRADB	8	4	0
STUB1	8	4	0
STX10	8	4	0
STX6	8	4	0
SUPT5H	8	4	0
SYTL1	8	4	0
TAF1	8	4	0
TAPBP	8	4	0
TARBP2	8	4	0
TAS1R1	8	4	0
TAS1R2	8	4	0
TASOR	8	4	0
TASP1	8	4	0
TBC1D4	8	4	0
TBL1X	8	4	0
TBL1XR1	8	4	0
TBPL2	8	4	0
TCF7	8	4	0
TEAD2	8	4	0
TEAD3	8	4	0
TEX10	8	4	0
TFE3	8	4	0
TGFB2	8	4	0
TGIF1	8	4	0
THBD	8	4	0
THRA	8	4	0
TIMP2	8	4	0
TIRAP	8	4	0
TLE5	8	4	0
TLR10	8	4	0
TLR4	8	4	0
TMPRSS2	8	4	0
TNFRSF10A	8	4	0
TNFRSF11B	8	4	0
TNFRSF1B	8	4	0
TNFSF10	8	4	0
TNFSF13B	8	4	0
TNRC6C	8	4	0
TNS4	8	4	0
TOP1	8	4	0
TOP2B	8	4	0
TRAK1	8	4	0
TRAV19	8	4	0
TRBC1	8	4	0
TRPC7	8	4	0
TSC1	8	4	0
TSC2	8	4	0
TSN	8	4	0
TSPOAP1	8	4	0
TTF1	8	4	0
TUSC3	8	4	0
TWIST2	8	4	0
TXNIP	8	4	0
UBAP1	8	4	0
UBE2L6	8	4	0
UBE2V1	8	4	0
UNC5D	8	4	0
UQCR11	8	4	0
UQCRFS1	8	4	0
USF1	8	4	0
USP20	8	4	0
USP24	8	4	0
USP26	8	4	0
USP34	8	4	0
USP42	8	4	0
USP9X	8	4	0
VAMP4	8	4	0
VPREB1	8	4	0
VPS28	8	4	0
VPS35	8	4	0
VPS37D	8	4	0
VPS45	8	4	0
VPS54	8	4	0
WEE1	8	4	0
WIPI2	8	4	0
WLS	8	4	0
WNT11	8	4	0
WNT4	8	4	0
WNT8A	8	4	0
WNT8B	8	4	0
WNT9A	8	4	0
WT1	8	4	0
WWP2	8	4	0
XPC	8	4	0
XPO5	8	4	0
XPOT	8	4	0
YKT6	8	4	0
ZAP70	8	4	0
ZBTB17	8	4	0
ZC3H18	8	4	0
ZC3HC1	8	4	0
ZCCHC8	8	4	0
ZFYVE9	8	4	0
ZMYM2	8	4	0
ZNF217	8	4	0
ZNF521	8	4	0
ZNF687	8	4	0
ZNF827	8	4	0
ACTN1	9	0	0
ACTR10	9	0	0
ACVR2A	9	0	0
ADAM19	9	0	0
ADCYAP1	9	0	0
ADD1	9	0	0
ADNP2	9	0	0
ADRA2A	9	0	0
ADRM1	9	0	0
AHCYL1	9	0	0
AKAP1	9	0	0
AKT3	9	0	0
ALK	9	0	0
ALPK1	9	0	0
AMBRA1	9	0	0
AMT	9	0	0
ANGPT1	9	0	0
ANGPT2	9	0	0
ANGPT4	9	0	0
ANKRD28	9	0	0
ANPEP	9	0	0
ANTXR1	9	0	0
AP2S1	9	0	0
APEX2	9	0	0
APOB	9	0	0
APP	9	0	0
APPL1	9	0	0
ARHGAP1	9	0	0
ARHGAP35	9	0	0
ARHGAP39	9	0	0
ARHGDIB	9	0	0
ARHGEF25	9	0	0
ARHGEF6	9	0	0
ARHGEF7	9	0	0
ARIH1	9	0	0
ARL13B	9	0	0
ARNT	9	0	1
ATAD2	9	0	0
ATG101	9	0	0
ATG9A	9	0	0
ATP1A4	9	0	0
ATP1B4	9	0	0
ATRX	9	0	0
AURKB	9	0	0
AVPR1A	9	0	0
B3GNT3	9	0	0
B4GALT1	9	0	0
BACH1	9	0	0
BARD1	9	0	0
BCAR1	9	0	0
BCHE	9	0	0
BCKDHB	9	0	0
BCL2L11	9	0	0
BCR	9	0	0
BICRA	9	0	0
BID	9	0	0
BLK	9	0	0
BMPR1A	9	0	0
BNIP1	9	0	0
BTRC	9	0	0
C1D	9	0	0
C1QBP	9	0	0
C1S	9	0	0
C2CD5	9	0	0
C4A	9	0	0
C4BPA	9	0	0
C9	9	0	0
CAB39	9	0	0
CACNA1E	9	0	0
CACNG6	9	0	0
CACNG7	9	0	0
CADM1	9	0	0
CADM2	9	0	0
CAMK2D	9	0	0
CAMKK2	9	0	0
CAMKMT	9	0	0
CAP1	9	0	0
CAPNS2	9	0	0
CAPZA2	9	0	0
CAPZB	9	0	0
CARM1	9	0	0
CASP6	9	0	0
CASP8AP2	9	0	0
CBLIF	9	0	0
CBX3	9	0	0
CBX5	9	0	0
CCDC59	9	0	0
CCDC8	9	0	0
CCL16	9	0	0
CCNA1	9	0	0
CCNC	9	0	0
CCND1	9	0	0
CCNT1	9	0	0
CCR1	9	0	0
CCR4	9	0	0
CD177	9	0	0
CD1A	9	0	0
CD209	9	0	0
CD24	9	0	0
CD320	9	0	0
CD36	9	0	0
CD4	9	0	0
CD96	9	0	0
CDC20	9	0	0
CDC42EP5	9	0	0
CDCA8	9	0	0
CDH11	9	0	0
CDH19	9	0	0
CDK12	9	0	0
CDKN1A	9	0	0
CEBPB	9	0	0
CEBPD	9	0	0
CENPA	9	0	0
CFC1	9	0	0
CFHR1	9	0	0
CFHR5	9	0	0
CFP	9	0	0
CHEK1	9	0	0
CISH	9	0	0
CLEC4C	9	0	0
CLOCK	9	0	0
CLSPN	9	0	0
CLTB	9	0	0
CLTC	9	0	0
CLTCL1	9	0	0
CLU	9	0	0
CNGA1	9	0	0
CNGA4	9	0	0
CNPY3	9	0	0
CNTF	9	0	0
COL3A1	9	0	0
COPA	9	0	0
COPZ2	9	0	0
CPA3	9	0	0
CPE	9	0	0
CPSF7	9	0	0
CRP	9	0	0
CRY2	9	0	0
CSF3	9	0	0
CSNK1D	9	0	0
CSNK2B	9	0	0
CTC1	9	0	0
CTDNEP1	9	0	0
CTDP1	9	0	0
CTNNA1	9	0	1
CTSV	9	0	0
CTTN	9	0	0
CUL5	9	0	0
CUL9	9	0	0
CUX1	9	0	0
CYB5RL	9	0	0
CYLD	9	0	0
CYP11A1	9	0	0
CYSLTR1	9	0	0
DAB2	9	0	0
DAD1	9	0	0
DAG1	9	0	0
DBF4	9	0	0
DBNL	9	0	0
DCAF8L2	9	0	0
DCLRE1C	9	0	0
DCTN3	9	0	0
DDB1	9	0	0
DDB2	9	0	0
DELE1	9	0	0
DENND4A	9	0	0
DENND5A	9	0	0
DENND5B	9	0	0
DENND6A	9	0	0
DFFB	9	0	0
DHTKD1	9	0	0
DHX36	9	0	0
DLD	9	0	0
DNAJA1	9	0	0
DNAJB1	9	0	0
DNAJB6	9	0	0
DNAJC2	9	0	0
DNAJC7	9	0	0
DNER	9	0	0
DOCK1	9	0	0
DPPA3	9	0	0
DSN1	9	0	0
DST	9	0	0
DTNB	9	0	0
DTX1	9	0	0
DUS2	9	0	0
DUSP7	9	0	0
DVL1	9	0	0
DVL2	9	0	0
DVL3	9	0	0
DYNC1I1	9	0	0
E2F2	9	0	0
E2F3	9	0	0
EED	9	0	0
EEF1B2	9	0	0
EEF1G	9	0	0
EFCAB7	9	0	0
EFNB2	9	0	0
EIF2S1	9	0	0
EIF2S2	9	0	0
EIF4G1	9	0	0
ELAVL1	9	0	0
ELF1	9	0	0
ELMO1	9	0	0
ELMO2	9	0	0
ELOA2	9	0	0
EMD	9	0	0
EML4	9	0	0
ENSA	9	0	0
EPB41	9	0	0
EPB41L2	9	0	0
EPB41L3	9	0	0
EPHB2	9	0	0
ERBIN	9	0	0
ERCC1	9	0	0
ERCC5	9	0	0
ERF	9	0	0
ERLIN1	9	0	0
ESCO1	9	0	0
ETS1	9	0	0
EVC	9	0	0
EVL	9	0	0
EYA1	9	0	0
F13B	9	0	0
F2RL1	9	0	0
F5	9	0	0
F8	9	0	0
FABP4	9	0	0
FANCI	9	0	0
FAS	9	0	0
FBN1	9	0	0
FBXL17	9	0	0
FBXL3	9	0	0
FBXO5	9	0	0
FDX2	9	0	0
FDXR	9	0	0
FGA	9	0	0
FGB	9	0	0
FGF10	9	0	0
FGF19	9	0	0
FGF2	9	0	0
FGF22	9	0	0
FGFR2	9	0	0
FGFR3	9	0	0
FGR	9	0	0
FLT3LG	9	0	0
FNTA	9	0	0
FOXA1	9	0	0
FOXH1	9	0	0
FRAT1	9	0	0
FRK	9	0	0
FST	9	0	0
FSTL3	9	0	0
FURIN	9	0	0
FYB1	9	0	0
FZD1	9	0	0
FZD5	9	0	0
GABRA1	9	0	0
GALNT2	9	0	0
GANAB	9	0	0
GAS6	9	0	0
GBP2	9	0	0
GC	9	0	0
GCSH	9	0	0
GFRA2	9	0	0
GGCX	9	0	0
GLDC	9	0	0
GLG1	9	0	0
GLRA3	9	0	0
GMNC	9	0	0
GNA13	9	0	0
GNA14	9	0	0
GNAI2	9	0	0
GNAQ	9	0	0
GNB3	9	0	0
GNG13	9	0	0
GNGT1	9	0	0
GOLIM4	9	0	0
GOPC	9	0	0
GORASP1	9	0	0
GP1BB	9	0	0
GPER1	9	0	0
GPR37	9	0	0
GPR37L1	9	0	0
GRIA3	9	0	0
GRIK3	9	0	0
GRIN2D	9	0	0
GRK5	9	0	0
GRK7	9	0	0
GTSE1	9	0	0
GYG2	9	0	0
H1-0	9	0	0
H2BC21	9	0	0
HBS1L	9	0	0
HDAC2	9	0	0
HES7	9	0	0
HIC1	9	0	0
HIF1A	9	0	0
HIF1AN	9	0	0
HJURP	9	0	0
HLA-DMA	9	0	0
HLA-DOB	9	0	0
HLA-DPA1	9	0	0
HLA-DQA2	9	0	0
HLA-G	9	0	0
HMGB1	9	0	0
HNRNPA1	9	0	0
HOMER2	9	0	0
HRAS	9	0	0
HSP90AA1	9	0	0
HSP90B1	9	0	0
HTT	9	0	0
IAPP	9	0	0
ICOSLG	9	0	0
ID1	9	0	0
IFI44	9	0	0
IFIH1	9	0	0
IGF1R	9	0	0
IGFALS	9	0	0
IKBKE	9	0	0
IKZF2	9	0	0
IKZF3	9	0	0
IL12B	9	0	0
IL12RB2	9	0	0
IL13	9	0	0
IL13RA1	9	0	0
IL16	9	0	0
IL18R1	9	0	0
IL2	9	0	0
IL20	9	0	0
IL21R	9	0	0
IL22	9	0	0
IL23A	9	0	0
IL26	9	0	0
IL2RA	9	0	0
IL3	9	0	0
IL31RA	9	0	0
IL37	9	0	0
IL3RA	9	0	0
IL6	9	0	0
IL9	9	0	0
ILF2	9	0	0
ILF3	9	0	0
IMPACT	9	0	0
ING2	9	0	0
ING5	9	0	0
INSR	9	0	0
IPO8	9	0	0
IQGAP2	9	0	0
IRAG1	9	0	0
IRF4	9	0	0
IRF5	9	0	0
ITCH	9	0	0
ITGA1	9	0	0
ITGA2B	9	0	0
ITGA3	9	0	0
ITGA5	9	0	0
ITGA9	9	0	0
ITGB1	9	0	0
ITGB6	9	0	0
ITK	9	0	0
ITPKB	9	0	0
ITPKC	9	0	0
ITSN1	9	0	0
IZUMO1	9	0	0
JAM2	9	0	0
JARID2	9	0	0
KARS1	9	0	0
KAT6A	9	0	0
KCNJ10	9	0	0
KCNJ2	9	0	0
KCNJ9	9	0	0
KCNQ3	9	0	0
KCTD15	9	0	0
KDM1A	9	0	0
KDM4B	9	0	0
KDR	9	0	0
KHSRP	9	0	0
KICS2	9	0	0
KIF17	9	0	0
KIF23	9	0	0
KIF3A	9	0	0
KIF3C	9	0	0
KIFAP3	9	0	0
KIR2DL2	9	0	0
KIR3DL1	9	0	0
KLHL12	9	0	0
KLK12	9	0	0
KLK8	9	0	0
KLRC1	9	0	0
KMT2A	9	0	0
KNG1	9	0	0
KPNA1	9	0	0
KRAS	9	0	0
KREMEN2	9	0	0
L3MBTL1	9	0	0
L3MBTL2	9	0	0
LAMA2	9	0	0
LAMC1	9	0	0
LARGE1	9	0	0
LAT	9	0	0
LCAT	9	0	0
LCE1A	9	0	0
LEFTY2	9	0	0
LEP	9	0	0
LGR4	9	0	0
LIAS	9	0	0
LIG3	9	0	0
LIN7B	9	0	0
LIPE	9	0	0
LOX	9	0	0
LRIG1	9	0	0
LRP4	9	0	0
LRRC4B	9	0	0
LRRC7	9	0	0
LRRK2	9	0	0
LTC4S	9	0	0
LUM	9	0	0
LYN	9	0	1
MALSU1	9	0	0
MALT1	9	0	0
MAML3	9	0	0
MAP2K2	9	0	0
MAP3K3	9	0	0
MAP3K8	9	0	0
MAPK10	9	0	0
MAPK6	9	0	0
MAPKAPK2	9	0	0
MAPT	9	0	0
MASTL	9	0	0
MBD2	9	0	0
MBD3L2	9	0	0
MBTPS1	9	0	0
MCAT	9	0	0
MCF2	9	0	0
MEN1	9	0	0
METAP2	9	0	0
METTL3	9	0	0
MFAP3	9	0	0
MFAP4	9	0	0
MIB2	9	0	1
MIXL1	9	0	0
MLEC	9	0	0
MMP19	9	0	0
MORC2	9	0	0
MPIG6B	9	0	0
MSRB2	9	0	0
MSRB3	9	0	0
MST1R	9	0	0
MT-CO2	9	0	0
MTM1	9	0	0
MTMR10	9	0	0
MTOR	9	0	0
MUTYH	9	0	0
MYH14	9	0	0
MYH9	9	0	0
MYL6	9	0	0
MYO6	9	0	0
MYOG	9	0	0
NAB2	9	0	0
NAE1	9	0	0
NAT8B	9	0	0
NBN	9	0	0
NDUFAB1	9	0	0
NEDD8	9	0	0
NEK11	9	0	0
NEK2	9	0	0
NEK6	9	0	0
NELFE	9	0	0
NEO1	9	0	0
NFKB2	9	0	0
NFKBIB	9	0	0
NGF	9	0	0
NID1	9	0	0
NKX2-5	9	0	0
NLK	9	0	0
NLRC4	9	0	0
NOD1	9	0	0
NODAL	9	0	0
NOP58	9	0	0
NOXA1	9	0	0
NPHS2	9	0	0
NPM1	9	0	0
NR1D1	9	0	0
NR2C2	9	0	0
NR4A2	9	0	0
NRCAM	9	0	0
NRG2	9	0	0
NRGN	9	0	0
NRP1	9	0	0
NSMAF	9	0	0
NTRK2	9	0	0
NUMA1	9	0	0
OBI1	9	0	0
OBSL1	9	0	0
ORC2	9	0	0
ORC6	9	0	0
OSCAR	9	0	0
OSMR	9	0	0
OST4	9	0	0
OSTC	9	0	0
P2RY1	9	0	0
P2RY12	9	0	0
P4HA1	9	0	0
P4HA3	9	0	0
PAFAH1B2	9	0	0
PAK1	9	0	0
PARN	9	0	0
PCSK9	9	0	0
PDCD6IP	9	0	0
PDE6A	9	0	0
PDE6B	9	0	0
PDE6D	9	0	0
PDIA3	9	0	0
PDS5A	9	0	0
PEX14	9	0	0
PEX26	9	0	0
PEX5	9	0	0
PFN1	9	0	0
PGGT1B	9	0	0
PHC3	9	0	0
PI4KB	9	0	0
PIF1	9	0	0
PIGK	9	0	0
PIK3CD	9	0	0
PIK3R1	9	0	0
PKM	9	0	0
PLAU	9	0	0
PLCB3	9	0	0
PLEKHA8	9	0	0
PLIN3	9	0	0
PLXNA4	9	0	0
POGLUT1	9	0	0
POLDIP3	9	0	0
POLE	9	0	0
POLK	9	0	0
POLQ	9	0	0
POT1	9	0	0
POU3F2	9	0	0
POU5F1	9	0	0
PPFIBP1	9	0	0
PPM1E	9	0	0
PPP1R10	9	0	0
PPP1R12A	9	0	0
PPP1R13B	9	0	0
PPP3CA	9	0	0
PPP3CC	9	0	0
PPP3R1	9	0	0
PPP4C	9	0	0
PPP5C	9	0	0
PREX2	9	0	0
PRKAG2	9	0	0
PRKCA	9	0	0
PRKCD	9	0	0
PRKCG	9	0	0
PRKCSH	9	0	0
PRKCZ	9	0	0
PRKG2	9	0	0
PRKN	9	0	0
PRM1	9	0	0
PRMT5	9	0	0
PROCR	9	0	0
PROS1	9	0	0
PRSS8	9	0	0
PSEN2	9	0	0
PSMC4	9	0	0
PSMD13	9	0	0
PSME4	9	0	0
PTCH1	9	0	0
PTGIR	9	0	0
PTPN2	9	0	0
PTPN3	9	0	1
PTPRJ	9	0	0
PTPRS	9	0	0
RAB10	9	0	0
RAB13	9	0	0
RAB3GAP1	9	0	0
RAB3IL1	9	0	0
RAB8A	9	0	0
RAC1	9	0	0
RAC2	9	0	0
RAD21	9	0	0
RAD23B	9	0	0
RAD51	9	0	0
RALGAPB	9	0	0
RALGDS	9	0	0
RANBP2	9	0	0
RAP1A	9	0	0
RAPGEF4	9	0	0
RARA	9	0	0
RASGRP3	9	0	0
RB1	9	0	0
RBBP5	9	0	0
RCHY1	9	0	0
REL	9	0	0
RELN	9	0	0
REV3L	9	0	0
RHOF	9	0	0
RHOH	9	0	0
RHOT1	9	0	0
RIGI	9	0	0
RIPK3	9	0	0
RMND5B	9	0	0
RNASEL	9	0	0
RNF123	9	0	0
RNF125	9	0	0
RNF144A	9	0	0
RNF152	9	0	0
RNF168	9	0	0
RNF43	9	0	0
RNGTT	9	0	0
RPS6KA2	9	0	0
RRN3	9	0	0
RRP8	9	0	0
RTKN	9	0	0
RTN4R	9	0	0
RUVBL1	9	0	0
RXRG	9	0	0
RYBP	9	0	0
S100A9	9	0	0
S100B	9	0	0
SACK1B	9	0	0
SAE1	9	0	0
SAR1B	9	0	0
SATB1	9	0	0
SCAP	9	0	0
SCUBE1	9	0	0
SCUBE3	9	0	0
SEC23IP	9	0	0
SEL1L	9	0	0
SELE	9	0	0
SELPLG	9	0	0
SENP1	9	0	0
SENP5	9	0	0
SERPINB2	9	0	0
SESN2	9	0	0
SETD1A	9	0	0
SETDB1	9	0	0
SFN	9	0	0
SFTPA1	9	0	0
SGCB	9	0	0
SGCG	9	0	0
SGO1	9	0	0
SH2B1	9	0	0
SH2B3	9	0	0
SH2D2A	9	0	0
SH3GL3	9	0	0
SHANK2	9	0	0
SHB	9	0	0
SHC1	9	0	0
SIGLEC14	9	0	0
SIKE1	9	0	0
SIRPA	9	0	0
SKIC8	9	0	0
SLBP	9	0	0
SLC15A4	9	0	0
SLC38A9	9	0	0
SLCO3A1	9	0	0
SLX4	9	0	0
SMAD1	9	0	0
SMAD2	9	0	0
SMAD3	9	0	0
SMARCA4	9	0	0
SMARCC1	9	0	0
SMARCE1	9	0	0
SMUG1	9	0	0
SMURF1	9	0	0
SMYD2	9	0	0
SNAP25	9	0	0
SNCAIP	9	0	0
SNTB2	9	0	0
SNX3	9	0	0
SOCS1	9	0	0
SOCS6	9	0	0
SOST	9	0	0
SOX2	9	0	0
SPRED1	9	0	0
SRGAP2	9	0	0
SRPK1	9	0	0
STAB2	9	0	0
STARD10	9	0	0
STAT4	9	0	0
STIP1	9	0	0
STK11	9	0	0
STRAP	9	0	0
STT3B	9	0	0
STX5	9	0	0
STXBP1	9	0	0
SUMO1	9	0	0
SUV39H1	9	0	0
SUZ12	9	0	0
SYMPK	9	0	0
SYTL1	9	0	0
SZT2	9	0	0
TAB2	9	0	0
TAB3	9	0	0
TBL1X	9	0	0
TBXT	9	0	0
TCF7L2	9	0	0
TEAD1	9	0	0
TESK1	9	0	0
TEX10	9	0	0
TFAP2C	9	0	0
TFDP2	9	0	0
TFG	9	0	0
TGFB1	9	0	0
TGFBR1	9	0	0
TGFBR3	9	0	0
THBS4	9	0	0
THRA	9	0	0
TKFC	9	0	0
TLE1	9	0	0
TLR1	9	0	0
TLR4	9	0	0
TLR6	9	0	0
TMED2	9	0	0
TNFRSF13C	9	0	0
TNFSF13B	9	0	0
TNIP3	9	0	0
TNNI2	9	0	0
TNNT1	9	0	0
TNRC6B	9	0	0
TNRC6C	9	0	0
TNS4	9	0	0
TOMM20	9	0	0
TOP2B	9	0	0
TPST1	9	0	0
TPX2	9	0	0
TRADD	9	0	0
TRAF6	9	0	0
TRAT1	9	0	0
TRBC1	9	0	0
TRBV7-9	9	0	0
TREM1	9	0	0
TRIM28	9	0	0
TRIM32	9	0	0
TRPC4	9	0	0
TRPC7	9	0	0
TRPV4	9	0	0
TSFM	9	0	0
TSNAX	9	0	0
TSPAN15	9	0	0
TSPAN5	9	0	0
UBA7	9	0	0
UBAP1	9	0	0
UBE2D1	9	0	0
UBE2I	9	0	0
UBE2T	9	0	0
UBE2V2	9	0	0
UBN1	9	0	0
UBQLN2	9	0	0
UHMK1	9	0	0
UIMC1	9	0	0
ULK3	9	0	0
UNC13B	9	0	0
UNC5A	9	0	0
UNG	9	0	0
UPF3A	9	0	0
UQCC1	9	0	0
UQCC2	9	0	0
USP11	9	0	0
USP19	9	0	0
USP34	9	0	0
USP4	9	0	0
USP44	9	0	0
VAMP8	9	0	0
VAV2	9	0	0
VCAM1	9	0	0
VCL	9	0	0
VDR	9	0	0
VEGFA	9	0	0
VEGFD	9	0	0
VHL	9	0	0
VIM	9	0	0
VPREB3	9	0	0
WAPL	9	0	0
WIPF1	9	0	0
WIPF3	9	0	0
WNT3A	9	0	0
WNT8A	9	0	0
XPO1	9	0	0
XPO5	9	0	0
XRCC1	9	0	0
YEATS4	9	0	0
YWHAE	9	0	0
ZFP36L1	9	0	0
ZFPM2	9	0	0
ZFYVE9	9	0	0
ZMYND8	9	0	0
ZNF143	9	0	0
ZNF827	9	0	0
ABHD17C	9	1	0
ABHD5	9	1	0
ACBD3	9	1	0
ACOX1	9	1	0
ACTA1	9	1	0
ACTB	9	1	0
ACVR1C	9	1	0
ADAM10	9	1	0
ADAM11	9	1	0
ADAM12	9	1	0
ADAM23	9	1	0
ADAR	9	1	0
ADCY3	9	1	0
ADCY8	9	1	0
ADNP	9	1	0
ADORA2B	9	1	0
ADRA1A	9	1	0
ADRA1D	9	1	0
AGAP2	9	1	0
AGER	9	1	0
AGO2	9	1	0
AGRN	9	1	0
AICDA	9	1	0
AKAP8L	9	1	0
ALB	9	1	0
ALOX5AP	9	1	0
AMBP	9	1	0
AMOT	9	1	0
AMOTL2	9	1	0
ANK1	9	1	0
ANK3	9	1	0
ANKFY1	9	1	0
ANKLE2	9	1	0
ANXA1	9	1	0
AP1S1	9	1	0
AP2M1	9	1	0
AP4B1	9	1	0
APBA3	9	1	0
APOE	9	1	0
AQP2	9	1	0
ARAF	9	1	0
ARAP1	9	1	0
ARF3	9	1	0
ARF6	9	1	0
ARHGAP32	9	1	0
ARHGEF1	9	1	0
ARHGEF12	9	1	0
ARHGEF28	9	1	0
ARID1B	9	1	0
ARL2	9	1	0
ARNT2	9	1	0
ASXL1	9	1	0
ATF2	9	1	0
ATF3	9	1	0
ATG14	9	1	0
ATG3	9	1	0
ATP1A1	9	1	0
ATP1B1	9	1	0
ATR	9	1	0
AURKA	9	1	0
AVP	9	1	0
AXIN1	9	1	0
B4GAT1	9	1	0
BABAM1	9	1	0
BABAM2	9	1	0
BAG4	9	1	0
BAIAP2	9	1	0
BAK1	9	1	0
BAP1	9	1	0
BATF	9	1	0
BCKDHA	9	1	0
BCL6	9	1	0
BCL9L	9	1	0
BDKRB2	9	1	0
BET1	9	1	0
BGLAP	9	1	0
BICD1	9	1	0
BICRAL	9	1	0
BIRC3	9	1	0
BIRC5	9	1	0
BMF	9	1	0
BOD1	9	1	0
BOD1L1	9	1	0
BRD2	9	1	0
BRD7	9	1	0
BRF2	9	1	0
BRWD1	9	1	0
BSN	9	1	0
C1QB	9	1	0
C1R	9	1	0
C4BPB	9	1	0
C5	9	1	0
C8B	9	1	0
C8G	9	1	0
CAB39L	9	1	0
CABLES1	9	1	0
CACNA1A	9	1	0
CACNA1D	9	1	0
CACNA1G	9	1	0
CACNA2D1	9	1	0
CACNA2D2	9	1	0
CACNB1	9	1	0
CACNG2	9	1	0
CAMKK1	9	1	0
CAND1	9	1	0
CASP3	9	1	0
CASP7	9	1	0
CASP9	9	1	0
CASTOR1	9	1	0
CBL	9	1	0
CBLL1	9	1	0
CBX1	9	1	0
CCNG1	9	1	0
CCNT2	9	1	0
CD1B	9	1	0
CD22	9	1	0
CD28	9	1	0
CD44	9	1	0
CD80	9	1	0
CD8A	9	1	0
CDC14A	9	1	0
CDC25C	9	1	0
CDK4	9	1	0
CDK6	9	1	0
CDKN2A	9	1	0
CEBPG	9	1	0
CFI	9	1	0
CFLAR	9	1	0
CFTR	9	1	0
CHD2	9	1	0
CHD7	9	1	1
CHP1	9	1	0
CHST10	9	1	0
CIT	9	1	0
CLASP1	9	1	0
CLEC4E	9	1	0
CLEC5A	9	1	0
CMA1	9	1	0
CNIH2	9	1	0
COL17A1	9	1	0
COL18A1	9	1	0
COL1A2	9	1	0
COLEC10	9	1	0
COMP	9	1	0
COPB1	9	1	0
COPG2	9	1	0
CPB2	9	1	0
CPN1	9	1	0
CPN2	9	1	0
CRADD	9	1	0
CREB1	9	1	0
CREB3L1	9	1	0
CREB3L3	9	1	0
CREBBP	9	1	0
CREBRF	9	1	0
CRKL	9	1	0
CRLF2	9	1	0
CRTC1	9	1	0
CRTC3	9	1	0
CRY1	9	1	0
CSF1R	9	1	1
CSF3R	9	1	0
CSK	9	1	0
CSTF2	9	1	0
CTLA4	9	1	0
CTNNA2	9	1	0
CTSA	9	1	0
CTSC	9	1	0
CTSG	9	1	0
CUBN	9	1	0
CUL1	9	1	0
CUL4A	9	1	0
CXXC4	9	1	0
CYC1	9	1	0
DAXX	9	1	0
DCAF8L1	9	1	0
DCN	9	1	0
DCTN4	9	1	0
DCX	9	1	0
DDIT3	9	1	0
DDX17	9	1	0
DEFA5	9	1	0
DEK	9	1	0
DERL2	9	1	0
DHX9	9	1	0
DIAPH3	9	1	0
DICER1	9	1	0
DKK1	9	1	0
DLG2	9	1	0
DLG3	9	1	0
DLGAP2	9	1	0
DLL4	9	1	0
DMD	9	1	0
DMP1	9	1	0
DNA2	9	1	0
DNAJA4	9	1	0
DNTTIP1	9	1	0
DPF1	9	1	0
DPH2	9	1	0
DPH7	9	1	0
DPP4	9	1	0
DRAP1	9	1	0
DROSHA	9	1	0
DRP2	9	1	0
DSG1	9	1	0
DSG3	9	1	0
DUSP4	9	1	0
DUSP5	9	1	0
DUSP6	9	1	0
DYNLL1	9	1	0
DYRK2	9	1	0
DYSF	9	1	0
E2F6	9	1	0
EEF2KMT	9	1	0
EFNB3	9	1	0
EGLN2	9	1	0
EGLN3	9	1	0
EHD2	9	1	0
EHD3	9	1	0
EIF2AK3	9	1	0
EIF4EBP1	9	1	0
EIF4G2	9	1	0
EIF4G3	9	1	0
ELF3	9	1	0
EPAS1	9	1	0
EPM2A	9	1	0
EPN1	9	1	0
EPOR	9	1	0
ERBB2	9	1	0
ERBB4	9	1	0
ERCC3	9	1	0
ERO1B	9	1	0
ESR1	9	1	0
ESR2	9	1	0
ETS2	9	1	0
F2RL3	9	1	0
FADD	9	1	0
FANCD2	9	1	0
FASLG	9	1	0
FBLN5	9	1	0
FCAMR	9	1	0
FCGR1A	9	1	0
FCGR2A	9	1	0
FEN1	9	1	0
FER	9	1	0
FERMT2	9	1	0
FES	9	1	0
FGFBP1	9	1	0
FKBP4	9	1	0
FKRP	9	1	0
FLG	9	1	0
FLT4	9	1	0
FMNL2	9	1	0
FN1	9	1	0
FOLR1	9	1	0
FOXD3	9	1	0
FOXK2	9	1	0
FOXO4	9	1	0
FPR3	9	1	0
FZD2	9	1	0
GAB2	9	1	0
GABARAP	9	1	0
GABBR2	9	1	0
GABRB1	9	1	0
GABRQ	9	1	0
GALNT1	9	1	0
GATA4	9	1	0
GBP6	9	1	0
GCC2	9	1	0
GDF1	9	1	0
GDI1	9	1	0
GFRA1	9	1	0
GFRA4	9	1	0
GGA1	9	1	0
GHSR	9	1	0
GINS1	9	1	0
GIPR	9	1	0
GLI1	9	1	0
GLI2	9	1	0
GMNN	9	1	0
GNA12	9	1	0
GNB4	9	1	0
GNG2	9	1	0
GNPAT	9	1	0
GOLGA5	9	1	0
GOLGA7	9	1	0
GP1BA	9	1	0
GP5	9	1	0
GPC5	9	1	0
GPX7	9	1	0
GPX8	9	1	0
GRAP2	9	1	0
GRB14	9	1	0
GRB2	9	1	0
GREB1	9	1	0
GRIA2	9	1	0
GRIK5	9	1	0
GRIN2B	9	1	0
GRIN2C	9	1	0
GRIN3A	9	1	0
GRIN3B	9	1	0
GSK3B	9	1	0
GTF3A	9	1	0
H2BC18	9	1	0
HAND2	9	1	0
HDAC1	9	1	0
HECW1	9	1	0
HERC2	9	1	0
HGFAC	9	1	0
HGS	9	1	0
HHIP	9	1	0
HINT1	9	1	0
HINT2	9	1	0
HIPK1	9	1	0
HIPK2	9	1	0
HIVEP3	9	1	0
HLA-DOA	9	1	0
HMMR	9	1	0
HNRNPC	9	1	0
HOMER3	9	1	0
HOXA11	9	1	0
HOXC8	9	1	0
HPN	9	1	0
HPS4	9	1	0
HPSE	9	1	0
HPX	9	1	0
HSPA5	9	1	0
HSPB1	9	1	0
HSPG2	9	1	0
HYAL2	9	1	0
ICAM3	9	1	0
IER3	9	1	0
IFI44L	9	1	0
IFIT3	9	1	0
IFNL2	9	1	0
IGFBP1	9	1	0
IGKC	9	1	0
IKBKB	9	1	0
IKZF1	9	1	0
IL10	9	1	0
IL10RA	9	1	0
IL10RB	9	1	0
IL11	9	1	0
IL17RD	9	1	0
IL18BP	9	1	0
IL19	9	1	0
IL1R1	9	1	0
IL1R2	9	1	0
IL20RB	9	1	0
IL22RA1	9	1	0
IL22RA2	9	1	0
IL34	9	1	0
IL36R	9	1	0
IL6R	9	1	0
IL9R	9	1	0
INPPL1	9	1	1
INS	9	1	0
IQCE	9	1	0
IQGAP1	9	1	0
IQGAP3	9	1	0
IRAK1	9	1	0
IRAK2	9	1	0
ITFG2	9	1	0
ITGA10	9	1	0
ITGA6	9	1	0
ITGAD	9	1	0
ITGAE	9	1	0
ITGAM	9	1	0
ITGAX	9	1	0
ITGB2	9	1	0
ITGB3BP	9	1	0
ITGB5	9	1	0
JAG1	9	1	0
JAK3	9	1	0
JMY	9	1	0
JUND	9	1	0
KAT2B	9	1	0
KAT7	9	1	1
KCNJ12	9	1	0
KCNJ4	9	1	0
KCNJ5	9	1	0
KCNMB3	9	1	0
KCTD1	9	1	0
KDM4C	9	1	0
KDM5B	9	1	0
KDM8	9	1	0
KIF22	9	1	0
KIF4A	9	1	0
KIF4B	9	1	0
KIR2DS5	9	1	0
KIR3DL2	9	1	0
KLK13	9	1	0
KLK14	9	1	0
KLK3	9	1	0
KLRC2	9	1	0
KLRD1	9	1	0
KMT2B	9	1	0
KPNA6	9	1	0
LALBA	9	1	0
LAMA1	9	1	0
LAMA5	9	1	0
LAMB1	9	1	0
LAMB3	9	1	0
LAMC2	9	1	0
LAMC3	9	1	0
LAMTOR3	9	1	0
LATS1	9	1	0
LATS2	9	1	0
LCE3D	9	1	0
LDLR	9	1	0
LEPR	9	1	0
LGI4	9	1	0
LIF	9	1	0
LILRB2	9	1	0
LIN7C	9	1	0
LNPEP	9	1	0
LRFN1	9	1	0
LRRC41	9	1	0
LTF	9	1	0
LYVE1	9	1	0
MAD1L1	9	1	0
MADCAM1	9	1	0
MADD	9	1	0
MAFK	9	1	0
MAGED1	9	1	0
MAP2K7	9	1	0
MAP3K5	9	1	0
MAPK14	9	1	0
MARK3	9	1	0
MBD3	9	1	0
MBD4	9	1	0
MBL2	9	1	0
MBOAT4	9	1	0
MC1R	9	1	0
MC3R	9	1	0
MCFD2	9	1	0
MCM2	9	1	0
MCM4	9	1	0
MCRIP1	9	1	0
MDC1	9	1	0
MDM2	9	1	0
MDM4	9	1	0
MIS12	9	1	0
MKLN1	9	1	0
MLH3	9	1	0
MLPH	9	1	0
MLST8	9	1	0
MLX	9	1	0
MLXIPL	9	1	0
MMP3	9	1	0
MNAT1	9	1	0
MRAS	9	1	0
MSH3	9	1	0
MSH6	9	1	0
MSRB1	9	1	0
MTMR4	9	1	0
MUS81	9	1	0
MYC	9	1	0
MYD88	9	1	0
MYF5	9	1	0
MYH10	9	1	0
MYLK	9	1	0
MYO5A	9	1	0
MYO5B	9	1	0
NAB1	9	1	0
NBEA	9	1	0
NCF1	9	1	0
NCOA3	9	1	0
NCOA6	9	1	0
NCR2	9	1	0
NCR3	9	1	0
NECTIN3	9	1	0
NELFA	9	1	0
NELFB	9	1	0
NEU1	9	1	0
NFASC	9	1	0
NFATC2	9	1	0
NFE2L2	9	1	0
NFKB1	9	1	0
NFKBIE	9	1	0
NGFR	9	1	0
NMT1	9	1	0
NOC2L	9	1	0
NOX1	9	1	0
NOXO1	9	1	0
NPAS2	9	1	0
NPAS4	9	1	0
NPHS1	9	1	0
NPLOC4	9	1	0
NPM2	9	1	0
NR1H4	9	1	0
NR3C1	9	1	0
NR4A1	9	1	0
NRG1	9	1	0
NRIP1	9	1	0
NRTN	9	1	0
NRXN1	9	1	0
NUDT21	9	1	0
NUMB	9	1	0
NXT1	9	1	0
OMA1	9	1	0
OPA1	9	1	0
ORC1	9	1	0
PACS1	9	1	0
PAG1	9	1	0
PAK5	9	1	0
PARG	9	1	0
PARVA	9	1	0
PCBP2	9	1	0
PCSK2	9	1	0
PCSK5	9	1	0
PCSK6	9	1	0
PDCD1	9	1	0
PDCD1LG2	9	1	0
PDE4B	9	1	0
PDGFB	9	1	0
PDGFRA	9	1	0
PDPN	9	1	0
PDYN	9	1	0
PECAM1	9	1	0
PELP1	9	1	0
PER1	9	1	0
PER2	9	1	0
PEX10	9	1	0
PGAM5	9	1	0
PGAP1	9	1	0
PGK1	9	1	0
PHF8	9	1	0
PHKG1	9	1	0
PHLPP1	9	1	0
PIAS4	9	1	0
PIK3C3	9	1	0
PIK3CA	9	1	0
PIK3R5	9	1	0
PIP5K1B	9	1	0
PITPNA	9	1	0
PKD1	9	1	0
PKN1	9	1	0
PKN2	9	1	0
PLA2G7	9	1	0
PLCB1	9	1	0
PLCB2	9	1	0
PLCG2	9	1	0
PLEKHA3	9	1	0
PLG	9	1	0
PLK2	9	1	0
PMEPA1	9	1	0
POLE2	9	1	0
POLE4	9	1	0
POLG	9	1	0
POU2F2	9	1	0
POU4F1	9	1	0
POU4F2	9	1	0
PPFIA3	9	1	0
PPHLN1	9	1	0
PPM1D	9	1	0
PPP1CA	9	1	0
PPP1CC	9	1	0
PPP2CA	9	1	0
PPP4R2	9	1	0
PRC1	9	1	0
PRKAG1	9	1	0
PRKAR1B	9	1	0
PRMT1	9	1	0
PRMT6	9	1	0
PSENEN	9	1	0
PSMC5	9	1	0
PSMD10	9	1	0
PSPN	9	1	0
PTK2	9	1	0
PTP4A2	9	1	0
PTPN18	9	1	0
PTPRD	9	1	0
PTPRU	9	1	0
PVR	9	1	0
PYCARD	9	1	0
RAB11A	9	1	0
RAB11FIP2	9	1	0
RAB14	9	1	0
RAB1A	9	1	0
RAB32	9	1	0
RAB35	9	1	0
RAB3IP	9	1	0
RAB4A	9	1	0
RAB5A	9	1	0
RAB5C	9	1	0
RAB9A	9	1	0
RABGAP1	9	1	0
RAD1	9	1	0
RANBP9	9	1	0
RAP1GAP	9	1	0
RAP1GAP2	9	1	0
RARB	9	1	0
RARG	9	1	0
RASGRP1	9	1	0
RB1CC1	9	1	0
RBBP4	9	1	0
RBL1	9	1	0
RBPJ	9	1	0
REPS2	9	1	0
REV1	9	1	0
RGL2	9	1	0
RGL3	9	1	0
RGS20	9	1	0
RGS9	9	1	0
RHEB	9	1	0
RHOA	9	1	0
RHOBTB2	9	1	0
RHOT2	9	1	0
RHPN1	9	1	0
RIC1	9	1	0
RILP	9	1	0
RNF2	9	1	0
RNF41	9	1	0
RNMT	9	1	0
RNPS1	9	1	0
ROBO3	9	1	0
RORA	9	1	0
RPS6KB1	9	1	0
RRAGD	9	1	0
RRM1	9	1	0
RRM2	9	1	0
RSPO2	9	1	0
RTN3	9	1	0
RTN4	9	1	0
RUFY1	9	1	0
RUNX2	9	1	0
SARM1	9	1	0
SAV1	9	1	0
SCP2	9	1	0
SEC13	9	1	0
SEC23A	9	1	0
SEC24C	9	1	0
SENP2	9	1	0
SERPINB1	9	1	0
SERPINB13	9	1	0
SERPINE2	9	1	0
SFPQ	9	1	0
SFRP1	9	1	0
SFTPA2	9	1	0
SGCD	9	1	0
SGCZ	9	1	0
SGK2	9	1	0
SGK3	9	1	0
SHARPIN	9	1	0
SHOC2	9	1	0
SIAH1	9	1	0
SIGLEC16	9	1	0
SIN3A	9	1	0
SIPA1	9	1	0
SIRT2	9	1	0
SIRT4	9	1	0
SKI	9	1	0
SKP1	9	1	0
SLA	9	1	0
SLC17A7	9	1	0
SMAD5	9	1	0
SMARCD2	9	1	0
SNTA1	9	1	0
SNTB1	9	1	0
SOCS2	9	1	0
SOS1	9	1	0
SOX4	9	1	0
SOX9	9	1	0
SPAG9	9	1	0
SPIDR	9	1	0
SPOPL	9	1	0
SPP1	9	1	0
SQSTM1	9	1	0
SRF	9	1	0
SRMS	9	1	0
SRXN1	9	1	0
SS18L1	9	1	0
ST14	9	1	0
STAT2	9	1	0
STAT6	9	1	0
STK24	9	1	0
STK3	9	1	0
STON2	9	1	0
STPG4	9	1	0
STT3A	9	1	0
STX16	9	1	0
STXBP2	9	1	0
SUFU	9	1	1
SUPT16H	9	1	0
SYCP3	9	1	0
SYNJ2	9	1	0
SYT2	9	1	0
SYT9	9	1	0
TAB1	9	1	0
TANK	9	1	0
TAP1	9	1	0
TAPBP	9	1	0
TAS1R1	9	1	0
TAS1R2	9	1	0
TAX1BP3	9	1	0
TBC1D3	9	1	0
TBL1XR1	9	1	0
TBX5	9	1	0
TBXA2R	9	1	0
TCF19	9	1	0
TEC	9	1	0
TFDP1	9	1	0
TGFB3	9	1	0
THBD	9	1	0
THBS2	9	1	0
THEM4	9	1	0
TICAM1	9	1	0
TICAM2	9	1	0
TIMP2	9	1	0
TLL2	9	1	0
TLN1	9	1	0
TLR8	9	1	0
TMED9	9	1	0
TMEM177	9	1	0
TMPRSS2	9	1	0
TNFRSF1B	9	1	0
TNFRSF25	9	1	0
TNFRSF6B	9	1	0
TNIP1	9	1	0
TNNC1	9	1	0
TNNI3	9	1	0
TNNT3	9	1	0
TNRC6A	9	1	0
TOP2A	9	1	0
TP53BP1	9	1	0
TP53INP1	9	1	0
TP63	9	1	0
TRAF3	9	1	0
TRAK1	9	1	0
TRAV8-4	9	1	0
TRIM25	9	1	0
TRIM4	9	1	0
TRIM56	9	1	0
TRIP11	9	1	0
TSC1	9	1	0
TSC2	9	1	0
TSC22D3	9	1	0
TSPAN33	9	1	0
TUFM	9	1	0
TWIST1	9	1	0
TXLNA	9	1	0
UBA3	9	1	0
UBE2F	9	1	0
UBE2L6	9	1	0
UBE2M	9	1	0
UBTF	9	1	0
UBXN1	9	1	0
UCHL3	9	1	0
UPF2	9	1	0
UQCC6	9	1	0
UQCRFS1	9	1	0
USE1	9	1	0
USP1	9	1	0
USP17L2	9	1	0
USP26	9	1	0
USP28	9	1	0
USP33	9	1	0
USP37	9	1	0
USP43	9	1	0
USP45	9	1	0
UTRN	9	1	0
VAMP3	9	1	0
VCP	9	1	0
VENTX	9	1	0
VPS28	9	1	0
VPS37B	9	1	0
VPS37D	9	1	0
VPS51	9	1	0
WDR20	9	1	0
WDR5	9	1	0
WDR77	9	1	0
WIF1	9	1	0
WNT1	9	1	0
WNT5A	9	1	0
WRN	9	1	0
XRCC3	9	1	0
YWHAB	9	1	0
ZAP70	9	1	0
ZBTB17	9	1	0
ZC3HC1	9	1	0
ZCCHC8	9	1	0
ZDHHC2	9	1	0
ZEB1	9	1	0
ZFP36	9	1	0
ZNF385A	9	1	0
ZNF423	9	1	0
ZNF521	9	1	0
ZNF532	9	1	0
ZNF93	9	1	0
ZWINT	9	1	0
A2M	9	2	0
ABCA1	9	2	0
ABLIM2	9	2	0
ABLIM3	9	2	0
ACAA1	9	2	0
ACAN	9	2	0
ACTC1	9	2	0
ACTG1	9	2	0
ACTG2	9	2	0
ACTN2	9	2	0
ACVR1B	9	2	0
ADAM2	9	2	0
ADAM30	9	2	0
ADCY1	9	2	0
ADCYAP1R1	9	2	0
ADORA2A	9	2	0
ADRB2	9	2	0
AGL	9	2	0
AGO1	9	2	0
AGTR1	9	2	0
AHRR	9	2	0
ALYREF	9	2	0
ANGPTL4	9	2	0
AP1B1	9	2	0
AP1S3	9	2	0
AP2B1	9	2	0
AP4E1	9	2	0
APH1A	9	2	0
APOBEC3G	9	2	0
APOC2	9	2	0
APOC3	9	2	0
ARCN1	9	2	0
ARL2BP	9	2	0
ARPP19	9	2	0
ARRB1	9	2	0
ARTN	9	2	0
ASF1A	9	2	0
ATF5	9	2	0
ATG10	9	2	0
ATG13	9	2	0
ATG5	9	2	0
ATP1A3	9	2	0
ATP1B2	9	2	0
AVEN	9	2	0
B2M	9	2	0
BAD	9	2	0
BAG6	9	2	0
BAMBI	9	2	0
BANF1	9	2	0
BAZ2A	9	2	0
BEGAIN	9	2	0
BEX3	9	2	0
BGN	9	2	0
BMAL2	9	2	0
BMI1	9	2	0
BMP1	9	2	0
BMX	9	2	0
BNIP2	9	2	0
BRCA2	9	2	0
BRF1	9	2	0
BSG	9	2	0
BTC	9	2	0
BTLA	9	2	0
BUB1B	9	2	0
C1QA	9	2	0
C1QC	9	2	0
C2	9	2	0
C3AR1	9	2	0
C8A	9	2	0
CACNA1B	9	2	0
CACNA1H	9	2	0
CACNA1I	9	2	0
CACNB3	9	2	0
CACNG4	9	2	0
CACNG8	9	2	0
CALR	9	2	0
CAMK1	9	2	0
CAMK2B	9	2	0
CAMK2G	9	2	0
CAMLG	9	2	0
CAPNS1	9	2	0
CARMIL1	9	2	0
CASTOR2	9	2	0
CBFB	9	2	0
CCDC22	9	2	0
CCDC88C	9	2	0
CCNB2	9	2	0
CCND3	9	2	0
CCNH	9	2	0
CCR2	9	2	0
CD160	9	2	0
CD19	9	2	0
CD1C	9	2	0
CD300E	9	2	0
CD3G	9	2	0
CD55	9	2	0
CD81	9	2	0
CD9	9	2	0
CDC37	9	2	0
CDC45	9	2	0
CDCA5	9	2	0
CDH24	9	2	0
CDH5	9	2	0
CDK13	9	2	0
CDK5	9	2	0
CDK5R1	9	2	0
CDK7	9	2	0
CDK8	9	2	0
CDON	9	2	0
CDSN	9	2	0
CEBPA	9	2	0
CETN1	9	2	0
CETN2	9	2	0
CFB	9	2	0
CFHR2	9	2	0
CHD1L	9	2	0
CHD3	9	2	0
CHD6	9	2	0
CHD8	9	2	0
CHEK2	9	2	0
CHL1	9	2	0
CHMP2A	9	2	0
CHUK	9	2	0
CITED1	9	2	0
CLASP2	9	2	0
CLVS1	9	2	0
CNEP1R1	9	2	0
CNGB1	9	2	0
CNIH3	9	2	0
CNTN2	9	2	0
CNTN6	9	2	0
COL10A1	9	2	0
COL1A1	9	2	0
COMMD1	9	2	0
COPZ1	9	2	0
COX20	9	2	0
CR2	9	2	0
CSF2RA	9	2	0
CSNK1A1	9	2	0
CSNK2A3	9	2	0
CSTF2T	9	2	0
CTBP1	9	2	0
CTSL	9	2	0
CUL4B	9	2	0
CXCR4	9	2	0
CXXC1	9	2	0
CYB5R2	9	2	0
CYCS	9	2	0
DAPP1	9	2	0
DCSTAMP	9	2	0
DDX5	9	2	0
DENND1B	9	2	0
DENND1C	9	2	0
DENND2A	9	2	0
DENND3	9	2	0
DENND4B	9	2	0
DEPDC5	9	2	0
DGCR8	9	2	0
DIABLO	9	2	0
DIS3L2	9	2	0
DLGAP1	9	2	0
DLGAP4	9	2	0
DLL3	9	2	0
DLST	9	2	0
DMBT1	9	2	0
DNMT1	9	2	0
DNMT3A	9	2	0
DNMT3B	9	2	0
DNMT3L	9	2	0
DOK1	9	2	0
DPH6	9	2	0
DPY30	9	2	0
DUSP3	9	2	0
DUSP9	9	2	0
DYNC1LI2	9	2	0
E2F4	9	2	0
E2F5	9	2	0
EBF2	9	2	0
EEF1A1	9	2	0
EEF2	9	2	0
EEF2K	9	2	0
EGF	9	2	0
EGR2	9	2	0
EIF1AX	9	2	0
EIF2AK1	9	2	0
EIF2S3	9	2	0
EIF4A1	9	2	0
EIF4A3	9	2	0
ELF2	9	2	0
ELN	9	2	0
ELOC	9	2	0
EPO	9	2	0
EREG	9	2	0
ERN1	9	2	0
ESAM	9	2	0
ESCO2	9	2	0
ESPL1	9	2	0
ESRRA	9	2	0
ETV6	9	2	0
EVC2	9	2	0
EZR	9	2	0
F10	9	2	0
F11	9	2	0
F11R	9	2	0
F2RL2	9	2	0
F7	9	2	0
FABP5	9	2	0
FARP2	9	2	0
FBXL5	9	2	0
FBXW7	9	2	0
FCGR3A	9	2	0
FCN3	9	2	0
FGF9	9	2	0
FGFR4	9	2	0
FGFRL1	9	2	0
FIGNL1	9	2	0
FKBP6	9	2	0
FKTN	9	2	0
FLRT1	9	2	0
FLRT2	9	2	0
FLRT3	9	2	0
FLT1	9	2	0
FOS	9	2	0
FOXL2	9	2	0
FOXO1	9	2	0
FOXO3	9	2	0
FRAT2	9	2	0
FRS2	9	2	0
FYN	9	2	0
FZD3	9	2	0
FZD4	9	2	0
FZD7	9	2	0
GAA	9	2	0
GAB3	9	2	0
GABARAPL2	9	2	0
GABRG3	9	2	0
GAS2	9	2	0
GATA3	9	2	0
GBA1	9	2	0
GBE1	9	2	0
GBF1	9	2	0
GBP5	9	2	0
GCN1	9	2	0
GDNF	9	2	0
GEN1	9	2	0
GET3	9	2	0
GFRA3	9	2	0
GH1	9	2	0
GHR	9	2	0
GID4	9	2	0
GID8	9	2	0
GINS2	9	2	0
GINS3	9	2	0
GINS4	9	2	0
GIP	9	2	0
GIT1	9	2	0
GJA1	9	2	0
GLP1R	9	2	0
GLP2R	9	2	0
GLRA2	9	2	0
GLRB	9	2	0
GNA11	9	2	0
GNA15	9	2	0
GNAS	9	2	0
GNAT1	9	2	0
GNAT2	9	2	0
GNAZ	9	2	0
GNB1	9	2	0
GNB2	9	2	0
GOSR1	9	2	0
GP9	9	2	0
GPIHBP1	9	2	0
GPS2	9	2	0
GRB7	9	2	0
GRIA1	9	2	0
GRIN1	9	2	0
GRK1	9	2	0
GRK2	9	2	0
GSK3A	9	2	0
GSN	9	2	0
GTF2F2	9	2	0
GYS2	9	2	0
H2BC26	9	2	0
H3-4	9	2	0
HAPLN1	9	2	0
HBB	9	2	0
HCCS	9	2	0
HCFC1	9	2	0
HCK	9	2	0
HDAC3	9	2	0
HDAC4	9	2	1
HERC5	9	2	0
HEY1	9	2	0
HEY2	9	2	0
HJV	9	2	0
HLA-C	9	2	1
HOMER1	9	2	0
HOXD11	9	2	0
HRG	9	2	0
HSBP1	9	2	0
HSPA1A	9	2	0
HUS1	9	2	0
ICAM2	9	2	0
IFI27	9	2	0
IFI6	9	2	0
IFIT1	9	2	0
IFIT2	9	2	0
IFNAR2	9	2	0
IFNL3	9	2	0
IFNLR1	9	2	0
IGF1	9	2	0
IGFBP4	9	2	0
IGFBP6	9	2	0
IGHE	9	2	0
IGHG2	9	2	0
IGHG3	9	2	0
IGHM	9	2	0
IL12RB1	9	2	0
IL13RA2	9	2	0
IL18RAP	9	2	0
IL21	9	2	0
IL24	9	2	0
IL32	9	2	0
IL33	9	2	0
IL33R	9	2	0
IL36A	9	2	0
IL36B	9	2	0
IL38	9	2	0
IL4R	9	2	0
IL7R	9	2	0
INHA	9	2	0
INHBE	9	2	0
INSIG1	9	2	0
IRF7	9	2	0
ISG15	9	2	0
ISL1	9	2	0
ITGA4	9	2	0
ITGA8	9	2	0
ITGAL	9	2	0
ITPR3	9	2	0
JAG2	9	2	0
JAM3	9	2	0
KAT6B	9	2	0
KCNJ14	9	2	0
KCNJ16	9	2	0
KCNJ6	9	2	0
KCNQ2	9	2	0
KGD4	9	2	0
KHDRBS2	9	2	0
KHDRBS3	9	2	0
KIDINS220	9	2	0
KIF20A	9	2	0
KIF5A	9	2	0
KIR2DL4	9	2	0
KIR2DS1	9	2	0
KIR2DS2	9	2	0
KIRREL3	9	2	0
KLC1	9	2	0
KLKB1	9	2	0
KLRG1	9	2	0
KLRK1	9	2	0
KMT2D	9	2	0
KPNB1	9	2	0
KRT26	9	2	0
KRT5	9	2	0
KSR1	9	2	0
L1CAM	9	2	0
LAG3	9	2	0
LAMA3	9	2	0
LBR	9	2	0
LDB1	9	2	0
LFNG	9	2	0
LGI1	9	2	0
LGI3	9	2	0
LGMN	9	2	0
LGR6	9	2	0
LIG1	9	2	0
LIG4	9	2	0
LIMD1	9	2	0
LIMS1	9	2	0
LIN7A	9	2	0
LMAN1	9	2	0
LMCD1	9	2	0
LMNA	9	2	0
LPIN1	9	2	0
LRRFIP1	9	2	0
LSR	9	2	0
LTB	9	2	0
LTBP4	9	2	0
LYPLA1	9	2	0
MAF1	9	2	0
MAFB	9	2	0
MAFF	9	2	0
MAFG	9	2	0
MAP2K6	9	2	0
MAPK1	9	2	0
MAPK12	9	2	0
MAPK4	9	2	0
MAS1	9	2	0
MASP1	9	2	0
MBTPS2	9	2	0
MC4R	9	2	0
MCM6	9	2	0
ME1	9	2	0
MEAF6	9	2	0
MECP2	9	2	0
MEF2B	9	2	0
MEF2D	9	2	0
MEFV	9	2	0
MET	9	2	0
METTL21A	9	2	0
METTL23	9	2	0
MFN2	9	2	0
MGA	9	2	0
MKRN1	9	2	0
MLH1	9	2	0
MLKL	9	2	0
MME	9	2	0
MMP12	9	2	0
MMP14	9	2	0
MMP2	9	2	0
MMP7	9	2	0
MMP9	9	2	0
MOV10	9	2	0
MRE11	9	2	0
MSGN1	9	2	0
MSI2	9	2	0
MST1	9	2	0
MT-RNR2	9	2	0
MTRES1	9	2	0
MTTP	9	2	0
MYBL2	9	2	0
MYF6	9	2	0
MYL12A	9	2	0
MYO9B	9	2	0
MYOD1	9	2	0
MYSM1	9	2	0
NAPA	9	2	0
NAT8	9	2	0
NBAS	9	2	0
NBR1	9	2	0
NCBP2	9	2	0
NCK2	9	2	0
NCOR1	9	2	0
NCR3LG1	9	2	0
NECTIN1	9	2	0
NEDD4	9	2	0
NEFL	9	2	0
NEK1	9	2	0
NEK9	9	2	0
NELFCD	9	2	0
NEU4	9	2	0
NFATC1	9	2	0
NFKBIA	9	2	0
NGEF	9	2	0
NHEJ1	9	2	0
NID2	9	2	0
NIPBL	9	2	0
NLRP1	9	2	0
NLRP3	9	2	0
NPHP1	9	2	0
NPRL2	9	2	0
NPRL3	9	2	0
NR1H2	9	2	0
NR2C1	9	2	0
NR5A2	9	2	0
NRF1	9	2	0
NRG4	9	2	0
NSD2	9	2	0
NSL1	9	2	0
NTF3	9	2	0
NTHL1	9	2	0
NTN1	9	2	0
NTN3	9	2	0
NTN4	9	2	0
OBSCN	9	2	0
OCLN	9	2	0
OCRL	9	2	0
ORC3	9	2	0
ORC5	9	2	0
OSM	9	2	0
OTUB1	9	2	0
OTUD5	9	2	0
PABPN1	9	2	0
PAFAH1B3	9	2	0
PAGR1	9	2	0
PAK6	9	2	0
PARD3	9	2	0
PARD6A	9	2	0
PARD6G	9	2	0
PARVB	9	2	0
PAX2	9	2	0
PAX3	9	2	0
PCNT	9	2	0
PCOLCE	9	2	0
PDCL	9	2	0
PDE4D	9	2	0
PDE5A	9	2	0
PDGFC	9	2	0
PELI2	9	2	0
PEX6	9	2	0
PGF	9	2	0
PGR	9	2	0
PHAX	9	2	0
PHF1	9	2	0
PHF10	9	2	0
PHKG2	9	2	0
PHYH	9	2	0
PICALM	9	2	1
PIDD1	9	2	0
PIK3AP1	9	2	0
PIM1	9	2	0
PIP4K2B	9	2	0
PLAT	9	2	0
PLCB4	9	2	0
PLEC	9	2	0
PNN	9	2	0
PODXL2	9	2	0
POLD1	9	2	0
POLD4	9	2	0
POLH	9	2	0
POLI	9	2	0
POLL	9	2	0
POLN	9	2	0
POLRMT	9	2	0
POMGNT2	9	2	0
POMK	9	2	0
POMT1	9	2	0
POMT2	9	2	0
POU3F1	9	2	0
PPARA	9	2	0
PPARGC1A	9	2	0
PPARGC1B	9	2	0
PPEF1	9	2	0
PPFIA1	9	2	0
PPFIA4	9	2	0
PPFIBP2	9	2	0
PPID	9	2	0
PPIL2	9	2	0
PPP1CB	9	2	0
PPP1R14A	9	2	0
PPP2R1A	9	2	0
PPP2R5A	9	2	0
PPP2R5C	9	2	0
PPP6R1	9	2	0
PPP6R3	9	2	0
PRDM4	9	2	0
PRKAA2	9	2	0
PRKAB2	9	2	0
PRKACB	9	2	0
PRKAG3	9	2	0
PRKAR1A	9	2	0
PRKAR2B	9	2	0
PRKRA	9	2	0
PSEN1	9	2	0
PSMD14	9	2	0
PSMD3	9	2	0
PSMD4	9	2	0
PSMD8	9	2	0
PTK2B	9	2	0
PTN	9	2	0
PTPN12	9	2	0
PTPN6	9	2	0
PTPRC	9	2	0
PTS	9	2	0
PXN	9	2	0
PYGL	9	2	0
PYGO2	9	2	0
RAB12	9	2	0
RAB1B	9	2	0
RAB3A	9	2	0
RAB5B	9	2	0
RAB6A	9	2	0
RABGGTA	9	2	0
RAD18	9	2	0
RAD50	9	2	1
RAD51AP1	9	2	0
RAD9B	9	2	0
RALGAPA2	9	2	0
RAMP1	9	2	0
RAN	9	2	0
RAP1GDS1	9	2	0
RAPGEF3	9	2	0
RASA1	9	2	0
RASGRF1	9	2	0
RBBP8	9	2	0
RBM14	9	2	0
RBM7	9	2	0
RBSN	9	2	0
RCC1	9	2	0
RCE1	9	2	0
REN	9	2	0
RET	9	2	0
RGMA	9	2	0
RGS17	9	2	0
RHOG	9	2	0
RHOV	9	2	0
RIF1	9	2	0
RIMS1	9	2	0
RIN3	9	2	0
RINT1	9	2	0
RIPK2	9	2	0
RMI2	9	2	0
RMND5A	9	2	0
RNF128	9	2	0
RNF135	9	2	0
RNF146	9	2	0
ROBO1	9	2	0
ROBO2	9	2	0
ROCK1	9	2	0
RORC	9	2	0
RPA2	9	2	0
RPGRIP1L	9	2	0
RPN1	9	2	0
RPS27A	9	2	0
RPS6KA3	9	2	0
RPS6KB2	9	2	0
RPTOR	9	2	0
RRAS	9	2	0
RSPO1	9	2	0
RSPO4	9	2	0
RYK	9	2	0
S100A10	9	2	0
SAG	9	2	0
SAMTOR	9	2	0
SBF1	9	2	0
SBF2	9	2	0
SCFD1	9	2	0
SCN1B	9	2	0
SEC22B	9	2	0
SEC24B	9	2	0
SEC31A	9	2	0
SELP	9	2	0
SEMA6D	9	2	0
SEMA7A	9	2	0
SENP8	9	2	0
SERPINA1	9	2	0
SERPINC1	9	2	0
SERPINE1	9	2	0
SERPINF2	9	2	0
SGCA	9	2	0
SHANK1	9	2	0
SHC2	9	2	0
SHC3	9	2	0
SHH	9	2	0
SHTN1	9	2	0
SIAH2	9	2	0
SIGLEC15	9	2	0
SIPA1L1	9	2	0
SIRT1	9	2	0
SIRT3	9	2	0
SLC16A1	9	2	0
SLC16A3	9	2	0
SLIT2	9	2	0
SMAD6	9	2	0
SMO	9	2	0
SNCA	9	2	0
SNW1	9	2	0
SOCS3	9	2	0
SOD2	9	2	0
SORL1	9	2	0
SOX13	9	2	0
SOX17	9	2	0
SP1	9	2	0
SP3	9	2	0
SP7	9	2	0
SPC25	9	2	0
SPI1	9	2	0
SPINK6	9	2	0
SPN	9	2	0
SPOP	9	2	0
SPRTN	9	2	0
SPRY1	9	2	0
SPRY2	9	2	0
SREBF1	9	2	0
SREBF2	9	2	0
SRY	9	2	0
SSBP1	9	2	0
STAM2	9	2	0
STAP2	9	2	0
STAT1	9	2	0
STAT5A	9	2	0
STAT5B	9	2	0
STK26	9	2	0
STK4	9	2	0
STN1	9	2	0
STRADB	9	2	0
STRN	9	2	0
STX6	9	2	0
STXBP3	9	2	0
SUPT5H	9	2	0
SYK	9	2	0
SYTL2	9	2	0
TACC3	9	2	0
TAF1	9	2	0
TARBP2	9	2	0
TBC1D10A	9	2	0
TBPL2	9	2	0
TCF7	9	2	0
TCF7L1	9	2	0
TEAD2	9	2	0
TEAD3	9	2	0
TEN1	9	2	0
TFAP2A	9	2	0
TFEB	9	2	0
TFEC	9	2	0
TGFBR2	9	2	0
TIAM1	9	2	0
TICRR	9	2	0
TIRAP	9	2	0
TJP1	9	2	0
TJP2	9	2	0
TLE4	9	2	0
TLE5	9	2	0
TLR7	9	2	0
TNC	9	2	0
TNFRSF13B	9	2	0
TNFRSF1A	9	2	0
TNFSF13	9	2	0
TNKS2	9	2	0
TNNI1	9	2	0
TNNT2	9	2	0
TNPO1	9	2	0
TNR	9	2	0
TOP1	9	2	0
TOP3A	9	2	0
TP53RK	9	2	0
TRAK2	9	2	0
TRAV19	9	2	0
TREM2	9	2	0
TRIM33	9	2	0
TRIM72	9	2	0
TRIO	9	2	0
TRPC6	9	2	0
TSG101	9	2	0
TSN	9	2	0
TTF1	9	2	0
TUSC3	9	2	0
TWIST2	9	2	0
TXN2	9	2	0
TYK2	9	2	0
UBA2	9	2	0
UBB	9	2	0
UBE2L3	9	2	0
UBXN7	9	2	0
UCHL5	9	2	0
UHRF1	9	2	0
UPF3B	9	2	0
USP12	9	2	0
USP13	9	2	0
USP14	9	2	0
USP18	9	2	0
USP20	9	2	0
USP24	9	2	0
USP47	9	2	0
USP7	9	2	1
VAMP4	9	2	0
VAV1	9	2	0
VAV3	9	2	0
VEGFC	9	2	0
VPS29	9	2	0
VPS37C	9	2	0
VPS45	9	2	0
VPS52	9	2	0
VWF	9	2	0
WDR26	9	2	0
WEE1	9	2	0
WHAMM	9	2	0
WNT4	9	2	0
WNT9A	9	2	0
WWC1	9	2	0
WWP2	9	2	0
WWTR1	9	2	0
XPA	9	2	0
XPOT	9	2	0
XRCC2	9	2	0
YBX1	9	2	0
YKT6	9	2	0
YOD1	9	2	0
YWHAQ	9	2	0
ZBP1	9	2	0
ZBTB35	9	2	0
ZC3H4	9	2	0
ZNF350	9	2	0
ZNF420	9	2	0
ZNF45	9	2	0
ZNF592	9	2	0
ZNF687	9	2	0
ZNRF3	9	2	0
ZRANB1	9	2	0
ZW10	9	2	0
AATF	9	3	0
ABCA7	9	3	0
ABCE1	9	3	0
ABL1	9	3	0
ABL2	9	3	0
ACAT1	9	3	0
ACSS2	9	3	0
ACTA2	9	3	0
ACTN3	9	3	0
ACTR1A	9	3	0
ADAM15	9	3	0
ADAM17	9	3	0
ADAM22	9	3	0
ADAMTS13	9	3	0
ADAMTS4	9	3	0
ADRA1B	9	3	0
ADRA2C	9	3	0
AGO3	9	3	0
AGPS	9	3	0
AHR	9	3	0
AJUBA	9	3	0
AKT2	9	3	0
ALKAL1	9	3	0
ALKAL2	9	3	0
ALOX5	9	3	0
AMN	9	3	0
ANK2	9	3	0
ANKRD27	9	3	0
ANOS1	9	3	0
ANXA2	9	3	0
ANXA6	9	3	0
AP1M1	9	3	0
AP2A1	9	3	0
APAF1	9	3	0
APBA1	9	3	0
APBB1IP	9	3	0
APEX1	9	3	0
APH1B	9	3	0
APIP	9	3	0
ARC	9	3	0
ARF4	9	3	0
ARHGAP10	9	3	0
ARHGDIA	9	3	0
ARMC8	9	3	0
ASH2L	9	3	0
ATF1	9	3	0
ATF6B	9	3	0
ATF7IP	9	3	0
ATG12	9	3	0
ATG16L1	9	3	0
ATP1B3	9	3	0
ATP6AP2	9	3	0
ATXN3	9	3	0
AVPR2	9	3	0
AXIN2	9	3	0
B3GALNT2	9	3	0
BAX	9	3	0
BAZ1B	9	3	0
BCAP31	9	3	0
BCL9	9	3	0
BDKRB1	9	3	0
BDNF	9	3	0
BECN1	9	3	0
BET1L	9	3	0
BLNK	9	3	0
BMAL1	9	3	0
BMPR2	9	3	0
BORA	9	3	0
BRAF	9	3	0
BRCC3	9	3	0
BRD9	9	3	0
BRPF1	9	3	0
BTN2A1	9	3	0
C3	9	3	0
C5AR1	9	3	0
C5AR2	9	3	0
C6	9	3	0
C7	9	3	0
CABIN1	9	3	0
CACNB2	9	3	0
CALCA	9	3	0
CALCB	9	3	0
CALCR	9	3	0
CALCRL	9	3	0
CAMK4	9	3	0
CAPZA3	9	3	0
CARD11	9	3	0
CARD9	9	3	0
CASC3	9	3	0
CASP10	9	3	0
CASP4	9	3	0
CAV1	9	3	0
CAVIN1	9	3	0
CBY1	9	3	0
CCAR2	9	3	0
CCL13	9	3	0
CCL4	9	3	0
CCL5	9	3	0
CCNE1	9	3	0
CCR3	9	3	0
CCR5	9	3	0
CCZ1	9	3	0
CD14	9	3	0
CD151	9	3	0
CD163	9	3	0
CD226	9	3	0
CD274	9	3	1
CD300LB	9	3	0
CD34	9	3	0
CD3E	9	3	0
CD40LG	9	3	0
CD46	9	3	0
CD47	9	3	0
CD59	9	3	0
CD74	9	3	0
CD79B	9	3	0
CD86	9	3	0
CDC25B	9	3	0
CDC42	9	3	0
CDC42EP3	9	3	0
CDC6	9	3	0
CDC7	9	3	0
CDH2	9	3	0
CDK1	9	3	0
CDK2AP2	9	3	0
CDKN1B	9	3	0
CDKN2B	9	3	0
CDKN2C	9	3	0
CELA2A	9	3	0
CFD	9	3	0
CFH	9	3	0
CHD1	9	3	0
CHD4	9	3	0
CHD5	9	3	0
CITED2	9	3	0
CKAP4	9	3	0
CLEC4D	9	3	0
CLEC6A	9	3	0
CLNS1A	9	3	0
CLVS2	9	3	0
CNGA2	9	3	0
CNTFR	9	3	0
CNTN1	9	3	0
CNTNAP1	9	3	0
COP1	9	3	0
COPG1	9	3	0
COPRS	9	3	0
COPS5	9	3	0
COX17	9	3	0
CPS1	9	3	0
CR1	9	3	0
CREB3	9	3	0
CREB3L2	9	3	0
CRIPTO	9	3	0
CRTAM	9	3	0
CSH1	9	3	0
CSNK1E	9	3	0
CSNK2A1	9	3	0
CSTF1	9	3	0
CSTF3	9	3	0
CTCF	9	3	0
CTF1	9	3	0
CTNNB1	9	3	0
CTNNBIP1	9	3	0
CTNND1	9	3	0
CTSS	9	3	0
CUL7	9	3	0
CXCL12	9	3	0
CYSLTR2	9	3	0
CYTH1	9	3	0
DAAM1	9	3	0
DAB1	9	3	0
DAPK1	9	3	0
DBT	9	3	0
DCTN1	9	3	0
DCUN1D3	9	3	0
DEFA3	9	3	0
DENND1A	9	3	0
DENND4C	9	3	0
DFFA	9	3	0
DIS3	9	3	0
DLC1	9	3	0
DLG4	9	3	0
DLK1	9	3	0
DLL1	9	3	0
DNAJA2	9	3	0
DNM2	9	3	0
DOCK2	9	3	0
DOCK6	9	3	0
DOCK9	9	3	0
DPH1	9	3	0
DPH3	9	3	0
DPPA4	9	3	0
DPYSL2	9	3	0
DSCAM	9	3	0
DSCAML1	9	3	0
DSG2	9	3	0
DSPP	9	3	0
DTL	9	3	0
DYNC1LI1	9	3	0
DYNLL2	9	3	0
E2F1	9	3	0
EEF1AKMT2	9	3	0
EEF1D	9	3	0
EIF4B	9	3	0
ELOA	9	3	0
ELOB	9	3	0
EME1	9	3	0
EOMES	9	3	0
EP400	9	3	0
EPC1	9	3	0
EPN2	9	3	0
EPOP	9	3	0
EPRS1	9	3	0
EPS15	9	3	0
ERBB3	9	3	0
ERCC6	9	3	0
ERCC8	9	3	0
ERLIN2	9	3	0
ERO1A	9	3	0
EYA2	9	3	0
EYA3	9	3	0
F13A1	9	3	0
F9	9	3	0
FAM124B	9	3	0
FBLN1	9	3	0
FBN2	9	3	0
FBXL21P	9	3	0
FCGR2B	9	3	1
FCN1	9	3	0
FCN2	9	3	0
FDX1	9	3	0
FGF6	9	3	0
FGFR1	9	3	0
FGG	9	3	0
FILIP1	9	3	0
FIRRM	9	3	0
FKBP1A	9	3	0
FKBPL	9	3	0
FLNA	9	3	0
FLNB	9	3	0
FLNC	9	3	0
FLT3	9	3	0
FMNL1	9	3	0
FMNL3	9	3	0
FNTB	9	3	0
FOSB	9	3	0
FOXG1	9	3	0
FOXK1	9	3	0
FOXP3	9	3	0
GABBR1	9	3	0
GABRB2	9	3	0
GABRB3	9	3	0
GABRG2	9	3	0
GALNT3	9	3	0
GAPVD1	9	3	0
GATAD2A	9	3	0
GCG	9	3	0
GCGR	9	3	0
GFAP	9	3	0
GIPC1	9	3	0
GLI3	9	3	0
GLRA1	9	3	0
GLRX	9	3	0
GLUD1	9	3	0
GLYCAM1	9	3	0
GNAO1	9	3	0
GNB5	9	3	0
GOLGA2	9	3	0
GOLGB1	9	3	0
GP6	9	3	0
GPC1	9	3	0
GPNMB	9	3	0
GRAP	9	3	0
GRIK1	9	3	0
GRIN2A	9	3	0
GRM1	9	3	0
GRM5	9	3	0
GTF2A1	9	3	0
GTF2A2	9	3	0
GTF2F1	9	3	0
GYS1	9	3	0
H2AC6	9	3	0
H2AX	9	3	0
HAT1	9	3	0
HCFC2	9	3	0
HDAC7	9	3	0
HEBP1	9	3	0
HES1	9	3	0
HEXA	9	3	0
HHAT	9	3	0
HLA-DQA1	9	3	1
HLA-E	9	3	0
HLTF	9	3	0
HMGA1	9	3	0
HNRNPK	9	3	0
HOXC11	9	3	0
HP	9	3	0
HSD17B4	9	3	0
HSF1	9	3	0
HSPA8	9	3	0
HSPH1	9	3	0
HTRA1	9	3	0
ICAM1	9	3	0
ICOS	9	3	0
IDH2	9	3	0
IFITM1	9	3	0
IFNG	9	3	0
IFNGR2	9	3	0
IFNL1	9	3	0
IGF2	9	3	0
IGF2R	9	3	0
IGHA1	9	3	0
IGHA2	9	3	0
IKBIP	9	3	0
IL11RA	9	3	0
IL12A	9	3	0
IL15	9	3	0
IL18	9	3	0
IL1RAPL2	9	3	0
IL20RA	9	3	0
IL27	9	3	0
IL2RB	9	3	0
IL36G	9	3	0
IL36RN	9	3	0
IL5	9	3	0
IL5RA	9	3	0
IL6ST	9	3	0
IL7	9	3	0
INCENP	9	3	0
INHBA	9	3	0
INHBB	9	3	0
INHBC	9	3	0
INSIG2	9	3	0
IRF9	9	3	0
IRS2	9	3	0
IRS4	9	3	0
ITGA7	9	3	0
ITGB3	9	3	0
ITPKA	9	3	0
ITPR1	9	3	0
ITPR2	9	3	0
JAK1	9	3	0
JAK2	9	3	0
JCHAIN	9	3	0
KALRN	9	3	0
KAT5	9	3	0
KBTBD7	9	3	0
KCNMA1	9	3	0
KCNMB2	9	3	0
KDM4A	9	3	0
KDM6A	9	3	0
KIF14	9	3	0
KIR2DL3	9	3	0
KIT	9	3	0
KITLG	9	3	0
KLK5	9	3	0
KMT2C	9	3	0
KMT5A	9	3	0
KNL1	9	3	1
KNTC1	9	3	0
KPNA2	9	3	0
KPTN	9	3	0
KRT1	9	3	0
KRT14	9	3	0
KRT25	9	3	0
KRT27	9	3	0
KTN1	9	3	0
LAMA4	9	3	0
LAMP2	9	3	0
LARGE2	9	3	0
LAT2	9	3	0
LBP	9	3	0
LCK	9	3	0
LCP2	9	3	0
LDLRAP1	9	3	0
LEF1	9	3	0
LEFTY1	9	3	0
LEO1	9	3	0
LGI2	9	3	0
LHX3	9	3	0
LILRB1	9	3	0
LMNB1	9	3	0
LOXL1	9	3	0
LPCAT1	9	3	0
LRFN4	9	3	0
LRP6	9	3	0
LRRC14	9	3	0
LTA	9	3	0
LY96	9	3	0
LYRM7	9	3	0
MAD2L2	9	3	0
MAEA	9	3	0
MAF	9	3	0
MAGI2	9	3	0
MAGOH	9	3	0
MAGOHB	9	3	0
MAML1	9	3	0
MAP1LC3B	9	3	0
MAP2K1	9	3	0
MAP2K3	9	3	0
MAP2K4	9	3	0
MAP3K1	9	3	0
MAPK11	9	3	0
MAPK3	9	3	0
MAPK8	9	3	0
MAPK9	9	3	0
MAPRE1	9	3	0
MAVS	9	3	0
MAX	9	3	0
MBD1	9	3	0
MBD3L1	9	3	0
MC5R	9	3	0
MCM10	9	3	0
MCM5	9	3	0
MEF2C	9	3	0
MFAP5	9	3	0
MIA2	9	3	0
MIEF1	9	3	0
MIF	9	3	0
MIS18A	9	3	0
MIS18BP1	9	3	0
MKNK1	9	3	0
MMP11	9	3	0
MMP13	9	3	0
MMP16	9	3	0
MOB1A	9	3	0
MPG	9	3	0
MRTFA	9	3	0
MSH2	9	3	0
MTA1	9	3	0
MTA2	9	3	0
MTA3	9	3	0
MTF2	9	3	0
MTREX	9	3	0
MTRFR	9	3	0
MUSK	9	3	0
MVB12A	9	3	0
MYB	9	3	0
MYH11	9	3	0
MYH2	9	3	0
MYL12B	9	3	0
MYL9	9	3	0
MYO10	9	3	0
MYO19	9	3	0
MYO1C	9	3	0
MYRIP	9	3	0
NCAM1	9	3	0
NCAN	9	3	0
NCF4	9	3	0
NCOA1	9	3	0
NCOA2	9	3	0
NDC80	9	3	0
NECTIN2	9	3	0
NELL2	9	3	0
NF1	9	3	0
NFE2	9	3	0
NFYB	9	3	0
NFYC	9	3	0
NLRC5	9	3	0
NLRP4	9	3	0
NLRX1	9	3	0
NOD2	9	3	0
NOTCH2NLA	9	3	0
NOTCH2NLB	9	3	0
NOX4	9	3	0
NPHP4	9	3	0
NPNT	9	3	0
NR2F2	9	3	0
NR5A1	9	3	0
NRP2	9	3	0
NTF4	9	3	0
NUDC	9	3	0
NUF2	9	3	0
OASL	9	3	0
OGDH	9	3	0
OIP5	9	3	0
OMG	9	3	0
OPRM1	9	3	0
OPTC	9	3	0
ORAI1	9	3	0
OS9	9	3	0
OSBPL1A	9	3	0
OTUD3	9	3	0
OTUD7B	9	3	0
P4HA2	9	3	0
PABPC1	9	3	0
PAFAH1B1	9	3	0
PAK2	9	3	0
PAK3	9	3	0
PAPPA	9	3	0
PARD6B	9	3	0
PARK7	9	3	0
PAX5	9	3	0
PDE6G	9	3	0
PDGFA	9	3	0
PDGFD	9	3	0
PDHX	9	3	0
PDPK1	9	3	0
PDS5B	9	3	0
PEA15	9	3	0
PEBP1	9	3	0
PELI1	9	3	0
PEX7	9	3	0
PFKFB1	9	3	0
PHC1	9	3	0
PHF19	9	3	0
PHF20	9	3	0
PHKB	9	3	0
PIAS1	9	3	0
PIK3CG	9	3	0
PIK3R2	9	3	0
PIN1	9	3	0
PIP4K2C	9	3	0
PIP5K1C	9	3	0
PKMYT1	9	3	0
PLAUR	9	3	0
PLIN2	9	3	0
PLK3	9	3	0
PLXNA3	9	3	0
PMF1	9	3	0
PNKP	9	3	0
POLA1	9	3	0
POLA2	9	3	0
POLB	9	3	0
POLD2	9	3	0
POLG2	9	3	0
POU2F1	9	3	0
PPM1A	9	3	0
PPM1K	9	3	0
PPP1R12B	9	3	0
PPP1R15A	9	3	0
PPP1R3C	9	3	0
PPP2R2A	9	3	0
PPP2R2D	9	3	0
PPP2R5D	9	3	0
PPP6C	9	3	0
PRIM2	9	3	0
PRKAA1	9	3	0
PRKAB1	9	3	0
PRKACA	9	3	0
PRKAR2A	9	3	0
PRKCB	9	3	0
PRKCQ	9	3	0
PRKG1	9	3	0
PROZ	9	3	0
PRSS1	9	3	0
PRSS3	9	3	0
PRTN3	9	3	0
PSAP	9	3	0
PSIP1	9	3	0
PSMD12	9	3	0
PSMD6	9	3	0
PTEN	9	3	0
PTGES3	9	3	0
PTPN11	9	3	0
PTPRF	9	3	0
PTPRZ1	9	3	0
PTTG1	9	3	0
PWWP2A	9	3	0
PWWP2B	9	3	0
PYGB	9	3	0
PYGO1	9	3	0
RAB11FIP3	9	3	0
RAB21	9	3	0
RAB27A	9	3	0
RAB38	9	3	0
RAB7A	9	3	0
RAB8B	9	3	0
RABEPK	9	3	0
RABGEF1	9	3	0
RACGAP1	9	3	0
RACK1	9	3	0
RAD23A	9	3	0
RAD51D	9	3	0
RAD9A	9	3	0
RALA	9	3	0
RALB	9	3	0
RAMAC	9	3	0
RAMP2	9	3	0
RAMP3	9	3	0
RANBP10	9	3	0
RAP1B	9	3	1
RASGRP2	9	3	0
RBBP7	9	3	0
RBL2	9	3	0
RCVRN	9	3	0
RELB	9	3	0
RGL1	9	3	0
RGP1	9	3	0
RGS9BP	9	3	0
RHO	9	3	0
RHOC	9	3	0
RHOD	9	3	0
RHOJ	9	3	0
RHOQ	9	3	0
RING1	9	3	0
RMI1	9	3	0
RNF181	9	3	0
RNF8	9	3	0
ROPN1	9	3	0
RPA1	9	3	0
RPA4	9	3	0
RPS6KA1	9	3	0
RPS6KA5	9	3	0
RRAGB	9	3	0
RRAGC	9	3	0
RSF1	9	3	0
RSPO3	9	3	0
RSU1	9	3	0
RXRB	9	3	0
RXYLT1	9	3	0
S100A1	9	3	0
S100A8	9	3	0
SATB2	9	3	0
SCRIB	9	3	0
SCUBE2	9	3	0
SDC1	9	3	0
SDC2	9	3	0
SDCBP	9	3	0
SEC16A	9	3	0
SEC16B	9	3	0
SEMA4D	9	3	0
SEMA6A	9	3	0
SEPTIN4	9	3	0
SERPINA5	9	3	0
SERPING1	9	3	0
SETD1B	9	3	0
SETD6	9	3	0
SETD9	9	3	0
SFTA3	9	3	0
SGCE	9	3	0
SH2B2	9	3	0
SH3GL2	9	3	0
SH3KBP1	9	3	0
SIGIRR	9	3	0
SIRPB1	9	3	0
SKAP2	9	3	0
SLC9A1	9	3	0
SLIT1	9	3	0
SMAD4	9	3	0
SMARCA2	9	3	0
SMARCA5	9	3	0
SMARCC2	9	3	0
SMARCD3	9	3	0
SMPD1	9	3	0
SMPD3	9	3	0
SNAP23	9	3	0
SNF8	9	3	0
SNTG2	9	3	0
SOCS5	9	3	0
SOX10	9	3	0
SP100	9	3	0
SPHK1	9	3	0
SPINK5	9	3	0
SPINK9	9	3	0
SPTAN1	9	3	0
SRGAP3	9	3	0
STAT3	9	3	0
STING1	9	3	0
STRADA	9	3	0
STUB1	9	3	0
STX10	9	3	0
STX18	9	3	0
STX1A	9	3	0
STX3	9	3	0
STX4	9	3	0
SUDS3	9	3	0
SUGT1	9	3	0
SUMO3	9	3	0
SUPT4H1	9	3	0
SYT1	9	3	0
SYVN1	9	3	0
TAP2	9	3	0
TASOR	9	3	0
TBC1D1	9	3	0
TBC1D14	9	3	0
TBC1D17	9	3	0
TBC1D4	9	3	0
TBC1D7	9	3	0
TBK1	9	3	0
TBX3	9	3	0
TCN2	9	3	0
TDG	9	3	0
TEAD4	9	3	0
TENT4B	9	3	0
TERT	9	3	0
TFAP2B	9	3	0
TFE3	9	3	0
TFPI	9	3	0
TGIF1	9	3	0
THBS1	9	3	0
THBS3	9	3	0
THRB	9	3	0
TIFA	9	3	0
TIMELESS	9	3	0
TIMP1	9	3	0
TLL1	9	3	0
TLR2	9	3	0
TLR3	9	3	0
TLR9	9	3	0
TMED10	9	3	0
TMEM219	9	3	0
TMPRSS6	9	3	0
TNFAIP3	9	3	0
TNFRSF10A	9	3	0
TNFRSF10B	9	3	0
TNFRSF10D	9	3	0
TNFRSF12A	9	3	0
TNFRSF14	9	3	0
TNFRSF17	9	3	0
TNFSF10	9	3	0
TNFSF11	9	3	0
TNFSF12	9	3	0
TNFSF15	9	3	0
TNIP2	9	3	0
TNK2	9	3	0
TNKS	9	3	0
TNNC2	9	3	0
TP53	9	3	0
TP73	9	3	0
TRAC	9	3	0
TRAF2	9	3	0
TRAV29DV5	9	3	0
TRBV12-3	9	3	0
TRIB3	9	3	0
TRPC3	9	3	0
TSPAN14	9	3	0
TSPOAP1	9	3	0
TWNK	9	3	0
TXNRD2	9	3	0
TYROBP	9	3	0
TYSND1	9	3	0
UBA52	9	3	0
UBC	9	3	0
UBD	9	3	0
UBE2B	9	3	0
UBE2D2	9	3	0
UBE2D3	9	3	0
UBE2E1	9	3	0
UFD1	9	3	0
ULK1	9	3	0
UNC93B1	9	3	0
UQCC3	9	3	0
UQCC5	9	3	0
UQCRQ	9	3	0
USF1	9	3	0
USO1	9	3	0
USP15	9	3	0
USP21	9	3	0
USP25	9	3	0
USP30	9	3	0
USP42	9	3	0
USP48	9	3	0
USP9X	9	3	0
UVRAG	9	3	0
VAMP2	9	3	0
VAMP7	9	3	0
VANGL2	9	3	0
VCPIP1	9	3	0
VPREB1	9	3	0
VPS25	9	3	0
VPS36	9	3	0
VPS37A	9	3	0
VPS53	9	3	0
VRK1	9	3	0
WAS	9	3	0
WASL	9	3	0
WDR18	9	3	0
WDR48	9	3	0
WDR83	9	3	0
WIPI2	9	3	0
WNT11	9	3	0
WNT3	9	3	0
WTAP	9	3	0
XIAP	9	3	0
XPC	9	3	0
YAP1	9	3	0
YES1	9	3	0
YY1	9	3	0
ZC3H18	9	3	0
ZCCHC7	9	3	0
ZDHHC7	9	3	0
ZDHHC8	9	3	0
ZEB2	9	3	0
ZFC3H1	9	3	0
ZFYVE16	9	3	0
ZNF598	9	3	0
ZNF74	9	3	0
ZWILCH	9	3	0
AAMP	9	4	0
ABCF1	9	4	0
ABHD17A	9	4	0
ABHD17B	9	4	0
ABLIM1	9	4	0
ABRAXAS1	9	4	0
ABRAXAS2	9	4	0
ACE	9	4	0
ACE2	9	4	0
ACIN1	9	4	0
ACKR3	9	4	0
ACTL6B	9	4	0
ACTN4	9	4	0
ACVR2B	9	4	0
ADAM20	9	4	0
ADAM21	9	4	0
ADAMTS5	9	4	0
ADD2	9	4	0
ADD3	9	4	0
ADGRE5	9	4	0
ADM	9	4	0
ADM2	9	4	0
ADRA2B	9	4	0
AEBP2	9	4	0
AFDN	9	4	1
AGFG1	9	4	0
AGO4	9	4	0
AGT	9	4	0
AGTR2	9	4	0
AIM2	9	4	0
AIP	9	4	0
AKAP10	9	4	0
AKAP5	9	4	0
AKT1	9	4	0
AKT1S1	9	4	0
ALCAM	9	4	0
AMOTL1	9	4	0
ANTXR2	9	4	0
AP1G1	9	4	0
AP1G2	9	4	0
AP1M2	9	4	0
AP1S2	9	4	0
AP2A2	9	4	0
AP4M1	9	4	0
AP4S1	9	4	0
APBB1	9	4	0
APC	9	4	0
APOA1	9	4	0
APOBR	9	4	0
APOC1	9	4	0
APOC4	9	4	0
AR	9	4	0
ARF1	9	4	0
ARFGAP1	9	4	0
ARHGAP26	9	4	0
ARHGDIG	9	4	0
ARHGEF11	9	4	0
ARID1A	9	4	0
ARID2	9	4	0
ARRB2	9	4	0
ARSA	9	4	0
ASAP1	9	4	0
ASPH	9	4	0
ASXL2	9	4	0
ATF4	9	4	0
ATF6	9	4	0
ATG16L2	9	4	0
ATG7	9	4	0
ATM	9	4	0
ATP1A2	9	4	0
ATP6V1H	9	4	0
ATRIP	9	4	0
AVPR1B	9	4	0
AXL	9	4	0
BACE1	9	4	0
BACH2	9	4	0
BANP	9	4	0
BBC3	9	4	0
BCKDK	9	4	0
BCL10	9	4	0
BCL2	9	4	0
BCL2L1	9	4	0
BDP1	9	4	0
BIRC2	9	4	0
BLM	9	4	0
BMP2	9	4	0
BMPR1B	9	4	0
BOC	9	4	0
BRAP	9	4	0
BRCA1	9	4	0
BRIP1	9	4	0
BTK	9	4	0
BUB3	9	4	0
CACNA1C	9	4	0
CACNB4	9	4	0
CACNG3	9	4	0
CADM3	9	4	0
CALM1	9	4	0
CALM2	9	4	0
CALM3	9	4	0
CAMK2A	9	4	0
CANX	9	4	0
CAP2	9	4	0
CAPN1	9	4	0
CAPN2	9	4	0
CAPZA1	9	4	0
CARD8	9	4	0
CASK	9	4	0
CASP1	9	4	0
CASP14	9	4	0
CASP2	9	4	0
CASP8	9	4	0
CAST	9	4	0
CAV3	9	4	0
CCL1	9	4	0
CCNA2	9	4	0
CCNB1	9	4	0
CCND2	9	4	0
CCNE2	9	4	0
CCNK	9	4	0
CCP110	9	4	0
CCR8	9	4	0
CD1D	9	4	0
CD247	9	4	0
CD2AP	9	4	0
CD3D	9	4	0
CD40	9	4	0
CD5L	9	4	0
CD72	9	4	0
CD79A	9	4	0
CD8B	9	4	0
CDC14B	9	4	0
CDC25A	9	4	0
CDC42EP2	9	4	0
CDC73	9	4	0
CDH1	9	4	0
CDH15	9	4	0
CDH8	9	4	0
CDK2	9	4	0
CDK2AP1	9	4	0
CDK9	9	4	0
CDKN2D	9	4	0
CDT1	9	4	0
CEP43	9	4	0
CER1	9	4	0
CFHR4	9	4	0
CFL1	9	4	0
CHM	9	4	0
CHML	9	4	0
CHRM2	9	4	0
CIPC	9	4	0
CITED4	9	4	0
CKS1B	9	4	0
CLCF1	9	4	0
CLEC1B	9	4	0
CLEC7A	9	4	0
CLIP1	9	4	0
CLIP3	9	4	0
CLTA	9	4	0
COLEC11	9	4	0
COPB2	9	4	0
COPE	9	4	0
CPAP	9	4	0
CPSF6	9	4	0
CRABP2	9	4	0
CREB3L4	9	4	0
CRK	9	4	0
CRLF1	9	4	0
CRTC2	9	4	0
CSF1	9	4	0
CSF2	9	4	0
CSF2RB	9	4	0
CSNK2A2	9	4	0
CTBP2	9	4	0
CTRB1	9	4	0
CTSK	9	4	0
CTSZ	9	4	0
CUL2	9	4	0
CUL3	9	4	0
CYB5R1	9	4	0
CYB5R4	9	4	0
CYBA	9	4	0
CYBB	9	4	0
CYTH2	9	4	0
CYTH3	9	4	0
CYTH4	9	4	0
DACT1	9	4	0
DCC	9	4	0
DCP2	9	4	0
DCTN2	9	4	0
DCTN5	9	4	0
DCTN6	9	4	0
DCUN1D1	9	4	0
DDOST	9	4	0
DENND6B	9	4	0
DIAPH1	9	4	0
DIAPH2	9	4	0
DISP2	9	4	0
DLAT	9	4	0
DLG1	9	4	0
DLGAP3	9	4	0
DMC1	9	4	0
DMPK	9	4	0
DMTN	9	4	0
DNAJC3	9	4	0
DNAJC6	9	4	0
DNAL4	9	4	0
DOCK11	9	4	0
DOCK3	9	4	0
DOCK8	9	4	0
DOK2	9	4	0
DPF2	9	4	0
DPF3	9	4	0
DPH5	9	4	0
DPPA2	9	4	0
DSP	9	4	1
DTNA	9	4	0
DTX4	9	4	0
DYNC1H1	9	4	0
DYNC1I2	9	4	0
EBI3	9	4	0
EEF1AKMT1	9	4	0
EFNB1	9	4	0
EGFR	9	4	0
EGLN1	9	4	0
EGR1	9	4	0
EHD1	9	4	0
EHMT1	9	4	0
EHMT2	9	4	0
EIF2AK2	9	4	0
EIF2AK4	9	4	0
EIF4A2	9	4	0
EIF4E	9	4	0
EIF4E2	9	4	0
EIF4E3	9	4	0
EIF4H	9	4	0
ELANE	9	4	0
ELK1	9	4	0
EME2	9	4	0
EMILIN1	9	4	0
ENAH	9	4	0
ENPEP	9	4	0
EP300	9	4	0
EPB41L5	9	4	0
ERCC4	9	4	0
ERLEC1	9	4	0
ETV4	9	4	0
EXO1	9	4	0
EXOSC10	9	4	0
EZH1	9	4	0
EZH2	9	4	0
F12	9	4	0
F2	9	4	0
F2R	9	4	0
F3	9	4	0
FBLIM1	9	4	0
FBLN2	9	4	1
FBXL18	9	4	0
FBXL7	9	4	0
FBXW11	9	4	0
FCER1A	9	4	0
FCER1G	9	4	0
FGF1	9	4	0
FGF23	9	4	0
FGF7	9	4	0
FGFR1OP2	9	4	0
FKBP5	9	4	0
FLOT1	9	4	0
FLOT2	9	4	0
FMOD	9	4	0
FOXM1	9	4	0
FRS3	9	4	0
FUNDC1	9	4	0
FZR1	9	4	0
GAB1	9	4	0
GADD45A	9	4	0
GAS1	9	4	0
GATA6	9	4	0
GATAD2B	9	4	0
GBP1	9	4	0
GBP4	9	4	0
GDI2	9	4	0
GET1	9	4	0
GET4	9	4	0
GGA2	9	4	0
GGA3	9	4	0
GH2	9	4	0
GHRL	9	4	0
GLA	9	4	0
GLB1	9	4	0
GM2A	9	4	0
GNAI1	9	4	0
GNAI3	9	4	0
GNAL	9	4	0
GNAT3	9	4	0
GOSR2	9	4	0
GRB10	9	4	0
GRIA4	9	4	0
GRIK2	9	4	0
GRIK4	9	4	0
GRK3	9	4	0
GRK4	9	4	0
GRK6	9	4	0
GTF2B	9	4	0
GTF2E1	9	4	0
GTF2E2	9	4	0
GYG1	9	4	0
GZMB	9	4	0
H1-8	9	4	0
HBEGF	9	4	0
HCST	9	4	0
HDAC5	9	4	0
HDAC6	9	4	0
HEXB	9	4	0
HGF	9	4	0
HIF3A	9	4	0
HIKESHI	9	4	0
HIRA	9	4	0
HLA-A	9	4	0
HLA-B	9	4	0
HLA-DMB	9	4	0
HLA-DRA	9	4	0
HMGA2	9	4	0
HNRNPU	9	4	0
HPS1	9	4	0
HSP90AB1	9	4	0
HSPA1B	9	4	0
IBSP	9	4	0
IFNAR1	9	4	0
IFNB1	9	4	0
IFNGR1	9	4	0
IFT20	9	4	0
IFT88	9	4	0
IGFBP2	9	4	0
IGFBP3	9	4	0
IGFBP5	9	4	0
IGHD	9	4	0
IGHG1	9	4	0
IGHG4	9	4	0
IGLL1	9	4	0
IKBKG	9	4	0
IL15RA	9	4	0
IL1A	9	4	0
IL1B	9	4	0
IL1RAP	9	4	0
IL1RAPL1	9	4	0
IL1RN	9	4	0
IL23R	9	4	0
IL27RA	9	4	0
IL2RG	9	4	0
IL31	9	4	0
IL4	9	4	0
ILK	9	4	0
ING4	9	4	0
INPP5D	9	4	0
INPP5E	9	4	0
IRAK4	9	4	0
IRF3	9	4	0
IRS1	9	4	0
ITGA11	9	4	0
ITGA2	9	4	0
ITGAV	9	4	0
ITGB4	9	4	0
ITGB7	9	4	0
ITGB8	9	4	0
JADE1	9	4	0
JUN	9	4	0
JUP	9	4	0
KAT2A	9	4	0
KCNJ15	9	4	0
KCNJ3	9	4	0
KCNMB1	9	4	0
KCNMB4	9	4	0
KEAP1	9	4	0
KHDRBS1	9	4	0
KIF3B	9	4	0
KIR2DL1	9	4	0
KIR2DS4	9	4	0
KIR3DS1	9	4	0
KIRREL1	9	4	0
KIRREL2	9	4	0
KL	9	4	0
KLB	9	4	0
KLC2	9	4	0
KLK7	9	4	0
KRT28	9	4	0
LAMB2	9	4	0
LAMTOR2	9	4	0
LGR5	9	4	0
LHX4	9	4	0
LIFR	9	4	0
LILRA1	9	4	0
LIMK1	9	4	0
LIMS2	9	4	0
LINGO1	9	4	0
LPL	9	4	0
LRFN2	9	4	0
LRFN3	9	4	0
LRP1	9	4	0
LRP2	9	4	0
LRP5	9	4	0
LRP8	9	4	0
LRRC52	9	4	0
LTBP1	9	4	0
LTBP3	9	4	0
LTBR	9	4	0
LTK	9	4	0
LYL1	9	4	0
M6PR	9	4	0
MAD2L1	9	4	0
MAG	9	4	0
MAGT1	9	4	0
MAML2	9	4	0
MAP1LC3A	9	4	0
MAP2K5	9	4	0
MAP3K14	9	4	0
MAP3K7	9	4	0
MAPK7	9	4	0
MAPKAPK3	9	4	0
MAPKAPK5	9	4	0
MARCKS	9	4	0
MASP2	9	4	0
MATK	9	4	0
MAU2	9	4	0
MC2R	9	4	0
MCIDAS	9	4	0
MCM3	9	4	0
MCM7	9	4	1
MCM8	9	4	0
MDK	9	4	0
MEF2A	9	4	0
MEMO1	9	4	0
MERTK	9	4	0
METAP1	9	4	0
METTL14	9	4	0
MFAP2	9	4	0
MGAT5B	9	4	0
MIA3	9	4	0
MITF	9	4	0
MMP1	9	4	0
MMP15	9	4	0
MOB1B	9	4	0
MON1A	9	4	0
MPHOSPH6	9	4	0
MPHOSPH8	9	4	0
MPST	9	4	0
MS4A2	9	4	0
MSRA	9	4	0
MT-CO3	9	4	0
MT-CYB	9	4	0
MTMR12	9	4	0
MTMR2	9	4	0
MUC20	9	4	0
MVB12B	9	4	0
N4BP1	9	4	0
NANOG	9	4	0
NCBP1	9	4	0
NCF2	9	4	0
NCK1	9	4	0
NCKIPSD	9	4	0
NCOR2	9	4	0
NCR1	9	4	0
NCSTN	9	4	0
NECTIN4	9	4	0
NEDD4L	9	4	0
NEIL1	9	4	0
NEIL3	9	4	0
NF2	9	4	0
NFATC3	9	4	0
NFU1	9	4	0
NFYA	9	4	0
NMT2	9	4	0
NOS3	9	4	0
NOSTRIN	9	4	0
NOTCH1	9	4	0
NOTCH2	9	4	0
NOTCH3	9	4	0
NOTCH4	9	4	0
NOTUM	9	4	0
NOX3	9	4	0
NPTN	9	4	0
NR1H3	9	4	0
NR2E1	9	4	0
NR3C2	9	4	0
NRAS	9	4	0
NSF	9	4	0
NTRK1	9	4	0
NTRK3	9	4	0
NUAK1	9	4	0
NUB1	9	4	0
NXF1	9	4	0
OGG1	9	4	0
OGT	9	4	0
OPN1LW	9	4	0
OPN1MW	9	4	0
OPN1SW	9	4	0
OPTN	9	4	0
ORC4	9	4	0
OTULIN	9	4	0
P4HB	9	4	0
PAAF1	9	4	0
PALB2	9	4	0
PAPPA2	9	4	0
PAQR3	9	4	0
PARP1	9	4	0
PAXIP1	9	4	0
PCGF2	9	4	0
PCGF6	9	4	0
PCLO	9	4	0
PCNA	9	4	0
PCSK1	9	4	0
PCSK7	9	4	0
PDE3B	9	4	0
PDGFRB	9	4	0
PDLIM5	9	4	0
PELI3	9	4	0
PELO	9	4	0
PEX1	9	4	0
PEX12	9	4	0
PEX13	9	4	0
PEX2	9	4	0
PHF6	9	4	0
PHKA1	9	4	0
PHKA2	9	4	0
PHLDA1	9	4	0
PHLPP2	9	4	0
PIK3CB	9	4	0
PIK3R3	9	4	0
PIK3R4	9	4	0
PIK3R6	9	4	0
PINK1	9	4	0
PIP4K2A	9	4	0
PKP1	9	4	0
PLA2G4A	9	4	0
PLCG1	9	4	0
PLIN1	9	4	0
PLK1	9	4	0
PLN	9	4	0
PLXNA1	9	4	0
PLXNA2	9	4	0
PLXNB1	9	4	0
PLXNC1	9	4	1
PML	9	4	0
PMS2	9	4	0
POFUT1	9	4	0
POLD3	9	4	0
POLE3	9	4	0
POLM	9	4	0
POMC	9	4	0
POMGNT1	9	4	0
PPARD	9	4	0
PPARG	9	4	0
PPFIA2	9	4	0
PPIA	9	4	0
PPM1B	9	4	0
PPM1F	9	4	0
PPP1R13L	9	4	0
PPP2CB	9	4	0
PPP2R5B	9	4	0
PPP3CB	9	4	0
PPRC1	9	4	0
PRCP	9	4	0
PRDM1	9	4	0
PRDX1	9	4	0
PRDX2	9	4	0
PRDX3	9	4	0
PRDX5	9	4	0
PREB	9	4	0
PREX1	9	4	0
PRIM1	9	4	0
PRKACG	9	4	0
PRKCI	9	4	0
PRKDC	9	4	0
PRL	9	4	0
PRLR	9	4	0
PRM2	9	4	0
PRNP	9	4	0
PROC	9	4	0
PRSS2	9	4	0
PRX	9	4	0
PSG1	9	4	0
PSMD11	9	4	0
PSMD7	9	4	0
PSTPIP1	9	4	0
PTBP1	9	4	0
PTK6	9	4	0
PTPN1	9	4	0
PTPN22	9	4	0
PTPN7	9	4	0
PTPRA	9	4	0
PYGM	9	4	0
RAB11B	9	4	0
RAB18	9	4	0
RAB31	9	4	0
RAB33B	9	4	0
RAB39A	9	4	0
RAB3GAP2	9	4	0
RABEP1	9	4	0
RABGGTB	9	4	0
RAD51B	9	4	0
RAD51C	9	4	0
RAD52	9	4	0
RAF1	9	4	0
RANBP1	9	4	0
RANGAP1	9	4	0
RAPGEF1	9	4	0
RASGRF2	9	4	0
RBCK1	9	4	0
RBM8A	9	4	0
RBX1	9	4	0
RCCD1	9	4	0
RCOR1	9	4	0
RELA	9	4	0
REST	9	4	0
RGMB	9	4	0
RGS16	9	4	0
RGS7	9	4	0
RHOB	9	4	0
RHOBTB1	9	4	0
RHOU	9	4	0
RHPN2	9	4	0
RIPK1	9	4	0
RIPPLY2	9	4	0
RIT1	9	4	0
RIT2	9	4	0
RNASE1	9	4	0
RND1	9	4	0
RNF111	9	4	0
RNF31	9	4	0
ROCK2	9	4	0
ROR2	9	4	0
RPA3	9	4	0
RPN2	9	4	0
RPS6	9	4	0
RRAGA	9	4	0
RRM2B	9	4	0
RTEL1	9	4	0
RUNX1	9	4	0
RUNX3	9	4	0
RXRA	9	4	0
SAFB	9	4	0
SAP18	9	4	0
SCAI	9	4	0
SCN5A	9	4	0
SEC24A	9	4	0
SEC24D	9	4	0
SELL	9	4	0
SEM1	9	4	0
SEMA3A	9	4	0
SEMG1	9	4	0
SEPTIN7	9	4	0
SERPINA10	9	4	0
SERPIND1	9	4	0
SESN1	9	4	0
SFRP2	9	4	0
SFTPD	9	4	0
SGK1	9	4	0
SGTA	9	4	0
SH3PXD2A	9	4	0
SHANK3	9	4	0
SHPRH	9	4	0
SIRPG	9	4	0
SIRT5	9	4	0
SKIC2	9	4	0
SKIC3	9	4	0
SKIL	9	4	0
SKP2	9	4	0
SLA2	9	4	0
SLC16A8	9	4	0
SLC18A3	9	4	0
SLC25A4	9	4	0
SLC8A3	9	4	0
SLIT3	9	4	0
SMAD7	9	4	0
SMAD9	9	4	0
SMARCB1	9	4	0
SMARCD1	9	4	0
SMPD2	9	4	0
SMURF2	9	4	0
SOS2	9	4	0
SPATA2	9	4	0
SPC24	9	4	0
SPR	9	4	0
SPRED2	9	4	0
SPTA1	9	4	0
SPTBN1	9	4	0
SRC	9	4	0
SRGAP1	9	4	0
SRRT	9	4	0
SSPN	9	4	0
SSRP1	9	4	0
STAM	9	4	0
STAMBP	9	4	0
STIM1	9	4	0
STX1B	9	4	0
SUMO2	9	4	0
SURF4	9	4	0
SYCP2	9	4	0
SYNJ1	9	4	0
TAS1R3	9	4	0
TASL	9	4	0
TASP1	9	4	0
TAX1BP1	9	4	0
TBC1D20	9	4	0
TBC1D25	9	4	0
TBP	9	4	0
TBX21	9	4	0
TBX6	9	4	0
TCF3	9	4	0
TEK	9	4	0
TENT4A	9	4	0
TET3	9	4	0
TFAM	9	4	0
TFB2M	9	4	0
TGFB2	9	4	0
TGIF2	9	4	0
TIPIN	9	4	0
TLE2	9	4	0
TLE3	9	4	0
TLR10	9	4	0
TLR5	9	4	0
TMEM258	9	4	0
TNF	9	4	0
TNFRSF11A	9	4	0
TNFRSF11B	9	4	0
TNFSF14	9	4	0
TNS3	9	4	0
TOLLIP	9	4	0
TOMM70	9	4	0
TOPORS	9	4	0
TOR1A	9	4	0
TP53BP2	9	4	0
TPST2	9	4	0
TRIM27	9	4	0
TRPC1	9	4	0
TRPC5	9	4	0
TRRAP	9	4	0
TSLP	9	4	0
TSPO	9	4	0
TTC5	9	4	0
TXN	9	4	0
TXNIP	9	4	0
TXNRD1	9	4	0
TYRO3	9	4	0
UACA	9	4	0
UBE2N	9	4	0
UBE2V1	9	4	0
UBL4A	9	4	0
UNC5B	9	4	0
UNC5C	9	4	0
UNC5D	9	4	0
UQCR10	9	4	0
UQCR11	9	4	0
UQCRB	9	4	0
USP10	9	4	0
USP2	9	4	0
USP5	9	4	0
USP8	9	4	0
UVSSA	9	4	0
VASP	9	4	0
VCPKMT	9	4	0
VEGFB	9	4	0
VLDLR	9	4	0
VPS26A	9	4	0
VPS35	9	4	0
VPS54	9	4	0
VRK3	9	4	0
VTI1A	9	4	0
VTN	9	4	0
WDR82	9	4	0
WIPF2	9	4	0
WLS	9	4	0
WNT8B	9	4	0
WT1	9	4	0
WWOX	9	4	0
WWP1	9	4	0
XRCC4	9	4	0
XRCC5	9	4	0
XRCC6	9	4	0
YAF2	9	4	0
YWHAG	9	4	0
YWHAZ	9	4	0
ZDHHC21	9	4	0
ZDHHC5	9	4	0
ZDHHC9	9	4	0
ZFAND6	9	4	0
ZFHX3	9	4	0
ZMYM2	9	4	0
ZNF217	9	4	0
ZNF473	9	4	0
