gene	fold	y	label_id	universe_id	transfer_id	role
BLM	0	1	ot_all	native_funmap	intogen_temporal_new__to__ot_all	target
PSMD8	0	1	ot_all	native_funmap	intogen_temporal_new__to__ot_all	target
NEK9	0	1	ot_all	native_funmap	intogen_temporal_new__to__ot_all	target
HAX1	0	1	ot_all	native_funmap	intogen_temporal_new__to__ot_all	target
FGG	0	1	ot_all	native_funmap	intogen_temporal_new__to__ot_all	target
FAS	0	1	ot_all	native_funmap	intogen_temporal_new__to__ot_all	target
CASP8	0	1	ot_all	native_funmap	intogen_temporal_new__to__ot_all	target
PSMB5	0	1	ot_all	native_funmap	intogen_temporal_new__to__ot_all	target
EXO1	0	1	ot_all	native_funmap	intogen_temporal_new__to__ot_all	target
ESRP1	0	1	ot_all	native_funmap	intogen_temporal_new__to__ot_all	target
ERBB3	0	1	ot_all	native_funmap	intogen_temporal_new__to__ot_all	target
KIT	0	1	ot_all	native_funmap	intogen_temporal_new__to__ot_all	target
SOS1	0	1	ot_all	native_funmap	intogen_temporal_new__to__ot_all	target
ANTXR2	0	1	ot_all	native_funmap	intogen_temporal_new__to__ot_all	target
GART	0	1	ot_all	native_funmap	intogen_temporal_new__to__ot_all	target
PDGFRA	0	1	ot_all	native_funmap	intogen_temporal_new__to__ot_all	target
PTPN11	0	1	ot_all	native_funmap	intogen_temporal_new__to__ot_all	target
PSMB4	0	1	ot_all	native_funmap	intogen_temporal_new__to__ot_all	target
MSH6	0	1	ot_all	native_funmap	intogen_temporal_new__to__ot_all	target
SF3B1	0	1	ot_all	native_funmap	intogen_temporal_new__to__ot_all	target
PIK3R1	0	1	ot_all	native_funmap	intogen_temporal_new__to__ot_all	target
WRAP53	0	1	ot_all	native_funmap	intogen_temporal_new__to__ot_all	target
TNFRSF14	0	1	ot_all	native_funmap	intogen_temporal_new__to__ot_all	target
KIF5B	0	1	ot_all	native_funmap	intogen_temporal_new__to__ot_all	target
RBPJ	0	1	ot_all	native_funmap	intogen_temporal_new__to__ot_all	target
ITGA2B	0	1	ot_all	native_funmap	intogen_temporal_new__to__ot_all	target
ELP1	0	1	ot_all	native_funmap	intogen_temporal_new__to__ot_all	target
PBRM1	0	1	ot_all	native_funmap	intogen_temporal_new__to__ot_all	target
CDH1	0	1	ot_all	native_funmap	intogen_temporal_new__to__ot_all	target
WIPF1	0	1	ot_all	native_funmap	intogen_temporal_new__to__ot_all	target
CRIPT	0	1	ot_all	native_funmap	intogen_temporal_new__to__ot_all	target
AKR1C2	0	1	ot_all	native_funmap	intogen_temporal_new__to__ot_all	target
SDHC	0	1	ot_all	native_funmap	intogen_temporal_new__to__ot_all	target
CDK6	0	1	ot_all	native_funmap	intogen_temporal_new__to__ot_all	target
RBM10	0	1	ot_all	native_funmap	intogen_temporal_new__to__ot_all	target
CD74	0	1	ot_all	native_funmap	intogen_temporal_new__to__ot_all	target
POLA1	0	1	ot_all	native_funmap	intogen_temporal_new__to__ot_all	target
SHC1	0	1	ot_all	native_funmap	intogen_temporal_new__to__ot_all	target
CD33	0	1	ot_all	native_funmap	intogen_temporal_new__to__ot_all	target
XPO1	0	1	ot_all	native_funmap	intogen_temporal_new__to__ot_all	target
TOP2B	0	1	ot_all	native_funmap	intogen_temporal_new__to__ot_all	target
CLIP1	0	1	ot_all	native_funmap	intogen_temporal_new__to__ot_all	target
PIK3CD	0	1	ot_all	native_funmap	intogen_temporal_new__to__ot_all	target
FGF2	0	1	ot_all	native_funmap	intogen_temporal_new__to__ot_all	target
MAP2K2	0	1	ot_all	native_funmap	intogen_temporal_new__to__ot_all	target
TRIP11	0	1	ot_all	native_funmap	intogen_temporal_new__to__ot_all	target
ACTB	0	1	ot_all	native_funmap	intogen_temporal_new__to__ot_all	target
PSMB1	0	1	ot_all	native_funmap	intogen_temporal_new__to__ot_all	target
NBN	0	1	ot_all	native_funmap	intogen_temporal_new__to__ot_all	target
PSMA1	0	1	ot_all	native_funmap	intogen_temporal_new__to__ot_all	target
CUL4A	0	1	ot_all	native_funmap	intogen_temporal_new__to__ot_all	target
CTC1	0	1	ot_all	native_funmap	intogen_temporal_new__to__ot_all	target
GALNT12	0	1	ot_all	native_funmap	intogen_temporal_new__to__ot_all	target
CDKN1A	0	1	ot_all	native_funmap	intogen_temporal_new__to__ot_all	target
DDX3X	0	1	ot_all	native_funmap	intogen_temporal_new__to__ot_all	target
TXNRD1	0	1	ot_all	native_funmap	intogen_temporal_new__to__ot_all	target
KAT2A	0	1	ot_all	native_funmap	intogen_temporal_new__to__ot_all	target
POLE	0	1	ot_all	native_funmap	intogen_temporal_new__to__ot_all	target
BRCA2	0	1	ot_all	native_funmap	intogen_temporal_new__to__ot_all	target
CSK	0	1	ot_all	native_funmap	intogen_temporal_new__to__ot_all	target
WAS	0	1	ot_all	native_funmap	intogen_temporal_new__to__ot_all	target
ARRB2	0	1	ot_all	native_funmap	intogen_temporal_new__to__ot_all	target
FDPS	0	1	ot_all	native_funmap	intogen_temporal_new__to__ot_all	target
ERLIN2	0	1	ot_all	native_funmap	intogen_temporal_new__to__ot_all	target
NFE2L2	0	1	ot_all	native_funmap	intogen_temporal_new__to__ot_all	target
PRKAR1A	0	1	ot_all	native_funmap	intogen_temporal_new__to__ot_all	target
EP300	0	1	ot_all	native_funmap	intogen_temporal_new__to__ot_all	target
SRD5A3	0	1	ot_all	native_funmap	intogen_temporal_new__to__ot_all	target
PSMB9	0	1	ot_all	native_funmap	intogen_temporal_new__to__ot_all	target
MRE11	0	1	ot_all	native_funmap	intogen_temporal_new__to__ot_all	target
YES1	0	1	ot_all	native_funmap	intogen_temporal_new__to__ot_all	target
KRAS	0	1	ot_all	native_funmap	intogen_temporal_new__to__ot_all	target
PRIM2	0	1	ot_all	native_funmap	intogen_temporal_new__to__ot_all	target
GAB1	0	1	ot_all	native_funmap	intogen_temporal_new__to__ot_all	target
CCDC6	0	1	ot_all	native_funmap	intogen_temporal_new__to__ot_all	target
POLD2	0	1	ot_all	native_funmap	intogen_temporal_new__to__ot_all	target
ARID2	0	1	ot_all	native_funmap	intogen_temporal_new__to__ot_all	target
GATA2	0	1	ot_all	native_funmap	intogen_temporal_new__to__ot_all	target
PSMB8	0	1	ot_all	native_funmap	intogen_temporal_new__to__ot_all	target
ANAPC1	0	1	ot_all	native_funmap	intogen_temporal_new__to__ot_all	target
DDB1	0	1	ot_all	native_funmap	intogen_temporal_new__to__ot_all	target
KCND1	0	1	ot_all	native_funmap	intogen_temporal_new__to__ot_all	target
JAG1	0	1	ot_all	native_funmap	intogen_temporal_new__to__ot_all	target
NSD1	0	1	ot_all	native_funmap	intogen_temporal_new__to__ot_all	target
SMC5	0	1	ot_all	native_funmap	intogen_temporal_new__to__ot_all	target
CHD2	0	1	ot_all	native_funmap	intogen_temporal_new__to__ot_all	target
CDC37	0	1	ot_all	native_funmap	intogen_temporal_new__to__ot_all	target
HSP90AA1	0	1	ot_all	native_funmap	intogen_temporal_new__to__ot_all	target
DHFR	0	1	ot_all	native_funmap	intogen_temporal_new__to__ot_all	target
BCL9L	0	1	ot_all	native_funmap	intogen_temporal_new__to__ot_all	target
KMT2D	0	1	ot_all	native_funmap	intogen_temporal_new__to__ot_all	target
CDK12	0	1	ot_all	native_funmap	intogen_temporal_new__to__ot_all	target
ZFHX3	0	1	ot_all	native_funmap	intogen_temporal_new__to__ot_all	target
KCNA3	0	1	ot_all	native_funmap	intogen_temporal_new__to__ot_all	target
TOP2A	0	1	ot_all	native_funmap	intogen_temporal_new__to__ot_all	target
MAP2K1	0	1	ot_all	native_funmap	intogen_temporal_new__to__ot_all	target
TUBA1C	0	1	ot_all	native_funmap	intogen_temporal_new__to__ot_all	target
PSMC2	0	1	ot_all	native_funmap	intogen_temporal_new__to__ot_all	target
ATR	0	1	ot_all	native_funmap	intogen_temporal_new__to__ot_all	target
ERCC2	0	1	ot_all	native_funmap	intogen_temporal_new__to__ot_all	target
KDM6A	0	1	ot_all	native_funmap	intogen_temporal_new__to__ot_all	target
MT-CO1	0	1	ot_all	native_funmap	intogen_temporal_new__to__ot_all	target
LMNA	0	1	ot_all	native_funmap	intogen_temporal_new__to__ot_all	target
CPSF6	0	1	ot_all	native_funmap	intogen_temporal_new__to__ot_all	target
AXL	0	1	ot_all	native_funmap	intogen_temporal_new__to__ot_all	target
PSMD3	0	1	ot_all	native_funmap	intogen_temporal_new__to__ot_all	target
CREBBP	0	1	ot_all	native_funmap	intogen_temporal_new__to__ot_all	target
HAVCR2	0	1	ot_all	native_funmap	intogen_temporal_new__to__ot_all	target
TGFBR2	0	1	ot_all	native_funmap	intogen_temporal_new__to__ot_all	target
PRKN	0	1	ot_all	native_funmap	intogen_temporal_new__to__ot_all	target
SRD5A2	0	1	ot_all	native_funmap	intogen_temporal_new__to__ot_all	target
FGFR1OP2	0	1	ot_all	native_funmap	intogen_temporal_new__to__ot_all	target
HDAC2	0	1	ot_all	native_funmap	intogen_temporal_new__to__ot_all	target
RARG	0	1	ot_all	native_funmap	intogen_temporal_new__to__ot_all	target
STAT3	0	1	ot_all	native_funmap	intogen_temporal_new__to__ot_all	target
ARID1A	0	1	ot_all	native_funmap	intogen_temporal_new__to__ot_all	target
MAMLD1	0	1	ot_all	native_funmap	intogen_temporal_new__to__ot_all	target
JAG2	0	1	ot_all	native_funmap	intogen_temporal_new__to__ot_all	target
PSMB6	0	1	ot_all	native_funmap	intogen_temporal_new__to__ot_all	target
TRIM28	0	1	ot_all	native_funmap	intogen_temporal_new__to__ot_all	target
PSMD13	0	1	ot_all	native_funmap	intogen_temporal_new__to__ot_all	target
JAK1	0	1	ot_all	native_funmap	intogen_temporal_new__to__ot_all	target
TUBB4B	0	1	ot_all	native_funmap	intogen_temporal_new__to__ot_all	target
TYK2	0	1	ot_all	native_funmap	intogen_temporal_new__to__ot_all	target
SDC4	0	1	ot_all	native_funmap	intogen_temporal_new__to__ot_all	target
RAD51D	0	1	ot_all	native_funmap	intogen_temporal_new__to__ot_all	target
PSMD7	0	1	ot_all	native_funmap	intogen_temporal_new__to__ot_all	target
TRIM24	0	1	ot_all	native_funmap	intogen_temporal_new__to__ot_all	target
PSMD11	0	1	ot_all	native_funmap	intogen_temporal_new__to__ot_all	target
PSMA5	0	1	ot_all	native_funmap	intogen_temporal_new__to__ot_all	target
ETV6	0	1	ot_all	native_funmap	intogen_temporal_new__to__ot_all	target
MPRIP	0	1	ot_all	native_funmap	intogen_temporal_new__to__ot_all	target
POLD3	0	1	ot_all	native_funmap	intogen_temporal_new__to__ot_all	target
TUBB1	0	1	ot_all	native_funmap	intogen_temporal_new__to__ot_all	target
SNW1	0	1	ot_all	native_funmap	intogen_temporal_new__to__ot_all	target
PIK3CG	0	1	ot_all	native_funmap	intogen_temporal_new__to__ot_all	target
GALNT3	0	1	ot_all	native_funmap	intogen_temporal_new__to__ot_all	target
TLN1	0	1	ot_all	native_funmap	intogen_temporal_new__to__ot_all	target
RECQL4	0	1	ot_all	native_funmap	intogen_temporal_new__to__ot_all	target
ESR1	0	1	ot_all	native_funmap	intogen_temporal_new__to__ot_all	target
PGR	0	1	ot_all	native_funmap	intogen_temporal_new__to__ot_all	target
PLCG1	0	1	ot_all	native_funmap	intogen_temporal_new__to__ot_all	target
NOTCH1	0	1	ot_all	native_funmap	intogen_temporal_new__to__ot_all	target
LCK	0	1	ot_all	native_funmap	intogen_temporal_new__to__ot_all	target
AIP	0	1	ot_all	native_funmap	intogen_temporal_new__to__ot_all	target
NTRK3	0	1	ot_all	native_funmap	intogen_temporal_new__to__ot_all	target
PSMC6	0	1	ot_all	native_funmap	intogen_temporal_new__to__ot_all	target
PMS2	0	1	ot_all	native_funmap	intogen_temporal_new__to__ot_all	target
EXT1	0	1	ot_all	native_funmap	intogen_temporal_new__to__ot_all	target
NPM1	0	1	ot_all	native_funmap	intogen_temporal_new__to__ot_all	target
FGB	0	1	ot_all	native_funmap	intogen_temporal_new__to__ot_all	target
PSMD14	0	1	ot_all	native_funmap	intogen_temporal_new__to__ot_all	target
ABL1	0	1	ot_all	native_funmap	intogen_temporal_new__to__ot_all	target
POLD1	0	1	ot_all	native_funmap	intogen_temporal_new__to__ot_all	target
PPAT	0	1	ot_all	native_funmap	intogen_temporal_new__to__ot_all	target
TP53	0	1	ot_all	native_funmap	intogen_temporal_new__to__ot_all	target
TACSTD2	0	1	ot_all	native_funmap	intogen_temporal_new__to__ot_all	target
CYLD	0	1	ot_all	native_funmap	intogen_temporal_new__to__ot_all	target
FLCN	0	1	ot_all	native_funmap	intogen_temporal_new__to__ot_all	target
DLST	0	1	ot_all	native_funmap	intogen_temporal_new__to__ot_all	target
TNFRSF17	0	1	ot_all	native_funmap	intogen_temporal_new__to__ot_all	target
NTHL1	0	1	ot_all	native_funmap	intogen_temporal_new__to__ot_all	target
TUBB8	0	1	ot_all	native_funmap	intogen_temporal_new__to__ot_all	target
PSMA7	0	1	ot_all	native_funmap	intogen_temporal_new__to__ot_all	target
SDHAF2	0	1	ot_all	native_funmap	intogen_temporal_new__to__ot_all	target
SLC25A11	0	1	ot_all	native_funmap	intogen_temporal_new__to__ot_all	target
SMARCB1	0	1	ot_all	native_funmap	intogen_temporal_new__to__ot_all	target
PARN	0	1	ot_all	native_funmap	intogen_temporal_new__to__ot_all	target
VEGFA	0	1	ot_all	native_funmap	intogen_temporal_new__to__ot_all	target
FRK	0	1	ot_all	native_funmap	intogen_temporal_new__to__ot_all	target
PTEN	0	1	ot_all	native_funmap	intogen_temporal_new__to__ot_all	target
PRIM1	0	1	ot_all	native_funmap	intogen_temporal_new__to__ot_all	target
RAF1	0	1	ot_all	native_funmap	intogen_temporal_new__to__ot_all	target
BUB1B	0	1	ot_all	native_funmap	intogen_temporal_new__to__ot_all	target
EXT2	0	1	ot_all	native_funmap	intogen_temporal_new__to__ot_all	target
DNMT1	0	1	ot_all	native_funmap	intogen_temporal_new__to__ot_all	target
EPCAM	0	1	ot_all	native_funmap	intogen_temporal_new__to__ot_all	target
ELAC2	0	1	ot_all	native_funmap	intogen_temporal_new__to__ot_all	target
ATRX	0	1	ot_all	native_funmap	intogen_temporal_new__to__ot_all	target
PSMD12	0	1	ot_all	native_funmap	intogen_temporal_new__to__ot_all	target
RAD51C	0	1	ot_all	native_funmap	intogen_temporal_new__to__ot_all	target
POT1	0	1	ot_all	native_funmap	intogen_temporal_new__to__ot_all	target
AKT3	0	1	ot_all	native_funmap	intogen_temporal_new__to__ot_all	target
PIK3CA	0	1	ot_all	native_funmap	intogen_temporal_new__to__ot_all	target
TNFRSF8	0	1	ot_all	native_funmap	intogen_temporal_new__to__ot_all	target
TBL1XR1	0	1	ot_all	native_funmap	intogen_temporal_new__to__ot_all	target
CXCR4	0	1	ot_all	native_funmap	intogen_temporal_new__to__ot_all	target
PSMD6	0	1	ot_all	native_funmap	intogen_temporal_new__to__ot_all	target
SPTBN1	0	1	ot_all	native_funmap	intogen_temporal_new__to__ot_all	target
EZH2	0	1	ot_all	native_funmap	intogen_temporal_new__to__ot_all	target
FGF7	0	1	ot_all	native_funmap	intogen_temporal_new__to__ot_all	target
MSH3	0	1	ot_all	native_funmap	intogen_temporal_new__to__ot_all	target
ATIC	0	1	ot_all	native_funmap	intogen_temporal_new__to__ot_all	target
MS4A1	0	1	ot_all	native_funmap	intogen_temporal_new__to__ot_all	target
JAK3	0	1	ot_all	native_funmap	intogen_temporal_new__to__ot_all	target
CD22	0	1	ot_all	native_funmap	intogen_temporal_new__to__ot_all	target
KDR	0	1	ot_all	native_funmap	intogen_temporal_new__to__ot_all	target
NHP2	0	1	ot_all	native_funmap	intogen_temporal_new__to__ot_all	target
KCNC4	0	1	ot_all	native_funmap	intogen_temporal_new__to__ot_all	target
NSDHL	0	1	ot_all	native_funmap	intogen_temporal_new__to__ot_all	target
CDH11	0	1	ot_all	native_funmap	intogen_temporal_new__to__ot_all	target
TCF7L2	0	1	ot_all	native_funmap	intogen_temporal_new__to__ot_all	target
FTO	0	1	ot_all	native_funmap	intogen_temporal_new__to__ot_all	target
DLL4	0	1	ot_all	native_funmap	intogen_temporal_new__to__ot_all	target
SLF2	0	1	ot_all	native_funmap	intogen_temporal_new__to__ot_all	target
IKZF1	0	1	ot_all	native_funmap	intogen_temporal_new__to__ot_all	target
MTAP	0	1	ot_all	native_funmap	intogen_temporal_new__to__ot_all	target
IDH2	0	1	ot_all	native_funmap	intogen_temporal_new__to__ot_all	target
PSMA3	0	1	ot_all	native_funmap	intogen_temporal_new__to__ot_all	target
DCLRE1C	0	1	ot_all	native_funmap	intogen_temporal_new__to__ot_all	target
LATS2	0	1	ot_all	native_funmap	intogen_temporal_new__to__ot_all	target
GRB2	0	1	ot_all	native_funmap	intogen_temporal_new__to__ot_all	target
HDAC6	0	1	ot_all	native_funmap	intogen_temporal_new__to__ot_all	target
DNMT3A	0	1	ot_all	native_funmap	intogen_temporal_new__to__ot_all	target
RTEL1	0	1	ot_all	native_funmap	intogen_temporal_new__to__ot_all	target
PARP3	0	1	ot_all	native_funmap	intogen_temporal_new__to__ot_all	target
IRF1	0	1	ot_all	native_funmap	intogen_temporal_new__to__ot_all	target
PSMB3	0	1	ot_all	native_funmap	intogen_temporal_new__to__ot_all	target
ING1	0	1	ot_all	native_funmap	intogen_temporal_new__to__ot_all	target
CDC73	0	1	ot_all	native_funmap	intogen_temporal_new__to__ot_all	target
PSMA6	0	1	ot_all	native_funmap	intogen_temporal_new__to__ot_all	target
MARK3	0	1	ot_all	native_funmap	intogen_temporal_new__to__ot_all	target
FGR	0	1	ot_all	native_funmap	intogen_temporal_new__to__ot_all	target
H3-3A	0	1	ot_all	native_funmap	intogen_temporal_new__to__ot_all	target
GNAS	0	1	ot_all	native_funmap	intogen_temporal_new__to__ot_all	target
VHL	0	1	ot_all	native_funmap	intogen_temporal_new__to__ot_all	target
IRF4	0	1	ot_all	native_funmap	intogen_temporal_new__to__ot_all	target
POLE2	0	1	ot_all	native_funmap	intogen_temporal_new__to__ot_all	target
DKC1	0	1	ot_all	native_funmap	intogen_temporal_new__to__ot_all	target
ATM	0	1	ot_all	native_funmap	intogen_temporal_new__to__ot_all	target
NFIA	0	1	ot_all	native_funmap	intogen_temporal_new__to__ot_all	target
CASP10	0	1	ot_all	native_funmap	intogen_temporal_new__to__ot_all	target
DNA2	0	1	ot_all	native_funmap	intogen_temporal_new__to__ot_all	target
DICER1	0	1	ot_all	native_funmap	intogen_temporal_new__to__ot_all	target
BRCA1	0	1	ot_all	native_funmap	intogen_temporal_new__to__ot_all	target
SMARCE1	0	1	ot_all	native_funmap	intogen_temporal_new__to__ot_all	target
FLT1	0	1	ot_all	native_funmap	intogen_temporal_new__to__ot_all	target
ACTG1	0	1	ot_all	native_funmap	intogen_temporal_new__to__ot_all	target
CBL	0	1	ot_all	native_funmap	intogen_temporal_new__to__ot_all	target
LZTR1	0	1	ot_all	native_funmap	intogen_temporal_new__to__ot_all	target
MSH2	0	1	ot_all	native_funmap	intogen_temporal_new__to__ot_all	target
PSMB2	0	1	ot_all	native_funmap	intogen_temporal_new__to__ot_all	target
FXR1	0	1	ot_all	native_funmap	intogen_temporal_new__to__ot_all	target
GOLGB1	0	1	ot_all	native_funmap	intogen_temporal_new__to__ot_all	target
SETD2	0	1	ot_all	native_funmap	intogen_temporal_new__to__ot_all	target
NF2	0	1	ot_all	native_funmap	intogen_temporal_new__to__ot_all	target
BCR	0	1	ot_all	native_funmap	intogen_temporal_new__to__ot_all	target
PSMB7	0	1	ot_all	native_funmap	intogen_temporal_new__to__ot_all	target
PSMC1	0	1	ot_all	native_funmap	intogen_temporal_new__to__ot_all	target
ARRB1	0	1	ot_all	native_funmap	intogen_temporal_new__to__ot_all	target
PSMC3	0	1	ot_all	native_funmap	intogen_temporal_new__to__ot_all	target
RRM2	0	1	ot_all	native_funmap	intogen_temporal_new__to__ot_all	target
LRRFIP1	0	1	ot_all	native_funmap	intogen_temporal_new__to__ot_all	target
ERBB2	0	1	ot_all	native_funmap	intogen_temporal_new__to__ot_all	target
FBXO11	0	1	ot_all	native_funmap	intogen_temporal_new__to__ot_all	target
PSMA4	0	1	ot_all	native_funmap	intogen_temporal_new__to__ot_all	target
NF1	0	1	ot_all	native_funmap	intogen_temporal_new__to__ot_all	target
AMER1	0	1	ot_all	native_funmap	intogen_temporal_new__to__ot_all	target
DDX41	0	1	ot_all	native_funmap	intogen_temporal_new__to__ot_all	target
PARP2	0	1	ot_all	native_funmap	intogen_temporal_new__to__ot_all	target
CUX1	0	1	ot_all	native_funmap	intogen_temporal_new__to__ot_all	target
TSC2	0	1	ot_all	native_funmap	intogen_temporal_new__to__ot_all	target
MUTYH	0	1	ot_all	native_funmap	intogen_temporal_new__to__ot_all	target
FGA	0	1	ot_all	native_funmap	intogen_temporal_new__to__ot_all	target
IDH1	0	1	ot_all	native_funmap	intogen_temporal_new__to__ot_all	target
SRSF2	0	1	ot_all	native_funmap	intogen_temporal_new__to__ot_all	target
PSMC4	0	1	ot_all	native_funmap	intogen_temporal_new__to__ot_all	target
MST1R	0	1	ot_all	native_funmap	intogen_temporal_new__to__ot_all	target
BTK	0	1	ot_all	native_funmap	intogen_temporal_new__to__ot_all	target
TRIP13	0	1	ot_all	native_funmap	intogen_temporal_new__to__ot_all	target
ASXL1	0	1	ot_all	native_funmap	intogen_temporal_new__to__ot_all	target
CRBN	0	1	ot_all	native_funmap	intogen_temporal_new__to__ot_all	target
TUBB	0	1	ot_all	native_funmap	intogen_temporal_new__to__ot_all	target
FYN	0	1	ot_all	native_funmap	intogen_temporal_new__to__ot_all	target
KRT4	0	1	ot_all	native_funmap	intogen_temporal_new__to__ot_all	target
TUBB6	0	1	ot_all	native_funmap	intogen_temporal_new__to__ot_all	target
ERBIN	0	1	ot_all	native_funmap	intogen_temporal_new__to__ot_all	target
JAK2	0	1	ot_all	native_funmap	intogen_temporal_new__to__ot_all	target
ENG	0	1	ot_all	native_funmap	intogen_temporal_new__to__ot_all	target
STK11	0	1	ot_all	native_funmap	intogen_temporal_new__to__ot_all	target
VCL	0	1	ot_all	native_funmap	intogen_temporal_new__to__ot_all	target
PPP6C	0	1	ot_all	native_funmap	intogen_temporal_new__to__ot_all	target
LAG3	0	1	ot_all	native_funmap	intogen_temporal_new__to__ot_all	target
TSC1	0	1	ot_all	native_funmap	intogen_temporal_new__to__ot_all	target
EGFR	0	1	ot_all	native_funmap	intogen_temporal_new__to__ot_all	target
AXIN1	0	1	ot_all	native_funmap	intogen_temporal_new__to__ot_all	target
CDH23	0	1	ot_all	native_funmap	intogen_temporal_new__to__ot_all	target
NOP10	0	1	ot_all	native_funmap	intogen_temporal_new__to__ot_all	target
PSMD2	0	1	ot_all	native_funmap	intogen_temporal_new__to__ot_all	target
SLAMF7	0	1	ot_all	native_funmap	intogen_temporal_new__to__ot_all	target
TLR7	0	1	ot_all	native_funmap	intogen_temporal_new__to__ot_all	target
PDGFRB	0	1	ot_all	native_funmap	intogen_temporal_new__to__ot_all	target
FH	0	1	ot_all	native_funmap	intogen_temporal_new__to__ot_all	target
IQGAP1	0	1	ot_all	native_funmap	intogen_temporal_new__to__ot_all	target
NRAS	0	1	ot_all	native_funmap	intogen_temporal_new__to__ot_all	target
RARA	0	1	ot_all	native_funmap	intogen_temporal_new__to__ot_all	target
KMT2C	0	1	ot_all	native_funmap	intogen_temporal_new__to__ot_all	target
FN1	0	1	ot_all	native_funmap	intogen_temporal_new__to__ot_all	target
ELMO2	0	1	ot_all	native_funmap	intogen_temporal_new__to__ot_all	target
MLH1	0	1	ot_all	native_funmap	intogen_temporal_new__to__ot_all	target
APBB1IP	0	1	ot_all	native_funmap	intogen_temporal_new__to__ot_all	target
AXIN2	0	1	ot_all	native_funmap	intogen_temporal_new__to__ot_all	target
BMPR1A	0	1	ot_all	native_funmap	intogen_temporal_new__to__ot_all	target
MAPK1	0	1	ot_all	native_funmap	intogen_temporal_new__to__ot_all	target
EPHA2	0	1	ot_all	native_funmap	intogen_temporal_new__to__ot_all	target
HDAC1	0	1	ot_all	native_funmap	intogen_temporal_new__to__ot_all	target
SDHB	0	1	ot_all	native_funmap	intogen_temporal_new__to__ot_all	target
RRM1	0	1	ot_all	native_funmap	intogen_temporal_new__to__ot_all	target
RAP1A	0	1	ot_all	native_funmap	intogen_temporal_new__to__ot_all	target
AKT1	0	1	ot_all	native_funmap	intogen_temporal_new__to__ot_all	target
FLT4	0	1	ot_all	native_funmap	intogen_temporal_new__to__ot_all	target
KEAP1	0	1	ot_all	native_funmap	intogen_temporal_new__to__ot_all	target
ITGB3	0	1	ot_all	native_funmap	intogen_temporal_new__to__ot_all	target
AKT2	0	1	ot_all	native_funmap	intogen_temporal_new__to__ot_all	target
EPHA3	0	1	ot_all	native_funmap	intogen_temporal_new__to__ot_all	target
BRIP1	0	1	ot_all	native_funmap	intogen_temporal_new__to__ot_all	target
RRM2B	0	1	ot_all	native_funmap	intogen_temporal_new__to__ot_all	target
SDHD	0	1	ot_all	native_funmap	intogen_temporal_new__to__ot_all	target
SAMD9L	0	1	ot_all	native_funmap	intogen_temporal_new__to__ot_all	target
VWF	0	1	ot_all	native_funmap	intogen_temporal_new__to__ot_all	target
MYC	0	1	ot_all	native_funmap	intogen_temporal_new__to__ot_all	target
TUBA4A	0	1	ot_all	native_funmap	intogen_temporal_new__to__ot_all	target
MAML1	0	1	ot_all	native_funmap	intogen_temporal_new__to__ot_all	target
NOTCH3	0	1	ot_all	native_funmap	intogen_temporal_new__to__ot_all	target
MFN2	0	1	ot_all	native_funmap	intogen_temporal_new__to__ot_all	target
BAG4	0	1	ot_all	native_funmap	intogen_temporal_new__to__ot_all	target
TP63	0	1	ot_all	native_funmap	intogen_temporal_new__to__ot_all	target
KDM5C	0	1	ot_all	native_funmap	intogen_temporal_new__to__ot_all	target
MYD88	0	1	ot_all	native_funmap	intogen_temporal_new__to__ot_all	target
SH3BP2	0	1	ot_all	native_funmap	intogen_temporal_new__to__ot_all	target
PRKCD	0	1	ot_all	native_funmap	intogen_temporal_new__to__ot_all	target
PSMB10	0	1	ot_all	native_funmap	intogen_temporal_new__to__ot_all	target
ADRM1	0	1	ot_all	native_funmap	intogen_temporal_new__to__ot_all	target
YWHAB	0	1	ot_all	native_funmap	intogen_temporal_new__to__ot_all	target
PSMD1	0	1	ot_all	native_funmap	intogen_temporal_new__to__ot_all	target
MAX	0	1	ot_all	native_funmap	intogen_temporal_new__to__ot_all	target
CD38	0	1	ot_all	native_funmap	intogen_temporal_new__to__ot_all	target
PDE3A	0	1	ot_all	native_funmap	intogen_temporal_new__to__ot_all	target
PSMD4	0	1	ot_all	native_funmap	intogen_temporal_new__to__ot_all	target
POLA2	0	1	ot_all	native_funmap	intogen_temporal_new__to__ot_all	target
PARP1	0	1	ot_all	native_funmap	intogen_temporal_new__to__ot_all	target
RBX1	0	1	ot_all	native_funmap	intogen_temporal_new__to__ot_all	target
CD3D	0	1	ot_all	native_funmap	intogen_temporal_new__to__ot_all	target
CHEK2	0	1	ot_all	native_funmap	intogen_temporal_new__to__ot_all	target
SAMD9	0	1	ot_all	native_funmap	intogen_temporal_new__to__ot_all	target
MAPK8	0	1	ot_all	native_funmap	intogen_temporal_new__to__ot_all	target
TYMS	0	1	ot_all	native_funmap	intogen_temporal_new__to__ot_all	target
GATA3	0	1	ot_all	native_funmap	intogen_temporal_new__to__ot_all	target
PDE5A	0	1	ot_all	native_funmap	intogen_temporal_new__to__ot_all	target
PRKCB	0	1	ot_all	native_funmap	intogen_temporal_new__to__ot_all	target
TFG	0	1	ot_all	native_funmap	intogen_temporal_new__to__ot_all	target
QKI	0	1	ot_all	native_funmap	intogen_temporal_new__to__ot_all	target
CD19	0	1	ot_all	native_funmap	intogen_temporal_new__to__ot_all	target
TEK	0	1	ot_all	native_funmap	intogen_temporal_new__to__ot_all	target
CTNNB1	0	1	ot_all	native_funmap	intogen_temporal_new__to__ot_all	target
SMAD4	0	1	ot_all	native_funmap	intogen_temporal_new__to__ot_all	target
TOP1	0	1	ot_all	native_funmap	intogen_temporal_new__to__ot_all	target
CD3E	0	1	ot_all	native_funmap	intogen_temporal_new__to__ot_all	target
CLTC	0	1	ot_all	native_funmap	intogen_temporal_new__to__ot_all	target
SPRTN	0	1	ot_all	native_funmap	intogen_temporal_new__to__ot_all	target
PSMC5	0	1	ot_all	native_funmap	intogen_temporal_new__to__ot_all	target
SMARCA4	0	1	ot_all	native_funmap	intogen_temporal_new__to__ot_all	target
MEN1	0	1	ot_all	native_funmap	intogen_temporal_new__to__ot_all	target
CEP57	0	1	ot_all	native_funmap	intogen_temporal_new__to__ot_all	target
HDAC3	0	1	ot_all	native_funmap	intogen_temporal_new__to__ot_all	target
CALR	0	1	ot_all	native_funmap	intogen_temporal_new__to__ot_all	target
XPA	0	1	ot_all	native_funmap	intogen_temporal_new__to__ot_all	target
KRT13	0	1	ot_all	native_funmap	intogen_temporal_new__to__ot_all	target
PIK3CB	0	1	ot_all	native_funmap	intogen_temporal_new__to__ot_all	target
STAT5A	0	1	ot_all	native_funmap	intogen_temporal_new__to__ot_all	target
CD3G	0	1	ot_all	native_funmap	intogen_temporal_new__to__ot_all	target
POLE3	0	1	ot_all	native_funmap	intogen_temporal_new__to__ot_all	target
RB1	0	1	ot_all	native_funmap	intogen_temporal_new__to__ot_all	target
ITK	0	1	ot_all	native_funmap	intogen_temporal_new__to__ot_all	target
FANCD2	0	1	ot_all	native_funmap	intogen_temporal_new__to__ot_all	target
TGFB1	0	1	ot_all	native_funmap	intogen_temporal_new__to__ot_all	target
HCK	0	1	ot_all	native_funmap	intogen_temporal_new__to__ot_all	target
AFAP1L1	0	0	ot_all	native_funmap	intogen_temporal_new__to__ot_all	background
ITGA2	0	0	ot_all	native_funmap	intogen_temporal_new__to__ot_all	background
CHD8	0	0	ot_all	native_funmap	intogen_temporal_new__to__ot_all	background
KDM3B	0	0	ot_all	native_funmap	intogen_temporal_new__to__ot_all	background
GPX7	0	0	ot_all	native_funmap	intogen_temporal_new__to__ot_all	background
H1-3	0	0	ot_all	native_funmap	intogen_temporal_new__to__ot_all	background
POR	0	0	ot_all	native_funmap	intogen_temporal_new__to__ot_all	background
MAGEA4	0	0	ot_all	native_funmap	intogen_temporal_new__to__ot_all	background
DNAJA3	0	0	ot_all	native_funmap	intogen_temporal_new__to__ot_all	background
MT-CYB	0	0	ot_all	native_funmap	intogen_temporal_new__to__ot_all	background
CSNK2B	0	0	ot_all	native_funmap	intogen_temporal_new__to__ot_all	background
QARS1	0	0	ot_all	native_funmap	intogen_temporal_new__to__ot_all	background
CMTM4	0	0	ot_all	native_funmap	intogen_temporal_new__to__ot_all	background
MYH8	0	0	ot_all	native_funmap	intogen_temporal_new__to__ot_all	background
LLGL1	0	0	ot_all	native_funmap	intogen_temporal_new__to__ot_all	background
H6PD	0	0	ot_all	native_funmap	intogen_temporal_new__to__ot_all	background
VSIG4	0	0	ot_all	native_funmap	intogen_temporal_new__to__ot_all	background
POLR3B	0	0	ot_all	native_funmap	intogen_temporal_new__to__ot_all	background
CLEC10A	0	0	ot_all	native_funmap	intogen_temporal_new__to__ot_all	background
DOCK11	0	0	ot_all	native_funmap	intogen_temporal_new__to__ot_all	background
ADAM19	0	0	ot_all	native_funmap	intogen_temporal_new__to__ot_all	background
PLA2G4C	0	0	ot_all	native_funmap	intogen_temporal_new__to__ot_all	background
BMERB1	0	0	ot_all	native_funmap	intogen_temporal_new__to__ot_all	background
GEMIN4	0	0	ot_all	native_funmap	intogen_temporal_new__to__ot_all	background
SRP54	0	0	ot_all	native_funmap	intogen_temporal_new__to__ot_all	background
CA12	0	0	ot_all	native_funmap	intogen_temporal_new__to__ot_all	background
KRTDAP	0	0	ot_all	native_funmap	intogen_temporal_new__to__ot_all	background
MGLL	0	0	ot_all	native_funmap	intogen_temporal_new__to__ot_all	background
TAX1BP1	0	0	ot_all	native_funmap	intogen_temporal_new__to__ot_all	background
PIGO	0	0	ot_all	native_funmap	intogen_temporal_new__to__ot_all	background
TTC39C	0	0	ot_all	native_funmap	intogen_temporal_new__to__ot_all	background
GET3	0	0	ot_all	native_funmap	intogen_temporal_new__to__ot_all	background
CCDC40	0	0	ot_all	native_funmap	intogen_temporal_new__to__ot_all	background
MS4A6A	0	0	ot_all	native_funmap	intogen_temporal_new__to__ot_all	background
TUBGCP6	0	0	ot_all	native_funmap	intogen_temporal_new__to__ot_all	background
ZNF281	0	0	ot_all	native_funmap	intogen_temporal_new__to__ot_all	background
SLC38A9	0	0	ot_all	native_funmap	intogen_temporal_new__to__ot_all	background
SYN2	0	0	ot_all	native_funmap	intogen_temporal_new__to__ot_all	background
GAPVD1	0	0	ot_all	native_funmap	intogen_temporal_new__to__ot_all	background
GLTPD2	0	0	ot_all	native_funmap	intogen_temporal_new__to__ot_all	background
NME1	0	0	ot_all	native_funmap	intogen_temporal_new__to__ot_all	background
RAB18	0	0	ot_all	native_funmap	intogen_temporal_new__to__ot_all	background
LAX1	0	0	ot_all	native_funmap	intogen_temporal_new__to__ot_all	background
ABHD17A	0	0	ot_all	native_funmap	intogen_temporal_new__to__ot_all	background
BFAR	0	0	ot_all	native_funmap	intogen_temporal_new__to__ot_all	background
RHBDF1	0	0	ot_all	native_funmap	intogen_temporal_new__to__ot_all	background
CT83	0	0	ot_all	native_funmap	intogen_temporal_new__to__ot_all	background
CCDC93	0	0	ot_all	native_funmap	intogen_temporal_new__to__ot_all	background
MTA2	0	0	ot_all	native_funmap	intogen_temporal_new__to__ot_all	background
RBM17	0	0	ot_all	native_funmap	intogen_temporal_new__to__ot_all	background
ACSM2A	0	0	ot_all	native_funmap	intogen_temporal_new__to__ot_all	background
PHC3	0	0	ot_all	native_funmap	intogen_temporal_new__to__ot_all	background
PTPN23	0	0	ot_all	native_funmap	intogen_temporal_new__to__ot_all	background
BOLA3	0	0	ot_all	native_funmap	intogen_temporal_new__to__ot_all	background
DCUN1D4	0	0	ot_all	native_funmap	intogen_temporal_new__to__ot_all	background
POLR1B	0	0	ot_all	native_funmap	intogen_temporal_new__to__ot_all	background
RMND1	0	0	ot_all	native_funmap	intogen_temporal_new__to__ot_all	background
CLSTN1	0	0	ot_all	native_funmap	intogen_temporal_new__to__ot_all	background
SCO1	0	0	ot_all	native_funmap	intogen_temporal_new__to__ot_all	background
RPN2	0	0	ot_all	native_funmap	intogen_temporal_new__to__ot_all	background
TPM3	0	0	ot_all	native_funmap	intogen_temporal_new__to__ot_all	background
PAK6	0	0	ot_all	native_funmap	intogen_temporal_new__to__ot_all	background
ING4	0	0	ot_all	native_funmap	intogen_temporal_new__to__ot_all	background
STAMBP	0	0	ot_all	native_funmap	intogen_temporal_new__to__ot_all	background
CDC42EP3	0	0	ot_all	native_funmap	intogen_temporal_new__to__ot_all	background
EWSR1	0	0	ot_all	native_funmap	intogen_temporal_new__to__ot_all	background
ERRFI1	0	0	ot_all	native_funmap	intogen_temporal_new__to__ot_all	background
BRD2	0	0	ot_all	native_funmap	intogen_temporal_new__to__ot_all	background
BRK1	0	0	ot_all	native_funmap	intogen_temporal_new__to__ot_all	background
NUDT9	0	0	ot_all	native_funmap	intogen_temporal_new__to__ot_all	background
CHST14	0	0	ot_all	native_funmap	intogen_temporal_new__to__ot_all	background
KDELR1	0	0	ot_all	native_funmap	intogen_temporal_new__to__ot_all	background
FBXO45	0	0	ot_all	native_funmap	intogen_temporal_new__to__ot_all	background
HLA-DRB5	0	0	ot_all	native_funmap	intogen_temporal_new__to__ot_all	background
CD99L2	0	0	ot_all	native_funmap	intogen_temporal_new__to__ot_all	background
ADHFE1	0	0	ot_all	native_funmap	intogen_temporal_new__to__ot_all	background
CA4	0	0	ot_all	native_funmap	intogen_temporal_new__to__ot_all	background
ENTPD5	0	0	ot_all	native_funmap	intogen_temporal_new__to__ot_all	background
WRNIP1	0	0	ot_all	native_funmap	intogen_temporal_new__to__ot_all	background
FAM133A	0	0	ot_all	native_funmap	intogen_temporal_new__to__ot_all	background
CDC42SE1	0	0	ot_all	native_funmap	intogen_temporal_new__to__ot_all	background
ACY1	0	0	ot_all	native_funmap	intogen_temporal_new__to__ot_all	background
RSPH4A	0	0	ot_all	native_funmap	intogen_temporal_new__to__ot_all	background
ZNF622	0	0	ot_all	native_funmap	intogen_temporal_new__to__ot_all	background
WDR54	0	0	ot_all	native_funmap	intogen_temporal_new__to__ot_all	background
PDXP	0	0	ot_all	native_funmap	intogen_temporal_new__to__ot_all	background
PPP1R16B	0	0	ot_all	native_funmap	intogen_temporal_new__to__ot_all	background
MRPL36	0	0	ot_all	native_funmap	intogen_temporal_new__to__ot_all	background
PDF	0	0	ot_all	native_funmap	intogen_temporal_new__to__ot_all	background
CDH9	0	0	ot_all	native_funmap	intogen_temporal_new__to__ot_all	background
NASP	0	0	ot_all	native_funmap	intogen_temporal_new__to__ot_all	background
TTF2	0	0	ot_all	native_funmap	intogen_temporal_new__to__ot_all	background
HOMER3	0	0	ot_all	native_funmap	intogen_temporal_new__to__ot_all	background
TRANK1	0	0	ot_all	native_funmap	intogen_temporal_new__to__ot_all	background
SNX9	0	0	ot_all	native_funmap	intogen_temporal_new__to__ot_all	background
PXDN	0	0	ot_all	native_funmap	intogen_temporal_new__to__ot_all	background
ARFGAP1	0	0	ot_all	native_funmap	intogen_temporal_new__to__ot_all	background
SCAI	0	0	ot_all	native_funmap	intogen_temporal_new__to__ot_all	background
GTF2E2	0	0	ot_all	native_funmap	intogen_temporal_new__to__ot_all	background
DYSF	0	0	ot_all	native_funmap	intogen_temporal_new__to__ot_all	background
ZNF526	0	0	ot_all	native_funmap	intogen_temporal_new__to__ot_all	background
IKBKG	0	0	ot_all	native_funmap	intogen_temporal_new__to__ot_all	background
CDC40	0	0	ot_all	native_funmap	intogen_temporal_new__to__ot_all	background
TM7SF2	0	0	ot_all	native_funmap	intogen_temporal_new__to__ot_all	background
TPI1	0	0	ot_all	native_funmap	intogen_temporal_new__to__ot_all	background
IFI16	0	0	ot_all	native_funmap	intogen_temporal_new__to__ot_all	background
LCE3A	0	0	ot_all	native_funmap	intogen_temporal_new__to__ot_all	background
ZDHHC5	0	0	ot_all	native_funmap	intogen_temporal_new__to__ot_all	background
HDHD3	0	0	ot_all	native_funmap	intogen_temporal_new__to__ot_all	background
EPG5	0	0	ot_all	native_funmap	intogen_temporal_new__to__ot_all	background
PSME2	0	0	ot_all	native_funmap	intogen_temporal_new__to__ot_all	background
MED8	0	0	ot_all	native_funmap	intogen_temporal_new__to__ot_all	background
ARHGEF15	0	0	ot_all	native_funmap	intogen_temporal_new__to__ot_all	background
MCEE	0	0	ot_all	native_funmap	intogen_temporal_new__to__ot_all	background
TEKT3	0	0	ot_all	native_funmap	intogen_temporal_new__to__ot_all	background
SGCB	0	0	ot_all	native_funmap	intogen_temporal_new__to__ot_all	background
CSRP1	0	0	ot_all	native_funmap	intogen_temporal_new__to__ot_all	background
MEIKIN	0	0	ot_all	native_funmap	intogen_temporal_new__to__ot_all	background
ATP9B	0	0	ot_all	native_funmap	intogen_temporal_new__to__ot_all	background
ZNF76	0	0	ot_all	native_funmap	intogen_temporal_new__to__ot_all	background
SPRY2	0	0	ot_all	native_funmap	intogen_temporal_new__to__ot_all	background
PEX14	0	0	ot_all	native_funmap	intogen_temporal_new__to__ot_all	background
RNF5	0	0	ot_all	native_funmap	intogen_temporal_new__to__ot_all	background
PRR7	0	0	ot_all	native_funmap	intogen_temporal_new__to__ot_all	background
PLEK	0	0	ot_all	native_funmap	intogen_temporal_new__to__ot_all	background
EPC1	0	0	ot_all	native_funmap	intogen_temporal_new__to__ot_all	background
TSR3	0	0	ot_all	native_funmap	intogen_temporal_new__to__ot_all	background
SMAP1	0	0	ot_all	native_funmap	intogen_temporal_new__to__ot_all	background
SPAST	0	0	ot_all	native_funmap	intogen_temporal_new__to__ot_all	background
UBAC1	0	0	ot_all	native_funmap	intogen_temporal_new__to__ot_all	background
TMEM126A	0	0	ot_all	native_funmap	intogen_temporal_new__to__ot_all	background
VEZF1	0	0	ot_all	native_funmap	intogen_temporal_new__to__ot_all	background
SSH3	0	0	ot_all	native_funmap	intogen_temporal_new__to__ot_all	background
PSMF1	0	0	ot_all	native_funmap	intogen_temporal_new__to__ot_all	background
ORC3	0	0	ot_all	native_funmap	intogen_temporal_new__to__ot_all	background
SERPINE2	0	0	ot_all	native_funmap	intogen_temporal_new__to__ot_all	background
UVRAG	0	0	ot_all	native_funmap	intogen_temporal_new__to__ot_all	background
SFI1	0	0	ot_all	native_funmap	intogen_temporal_new__to__ot_all	background
PAICS	0	0	ot_all	native_funmap	intogen_temporal_new__to__ot_all	background
SUSD5	0	0	ot_all	native_funmap	intogen_temporal_new__to__ot_all	background
TUBA8	0	0	ot_all	native_funmap	intogen_temporal_new__to__ot_all	background
RNF149	0	0	ot_all	native_funmap	intogen_temporal_new__to__ot_all	background
FEN1	0	0	ot_all	native_funmap	intogen_temporal_new__to__ot_all	background
HPS6	0	0	ot_all	native_funmap	intogen_temporal_new__to__ot_all	background
MEI1	0	0	ot_all	native_funmap	intogen_temporal_new__to__ot_all	background
KYNU	0	0	ot_all	native_funmap	intogen_temporal_new__to__ot_all	background
LRRIQ4	0	0	ot_all	native_funmap	intogen_temporal_new__to__ot_all	background
ACAT1	0	0	ot_all	native_funmap	intogen_temporal_new__to__ot_all	background
VPS37C	0	0	ot_all	native_funmap	intogen_temporal_new__to__ot_all	background
JADE1	0	0	ot_all	native_funmap	intogen_temporal_new__to__ot_all	background
SREK1	0	0	ot_all	native_funmap	intogen_temporal_new__to__ot_all	background
ZNF14	0	0	ot_all	native_funmap	intogen_temporal_new__to__ot_all	background
JUNB	0	0	ot_all	native_funmap	intogen_temporal_new__to__ot_all	background
CHM	0	0	ot_all	native_funmap	intogen_temporal_new__to__ot_all	background
GIMAP2	0	0	ot_all	native_funmap	intogen_temporal_new__to__ot_all	background
ZNF837	0	0	ot_all	native_funmap	intogen_temporal_new__to__ot_all	background
RNF169	0	0	ot_all	native_funmap	intogen_temporal_new__to__ot_all	background
TOMM34	0	0	ot_all	native_funmap	intogen_temporal_new__to__ot_all	background
FOXK2	0	0	ot_all	native_funmap	intogen_temporal_new__to__ot_all	background
ALOX5AP	0	0	ot_all	native_funmap	intogen_temporal_new__to__ot_all	background
COA5	0	0	ot_all	native_funmap	intogen_temporal_new__to__ot_all	background
OSBPL9	0	0	ot_all	native_funmap	intogen_temporal_new__to__ot_all	background
RIOX2	0	0	ot_all	native_funmap	intogen_temporal_new__to__ot_all	background
LYSMD2	0	0	ot_all	native_funmap	intogen_temporal_new__to__ot_all	background
ARID4A	0	0	ot_all	native_funmap	intogen_temporal_new__to__ot_all	background
CHMP4B	0	0	ot_all	native_funmap	intogen_temporal_new__to__ot_all	background
IMPDH2	0	0	ot_all	native_funmap	intogen_temporal_new__to__ot_all	background
ZNF552	0	0	ot_all	native_funmap	intogen_temporal_new__to__ot_all	background
DEFB1	0	0	ot_all	native_funmap	intogen_temporal_new__to__ot_all	background
OSBPL7	0	0	ot_all	native_funmap	intogen_temporal_new__to__ot_all	background
NABP1	0	0	ot_all	native_funmap	intogen_temporal_new__to__ot_all	background
APOE	0	0	ot_all	native_funmap	intogen_temporal_new__to__ot_all	background
VAMP3	0	0	ot_all	native_funmap	intogen_temporal_new__to__ot_all	background
DYNC1LI1	0	0	ot_all	native_funmap	intogen_temporal_new__to__ot_all	background
TAF7	0	0	ot_all	native_funmap	intogen_temporal_new__to__ot_all	background
KXD1	0	0	ot_all	native_funmap	intogen_temporal_new__to__ot_all	background
CAD	0	0	ot_all	native_funmap	intogen_temporal_new__to__ot_all	background
NOCT	0	0	ot_all	native_funmap	intogen_temporal_new__to__ot_all	background
ZBTB14	0	0	ot_all	native_funmap	intogen_temporal_new__to__ot_all	background
TMUB1	0	0	ot_all	native_funmap	intogen_temporal_new__to__ot_all	background
TAF15	0	0	ot_all	native_funmap	intogen_temporal_new__to__ot_all	background
CHTOP	0	0	ot_all	native_funmap	intogen_temporal_new__to__ot_all	background
ACIN1	0	0	ot_all	native_funmap	intogen_temporal_new__to__ot_all	background
HNRNPDL	0	0	ot_all	native_funmap	intogen_temporal_new__to__ot_all	background
SH3PXD2B	0	0	ot_all	native_funmap	intogen_temporal_new__to__ot_all	background
P2RY2	0	0	ot_all	native_funmap	intogen_temporal_new__to__ot_all	background
GNPDA2	0	0	ot_all	native_funmap	intogen_temporal_new__to__ot_all	background
TIMM17B	0	0	ot_all	native_funmap	intogen_temporal_new__to__ot_all	background
UQCRH	0	0	ot_all	native_funmap	intogen_temporal_new__to__ot_all	background
GATAD2B	0	0	ot_all	native_funmap	intogen_temporal_new__to__ot_all	background
SERPINB9	0	0	ot_all	native_funmap	intogen_temporal_new__to__ot_all	background
COQ9	0	0	ot_all	native_funmap	intogen_temporal_new__to__ot_all	background
TMCO3	0	0	ot_all	native_funmap	intogen_temporal_new__to__ot_all	background
DNAJB12	0	0	ot_all	native_funmap	intogen_temporal_new__to__ot_all	background
GALNT15	0	0	ot_all	native_funmap	intogen_temporal_new__to__ot_all	background
AMMECR1	0	0	ot_all	native_funmap	intogen_temporal_new__to__ot_all	background
LSM8	0	0	ot_all	native_funmap	intogen_temporal_new__to__ot_all	background
PPARD	0	0	ot_all	native_funmap	intogen_temporal_new__to__ot_all	background
FSTL3	0	0	ot_all	native_funmap	intogen_temporal_new__to__ot_all	background
SLC35A5	0	0	ot_all	native_funmap	intogen_temporal_new__to__ot_all	background
BLM	1	1	ot_all	native_funmap	intogen_temporal_new__to__ot_all	target
PSMD8	1	1	ot_all	native_funmap	intogen_temporal_new__to__ot_all	target
NEK9	1	1	ot_all	native_funmap	intogen_temporal_new__to__ot_all	target
HAX1	1	1	ot_all	native_funmap	intogen_temporal_new__to__ot_all	target
FGG	1	1	ot_all	native_funmap	intogen_temporal_new__to__ot_all	target
FAS	1	1	ot_all	native_funmap	intogen_temporal_new__to__ot_all	target
CASP8	1	1	ot_all	native_funmap	intogen_temporal_new__to__ot_all	target
PSMB5	1	1	ot_all	native_funmap	intogen_temporal_new__to__ot_all	target
EXO1	1	1	ot_all	native_funmap	intogen_temporal_new__to__ot_all	target
ESRP1	1	1	ot_all	native_funmap	intogen_temporal_new__to__ot_all	target
ERBB3	1	1	ot_all	native_funmap	intogen_temporal_new__to__ot_all	target
KIT	1	1	ot_all	native_funmap	intogen_temporal_new__to__ot_all	target
SOS1	1	1	ot_all	native_funmap	intogen_temporal_new__to__ot_all	target
ANTXR2	1	1	ot_all	native_funmap	intogen_temporal_new__to__ot_all	target
GART	1	1	ot_all	native_funmap	intogen_temporal_new__to__ot_all	target
PDGFRA	1	1	ot_all	native_funmap	intogen_temporal_new__to__ot_all	target
PTPN11	1	1	ot_all	native_funmap	intogen_temporal_new__to__ot_all	target
PSMB4	1	1	ot_all	native_funmap	intogen_temporal_new__to__ot_all	target
MSH6	1	1	ot_all	native_funmap	intogen_temporal_new__to__ot_all	target
SF3B1	1	1	ot_all	native_funmap	intogen_temporal_new__to__ot_all	target
PIK3R1	1	1	ot_all	native_funmap	intogen_temporal_new__to__ot_all	target
WRAP53	1	1	ot_all	native_funmap	intogen_temporal_new__to__ot_all	target
TNFRSF14	1	1	ot_all	native_funmap	intogen_temporal_new__to__ot_all	target
KIF5B	1	1	ot_all	native_funmap	intogen_temporal_new__to__ot_all	target
RBPJ	1	1	ot_all	native_funmap	intogen_temporal_new__to__ot_all	target
ITGA2B	1	1	ot_all	native_funmap	intogen_temporal_new__to__ot_all	target
ELP1	1	1	ot_all	native_funmap	intogen_temporal_new__to__ot_all	target
PBRM1	1	1	ot_all	native_funmap	intogen_temporal_new__to__ot_all	target
CDH1	1	1	ot_all	native_funmap	intogen_temporal_new__to__ot_all	target
WIPF1	1	1	ot_all	native_funmap	intogen_temporal_new__to__ot_all	target
CRIPT	1	1	ot_all	native_funmap	intogen_temporal_new__to__ot_all	target
AKR1C2	1	1	ot_all	native_funmap	intogen_temporal_new__to__ot_all	target
SDHC	1	1	ot_all	native_funmap	intogen_temporal_new__to__ot_all	target
CDK6	1	1	ot_all	native_funmap	intogen_temporal_new__to__ot_all	target
RBM10	1	1	ot_all	native_funmap	intogen_temporal_new__to__ot_all	target
CD74	1	1	ot_all	native_funmap	intogen_temporal_new__to__ot_all	target
POLA1	1	1	ot_all	native_funmap	intogen_temporal_new__to__ot_all	target
SHC1	1	1	ot_all	native_funmap	intogen_temporal_new__to__ot_all	target
CD33	1	1	ot_all	native_funmap	intogen_temporal_new__to__ot_all	target
XPO1	1	1	ot_all	native_funmap	intogen_temporal_new__to__ot_all	target
TOP2B	1	1	ot_all	native_funmap	intogen_temporal_new__to__ot_all	target
CLIP1	1	1	ot_all	native_funmap	intogen_temporal_new__to__ot_all	target
PIK3CD	1	1	ot_all	native_funmap	intogen_temporal_new__to__ot_all	target
FGF2	1	1	ot_all	native_funmap	intogen_temporal_new__to__ot_all	target
MAP2K2	1	1	ot_all	native_funmap	intogen_temporal_new__to__ot_all	target
TRIP11	1	1	ot_all	native_funmap	intogen_temporal_new__to__ot_all	target
ACTB	1	1	ot_all	native_funmap	intogen_temporal_new__to__ot_all	target
PSMB1	1	1	ot_all	native_funmap	intogen_temporal_new__to__ot_all	target
NBN	1	1	ot_all	native_funmap	intogen_temporal_new__to__ot_all	target
PSMA1	1	1	ot_all	native_funmap	intogen_temporal_new__to__ot_all	target
CUL4A	1	1	ot_all	native_funmap	intogen_temporal_new__to__ot_all	target
CTC1	1	1	ot_all	native_funmap	intogen_temporal_new__to__ot_all	target
GALNT12	1	1	ot_all	native_funmap	intogen_temporal_new__to__ot_all	target
CDKN1A	1	1	ot_all	native_funmap	intogen_temporal_new__to__ot_all	target
DDX3X	1	1	ot_all	native_funmap	intogen_temporal_new__to__ot_all	target
TXNRD1	1	1	ot_all	native_funmap	intogen_temporal_new__to__ot_all	target
KAT2A	1	1	ot_all	native_funmap	intogen_temporal_new__to__ot_all	target
POLE	1	1	ot_all	native_funmap	intogen_temporal_new__to__ot_all	target
BRCA2	1	1	ot_all	native_funmap	intogen_temporal_new__to__ot_all	target
CSK	1	1	ot_all	native_funmap	intogen_temporal_new__to__ot_all	target
WAS	1	1	ot_all	native_funmap	intogen_temporal_new__to__ot_all	target
ARRB2	1	1	ot_all	native_funmap	intogen_temporal_new__to__ot_all	target
FDPS	1	1	ot_all	native_funmap	intogen_temporal_new__to__ot_all	target
ERLIN2	1	1	ot_all	native_funmap	intogen_temporal_new__to__ot_all	target
NFE2L2	1	1	ot_all	native_funmap	intogen_temporal_new__to__ot_all	target
PRKAR1A	1	1	ot_all	native_funmap	intogen_temporal_new__to__ot_all	target
EP300	1	1	ot_all	native_funmap	intogen_temporal_new__to__ot_all	target
SRD5A3	1	1	ot_all	native_funmap	intogen_temporal_new__to__ot_all	target
PSMB9	1	1	ot_all	native_funmap	intogen_temporal_new__to__ot_all	target
MRE11	1	1	ot_all	native_funmap	intogen_temporal_new__to__ot_all	target
YES1	1	1	ot_all	native_funmap	intogen_temporal_new__to__ot_all	target
KRAS	1	1	ot_all	native_funmap	intogen_temporal_new__to__ot_all	target
PRIM2	1	1	ot_all	native_funmap	intogen_temporal_new__to__ot_all	target
GAB1	1	1	ot_all	native_funmap	intogen_temporal_new__to__ot_all	target
CCDC6	1	1	ot_all	native_funmap	intogen_temporal_new__to__ot_all	target
POLD2	1	1	ot_all	native_funmap	intogen_temporal_new__to__ot_all	target
ARID2	1	1	ot_all	native_funmap	intogen_temporal_new__to__ot_all	target
GATA2	1	1	ot_all	native_funmap	intogen_temporal_new__to__ot_all	target
PSMB8	1	1	ot_all	native_funmap	intogen_temporal_new__to__ot_all	target
ANAPC1	1	1	ot_all	native_funmap	intogen_temporal_new__to__ot_all	target
DDB1	1	1	ot_all	native_funmap	intogen_temporal_new__to__ot_all	target
KCND1	1	1	ot_all	native_funmap	intogen_temporal_new__to__ot_all	target
JAG1	1	1	ot_all	native_funmap	intogen_temporal_new__to__ot_all	target
NSD1	1	1	ot_all	native_funmap	intogen_temporal_new__to__ot_all	target
SMC5	1	1	ot_all	native_funmap	intogen_temporal_new__to__ot_all	target
CHD2	1	1	ot_all	native_funmap	intogen_temporal_new__to__ot_all	target
CDC37	1	1	ot_all	native_funmap	intogen_temporal_new__to__ot_all	target
HSP90AA1	1	1	ot_all	native_funmap	intogen_temporal_new__to__ot_all	target
DHFR	1	1	ot_all	native_funmap	intogen_temporal_new__to__ot_all	target
BCL9L	1	1	ot_all	native_funmap	intogen_temporal_new__to__ot_all	target
KMT2D	1	1	ot_all	native_funmap	intogen_temporal_new__to__ot_all	target
CDK12	1	1	ot_all	native_funmap	intogen_temporal_new__to__ot_all	target
ZFHX3	1	1	ot_all	native_funmap	intogen_temporal_new__to__ot_all	target
KCNA3	1	1	ot_all	native_funmap	intogen_temporal_new__to__ot_all	target
TOP2A	1	1	ot_all	native_funmap	intogen_temporal_new__to__ot_all	target
MAP2K1	1	1	ot_all	native_funmap	intogen_temporal_new__to__ot_all	target
TUBA1C	1	1	ot_all	native_funmap	intogen_temporal_new__to__ot_all	target
PSMC2	1	1	ot_all	native_funmap	intogen_temporal_new__to__ot_all	target
ATR	1	1	ot_all	native_funmap	intogen_temporal_new__to__ot_all	target
ERCC2	1	1	ot_all	native_funmap	intogen_temporal_new__to__ot_all	target
KDM6A	1	1	ot_all	native_funmap	intogen_temporal_new__to__ot_all	target
MT-CO1	1	1	ot_all	native_funmap	intogen_temporal_new__to__ot_all	target
LMNA	1	1	ot_all	native_funmap	intogen_temporal_new__to__ot_all	target
CPSF6	1	1	ot_all	native_funmap	intogen_temporal_new__to__ot_all	target
AXL	1	1	ot_all	native_funmap	intogen_temporal_new__to__ot_all	target
PSMD3	1	1	ot_all	native_funmap	intogen_temporal_new__to__ot_all	target
CREBBP	1	1	ot_all	native_funmap	intogen_temporal_new__to__ot_all	target
HAVCR2	1	1	ot_all	native_funmap	intogen_temporal_new__to__ot_all	target
TGFBR2	1	1	ot_all	native_funmap	intogen_temporal_new__to__ot_all	target
PRKN	1	1	ot_all	native_funmap	intogen_temporal_new__to__ot_all	target
SRD5A2	1	1	ot_all	native_funmap	intogen_temporal_new__to__ot_all	target
FGFR1OP2	1	1	ot_all	native_funmap	intogen_temporal_new__to__ot_all	target
HDAC2	1	1	ot_all	native_funmap	intogen_temporal_new__to__ot_all	target
RARG	1	1	ot_all	native_funmap	intogen_temporal_new__to__ot_all	target
STAT3	1	1	ot_all	native_funmap	intogen_temporal_new__to__ot_all	target
ARID1A	1	1	ot_all	native_funmap	intogen_temporal_new__to__ot_all	target
MAMLD1	1	1	ot_all	native_funmap	intogen_temporal_new__to__ot_all	target
JAG2	1	1	ot_all	native_funmap	intogen_temporal_new__to__ot_all	target
PSMB6	1	1	ot_all	native_funmap	intogen_temporal_new__to__ot_all	target
TRIM28	1	1	ot_all	native_funmap	intogen_temporal_new__to__ot_all	target
PSMD13	1	1	ot_all	native_funmap	intogen_temporal_new__to__ot_all	target
JAK1	1	1	ot_all	native_funmap	intogen_temporal_new__to__ot_all	target
TUBB4B	1	1	ot_all	native_funmap	intogen_temporal_new__to__ot_all	target
TYK2	1	1	ot_all	native_funmap	intogen_temporal_new__to__ot_all	target
SDC4	1	1	ot_all	native_funmap	intogen_temporal_new__to__ot_all	target
RAD51D	1	1	ot_all	native_funmap	intogen_temporal_new__to__ot_all	target
PSMD7	1	1	ot_all	native_funmap	intogen_temporal_new__to__ot_all	target
TRIM24	1	1	ot_all	native_funmap	intogen_temporal_new__to__ot_all	target
PSMD11	1	1	ot_all	native_funmap	intogen_temporal_new__to__ot_all	target
PSMA5	1	1	ot_all	native_funmap	intogen_temporal_new__to__ot_all	target
ETV6	1	1	ot_all	native_funmap	intogen_temporal_new__to__ot_all	target
MPRIP	1	1	ot_all	native_funmap	intogen_temporal_new__to__ot_all	target
POLD3	1	1	ot_all	native_funmap	intogen_temporal_new__to__ot_all	target
TUBB1	1	1	ot_all	native_funmap	intogen_temporal_new__to__ot_all	target
SNW1	1	1	ot_all	native_funmap	intogen_temporal_new__to__ot_all	target
PIK3CG	1	1	ot_all	native_funmap	intogen_temporal_new__to__ot_all	target
GALNT3	1	1	ot_all	native_funmap	intogen_temporal_new__to__ot_all	target
TLN1	1	1	ot_all	native_funmap	intogen_temporal_new__to__ot_all	target
RECQL4	1	1	ot_all	native_funmap	intogen_temporal_new__to__ot_all	target
ESR1	1	1	ot_all	native_funmap	intogen_temporal_new__to__ot_all	target
PGR	1	1	ot_all	native_funmap	intogen_temporal_new__to__ot_all	target
PLCG1	1	1	ot_all	native_funmap	intogen_temporal_new__to__ot_all	target
NOTCH1	1	1	ot_all	native_funmap	intogen_temporal_new__to__ot_all	target
LCK	1	1	ot_all	native_funmap	intogen_temporal_new__to__ot_all	target
AIP	1	1	ot_all	native_funmap	intogen_temporal_new__to__ot_all	target
NTRK3	1	1	ot_all	native_funmap	intogen_temporal_new__to__ot_all	target
PSMC6	1	1	ot_all	native_funmap	intogen_temporal_new__to__ot_all	target
PMS2	1	1	ot_all	native_funmap	intogen_temporal_new__to__ot_all	target
EXT1	1	1	ot_all	native_funmap	intogen_temporal_new__to__ot_all	target
NPM1	1	1	ot_all	native_funmap	intogen_temporal_new__to__ot_all	target
FGB	1	1	ot_all	native_funmap	intogen_temporal_new__to__ot_all	target
PSMD14	1	1	ot_all	native_funmap	intogen_temporal_new__to__ot_all	target
ABL1	1	1	ot_all	native_funmap	intogen_temporal_new__to__ot_all	target
POLD1	1	1	ot_all	native_funmap	intogen_temporal_new__to__ot_all	target
PPAT	1	1	ot_all	native_funmap	intogen_temporal_new__to__ot_all	target
TP53	1	1	ot_all	native_funmap	intogen_temporal_new__to__ot_all	target
TACSTD2	1	1	ot_all	native_funmap	intogen_temporal_new__to__ot_all	target
CYLD	1	1	ot_all	native_funmap	intogen_temporal_new__to__ot_all	target
FLCN	1	1	ot_all	native_funmap	intogen_temporal_new__to__ot_all	target
DLST	1	1	ot_all	native_funmap	intogen_temporal_new__to__ot_all	target
TNFRSF17	1	1	ot_all	native_funmap	intogen_temporal_new__to__ot_all	target
NTHL1	1	1	ot_all	native_funmap	intogen_temporal_new__to__ot_all	target
TUBB8	1	1	ot_all	native_funmap	intogen_temporal_new__to__ot_all	target
PSMA7	1	1	ot_all	native_funmap	intogen_temporal_new__to__ot_all	target
SDHAF2	1	1	ot_all	native_funmap	intogen_temporal_new__to__ot_all	target
SLC25A11	1	1	ot_all	native_funmap	intogen_temporal_new__to__ot_all	target
SMARCB1	1	1	ot_all	native_funmap	intogen_temporal_new__to__ot_all	target
PARN	1	1	ot_all	native_funmap	intogen_temporal_new__to__ot_all	target
VEGFA	1	1	ot_all	native_funmap	intogen_temporal_new__to__ot_all	target
FRK	1	1	ot_all	native_funmap	intogen_temporal_new__to__ot_all	target
PTEN	1	1	ot_all	native_funmap	intogen_temporal_new__to__ot_all	target
PRIM1	1	1	ot_all	native_funmap	intogen_temporal_new__to__ot_all	target
RAF1	1	1	ot_all	native_funmap	intogen_temporal_new__to__ot_all	target
BUB1B	1	1	ot_all	native_funmap	intogen_temporal_new__to__ot_all	target
EXT2	1	1	ot_all	native_funmap	intogen_temporal_new__to__ot_all	target
DNMT1	1	1	ot_all	native_funmap	intogen_temporal_new__to__ot_all	target
EPCAM	1	1	ot_all	native_funmap	intogen_temporal_new__to__ot_all	target
ELAC2	1	1	ot_all	native_funmap	intogen_temporal_new__to__ot_all	target
ATRX	1	1	ot_all	native_funmap	intogen_temporal_new__to__ot_all	target
PSMD12	1	1	ot_all	native_funmap	intogen_temporal_new__to__ot_all	target
RAD51C	1	1	ot_all	native_funmap	intogen_temporal_new__to__ot_all	target
POT1	1	1	ot_all	native_funmap	intogen_temporal_new__to__ot_all	target
AKT3	1	1	ot_all	native_funmap	intogen_temporal_new__to__ot_all	target
PIK3CA	1	1	ot_all	native_funmap	intogen_temporal_new__to__ot_all	target
TNFRSF8	1	1	ot_all	native_funmap	intogen_temporal_new__to__ot_all	target
TBL1XR1	1	1	ot_all	native_funmap	intogen_temporal_new__to__ot_all	target
CXCR4	1	1	ot_all	native_funmap	intogen_temporal_new__to__ot_all	target
PSMD6	1	1	ot_all	native_funmap	intogen_temporal_new__to__ot_all	target
SPTBN1	1	1	ot_all	native_funmap	intogen_temporal_new__to__ot_all	target
EZH2	1	1	ot_all	native_funmap	intogen_temporal_new__to__ot_all	target
FGF7	1	1	ot_all	native_funmap	intogen_temporal_new__to__ot_all	target
MSH3	1	1	ot_all	native_funmap	intogen_temporal_new__to__ot_all	target
ATIC	1	1	ot_all	native_funmap	intogen_temporal_new__to__ot_all	target
MS4A1	1	1	ot_all	native_funmap	intogen_temporal_new__to__ot_all	target
JAK3	1	1	ot_all	native_funmap	intogen_temporal_new__to__ot_all	target
CD22	1	1	ot_all	native_funmap	intogen_temporal_new__to__ot_all	target
KDR	1	1	ot_all	native_funmap	intogen_temporal_new__to__ot_all	target
NHP2	1	1	ot_all	native_funmap	intogen_temporal_new__to__ot_all	target
KCNC4	1	1	ot_all	native_funmap	intogen_temporal_new__to__ot_all	target
NSDHL	1	1	ot_all	native_funmap	intogen_temporal_new__to__ot_all	target
CDH11	1	1	ot_all	native_funmap	intogen_temporal_new__to__ot_all	target
TCF7L2	1	1	ot_all	native_funmap	intogen_temporal_new__to__ot_all	target
FTO	1	1	ot_all	native_funmap	intogen_temporal_new__to__ot_all	target
DLL4	1	1	ot_all	native_funmap	intogen_temporal_new__to__ot_all	target
SLF2	1	1	ot_all	native_funmap	intogen_temporal_new__to__ot_all	target
IKZF1	1	1	ot_all	native_funmap	intogen_temporal_new__to__ot_all	target
MTAP	1	1	ot_all	native_funmap	intogen_temporal_new__to__ot_all	target
IDH2	1	1	ot_all	native_funmap	intogen_temporal_new__to__ot_all	target
PSMA3	1	1	ot_all	native_funmap	intogen_temporal_new__to__ot_all	target
DCLRE1C	1	1	ot_all	native_funmap	intogen_temporal_new__to__ot_all	target
LATS2	1	1	ot_all	native_funmap	intogen_temporal_new__to__ot_all	target
GRB2	1	1	ot_all	native_funmap	intogen_temporal_new__to__ot_all	target
HDAC6	1	1	ot_all	native_funmap	intogen_temporal_new__to__ot_all	target
DNMT3A	1	1	ot_all	native_funmap	intogen_temporal_new__to__ot_all	target
RTEL1	1	1	ot_all	native_funmap	intogen_temporal_new__to__ot_all	target
PARP3	1	1	ot_all	native_funmap	intogen_temporal_new__to__ot_all	target
IRF1	1	1	ot_all	native_funmap	intogen_temporal_new__to__ot_all	target
PSMB3	1	1	ot_all	native_funmap	intogen_temporal_new__to__ot_all	target
ING1	1	1	ot_all	native_funmap	intogen_temporal_new__to__ot_all	target
CDC73	1	1	ot_all	native_funmap	intogen_temporal_new__to__ot_all	target
PSMA6	1	1	ot_all	native_funmap	intogen_temporal_new__to__ot_all	target
MARK3	1	1	ot_all	native_funmap	intogen_temporal_new__to__ot_all	target
FGR	1	1	ot_all	native_funmap	intogen_temporal_new__to__ot_all	target
H3-3A	1	1	ot_all	native_funmap	intogen_temporal_new__to__ot_all	target
GNAS	1	1	ot_all	native_funmap	intogen_temporal_new__to__ot_all	target
VHL	1	1	ot_all	native_funmap	intogen_temporal_new__to__ot_all	target
IRF4	1	1	ot_all	native_funmap	intogen_temporal_new__to__ot_all	target
POLE2	1	1	ot_all	native_funmap	intogen_temporal_new__to__ot_all	target
DKC1	1	1	ot_all	native_funmap	intogen_temporal_new__to__ot_all	target
ATM	1	1	ot_all	native_funmap	intogen_temporal_new__to__ot_all	target
NFIA	1	1	ot_all	native_funmap	intogen_temporal_new__to__ot_all	target
CASP10	1	1	ot_all	native_funmap	intogen_temporal_new__to__ot_all	target
DNA2	1	1	ot_all	native_funmap	intogen_temporal_new__to__ot_all	target
DICER1	1	1	ot_all	native_funmap	intogen_temporal_new__to__ot_all	target
BRCA1	1	1	ot_all	native_funmap	intogen_temporal_new__to__ot_all	target
SMARCE1	1	1	ot_all	native_funmap	intogen_temporal_new__to__ot_all	target
FLT1	1	1	ot_all	native_funmap	intogen_temporal_new__to__ot_all	target
ACTG1	1	1	ot_all	native_funmap	intogen_temporal_new__to__ot_all	target
CBL	1	1	ot_all	native_funmap	intogen_temporal_new__to__ot_all	target
LZTR1	1	1	ot_all	native_funmap	intogen_temporal_new__to__ot_all	target
MSH2	1	1	ot_all	native_funmap	intogen_temporal_new__to__ot_all	target
PSMB2	1	1	ot_all	native_funmap	intogen_temporal_new__to__ot_all	target
FXR1	1	1	ot_all	native_funmap	intogen_temporal_new__to__ot_all	target
GOLGB1	1	1	ot_all	native_funmap	intogen_temporal_new__to__ot_all	target
SETD2	1	1	ot_all	native_funmap	intogen_temporal_new__to__ot_all	target
NF2	1	1	ot_all	native_funmap	intogen_temporal_new__to__ot_all	target
BCR	1	1	ot_all	native_funmap	intogen_temporal_new__to__ot_all	target
PSMB7	1	1	ot_all	native_funmap	intogen_temporal_new__to__ot_all	target
PSMC1	1	1	ot_all	native_funmap	intogen_temporal_new__to__ot_all	target
ARRB1	1	1	ot_all	native_funmap	intogen_temporal_new__to__ot_all	target
PSMC3	1	1	ot_all	native_funmap	intogen_temporal_new__to__ot_all	target
RRM2	1	1	ot_all	native_funmap	intogen_temporal_new__to__ot_all	target
LRRFIP1	1	1	ot_all	native_funmap	intogen_temporal_new__to__ot_all	target
ERBB2	1	1	ot_all	native_funmap	intogen_temporal_new__to__ot_all	target
FBXO11	1	1	ot_all	native_funmap	intogen_temporal_new__to__ot_all	target
PSMA4	1	1	ot_all	native_funmap	intogen_temporal_new__to__ot_all	target
NF1	1	1	ot_all	native_funmap	intogen_temporal_new__to__ot_all	target
AMER1	1	1	ot_all	native_funmap	intogen_temporal_new__to__ot_all	target
DDX41	1	1	ot_all	native_funmap	intogen_temporal_new__to__ot_all	target
PARP2	1	1	ot_all	native_funmap	intogen_temporal_new__to__ot_all	target
CUX1	1	1	ot_all	native_funmap	intogen_temporal_new__to__ot_all	target
TSC2	1	1	ot_all	native_funmap	intogen_temporal_new__to__ot_all	target
MUTYH	1	1	ot_all	native_funmap	intogen_temporal_new__to__ot_all	target
FGA	1	1	ot_all	native_funmap	intogen_temporal_new__to__ot_all	target
IDH1	1	1	ot_all	native_funmap	intogen_temporal_new__to__ot_all	target
SRSF2	1	1	ot_all	native_funmap	intogen_temporal_new__to__ot_all	target
PSMC4	1	1	ot_all	native_funmap	intogen_temporal_new__to__ot_all	target
MST1R	1	1	ot_all	native_funmap	intogen_temporal_new__to__ot_all	target
BTK	1	1	ot_all	native_funmap	intogen_temporal_new__to__ot_all	target
TRIP13	1	1	ot_all	native_funmap	intogen_temporal_new__to__ot_all	target
ASXL1	1	1	ot_all	native_funmap	intogen_temporal_new__to__ot_all	target
CRBN	1	1	ot_all	native_funmap	intogen_temporal_new__to__ot_all	target
TUBB	1	1	ot_all	native_funmap	intogen_temporal_new__to__ot_all	target
FYN	1	1	ot_all	native_funmap	intogen_temporal_new__to__ot_all	target
KRT4	1	1	ot_all	native_funmap	intogen_temporal_new__to__ot_all	target
TUBB6	1	1	ot_all	native_funmap	intogen_temporal_new__to__ot_all	target
ERBIN	1	1	ot_all	native_funmap	intogen_temporal_new__to__ot_all	target
JAK2	1	1	ot_all	native_funmap	intogen_temporal_new__to__ot_all	target
ENG	1	1	ot_all	native_funmap	intogen_temporal_new__to__ot_all	target
STK11	1	1	ot_all	native_funmap	intogen_temporal_new__to__ot_all	target
VCL	1	1	ot_all	native_funmap	intogen_temporal_new__to__ot_all	target
PPP6C	1	1	ot_all	native_funmap	intogen_temporal_new__to__ot_all	target
LAG3	1	1	ot_all	native_funmap	intogen_temporal_new__to__ot_all	target
TSC1	1	1	ot_all	native_funmap	intogen_temporal_new__to__ot_all	target
EGFR	1	1	ot_all	native_funmap	intogen_temporal_new__to__ot_all	target
AXIN1	1	1	ot_all	native_funmap	intogen_temporal_new__to__ot_all	target
CDH23	1	1	ot_all	native_funmap	intogen_temporal_new__to__ot_all	target
NOP10	1	1	ot_all	native_funmap	intogen_temporal_new__to__ot_all	target
PSMD2	1	1	ot_all	native_funmap	intogen_temporal_new__to__ot_all	target
SLAMF7	1	1	ot_all	native_funmap	intogen_temporal_new__to__ot_all	target
TLR7	1	1	ot_all	native_funmap	intogen_temporal_new__to__ot_all	target
PDGFRB	1	1	ot_all	native_funmap	intogen_temporal_new__to__ot_all	target
FH	1	1	ot_all	native_funmap	intogen_temporal_new__to__ot_all	target
IQGAP1	1	1	ot_all	native_funmap	intogen_temporal_new__to__ot_all	target
NRAS	1	1	ot_all	native_funmap	intogen_temporal_new__to__ot_all	target
RARA	1	1	ot_all	native_funmap	intogen_temporal_new__to__ot_all	target
KMT2C	1	1	ot_all	native_funmap	intogen_temporal_new__to__ot_all	target
FN1	1	1	ot_all	native_funmap	intogen_temporal_new__to__ot_all	target
ELMO2	1	1	ot_all	native_funmap	intogen_temporal_new__to__ot_all	target
MLH1	1	1	ot_all	native_funmap	intogen_temporal_new__to__ot_all	target
APBB1IP	1	1	ot_all	native_funmap	intogen_temporal_new__to__ot_all	target
AXIN2	1	1	ot_all	native_funmap	intogen_temporal_new__to__ot_all	target
BMPR1A	1	1	ot_all	native_funmap	intogen_temporal_new__to__ot_all	target
MAPK1	1	1	ot_all	native_funmap	intogen_temporal_new__to__ot_all	target
EPHA2	1	1	ot_all	native_funmap	intogen_temporal_new__to__ot_all	target
HDAC1	1	1	ot_all	native_funmap	intogen_temporal_new__to__ot_all	target
SDHB	1	1	ot_all	native_funmap	intogen_temporal_new__to__ot_all	target
RRM1	1	1	ot_all	native_funmap	intogen_temporal_new__to__ot_all	target
RAP1A	1	1	ot_all	native_funmap	intogen_temporal_new__to__ot_all	target
AKT1	1	1	ot_all	native_funmap	intogen_temporal_new__to__ot_all	target
FLT4	1	1	ot_all	native_funmap	intogen_temporal_new__to__ot_all	target
KEAP1	1	1	ot_all	native_funmap	intogen_temporal_new__to__ot_all	target
ITGB3	1	1	ot_all	native_funmap	intogen_temporal_new__to__ot_all	target
AKT2	1	1	ot_all	native_funmap	intogen_temporal_new__to__ot_all	target
EPHA3	1	1	ot_all	native_funmap	intogen_temporal_new__to__ot_all	target
BRIP1	1	1	ot_all	native_funmap	intogen_temporal_new__to__ot_all	target
RRM2B	1	1	ot_all	native_funmap	intogen_temporal_new__to__ot_all	target
SDHD	1	1	ot_all	native_funmap	intogen_temporal_new__to__ot_all	target
SAMD9L	1	1	ot_all	native_funmap	intogen_temporal_new__to__ot_all	target
VWF	1	1	ot_all	native_funmap	intogen_temporal_new__to__ot_all	target
MYC	1	1	ot_all	native_funmap	intogen_temporal_new__to__ot_all	target
TUBA4A	1	1	ot_all	native_funmap	intogen_temporal_new__to__ot_all	target
MAML1	1	1	ot_all	native_funmap	intogen_temporal_new__to__ot_all	target
NOTCH3	1	1	ot_all	native_funmap	intogen_temporal_new__to__ot_all	target
MFN2	1	1	ot_all	native_funmap	intogen_temporal_new__to__ot_all	target
BAG4	1	1	ot_all	native_funmap	intogen_temporal_new__to__ot_all	target
TP63	1	1	ot_all	native_funmap	intogen_temporal_new__to__ot_all	target
KDM5C	1	1	ot_all	native_funmap	intogen_temporal_new__to__ot_all	target
MYD88	1	1	ot_all	native_funmap	intogen_temporal_new__to__ot_all	target
SH3BP2	1	1	ot_all	native_funmap	intogen_temporal_new__to__ot_all	target
PRKCD	1	1	ot_all	native_funmap	intogen_temporal_new__to__ot_all	target
PSMB10	1	1	ot_all	native_funmap	intogen_temporal_new__to__ot_all	target
ADRM1	1	1	ot_all	native_funmap	intogen_temporal_new__to__ot_all	target
YWHAB	1	1	ot_all	native_funmap	intogen_temporal_new__to__ot_all	target
PSMD1	1	1	ot_all	native_funmap	intogen_temporal_new__to__ot_all	target
MAX	1	1	ot_all	native_funmap	intogen_temporal_new__to__ot_all	target
CD38	1	1	ot_all	native_funmap	intogen_temporal_new__to__ot_all	target
PDE3A	1	1	ot_all	native_funmap	intogen_temporal_new__to__ot_all	target
PSMD4	1	1	ot_all	native_funmap	intogen_temporal_new__to__ot_all	target
POLA2	1	1	ot_all	native_funmap	intogen_temporal_new__to__ot_all	target
PARP1	1	1	ot_all	native_funmap	intogen_temporal_new__to__ot_all	target
RBX1	1	1	ot_all	native_funmap	intogen_temporal_new__to__ot_all	target
CD3D	1	1	ot_all	native_funmap	intogen_temporal_new__to__ot_all	target
CHEK2	1	1	ot_all	native_funmap	intogen_temporal_new__to__ot_all	target
SAMD9	1	1	ot_all	native_funmap	intogen_temporal_new__to__ot_all	target
MAPK8	1	1	ot_all	native_funmap	intogen_temporal_new__to__ot_all	target
TYMS	1	1	ot_all	native_funmap	intogen_temporal_new__to__ot_all	target
GATA3	1	1	ot_all	native_funmap	intogen_temporal_new__to__ot_all	target
PDE5A	1	1	ot_all	native_funmap	intogen_temporal_new__to__ot_all	target
PRKCB	1	1	ot_all	native_funmap	intogen_temporal_new__to__ot_all	target
TFG	1	1	ot_all	native_funmap	intogen_temporal_new__to__ot_all	target
QKI	1	1	ot_all	native_funmap	intogen_temporal_new__to__ot_all	target
CD19	1	1	ot_all	native_funmap	intogen_temporal_new__to__ot_all	target
TEK	1	1	ot_all	native_funmap	intogen_temporal_new__to__ot_all	target
CTNNB1	1	1	ot_all	native_funmap	intogen_temporal_new__to__ot_all	target
SMAD4	1	1	ot_all	native_funmap	intogen_temporal_new__to__ot_all	target
TOP1	1	1	ot_all	native_funmap	intogen_temporal_new__to__ot_all	target
CD3E	1	1	ot_all	native_funmap	intogen_temporal_new__to__ot_all	target
CLTC	1	1	ot_all	native_funmap	intogen_temporal_new__to__ot_all	target
SPRTN	1	1	ot_all	native_funmap	intogen_temporal_new__to__ot_all	target
PSMC5	1	1	ot_all	native_funmap	intogen_temporal_new__to__ot_all	target
SMARCA4	1	1	ot_all	native_funmap	intogen_temporal_new__to__ot_all	target
MEN1	1	1	ot_all	native_funmap	intogen_temporal_new__to__ot_all	target
CEP57	1	1	ot_all	native_funmap	intogen_temporal_new__to__ot_all	target
HDAC3	1	1	ot_all	native_funmap	intogen_temporal_new__to__ot_all	target
CALR	1	1	ot_all	native_funmap	intogen_temporal_new__to__ot_all	target
XPA	1	1	ot_all	native_funmap	intogen_temporal_new__to__ot_all	target
KRT13	1	1	ot_all	native_funmap	intogen_temporal_new__to__ot_all	target
PIK3CB	1	1	ot_all	native_funmap	intogen_temporal_new__to__ot_all	target
STAT5A	1	1	ot_all	native_funmap	intogen_temporal_new__to__ot_all	target
CD3G	1	1	ot_all	native_funmap	intogen_temporal_new__to__ot_all	target
POLE3	1	1	ot_all	native_funmap	intogen_temporal_new__to__ot_all	target
RB1	1	1	ot_all	native_funmap	intogen_temporal_new__to__ot_all	target
ITK	1	1	ot_all	native_funmap	intogen_temporal_new__to__ot_all	target
FANCD2	1	1	ot_all	native_funmap	intogen_temporal_new__to__ot_all	target
TGFB1	1	1	ot_all	native_funmap	intogen_temporal_new__to__ot_all	target
HCK	1	1	ot_all	native_funmap	intogen_temporal_new__to__ot_all	target
TRIM26	1	0	ot_all	native_funmap	intogen_temporal_new__to__ot_all	background
MRPL43	1	0	ot_all	native_funmap	intogen_temporal_new__to__ot_all	background
HMG20B	1	0	ot_all	native_funmap	intogen_temporal_new__to__ot_all	background
SETMAR	1	0	ot_all	native_funmap	intogen_temporal_new__to__ot_all	background
NFASC	1	0	ot_all	native_funmap	intogen_temporal_new__to__ot_all	background
MRPL57	1	0	ot_all	native_funmap	intogen_temporal_new__to__ot_all	background
C1QTNF4	1	0	ot_all	native_funmap	intogen_temporal_new__to__ot_all	background
HOOK3	1	0	ot_all	native_funmap	intogen_temporal_new__to__ot_all	background
GGT6	1	0	ot_all	native_funmap	intogen_temporal_new__to__ot_all	background
NLRC3	1	0	ot_all	native_funmap	intogen_temporal_new__to__ot_all	background
ACADM	1	0	ot_all	native_funmap	intogen_temporal_new__to__ot_all	background
GHITM	1	0	ot_all	native_funmap	intogen_temporal_new__to__ot_all	background
EIF3G	1	0	ot_all	native_funmap	intogen_temporal_new__to__ot_all	background
RPP38	1	0	ot_all	native_funmap	intogen_temporal_new__to__ot_all	background
CALCRL	1	0	ot_all	native_funmap	intogen_temporal_new__to__ot_all	background
PTPN21	1	0	ot_all	native_funmap	intogen_temporal_new__to__ot_all	background
CHST12	1	0	ot_all	native_funmap	intogen_temporal_new__to__ot_all	background
BOC	1	0	ot_all	native_funmap	intogen_temporal_new__to__ot_all	background
TBC1D14	1	0	ot_all	native_funmap	intogen_temporal_new__to__ot_all	background
ASCC3	1	0	ot_all	native_funmap	intogen_temporal_new__to__ot_all	background
NT5E	1	0	ot_all	native_funmap	intogen_temporal_new__to__ot_all	background
C11orf58	1	0	ot_all	native_funmap	intogen_temporal_new__to__ot_all	background
ASAP2	1	0	ot_all	native_funmap	intogen_temporal_new__to__ot_all	background
USP42	1	0	ot_all	native_funmap	intogen_temporal_new__to__ot_all	background
OSBPL1A	1	0	ot_all	native_funmap	intogen_temporal_new__to__ot_all	background
LAMB2	1	0	ot_all	native_funmap	intogen_temporal_new__to__ot_all	background
FZD2	1	0	ot_all	native_funmap	intogen_temporal_new__to__ot_all	background
SEC22B	1	0	ot_all	native_funmap	intogen_temporal_new__to__ot_all	background
MYBL2	1	0	ot_all	native_funmap	intogen_temporal_new__to__ot_all	background
STX6	1	0	ot_all	native_funmap	intogen_temporal_new__to__ot_all	background
TMEM30A	1	0	ot_all	native_funmap	intogen_temporal_new__to__ot_all	background
HMGCS1	1	0	ot_all	native_funmap	intogen_temporal_new__to__ot_all	background
ZNF768	1	0	ot_all	native_funmap	intogen_temporal_new__to__ot_all	background
TMEM35A	1	0	ot_all	native_funmap	intogen_temporal_new__to__ot_all	background
GPR108	1	0	ot_all	native_funmap	intogen_temporal_new__to__ot_all	background
MFF	1	0	ot_all	native_funmap	intogen_temporal_new__to__ot_all	background
TRIM33	1	0	ot_all	native_funmap	intogen_temporal_new__to__ot_all	background
EPN1	1	0	ot_all	native_funmap	intogen_temporal_new__to__ot_all	background
FHL1	1	0	ot_all	native_funmap	intogen_temporal_new__to__ot_all	background
AP1B1	1	0	ot_all	native_funmap	intogen_temporal_new__to__ot_all	background
MAD2L1BP	1	0	ot_all	native_funmap	intogen_temporal_new__to__ot_all	background
TMEM245	1	0	ot_all	native_funmap	intogen_temporal_new__to__ot_all	background
FANCE	1	0	ot_all	native_funmap	intogen_temporal_new__to__ot_all	background
TRIM38	1	0	ot_all	native_funmap	intogen_temporal_new__to__ot_all	background
SLC25A16	1	0	ot_all	native_funmap	intogen_temporal_new__to__ot_all	background
ATG5	1	0	ot_all	native_funmap	intogen_temporal_new__to__ot_all	background
ALDH1L2	1	0	ot_all	native_funmap	intogen_temporal_new__to__ot_all	background
PNMA8A	1	0	ot_all	native_funmap	intogen_temporal_new__to__ot_all	background
RCSD1	1	0	ot_all	native_funmap	intogen_temporal_new__to__ot_all	background
QSOX2	1	0	ot_all	native_funmap	intogen_temporal_new__to__ot_all	background
AAR2	1	0	ot_all	native_funmap	intogen_temporal_new__to__ot_all	background
BCL3	1	0	ot_all	native_funmap	intogen_temporal_new__to__ot_all	background
RSRC1	1	0	ot_all	native_funmap	intogen_temporal_new__to__ot_all	background
NAXD	1	0	ot_all	native_funmap	intogen_temporal_new__to__ot_all	background
USP6NL	1	0	ot_all	native_funmap	intogen_temporal_new__to__ot_all	background
S100A7	1	0	ot_all	native_funmap	intogen_temporal_new__to__ot_all	background
ACACA	1	0	ot_all	native_funmap	intogen_temporal_new__to__ot_all	background
PLXDC1	1	0	ot_all	native_funmap	intogen_temporal_new__to__ot_all	background
CAPN2	1	0	ot_all	native_funmap	intogen_temporal_new__to__ot_all	background
PNN	1	0	ot_all	native_funmap	intogen_temporal_new__to__ot_all	background
NRIP2	1	0	ot_all	native_funmap	intogen_temporal_new__to__ot_all	background
BRWD3	1	0	ot_all	native_funmap	intogen_temporal_new__to__ot_all	background
ARHGEF11	1	0	ot_all	native_funmap	intogen_temporal_new__to__ot_all	background
ADSS1	1	0	ot_all	native_funmap	intogen_temporal_new__to__ot_all	background
MRPL52	1	0	ot_all	native_funmap	intogen_temporal_new__to__ot_all	background
USP22	1	0	ot_all	native_funmap	intogen_temporal_new__to__ot_all	background
ADAMDEC1	1	0	ot_all	native_funmap	intogen_temporal_new__to__ot_all	background
BNIPL	1	0	ot_all	native_funmap	intogen_temporal_new__to__ot_all	background
TMEM88	1	0	ot_all	native_funmap	intogen_temporal_new__to__ot_all	background
VPS28	1	0	ot_all	native_funmap	intogen_temporal_new__to__ot_all	background
TREX1	1	0	ot_all	native_funmap	intogen_temporal_new__to__ot_all	background
YDJC	1	0	ot_all	native_funmap	intogen_temporal_new__to__ot_all	background
STARD3	1	0	ot_all	native_funmap	intogen_temporal_new__to__ot_all	background
CFHR1	1	0	ot_all	native_funmap	intogen_temporal_new__to__ot_all	background
FAM227B	1	0	ot_all	native_funmap	intogen_temporal_new__to__ot_all	background
PAMR1	1	0	ot_all	native_funmap	intogen_temporal_new__to__ot_all	background
SDF2	1	0	ot_all	native_funmap	intogen_temporal_new__to__ot_all	background
GALNT1	1	0	ot_all	native_funmap	intogen_temporal_new__to__ot_all	background
PAFAH1B2	1	0	ot_all	native_funmap	intogen_temporal_new__to__ot_all	background
MED13L	1	0	ot_all	native_funmap	intogen_temporal_new__to__ot_all	background
ARMC4	1	0	ot_all	native_funmap	intogen_temporal_new__to__ot_all	background
G3BP1	1	0	ot_all	native_funmap	intogen_temporal_new__to__ot_all	background
S100B	1	0	ot_all	native_funmap	intogen_temporal_new__to__ot_all	background
SPRYD3	1	0	ot_all	native_funmap	intogen_temporal_new__to__ot_all	background
PCYOX1	1	0	ot_all	native_funmap	intogen_temporal_new__to__ot_all	background
VEPH1	1	0	ot_all	native_funmap	intogen_temporal_new__to__ot_all	background
ATAD3B	1	0	ot_all	native_funmap	intogen_temporal_new__to__ot_all	background
COX17	1	0	ot_all	native_funmap	intogen_temporal_new__to__ot_all	background
C19orf54	1	0	ot_all	native_funmap	intogen_temporal_new__to__ot_all	background
GYPC	1	0	ot_all	native_funmap	intogen_temporal_new__to__ot_all	background
LMBRD2	1	0	ot_all	native_funmap	intogen_temporal_new__to__ot_all	background
HK1	1	0	ot_all	native_funmap	intogen_temporal_new__to__ot_all	background
PMVK	1	0	ot_all	native_funmap	intogen_temporal_new__to__ot_all	background
CLCN6	1	0	ot_all	native_funmap	intogen_temporal_new__to__ot_all	background
ZNF200	1	0	ot_all	native_funmap	intogen_temporal_new__to__ot_all	background
ADGRL4	1	0	ot_all	native_funmap	intogen_temporal_new__to__ot_all	background
PTGFRN	1	0	ot_all	native_funmap	intogen_temporal_new__to__ot_all	background
ROMO1	1	0	ot_all	native_funmap	intogen_temporal_new__to__ot_all	background
GJA1	1	0	ot_all	native_funmap	intogen_temporal_new__to__ot_all	background
NNT	1	0	ot_all	native_funmap	intogen_temporal_new__to__ot_all	background
ALB	1	0	ot_all	native_funmap	intogen_temporal_new__to__ot_all	background
SAMD14	1	0	ot_all	native_funmap	intogen_temporal_new__to__ot_all	background
MNS1	1	0	ot_all	native_funmap	intogen_temporal_new__to__ot_all	background
TTC37	1	0	ot_all	native_funmap	intogen_temporal_new__to__ot_all	background
THEM5	1	0	ot_all	native_funmap	intogen_temporal_new__to__ot_all	background
FUCA2	1	0	ot_all	native_funmap	intogen_temporal_new__to__ot_all	background
RPL13	1	0	ot_all	native_funmap	intogen_temporal_new__to__ot_all	background
CASP1	1	0	ot_all	native_funmap	intogen_temporal_new__to__ot_all	background
PDP1	1	0	ot_all	native_funmap	intogen_temporal_new__to__ot_all	background
JCHAIN	1	0	ot_all	native_funmap	intogen_temporal_new__to__ot_all	background
AP001453.5	1	0	ot_all	native_funmap	intogen_temporal_new__to__ot_all	background
EGFL7	1	0	ot_all	native_funmap	intogen_temporal_new__to__ot_all	background
LAS1L	1	0	ot_all	native_funmap	intogen_temporal_new__to__ot_all	background
YBX3	1	0	ot_all	native_funmap	intogen_temporal_new__to__ot_all	background
RNPS1	1	0	ot_all	native_funmap	intogen_temporal_new__to__ot_all	background
HECTD4	1	0	ot_all	native_funmap	intogen_temporal_new__to__ot_all	background
GCC1	1	0	ot_all	native_funmap	intogen_temporal_new__to__ot_all	background
NUGGC	1	0	ot_all	native_funmap	intogen_temporal_new__to__ot_all	background
REEP3	1	0	ot_all	native_funmap	intogen_temporal_new__to__ot_all	background
HLA-F	1	0	ot_all	native_funmap	intogen_temporal_new__to__ot_all	background
BAX	1	0	ot_all	native_funmap	intogen_temporal_new__to__ot_all	background
TMEM212	1	0	ot_all	native_funmap	intogen_temporal_new__to__ot_all	background
SLC10A7	1	0	ot_all	native_funmap	intogen_temporal_new__to__ot_all	background
RARRES1	1	0	ot_all	native_funmap	intogen_temporal_new__to__ot_all	background
SYNE3	1	0	ot_all	native_funmap	intogen_temporal_new__to__ot_all	background
MBD1	1	0	ot_all	native_funmap	intogen_temporal_new__to__ot_all	background
PECR	1	0	ot_all	native_funmap	intogen_temporal_new__to__ot_all	background
KCTD9	1	0	ot_all	native_funmap	intogen_temporal_new__to__ot_all	background
PPP1R26	1	0	ot_all	native_funmap	intogen_temporal_new__to__ot_all	background
CES3	1	0	ot_all	native_funmap	intogen_temporal_new__to__ot_all	background
OXCT1	1	0	ot_all	native_funmap	intogen_temporal_new__to__ot_all	background
ATXN7L1	1	0	ot_all	native_funmap	intogen_temporal_new__to__ot_all	background
DCUN1D2	1	0	ot_all	native_funmap	intogen_temporal_new__to__ot_all	background
PRSS23	1	0	ot_all	native_funmap	intogen_temporal_new__to__ot_all	background
C1orf50	1	0	ot_all	native_funmap	intogen_temporal_new__to__ot_all	background
PPTC7	1	0	ot_all	native_funmap	intogen_temporal_new__to__ot_all	background
SAMD11	1	0	ot_all	native_funmap	intogen_temporal_new__to__ot_all	background
RPS2	1	0	ot_all	native_funmap	intogen_temporal_new__to__ot_all	background
KRT15	1	0	ot_all	native_funmap	intogen_temporal_new__to__ot_all	background
COX7C	1	0	ot_all	native_funmap	intogen_temporal_new__to__ot_all	background
UPK3B	1	0	ot_all	native_funmap	intogen_temporal_new__to__ot_all	background
GP9	1	0	ot_all	native_funmap	intogen_temporal_new__to__ot_all	background
ADGRF5	1	0	ot_all	native_funmap	intogen_temporal_new__to__ot_all	background
CTSE	1	0	ot_all	native_funmap	intogen_temporal_new__to__ot_all	background
ARMC9	1	0	ot_all	native_funmap	intogen_temporal_new__to__ot_all	background
FOXO6	1	0	ot_all	native_funmap	intogen_temporal_new__to__ot_all	background
MTCH1	1	0	ot_all	native_funmap	intogen_temporal_new__to__ot_all	background
ATP2B4	1	0	ot_all	native_funmap	intogen_temporal_new__to__ot_all	background
FBXO33	1	0	ot_all	native_funmap	intogen_temporal_new__to__ot_all	background
ARSD	1	0	ot_all	native_funmap	intogen_temporal_new__to__ot_all	background
YTHDF1	1	0	ot_all	native_funmap	intogen_temporal_new__to__ot_all	background
TMC8	1	0	ot_all	native_funmap	intogen_temporal_new__to__ot_all	background
PAGR1	1	0	ot_all	native_funmap	intogen_temporal_new__to__ot_all	background
CREG1	1	0	ot_all	native_funmap	intogen_temporal_new__to__ot_all	background
PRDM1	1	0	ot_all	native_funmap	intogen_temporal_new__to__ot_all	background
KIF4A	1	0	ot_all	native_funmap	intogen_temporal_new__to__ot_all	background
BIRC3	1	0	ot_all	native_funmap	intogen_temporal_new__to__ot_all	background
CCDC88B	1	0	ot_all	native_funmap	intogen_temporal_new__to__ot_all	background
CHSY3	1	0	ot_all	native_funmap	intogen_temporal_new__to__ot_all	background
COA4	1	0	ot_all	native_funmap	intogen_temporal_new__to__ot_all	background
IFIT5	1	0	ot_all	native_funmap	intogen_temporal_new__to__ot_all	background
GPATCH2L	1	0	ot_all	native_funmap	intogen_temporal_new__to__ot_all	background
SNX27	1	0	ot_all	native_funmap	intogen_temporal_new__to__ot_all	background
NDUFA11	1	0	ot_all	native_funmap	intogen_temporal_new__to__ot_all	background
VMAC	1	0	ot_all	native_funmap	intogen_temporal_new__to__ot_all	background
RTN4IP1	1	0	ot_all	native_funmap	intogen_temporal_new__to__ot_all	background
BAG5	1	0	ot_all	native_funmap	intogen_temporal_new__to__ot_all	background
HSPB6	1	0	ot_all	native_funmap	intogen_temporal_new__to__ot_all	background
SGSH	1	0	ot_all	native_funmap	intogen_temporal_new__to__ot_all	background
TNPO3	1	0	ot_all	native_funmap	intogen_temporal_new__to__ot_all	background
MOB3A	1	0	ot_all	native_funmap	intogen_temporal_new__to__ot_all	background
BRD7	1	0	ot_all	native_funmap	intogen_temporal_new__to__ot_all	background
ZNF723	1	0	ot_all	native_funmap	intogen_temporal_new__to__ot_all	background
TREM1	1	0	ot_all	native_funmap	intogen_temporal_new__to__ot_all	background
SH2B3	1	0	ot_all	native_funmap	intogen_temporal_new__to__ot_all	background
RAB26	1	0	ot_all	native_funmap	intogen_temporal_new__to__ot_all	background
UBL4A	1	0	ot_all	native_funmap	intogen_temporal_new__to__ot_all	background
THSD7A	1	0	ot_all	native_funmap	intogen_temporal_new__to__ot_all	background
LEAP2	1	0	ot_all	native_funmap	intogen_temporal_new__to__ot_all	background
NALCN	1	0	ot_all	native_funmap	intogen_temporal_new__to__ot_all	background
SLC11A1	1	0	ot_all	native_funmap	intogen_temporal_new__to__ot_all	background
MYSM1	1	0	ot_all	native_funmap	intogen_temporal_new__to__ot_all	background
RABL6	1	0	ot_all	native_funmap	intogen_temporal_new__to__ot_all	background
SGO1	1	0	ot_all	native_funmap	intogen_temporal_new__to__ot_all	background
COPG2	1	0	ot_all	native_funmap	intogen_temporal_new__to__ot_all	background
ENPEP	1	0	ot_all	native_funmap	intogen_temporal_new__to__ot_all	background
NOLC1	1	0	ot_all	native_funmap	intogen_temporal_new__to__ot_all	background
FAM78A	1	0	ot_all	native_funmap	intogen_temporal_new__to__ot_all	background
MYPOP	1	0	ot_all	native_funmap	intogen_temporal_new__to__ot_all	background
TPP1	1	0	ot_all	native_funmap	intogen_temporal_new__to__ot_all	background
GAREM2	1	0	ot_all	native_funmap	intogen_temporal_new__to__ot_all	background
CBX8	1	0	ot_all	native_funmap	intogen_temporal_new__to__ot_all	background
NSL1	1	0	ot_all	native_funmap	intogen_temporal_new__to__ot_all	background
SQLE	1	0	ot_all	native_funmap	intogen_temporal_new__to__ot_all	background
HMGA1	1	0	ot_all	native_funmap	intogen_temporal_new__to__ot_all	background
WDR77	1	0	ot_all	native_funmap	intogen_temporal_new__to__ot_all	background
RASGRP3	1	0	ot_all	native_funmap	intogen_temporal_new__to__ot_all	background
DBP	1	0	ot_all	native_funmap	intogen_temporal_new__to__ot_all	background
NAF1	1	0	ot_all	native_funmap	intogen_temporal_new__to__ot_all	background
ATXN7L3B	1	0	ot_all	native_funmap	intogen_temporal_new__to__ot_all	background
BLM	2	1	ot_all	native_funmap	intogen_temporal_new__to__ot_all	target
PSMD8	2	1	ot_all	native_funmap	intogen_temporal_new__to__ot_all	target
NEK9	2	1	ot_all	native_funmap	intogen_temporal_new__to__ot_all	target
HAX1	2	1	ot_all	native_funmap	intogen_temporal_new__to__ot_all	target
FGG	2	1	ot_all	native_funmap	intogen_temporal_new__to__ot_all	target
FAS	2	1	ot_all	native_funmap	intogen_temporal_new__to__ot_all	target
CASP8	2	1	ot_all	native_funmap	intogen_temporal_new__to__ot_all	target
PSMB5	2	1	ot_all	native_funmap	intogen_temporal_new__to__ot_all	target
EXO1	2	1	ot_all	native_funmap	intogen_temporal_new__to__ot_all	target
ESRP1	2	1	ot_all	native_funmap	intogen_temporal_new__to__ot_all	target
ERBB3	2	1	ot_all	native_funmap	intogen_temporal_new__to__ot_all	target
KIT	2	1	ot_all	native_funmap	intogen_temporal_new__to__ot_all	target
SOS1	2	1	ot_all	native_funmap	intogen_temporal_new__to__ot_all	target
ANTXR2	2	1	ot_all	native_funmap	intogen_temporal_new__to__ot_all	target
GART	2	1	ot_all	native_funmap	intogen_temporal_new__to__ot_all	target
PDGFRA	2	1	ot_all	native_funmap	intogen_temporal_new__to__ot_all	target
PTPN11	2	1	ot_all	native_funmap	intogen_temporal_new__to__ot_all	target
PSMB4	2	1	ot_all	native_funmap	intogen_temporal_new__to__ot_all	target
MSH6	2	1	ot_all	native_funmap	intogen_temporal_new__to__ot_all	target
SF3B1	2	1	ot_all	native_funmap	intogen_temporal_new__to__ot_all	target
PIK3R1	2	1	ot_all	native_funmap	intogen_temporal_new__to__ot_all	target
WRAP53	2	1	ot_all	native_funmap	intogen_temporal_new__to__ot_all	target
TNFRSF14	2	1	ot_all	native_funmap	intogen_temporal_new__to__ot_all	target
KIF5B	2	1	ot_all	native_funmap	intogen_temporal_new__to__ot_all	target
RBPJ	2	1	ot_all	native_funmap	intogen_temporal_new__to__ot_all	target
ITGA2B	2	1	ot_all	native_funmap	intogen_temporal_new__to__ot_all	target
ELP1	2	1	ot_all	native_funmap	intogen_temporal_new__to__ot_all	target
PBRM1	2	1	ot_all	native_funmap	intogen_temporal_new__to__ot_all	target
CDH1	2	1	ot_all	native_funmap	intogen_temporal_new__to__ot_all	target
WIPF1	2	1	ot_all	native_funmap	intogen_temporal_new__to__ot_all	target
CRIPT	2	1	ot_all	native_funmap	intogen_temporal_new__to__ot_all	target
AKR1C2	2	1	ot_all	native_funmap	intogen_temporal_new__to__ot_all	target
SDHC	2	1	ot_all	native_funmap	intogen_temporal_new__to__ot_all	target
CDK6	2	1	ot_all	native_funmap	intogen_temporal_new__to__ot_all	target
RBM10	2	1	ot_all	native_funmap	intogen_temporal_new__to__ot_all	target
CD74	2	1	ot_all	native_funmap	intogen_temporal_new__to__ot_all	target
POLA1	2	1	ot_all	native_funmap	intogen_temporal_new__to__ot_all	target
SHC1	2	1	ot_all	native_funmap	intogen_temporal_new__to__ot_all	target
CD33	2	1	ot_all	native_funmap	intogen_temporal_new__to__ot_all	target
XPO1	2	1	ot_all	native_funmap	intogen_temporal_new__to__ot_all	target
TOP2B	2	1	ot_all	native_funmap	intogen_temporal_new__to__ot_all	target
CLIP1	2	1	ot_all	native_funmap	intogen_temporal_new__to__ot_all	target
PIK3CD	2	1	ot_all	native_funmap	intogen_temporal_new__to__ot_all	target
FGF2	2	1	ot_all	native_funmap	intogen_temporal_new__to__ot_all	target
MAP2K2	2	1	ot_all	native_funmap	intogen_temporal_new__to__ot_all	target
TRIP11	2	1	ot_all	native_funmap	intogen_temporal_new__to__ot_all	target
ACTB	2	1	ot_all	native_funmap	intogen_temporal_new__to__ot_all	target
PSMB1	2	1	ot_all	native_funmap	intogen_temporal_new__to__ot_all	target
NBN	2	1	ot_all	native_funmap	intogen_temporal_new__to__ot_all	target
PSMA1	2	1	ot_all	native_funmap	intogen_temporal_new__to__ot_all	target
CUL4A	2	1	ot_all	native_funmap	intogen_temporal_new__to__ot_all	target
CTC1	2	1	ot_all	native_funmap	intogen_temporal_new__to__ot_all	target
GALNT12	2	1	ot_all	native_funmap	intogen_temporal_new__to__ot_all	target
CDKN1A	2	1	ot_all	native_funmap	intogen_temporal_new__to__ot_all	target
DDX3X	2	1	ot_all	native_funmap	intogen_temporal_new__to__ot_all	target
TXNRD1	2	1	ot_all	native_funmap	intogen_temporal_new__to__ot_all	target
KAT2A	2	1	ot_all	native_funmap	intogen_temporal_new__to__ot_all	target
POLE	2	1	ot_all	native_funmap	intogen_temporal_new__to__ot_all	target
BRCA2	2	1	ot_all	native_funmap	intogen_temporal_new__to__ot_all	target
CSK	2	1	ot_all	native_funmap	intogen_temporal_new__to__ot_all	target
WAS	2	1	ot_all	native_funmap	intogen_temporal_new__to__ot_all	target
ARRB2	2	1	ot_all	native_funmap	intogen_temporal_new__to__ot_all	target
FDPS	2	1	ot_all	native_funmap	intogen_temporal_new__to__ot_all	target
ERLIN2	2	1	ot_all	native_funmap	intogen_temporal_new__to__ot_all	target
NFE2L2	2	1	ot_all	native_funmap	intogen_temporal_new__to__ot_all	target
PRKAR1A	2	1	ot_all	native_funmap	intogen_temporal_new__to__ot_all	target
EP300	2	1	ot_all	native_funmap	intogen_temporal_new__to__ot_all	target
SRD5A3	2	1	ot_all	native_funmap	intogen_temporal_new__to__ot_all	target
PSMB9	2	1	ot_all	native_funmap	intogen_temporal_new__to__ot_all	target
MRE11	2	1	ot_all	native_funmap	intogen_temporal_new__to__ot_all	target
YES1	2	1	ot_all	native_funmap	intogen_temporal_new__to__ot_all	target
KRAS	2	1	ot_all	native_funmap	intogen_temporal_new__to__ot_all	target
PRIM2	2	1	ot_all	native_funmap	intogen_temporal_new__to__ot_all	target
GAB1	2	1	ot_all	native_funmap	intogen_temporal_new__to__ot_all	target
CCDC6	2	1	ot_all	native_funmap	intogen_temporal_new__to__ot_all	target
POLD2	2	1	ot_all	native_funmap	intogen_temporal_new__to__ot_all	target
ARID2	2	1	ot_all	native_funmap	intogen_temporal_new__to__ot_all	target
GATA2	2	1	ot_all	native_funmap	intogen_temporal_new__to__ot_all	target
PSMB8	2	1	ot_all	native_funmap	intogen_temporal_new__to__ot_all	target
ANAPC1	2	1	ot_all	native_funmap	intogen_temporal_new__to__ot_all	target
DDB1	2	1	ot_all	native_funmap	intogen_temporal_new__to__ot_all	target
KCND1	2	1	ot_all	native_funmap	intogen_temporal_new__to__ot_all	target
JAG1	2	1	ot_all	native_funmap	intogen_temporal_new__to__ot_all	target
NSD1	2	1	ot_all	native_funmap	intogen_temporal_new__to__ot_all	target
SMC5	2	1	ot_all	native_funmap	intogen_temporal_new__to__ot_all	target
CHD2	2	1	ot_all	native_funmap	intogen_temporal_new__to__ot_all	target
CDC37	2	1	ot_all	native_funmap	intogen_temporal_new__to__ot_all	target
HSP90AA1	2	1	ot_all	native_funmap	intogen_temporal_new__to__ot_all	target
DHFR	2	1	ot_all	native_funmap	intogen_temporal_new__to__ot_all	target
BCL9L	2	1	ot_all	native_funmap	intogen_temporal_new__to__ot_all	target
KMT2D	2	1	ot_all	native_funmap	intogen_temporal_new__to__ot_all	target
CDK12	2	1	ot_all	native_funmap	intogen_temporal_new__to__ot_all	target
ZFHX3	2	1	ot_all	native_funmap	intogen_temporal_new__to__ot_all	target
KCNA3	2	1	ot_all	native_funmap	intogen_temporal_new__to__ot_all	target
TOP2A	2	1	ot_all	native_funmap	intogen_temporal_new__to__ot_all	target
MAP2K1	2	1	ot_all	native_funmap	intogen_temporal_new__to__ot_all	target
TUBA1C	2	1	ot_all	native_funmap	intogen_temporal_new__to__ot_all	target
PSMC2	2	1	ot_all	native_funmap	intogen_temporal_new__to__ot_all	target
ATR	2	1	ot_all	native_funmap	intogen_temporal_new__to__ot_all	target
ERCC2	2	1	ot_all	native_funmap	intogen_temporal_new__to__ot_all	target
KDM6A	2	1	ot_all	native_funmap	intogen_temporal_new__to__ot_all	target
MT-CO1	2	1	ot_all	native_funmap	intogen_temporal_new__to__ot_all	target
LMNA	2	1	ot_all	native_funmap	intogen_temporal_new__to__ot_all	target
CPSF6	2	1	ot_all	native_funmap	intogen_temporal_new__to__ot_all	target
AXL	2	1	ot_all	native_funmap	intogen_temporal_new__to__ot_all	target
PSMD3	2	1	ot_all	native_funmap	intogen_temporal_new__to__ot_all	target
CREBBP	2	1	ot_all	native_funmap	intogen_temporal_new__to__ot_all	target
HAVCR2	2	1	ot_all	native_funmap	intogen_temporal_new__to__ot_all	target
TGFBR2	2	1	ot_all	native_funmap	intogen_temporal_new__to__ot_all	target
PRKN	2	1	ot_all	native_funmap	intogen_temporal_new__to__ot_all	target
SRD5A2	2	1	ot_all	native_funmap	intogen_temporal_new__to__ot_all	target
FGFR1OP2	2	1	ot_all	native_funmap	intogen_temporal_new__to__ot_all	target
HDAC2	2	1	ot_all	native_funmap	intogen_temporal_new__to__ot_all	target
RARG	2	1	ot_all	native_funmap	intogen_temporal_new__to__ot_all	target
STAT3	2	1	ot_all	native_funmap	intogen_temporal_new__to__ot_all	target
ARID1A	2	1	ot_all	native_funmap	intogen_temporal_new__to__ot_all	target
MAMLD1	2	1	ot_all	native_funmap	intogen_temporal_new__to__ot_all	target
JAG2	2	1	ot_all	native_funmap	intogen_temporal_new__to__ot_all	target
PSMB6	2	1	ot_all	native_funmap	intogen_temporal_new__to__ot_all	target
TRIM28	2	1	ot_all	native_funmap	intogen_temporal_new__to__ot_all	target
PSMD13	2	1	ot_all	native_funmap	intogen_temporal_new__to__ot_all	target
JAK1	2	1	ot_all	native_funmap	intogen_temporal_new__to__ot_all	target
TUBB4B	2	1	ot_all	native_funmap	intogen_temporal_new__to__ot_all	target
TYK2	2	1	ot_all	native_funmap	intogen_temporal_new__to__ot_all	target
SDC4	2	1	ot_all	native_funmap	intogen_temporal_new__to__ot_all	target
RAD51D	2	1	ot_all	native_funmap	intogen_temporal_new__to__ot_all	target
PSMD7	2	1	ot_all	native_funmap	intogen_temporal_new__to__ot_all	target
TRIM24	2	1	ot_all	native_funmap	intogen_temporal_new__to__ot_all	target
PSMD11	2	1	ot_all	native_funmap	intogen_temporal_new__to__ot_all	target
PSMA5	2	1	ot_all	native_funmap	intogen_temporal_new__to__ot_all	target
ETV6	2	1	ot_all	native_funmap	intogen_temporal_new__to__ot_all	target
MPRIP	2	1	ot_all	native_funmap	intogen_temporal_new__to__ot_all	target
POLD3	2	1	ot_all	native_funmap	intogen_temporal_new__to__ot_all	target
TUBB1	2	1	ot_all	native_funmap	intogen_temporal_new__to__ot_all	target
SNW1	2	1	ot_all	native_funmap	intogen_temporal_new__to__ot_all	target
PIK3CG	2	1	ot_all	native_funmap	intogen_temporal_new__to__ot_all	target
GALNT3	2	1	ot_all	native_funmap	intogen_temporal_new__to__ot_all	target
TLN1	2	1	ot_all	native_funmap	intogen_temporal_new__to__ot_all	target
RECQL4	2	1	ot_all	native_funmap	intogen_temporal_new__to__ot_all	target
ESR1	2	1	ot_all	native_funmap	intogen_temporal_new__to__ot_all	target
PGR	2	1	ot_all	native_funmap	intogen_temporal_new__to__ot_all	target
PLCG1	2	1	ot_all	native_funmap	intogen_temporal_new__to__ot_all	target
NOTCH1	2	1	ot_all	native_funmap	intogen_temporal_new__to__ot_all	target
LCK	2	1	ot_all	native_funmap	intogen_temporal_new__to__ot_all	target
AIP	2	1	ot_all	native_funmap	intogen_temporal_new__to__ot_all	target
NTRK3	2	1	ot_all	native_funmap	intogen_temporal_new__to__ot_all	target
PSMC6	2	1	ot_all	native_funmap	intogen_temporal_new__to__ot_all	target
PMS2	2	1	ot_all	native_funmap	intogen_temporal_new__to__ot_all	target
EXT1	2	1	ot_all	native_funmap	intogen_temporal_new__to__ot_all	target
NPM1	2	1	ot_all	native_funmap	intogen_temporal_new__to__ot_all	target
FGB	2	1	ot_all	native_funmap	intogen_temporal_new__to__ot_all	target
PSMD14	2	1	ot_all	native_funmap	intogen_temporal_new__to__ot_all	target
ABL1	2	1	ot_all	native_funmap	intogen_temporal_new__to__ot_all	target
POLD1	2	1	ot_all	native_funmap	intogen_temporal_new__to__ot_all	target
PPAT	2	1	ot_all	native_funmap	intogen_temporal_new__to__ot_all	target
TP53	2	1	ot_all	native_funmap	intogen_temporal_new__to__ot_all	target
TACSTD2	2	1	ot_all	native_funmap	intogen_temporal_new__to__ot_all	target
CYLD	2	1	ot_all	native_funmap	intogen_temporal_new__to__ot_all	target
FLCN	2	1	ot_all	native_funmap	intogen_temporal_new__to__ot_all	target
DLST	2	1	ot_all	native_funmap	intogen_temporal_new__to__ot_all	target
TNFRSF17	2	1	ot_all	native_funmap	intogen_temporal_new__to__ot_all	target
NTHL1	2	1	ot_all	native_funmap	intogen_temporal_new__to__ot_all	target
TUBB8	2	1	ot_all	native_funmap	intogen_temporal_new__to__ot_all	target
PSMA7	2	1	ot_all	native_funmap	intogen_temporal_new__to__ot_all	target
SDHAF2	2	1	ot_all	native_funmap	intogen_temporal_new__to__ot_all	target
SLC25A11	2	1	ot_all	native_funmap	intogen_temporal_new__to__ot_all	target
SMARCB1	2	1	ot_all	native_funmap	intogen_temporal_new__to__ot_all	target
PARN	2	1	ot_all	native_funmap	intogen_temporal_new__to__ot_all	target
VEGFA	2	1	ot_all	native_funmap	intogen_temporal_new__to__ot_all	target
FRK	2	1	ot_all	native_funmap	intogen_temporal_new__to__ot_all	target
PTEN	2	1	ot_all	native_funmap	intogen_temporal_new__to__ot_all	target
PRIM1	2	1	ot_all	native_funmap	intogen_temporal_new__to__ot_all	target
RAF1	2	1	ot_all	native_funmap	intogen_temporal_new__to__ot_all	target
BUB1B	2	1	ot_all	native_funmap	intogen_temporal_new__to__ot_all	target
EXT2	2	1	ot_all	native_funmap	intogen_temporal_new__to__ot_all	target
DNMT1	2	1	ot_all	native_funmap	intogen_temporal_new__to__ot_all	target
EPCAM	2	1	ot_all	native_funmap	intogen_temporal_new__to__ot_all	target
ELAC2	2	1	ot_all	native_funmap	intogen_temporal_new__to__ot_all	target
ATRX	2	1	ot_all	native_funmap	intogen_temporal_new__to__ot_all	target
PSMD12	2	1	ot_all	native_funmap	intogen_temporal_new__to__ot_all	target
RAD51C	2	1	ot_all	native_funmap	intogen_temporal_new__to__ot_all	target
POT1	2	1	ot_all	native_funmap	intogen_temporal_new__to__ot_all	target
AKT3	2	1	ot_all	native_funmap	intogen_temporal_new__to__ot_all	target
PIK3CA	2	1	ot_all	native_funmap	intogen_temporal_new__to__ot_all	target
TNFRSF8	2	1	ot_all	native_funmap	intogen_temporal_new__to__ot_all	target
TBL1XR1	2	1	ot_all	native_funmap	intogen_temporal_new__to__ot_all	target
CXCR4	2	1	ot_all	native_funmap	intogen_temporal_new__to__ot_all	target
PSMD6	2	1	ot_all	native_funmap	intogen_temporal_new__to__ot_all	target
SPTBN1	2	1	ot_all	native_funmap	intogen_temporal_new__to__ot_all	target
EZH2	2	1	ot_all	native_funmap	intogen_temporal_new__to__ot_all	target
FGF7	2	1	ot_all	native_funmap	intogen_temporal_new__to__ot_all	target
MSH3	2	1	ot_all	native_funmap	intogen_temporal_new__to__ot_all	target
ATIC	2	1	ot_all	native_funmap	intogen_temporal_new__to__ot_all	target
MS4A1	2	1	ot_all	native_funmap	intogen_temporal_new__to__ot_all	target
JAK3	2	1	ot_all	native_funmap	intogen_temporal_new__to__ot_all	target
CD22	2	1	ot_all	native_funmap	intogen_temporal_new__to__ot_all	target
KDR	2	1	ot_all	native_funmap	intogen_temporal_new__to__ot_all	target
NHP2	2	1	ot_all	native_funmap	intogen_temporal_new__to__ot_all	target
KCNC4	2	1	ot_all	native_funmap	intogen_temporal_new__to__ot_all	target
NSDHL	2	1	ot_all	native_funmap	intogen_temporal_new__to__ot_all	target
CDH11	2	1	ot_all	native_funmap	intogen_temporal_new__to__ot_all	target
TCF7L2	2	1	ot_all	native_funmap	intogen_temporal_new__to__ot_all	target
FTO	2	1	ot_all	native_funmap	intogen_temporal_new__to__ot_all	target
DLL4	2	1	ot_all	native_funmap	intogen_temporal_new__to__ot_all	target
SLF2	2	1	ot_all	native_funmap	intogen_temporal_new__to__ot_all	target
IKZF1	2	1	ot_all	native_funmap	intogen_temporal_new__to__ot_all	target
MTAP	2	1	ot_all	native_funmap	intogen_temporal_new__to__ot_all	target
IDH2	2	1	ot_all	native_funmap	intogen_temporal_new__to__ot_all	target
PSMA3	2	1	ot_all	native_funmap	intogen_temporal_new__to__ot_all	target
DCLRE1C	2	1	ot_all	native_funmap	intogen_temporal_new__to__ot_all	target
LATS2	2	1	ot_all	native_funmap	intogen_temporal_new__to__ot_all	target
GRB2	2	1	ot_all	native_funmap	intogen_temporal_new__to__ot_all	target
HDAC6	2	1	ot_all	native_funmap	intogen_temporal_new__to__ot_all	target
DNMT3A	2	1	ot_all	native_funmap	intogen_temporal_new__to__ot_all	target
RTEL1	2	1	ot_all	native_funmap	intogen_temporal_new__to__ot_all	target
PARP3	2	1	ot_all	native_funmap	intogen_temporal_new__to__ot_all	target
IRF1	2	1	ot_all	native_funmap	intogen_temporal_new__to__ot_all	target
PSMB3	2	1	ot_all	native_funmap	intogen_temporal_new__to__ot_all	target
ING1	2	1	ot_all	native_funmap	intogen_temporal_new__to__ot_all	target
CDC73	2	1	ot_all	native_funmap	intogen_temporal_new__to__ot_all	target
PSMA6	2	1	ot_all	native_funmap	intogen_temporal_new__to__ot_all	target
MARK3	2	1	ot_all	native_funmap	intogen_temporal_new__to__ot_all	target
FGR	2	1	ot_all	native_funmap	intogen_temporal_new__to__ot_all	target
H3-3A	2	1	ot_all	native_funmap	intogen_temporal_new__to__ot_all	target
GNAS	2	1	ot_all	native_funmap	intogen_temporal_new__to__ot_all	target
VHL	2	1	ot_all	native_funmap	intogen_temporal_new__to__ot_all	target
IRF4	2	1	ot_all	native_funmap	intogen_temporal_new__to__ot_all	target
POLE2	2	1	ot_all	native_funmap	intogen_temporal_new__to__ot_all	target
DKC1	2	1	ot_all	native_funmap	intogen_temporal_new__to__ot_all	target
ATM	2	1	ot_all	native_funmap	intogen_temporal_new__to__ot_all	target
NFIA	2	1	ot_all	native_funmap	intogen_temporal_new__to__ot_all	target
CASP10	2	1	ot_all	native_funmap	intogen_temporal_new__to__ot_all	target
DNA2	2	1	ot_all	native_funmap	intogen_temporal_new__to__ot_all	target
DICER1	2	1	ot_all	native_funmap	intogen_temporal_new__to__ot_all	target
BRCA1	2	1	ot_all	native_funmap	intogen_temporal_new__to__ot_all	target
SMARCE1	2	1	ot_all	native_funmap	intogen_temporal_new__to__ot_all	target
FLT1	2	1	ot_all	native_funmap	intogen_temporal_new__to__ot_all	target
ACTG1	2	1	ot_all	native_funmap	intogen_temporal_new__to__ot_all	target
CBL	2	1	ot_all	native_funmap	intogen_temporal_new__to__ot_all	target
LZTR1	2	1	ot_all	native_funmap	intogen_temporal_new__to__ot_all	target
MSH2	2	1	ot_all	native_funmap	intogen_temporal_new__to__ot_all	target
PSMB2	2	1	ot_all	native_funmap	intogen_temporal_new__to__ot_all	target
FXR1	2	1	ot_all	native_funmap	intogen_temporal_new__to__ot_all	target
GOLGB1	2	1	ot_all	native_funmap	intogen_temporal_new__to__ot_all	target
SETD2	2	1	ot_all	native_funmap	intogen_temporal_new__to__ot_all	target
NF2	2	1	ot_all	native_funmap	intogen_temporal_new__to__ot_all	target
BCR	2	1	ot_all	native_funmap	intogen_temporal_new__to__ot_all	target
PSMB7	2	1	ot_all	native_funmap	intogen_temporal_new__to__ot_all	target
PSMC1	2	1	ot_all	native_funmap	intogen_temporal_new__to__ot_all	target
ARRB1	2	1	ot_all	native_funmap	intogen_temporal_new__to__ot_all	target
PSMC3	2	1	ot_all	native_funmap	intogen_temporal_new__to__ot_all	target
RRM2	2	1	ot_all	native_funmap	intogen_temporal_new__to__ot_all	target
LRRFIP1	2	1	ot_all	native_funmap	intogen_temporal_new__to__ot_all	target
ERBB2	2	1	ot_all	native_funmap	intogen_temporal_new__to__ot_all	target
FBXO11	2	1	ot_all	native_funmap	intogen_temporal_new__to__ot_all	target
PSMA4	2	1	ot_all	native_funmap	intogen_temporal_new__to__ot_all	target
NF1	2	1	ot_all	native_funmap	intogen_temporal_new__to__ot_all	target
AMER1	2	1	ot_all	native_funmap	intogen_temporal_new__to__ot_all	target
DDX41	2	1	ot_all	native_funmap	intogen_temporal_new__to__ot_all	target
PARP2	2	1	ot_all	native_funmap	intogen_temporal_new__to__ot_all	target
CUX1	2	1	ot_all	native_funmap	intogen_temporal_new__to__ot_all	target
TSC2	2	1	ot_all	native_funmap	intogen_temporal_new__to__ot_all	target
MUTYH	2	1	ot_all	native_funmap	intogen_temporal_new__to__ot_all	target
FGA	2	1	ot_all	native_funmap	intogen_temporal_new__to__ot_all	target
IDH1	2	1	ot_all	native_funmap	intogen_temporal_new__to__ot_all	target
SRSF2	2	1	ot_all	native_funmap	intogen_temporal_new__to__ot_all	target
PSMC4	2	1	ot_all	native_funmap	intogen_temporal_new__to__ot_all	target
MST1R	2	1	ot_all	native_funmap	intogen_temporal_new__to__ot_all	target
BTK	2	1	ot_all	native_funmap	intogen_temporal_new__to__ot_all	target
TRIP13	2	1	ot_all	native_funmap	intogen_temporal_new__to__ot_all	target
ASXL1	2	1	ot_all	native_funmap	intogen_temporal_new__to__ot_all	target
CRBN	2	1	ot_all	native_funmap	intogen_temporal_new__to__ot_all	target
TUBB	2	1	ot_all	native_funmap	intogen_temporal_new__to__ot_all	target
FYN	2	1	ot_all	native_funmap	intogen_temporal_new__to__ot_all	target
KRT4	2	1	ot_all	native_funmap	intogen_temporal_new__to__ot_all	target
TUBB6	2	1	ot_all	native_funmap	intogen_temporal_new__to__ot_all	target
ERBIN	2	1	ot_all	native_funmap	intogen_temporal_new__to__ot_all	target
JAK2	2	1	ot_all	native_funmap	intogen_temporal_new__to__ot_all	target
ENG	2	1	ot_all	native_funmap	intogen_temporal_new__to__ot_all	target
STK11	2	1	ot_all	native_funmap	intogen_temporal_new__to__ot_all	target
VCL	2	1	ot_all	native_funmap	intogen_temporal_new__to__ot_all	target
PPP6C	2	1	ot_all	native_funmap	intogen_temporal_new__to__ot_all	target
LAG3	2	1	ot_all	native_funmap	intogen_temporal_new__to__ot_all	target
TSC1	2	1	ot_all	native_funmap	intogen_temporal_new__to__ot_all	target
EGFR	2	1	ot_all	native_funmap	intogen_temporal_new__to__ot_all	target
AXIN1	2	1	ot_all	native_funmap	intogen_temporal_new__to__ot_all	target
CDH23	2	1	ot_all	native_funmap	intogen_temporal_new__to__ot_all	target
NOP10	2	1	ot_all	native_funmap	intogen_temporal_new__to__ot_all	target
PSMD2	2	1	ot_all	native_funmap	intogen_temporal_new__to__ot_all	target
SLAMF7	2	1	ot_all	native_funmap	intogen_temporal_new__to__ot_all	target
TLR7	2	1	ot_all	native_funmap	intogen_temporal_new__to__ot_all	target
PDGFRB	2	1	ot_all	native_funmap	intogen_temporal_new__to__ot_all	target
FH	2	1	ot_all	native_funmap	intogen_temporal_new__to__ot_all	target
IQGAP1	2	1	ot_all	native_funmap	intogen_temporal_new__to__ot_all	target
NRAS	2	1	ot_all	native_funmap	intogen_temporal_new__to__ot_all	target
RARA	2	1	ot_all	native_funmap	intogen_temporal_new__to__ot_all	target
KMT2C	2	1	ot_all	native_funmap	intogen_temporal_new__to__ot_all	target
FN1	2	1	ot_all	native_funmap	intogen_temporal_new__to__ot_all	target
ELMO2	2	1	ot_all	native_funmap	intogen_temporal_new__to__ot_all	target
MLH1	2	1	ot_all	native_funmap	intogen_temporal_new__to__ot_all	target
APBB1IP	2	1	ot_all	native_funmap	intogen_temporal_new__to__ot_all	target
AXIN2	2	1	ot_all	native_funmap	intogen_temporal_new__to__ot_all	target
BMPR1A	2	1	ot_all	native_funmap	intogen_temporal_new__to__ot_all	target
MAPK1	2	1	ot_all	native_funmap	intogen_temporal_new__to__ot_all	target
EPHA2	2	1	ot_all	native_funmap	intogen_temporal_new__to__ot_all	target
HDAC1	2	1	ot_all	native_funmap	intogen_temporal_new__to__ot_all	target
SDHB	2	1	ot_all	native_funmap	intogen_temporal_new__to__ot_all	target
RRM1	2	1	ot_all	native_funmap	intogen_temporal_new__to__ot_all	target
RAP1A	2	1	ot_all	native_funmap	intogen_temporal_new__to__ot_all	target
AKT1	2	1	ot_all	native_funmap	intogen_temporal_new__to__ot_all	target
FLT4	2	1	ot_all	native_funmap	intogen_temporal_new__to__ot_all	target
KEAP1	2	1	ot_all	native_funmap	intogen_temporal_new__to__ot_all	target
ITGB3	2	1	ot_all	native_funmap	intogen_temporal_new__to__ot_all	target
AKT2	2	1	ot_all	native_funmap	intogen_temporal_new__to__ot_all	target
EPHA3	2	1	ot_all	native_funmap	intogen_temporal_new__to__ot_all	target
BRIP1	2	1	ot_all	native_funmap	intogen_temporal_new__to__ot_all	target
RRM2B	2	1	ot_all	native_funmap	intogen_temporal_new__to__ot_all	target
SDHD	2	1	ot_all	native_funmap	intogen_temporal_new__to__ot_all	target
SAMD9L	2	1	ot_all	native_funmap	intogen_temporal_new__to__ot_all	target
VWF	2	1	ot_all	native_funmap	intogen_temporal_new__to__ot_all	target
MYC	2	1	ot_all	native_funmap	intogen_temporal_new__to__ot_all	target
TUBA4A	2	1	ot_all	native_funmap	intogen_temporal_new__to__ot_all	target
MAML1	2	1	ot_all	native_funmap	intogen_temporal_new__to__ot_all	target
NOTCH3	2	1	ot_all	native_funmap	intogen_temporal_new__to__ot_all	target
MFN2	2	1	ot_all	native_funmap	intogen_temporal_new__to__ot_all	target
BAG4	2	1	ot_all	native_funmap	intogen_temporal_new__to__ot_all	target
TP63	2	1	ot_all	native_funmap	intogen_temporal_new__to__ot_all	target
KDM5C	2	1	ot_all	native_funmap	intogen_temporal_new__to__ot_all	target
MYD88	2	1	ot_all	native_funmap	intogen_temporal_new__to__ot_all	target
SH3BP2	2	1	ot_all	native_funmap	intogen_temporal_new__to__ot_all	target
PRKCD	2	1	ot_all	native_funmap	intogen_temporal_new__to__ot_all	target
PSMB10	2	1	ot_all	native_funmap	intogen_temporal_new__to__ot_all	target
ADRM1	2	1	ot_all	native_funmap	intogen_temporal_new__to__ot_all	target
YWHAB	2	1	ot_all	native_funmap	intogen_temporal_new__to__ot_all	target
PSMD1	2	1	ot_all	native_funmap	intogen_temporal_new__to__ot_all	target
MAX	2	1	ot_all	native_funmap	intogen_temporal_new__to__ot_all	target
CD38	2	1	ot_all	native_funmap	intogen_temporal_new__to__ot_all	target
PDE3A	2	1	ot_all	native_funmap	intogen_temporal_new__to__ot_all	target
PSMD4	2	1	ot_all	native_funmap	intogen_temporal_new__to__ot_all	target
POLA2	2	1	ot_all	native_funmap	intogen_temporal_new__to__ot_all	target
PARP1	2	1	ot_all	native_funmap	intogen_temporal_new__to__ot_all	target
RBX1	2	1	ot_all	native_funmap	intogen_temporal_new__to__ot_all	target
CD3D	2	1	ot_all	native_funmap	intogen_temporal_new__to__ot_all	target
CHEK2	2	1	ot_all	native_funmap	intogen_temporal_new__to__ot_all	target
SAMD9	2	1	ot_all	native_funmap	intogen_temporal_new__to__ot_all	target
MAPK8	2	1	ot_all	native_funmap	intogen_temporal_new__to__ot_all	target
TYMS	2	1	ot_all	native_funmap	intogen_temporal_new__to__ot_all	target
GATA3	2	1	ot_all	native_funmap	intogen_temporal_new__to__ot_all	target
PDE5A	2	1	ot_all	native_funmap	intogen_temporal_new__to__ot_all	target
PRKCB	2	1	ot_all	native_funmap	intogen_temporal_new__to__ot_all	target
TFG	2	1	ot_all	native_funmap	intogen_temporal_new__to__ot_all	target
QKI	2	1	ot_all	native_funmap	intogen_temporal_new__to__ot_all	target
CD19	2	1	ot_all	native_funmap	intogen_temporal_new__to__ot_all	target
TEK	2	1	ot_all	native_funmap	intogen_temporal_new__to__ot_all	target
CTNNB1	2	1	ot_all	native_funmap	intogen_temporal_new__to__ot_all	target
SMAD4	2	1	ot_all	native_funmap	intogen_temporal_new__to__ot_all	target
TOP1	2	1	ot_all	native_funmap	intogen_temporal_new__to__ot_all	target
CD3E	2	1	ot_all	native_funmap	intogen_temporal_new__to__ot_all	target
CLTC	2	1	ot_all	native_funmap	intogen_temporal_new__to__ot_all	target
SPRTN	2	1	ot_all	native_funmap	intogen_temporal_new__to__ot_all	target
PSMC5	2	1	ot_all	native_funmap	intogen_temporal_new__to__ot_all	target
SMARCA4	2	1	ot_all	native_funmap	intogen_temporal_new__to__ot_all	target
MEN1	2	1	ot_all	native_funmap	intogen_temporal_new__to__ot_all	target
CEP57	2	1	ot_all	native_funmap	intogen_temporal_new__to__ot_all	target
HDAC3	2	1	ot_all	native_funmap	intogen_temporal_new__to__ot_all	target
CALR	2	1	ot_all	native_funmap	intogen_temporal_new__to__ot_all	target
XPA	2	1	ot_all	native_funmap	intogen_temporal_new__to__ot_all	target
KRT13	2	1	ot_all	native_funmap	intogen_temporal_new__to__ot_all	target
PIK3CB	2	1	ot_all	native_funmap	intogen_temporal_new__to__ot_all	target
STAT5A	2	1	ot_all	native_funmap	intogen_temporal_new__to__ot_all	target
CD3G	2	1	ot_all	native_funmap	intogen_temporal_new__to__ot_all	target
POLE3	2	1	ot_all	native_funmap	intogen_temporal_new__to__ot_all	target
RB1	2	1	ot_all	native_funmap	intogen_temporal_new__to__ot_all	target
ITK	2	1	ot_all	native_funmap	intogen_temporal_new__to__ot_all	target
FANCD2	2	1	ot_all	native_funmap	intogen_temporal_new__to__ot_all	target
TGFB1	2	1	ot_all	native_funmap	intogen_temporal_new__to__ot_all	target
HCK	2	1	ot_all	native_funmap	intogen_temporal_new__to__ot_all	target
TOR2A	2	0	ot_all	native_funmap	intogen_temporal_new__to__ot_all	background
CFAP58	2	0	ot_all	native_funmap	intogen_temporal_new__to__ot_all	background
RBM45	2	0	ot_all	native_funmap	intogen_temporal_new__to__ot_all	background
EIF1AX	2	0	ot_all	native_funmap	intogen_temporal_new__to__ot_all	background
CCDC102B	2	0	ot_all	native_funmap	intogen_temporal_new__to__ot_all	background
MTARC2	2	0	ot_all	native_funmap	intogen_temporal_new__to__ot_all	background
MEGF6	2	0	ot_all	native_funmap	intogen_temporal_new__to__ot_all	background
KIF5A	2	0	ot_all	native_funmap	intogen_temporal_new__to__ot_all	background
TRUB1	2	0	ot_all	native_funmap	intogen_temporal_new__to__ot_all	background
DPYSL3	2	0	ot_all	native_funmap	intogen_temporal_new__to__ot_all	background
TDRD3	2	0	ot_all	native_funmap	intogen_temporal_new__to__ot_all	background
POTEI	2	0	ot_all	native_funmap	intogen_temporal_new__to__ot_all	background
SMG6	2	0	ot_all	native_funmap	intogen_temporal_new__to__ot_all	background
FDXR	2	0	ot_all	native_funmap	intogen_temporal_new__to__ot_all	background
SLC26A3	2	0	ot_all	native_funmap	intogen_temporal_new__to__ot_all	background
CCDC47	2	0	ot_all	native_funmap	intogen_temporal_new__to__ot_all	background
MFAP2	2	0	ot_all	native_funmap	intogen_temporal_new__to__ot_all	background
FST	2	0	ot_all	native_funmap	intogen_temporal_new__to__ot_all	background
ABI3BP	2	0	ot_all	native_funmap	intogen_temporal_new__to__ot_all	background
MYO9B	2	0	ot_all	native_funmap	intogen_temporal_new__to__ot_all	background
DUS4L	2	0	ot_all	native_funmap	intogen_temporal_new__to__ot_all	background
PDSS2	2	0	ot_all	native_funmap	intogen_temporal_new__to__ot_all	background
ZSCAN26	2	0	ot_all	native_funmap	intogen_temporal_new__to__ot_all	background
ZNF398	2	0	ot_all	native_funmap	intogen_temporal_new__to__ot_all	background
CTTNBP2NL	2	0	ot_all	native_funmap	intogen_temporal_new__to__ot_all	background
DDX56	2	0	ot_all	native_funmap	intogen_temporal_new__to__ot_all	background
TNRC6A	2	0	ot_all	native_funmap	intogen_temporal_new__to__ot_all	background
HSD11B1L	2	0	ot_all	native_funmap	intogen_temporal_new__to__ot_all	background
GOLIM4	2	0	ot_all	native_funmap	intogen_temporal_new__to__ot_all	background
RIPK3	2	0	ot_all	native_funmap	intogen_temporal_new__to__ot_all	background
FAM162A	2	0	ot_all	native_funmap	intogen_temporal_new__to__ot_all	background
TFB2M	2	0	ot_all	native_funmap	intogen_temporal_new__to__ot_all	background
F12	2	0	ot_all	native_funmap	intogen_temporal_new__to__ot_all	background
ANGPTL4	2	0	ot_all	native_funmap	intogen_temporal_new__to__ot_all	background
FNDC1	2	0	ot_all	native_funmap	intogen_temporal_new__to__ot_all	background
ADGRG3	2	0	ot_all	native_funmap	intogen_temporal_new__to__ot_all	background
VPS33B	2	0	ot_all	native_funmap	intogen_temporal_new__to__ot_all	background
SDHAF3	2	0	ot_all	native_funmap	intogen_temporal_new__to__ot_all	background
MAK16	2	0	ot_all	native_funmap	intogen_temporal_new__to__ot_all	background
LIMD1	2	0	ot_all	native_funmap	intogen_temporal_new__to__ot_all	background
EPB41L3	2	0	ot_all	native_funmap	intogen_temporal_new__to__ot_all	background
FIBP	2	0	ot_all	native_funmap	intogen_temporal_new__to__ot_all	background
VAC14	2	0	ot_all	native_funmap	intogen_temporal_new__to__ot_all	background
PLEKHA8	2	0	ot_all	native_funmap	intogen_temporal_new__to__ot_all	background
ZNF333	2	0	ot_all	native_funmap	intogen_temporal_new__to__ot_all	background
AHNAK2	2	0	ot_all	native_funmap	intogen_temporal_new__to__ot_all	background
SLC8A1	2	0	ot_all	native_funmap	intogen_temporal_new__to__ot_all	background
USP9Y	2	0	ot_all	native_funmap	intogen_temporal_new__to__ot_all	background
APC2	2	0	ot_all	native_funmap	intogen_temporal_new__to__ot_all	background
CSGALNACT2	2	0	ot_all	native_funmap	intogen_temporal_new__to__ot_all	background
MBD6	2	0	ot_all	native_funmap	intogen_temporal_new__to__ot_all	background
SPTLC2	2	0	ot_all	native_funmap	intogen_temporal_new__to__ot_all	background
MXRA8	2	0	ot_all	native_funmap	intogen_temporal_new__to__ot_all	background
MRPS25	2	0	ot_all	native_funmap	intogen_temporal_new__to__ot_all	background
BCL2L15	2	0	ot_all	native_funmap	intogen_temporal_new__to__ot_all	background
VPS50	2	0	ot_all	native_funmap	intogen_temporal_new__to__ot_all	background
MRPS9	2	0	ot_all	native_funmap	intogen_temporal_new__to__ot_all	background
TNFSF12	2	0	ot_all	native_funmap	intogen_temporal_new__to__ot_all	background
TIMM44	2	0	ot_all	native_funmap	intogen_temporal_new__to__ot_all	background
ETAA1	2	0	ot_all	native_funmap	intogen_temporal_new__to__ot_all	background
C21orf91	2	0	ot_all	native_funmap	intogen_temporal_new__to__ot_all	background
UPF3B	2	0	ot_all	native_funmap	intogen_temporal_new__to__ot_all	background
HECTD1	2	0	ot_all	native_funmap	intogen_temporal_new__to__ot_all	background
TRABD	2	0	ot_all	native_funmap	intogen_temporal_new__to__ot_all	background
ARV1	2	0	ot_all	native_funmap	intogen_temporal_new__to__ot_all	background
KIF18A	2	0	ot_all	native_funmap	intogen_temporal_new__to__ot_all	background
ESAM	2	0	ot_all	native_funmap	intogen_temporal_new__to__ot_all	background
DHX38	2	0	ot_all	native_funmap	intogen_temporal_new__to__ot_all	background
RNF19B	2	0	ot_all	native_funmap	intogen_temporal_new__to__ot_all	background
NID1	2	0	ot_all	native_funmap	intogen_temporal_new__to__ot_all	background
FXR2	2	0	ot_all	native_funmap	intogen_temporal_new__to__ot_all	background
FBXO5	2	0	ot_all	native_funmap	intogen_temporal_new__to__ot_all	background
DCDC1	2	0	ot_all	native_funmap	intogen_temporal_new__to__ot_all	background
ARID4B	2	0	ot_all	native_funmap	intogen_temporal_new__to__ot_all	background
CAV2	2	0	ot_all	native_funmap	intogen_temporal_new__to__ot_all	background
RBM43	2	0	ot_all	native_funmap	intogen_temporal_new__to__ot_all	background
ARHGAP9	2	0	ot_all	native_funmap	intogen_temporal_new__to__ot_all	background
PSPH	2	0	ot_all	native_funmap	intogen_temporal_new__to__ot_all	background
HMOX2	2	0	ot_all	native_funmap	intogen_temporal_new__to__ot_all	background
L3MBTL3	2	0	ot_all	native_funmap	intogen_temporal_new__to__ot_all	background
PAIP1	2	0	ot_all	native_funmap	intogen_temporal_new__to__ot_all	background
MT1H	2	0	ot_all	native_funmap	intogen_temporal_new__to__ot_all	background
ELOF1	2	0	ot_all	native_funmap	intogen_temporal_new__to__ot_all	background
PODXL	2	0	ot_all	native_funmap	intogen_temporal_new__to__ot_all	background
FAM50A	2	0	ot_all	native_funmap	intogen_temporal_new__to__ot_all	background
NUCB2	2	0	ot_all	native_funmap	intogen_temporal_new__to__ot_all	background
C1orf210	2	0	ot_all	native_funmap	intogen_temporal_new__to__ot_all	background
GPBP1	2	0	ot_all	native_funmap	intogen_temporal_new__to__ot_all	background
SAT2	2	0	ot_all	native_funmap	intogen_temporal_new__to__ot_all	background
ATP1B3	2	0	ot_all	native_funmap	intogen_temporal_new__to__ot_all	background
GOT2	2	0	ot_all	native_funmap	intogen_temporal_new__to__ot_all	background
PSMG4	2	0	ot_all	native_funmap	intogen_temporal_new__to__ot_all	background
CASS4	2	0	ot_all	native_funmap	intogen_temporal_new__to__ot_all	background
COPS4	2	0	ot_all	native_funmap	intogen_temporal_new__to__ot_all	background
ZFP62	2	0	ot_all	native_funmap	intogen_temporal_new__to__ot_all	background
SLC25A22	2	0	ot_all	native_funmap	intogen_temporal_new__to__ot_all	background
DNPEP	2	0	ot_all	native_funmap	intogen_temporal_new__to__ot_all	background
NEIL1	2	0	ot_all	native_funmap	intogen_temporal_new__to__ot_all	background
DNAAF5	2	0	ot_all	native_funmap	intogen_temporal_new__to__ot_all	background
CCT7	2	0	ot_all	native_funmap	intogen_temporal_new__to__ot_all	background
HDHD5	2	0	ot_all	native_funmap	intogen_temporal_new__to__ot_all	background
NDUFA4	2	0	ot_all	native_funmap	intogen_temporal_new__to__ot_all	background
TIGD4	2	0	ot_all	native_funmap	intogen_temporal_new__to__ot_all	background
MRPS7	2	0	ot_all	native_funmap	intogen_temporal_new__to__ot_all	background
ZNF292	2	0	ot_all	native_funmap	intogen_temporal_new__to__ot_all	background
ZNF623	2	0	ot_all	native_funmap	intogen_temporal_new__to__ot_all	background
ACTG2	2	0	ot_all	native_funmap	intogen_temporal_new__to__ot_all	background
UBXN10	2	0	ot_all	native_funmap	intogen_temporal_new__to__ot_all	background
C4BPB	2	0	ot_all	native_funmap	intogen_temporal_new__to__ot_all	background
SNX6	2	0	ot_all	native_funmap	intogen_temporal_new__to__ot_all	background
TMEM222	2	0	ot_all	native_funmap	intogen_temporal_new__to__ot_all	background
SH3BGRL2	2	0	ot_all	native_funmap	intogen_temporal_new__to__ot_all	background
PLXDC2	2	0	ot_all	native_funmap	intogen_temporal_new__to__ot_all	background
CDK13	2	0	ot_all	native_funmap	intogen_temporal_new__to__ot_all	background
SCIMP	2	0	ot_all	native_funmap	intogen_temporal_new__to__ot_all	background
RPL3	2	0	ot_all	native_funmap	intogen_temporal_new__to__ot_all	background
HPS3	2	0	ot_all	native_funmap	intogen_temporal_new__to__ot_all	background
IL18BP	2	0	ot_all	native_funmap	intogen_temporal_new__to__ot_all	background
AP006333.1	2	0	ot_all	native_funmap	intogen_temporal_new__to__ot_all	background
MAP4	2	0	ot_all	native_funmap	intogen_temporal_new__to__ot_all	background
TNIP2	2	0	ot_all	native_funmap	intogen_temporal_new__to__ot_all	background
CHAT	2	0	ot_all	native_funmap	intogen_temporal_new__to__ot_all	background
SCGB2A1	2	0	ot_all	native_funmap	intogen_temporal_new__to__ot_all	background
SHFL	2	0	ot_all	native_funmap	intogen_temporal_new__to__ot_all	background
PRPF8	2	0	ot_all	native_funmap	intogen_temporal_new__to__ot_all	background
SLC2A1	2	0	ot_all	native_funmap	intogen_temporal_new__to__ot_all	background
LONP1	2	0	ot_all	native_funmap	intogen_temporal_new__to__ot_all	background
ZNF362	2	0	ot_all	native_funmap	intogen_temporal_new__to__ot_all	background
COQ7	2	0	ot_all	native_funmap	intogen_temporal_new__to__ot_all	background
ZFAND5	2	0	ot_all	native_funmap	intogen_temporal_new__to__ot_all	background
CD36	2	0	ot_all	native_funmap	intogen_temporal_new__to__ot_all	background
NDUFB3	2	0	ot_all	native_funmap	intogen_temporal_new__to__ot_all	background
SP1	2	0	ot_all	native_funmap	intogen_temporal_new__to__ot_all	background
MLPH	2	0	ot_all	native_funmap	intogen_temporal_new__to__ot_all	background
IFI44	2	0	ot_all	native_funmap	intogen_temporal_new__to__ot_all	background
KRT77	2	0	ot_all	native_funmap	intogen_temporal_new__to__ot_all	background
RPAIN	2	0	ot_all	native_funmap	intogen_temporal_new__to__ot_all	background
SPEG	2	0	ot_all	native_funmap	intogen_temporal_new__to__ot_all	background
IAH1	2	0	ot_all	native_funmap	intogen_temporal_new__to__ot_all	background
TMEM248	2	0	ot_all	native_funmap	intogen_temporal_new__to__ot_all	background
IGFBP4	2	0	ot_all	native_funmap	intogen_temporal_new__to__ot_all	background
TOM1L1	2	0	ot_all	native_funmap	intogen_temporal_new__to__ot_all	background
MALSU1	2	0	ot_all	native_funmap	intogen_temporal_new__to__ot_all	background
TSTD1	2	0	ot_all	native_funmap	intogen_temporal_new__to__ot_all	background
PTPN9	2	0	ot_all	native_funmap	intogen_temporal_new__to__ot_all	background
IGLON5	2	0	ot_all	native_funmap	intogen_temporal_new__to__ot_all	background
SELENOH	2	0	ot_all	native_funmap	intogen_temporal_new__to__ot_all	background
SEMA3B	2	0	ot_all	native_funmap	intogen_temporal_new__to__ot_all	background
QRICH1	2	0	ot_all	native_funmap	intogen_temporal_new__to__ot_all	background
SYTL2	2	0	ot_all	native_funmap	intogen_temporal_new__to__ot_all	background
SQSTM1	2	0	ot_all	native_funmap	intogen_temporal_new__to__ot_all	background
SULF2	2	0	ot_all	native_funmap	intogen_temporal_new__to__ot_all	background
RIOK1	2	0	ot_all	native_funmap	intogen_temporal_new__to__ot_all	background
ZNF22	2	0	ot_all	native_funmap	intogen_temporal_new__to__ot_all	background
ARPC2	2	0	ot_all	native_funmap	intogen_temporal_new__to__ot_all	background
ESPN	2	0	ot_all	native_funmap	intogen_temporal_new__to__ot_all	background
BPGM	2	0	ot_all	native_funmap	intogen_temporal_new__to__ot_all	background
GCLM	2	0	ot_all	native_funmap	intogen_temporal_new__to__ot_all	background
MIER2	2	0	ot_all	native_funmap	intogen_temporal_new__to__ot_all	background
FAT2	2	0	ot_all	native_funmap	intogen_temporal_new__to__ot_all	background
ZNF410	2	0	ot_all	native_funmap	intogen_temporal_new__to__ot_all	background
PTCD2	2	0	ot_all	native_funmap	intogen_temporal_new__to__ot_all	background
REX1BD	2	0	ot_all	native_funmap	intogen_temporal_new__to__ot_all	background
FYCO1	2	0	ot_all	native_funmap	intogen_temporal_new__to__ot_all	background
DNAJB6	2	0	ot_all	native_funmap	intogen_temporal_new__to__ot_all	background
POLL	2	0	ot_all	native_funmap	intogen_temporal_new__to__ot_all	background
ZNF667	2	0	ot_all	native_funmap	intogen_temporal_new__to__ot_all	background
GIMAP7	2	0	ot_all	native_funmap	intogen_temporal_new__to__ot_all	background
PLEKHH3	2	0	ot_all	native_funmap	intogen_temporal_new__to__ot_all	background
MYH13	2	0	ot_all	native_funmap	intogen_temporal_new__to__ot_all	background
NUDCD2	2	0	ot_all	native_funmap	intogen_temporal_new__to__ot_all	background
KIF14	2	0	ot_all	native_funmap	intogen_temporal_new__to__ot_all	background
POM121C	2	0	ot_all	native_funmap	intogen_temporal_new__to__ot_all	background
FAF2	2	0	ot_all	native_funmap	intogen_temporal_new__to__ot_all	background
MMADHC	2	0	ot_all	native_funmap	intogen_temporal_new__to__ot_all	background
SEPTIN10	2	0	ot_all	native_funmap	intogen_temporal_new__to__ot_all	background
DEFA3	2	0	ot_all	native_funmap	intogen_temporal_new__to__ot_all	background
CCDC191	2	0	ot_all	native_funmap	intogen_temporal_new__to__ot_all	background
IFNGR2	2	0	ot_all	native_funmap	intogen_temporal_new__to__ot_all	background
SCG2	2	0	ot_all	native_funmap	intogen_temporal_new__to__ot_all	background
SERINC3	2	0	ot_all	native_funmap	intogen_temporal_new__to__ot_all	background
C10orf99	2	0	ot_all	native_funmap	intogen_temporal_new__to__ot_all	background
LYPD3	2	0	ot_all	native_funmap	intogen_temporal_new__to__ot_all	background
TECPR1	2	0	ot_all	native_funmap	intogen_temporal_new__to__ot_all	background
EXOSC2	2	0	ot_all	native_funmap	intogen_temporal_new__to__ot_all	background
UNC5D	2	0	ot_all	native_funmap	intogen_temporal_new__to__ot_all	background
APOL3	2	0	ot_all	native_funmap	intogen_temporal_new__to__ot_all	background
MFSD5	2	0	ot_all	native_funmap	intogen_temporal_new__to__ot_all	background
MRPL27	2	0	ot_all	native_funmap	intogen_temporal_new__to__ot_all	background
P2RY12	2	0	ot_all	native_funmap	intogen_temporal_new__to__ot_all	background
PPP1R21	2	0	ot_all	native_funmap	intogen_temporal_new__to__ot_all	background
STT3B	2	0	ot_all	native_funmap	intogen_temporal_new__to__ot_all	background
COX4I2	2	0	ot_all	native_funmap	intogen_temporal_new__to__ot_all	background
SDAD1	2	0	ot_all	native_funmap	intogen_temporal_new__to__ot_all	background
CASQ2	2	0	ot_all	native_funmap	intogen_temporal_new__to__ot_all	background
BZW2	2	0	ot_all	native_funmap	intogen_temporal_new__to__ot_all	background
TRAPPC6B	2	0	ot_all	native_funmap	intogen_temporal_new__to__ot_all	background
MYO6	2	0	ot_all	native_funmap	intogen_temporal_new__to__ot_all	background
CILP	2	0	ot_all	native_funmap	intogen_temporal_new__to__ot_all	background
SUOX	2	0	ot_all	native_funmap	intogen_temporal_new__to__ot_all	background
BLM	3	1	ot_all	native_funmap	intogen_temporal_new__to__ot_all	target
PSMD8	3	1	ot_all	native_funmap	intogen_temporal_new__to__ot_all	target
NEK9	3	1	ot_all	native_funmap	intogen_temporal_new__to__ot_all	target
HAX1	3	1	ot_all	native_funmap	intogen_temporal_new__to__ot_all	target
FGG	3	1	ot_all	native_funmap	intogen_temporal_new__to__ot_all	target
FAS	3	1	ot_all	native_funmap	intogen_temporal_new__to__ot_all	target
CASP8	3	1	ot_all	native_funmap	intogen_temporal_new__to__ot_all	target
PSMB5	3	1	ot_all	native_funmap	intogen_temporal_new__to__ot_all	target
EXO1	3	1	ot_all	native_funmap	intogen_temporal_new__to__ot_all	target
ESRP1	3	1	ot_all	native_funmap	intogen_temporal_new__to__ot_all	target
ERBB3	3	1	ot_all	native_funmap	intogen_temporal_new__to__ot_all	target
KIT	3	1	ot_all	native_funmap	intogen_temporal_new__to__ot_all	target
SOS1	3	1	ot_all	native_funmap	intogen_temporal_new__to__ot_all	target
ANTXR2	3	1	ot_all	native_funmap	intogen_temporal_new__to__ot_all	target
GART	3	1	ot_all	native_funmap	intogen_temporal_new__to__ot_all	target
PDGFRA	3	1	ot_all	native_funmap	intogen_temporal_new__to__ot_all	target
PTPN11	3	1	ot_all	native_funmap	intogen_temporal_new__to__ot_all	target
PSMB4	3	1	ot_all	native_funmap	intogen_temporal_new__to__ot_all	target
MSH6	3	1	ot_all	native_funmap	intogen_temporal_new__to__ot_all	target
SF3B1	3	1	ot_all	native_funmap	intogen_temporal_new__to__ot_all	target
PIK3R1	3	1	ot_all	native_funmap	intogen_temporal_new__to__ot_all	target
WRAP53	3	1	ot_all	native_funmap	intogen_temporal_new__to__ot_all	target
TNFRSF14	3	1	ot_all	native_funmap	intogen_temporal_new__to__ot_all	target
KIF5B	3	1	ot_all	native_funmap	intogen_temporal_new__to__ot_all	target
RBPJ	3	1	ot_all	native_funmap	intogen_temporal_new__to__ot_all	target
ITGA2B	3	1	ot_all	native_funmap	intogen_temporal_new__to__ot_all	target
ELP1	3	1	ot_all	native_funmap	intogen_temporal_new__to__ot_all	target
PBRM1	3	1	ot_all	native_funmap	intogen_temporal_new__to__ot_all	target
CDH1	3	1	ot_all	native_funmap	intogen_temporal_new__to__ot_all	target
WIPF1	3	1	ot_all	native_funmap	intogen_temporal_new__to__ot_all	target
CRIPT	3	1	ot_all	native_funmap	intogen_temporal_new__to__ot_all	target
AKR1C2	3	1	ot_all	native_funmap	intogen_temporal_new__to__ot_all	target
SDHC	3	1	ot_all	native_funmap	intogen_temporal_new__to__ot_all	target
CDK6	3	1	ot_all	native_funmap	intogen_temporal_new__to__ot_all	target
RBM10	3	1	ot_all	native_funmap	intogen_temporal_new__to__ot_all	target
CD74	3	1	ot_all	native_funmap	intogen_temporal_new__to__ot_all	target
POLA1	3	1	ot_all	native_funmap	intogen_temporal_new__to__ot_all	target
SHC1	3	1	ot_all	native_funmap	intogen_temporal_new__to__ot_all	target
CD33	3	1	ot_all	native_funmap	intogen_temporal_new__to__ot_all	target
XPO1	3	1	ot_all	native_funmap	intogen_temporal_new__to__ot_all	target
TOP2B	3	1	ot_all	native_funmap	intogen_temporal_new__to__ot_all	target
CLIP1	3	1	ot_all	native_funmap	intogen_temporal_new__to__ot_all	target
PIK3CD	3	1	ot_all	native_funmap	intogen_temporal_new__to__ot_all	target
FGF2	3	1	ot_all	native_funmap	intogen_temporal_new__to__ot_all	target
MAP2K2	3	1	ot_all	native_funmap	intogen_temporal_new__to__ot_all	target
TRIP11	3	1	ot_all	native_funmap	intogen_temporal_new__to__ot_all	target
ACTB	3	1	ot_all	native_funmap	intogen_temporal_new__to__ot_all	target
PSMB1	3	1	ot_all	native_funmap	intogen_temporal_new__to__ot_all	target
NBN	3	1	ot_all	native_funmap	intogen_temporal_new__to__ot_all	target
PSMA1	3	1	ot_all	native_funmap	intogen_temporal_new__to__ot_all	target
CUL4A	3	1	ot_all	native_funmap	intogen_temporal_new__to__ot_all	target
CTC1	3	1	ot_all	native_funmap	intogen_temporal_new__to__ot_all	target
GALNT12	3	1	ot_all	native_funmap	intogen_temporal_new__to__ot_all	target
CDKN1A	3	1	ot_all	native_funmap	intogen_temporal_new__to__ot_all	target
DDX3X	3	1	ot_all	native_funmap	intogen_temporal_new__to__ot_all	target
TXNRD1	3	1	ot_all	native_funmap	intogen_temporal_new__to__ot_all	target
KAT2A	3	1	ot_all	native_funmap	intogen_temporal_new__to__ot_all	target
POLE	3	1	ot_all	native_funmap	intogen_temporal_new__to__ot_all	target
BRCA2	3	1	ot_all	native_funmap	intogen_temporal_new__to__ot_all	target
CSK	3	1	ot_all	native_funmap	intogen_temporal_new__to__ot_all	target
WAS	3	1	ot_all	native_funmap	intogen_temporal_new__to__ot_all	target
ARRB2	3	1	ot_all	native_funmap	intogen_temporal_new__to__ot_all	target
FDPS	3	1	ot_all	native_funmap	intogen_temporal_new__to__ot_all	target
ERLIN2	3	1	ot_all	native_funmap	intogen_temporal_new__to__ot_all	target
NFE2L2	3	1	ot_all	native_funmap	intogen_temporal_new__to__ot_all	target
PRKAR1A	3	1	ot_all	native_funmap	intogen_temporal_new__to__ot_all	target
EP300	3	1	ot_all	native_funmap	intogen_temporal_new__to__ot_all	target
SRD5A3	3	1	ot_all	native_funmap	intogen_temporal_new__to__ot_all	target
PSMB9	3	1	ot_all	native_funmap	intogen_temporal_new__to__ot_all	target
MRE11	3	1	ot_all	native_funmap	intogen_temporal_new__to__ot_all	target
YES1	3	1	ot_all	native_funmap	intogen_temporal_new__to__ot_all	target
KRAS	3	1	ot_all	native_funmap	intogen_temporal_new__to__ot_all	target
PRIM2	3	1	ot_all	native_funmap	intogen_temporal_new__to__ot_all	target
GAB1	3	1	ot_all	native_funmap	intogen_temporal_new__to__ot_all	target
CCDC6	3	1	ot_all	native_funmap	intogen_temporal_new__to__ot_all	target
POLD2	3	1	ot_all	native_funmap	intogen_temporal_new__to__ot_all	target
ARID2	3	1	ot_all	native_funmap	intogen_temporal_new__to__ot_all	target
GATA2	3	1	ot_all	native_funmap	intogen_temporal_new__to__ot_all	target
PSMB8	3	1	ot_all	native_funmap	intogen_temporal_new__to__ot_all	target
ANAPC1	3	1	ot_all	native_funmap	intogen_temporal_new__to__ot_all	target
DDB1	3	1	ot_all	native_funmap	intogen_temporal_new__to__ot_all	target
KCND1	3	1	ot_all	native_funmap	intogen_temporal_new__to__ot_all	target
JAG1	3	1	ot_all	native_funmap	intogen_temporal_new__to__ot_all	target
NSD1	3	1	ot_all	native_funmap	intogen_temporal_new__to__ot_all	target
SMC5	3	1	ot_all	native_funmap	intogen_temporal_new__to__ot_all	target
CHD2	3	1	ot_all	native_funmap	intogen_temporal_new__to__ot_all	target
CDC37	3	1	ot_all	native_funmap	intogen_temporal_new__to__ot_all	target
HSP90AA1	3	1	ot_all	native_funmap	intogen_temporal_new__to__ot_all	target
DHFR	3	1	ot_all	native_funmap	intogen_temporal_new__to__ot_all	target
BCL9L	3	1	ot_all	native_funmap	intogen_temporal_new__to__ot_all	target
KMT2D	3	1	ot_all	native_funmap	intogen_temporal_new__to__ot_all	target
CDK12	3	1	ot_all	native_funmap	intogen_temporal_new__to__ot_all	target
ZFHX3	3	1	ot_all	native_funmap	intogen_temporal_new__to__ot_all	target
KCNA3	3	1	ot_all	native_funmap	intogen_temporal_new__to__ot_all	target
TOP2A	3	1	ot_all	native_funmap	intogen_temporal_new__to__ot_all	target
MAP2K1	3	1	ot_all	native_funmap	intogen_temporal_new__to__ot_all	target
TUBA1C	3	1	ot_all	native_funmap	intogen_temporal_new__to__ot_all	target
PSMC2	3	1	ot_all	native_funmap	intogen_temporal_new__to__ot_all	target
ATR	3	1	ot_all	native_funmap	intogen_temporal_new__to__ot_all	target
ERCC2	3	1	ot_all	native_funmap	intogen_temporal_new__to__ot_all	target
KDM6A	3	1	ot_all	native_funmap	intogen_temporal_new__to__ot_all	target
MT-CO1	3	1	ot_all	native_funmap	intogen_temporal_new__to__ot_all	target
LMNA	3	1	ot_all	native_funmap	intogen_temporal_new__to__ot_all	target
CPSF6	3	1	ot_all	native_funmap	intogen_temporal_new__to__ot_all	target
AXL	3	1	ot_all	native_funmap	intogen_temporal_new__to__ot_all	target
PSMD3	3	1	ot_all	native_funmap	intogen_temporal_new__to__ot_all	target
CREBBP	3	1	ot_all	native_funmap	intogen_temporal_new__to__ot_all	target
HAVCR2	3	1	ot_all	native_funmap	intogen_temporal_new__to__ot_all	target
TGFBR2	3	1	ot_all	native_funmap	intogen_temporal_new__to__ot_all	target
PRKN	3	1	ot_all	native_funmap	intogen_temporal_new__to__ot_all	target
SRD5A2	3	1	ot_all	native_funmap	intogen_temporal_new__to__ot_all	target
FGFR1OP2	3	1	ot_all	native_funmap	intogen_temporal_new__to__ot_all	target
HDAC2	3	1	ot_all	native_funmap	intogen_temporal_new__to__ot_all	target
RARG	3	1	ot_all	native_funmap	intogen_temporal_new__to__ot_all	target
STAT3	3	1	ot_all	native_funmap	intogen_temporal_new__to__ot_all	target
ARID1A	3	1	ot_all	native_funmap	intogen_temporal_new__to__ot_all	target
MAMLD1	3	1	ot_all	native_funmap	intogen_temporal_new__to__ot_all	target
JAG2	3	1	ot_all	native_funmap	intogen_temporal_new__to__ot_all	target
PSMB6	3	1	ot_all	native_funmap	intogen_temporal_new__to__ot_all	target
TRIM28	3	1	ot_all	native_funmap	intogen_temporal_new__to__ot_all	target
PSMD13	3	1	ot_all	native_funmap	intogen_temporal_new__to__ot_all	target
JAK1	3	1	ot_all	native_funmap	intogen_temporal_new__to__ot_all	target
TUBB4B	3	1	ot_all	native_funmap	intogen_temporal_new__to__ot_all	target
TYK2	3	1	ot_all	native_funmap	intogen_temporal_new__to__ot_all	target
SDC4	3	1	ot_all	native_funmap	intogen_temporal_new__to__ot_all	target
RAD51D	3	1	ot_all	native_funmap	intogen_temporal_new__to__ot_all	target
PSMD7	3	1	ot_all	native_funmap	intogen_temporal_new__to__ot_all	target
TRIM24	3	1	ot_all	native_funmap	intogen_temporal_new__to__ot_all	target
PSMD11	3	1	ot_all	native_funmap	intogen_temporal_new__to__ot_all	target
PSMA5	3	1	ot_all	native_funmap	intogen_temporal_new__to__ot_all	target
ETV6	3	1	ot_all	native_funmap	intogen_temporal_new__to__ot_all	target
MPRIP	3	1	ot_all	native_funmap	intogen_temporal_new__to__ot_all	target
POLD3	3	1	ot_all	native_funmap	intogen_temporal_new__to__ot_all	target
TUBB1	3	1	ot_all	native_funmap	intogen_temporal_new__to__ot_all	target
SNW1	3	1	ot_all	native_funmap	intogen_temporal_new__to__ot_all	target
PIK3CG	3	1	ot_all	native_funmap	intogen_temporal_new__to__ot_all	target
GALNT3	3	1	ot_all	native_funmap	intogen_temporal_new__to__ot_all	target
TLN1	3	1	ot_all	native_funmap	intogen_temporal_new__to__ot_all	target
RECQL4	3	1	ot_all	native_funmap	intogen_temporal_new__to__ot_all	target
ESR1	3	1	ot_all	native_funmap	intogen_temporal_new__to__ot_all	target
PGR	3	1	ot_all	native_funmap	intogen_temporal_new__to__ot_all	target
PLCG1	3	1	ot_all	native_funmap	intogen_temporal_new__to__ot_all	target
NOTCH1	3	1	ot_all	native_funmap	intogen_temporal_new__to__ot_all	target
LCK	3	1	ot_all	native_funmap	intogen_temporal_new__to__ot_all	target
AIP	3	1	ot_all	native_funmap	intogen_temporal_new__to__ot_all	target
NTRK3	3	1	ot_all	native_funmap	intogen_temporal_new__to__ot_all	target
PSMC6	3	1	ot_all	native_funmap	intogen_temporal_new__to__ot_all	target
PMS2	3	1	ot_all	native_funmap	intogen_temporal_new__to__ot_all	target
EXT1	3	1	ot_all	native_funmap	intogen_temporal_new__to__ot_all	target
NPM1	3	1	ot_all	native_funmap	intogen_temporal_new__to__ot_all	target
FGB	3	1	ot_all	native_funmap	intogen_temporal_new__to__ot_all	target
PSMD14	3	1	ot_all	native_funmap	intogen_temporal_new__to__ot_all	target
ABL1	3	1	ot_all	native_funmap	intogen_temporal_new__to__ot_all	target
POLD1	3	1	ot_all	native_funmap	intogen_temporal_new__to__ot_all	target
PPAT	3	1	ot_all	native_funmap	intogen_temporal_new__to__ot_all	target
TP53	3	1	ot_all	native_funmap	intogen_temporal_new__to__ot_all	target
TACSTD2	3	1	ot_all	native_funmap	intogen_temporal_new__to__ot_all	target
CYLD	3	1	ot_all	native_funmap	intogen_temporal_new__to__ot_all	target
FLCN	3	1	ot_all	native_funmap	intogen_temporal_new__to__ot_all	target
DLST	3	1	ot_all	native_funmap	intogen_temporal_new__to__ot_all	target
TNFRSF17	3	1	ot_all	native_funmap	intogen_temporal_new__to__ot_all	target
NTHL1	3	1	ot_all	native_funmap	intogen_temporal_new__to__ot_all	target
TUBB8	3	1	ot_all	native_funmap	intogen_temporal_new__to__ot_all	target
PSMA7	3	1	ot_all	native_funmap	intogen_temporal_new__to__ot_all	target
SDHAF2	3	1	ot_all	native_funmap	intogen_temporal_new__to__ot_all	target
SLC25A11	3	1	ot_all	native_funmap	intogen_temporal_new__to__ot_all	target
SMARCB1	3	1	ot_all	native_funmap	intogen_temporal_new__to__ot_all	target
PARN	3	1	ot_all	native_funmap	intogen_temporal_new__to__ot_all	target
VEGFA	3	1	ot_all	native_funmap	intogen_temporal_new__to__ot_all	target
FRK	3	1	ot_all	native_funmap	intogen_temporal_new__to__ot_all	target
PTEN	3	1	ot_all	native_funmap	intogen_temporal_new__to__ot_all	target
PRIM1	3	1	ot_all	native_funmap	intogen_temporal_new__to__ot_all	target
RAF1	3	1	ot_all	native_funmap	intogen_temporal_new__to__ot_all	target
BUB1B	3	1	ot_all	native_funmap	intogen_temporal_new__to__ot_all	target
EXT2	3	1	ot_all	native_funmap	intogen_temporal_new__to__ot_all	target
DNMT1	3	1	ot_all	native_funmap	intogen_temporal_new__to__ot_all	target
EPCAM	3	1	ot_all	native_funmap	intogen_temporal_new__to__ot_all	target
ELAC2	3	1	ot_all	native_funmap	intogen_temporal_new__to__ot_all	target
ATRX	3	1	ot_all	native_funmap	intogen_temporal_new__to__ot_all	target
PSMD12	3	1	ot_all	native_funmap	intogen_temporal_new__to__ot_all	target
RAD51C	3	1	ot_all	native_funmap	intogen_temporal_new__to__ot_all	target
POT1	3	1	ot_all	native_funmap	intogen_temporal_new__to__ot_all	target
AKT3	3	1	ot_all	native_funmap	intogen_temporal_new__to__ot_all	target
PIK3CA	3	1	ot_all	native_funmap	intogen_temporal_new__to__ot_all	target
TNFRSF8	3	1	ot_all	native_funmap	intogen_temporal_new__to__ot_all	target
TBL1XR1	3	1	ot_all	native_funmap	intogen_temporal_new__to__ot_all	target
CXCR4	3	1	ot_all	native_funmap	intogen_temporal_new__to__ot_all	target
PSMD6	3	1	ot_all	native_funmap	intogen_temporal_new__to__ot_all	target
SPTBN1	3	1	ot_all	native_funmap	intogen_temporal_new__to__ot_all	target
EZH2	3	1	ot_all	native_funmap	intogen_temporal_new__to__ot_all	target
FGF7	3	1	ot_all	native_funmap	intogen_temporal_new__to__ot_all	target
MSH3	3	1	ot_all	native_funmap	intogen_temporal_new__to__ot_all	target
ATIC	3	1	ot_all	native_funmap	intogen_temporal_new__to__ot_all	target
MS4A1	3	1	ot_all	native_funmap	intogen_temporal_new__to__ot_all	target
JAK3	3	1	ot_all	native_funmap	intogen_temporal_new__to__ot_all	target
CD22	3	1	ot_all	native_funmap	intogen_temporal_new__to__ot_all	target
KDR	3	1	ot_all	native_funmap	intogen_temporal_new__to__ot_all	target
NHP2	3	1	ot_all	native_funmap	intogen_temporal_new__to__ot_all	target
KCNC4	3	1	ot_all	native_funmap	intogen_temporal_new__to__ot_all	target
NSDHL	3	1	ot_all	native_funmap	intogen_temporal_new__to__ot_all	target
CDH11	3	1	ot_all	native_funmap	intogen_temporal_new__to__ot_all	target
TCF7L2	3	1	ot_all	native_funmap	intogen_temporal_new__to__ot_all	target
FTO	3	1	ot_all	native_funmap	intogen_temporal_new__to__ot_all	target
DLL4	3	1	ot_all	native_funmap	intogen_temporal_new__to__ot_all	target
SLF2	3	1	ot_all	native_funmap	intogen_temporal_new__to__ot_all	target
IKZF1	3	1	ot_all	native_funmap	intogen_temporal_new__to__ot_all	target
MTAP	3	1	ot_all	native_funmap	intogen_temporal_new__to__ot_all	target
IDH2	3	1	ot_all	native_funmap	intogen_temporal_new__to__ot_all	target
PSMA3	3	1	ot_all	native_funmap	intogen_temporal_new__to__ot_all	target
DCLRE1C	3	1	ot_all	native_funmap	intogen_temporal_new__to__ot_all	target
LATS2	3	1	ot_all	native_funmap	intogen_temporal_new__to__ot_all	target
GRB2	3	1	ot_all	native_funmap	intogen_temporal_new__to__ot_all	target
HDAC6	3	1	ot_all	native_funmap	intogen_temporal_new__to__ot_all	target
DNMT3A	3	1	ot_all	native_funmap	intogen_temporal_new__to__ot_all	target
RTEL1	3	1	ot_all	native_funmap	intogen_temporal_new__to__ot_all	target
PARP3	3	1	ot_all	native_funmap	intogen_temporal_new__to__ot_all	target
IRF1	3	1	ot_all	native_funmap	intogen_temporal_new__to__ot_all	target
PSMB3	3	1	ot_all	native_funmap	intogen_temporal_new__to__ot_all	target
ING1	3	1	ot_all	native_funmap	intogen_temporal_new__to__ot_all	target
CDC73	3	1	ot_all	native_funmap	intogen_temporal_new__to__ot_all	target
PSMA6	3	1	ot_all	native_funmap	intogen_temporal_new__to__ot_all	target
MARK3	3	1	ot_all	native_funmap	intogen_temporal_new__to__ot_all	target
FGR	3	1	ot_all	native_funmap	intogen_temporal_new__to__ot_all	target
H3-3A	3	1	ot_all	native_funmap	intogen_temporal_new__to__ot_all	target
GNAS	3	1	ot_all	native_funmap	intogen_temporal_new__to__ot_all	target
VHL	3	1	ot_all	native_funmap	intogen_temporal_new__to__ot_all	target
IRF4	3	1	ot_all	native_funmap	intogen_temporal_new__to__ot_all	target
POLE2	3	1	ot_all	native_funmap	intogen_temporal_new__to__ot_all	target
DKC1	3	1	ot_all	native_funmap	intogen_temporal_new__to__ot_all	target
ATM	3	1	ot_all	native_funmap	intogen_temporal_new__to__ot_all	target
NFIA	3	1	ot_all	native_funmap	intogen_temporal_new__to__ot_all	target
CASP10	3	1	ot_all	native_funmap	intogen_temporal_new__to__ot_all	target
DNA2	3	1	ot_all	native_funmap	intogen_temporal_new__to__ot_all	target
DICER1	3	1	ot_all	native_funmap	intogen_temporal_new__to__ot_all	target
BRCA1	3	1	ot_all	native_funmap	intogen_temporal_new__to__ot_all	target
SMARCE1	3	1	ot_all	native_funmap	intogen_temporal_new__to__ot_all	target
FLT1	3	1	ot_all	native_funmap	intogen_temporal_new__to__ot_all	target
ACTG1	3	1	ot_all	native_funmap	intogen_temporal_new__to__ot_all	target
CBL	3	1	ot_all	native_funmap	intogen_temporal_new__to__ot_all	target
LZTR1	3	1	ot_all	native_funmap	intogen_temporal_new__to__ot_all	target
MSH2	3	1	ot_all	native_funmap	intogen_temporal_new__to__ot_all	target
PSMB2	3	1	ot_all	native_funmap	intogen_temporal_new__to__ot_all	target
FXR1	3	1	ot_all	native_funmap	intogen_temporal_new__to__ot_all	target
GOLGB1	3	1	ot_all	native_funmap	intogen_temporal_new__to__ot_all	target
SETD2	3	1	ot_all	native_funmap	intogen_temporal_new__to__ot_all	target
NF2	3	1	ot_all	native_funmap	intogen_temporal_new__to__ot_all	target
BCR	3	1	ot_all	native_funmap	intogen_temporal_new__to__ot_all	target
PSMB7	3	1	ot_all	native_funmap	intogen_temporal_new__to__ot_all	target
PSMC1	3	1	ot_all	native_funmap	intogen_temporal_new__to__ot_all	target
ARRB1	3	1	ot_all	native_funmap	intogen_temporal_new__to__ot_all	target
PSMC3	3	1	ot_all	native_funmap	intogen_temporal_new__to__ot_all	target
RRM2	3	1	ot_all	native_funmap	intogen_temporal_new__to__ot_all	target
LRRFIP1	3	1	ot_all	native_funmap	intogen_temporal_new__to__ot_all	target
ERBB2	3	1	ot_all	native_funmap	intogen_temporal_new__to__ot_all	target
FBXO11	3	1	ot_all	native_funmap	intogen_temporal_new__to__ot_all	target
PSMA4	3	1	ot_all	native_funmap	intogen_temporal_new__to__ot_all	target
NF1	3	1	ot_all	native_funmap	intogen_temporal_new__to__ot_all	target
AMER1	3	1	ot_all	native_funmap	intogen_temporal_new__to__ot_all	target
DDX41	3	1	ot_all	native_funmap	intogen_temporal_new__to__ot_all	target
PARP2	3	1	ot_all	native_funmap	intogen_temporal_new__to__ot_all	target
CUX1	3	1	ot_all	native_funmap	intogen_temporal_new__to__ot_all	target
TSC2	3	1	ot_all	native_funmap	intogen_temporal_new__to__ot_all	target
MUTYH	3	1	ot_all	native_funmap	intogen_temporal_new__to__ot_all	target
FGA	3	1	ot_all	native_funmap	intogen_temporal_new__to__ot_all	target
IDH1	3	1	ot_all	native_funmap	intogen_temporal_new__to__ot_all	target
SRSF2	3	1	ot_all	native_funmap	intogen_temporal_new__to__ot_all	target
PSMC4	3	1	ot_all	native_funmap	intogen_temporal_new__to__ot_all	target
MST1R	3	1	ot_all	native_funmap	intogen_temporal_new__to__ot_all	target
BTK	3	1	ot_all	native_funmap	intogen_temporal_new__to__ot_all	target
TRIP13	3	1	ot_all	native_funmap	intogen_temporal_new__to__ot_all	target
ASXL1	3	1	ot_all	native_funmap	intogen_temporal_new__to__ot_all	target
CRBN	3	1	ot_all	native_funmap	intogen_temporal_new__to__ot_all	target
TUBB	3	1	ot_all	native_funmap	intogen_temporal_new__to__ot_all	target
FYN	3	1	ot_all	native_funmap	intogen_temporal_new__to__ot_all	target
KRT4	3	1	ot_all	native_funmap	intogen_temporal_new__to__ot_all	target
TUBB6	3	1	ot_all	native_funmap	intogen_temporal_new__to__ot_all	target
ERBIN	3	1	ot_all	native_funmap	intogen_temporal_new__to__ot_all	target
JAK2	3	1	ot_all	native_funmap	intogen_temporal_new__to__ot_all	target
ENG	3	1	ot_all	native_funmap	intogen_temporal_new__to__ot_all	target
STK11	3	1	ot_all	native_funmap	intogen_temporal_new__to__ot_all	target
VCL	3	1	ot_all	native_funmap	intogen_temporal_new__to__ot_all	target
PPP6C	3	1	ot_all	native_funmap	intogen_temporal_new__to__ot_all	target
LAG3	3	1	ot_all	native_funmap	intogen_temporal_new__to__ot_all	target
TSC1	3	1	ot_all	native_funmap	intogen_temporal_new__to__ot_all	target
EGFR	3	1	ot_all	native_funmap	intogen_temporal_new__to__ot_all	target
AXIN1	3	1	ot_all	native_funmap	intogen_temporal_new__to__ot_all	target
CDH23	3	1	ot_all	native_funmap	intogen_temporal_new__to__ot_all	target
NOP10	3	1	ot_all	native_funmap	intogen_temporal_new__to__ot_all	target
PSMD2	3	1	ot_all	native_funmap	intogen_temporal_new__to__ot_all	target
SLAMF7	3	1	ot_all	native_funmap	intogen_temporal_new__to__ot_all	target
TLR7	3	1	ot_all	native_funmap	intogen_temporal_new__to__ot_all	target
PDGFRB	3	1	ot_all	native_funmap	intogen_temporal_new__to__ot_all	target
FH	3	1	ot_all	native_funmap	intogen_temporal_new__to__ot_all	target
IQGAP1	3	1	ot_all	native_funmap	intogen_temporal_new__to__ot_all	target
NRAS	3	1	ot_all	native_funmap	intogen_temporal_new__to__ot_all	target
RARA	3	1	ot_all	native_funmap	intogen_temporal_new__to__ot_all	target
KMT2C	3	1	ot_all	native_funmap	intogen_temporal_new__to__ot_all	target
FN1	3	1	ot_all	native_funmap	intogen_temporal_new__to__ot_all	target
ELMO2	3	1	ot_all	native_funmap	intogen_temporal_new__to__ot_all	target
MLH1	3	1	ot_all	native_funmap	intogen_temporal_new__to__ot_all	target
APBB1IP	3	1	ot_all	native_funmap	intogen_temporal_new__to__ot_all	target
AXIN2	3	1	ot_all	native_funmap	intogen_temporal_new__to__ot_all	target
BMPR1A	3	1	ot_all	native_funmap	intogen_temporal_new__to__ot_all	target
MAPK1	3	1	ot_all	native_funmap	intogen_temporal_new__to__ot_all	target
EPHA2	3	1	ot_all	native_funmap	intogen_temporal_new__to__ot_all	target
HDAC1	3	1	ot_all	native_funmap	intogen_temporal_new__to__ot_all	target
SDHB	3	1	ot_all	native_funmap	intogen_temporal_new__to__ot_all	target
RRM1	3	1	ot_all	native_funmap	intogen_temporal_new__to__ot_all	target
RAP1A	3	1	ot_all	native_funmap	intogen_temporal_new__to__ot_all	target
AKT1	3	1	ot_all	native_funmap	intogen_temporal_new__to__ot_all	target
FLT4	3	1	ot_all	native_funmap	intogen_temporal_new__to__ot_all	target
KEAP1	3	1	ot_all	native_funmap	intogen_temporal_new__to__ot_all	target
ITGB3	3	1	ot_all	native_funmap	intogen_temporal_new__to__ot_all	target
AKT2	3	1	ot_all	native_funmap	intogen_temporal_new__to__ot_all	target
EPHA3	3	1	ot_all	native_funmap	intogen_temporal_new__to__ot_all	target
BRIP1	3	1	ot_all	native_funmap	intogen_temporal_new__to__ot_all	target
RRM2B	3	1	ot_all	native_funmap	intogen_temporal_new__to__ot_all	target
SDHD	3	1	ot_all	native_funmap	intogen_temporal_new__to__ot_all	target
SAMD9L	3	1	ot_all	native_funmap	intogen_temporal_new__to__ot_all	target
VWF	3	1	ot_all	native_funmap	intogen_temporal_new__to__ot_all	target
MYC	3	1	ot_all	native_funmap	intogen_temporal_new__to__ot_all	target
TUBA4A	3	1	ot_all	native_funmap	intogen_temporal_new__to__ot_all	target
MAML1	3	1	ot_all	native_funmap	intogen_temporal_new__to__ot_all	target
NOTCH3	3	1	ot_all	native_funmap	intogen_temporal_new__to__ot_all	target
MFN2	3	1	ot_all	native_funmap	intogen_temporal_new__to__ot_all	target
BAG4	3	1	ot_all	native_funmap	intogen_temporal_new__to__ot_all	target
TP63	3	1	ot_all	native_funmap	intogen_temporal_new__to__ot_all	target
KDM5C	3	1	ot_all	native_funmap	intogen_temporal_new__to__ot_all	target
MYD88	3	1	ot_all	native_funmap	intogen_temporal_new__to__ot_all	target
SH3BP2	3	1	ot_all	native_funmap	intogen_temporal_new__to__ot_all	target
PRKCD	3	1	ot_all	native_funmap	intogen_temporal_new__to__ot_all	target
PSMB10	3	1	ot_all	native_funmap	intogen_temporal_new__to__ot_all	target
ADRM1	3	1	ot_all	native_funmap	intogen_temporal_new__to__ot_all	target
YWHAB	3	1	ot_all	native_funmap	intogen_temporal_new__to__ot_all	target
PSMD1	3	1	ot_all	native_funmap	intogen_temporal_new__to__ot_all	target
MAX	3	1	ot_all	native_funmap	intogen_temporal_new__to__ot_all	target
CD38	3	1	ot_all	native_funmap	intogen_temporal_new__to__ot_all	target
PDE3A	3	1	ot_all	native_funmap	intogen_temporal_new__to__ot_all	target
PSMD4	3	1	ot_all	native_funmap	intogen_temporal_new__to__ot_all	target
POLA2	3	1	ot_all	native_funmap	intogen_temporal_new__to__ot_all	target
PARP1	3	1	ot_all	native_funmap	intogen_temporal_new__to__ot_all	target
RBX1	3	1	ot_all	native_funmap	intogen_temporal_new__to__ot_all	target
CD3D	3	1	ot_all	native_funmap	intogen_temporal_new__to__ot_all	target
CHEK2	3	1	ot_all	native_funmap	intogen_temporal_new__to__ot_all	target
SAMD9	3	1	ot_all	native_funmap	intogen_temporal_new__to__ot_all	target
MAPK8	3	1	ot_all	native_funmap	intogen_temporal_new__to__ot_all	target
TYMS	3	1	ot_all	native_funmap	intogen_temporal_new__to__ot_all	target
GATA3	3	1	ot_all	native_funmap	intogen_temporal_new__to__ot_all	target
PDE5A	3	1	ot_all	native_funmap	intogen_temporal_new__to__ot_all	target
PRKCB	3	1	ot_all	native_funmap	intogen_temporal_new__to__ot_all	target
TFG	3	1	ot_all	native_funmap	intogen_temporal_new__to__ot_all	target
QKI	3	1	ot_all	native_funmap	intogen_temporal_new__to__ot_all	target
CD19	3	1	ot_all	native_funmap	intogen_temporal_new__to__ot_all	target
TEK	3	1	ot_all	native_funmap	intogen_temporal_new__to__ot_all	target
CTNNB1	3	1	ot_all	native_funmap	intogen_temporal_new__to__ot_all	target
SMAD4	3	1	ot_all	native_funmap	intogen_temporal_new__to__ot_all	target
TOP1	3	1	ot_all	native_funmap	intogen_temporal_new__to__ot_all	target
CD3E	3	1	ot_all	native_funmap	intogen_temporal_new__to__ot_all	target
CLTC	3	1	ot_all	native_funmap	intogen_temporal_new__to__ot_all	target
SPRTN	3	1	ot_all	native_funmap	intogen_temporal_new__to__ot_all	target
PSMC5	3	1	ot_all	native_funmap	intogen_temporal_new__to__ot_all	target
SMARCA4	3	1	ot_all	native_funmap	intogen_temporal_new__to__ot_all	target
MEN1	3	1	ot_all	native_funmap	intogen_temporal_new__to__ot_all	target
CEP57	3	1	ot_all	native_funmap	intogen_temporal_new__to__ot_all	target
HDAC3	3	1	ot_all	native_funmap	intogen_temporal_new__to__ot_all	target
CALR	3	1	ot_all	native_funmap	intogen_temporal_new__to__ot_all	target
XPA	3	1	ot_all	native_funmap	intogen_temporal_new__to__ot_all	target
KRT13	3	1	ot_all	native_funmap	intogen_temporal_new__to__ot_all	target
PIK3CB	3	1	ot_all	native_funmap	intogen_temporal_new__to__ot_all	target
STAT5A	3	1	ot_all	native_funmap	intogen_temporal_new__to__ot_all	target
CD3G	3	1	ot_all	native_funmap	intogen_temporal_new__to__ot_all	target
POLE3	3	1	ot_all	native_funmap	intogen_temporal_new__to__ot_all	target
RB1	3	1	ot_all	native_funmap	intogen_temporal_new__to__ot_all	target
ITK	3	1	ot_all	native_funmap	intogen_temporal_new__to__ot_all	target
FANCD2	3	1	ot_all	native_funmap	intogen_temporal_new__to__ot_all	target
TGFB1	3	1	ot_all	native_funmap	intogen_temporal_new__to__ot_all	target
HCK	3	1	ot_all	native_funmap	intogen_temporal_new__to__ot_all	target
NPY1R	3	0	ot_all	native_funmap	intogen_temporal_new__to__ot_all	background
DCUN1D5	3	0	ot_all	native_funmap	intogen_temporal_new__to__ot_all	background
NACC1	3	0	ot_all	native_funmap	intogen_temporal_new__to__ot_all	background
SSNA1	3	0	ot_all	native_funmap	intogen_temporal_new__to__ot_all	background
CASP3	3	0	ot_all	native_funmap	intogen_temporal_new__to__ot_all	background
TRIP4	3	0	ot_all	native_funmap	intogen_temporal_new__to__ot_all	background
NEGR1	3	0	ot_all	native_funmap	intogen_temporal_new__to__ot_all	background
CDK5RAP3	3	0	ot_all	native_funmap	intogen_temporal_new__to__ot_all	background
SSU72	3	0	ot_all	native_funmap	intogen_temporal_new__to__ot_all	background
EPN2	3	0	ot_all	native_funmap	intogen_temporal_new__to__ot_all	background
MARVELD1	3	0	ot_all	native_funmap	intogen_temporal_new__to__ot_all	background
AFAP1	3	0	ot_all	native_funmap	intogen_temporal_new__to__ot_all	background
EIF4H	3	0	ot_all	native_funmap	intogen_temporal_new__to__ot_all	background
RAE1	3	0	ot_all	native_funmap	intogen_temporal_new__to__ot_all	background
BTN3A1	3	0	ot_all	native_funmap	intogen_temporal_new__to__ot_all	background
SLC35B1	3	0	ot_all	native_funmap	intogen_temporal_new__to__ot_all	background
CRTC1	3	0	ot_all	native_funmap	intogen_temporal_new__to__ot_all	background
SMG9	3	0	ot_all	native_funmap	intogen_temporal_new__to__ot_all	background
CAPN13	3	0	ot_all	native_funmap	intogen_temporal_new__to__ot_all	background
ARIH2	3	0	ot_all	native_funmap	intogen_temporal_new__to__ot_all	background
PRPF19	3	0	ot_all	native_funmap	intogen_temporal_new__to__ot_all	background
BBS1	3	0	ot_all	native_funmap	intogen_temporal_new__to__ot_all	background
UBE2E2	3	0	ot_all	native_funmap	intogen_temporal_new__to__ot_all	background
LHPP	3	0	ot_all	native_funmap	intogen_temporal_new__to__ot_all	background
TRAF3IP3	3	0	ot_all	native_funmap	intogen_temporal_new__to__ot_all	background
CHKA	3	0	ot_all	native_funmap	intogen_temporal_new__to__ot_all	background
MAP3K6	3	0	ot_all	native_funmap	intogen_temporal_new__to__ot_all	background
RIDA	3	0	ot_all	native_funmap	intogen_temporal_new__to__ot_all	background
YAP1	3	0	ot_all	native_funmap	intogen_temporal_new__to__ot_all	background
SIGLEC1	3	0	ot_all	native_funmap	intogen_temporal_new__to__ot_all	background
STARD10	3	0	ot_all	native_funmap	intogen_temporal_new__to__ot_all	background
CRYM	3	0	ot_all	native_funmap	intogen_temporal_new__to__ot_all	background
LIG1	3	0	ot_all	native_funmap	intogen_temporal_new__to__ot_all	background
LARP7	3	0	ot_all	native_funmap	intogen_temporal_new__to__ot_all	background
PGAM5	3	0	ot_all	native_funmap	intogen_temporal_new__to__ot_all	background
BLOC1S5	3	0	ot_all	native_funmap	intogen_temporal_new__to__ot_all	background
AP5B1	3	0	ot_all	native_funmap	intogen_temporal_new__to__ot_all	background
AGPAT5	3	0	ot_all	native_funmap	intogen_temporal_new__to__ot_all	background
ZNF655	3	0	ot_all	native_funmap	intogen_temporal_new__to__ot_all	background
SKA1	3	0	ot_all	native_funmap	intogen_temporal_new__to__ot_all	background
ARHGAP45	3	0	ot_all	native_funmap	intogen_temporal_new__to__ot_all	background
CCDC124	3	0	ot_all	native_funmap	intogen_temporal_new__to__ot_all	background
PHF23	3	0	ot_all	native_funmap	intogen_temporal_new__to__ot_all	background
FOXJ1	3	0	ot_all	native_funmap	intogen_temporal_new__to__ot_all	background
UEVLD	3	0	ot_all	native_funmap	intogen_temporal_new__to__ot_all	background
HSP90B1	3	0	ot_all	native_funmap	intogen_temporal_new__to__ot_all	background
RFC3	3	0	ot_all	native_funmap	intogen_temporal_new__to__ot_all	background
CDH2	3	0	ot_all	native_funmap	intogen_temporal_new__to__ot_all	background
LRRC6	3	0	ot_all	native_funmap	intogen_temporal_new__to__ot_all	background
PCYT1A	3	0	ot_all	native_funmap	intogen_temporal_new__to__ot_all	background
CDO1	3	0	ot_all	native_funmap	intogen_temporal_new__to__ot_all	background
NEMF	3	0	ot_all	native_funmap	intogen_temporal_new__to__ot_all	background
SEH1L	3	0	ot_all	native_funmap	intogen_temporal_new__to__ot_all	background
SELENON	3	0	ot_all	native_funmap	intogen_temporal_new__to__ot_all	background
KNDC1	3	0	ot_all	native_funmap	intogen_temporal_new__to__ot_all	background
KLHL9	3	0	ot_all	native_funmap	intogen_temporal_new__to__ot_all	background
MRPS31	3	0	ot_all	native_funmap	intogen_temporal_new__to__ot_all	background
FMO4	3	0	ot_all	native_funmap	intogen_temporal_new__to__ot_all	background
MPV17	3	0	ot_all	native_funmap	intogen_temporal_new__to__ot_all	background
TEF	3	0	ot_all	native_funmap	intogen_temporal_new__to__ot_all	background
SDCBP2	3	0	ot_all	native_funmap	intogen_temporal_new__to__ot_all	background
PDK2	3	0	ot_all	native_funmap	intogen_temporal_new__to__ot_all	background
CCDC58	3	0	ot_all	native_funmap	intogen_temporal_new__to__ot_all	background
ERCC6	3	0	ot_all	native_funmap	intogen_temporal_new__to__ot_all	background
C11orf52	3	0	ot_all	native_funmap	intogen_temporal_new__to__ot_all	background
RPA1	3	0	ot_all	native_funmap	intogen_temporal_new__to__ot_all	background
DDOST	3	0	ot_all	native_funmap	intogen_temporal_new__to__ot_all	background
GPN1	3	0	ot_all	native_funmap	intogen_temporal_new__to__ot_all	background
COL5A1	3	0	ot_all	native_funmap	intogen_temporal_new__to__ot_all	background
HP1BP3	3	0	ot_all	native_funmap	intogen_temporal_new__to__ot_all	background
HSPD1	3	0	ot_all	native_funmap	intogen_temporal_new__to__ot_all	background
NPC1	3	0	ot_all	native_funmap	intogen_temporal_new__to__ot_all	background
CDPF1	3	0	ot_all	native_funmap	intogen_temporal_new__to__ot_all	background
DIPK2B	3	0	ot_all	native_funmap	intogen_temporal_new__to__ot_all	background
ACTR6	3	0	ot_all	native_funmap	intogen_temporal_new__to__ot_all	background
SERPINA7	3	0	ot_all	native_funmap	intogen_temporal_new__to__ot_all	background
PMS1	3	0	ot_all	native_funmap	intogen_temporal_new__to__ot_all	background
SERBP1	3	0	ot_all	native_funmap	intogen_temporal_new__to__ot_all	background
PIMREG	3	0	ot_all	native_funmap	intogen_temporal_new__to__ot_all	background
TMED2	3	0	ot_all	native_funmap	intogen_temporal_new__to__ot_all	background
RPS9	3	0	ot_all	native_funmap	intogen_temporal_new__to__ot_all	background
DDR1	3	0	ot_all	native_funmap	intogen_temporal_new__to__ot_all	background
PSMG1	3	0	ot_all	native_funmap	intogen_temporal_new__to__ot_all	background
THBS3	3	0	ot_all	native_funmap	intogen_temporal_new__to__ot_all	background
COPRS	3	0	ot_all	native_funmap	intogen_temporal_new__to__ot_all	background
SKA3	3	0	ot_all	native_funmap	intogen_temporal_new__to__ot_all	background
CLEC12A	3	0	ot_all	native_funmap	intogen_temporal_new__to__ot_all	background
BECN1	3	0	ot_all	native_funmap	intogen_temporal_new__to__ot_all	background
ARMC3	3	0	ot_all	native_funmap	intogen_temporal_new__to__ot_all	background
PHACTR4	3	0	ot_all	native_funmap	intogen_temporal_new__to__ot_all	background
MBL2	3	0	ot_all	native_funmap	intogen_temporal_new__to__ot_all	background
FILIP1L	3	0	ot_all	native_funmap	intogen_temporal_new__to__ot_all	background
ACAP3	3	0	ot_all	native_funmap	intogen_temporal_new__to__ot_all	background
KIF27	3	0	ot_all	native_funmap	intogen_temporal_new__to__ot_all	background
CASP5	3	0	ot_all	native_funmap	intogen_temporal_new__to__ot_all	background
SLURP1	3	0	ot_all	native_funmap	intogen_temporal_new__to__ot_all	background
MTIF2	3	0	ot_all	native_funmap	intogen_temporal_new__to__ot_all	background
HSPA14	3	0	ot_all	native_funmap	intogen_temporal_new__to__ot_all	background
FAM185A	3	0	ot_all	native_funmap	intogen_temporal_new__to__ot_all	background
C2CD3	3	0	ot_all	native_funmap	intogen_temporal_new__to__ot_all	background
MORF4L2	3	0	ot_all	native_funmap	intogen_temporal_new__to__ot_all	background
FAM207A	3	0	ot_all	native_funmap	intogen_temporal_new__to__ot_all	background
MARK2	3	0	ot_all	native_funmap	intogen_temporal_new__to__ot_all	background
BIN1	3	0	ot_all	native_funmap	intogen_temporal_new__to__ot_all	background
CNDP2	3	0	ot_all	native_funmap	intogen_temporal_new__to__ot_all	background
TIMMDC1	3	0	ot_all	native_funmap	intogen_temporal_new__to__ot_all	background
UTP14A	3	0	ot_all	native_funmap	intogen_temporal_new__to__ot_all	background
RGS7BP	3	0	ot_all	native_funmap	intogen_temporal_new__to__ot_all	background
MYOZ2	3	0	ot_all	native_funmap	intogen_temporal_new__to__ot_all	background
ATP5F1C	3	0	ot_all	native_funmap	intogen_temporal_new__to__ot_all	background
LRP3	3	0	ot_all	native_funmap	intogen_temporal_new__to__ot_all	background
BCAS3	3	0	ot_all	native_funmap	intogen_temporal_new__to__ot_all	background
TTC29	3	0	ot_all	native_funmap	intogen_temporal_new__to__ot_all	background
TMEM161B	3	0	ot_all	native_funmap	intogen_temporal_new__to__ot_all	background
PLGRKT	3	0	ot_all	native_funmap	intogen_temporal_new__to__ot_all	background
SESN1	3	0	ot_all	native_funmap	intogen_temporal_new__to__ot_all	background
SNRPD1	3	0	ot_all	native_funmap	intogen_temporal_new__to__ot_all	background
NAGK	3	0	ot_all	native_funmap	intogen_temporal_new__to__ot_all	background
CELF1	3	0	ot_all	native_funmap	intogen_temporal_new__to__ot_all	background
BABAM2	3	0	ot_all	native_funmap	intogen_temporal_new__to__ot_all	background
FAM149B1	3	0	ot_all	native_funmap	intogen_temporal_new__to__ot_all	background
GIGYF1	3	0	ot_all	native_funmap	intogen_temporal_new__to__ot_all	background
POLR2J	3	0	ot_all	native_funmap	intogen_temporal_new__to__ot_all	background
PROSER1	3	0	ot_all	native_funmap	intogen_temporal_new__to__ot_all	background
MVP	3	0	ot_all	native_funmap	intogen_temporal_new__to__ot_all	background
NT5C2	3	0	ot_all	native_funmap	intogen_temporal_new__to__ot_all	background
FAM107A	3	0	ot_all	native_funmap	intogen_temporal_new__to__ot_all	background
PIAS4	3	0	ot_all	native_funmap	intogen_temporal_new__to__ot_all	background
RPL39	3	0	ot_all	native_funmap	intogen_temporal_new__to__ot_all	background
TRIM45	3	0	ot_all	native_funmap	intogen_temporal_new__to__ot_all	background
HABP2	3	0	ot_all	native_funmap	intogen_temporal_new__to__ot_all	background
ZBTB41	3	0	ot_all	native_funmap	intogen_temporal_new__to__ot_all	background
CHSY1	3	0	ot_all	native_funmap	intogen_temporal_new__to__ot_all	background
LRP2	3	0	ot_all	native_funmap	intogen_temporal_new__to__ot_all	background
RNF7	3	0	ot_all	native_funmap	intogen_temporal_new__to__ot_all	background
PLS1	3	0	ot_all	native_funmap	intogen_temporal_new__to__ot_all	background
SCGB1A1	3	0	ot_all	native_funmap	intogen_temporal_new__to__ot_all	background
VMP1	3	0	ot_all	native_funmap	intogen_temporal_new__to__ot_all	background
HEMK1	3	0	ot_all	native_funmap	intogen_temporal_new__to__ot_all	background
ERCC6L	3	0	ot_all	native_funmap	intogen_temporal_new__to__ot_all	background
APP	3	0	ot_all	native_funmap	intogen_temporal_new__to__ot_all	background
CDH13	3	0	ot_all	native_funmap	intogen_temporal_new__to__ot_all	background
ZNF48	3	0	ot_all	native_funmap	intogen_temporal_new__to__ot_all	background
RPS15	3	0	ot_all	native_funmap	intogen_temporal_new__to__ot_all	background
MTFMT	3	0	ot_all	native_funmap	intogen_temporal_new__to__ot_all	background
USP24	3	0	ot_all	native_funmap	intogen_temporal_new__to__ot_all	background
CD81	3	0	ot_all	native_funmap	intogen_temporal_new__to__ot_all	background
PCSK2	3	0	ot_all	native_funmap	intogen_temporal_new__to__ot_all	background
PABPC4	3	0	ot_all	native_funmap	intogen_temporal_new__to__ot_all	background
H1-2	3	0	ot_all	native_funmap	intogen_temporal_new__to__ot_all	background
ARFRP1	3	0	ot_all	native_funmap	intogen_temporal_new__to__ot_all	background
GAS2L2	3	0	ot_all	native_funmap	intogen_temporal_new__to__ot_all	background
NLGN3	3	0	ot_all	native_funmap	intogen_temporal_new__to__ot_all	background
CDCP1	3	0	ot_all	native_funmap	intogen_temporal_new__to__ot_all	background
RNF185	3	0	ot_all	native_funmap	intogen_temporal_new__to__ot_all	background
RPL11	3	0	ot_all	native_funmap	intogen_temporal_new__to__ot_all	background
ARMC10	3	0	ot_all	native_funmap	intogen_temporal_new__to__ot_all	background
EEF2KMT	3	0	ot_all	native_funmap	intogen_temporal_new__to__ot_all	background
C4BPA	3	0	ot_all	native_funmap	intogen_temporal_new__to__ot_all	background
P4HB	3	0	ot_all	native_funmap	intogen_temporal_new__to__ot_all	background
FHAD1	3	0	ot_all	native_funmap	intogen_temporal_new__to__ot_all	background
FUCA1	3	0	ot_all	native_funmap	intogen_temporal_new__to__ot_all	background
TWNK	3	0	ot_all	native_funmap	intogen_temporal_new__to__ot_all	background
ZNF669	3	0	ot_all	native_funmap	intogen_temporal_new__to__ot_all	background
C7orf26	3	0	ot_all	native_funmap	intogen_temporal_new__to__ot_all	background
SSB	3	0	ot_all	native_funmap	intogen_temporal_new__to__ot_all	background
GPHN	3	0	ot_all	native_funmap	intogen_temporal_new__to__ot_all	background
TMEM62	3	0	ot_all	native_funmap	intogen_temporal_new__to__ot_all	background
PPP4R3B	3	0	ot_all	native_funmap	intogen_temporal_new__to__ot_all	background
YOD1	3	0	ot_all	native_funmap	intogen_temporal_new__to__ot_all	background
CKAP4	3	0	ot_all	native_funmap	intogen_temporal_new__to__ot_all	background
TRAP1	3	0	ot_all	native_funmap	intogen_temporal_new__to__ot_all	background
VAV3	3	0	ot_all	native_funmap	intogen_temporal_new__to__ot_all	background
PDE1B	3	0	ot_all	native_funmap	intogen_temporal_new__to__ot_all	background
LMO7	3	0	ot_all	native_funmap	intogen_temporal_new__to__ot_all	background
LRCH4	3	0	ot_all	native_funmap	intogen_temporal_new__to__ot_all	background
GRHL2	3	0	ot_all	native_funmap	intogen_temporal_new__to__ot_all	background
CRYBG3	3	0	ot_all	native_funmap	intogen_temporal_new__to__ot_all	background
CNOT6L	3	0	ot_all	native_funmap	intogen_temporal_new__to__ot_all	background
GSDMD	3	0	ot_all	native_funmap	intogen_temporal_new__to__ot_all	background
DEPDC5	3	0	ot_all	native_funmap	intogen_temporal_new__to__ot_all	background
THOC2	3	0	ot_all	native_funmap	intogen_temporal_new__to__ot_all	background
POLR2I	3	0	ot_all	native_funmap	intogen_temporal_new__to__ot_all	background
SLTM	3	0	ot_all	native_funmap	intogen_temporal_new__to__ot_all	background
MRPL18	3	0	ot_all	native_funmap	intogen_temporal_new__to__ot_all	background
TM9SF3	3	0	ot_all	native_funmap	intogen_temporal_new__to__ot_all	background
SIGLEC9	3	0	ot_all	native_funmap	intogen_temporal_new__to__ot_all	background
P3H3	3	0	ot_all	native_funmap	intogen_temporal_new__to__ot_all	background
NDUFAF8	3	0	ot_all	native_funmap	intogen_temporal_new__to__ot_all	background
ACTR1A	3	0	ot_all	native_funmap	intogen_temporal_new__to__ot_all	background
ZNF575	3	0	ot_all	native_funmap	intogen_temporal_new__to__ot_all	background
APOBEC3C	3	0	ot_all	native_funmap	intogen_temporal_new__to__ot_all	background
CST6	3	0	ot_all	native_funmap	intogen_temporal_new__to__ot_all	background
PDAP1	3	0	ot_all	native_funmap	intogen_temporal_new__to__ot_all	background
MCCC1	3	0	ot_all	native_funmap	intogen_temporal_new__to__ot_all	background
FOS	3	0	ot_all	native_funmap	intogen_temporal_new__to__ot_all	background
CDIPT	3	0	ot_all	native_funmap	intogen_temporal_new__to__ot_all	background
COL1A1	3	0	ot_all	native_funmap	intogen_temporal_new__to__ot_all	background
ATG14	3	0	ot_all	native_funmap	intogen_temporal_new__to__ot_all	background
EEF1G	3	0	ot_all	native_funmap	intogen_temporal_new__to__ot_all	background
BLM	4	1	ot_all	native_funmap	intogen_temporal_new__to__ot_all	target
PSMD8	4	1	ot_all	native_funmap	intogen_temporal_new__to__ot_all	target
NEK9	4	1	ot_all	native_funmap	intogen_temporal_new__to__ot_all	target
HAX1	4	1	ot_all	native_funmap	intogen_temporal_new__to__ot_all	target
FGG	4	1	ot_all	native_funmap	intogen_temporal_new__to__ot_all	target
FAS	4	1	ot_all	native_funmap	intogen_temporal_new__to__ot_all	target
CASP8	4	1	ot_all	native_funmap	intogen_temporal_new__to__ot_all	target
PSMB5	4	1	ot_all	native_funmap	intogen_temporal_new__to__ot_all	target
EXO1	4	1	ot_all	native_funmap	intogen_temporal_new__to__ot_all	target
ESRP1	4	1	ot_all	native_funmap	intogen_temporal_new__to__ot_all	target
ERBB3	4	1	ot_all	native_funmap	intogen_temporal_new__to__ot_all	target
KIT	4	1	ot_all	native_funmap	intogen_temporal_new__to__ot_all	target
SOS1	4	1	ot_all	native_funmap	intogen_temporal_new__to__ot_all	target
ANTXR2	4	1	ot_all	native_funmap	intogen_temporal_new__to__ot_all	target
GART	4	1	ot_all	native_funmap	intogen_temporal_new__to__ot_all	target
PDGFRA	4	1	ot_all	native_funmap	intogen_temporal_new__to__ot_all	target
PTPN11	4	1	ot_all	native_funmap	intogen_temporal_new__to__ot_all	target
PSMB4	4	1	ot_all	native_funmap	intogen_temporal_new__to__ot_all	target
MSH6	4	1	ot_all	native_funmap	intogen_temporal_new__to__ot_all	target
SF3B1	4	1	ot_all	native_funmap	intogen_temporal_new__to__ot_all	target
PIK3R1	4	1	ot_all	native_funmap	intogen_temporal_new__to__ot_all	target
WRAP53	4	1	ot_all	native_funmap	intogen_temporal_new__to__ot_all	target
TNFRSF14	4	1	ot_all	native_funmap	intogen_temporal_new__to__ot_all	target
KIF5B	4	1	ot_all	native_funmap	intogen_temporal_new__to__ot_all	target
RBPJ	4	1	ot_all	native_funmap	intogen_temporal_new__to__ot_all	target
ITGA2B	4	1	ot_all	native_funmap	intogen_temporal_new__to__ot_all	target
ELP1	4	1	ot_all	native_funmap	intogen_temporal_new__to__ot_all	target
PBRM1	4	1	ot_all	native_funmap	intogen_temporal_new__to__ot_all	target
CDH1	4	1	ot_all	native_funmap	intogen_temporal_new__to__ot_all	target
WIPF1	4	1	ot_all	native_funmap	intogen_temporal_new__to__ot_all	target
CRIPT	4	1	ot_all	native_funmap	intogen_temporal_new__to__ot_all	target
AKR1C2	4	1	ot_all	native_funmap	intogen_temporal_new__to__ot_all	target
SDHC	4	1	ot_all	native_funmap	intogen_temporal_new__to__ot_all	target
CDK6	4	1	ot_all	native_funmap	intogen_temporal_new__to__ot_all	target
RBM10	4	1	ot_all	native_funmap	intogen_temporal_new__to__ot_all	target
CD74	4	1	ot_all	native_funmap	intogen_temporal_new__to__ot_all	target
POLA1	4	1	ot_all	native_funmap	intogen_temporal_new__to__ot_all	target
SHC1	4	1	ot_all	native_funmap	intogen_temporal_new__to__ot_all	target
CD33	4	1	ot_all	native_funmap	intogen_temporal_new__to__ot_all	target
XPO1	4	1	ot_all	native_funmap	intogen_temporal_new__to__ot_all	target
TOP2B	4	1	ot_all	native_funmap	intogen_temporal_new__to__ot_all	target
CLIP1	4	1	ot_all	native_funmap	intogen_temporal_new__to__ot_all	target
PIK3CD	4	1	ot_all	native_funmap	intogen_temporal_new__to__ot_all	target
FGF2	4	1	ot_all	native_funmap	intogen_temporal_new__to__ot_all	target
MAP2K2	4	1	ot_all	native_funmap	intogen_temporal_new__to__ot_all	target
TRIP11	4	1	ot_all	native_funmap	intogen_temporal_new__to__ot_all	target
ACTB	4	1	ot_all	native_funmap	intogen_temporal_new__to__ot_all	target
PSMB1	4	1	ot_all	native_funmap	intogen_temporal_new__to__ot_all	target
NBN	4	1	ot_all	native_funmap	intogen_temporal_new__to__ot_all	target
PSMA1	4	1	ot_all	native_funmap	intogen_temporal_new__to__ot_all	target
CUL4A	4	1	ot_all	native_funmap	intogen_temporal_new__to__ot_all	target
CTC1	4	1	ot_all	native_funmap	intogen_temporal_new__to__ot_all	target
GALNT12	4	1	ot_all	native_funmap	intogen_temporal_new__to__ot_all	target
CDKN1A	4	1	ot_all	native_funmap	intogen_temporal_new__to__ot_all	target
DDX3X	4	1	ot_all	native_funmap	intogen_temporal_new__to__ot_all	target
TXNRD1	4	1	ot_all	native_funmap	intogen_temporal_new__to__ot_all	target
KAT2A	4	1	ot_all	native_funmap	intogen_temporal_new__to__ot_all	target
POLE	4	1	ot_all	native_funmap	intogen_temporal_new__to__ot_all	target
BRCA2	4	1	ot_all	native_funmap	intogen_temporal_new__to__ot_all	target
CSK	4	1	ot_all	native_funmap	intogen_temporal_new__to__ot_all	target
WAS	4	1	ot_all	native_funmap	intogen_temporal_new__to__ot_all	target
ARRB2	4	1	ot_all	native_funmap	intogen_temporal_new__to__ot_all	target
FDPS	4	1	ot_all	native_funmap	intogen_temporal_new__to__ot_all	target
ERLIN2	4	1	ot_all	native_funmap	intogen_temporal_new__to__ot_all	target
NFE2L2	4	1	ot_all	native_funmap	intogen_temporal_new__to__ot_all	target
PRKAR1A	4	1	ot_all	native_funmap	intogen_temporal_new__to__ot_all	target
EP300	4	1	ot_all	native_funmap	intogen_temporal_new__to__ot_all	target
SRD5A3	4	1	ot_all	native_funmap	intogen_temporal_new__to__ot_all	target
PSMB9	4	1	ot_all	native_funmap	intogen_temporal_new__to__ot_all	target
MRE11	4	1	ot_all	native_funmap	intogen_temporal_new__to__ot_all	target
YES1	4	1	ot_all	native_funmap	intogen_temporal_new__to__ot_all	target
KRAS	4	1	ot_all	native_funmap	intogen_temporal_new__to__ot_all	target
PRIM2	4	1	ot_all	native_funmap	intogen_temporal_new__to__ot_all	target
GAB1	4	1	ot_all	native_funmap	intogen_temporal_new__to__ot_all	target
CCDC6	4	1	ot_all	native_funmap	intogen_temporal_new__to__ot_all	target
POLD2	4	1	ot_all	native_funmap	intogen_temporal_new__to__ot_all	target
ARID2	4	1	ot_all	native_funmap	intogen_temporal_new__to__ot_all	target
GATA2	4	1	ot_all	native_funmap	intogen_temporal_new__to__ot_all	target
PSMB8	4	1	ot_all	native_funmap	intogen_temporal_new__to__ot_all	target
ANAPC1	4	1	ot_all	native_funmap	intogen_temporal_new__to__ot_all	target
DDB1	4	1	ot_all	native_funmap	intogen_temporal_new__to__ot_all	target
KCND1	4	1	ot_all	native_funmap	intogen_temporal_new__to__ot_all	target
JAG1	4	1	ot_all	native_funmap	intogen_temporal_new__to__ot_all	target
NSD1	4	1	ot_all	native_funmap	intogen_temporal_new__to__ot_all	target
SMC5	4	1	ot_all	native_funmap	intogen_temporal_new__to__ot_all	target
CHD2	4	1	ot_all	native_funmap	intogen_temporal_new__to__ot_all	target
CDC37	4	1	ot_all	native_funmap	intogen_temporal_new__to__ot_all	target
HSP90AA1	4	1	ot_all	native_funmap	intogen_temporal_new__to__ot_all	target
DHFR	4	1	ot_all	native_funmap	intogen_temporal_new__to__ot_all	target
BCL9L	4	1	ot_all	native_funmap	intogen_temporal_new__to__ot_all	target
KMT2D	4	1	ot_all	native_funmap	intogen_temporal_new__to__ot_all	target
CDK12	4	1	ot_all	native_funmap	intogen_temporal_new__to__ot_all	target
ZFHX3	4	1	ot_all	native_funmap	intogen_temporal_new__to__ot_all	target
KCNA3	4	1	ot_all	native_funmap	intogen_temporal_new__to__ot_all	target
TOP2A	4	1	ot_all	native_funmap	intogen_temporal_new__to__ot_all	target
MAP2K1	4	1	ot_all	native_funmap	intogen_temporal_new__to__ot_all	target
TUBA1C	4	1	ot_all	native_funmap	intogen_temporal_new__to__ot_all	target
PSMC2	4	1	ot_all	native_funmap	intogen_temporal_new__to__ot_all	target
ATR	4	1	ot_all	native_funmap	intogen_temporal_new__to__ot_all	target
ERCC2	4	1	ot_all	native_funmap	intogen_temporal_new__to__ot_all	target
KDM6A	4	1	ot_all	native_funmap	intogen_temporal_new__to__ot_all	target
MT-CO1	4	1	ot_all	native_funmap	intogen_temporal_new__to__ot_all	target
LMNA	4	1	ot_all	native_funmap	intogen_temporal_new__to__ot_all	target
CPSF6	4	1	ot_all	native_funmap	intogen_temporal_new__to__ot_all	target
AXL	4	1	ot_all	native_funmap	intogen_temporal_new__to__ot_all	target
PSMD3	4	1	ot_all	native_funmap	intogen_temporal_new__to__ot_all	target
CREBBP	4	1	ot_all	native_funmap	intogen_temporal_new__to__ot_all	target
HAVCR2	4	1	ot_all	native_funmap	intogen_temporal_new__to__ot_all	target
TGFBR2	4	1	ot_all	native_funmap	intogen_temporal_new__to__ot_all	target
PRKN	4	1	ot_all	native_funmap	intogen_temporal_new__to__ot_all	target
SRD5A2	4	1	ot_all	native_funmap	intogen_temporal_new__to__ot_all	target
FGFR1OP2	4	1	ot_all	native_funmap	intogen_temporal_new__to__ot_all	target
HDAC2	4	1	ot_all	native_funmap	intogen_temporal_new__to__ot_all	target
RARG	4	1	ot_all	native_funmap	intogen_temporal_new__to__ot_all	target
STAT3	4	1	ot_all	native_funmap	intogen_temporal_new__to__ot_all	target
ARID1A	4	1	ot_all	native_funmap	intogen_temporal_new__to__ot_all	target
MAMLD1	4	1	ot_all	native_funmap	intogen_temporal_new__to__ot_all	target
JAG2	4	1	ot_all	native_funmap	intogen_temporal_new__to__ot_all	target
PSMB6	4	1	ot_all	native_funmap	intogen_temporal_new__to__ot_all	target
TRIM28	4	1	ot_all	native_funmap	intogen_temporal_new__to__ot_all	target
PSMD13	4	1	ot_all	native_funmap	intogen_temporal_new__to__ot_all	target
JAK1	4	1	ot_all	native_funmap	intogen_temporal_new__to__ot_all	target
TUBB4B	4	1	ot_all	native_funmap	intogen_temporal_new__to__ot_all	target
TYK2	4	1	ot_all	native_funmap	intogen_temporal_new__to__ot_all	target
SDC4	4	1	ot_all	native_funmap	intogen_temporal_new__to__ot_all	target
RAD51D	4	1	ot_all	native_funmap	intogen_temporal_new__to__ot_all	target
PSMD7	4	1	ot_all	native_funmap	intogen_temporal_new__to__ot_all	target
TRIM24	4	1	ot_all	native_funmap	intogen_temporal_new__to__ot_all	target
PSMD11	4	1	ot_all	native_funmap	intogen_temporal_new__to__ot_all	target
PSMA5	4	1	ot_all	native_funmap	intogen_temporal_new__to__ot_all	target
ETV6	4	1	ot_all	native_funmap	intogen_temporal_new__to__ot_all	target
MPRIP	4	1	ot_all	native_funmap	intogen_temporal_new__to__ot_all	target
POLD3	4	1	ot_all	native_funmap	intogen_temporal_new__to__ot_all	target
TUBB1	4	1	ot_all	native_funmap	intogen_temporal_new__to__ot_all	target
SNW1	4	1	ot_all	native_funmap	intogen_temporal_new__to__ot_all	target
PIK3CG	4	1	ot_all	native_funmap	intogen_temporal_new__to__ot_all	target
GALNT3	4	1	ot_all	native_funmap	intogen_temporal_new__to__ot_all	target
TLN1	4	1	ot_all	native_funmap	intogen_temporal_new__to__ot_all	target
RECQL4	4	1	ot_all	native_funmap	intogen_temporal_new__to__ot_all	target
ESR1	4	1	ot_all	native_funmap	intogen_temporal_new__to__ot_all	target
PGR	4	1	ot_all	native_funmap	intogen_temporal_new__to__ot_all	target
PLCG1	4	1	ot_all	native_funmap	intogen_temporal_new__to__ot_all	target
NOTCH1	4	1	ot_all	native_funmap	intogen_temporal_new__to__ot_all	target
LCK	4	1	ot_all	native_funmap	intogen_temporal_new__to__ot_all	target
AIP	4	1	ot_all	native_funmap	intogen_temporal_new__to__ot_all	target
NTRK3	4	1	ot_all	native_funmap	intogen_temporal_new__to__ot_all	target
PSMC6	4	1	ot_all	native_funmap	intogen_temporal_new__to__ot_all	target
PMS2	4	1	ot_all	native_funmap	intogen_temporal_new__to__ot_all	target
EXT1	4	1	ot_all	native_funmap	intogen_temporal_new__to__ot_all	target
NPM1	4	1	ot_all	native_funmap	intogen_temporal_new__to__ot_all	target
FGB	4	1	ot_all	native_funmap	intogen_temporal_new__to__ot_all	target
PSMD14	4	1	ot_all	native_funmap	intogen_temporal_new__to__ot_all	target
ABL1	4	1	ot_all	native_funmap	intogen_temporal_new__to__ot_all	target
POLD1	4	1	ot_all	native_funmap	intogen_temporal_new__to__ot_all	target
PPAT	4	1	ot_all	native_funmap	intogen_temporal_new__to__ot_all	target
TP53	4	1	ot_all	native_funmap	intogen_temporal_new__to__ot_all	target
TACSTD2	4	1	ot_all	native_funmap	intogen_temporal_new__to__ot_all	target
CYLD	4	1	ot_all	native_funmap	intogen_temporal_new__to__ot_all	target
FLCN	4	1	ot_all	native_funmap	intogen_temporal_new__to__ot_all	target
DLST	4	1	ot_all	native_funmap	intogen_temporal_new__to__ot_all	target
TNFRSF17	4	1	ot_all	native_funmap	intogen_temporal_new__to__ot_all	target
NTHL1	4	1	ot_all	native_funmap	intogen_temporal_new__to__ot_all	target
TUBB8	4	1	ot_all	native_funmap	intogen_temporal_new__to__ot_all	target
PSMA7	4	1	ot_all	native_funmap	intogen_temporal_new__to__ot_all	target
SDHAF2	4	1	ot_all	native_funmap	intogen_temporal_new__to__ot_all	target
SLC25A11	4	1	ot_all	native_funmap	intogen_temporal_new__to__ot_all	target
SMARCB1	4	1	ot_all	native_funmap	intogen_temporal_new__to__ot_all	target
PARN	4	1	ot_all	native_funmap	intogen_temporal_new__to__ot_all	target
VEGFA	4	1	ot_all	native_funmap	intogen_temporal_new__to__ot_all	target
FRK	4	1	ot_all	native_funmap	intogen_temporal_new__to__ot_all	target
PTEN	4	1	ot_all	native_funmap	intogen_temporal_new__to__ot_all	target
PRIM1	4	1	ot_all	native_funmap	intogen_temporal_new__to__ot_all	target
RAF1	4	1	ot_all	native_funmap	intogen_temporal_new__to__ot_all	target
BUB1B	4	1	ot_all	native_funmap	intogen_temporal_new__to__ot_all	target
EXT2	4	1	ot_all	native_funmap	intogen_temporal_new__to__ot_all	target
DNMT1	4	1	ot_all	native_funmap	intogen_temporal_new__to__ot_all	target
EPCAM	4	1	ot_all	native_funmap	intogen_temporal_new__to__ot_all	target
ELAC2	4	1	ot_all	native_funmap	intogen_temporal_new__to__ot_all	target
ATRX	4	1	ot_all	native_funmap	intogen_temporal_new__to__ot_all	target
PSMD12	4	1	ot_all	native_funmap	intogen_temporal_new__to__ot_all	target
RAD51C	4	1	ot_all	native_funmap	intogen_temporal_new__to__ot_all	target
POT1	4	1	ot_all	native_funmap	intogen_temporal_new__to__ot_all	target
AKT3	4	1	ot_all	native_funmap	intogen_temporal_new__to__ot_all	target
PIK3CA	4	1	ot_all	native_funmap	intogen_temporal_new__to__ot_all	target
TNFRSF8	4	1	ot_all	native_funmap	intogen_temporal_new__to__ot_all	target
TBL1XR1	4	1	ot_all	native_funmap	intogen_temporal_new__to__ot_all	target
CXCR4	4	1	ot_all	native_funmap	intogen_temporal_new__to__ot_all	target
PSMD6	4	1	ot_all	native_funmap	intogen_temporal_new__to__ot_all	target
SPTBN1	4	1	ot_all	native_funmap	intogen_temporal_new__to__ot_all	target
EZH2	4	1	ot_all	native_funmap	intogen_temporal_new__to__ot_all	target
FGF7	4	1	ot_all	native_funmap	intogen_temporal_new__to__ot_all	target
MSH3	4	1	ot_all	native_funmap	intogen_temporal_new__to__ot_all	target
ATIC	4	1	ot_all	native_funmap	intogen_temporal_new__to__ot_all	target
MS4A1	4	1	ot_all	native_funmap	intogen_temporal_new__to__ot_all	target
JAK3	4	1	ot_all	native_funmap	intogen_temporal_new__to__ot_all	target
CD22	4	1	ot_all	native_funmap	intogen_temporal_new__to__ot_all	target
KDR	4	1	ot_all	native_funmap	intogen_temporal_new__to__ot_all	target
NHP2	4	1	ot_all	native_funmap	intogen_temporal_new__to__ot_all	target
KCNC4	4	1	ot_all	native_funmap	intogen_temporal_new__to__ot_all	target
NSDHL	4	1	ot_all	native_funmap	intogen_temporal_new__to__ot_all	target
CDH11	4	1	ot_all	native_funmap	intogen_temporal_new__to__ot_all	target
TCF7L2	4	1	ot_all	native_funmap	intogen_temporal_new__to__ot_all	target
FTO	4	1	ot_all	native_funmap	intogen_temporal_new__to__ot_all	target
DLL4	4	1	ot_all	native_funmap	intogen_temporal_new__to__ot_all	target
SLF2	4	1	ot_all	native_funmap	intogen_temporal_new__to__ot_all	target
IKZF1	4	1	ot_all	native_funmap	intogen_temporal_new__to__ot_all	target
MTAP	4	1	ot_all	native_funmap	intogen_temporal_new__to__ot_all	target
IDH2	4	1	ot_all	native_funmap	intogen_temporal_new__to__ot_all	target
PSMA3	4	1	ot_all	native_funmap	intogen_temporal_new__to__ot_all	target
DCLRE1C	4	1	ot_all	native_funmap	intogen_temporal_new__to__ot_all	target
LATS2	4	1	ot_all	native_funmap	intogen_temporal_new__to__ot_all	target
GRB2	4	1	ot_all	native_funmap	intogen_temporal_new__to__ot_all	target
HDAC6	4	1	ot_all	native_funmap	intogen_temporal_new__to__ot_all	target
DNMT3A	4	1	ot_all	native_funmap	intogen_temporal_new__to__ot_all	target
RTEL1	4	1	ot_all	native_funmap	intogen_temporal_new__to__ot_all	target
PARP3	4	1	ot_all	native_funmap	intogen_temporal_new__to__ot_all	target
IRF1	4	1	ot_all	native_funmap	intogen_temporal_new__to__ot_all	target
PSMB3	4	1	ot_all	native_funmap	intogen_temporal_new__to__ot_all	target
ING1	4	1	ot_all	native_funmap	intogen_temporal_new__to__ot_all	target
CDC73	4	1	ot_all	native_funmap	intogen_temporal_new__to__ot_all	target
PSMA6	4	1	ot_all	native_funmap	intogen_temporal_new__to__ot_all	target
MARK3	4	1	ot_all	native_funmap	intogen_temporal_new__to__ot_all	target
FGR	4	1	ot_all	native_funmap	intogen_temporal_new__to__ot_all	target
H3-3A	4	1	ot_all	native_funmap	intogen_temporal_new__to__ot_all	target
GNAS	4	1	ot_all	native_funmap	intogen_temporal_new__to__ot_all	target
VHL	4	1	ot_all	native_funmap	intogen_temporal_new__to__ot_all	target
IRF4	4	1	ot_all	native_funmap	intogen_temporal_new__to__ot_all	target
POLE2	4	1	ot_all	native_funmap	intogen_temporal_new__to__ot_all	target
DKC1	4	1	ot_all	native_funmap	intogen_temporal_new__to__ot_all	target
ATM	4	1	ot_all	native_funmap	intogen_temporal_new__to__ot_all	target
NFIA	4	1	ot_all	native_funmap	intogen_temporal_new__to__ot_all	target
CASP10	4	1	ot_all	native_funmap	intogen_temporal_new__to__ot_all	target
DNA2	4	1	ot_all	native_funmap	intogen_temporal_new__to__ot_all	target
DICER1	4	1	ot_all	native_funmap	intogen_temporal_new__to__ot_all	target
BRCA1	4	1	ot_all	native_funmap	intogen_temporal_new__to__ot_all	target
SMARCE1	4	1	ot_all	native_funmap	intogen_temporal_new__to__ot_all	target
FLT1	4	1	ot_all	native_funmap	intogen_temporal_new__to__ot_all	target
ACTG1	4	1	ot_all	native_funmap	intogen_temporal_new__to__ot_all	target
CBL	4	1	ot_all	native_funmap	intogen_temporal_new__to__ot_all	target
LZTR1	4	1	ot_all	native_funmap	intogen_temporal_new__to__ot_all	target
MSH2	4	1	ot_all	native_funmap	intogen_temporal_new__to__ot_all	target
PSMB2	4	1	ot_all	native_funmap	intogen_temporal_new__to__ot_all	target
FXR1	4	1	ot_all	native_funmap	intogen_temporal_new__to__ot_all	target
GOLGB1	4	1	ot_all	native_funmap	intogen_temporal_new__to__ot_all	target
SETD2	4	1	ot_all	native_funmap	intogen_temporal_new__to__ot_all	target
NF2	4	1	ot_all	native_funmap	intogen_temporal_new__to__ot_all	target
BCR	4	1	ot_all	native_funmap	intogen_temporal_new__to__ot_all	target
PSMB7	4	1	ot_all	native_funmap	intogen_temporal_new__to__ot_all	target
PSMC1	4	1	ot_all	native_funmap	intogen_temporal_new__to__ot_all	target
ARRB1	4	1	ot_all	native_funmap	intogen_temporal_new__to__ot_all	target
PSMC3	4	1	ot_all	native_funmap	intogen_temporal_new__to__ot_all	target
RRM2	4	1	ot_all	native_funmap	intogen_temporal_new__to__ot_all	target
LRRFIP1	4	1	ot_all	native_funmap	intogen_temporal_new__to__ot_all	target
ERBB2	4	1	ot_all	native_funmap	intogen_temporal_new__to__ot_all	target
FBXO11	4	1	ot_all	native_funmap	intogen_temporal_new__to__ot_all	target
PSMA4	4	1	ot_all	native_funmap	intogen_temporal_new__to__ot_all	target
NF1	4	1	ot_all	native_funmap	intogen_temporal_new__to__ot_all	target
AMER1	4	1	ot_all	native_funmap	intogen_temporal_new__to__ot_all	target
DDX41	4	1	ot_all	native_funmap	intogen_temporal_new__to__ot_all	target
PARP2	4	1	ot_all	native_funmap	intogen_temporal_new__to__ot_all	target
CUX1	4	1	ot_all	native_funmap	intogen_temporal_new__to__ot_all	target
TSC2	4	1	ot_all	native_funmap	intogen_temporal_new__to__ot_all	target
MUTYH	4	1	ot_all	native_funmap	intogen_temporal_new__to__ot_all	target
FGA	4	1	ot_all	native_funmap	intogen_temporal_new__to__ot_all	target
IDH1	4	1	ot_all	native_funmap	intogen_temporal_new__to__ot_all	target
SRSF2	4	1	ot_all	native_funmap	intogen_temporal_new__to__ot_all	target
PSMC4	4	1	ot_all	native_funmap	intogen_temporal_new__to__ot_all	target
MST1R	4	1	ot_all	native_funmap	intogen_temporal_new__to__ot_all	target
BTK	4	1	ot_all	native_funmap	intogen_temporal_new__to__ot_all	target
TRIP13	4	1	ot_all	native_funmap	intogen_temporal_new__to__ot_all	target
ASXL1	4	1	ot_all	native_funmap	intogen_temporal_new__to__ot_all	target
CRBN	4	1	ot_all	native_funmap	intogen_temporal_new__to__ot_all	target
TUBB	4	1	ot_all	native_funmap	intogen_temporal_new__to__ot_all	target
FYN	4	1	ot_all	native_funmap	intogen_temporal_new__to__ot_all	target
KRT4	4	1	ot_all	native_funmap	intogen_temporal_new__to__ot_all	target
TUBB6	4	1	ot_all	native_funmap	intogen_temporal_new__to__ot_all	target
ERBIN	4	1	ot_all	native_funmap	intogen_temporal_new__to__ot_all	target
JAK2	4	1	ot_all	native_funmap	intogen_temporal_new__to__ot_all	target
ENG	4	1	ot_all	native_funmap	intogen_temporal_new__to__ot_all	target
STK11	4	1	ot_all	native_funmap	intogen_temporal_new__to__ot_all	target
VCL	4	1	ot_all	native_funmap	intogen_temporal_new__to__ot_all	target
PPP6C	4	1	ot_all	native_funmap	intogen_temporal_new__to__ot_all	target
LAG3	4	1	ot_all	native_funmap	intogen_temporal_new__to__ot_all	target
TSC1	4	1	ot_all	native_funmap	intogen_temporal_new__to__ot_all	target
EGFR	4	1	ot_all	native_funmap	intogen_temporal_new__to__ot_all	target
AXIN1	4	1	ot_all	native_funmap	intogen_temporal_new__to__ot_all	target
CDH23	4	1	ot_all	native_funmap	intogen_temporal_new__to__ot_all	target
NOP10	4	1	ot_all	native_funmap	intogen_temporal_new__to__ot_all	target
PSMD2	4	1	ot_all	native_funmap	intogen_temporal_new__to__ot_all	target
SLAMF7	4	1	ot_all	native_funmap	intogen_temporal_new__to__ot_all	target
TLR7	4	1	ot_all	native_funmap	intogen_temporal_new__to__ot_all	target
PDGFRB	4	1	ot_all	native_funmap	intogen_temporal_new__to__ot_all	target
FH	4	1	ot_all	native_funmap	intogen_temporal_new__to__ot_all	target
IQGAP1	4	1	ot_all	native_funmap	intogen_temporal_new__to__ot_all	target
NRAS	4	1	ot_all	native_funmap	intogen_temporal_new__to__ot_all	target
RARA	4	1	ot_all	native_funmap	intogen_temporal_new__to__ot_all	target
KMT2C	4	1	ot_all	native_funmap	intogen_temporal_new__to__ot_all	target
FN1	4	1	ot_all	native_funmap	intogen_temporal_new__to__ot_all	target
ELMO2	4	1	ot_all	native_funmap	intogen_temporal_new__to__ot_all	target
MLH1	4	1	ot_all	native_funmap	intogen_temporal_new__to__ot_all	target
APBB1IP	4	1	ot_all	native_funmap	intogen_temporal_new__to__ot_all	target
AXIN2	4	1	ot_all	native_funmap	intogen_temporal_new__to__ot_all	target
BMPR1A	4	1	ot_all	native_funmap	intogen_temporal_new__to__ot_all	target
MAPK1	4	1	ot_all	native_funmap	intogen_temporal_new__to__ot_all	target
EPHA2	4	1	ot_all	native_funmap	intogen_temporal_new__to__ot_all	target
HDAC1	4	1	ot_all	native_funmap	intogen_temporal_new__to__ot_all	target
SDHB	4	1	ot_all	native_funmap	intogen_temporal_new__to__ot_all	target
RRM1	4	1	ot_all	native_funmap	intogen_temporal_new__to__ot_all	target
RAP1A	4	1	ot_all	native_funmap	intogen_temporal_new__to__ot_all	target
AKT1	4	1	ot_all	native_funmap	intogen_temporal_new__to__ot_all	target
FLT4	4	1	ot_all	native_funmap	intogen_temporal_new__to__ot_all	target
KEAP1	4	1	ot_all	native_funmap	intogen_temporal_new__to__ot_all	target
ITGB3	4	1	ot_all	native_funmap	intogen_temporal_new__to__ot_all	target
AKT2	4	1	ot_all	native_funmap	intogen_temporal_new__to__ot_all	target
EPHA3	4	1	ot_all	native_funmap	intogen_temporal_new__to__ot_all	target
BRIP1	4	1	ot_all	native_funmap	intogen_temporal_new__to__ot_all	target
RRM2B	4	1	ot_all	native_funmap	intogen_temporal_new__to__ot_all	target
SDHD	4	1	ot_all	native_funmap	intogen_temporal_new__to__ot_all	target
SAMD9L	4	1	ot_all	native_funmap	intogen_temporal_new__to__ot_all	target
VWF	4	1	ot_all	native_funmap	intogen_temporal_new__to__ot_all	target
MYC	4	1	ot_all	native_funmap	intogen_temporal_new__to__ot_all	target
TUBA4A	4	1	ot_all	native_funmap	intogen_temporal_new__to__ot_all	target
MAML1	4	1	ot_all	native_funmap	intogen_temporal_new__to__ot_all	target
NOTCH3	4	1	ot_all	native_funmap	intogen_temporal_new__to__ot_all	target
MFN2	4	1	ot_all	native_funmap	intogen_temporal_new__to__ot_all	target
BAG4	4	1	ot_all	native_funmap	intogen_temporal_new__to__ot_all	target
TP63	4	1	ot_all	native_funmap	intogen_temporal_new__to__ot_all	target
KDM5C	4	1	ot_all	native_funmap	intogen_temporal_new__to__ot_all	target
MYD88	4	1	ot_all	native_funmap	intogen_temporal_new__to__ot_all	target
SH3BP2	4	1	ot_all	native_funmap	intogen_temporal_new__to__ot_all	target
PRKCD	4	1	ot_all	native_funmap	intogen_temporal_new__to__ot_all	target
PSMB10	4	1	ot_all	native_funmap	intogen_temporal_new__to__ot_all	target
ADRM1	4	1	ot_all	native_funmap	intogen_temporal_new__to__ot_all	target
YWHAB	4	1	ot_all	native_funmap	intogen_temporal_new__to__ot_all	target
PSMD1	4	1	ot_all	native_funmap	intogen_temporal_new__to__ot_all	target
MAX	4	1	ot_all	native_funmap	intogen_temporal_new__to__ot_all	target
CD38	4	1	ot_all	native_funmap	intogen_temporal_new__to__ot_all	target
PDE3A	4	1	ot_all	native_funmap	intogen_temporal_new__to__ot_all	target
PSMD4	4	1	ot_all	native_funmap	intogen_temporal_new__to__ot_all	target
POLA2	4	1	ot_all	native_funmap	intogen_temporal_new__to__ot_all	target
PARP1	4	1	ot_all	native_funmap	intogen_temporal_new__to__ot_all	target
RBX1	4	1	ot_all	native_funmap	intogen_temporal_new__to__ot_all	target
CD3D	4	1	ot_all	native_funmap	intogen_temporal_new__to__ot_all	target
CHEK2	4	1	ot_all	native_funmap	intogen_temporal_new__to__ot_all	target
SAMD9	4	1	ot_all	native_funmap	intogen_temporal_new__to__ot_all	target
MAPK8	4	1	ot_all	native_funmap	intogen_temporal_new__to__ot_all	target
TYMS	4	1	ot_all	native_funmap	intogen_temporal_new__to__ot_all	target
GATA3	4	1	ot_all	native_funmap	intogen_temporal_new__to__ot_all	target
PDE5A	4	1	ot_all	native_funmap	intogen_temporal_new__to__ot_all	target
PRKCB	4	1	ot_all	native_funmap	intogen_temporal_new__to__ot_all	target
TFG	4	1	ot_all	native_funmap	intogen_temporal_new__to__ot_all	target
QKI	4	1	ot_all	native_funmap	intogen_temporal_new__to__ot_all	target
CD19	4	1	ot_all	native_funmap	intogen_temporal_new__to__ot_all	target
TEK	4	1	ot_all	native_funmap	intogen_temporal_new__to__ot_all	target
CTNNB1	4	1	ot_all	native_funmap	intogen_temporal_new__to__ot_all	target
SMAD4	4	1	ot_all	native_funmap	intogen_temporal_new__to__ot_all	target
TOP1	4	1	ot_all	native_funmap	intogen_temporal_new__to__ot_all	target
CD3E	4	1	ot_all	native_funmap	intogen_temporal_new__to__ot_all	target
CLTC	4	1	ot_all	native_funmap	intogen_temporal_new__to__ot_all	target
SPRTN	4	1	ot_all	native_funmap	intogen_temporal_new__to__ot_all	target
PSMC5	4	1	ot_all	native_funmap	intogen_temporal_new__to__ot_all	target
SMARCA4	4	1	ot_all	native_funmap	intogen_temporal_new__to__ot_all	target
MEN1	4	1	ot_all	native_funmap	intogen_temporal_new__to__ot_all	target
CEP57	4	1	ot_all	native_funmap	intogen_temporal_new__to__ot_all	target
HDAC3	4	1	ot_all	native_funmap	intogen_temporal_new__to__ot_all	target
CALR	4	1	ot_all	native_funmap	intogen_temporal_new__to__ot_all	target
XPA	4	1	ot_all	native_funmap	intogen_temporal_new__to__ot_all	target
KRT13	4	1	ot_all	native_funmap	intogen_temporal_new__to__ot_all	target
PIK3CB	4	1	ot_all	native_funmap	intogen_temporal_new__to__ot_all	target
STAT5A	4	1	ot_all	native_funmap	intogen_temporal_new__to__ot_all	target
CD3G	4	1	ot_all	native_funmap	intogen_temporal_new__to__ot_all	target
POLE3	4	1	ot_all	native_funmap	intogen_temporal_new__to__ot_all	target
RB1	4	1	ot_all	native_funmap	intogen_temporal_new__to__ot_all	target
ITK	4	1	ot_all	native_funmap	intogen_temporal_new__to__ot_all	target
FANCD2	4	1	ot_all	native_funmap	intogen_temporal_new__to__ot_all	target
TGFB1	4	1	ot_all	native_funmap	intogen_temporal_new__to__ot_all	target
HCK	4	1	ot_all	native_funmap	intogen_temporal_new__to__ot_all	target
SLC44A1	4	0	ot_all	native_funmap	intogen_temporal_new__to__ot_all	background
OTC	4	0	ot_all	native_funmap	intogen_temporal_new__to__ot_all	background
MND1	4	0	ot_all	native_funmap	intogen_temporal_new__to__ot_all	background
CP	4	0	ot_all	native_funmap	intogen_temporal_new__to__ot_all	background
PCDH17	4	0	ot_all	native_funmap	intogen_temporal_new__to__ot_all	background
RPS6KA4	4	0	ot_all	native_funmap	intogen_temporal_new__to__ot_all	background
RHOT1	4	0	ot_all	native_funmap	intogen_temporal_new__to__ot_all	background
ELP6	4	0	ot_all	native_funmap	intogen_temporal_new__to__ot_all	background
GMPPB	4	0	ot_all	native_funmap	intogen_temporal_new__to__ot_all	background
AASDHPPT	4	0	ot_all	native_funmap	intogen_temporal_new__to__ot_all	background
IL18	4	0	ot_all	native_funmap	intogen_temporal_new__to__ot_all	background
HLA-B	4	0	ot_all	native_funmap	intogen_temporal_new__to__ot_all	background
HUS1	4	0	ot_all	native_funmap	intogen_temporal_new__to__ot_all	background
LSM14B	4	0	ot_all	native_funmap	intogen_temporal_new__to__ot_all	background
ASF1A	4	0	ot_all	native_funmap	intogen_temporal_new__to__ot_all	background
HMCES	4	0	ot_all	native_funmap	intogen_temporal_new__to__ot_all	background
CENPF	4	0	ot_all	native_funmap	intogen_temporal_new__to__ot_all	background
NDFIP2	4	0	ot_all	native_funmap	intogen_temporal_new__to__ot_all	background
PPL	4	0	ot_all	native_funmap	intogen_temporal_new__to__ot_all	background
RPL10	4	0	ot_all	native_funmap	intogen_temporal_new__to__ot_all	background
ABHD6	4	0	ot_all	native_funmap	intogen_temporal_new__to__ot_all	background
LAMC1	4	0	ot_all	native_funmap	intogen_temporal_new__to__ot_all	background
PHF3	4	0	ot_all	native_funmap	intogen_temporal_new__to__ot_all	background
NECAP2	4	0	ot_all	native_funmap	intogen_temporal_new__to__ot_all	background
EIF3F	4	0	ot_all	native_funmap	intogen_temporal_new__to__ot_all	background
TMED5	4	0	ot_all	native_funmap	intogen_temporal_new__to__ot_all	background
CCDC22	4	0	ot_all	native_funmap	intogen_temporal_new__to__ot_all	background
RPRD2	4	0	ot_all	native_funmap	intogen_temporal_new__to__ot_all	background
CD2AP	4	0	ot_all	native_funmap	intogen_temporal_new__to__ot_all	background
INPP5K	4	0	ot_all	native_funmap	intogen_temporal_new__to__ot_all	background
RCC1L	4	0	ot_all	native_funmap	intogen_temporal_new__to__ot_all	background
LYSMD1	4	0	ot_all	native_funmap	intogen_temporal_new__to__ot_all	background
CENPJ	4	0	ot_all	native_funmap	intogen_temporal_new__to__ot_all	background
CAMK4	4	0	ot_all	native_funmap	intogen_temporal_new__to__ot_all	background
MT2A	4	0	ot_all	native_funmap	intogen_temporal_new__to__ot_all	background
CYGB	4	0	ot_all	native_funmap	intogen_temporal_new__to__ot_all	background
AAMDC	4	0	ot_all	native_funmap	intogen_temporal_new__to__ot_all	background
GPR183	4	0	ot_all	native_funmap	intogen_temporal_new__to__ot_all	background
CBR1	4	0	ot_all	native_funmap	intogen_temporal_new__to__ot_all	background
ALMS1	4	0	ot_all	native_funmap	intogen_temporal_new__to__ot_all	background
ATP6V0D2	4	0	ot_all	native_funmap	intogen_temporal_new__to__ot_all	background
CLUAP1	4	0	ot_all	native_funmap	intogen_temporal_new__to__ot_all	background
PRELID3B	4	0	ot_all	native_funmap	intogen_temporal_new__to__ot_all	background
EIF4A3	4	0	ot_all	native_funmap	intogen_temporal_new__to__ot_all	background
LGALS4	4	0	ot_all	native_funmap	intogen_temporal_new__to__ot_all	background
SEMA4A	4	0	ot_all	native_funmap	intogen_temporal_new__to__ot_all	background
SCCPDH	4	0	ot_all	native_funmap	intogen_temporal_new__to__ot_all	background
CNTFR	4	0	ot_all	native_funmap	intogen_temporal_new__to__ot_all	background
WDFY2	4	0	ot_all	native_funmap	intogen_temporal_new__to__ot_all	background
VILL	4	0	ot_all	native_funmap	intogen_temporal_new__to__ot_all	background
RBM14	4	0	ot_all	native_funmap	intogen_temporal_new__to__ot_all	background
C1orf116	4	0	ot_all	native_funmap	intogen_temporal_new__to__ot_all	background
AURKA	4	0	ot_all	native_funmap	intogen_temporal_new__to__ot_all	background
NEMP1	4	0	ot_all	native_funmap	intogen_temporal_new__to__ot_all	background
BLNK	4	0	ot_all	native_funmap	intogen_temporal_new__to__ot_all	background
HRG	4	0	ot_all	native_funmap	intogen_temporal_new__to__ot_all	background
PARVG	4	0	ot_all	native_funmap	intogen_temporal_new__to__ot_all	background
CLEC1B	4	0	ot_all	native_funmap	intogen_temporal_new__to__ot_all	background
THOP1	4	0	ot_all	native_funmap	intogen_temporal_new__to__ot_all	background
RBMS2	4	0	ot_all	native_funmap	intogen_temporal_new__to__ot_all	background
SLC41A1	4	0	ot_all	native_funmap	intogen_temporal_new__to__ot_all	background
PLEKHA2	4	0	ot_all	native_funmap	intogen_temporal_new__to__ot_all	background
PDCD10	4	0	ot_all	native_funmap	intogen_temporal_new__to__ot_all	background
XPOT	4	0	ot_all	native_funmap	intogen_temporal_new__to__ot_all	background
NCKAP1L	4	0	ot_all	native_funmap	intogen_temporal_new__to__ot_all	background
FRA10AC1	4	0	ot_all	native_funmap	intogen_temporal_new__to__ot_all	background
CLTRN	4	0	ot_all	native_funmap	intogen_temporal_new__to__ot_all	background
TTC39A	4	0	ot_all	native_funmap	intogen_temporal_new__to__ot_all	background
HNMT	4	0	ot_all	native_funmap	intogen_temporal_new__to__ot_all	background
STOML2	4	0	ot_all	native_funmap	intogen_temporal_new__to__ot_all	background
TECR	4	0	ot_all	native_funmap	intogen_temporal_new__to__ot_all	background
LASP1	4	0	ot_all	native_funmap	intogen_temporal_new__to__ot_all	background
PRRC1	4	0	ot_all	native_funmap	intogen_temporal_new__to__ot_all	background
SNTB2	4	0	ot_all	native_funmap	intogen_temporal_new__to__ot_all	background
C4orf48	4	0	ot_all	native_funmap	intogen_temporal_new__to__ot_all	background
CXorf38	4	0	ot_all	native_funmap	intogen_temporal_new__to__ot_all	background
LRFN4	4	0	ot_all	native_funmap	intogen_temporal_new__to__ot_all	background
PPP1R9A	4	0	ot_all	native_funmap	intogen_temporal_new__to__ot_all	background
ZNF777	4	0	ot_all	native_funmap	intogen_temporal_new__to__ot_all	background
FAM3B	4	0	ot_all	native_funmap	intogen_temporal_new__to__ot_all	background
NME9	4	0	ot_all	native_funmap	intogen_temporal_new__to__ot_all	background
CCT6B	4	0	ot_all	native_funmap	intogen_temporal_new__to__ot_all	background
DNAL4	4	0	ot_all	native_funmap	intogen_temporal_new__to__ot_all	background
UBR5	4	0	ot_all	native_funmap	intogen_temporal_new__to__ot_all	background
CD1A	4	0	ot_all	native_funmap	intogen_temporal_new__to__ot_all	background
RAB14	4	0	ot_all	native_funmap	intogen_temporal_new__to__ot_all	background
HIBCH	4	0	ot_all	native_funmap	intogen_temporal_new__to__ot_all	background
SUGP2	4	0	ot_all	native_funmap	intogen_temporal_new__to__ot_all	background
SLC12A9	4	0	ot_all	native_funmap	intogen_temporal_new__to__ot_all	background
NAT1	4	0	ot_all	native_funmap	intogen_temporal_new__to__ot_all	background
LSM6	4	0	ot_all	native_funmap	intogen_temporal_new__to__ot_all	background
OAS1	4	0	ot_all	native_funmap	intogen_temporal_new__to__ot_all	background
KHK	4	0	ot_all	native_funmap	intogen_temporal_new__to__ot_all	background
WARS1	4	0	ot_all	native_funmap	intogen_temporal_new__to__ot_all	background
CHUK	4	0	ot_all	native_funmap	intogen_temporal_new__to__ot_all	background
CAMK2A	4	0	ot_all	native_funmap	intogen_temporal_new__to__ot_all	background
IGHD	4	0	ot_all	native_funmap	intogen_temporal_new__to__ot_all	background
TNK2	4	0	ot_all	native_funmap	intogen_temporal_new__to__ot_all	background
CITED2	4	0	ot_all	native_funmap	intogen_temporal_new__to__ot_all	background
MGAM	4	0	ot_all	native_funmap	intogen_temporal_new__to__ot_all	background
TRMT11	4	0	ot_all	native_funmap	intogen_temporal_new__to__ot_all	background
NUP88	4	0	ot_all	native_funmap	intogen_temporal_new__to__ot_all	background
GTPBP8	4	0	ot_all	native_funmap	intogen_temporal_new__to__ot_all	background
TSN	4	0	ot_all	native_funmap	intogen_temporal_new__to__ot_all	background
TNNI2	4	0	ot_all	native_funmap	intogen_temporal_new__to__ot_all	background
B4GALT3	4	0	ot_all	native_funmap	intogen_temporal_new__to__ot_all	background
ATXN7L3	4	0	ot_all	native_funmap	intogen_temporal_new__to__ot_all	background
ZNF423	4	0	ot_all	native_funmap	intogen_temporal_new__to__ot_all	background
IGFL1	4	0	ot_all	native_funmap	intogen_temporal_new__to__ot_all	background
CFAP77	4	0	ot_all	native_funmap	intogen_temporal_new__to__ot_all	background
PGP	4	0	ot_all	native_funmap	intogen_temporal_new__to__ot_all	background
ORMDL1	4	0	ot_all	native_funmap	intogen_temporal_new__to__ot_all	background
AC092835.1	4	0	ot_all	native_funmap	intogen_temporal_new__to__ot_all	background
IGF1R	4	0	ot_all	native_funmap	intogen_temporal_new__to__ot_all	background
ZNF250	4	0	ot_all	native_funmap	intogen_temporal_new__to__ot_all	background
IQGAP2	4	0	ot_all	native_funmap	intogen_temporal_new__to__ot_all	background
PRR4	4	0	ot_all	native_funmap	intogen_temporal_new__to__ot_all	background
COL28A1	4	0	ot_all	native_funmap	intogen_temporal_new__to__ot_all	background
ITIH2	4	0	ot_all	native_funmap	intogen_temporal_new__to__ot_all	background
PRDM15	4	0	ot_all	native_funmap	intogen_temporal_new__to__ot_all	background
RUVBL1	4	0	ot_all	native_funmap	intogen_temporal_new__to__ot_all	background
EDNRA	4	0	ot_all	native_funmap	intogen_temporal_new__to__ot_all	background
OGA	4	0	ot_all	native_funmap	intogen_temporal_new__to__ot_all	background
MTMR12	4	0	ot_all	native_funmap	intogen_temporal_new__to__ot_all	background
KIAA0408	4	0	ot_all	native_funmap	intogen_temporal_new__to__ot_all	background
HINT2	4	0	ot_all	native_funmap	intogen_temporal_new__to__ot_all	background
GPR84	4	0	ot_all	native_funmap	intogen_temporal_new__to__ot_all	background
KIF9	4	0	ot_all	native_funmap	intogen_temporal_new__to__ot_all	background
PRKD2	4	0	ot_all	native_funmap	intogen_temporal_new__to__ot_all	background
VPS37A	4	0	ot_all	native_funmap	intogen_temporal_new__to__ot_all	background
HAUS8	4	0	ot_all	native_funmap	intogen_temporal_new__to__ot_all	background
OGDH	4	0	ot_all	native_funmap	intogen_temporal_new__to__ot_all	background
PTPRCAP	4	0	ot_all	native_funmap	intogen_temporal_new__to__ot_all	background
GRTP1	4	0	ot_all	native_funmap	intogen_temporal_new__to__ot_all	background
ATF3	4	0	ot_all	native_funmap	intogen_temporal_new__to__ot_all	background
SCYL3	4	0	ot_all	native_funmap	intogen_temporal_new__to__ot_all	background
LGALS3BP	4	0	ot_all	native_funmap	intogen_temporal_new__to__ot_all	background
FBXL4	4	0	ot_all	native_funmap	intogen_temporal_new__to__ot_all	background
ZFPL1	4	0	ot_all	native_funmap	intogen_temporal_new__to__ot_all	background
VRK1	4	0	ot_all	native_funmap	intogen_temporal_new__to__ot_all	background
KATNA1	4	0	ot_all	native_funmap	intogen_temporal_new__to__ot_all	background
NSMCE4A	4	0	ot_all	native_funmap	intogen_temporal_new__to__ot_all	background
SNAPIN	4	0	ot_all	native_funmap	intogen_temporal_new__to__ot_all	background
PPIAL4H	4	0	ot_all	native_funmap	intogen_temporal_new__to__ot_all	background
TIMP2	4	0	ot_all	native_funmap	intogen_temporal_new__to__ot_all	background
ETF1	4	0	ot_all	native_funmap	intogen_temporal_new__to__ot_all	background
FBRS	4	0	ot_all	native_funmap	intogen_temporal_new__to__ot_all	background
MCCC2	4	0	ot_all	native_funmap	intogen_temporal_new__to__ot_all	background
LTN1	4	0	ot_all	native_funmap	intogen_temporal_new__to__ot_all	background
NCAPD2	4	0	ot_all	native_funmap	intogen_temporal_new__to__ot_all	background
WARS2	4	0	ot_all	native_funmap	intogen_temporal_new__to__ot_all	background
IER2	4	0	ot_all	native_funmap	intogen_temporal_new__to__ot_all	background
RBM28	4	0	ot_all	native_funmap	intogen_temporal_new__to__ot_all	background
SLC33A1	4	0	ot_all	native_funmap	intogen_temporal_new__to__ot_all	background
LAMB1	4	0	ot_all	native_funmap	intogen_temporal_new__to__ot_all	background
GDI1	4	0	ot_all	native_funmap	intogen_temporal_new__to__ot_all	background
ANKFY1	4	0	ot_all	native_funmap	intogen_temporal_new__to__ot_all	background
GPC6	4	0	ot_all	native_funmap	intogen_temporal_new__to__ot_all	background
DMAC2	4	0	ot_all	native_funmap	intogen_temporal_new__to__ot_all	background
SEMA3C	4	0	ot_all	native_funmap	intogen_temporal_new__to__ot_all	background
PTPN7	4	0	ot_all	native_funmap	intogen_temporal_new__to__ot_all	background
CSTF3	4	0	ot_all	native_funmap	intogen_temporal_new__to__ot_all	background
ROPN1L	4	0	ot_all	native_funmap	intogen_temporal_new__to__ot_all	background
COA6	4	0	ot_all	native_funmap	intogen_temporal_new__to__ot_all	background
SLC30A1	4	0	ot_all	native_funmap	intogen_temporal_new__to__ot_all	background
TK2	4	0	ot_all	native_funmap	intogen_temporal_new__to__ot_all	background
DHX34	4	0	ot_all	native_funmap	intogen_temporal_new__to__ot_all	background
CLEC14A	4	0	ot_all	native_funmap	intogen_temporal_new__to__ot_all	background
PTRHD1	4	0	ot_all	native_funmap	intogen_temporal_new__to__ot_all	background
PCSK9	4	0	ot_all	native_funmap	intogen_temporal_new__to__ot_all	background
POM121	4	0	ot_all	native_funmap	intogen_temporal_new__to__ot_all	background
TADA2B	4	0	ot_all	native_funmap	intogen_temporal_new__to__ot_all	background
U2SURP	4	0	ot_all	native_funmap	intogen_temporal_new__to__ot_all	background
MYO5C	4	0	ot_all	native_funmap	intogen_temporal_new__to__ot_all	background
MROH6	4	0	ot_all	native_funmap	intogen_temporal_new__to__ot_all	background
TIMM9	4	0	ot_all	native_funmap	intogen_temporal_new__to__ot_all	background
CDYL	4	0	ot_all	native_funmap	intogen_temporal_new__to__ot_all	background
C3	4	0	ot_all	native_funmap	intogen_temporal_new__to__ot_all	background
AGPAT1	4	0	ot_all	native_funmap	intogen_temporal_new__to__ot_all	background
ZNF628	4	0	ot_all	native_funmap	intogen_temporal_new__to__ot_all	background
KDM4B	4	0	ot_all	native_funmap	intogen_temporal_new__to__ot_all	background
PCDH12	4	0	ot_all	native_funmap	intogen_temporal_new__to__ot_all	background
FCHO1	4	0	ot_all	native_funmap	intogen_temporal_new__to__ot_all	background
MPI	4	0	ot_all	native_funmap	intogen_temporal_new__to__ot_all	background
RPF1	4	0	ot_all	native_funmap	intogen_temporal_new__to__ot_all	background
LRRC8D	4	0	ot_all	native_funmap	intogen_temporal_new__to__ot_all	background
COMMD5	4	0	ot_all	native_funmap	intogen_temporal_new__to__ot_all	background
PYURF	4	0	ot_all	native_funmap	intogen_temporal_new__to__ot_all	background
TRAPPC5	4	0	ot_all	native_funmap	intogen_temporal_new__to__ot_all	background
STK16	4	0	ot_all	native_funmap	intogen_temporal_new__to__ot_all	background
PARVB	4	0	ot_all	native_funmap	intogen_temporal_new__to__ot_all	background
ABCB9	4	0	ot_all	native_funmap	intogen_temporal_new__to__ot_all	background
DERL2	4	0	ot_all	native_funmap	intogen_temporal_new__to__ot_all	background
P2RX7	4	0	ot_all	native_funmap	intogen_temporal_new__to__ot_all	background
FBF1	4	0	ot_all	native_funmap	intogen_temporal_new__to__ot_all	background
CA9	4	0	ot_all	native_funmap	intogen_temporal_new__to__ot_all	background
MPPE1	4	0	ot_all	native_funmap	intogen_temporal_new__to__ot_all	background
CENPT	4	0	ot_all	native_funmap	intogen_temporal_new__to__ot_all	background
OSBPL8	4	0	ot_all	native_funmap	intogen_temporal_new__to__ot_all	background
CD7	4	0	ot_all	native_funmap	intogen_temporal_new__to__ot_all	background
