gene	fold	y	label_id	universe_id	transfer_id	role
BLM	0	1	ot_all	native_string_phys700	intogen_temporal_new__to__ot_all	target
PSMD8	0	1	ot_all	native_string_phys700	intogen_temporal_new__to__ot_all	target
NEK9	0	1	ot_all	native_string_phys700	intogen_temporal_new__to__ot_all	target
HAX1	0	1	ot_all	native_string_phys700	intogen_temporal_new__to__ot_all	target
FGG	0	1	ot_all	native_string_phys700	intogen_temporal_new__to__ot_all	target
FAS	0	1	ot_all	native_string_phys700	intogen_temporal_new__to__ot_all	target
CASP8	0	1	ot_all	native_string_phys700	intogen_temporal_new__to__ot_all	target
PSMB5	0	1	ot_all	native_string_phys700	intogen_temporal_new__to__ot_all	target
EXO1	0	1	ot_all	native_string_phys700	intogen_temporal_new__to__ot_all	target
ESRP1	0	1	ot_all	native_string_phys700	intogen_temporal_new__to__ot_all	target
ERBB3	0	1	ot_all	native_string_phys700	intogen_temporal_new__to__ot_all	target
MAML2	0	1	ot_all	native_string_phys700	intogen_temporal_new__to__ot_all	target
KIT	0	1	ot_all	native_string_phys700	intogen_temporal_new__to__ot_all	target
SOS1	0	1	ot_all	native_string_phys700	intogen_temporal_new__to__ot_all	target
ANTXR2	0	1	ot_all	native_string_phys700	intogen_temporal_new__to__ot_all	target
GART	0	1	ot_all	native_string_phys700	intogen_temporal_new__to__ot_all	target
PDGFRA	0	1	ot_all	native_string_phys700	intogen_temporal_new__to__ot_all	target
CDKN2A	0	1	ot_all	native_string_phys700	intogen_temporal_new__to__ot_all	target
PTPN11	0	1	ot_all	native_string_phys700	intogen_temporal_new__to__ot_all	target
PSMB4	0	1	ot_all	native_string_phys700	intogen_temporal_new__to__ot_all	target
MSH6	0	1	ot_all	native_string_phys700	intogen_temporal_new__to__ot_all	target
SEM1	0	1	ot_all	native_string_phys700	intogen_temporal_new__to__ot_all	target
SF3B1	0	1	ot_all	native_string_phys700	intogen_temporal_new__to__ot_all	target
PIK3R1	0	1	ot_all	native_string_phys700	intogen_temporal_new__to__ot_all	target
WRAP53	0	1	ot_all	native_string_phys700	intogen_temporal_new__to__ot_all	target
TNFRSF14	0	1	ot_all	native_string_phys700	intogen_temporal_new__to__ot_all	target
KIF5B	0	1	ot_all	native_string_phys700	intogen_temporal_new__to__ot_all	target
HBEGF	0	1	ot_all	native_string_phys700	intogen_temporal_new__to__ot_all	target
RBPJ	0	1	ot_all	native_string_phys700	intogen_temporal_new__to__ot_all	target
SSTR4	0	1	ot_all	native_string_phys700	intogen_temporal_new__to__ot_all	target
ITGA2B	0	1	ot_all	native_string_phys700	intogen_temporal_new__to__ot_all	target
FOXA1	0	1	ot_all	native_string_phys700	intogen_temporal_new__to__ot_all	target
ELP1	0	1	ot_all	native_string_phys700	intogen_temporal_new__to__ot_all	target
RARB	0	1	ot_all	native_string_phys700	intogen_temporal_new__to__ot_all	target
PBRM1	0	1	ot_all	native_string_phys700	intogen_temporal_new__to__ot_all	target
CDH1	0	1	ot_all	native_string_phys700	intogen_temporal_new__to__ot_all	target
RET	0	1	ot_all	native_string_phys700	intogen_temporal_new__to__ot_all	target
WIPF1	0	1	ot_all	native_string_phys700	intogen_temporal_new__to__ot_all	target
SSTR5	0	1	ot_all	native_string_phys700	intogen_temporal_new__to__ot_all	target
CRIPT	0	1	ot_all	native_string_phys700	intogen_temporal_new__to__ot_all	target
AKR1C2	0	1	ot_all	native_string_phys700	intogen_temporal_new__to__ot_all	target
SDHC	0	1	ot_all	native_string_phys700	intogen_temporal_new__to__ot_all	target
IFNAR2	0	1	ot_all	native_string_phys700	intogen_temporal_new__to__ot_all	target
CDK6	0	1	ot_all	native_string_phys700	intogen_temporal_new__to__ot_all	target
RBM10	0	1	ot_all	native_string_phys700	intogen_temporal_new__to__ot_all	target
CD74	0	1	ot_all	native_string_phys700	intogen_temporal_new__to__ot_all	target
POLA1	0	1	ot_all	native_string_phys700	intogen_temporal_new__to__ot_all	target
BAP1	0	1	ot_all	native_string_phys700	intogen_temporal_new__to__ot_all	target
SHC1	0	1	ot_all	native_string_phys700	intogen_temporal_new__to__ot_all	target
CD33	0	1	ot_all	native_string_phys700	intogen_temporal_new__to__ot_all	target
EML4	0	1	ot_all	native_string_phys700	intogen_temporal_new__to__ot_all	target
NRG3	0	1	ot_all	native_string_phys700	intogen_temporal_new__to__ot_all	target
XPO1	0	1	ot_all	native_string_phys700	intogen_temporal_new__to__ot_all	target
TOP2B	0	1	ot_all	native_string_phys700	intogen_temporal_new__to__ot_all	target
CLIP1	0	1	ot_all	native_string_phys700	intogen_temporal_new__to__ot_all	target
PIK3CD	0	1	ot_all	native_string_phys700	intogen_temporal_new__to__ot_all	target
FGF2	0	1	ot_all	native_string_phys700	intogen_temporal_new__to__ot_all	target
MAP2K2	0	1	ot_all	native_string_phys700	intogen_temporal_new__to__ot_all	target
TRIP11	0	1	ot_all	native_string_phys700	intogen_temporal_new__to__ot_all	target
ACTB	0	1	ot_all	native_string_phys700	intogen_temporal_new__to__ot_all	target
PSMB1	0	1	ot_all	native_string_phys700	intogen_temporal_new__to__ot_all	target
NBN	0	1	ot_all	native_string_phys700	intogen_temporal_new__to__ot_all	target
PSMA1	0	1	ot_all	native_string_phys700	intogen_temporal_new__to__ot_all	target
TACR1	0	1	ot_all	native_string_phys700	intogen_temporal_new__to__ot_all	target
CDKN1B	0	1	ot_all	native_string_phys700	intogen_temporal_new__to__ot_all	target
SPOP	0	1	ot_all	native_string_phys700	intogen_temporal_new__to__ot_all	target
PITX2	0	1	ot_all	native_string_phys700	intogen_temporal_new__to__ot_all	target
CUL4A	0	1	ot_all	native_string_phys700	intogen_temporal_new__to__ot_all	target
CTC1	0	1	ot_all	native_string_phys700	intogen_temporal_new__to__ot_all	target
SRGAP1	0	1	ot_all	native_string_phys700	intogen_temporal_new__to__ot_all	target
FGFR4	0	1	ot_all	native_string_phys700	intogen_temporal_new__to__ot_all	target
CDKN1A	0	1	ot_all	native_string_phys700	intogen_temporal_new__to__ot_all	target
DDX3X	0	1	ot_all	native_string_phys700	intogen_temporal_new__to__ot_all	target
TXNRD1	0	1	ot_all	native_string_phys700	intogen_temporal_new__to__ot_all	target
KAT2A	0	1	ot_all	native_string_phys700	intogen_temporal_new__to__ot_all	target
POLE	0	1	ot_all	native_string_phys700	intogen_temporal_new__to__ot_all	target
NRG4	0	1	ot_all	native_string_phys700	intogen_temporal_new__to__ot_all	target
BRCA2	0	1	ot_all	native_string_phys700	intogen_temporal_new__to__ot_all	target
CSK	0	1	ot_all	native_string_phys700	intogen_temporal_new__to__ot_all	target
WAS	0	1	ot_all	native_string_phys700	intogen_temporal_new__to__ot_all	target
ARRB2	0	1	ot_all	native_string_phys700	intogen_temporal_new__to__ot_all	target
FDPS	0	1	ot_all	native_string_phys700	intogen_temporal_new__to__ot_all	target
PDCD1	0	1	ot_all	native_string_phys700	intogen_temporal_new__to__ot_all	target
PDE3B	0	1	ot_all	native_string_phys700	intogen_temporal_new__to__ot_all	target
ERLIN2	0	1	ot_all	native_string_phys700	intogen_temporal_new__to__ot_all	target
NFE2L2	0	1	ot_all	native_string_phys700	intogen_temporal_new__to__ot_all	target
NTRK1	0	1	ot_all	native_string_phys700	intogen_temporal_new__to__ot_all	target
PRKAR1A	0	1	ot_all	native_string_phys700	intogen_temporal_new__to__ot_all	target
EP300	0	1	ot_all	native_string_phys700	intogen_temporal_new__to__ot_all	target
FKBP1A	0	1	ot_all	native_string_phys700	intogen_temporal_new__to__ot_all	target
KSR2	0	1	ot_all	native_string_phys700	intogen_temporal_new__to__ot_all	target
SMO	0	1	ot_all	native_string_phys700	intogen_temporal_new__to__ot_all	target
PSMB9	0	1	ot_all	native_string_phys700	intogen_temporal_new__to__ot_all	target
FGF8	0	1	ot_all	native_string_phys700	intogen_temporal_new__to__ot_all	target
XDH	0	1	ot_all	native_string_phys700	intogen_temporal_new__to__ot_all	target
MRE11	0	1	ot_all	native_string_phys700	intogen_temporal_new__to__ot_all	target
YES1	0	1	ot_all	native_string_phys700	intogen_temporal_new__to__ot_all	target
SRC	0	1	ot_all	native_string_phys700	intogen_temporal_new__to__ot_all	target
MBD4	0	1	ot_all	native_string_phys700	intogen_temporal_new__to__ot_all	target
KRAS	0	1	ot_all	native_string_phys700	intogen_temporal_new__to__ot_all	target
FGF23	0	1	ot_all	native_string_phys700	intogen_temporal_new__to__ot_all	target
ESR2	0	1	ot_all	native_string_phys700	intogen_temporal_new__to__ot_all	target
STAT5B	0	1	ot_all	native_string_phys700	intogen_temporal_new__to__ot_all	target
PRIM2	0	1	ot_all	native_string_phys700	intogen_temporal_new__to__ot_all	target
GAB1	0	1	ot_all	native_string_phys700	intogen_temporal_new__to__ot_all	target
CCDC6	0	1	ot_all	native_string_phys700	intogen_temporal_new__to__ot_all	target
POLD2	0	1	ot_all	native_string_phys700	intogen_temporal_new__to__ot_all	target
ARID2	0	1	ot_all	native_string_phys700	intogen_temporal_new__to__ot_all	target
NRG2	0	1	ot_all	native_string_phys700	intogen_temporal_new__to__ot_all	target
GATA2	0	1	ot_all	native_string_phys700	intogen_temporal_new__to__ot_all	target
PSMB8	0	1	ot_all	native_string_phys700	intogen_temporal_new__to__ot_all	target
ANAPC1	0	1	ot_all	native_string_phys700	intogen_temporal_new__to__ot_all	target
DDB1	0	1	ot_all	native_string_phys700	intogen_temporal_new__to__ot_all	target
TET2	0	1	ot_all	native_string_phys700	intogen_temporal_new__to__ot_all	target
FGF5	0	1	ot_all	native_string_phys700	intogen_temporal_new__to__ot_all	target
KCND1	0	1	ot_all	native_string_phys700	intogen_temporal_new__to__ot_all	target
KCNA6	0	1	ot_all	native_string_phys700	intogen_temporal_new__to__ot_all	target
JAG1	0	1	ot_all	native_string_phys700	intogen_temporal_new__to__ot_all	target
SMC5	0	1	ot_all	native_string_phys700	intogen_temporal_new__to__ot_all	target
STRN	0	1	ot_all	native_string_phys700	intogen_temporal_new__to__ot_all	target
KCNQ1	0	1	ot_all	native_string_phys700	intogen_temporal_new__to__ot_all	target
CDC37	0	1	ot_all	native_string_phys700	intogen_temporal_new__to__ot_all	target
GAB2	0	1	ot_all	native_string_phys700	intogen_temporal_new__to__ot_all	target
HSP90AA1	0	1	ot_all	native_string_phys700	intogen_temporal_new__to__ot_all	target
BCL9L	0	1	ot_all	native_string_phys700	intogen_temporal_new__to__ot_all	target
KMT2D	0	1	ot_all	native_string_phys700	intogen_temporal_new__to__ot_all	target
CDK12	0	1	ot_all	native_string_phys700	intogen_temporal_new__to__ot_all	target
ZFHX3	0	1	ot_all	native_string_phys700	intogen_temporal_new__to__ot_all	target
KCND3	0	1	ot_all	native_string_phys700	intogen_temporal_new__to__ot_all	target
TUBA3E	0	1	ot_all	native_string_phys700	intogen_temporal_new__to__ot_all	target
BTC	0	1	ot_all	native_string_phys700	intogen_temporal_new__to__ot_all	target
KCNA3	0	1	ot_all	native_string_phys700	intogen_temporal_new__to__ot_all	target
TOP2A	0	1	ot_all	native_string_phys700	intogen_temporal_new__to__ot_all	target
MAP2K1	0	1	ot_all	native_string_phys700	intogen_temporal_new__to__ot_all	target
TUBA1C	0	1	ot_all	native_string_phys700	intogen_temporal_new__to__ot_all	target
PSMC2	0	1	ot_all	native_string_phys700	intogen_temporal_new__to__ot_all	target
AR	0	1	ot_all	native_string_phys700	intogen_temporal_new__to__ot_all	target
OCA2	0	1	ot_all	native_string_phys700	intogen_temporal_new__to__ot_all	target
KSR1	0	1	ot_all	native_string_phys700	intogen_temporal_new__to__ot_all	target
ATR	0	1	ot_all	native_string_phys700	intogen_temporal_new__to__ot_all	target
ERCC2	0	1	ot_all	native_string_phys700	intogen_temporal_new__to__ot_all	target
FLT3	0	1	ot_all	native_string_phys700	intogen_temporal_new__to__ot_all	target
KDM6A	0	1	ot_all	native_string_phys700	intogen_temporal_new__to__ot_all	target
PAX6	0	1	ot_all	native_string_phys700	intogen_temporal_new__to__ot_all	target
MAPK11	0	1	ot_all	native_string_phys700	intogen_temporal_new__to__ot_all	target
PSMA8	0	1	ot_all	native_string_phys700	intogen_temporal_new__to__ot_all	target
TUBA1A	0	1	ot_all	native_string_phys700	intogen_temporal_new__to__ot_all	target
ACVR1	0	1	ot_all	native_string_phys700	intogen_temporal_new__to__ot_all	target
CNKSR1	0	1	ot_all	native_string_phys700	intogen_temporal_new__to__ot_all	target
MT-CO1	0	1	ot_all	native_string_phys700	intogen_temporal_new__to__ot_all	target
EPOR	0	1	ot_all	native_string_phys700	intogen_temporal_new__to__ot_all	target
LMNA	0	1	ot_all	native_string_phys700	intogen_temporal_new__to__ot_all	target
CPSF6	0	1	ot_all	native_string_phys700	intogen_temporal_new__to__ot_all	target
AXL	0	1	ot_all	native_string_phys700	intogen_temporal_new__to__ot_all	target
PSMD3	0	1	ot_all	native_string_phys700	intogen_temporal_new__to__ot_all	target
CREBBP	0	1	ot_all	native_string_phys700	intogen_temporal_new__to__ot_all	target
TUBB2B	0	1	ot_all	native_string_phys700	intogen_temporal_new__to__ot_all	target
HAVCR2	0	1	ot_all	native_string_phys700	intogen_temporal_new__to__ot_all	target
FGF1	0	1	ot_all	native_string_phys700	intogen_temporal_new__to__ot_all	target
TGFBR2	0	1	ot_all	native_string_phys700	intogen_temporal_new__to__ot_all	target
SSTR1	0	1	ot_all	native_string_phys700	intogen_temporal_new__to__ot_all	target
PRKN	0	1	ot_all	native_string_phys700	intogen_temporal_new__to__ot_all	target
FGFR1OP2	0	1	ot_all	native_string_phys700	intogen_temporal_new__to__ot_all	target
WT1	0	1	ot_all	native_string_phys700	intogen_temporal_new__to__ot_all	target
HDAC2	0	1	ot_all	native_string_phys700	intogen_temporal_new__to__ot_all	target
KCNB1	0	1	ot_all	native_string_phys700	intogen_temporal_new__to__ot_all	target
NR3C1	0	1	ot_all	native_string_phys700	intogen_temporal_new__to__ot_all	target
RARG	0	1	ot_all	native_string_phys700	intogen_temporal_new__to__ot_all	target
STAT3	0	1	ot_all	native_string_phys700	intogen_temporal_new__to__ot_all	target
ARID1A	0	1	ot_all	native_string_phys700	intogen_temporal_new__to__ot_all	target
JAG2	0	1	ot_all	native_string_phys700	intogen_temporal_new__to__ot_all	target
PSMB6	0	1	ot_all	native_string_phys700	intogen_temporal_new__to__ot_all	target
TRIM28	0	1	ot_all	native_string_phys700	intogen_temporal_new__to__ot_all	target
PSMD13	0	1	ot_all	native_string_phys700	intogen_temporal_new__to__ot_all	target
JAK1	0	1	ot_all	native_string_phys700	intogen_temporal_new__to__ot_all	target
TUBB4B	0	1	ot_all	native_string_phys700	intogen_temporal_new__to__ot_all	target
TYK2	0	1	ot_all	native_string_phys700	intogen_temporal_new__to__ot_all	target
SDC4	0	1	ot_all	native_string_phys700	intogen_temporal_new__to__ot_all	target
RAD51D	0	1	ot_all	native_string_phys700	intogen_temporal_new__to__ot_all	target
PSMD7	0	1	ot_all	native_string_phys700	intogen_temporal_new__to__ot_all	target
TRIM24	0	1	ot_all	native_string_phys700	intogen_temporal_new__to__ot_all	target
PSMD11	0	1	ot_all	native_string_phys700	intogen_temporal_new__to__ot_all	target
PSMA5	0	1	ot_all	native_string_phys700	intogen_temporal_new__to__ot_all	target
OPRM1	0	1	ot_all	native_string_phys700	intogen_temporal_new__to__ot_all	target
ETV6	0	1	ot_all	native_string_phys700	intogen_temporal_new__to__ot_all	target
MPRIP	0	1	ot_all	native_string_phys700	intogen_temporal_new__to__ot_all	target
POLD3	0	1	ot_all	native_string_phys700	intogen_temporal_new__to__ot_all	target
TUBB1	0	1	ot_all	native_string_phys700	intogen_temporal_new__to__ot_all	target
SNW1	0	1	ot_all	native_string_phys700	intogen_temporal_new__to__ot_all	target
PIK3CG	0	1	ot_all	native_string_phys700	intogen_temporal_new__to__ot_all	target
TLN1	0	1	ot_all	native_string_phys700	intogen_temporal_new__to__ot_all	target
RECQL4	0	1	ot_all	native_string_phys700	intogen_temporal_new__to__ot_all	target
KCNA10	0	1	ot_all	native_string_phys700	intogen_temporal_new__to__ot_all	target
NLRP7	0	1	ot_all	native_string_phys700	intogen_temporal_new__to__ot_all	target
ESR1	0	1	ot_all	native_string_phys700	intogen_temporal_new__to__ot_all	target
PGR	0	1	ot_all	native_string_phys700	intogen_temporal_new__to__ot_all	target
KCNA2	0	1	ot_all	native_string_phys700	intogen_temporal_new__to__ot_all	target
PLCG1	0	1	ot_all	native_string_phys700	intogen_temporal_new__to__ot_all	target
ALK	0	1	ot_all	native_string_phys700	intogen_temporal_new__to__ot_all	target
NOTCH1	0	1	ot_all	native_string_phys700	intogen_temporal_new__to__ot_all	target
LCK	0	1	ot_all	native_string_phys700	intogen_temporal_new__to__ot_all	target
CDKN1C	0	1	ot_all	native_string_phys700	intogen_temporal_new__to__ot_all	target
FGF17	0	1	ot_all	native_string_phys700	intogen_temporal_new__to__ot_all	target
AIP	0	1	ot_all	native_string_phys700	intogen_temporal_new__to__ot_all	target
NTRK3	0	1	ot_all	native_string_phys700	intogen_temporal_new__to__ot_all	target
FGF4	0	1	ot_all	native_string_phys700	intogen_temporal_new__to__ot_all	target
PSMC6	0	1	ot_all	native_string_phys700	intogen_temporal_new__to__ot_all	target
PMS2	0	1	ot_all	native_string_phys700	intogen_temporal_new__to__ot_all	target
NPM1	0	1	ot_all	native_string_phys700	intogen_temporal_new__to__ot_all	target
FGB	0	1	ot_all	native_string_phys700	intogen_temporal_new__to__ot_all	target
PSMD14	0	1	ot_all	native_string_phys700	intogen_temporal_new__to__ot_all	target
ABL1	0	1	ot_all	native_string_phys700	intogen_temporal_new__to__ot_all	target
PIK3R2	0	1	ot_all	native_string_phys700	intogen_temporal_new__to__ot_all	target
POLD1	0	1	ot_all	native_string_phys700	intogen_temporal_new__to__ot_all	target
GPR161	0	1	ot_all	native_string_phys700	intogen_temporal_new__to__ot_all	target
TP53	0	1	ot_all	native_string_phys700	intogen_temporal_new__to__ot_all	target
TACSTD2	0	1	ot_all	native_string_phys700	intogen_temporal_new__to__ot_all	target
CYLD	0	1	ot_all	native_string_phys700	intogen_temporal_new__to__ot_all	target
FLCN	0	1	ot_all	native_string_phys700	intogen_temporal_new__to__ot_all	target
ATP4B	0	1	ot_all	native_string_phys700	intogen_temporal_new__to__ot_all	target
DLST	0	1	ot_all	native_string_phys700	intogen_temporal_new__to__ot_all	target
TNFRSF17	0	1	ot_all	native_string_phys700	intogen_temporal_new__to__ot_all	target
NTHL1	0	1	ot_all	native_string_phys700	intogen_temporal_new__to__ot_all	target
TUBB8	0	1	ot_all	native_string_phys700	intogen_temporal_new__to__ot_all	target
KCNH6	0	1	ot_all	native_string_phys700	intogen_temporal_new__to__ot_all	target
PSMA7	0	1	ot_all	native_string_phys700	intogen_temporal_new__to__ot_all	target
SDHAF2	0	1	ot_all	native_string_phys700	intogen_temporal_new__to__ot_all	target
EGF	0	1	ot_all	native_string_phys700	intogen_temporal_new__to__ot_all	target
CTLA4	0	1	ot_all	native_string_phys700	intogen_temporal_new__to__ot_all	target
FGFR1	0	1	ot_all	native_string_phys700	intogen_temporal_new__to__ot_all	target
SMARCB1	0	1	ot_all	native_string_phys700	intogen_temporal_new__to__ot_all	target
KLK3	0	1	ot_all	native_string_phys700	intogen_temporal_new__to__ot_all	target
PARN	0	1	ot_all	native_string_phys700	intogen_temporal_new__to__ot_all	target
ERBB4	0	1	ot_all	native_string_phys700	intogen_temporal_new__to__ot_all	target
FRK	0	1	ot_all	native_string_phys700	intogen_temporal_new__to__ot_all	target
PTEN	0	1	ot_all	native_string_phys700	intogen_temporal_new__to__ot_all	target
RSPO1	0	1	ot_all	native_string_phys700	intogen_temporal_new__to__ot_all	target
PRIM1	0	1	ot_all	native_string_phys700	intogen_temporal_new__to__ot_all	target
EREG	0	1	ot_all	native_string_phys700	intogen_temporal_new__to__ot_all	target
RAF1	0	1	ot_all	native_string_phys700	intogen_temporal_new__to__ot_all	target
BUB1B	0	1	ot_all	native_string_phys700	intogen_temporal_new__to__ot_all	target
FGF16	0	1	ot_all	native_string_phys700	intogen_temporal_new__to__ot_all	target
DNMT1	0	1	ot_all	native_string_phys700	intogen_temporal_new__to__ot_all	target
PAX3	0	1	ot_all	native_string_phys700	intogen_temporal_new__to__ot_all	target
EPCAM	0	1	ot_all	native_string_phys700	intogen_temporal_new__to__ot_all	target
ATRX	0	1	ot_all	native_string_phys700	intogen_temporal_new__to__ot_all	target
PSMD12	0	1	ot_all	native_string_phys700	intogen_temporal_new__to__ot_all	target
ATP4A	0	1	ot_all	native_string_phys700	intogen_temporal_new__to__ot_all	target
RAD51C	0	1	ot_all	native_string_phys700	intogen_temporal_new__to__ot_all	target
POT1	0	1	ot_all	native_string_phys700	intogen_temporal_new__to__ot_all	target
KCNA4	0	1	ot_all	native_string_phys700	intogen_temporal_new__to__ot_all	target
AKT3	0	1	ot_all	native_string_phys700	intogen_temporal_new__to__ot_all	target
FBXW7	0	1	ot_all	native_string_phys700	intogen_temporal_new__to__ot_all	target
PIK3CA	0	1	ot_all	native_string_phys700	intogen_temporal_new__to__ot_all	target
TNFRSF8	0	1	ot_all	native_string_phys700	intogen_temporal_new__to__ot_all	target
TBL1XR1	0	1	ot_all	native_string_phys700	intogen_temporal_new__to__ot_all	target
CXCR4	0	1	ot_all	native_string_phys700	intogen_temporal_new__to__ot_all	target
PSMD6	0	1	ot_all	native_string_phys700	intogen_temporal_new__to__ot_all	target
B2M	0	1	ot_all	native_string_phys700	intogen_temporal_new__to__ot_all	target
POLD4	0	1	ot_all	native_string_phys700	intogen_temporal_new__to__ot_all	target
SPTBN1	0	1	ot_all	native_string_phys700	intogen_temporal_new__to__ot_all	target
EZH2	0	1	ot_all	native_string_phys700	intogen_temporal_new__to__ot_all	target
IFNAR1	0	1	ot_all	native_string_phys700	intogen_temporal_new__to__ot_all	target
FGF7	0	1	ot_all	native_string_phys700	intogen_temporal_new__to__ot_all	target
CCND1	0	1	ot_all	native_string_phys700	intogen_temporal_new__to__ot_all	target
MSH3	0	1	ot_all	native_string_phys700	intogen_temporal_new__to__ot_all	target
ATIC	0	1	ot_all	native_string_phys700	intogen_temporal_new__to__ot_all	target
MS4A1	0	1	ot_all	native_string_phys700	intogen_temporal_new__to__ot_all	target
CYP19A1	0	1	ot_all	native_string_phys700	intogen_temporal_new__to__ot_all	target
JAK3	0	1	ot_all	native_string_phys700	intogen_temporal_new__to__ot_all	target
TUBB2A	0	1	ot_all	native_string_phys700	intogen_temporal_new__to__ot_all	target
CD22	0	1	ot_all	native_string_phys700	intogen_temporal_new__to__ot_all	target
KDR	0	1	ot_all	native_string_phys700	intogen_temporal_new__to__ot_all	target
NHP2	0	1	ot_all	native_string_phys700	intogen_temporal_new__to__ot_all	target
KCNC4	0	1	ot_all	native_string_phys700	intogen_temporal_new__to__ot_all	target
NSDHL	0	1	ot_all	native_string_phys700	intogen_temporal_new__to__ot_all	target
CDH11	0	1	ot_all	native_string_phys700	intogen_temporal_new__to__ot_all	target
TCF7L2	0	1	ot_all	native_string_phys700	intogen_temporal_new__to__ot_all	target
FTO	0	1	ot_all	native_string_phys700	intogen_temporal_new__to__ot_all	target
DLL4	0	1	ot_all	native_string_phys700	intogen_temporal_new__to__ot_all	target
SLF2	0	1	ot_all	native_string_phys700	intogen_temporal_new__to__ot_all	target
IKZF1	0	1	ot_all	native_string_phys700	intogen_temporal_new__to__ot_all	target
U2AF1	0	1	ot_all	native_string_phys700	intogen_temporal_new__to__ot_all	target
HRAS	0	1	ot_all	native_string_phys700	intogen_temporal_new__to__ot_all	target
IDH2	0	1	ot_all	native_string_phys700	intogen_temporal_new__to__ot_all	target
PSMA3	0	1	ot_all	native_string_phys700	intogen_temporal_new__to__ot_all	target
DCLRE1C	0	1	ot_all	native_string_phys700	intogen_temporal_new__to__ot_all	target
LATS2	0	1	ot_all	native_string_phys700	intogen_temporal_new__to__ot_all	target
FASLG	0	1	ot_all	native_string_phys700	intogen_temporal_new__to__ot_all	target
GRB2	0	1	ot_all	native_string_phys700	intogen_temporal_new__to__ot_all	target
HDAC6	0	1	ot_all	native_string_phys700	intogen_temporal_new__to__ot_all	target
DNMT3A	0	1	ot_all	native_string_phys700	intogen_temporal_new__to__ot_all	target
RTEL1	0	1	ot_all	native_string_phys700	intogen_temporal_new__to__ot_all	target
FGFR2	0	1	ot_all	native_string_phys700	intogen_temporal_new__to__ot_all	target
TNFRSF13B	0	1	ot_all	native_string_phys700	intogen_temporal_new__to__ot_all	target
ARID5B	0	1	ot_all	native_string_phys700	intogen_temporal_new__to__ot_all	target
IRF1	0	1	ot_all	native_string_phys700	intogen_temporal_new__to__ot_all	target
PSMB3	0	1	ot_all	native_string_phys700	intogen_temporal_new__to__ot_all	target
MAML3	0	1	ot_all	native_string_phys700	intogen_temporal_new__to__ot_all	target
ING1	0	1	ot_all	native_string_phys700	intogen_temporal_new__to__ot_all	target
GCGR	0	1	ot_all	native_string_phys700	intogen_temporal_new__to__ot_all	target
FAT1	0	1	ot_all	native_string_phys700	intogen_temporal_new__to__ot_all	target
CDC73	0	1	ot_all	native_string_phys700	intogen_temporal_new__to__ot_all	target
PSMA6	0	1	ot_all	native_string_phys700	intogen_temporal_new__to__ot_all	target
MARK3	0	1	ot_all	native_string_phys700	intogen_temporal_new__to__ot_all	target
MITF	0	1	ot_all	native_string_phys700	intogen_temporal_new__to__ot_all	target
FGF22	0	1	ot_all	native_string_phys700	intogen_temporal_new__to__ot_all	target
H3-3A	0	1	ot_all	native_string_phys700	intogen_temporal_new__to__ot_all	target
MAPK3	0	1	ot_all	native_string_phys700	intogen_temporal_new__to__ot_all	target
GNAS	0	1	ot_all	native_string_phys700	intogen_temporal_new__to__ot_all	target
VHL	0	1	ot_all	native_string_phys700	intogen_temporal_new__to__ot_all	target
IRF4	0	1	ot_all	native_string_phys700	intogen_temporal_new__to__ot_all	target
POLE2	0	1	ot_all	native_string_phys700	intogen_temporal_new__to__ot_all	target
DKC1	0	1	ot_all	native_string_phys700	intogen_temporal_new__to__ot_all	target
ATM	0	1	ot_all	native_string_phys700	intogen_temporal_new__to__ot_all	target
NFIA	0	1	ot_all	native_string_phys700	intogen_temporal_new__to__ot_all	target
CASP10	0	1	ot_all	native_string_phys700	intogen_temporal_new__to__ot_all	target
DNA2	0	1	ot_all	native_string_phys700	intogen_temporal_new__to__ot_all	target
DICER1	0	1	ot_all	native_string_phys700	intogen_temporal_new__to__ot_all	target
BRCA1	0	1	ot_all	native_string_phys700	intogen_temporal_new__to__ot_all	target
SMARCE1	0	1	ot_all	native_string_phys700	intogen_temporal_new__to__ot_all	target
FLT1	0	1	ot_all	native_string_phys700	intogen_temporal_new__to__ot_all	target
ACTG1	0	1	ot_all	native_string_phys700	intogen_temporal_new__to__ot_all	target
CBL	0	1	ot_all	native_string_phys700	intogen_temporal_new__to__ot_all	target
TUBB4A	0	1	ot_all	native_string_phys700	intogen_temporal_new__to__ot_all	target
HTR3A	0	1	ot_all	native_string_phys700	intogen_temporal_new__to__ot_all	target
LZTR1	0	1	ot_all	native_string_phys700	intogen_temporal_new__to__ot_all	target
MLH3	0	1	ot_all	native_string_phys700	intogen_temporal_new__to__ot_all	target
MSH2	0	1	ot_all	native_string_phys700	intogen_temporal_new__to__ot_all	target
PSMB2	0	1	ot_all	native_string_phys700	intogen_temporal_new__to__ot_all	target
FXR1	0	1	ot_all	native_string_phys700	intogen_temporal_new__to__ot_all	target
GOLGB1	0	1	ot_all	native_string_phys700	intogen_temporal_new__to__ot_all	target
SETD2	0	1	ot_all	native_string_phys700	intogen_temporal_new__to__ot_all	target
NF2	0	1	ot_all	native_string_phys700	intogen_temporal_new__to__ot_all	target
MYO18A	0	1	ot_all	native_string_phys700	intogen_temporal_new__to__ot_all	target
BCR	0	1	ot_all	native_string_phys700	intogen_temporal_new__to__ot_all	target
DCLRE1B	0	1	ot_all	native_string_phys700	intogen_temporal_new__to__ot_all	target
PSMB7	0	1	ot_all	native_string_phys700	intogen_temporal_new__to__ot_all	target
PSMC1	0	1	ot_all	native_string_phys700	intogen_temporal_new__to__ot_all	target
ARRB1	0	1	ot_all	native_string_phys700	intogen_temporal_new__to__ot_all	target
PSMC3	0	1	ot_all	native_string_phys700	intogen_temporal_new__to__ot_all	target
RRM2	0	1	ot_all	native_string_phys700	intogen_temporal_new__to__ot_all	target
PTCH1	0	1	ot_all	native_string_phys700	intogen_temporal_new__to__ot_all	target
LRRFIP1	0	1	ot_all	native_string_phys700	intogen_temporal_new__to__ot_all	target
RNF43	0	1	ot_all	native_string_phys700	intogen_temporal_new__to__ot_all	target
ERBB2	0	1	ot_all	native_string_phys700	intogen_temporal_new__to__ot_all	target
FBXO11	0	1	ot_all	native_string_phys700	intogen_temporal_new__to__ot_all	target
FGFR3	0	1	ot_all	native_string_phys700	intogen_temporal_new__to__ot_all	target
PSMA4	0	1	ot_all	native_string_phys700	intogen_temporal_new__to__ot_all	target
NF1	0	1	ot_all	native_string_phys700	intogen_temporal_new__to__ot_all	target
AMER1	0	1	ot_all	native_string_phys700	intogen_temporal_new__to__ot_all	target
DDX41	0	1	ot_all	native_string_phys700	intogen_temporal_new__to__ot_all	target
PARP2	0	1	ot_all	native_string_phys700	intogen_temporal_new__to__ot_all	target
FGF6	0	1	ot_all	native_string_phys700	intogen_temporal_new__to__ot_all	target
CUX1	0	1	ot_all	native_string_phys700	intogen_temporal_new__to__ot_all	target
TSC2	0	1	ot_all	native_string_phys700	intogen_temporal_new__to__ot_all	target
MUTYH	0	1	ot_all	native_string_phys700	intogen_temporal_new__to__ot_all	target
FGA	0	1	ot_all	native_string_phys700	intogen_temporal_new__to__ot_all	target
IDH1	0	1	ot_all	native_string_phys700	intogen_temporal_new__to__ot_all	target
SRSF2	0	1	ot_all	native_string_phys700	intogen_temporal_new__to__ot_all	target
PSMC4	0	1	ot_all	native_string_phys700	intogen_temporal_new__to__ot_all	target
MST1R	0	1	ot_all	native_string_phys700	intogen_temporal_new__to__ot_all	target
BTK	0	1	ot_all	native_string_phys700	intogen_temporal_new__to__ot_all	target
APC	0	1	ot_all	native_string_phys700	intogen_temporal_new__to__ot_all	target
TRIP13	0	1	ot_all	native_string_phys700	intogen_temporal_new__to__ot_all	target
BRAF	0	1	ot_all	native_string_phys700	intogen_temporal_new__to__ot_all	target
ASXL1	0	1	ot_all	native_string_phys700	intogen_temporal_new__to__ot_all	target
CRBN	0	1	ot_all	native_string_phys700	intogen_temporal_new__to__ot_all	target
TUBB	0	1	ot_all	native_string_phys700	intogen_temporal_new__to__ot_all	target
FYN	0	1	ot_all	native_string_phys700	intogen_temporal_new__to__ot_all	target
TUBB6	0	1	ot_all	native_string_phys700	intogen_temporal_new__to__ot_all	target
IGF2	0	1	ot_all	native_string_phys700	intogen_temporal_new__to__ot_all	target
ERBIN	0	1	ot_all	native_string_phys700	intogen_temporal_new__to__ot_all	target
JAK2	0	1	ot_all	native_string_phys700	intogen_temporal_new__to__ot_all	target
ENG	0	1	ot_all	native_string_phys700	intogen_temporal_new__to__ot_all	target
STK11	0	1	ot_all	native_string_phys700	intogen_temporal_new__to__ot_all	target
VCL	0	1	ot_all	native_string_phys700	intogen_temporal_new__to__ot_all	target
LAG3	0	1	ot_all	native_string_phys700	intogen_temporal_new__to__ot_all	target
PPP6C	0	1	ot_all	native_string_phys700	intogen_temporal_new__to__ot_all	target
TSC1	0	1	ot_all	native_string_phys700	intogen_temporal_new__to__ot_all	target
EGFR	0	1	ot_all	native_string_phys700	intogen_temporal_new__to__ot_all	target
AXIN1	0	1	ot_all	native_string_phys700	intogen_temporal_new__to__ot_all	target
MC1R	0	1	ot_all	native_string_phys700	intogen_temporal_new__to__ot_all	target
CDH23	0	1	ot_all	native_string_phys700	intogen_temporal_new__to__ot_all	target
NOP10	0	1	ot_all	native_string_phys700	intogen_temporal_new__to__ot_all	target
CDK4	0	1	ot_all	native_string_phys700	intogen_temporal_new__to__ot_all	target
PSMD2	0	1	ot_all	native_string_phys700	intogen_temporal_new__to__ot_all	target
KCNA5	0	1	ot_all	native_string_phys700	intogen_temporal_new__to__ot_all	target
TLR7	0	1	ot_all	native_string_phys700	intogen_temporal_new__to__ot_all	target
PDGFRB	0	1	ot_all	native_string_phys700	intogen_temporal_new__to__ot_all	target
KCND2	0	1	ot_all	native_string_phys700	intogen_temporal_new__to__ot_all	target
KCNH1	0	1	ot_all	native_string_phys700	intogen_temporal_new__to__ot_all	target
CYP17A1	0	1	ot_all	native_string_phys700	intogen_temporal_new__to__ot_all	target
FH	0	1	ot_all	native_string_phys700	intogen_temporal_new__to__ot_all	target
TINF2	0	1	ot_all	native_string_phys700	intogen_temporal_new__to__ot_all	target
RAG2	0	1	ot_all	native_string_phys700	intogen_temporal_new__to__ot_all	target
IQGAP1	0	1	ot_all	native_string_phys700	intogen_temporal_new__to__ot_all	target
NRAS	0	1	ot_all	native_string_phys700	intogen_temporal_new__to__ot_all	target
BCL2	0	1	ot_all	native_string_phys700	intogen_temporal_new__to__ot_all	target
RARA	0	1	ot_all	native_string_phys700	intogen_temporal_new__to__ot_all	target
KCNH2	0	1	ot_all	native_string_phys700	intogen_temporal_new__to__ot_all	target
KMT2C	0	1	ot_all	native_string_phys700	intogen_temporal_new__to__ot_all	target
FN1	0	1	ot_all	native_string_phys700	intogen_temporal_new__to__ot_all	target
ELMO2	0	1	ot_all	native_string_phys700	intogen_temporal_new__to__ot_all	target
MLH1	0	1	ot_all	native_string_phys700	intogen_temporal_new__to__ot_all	target
APBB1IP	0	1	ot_all	native_string_phys700	intogen_temporal_new__to__ot_all	target
AXIN2	0	1	ot_all	native_string_phys700	intogen_temporal_new__to__ot_all	target
BMPR1A	0	1	ot_all	native_string_phys700	intogen_temporal_new__to__ot_all	target
MAPK1	0	1	ot_all	native_string_phys700	intogen_temporal_new__to__ot_all	target
GPC3	0	1	ot_all	native_string_phys700	intogen_temporal_new__to__ot_all	target
EPHA2	0	1	ot_all	native_string_phys700	intogen_temporal_new__to__ot_all	target
HDAC1	0	1	ot_all	native_string_phys700	intogen_temporal_new__to__ot_all	target
SDHB	0	1	ot_all	native_string_phys700	intogen_temporal_new__to__ot_all	target
TUBB3	0	1	ot_all	native_string_phys700	intogen_temporal_new__to__ot_all	target
FRS2	0	1	ot_all	native_string_phys700	intogen_temporal_new__to__ot_all	target
RRM1	0	1	ot_all	native_string_phys700	intogen_temporal_new__to__ot_all	target
RAP1A	0	1	ot_all	native_string_phys700	intogen_temporal_new__to__ot_all	target
AKT1	0	1	ot_all	native_string_phys700	intogen_temporal_new__to__ot_all	target
FLT4	0	1	ot_all	native_string_phys700	intogen_temporal_new__to__ot_all	target
KCNC1	0	1	ot_all	native_string_phys700	intogen_temporal_new__to__ot_all	target
KEAP1	0	1	ot_all	native_string_phys700	intogen_temporal_new__to__ot_all	target
ITGB3	0	1	ot_all	native_string_phys700	intogen_temporal_new__to__ot_all	target
AKT2	0	1	ot_all	native_string_phys700	intogen_temporal_new__to__ot_all	target
EPHA3	0	1	ot_all	native_string_phys700	intogen_temporal_new__to__ot_all	target
BRIP1	0	1	ot_all	native_string_phys700	intogen_temporal_new__to__ot_all	target
RRM2B	0	1	ot_all	native_string_phys700	intogen_temporal_new__to__ot_all	target
SDHD	0	1	ot_all	native_string_phys700	intogen_temporal_new__to__ot_all	target
KHDC3L	0	1	ot_all	native_string_phys700	intogen_temporal_new__to__ot_all	target
MYC	0	1	ot_all	native_string_phys700	intogen_temporal_new__to__ot_all	target
VWF	0	1	ot_all	native_string_phys700	intogen_temporal_new__to__ot_all	target
TUBA4A	0	1	ot_all	native_string_phys700	intogen_temporal_new__to__ot_all	target
NOTCH3	0	1	ot_all	native_string_phys700	intogen_temporal_new__to__ot_all	target
MAML1	0	1	ot_all	native_string_phys700	intogen_temporal_new__to__ot_all	target
ACD	0	1	ot_all	native_string_phys700	intogen_temporal_new__to__ot_all	target
FGF9	0	1	ot_all	native_string_phys700	intogen_temporal_new__to__ot_all	target
MFN2	0	1	ot_all	native_string_phys700	intogen_temporal_new__to__ot_all	target
FGF10	0	1	ot_all	native_string_phys700	intogen_temporal_new__to__ot_all	target
BAG4	0	1	ot_all	native_string_phys700	intogen_temporal_new__to__ot_all	target
TP63	0	1	ot_all	native_string_phys700	intogen_temporal_new__to__ot_all	target
HOXB13	0	1	ot_all	native_string_phys700	intogen_temporal_new__to__ot_all	target
CEBPA	0	1	ot_all	native_string_phys700	intogen_temporal_new__to__ot_all	target
KDM5C	0	1	ot_all	native_string_phys700	intogen_temporal_new__to__ot_all	target
KAT2B	0	1	ot_all	native_string_phys700	intogen_temporal_new__to__ot_all	target
MYD88	0	1	ot_all	native_string_phys700	intogen_temporal_new__to__ot_all	target
SH3BP2	0	1	ot_all	native_string_phys700	intogen_temporal_new__to__ot_all	target
PRKCD	0	1	ot_all	native_string_phys700	intogen_temporal_new__to__ot_all	target
PSMB10	0	1	ot_all	native_string_phys700	intogen_temporal_new__to__ot_all	target
ADRM1	0	1	ot_all	native_string_phys700	intogen_temporal_new__to__ot_all	target
CYP11A1	0	1	ot_all	native_string_phys700	intogen_temporal_new__to__ot_all	target
MET	0	1	ot_all	native_string_phys700	intogen_temporal_new__to__ot_all	target
YWHAB	0	1	ot_all	native_string_phys700	intogen_temporal_new__to__ot_all	target
PSMD1	0	1	ot_all	native_string_phys700	intogen_temporal_new__to__ot_all	target
MAX	0	1	ot_all	native_string_phys700	intogen_temporal_new__to__ot_all	target
CD38	0	1	ot_all	native_string_phys700	intogen_temporal_new__to__ot_all	target
PDE3A	0	1	ot_all	native_string_phys700	intogen_temporal_new__to__ot_all	target
PSMD4	0	1	ot_all	native_string_phys700	intogen_temporal_new__to__ot_all	target
FGF18	0	1	ot_all	native_string_phys700	intogen_temporal_new__to__ot_all	target
POLA2	0	1	ot_all	native_string_phys700	intogen_temporal_new__to__ot_all	target
FGF3	0	1	ot_all	native_string_phys700	intogen_temporal_new__to__ot_all	target
SSTR3	0	1	ot_all	native_string_phys700	intogen_temporal_new__to__ot_all	target
PARP1	0	1	ot_all	native_string_phys700	intogen_temporal_new__to__ot_all	target
NRG1	0	1	ot_all	native_string_phys700	intogen_temporal_new__to__ot_all	target
RBX1	0	1	ot_all	native_string_phys700	intogen_temporal_new__to__ot_all	target
CD3D	0	1	ot_all	native_string_phys700	intogen_temporal_new__to__ot_all	target
BCL2L11	0	1	ot_all	native_string_phys700	intogen_temporal_new__to__ot_all	target
CHEK2	0	1	ot_all	native_string_phys700	intogen_temporal_new__to__ot_all	target
KCNG4	0	1	ot_all	native_string_phys700	intogen_temporal_new__to__ot_all	target
MAPK8	0	1	ot_all	native_string_phys700	intogen_temporal_new__to__ot_all	target
CASR	0	1	ot_all	native_string_phys700	intogen_temporal_new__to__ot_all	target
GATA3	0	1	ot_all	native_string_phys700	intogen_temporal_new__to__ot_all	target
PDE5A	0	1	ot_all	native_string_phys700	intogen_temporal_new__to__ot_all	target
PSMB11	0	1	ot_all	native_string_phys700	intogen_temporal_new__to__ot_all	target
DHH	0	1	ot_all	native_string_phys700	intogen_temporal_new__to__ot_all	target
PRKCB	0	1	ot_all	native_string_phys700	intogen_temporal_new__to__ot_all	target
TNFSF11	0	1	ot_all	native_string_phys700	intogen_temporal_new__to__ot_all	target
TFG	0	1	ot_all	native_string_phys700	intogen_temporal_new__to__ot_all	target
EPAS1	0	1	ot_all	native_string_phys700	intogen_temporal_new__to__ot_all	target
QKI	0	1	ot_all	native_string_phys700	intogen_temporal_new__to__ot_all	target
CD19	0	1	ot_all	native_string_phys700	intogen_temporal_new__to__ot_all	target
PTPN14	0	1	ot_all	native_string_phys700	intogen_temporal_new__to__ot_all	target
TEK	0	1	ot_all	native_string_phys700	intogen_temporal_new__to__ot_all	target
CTNNB1	0	1	ot_all	native_string_phys700	intogen_temporal_new__to__ot_all	target
SMAD4	0	1	ot_all	native_string_phys700	intogen_temporal_new__to__ot_all	target
FGF20	0	1	ot_all	native_string_phys700	intogen_temporal_new__to__ot_all	target
TOP1	0	1	ot_all	native_string_phys700	intogen_temporal_new__to__ot_all	target
CD3E	0	1	ot_all	native_string_phys700	intogen_temporal_new__to__ot_all	target
CLTC	0	1	ot_all	native_string_phys700	intogen_temporal_new__to__ot_all	target
TUBA1B	0	1	ot_all	native_string_phys700	intogen_temporal_new__to__ot_all	target
SPRTN	0	1	ot_all	native_string_phys700	intogen_temporal_new__to__ot_all	target
PSMC5	0	1	ot_all	native_string_phys700	intogen_temporal_new__to__ot_all	target
RUNX1	0	1	ot_all	native_string_phys700	intogen_temporal_new__to__ot_all	target
CD79B	0	1	ot_all	native_string_phys700	intogen_temporal_new__to__ot_all	target
SMARCA4	0	1	ot_all	native_string_phys700	intogen_temporal_new__to__ot_all	target
MEN1	0	1	ot_all	native_string_phys700	intogen_temporal_new__to__ot_all	target
CEP57	0	1	ot_all	native_string_phys700	intogen_temporal_new__to__ot_all	target
HDAC3	0	1	ot_all	native_string_phys700	intogen_temporal_new__to__ot_all	target
CALR	0	1	ot_all	native_string_phys700	intogen_temporal_new__to__ot_all	target
PSMA2	0	1	ot_all	native_string_phys700	intogen_temporal_new__to__ot_all	target
HNF1B	0	1	ot_all	native_string_phys700	intogen_temporal_new__to__ot_all	target
KCNA1	0	1	ot_all	native_string_phys700	intogen_temporal_new__to__ot_all	target
H3-3B	0	1	ot_all	native_string_phys700	intogen_temporal_new__to__ot_all	target
CSF3R	0	1	ot_all	native_string_phys700	intogen_temporal_new__to__ot_all	target
XPA	0	1	ot_all	native_string_phys700	intogen_temporal_new__to__ot_all	target
PIK3CB	0	1	ot_all	native_string_phys700	intogen_temporal_new__to__ot_all	target
STAT5A	0	1	ot_all	native_string_phys700	intogen_temporal_new__to__ot_all	target
CD3G	0	1	ot_all	native_string_phys700	intogen_temporal_new__to__ot_all	target
POLE3	0	1	ot_all	native_string_phys700	intogen_temporal_new__to__ot_all	target
RB1	0	1	ot_all	native_string_phys700	intogen_temporal_new__to__ot_all	target
CD52	0	1	ot_all	native_string_phys700	intogen_temporal_new__to__ot_all	target
DLL3	0	1	ot_all	native_string_phys700	intogen_temporal_new__to__ot_all	target
ITK	0	1	ot_all	native_string_phys700	intogen_temporal_new__to__ot_all	target
FANCD2	0	1	ot_all	native_string_phys700	intogen_temporal_new__to__ot_all	target
TGFB1	0	1	ot_all	native_string_phys700	intogen_temporal_new__to__ot_all	target
HCK	0	1	ot_all	native_string_phys700	intogen_temporal_new__to__ot_all	target
OGG1	0	1	ot_all	native_string_phys700	intogen_temporal_new__to__ot_all	target
SSTR2	0	1	ot_all	native_string_phys700	intogen_temporal_new__to__ot_all	target
AGT	0	0	ot_all	native_string_phys700	intogen_temporal_new__to__ot_all	background
IFRD2	0	0	ot_all	native_string_phys700	intogen_temporal_new__to__ot_all	background
CIAO2B	0	0	ot_all	native_string_phys700	intogen_temporal_new__to__ot_all	background
IL2RG	0	0	ot_all	native_string_phys700	intogen_temporal_new__to__ot_all	background
GPX3	0	0	ot_all	native_string_phys700	intogen_temporal_new__to__ot_all	background
GTF2H1	0	0	ot_all	native_string_phys700	intogen_temporal_new__to__ot_all	background
PEX26	0	0	ot_all	native_string_phys700	intogen_temporal_new__to__ot_all	background
KRT3	0	0	ot_all	native_string_phys700	intogen_temporal_new__to__ot_all	background
DNAJC3	0	0	ot_all	native_string_phys700	intogen_temporal_new__to__ot_all	background
MED12	0	0	ot_all	native_string_phys700	intogen_temporal_new__to__ot_all	background
CTNNBIP1	0	0	ot_all	native_string_phys700	intogen_temporal_new__to__ot_all	background
PPARGC1B	0	0	ot_all	native_string_phys700	intogen_temporal_new__to__ot_all	background
CNTLN	0	0	ot_all	native_string_phys700	intogen_temporal_new__to__ot_all	background
MKNK2	0	0	ot_all	native_string_phys700	intogen_temporal_new__to__ot_all	background
VPS37B	0	0	ot_all	native_string_phys700	intogen_temporal_new__to__ot_all	background
GTSE1	0	0	ot_all	native_string_phys700	intogen_temporal_new__to__ot_all	background
HSCB	0	0	ot_all	native_string_phys700	intogen_temporal_new__to__ot_all	background
PELP1	0	0	ot_all	native_string_phys700	intogen_temporal_new__to__ot_all	background
WSB1	0	0	ot_all	native_string_phys700	intogen_temporal_new__to__ot_all	background
DPYSL4	0	0	ot_all	native_string_phys700	intogen_temporal_new__to__ot_all	background
ADCY8	0	0	ot_all	native_string_phys700	intogen_temporal_new__to__ot_all	background
PARP4	0	0	ot_all	native_string_phys700	intogen_temporal_new__to__ot_all	background
BNIP3	0	0	ot_all	native_string_phys700	intogen_temporal_new__to__ot_all	background
GET4	0	0	ot_all	native_string_phys700	intogen_temporal_new__to__ot_all	background
SLX4	0	0	ot_all	native_string_phys700	intogen_temporal_new__to__ot_all	background
CARD17	0	0	ot_all	native_string_phys700	intogen_temporal_new__to__ot_all	background
ITGAE	0	0	ot_all	native_string_phys700	intogen_temporal_new__to__ot_all	background
ZNRF1	0	0	ot_all	native_string_phys700	intogen_temporal_new__to__ot_all	background
SPTBN5	0	0	ot_all	native_string_phys700	intogen_temporal_new__to__ot_all	background
P3H3	0	0	ot_all	native_string_phys700	intogen_temporal_new__to__ot_all	background
TNKS2	0	0	ot_all	native_string_phys700	intogen_temporal_new__to__ot_all	background
GFRA1	0	0	ot_all	native_string_phys700	intogen_temporal_new__to__ot_all	background
CCSER2	0	0	ot_all	native_string_phys700	intogen_temporal_new__to__ot_all	background
MCOLN1	0	0	ot_all	native_string_phys700	intogen_temporal_new__to__ot_all	background
TOLLIP	0	0	ot_all	native_string_phys700	intogen_temporal_new__to__ot_all	background
WNT8A	0	0	ot_all	native_string_phys700	intogen_temporal_new__to__ot_all	background
SEC31A	0	0	ot_all	native_string_phys700	intogen_temporal_new__to__ot_all	background
SP3	0	0	ot_all	native_string_phys700	intogen_temporal_new__to__ot_all	background
GAPDH	0	0	ot_all	native_string_phys700	intogen_temporal_new__to__ot_all	background
GLMN	0	0	ot_all	native_string_phys700	intogen_temporal_new__to__ot_all	background
MYH8	0	0	ot_all	native_string_phys700	intogen_temporal_new__to__ot_all	background
PPM1K	0	0	ot_all	native_string_phys700	intogen_temporal_new__to__ot_all	background
JMJD6	0	0	ot_all	native_string_phys700	intogen_temporal_new__to__ot_all	background
ACACB	0	0	ot_all	native_string_phys700	intogen_temporal_new__to__ot_all	background
BLNK	0	0	ot_all	native_string_phys700	intogen_temporal_new__to__ot_all	background
PTPRD	0	0	ot_all	native_string_phys700	intogen_temporal_new__to__ot_all	background
CTSV	0	0	ot_all	native_string_phys700	intogen_temporal_new__to__ot_all	background
CD200	0	0	ot_all	native_string_phys700	intogen_temporal_new__to__ot_all	background
MED25	0	0	ot_all	native_string_phys700	intogen_temporal_new__to__ot_all	background
XYLT1	0	0	ot_all	native_string_phys700	intogen_temporal_new__to__ot_all	background
ACVR2A	0	0	ot_all	native_string_phys700	intogen_temporal_new__to__ot_all	background
OPTC	0	0	ot_all	native_string_phys700	intogen_temporal_new__to__ot_all	background
POM121C	0	0	ot_all	native_string_phys700	intogen_temporal_new__to__ot_all	background
BOLA3	0	0	ot_all	native_string_phys700	intogen_temporal_new__to__ot_all	background
DDIT3	0	0	ot_all	native_string_phys700	intogen_temporal_new__to__ot_all	background
PELO	0	0	ot_all	native_string_phys700	intogen_temporal_new__to__ot_all	background
RAB6A	0	0	ot_all	native_string_phys700	intogen_temporal_new__to__ot_all	background
CNIH3	0	0	ot_all	native_string_phys700	intogen_temporal_new__to__ot_all	background
ROCK2	0	0	ot_all	native_string_phys700	intogen_temporal_new__to__ot_all	background
RBM39	0	0	ot_all	native_string_phys700	intogen_temporal_new__to__ot_all	background
THOC5	0	0	ot_all	native_string_phys700	intogen_temporal_new__to__ot_all	background
NME2	0	0	ot_all	native_string_phys700	intogen_temporal_new__to__ot_all	background
HTR4	0	0	ot_all	native_string_phys700	intogen_temporal_new__to__ot_all	background
SMU1	0	0	ot_all	native_string_phys700	intogen_temporal_new__to__ot_all	background
CDK5R2	0	0	ot_all	native_string_phys700	intogen_temporal_new__to__ot_all	background
ETS2	0	0	ot_all	native_string_phys700	intogen_temporal_new__to__ot_all	background
ERMARD	0	0	ot_all	native_string_phys700	intogen_temporal_new__to__ot_all	background
BRD7	0	0	ot_all	native_string_phys700	intogen_temporal_new__to__ot_all	background
BRWD1	0	0	ot_all	native_string_phys700	intogen_temporal_new__to__ot_all	background
NCS1	0	0	ot_all	native_string_phys700	intogen_temporal_new__to__ot_all	background
CKMT1B	0	0	ot_all	native_string_phys700	intogen_temporal_new__to__ot_all	background
IL1RN	0	0	ot_all	native_string_phys700	intogen_temporal_new__to__ot_all	background
FCHO1	0	0	ot_all	native_string_phys700	intogen_temporal_new__to__ot_all	background
H7C0C1_HUMAN	0	0	ot_all	native_string_phys700	intogen_temporal_new__to__ot_all	background
CDH20	0	0	ot_all	native_string_phys700	intogen_temporal_new__to__ot_all	background
AGAP2	0	0	ot_all	native_string_phys700	intogen_temporal_new__to__ot_all	background
CARD8	0	0	ot_all	native_string_phys700	intogen_temporal_new__to__ot_all	background
ENSP00000499200	0	0	ot_all	native_string_phys700	intogen_temporal_new__to__ot_all	background
PDC	0	0	ot_all	native_string_phys700	intogen_temporal_new__to__ot_all	background
FADD	0	0	ot_all	native_string_phys700	intogen_temporal_new__to__ot_all	background
CDK2AP1	0	0	ot_all	native_string_phys700	intogen_temporal_new__to__ot_all	background
ADARB1	0	0	ot_all	native_string_phys700	intogen_temporal_new__to__ot_all	background
RGS9BP	0	0	ot_all	native_string_phys700	intogen_temporal_new__to__ot_all	background
CIRBP	0	0	ot_all	native_string_phys700	intogen_temporal_new__to__ot_all	background
UNC5C	0	0	ot_all	native_string_phys700	intogen_temporal_new__to__ot_all	background
NUB1	0	0	ot_all	native_string_phys700	intogen_temporal_new__to__ot_all	background
PHF19	0	0	ot_all	native_string_phys700	intogen_temporal_new__to__ot_all	background
MARCKS	0	0	ot_all	native_string_phys700	intogen_temporal_new__to__ot_all	background
NSA2	0	0	ot_all	native_string_phys700	intogen_temporal_new__to__ot_all	background
CDR2	0	0	ot_all	native_string_phys700	intogen_temporal_new__to__ot_all	background
MRPL27	0	0	ot_all	native_string_phys700	intogen_temporal_new__to__ot_all	background
TNNT2	0	0	ot_all	native_string_phys700	intogen_temporal_new__to__ot_all	background
HEBP2	0	0	ot_all	native_string_phys700	intogen_temporal_new__to__ot_all	background
TIAL1	0	0	ot_all	native_string_phys700	intogen_temporal_new__to__ot_all	background
SIM1	0	0	ot_all	native_string_phys700	intogen_temporal_new__to__ot_all	background
POU5F1	0	0	ot_all	native_string_phys700	intogen_temporal_new__to__ot_all	background
ARID3A	0	0	ot_all	native_string_phys700	intogen_temporal_new__to__ot_all	background
RNF41	0	0	ot_all	native_string_phys700	intogen_temporal_new__to__ot_all	background
GRM5	0	0	ot_all	native_string_phys700	intogen_temporal_new__to__ot_all	background
EDC3	0	0	ot_all	native_string_phys700	intogen_temporal_new__to__ot_all	background
HSD3B2	0	0	ot_all	native_string_phys700	intogen_temporal_new__to__ot_all	background
HSD17B7	0	0	ot_all	native_string_phys700	intogen_temporal_new__to__ot_all	background
CDK14	0	0	ot_all	native_string_phys700	intogen_temporal_new__to__ot_all	background
SYNPO	0	0	ot_all	native_string_phys700	intogen_temporal_new__to__ot_all	background
ZNF501	0	0	ot_all	native_string_phys700	intogen_temporal_new__to__ot_all	background
HNRNPLL	0	0	ot_all	native_string_phys700	intogen_temporal_new__to__ot_all	background
JMY	0	0	ot_all	native_string_phys700	intogen_temporal_new__to__ot_all	background
VRK3	0	0	ot_all	native_string_phys700	intogen_temporal_new__to__ot_all	background
H2AC13	0	0	ot_all	native_string_phys700	intogen_temporal_new__to__ot_all	background
USP24	0	0	ot_all	native_string_phys700	intogen_temporal_new__to__ot_all	background
PODXL	0	0	ot_all	native_string_phys700	intogen_temporal_new__to__ot_all	background
LOX	0	0	ot_all	native_string_phys700	intogen_temporal_new__to__ot_all	background
ASAP3	0	0	ot_all	native_string_phys700	intogen_temporal_new__to__ot_all	background
LILRA6	0	0	ot_all	native_string_phys700	intogen_temporal_new__to__ot_all	background
STING1	0	0	ot_all	native_string_phys700	intogen_temporal_new__to__ot_all	background
RTL10	0	0	ot_all	native_string_phys700	intogen_temporal_new__to__ot_all	background
CTNNA3	0	0	ot_all	native_string_phys700	intogen_temporal_new__to__ot_all	background
LPCAT4	0	0	ot_all	native_string_phys700	intogen_temporal_new__to__ot_all	background
BACH1	0	0	ot_all	native_string_phys700	intogen_temporal_new__to__ot_all	background
ZNF324	0	0	ot_all	native_string_phys700	intogen_temporal_new__to__ot_all	background
SLC27A1	0	0	ot_all	native_string_phys700	intogen_temporal_new__to__ot_all	background
NUP155	0	0	ot_all	native_string_phys700	intogen_temporal_new__to__ot_all	background
RAG1	0	0	ot_all	native_string_phys700	intogen_temporal_new__to__ot_all	background
PLXNA1	0	0	ot_all	native_string_phys700	intogen_temporal_new__to__ot_all	background
PARD6G	0	0	ot_all	native_string_phys700	intogen_temporal_new__to__ot_all	background
ENTPD1	0	0	ot_all	native_string_phys700	intogen_temporal_new__to__ot_all	background
TNFRSF13C	0	0	ot_all	native_string_phys700	intogen_temporal_new__to__ot_all	background
SESTD1	0	0	ot_all	native_string_phys700	intogen_temporal_new__to__ot_all	background
SLC17A8	0	0	ot_all	native_string_phys700	intogen_temporal_new__to__ot_all	background
TPSB2	0	0	ot_all	native_string_phys700	intogen_temporal_new__to__ot_all	background
TAF1C	0	0	ot_all	native_string_phys700	intogen_temporal_new__to__ot_all	background
CCKAR	0	0	ot_all	native_string_phys700	intogen_temporal_new__to__ot_all	background
SLPI	0	0	ot_all	native_string_phys700	intogen_temporal_new__to__ot_all	background
POLDIP3	0	0	ot_all	native_string_phys700	intogen_temporal_new__to__ot_all	background
NELFE	0	0	ot_all	native_string_phys700	intogen_temporal_new__to__ot_all	background
RPS6KA1	0	0	ot_all	native_string_phys700	intogen_temporal_new__to__ot_all	background
TXNDC11	0	0	ot_all	native_string_phys700	intogen_temporal_new__to__ot_all	background
ZNF445	0	0	ot_all	native_string_phys700	intogen_temporal_new__to__ot_all	background
UBASH3B	0	0	ot_all	native_string_phys700	intogen_temporal_new__to__ot_all	background
SP1	0	0	ot_all	native_string_phys700	intogen_temporal_new__to__ot_all	background
TNNC2	0	0	ot_all	native_string_phys700	intogen_temporal_new__to__ot_all	background
RAB7B	0	0	ot_all	native_string_phys700	intogen_temporal_new__to__ot_all	background
FIP1L1	0	0	ot_all	native_string_phys700	intogen_temporal_new__to__ot_all	background
HFM1	0	0	ot_all	native_string_phys700	intogen_temporal_new__to__ot_all	background
LOXL2	0	0	ot_all	native_string_phys700	intogen_temporal_new__to__ot_all	background
ITGA4	0	0	ot_all	native_string_phys700	intogen_temporal_new__to__ot_all	background
KLF5	0	0	ot_all	native_string_phys700	intogen_temporal_new__to__ot_all	background
ACSS2	0	0	ot_all	native_string_phys700	intogen_temporal_new__to__ot_all	background
FAM92A	0	0	ot_all	native_string_phys700	intogen_temporal_new__to__ot_all	background
IHH	0	0	ot_all	native_string_phys700	intogen_temporal_new__to__ot_all	background
SLC6A2	0	0	ot_all	native_string_phys700	intogen_temporal_new__to__ot_all	background
NTF3	0	0	ot_all	native_string_phys700	intogen_temporal_new__to__ot_all	background
IL18R1	0	0	ot_all	native_string_phys700	intogen_temporal_new__to__ot_all	background
CIB1	0	0	ot_all	native_string_phys700	intogen_temporal_new__to__ot_all	background
GHRL	0	0	ot_all	native_string_phys700	intogen_temporal_new__to__ot_all	background
GABRB2	0	0	ot_all	native_string_phys700	intogen_temporal_new__to__ot_all	background
RAB7A	0	0	ot_all	native_string_phys700	intogen_temporal_new__to__ot_all	background
TGFBR3	0	0	ot_all	native_string_phys700	intogen_temporal_new__to__ot_all	background
FURIN	0	0	ot_all	native_string_phys700	intogen_temporal_new__to__ot_all	background
ANKRD9	0	0	ot_all	native_string_phys700	intogen_temporal_new__to__ot_all	background
COL4A2	0	0	ot_all	native_string_phys700	intogen_temporal_new__to__ot_all	background
VPS26B	0	0	ot_all	native_string_phys700	intogen_temporal_new__to__ot_all	background
RAB25	0	0	ot_all	native_string_phys700	intogen_temporal_new__to__ot_all	background
KNTC1	0	0	ot_all	native_string_phys700	intogen_temporal_new__to__ot_all	background
ASGR1	0	0	ot_all	native_string_phys700	intogen_temporal_new__to__ot_all	background
CITED4	0	0	ot_all	native_string_phys700	intogen_temporal_new__to__ot_all	background
HTR1E	0	0	ot_all	native_string_phys700	intogen_temporal_new__to__ot_all	background
ZBTB4	0	0	ot_all	native_string_phys700	intogen_temporal_new__to__ot_all	background
DENND10	0	0	ot_all	native_string_phys700	intogen_temporal_new__to__ot_all	background
NFS1	0	0	ot_all	native_string_phys700	intogen_temporal_new__to__ot_all	background
MRFAP1	0	0	ot_all	native_string_phys700	intogen_temporal_new__to__ot_all	background
ARHGAP17	0	0	ot_all	native_string_phys700	intogen_temporal_new__to__ot_all	background
TXLNA	0	0	ot_all	native_string_phys700	intogen_temporal_new__to__ot_all	background
EBAG9	0	0	ot_all	native_string_phys700	intogen_temporal_new__to__ot_all	background
SPRED2	0	0	ot_all	native_string_phys700	intogen_temporal_new__to__ot_all	background
ITGA2	0	0	ot_all	native_string_phys700	intogen_temporal_new__to__ot_all	background
CASP8AP2	0	0	ot_all	native_string_phys700	intogen_temporal_new__to__ot_all	background
MYL9	0	0	ot_all	native_string_phys700	intogen_temporal_new__to__ot_all	background
VCAM1	0	0	ot_all	native_string_phys700	intogen_temporal_new__to__ot_all	background
TERF2	0	0	ot_all	native_string_phys700	intogen_temporal_new__to__ot_all	background
SPDYE6	0	0	ot_all	native_string_phys700	intogen_temporal_new__to__ot_all	background
CLDN1	0	0	ot_all	native_string_phys700	intogen_temporal_new__to__ot_all	background
ACTG2	0	0	ot_all	native_string_phys700	intogen_temporal_new__to__ot_all	background
HCLS1	0	0	ot_all	native_string_phys700	intogen_temporal_new__to__ot_all	background
S100A12	0	0	ot_all	native_string_phys700	intogen_temporal_new__to__ot_all	background
NHLRC1	0	0	ot_all	native_string_phys700	intogen_temporal_new__to__ot_all	background
GNL2	0	0	ot_all	native_string_phys700	intogen_temporal_new__to__ot_all	background
SUPT20H	0	0	ot_all	native_string_phys700	intogen_temporal_new__to__ot_all	background
SF3A1	0	0	ot_all	native_string_phys700	intogen_temporal_new__to__ot_all	background
GAPVD1	0	0	ot_all	native_string_phys700	intogen_temporal_new__to__ot_all	background
RPS7	0	0	ot_all	native_string_phys700	intogen_temporal_new__to__ot_all	background
COX7B2	0	0	ot_all	native_string_phys700	intogen_temporal_new__to__ot_all	background
SYTL4	0	0	ot_all	native_string_phys700	intogen_temporal_new__to__ot_all	background
DNM1	0	0	ot_all	native_string_phys700	intogen_temporal_new__to__ot_all	background
GAGE2A	0	0	ot_all	native_string_phys700	intogen_temporal_new__to__ot_all	background
ANOS1	0	0	ot_all	native_string_phys700	intogen_temporal_new__to__ot_all	background
KLHL5	0	0	ot_all	native_string_phys700	intogen_temporal_new__to__ot_all	background
PFN3	0	0	ot_all	native_string_phys700	intogen_temporal_new__to__ot_all	background
G3BP2	0	0	ot_all	native_string_phys700	intogen_temporal_new__to__ot_all	background
SEC24D	0	0	ot_all	native_string_phys700	intogen_temporal_new__to__ot_all	background
BLM	1	1	ot_all	native_string_phys700	intogen_temporal_new__to__ot_all	target
PSMD8	1	1	ot_all	native_string_phys700	intogen_temporal_new__to__ot_all	target
NEK9	1	1	ot_all	native_string_phys700	intogen_temporal_new__to__ot_all	target
HAX1	1	1	ot_all	native_string_phys700	intogen_temporal_new__to__ot_all	target
FGG	1	1	ot_all	native_string_phys700	intogen_temporal_new__to__ot_all	target
FAS	1	1	ot_all	native_string_phys700	intogen_temporal_new__to__ot_all	target
CASP8	1	1	ot_all	native_string_phys700	intogen_temporal_new__to__ot_all	target
PSMB5	1	1	ot_all	native_string_phys700	intogen_temporal_new__to__ot_all	target
EXO1	1	1	ot_all	native_string_phys700	intogen_temporal_new__to__ot_all	target
ESRP1	1	1	ot_all	native_string_phys700	intogen_temporal_new__to__ot_all	target
ERBB3	1	1	ot_all	native_string_phys700	intogen_temporal_new__to__ot_all	target
MAML2	1	1	ot_all	native_string_phys700	intogen_temporal_new__to__ot_all	target
KIT	1	1	ot_all	native_string_phys700	intogen_temporal_new__to__ot_all	target
SOS1	1	1	ot_all	native_string_phys700	intogen_temporal_new__to__ot_all	target
ANTXR2	1	1	ot_all	native_string_phys700	intogen_temporal_new__to__ot_all	target
GART	1	1	ot_all	native_string_phys700	intogen_temporal_new__to__ot_all	target
PDGFRA	1	1	ot_all	native_string_phys700	intogen_temporal_new__to__ot_all	target
CDKN2A	1	1	ot_all	native_string_phys700	intogen_temporal_new__to__ot_all	target
PTPN11	1	1	ot_all	native_string_phys700	intogen_temporal_new__to__ot_all	target
PSMB4	1	1	ot_all	native_string_phys700	intogen_temporal_new__to__ot_all	target
MSH6	1	1	ot_all	native_string_phys700	intogen_temporal_new__to__ot_all	target
SEM1	1	1	ot_all	native_string_phys700	intogen_temporal_new__to__ot_all	target
SF3B1	1	1	ot_all	native_string_phys700	intogen_temporal_new__to__ot_all	target
PIK3R1	1	1	ot_all	native_string_phys700	intogen_temporal_new__to__ot_all	target
WRAP53	1	1	ot_all	native_string_phys700	intogen_temporal_new__to__ot_all	target
TNFRSF14	1	1	ot_all	native_string_phys700	intogen_temporal_new__to__ot_all	target
KIF5B	1	1	ot_all	native_string_phys700	intogen_temporal_new__to__ot_all	target
HBEGF	1	1	ot_all	native_string_phys700	intogen_temporal_new__to__ot_all	target
RBPJ	1	1	ot_all	native_string_phys700	intogen_temporal_new__to__ot_all	target
SSTR4	1	1	ot_all	native_string_phys700	intogen_temporal_new__to__ot_all	target
ITGA2B	1	1	ot_all	native_string_phys700	intogen_temporal_new__to__ot_all	target
FOXA1	1	1	ot_all	native_string_phys700	intogen_temporal_new__to__ot_all	target
ELP1	1	1	ot_all	native_string_phys700	intogen_temporal_new__to__ot_all	target
RARB	1	1	ot_all	native_string_phys700	intogen_temporal_new__to__ot_all	target
PBRM1	1	1	ot_all	native_string_phys700	intogen_temporal_new__to__ot_all	target
CDH1	1	1	ot_all	native_string_phys700	intogen_temporal_new__to__ot_all	target
RET	1	1	ot_all	native_string_phys700	intogen_temporal_new__to__ot_all	target
WIPF1	1	1	ot_all	native_string_phys700	intogen_temporal_new__to__ot_all	target
SSTR5	1	1	ot_all	native_string_phys700	intogen_temporal_new__to__ot_all	target
CRIPT	1	1	ot_all	native_string_phys700	intogen_temporal_new__to__ot_all	target
AKR1C2	1	1	ot_all	native_string_phys700	intogen_temporal_new__to__ot_all	target
SDHC	1	1	ot_all	native_string_phys700	intogen_temporal_new__to__ot_all	target
IFNAR2	1	1	ot_all	native_string_phys700	intogen_temporal_new__to__ot_all	target
CDK6	1	1	ot_all	native_string_phys700	intogen_temporal_new__to__ot_all	target
RBM10	1	1	ot_all	native_string_phys700	intogen_temporal_new__to__ot_all	target
CD74	1	1	ot_all	native_string_phys700	intogen_temporal_new__to__ot_all	target
POLA1	1	1	ot_all	native_string_phys700	intogen_temporal_new__to__ot_all	target
BAP1	1	1	ot_all	native_string_phys700	intogen_temporal_new__to__ot_all	target
SHC1	1	1	ot_all	native_string_phys700	intogen_temporal_new__to__ot_all	target
CD33	1	1	ot_all	native_string_phys700	intogen_temporal_new__to__ot_all	target
EML4	1	1	ot_all	native_string_phys700	intogen_temporal_new__to__ot_all	target
NRG3	1	1	ot_all	native_string_phys700	intogen_temporal_new__to__ot_all	target
XPO1	1	1	ot_all	native_string_phys700	intogen_temporal_new__to__ot_all	target
TOP2B	1	1	ot_all	native_string_phys700	intogen_temporal_new__to__ot_all	target
CLIP1	1	1	ot_all	native_string_phys700	intogen_temporal_new__to__ot_all	target
PIK3CD	1	1	ot_all	native_string_phys700	intogen_temporal_new__to__ot_all	target
FGF2	1	1	ot_all	native_string_phys700	intogen_temporal_new__to__ot_all	target
MAP2K2	1	1	ot_all	native_string_phys700	intogen_temporal_new__to__ot_all	target
TRIP11	1	1	ot_all	native_string_phys700	intogen_temporal_new__to__ot_all	target
ACTB	1	1	ot_all	native_string_phys700	intogen_temporal_new__to__ot_all	target
PSMB1	1	1	ot_all	native_string_phys700	intogen_temporal_new__to__ot_all	target
NBN	1	1	ot_all	native_string_phys700	intogen_temporal_new__to__ot_all	target
PSMA1	1	1	ot_all	native_string_phys700	intogen_temporal_new__to__ot_all	target
TACR1	1	1	ot_all	native_string_phys700	intogen_temporal_new__to__ot_all	target
CDKN1B	1	1	ot_all	native_string_phys700	intogen_temporal_new__to__ot_all	target
SPOP	1	1	ot_all	native_string_phys700	intogen_temporal_new__to__ot_all	target
PITX2	1	1	ot_all	native_string_phys700	intogen_temporal_new__to__ot_all	target
CUL4A	1	1	ot_all	native_string_phys700	intogen_temporal_new__to__ot_all	target
CTC1	1	1	ot_all	native_string_phys700	intogen_temporal_new__to__ot_all	target
SRGAP1	1	1	ot_all	native_string_phys700	intogen_temporal_new__to__ot_all	target
FGFR4	1	1	ot_all	native_string_phys700	intogen_temporal_new__to__ot_all	target
CDKN1A	1	1	ot_all	native_string_phys700	intogen_temporal_new__to__ot_all	target
DDX3X	1	1	ot_all	native_string_phys700	intogen_temporal_new__to__ot_all	target
TXNRD1	1	1	ot_all	native_string_phys700	intogen_temporal_new__to__ot_all	target
KAT2A	1	1	ot_all	native_string_phys700	intogen_temporal_new__to__ot_all	target
POLE	1	1	ot_all	native_string_phys700	intogen_temporal_new__to__ot_all	target
NRG4	1	1	ot_all	native_string_phys700	intogen_temporal_new__to__ot_all	target
BRCA2	1	1	ot_all	native_string_phys700	intogen_temporal_new__to__ot_all	target
CSK	1	1	ot_all	native_string_phys700	intogen_temporal_new__to__ot_all	target
WAS	1	1	ot_all	native_string_phys700	intogen_temporal_new__to__ot_all	target
ARRB2	1	1	ot_all	native_string_phys700	intogen_temporal_new__to__ot_all	target
FDPS	1	1	ot_all	native_string_phys700	intogen_temporal_new__to__ot_all	target
PDCD1	1	1	ot_all	native_string_phys700	intogen_temporal_new__to__ot_all	target
PDE3B	1	1	ot_all	native_string_phys700	intogen_temporal_new__to__ot_all	target
ERLIN2	1	1	ot_all	native_string_phys700	intogen_temporal_new__to__ot_all	target
NFE2L2	1	1	ot_all	native_string_phys700	intogen_temporal_new__to__ot_all	target
NTRK1	1	1	ot_all	native_string_phys700	intogen_temporal_new__to__ot_all	target
PRKAR1A	1	1	ot_all	native_string_phys700	intogen_temporal_new__to__ot_all	target
EP300	1	1	ot_all	native_string_phys700	intogen_temporal_new__to__ot_all	target
FKBP1A	1	1	ot_all	native_string_phys700	intogen_temporal_new__to__ot_all	target
KSR2	1	1	ot_all	native_string_phys700	intogen_temporal_new__to__ot_all	target
SMO	1	1	ot_all	native_string_phys700	intogen_temporal_new__to__ot_all	target
PSMB9	1	1	ot_all	native_string_phys700	intogen_temporal_new__to__ot_all	target
FGF8	1	1	ot_all	native_string_phys700	intogen_temporal_new__to__ot_all	target
XDH	1	1	ot_all	native_string_phys700	intogen_temporal_new__to__ot_all	target
MRE11	1	1	ot_all	native_string_phys700	intogen_temporal_new__to__ot_all	target
YES1	1	1	ot_all	native_string_phys700	intogen_temporal_new__to__ot_all	target
SRC	1	1	ot_all	native_string_phys700	intogen_temporal_new__to__ot_all	target
MBD4	1	1	ot_all	native_string_phys700	intogen_temporal_new__to__ot_all	target
KRAS	1	1	ot_all	native_string_phys700	intogen_temporal_new__to__ot_all	target
FGF23	1	1	ot_all	native_string_phys700	intogen_temporal_new__to__ot_all	target
ESR2	1	1	ot_all	native_string_phys700	intogen_temporal_new__to__ot_all	target
STAT5B	1	1	ot_all	native_string_phys700	intogen_temporal_new__to__ot_all	target
PRIM2	1	1	ot_all	native_string_phys700	intogen_temporal_new__to__ot_all	target
GAB1	1	1	ot_all	native_string_phys700	intogen_temporal_new__to__ot_all	target
CCDC6	1	1	ot_all	native_string_phys700	intogen_temporal_new__to__ot_all	target
POLD2	1	1	ot_all	native_string_phys700	intogen_temporal_new__to__ot_all	target
ARID2	1	1	ot_all	native_string_phys700	intogen_temporal_new__to__ot_all	target
NRG2	1	1	ot_all	native_string_phys700	intogen_temporal_new__to__ot_all	target
GATA2	1	1	ot_all	native_string_phys700	intogen_temporal_new__to__ot_all	target
PSMB8	1	1	ot_all	native_string_phys700	intogen_temporal_new__to__ot_all	target
ANAPC1	1	1	ot_all	native_string_phys700	intogen_temporal_new__to__ot_all	target
DDB1	1	1	ot_all	native_string_phys700	intogen_temporal_new__to__ot_all	target
TET2	1	1	ot_all	native_string_phys700	intogen_temporal_new__to__ot_all	target
FGF5	1	1	ot_all	native_string_phys700	intogen_temporal_new__to__ot_all	target
KCND1	1	1	ot_all	native_string_phys700	intogen_temporal_new__to__ot_all	target
KCNA6	1	1	ot_all	native_string_phys700	intogen_temporal_new__to__ot_all	target
JAG1	1	1	ot_all	native_string_phys700	intogen_temporal_new__to__ot_all	target
SMC5	1	1	ot_all	native_string_phys700	intogen_temporal_new__to__ot_all	target
STRN	1	1	ot_all	native_string_phys700	intogen_temporal_new__to__ot_all	target
KCNQ1	1	1	ot_all	native_string_phys700	intogen_temporal_new__to__ot_all	target
CDC37	1	1	ot_all	native_string_phys700	intogen_temporal_new__to__ot_all	target
GAB2	1	1	ot_all	native_string_phys700	intogen_temporal_new__to__ot_all	target
HSP90AA1	1	1	ot_all	native_string_phys700	intogen_temporal_new__to__ot_all	target
BCL9L	1	1	ot_all	native_string_phys700	intogen_temporal_new__to__ot_all	target
KMT2D	1	1	ot_all	native_string_phys700	intogen_temporal_new__to__ot_all	target
CDK12	1	1	ot_all	native_string_phys700	intogen_temporal_new__to__ot_all	target
ZFHX3	1	1	ot_all	native_string_phys700	intogen_temporal_new__to__ot_all	target
KCND3	1	1	ot_all	native_string_phys700	intogen_temporal_new__to__ot_all	target
TUBA3E	1	1	ot_all	native_string_phys700	intogen_temporal_new__to__ot_all	target
BTC	1	1	ot_all	native_string_phys700	intogen_temporal_new__to__ot_all	target
KCNA3	1	1	ot_all	native_string_phys700	intogen_temporal_new__to__ot_all	target
TOP2A	1	1	ot_all	native_string_phys700	intogen_temporal_new__to__ot_all	target
MAP2K1	1	1	ot_all	native_string_phys700	intogen_temporal_new__to__ot_all	target
TUBA1C	1	1	ot_all	native_string_phys700	intogen_temporal_new__to__ot_all	target
PSMC2	1	1	ot_all	native_string_phys700	intogen_temporal_new__to__ot_all	target
AR	1	1	ot_all	native_string_phys700	intogen_temporal_new__to__ot_all	target
OCA2	1	1	ot_all	native_string_phys700	intogen_temporal_new__to__ot_all	target
KSR1	1	1	ot_all	native_string_phys700	intogen_temporal_new__to__ot_all	target
ATR	1	1	ot_all	native_string_phys700	intogen_temporal_new__to__ot_all	target
ERCC2	1	1	ot_all	native_string_phys700	intogen_temporal_new__to__ot_all	target
FLT3	1	1	ot_all	native_string_phys700	intogen_temporal_new__to__ot_all	target
KDM6A	1	1	ot_all	native_string_phys700	intogen_temporal_new__to__ot_all	target
PAX6	1	1	ot_all	native_string_phys700	intogen_temporal_new__to__ot_all	target
MAPK11	1	1	ot_all	native_string_phys700	intogen_temporal_new__to__ot_all	target
PSMA8	1	1	ot_all	native_string_phys700	intogen_temporal_new__to__ot_all	target
TUBA1A	1	1	ot_all	native_string_phys700	intogen_temporal_new__to__ot_all	target
ACVR1	1	1	ot_all	native_string_phys700	intogen_temporal_new__to__ot_all	target
CNKSR1	1	1	ot_all	native_string_phys700	intogen_temporal_new__to__ot_all	target
MT-CO1	1	1	ot_all	native_string_phys700	intogen_temporal_new__to__ot_all	target
EPOR	1	1	ot_all	native_string_phys700	intogen_temporal_new__to__ot_all	target
LMNA	1	1	ot_all	native_string_phys700	intogen_temporal_new__to__ot_all	target
CPSF6	1	1	ot_all	native_string_phys700	intogen_temporal_new__to__ot_all	target
AXL	1	1	ot_all	native_string_phys700	intogen_temporal_new__to__ot_all	target
PSMD3	1	1	ot_all	native_string_phys700	intogen_temporal_new__to__ot_all	target
CREBBP	1	1	ot_all	native_string_phys700	intogen_temporal_new__to__ot_all	target
TUBB2B	1	1	ot_all	native_string_phys700	intogen_temporal_new__to__ot_all	target
HAVCR2	1	1	ot_all	native_string_phys700	intogen_temporal_new__to__ot_all	target
FGF1	1	1	ot_all	native_string_phys700	intogen_temporal_new__to__ot_all	target
TGFBR2	1	1	ot_all	native_string_phys700	intogen_temporal_new__to__ot_all	target
SSTR1	1	1	ot_all	native_string_phys700	intogen_temporal_new__to__ot_all	target
PRKN	1	1	ot_all	native_string_phys700	intogen_temporal_new__to__ot_all	target
FGFR1OP2	1	1	ot_all	native_string_phys700	intogen_temporal_new__to__ot_all	target
WT1	1	1	ot_all	native_string_phys700	intogen_temporal_new__to__ot_all	target
HDAC2	1	1	ot_all	native_string_phys700	intogen_temporal_new__to__ot_all	target
KCNB1	1	1	ot_all	native_string_phys700	intogen_temporal_new__to__ot_all	target
NR3C1	1	1	ot_all	native_string_phys700	intogen_temporal_new__to__ot_all	target
RARG	1	1	ot_all	native_string_phys700	intogen_temporal_new__to__ot_all	target
STAT3	1	1	ot_all	native_string_phys700	intogen_temporal_new__to__ot_all	target
ARID1A	1	1	ot_all	native_string_phys700	intogen_temporal_new__to__ot_all	target
JAG2	1	1	ot_all	native_string_phys700	intogen_temporal_new__to__ot_all	target
PSMB6	1	1	ot_all	native_string_phys700	intogen_temporal_new__to__ot_all	target
TRIM28	1	1	ot_all	native_string_phys700	intogen_temporal_new__to__ot_all	target
PSMD13	1	1	ot_all	native_string_phys700	intogen_temporal_new__to__ot_all	target
JAK1	1	1	ot_all	native_string_phys700	intogen_temporal_new__to__ot_all	target
TUBB4B	1	1	ot_all	native_string_phys700	intogen_temporal_new__to__ot_all	target
TYK2	1	1	ot_all	native_string_phys700	intogen_temporal_new__to__ot_all	target
SDC4	1	1	ot_all	native_string_phys700	intogen_temporal_new__to__ot_all	target
RAD51D	1	1	ot_all	native_string_phys700	intogen_temporal_new__to__ot_all	target
PSMD7	1	1	ot_all	native_string_phys700	intogen_temporal_new__to__ot_all	target
TRIM24	1	1	ot_all	native_string_phys700	intogen_temporal_new__to__ot_all	target
PSMD11	1	1	ot_all	native_string_phys700	intogen_temporal_new__to__ot_all	target
PSMA5	1	1	ot_all	native_string_phys700	intogen_temporal_new__to__ot_all	target
OPRM1	1	1	ot_all	native_string_phys700	intogen_temporal_new__to__ot_all	target
ETV6	1	1	ot_all	native_string_phys700	intogen_temporal_new__to__ot_all	target
MPRIP	1	1	ot_all	native_string_phys700	intogen_temporal_new__to__ot_all	target
POLD3	1	1	ot_all	native_string_phys700	intogen_temporal_new__to__ot_all	target
TUBB1	1	1	ot_all	native_string_phys700	intogen_temporal_new__to__ot_all	target
SNW1	1	1	ot_all	native_string_phys700	intogen_temporal_new__to__ot_all	target
PIK3CG	1	1	ot_all	native_string_phys700	intogen_temporal_new__to__ot_all	target
TLN1	1	1	ot_all	native_string_phys700	intogen_temporal_new__to__ot_all	target
RECQL4	1	1	ot_all	native_string_phys700	intogen_temporal_new__to__ot_all	target
KCNA10	1	1	ot_all	native_string_phys700	intogen_temporal_new__to__ot_all	target
NLRP7	1	1	ot_all	native_string_phys700	intogen_temporal_new__to__ot_all	target
ESR1	1	1	ot_all	native_string_phys700	intogen_temporal_new__to__ot_all	target
PGR	1	1	ot_all	native_string_phys700	intogen_temporal_new__to__ot_all	target
KCNA2	1	1	ot_all	native_string_phys700	intogen_temporal_new__to__ot_all	target
PLCG1	1	1	ot_all	native_string_phys700	intogen_temporal_new__to__ot_all	target
ALK	1	1	ot_all	native_string_phys700	intogen_temporal_new__to__ot_all	target
NOTCH1	1	1	ot_all	native_string_phys700	intogen_temporal_new__to__ot_all	target
LCK	1	1	ot_all	native_string_phys700	intogen_temporal_new__to__ot_all	target
CDKN1C	1	1	ot_all	native_string_phys700	intogen_temporal_new__to__ot_all	target
FGF17	1	1	ot_all	native_string_phys700	intogen_temporal_new__to__ot_all	target
AIP	1	1	ot_all	native_string_phys700	intogen_temporal_new__to__ot_all	target
NTRK3	1	1	ot_all	native_string_phys700	intogen_temporal_new__to__ot_all	target
FGF4	1	1	ot_all	native_string_phys700	intogen_temporal_new__to__ot_all	target
PSMC6	1	1	ot_all	native_string_phys700	intogen_temporal_new__to__ot_all	target
PMS2	1	1	ot_all	native_string_phys700	intogen_temporal_new__to__ot_all	target
NPM1	1	1	ot_all	native_string_phys700	intogen_temporal_new__to__ot_all	target
FGB	1	1	ot_all	native_string_phys700	intogen_temporal_new__to__ot_all	target
PSMD14	1	1	ot_all	native_string_phys700	intogen_temporal_new__to__ot_all	target
ABL1	1	1	ot_all	native_string_phys700	intogen_temporal_new__to__ot_all	target
PIK3R2	1	1	ot_all	native_string_phys700	intogen_temporal_new__to__ot_all	target
POLD1	1	1	ot_all	native_string_phys700	intogen_temporal_new__to__ot_all	target
GPR161	1	1	ot_all	native_string_phys700	intogen_temporal_new__to__ot_all	target
TP53	1	1	ot_all	native_string_phys700	intogen_temporal_new__to__ot_all	target
TACSTD2	1	1	ot_all	native_string_phys700	intogen_temporal_new__to__ot_all	target
CYLD	1	1	ot_all	native_string_phys700	intogen_temporal_new__to__ot_all	target
FLCN	1	1	ot_all	native_string_phys700	intogen_temporal_new__to__ot_all	target
ATP4B	1	1	ot_all	native_string_phys700	intogen_temporal_new__to__ot_all	target
DLST	1	1	ot_all	native_string_phys700	intogen_temporal_new__to__ot_all	target
TNFRSF17	1	1	ot_all	native_string_phys700	intogen_temporal_new__to__ot_all	target
NTHL1	1	1	ot_all	native_string_phys700	intogen_temporal_new__to__ot_all	target
TUBB8	1	1	ot_all	native_string_phys700	intogen_temporal_new__to__ot_all	target
KCNH6	1	1	ot_all	native_string_phys700	intogen_temporal_new__to__ot_all	target
PSMA7	1	1	ot_all	native_string_phys700	intogen_temporal_new__to__ot_all	target
SDHAF2	1	1	ot_all	native_string_phys700	intogen_temporal_new__to__ot_all	target
EGF	1	1	ot_all	native_string_phys700	intogen_temporal_new__to__ot_all	target
CTLA4	1	1	ot_all	native_string_phys700	intogen_temporal_new__to__ot_all	target
FGFR1	1	1	ot_all	native_string_phys700	intogen_temporal_new__to__ot_all	target
SMARCB1	1	1	ot_all	native_string_phys700	intogen_temporal_new__to__ot_all	target
KLK3	1	1	ot_all	native_string_phys700	intogen_temporal_new__to__ot_all	target
PARN	1	1	ot_all	native_string_phys700	intogen_temporal_new__to__ot_all	target
ERBB4	1	1	ot_all	native_string_phys700	intogen_temporal_new__to__ot_all	target
FRK	1	1	ot_all	native_string_phys700	intogen_temporal_new__to__ot_all	target
PTEN	1	1	ot_all	native_string_phys700	intogen_temporal_new__to__ot_all	target
RSPO1	1	1	ot_all	native_string_phys700	intogen_temporal_new__to__ot_all	target
PRIM1	1	1	ot_all	native_string_phys700	intogen_temporal_new__to__ot_all	target
EREG	1	1	ot_all	native_string_phys700	intogen_temporal_new__to__ot_all	target
RAF1	1	1	ot_all	native_string_phys700	intogen_temporal_new__to__ot_all	target
BUB1B	1	1	ot_all	native_string_phys700	intogen_temporal_new__to__ot_all	target
FGF16	1	1	ot_all	native_string_phys700	intogen_temporal_new__to__ot_all	target
DNMT1	1	1	ot_all	native_string_phys700	intogen_temporal_new__to__ot_all	target
PAX3	1	1	ot_all	native_string_phys700	intogen_temporal_new__to__ot_all	target
EPCAM	1	1	ot_all	native_string_phys700	intogen_temporal_new__to__ot_all	target
ATRX	1	1	ot_all	native_string_phys700	intogen_temporal_new__to__ot_all	target
PSMD12	1	1	ot_all	native_string_phys700	intogen_temporal_new__to__ot_all	target
ATP4A	1	1	ot_all	native_string_phys700	intogen_temporal_new__to__ot_all	target
RAD51C	1	1	ot_all	native_string_phys700	intogen_temporal_new__to__ot_all	target
POT1	1	1	ot_all	native_string_phys700	intogen_temporal_new__to__ot_all	target
KCNA4	1	1	ot_all	native_string_phys700	intogen_temporal_new__to__ot_all	target
AKT3	1	1	ot_all	native_string_phys700	intogen_temporal_new__to__ot_all	target
FBXW7	1	1	ot_all	native_string_phys700	intogen_temporal_new__to__ot_all	target
PIK3CA	1	1	ot_all	native_string_phys700	intogen_temporal_new__to__ot_all	target
TNFRSF8	1	1	ot_all	native_string_phys700	intogen_temporal_new__to__ot_all	target
TBL1XR1	1	1	ot_all	native_string_phys700	intogen_temporal_new__to__ot_all	target
CXCR4	1	1	ot_all	native_string_phys700	intogen_temporal_new__to__ot_all	target
PSMD6	1	1	ot_all	native_string_phys700	intogen_temporal_new__to__ot_all	target
B2M	1	1	ot_all	native_string_phys700	intogen_temporal_new__to__ot_all	target
POLD4	1	1	ot_all	native_string_phys700	intogen_temporal_new__to__ot_all	target
SPTBN1	1	1	ot_all	native_string_phys700	intogen_temporal_new__to__ot_all	target
EZH2	1	1	ot_all	native_string_phys700	intogen_temporal_new__to__ot_all	target
IFNAR1	1	1	ot_all	native_string_phys700	intogen_temporal_new__to__ot_all	target
FGF7	1	1	ot_all	native_string_phys700	intogen_temporal_new__to__ot_all	target
CCND1	1	1	ot_all	native_string_phys700	intogen_temporal_new__to__ot_all	target
MSH3	1	1	ot_all	native_string_phys700	intogen_temporal_new__to__ot_all	target
ATIC	1	1	ot_all	native_string_phys700	intogen_temporal_new__to__ot_all	target
MS4A1	1	1	ot_all	native_string_phys700	intogen_temporal_new__to__ot_all	target
CYP19A1	1	1	ot_all	native_string_phys700	intogen_temporal_new__to__ot_all	target
JAK3	1	1	ot_all	native_string_phys700	intogen_temporal_new__to__ot_all	target
TUBB2A	1	1	ot_all	native_string_phys700	intogen_temporal_new__to__ot_all	target
CD22	1	1	ot_all	native_string_phys700	intogen_temporal_new__to__ot_all	target
KDR	1	1	ot_all	native_string_phys700	intogen_temporal_new__to__ot_all	target
NHP2	1	1	ot_all	native_string_phys700	intogen_temporal_new__to__ot_all	target
KCNC4	1	1	ot_all	native_string_phys700	intogen_temporal_new__to__ot_all	target
NSDHL	1	1	ot_all	native_string_phys700	intogen_temporal_new__to__ot_all	target
CDH11	1	1	ot_all	native_string_phys700	intogen_temporal_new__to__ot_all	target
TCF7L2	1	1	ot_all	native_string_phys700	intogen_temporal_new__to__ot_all	target
FTO	1	1	ot_all	native_string_phys700	intogen_temporal_new__to__ot_all	target
DLL4	1	1	ot_all	native_string_phys700	intogen_temporal_new__to__ot_all	target
SLF2	1	1	ot_all	native_string_phys700	intogen_temporal_new__to__ot_all	target
IKZF1	1	1	ot_all	native_string_phys700	intogen_temporal_new__to__ot_all	target
U2AF1	1	1	ot_all	native_string_phys700	intogen_temporal_new__to__ot_all	target
HRAS	1	1	ot_all	native_string_phys700	intogen_temporal_new__to__ot_all	target
IDH2	1	1	ot_all	native_string_phys700	intogen_temporal_new__to__ot_all	target
PSMA3	1	1	ot_all	native_string_phys700	intogen_temporal_new__to__ot_all	target
DCLRE1C	1	1	ot_all	native_string_phys700	intogen_temporal_new__to__ot_all	target
LATS2	1	1	ot_all	native_string_phys700	intogen_temporal_new__to__ot_all	target
FASLG	1	1	ot_all	native_string_phys700	intogen_temporal_new__to__ot_all	target
GRB2	1	1	ot_all	native_string_phys700	intogen_temporal_new__to__ot_all	target
HDAC6	1	1	ot_all	native_string_phys700	intogen_temporal_new__to__ot_all	target
DNMT3A	1	1	ot_all	native_string_phys700	intogen_temporal_new__to__ot_all	target
RTEL1	1	1	ot_all	native_string_phys700	intogen_temporal_new__to__ot_all	target
FGFR2	1	1	ot_all	native_string_phys700	intogen_temporal_new__to__ot_all	target
TNFRSF13B	1	1	ot_all	native_string_phys700	intogen_temporal_new__to__ot_all	target
ARID5B	1	1	ot_all	native_string_phys700	intogen_temporal_new__to__ot_all	target
IRF1	1	1	ot_all	native_string_phys700	intogen_temporal_new__to__ot_all	target
PSMB3	1	1	ot_all	native_string_phys700	intogen_temporal_new__to__ot_all	target
MAML3	1	1	ot_all	native_string_phys700	intogen_temporal_new__to__ot_all	target
ING1	1	1	ot_all	native_string_phys700	intogen_temporal_new__to__ot_all	target
GCGR	1	1	ot_all	native_string_phys700	intogen_temporal_new__to__ot_all	target
FAT1	1	1	ot_all	native_string_phys700	intogen_temporal_new__to__ot_all	target
CDC73	1	1	ot_all	native_string_phys700	intogen_temporal_new__to__ot_all	target
PSMA6	1	1	ot_all	native_string_phys700	intogen_temporal_new__to__ot_all	target
MARK3	1	1	ot_all	native_string_phys700	intogen_temporal_new__to__ot_all	target
MITF	1	1	ot_all	native_string_phys700	intogen_temporal_new__to__ot_all	target
FGF22	1	1	ot_all	native_string_phys700	intogen_temporal_new__to__ot_all	target
H3-3A	1	1	ot_all	native_string_phys700	intogen_temporal_new__to__ot_all	target
MAPK3	1	1	ot_all	native_string_phys700	intogen_temporal_new__to__ot_all	target
GNAS	1	1	ot_all	native_string_phys700	intogen_temporal_new__to__ot_all	target
VHL	1	1	ot_all	native_string_phys700	intogen_temporal_new__to__ot_all	target
IRF4	1	1	ot_all	native_string_phys700	intogen_temporal_new__to__ot_all	target
POLE2	1	1	ot_all	native_string_phys700	intogen_temporal_new__to__ot_all	target
DKC1	1	1	ot_all	native_string_phys700	intogen_temporal_new__to__ot_all	target
ATM	1	1	ot_all	native_string_phys700	intogen_temporal_new__to__ot_all	target
NFIA	1	1	ot_all	native_string_phys700	intogen_temporal_new__to__ot_all	target
CASP10	1	1	ot_all	native_string_phys700	intogen_temporal_new__to__ot_all	target
DNA2	1	1	ot_all	native_string_phys700	intogen_temporal_new__to__ot_all	target
DICER1	1	1	ot_all	native_string_phys700	intogen_temporal_new__to__ot_all	target
BRCA1	1	1	ot_all	native_string_phys700	intogen_temporal_new__to__ot_all	target
SMARCE1	1	1	ot_all	native_string_phys700	intogen_temporal_new__to__ot_all	target
FLT1	1	1	ot_all	native_string_phys700	intogen_temporal_new__to__ot_all	target
ACTG1	1	1	ot_all	native_string_phys700	intogen_temporal_new__to__ot_all	target
CBL	1	1	ot_all	native_string_phys700	intogen_temporal_new__to__ot_all	target
TUBB4A	1	1	ot_all	native_string_phys700	intogen_temporal_new__to__ot_all	target
HTR3A	1	1	ot_all	native_string_phys700	intogen_temporal_new__to__ot_all	target
LZTR1	1	1	ot_all	native_string_phys700	intogen_temporal_new__to__ot_all	target
MLH3	1	1	ot_all	native_string_phys700	intogen_temporal_new__to__ot_all	target
MSH2	1	1	ot_all	native_string_phys700	intogen_temporal_new__to__ot_all	target
PSMB2	1	1	ot_all	native_string_phys700	intogen_temporal_new__to__ot_all	target
FXR1	1	1	ot_all	native_string_phys700	intogen_temporal_new__to__ot_all	target
GOLGB1	1	1	ot_all	native_string_phys700	intogen_temporal_new__to__ot_all	target
SETD2	1	1	ot_all	native_string_phys700	intogen_temporal_new__to__ot_all	target
NF2	1	1	ot_all	native_string_phys700	intogen_temporal_new__to__ot_all	target
MYO18A	1	1	ot_all	native_string_phys700	intogen_temporal_new__to__ot_all	target
BCR	1	1	ot_all	native_string_phys700	intogen_temporal_new__to__ot_all	target
DCLRE1B	1	1	ot_all	native_string_phys700	intogen_temporal_new__to__ot_all	target
PSMB7	1	1	ot_all	native_string_phys700	intogen_temporal_new__to__ot_all	target
PSMC1	1	1	ot_all	native_string_phys700	intogen_temporal_new__to__ot_all	target
ARRB1	1	1	ot_all	native_string_phys700	intogen_temporal_new__to__ot_all	target
PSMC3	1	1	ot_all	native_string_phys700	intogen_temporal_new__to__ot_all	target
RRM2	1	1	ot_all	native_string_phys700	intogen_temporal_new__to__ot_all	target
PTCH1	1	1	ot_all	native_string_phys700	intogen_temporal_new__to__ot_all	target
LRRFIP1	1	1	ot_all	native_string_phys700	intogen_temporal_new__to__ot_all	target
RNF43	1	1	ot_all	native_string_phys700	intogen_temporal_new__to__ot_all	target
ERBB2	1	1	ot_all	native_string_phys700	intogen_temporal_new__to__ot_all	target
FBXO11	1	1	ot_all	native_string_phys700	intogen_temporal_new__to__ot_all	target
FGFR3	1	1	ot_all	native_string_phys700	intogen_temporal_new__to__ot_all	target
PSMA4	1	1	ot_all	native_string_phys700	intogen_temporal_new__to__ot_all	target
NF1	1	1	ot_all	native_string_phys700	intogen_temporal_new__to__ot_all	target
AMER1	1	1	ot_all	native_string_phys700	intogen_temporal_new__to__ot_all	target
DDX41	1	1	ot_all	native_string_phys700	intogen_temporal_new__to__ot_all	target
PARP2	1	1	ot_all	native_string_phys700	intogen_temporal_new__to__ot_all	target
FGF6	1	1	ot_all	native_string_phys700	intogen_temporal_new__to__ot_all	target
CUX1	1	1	ot_all	native_string_phys700	intogen_temporal_new__to__ot_all	target
TSC2	1	1	ot_all	native_string_phys700	intogen_temporal_new__to__ot_all	target
MUTYH	1	1	ot_all	native_string_phys700	intogen_temporal_new__to__ot_all	target
FGA	1	1	ot_all	native_string_phys700	intogen_temporal_new__to__ot_all	target
IDH1	1	1	ot_all	native_string_phys700	intogen_temporal_new__to__ot_all	target
SRSF2	1	1	ot_all	native_string_phys700	intogen_temporal_new__to__ot_all	target
PSMC4	1	1	ot_all	native_string_phys700	intogen_temporal_new__to__ot_all	target
MST1R	1	1	ot_all	native_string_phys700	intogen_temporal_new__to__ot_all	target
BTK	1	1	ot_all	native_string_phys700	intogen_temporal_new__to__ot_all	target
APC	1	1	ot_all	native_string_phys700	intogen_temporal_new__to__ot_all	target
TRIP13	1	1	ot_all	native_string_phys700	intogen_temporal_new__to__ot_all	target
BRAF	1	1	ot_all	native_string_phys700	intogen_temporal_new__to__ot_all	target
ASXL1	1	1	ot_all	native_string_phys700	intogen_temporal_new__to__ot_all	target
CRBN	1	1	ot_all	native_string_phys700	intogen_temporal_new__to__ot_all	target
TUBB	1	1	ot_all	native_string_phys700	intogen_temporal_new__to__ot_all	target
FYN	1	1	ot_all	native_string_phys700	intogen_temporal_new__to__ot_all	target
TUBB6	1	1	ot_all	native_string_phys700	intogen_temporal_new__to__ot_all	target
IGF2	1	1	ot_all	native_string_phys700	intogen_temporal_new__to__ot_all	target
ERBIN	1	1	ot_all	native_string_phys700	intogen_temporal_new__to__ot_all	target
JAK2	1	1	ot_all	native_string_phys700	intogen_temporal_new__to__ot_all	target
ENG	1	1	ot_all	native_string_phys700	intogen_temporal_new__to__ot_all	target
STK11	1	1	ot_all	native_string_phys700	intogen_temporal_new__to__ot_all	target
VCL	1	1	ot_all	native_string_phys700	intogen_temporal_new__to__ot_all	target
LAG3	1	1	ot_all	native_string_phys700	intogen_temporal_new__to__ot_all	target
PPP6C	1	1	ot_all	native_string_phys700	intogen_temporal_new__to__ot_all	target
TSC1	1	1	ot_all	native_string_phys700	intogen_temporal_new__to__ot_all	target
EGFR	1	1	ot_all	native_string_phys700	intogen_temporal_new__to__ot_all	target
AXIN1	1	1	ot_all	native_string_phys700	intogen_temporal_new__to__ot_all	target
MC1R	1	1	ot_all	native_string_phys700	intogen_temporal_new__to__ot_all	target
CDH23	1	1	ot_all	native_string_phys700	intogen_temporal_new__to__ot_all	target
NOP10	1	1	ot_all	native_string_phys700	intogen_temporal_new__to__ot_all	target
CDK4	1	1	ot_all	native_string_phys700	intogen_temporal_new__to__ot_all	target
PSMD2	1	1	ot_all	native_string_phys700	intogen_temporal_new__to__ot_all	target
KCNA5	1	1	ot_all	native_string_phys700	intogen_temporal_new__to__ot_all	target
TLR7	1	1	ot_all	native_string_phys700	intogen_temporal_new__to__ot_all	target
PDGFRB	1	1	ot_all	native_string_phys700	intogen_temporal_new__to__ot_all	target
KCND2	1	1	ot_all	native_string_phys700	intogen_temporal_new__to__ot_all	target
KCNH1	1	1	ot_all	native_string_phys700	intogen_temporal_new__to__ot_all	target
CYP17A1	1	1	ot_all	native_string_phys700	intogen_temporal_new__to__ot_all	target
FH	1	1	ot_all	native_string_phys700	intogen_temporal_new__to__ot_all	target
TINF2	1	1	ot_all	native_string_phys700	intogen_temporal_new__to__ot_all	target
RAG2	1	1	ot_all	native_string_phys700	intogen_temporal_new__to__ot_all	target
IQGAP1	1	1	ot_all	native_string_phys700	intogen_temporal_new__to__ot_all	target
NRAS	1	1	ot_all	native_string_phys700	intogen_temporal_new__to__ot_all	target
BCL2	1	1	ot_all	native_string_phys700	intogen_temporal_new__to__ot_all	target
RARA	1	1	ot_all	native_string_phys700	intogen_temporal_new__to__ot_all	target
KCNH2	1	1	ot_all	native_string_phys700	intogen_temporal_new__to__ot_all	target
KMT2C	1	1	ot_all	native_string_phys700	intogen_temporal_new__to__ot_all	target
FN1	1	1	ot_all	native_string_phys700	intogen_temporal_new__to__ot_all	target
ELMO2	1	1	ot_all	native_string_phys700	intogen_temporal_new__to__ot_all	target
MLH1	1	1	ot_all	native_string_phys700	intogen_temporal_new__to__ot_all	target
APBB1IP	1	1	ot_all	native_string_phys700	intogen_temporal_new__to__ot_all	target
AXIN2	1	1	ot_all	native_string_phys700	intogen_temporal_new__to__ot_all	target
BMPR1A	1	1	ot_all	native_string_phys700	intogen_temporal_new__to__ot_all	target
MAPK1	1	1	ot_all	native_string_phys700	intogen_temporal_new__to__ot_all	target
GPC3	1	1	ot_all	native_string_phys700	intogen_temporal_new__to__ot_all	target
EPHA2	1	1	ot_all	native_string_phys700	intogen_temporal_new__to__ot_all	target
HDAC1	1	1	ot_all	native_string_phys700	intogen_temporal_new__to__ot_all	target
SDHB	1	1	ot_all	native_string_phys700	intogen_temporal_new__to__ot_all	target
TUBB3	1	1	ot_all	native_string_phys700	intogen_temporal_new__to__ot_all	target
FRS2	1	1	ot_all	native_string_phys700	intogen_temporal_new__to__ot_all	target
RRM1	1	1	ot_all	native_string_phys700	intogen_temporal_new__to__ot_all	target
RAP1A	1	1	ot_all	native_string_phys700	intogen_temporal_new__to__ot_all	target
AKT1	1	1	ot_all	native_string_phys700	intogen_temporal_new__to__ot_all	target
FLT4	1	1	ot_all	native_string_phys700	intogen_temporal_new__to__ot_all	target
KCNC1	1	1	ot_all	native_string_phys700	intogen_temporal_new__to__ot_all	target
KEAP1	1	1	ot_all	native_string_phys700	intogen_temporal_new__to__ot_all	target
ITGB3	1	1	ot_all	native_string_phys700	intogen_temporal_new__to__ot_all	target
AKT2	1	1	ot_all	native_string_phys700	intogen_temporal_new__to__ot_all	target
EPHA3	1	1	ot_all	native_string_phys700	intogen_temporal_new__to__ot_all	target
BRIP1	1	1	ot_all	native_string_phys700	intogen_temporal_new__to__ot_all	target
RRM2B	1	1	ot_all	native_string_phys700	intogen_temporal_new__to__ot_all	target
SDHD	1	1	ot_all	native_string_phys700	intogen_temporal_new__to__ot_all	target
KHDC3L	1	1	ot_all	native_string_phys700	intogen_temporal_new__to__ot_all	target
MYC	1	1	ot_all	native_string_phys700	intogen_temporal_new__to__ot_all	target
VWF	1	1	ot_all	native_string_phys700	intogen_temporal_new__to__ot_all	target
TUBA4A	1	1	ot_all	native_string_phys700	intogen_temporal_new__to__ot_all	target
NOTCH3	1	1	ot_all	native_string_phys700	intogen_temporal_new__to__ot_all	target
MAML1	1	1	ot_all	native_string_phys700	intogen_temporal_new__to__ot_all	target
ACD	1	1	ot_all	native_string_phys700	intogen_temporal_new__to__ot_all	target
FGF9	1	1	ot_all	native_string_phys700	intogen_temporal_new__to__ot_all	target
MFN2	1	1	ot_all	native_string_phys700	intogen_temporal_new__to__ot_all	target
FGF10	1	1	ot_all	native_string_phys700	intogen_temporal_new__to__ot_all	target
BAG4	1	1	ot_all	native_string_phys700	intogen_temporal_new__to__ot_all	target
TP63	1	1	ot_all	native_string_phys700	intogen_temporal_new__to__ot_all	target
HOXB13	1	1	ot_all	native_string_phys700	intogen_temporal_new__to__ot_all	target
CEBPA	1	1	ot_all	native_string_phys700	intogen_temporal_new__to__ot_all	target
KDM5C	1	1	ot_all	native_string_phys700	intogen_temporal_new__to__ot_all	target
KAT2B	1	1	ot_all	native_string_phys700	intogen_temporal_new__to__ot_all	target
MYD88	1	1	ot_all	native_string_phys700	intogen_temporal_new__to__ot_all	target
SH3BP2	1	1	ot_all	native_string_phys700	intogen_temporal_new__to__ot_all	target
PRKCD	1	1	ot_all	native_string_phys700	intogen_temporal_new__to__ot_all	target
PSMB10	1	1	ot_all	native_string_phys700	intogen_temporal_new__to__ot_all	target
ADRM1	1	1	ot_all	native_string_phys700	intogen_temporal_new__to__ot_all	target
CYP11A1	1	1	ot_all	native_string_phys700	intogen_temporal_new__to__ot_all	target
MET	1	1	ot_all	native_string_phys700	intogen_temporal_new__to__ot_all	target
YWHAB	1	1	ot_all	native_string_phys700	intogen_temporal_new__to__ot_all	target
PSMD1	1	1	ot_all	native_string_phys700	intogen_temporal_new__to__ot_all	target
MAX	1	1	ot_all	native_string_phys700	intogen_temporal_new__to__ot_all	target
CD38	1	1	ot_all	native_string_phys700	intogen_temporal_new__to__ot_all	target
PDE3A	1	1	ot_all	native_string_phys700	intogen_temporal_new__to__ot_all	target
PSMD4	1	1	ot_all	native_string_phys700	intogen_temporal_new__to__ot_all	target
FGF18	1	1	ot_all	native_string_phys700	intogen_temporal_new__to__ot_all	target
POLA2	1	1	ot_all	native_string_phys700	intogen_temporal_new__to__ot_all	target
FGF3	1	1	ot_all	native_string_phys700	intogen_temporal_new__to__ot_all	target
SSTR3	1	1	ot_all	native_string_phys700	intogen_temporal_new__to__ot_all	target
PARP1	1	1	ot_all	native_string_phys700	intogen_temporal_new__to__ot_all	target
NRG1	1	1	ot_all	native_string_phys700	intogen_temporal_new__to__ot_all	target
RBX1	1	1	ot_all	native_string_phys700	intogen_temporal_new__to__ot_all	target
CD3D	1	1	ot_all	native_string_phys700	intogen_temporal_new__to__ot_all	target
BCL2L11	1	1	ot_all	native_string_phys700	intogen_temporal_new__to__ot_all	target
CHEK2	1	1	ot_all	native_string_phys700	intogen_temporal_new__to__ot_all	target
KCNG4	1	1	ot_all	native_string_phys700	intogen_temporal_new__to__ot_all	target
MAPK8	1	1	ot_all	native_string_phys700	intogen_temporal_new__to__ot_all	target
CASR	1	1	ot_all	native_string_phys700	intogen_temporal_new__to__ot_all	target
GATA3	1	1	ot_all	native_string_phys700	intogen_temporal_new__to__ot_all	target
PDE5A	1	1	ot_all	native_string_phys700	intogen_temporal_new__to__ot_all	target
PSMB11	1	1	ot_all	native_string_phys700	intogen_temporal_new__to__ot_all	target
DHH	1	1	ot_all	native_string_phys700	intogen_temporal_new__to__ot_all	target
PRKCB	1	1	ot_all	native_string_phys700	intogen_temporal_new__to__ot_all	target
TNFSF11	1	1	ot_all	native_string_phys700	intogen_temporal_new__to__ot_all	target
TFG	1	1	ot_all	native_string_phys700	intogen_temporal_new__to__ot_all	target
EPAS1	1	1	ot_all	native_string_phys700	intogen_temporal_new__to__ot_all	target
QKI	1	1	ot_all	native_string_phys700	intogen_temporal_new__to__ot_all	target
CD19	1	1	ot_all	native_string_phys700	intogen_temporal_new__to__ot_all	target
PTPN14	1	1	ot_all	native_string_phys700	intogen_temporal_new__to__ot_all	target
TEK	1	1	ot_all	native_string_phys700	intogen_temporal_new__to__ot_all	target
CTNNB1	1	1	ot_all	native_string_phys700	intogen_temporal_new__to__ot_all	target
SMAD4	1	1	ot_all	native_string_phys700	intogen_temporal_new__to__ot_all	target
FGF20	1	1	ot_all	native_string_phys700	intogen_temporal_new__to__ot_all	target
TOP1	1	1	ot_all	native_string_phys700	intogen_temporal_new__to__ot_all	target
CD3E	1	1	ot_all	native_string_phys700	intogen_temporal_new__to__ot_all	target
CLTC	1	1	ot_all	native_string_phys700	intogen_temporal_new__to__ot_all	target
TUBA1B	1	1	ot_all	native_string_phys700	intogen_temporal_new__to__ot_all	target
SPRTN	1	1	ot_all	native_string_phys700	intogen_temporal_new__to__ot_all	target
PSMC5	1	1	ot_all	native_string_phys700	intogen_temporal_new__to__ot_all	target
RUNX1	1	1	ot_all	native_string_phys700	intogen_temporal_new__to__ot_all	target
CD79B	1	1	ot_all	native_string_phys700	intogen_temporal_new__to__ot_all	target
SMARCA4	1	1	ot_all	native_string_phys700	intogen_temporal_new__to__ot_all	target
MEN1	1	1	ot_all	native_string_phys700	intogen_temporal_new__to__ot_all	target
CEP57	1	1	ot_all	native_string_phys700	intogen_temporal_new__to__ot_all	target
HDAC3	1	1	ot_all	native_string_phys700	intogen_temporal_new__to__ot_all	target
CALR	1	1	ot_all	native_string_phys700	intogen_temporal_new__to__ot_all	target
PSMA2	1	1	ot_all	native_string_phys700	intogen_temporal_new__to__ot_all	target
HNF1B	1	1	ot_all	native_string_phys700	intogen_temporal_new__to__ot_all	target
KCNA1	1	1	ot_all	native_string_phys700	intogen_temporal_new__to__ot_all	target
H3-3B	1	1	ot_all	native_string_phys700	intogen_temporal_new__to__ot_all	target
CSF3R	1	1	ot_all	native_string_phys700	intogen_temporal_new__to__ot_all	target
XPA	1	1	ot_all	native_string_phys700	intogen_temporal_new__to__ot_all	target
PIK3CB	1	1	ot_all	native_string_phys700	intogen_temporal_new__to__ot_all	target
STAT5A	1	1	ot_all	native_string_phys700	intogen_temporal_new__to__ot_all	target
CD3G	1	1	ot_all	native_string_phys700	intogen_temporal_new__to__ot_all	target
POLE3	1	1	ot_all	native_string_phys700	intogen_temporal_new__to__ot_all	target
RB1	1	1	ot_all	native_string_phys700	intogen_temporal_new__to__ot_all	target
CD52	1	1	ot_all	native_string_phys700	intogen_temporal_new__to__ot_all	target
DLL3	1	1	ot_all	native_string_phys700	intogen_temporal_new__to__ot_all	target
ITK	1	1	ot_all	native_string_phys700	intogen_temporal_new__to__ot_all	target
FANCD2	1	1	ot_all	native_string_phys700	intogen_temporal_new__to__ot_all	target
TGFB1	1	1	ot_all	native_string_phys700	intogen_temporal_new__to__ot_all	target
HCK	1	1	ot_all	native_string_phys700	intogen_temporal_new__to__ot_all	target
OGG1	1	1	ot_all	native_string_phys700	intogen_temporal_new__to__ot_all	target
SSTR2	1	1	ot_all	native_string_phys700	intogen_temporal_new__to__ot_all	target
TMCO1	1	0	ot_all	native_string_phys700	intogen_temporal_new__to__ot_all	background
MASP2	1	0	ot_all	native_string_phys700	intogen_temporal_new__to__ot_all	background
HACL1	1	0	ot_all	native_string_phys700	intogen_temporal_new__to__ot_all	background
RPTOR	1	0	ot_all	native_string_phys700	intogen_temporal_new__to__ot_all	background
MTX1	1	0	ot_all	native_string_phys700	intogen_temporal_new__to__ot_all	background
MBNL2	1	0	ot_all	native_string_phys700	intogen_temporal_new__to__ot_all	background
CACNA1C	1	0	ot_all	native_string_phys700	intogen_temporal_new__to__ot_all	background
HDAC8	1	0	ot_all	native_string_phys700	intogen_temporal_new__to__ot_all	background
GHR	1	0	ot_all	native_string_phys700	intogen_temporal_new__to__ot_all	background
MYH9	1	0	ot_all	native_string_phys700	intogen_temporal_new__to__ot_all	background
ACOT7	1	0	ot_all	native_string_phys700	intogen_temporal_new__to__ot_all	background
YWHAG	1	0	ot_all	native_string_phys700	intogen_temporal_new__to__ot_all	background
EIF4EBP1	1	0	ot_all	native_string_phys700	intogen_temporal_new__to__ot_all	background
RAVER1	1	0	ot_all	native_string_phys700	intogen_temporal_new__to__ot_all	background
CASTOR2	1	0	ot_all	native_string_phys700	intogen_temporal_new__to__ot_all	background
PON1	1	0	ot_all	native_string_phys700	intogen_temporal_new__to__ot_all	background
CLASP2	1	0	ot_all	native_string_phys700	intogen_temporal_new__to__ot_all	background
BOLA1	1	0	ot_all	native_string_phys700	intogen_temporal_new__to__ot_all	background
SRCAP	1	0	ot_all	native_string_phys700	intogen_temporal_new__to__ot_all	background
ATP23	1	0	ot_all	native_string_phys700	intogen_temporal_new__to__ot_all	background
NCOA1	1	0	ot_all	native_string_phys700	intogen_temporal_new__to__ot_all	background
C1QA	1	0	ot_all	native_string_phys700	intogen_temporal_new__to__ot_all	background
ATP1A4	1	0	ot_all	native_string_phys700	intogen_temporal_new__to__ot_all	background
TUBA8	1	0	ot_all	native_string_phys700	intogen_temporal_new__to__ot_all	background
NFKBIE	1	0	ot_all	native_string_phys700	intogen_temporal_new__to__ot_all	background
ITPKC	1	0	ot_all	native_string_phys700	intogen_temporal_new__to__ot_all	background
GABRA3	1	0	ot_all	native_string_phys700	intogen_temporal_new__to__ot_all	background
RPA1	1	0	ot_all	native_string_phys700	intogen_temporal_new__to__ot_all	background
MICU2	1	0	ot_all	native_string_phys700	intogen_temporal_new__to__ot_all	background
SNRPF	1	0	ot_all	native_string_phys700	intogen_temporal_new__to__ot_all	background
TCTE3	1	0	ot_all	native_string_phys700	intogen_temporal_new__to__ot_all	background
HAND2	1	0	ot_all	native_string_phys700	intogen_temporal_new__to__ot_all	background
E4F1	1	0	ot_all	native_string_phys700	intogen_temporal_new__to__ot_all	background
TBC1D5	1	0	ot_all	native_string_phys700	intogen_temporal_new__to__ot_all	background
GPR3	1	0	ot_all	native_string_phys700	intogen_temporal_new__to__ot_all	background
LRCH1	1	0	ot_all	native_string_phys700	intogen_temporal_new__to__ot_all	background
TMED2	1	0	ot_all	native_string_phys700	intogen_temporal_new__to__ot_all	background
EPB41L3	1	0	ot_all	native_string_phys700	intogen_temporal_new__to__ot_all	background
FMNL3	1	0	ot_all	native_string_phys700	intogen_temporal_new__to__ot_all	background
APOA4	1	0	ot_all	native_string_phys700	intogen_temporal_new__to__ot_all	background
KPNA6	1	0	ot_all	native_string_phys700	intogen_temporal_new__to__ot_all	background
TBX21	1	0	ot_all	native_string_phys700	intogen_temporal_new__to__ot_all	background
FBXL12	1	0	ot_all	native_string_phys700	intogen_temporal_new__to__ot_all	background
TLR2	1	0	ot_all	native_string_phys700	intogen_temporal_new__to__ot_all	background
SCNM1	1	0	ot_all	native_string_phys700	intogen_temporal_new__to__ot_all	background
ATP6V1C1	1	0	ot_all	native_string_phys700	intogen_temporal_new__to__ot_all	background
ANAPC16	1	0	ot_all	native_string_phys700	intogen_temporal_new__to__ot_all	background
PDCD10	1	0	ot_all	native_string_phys700	intogen_temporal_new__to__ot_all	background
PTGER4	1	0	ot_all	native_string_phys700	intogen_temporal_new__to__ot_all	background
UBR5	1	0	ot_all	native_string_phys700	intogen_temporal_new__to__ot_all	background
AAR2	1	0	ot_all	native_string_phys700	intogen_temporal_new__to__ot_all	background
BFSP2	1	0	ot_all	native_string_phys700	intogen_temporal_new__to__ot_all	background
RGL1	1	0	ot_all	native_string_phys700	intogen_temporal_new__to__ot_all	background
MRNIP	1	0	ot_all	native_string_phys700	intogen_temporal_new__to__ot_all	background
TTF1	1	0	ot_all	native_string_phys700	intogen_temporal_new__to__ot_all	background
RHOU	1	0	ot_all	native_string_phys700	intogen_temporal_new__to__ot_all	background
ACO2	1	0	ot_all	native_string_phys700	intogen_temporal_new__to__ot_all	background
PCDH7	1	0	ot_all	native_string_phys700	intogen_temporal_new__to__ot_all	background
CBX1	1	0	ot_all	native_string_phys700	intogen_temporal_new__to__ot_all	background
PDCD6	1	0	ot_all	native_string_phys700	intogen_temporal_new__to__ot_all	background
NACA-2	1	0	ot_all	native_string_phys700	intogen_temporal_new__to__ot_all	background
BTAF1	1	0	ot_all	native_string_phys700	intogen_temporal_new__to__ot_all	background
ARTN	1	0	ot_all	native_string_phys700	intogen_temporal_new__to__ot_all	background
AGRN	1	0	ot_all	native_string_phys700	intogen_temporal_new__to__ot_all	background
MCCC1	1	0	ot_all	native_string_phys700	intogen_temporal_new__to__ot_all	background
TTI2	1	0	ot_all	native_string_phys700	intogen_temporal_new__to__ot_all	background
ADD1	1	0	ot_all	native_string_phys700	intogen_temporal_new__to__ot_all	background
BOK	1	0	ot_all	native_string_phys700	intogen_temporal_new__to__ot_all	background
TCP1	1	0	ot_all	native_string_phys700	intogen_temporal_new__to__ot_all	background
UBE2E2	1	0	ot_all	native_string_phys700	intogen_temporal_new__to__ot_all	background
TJAP1	1	0	ot_all	native_string_phys700	intogen_temporal_new__to__ot_all	background
CDC42BPA	1	0	ot_all	native_string_phys700	intogen_temporal_new__to__ot_all	background
SNAP29	1	0	ot_all	native_string_phys700	intogen_temporal_new__to__ot_all	background
CHD9	1	0	ot_all	native_string_phys700	intogen_temporal_new__to__ot_all	background
FAN1	1	0	ot_all	native_string_phys700	intogen_temporal_new__to__ot_all	background
NMD3	1	0	ot_all	native_string_phys700	intogen_temporal_new__to__ot_all	background
RP2	1	0	ot_all	native_string_phys700	intogen_temporal_new__to__ot_all	background
GAGE12J	1	0	ot_all	native_string_phys700	intogen_temporal_new__to__ot_all	background
NLRP3	1	0	ot_all	native_string_phys700	intogen_temporal_new__to__ot_all	background
LIPG	1	0	ot_all	native_string_phys700	intogen_temporal_new__to__ot_all	background
ATF2	1	0	ot_all	native_string_phys700	intogen_temporal_new__to__ot_all	background
GABRE	1	0	ot_all	native_string_phys700	intogen_temporal_new__to__ot_all	background
RHOBTB2	1	0	ot_all	native_string_phys700	intogen_temporal_new__to__ot_all	background
SLC9A1	1	0	ot_all	native_string_phys700	intogen_temporal_new__to__ot_all	background
NRP2	1	0	ot_all	native_string_phys700	intogen_temporal_new__to__ot_all	background
TYSND1	1	0	ot_all	native_string_phys700	intogen_temporal_new__to__ot_all	background
ATP5PO	1	0	ot_all	native_string_phys700	intogen_temporal_new__to__ot_all	background
CPSF3	1	0	ot_all	native_string_phys700	intogen_temporal_new__to__ot_all	background
C9orf135	1	0	ot_all	native_string_phys700	intogen_temporal_new__to__ot_all	background
GSTT2B	1	0	ot_all	native_string_phys700	intogen_temporal_new__to__ot_all	background
KCTD2	1	0	ot_all	native_string_phys700	intogen_temporal_new__to__ot_all	background
H3C13	1	0	ot_all	native_string_phys700	intogen_temporal_new__to__ot_all	background
PDE2A	1	0	ot_all	native_string_phys700	intogen_temporal_new__to__ot_all	background
CLEC4M	1	0	ot_all	native_string_phys700	intogen_temporal_new__to__ot_all	background
SDC1	1	0	ot_all	native_string_phys700	intogen_temporal_new__to__ot_all	background
AEBP2	1	0	ot_all	native_string_phys700	intogen_temporal_new__to__ot_all	background
POLR1C	1	0	ot_all	native_string_phys700	intogen_temporal_new__to__ot_all	background
RACK1	1	0	ot_all	native_string_phys700	intogen_temporal_new__to__ot_all	background
GIPR	1	0	ot_all	native_string_phys700	intogen_temporal_new__to__ot_all	background
MYLPF	1	0	ot_all	native_string_phys700	intogen_temporal_new__to__ot_all	background
AMY1C	1	0	ot_all	native_string_phys700	intogen_temporal_new__to__ot_all	background
RLN1	1	0	ot_all	native_string_phys700	intogen_temporal_new__to__ot_all	background
MAGEA3	1	0	ot_all	native_string_phys700	intogen_temporal_new__to__ot_all	background
TNFAIP3	1	0	ot_all	native_string_phys700	intogen_temporal_new__to__ot_all	background
SUMO2	1	0	ot_all	native_string_phys700	intogen_temporal_new__to__ot_all	background
FZD9	1	0	ot_all	native_string_phys700	intogen_temporal_new__to__ot_all	background
RALYL	1	0	ot_all	native_string_phys700	intogen_temporal_new__to__ot_all	background
CCDC93	1	0	ot_all	native_string_phys700	intogen_temporal_new__to__ot_all	background
NTSR1	1	0	ot_all	native_string_phys700	intogen_temporal_new__to__ot_all	background
IK	1	0	ot_all	native_string_phys700	intogen_temporal_new__to__ot_all	background
ZRSR2	1	0	ot_all	native_string_phys700	intogen_temporal_new__to__ot_all	background
EIF2AK2	1	0	ot_all	native_string_phys700	intogen_temporal_new__to__ot_all	background
JUN	1	0	ot_all	native_string_phys700	intogen_temporal_new__to__ot_all	background
BGLAP	1	0	ot_all	native_string_phys700	intogen_temporal_new__to__ot_all	background
YEATS2	1	0	ot_all	native_string_phys700	intogen_temporal_new__to__ot_all	background
H2AZ1	1	0	ot_all	native_string_phys700	intogen_temporal_new__to__ot_all	background
GDF11	1	0	ot_all	native_string_phys700	intogen_temporal_new__to__ot_all	background
NCR3LG1	1	0	ot_all	native_string_phys700	intogen_temporal_new__to__ot_all	background
PSPN	1	0	ot_all	native_string_phys700	intogen_temporal_new__to__ot_all	background
HACD3	1	0	ot_all	native_string_phys700	intogen_temporal_new__to__ot_all	background
BCL11B	1	0	ot_all	native_string_phys700	intogen_temporal_new__to__ot_all	background
TBKBP1	1	0	ot_all	native_string_phys700	intogen_temporal_new__to__ot_all	background
SCN5A	1	0	ot_all	native_string_phys700	intogen_temporal_new__to__ot_all	background
PRMT3	1	0	ot_all	native_string_phys700	intogen_temporal_new__to__ot_all	background
SPHK1	1	0	ot_all	native_string_phys700	intogen_temporal_new__to__ot_all	background
LGALS7B	1	0	ot_all	native_string_phys700	intogen_temporal_new__to__ot_all	background
NUCKS1	1	0	ot_all	native_string_phys700	intogen_temporal_new__to__ot_all	background
IL20RA	1	0	ot_all	native_string_phys700	intogen_temporal_new__to__ot_all	background
PHGDH	1	0	ot_all	native_string_phys700	intogen_temporal_new__to__ot_all	background
CFLAR	1	0	ot_all	native_string_phys700	intogen_temporal_new__to__ot_all	background
NIPSNAP2	1	0	ot_all	native_string_phys700	intogen_temporal_new__to__ot_all	background
BAG6	1	0	ot_all	native_string_phys700	intogen_temporal_new__to__ot_all	background
UNC13A	1	0	ot_all	native_string_phys700	intogen_temporal_new__to__ot_all	background
PLXNA4	1	0	ot_all	native_string_phys700	intogen_temporal_new__to__ot_all	background
CACNG4	1	0	ot_all	native_string_phys700	intogen_temporal_new__to__ot_all	background
PIN1	1	0	ot_all	native_string_phys700	intogen_temporal_new__to__ot_all	background
ZFP36L2	1	0	ot_all	native_string_phys700	intogen_temporal_new__to__ot_all	background
RBM48	1	0	ot_all	native_string_phys700	intogen_temporal_new__to__ot_all	background
IRS4-2	1	0	ot_all	native_string_phys700	intogen_temporal_new__to__ot_all	background
CREB1	1	0	ot_all	native_string_phys700	intogen_temporal_new__to__ot_all	background
TRPV4	1	0	ot_all	native_string_phys700	intogen_temporal_new__to__ot_all	background
GOSR1	1	0	ot_all	native_string_phys700	intogen_temporal_new__to__ot_all	background
ADRA2A	1	0	ot_all	native_string_phys700	intogen_temporal_new__to__ot_all	background
CXCL11	1	0	ot_all	native_string_phys700	intogen_temporal_new__to__ot_all	background
ATF7	1	0	ot_all	native_string_phys700	intogen_temporal_new__to__ot_all	background
FXN	1	0	ot_all	native_string_phys700	intogen_temporal_new__to__ot_all	background
MEIOC	1	0	ot_all	native_string_phys700	intogen_temporal_new__to__ot_all	background
ATXN7	1	0	ot_all	native_string_phys700	intogen_temporal_new__to__ot_all	background
FCER1G	1	0	ot_all	native_string_phys700	intogen_temporal_new__to__ot_all	background
ATG7	1	0	ot_all	native_string_phys700	intogen_temporal_new__to__ot_all	background
VAV2	1	0	ot_all	native_string_phys700	intogen_temporal_new__to__ot_all	background
TAF1B	1	0	ot_all	native_string_phys700	intogen_temporal_new__to__ot_all	background
NLRP12	1	0	ot_all	native_string_phys700	intogen_temporal_new__to__ot_all	background
CS	1	0	ot_all	native_string_phys700	intogen_temporal_new__to__ot_all	background
PITPNM1	1	0	ot_all	native_string_phys700	intogen_temporal_new__to__ot_all	background
UBA1	1	0	ot_all	native_string_phys700	intogen_temporal_new__to__ot_all	background
BMP5	1	0	ot_all	native_string_phys700	intogen_temporal_new__to__ot_all	background
CD1D	1	0	ot_all	native_string_phys700	intogen_temporal_new__to__ot_all	background
CLDN11	1	0	ot_all	native_string_phys700	intogen_temporal_new__to__ot_all	background
COL21A1	1	0	ot_all	native_string_phys700	intogen_temporal_new__to__ot_all	background
HOOK3	1	0	ot_all	native_string_phys700	intogen_temporal_new__to__ot_all	background
GPATCH2	1	0	ot_all	native_string_phys700	intogen_temporal_new__to__ot_all	background
SHPRH	1	0	ot_all	native_string_phys700	intogen_temporal_new__to__ot_all	background
MRPS33	1	0	ot_all	native_string_phys700	intogen_temporal_new__to__ot_all	background
EPHA10	1	0	ot_all	native_string_phys700	intogen_temporal_new__to__ot_all	background
RGS5	1	0	ot_all	native_string_phys700	intogen_temporal_new__to__ot_all	background
BCAT1	1	0	ot_all	native_string_phys700	intogen_temporal_new__to__ot_all	background
HLA-DQB1	1	0	ot_all	native_string_phys700	intogen_temporal_new__to__ot_all	background
RTN3	1	0	ot_all	native_string_phys700	intogen_temporal_new__to__ot_all	background
TENM1	1	0	ot_all	native_string_phys700	intogen_temporal_new__to__ot_all	background
MAP1LC3A	1	0	ot_all	native_string_phys700	intogen_temporal_new__to__ot_all	background
BRK1	1	0	ot_all	native_string_phys700	intogen_temporal_new__to__ot_all	background
ZNF148	1	0	ot_all	native_string_phys700	intogen_temporal_new__to__ot_all	background
TLR1	1	0	ot_all	native_string_phys700	intogen_temporal_new__to__ot_all	background
S100A10	1	0	ot_all	native_string_phys700	intogen_temporal_new__to__ot_all	background
PPP1R3E	1	0	ot_all	native_string_phys700	intogen_temporal_new__to__ot_all	background
TRIM21	1	0	ot_all	native_string_phys700	intogen_temporal_new__to__ot_all	background
SUV39H1	1	0	ot_all	native_string_phys700	intogen_temporal_new__to__ot_all	background
KBTBD7	1	0	ot_all	native_string_phys700	intogen_temporal_new__to__ot_all	background
MRC2	1	0	ot_all	native_string_phys700	intogen_temporal_new__to__ot_all	background
SART3	1	0	ot_all	native_string_phys700	intogen_temporal_new__to__ot_all	background
MPIG6B	1	0	ot_all	native_string_phys700	intogen_temporal_new__to__ot_all	background
PPP3CA	1	0	ot_all	native_string_phys700	intogen_temporal_new__to__ot_all	background
RXFP1	1	0	ot_all	native_string_phys700	intogen_temporal_new__to__ot_all	background
COX15	1	0	ot_all	native_string_phys700	intogen_temporal_new__to__ot_all	background
ENSP00000487717	1	0	ot_all	native_string_phys700	intogen_temporal_new__to__ot_all	background
MYOD1	1	0	ot_all	native_string_phys700	intogen_temporal_new__to__ot_all	background
FANCM	1	0	ot_all	native_string_phys700	intogen_temporal_new__to__ot_all	background
MOCOS	1	0	ot_all	native_string_phys700	intogen_temporal_new__to__ot_all	background
TIMM10B	1	0	ot_all	native_string_phys700	intogen_temporal_new__to__ot_all	background
TSC22D3	1	0	ot_all	native_string_phys700	intogen_temporal_new__to__ot_all	background
CCM2	1	0	ot_all	native_string_phys700	intogen_temporal_new__to__ot_all	background
NAXE	1	0	ot_all	native_string_phys700	intogen_temporal_new__to__ot_all	background
SLC36A1	1	0	ot_all	native_string_phys700	intogen_temporal_new__to__ot_all	background
HAUS6	1	0	ot_all	native_string_phys700	intogen_temporal_new__to__ot_all	background
UQCRC1	1	0	ot_all	native_string_phys700	intogen_temporal_new__to__ot_all	background
PRMT6	1	0	ot_all	native_string_phys700	intogen_temporal_new__to__ot_all	background
DCAF15	1	0	ot_all	native_string_phys700	intogen_temporal_new__to__ot_all	background
WNT5B	1	0	ot_all	native_string_phys700	intogen_temporal_new__to__ot_all	background
BANF1	1	0	ot_all	native_string_phys700	intogen_temporal_new__to__ot_all	background
BLM	2	1	ot_all	native_string_phys700	intogen_temporal_new__to__ot_all	target
PSMD8	2	1	ot_all	native_string_phys700	intogen_temporal_new__to__ot_all	target
NEK9	2	1	ot_all	native_string_phys700	intogen_temporal_new__to__ot_all	target
HAX1	2	1	ot_all	native_string_phys700	intogen_temporal_new__to__ot_all	target
FGG	2	1	ot_all	native_string_phys700	intogen_temporal_new__to__ot_all	target
FAS	2	1	ot_all	native_string_phys700	intogen_temporal_new__to__ot_all	target
CASP8	2	1	ot_all	native_string_phys700	intogen_temporal_new__to__ot_all	target
PSMB5	2	1	ot_all	native_string_phys700	intogen_temporal_new__to__ot_all	target
EXO1	2	1	ot_all	native_string_phys700	intogen_temporal_new__to__ot_all	target
ESRP1	2	1	ot_all	native_string_phys700	intogen_temporal_new__to__ot_all	target
ERBB3	2	1	ot_all	native_string_phys700	intogen_temporal_new__to__ot_all	target
MAML2	2	1	ot_all	native_string_phys700	intogen_temporal_new__to__ot_all	target
KIT	2	1	ot_all	native_string_phys700	intogen_temporal_new__to__ot_all	target
SOS1	2	1	ot_all	native_string_phys700	intogen_temporal_new__to__ot_all	target
ANTXR2	2	1	ot_all	native_string_phys700	intogen_temporal_new__to__ot_all	target
GART	2	1	ot_all	native_string_phys700	intogen_temporal_new__to__ot_all	target
PDGFRA	2	1	ot_all	native_string_phys700	intogen_temporal_new__to__ot_all	target
CDKN2A	2	1	ot_all	native_string_phys700	intogen_temporal_new__to__ot_all	target
PTPN11	2	1	ot_all	native_string_phys700	intogen_temporal_new__to__ot_all	target
PSMB4	2	1	ot_all	native_string_phys700	intogen_temporal_new__to__ot_all	target
MSH6	2	1	ot_all	native_string_phys700	intogen_temporal_new__to__ot_all	target
SEM1	2	1	ot_all	native_string_phys700	intogen_temporal_new__to__ot_all	target
SF3B1	2	1	ot_all	native_string_phys700	intogen_temporal_new__to__ot_all	target
PIK3R1	2	1	ot_all	native_string_phys700	intogen_temporal_new__to__ot_all	target
WRAP53	2	1	ot_all	native_string_phys700	intogen_temporal_new__to__ot_all	target
TNFRSF14	2	1	ot_all	native_string_phys700	intogen_temporal_new__to__ot_all	target
KIF5B	2	1	ot_all	native_string_phys700	intogen_temporal_new__to__ot_all	target
HBEGF	2	1	ot_all	native_string_phys700	intogen_temporal_new__to__ot_all	target
RBPJ	2	1	ot_all	native_string_phys700	intogen_temporal_new__to__ot_all	target
SSTR4	2	1	ot_all	native_string_phys700	intogen_temporal_new__to__ot_all	target
ITGA2B	2	1	ot_all	native_string_phys700	intogen_temporal_new__to__ot_all	target
FOXA1	2	1	ot_all	native_string_phys700	intogen_temporal_new__to__ot_all	target
ELP1	2	1	ot_all	native_string_phys700	intogen_temporal_new__to__ot_all	target
RARB	2	1	ot_all	native_string_phys700	intogen_temporal_new__to__ot_all	target
PBRM1	2	1	ot_all	native_string_phys700	intogen_temporal_new__to__ot_all	target
CDH1	2	1	ot_all	native_string_phys700	intogen_temporal_new__to__ot_all	target
RET	2	1	ot_all	native_string_phys700	intogen_temporal_new__to__ot_all	target
WIPF1	2	1	ot_all	native_string_phys700	intogen_temporal_new__to__ot_all	target
SSTR5	2	1	ot_all	native_string_phys700	intogen_temporal_new__to__ot_all	target
CRIPT	2	1	ot_all	native_string_phys700	intogen_temporal_new__to__ot_all	target
AKR1C2	2	1	ot_all	native_string_phys700	intogen_temporal_new__to__ot_all	target
SDHC	2	1	ot_all	native_string_phys700	intogen_temporal_new__to__ot_all	target
IFNAR2	2	1	ot_all	native_string_phys700	intogen_temporal_new__to__ot_all	target
CDK6	2	1	ot_all	native_string_phys700	intogen_temporal_new__to__ot_all	target
RBM10	2	1	ot_all	native_string_phys700	intogen_temporal_new__to__ot_all	target
CD74	2	1	ot_all	native_string_phys700	intogen_temporal_new__to__ot_all	target
POLA1	2	1	ot_all	native_string_phys700	intogen_temporal_new__to__ot_all	target
BAP1	2	1	ot_all	native_string_phys700	intogen_temporal_new__to__ot_all	target
SHC1	2	1	ot_all	native_string_phys700	intogen_temporal_new__to__ot_all	target
CD33	2	1	ot_all	native_string_phys700	intogen_temporal_new__to__ot_all	target
EML4	2	1	ot_all	native_string_phys700	intogen_temporal_new__to__ot_all	target
NRG3	2	1	ot_all	native_string_phys700	intogen_temporal_new__to__ot_all	target
XPO1	2	1	ot_all	native_string_phys700	intogen_temporal_new__to__ot_all	target
TOP2B	2	1	ot_all	native_string_phys700	intogen_temporal_new__to__ot_all	target
CLIP1	2	1	ot_all	native_string_phys700	intogen_temporal_new__to__ot_all	target
PIK3CD	2	1	ot_all	native_string_phys700	intogen_temporal_new__to__ot_all	target
FGF2	2	1	ot_all	native_string_phys700	intogen_temporal_new__to__ot_all	target
MAP2K2	2	1	ot_all	native_string_phys700	intogen_temporal_new__to__ot_all	target
TRIP11	2	1	ot_all	native_string_phys700	intogen_temporal_new__to__ot_all	target
ACTB	2	1	ot_all	native_string_phys700	intogen_temporal_new__to__ot_all	target
PSMB1	2	1	ot_all	native_string_phys700	intogen_temporal_new__to__ot_all	target
NBN	2	1	ot_all	native_string_phys700	intogen_temporal_new__to__ot_all	target
PSMA1	2	1	ot_all	native_string_phys700	intogen_temporal_new__to__ot_all	target
TACR1	2	1	ot_all	native_string_phys700	intogen_temporal_new__to__ot_all	target
CDKN1B	2	1	ot_all	native_string_phys700	intogen_temporal_new__to__ot_all	target
SPOP	2	1	ot_all	native_string_phys700	intogen_temporal_new__to__ot_all	target
PITX2	2	1	ot_all	native_string_phys700	intogen_temporal_new__to__ot_all	target
CUL4A	2	1	ot_all	native_string_phys700	intogen_temporal_new__to__ot_all	target
CTC1	2	1	ot_all	native_string_phys700	intogen_temporal_new__to__ot_all	target
SRGAP1	2	1	ot_all	native_string_phys700	intogen_temporal_new__to__ot_all	target
FGFR4	2	1	ot_all	native_string_phys700	intogen_temporal_new__to__ot_all	target
CDKN1A	2	1	ot_all	native_string_phys700	intogen_temporal_new__to__ot_all	target
DDX3X	2	1	ot_all	native_string_phys700	intogen_temporal_new__to__ot_all	target
TXNRD1	2	1	ot_all	native_string_phys700	intogen_temporal_new__to__ot_all	target
KAT2A	2	1	ot_all	native_string_phys700	intogen_temporal_new__to__ot_all	target
POLE	2	1	ot_all	native_string_phys700	intogen_temporal_new__to__ot_all	target
NRG4	2	1	ot_all	native_string_phys700	intogen_temporal_new__to__ot_all	target
BRCA2	2	1	ot_all	native_string_phys700	intogen_temporal_new__to__ot_all	target
CSK	2	1	ot_all	native_string_phys700	intogen_temporal_new__to__ot_all	target
WAS	2	1	ot_all	native_string_phys700	intogen_temporal_new__to__ot_all	target
ARRB2	2	1	ot_all	native_string_phys700	intogen_temporal_new__to__ot_all	target
FDPS	2	1	ot_all	native_string_phys700	intogen_temporal_new__to__ot_all	target
PDCD1	2	1	ot_all	native_string_phys700	intogen_temporal_new__to__ot_all	target
PDE3B	2	1	ot_all	native_string_phys700	intogen_temporal_new__to__ot_all	target
ERLIN2	2	1	ot_all	native_string_phys700	intogen_temporal_new__to__ot_all	target
NFE2L2	2	1	ot_all	native_string_phys700	intogen_temporal_new__to__ot_all	target
NTRK1	2	1	ot_all	native_string_phys700	intogen_temporal_new__to__ot_all	target
PRKAR1A	2	1	ot_all	native_string_phys700	intogen_temporal_new__to__ot_all	target
EP300	2	1	ot_all	native_string_phys700	intogen_temporal_new__to__ot_all	target
FKBP1A	2	1	ot_all	native_string_phys700	intogen_temporal_new__to__ot_all	target
KSR2	2	1	ot_all	native_string_phys700	intogen_temporal_new__to__ot_all	target
SMO	2	1	ot_all	native_string_phys700	intogen_temporal_new__to__ot_all	target
PSMB9	2	1	ot_all	native_string_phys700	intogen_temporal_new__to__ot_all	target
FGF8	2	1	ot_all	native_string_phys700	intogen_temporal_new__to__ot_all	target
XDH	2	1	ot_all	native_string_phys700	intogen_temporal_new__to__ot_all	target
MRE11	2	1	ot_all	native_string_phys700	intogen_temporal_new__to__ot_all	target
YES1	2	1	ot_all	native_string_phys700	intogen_temporal_new__to__ot_all	target
SRC	2	1	ot_all	native_string_phys700	intogen_temporal_new__to__ot_all	target
MBD4	2	1	ot_all	native_string_phys700	intogen_temporal_new__to__ot_all	target
KRAS	2	1	ot_all	native_string_phys700	intogen_temporal_new__to__ot_all	target
FGF23	2	1	ot_all	native_string_phys700	intogen_temporal_new__to__ot_all	target
ESR2	2	1	ot_all	native_string_phys700	intogen_temporal_new__to__ot_all	target
STAT5B	2	1	ot_all	native_string_phys700	intogen_temporal_new__to__ot_all	target
PRIM2	2	1	ot_all	native_string_phys700	intogen_temporal_new__to__ot_all	target
GAB1	2	1	ot_all	native_string_phys700	intogen_temporal_new__to__ot_all	target
CCDC6	2	1	ot_all	native_string_phys700	intogen_temporal_new__to__ot_all	target
POLD2	2	1	ot_all	native_string_phys700	intogen_temporal_new__to__ot_all	target
ARID2	2	1	ot_all	native_string_phys700	intogen_temporal_new__to__ot_all	target
NRG2	2	1	ot_all	native_string_phys700	intogen_temporal_new__to__ot_all	target
GATA2	2	1	ot_all	native_string_phys700	intogen_temporal_new__to__ot_all	target
PSMB8	2	1	ot_all	native_string_phys700	intogen_temporal_new__to__ot_all	target
ANAPC1	2	1	ot_all	native_string_phys700	intogen_temporal_new__to__ot_all	target
DDB1	2	1	ot_all	native_string_phys700	intogen_temporal_new__to__ot_all	target
TET2	2	1	ot_all	native_string_phys700	intogen_temporal_new__to__ot_all	target
FGF5	2	1	ot_all	native_string_phys700	intogen_temporal_new__to__ot_all	target
KCND1	2	1	ot_all	native_string_phys700	intogen_temporal_new__to__ot_all	target
KCNA6	2	1	ot_all	native_string_phys700	intogen_temporal_new__to__ot_all	target
JAG1	2	1	ot_all	native_string_phys700	intogen_temporal_new__to__ot_all	target
SMC5	2	1	ot_all	native_string_phys700	intogen_temporal_new__to__ot_all	target
STRN	2	1	ot_all	native_string_phys700	intogen_temporal_new__to__ot_all	target
KCNQ1	2	1	ot_all	native_string_phys700	intogen_temporal_new__to__ot_all	target
CDC37	2	1	ot_all	native_string_phys700	intogen_temporal_new__to__ot_all	target
GAB2	2	1	ot_all	native_string_phys700	intogen_temporal_new__to__ot_all	target
HSP90AA1	2	1	ot_all	native_string_phys700	intogen_temporal_new__to__ot_all	target
BCL9L	2	1	ot_all	native_string_phys700	intogen_temporal_new__to__ot_all	target
KMT2D	2	1	ot_all	native_string_phys700	intogen_temporal_new__to__ot_all	target
CDK12	2	1	ot_all	native_string_phys700	intogen_temporal_new__to__ot_all	target
ZFHX3	2	1	ot_all	native_string_phys700	intogen_temporal_new__to__ot_all	target
KCND3	2	1	ot_all	native_string_phys700	intogen_temporal_new__to__ot_all	target
TUBA3E	2	1	ot_all	native_string_phys700	intogen_temporal_new__to__ot_all	target
BTC	2	1	ot_all	native_string_phys700	intogen_temporal_new__to__ot_all	target
KCNA3	2	1	ot_all	native_string_phys700	intogen_temporal_new__to__ot_all	target
TOP2A	2	1	ot_all	native_string_phys700	intogen_temporal_new__to__ot_all	target
MAP2K1	2	1	ot_all	native_string_phys700	intogen_temporal_new__to__ot_all	target
TUBA1C	2	1	ot_all	native_string_phys700	intogen_temporal_new__to__ot_all	target
PSMC2	2	1	ot_all	native_string_phys700	intogen_temporal_new__to__ot_all	target
AR	2	1	ot_all	native_string_phys700	intogen_temporal_new__to__ot_all	target
OCA2	2	1	ot_all	native_string_phys700	intogen_temporal_new__to__ot_all	target
KSR1	2	1	ot_all	native_string_phys700	intogen_temporal_new__to__ot_all	target
ATR	2	1	ot_all	native_string_phys700	intogen_temporal_new__to__ot_all	target
ERCC2	2	1	ot_all	native_string_phys700	intogen_temporal_new__to__ot_all	target
FLT3	2	1	ot_all	native_string_phys700	intogen_temporal_new__to__ot_all	target
KDM6A	2	1	ot_all	native_string_phys700	intogen_temporal_new__to__ot_all	target
PAX6	2	1	ot_all	native_string_phys700	intogen_temporal_new__to__ot_all	target
MAPK11	2	1	ot_all	native_string_phys700	intogen_temporal_new__to__ot_all	target
PSMA8	2	1	ot_all	native_string_phys700	intogen_temporal_new__to__ot_all	target
TUBA1A	2	1	ot_all	native_string_phys700	intogen_temporal_new__to__ot_all	target
ACVR1	2	1	ot_all	native_string_phys700	intogen_temporal_new__to__ot_all	target
CNKSR1	2	1	ot_all	native_string_phys700	intogen_temporal_new__to__ot_all	target
MT-CO1	2	1	ot_all	native_string_phys700	intogen_temporal_new__to__ot_all	target
EPOR	2	1	ot_all	native_string_phys700	intogen_temporal_new__to__ot_all	target
LMNA	2	1	ot_all	native_string_phys700	intogen_temporal_new__to__ot_all	target
CPSF6	2	1	ot_all	native_string_phys700	intogen_temporal_new__to__ot_all	target
AXL	2	1	ot_all	native_string_phys700	intogen_temporal_new__to__ot_all	target
PSMD3	2	1	ot_all	native_string_phys700	intogen_temporal_new__to__ot_all	target
CREBBP	2	1	ot_all	native_string_phys700	intogen_temporal_new__to__ot_all	target
TUBB2B	2	1	ot_all	native_string_phys700	intogen_temporal_new__to__ot_all	target
HAVCR2	2	1	ot_all	native_string_phys700	intogen_temporal_new__to__ot_all	target
FGF1	2	1	ot_all	native_string_phys700	intogen_temporal_new__to__ot_all	target
TGFBR2	2	1	ot_all	native_string_phys700	intogen_temporal_new__to__ot_all	target
SSTR1	2	1	ot_all	native_string_phys700	intogen_temporal_new__to__ot_all	target
PRKN	2	1	ot_all	native_string_phys700	intogen_temporal_new__to__ot_all	target
FGFR1OP2	2	1	ot_all	native_string_phys700	intogen_temporal_new__to__ot_all	target
WT1	2	1	ot_all	native_string_phys700	intogen_temporal_new__to__ot_all	target
HDAC2	2	1	ot_all	native_string_phys700	intogen_temporal_new__to__ot_all	target
KCNB1	2	1	ot_all	native_string_phys700	intogen_temporal_new__to__ot_all	target
NR3C1	2	1	ot_all	native_string_phys700	intogen_temporal_new__to__ot_all	target
RARG	2	1	ot_all	native_string_phys700	intogen_temporal_new__to__ot_all	target
STAT3	2	1	ot_all	native_string_phys700	intogen_temporal_new__to__ot_all	target
ARID1A	2	1	ot_all	native_string_phys700	intogen_temporal_new__to__ot_all	target
JAG2	2	1	ot_all	native_string_phys700	intogen_temporal_new__to__ot_all	target
PSMB6	2	1	ot_all	native_string_phys700	intogen_temporal_new__to__ot_all	target
TRIM28	2	1	ot_all	native_string_phys700	intogen_temporal_new__to__ot_all	target
PSMD13	2	1	ot_all	native_string_phys700	intogen_temporal_new__to__ot_all	target
JAK1	2	1	ot_all	native_string_phys700	intogen_temporal_new__to__ot_all	target
TUBB4B	2	1	ot_all	native_string_phys700	intogen_temporal_new__to__ot_all	target
TYK2	2	1	ot_all	native_string_phys700	intogen_temporal_new__to__ot_all	target
SDC4	2	1	ot_all	native_string_phys700	intogen_temporal_new__to__ot_all	target
RAD51D	2	1	ot_all	native_string_phys700	intogen_temporal_new__to__ot_all	target
PSMD7	2	1	ot_all	native_string_phys700	intogen_temporal_new__to__ot_all	target
TRIM24	2	1	ot_all	native_string_phys700	intogen_temporal_new__to__ot_all	target
PSMD11	2	1	ot_all	native_string_phys700	intogen_temporal_new__to__ot_all	target
PSMA5	2	1	ot_all	native_string_phys700	intogen_temporal_new__to__ot_all	target
OPRM1	2	1	ot_all	native_string_phys700	intogen_temporal_new__to__ot_all	target
ETV6	2	1	ot_all	native_string_phys700	intogen_temporal_new__to__ot_all	target
MPRIP	2	1	ot_all	native_string_phys700	intogen_temporal_new__to__ot_all	target
POLD3	2	1	ot_all	native_string_phys700	intogen_temporal_new__to__ot_all	target
TUBB1	2	1	ot_all	native_string_phys700	intogen_temporal_new__to__ot_all	target
SNW1	2	1	ot_all	native_string_phys700	intogen_temporal_new__to__ot_all	target
PIK3CG	2	1	ot_all	native_string_phys700	intogen_temporal_new__to__ot_all	target
TLN1	2	1	ot_all	native_string_phys700	intogen_temporal_new__to__ot_all	target
RECQL4	2	1	ot_all	native_string_phys700	intogen_temporal_new__to__ot_all	target
KCNA10	2	1	ot_all	native_string_phys700	intogen_temporal_new__to__ot_all	target
NLRP7	2	1	ot_all	native_string_phys700	intogen_temporal_new__to__ot_all	target
ESR1	2	1	ot_all	native_string_phys700	intogen_temporal_new__to__ot_all	target
PGR	2	1	ot_all	native_string_phys700	intogen_temporal_new__to__ot_all	target
KCNA2	2	1	ot_all	native_string_phys700	intogen_temporal_new__to__ot_all	target
PLCG1	2	1	ot_all	native_string_phys700	intogen_temporal_new__to__ot_all	target
ALK	2	1	ot_all	native_string_phys700	intogen_temporal_new__to__ot_all	target
NOTCH1	2	1	ot_all	native_string_phys700	intogen_temporal_new__to__ot_all	target
LCK	2	1	ot_all	native_string_phys700	intogen_temporal_new__to__ot_all	target
CDKN1C	2	1	ot_all	native_string_phys700	intogen_temporal_new__to__ot_all	target
FGF17	2	1	ot_all	native_string_phys700	intogen_temporal_new__to__ot_all	target
AIP	2	1	ot_all	native_string_phys700	intogen_temporal_new__to__ot_all	target
NTRK3	2	1	ot_all	native_string_phys700	intogen_temporal_new__to__ot_all	target
FGF4	2	1	ot_all	native_string_phys700	intogen_temporal_new__to__ot_all	target
PSMC6	2	1	ot_all	native_string_phys700	intogen_temporal_new__to__ot_all	target
PMS2	2	1	ot_all	native_string_phys700	intogen_temporal_new__to__ot_all	target
NPM1	2	1	ot_all	native_string_phys700	intogen_temporal_new__to__ot_all	target
FGB	2	1	ot_all	native_string_phys700	intogen_temporal_new__to__ot_all	target
PSMD14	2	1	ot_all	native_string_phys700	intogen_temporal_new__to__ot_all	target
ABL1	2	1	ot_all	native_string_phys700	intogen_temporal_new__to__ot_all	target
PIK3R2	2	1	ot_all	native_string_phys700	intogen_temporal_new__to__ot_all	target
POLD1	2	1	ot_all	native_string_phys700	intogen_temporal_new__to__ot_all	target
GPR161	2	1	ot_all	native_string_phys700	intogen_temporal_new__to__ot_all	target
TP53	2	1	ot_all	native_string_phys700	intogen_temporal_new__to__ot_all	target
TACSTD2	2	1	ot_all	native_string_phys700	intogen_temporal_new__to__ot_all	target
CYLD	2	1	ot_all	native_string_phys700	intogen_temporal_new__to__ot_all	target
FLCN	2	1	ot_all	native_string_phys700	intogen_temporal_new__to__ot_all	target
ATP4B	2	1	ot_all	native_string_phys700	intogen_temporal_new__to__ot_all	target
DLST	2	1	ot_all	native_string_phys700	intogen_temporal_new__to__ot_all	target
TNFRSF17	2	1	ot_all	native_string_phys700	intogen_temporal_new__to__ot_all	target
NTHL1	2	1	ot_all	native_string_phys700	intogen_temporal_new__to__ot_all	target
TUBB8	2	1	ot_all	native_string_phys700	intogen_temporal_new__to__ot_all	target
KCNH6	2	1	ot_all	native_string_phys700	intogen_temporal_new__to__ot_all	target
PSMA7	2	1	ot_all	native_string_phys700	intogen_temporal_new__to__ot_all	target
SDHAF2	2	1	ot_all	native_string_phys700	intogen_temporal_new__to__ot_all	target
EGF	2	1	ot_all	native_string_phys700	intogen_temporal_new__to__ot_all	target
CTLA4	2	1	ot_all	native_string_phys700	intogen_temporal_new__to__ot_all	target
FGFR1	2	1	ot_all	native_string_phys700	intogen_temporal_new__to__ot_all	target
SMARCB1	2	1	ot_all	native_string_phys700	intogen_temporal_new__to__ot_all	target
KLK3	2	1	ot_all	native_string_phys700	intogen_temporal_new__to__ot_all	target
PARN	2	1	ot_all	native_string_phys700	intogen_temporal_new__to__ot_all	target
ERBB4	2	1	ot_all	native_string_phys700	intogen_temporal_new__to__ot_all	target
FRK	2	1	ot_all	native_string_phys700	intogen_temporal_new__to__ot_all	target
PTEN	2	1	ot_all	native_string_phys700	intogen_temporal_new__to__ot_all	target
RSPO1	2	1	ot_all	native_string_phys700	intogen_temporal_new__to__ot_all	target
PRIM1	2	1	ot_all	native_string_phys700	intogen_temporal_new__to__ot_all	target
EREG	2	1	ot_all	native_string_phys700	intogen_temporal_new__to__ot_all	target
RAF1	2	1	ot_all	native_string_phys700	intogen_temporal_new__to__ot_all	target
BUB1B	2	1	ot_all	native_string_phys700	intogen_temporal_new__to__ot_all	target
FGF16	2	1	ot_all	native_string_phys700	intogen_temporal_new__to__ot_all	target
DNMT1	2	1	ot_all	native_string_phys700	intogen_temporal_new__to__ot_all	target
PAX3	2	1	ot_all	native_string_phys700	intogen_temporal_new__to__ot_all	target
EPCAM	2	1	ot_all	native_string_phys700	intogen_temporal_new__to__ot_all	target
ATRX	2	1	ot_all	native_string_phys700	intogen_temporal_new__to__ot_all	target
PSMD12	2	1	ot_all	native_string_phys700	intogen_temporal_new__to__ot_all	target
ATP4A	2	1	ot_all	native_string_phys700	intogen_temporal_new__to__ot_all	target
RAD51C	2	1	ot_all	native_string_phys700	intogen_temporal_new__to__ot_all	target
POT1	2	1	ot_all	native_string_phys700	intogen_temporal_new__to__ot_all	target
KCNA4	2	1	ot_all	native_string_phys700	intogen_temporal_new__to__ot_all	target
AKT3	2	1	ot_all	native_string_phys700	intogen_temporal_new__to__ot_all	target
FBXW7	2	1	ot_all	native_string_phys700	intogen_temporal_new__to__ot_all	target
PIK3CA	2	1	ot_all	native_string_phys700	intogen_temporal_new__to__ot_all	target
TNFRSF8	2	1	ot_all	native_string_phys700	intogen_temporal_new__to__ot_all	target
TBL1XR1	2	1	ot_all	native_string_phys700	intogen_temporal_new__to__ot_all	target
CXCR4	2	1	ot_all	native_string_phys700	intogen_temporal_new__to__ot_all	target
PSMD6	2	1	ot_all	native_string_phys700	intogen_temporal_new__to__ot_all	target
B2M	2	1	ot_all	native_string_phys700	intogen_temporal_new__to__ot_all	target
POLD4	2	1	ot_all	native_string_phys700	intogen_temporal_new__to__ot_all	target
SPTBN1	2	1	ot_all	native_string_phys700	intogen_temporal_new__to__ot_all	target
EZH2	2	1	ot_all	native_string_phys700	intogen_temporal_new__to__ot_all	target
IFNAR1	2	1	ot_all	native_string_phys700	intogen_temporal_new__to__ot_all	target
FGF7	2	1	ot_all	native_string_phys700	intogen_temporal_new__to__ot_all	target
CCND1	2	1	ot_all	native_string_phys700	intogen_temporal_new__to__ot_all	target
MSH3	2	1	ot_all	native_string_phys700	intogen_temporal_new__to__ot_all	target
ATIC	2	1	ot_all	native_string_phys700	intogen_temporal_new__to__ot_all	target
MS4A1	2	1	ot_all	native_string_phys700	intogen_temporal_new__to__ot_all	target
CYP19A1	2	1	ot_all	native_string_phys700	intogen_temporal_new__to__ot_all	target
JAK3	2	1	ot_all	native_string_phys700	intogen_temporal_new__to__ot_all	target
TUBB2A	2	1	ot_all	native_string_phys700	intogen_temporal_new__to__ot_all	target
CD22	2	1	ot_all	native_string_phys700	intogen_temporal_new__to__ot_all	target
KDR	2	1	ot_all	native_string_phys700	intogen_temporal_new__to__ot_all	target
NHP2	2	1	ot_all	native_string_phys700	intogen_temporal_new__to__ot_all	target
KCNC4	2	1	ot_all	native_string_phys700	intogen_temporal_new__to__ot_all	target
NSDHL	2	1	ot_all	native_string_phys700	intogen_temporal_new__to__ot_all	target
CDH11	2	1	ot_all	native_string_phys700	intogen_temporal_new__to__ot_all	target
TCF7L2	2	1	ot_all	native_string_phys700	intogen_temporal_new__to__ot_all	target
FTO	2	1	ot_all	native_string_phys700	intogen_temporal_new__to__ot_all	target
DLL4	2	1	ot_all	native_string_phys700	intogen_temporal_new__to__ot_all	target
SLF2	2	1	ot_all	native_string_phys700	intogen_temporal_new__to__ot_all	target
IKZF1	2	1	ot_all	native_string_phys700	intogen_temporal_new__to__ot_all	target
U2AF1	2	1	ot_all	native_string_phys700	intogen_temporal_new__to__ot_all	target
HRAS	2	1	ot_all	native_string_phys700	intogen_temporal_new__to__ot_all	target
IDH2	2	1	ot_all	native_string_phys700	intogen_temporal_new__to__ot_all	target
PSMA3	2	1	ot_all	native_string_phys700	intogen_temporal_new__to__ot_all	target
DCLRE1C	2	1	ot_all	native_string_phys700	intogen_temporal_new__to__ot_all	target
LATS2	2	1	ot_all	native_string_phys700	intogen_temporal_new__to__ot_all	target
FASLG	2	1	ot_all	native_string_phys700	intogen_temporal_new__to__ot_all	target
GRB2	2	1	ot_all	native_string_phys700	intogen_temporal_new__to__ot_all	target
HDAC6	2	1	ot_all	native_string_phys700	intogen_temporal_new__to__ot_all	target
DNMT3A	2	1	ot_all	native_string_phys700	intogen_temporal_new__to__ot_all	target
RTEL1	2	1	ot_all	native_string_phys700	intogen_temporal_new__to__ot_all	target
FGFR2	2	1	ot_all	native_string_phys700	intogen_temporal_new__to__ot_all	target
TNFRSF13B	2	1	ot_all	native_string_phys700	intogen_temporal_new__to__ot_all	target
ARID5B	2	1	ot_all	native_string_phys700	intogen_temporal_new__to__ot_all	target
IRF1	2	1	ot_all	native_string_phys700	intogen_temporal_new__to__ot_all	target
PSMB3	2	1	ot_all	native_string_phys700	intogen_temporal_new__to__ot_all	target
MAML3	2	1	ot_all	native_string_phys700	intogen_temporal_new__to__ot_all	target
ING1	2	1	ot_all	native_string_phys700	intogen_temporal_new__to__ot_all	target
GCGR	2	1	ot_all	native_string_phys700	intogen_temporal_new__to__ot_all	target
FAT1	2	1	ot_all	native_string_phys700	intogen_temporal_new__to__ot_all	target
CDC73	2	1	ot_all	native_string_phys700	intogen_temporal_new__to__ot_all	target
PSMA6	2	1	ot_all	native_string_phys700	intogen_temporal_new__to__ot_all	target
MARK3	2	1	ot_all	native_string_phys700	intogen_temporal_new__to__ot_all	target
MITF	2	1	ot_all	native_string_phys700	intogen_temporal_new__to__ot_all	target
FGF22	2	1	ot_all	native_string_phys700	intogen_temporal_new__to__ot_all	target
H3-3A	2	1	ot_all	native_string_phys700	intogen_temporal_new__to__ot_all	target
MAPK3	2	1	ot_all	native_string_phys700	intogen_temporal_new__to__ot_all	target
GNAS	2	1	ot_all	native_string_phys700	intogen_temporal_new__to__ot_all	target
VHL	2	1	ot_all	native_string_phys700	intogen_temporal_new__to__ot_all	target
IRF4	2	1	ot_all	native_string_phys700	intogen_temporal_new__to__ot_all	target
POLE2	2	1	ot_all	native_string_phys700	intogen_temporal_new__to__ot_all	target
DKC1	2	1	ot_all	native_string_phys700	intogen_temporal_new__to__ot_all	target
ATM	2	1	ot_all	native_string_phys700	intogen_temporal_new__to__ot_all	target
NFIA	2	1	ot_all	native_string_phys700	intogen_temporal_new__to__ot_all	target
CASP10	2	1	ot_all	native_string_phys700	intogen_temporal_new__to__ot_all	target
DNA2	2	1	ot_all	native_string_phys700	intogen_temporal_new__to__ot_all	target
DICER1	2	1	ot_all	native_string_phys700	intogen_temporal_new__to__ot_all	target
BRCA1	2	1	ot_all	native_string_phys700	intogen_temporal_new__to__ot_all	target
SMARCE1	2	1	ot_all	native_string_phys700	intogen_temporal_new__to__ot_all	target
FLT1	2	1	ot_all	native_string_phys700	intogen_temporal_new__to__ot_all	target
ACTG1	2	1	ot_all	native_string_phys700	intogen_temporal_new__to__ot_all	target
CBL	2	1	ot_all	native_string_phys700	intogen_temporal_new__to__ot_all	target
TUBB4A	2	1	ot_all	native_string_phys700	intogen_temporal_new__to__ot_all	target
HTR3A	2	1	ot_all	native_string_phys700	intogen_temporal_new__to__ot_all	target
LZTR1	2	1	ot_all	native_string_phys700	intogen_temporal_new__to__ot_all	target
MLH3	2	1	ot_all	native_string_phys700	intogen_temporal_new__to__ot_all	target
MSH2	2	1	ot_all	native_string_phys700	intogen_temporal_new__to__ot_all	target
PSMB2	2	1	ot_all	native_string_phys700	intogen_temporal_new__to__ot_all	target
FXR1	2	1	ot_all	native_string_phys700	intogen_temporal_new__to__ot_all	target
GOLGB1	2	1	ot_all	native_string_phys700	intogen_temporal_new__to__ot_all	target
SETD2	2	1	ot_all	native_string_phys700	intogen_temporal_new__to__ot_all	target
NF2	2	1	ot_all	native_string_phys700	intogen_temporal_new__to__ot_all	target
MYO18A	2	1	ot_all	native_string_phys700	intogen_temporal_new__to__ot_all	target
BCR	2	1	ot_all	native_string_phys700	intogen_temporal_new__to__ot_all	target
DCLRE1B	2	1	ot_all	native_string_phys700	intogen_temporal_new__to__ot_all	target
PSMB7	2	1	ot_all	native_string_phys700	intogen_temporal_new__to__ot_all	target
PSMC1	2	1	ot_all	native_string_phys700	intogen_temporal_new__to__ot_all	target
ARRB1	2	1	ot_all	native_string_phys700	intogen_temporal_new__to__ot_all	target
PSMC3	2	1	ot_all	native_string_phys700	intogen_temporal_new__to__ot_all	target
RRM2	2	1	ot_all	native_string_phys700	intogen_temporal_new__to__ot_all	target
PTCH1	2	1	ot_all	native_string_phys700	intogen_temporal_new__to__ot_all	target
LRRFIP1	2	1	ot_all	native_string_phys700	intogen_temporal_new__to__ot_all	target
RNF43	2	1	ot_all	native_string_phys700	intogen_temporal_new__to__ot_all	target
ERBB2	2	1	ot_all	native_string_phys700	intogen_temporal_new__to__ot_all	target
FBXO11	2	1	ot_all	native_string_phys700	intogen_temporal_new__to__ot_all	target
FGFR3	2	1	ot_all	native_string_phys700	intogen_temporal_new__to__ot_all	target
PSMA4	2	1	ot_all	native_string_phys700	intogen_temporal_new__to__ot_all	target
NF1	2	1	ot_all	native_string_phys700	intogen_temporal_new__to__ot_all	target
AMER1	2	1	ot_all	native_string_phys700	intogen_temporal_new__to__ot_all	target
DDX41	2	1	ot_all	native_string_phys700	intogen_temporal_new__to__ot_all	target
PARP2	2	1	ot_all	native_string_phys700	intogen_temporal_new__to__ot_all	target
FGF6	2	1	ot_all	native_string_phys700	intogen_temporal_new__to__ot_all	target
CUX1	2	1	ot_all	native_string_phys700	intogen_temporal_new__to__ot_all	target
TSC2	2	1	ot_all	native_string_phys700	intogen_temporal_new__to__ot_all	target
MUTYH	2	1	ot_all	native_string_phys700	intogen_temporal_new__to__ot_all	target
FGA	2	1	ot_all	native_string_phys700	intogen_temporal_new__to__ot_all	target
IDH1	2	1	ot_all	native_string_phys700	intogen_temporal_new__to__ot_all	target
SRSF2	2	1	ot_all	native_string_phys700	intogen_temporal_new__to__ot_all	target
PSMC4	2	1	ot_all	native_string_phys700	intogen_temporal_new__to__ot_all	target
MST1R	2	1	ot_all	native_string_phys700	intogen_temporal_new__to__ot_all	target
BTK	2	1	ot_all	native_string_phys700	intogen_temporal_new__to__ot_all	target
APC	2	1	ot_all	native_string_phys700	intogen_temporal_new__to__ot_all	target
TRIP13	2	1	ot_all	native_string_phys700	intogen_temporal_new__to__ot_all	target
BRAF	2	1	ot_all	native_string_phys700	intogen_temporal_new__to__ot_all	target
ASXL1	2	1	ot_all	native_string_phys700	intogen_temporal_new__to__ot_all	target
CRBN	2	1	ot_all	native_string_phys700	intogen_temporal_new__to__ot_all	target
TUBB	2	1	ot_all	native_string_phys700	intogen_temporal_new__to__ot_all	target
FYN	2	1	ot_all	native_string_phys700	intogen_temporal_new__to__ot_all	target
TUBB6	2	1	ot_all	native_string_phys700	intogen_temporal_new__to__ot_all	target
IGF2	2	1	ot_all	native_string_phys700	intogen_temporal_new__to__ot_all	target
ERBIN	2	1	ot_all	native_string_phys700	intogen_temporal_new__to__ot_all	target
JAK2	2	1	ot_all	native_string_phys700	intogen_temporal_new__to__ot_all	target
ENG	2	1	ot_all	native_string_phys700	intogen_temporal_new__to__ot_all	target
STK11	2	1	ot_all	native_string_phys700	intogen_temporal_new__to__ot_all	target
VCL	2	1	ot_all	native_string_phys700	intogen_temporal_new__to__ot_all	target
LAG3	2	1	ot_all	native_string_phys700	intogen_temporal_new__to__ot_all	target
PPP6C	2	1	ot_all	native_string_phys700	intogen_temporal_new__to__ot_all	target
TSC1	2	1	ot_all	native_string_phys700	intogen_temporal_new__to__ot_all	target
EGFR	2	1	ot_all	native_string_phys700	intogen_temporal_new__to__ot_all	target
AXIN1	2	1	ot_all	native_string_phys700	intogen_temporal_new__to__ot_all	target
MC1R	2	1	ot_all	native_string_phys700	intogen_temporal_new__to__ot_all	target
CDH23	2	1	ot_all	native_string_phys700	intogen_temporal_new__to__ot_all	target
NOP10	2	1	ot_all	native_string_phys700	intogen_temporal_new__to__ot_all	target
CDK4	2	1	ot_all	native_string_phys700	intogen_temporal_new__to__ot_all	target
PSMD2	2	1	ot_all	native_string_phys700	intogen_temporal_new__to__ot_all	target
KCNA5	2	1	ot_all	native_string_phys700	intogen_temporal_new__to__ot_all	target
TLR7	2	1	ot_all	native_string_phys700	intogen_temporal_new__to__ot_all	target
PDGFRB	2	1	ot_all	native_string_phys700	intogen_temporal_new__to__ot_all	target
KCND2	2	1	ot_all	native_string_phys700	intogen_temporal_new__to__ot_all	target
KCNH1	2	1	ot_all	native_string_phys700	intogen_temporal_new__to__ot_all	target
CYP17A1	2	1	ot_all	native_string_phys700	intogen_temporal_new__to__ot_all	target
FH	2	1	ot_all	native_string_phys700	intogen_temporal_new__to__ot_all	target
TINF2	2	1	ot_all	native_string_phys700	intogen_temporal_new__to__ot_all	target
RAG2	2	1	ot_all	native_string_phys700	intogen_temporal_new__to__ot_all	target
IQGAP1	2	1	ot_all	native_string_phys700	intogen_temporal_new__to__ot_all	target
NRAS	2	1	ot_all	native_string_phys700	intogen_temporal_new__to__ot_all	target
BCL2	2	1	ot_all	native_string_phys700	intogen_temporal_new__to__ot_all	target
RARA	2	1	ot_all	native_string_phys700	intogen_temporal_new__to__ot_all	target
KCNH2	2	1	ot_all	native_string_phys700	intogen_temporal_new__to__ot_all	target
KMT2C	2	1	ot_all	native_string_phys700	intogen_temporal_new__to__ot_all	target
FN1	2	1	ot_all	native_string_phys700	intogen_temporal_new__to__ot_all	target
ELMO2	2	1	ot_all	native_string_phys700	intogen_temporal_new__to__ot_all	target
MLH1	2	1	ot_all	native_string_phys700	intogen_temporal_new__to__ot_all	target
APBB1IP	2	1	ot_all	native_string_phys700	intogen_temporal_new__to__ot_all	target
AXIN2	2	1	ot_all	native_string_phys700	intogen_temporal_new__to__ot_all	target
BMPR1A	2	1	ot_all	native_string_phys700	intogen_temporal_new__to__ot_all	target
MAPK1	2	1	ot_all	native_string_phys700	intogen_temporal_new__to__ot_all	target
GPC3	2	1	ot_all	native_string_phys700	intogen_temporal_new__to__ot_all	target
EPHA2	2	1	ot_all	native_string_phys700	intogen_temporal_new__to__ot_all	target
HDAC1	2	1	ot_all	native_string_phys700	intogen_temporal_new__to__ot_all	target
SDHB	2	1	ot_all	native_string_phys700	intogen_temporal_new__to__ot_all	target
TUBB3	2	1	ot_all	native_string_phys700	intogen_temporal_new__to__ot_all	target
FRS2	2	1	ot_all	native_string_phys700	intogen_temporal_new__to__ot_all	target
RRM1	2	1	ot_all	native_string_phys700	intogen_temporal_new__to__ot_all	target
RAP1A	2	1	ot_all	native_string_phys700	intogen_temporal_new__to__ot_all	target
AKT1	2	1	ot_all	native_string_phys700	intogen_temporal_new__to__ot_all	target
FLT4	2	1	ot_all	native_string_phys700	intogen_temporal_new__to__ot_all	target
KCNC1	2	1	ot_all	native_string_phys700	intogen_temporal_new__to__ot_all	target
KEAP1	2	1	ot_all	native_string_phys700	intogen_temporal_new__to__ot_all	target
ITGB3	2	1	ot_all	native_string_phys700	intogen_temporal_new__to__ot_all	target
AKT2	2	1	ot_all	native_string_phys700	intogen_temporal_new__to__ot_all	target
EPHA3	2	1	ot_all	native_string_phys700	intogen_temporal_new__to__ot_all	target
BRIP1	2	1	ot_all	native_string_phys700	intogen_temporal_new__to__ot_all	target
RRM2B	2	1	ot_all	native_string_phys700	intogen_temporal_new__to__ot_all	target
SDHD	2	1	ot_all	native_string_phys700	intogen_temporal_new__to__ot_all	target
KHDC3L	2	1	ot_all	native_string_phys700	intogen_temporal_new__to__ot_all	target
MYC	2	1	ot_all	native_string_phys700	intogen_temporal_new__to__ot_all	target
VWF	2	1	ot_all	native_string_phys700	intogen_temporal_new__to__ot_all	target
TUBA4A	2	1	ot_all	native_string_phys700	intogen_temporal_new__to__ot_all	target
NOTCH3	2	1	ot_all	native_string_phys700	intogen_temporal_new__to__ot_all	target
MAML1	2	1	ot_all	native_string_phys700	intogen_temporal_new__to__ot_all	target
ACD	2	1	ot_all	native_string_phys700	intogen_temporal_new__to__ot_all	target
FGF9	2	1	ot_all	native_string_phys700	intogen_temporal_new__to__ot_all	target
MFN2	2	1	ot_all	native_string_phys700	intogen_temporal_new__to__ot_all	target
FGF10	2	1	ot_all	native_string_phys700	intogen_temporal_new__to__ot_all	target
BAG4	2	1	ot_all	native_string_phys700	intogen_temporal_new__to__ot_all	target
TP63	2	1	ot_all	native_string_phys700	intogen_temporal_new__to__ot_all	target
HOXB13	2	1	ot_all	native_string_phys700	intogen_temporal_new__to__ot_all	target
CEBPA	2	1	ot_all	native_string_phys700	intogen_temporal_new__to__ot_all	target
KDM5C	2	1	ot_all	native_string_phys700	intogen_temporal_new__to__ot_all	target
KAT2B	2	1	ot_all	native_string_phys700	intogen_temporal_new__to__ot_all	target
MYD88	2	1	ot_all	native_string_phys700	intogen_temporal_new__to__ot_all	target
SH3BP2	2	1	ot_all	native_string_phys700	intogen_temporal_new__to__ot_all	target
PRKCD	2	1	ot_all	native_string_phys700	intogen_temporal_new__to__ot_all	target
PSMB10	2	1	ot_all	native_string_phys700	intogen_temporal_new__to__ot_all	target
ADRM1	2	1	ot_all	native_string_phys700	intogen_temporal_new__to__ot_all	target
CYP11A1	2	1	ot_all	native_string_phys700	intogen_temporal_new__to__ot_all	target
MET	2	1	ot_all	native_string_phys700	intogen_temporal_new__to__ot_all	target
YWHAB	2	1	ot_all	native_string_phys700	intogen_temporal_new__to__ot_all	target
PSMD1	2	1	ot_all	native_string_phys700	intogen_temporal_new__to__ot_all	target
MAX	2	1	ot_all	native_string_phys700	intogen_temporal_new__to__ot_all	target
CD38	2	1	ot_all	native_string_phys700	intogen_temporal_new__to__ot_all	target
PDE3A	2	1	ot_all	native_string_phys700	intogen_temporal_new__to__ot_all	target
PSMD4	2	1	ot_all	native_string_phys700	intogen_temporal_new__to__ot_all	target
FGF18	2	1	ot_all	native_string_phys700	intogen_temporal_new__to__ot_all	target
POLA2	2	1	ot_all	native_string_phys700	intogen_temporal_new__to__ot_all	target
FGF3	2	1	ot_all	native_string_phys700	intogen_temporal_new__to__ot_all	target
SSTR3	2	1	ot_all	native_string_phys700	intogen_temporal_new__to__ot_all	target
PARP1	2	1	ot_all	native_string_phys700	intogen_temporal_new__to__ot_all	target
NRG1	2	1	ot_all	native_string_phys700	intogen_temporal_new__to__ot_all	target
RBX1	2	1	ot_all	native_string_phys700	intogen_temporal_new__to__ot_all	target
CD3D	2	1	ot_all	native_string_phys700	intogen_temporal_new__to__ot_all	target
BCL2L11	2	1	ot_all	native_string_phys700	intogen_temporal_new__to__ot_all	target
CHEK2	2	1	ot_all	native_string_phys700	intogen_temporal_new__to__ot_all	target
KCNG4	2	1	ot_all	native_string_phys700	intogen_temporal_new__to__ot_all	target
MAPK8	2	1	ot_all	native_string_phys700	intogen_temporal_new__to__ot_all	target
CASR	2	1	ot_all	native_string_phys700	intogen_temporal_new__to__ot_all	target
GATA3	2	1	ot_all	native_string_phys700	intogen_temporal_new__to__ot_all	target
PDE5A	2	1	ot_all	native_string_phys700	intogen_temporal_new__to__ot_all	target
PSMB11	2	1	ot_all	native_string_phys700	intogen_temporal_new__to__ot_all	target
DHH	2	1	ot_all	native_string_phys700	intogen_temporal_new__to__ot_all	target
PRKCB	2	1	ot_all	native_string_phys700	intogen_temporal_new__to__ot_all	target
TNFSF11	2	1	ot_all	native_string_phys700	intogen_temporal_new__to__ot_all	target
TFG	2	1	ot_all	native_string_phys700	intogen_temporal_new__to__ot_all	target
EPAS1	2	1	ot_all	native_string_phys700	intogen_temporal_new__to__ot_all	target
QKI	2	1	ot_all	native_string_phys700	intogen_temporal_new__to__ot_all	target
CD19	2	1	ot_all	native_string_phys700	intogen_temporal_new__to__ot_all	target
PTPN14	2	1	ot_all	native_string_phys700	intogen_temporal_new__to__ot_all	target
TEK	2	1	ot_all	native_string_phys700	intogen_temporal_new__to__ot_all	target
CTNNB1	2	1	ot_all	native_string_phys700	intogen_temporal_new__to__ot_all	target
SMAD4	2	1	ot_all	native_string_phys700	intogen_temporal_new__to__ot_all	target
FGF20	2	1	ot_all	native_string_phys700	intogen_temporal_new__to__ot_all	target
TOP1	2	1	ot_all	native_string_phys700	intogen_temporal_new__to__ot_all	target
CD3E	2	1	ot_all	native_string_phys700	intogen_temporal_new__to__ot_all	target
CLTC	2	1	ot_all	native_string_phys700	intogen_temporal_new__to__ot_all	target
TUBA1B	2	1	ot_all	native_string_phys700	intogen_temporal_new__to__ot_all	target
SPRTN	2	1	ot_all	native_string_phys700	intogen_temporal_new__to__ot_all	target
PSMC5	2	1	ot_all	native_string_phys700	intogen_temporal_new__to__ot_all	target
RUNX1	2	1	ot_all	native_string_phys700	intogen_temporal_new__to__ot_all	target
CD79B	2	1	ot_all	native_string_phys700	intogen_temporal_new__to__ot_all	target
SMARCA4	2	1	ot_all	native_string_phys700	intogen_temporal_new__to__ot_all	target
MEN1	2	1	ot_all	native_string_phys700	intogen_temporal_new__to__ot_all	target
CEP57	2	1	ot_all	native_string_phys700	intogen_temporal_new__to__ot_all	target
HDAC3	2	1	ot_all	native_string_phys700	intogen_temporal_new__to__ot_all	target
CALR	2	1	ot_all	native_string_phys700	intogen_temporal_new__to__ot_all	target
PSMA2	2	1	ot_all	native_string_phys700	intogen_temporal_new__to__ot_all	target
HNF1B	2	1	ot_all	native_string_phys700	intogen_temporal_new__to__ot_all	target
KCNA1	2	1	ot_all	native_string_phys700	intogen_temporal_new__to__ot_all	target
H3-3B	2	1	ot_all	native_string_phys700	intogen_temporal_new__to__ot_all	target
CSF3R	2	1	ot_all	native_string_phys700	intogen_temporal_new__to__ot_all	target
XPA	2	1	ot_all	native_string_phys700	intogen_temporal_new__to__ot_all	target
PIK3CB	2	1	ot_all	native_string_phys700	intogen_temporal_new__to__ot_all	target
STAT5A	2	1	ot_all	native_string_phys700	intogen_temporal_new__to__ot_all	target
CD3G	2	1	ot_all	native_string_phys700	intogen_temporal_new__to__ot_all	target
POLE3	2	1	ot_all	native_string_phys700	intogen_temporal_new__to__ot_all	target
RB1	2	1	ot_all	native_string_phys700	intogen_temporal_new__to__ot_all	target
CD52	2	1	ot_all	native_string_phys700	intogen_temporal_new__to__ot_all	target
DLL3	2	1	ot_all	native_string_phys700	intogen_temporal_new__to__ot_all	target
ITK	2	1	ot_all	native_string_phys700	intogen_temporal_new__to__ot_all	target
FANCD2	2	1	ot_all	native_string_phys700	intogen_temporal_new__to__ot_all	target
TGFB1	2	1	ot_all	native_string_phys700	intogen_temporal_new__to__ot_all	target
HCK	2	1	ot_all	native_string_phys700	intogen_temporal_new__to__ot_all	target
OGG1	2	1	ot_all	native_string_phys700	intogen_temporal_new__to__ot_all	target
SSTR2	2	1	ot_all	native_string_phys700	intogen_temporal_new__to__ot_all	target
TFEB	2	0	ot_all	native_string_phys700	intogen_temporal_new__to__ot_all	background
CHCHD4	2	0	ot_all	native_string_phys700	intogen_temporal_new__to__ot_all	background
PRSS2	2	0	ot_all	native_string_phys700	intogen_temporal_new__to__ot_all	background
EIF4A1	2	0	ot_all	native_string_phys700	intogen_temporal_new__to__ot_all	background
CCL8	2	0	ot_all	native_string_phys700	intogen_temporal_new__to__ot_all	background
MED22	2	0	ot_all	native_string_phys700	intogen_temporal_new__to__ot_all	background
LOR	2	0	ot_all	native_string_phys700	intogen_temporal_new__to__ot_all	background
INO80E	2	0	ot_all	native_string_phys700	intogen_temporal_new__to__ot_all	background
TMED7-TICAM2	2	0	ot_all	native_string_phys700	intogen_temporal_new__to__ot_all	background
DUSP16	2	0	ot_all	native_string_phys700	intogen_temporal_new__to__ot_all	background
ZCRB1	2	0	ot_all	native_string_phys700	intogen_temporal_new__to__ot_all	background
PFDN6	2	0	ot_all	native_string_phys700	intogen_temporal_new__to__ot_all	background
SET	2	0	ot_all	native_string_phys700	intogen_temporal_new__to__ot_all	background
FHIT	2	0	ot_all	native_string_phys700	intogen_temporal_new__to__ot_all	background
SEC22C	2	0	ot_all	native_string_phys700	intogen_temporal_new__to__ot_all	background
CCR7	2	0	ot_all	native_string_phys700	intogen_temporal_new__to__ot_all	background
LRRC3	2	0	ot_all	native_string_phys700	intogen_temporal_new__to__ot_all	background
FZD2	2	0	ot_all	native_string_phys700	intogen_temporal_new__to__ot_all	background
ACADS	2	0	ot_all	native_string_phys700	intogen_temporal_new__to__ot_all	background
V9GYH0_HUMAN	2	0	ot_all	native_string_phys700	intogen_temporal_new__to__ot_all	background
E2F6	2	0	ot_all	native_string_phys700	intogen_temporal_new__to__ot_all	background
NTNG2	2	0	ot_all	native_string_phys700	intogen_temporal_new__to__ot_all	background
ERC2	2	0	ot_all	native_string_phys700	intogen_temporal_new__to__ot_all	background
NEDD9	2	0	ot_all	native_string_phys700	intogen_temporal_new__to__ot_all	background
CXCL6	2	0	ot_all	native_string_phys700	intogen_temporal_new__to__ot_all	background
ZNF350	2	0	ot_all	native_string_phys700	intogen_temporal_new__to__ot_all	background
TESK1	2	0	ot_all	native_string_phys700	intogen_temporal_new__to__ot_all	background
HILPDA	2	0	ot_all	native_string_phys700	intogen_temporal_new__to__ot_all	background
GNL1	2	0	ot_all	native_string_phys700	intogen_temporal_new__to__ot_all	background
RAB33B	2	0	ot_all	native_string_phys700	intogen_temporal_new__to__ot_all	background
FAM126A	2	0	ot_all	native_string_phys700	intogen_temporal_new__to__ot_all	background
STK4	2	0	ot_all	native_string_phys700	intogen_temporal_new__to__ot_all	background
EXOSC7	2	0	ot_all	native_string_phys700	intogen_temporal_new__to__ot_all	background
AP1M2	2	0	ot_all	native_string_phys700	intogen_temporal_new__to__ot_all	background
FRMD4B	2	0	ot_all	native_string_phys700	intogen_temporal_new__to__ot_all	background
ADRA2C	2	0	ot_all	native_string_phys700	intogen_temporal_new__to__ot_all	background
KCNJ14	2	0	ot_all	native_string_phys700	intogen_temporal_new__to__ot_all	background
RPL21	2	0	ot_all	native_string_phys700	intogen_temporal_new__to__ot_all	background
LAMA2	2	0	ot_all	native_string_phys700	intogen_temporal_new__to__ot_all	background
KCNMB4	2	0	ot_all	native_string_phys700	intogen_temporal_new__to__ot_all	background
TXN2	2	0	ot_all	native_string_phys700	intogen_temporal_new__to__ot_all	background
FLT3LG	2	0	ot_all	native_string_phys700	intogen_temporal_new__to__ot_all	background
PPP1R11	2	0	ot_all	native_string_phys700	intogen_temporal_new__to__ot_all	background
PARP10	2	0	ot_all	native_string_phys700	intogen_temporal_new__to__ot_all	background
GPR37	2	0	ot_all	native_string_phys700	intogen_temporal_new__to__ot_all	background
AKAP5	2	0	ot_all	native_string_phys700	intogen_temporal_new__to__ot_all	background
SERPINF2	2	0	ot_all	native_string_phys700	intogen_temporal_new__to__ot_all	background
RAD9A	2	0	ot_all	native_string_phys700	intogen_temporal_new__to__ot_all	background
APTX	2	0	ot_all	native_string_phys700	intogen_temporal_new__to__ot_all	background
CTBP1	2	0	ot_all	native_string_phys700	intogen_temporal_new__to__ot_all	background
LHX4	2	0	ot_all	native_string_phys700	intogen_temporal_new__to__ot_all	background
SLC6A3	2	0	ot_all	native_string_phys700	intogen_temporal_new__to__ot_all	background
MIER1	2	0	ot_all	native_string_phys700	intogen_temporal_new__to__ot_all	background
MCRS1	2	0	ot_all	native_string_phys700	intogen_temporal_new__to__ot_all	background
BEX2	2	0	ot_all	native_string_phys700	intogen_temporal_new__to__ot_all	background
UBE2M	2	0	ot_all	native_string_phys700	intogen_temporal_new__to__ot_all	background
MCUB	2	0	ot_all	native_string_phys700	intogen_temporal_new__to__ot_all	background
TFAP2C	2	0	ot_all	native_string_phys700	intogen_temporal_new__to__ot_all	background
SV2B	2	0	ot_all	native_string_phys700	intogen_temporal_new__to__ot_all	background
ESPNL	2	0	ot_all	native_string_phys700	intogen_temporal_new__to__ot_all	background
CADM3	2	0	ot_all	native_string_phys700	intogen_temporal_new__to__ot_all	background
TSHB	2	0	ot_all	native_string_phys700	intogen_temporal_new__to__ot_all	background
H2BC17	2	0	ot_all	native_string_phys700	intogen_temporal_new__to__ot_all	background
THOC6	2	0	ot_all	native_string_phys700	intogen_temporal_new__to__ot_all	background
ATN1	2	0	ot_all	native_string_phys700	intogen_temporal_new__to__ot_all	background
IMPDH1	2	0	ot_all	native_string_phys700	intogen_temporal_new__to__ot_all	background
ERLEC1	2	0	ot_all	native_string_phys700	intogen_temporal_new__to__ot_all	background
DISC1	2	0	ot_all	native_string_phys700	intogen_temporal_new__to__ot_all	background
RAD51B	2	0	ot_all	native_string_phys700	intogen_temporal_new__to__ot_all	background
MYF6	2	0	ot_all	native_string_phys700	intogen_temporal_new__to__ot_all	background
GABARAPL2	2	0	ot_all	native_string_phys700	intogen_temporal_new__to__ot_all	background
FCHSD2	2	0	ot_all	native_string_phys700	intogen_temporal_new__to__ot_all	background
DCK	2	0	ot_all	native_string_phys700	intogen_temporal_new__to__ot_all	background
ASF1A	2	0	ot_all	native_string_phys700	intogen_temporal_new__to__ot_all	background
CCL16	2	0	ot_all	native_string_phys700	intogen_temporal_new__to__ot_all	background
PRR5	2	0	ot_all	native_string_phys700	intogen_temporal_new__to__ot_all	background
ARPP19	2	0	ot_all	native_string_phys700	intogen_temporal_new__to__ot_all	background
PNN	2	0	ot_all	native_string_phys700	intogen_temporal_new__to__ot_all	background
HBB	2	0	ot_all	native_string_phys700	intogen_temporal_new__to__ot_all	background
ITGAL	2	0	ot_all	native_string_phys700	intogen_temporal_new__to__ot_all	background
NLRC4	2	0	ot_all	native_string_phys700	intogen_temporal_new__to__ot_all	background
MED21	2	0	ot_all	native_string_phys700	intogen_temporal_new__to__ot_all	background
ELP6	2	0	ot_all	native_string_phys700	intogen_temporal_new__to__ot_all	background
PDK2	2	0	ot_all	native_string_phys700	intogen_temporal_new__to__ot_all	background
FBL	2	0	ot_all	native_string_phys700	intogen_temporal_new__to__ot_all	background
NCOA4	2	0	ot_all	native_string_phys700	intogen_temporal_new__to__ot_all	background
CACNB3	2	0	ot_all	native_string_phys700	intogen_temporal_new__to__ot_all	background
GP1BB	2	0	ot_all	native_string_phys700	intogen_temporal_new__to__ot_all	background
RMND5B	2	0	ot_all	native_string_phys700	intogen_temporal_new__to__ot_all	background
ATXN2	2	0	ot_all	native_string_phys700	intogen_temporal_new__to__ot_all	background
GOLGA3	2	0	ot_all	native_string_phys700	intogen_temporal_new__to__ot_all	background
POLI	2	0	ot_all	native_string_phys700	intogen_temporal_new__to__ot_all	background
CCL11	2	0	ot_all	native_string_phys700	intogen_temporal_new__to__ot_all	background
COX5B	2	0	ot_all	native_string_phys700	intogen_temporal_new__to__ot_all	background
HBP1	2	0	ot_all	native_string_phys700	intogen_temporal_new__to__ot_all	background
SCG3	2	0	ot_all	native_string_phys700	intogen_temporal_new__to__ot_all	background
DPH3	2	0	ot_all	native_string_phys700	intogen_temporal_new__to__ot_all	background
MT-ATP8	2	0	ot_all	native_string_phys700	intogen_temporal_new__to__ot_all	background
DNAJB11	2	0	ot_all	native_string_phys700	intogen_temporal_new__to__ot_all	background
CD80	2	0	ot_all	native_string_phys700	intogen_temporal_new__to__ot_all	background
H2AC7	2	0	ot_all	native_string_phys700	intogen_temporal_new__to__ot_all	background
MRPS26	2	0	ot_all	native_string_phys700	intogen_temporal_new__to__ot_all	background
SYNCRIP	2	0	ot_all	native_string_phys700	intogen_temporal_new__to__ot_all	background
MDM4	2	0	ot_all	native_string_phys700	intogen_temporal_new__to__ot_all	background
PSIP1	2	0	ot_all	native_string_phys700	intogen_temporal_new__to__ot_all	background
TNFSF10	2	0	ot_all	native_string_phys700	intogen_temporal_new__to__ot_all	background
ADAM19	2	0	ot_all	native_string_phys700	intogen_temporal_new__to__ot_all	background
TRIM71	2	0	ot_all	native_string_phys700	intogen_temporal_new__to__ot_all	background
CALML5	2	0	ot_all	native_string_phys700	intogen_temporal_new__to__ot_all	background
SINHCAF	2	0	ot_all	native_string_phys700	intogen_temporal_new__to__ot_all	background
WDR18	2	0	ot_all	native_string_phys700	intogen_temporal_new__to__ot_all	background
S100A1	2	0	ot_all	native_string_phys700	intogen_temporal_new__to__ot_all	background
PCNT	2	0	ot_all	native_string_phys700	intogen_temporal_new__to__ot_all	background
CDY2A	2	0	ot_all	native_string_phys700	intogen_temporal_new__to__ot_all	background
RORC	2	0	ot_all	native_string_phys700	intogen_temporal_new__to__ot_all	background
RBBP4	2	0	ot_all	native_string_phys700	intogen_temporal_new__to__ot_all	background
HGF	2	0	ot_all	native_string_phys700	intogen_temporal_new__to__ot_all	background
HSPA8	2	0	ot_all	native_string_phys700	intogen_temporal_new__to__ot_all	background
APOA1	2	0	ot_all	native_string_phys700	intogen_temporal_new__to__ot_all	background
LARS2	2	0	ot_all	native_string_phys700	intogen_temporal_new__to__ot_all	background
TFDP1	2	0	ot_all	native_string_phys700	intogen_temporal_new__to__ot_all	background
CHMP5	2	0	ot_all	native_string_phys700	intogen_temporal_new__to__ot_all	background
RNF125	2	0	ot_all	native_string_phys700	intogen_temporal_new__to__ot_all	background
SAG	2	0	ot_all	native_string_phys700	intogen_temporal_new__to__ot_all	background
PLEKHA2	2	0	ot_all	native_string_phys700	intogen_temporal_new__to__ot_all	background
SCOC	2	0	ot_all	native_string_phys700	intogen_temporal_new__to__ot_all	background
KDELR3	2	0	ot_all	native_string_phys700	intogen_temporal_new__to__ot_all	background
TAF8	2	0	ot_all	native_string_phys700	intogen_temporal_new__to__ot_all	background
CP	2	0	ot_all	native_string_phys700	intogen_temporal_new__to__ot_all	background
NEUROD1	2	0	ot_all	native_string_phys700	intogen_temporal_new__to__ot_all	background
CDC42	2	0	ot_all	native_string_phys700	intogen_temporal_new__to__ot_all	background
MRTO4	2	0	ot_all	native_string_phys700	intogen_temporal_new__to__ot_all	background
SIGLEC14	2	0	ot_all	native_string_phys700	intogen_temporal_new__to__ot_all	background
MACF1	2	0	ot_all	native_string_phys700	intogen_temporal_new__to__ot_all	background
HNRNPU	2	0	ot_all	native_string_phys700	intogen_temporal_new__to__ot_all	background
ITFG2	2	0	ot_all	native_string_phys700	intogen_temporal_new__to__ot_all	background
RAPGEF2	2	0	ot_all	native_string_phys700	intogen_temporal_new__to__ot_all	background
SLC27A5	2	0	ot_all	native_string_phys700	intogen_temporal_new__to__ot_all	background
HNRNPCL1	2	0	ot_all	native_string_phys700	intogen_temporal_new__to__ot_all	background
TBK1	2	0	ot_all	native_string_phys700	intogen_temporal_new__to__ot_all	background
HPX	2	0	ot_all	native_string_phys700	intogen_temporal_new__to__ot_all	background
TGFB3	2	0	ot_all	native_string_phys700	intogen_temporal_new__to__ot_all	background
L1CAM	2	0	ot_all	native_string_phys700	intogen_temporal_new__to__ot_all	background
TNFSF4	2	0	ot_all	native_string_phys700	intogen_temporal_new__to__ot_all	background
POLR2I	2	0	ot_all	native_string_phys700	intogen_temporal_new__to__ot_all	background
HRK	2	0	ot_all	native_string_phys700	intogen_temporal_new__to__ot_all	background
RPL17-C18orf32	2	0	ot_all	native_string_phys700	intogen_temporal_new__to__ot_all	background
RPLP1	2	0	ot_all	native_string_phys700	intogen_temporal_new__to__ot_all	background
PPIG	2	0	ot_all	native_string_phys700	intogen_temporal_new__to__ot_all	background
SPDYE3	2	0	ot_all	native_string_phys700	intogen_temporal_new__to__ot_all	background
SLFN12	2	0	ot_all	native_string_phys700	intogen_temporal_new__to__ot_all	background
SOX12	2	0	ot_all	native_string_phys700	intogen_temporal_new__to__ot_all	background
RAB11FIP3	2	0	ot_all	native_string_phys700	intogen_temporal_new__to__ot_all	background
CALCOCO1	2	0	ot_all	native_string_phys700	intogen_temporal_new__to__ot_all	background
ATG3	2	0	ot_all	native_string_phys700	intogen_temporal_new__to__ot_all	background
ERN1	2	0	ot_all	native_string_phys700	intogen_temporal_new__to__ot_all	background
BORCS7	2	0	ot_all	native_string_phys700	intogen_temporal_new__to__ot_all	background
GDF7	2	0	ot_all	native_string_phys700	intogen_temporal_new__to__ot_all	background
LSM5	2	0	ot_all	native_string_phys700	intogen_temporal_new__to__ot_all	background
FBXO25	2	0	ot_all	native_string_phys700	intogen_temporal_new__to__ot_all	background
YAP1	2	0	ot_all	native_string_phys700	intogen_temporal_new__to__ot_all	background
POLR2E	2	0	ot_all	native_string_phys700	intogen_temporal_new__to__ot_all	background
PTPRU	2	0	ot_all	native_string_phys700	intogen_temporal_new__to__ot_all	background
GABBR1	2	0	ot_all	native_string_phys700	intogen_temporal_new__to__ot_all	background
DOC2A	2	0	ot_all	native_string_phys700	intogen_temporal_new__to__ot_all	background
PDK1	2	0	ot_all	native_string_phys700	intogen_temporal_new__to__ot_all	background
POP1	2	0	ot_all	native_string_phys700	intogen_temporal_new__to__ot_all	background
GINS2	2	0	ot_all	native_string_phys700	intogen_temporal_new__to__ot_all	background
PARVA	2	0	ot_all	native_string_phys700	intogen_temporal_new__to__ot_all	background
MIS18A	2	0	ot_all	native_string_phys700	intogen_temporal_new__to__ot_all	background
NDN	2	0	ot_all	native_string_phys700	intogen_temporal_new__to__ot_all	background
IMP4	2	0	ot_all	native_string_phys700	intogen_temporal_new__to__ot_all	background
PER2	2	0	ot_all	native_string_phys700	intogen_temporal_new__to__ot_all	background
F8A2	2	0	ot_all	native_string_phys700	intogen_temporal_new__to__ot_all	background
MAFG	2	0	ot_all	native_string_phys700	intogen_temporal_new__to__ot_all	background
RPL36A-HNRNPH2	2	0	ot_all	native_string_phys700	intogen_temporal_new__to__ot_all	background
DEK	2	0	ot_all	native_string_phys700	intogen_temporal_new__to__ot_all	background
CCR3	2	0	ot_all	native_string_phys700	intogen_temporal_new__to__ot_all	background
HOXB9	2	0	ot_all	native_string_phys700	intogen_temporal_new__to__ot_all	background
RNF181	2	0	ot_all	native_string_phys700	intogen_temporal_new__to__ot_all	background
RPS27A	2	0	ot_all	native_string_phys700	intogen_temporal_new__to__ot_all	background
C15orf65	2	0	ot_all	native_string_phys700	intogen_temporal_new__to__ot_all	background
KLRD1	2	0	ot_all	native_string_phys700	intogen_temporal_new__to__ot_all	background
VIM	2	0	ot_all	native_string_phys700	intogen_temporal_new__to__ot_all	background
EXOC6	2	0	ot_all	native_string_phys700	intogen_temporal_new__to__ot_all	background
TSFM	2	0	ot_all	native_string_phys700	intogen_temporal_new__to__ot_all	background
ARHGAP24	2	0	ot_all	native_string_phys700	intogen_temporal_new__to__ot_all	background
LRP5	2	0	ot_all	native_string_phys700	intogen_temporal_new__to__ot_all	background
UCHL1	2	0	ot_all	native_string_phys700	intogen_temporal_new__to__ot_all	background
NGRN	2	0	ot_all	native_string_phys700	intogen_temporal_new__to__ot_all	background
PHF12	2	0	ot_all	native_string_phys700	intogen_temporal_new__to__ot_all	background
SNRNP25	2	0	ot_all	native_string_phys700	intogen_temporal_new__to__ot_all	background
CRACR2A	2	0	ot_all	native_string_phys700	intogen_temporal_new__to__ot_all	background
RNF5	2	0	ot_all	native_string_phys700	intogen_temporal_new__to__ot_all	background
CCL14	2	0	ot_all	native_string_phys700	intogen_temporal_new__to__ot_all	background
C11orf74	2	0	ot_all	native_string_phys700	intogen_temporal_new__to__ot_all	background
TIMMDC1	2	0	ot_all	native_string_phys700	intogen_temporal_new__to__ot_all	background
MNT	2	0	ot_all	native_string_phys700	intogen_temporal_new__to__ot_all	background
CLDN16	2	0	ot_all	native_string_phys700	intogen_temporal_new__to__ot_all	background
WAPL	2	0	ot_all	native_string_phys700	intogen_temporal_new__to__ot_all	background
BLM	3	1	ot_all	native_string_phys700	intogen_temporal_new__to__ot_all	target
PSMD8	3	1	ot_all	native_string_phys700	intogen_temporal_new__to__ot_all	target
NEK9	3	1	ot_all	native_string_phys700	intogen_temporal_new__to__ot_all	target
HAX1	3	1	ot_all	native_string_phys700	intogen_temporal_new__to__ot_all	target
FGG	3	1	ot_all	native_string_phys700	intogen_temporal_new__to__ot_all	target
FAS	3	1	ot_all	native_string_phys700	intogen_temporal_new__to__ot_all	target
CASP8	3	1	ot_all	native_string_phys700	intogen_temporal_new__to__ot_all	target
PSMB5	3	1	ot_all	native_string_phys700	intogen_temporal_new__to__ot_all	target
EXO1	3	1	ot_all	native_string_phys700	intogen_temporal_new__to__ot_all	target
ESRP1	3	1	ot_all	native_string_phys700	intogen_temporal_new__to__ot_all	target
ERBB3	3	1	ot_all	native_string_phys700	intogen_temporal_new__to__ot_all	target
MAML2	3	1	ot_all	native_string_phys700	intogen_temporal_new__to__ot_all	target
KIT	3	1	ot_all	native_string_phys700	intogen_temporal_new__to__ot_all	target
SOS1	3	1	ot_all	native_string_phys700	intogen_temporal_new__to__ot_all	target
ANTXR2	3	1	ot_all	native_string_phys700	intogen_temporal_new__to__ot_all	target
GART	3	1	ot_all	native_string_phys700	intogen_temporal_new__to__ot_all	target
PDGFRA	3	1	ot_all	native_string_phys700	intogen_temporal_new__to__ot_all	target
CDKN2A	3	1	ot_all	native_string_phys700	intogen_temporal_new__to__ot_all	target
PTPN11	3	1	ot_all	native_string_phys700	intogen_temporal_new__to__ot_all	target
PSMB4	3	1	ot_all	native_string_phys700	intogen_temporal_new__to__ot_all	target
MSH6	3	1	ot_all	native_string_phys700	intogen_temporal_new__to__ot_all	target
SEM1	3	1	ot_all	native_string_phys700	intogen_temporal_new__to__ot_all	target
SF3B1	3	1	ot_all	native_string_phys700	intogen_temporal_new__to__ot_all	target
PIK3R1	3	1	ot_all	native_string_phys700	intogen_temporal_new__to__ot_all	target
WRAP53	3	1	ot_all	native_string_phys700	intogen_temporal_new__to__ot_all	target
TNFRSF14	3	1	ot_all	native_string_phys700	intogen_temporal_new__to__ot_all	target
KIF5B	3	1	ot_all	native_string_phys700	intogen_temporal_new__to__ot_all	target
HBEGF	3	1	ot_all	native_string_phys700	intogen_temporal_new__to__ot_all	target
RBPJ	3	1	ot_all	native_string_phys700	intogen_temporal_new__to__ot_all	target
SSTR4	3	1	ot_all	native_string_phys700	intogen_temporal_new__to__ot_all	target
ITGA2B	3	1	ot_all	native_string_phys700	intogen_temporal_new__to__ot_all	target
FOXA1	3	1	ot_all	native_string_phys700	intogen_temporal_new__to__ot_all	target
ELP1	3	1	ot_all	native_string_phys700	intogen_temporal_new__to__ot_all	target
RARB	3	1	ot_all	native_string_phys700	intogen_temporal_new__to__ot_all	target
PBRM1	3	1	ot_all	native_string_phys700	intogen_temporal_new__to__ot_all	target
CDH1	3	1	ot_all	native_string_phys700	intogen_temporal_new__to__ot_all	target
RET	3	1	ot_all	native_string_phys700	intogen_temporal_new__to__ot_all	target
WIPF1	3	1	ot_all	native_string_phys700	intogen_temporal_new__to__ot_all	target
SSTR5	3	1	ot_all	native_string_phys700	intogen_temporal_new__to__ot_all	target
CRIPT	3	1	ot_all	native_string_phys700	intogen_temporal_new__to__ot_all	target
AKR1C2	3	1	ot_all	native_string_phys700	intogen_temporal_new__to__ot_all	target
SDHC	3	1	ot_all	native_string_phys700	intogen_temporal_new__to__ot_all	target
IFNAR2	3	1	ot_all	native_string_phys700	intogen_temporal_new__to__ot_all	target
CDK6	3	1	ot_all	native_string_phys700	intogen_temporal_new__to__ot_all	target
RBM10	3	1	ot_all	native_string_phys700	intogen_temporal_new__to__ot_all	target
CD74	3	1	ot_all	native_string_phys700	intogen_temporal_new__to__ot_all	target
POLA1	3	1	ot_all	native_string_phys700	intogen_temporal_new__to__ot_all	target
BAP1	3	1	ot_all	native_string_phys700	intogen_temporal_new__to__ot_all	target
SHC1	3	1	ot_all	native_string_phys700	intogen_temporal_new__to__ot_all	target
CD33	3	1	ot_all	native_string_phys700	intogen_temporal_new__to__ot_all	target
EML4	3	1	ot_all	native_string_phys700	intogen_temporal_new__to__ot_all	target
NRG3	3	1	ot_all	native_string_phys700	intogen_temporal_new__to__ot_all	target
XPO1	3	1	ot_all	native_string_phys700	intogen_temporal_new__to__ot_all	target
TOP2B	3	1	ot_all	native_string_phys700	intogen_temporal_new__to__ot_all	target
CLIP1	3	1	ot_all	native_string_phys700	intogen_temporal_new__to__ot_all	target
PIK3CD	3	1	ot_all	native_string_phys700	intogen_temporal_new__to__ot_all	target
FGF2	3	1	ot_all	native_string_phys700	intogen_temporal_new__to__ot_all	target
MAP2K2	3	1	ot_all	native_string_phys700	intogen_temporal_new__to__ot_all	target
TRIP11	3	1	ot_all	native_string_phys700	intogen_temporal_new__to__ot_all	target
ACTB	3	1	ot_all	native_string_phys700	intogen_temporal_new__to__ot_all	target
PSMB1	3	1	ot_all	native_string_phys700	intogen_temporal_new__to__ot_all	target
NBN	3	1	ot_all	native_string_phys700	intogen_temporal_new__to__ot_all	target
PSMA1	3	1	ot_all	native_string_phys700	intogen_temporal_new__to__ot_all	target
TACR1	3	1	ot_all	native_string_phys700	intogen_temporal_new__to__ot_all	target
CDKN1B	3	1	ot_all	native_string_phys700	intogen_temporal_new__to__ot_all	target
SPOP	3	1	ot_all	native_string_phys700	intogen_temporal_new__to__ot_all	target
PITX2	3	1	ot_all	native_string_phys700	intogen_temporal_new__to__ot_all	target
CUL4A	3	1	ot_all	native_string_phys700	intogen_temporal_new__to__ot_all	target
CTC1	3	1	ot_all	native_string_phys700	intogen_temporal_new__to__ot_all	target
SRGAP1	3	1	ot_all	native_string_phys700	intogen_temporal_new__to__ot_all	target
FGFR4	3	1	ot_all	native_string_phys700	intogen_temporal_new__to__ot_all	target
CDKN1A	3	1	ot_all	native_string_phys700	intogen_temporal_new__to__ot_all	target
DDX3X	3	1	ot_all	native_string_phys700	intogen_temporal_new__to__ot_all	target
TXNRD1	3	1	ot_all	native_string_phys700	intogen_temporal_new__to__ot_all	target
KAT2A	3	1	ot_all	native_string_phys700	intogen_temporal_new__to__ot_all	target
POLE	3	1	ot_all	native_string_phys700	intogen_temporal_new__to__ot_all	target
NRG4	3	1	ot_all	native_string_phys700	intogen_temporal_new__to__ot_all	target
BRCA2	3	1	ot_all	native_string_phys700	intogen_temporal_new__to__ot_all	target
CSK	3	1	ot_all	native_string_phys700	intogen_temporal_new__to__ot_all	target
WAS	3	1	ot_all	native_string_phys700	intogen_temporal_new__to__ot_all	target
ARRB2	3	1	ot_all	native_string_phys700	intogen_temporal_new__to__ot_all	target
FDPS	3	1	ot_all	native_string_phys700	intogen_temporal_new__to__ot_all	target
PDCD1	3	1	ot_all	native_string_phys700	intogen_temporal_new__to__ot_all	target
PDE3B	3	1	ot_all	native_string_phys700	intogen_temporal_new__to__ot_all	target
ERLIN2	3	1	ot_all	native_string_phys700	intogen_temporal_new__to__ot_all	target
NFE2L2	3	1	ot_all	native_string_phys700	intogen_temporal_new__to__ot_all	target
NTRK1	3	1	ot_all	native_string_phys700	intogen_temporal_new__to__ot_all	target
PRKAR1A	3	1	ot_all	native_string_phys700	intogen_temporal_new__to__ot_all	target
EP300	3	1	ot_all	native_string_phys700	intogen_temporal_new__to__ot_all	target
FKBP1A	3	1	ot_all	native_string_phys700	intogen_temporal_new__to__ot_all	target
KSR2	3	1	ot_all	native_string_phys700	intogen_temporal_new__to__ot_all	target
SMO	3	1	ot_all	native_string_phys700	intogen_temporal_new__to__ot_all	target
PSMB9	3	1	ot_all	native_string_phys700	intogen_temporal_new__to__ot_all	target
FGF8	3	1	ot_all	native_string_phys700	intogen_temporal_new__to__ot_all	target
XDH	3	1	ot_all	native_string_phys700	intogen_temporal_new__to__ot_all	target
MRE11	3	1	ot_all	native_string_phys700	intogen_temporal_new__to__ot_all	target
YES1	3	1	ot_all	native_string_phys700	intogen_temporal_new__to__ot_all	target
SRC	3	1	ot_all	native_string_phys700	intogen_temporal_new__to__ot_all	target
MBD4	3	1	ot_all	native_string_phys700	intogen_temporal_new__to__ot_all	target
KRAS	3	1	ot_all	native_string_phys700	intogen_temporal_new__to__ot_all	target
FGF23	3	1	ot_all	native_string_phys700	intogen_temporal_new__to__ot_all	target
ESR2	3	1	ot_all	native_string_phys700	intogen_temporal_new__to__ot_all	target
STAT5B	3	1	ot_all	native_string_phys700	intogen_temporal_new__to__ot_all	target
PRIM2	3	1	ot_all	native_string_phys700	intogen_temporal_new__to__ot_all	target
GAB1	3	1	ot_all	native_string_phys700	intogen_temporal_new__to__ot_all	target
CCDC6	3	1	ot_all	native_string_phys700	intogen_temporal_new__to__ot_all	target
POLD2	3	1	ot_all	native_string_phys700	intogen_temporal_new__to__ot_all	target
ARID2	3	1	ot_all	native_string_phys700	intogen_temporal_new__to__ot_all	target
NRG2	3	1	ot_all	native_string_phys700	intogen_temporal_new__to__ot_all	target
GATA2	3	1	ot_all	native_string_phys700	intogen_temporal_new__to__ot_all	target
PSMB8	3	1	ot_all	native_string_phys700	intogen_temporal_new__to__ot_all	target
ANAPC1	3	1	ot_all	native_string_phys700	intogen_temporal_new__to__ot_all	target
DDB1	3	1	ot_all	native_string_phys700	intogen_temporal_new__to__ot_all	target
TET2	3	1	ot_all	native_string_phys700	intogen_temporal_new__to__ot_all	target
FGF5	3	1	ot_all	native_string_phys700	intogen_temporal_new__to__ot_all	target
KCND1	3	1	ot_all	native_string_phys700	intogen_temporal_new__to__ot_all	target
KCNA6	3	1	ot_all	native_string_phys700	intogen_temporal_new__to__ot_all	target
JAG1	3	1	ot_all	native_string_phys700	intogen_temporal_new__to__ot_all	target
SMC5	3	1	ot_all	native_string_phys700	intogen_temporal_new__to__ot_all	target
STRN	3	1	ot_all	native_string_phys700	intogen_temporal_new__to__ot_all	target
KCNQ1	3	1	ot_all	native_string_phys700	intogen_temporal_new__to__ot_all	target
CDC37	3	1	ot_all	native_string_phys700	intogen_temporal_new__to__ot_all	target
GAB2	3	1	ot_all	native_string_phys700	intogen_temporal_new__to__ot_all	target
HSP90AA1	3	1	ot_all	native_string_phys700	intogen_temporal_new__to__ot_all	target
BCL9L	3	1	ot_all	native_string_phys700	intogen_temporal_new__to__ot_all	target
KMT2D	3	1	ot_all	native_string_phys700	intogen_temporal_new__to__ot_all	target
CDK12	3	1	ot_all	native_string_phys700	intogen_temporal_new__to__ot_all	target
ZFHX3	3	1	ot_all	native_string_phys700	intogen_temporal_new__to__ot_all	target
KCND3	3	1	ot_all	native_string_phys700	intogen_temporal_new__to__ot_all	target
TUBA3E	3	1	ot_all	native_string_phys700	intogen_temporal_new__to__ot_all	target
BTC	3	1	ot_all	native_string_phys700	intogen_temporal_new__to__ot_all	target
KCNA3	3	1	ot_all	native_string_phys700	intogen_temporal_new__to__ot_all	target
TOP2A	3	1	ot_all	native_string_phys700	intogen_temporal_new__to__ot_all	target
MAP2K1	3	1	ot_all	native_string_phys700	intogen_temporal_new__to__ot_all	target
TUBA1C	3	1	ot_all	native_string_phys700	intogen_temporal_new__to__ot_all	target
PSMC2	3	1	ot_all	native_string_phys700	intogen_temporal_new__to__ot_all	target
AR	3	1	ot_all	native_string_phys700	intogen_temporal_new__to__ot_all	target
OCA2	3	1	ot_all	native_string_phys700	intogen_temporal_new__to__ot_all	target
KSR1	3	1	ot_all	native_string_phys700	intogen_temporal_new__to__ot_all	target
ATR	3	1	ot_all	native_string_phys700	intogen_temporal_new__to__ot_all	target
ERCC2	3	1	ot_all	native_string_phys700	intogen_temporal_new__to__ot_all	target
FLT3	3	1	ot_all	native_string_phys700	intogen_temporal_new__to__ot_all	target
KDM6A	3	1	ot_all	native_string_phys700	intogen_temporal_new__to__ot_all	target
PAX6	3	1	ot_all	native_string_phys700	intogen_temporal_new__to__ot_all	target
MAPK11	3	1	ot_all	native_string_phys700	intogen_temporal_new__to__ot_all	target
PSMA8	3	1	ot_all	native_string_phys700	intogen_temporal_new__to__ot_all	target
TUBA1A	3	1	ot_all	native_string_phys700	intogen_temporal_new__to__ot_all	target
ACVR1	3	1	ot_all	native_string_phys700	intogen_temporal_new__to__ot_all	target
CNKSR1	3	1	ot_all	native_string_phys700	intogen_temporal_new__to__ot_all	target
MT-CO1	3	1	ot_all	native_string_phys700	intogen_temporal_new__to__ot_all	target
EPOR	3	1	ot_all	native_string_phys700	intogen_temporal_new__to__ot_all	target
LMNA	3	1	ot_all	native_string_phys700	intogen_temporal_new__to__ot_all	target
CPSF6	3	1	ot_all	native_string_phys700	intogen_temporal_new__to__ot_all	target
AXL	3	1	ot_all	native_string_phys700	intogen_temporal_new__to__ot_all	target
PSMD3	3	1	ot_all	native_string_phys700	intogen_temporal_new__to__ot_all	target
CREBBP	3	1	ot_all	native_string_phys700	intogen_temporal_new__to__ot_all	target
TUBB2B	3	1	ot_all	native_string_phys700	intogen_temporal_new__to__ot_all	target
HAVCR2	3	1	ot_all	native_string_phys700	intogen_temporal_new__to__ot_all	target
FGF1	3	1	ot_all	native_string_phys700	intogen_temporal_new__to__ot_all	target
TGFBR2	3	1	ot_all	native_string_phys700	intogen_temporal_new__to__ot_all	target
SSTR1	3	1	ot_all	native_string_phys700	intogen_temporal_new__to__ot_all	target
PRKN	3	1	ot_all	native_string_phys700	intogen_temporal_new__to__ot_all	target
FGFR1OP2	3	1	ot_all	native_string_phys700	intogen_temporal_new__to__ot_all	target
WT1	3	1	ot_all	native_string_phys700	intogen_temporal_new__to__ot_all	target
HDAC2	3	1	ot_all	native_string_phys700	intogen_temporal_new__to__ot_all	target
KCNB1	3	1	ot_all	native_string_phys700	intogen_temporal_new__to__ot_all	target
NR3C1	3	1	ot_all	native_string_phys700	intogen_temporal_new__to__ot_all	target
RARG	3	1	ot_all	native_string_phys700	intogen_temporal_new__to__ot_all	target
STAT3	3	1	ot_all	native_string_phys700	intogen_temporal_new__to__ot_all	target
ARID1A	3	1	ot_all	native_string_phys700	intogen_temporal_new__to__ot_all	target
JAG2	3	1	ot_all	native_string_phys700	intogen_temporal_new__to__ot_all	target
PSMB6	3	1	ot_all	native_string_phys700	intogen_temporal_new__to__ot_all	target
TRIM28	3	1	ot_all	native_string_phys700	intogen_temporal_new__to__ot_all	target
PSMD13	3	1	ot_all	native_string_phys700	intogen_temporal_new__to__ot_all	target
JAK1	3	1	ot_all	native_string_phys700	intogen_temporal_new__to__ot_all	target
TUBB4B	3	1	ot_all	native_string_phys700	intogen_temporal_new__to__ot_all	target
TYK2	3	1	ot_all	native_string_phys700	intogen_temporal_new__to__ot_all	target
SDC4	3	1	ot_all	native_string_phys700	intogen_temporal_new__to__ot_all	target
RAD51D	3	1	ot_all	native_string_phys700	intogen_temporal_new__to__ot_all	target
PSMD7	3	1	ot_all	native_string_phys700	intogen_temporal_new__to__ot_all	target
TRIM24	3	1	ot_all	native_string_phys700	intogen_temporal_new__to__ot_all	target
PSMD11	3	1	ot_all	native_string_phys700	intogen_temporal_new__to__ot_all	target
PSMA5	3	1	ot_all	native_string_phys700	intogen_temporal_new__to__ot_all	target
OPRM1	3	1	ot_all	native_string_phys700	intogen_temporal_new__to__ot_all	target
ETV6	3	1	ot_all	native_string_phys700	intogen_temporal_new__to__ot_all	target
MPRIP	3	1	ot_all	native_string_phys700	intogen_temporal_new__to__ot_all	target
POLD3	3	1	ot_all	native_string_phys700	intogen_temporal_new__to__ot_all	target
TUBB1	3	1	ot_all	native_string_phys700	intogen_temporal_new__to__ot_all	target
SNW1	3	1	ot_all	native_string_phys700	intogen_temporal_new__to__ot_all	target
PIK3CG	3	1	ot_all	native_string_phys700	intogen_temporal_new__to__ot_all	target
TLN1	3	1	ot_all	native_string_phys700	intogen_temporal_new__to__ot_all	target
RECQL4	3	1	ot_all	native_string_phys700	intogen_temporal_new__to__ot_all	target
KCNA10	3	1	ot_all	native_string_phys700	intogen_temporal_new__to__ot_all	target
NLRP7	3	1	ot_all	native_string_phys700	intogen_temporal_new__to__ot_all	target
ESR1	3	1	ot_all	native_string_phys700	intogen_temporal_new__to__ot_all	target
PGR	3	1	ot_all	native_string_phys700	intogen_temporal_new__to__ot_all	target
KCNA2	3	1	ot_all	native_string_phys700	intogen_temporal_new__to__ot_all	target
PLCG1	3	1	ot_all	native_string_phys700	intogen_temporal_new__to__ot_all	target
ALK	3	1	ot_all	native_string_phys700	intogen_temporal_new__to__ot_all	target
NOTCH1	3	1	ot_all	native_string_phys700	intogen_temporal_new__to__ot_all	target
LCK	3	1	ot_all	native_string_phys700	intogen_temporal_new__to__ot_all	target
CDKN1C	3	1	ot_all	native_string_phys700	intogen_temporal_new__to__ot_all	target
FGF17	3	1	ot_all	native_string_phys700	intogen_temporal_new__to__ot_all	target
AIP	3	1	ot_all	native_string_phys700	intogen_temporal_new__to__ot_all	target
NTRK3	3	1	ot_all	native_string_phys700	intogen_temporal_new__to__ot_all	target
FGF4	3	1	ot_all	native_string_phys700	intogen_temporal_new__to__ot_all	target
PSMC6	3	1	ot_all	native_string_phys700	intogen_temporal_new__to__ot_all	target
PMS2	3	1	ot_all	native_string_phys700	intogen_temporal_new__to__ot_all	target
NPM1	3	1	ot_all	native_string_phys700	intogen_temporal_new__to__ot_all	target
FGB	3	1	ot_all	native_string_phys700	intogen_temporal_new__to__ot_all	target
PSMD14	3	1	ot_all	native_string_phys700	intogen_temporal_new__to__ot_all	target
ABL1	3	1	ot_all	native_string_phys700	intogen_temporal_new__to__ot_all	target
PIK3R2	3	1	ot_all	native_string_phys700	intogen_temporal_new__to__ot_all	target
POLD1	3	1	ot_all	native_string_phys700	intogen_temporal_new__to__ot_all	target
GPR161	3	1	ot_all	native_string_phys700	intogen_temporal_new__to__ot_all	target
TP53	3	1	ot_all	native_string_phys700	intogen_temporal_new__to__ot_all	target
TACSTD2	3	1	ot_all	native_string_phys700	intogen_temporal_new__to__ot_all	target
CYLD	3	1	ot_all	native_string_phys700	intogen_temporal_new__to__ot_all	target
FLCN	3	1	ot_all	native_string_phys700	intogen_temporal_new__to__ot_all	target
ATP4B	3	1	ot_all	native_string_phys700	intogen_temporal_new__to__ot_all	target
DLST	3	1	ot_all	native_string_phys700	intogen_temporal_new__to__ot_all	target
TNFRSF17	3	1	ot_all	native_string_phys700	intogen_temporal_new__to__ot_all	target
NTHL1	3	1	ot_all	native_string_phys700	intogen_temporal_new__to__ot_all	target
TUBB8	3	1	ot_all	native_string_phys700	intogen_temporal_new__to__ot_all	target
KCNH6	3	1	ot_all	native_string_phys700	intogen_temporal_new__to__ot_all	target
PSMA7	3	1	ot_all	native_string_phys700	intogen_temporal_new__to__ot_all	target
SDHAF2	3	1	ot_all	native_string_phys700	intogen_temporal_new__to__ot_all	target
EGF	3	1	ot_all	native_string_phys700	intogen_temporal_new__to__ot_all	target
CTLA4	3	1	ot_all	native_string_phys700	intogen_temporal_new__to__ot_all	target
FGFR1	3	1	ot_all	native_string_phys700	intogen_temporal_new__to__ot_all	target
SMARCB1	3	1	ot_all	native_string_phys700	intogen_temporal_new__to__ot_all	target
KLK3	3	1	ot_all	native_string_phys700	intogen_temporal_new__to__ot_all	target
PARN	3	1	ot_all	native_string_phys700	intogen_temporal_new__to__ot_all	target
ERBB4	3	1	ot_all	native_string_phys700	intogen_temporal_new__to__ot_all	target
FRK	3	1	ot_all	native_string_phys700	intogen_temporal_new__to__ot_all	target
PTEN	3	1	ot_all	native_string_phys700	intogen_temporal_new__to__ot_all	target
RSPO1	3	1	ot_all	native_string_phys700	intogen_temporal_new__to__ot_all	target
PRIM1	3	1	ot_all	native_string_phys700	intogen_temporal_new__to__ot_all	target
EREG	3	1	ot_all	native_string_phys700	intogen_temporal_new__to__ot_all	target
RAF1	3	1	ot_all	native_string_phys700	intogen_temporal_new__to__ot_all	target
BUB1B	3	1	ot_all	native_string_phys700	intogen_temporal_new__to__ot_all	target
FGF16	3	1	ot_all	native_string_phys700	intogen_temporal_new__to__ot_all	target
DNMT1	3	1	ot_all	native_string_phys700	intogen_temporal_new__to__ot_all	target
PAX3	3	1	ot_all	native_string_phys700	intogen_temporal_new__to__ot_all	target
EPCAM	3	1	ot_all	native_string_phys700	intogen_temporal_new__to__ot_all	target
ATRX	3	1	ot_all	native_string_phys700	intogen_temporal_new__to__ot_all	target
PSMD12	3	1	ot_all	native_string_phys700	intogen_temporal_new__to__ot_all	target
ATP4A	3	1	ot_all	native_string_phys700	intogen_temporal_new__to__ot_all	target
RAD51C	3	1	ot_all	native_string_phys700	intogen_temporal_new__to__ot_all	target
POT1	3	1	ot_all	native_string_phys700	intogen_temporal_new__to__ot_all	target
KCNA4	3	1	ot_all	native_string_phys700	intogen_temporal_new__to__ot_all	target
AKT3	3	1	ot_all	native_string_phys700	intogen_temporal_new__to__ot_all	target
FBXW7	3	1	ot_all	native_string_phys700	intogen_temporal_new__to__ot_all	target
PIK3CA	3	1	ot_all	native_string_phys700	intogen_temporal_new__to__ot_all	target
TNFRSF8	3	1	ot_all	native_string_phys700	intogen_temporal_new__to__ot_all	target
TBL1XR1	3	1	ot_all	native_string_phys700	intogen_temporal_new__to__ot_all	target
CXCR4	3	1	ot_all	native_string_phys700	intogen_temporal_new__to__ot_all	target
PSMD6	3	1	ot_all	native_string_phys700	intogen_temporal_new__to__ot_all	target
B2M	3	1	ot_all	native_string_phys700	intogen_temporal_new__to__ot_all	target
POLD4	3	1	ot_all	native_string_phys700	intogen_temporal_new__to__ot_all	target
SPTBN1	3	1	ot_all	native_string_phys700	intogen_temporal_new__to__ot_all	target
EZH2	3	1	ot_all	native_string_phys700	intogen_temporal_new__to__ot_all	target
IFNAR1	3	1	ot_all	native_string_phys700	intogen_temporal_new__to__ot_all	target
FGF7	3	1	ot_all	native_string_phys700	intogen_temporal_new__to__ot_all	target
CCND1	3	1	ot_all	native_string_phys700	intogen_temporal_new__to__ot_all	target
MSH3	3	1	ot_all	native_string_phys700	intogen_temporal_new__to__ot_all	target
ATIC	3	1	ot_all	native_string_phys700	intogen_temporal_new__to__ot_all	target
MS4A1	3	1	ot_all	native_string_phys700	intogen_temporal_new__to__ot_all	target
CYP19A1	3	1	ot_all	native_string_phys700	intogen_temporal_new__to__ot_all	target
JAK3	3	1	ot_all	native_string_phys700	intogen_temporal_new__to__ot_all	target
TUBB2A	3	1	ot_all	native_string_phys700	intogen_temporal_new__to__ot_all	target
CD22	3	1	ot_all	native_string_phys700	intogen_temporal_new__to__ot_all	target
KDR	3	1	ot_all	native_string_phys700	intogen_temporal_new__to__ot_all	target
NHP2	3	1	ot_all	native_string_phys700	intogen_temporal_new__to__ot_all	target
KCNC4	3	1	ot_all	native_string_phys700	intogen_temporal_new__to__ot_all	target
NSDHL	3	1	ot_all	native_string_phys700	intogen_temporal_new__to__ot_all	target
CDH11	3	1	ot_all	native_string_phys700	intogen_temporal_new__to__ot_all	target
TCF7L2	3	1	ot_all	native_string_phys700	intogen_temporal_new__to__ot_all	target
FTO	3	1	ot_all	native_string_phys700	intogen_temporal_new__to__ot_all	target
DLL4	3	1	ot_all	native_string_phys700	intogen_temporal_new__to__ot_all	target
SLF2	3	1	ot_all	native_string_phys700	intogen_temporal_new__to__ot_all	target
IKZF1	3	1	ot_all	native_string_phys700	intogen_temporal_new__to__ot_all	target
U2AF1	3	1	ot_all	native_string_phys700	intogen_temporal_new__to__ot_all	target
HRAS	3	1	ot_all	native_string_phys700	intogen_temporal_new__to__ot_all	target
IDH2	3	1	ot_all	native_string_phys700	intogen_temporal_new__to__ot_all	target
PSMA3	3	1	ot_all	native_string_phys700	intogen_temporal_new__to__ot_all	target
DCLRE1C	3	1	ot_all	native_string_phys700	intogen_temporal_new__to__ot_all	target
LATS2	3	1	ot_all	native_string_phys700	intogen_temporal_new__to__ot_all	target
FASLG	3	1	ot_all	native_string_phys700	intogen_temporal_new__to__ot_all	target
GRB2	3	1	ot_all	native_string_phys700	intogen_temporal_new__to__ot_all	target
HDAC6	3	1	ot_all	native_string_phys700	intogen_temporal_new__to__ot_all	target
DNMT3A	3	1	ot_all	native_string_phys700	intogen_temporal_new__to__ot_all	target
RTEL1	3	1	ot_all	native_string_phys700	intogen_temporal_new__to__ot_all	target
FGFR2	3	1	ot_all	native_string_phys700	intogen_temporal_new__to__ot_all	target
TNFRSF13B	3	1	ot_all	native_string_phys700	intogen_temporal_new__to__ot_all	target
ARID5B	3	1	ot_all	native_string_phys700	intogen_temporal_new__to__ot_all	target
IRF1	3	1	ot_all	native_string_phys700	intogen_temporal_new__to__ot_all	target
PSMB3	3	1	ot_all	native_string_phys700	intogen_temporal_new__to__ot_all	target
MAML3	3	1	ot_all	native_string_phys700	intogen_temporal_new__to__ot_all	target
ING1	3	1	ot_all	native_string_phys700	intogen_temporal_new__to__ot_all	target
GCGR	3	1	ot_all	native_string_phys700	intogen_temporal_new__to__ot_all	target
FAT1	3	1	ot_all	native_string_phys700	intogen_temporal_new__to__ot_all	target
CDC73	3	1	ot_all	native_string_phys700	intogen_temporal_new__to__ot_all	target
PSMA6	3	1	ot_all	native_string_phys700	intogen_temporal_new__to__ot_all	target
MARK3	3	1	ot_all	native_string_phys700	intogen_temporal_new__to__ot_all	target
MITF	3	1	ot_all	native_string_phys700	intogen_temporal_new__to__ot_all	target
FGF22	3	1	ot_all	native_string_phys700	intogen_temporal_new__to__ot_all	target
H3-3A	3	1	ot_all	native_string_phys700	intogen_temporal_new__to__ot_all	target
MAPK3	3	1	ot_all	native_string_phys700	intogen_temporal_new__to__ot_all	target
GNAS	3	1	ot_all	native_string_phys700	intogen_temporal_new__to__ot_all	target
VHL	3	1	ot_all	native_string_phys700	intogen_temporal_new__to__ot_all	target
IRF4	3	1	ot_all	native_string_phys700	intogen_temporal_new__to__ot_all	target
POLE2	3	1	ot_all	native_string_phys700	intogen_temporal_new__to__ot_all	target
DKC1	3	1	ot_all	native_string_phys700	intogen_temporal_new__to__ot_all	target
ATM	3	1	ot_all	native_string_phys700	intogen_temporal_new__to__ot_all	target
NFIA	3	1	ot_all	native_string_phys700	intogen_temporal_new__to__ot_all	target
CASP10	3	1	ot_all	native_string_phys700	intogen_temporal_new__to__ot_all	target
DNA2	3	1	ot_all	native_string_phys700	intogen_temporal_new__to__ot_all	target
DICER1	3	1	ot_all	native_string_phys700	intogen_temporal_new__to__ot_all	target
BRCA1	3	1	ot_all	native_string_phys700	intogen_temporal_new__to__ot_all	target
SMARCE1	3	1	ot_all	native_string_phys700	intogen_temporal_new__to__ot_all	target
FLT1	3	1	ot_all	native_string_phys700	intogen_temporal_new__to__ot_all	target
ACTG1	3	1	ot_all	native_string_phys700	intogen_temporal_new__to__ot_all	target
CBL	3	1	ot_all	native_string_phys700	intogen_temporal_new__to__ot_all	target
TUBB4A	3	1	ot_all	native_string_phys700	intogen_temporal_new__to__ot_all	target
HTR3A	3	1	ot_all	native_string_phys700	intogen_temporal_new__to__ot_all	target
LZTR1	3	1	ot_all	native_string_phys700	intogen_temporal_new__to__ot_all	target
MLH3	3	1	ot_all	native_string_phys700	intogen_temporal_new__to__ot_all	target
MSH2	3	1	ot_all	native_string_phys700	intogen_temporal_new__to__ot_all	target
PSMB2	3	1	ot_all	native_string_phys700	intogen_temporal_new__to__ot_all	target
FXR1	3	1	ot_all	native_string_phys700	intogen_temporal_new__to__ot_all	target
GOLGB1	3	1	ot_all	native_string_phys700	intogen_temporal_new__to__ot_all	target
SETD2	3	1	ot_all	native_string_phys700	intogen_temporal_new__to__ot_all	target
NF2	3	1	ot_all	native_string_phys700	intogen_temporal_new__to__ot_all	target
MYO18A	3	1	ot_all	native_string_phys700	intogen_temporal_new__to__ot_all	target
BCR	3	1	ot_all	native_string_phys700	intogen_temporal_new__to__ot_all	target
DCLRE1B	3	1	ot_all	native_string_phys700	intogen_temporal_new__to__ot_all	target
PSMB7	3	1	ot_all	native_string_phys700	intogen_temporal_new__to__ot_all	target
PSMC1	3	1	ot_all	native_string_phys700	intogen_temporal_new__to__ot_all	target
ARRB1	3	1	ot_all	native_string_phys700	intogen_temporal_new__to__ot_all	target
PSMC3	3	1	ot_all	native_string_phys700	intogen_temporal_new__to__ot_all	target
RRM2	3	1	ot_all	native_string_phys700	intogen_temporal_new__to__ot_all	target
PTCH1	3	1	ot_all	native_string_phys700	intogen_temporal_new__to__ot_all	target
LRRFIP1	3	1	ot_all	native_string_phys700	intogen_temporal_new__to__ot_all	target
RNF43	3	1	ot_all	native_string_phys700	intogen_temporal_new__to__ot_all	target
ERBB2	3	1	ot_all	native_string_phys700	intogen_temporal_new__to__ot_all	target
FBXO11	3	1	ot_all	native_string_phys700	intogen_temporal_new__to__ot_all	target
FGFR3	3	1	ot_all	native_string_phys700	intogen_temporal_new__to__ot_all	target
PSMA4	3	1	ot_all	native_string_phys700	intogen_temporal_new__to__ot_all	target
NF1	3	1	ot_all	native_string_phys700	intogen_temporal_new__to__ot_all	target
AMER1	3	1	ot_all	native_string_phys700	intogen_temporal_new__to__ot_all	target
DDX41	3	1	ot_all	native_string_phys700	intogen_temporal_new__to__ot_all	target
PARP2	3	1	ot_all	native_string_phys700	intogen_temporal_new__to__ot_all	target
FGF6	3	1	ot_all	native_string_phys700	intogen_temporal_new__to__ot_all	target
CUX1	3	1	ot_all	native_string_phys700	intogen_temporal_new__to__ot_all	target
TSC2	3	1	ot_all	native_string_phys700	intogen_temporal_new__to__ot_all	target
MUTYH	3	1	ot_all	native_string_phys700	intogen_temporal_new__to__ot_all	target
FGA	3	1	ot_all	native_string_phys700	intogen_temporal_new__to__ot_all	target
IDH1	3	1	ot_all	native_string_phys700	intogen_temporal_new__to__ot_all	target
SRSF2	3	1	ot_all	native_string_phys700	intogen_temporal_new__to__ot_all	target
PSMC4	3	1	ot_all	native_string_phys700	intogen_temporal_new__to__ot_all	target
MST1R	3	1	ot_all	native_string_phys700	intogen_temporal_new__to__ot_all	target
BTK	3	1	ot_all	native_string_phys700	intogen_temporal_new__to__ot_all	target
APC	3	1	ot_all	native_string_phys700	intogen_temporal_new__to__ot_all	target
TRIP13	3	1	ot_all	native_string_phys700	intogen_temporal_new__to__ot_all	target
BRAF	3	1	ot_all	native_string_phys700	intogen_temporal_new__to__ot_all	target
ASXL1	3	1	ot_all	native_string_phys700	intogen_temporal_new__to__ot_all	target
CRBN	3	1	ot_all	native_string_phys700	intogen_temporal_new__to__ot_all	target
TUBB	3	1	ot_all	native_string_phys700	intogen_temporal_new__to__ot_all	target
FYN	3	1	ot_all	native_string_phys700	intogen_temporal_new__to__ot_all	target
TUBB6	3	1	ot_all	native_string_phys700	intogen_temporal_new__to__ot_all	target
IGF2	3	1	ot_all	native_string_phys700	intogen_temporal_new__to__ot_all	target
ERBIN	3	1	ot_all	native_string_phys700	intogen_temporal_new__to__ot_all	target
JAK2	3	1	ot_all	native_string_phys700	intogen_temporal_new__to__ot_all	target
ENG	3	1	ot_all	native_string_phys700	intogen_temporal_new__to__ot_all	target
STK11	3	1	ot_all	native_string_phys700	intogen_temporal_new__to__ot_all	target
VCL	3	1	ot_all	native_string_phys700	intogen_temporal_new__to__ot_all	target
LAG3	3	1	ot_all	native_string_phys700	intogen_temporal_new__to__ot_all	target
PPP6C	3	1	ot_all	native_string_phys700	intogen_temporal_new__to__ot_all	target
TSC1	3	1	ot_all	native_string_phys700	intogen_temporal_new__to__ot_all	target
EGFR	3	1	ot_all	native_string_phys700	intogen_temporal_new__to__ot_all	target
AXIN1	3	1	ot_all	native_string_phys700	intogen_temporal_new__to__ot_all	target
MC1R	3	1	ot_all	native_string_phys700	intogen_temporal_new__to__ot_all	target
CDH23	3	1	ot_all	native_string_phys700	intogen_temporal_new__to__ot_all	target
NOP10	3	1	ot_all	native_string_phys700	intogen_temporal_new__to__ot_all	target
CDK4	3	1	ot_all	native_string_phys700	intogen_temporal_new__to__ot_all	target
PSMD2	3	1	ot_all	native_string_phys700	intogen_temporal_new__to__ot_all	target
KCNA5	3	1	ot_all	native_string_phys700	intogen_temporal_new__to__ot_all	target
TLR7	3	1	ot_all	native_string_phys700	intogen_temporal_new__to__ot_all	target
PDGFRB	3	1	ot_all	native_string_phys700	intogen_temporal_new__to__ot_all	target
KCND2	3	1	ot_all	native_string_phys700	intogen_temporal_new__to__ot_all	target
KCNH1	3	1	ot_all	native_string_phys700	intogen_temporal_new__to__ot_all	target
CYP17A1	3	1	ot_all	native_string_phys700	intogen_temporal_new__to__ot_all	target
FH	3	1	ot_all	native_string_phys700	intogen_temporal_new__to__ot_all	target
TINF2	3	1	ot_all	native_string_phys700	intogen_temporal_new__to__ot_all	target
RAG2	3	1	ot_all	native_string_phys700	intogen_temporal_new__to__ot_all	target
IQGAP1	3	1	ot_all	native_string_phys700	intogen_temporal_new__to__ot_all	target
NRAS	3	1	ot_all	native_string_phys700	intogen_temporal_new__to__ot_all	target
BCL2	3	1	ot_all	native_string_phys700	intogen_temporal_new__to__ot_all	target
RARA	3	1	ot_all	native_string_phys700	intogen_temporal_new__to__ot_all	target
KCNH2	3	1	ot_all	native_string_phys700	intogen_temporal_new__to__ot_all	target
KMT2C	3	1	ot_all	native_string_phys700	intogen_temporal_new__to__ot_all	target
FN1	3	1	ot_all	native_string_phys700	intogen_temporal_new__to__ot_all	target
ELMO2	3	1	ot_all	native_string_phys700	intogen_temporal_new__to__ot_all	target
MLH1	3	1	ot_all	native_string_phys700	intogen_temporal_new__to__ot_all	target
APBB1IP	3	1	ot_all	native_string_phys700	intogen_temporal_new__to__ot_all	target
AXIN2	3	1	ot_all	native_string_phys700	intogen_temporal_new__to__ot_all	target
BMPR1A	3	1	ot_all	native_string_phys700	intogen_temporal_new__to__ot_all	target
MAPK1	3	1	ot_all	native_string_phys700	intogen_temporal_new__to__ot_all	target
GPC3	3	1	ot_all	native_string_phys700	intogen_temporal_new__to__ot_all	target
EPHA2	3	1	ot_all	native_string_phys700	intogen_temporal_new__to__ot_all	target
HDAC1	3	1	ot_all	native_string_phys700	intogen_temporal_new__to__ot_all	target
SDHB	3	1	ot_all	native_string_phys700	intogen_temporal_new__to__ot_all	target
TUBB3	3	1	ot_all	native_string_phys700	intogen_temporal_new__to__ot_all	target
FRS2	3	1	ot_all	native_string_phys700	intogen_temporal_new__to__ot_all	target
RRM1	3	1	ot_all	native_string_phys700	intogen_temporal_new__to__ot_all	target
RAP1A	3	1	ot_all	native_string_phys700	intogen_temporal_new__to__ot_all	target
AKT1	3	1	ot_all	native_string_phys700	intogen_temporal_new__to__ot_all	target
FLT4	3	1	ot_all	native_string_phys700	intogen_temporal_new__to__ot_all	target
KCNC1	3	1	ot_all	native_string_phys700	intogen_temporal_new__to__ot_all	target
KEAP1	3	1	ot_all	native_string_phys700	intogen_temporal_new__to__ot_all	target
ITGB3	3	1	ot_all	native_string_phys700	intogen_temporal_new__to__ot_all	target
AKT2	3	1	ot_all	native_string_phys700	intogen_temporal_new__to__ot_all	target
EPHA3	3	1	ot_all	native_string_phys700	intogen_temporal_new__to__ot_all	target
BRIP1	3	1	ot_all	native_string_phys700	intogen_temporal_new__to__ot_all	target
RRM2B	3	1	ot_all	native_string_phys700	intogen_temporal_new__to__ot_all	target
SDHD	3	1	ot_all	native_string_phys700	intogen_temporal_new__to__ot_all	target
KHDC3L	3	1	ot_all	native_string_phys700	intogen_temporal_new__to__ot_all	target
MYC	3	1	ot_all	native_string_phys700	intogen_temporal_new__to__ot_all	target
VWF	3	1	ot_all	native_string_phys700	intogen_temporal_new__to__ot_all	target
TUBA4A	3	1	ot_all	native_string_phys700	intogen_temporal_new__to__ot_all	target
NOTCH3	3	1	ot_all	native_string_phys700	intogen_temporal_new__to__ot_all	target
MAML1	3	1	ot_all	native_string_phys700	intogen_temporal_new__to__ot_all	target
ACD	3	1	ot_all	native_string_phys700	intogen_temporal_new__to__ot_all	target
FGF9	3	1	ot_all	native_string_phys700	intogen_temporal_new__to__ot_all	target
MFN2	3	1	ot_all	native_string_phys700	intogen_temporal_new__to__ot_all	target
FGF10	3	1	ot_all	native_string_phys700	intogen_temporal_new__to__ot_all	target
BAG4	3	1	ot_all	native_string_phys700	intogen_temporal_new__to__ot_all	target
TP63	3	1	ot_all	native_string_phys700	intogen_temporal_new__to__ot_all	target
HOXB13	3	1	ot_all	native_string_phys700	intogen_temporal_new__to__ot_all	target
CEBPA	3	1	ot_all	native_string_phys700	intogen_temporal_new__to__ot_all	target
KDM5C	3	1	ot_all	native_string_phys700	intogen_temporal_new__to__ot_all	target
KAT2B	3	1	ot_all	native_string_phys700	intogen_temporal_new__to__ot_all	target
MYD88	3	1	ot_all	native_string_phys700	intogen_temporal_new__to__ot_all	target
SH3BP2	3	1	ot_all	native_string_phys700	intogen_temporal_new__to__ot_all	target
PRKCD	3	1	ot_all	native_string_phys700	intogen_temporal_new__to__ot_all	target
PSMB10	3	1	ot_all	native_string_phys700	intogen_temporal_new__to__ot_all	target
ADRM1	3	1	ot_all	native_string_phys700	intogen_temporal_new__to__ot_all	target
CYP11A1	3	1	ot_all	native_string_phys700	intogen_temporal_new__to__ot_all	target
MET	3	1	ot_all	native_string_phys700	intogen_temporal_new__to__ot_all	target
YWHAB	3	1	ot_all	native_string_phys700	intogen_temporal_new__to__ot_all	target
PSMD1	3	1	ot_all	native_string_phys700	intogen_temporal_new__to__ot_all	target
MAX	3	1	ot_all	native_string_phys700	intogen_temporal_new__to__ot_all	target
CD38	3	1	ot_all	native_string_phys700	intogen_temporal_new__to__ot_all	target
PDE3A	3	1	ot_all	native_string_phys700	intogen_temporal_new__to__ot_all	target
PSMD4	3	1	ot_all	native_string_phys700	intogen_temporal_new__to__ot_all	target
FGF18	3	1	ot_all	native_string_phys700	intogen_temporal_new__to__ot_all	target
POLA2	3	1	ot_all	native_string_phys700	intogen_temporal_new__to__ot_all	target
FGF3	3	1	ot_all	native_string_phys700	intogen_temporal_new__to__ot_all	target
SSTR3	3	1	ot_all	native_string_phys700	intogen_temporal_new__to__ot_all	target
PARP1	3	1	ot_all	native_string_phys700	intogen_temporal_new__to__ot_all	target
NRG1	3	1	ot_all	native_string_phys700	intogen_temporal_new__to__ot_all	target
RBX1	3	1	ot_all	native_string_phys700	intogen_temporal_new__to__ot_all	target
CD3D	3	1	ot_all	native_string_phys700	intogen_temporal_new__to__ot_all	target
BCL2L11	3	1	ot_all	native_string_phys700	intogen_temporal_new__to__ot_all	target
CHEK2	3	1	ot_all	native_string_phys700	intogen_temporal_new__to__ot_all	target
KCNG4	3	1	ot_all	native_string_phys700	intogen_temporal_new__to__ot_all	target
MAPK8	3	1	ot_all	native_string_phys700	intogen_temporal_new__to__ot_all	target
CASR	3	1	ot_all	native_string_phys700	intogen_temporal_new__to__ot_all	target
GATA3	3	1	ot_all	native_string_phys700	intogen_temporal_new__to__ot_all	target
PDE5A	3	1	ot_all	native_string_phys700	intogen_temporal_new__to__ot_all	target
PSMB11	3	1	ot_all	native_string_phys700	intogen_temporal_new__to__ot_all	target
DHH	3	1	ot_all	native_string_phys700	intogen_temporal_new__to__ot_all	target
PRKCB	3	1	ot_all	native_string_phys700	intogen_temporal_new__to__ot_all	target
TNFSF11	3	1	ot_all	native_string_phys700	intogen_temporal_new__to__ot_all	target
TFG	3	1	ot_all	native_string_phys700	intogen_temporal_new__to__ot_all	target
EPAS1	3	1	ot_all	native_string_phys700	intogen_temporal_new__to__ot_all	target
QKI	3	1	ot_all	native_string_phys700	intogen_temporal_new__to__ot_all	target
CD19	3	1	ot_all	native_string_phys700	intogen_temporal_new__to__ot_all	target
PTPN14	3	1	ot_all	native_string_phys700	intogen_temporal_new__to__ot_all	target
TEK	3	1	ot_all	native_string_phys700	intogen_temporal_new__to__ot_all	target
CTNNB1	3	1	ot_all	native_string_phys700	intogen_temporal_new__to__ot_all	target
SMAD4	3	1	ot_all	native_string_phys700	intogen_temporal_new__to__ot_all	target
FGF20	3	1	ot_all	native_string_phys700	intogen_temporal_new__to__ot_all	target
TOP1	3	1	ot_all	native_string_phys700	intogen_temporal_new__to__ot_all	target
CD3E	3	1	ot_all	native_string_phys700	intogen_temporal_new__to__ot_all	target
CLTC	3	1	ot_all	native_string_phys700	intogen_temporal_new__to__ot_all	target
TUBA1B	3	1	ot_all	native_string_phys700	intogen_temporal_new__to__ot_all	target
SPRTN	3	1	ot_all	native_string_phys700	intogen_temporal_new__to__ot_all	target
PSMC5	3	1	ot_all	native_string_phys700	intogen_temporal_new__to__ot_all	target
RUNX1	3	1	ot_all	native_string_phys700	intogen_temporal_new__to__ot_all	target
CD79B	3	1	ot_all	native_string_phys700	intogen_temporal_new__to__ot_all	target
SMARCA4	3	1	ot_all	native_string_phys700	intogen_temporal_new__to__ot_all	target
MEN1	3	1	ot_all	native_string_phys700	intogen_temporal_new__to__ot_all	target
CEP57	3	1	ot_all	native_string_phys700	intogen_temporal_new__to__ot_all	target
HDAC3	3	1	ot_all	native_string_phys700	intogen_temporal_new__to__ot_all	target
CALR	3	1	ot_all	native_string_phys700	intogen_temporal_new__to__ot_all	target
PSMA2	3	1	ot_all	native_string_phys700	intogen_temporal_new__to__ot_all	target
HNF1B	3	1	ot_all	native_string_phys700	intogen_temporal_new__to__ot_all	target
KCNA1	3	1	ot_all	native_string_phys700	intogen_temporal_new__to__ot_all	target
H3-3B	3	1	ot_all	native_string_phys700	intogen_temporal_new__to__ot_all	target
CSF3R	3	1	ot_all	native_string_phys700	intogen_temporal_new__to__ot_all	target
XPA	3	1	ot_all	native_string_phys700	intogen_temporal_new__to__ot_all	target
PIK3CB	3	1	ot_all	native_string_phys700	intogen_temporal_new__to__ot_all	target
STAT5A	3	1	ot_all	native_string_phys700	intogen_temporal_new__to__ot_all	target
CD3G	3	1	ot_all	native_string_phys700	intogen_temporal_new__to__ot_all	target
POLE3	3	1	ot_all	native_string_phys700	intogen_temporal_new__to__ot_all	target
RB1	3	1	ot_all	native_string_phys700	intogen_temporal_new__to__ot_all	target
CD52	3	1	ot_all	native_string_phys700	intogen_temporal_new__to__ot_all	target
DLL3	3	1	ot_all	native_string_phys700	intogen_temporal_new__to__ot_all	target
ITK	3	1	ot_all	native_string_phys700	intogen_temporal_new__to__ot_all	target
FANCD2	3	1	ot_all	native_string_phys700	intogen_temporal_new__to__ot_all	target
TGFB1	3	1	ot_all	native_string_phys700	intogen_temporal_new__to__ot_all	target
HCK	3	1	ot_all	native_string_phys700	intogen_temporal_new__to__ot_all	target
OGG1	3	1	ot_all	native_string_phys700	intogen_temporal_new__to__ot_all	target
SSTR2	3	1	ot_all	native_string_phys700	intogen_temporal_new__to__ot_all	target
NAB1	3	0	ot_all	native_string_phys700	intogen_temporal_new__to__ot_all	background
DDIT4	3	0	ot_all	native_string_phys700	intogen_temporal_new__to__ot_all	background
MRGPRX2	3	0	ot_all	native_string_phys700	intogen_temporal_new__to__ot_all	background
SMG9	3	0	ot_all	native_string_phys700	intogen_temporal_new__to__ot_all	background
CCDC9	3	0	ot_all	native_string_phys700	intogen_temporal_new__to__ot_all	background
TMED9	3	0	ot_all	native_string_phys700	intogen_temporal_new__to__ot_all	background
MTHFD2L	3	0	ot_all	native_string_phys700	intogen_temporal_new__to__ot_all	background
CEBPZ	3	0	ot_all	native_string_phys700	intogen_temporal_new__to__ot_all	background
SNAI1	3	0	ot_all	native_string_phys700	intogen_temporal_new__to__ot_all	background
EPC1	3	0	ot_all	native_string_phys700	intogen_temporal_new__to__ot_all	background
LGI4	3	0	ot_all	native_string_phys700	intogen_temporal_new__to__ot_all	background
TUBA3D	3	0	ot_all	native_string_phys700	intogen_temporal_new__to__ot_all	background
ELK1	3	0	ot_all	native_string_phys700	intogen_temporal_new__to__ot_all	background
PPY	3	0	ot_all	native_string_phys700	intogen_temporal_new__to__ot_all	background
BTNL3	3	0	ot_all	native_string_phys700	intogen_temporal_new__to__ot_all	background
SEC61A1	3	0	ot_all	native_string_phys700	intogen_temporal_new__to__ot_all	background
CSNK1G1	3	0	ot_all	native_string_phys700	intogen_temporal_new__to__ot_all	background
SFRP1	3	0	ot_all	native_string_phys700	intogen_temporal_new__to__ot_all	background
CBX3	3	0	ot_all	native_string_phys700	intogen_temporal_new__to__ot_all	background
ASH1L	3	0	ot_all	native_string_phys700	intogen_temporal_new__to__ot_all	background
PLCD1	3	0	ot_all	native_string_phys700	intogen_temporal_new__to__ot_all	background
BCL2L2-PABPN1	3	0	ot_all	native_string_phys700	intogen_temporal_new__to__ot_all	background
DOK5	3	0	ot_all	native_string_phys700	intogen_temporal_new__to__ot_all	background
KCNK4	3	0	ot_all	native_string_phys700	intogen_temporal_new__to__ot_all	background
TIMM8B	3	0	ot_all	native_string_phys700	intogen_temporal_new__to__ot_all	background
CIITA	3	0	ot_all	native_string_phys700	intogen_temporal_new__to__ot_all	background
LAT	3	0	ot_all	native_string_phys700	intogen_temporal_new__to__ot_all	background
RAB11FIP4	3	0	ot_all	native_string_phys700	intogen_temporal_new__to__ot_all	background
CD9	3	0	ot_all	native_string_phys700	intogen_temporal_new__to__ot_all	background
SAMM50	3	0	ot_all	native_string_phys700	intogen_temporal_new__to__ot_all	background
SMPD2	3	0	ot_all	native_string_phys700	intogen_temporal_new__to__ot_all	background
CSNK2B-2	3	0	ot_all	native_string_phys700	intogen_temporal_new__to__ot_all	background
KCNJ4	3	0	ot_all	native_string_phys700	intogen_temporal_new__to__ot_all	background
JADE1	3	0	ot_all	native_string_phys700	intogen_temporal_new__to__ot_all	background
ODF1	3	0	ot_all	native_string_phys700	intogen_temporal_new__to__ot_all	background
BMS1	3	0	ot_all	native_string_phys700	intogen_temporal_new__to__ot_all	background
APOL1	3	0	ot_all	native_string_phys700	intogen_temporal_new__to__ot_all	background
AIPL1	3	0	ot_all	native_string_phys700	intogen_temporal_new__to__ot_all	background
BMP15	3	0	ot_all	native_string_phys700	intogen_temporal_new__to__ot_all	background
SAR1B	3	0	ot_all	native_string_phys700	intogen_temporal_new__to__ot_all	background
ARPC5L	3	0	ot_all	native_string_phys700	intogen_temporal_new__to__ot_all	background
CCND3	3	0	ot_all	native_string_phys700	intogen_temporal_new__to__ot_all	background
ORC6	3	0	ot_all	native_string_phys700	intogen_temporal_new__to__ot_all	background
FUNDC1	3	0	ot_all	native_string_phys700	intogen_temporal_new__to__ot_all	background
TRMU	3	0	ot_all	native_string_phys700	intogen_temporal_new__to__ot_all	background
HLA-DPA1	3	0	ot_all	native_string_phys700	intogen_temporal_new__to__ot_all	background
PTH2	3	0	ot_all	native_string_phys700	intogen_temporal_new__to__ot_all	background
CDT1	3	0	ot_all	native_string_phys700	intogen_temporal_new__to__ot_all	background
KIR2DL1	3	0	ot_all	native_string_phys700	intogen_temporal_new__to__ot_all	background
TRIM16	3	0	ot_all	native_string_phys700	intogen_temporal_new__to__ot_all	background
CENPH	3	0	ot_all	native_string_phys700	intogen_temporal_new__to__ot_all	background
MTA1	3	0	ot_all	native_string_phys700	intogen_temporal_new__to__ot_all	background
RPL35	3	0	ot_all	native_string_phys700	intogen_temporal_new__to__ot_all	background
RPLP0	3	0	ot_all	native_string_phys700	intogen_temporal_new__to__ot_all	background
IQGAP2	3	0	ot_all	native_string_phys700	intogen_temporal_new__to__ot_all	background
INTS4	3	0	ot_all	native_string_phys700	intogen_temporal_new__to__ot_all	background
MDM2	3	0	ot_all	native_string_phys700	intogen_temporal_new__to__ot_all	background
FOXP3	3	0	ot_all	native_string_phys700	intogen_temporal_new__to__ot_all	background
MAP3K10	3	0	ot_all	native_string_phys700	intogen_temporal_new__to__ot_all	background
STK24	3	0	ot_all	native_string_phys700	intogen_temporal_new__to__ot_all	background
RPL13A	3	0	ot_all	native_string_phys700	intogen_temporal_new__to__ot_all	background
NT5C3B	3	0	ot_all	native_string_phys700	intogen_temporal_new__to__ot_all	background
CCS	3	0	ot_all	native_string_phys700	intogen_temporal_new__to__ot_all	background
EPOP	3	0	ot_all	native_string_phys700	intogen_temporal_new__to__ot_all	background
C12orf65	3	0	ot_all	native_string_phys700	intogen_temporal_new__to__ot_all	background
RANGRF	3	0	ot_all	native_string_phys700	intogen_temporal_new__to__ot_all	background
DDX19B-2	3	0	ot_all	native_string_phys700	intogen_temporal_new__to__ot_all	background
GPIHBP1	3	0	ot_all	native_string_phys700	intogen_temporal_new__to__ot_all	background
COMP	3	0	ot_all	native_string_phys700	intogen_temporal_new__to__ot_all	background
HELZ	3	0	ot_all	native_string_phys700	intogen_temporal_new__to__ot_all	background
HMGN4	3	0	ot_all	native_string_phys700	intogen_temporal_new__to__ot_all	background
MYOZ1	3	0	ot_all	native_string_phys700	intogen_temporal_new__to__ot_all	background
CENPC	3	0	ot_all	native_string_phys700	intogen_temporal_new__to__ot_all	background
DLGAP4	3	0	ot_all	native_string_phys700	intogen_temporal_new__to__ot_all	background
ADAMTSL5	3	0	ot_all	native_string_phys700	intogen_temporal_new__to__ot_all	background
ZNF687	3	0	ot_all	native_string_phys700	intogen_temporal_new__to__ot_all	background
UAP1	3	0	ot_all	native_string_phys700	intogen_temporal_new__to__ot_all	background
RPP40	3	0	ot_all	native_string_phys700	intogen_temporal_new__to__ot_all	background
PACS2	3	0	ot_all	native_string_phys700	intogen_temporal_new__to__ot_all	background
SYT2	3	0	ot_all	native_string_phys700	intogen_temporal_new__to__ot_all	background
RCC2	3	0	ot_all	native_string_phys700	intogen_temporal_new__to__ot_all	background
DDX28	3	0	ot_all	native_string_phys700	intogen_temporal_new__to__ot_all	background
PMEL	3	0	ot_all	native_string_phys700	intogen_temporal_new__to__ot_all	background
STX4	3	0	ot_all	native_string_phys700	intogen_temporal_new__to__ot_all	background
COX4I1	3	0	ot_all	native_string_phys700	intogen_temporal_new__to__ot_all	background
SAP30	3	0	ot_all	native_string_phys700	intogen_temporal_new__to__ot_all	background
CLP1	3	0	ot_all	native_string_phys700	intogen_temporal_new__to__ot_all	background
BIN2	3	0	ot_all	native_string_phys700	intogen_temporal_new__to__ot_all	background
UNC5CL	3	0	ot_all	native_string_phys700	intogen_temporal_new__to__ot_all	background
OLR1	3	0	ot_all	native_string_phys700	intogen_temporal_new__to__ot_all	background
LGR6	3	0	ot_all	native_string_phys700	intogen_temporal_new__to__ot_all	background
FOSB	3	0	ot_all	native_string_phys700	intogen_temporal_new__to__ot_all	background
ACSF2	3	0	ot_all	native_string_phys700	intogen_temporal_new__to__ot_all	background
INPP5F	3	0	ot_all	native_string_phys700	intogen_temporal_new__to__ot_all	background
CCDC97	3	0	ot_all	native_string_phys700	intogen_temporal_new__to__ot_all	background
SF3A2	3	0	ot_all	native_string_phys700	intogen_temporal_new__to__ot_all	background
MELTF	3	0	ot_all	native_string_phys700	intogen_temporal_new__to__ot_all	background
HLA-DMB	3	0	ot_all	native_string_phys700	intogen_temporal_new__to__ot_all	background
FAM207A	3	0	ot_all	native_string_phys700	intogen_temporal_new__to__ot_all	background
CALCA	3	0	ot_all	native_string_phys700	intogen_temporal_new__to__ot_all	background
MAP1LC3B	3	0	ot_all	native_string_phys700	intogen_temporal_new__to__ot_all	background
FAM20A	3	0	ot_all	native_string_phys700	intogen_temporal_new__to__ot_all	background
LCT	3	0	ot_all	native_string_phys700	intogen_temporal_new__to__ot_all	background
BMP1	3	0	ot_all	native_string_phys700	intogen_temporal_new__to__ot_all	background
CNTN5	3	0	ot_all	native_string_phys700	intogen_temporal_new__to__ot_all	background
SYTL2	3	0	ot_all	native_string_phys700	intogen_temporal_new__to__ot_all	background
MRPS10	3	0	ot_all	native_string_phys700	intogen_temporal_new__to__ot_all	background
QARS1	3	0	ot_all	native_string_phys700	intogen_temporal_new__to__ot_all	background
MORF4L2	3	0	ot_all	native_string_phys700	intogen_temporal_new__to__ot_all	background
ATXN7L2	3	0	ot_all	native_string_phys700	intogen_temporal_new__to__ot_all	background
KIR2DL3	3	0	ot_all	native_string_phys700	intogen_temporal_new__to__ot_all	background
BECN1	3	0	ot_all	native_string_phys700	intogen_temporal_new__to__ot_all	background
TNNC1	3	0	ot_all	native_string_phys700	intogen_temporal_new__to__ot_all	background
TAPBPL	3	0	ot_all	native_string_phys700	intogen_temporal_new__to__ot_all	background
PCLO	3	0	ot_all	native_string_phys700	intogen_temporal_new__to__ot_all	background
RPS8	3	0	ot_all	native_string_phys700	intogen_temporal_new__to__ot_all	background
SH2D2A	3	0	ot_all	native_string_phys700	intogen_temporal_new__to__ot_all	background
MRPL11	3	0	ot_all	native_string_phys700	intogen_temporal_new__to__ot_all	background
CEP19	3	0	ot_all	native_string_phys700	intogen_temporal_new__to__ot_all	background
BCAS4	3	0	ot_all	native_string_phys700	intogen_temporal_new__to__ot_all	background
FAM181A	3	0	ot_all	native_string_phys700	intogen_temporal_new__to__ot_all	background
GHRH	3	0	ot_all	native_string_phys700	intogen_temporal_new__to__ot_all	background
USPL1	3	0	ot_all	native_string_phys700	intogen_temporal_new__to__ot_all	background
PLEC	3	0	ot_all	native_string_phys700	intogen_temporal_new__to__ot_all	background
MKI67	3	0	ot_all	native_string_phys700	intogen_temporal_new__to__ot_all	background
NCK2	3	0	ot_all	native_string_phys700	intogen_temporal_new__to__ot_all	background
F6UB75_HUMAN	3	0	ot_all	native_string_phys700	intogen_temporal_new__to__ot_all	background
OXT	3	0	ot_all	native_string_phys700	intogen_temporal_new__to__ot_all	background
RASSF1	3	0	ot_all	native_string_phys700	intogen_temporal_new__to__ot_all	background
TLR3	3	0	ot_all	native_string_phys700	intogen_temporal_new__to__ot_all	background
GTF3C5	3	0	ot_all	native_string_phys700	intogen_temporal_new__to__ot_all	background
TAOK1	3	0	ot_all	native_string_phys700	intogen_temporal_new__to__ot_all	background
CKS1B	3	0	ot_all	native_string_phys700	intogen_temporal_new__to__ot_all	background
KIF21A	3	0	ot_all	native_string_phys700	intogen_temporal_new__to__ot_all	background
RACGAP1	3	0	ot_all	native_string_phys700	intogen_temporal_new__to__ot_all	background
PCSK9	3	0	ot_all	native_string_phys700	intogen_temporal_new__to__ot_all	background
RNF128	3	0	ot_all	native_string_phys700	intogen_temporal_new__to__ot_all	background
EPS15	3	0	ot_all	native_string_phys700	intogen_temporal_new__to__ot_all	background
H2BC13	3	0	ot_all	native_string_phys700	intogen_temporal_new__to__ot_all	background
EPN3	3	0	ot_all	native_string_phys700	intogen_temporal_new__to__ot_all	background
ARHGAP5	3	0	ot_all	native_string_phys700	intogen_temporal_new__to__ot_all	background
CDKN2C	3	0	ot_all	native_string_phys700	intogen_temporal_new__to__ot_all	background
SEPTIN12	3	0	ot_all	native_string_phys700	intogen_temporal_new__to__ot_all	background
RBM17	3	0	ot_all	native_string_phys700	intogen_temporal_new__to__ot_all	background
MED28	3	0	ot_all	native_string_phys700	intogen_temporal_new__to__ot_all	background
PRPF6	3	0	ot_all	native_string_phys700	intogen_temporal_new__to__ot_all	background
CDH15	3	0	ot_all	native_string_phys700	intogen_temporal_new__to__ot_all	background
NR1D1	3	0	ot_all	native_string_phys700	intogen_temporal_new__to__ot_all	background
WDR60	3	0	ot_all	native_string_phys700	intogen_temporal_new__to__ot_all	background
GTF2H2C	3	0	ot_all	native_string_phys700	intogen_temporal_new__to__ot_all	background
ARL13B	3	0	ot_all	native_string_phys700	intogen_temporal_new__to__ot_all	background
GALR1	3	0	ot_all	native_string_phys700	intogen_temporal_new__to__ot_all	background
USP4	3	0	ot_all	native_string_phys700	intogen_temporal_new__to__ot_all	background
CDK9	3	0	ot_all	native_string_phys700	intogen_temporal_new__to__ot_all	background
RAC2	3	0	ot_all	native_string_phys700	intogen_temporal_new__to__ot_all	background
RAMACL	3	0	ot_all	native_string_phys700	intogen_temporal_new__to__ot_all	background
ATAD5	3	0	ot_all	native_string_phys700	intogen_temporal_new__to__ot_all	background
EHHADH	3	0	ot_all	native_string_phys700	intogen_temporal_new__to__ot_all	background
CALML4	3	0	ot_all	native_string_phys700	intogen_temporal_new__to__ot_all	background
NLRP6	3	0	ot_all	native_string_phys700	intogen_temporal_new__to__ot_all	background
FLRT3	3	0	ot_all	native_string_phys700	intogen_temporal_new__to__ot_all	background
G6PC3	3	0	ot_all	native_string_phys700	intogen_temporal_new__to__ot_all	background
TOR1AIP2	3	0	ot_all	native_string_phys700	intogen_temporal_new__to__ot_all	background
PPP1R10	3	0	ot_all	native_string_phys700	intogen_temporal_new__to__ot_all	background
CAP2	3	0	ot_all	native_string_phys700	intogen_temporal_new__to__ot_all	background
SMARCA1	3	0	ot_all	native_string_phys700	intogen_temporal_new__to__ot_all	background
GPN3	3	0	ot_all	native_string_phys700	intogen_temporal_new__to__ot_all	background
VDAC2	3	0	ot_all	native_string_phys700	intogen_temporal_new__to__ot_all	background
PIP4P2	3	0	ot_all	native_string_phys700	intogen_temporal_new__to__ot_all	background
ATXN3	3	0	ot_all	native_string_phys700	intogen_temporal_new__to__ot_all	background
CLEC2B	3	0	ot_all	native_string_phys700	intogen_temporal_new__to__ot_all	background
TIGAR	3	0	ot_all	native_string_phys700	intogen_temporal_new__to__ot_all	background
UBA2	3	0	ot_all	native_string_phys700	intogen_temporal_new__to__ot_all	background
NT5C1B-RDH14	3	0	ot_all	native_string_phys700	intogen_temporal_new__to__ot_all	background
KCTD7	3	0	ot_all	native_string_phys700	intogen_temporal_new__to__ot_all	background
KIF3A	3	0	ot_all	native_string_phys700	intogen_temporal_new__to__ot_all	background
GPX2	3	0	ot_all	native_string_phys700	intogen_temporal_new__to__ot_all	background
CSTF1	3	0	ot_all	native_string_phys700	intogen_temporal_new__to__ot_all	background
COL15A1	3	0	ot_all	native_string_phys700	intogen_temporal_new__to__ot_all	background
GRIK3	3	0	ot_all	native_string_phys700	intogen_temporal_new__to__ot_all	background
DHDH	3	0	ot_all	native_string_phys700	intogen_temporal_new__to__ot_all	background
STX5	3	0	ot_all	native_string_phys700	intogen_temporal_new__to__ot_all	background
VRK1	3	0	ot_all	native_string_phys700	intogen_temporal_new__to__ot_all	background
SEPTIN2	3	0	ot_all	native_string_phys700	intogen_temporal_new__to__ot_all	background
MARVELD2	3	0	ot_all	native_string_phys700	intogen_temporal_new__to__ot_all	background
ZDHHC16	3	0	ot_all	native_string_phys700	intogen_temporal_new__to__ot_all	background
SALL1	3	0	ot_all	native_string_phys700	intogen_temporal_new__to__ot_all	background
NISCH	3	0	ot_all	native_string_phys700	intogen_temporal_new__to__ot_all	background
MRTFA	3	0	ot_all	native_string_phys700	intogen_temporal_new__to__ot_all	background
ADAMTS13	3	0	ot_all	native_string_phys700	intogen_temporal_new__to__ot_all	background
ATXN7L1	3	0	ot_all	native_string_phys700	intogen_temporal_new__to__ot_all	background
ARFGAP3	3	0	ot_all	native_string_phys700	intogen_temporal_new__to__ot_all	background
CTR9	3	0	ot_all	native_string_phys700	intogen_temporal_new__to__ot_all	background
NRROS	3	0	ot_all	native_string_phys700	intogen_temporal_new__to__ot_all	background
LILRB2	3	0	ot_all	native_string_phys700	intogen_temporal_new__to__ot_all	background
FSHR	3	0	ot_all	native_string_phys700	intogen_temporal_new__to__ot_all	background
CDSN	3	0	ot_all	native_string_phys700	intogen_temporal_new__to__ot_all	background
COLEC12	3	0	ot_all	native_string_phys700	intogen_temporal_new__to__ot_all	background
ATP6V0D2	3	0	ot_all	native_string_phys700	intogen_temporal_new__to__ot_all	background
EHD1	3	0	ot_all	native_string_phys700	intogen_temporal_new__to__ot_all	background
BLM	4	1	ot_all	native_string_phys700	intogen_temporal_new__to__ot_all	target
PSMD8	4	1	ot_all	native_string_phys700	intogen_temporal_new__to__ot_all	target
NEK9	4	1	ot_all	native_string_phys700	intogen_temporal_new__to__ot_all	target
HAX1	4	1	ot_all	native_string_phys700	intogen_temporal_new__to__ot_all	target
FGG	4	1	ot_all	native_string_phys700	intogen_temporal_new__to__ot_all	target
FAS	4	1	ot_all	native_string_phys700	intogen_temporal_new__to__ot_all	target
CASP8	4	1	ot_all	native_string_phys700	intogen_temporal_new__to__ot_all	target
PSMB5	4	1	ot_all	native_string_phys700	intogen_temporal_new__to__ot_all	target
EXO1	4	1	ot_all	native_string_phys700	intogen_temporal_new__to__ot_all	target
ESRP1	4	1	ot_all	native_string_phys700	intogen_temporal_new__to__ot_all	target
ERBB3	4	1	ot_all	native_string_phys700	intogen_temporal_new__to__ot_all	target
MAML2	4	1	ot_all	native_string_phys700	intogen_temporal_new__to__ot_all	target
KIT	4	1	ot_all	native_string_phys700	intogen_temporal_new__to__ot_all	target
SOS1	4	1	ot_all	native_string_phys700	intogen_temporal_new__to__ot_all	target
ANTXR2	4	1	ot_all	native_string_phys700	intogen_temporal_new__to__ot_all	target
GART	4	1	ot_all	native_string_phys700	intogen_temporal_new__to__ot_all	target
PDGFRA	4	1	ot_all	native_string_phys700	intogen_temporal_new__to__ot_all	target
CDKN2A	4	1	ot_all	native_string_phys700	intogen_temporal_new__to__ot_all	target
PTPN11	4	1	ot_all	native_string_phys700	intogen_temporal_new__to__ot_all	target
PSMB4	4	1	ot_all	native_string_phys700	intogen_temporal_new__to__ot_all	target
MSH6	4	1	ot_all	native_string_phys700	intogen_temporal_new__to__ot_all	target
SEM1	4	1	ot_all	native_string_phys700	intogen_temporal_new__to__ot_all	target
SF3B1	4	1	ot_all	native_string_phys700	intogen_temporal_new__to__ot_all	target
PIK3R1	4	1	ot_all	native_string_phys700	intogen_temporal_new__to__ot_all	target
WRAP53	4	1	ot_all	native_string_phys700	intogen_temporal_new__to__ot_all	target
TNFRSF14	4	1	ot_all	native_string_phys700	intogen_temporal_new__to__ot_all	target
KIF5B	4	1	ot_all	native_string_phys700	intogen_temporal_new__to__ot_all	target
HBEGF	4	1	ot_all	native_string_phys700	intogen_temporal_new__to__ot_all	target
RBPJ	4	1	ot_all	native_string_phys700	intogen_temporal_new__to__ot_all	target
SSTR4	4	1	ot_all	native_string_phys700	intogen_temporal_new__to__ot_all	target
ITGA2B	4	1	ot_all	native_string_phys700	intogen_temporal_new__to__ot_all	target
FOXA1	4	1	ot_all	native_string_phys700	intogen_temporal_new__to__ot_all	target
ELP1	4	1	ot_all	native_string_phys700	intogen_temporal_new__to__ot_all	target
RARB	4	1	ot_all	native_string_phys700	intogen_temporal_new__to__ot_all	target
PBRM1	4	1	ot_all	native_string_phys700	intogen_temporal_new__to__ot_all	target
CDH1	4	1	ot_all	native_string_phys700	intogen_temporal_new__to__ot_all	target
RET	4	1	ot_all	native_string_phys700	intogen_temporal_new__to__ot_all	target
WIPF1	4	1	ot_all	native_string_phys700	intogen_temporal_new__to__ot_all	target
SSTR5	4	1	ot_all	native_string_phys700	intogen_temporal_new__to__ot_all	target
CRIPT	4	1	ot_all	native_string_phys700	intogen_temporal_new__to__ot_all	target
AKR1C2	4	1	ot_all	native_string_phys700	intogen_temporal_new__to__ot_all	target
SDHC	4	1	ot_all	native_string_phys700	intogen_temporal_new__to__ot_all	target
IFNAR2	4	1	ot_all	native_string_phys700	intogen_temporal_new__to__ot_all	target
CDK6	4	1	ot_all	native_string_phys700	intogen_temporal_new__to__ot_all	target
RBM10	4	1	ot_all	native_string_phys700	intogen_temporal_new__to__ot_all	target
CD74	4	1	ot_all	native_string_phys700	intogen_temporal_new__to__ot_all	target
POLA1	4	1	ot_all	native_string_phys700	intogen_temporal_new__to__ot_all	target
BAP1	4	1	ot_all	native_string_phys700	intogen_temporal_new__to__ot_all	target
SHC1	4	1	ot_all	native_string_phys700	intogen_temporal_new__to__ot_all	target
CD33	4	1	ot_all	native_string_phys700	intogen_temporal_new__to__ot_all	target
EML4	4	1	ot_all	native_string_phys700	intogen_temporal_new__to__ot_all	target
NRG3	4	1	ot_all	native_string_phys700	intogen_temporal_new__to__ot_all	target
XPO1	4	1	ot_all	native_string_phys700	intogen_temporal_new__to__ot_all	target
TOP2B	4	1	ot_all	native_string_phys700	intogen_temporal_new__to__ot_all	target
CLIP1	4	1	ot_all	native_string_phys700	intogen_temporal_new__to__ot_all	target
PIK3CD	4	1	ot_all	native_string_phys700	intogen_temporal_new__to__ot_all	target
FGF2	4	1	ot_all	native_string_phys700	intogen_temporal_new__to__ot_all	target
MAP2K2	4	1	ot_all	native_string_phys700	intogen_temporal_new__to__ot_all	target
TRIP11	4	1	ot_all	native_string_phys700	intogen_temporal_new__to__ot_all	target
ACTB	4	1	ot_all	native_string_phys700	intogen_temporal_new__to__ot_all	target
PSMB1	4	1	ot_all	native_string_phys700	intogen_temporal_new__to__ot_all	target
NBN	4	1	ot_all	native_string_phys700	intogen_temporal_new__to__ot_all	target
PSMA1	4	1	ot_all	native_string_phys700	intogen_temporal_new__to__ot_all	target
TACR1	4	1	ot_all	native_string_phys700	intogen_temporal_new__to__ot_all	target
CDKN1B	4	1	ot_all	native_string_phys700	intogen_temporal_new__to__ot_all	target
SPOP	4	1	ot_all	native_string_phys700	intogen_temporal_new__to__ot_all	target
PITX2	4	1	ot_all	native_string_phys700	intogen_temporal_new__to__ot_all	target
CUL4A	4	1	ot_all	native_string_phys700	intogen_temporal_new__to__ot_all	target
CTC1	4	1	ot_all	native_string_phys700	intogen_temporal_new__to__ot_all	target
SRGAP1	4	1	ot_all	native_string_phys700	intogen_temporal_new__to__ot_all	target
FGFR4	4	1	ot_all	native_string_phys700	intogen_temporal_new__to__ot_all	target
CDKN1A	4	1	ot_all	native_string_phys700	intogen_temporal_new__to__ot_all	target
DDX3X	4	1	ot_all	native_string_phys700	intogen_temporal_new__to__ot_all	target
TXNRD1	4	1	ot_all	native_string_phys700	intogen_temporal_new__to__ot_all	target
KAT2A	4	1	ot_all	native_string_phys700	intogen_temporal_new__to__ot_all	target
POLE	4	1	ot_all	native_string_phys700	intogen_temporal_new__to__ot_all	target
NRG4	4	1	ot_all	native_string_phys700	intogen_temporal_new__to__ot_all	target
BRCA2	4	1	ot_all	native_string_phys700	intogen_temporal_new__to__ot_all	target
CSK	4	1	ot_all	native_string_phys700	intogen_temporal_new__to__ot_all	target
WAS	4	1	ot_all	native_string_phys700	intogen_temporal_new__to__ot_all	target
ARRB2	4	1	ot_all	native_string_phys700	intogen_temporal_new__to__ot_all	target
FDPS	4	1	ot_all	native_string_phys700	intogen_temporal_new__to__ot_all	target
PDCD1	4	1	ot_all	native_string_phys700	intogen_temporal_new__to__ot_all	target
PDE3B	4	1	ot_all	native_string_phys700	intogen_temporal_new__to__ot_all	target
ERLIN2	4	1	ot_all	native_string_phys700	intogen_temporal_new__to__ot_all	target
NFE2L2	4	1	ot_all	native_string_phys700	intogen_temporal_new__to__ot_all	target
NTRK1	4	1	ot_all	native_string_phys700	intogen_temporal_new__to__ot_all	target
PRKAR1A	4	1	ot_all	native_string_phys700	intogen_temporal_new__to__ot_all	target
EP300	4	1	ot_all	native_string_phys700	intogen_temporal_new__to__ot_all	target
FKBP1A	4	1	ot_all	native_string_phys700	intogen_temporal_new__to__ot_all	target
KSR2	4	1	ot_all	native_string_phys700	intogen_temporal_new__to__ot_all	target
SMO	4	1	ot_all	native_string_phys700	intogen_temporal_new__to__ot_all	target
PSMB9	4	1	ot_all	native_string_phys700	intogen_temporal_new__to__ot_all	target
FGF8	4	1	ot_all	native_string_phys700	intogen_temporal_new__to__ot_all	target
XDH	4	1	ot_all	native_string_phys700	intogen_temporal_new__to__ot_all	target
MRE11	4	1	ot_all	native_string_phys700	intogen_temporal_new__to__ot_all	target
YES1	4	1	ot_all	native_string_phys700	intogen_temporal_new__to__ot_all	target
SRC	4	1	ot_all	native_string_phys700	intogen_temporal_new__to__ot_all	target
MBD4	4	1	ot_all	native_string_phys700	intogen_temporal_new__to__ot_all	target
KRAS	4	1	ot_all	native_string_phys700	intogen_temporal_new__to__ot_all	target
FGF23	4	1	ot_all	native_string_phys700	intogen_temporal_new__to__ot_all	target
ESR2	4	1	ot_all	native_string_phys700	intogen_temporal_new__to__ot_all	target
STAT5B	4	1	ot_all	native_string_phys700	intogen_temporal_new__to__ot_all	target
PRIM2	4	1	ot_all	native_string_phys700	intogen_temporal_new__to__ot_all	target
GAB1	4	1	ot_all	native_string_phys700	intogen_temporal_new__to__ot_all	target
CCDC6	4	1	ot_all	native_string_phys700	intogen_temporal_new__to__ot_all	target
POLD2	4	1	ot_all	native_string_phys700	intogen_temporal_new__to__ot_all	target
ARID2	4	1	ot_all	native_string_phys700	intogen_temporal_new__to__ot_all	target
NRG2	4	1	ot_all	native_string_phys700	intogen_temporal_new__to__ot_all	target
GATA2	4	1	ot_all	native_string_phys700	intogen_temporal_new__to__ot_all	target
PSMB8	4	1	ot_all	native_string_phys700	intogen_temporal_new__to__ot_all	target
ANAPC1	4	1	ot_all	native_string_phys700	intogen_temporal_new__to__ot_all	target
DDB1	4	1	ot_all	native_string_phys700	intogen_temporal_new__to__ot_all	target
TET2	4	1	ot_all	native_string_phys700	intogen_temporal_new__to__ot_all	target
FGF5	4	1	ot_all	native_string_phys700	intogen_temporal_new__to__ot_all	target
KCND1	4	1	ot_all	native_string_phys700	intogen_temporal_new__to__ot_all	target
KCNA6	4	1	ot_all	native_string_phys700	intogen_temporal_new__to__ot_all	target
JAG1	4	1	ot_all	native_string_phys700	intogen_temporal_new__to__ot_all	target
SMC5	4	1	ot_all	native_string_phys700	intogen_temporal_new__to__ot_all	target
STRN	4	1	ot_all	native_string_phys700	intogen_temporal_new__to__ot_all	target
KCNQ1	4	1	ot_all	native_string_phys700	intogen_temporal_new__to__ot_all	target
CDC37	4	1	ot_all	native_string_phys700	intogen_temporal_new__to__ot_all	target
GAB2	4	1	ot_all	native_string_phys700	intogen_temporal_new__to__ot_all	target
HSP90AA1	4	1	ot_all	native_string_phys700	intogen_temporal_new__to__ot_all	target
BCL9L	4	1	ot_all	native_string_phys700	intogen_temporal_new__to__ot_all	target
KMT2D	4	1	ot_all	native_string_phys700	intogen_temporal_new__to__ot_all	target
CDK12	4	1	ot_all	native_string_phys700	intogen_temporal_new__to__ot_all	target
ZFHX3	4	1	ot_all	native_string_phys700	intogen_temporal_new__to__ot_all	target
KCND3	4	1	ot_all	native_string_phys700	intogen_temporal_new__to__ot_all	target
TUBA3E	4	1	ot_all	native_string_phys700	intogen_temporal_new__to__ot_all	target
BTC	4	1	ot_all	native_string_phys700	intogen_temporal_new__to__ot_all	target
KCNA3	4	1	ot_all	native_string_phys700	intogen_temporal_new__to__ot_all	target
TOP2A	4	1	ot_all	native_string_phys700	intogen_temporal_new__to__ot_all	target
MAP2K1	4	1	ot_all	native_string_phys700	intogen_temporal_new__to__ot_all	target
TUBA1C	4	1	ot_all	native_string_phys700	intogen_temporal_new__to__ot_all	target
PSMC2	4	1	ot_all	native_string_phys700	intogen_temporal_new__to__ot_all	target
AR	4	1	ot_all	native_string_phys700	intogen_temporal_new__to__ot_all	target
OCA2	4	1	ot_all	native_string_phys700	intogen_temporal_new__to__ot_all	target
KSR1	4	1	ot_all	native_string_phys700	intogen_temporal_new__to__ot_all	target
ATR	4	1	ot_all	native_string_phys700	intogen_temporal_new__to__ot_all	target
ERCC2	4	1	ot_all	native_string_phys700	intogen_temporal_new__to__ot_all	target
FLT3	4	1	ot_all	native_string_phys700	intogen_temporal_new__to__ot_all	target
KDM6A	4	1	ot_all	native_string_phys700	intogen_temporal_new__to__ot_all	target
PAX6	4	1	ot_all	native_string_phys700	intogen_temporal_new__to__ot_all	target
MAPK11	4	1	ot_all	native_string_phys700	intogen_temporal_new__to__ot_all	target
PSMA8	4	1	ot_all	native_string_phys700	intogen_temporal_new__to__ot_all	target
TUBA1A	4	1	ot_all	native_string_phys700	intogen_temporal_new__to__ot_all	target
ACVR1	4	1	ot_all	native_string_phys700	intogen_temporal_new__to__ot_all	target
CNKSR1	4	1	ot_all	native_string_phys700	intogen_temporal_new__to__ot_all	target
MT-CO1	4	1	ot_all	native_string_phys700	intogen_temporal_new__to__ot_all	target
EPOR	4	1	ot_all	native_string_phys700	intogen_temporal_new__to__ot_all	target
LMNA	4	1	ot_all	native_string_phys700	intogen_temporal_new__to__ot_all	target
CPSF6	4	1	ot_all	native_string_phys700	intogen_temporal_new__to__ot_all	target
AXL	4	1	ot_all	native_string_phys700	intogen_temporal_new__to__ot_all	target
PSMD3	4	1	ot_all	native_string_phys700	intogen_temporal_new__to__ot_all	target
CREBBP	4	1	ot_all	native_string_phys700	intogen_temporal_new__to__ot_all	target
TUBB2B	4	1	ot_all	native_string_phys700	intogen_temporal_new__to__ot_all	target
HAVCR2	4	1	ot_all	native_string_phys700	intogen_temporal_new__to__ot_all	target
FGF1	4	1	ot_all	native_string_phys700	intogen_temporal_new__to__ot_all	target
TGFBR2	4	1	ot_all	native_string_phys700	intogen_temporal_new__to__ot_all	target
SSTR1	4	1	ot_all	native_string_phys700	intogen_temporal_new__to__ot_all	target
PRKN	4	1	ot_all	native_string_phys700	intogen_temporal_new__to__ot_all	target
FGFR1OP2	4	1	ot_all	native_string_phys700	intogen_temporal_new__to__ot_all	target
WT1	4	1	ot_all	native_string_phys700	intogen_temporal_new__to__ot_all	target
HDAC2	4	1	ot_all	native_string_phys700	intogen_temporal_new__to__ot_all	target
KCNB1	4	1	ot_all	native_string_phys700	intogen_temporal_new__to__ot_all	target
NR3C1	4	1	ot_all	native_string_phys700	intogen_temporal_new__to__ot_all	target
RARG	4	1	ot_all	native_string_phys700	intogen_temporal_new__to__ot_all	target
STAT3	4	1	ot_all	native_string_phys700	intogen_temporal_new__to__ot_all	target
ARID1A	4	1	ot_all	native_string_phys700	intogen_temporal_new__to__ot_all	target
JAG2	4	1	ot_all	native_string_phys700	intogen_temporal_new__to__ot_all	target
PSMB6	4	1	ot_all	native_string_phys700	intogen_temporal_new__to__ot_all	target
TRIM28	4	1	ot_all	native_string_phys700	intogen_temporal_new__to__ot_all	target
PSMD13	4	1	ot_all	native_string_phys700	intogen_temporal_new__to__ot_all	target
JAK1	4	1	ot_all	native_string_phys700	intogen_temporal_new__to__ot_all	target
TUBB4B	4	1	ot_all	native_string_phys700	intogen_temporal_new__to__ot_all	target
TYK2	4	1	ot_all	native_string_phys700	intogen_temporal_new__to__ot_all	target
SDC4	4	1	ot_all	native_string_phys700	intogen_temporal_new__to__ot_all	target
RAD51D	4	1	ot_all	native_string_phys700	intogen_temporal_new__to__ot_all	target
PSMD7	4	1	ot_all	native_string_phys700	intogen_temporal_new__to__ot_all	target
TRIM24	4	1	ot_all	native_string_phys700	intogen_temporal_new__to__ot_all	target
PSMD11	4	1	ot_all	native_string_phys700	intogen_temporal_new__to__ot_all	target
PSMA5	4	1	ot_all	native_string_phys700	intogen_temporal_new__to__ot_all	target
OPRM1	4	1	ot_all	native_string_phys700	intogen_temporal_new__to__ot_all	target
ETV6	4	1	ot_all	native_string_phys700	intogen_temporal_new__to__ot_all	target
MPRIP	4	1	ot_all	native_string_phys700	intogen_temporal_new__to__ot_all	target
POLD3	4	1	ot_all	native_string_phys700	intogen_temporal_new__to__ot_all	target
TUBB1	4	1	ot_all	native_string_phys700	intogen_temporal_new__to__ot_all	target
SNW1	4	1	ot_all	native_string_phys700	intogen_temporal_new__to__ot_all	target
PIK3CG	4	1	ot_all	native_string_phys700	intogen_temporal_new__to__ot_all	target
TLN1	4	1	ot_all	native_string_phys700	intogen_temporal_new__to__ot_all	target
RECQL4	4	1	ot_all	native_string_phys700	intogen_temporal_new__to__ot_all	target
KCNA10	4	1	ot_all	native_string_phys700	intogen_temporal_new__to__ot_all	target
NLRP7	4	1	ot_all	native_string_phys700	intogen_temporal_new__to__ot_all	target
ESR1	4	1	ot_all	native_string_phys700	intogen_temporal_new__to__ot_all	target
PGR	4	1	ot_all	native_string_phys700	intogen_temporal_new__to__ot_all	target
KCNA2	4	1	ot_all	native_string_phys700	intogen_temporal_new__to__ot_all	target
PLCG1	4	1	ot_all	native_string_phys700	intogen_temporal_new__to__ot_all	target
ALK	4	1	ot_all	native_string_phys700	intogen_temporal_new__to__ot_all	target
NOTCH1	4	1	ot_all	native_string_phys700	intogen_temporal_new__to__ot_all	target
LCK	4	1	ot_all	native_string_phys700	intogen_temporal_new__to__ot_all	target
CDKN1C	4	1	ot_all	native_string_phys700	intogen_temporal_new__to__ot_all	target
FGF17	4	1	ot_all	native_string_phys700	intogen_temporal_new__to__ot_all	target
AIP	4	1	ot_all	native_string_phys700	intogen_temporal_new__to__ot_all	target
NTRK3	4	1	ot_all	native_string_phys700	intogen_temporal_new__to__ot_all	target
FGF4	4	1	ot_all	native_string_phys700	intogen_temporal_new__to__ot_all	target
PSMC6	4	1	ot_all	native_string_phys700	intogen_temporal_new__to__ot_all	target
PMS2	4	1	ot_all	native_string_phys700	intogen_temporal_new__to__ot_all	target
NPM1	4	1	ot_all	native_string_phys700	intogen_temporal_new__to__ot_all	target
FGB	4	1	ot_all	native_string_phys700	intogen_temporal_new__to__ot_all	target
PSMD14	4	1	ot_all	native_string_phys700	intogen_temporal_new__to__ot_all	target
ABL1	4	1	ot_all	native_string_phys700	intogen_temporal_new__to__ot_all	target
PIK3R2	4	1	ot_all	native_string_phys700	intogen_temporal_new__to__ot_all	target
POLD1	4	1	ot_all	native_string_phys700	intogen_temporal_new__to__ot_all	target
GPR161	4	1	ot_all	native_string_phys700	intogen_temporal_new__to__ot_all	target
TP53	4	1	ot_all	native_string_phys700	intogen_temporal_new__to__ot_all	target
TACSTD2	4	1	ot_all	native_string_phys700	intogen_temporal_new__to__ot_all	target
CYLD	4	1	ot_all	native_string_phys700	intogen_temporal_new__to__ot_all	target
FLCN	4	1	ot_all	native_string_phys700	intogen_temporal_new__to__ot_all	target
ATP4B	4	1	ot_all	native_string_phys700	intogen_temporal_new__to__ot_all	target
DLST	4	1	ot_all	native_string_phys700	intogen_temporal_new__to__ot_all	target
TNFRSF17	4	1	ot_all	native_string_phys700	intogen_temporal_new__to__ot_all	target
NTHL1	4	1	ot_all	native_string_phys700	intogen_temporal_new__to__ot_all	target
TUBB8	4	1	ot_all	native_string_phys700	intogen_temporal_new__to__ot_all	target
KCNH6	4	1	ot_all	native_string_phys700	intogen_temporal_new__to__ot_all	target
PSMA7	4	1	ot_all	native_string_phys700	intogen_temporal_new__to__ot_all	target
SDHAF2	4	1	ot_all	native_string_phys700	intogen_temporal_new__to__ot_all	target
EGF	4	1	ot_all	native_string_phys700	intogen_temporal_new__to__ot_all	target
CTLA4	4	1	ot_all	native_string_phys700	intogen_temporal_new__to__ot_all	target
FGFR1	4	1	ot_all	native_string_phys700	intogen_temporal_new__to__ot_all	target
SMARCB1	4	1	ot_all	native_string_phys700	intogen_temporal_new__to__ot_all	target
KLK3	4	1	ot_all	native_string_phys700	intogen_temporal_new__to__ot_all	target
PARN	4	1	ot_all	native_string_phys700	intogen_temporal_new__to__ot_all	target
ERBB4	4	1	ot_all	native_string_phys700	intogen_temporal_new__to__ot_all	target
FRK	4	1	ot_all	native_string_phys700	intogen_temporal_new__to__ot_all	target
PTEN	4	1	ot_all	native_string_phys700	intogen_temporal_new__to__ot_all	target
RSPO1	4	1	ot_all	native_string_phys700	intogen_temporal_new__to__ot_all	target
PRIM1	4	1	ot_all	native_string_phys700	intogen_temporal_new__to__ot_all	target
EREG	4	1	ot_all	native_string_phys700	intogen_temporal_new__to__ot_all	target
RAF1	4	1	ot_all	native_string_phys700	intogen_temporal_new__to__ot_all	target
BUB1B	4	1	ot_all	native_string_phys700	intogen_temporal_new__to__ot_all	target
FGF16	4	1	ot_all	native_string_phys700	intogen_temporal_new__to__ot_all	target
DNMT1	4	1	ot_all	native_string_phys700	intogen_temporal_new__to__ot_all	target
PAX3	4	1	ot_all	native_string_phys700	intogen_temporal_new__to__ot_all	target
EPCAM	4	1	ot_all	native_string_phys700	intogen_temporal_new__to__ot_all	target
ATRX	4	1	ot_all	native_string_phys700	intogen_temporal_new__to__ot_all	target
PSMD12	4	1	ot_all	native_string_phys700	intogen_temporal_new__to__ot_all	target
ATP4A	4	1	ot_all	native_string_phys700	intogen_temporal_new__to__ot_all	target
RAD51C	4	1	ot_all	native_string_phys700	intogen_temporal_new__to__ot_all	target
POT1	4	1	ot_all	native_string_phys700	intogen_temporal_new__to__ot_all	target
KCNA4	4	1	ot_all	native_string_phys700	intogen_temporal_new__to__ot_all	target
AKT3	4	1	ot_all	native_string_phys700	intogen_temporal_new__to__ot_all	target
FBXW7	4	1	ot_all	native_string_phys700	intogen_temporal_new__to__ot_all	target
PIK3CA	4	1	ot_all	native_string_phys700	intogen_temporal_new__to__ot_all	target
TNFRSF8	4	1	ot_all	native_string_phys700	intogen_temporal_new__to__ot_all	target
TBL1XR1	4	1	ot_all	native_string_phys700	intogen_temporal_new__to__ot_all	target
CXCR4	4	1	ot_all	native_string_phys700	intogen_temporal_new__to__ot_all	target
PSMD6	4	1	ot_all	native_string_phys700	intogen_temporal_new__to__ot_all	target
B2M	4	1	ot_all	native_string_phys700	intogen_temporal_new__to__ot_all	target
POLD4	4	1	ot_all	native_string_phys700	intogen_temporal_new__to__ot_all	target
SPTBN1	4	1	ot_all	native_string_phys700	intogen_temporal_new__to__ot_all	target
EZH2	4	1	ot_all	native_string_phys700	intogen_temporal_new__to__ot_all	target
IFNAR1	4	1	ot_all	native_string_phys700	intogen_temporal_new__to__ot_all	target
FGF7	4	1	ot_all	native_string_phys700	intogen_temporal_new__to__ot_all	target
CCND1	4	1	ot_all	native_string_phys700	intogen_temporal_new__to__ot_all	target
MSH3	4	1	ot_all	native_string_phys700	intogen_temporal_new__to__ot_all	target
ATIC	4	1	ot_all	native_string_phys700	intogen_temporal_new__to__ot_all	target
MS4A1	4	1	ot_all	native_string_phys700	intogen_temporal_new__to__ot_all	target
CYP19A1	4	1	ot_all	native_string_phys700	intogen_temporal_new__to__ot_all	target
JAK3	4	1	ot_all	native_string_phys700	intogen_temporal_new__to__ot_all	target
TUBB2A	4	1	ot_all	native_string_phys700	intogen_temporal_new__to__ot_all	target
CD22	4	1	ot_all	native_string_phys700	intogen_temporal_new__to__ot_all	target
KDR	4	1	ot_all	native_string_phys700	intogen_temporal_new__to__ot_all	target
NHP2	4	1	ot_all	native_string_phys700	intogen_temporal_new__to__ot_all	target
KCNC4	4	1	ot_all	native_string_phys700	intogen_temporal_new__to__ot_all	target
NSDHL	4	1	ot_all	native_string_phys700	intogen_temporal_new__to__ot_all	target
CDH11	4	1	ot_all	native_string_phys700	intogen_temporal_new__to__ot_all	target
TCF7L2	4	1	ot_all	native_string_phys700	intogen_temporal_new__to__ot_all	target
FTO	4	1	ot_all	native_string_phys700	intogen_temporal_new__to__ot_all	target
DLL4	4	1	ot_all	native_string_phys700	intogen_temporal_new__to__ot_all	target
SLF2	4	1	ot_all	native_string_phys700	intogen_temporal_new__to__ot_all	target
IKZF1	4	1	ot_all	native_string_phys700	intogen_temporal_new__to__ot_all	target
U2AF1	4	1	ot_all	native_string_phys700	intogen_temporal_new__to__ot_all	target
HRAS	4	1	ot_all	native_string_phys700	intogen_temporal_new__to__ot_all	target
IDH2	4	1	ot_all	native_string_phys700	intogen_temporal_new__to__ot_all	target
PSMA3	4	1	ot_all	native_string_phys700	intogen_temporal_new__to__ot_all	target
DCLRE1C	4	1	ot_all	native_string_phys700	intogen_temporal_new__to__ot_all	target
LATS2	4	1	ot_all	native_string_phys700	intogen_temporal_new__to__ot_all	target
FASLG	4	1	ot_all	native_string_phys700	intogen_temporal_new__to__ot_all	target
GRB2	4	1	ot_all	native_string_phys700	intogen_temporal_new__to__ot_all	target
HDAC6	4	1	ot_all	native_string_phys700	intogen_temporal_new__to__ot_all	target
DNMT3A	4	1	ot_all	native_string_phys700	intogen_temporal_new__to__ot_all	target
RTEL1	4	1	ot_all	native_string_phys700	intogen_temporal_new__to__ot_all	target
FGFR2	4	1	ot_all	native_string_phys700	intogen_temporal_new__to__ot_all	target
TNFRSF13B	4	1	ot_all	native_string_phys700	intogen_temporal_new__to__ot_all	target
ARID5B	4	1	ot_all	native_string_phys700	intogen_temporal_new__to__ot_all	target
IRF1	4	1	ot_all	native_string_phys700	intogen_temporal_new__to__ot_all	target
PSMB3	4	1	ot_all	native_string_phys700	intogen_temporal_new__to__ot_all	target
MAML3	4	1	ot_all	native_string_phys700	intogen_temporal_new__to__ot_all	target
ING1	4	1	ot_all	native_string_phys700	intogen_temporal_new__to__ot_all	target
GCGR	4	1	ot_all	native_string_phys700	intogen_temporal_new__to__ot_all	target
FAT1	4	1	ot_all	native_string_phys700	intogen_temporal_new__to__ot_all	target
CDC73	4	1	ot_all	native_string_phys700	intogen_temporal_new__to__ot_all	target
PSMA6	4	1	ot_all	native_string_phys700	intogen_temporal_new__to__ot_all	target
MARK3	4	1	ot_all	native_string_phys700	intogen_temporal_new__to__ot_all	target
MITF	4	1	ot_all	native_string_phys700	intogen_temporal_new__to__ot_all	target
FGF22	4	1	ot_all	native_string_phys700	intogen_temporal_new__to__ot_all	target
H3-3A	4	1	ot_all	native_string_phys700	intogen_temporal_new__to__ot_all	target
MAPK3	4	1	ot_all	native_string_phys700	intogen_temporal_new__to__ot_all	target
GNAS	4	1	ot_all	native_string_phys700	intogen_temporal_new__to__ot_all	target
VHL	4	1	ot_all	native_string_phys700	intogen_temporal_new__to__ot_all	target
IRF4	4	1	ot_all	native_string_phys700	intogen_temporal_new__to__ot_all	target
POLE2	4	1	ot_all	native_string_phys700	intogen_temporal_new__to__ot_all	target
DKC1	4	1	ot_all	native_string_phys700	intogen_temporal_new__to__ot_all	target
ATM	4	1	ot_all	native_string_phys700	intogen_temporal_new__to__ot_all	target
NFIA	4	1	ot_all	native_string_phys700	intogen_temporal_new__to__ot_all	target
CASP10	4	1	ot_all	native_string_phys700	intogen_temporal_new__to__ot_all	target
DNA2	4	1	ot_all	native_string_phys700	intogen_temporal_new__to__ot_all	target
DICER1	4	1	ot_all	native_string_phys700	intogen_temporal_new__to__ot_all	target
BRCA1	4	1	ot_all	native_string_phys700	intogen_temporal_new__to__ot_all	target
SMARCE1	4	1	ot_all	native_string_phys700	intogen_temporal_new__to__ot_all	target
FLT1	4	1	ot_all	native_string_phys700	intogen_temporal_new__to__ot_all	target
ACTG1	4	1	ot_all	native_string_phys700	intogen_temporal_new__to__ot_all	target
CBL	4	1	ot_all	native_string_phys700	intogen_temporal_new__to__ot_all	target
TUBB4A	4	1	ot_all	native_string_phys700	intogen_temporal_new__to__ot_all	target
HTR3A	4	1	ot_all	native_string_phys700	intogen_temporal_new__to__ot_all	target
LZTR1	4	1	ot_all	native_string_phys700	intogen_temporal_new__to__ot_all	target
MLH3	4	1	ot_all	native_string_phys700	intogen_temporal_new__to__ot_all	target
MSH2	4	1	ot_all	native_string_phys700	intogen_temporal_new__to__ot_all	target
PSMB2	4	1	ot_all	native_string_phys700	intogen_temporal_new__to__ot_all	target
FXR1	4	1	ot_all	native_string_phys700	intogen_temporal_new__to__ot_all	target
GOLGB1	4	1	ot_all	native_string_phys700	intogen_temporal_new__to__ot_all	target
SETD2	4	1	ot_all	native_string_phys700	intogen_temporal_new__to__ot_all	target
NF2	4	1	ot_all	native_string_phys700	intogen_temporal_new__to__ot_all	target
MYO18A	4	1	ot_all	native_string_phys700	intogen_temporal_new__to__ot_all	target
BCR	4	1	ot_all	native_string_phys700	intogen_temporal_new__to__ot_all	target
DCLRE1B	4	1	ot_all	native_string_phys700	intogen_temporal_new__to__ot_all	target
PSMB7	4	1	ot_all	native_string_phys700	intogen_temporal_new__to__ot_all	target
PSMC1	4	1	ot_all	native_string_phys700	intogen_temporal_new__to__ot_all	target
ARRB1	4	1	ot_all	native_string_phys700	intogen_temporal_new__to__ot_all	target
PSMC3	4	1	ot_all	native_string_phys700	intogen_temporal_new__to__ot_all	target
RRM2	4	1	ot_all	native_string_phys700	intogen_temporal_new__to__ot_all	target
PTCH1	4	1	ot_all	native_string_phys700	intogen_temporal_new__to__ot_all	target
LRRFIP1	4	1	ot_all	native_string_phys700	intogen_temporal_new__to__ot_all	target
RNF43	4	1	ot_all	native_string_phys700	intogen_temporal_new__to__ot_all	target
ERBB2	4	1	ot_all	native_string_phys700	intogen_temporal_new__to__ot_all	target
FBXO11	4	1	ot_all	native_string_phys700	intogen_temporal_new__to__ot_all	target
FGFR3	4	1	ot_all	native_string_phys700	intogen_temporal_new__to__ot_all	target
PSMA4	4	1	ot_all	native_string_phys700	intogen_temporal_new__to__ot_all	target
NF1	4	1	ot_all	native_string_phys700	intogen_temporal_new__to__ot_all	target
AMER1	4	1	ot_all	native_string_phys700	intogen_temporal_new__to__ot_all	target
DDX41	4	1	ot_all	native_string_phys700	intogen_temporal_new__to__ot_all	target
PARP2	4	1	ot_all	native_string_phys700	intogen_temporal_new__to__ot_all	target
FGF6	4	1	ot_all	native_string_phys700	intogen_temporal_new__to__ot_all	target
CUX1	4	1	ot_all	native_string_phys700	intogen_temporal_new__to__ot_all	target
TSC2	4	1	ot_all	native_string_phys700	intogen_temporal_new__to__ot_all	target
MUTYH	4	1	ot_all	native_string_phys700	intogen_temporal_new__to__ot_all	target
FGA	4	1	ot_all	native_string_phys700	intogen_temporal_new__to__ot_all	target
IDH1	4	1	ot_all	native_string_phys700	intogen_temporal_new__to__ot_all	target
SRSF2	4	1	ot_all	native_string_phys700	intogen_temporal_new__to__ot_all	target
PSMC4	4	1	ot_all	native_string_phys700	intogen_temporal_new__to__ot_all	target
MST1R	4	1	ot_all	native_string_phys700	intogen_temporal_new__to__ot_all	target
BTK	4	1	ot_all	native_string_phys700	intogen_temporal_new__to__ot_all	target
APC	4	1	ot_all	native_string_phys700	intogen_temporal_new__to__ot_all	target
TRIP13	4	1	ot_all	native_string_phys700	intogen_temporal_new__to__ot_all	target
BRAF	4	1	ot_all	native_string_phys700	intogen_temporal_new__to__ot_all	target
ASXL1	4	1	ot_all	native_string_phys700	intogen_temporal_new__to__ot_all	target
CRBN	4	1	ot_all	native_string_phys700	intogen_temporal_new__to__ot_all	target
TUBB	4	1	ot_all	native_string_phys700	intogen_temporal_new__to__ot_all	target
FYN	4	1	ot_all	native_string_phys700	intogen_temporal_new__to__ot_all	target
TUBB6	4	1	ot_all	native_string_phys700	intogen_temporal_new__to__ot_all	target
IGF2	4	1	ot_all	native_string_phys700	intogen_temporal_new__to__ot_all	target
ERBIN	4	1	ot_all	native_string_phys700	intogen_temporal_new__to__ot_all	target
JAK2	4	1	ot_all	native_string_phys700	intogen_temporal_new__to__ot_all	target
ENG	4	1	ot_all	native_string_phys700	intogen_temporal_new__to__ot_all	target
STK11	4	1	ot_all	native_string_phys700	intogen_temporal_new__to__ot_all	target
VCL	4	1	ot_all	native_string_phys700	intogen_temporal_new__to__ot_all	target
LAG3	4	1	ot_all	native_string_phys700	intogen_temporal_new__to__ot_all	target
PPP6C	4	1	ot_all	native_string_phys700	intogen_temporal_new__to__ot_all	target
TSC1	4	1	ot_all	native_string_phys700	intogen_temporal_new__to__ot_all	target
EGFR	4	1	ot_all	native_string_phys700	intogen_temporal_new__to__ot_all	target
AXIN1	4	1	ot_all	native_string_phys700	intogen_temporal_new__to__ot_all	target
MC1R	4	1	ot_all	native_string_phys700	intogen_temporal_new__to__ot_all	target
CDH23	4	1	ot_all	native_string_phys700	intogen_temporal_new__to__ot_all	target
NOP10	4	1	ot_all	native_string_phys700	intogen_temporal_new__to__ot_all	target
CDK4	4	1	ot_all	native_string_phys700	intogen_temporal_new__to__ot_all	target
PSMD2	4	1	ot_all	native_string_phys700	intogen_temporal_new__to__ot_all	target
KCNA5	4	1	ot_all	native_string_phys700	intogen_temporal_new__to__ot_all	target
TLR7	4	1	ot_all	native_string_phys700	intogen_temporal_new__to__ot_all	target
PDGFRB	4	1	ot_all	native_string_phys700	intogen_temporal_new__to__ot_all	target
KCND2	4	1	ot_all	native_string_phys700	intogen_temporal_new__to__ot_all	target
KCNH1	4	1	ot_all	native_string_phys700	intogen_temporal_new__to__ot_all	target
CYP17A1	4	1	ot_all	native_string_phys700	intogen_temporal_new__to__ot_all	target
FH	4	1	ot_all	native_string_phys700	intogen_temporal_new__to__ot_all	target
TINF2	4	1	ot_all	native_string_phys700	intogen_temporal_new__to__ot_all	target
RAG2	4	1	ot_all	native_string_phys700	intogen_temporal_new__to__ot_all	target
IQGAP1	4	1	ot_all	native_string_phys700	intogen_temporal_new__to__ot_all	target
NRAS	4	1	ot_all	native_string_phys700	intogen_temporal_new__to__ot_all	target
BCL2	4	1	ot_all	native_string_phys700	intogen_temporal_new__to__ot_all	target
RARA	4	1	ot_all	native_string_phys700	intogen_temporal_new__to__ot_all	target
KCNH2	4	1	ot_all	native_string_phys700	intogen_temporal_new__to__ot_all	target
KMT2C	4	1	ot_all	native_string_phys700	intogen_temporal_new__to__ot_all	target
FN1	4	1	ot_all	native_string_phys700	intogen_temporal_new__to__ot_all	target
ELMO2	4	1	ot_all	native_string_phys700	intogen_temporal_new__to__ot_all	target
MLH1	4	1	ot_all	native_string_phys700	intogen_temporal_new__to__ot_all	target
APBB1IP	4	1	ot_all	native_string_phys700	intogen_temporal_new__to__ot_all	target
AXIN2	4	1	ot_all	native_string_phys700	intogen_temporal_new__to__ot_all	target
BMPR1A	4	1	ot_all	native_string_phys700	intogen_temporal_new__to__ot_all	target
MAPK1	4	1	ot_all	native_string_phys700	intogen_temporal_new__to__ot_all	target
GPC3	4	1	ot_all	native_string_phys700	intogen_temporal_new__to__ot_all	target
EPHA2	4	1	ot_all	native_string_phys700	intogen_temporal_new__to__ot_all	target
HDAC1	4	1	ot_all	native_string_phys700	intogen_temporal_new__to__ot_all	target
SDHB	4	1	ot_all	native_string_phys700	intogen_temporal_new__to__ot_all	target
TUBB3	4	1	ot_all	native_string_phys700	intogen_temporal_new__to__ot_all	target
FRS2	4	1	ot_all	native_string_phys700	intogen_temporal_new__to__ot_all	target
RRM1	4	1	ot_all	native_string_phys700	intogen_temporal_new__to__ot_all	target
RAP1A	4	1	ot_all	native_string_phys700	intogen_temporal_new__to__ot_all	target
AKT1	4	1	ot_all	native_string_phys700	intogen_temporal_new__to__ot_all	target
FLT4	4	1	ot_all	native_string_phys700	intogen_temporal_new__to__ot_all	target
KCNC1	4	1	ot_all	native_string_phys700	intogen_temporal_new__to__ot_all	target
KEAP1	4	1	ot_all	native_string_phys700	intogen_temporal_new__to__ot_all	target
ITGB3	4	1	ot_all	native_string_phys700	intogen_temporal_new__to__ot_all	target
AKT2	4	1	ot_all	native_string_phys700	intogen_temporal_new__to__ot_all	target
EPHA3	4	1	ot_all	native_string_phys700	intogen_temporal_new__to__ot_all	target
BRIP1	4	1	ot_all	native_string_phys700	intogen_temporal_new__to__ot_all	target
RRM2B	4	1	ot_all	native_string_phys700	intogen_temporal_new__to__ot_all	target
SDHD	4	1	ot_all	native_string_phys700	intogen_temporal_new__to__ot_all	target
KHDC3L	4	1	ot_all	native_string_phys700	intogen_temporal_new__to__ot_all	target
MYC	4	1	ot_all	native_string_phys700	intogen_temporal_new__to__ot_all	target
VWF	4	1	ot_all	native_string_phys700	intogen_temporal_new__to__ot_all	target
TUBA4A	4	1	ot_all	native_string_phys700	intogen_temporal_new__to__ot_all	target
NOTCH3	4	1	ot_all	native_string_phys700	intogen_temporal_new__to__ot_all	target
MAML1	4	1	ot_all	native_string_phys700	intogen_temporal_new__to__ot_all	target
ACD	4	1	ot_all	native_string_phys700	intogen_temporal_new__to__ot_all	target
FGF9	4	1	ot_all	native_string_phys700	intogen_temporal_new__to__ot_all	target
MFN2	4	1	ot_all	native_string_phys700	intogen_temporal_new__to__ot_all	target
FGF10	4	1	ot_all	native_string_phys700	intogen_temporal_new__to__ot_all	target
BAG4	4	1	ot_all	native_string_phys700	intogen_temporal_new__to__ot_all	target
TP63	4	1	ot_all	native_string_phys700	intogen_temporal_new__to__ot_all	target
HOXB13	4	1	ot_all	native_string_phys700	intogen_temporal_new__to__ot_all	target
CEBPA	4	1	ot_all	native_string_phys700	intogen_temporal_new__to__ot_all	target
KDM5C	4	1	ot_all	native_string_phys700	intogen_temporal_new__to__ot_all	target
KAT2B	4	1	ot_all	native_string_phys700	intogen_temporal_new__to__ot_all	target
MYD88	4	1	ot_all	native_string_phys700	intogen_temporal_new__to__ot_all	target
SH3BP2	4	1	ot_all	native_string_phys700	intogen_temporal_new__to__ot_all	target
PRKCD	4	1	ot_all	native_string_phys700	intogen_temporal_new__to__ot_all	target
PSMB10	4	1	ot_all	native_string_phys700	intogen_temporal_new__to__ot_all	target
ADRM1	4	1	ot_all	native_string_phys700	intogen_temporal_new__to__ot_all	target
CYP11A1	4	1	ot_all	native_string_phys700	intogen_temporal_new__to__ot_all	target
MET	4	1	ot_all	native_string_phys700	intogen_temporal_new__to__ot_all	target
YWHAB	4	1	ot_all	native_string_phys700	intogen_temporal_new__to__ot_all	target
PSMD1	4	1	ot_all	native_string_phys700	intogen_temporal_new__to__ot_all	target
MAX	4	1	ot_all	native_string_phys700	intogen_temporal_new__to__ot_all	target
CD38	4	1	ot_all	native_string_phys700	intogen_temporal_new__to__ot_all	target
PDE3A	4	1	ot_all	native_string_phys700	intogen_temporal_new__to__ot_all	target
PSMD4	4	1	ot_all	native_string_phys700	intogen_temporal_new__to__ot_all	target
FGF18	4	1	ot_all	native_string_phys700	intogen_temporal_new__to__ot_all	target
POLA2	4	1	ot_all	native_string_phys700	intogen_temporal_new__to__ot_all	target
FGF3	4	1	ot_all	native_string_phys700	intogen_temporal_new__to__ot_all	target
SSTR3	4	1	ot_all	native_string_phys700	intogen_temporal_new__to__ot_all	target
PARP1	4	1	ot_all	native_string_phys700	intogen_temporal_new__to__ot_all	target
NRG1	4	1	ot_all	native_string_phys700	intogen_temporal_new__to__ot_all	target
RBX1	4	1	ot_all	native_string_phys700	intogen_temporal_new__to__ot_all	target
CD3D	4	1	ot_all	native_string_phys700	intogen_temporal_new__to__ot_all	target
BCL2L11	4	1	ot_all	native_string_phys700	intogen_temporal_new__to__ot_all	target
CHEK2	4	1	ot_all	native_string_phys700	intogen_temporal_new__to__ot_all	target
KCNG4	4	1	ot_all	native_string_phys700	intogen_temporal_new__to__ot_all	target
MAPK8	4	1	ot_all	native_string_phys700	intogen_temporal_new__to__ot_all	target
CASR	4	1	ot_all	native_string_phys700	intogen_temporal_new__to__ot_all	target
GATA3	4	1	ot_all	native_string_phys700	intogen_temporal_new__to__ot_all	target
PDE5A	4	1	ot_all	native_string_phys700	intogen_temporal_new__to__ot_all	target
PSMB11	4	1	ot_all	native_string_phys700	intogen_temporal_new__to__ot_all	target
DHH	4	1	ot_all	native_string_phys700	intogen_temporal_new__to__ot_all	target
PRKCB	4	1	ot_all	native_string_phys700	intogen_temporal_new__to__ot_all	target
TNFSF11	4	1	ot_all	native_string_phys700	intogen_temporal_new__to__ot_all	target
TFG	4	1	ot_all	native_string_phys700	intogen_temporal_new__to__ot_all	target
EPAS1	4	1	ot_all	native_string_phys700	intogen_temporal_new__to__ot_all	target
QKI	4	1	ot_all	native_string_phys700	intogen_temporal_new__to__ot_all	target
CD19	4	1	ot_all	native_string_phys700	intogen_temporal_new__to__ot_all	target
PTPN14	4	1	ot_all	native_string_phys700	intogen_temporal_new__to__ot_all	target
TEK	4	1	ot_all	native_string_phys700	intogen_temporal_new__to__ot_all	target
CTNNB1	4	1	ot_all	native_string_phys700	intogen_temporal_new__to__ot_all	target
SMAD4	4	1	ot_all	native_string_phys700	intogen_temporal_new__to__ot_all	target
FGF20	4	1	ot_all	native_string_phys700	intogen_temporal_new__to__ot_all	target
TOP1	4	1	ot_all	native_string_phys700	intogen_temporal_new__to__ot_all	target
CD3E	4	1	ot_all	native_string_phys700	intogen_temporal_new__to__ot_all	target
CLTC	4	1	ot_all	native_string_phys700	intogen_temporal_new__to__ot_all	target
TUBA1B	4	1	ot_all	native_string_phys700	intogen_temporal_new__to__ot_all	target
SPRTN	4	1	ot_all	native_string_phys700	intogen_temporal_new__to__ot_all	target
PSMC5	4	1	ot_all	native_string_phys700	intogen_temporal_new__to__ot_all	target
RUNX1	4	1	ot_all	native_string_phys700	intogen_temporal_new__to__ot_all	target
CD79B	4	1	ot_all	native_string_phys700	intogen_temporal_new__to__ot_all	target
SMARCA4	4	1	ot_all	native_string_phys700	intogen_temporal_new__to__ot_all	target
MEN1	4	1	ot_all	native_string_phys700	intogen_temporal_new__to__ot_all	target
CEP57	4	1	ot_all	native_string_phys700	intogen_temporal_new__to__ot_all	target
HDAC3	4	1	ot_all	native_string_phys700	intogen_temporal_new__to__ot_all	target
CALR	4	1	ot_all	native_string_phys700	intogen_temporal_new__to__ot_all	target
PSMA2	4	1	ot_all	native_string_phys700	intogen_temporal_new__to__ot_all	target
HNF1B	4	1	ot_all	native_string_phys700	intogen_temporal_new__to__ot_all	target
KCNA1	4	1	ot_all	native_string_phys700	intogen_temporal_new__to__ot_all	target
H3-3B	4	1	ot_all	native_string_phys700	intogen_temporal_new__to__ot_all	target
CSF3R	4	1	ot_all	native_string_phys700	intogen_temporal_new__to__ot_all	target
XPA	4	1	ot_all	native_string_phys700	intogen_temporal_new__to__ot_all	target
PIK3CB	4	1	ot_all	native_string_phys700	intogen_temporal_new__to__ot_all	target
STAT5A	4	1	ot_all	native_string_phys700	intogen_temporal_new__to__ot_all	target
CD3G	4	1	ot_all	native_string_phys700	intogen_temporal_new__to__ot_all	target
POLE3	4	1	ot_all	native_string_phys700	intogen_temporal_new__to__ot_all	target
RB1	4	1	ot_all	native_string_phys700	intogen_temporal_new__to__ot_all	target
CD52	4	1	ot_all	native_string_phys700	intogen_temporal_new__to__ot_all	target
DLL3	4	1	ot_all	native_string_phys700	intogen_temporal_new__to__ot_all	target
ITK	4	1	ot_all	native_string_phys700	intogen_temporal_new__to__ot_all	target
FANCD2	4	1	ot_all	native_string_phys700	intogen_temporal_new__to__ot_all	target
TGFB1	4	1	ot_all	native_string_phys700	intogen_temporal_new__to__ot_all	target
HCK	4	1	ot_all	native_string_phys700	intogen_temporal_new__to__ot_all	target
OGG1	4	1	ot_all	native_string_phys700	intogen_temporal_new__to__ot_all	target
SSTR2	4	1	ot_all	native_string_phys700	intogen_temporal_new__to__ot_all	target
SEPTIN7	4	0	ot_all	native_string_phys700	intogen_temporal_new__to__ot_all	background
NFKBID	4	0	ot_all	native_string_phys700	intogen_temporal_new__to__ot_all	background
MAGOH	4	0	ot_all	native_string_phys700	intogen_temporal_new__to__ot_all	background
CREB3L4	4	0	ot_all	native_string_phys700	intogen_temporal_new__to__ot_all	background
NPNT	4	0	ot_all	native_string_phys700	intogen_temporal_new__to__ot_all	background
RECQL	4	0	ot_all	native_string_phys700	intogen_temporal_new__to__ot_all	background
RAB10	4	0	ot_all	native_string_phys700	intogen_temporal_new__to__ot_all	background
EMC3	4	0	ot_all	native_string_phys700	intogen_temporal_new__to__ot_all	background
GNAI2	4	0	ot_all	native_string_phys700	intogen_temporal_new__to__ot_all	background
ABCA2	4	0	ot_all	native_string_phys700	intogen_temporal_new__to__ot_all	background
HSPB3	4	0	ot_all	native_string_phys700	intogen_temporal_new__to__ot_all	background
H4C5	4	0	ot_all	native_string_phys700	intogen_temporal_new__to__ot_all	background
HMMR	4	0	ot_all	native_string_phys700	intogen_temporal_new__to__ot_all	background
ZC3H8	4	0	ot_all	native_string_phys700	intogen_temporal_new__to__ot_all	background
ATP2A3	4	0	ot_all	native_string_phys700	intogen_temporal_new__to__ot_all	background
HADHA	4	0	ot_all	native_string_phys700	intogen_temporal_new__to__ot_all	background
CEP250	4	0	ot_all	native_string_phys700	intogen_temporal_new__to__ot_all	background
MRPL47	4	0	ot_all	native_string_phys700	intogen_temporal_new__to__ot_all	background
PHF20L1	4	0	ot_all	native_string_phys700	intogen_temporal_new__to__ot_all	background
RAMAC	4	0	ot_all	native_string_phys700	intogen_temporal_new__to__ot_all	background
ACAD9	4	0	ot_all	native_string_phys700	intogen_temporal_new__to__ot_all	background
ITPKB	4	0	ot_all	native_string_phys700	intogen_temporal_new__to__ot_all	background
OOEP	4	0	ot_all	native_string_phys700	intogen_temporal_new__to__ot_all	background
MT-ND4	4	0	ot_all	native_string_phys700	intogen_temporal_new__to__ot_all	background
EIF4H	4	0	ot_all	native_string_phys700	intogen_temporal_new__to__ot_all	background
TAF4	4	0	ot_all	native_string_phys700	intogen_temporal_new__to__ot_all	background
WASF3	4	0	ot_all	native_string_phys700	intogen_temporal_new__to__ot_all	background
RBM8A	4	0	ot_all	native_string_phys700	intogen_temporal_new__to__ot_all	background
CDC34	4	0	ot_all	native_string_phys700	intogen_temporal_new__to__ot_all	background
IDH3B	4	0	ot_all	native_string_phys700	intogen_temporal_new__to__ot_all	background
PTGDR2	4	0	ot_all	native_string_phys700	intogen_temporal_new__to__ot_all	background
KLRG1	4	0	ot_all	native_string_phys700	intogen_temporal_new__to__ot_all	background
CEP70	4	0	ot_all	native_string_phys700	intogen_temporal_new__to__ot_all	background
CAVIN1	4	0	ot_all	native_string_phys700	intogen_temporal_new__to__ot_all	background
MED31	4	0	ot_all	native_string_phys700	intogen_temporal_new__to__ot_all	background
DAB1	4	0	ot_all	native_string_phys700	intogen_temporal_new__to__ot_all	background
AAMP	4	0	ot_all	native_string_phys700	intogen_temporal_new__to__ot_all	background
GPR156	4	0	ot_all	native_string_phys700	intogen_temporal_new__to__ot_all	background
CCL27	4	0	ot_all	native_string_phys700	intogen_temporal_new__to__ot_all	background
ANKRD31	4	0	ot_all	native_string_phys700	intogen_temporal_new__to__ot_all	background
B4E171_HUMAN	4	0	ot_all	native_string_phys700	intogen_temporal_new__to__ot_all	background
CNOT3	4	0	ot_all	native_string_phys700	intogen_temporal_new__to__ot_all	background
PIR	4	0	ot_all	native_string_phys700	intogen_temporal_new__to__ot_all	background
WDR46	4	0	ot_all	native_string_phys700	intogen_temporal_new__to__ot_all	background
KCNIP1	4	0	ot_all	native_string_phys700	intogen_temporal_new__to__ot_all	background
RPL35A	4	0	ot_all	native_string_phys700	intogen_temporal_new__to__ot_all	background
UBE2V2	4	0	ot_all	native_string_phys700	intogen_temporal_new__to__ot_all	background
COL1A1	4	0	ot_all	native_string_phys700	intogen_temporal_new__to__ot_all	background
ARHGAP29	4	0	ot_all	native_string_phys700	intogen_temporal_new__to__ot_all	background
UAP1L1	4	0	ot_all	native_string_phys700	intogen_temporal_new__to__ot_all	background
PRNP	4	0	ot_all	native_string_phys700	intogen_temporal_new__to__ot_all	background
CACNA2D4	4	0	ot_all	native_string_phys700	intogen_temporal_new__to__ot_all	background
BAMBI	4	0	ot_all	native_string_phys700	intogen_temporal_new__to__ot_all	background
MTHFD2	4	0	ot_all	native_string_phys700	intogen_temporal_new__to__ot_all	background
BMP7	4	0	ot_all	native_string_phys700	intogen_temporal_new__to__ot_all	background
HEXIM2	4	0	ot_all	native_string_phys700	intogen_temporal_new__to__ot_all	background
NONO	4	0	ot_all	native_string_phys700	intogen_temporal_new__to__ot_all	background
CLPB	4	0	ot_all	native_string_phys700	intogen_temporal_new__to__ot_all	background
SUPT7L	4	0	ot_all	native_string_phys700	intogen_temporal_new__to__ot_all	background
PRRG2	4	0	ot_all	native_string_phys700	intogen_temporal_new__to__ot_all	background
SEMA4A	4	0	ot_all	native_string_phys700	intogen_temporal_new__to__ot_all	background
PARVG	4	0	ot_all	native_string_phys700	intogen_temporal_new__to__ot_all	background
NR2E1	4	0	ot_all	native_string_phys700	intogen_temporal_new__to__ot_all	background
USP27X	4	0	ot_all	native_string_phys700	intogen_temporal_new__to__ot_all	background
MRPL43	4	0	ot_all	native_string_phys700	intogen_temporal_new__to__ot_all	background
ZFAND5	4	0	ot_all	native_string_phys700	intogen_temporal_new__to__ot_all	background
CNOT7	4	0	ot_all	native_string_phys700	intogen_temporal_new__to__ot_all	background
TNFRSF11A	4	0	ot_all	native_string_phys700	intogen_temporal_new__to__ot_all	background
YTHDC1	4	0	ot_all	native_string_phys700	intogen_temporal_new__to__ot_all	background
SNRPB2	4	0	ot_all	native_string_phys700	intogen_temporal_new__to__ot_all	background
STARD10	4	0	ot_all	native_string_phys700	intogen_temporal_new__to__ot_all	background
JADE2	4	0	ot_all	native_string_phys700	intogen_temporal_new__to__ot_all	background
PLIN5	4	0	ot_all	native_string_phys700	intogen_temporal_new__to__ot_all	background
SHARPIN	4	0	ot_all	native_string_phys700	intogen_temporal_new__to__ot_all	background
CAMK1G	4	0	ot_all	native_string_phys700	intogen_temporal_new__to__ot_all	background
CYP2C8	4	0	ot_all	native_string_phys700	intogen_temporal_new__to__ot_all	background
KIF2B	4	0	ot_all	native_string_phys700	intogen_temporal_new__to__ot_all	background
PIGY	4	0	ot_all	native_string_phys700	intogen_temporal_new__to__ot_all	background
ROPN1	4	0	ot_all	native_string_phys700	intogen_temporal_new__to__ot_all	background
FAU	4	0	ot_all	native_string_phys700	intogen_temporal_new__to__ot_all	background
MYO19	4	0	ot_all	native_string_phys700	intogen_temporal_new__to__ot_all	background
CD79A	4	0	ot_all	native_string_phys700	intogen_temporal_new__to__ot_all	background
DOK7	4	0	ot_all	native_string_phys700	intogen_temporal_new__to__ot_all	background
HTR2A	4	0	ot_all	native_string_phys700	intogen_temporal_new__to__ot_all	background
CD8B2	4	0	ot_all	native_string_phys700	intogen_temporal_new__to__ot_all	background
PPP1R15A	4	0	ot_all	native_string_phys700	intogen_temporal_new__to__ot_all	background
H3C14	4	0	ot_all	native_string_phys700	intogen_temporal_new__to__ot_all	background
SNX1	4	0	ot_all	native_string_phys700	intogen_temporal_new__to__ot_all	background
SCN11A	4	0	ot_all	native_string_phys700	intogen_temporal_new__to__ot_all	background
MRPL15	4	0	ot_all	native_string_phys700	intogen_temporal_new__to__ot_all	background
KLF3	4	0	ot_all	native_string_phys700	intogen_temporal_new__to__ot_all	background
NDUFC1	4	0	ot_all	native_string_phys700	intogen_temporal_new__to__ot_all	background
IL4I1	4	0	ot_all	native_string_phys700	intogen_temporal_new__to__ot_all	background
UCN2	4	0	ot_all	native_string_phys700	intogen_temporal_new__to__ot_all	background
CLDN14	4	0	ot_all	native_string_phys700	intogen_temporal_new__to__ot_all	background
CATSPERE	4	0	ot_all	native_string_phys700	intogen_temporal_new__to__ot_all	background
HSD17B12	4	0	ot_all	native_string_phys700	intogen_temporal_new__to__ot_all	background
TFAP2B	4	0	ot_all	native_string_phys700	intogen_temporal_new__to__ot_all	background
CLDN4	4	0	ot_all	native_string_phys700	intogen_temporal_new__to__ot_all	background
LRRC32	4	0	ot_all	native_string_phys700	intogen_temporal_new__to__ot_all	background
TMEM63C	4	0	ot_all	native_string_phys700	intogen_temporal_new__to__ot_all	background
NDUFB10	4	0	ot_all	native_string_phys700	intogen_temporal_new__to__ot_all	background
GSTK1	4	0	ot_all	native_string_phys700	intogen_temporal_new__to__ot_all	background
TMEM258	4	0	ot_all	native_string_phys700	intogen_temporal_new__to__ot_all	background
TEX12	4	0	ot_all	native_string_phys700	intogen_temporal_new__to__ot_all	background
BBS9	4	0	ot_all	native_string_phys700	intogen_temporal_new__to__ot_all	background
ZW10	4	0	ot_all	native_string_phys700	intogen_temporal_new__to__ot_all	background
MCIDAS	4	0	ot_all	native_string_phys700	intogen_temporal_new__to__ot_all	background
HPSE2	4	0	ot_all	native_string_phys700	intogen_temporal_new__to__ot_all	background
CHD3	4	0	ot_all	native_string_phys700	intogen_temporal_new__to__ot_all	background
OAZ1	4	0	ot_all	native_string_phys700	intogen_temporal_new__to__ot_all	background
NEK2	4	0	ot_all	native_string_phys700	intogen_temporal_new__to__ot_all	background
ACIN1	4	0	ot_all	native_string_phys700	intogen_temporal_new__to__ot_all	background
ZSCAN10	4	0	ot_all	native_string_phys700	intogen_temporal_new__to__ot_all	background
SEC23A	4	0	ot_all	native_string_phys700	intogen_temporal_new__to__ot_all	background
IFNA4	4	0	ot_all	native_string_phys700	intogen_temporal_new__to__ot_all	background
PLXNB3	4	0	ot_all	native_string_phys700	intogen_temporal_new__to__ot_all	background
COMMD4	4	0	ot_all	native_string_phys700	intogen_temporal_new__to__ot_all	background
IGFBP4	4	0	ot_all	native_string_phys700	intogen_temporal_new__to__ot_all	background
PITPNM3	4	0	ot_all	native_string_phys700	intogen_temporal_new__to__ot_all	background
RGS14	4	0	ot_all	native_string_phys700	intogen_temporal_new__to__ot_all	background
EGLN1	4	0	ot_all	native_string_phys700	intogen_temporal_new__to__ot_all	background
NDUFB7	4	0	ot_all	native_string_phys700	intogen_temporal_new__to__ot_all	background
MFAP5	4	0	ot_all	native_string_phys700	intogen_temporal_new__to__ot_all	background
IL4	4	0	ot_all	native_string_phys700	intogen_temporal_new__to__ot_all	background
H3BMQ9_HUMAN	4	0	ot_all	native_string_phys700	intogen_temporal_new__to__ot_all	background
GPR17	4	0	ot_all	native_string_phys700	intogen_temporal_new__to__ot_all	background
INSL3	4	0	ot_all	native_string_phys700	intogen_temporal_new__to__ot_all	background
PKM	4	0	ot_all	native_string_phys700	intogen_temporal_new__to__ot_all	background
UBE2K	4	0	ot_all	native_string_phys700	intogen_temporal_new__to__ot_all	background
GYG2	4	0	ot_all	native_string_phys700	intogen_temporal_new__to__ot_all	background
NDUFC2	4	0	ot_all	native_string_phys700	intogen_temporal_new__to__ot_all	background
POMP	4	0	ot_all	native_string_phys700	intogen_temporal_new__to__ot_all	background
GRAP2	4	0	ot_all	native_string_phys700	intogen_temporal_new__to__ot_all	background
ATP6V0A2	4	0	ot_all	native_string_phys700	intogen_temporal_new__to__ot_all	background
RPA2	4	0	ot_all	native_string_phys700	intogen_temporal_new__to__ot_all	background
KCNJ16	4	0	ot_all	native_string_phys700	intogen_temporal_new__to__ot_all	background
FBXW9	4	0	ot_all	native_string_phys700	intogen_temporal_new__to__ot_all	background
SEC23B	4	0	ot_all	native_string_phys700	intogen_temporal_new__to__ot_all	background
UBE2U	4	0	ot_all	native_string_phys700	intogen_temporal_new__to__ot_all	background
IL1A	4	0	ot_all	native_string_phys700	intogen_temporal_new__to__ot_all	background
NCAPD2	4	0	ot_all	native_string_phys700	intogen_temporal_new__to__ot_all	background
SH2B3	4	0	ot_all	native_string_phys700	intogen_temporal_new__to__ot_all	background
PGM5	4	0	ot_all	native_string_phys700	intogen_temporal_new__to__ot_all	background
SYNJ2	4	0	ot_all	native_string_phys700	intogen_temporal_new__to__ot_all	background
ERP44	4	0	ot_all	native_string_phys700	intogen_temporal_new__to__ot_all	background
FBXW8	4	0	ot_all	native_string_phys700	intogen_temporal_new__to__ot_all	background
LIFR	4	0	ot_all	native_string_phys700	intogen_temporal_new__to__ot_all	background
KLHL25	4	0	ot_all	native_string_phys700	intogen_temporal_new__to__ot_all	background
WWP1	4	0	ot_all	native_string_phys700	intogen_temporal_new__to__ot_all	background
FAM3C	4	0	ot_all	native_string_phys700	intogen_temporal_new__to__ot_all	background
HNRNPH2	4	0	ot_all	native_string_phys700	intogen_temporal_new__to__ot_all	background
PRPF4	4	0	ot_all	native_string_phys700	intogen_temporal_new__to__ot_all	background
SDF2	4	0	ot_all	native_string_phys700	intogen_temporal_new__to__ot_all	background
IVNS1ABP	4	0	ot_all	native_string_phys700	intogen_temporal_new__to__ot_all	background
GDE1	4	0	ot_all	native_string_phys700	intogen_temporal_new__to__ot_all	background
AP1S3	4	0	ot_all	native_string_phys700	intogen_temporal_new__to__ot_all	background
GP5	4	0	ot_all	native_string_phys700	intogen_temporal_new__to__ot_all	background
DNAJA2	4	0	ot_all	native_string_phys700	intogen_temporal_new__to__ot_all	background
RPL37A	4	0	ot_all	native_string_phys700	intogen_temporal_new__to__ot_all	background
POLR3E	4	0	ot_all	native_string_phys700	intogen_temporal_new__to__ot_all	background
CTTN	4	0	ot_all	native_string_phys700	intogen_temporal_new__to__ot_all	background
RAD1	4	0	ot_all	native_string_phys700	intogen_temporal_new__to__ot_all	background
COL5A1	4	0	ot_all	native_string_phys700	intogen_temporal_new__to__ot_all	background
SDHAF4	4	0	ot_all	native_string_phys700	intogen_temporal_new__to__ot_all	background
SYP	4	0	ot_all	native_string_phys700	intogen_temporal_new__to__ot_all	background
DKK1	4	0	ot_all	native_string_phys700	intogen_temporal_new__to__ot_all	background
CLNS1A	4	0	ot_all	native_string_phys700	intogen_temporal_new__to__ot_all	background
POU3F2	4	0	ot_all	native_string_phys700	intogen_temporal_new__to__ot_all	background
NR1I3	4	0	ot_all	native_string_phys700	intogen_temporal_new__to__ot_all	background
PECAM1	4	0	ot_all	native_string_phys700	intogen_temporal_new__to__ot_all	background
SPDYE4	4	0	ot_all	native_string_phys700	intogen_temporal_new__to__ot_all	background
TPT1	4	0	ot_all	native_string_phys700	intogen_temporal_new__to__ot_all	background
MND1	4	0	ot_all	native_string_phys700	intogen_temporal_new__to__ot_all	background
MARCHF5	4	0	ot_all	native_string_phys700	intogen_temporal_new__to__ot_all	background
SYNE4	4	0	ot_all	native_string_phys700	intogen_temporal_new__to__ot_all	background
CENPN	4	0	ot_all	native_string_phys700	intogen_temporal_new__to__ot_all	background
CALM1	4	0	ot_all	native_string_phys700	intogen_temporal_new__to__ot_all	background
AIM2	4	0	ot_all	native_string_phys700	intogen_temporal_new__to__ot_all	background
ADAP1	4	0	ot_all	native_string_phys700	intogen_temporal_new__to__ot_all	background
IL22RA1	4	0	ot_all	native_string_phys700	intogen_temporal_new__to__ot_all	background
NPHP1	4	0	ot_all	native_string_phys700	intogen_temporal_new__to__ot_all	background
FEZ1	4	0	ot_all	native_string_phys700	intogen_temporal_new__to__ot_all	background
MAP3K14	4	0	ot_all	native_string_phys700	intogen_temporal_new__to__ot_all	background
RANGAP1	4	0	ot_all	native_string_phys700	intogen_temporal_new__to__ot_all	background
KIR3DL2	4	0	ot_all	native_string_phys700	intogen_temporal_new__to__ot_all	background
CORO1B	4	0	ot_all	native_string_phys700	intogen_temporal_new__to__ot_all	background
PPFIA3	4	0	ot_all	native_string_phys700	intogen_temporal_new__to__ot_all	background
TIMP1	4	0	ot_all	native_string_phys700	intogen_temporal_new__to__ot_all	background
SNTB2	4	0	ot_all	native_string_phys700	intogen_temporal_new__to__ot_all	background
NOVA2	4	0	ot_all	native_string_phys700	intogen_temporal_new__to__ot_all	background
ABCF1	4	0	ot_all	native_string_phys700	intogen_temporal_new__to__ot_all	background
DHTKD1	4	0	ot_all	native_string_phys700	intogen_temporal_new__to__ot_all	background
NGDN	4	0	ot_all	native_string_phys700	intogen_temporal_new__to__ot_all	background
FBXO27	4	0	ot_all	native_string_phys700	intogen_temporal_new__to__ot_all	background
CARMIL2	4	0	ot_all	native_string_phys700	intogen_temporal_new__to__ot_all	background
MAP4K3	4	0	ot_all	native_string_phys700	intogen_temporal_new__to__ot_all	background
CER1	4	0	ot_all	native_string_phys700	intogen_temporal_new__to__ot_all	background
NFRKB	4	0	ot_all	native_string_phys700	intogen_temporal_new__to__ot_all	background
CDH13	4	0	ot_all	native_string_phys700	intogen_temporal_new__to__ot_all	background
