gene	fold	y	label_id	universe_id	transfer_id	role
BRD4	0	1	intogen2024	native_funmap	intogen_temporal_new__to__intogen2024	target
FAS	0	1	intogen2024	native_funmap	intogen_temporal_new__to__intogen2024	target
CASP8	0	1	intogen2024	native_funmap	intogen_temporal_new__to__intogen2024	target
ERBB3	0	1	intogen2024	native_funmap	intogen_temporal_new__to__intogen2024	target
KIT	0	1	intogen2024	native_funmap	intogen_temporal_new__to__intogen2024	target
NPRL2	0	1	intogen2024	native_funmap	intogen_temporal_new__to__intogen2024	target
SOS1	0	1	intogen2024	native_funmap	intogen_temporal_new__to__intogen2024	target
RHOA	0	1	intogen2024	native_funmap	intogen_temporal_new__to__intogen2024	target
PABPC1	0	1	intogen2024	native_funmap	intogen_temporal_new__to__intogen2024	target
NSD2	0	1	intogen2024	native_funmap	intogen_temporal_new__to__intogen2024	target
PDGFRA	0	1	intogen2024	native_funmap	intogen_temporal_new__to__intogen2024	target
PTPN11	0	1	intogen2024	native_funmap	intogen_temporal_new__to__intogen2024	target
SGK1	0	1	intogen2024	native_funmap	intogen_temporal_new__to__intogen2024	target
SF3B1	0	1	intogen2024	native_funmap	intogen_temporal_new__to__intogen2024	target
PIK3R1	0	1	intogen2024	native_funmap	intogen_temporal_new__to__intogen2024	target
DHX9	0	1	intogen2024	native_funmap	intogen_temporal_new__to__intogen2024	target
SUSD2	0	1	intogen2024	native_funmap	intogen_temporal_new__to__intogen2024	target
RNF6	0	1	intogen2024	native_funmap	intogen_temporal_new__to__intogen2024	target
TNFRSF14	0	1	intogen2024	native_funmap	intogen_temporal_new__to__intogen2024	target
KIF5B	0	1	intogen2024	native_funmap	intogen_temporal_new__to__intogen2024	target
DAXX	0	1	intogen2024	native_funmap	intogen_temporal_new__to__intogen2024	target
PBRM1	0	1	intogen2024	native_funmap	intogen_temporal_new__to__intogen2024	target
CDH1	0	1	intogen2024	native_funmap	intogen_temporal_new__to__intogen2024	target
NKX2-1	0	1	intogen2024	native_funmap	intogen_temporal_new__to__intogen2024	target
ZNF521	0	1	intogen2024	native_funmap	intogen_temporal_new__to__intogen2024	target
RBM10	0	1	intogen2024	native_funmap	intogen_temporal_new__to__intogen2024	target
DGCR8	0	1	intogen2024	native_funmap	intogen_temporal_new__to__intogen2024	target
RRAS2	0	1	intogen2024	native_funmap	intogen_temporal_new__to__intogen2024	target
BCOR	0	1	intogen2024	native_funmap	intogen_temporal_new__to__intogen2024	target
TRIM33	0	1	intogen2024	native_funmap	intogen_temporal_new__to__intogen2024	target
XPO1	0	1	intogen2024	native_funmap	intogen_temporal_new__to__intogen2024	target
SMC1A	0	1	intogen2024	native_funmap	intogen_temporal_new__to__intogen2024	target
CLIP1	0	1	intogen2024	native_funmap	intogen_temporal_new__to__intogen2024	target
TFAP4	0	1	intogen2024	native_funmap	intogen_temporal_new__to__intogen2024	target
TRIP11	0	1	intogen2024	native_funmap	intogen_temporal_new__to__intogen2024	target
EWSR1	0	1	intogen2024	native_funmap	intogen_temporal_new__to__intogen2024	target
ARHGAP5	0	1	intogen2024	native_funmap	intogen_temporal_new__to__intogen2024	target
PDCD1LG2	0	1	intogen2024	native_funmap	intogen_temporal_new__to__intogen2024	target
FOXO1	0	1	intogen2024	native_funmap	intogen_temporal_new__to__intogen2024	target
KDM5A	0	1	intogen2024	native_funmap	intogen_temporal_new__to__intogen2024	target
TRRAP	0	1	intogen2024	native_funmap	intogen_temporal_new__to__intogen2024	target
CDKN1A	0	1	intogen2024	native_funmap	intogen_temporal_new__to__intogen2024	target
DDX3X	0	1	intogen2024	native_funmap	intogen_temporal_new__to__intogen2024	target
COL1A1	0	1	intogen2024	native_funmap	intogen_temporal_new__to__intogen2024	target
ZNF814	0	1	intogen2024	native_funmap	intogen_temporal_new__to__intogen2024	target
TRAF3	0	1	intogen2024	native_funmap	intogen_temporal_new__to__intogen2024	target
ZBTB7B	0	1	intogen2024	native_funmap	intogen_temporal_new__to__intogen2024	target
POLE	0	1	intogen2024	native_funmap	intogen_temporal_new__to__intogen2024	target
PSIP1	0	1	intogen2024	native_funmap	intogen_temporal_new__to__intogen2024	target
BRCA2	0	1	intogen2024	native_funmap	intogen_temporal_new__to__intogen2024	target
WAS	0	1	intogen2024	native_funmap	intogen_temporal_new__to__intogen2024	target
PARP4	0	1	intogen2024	native_funmap	intogen_temporal_new__to__intogen2024	target
HNF1A	0	1	intogen2024	native_funmap	intogen_temporal_new__to__intogen2024	target
KAT6B	0	1	intogen2024	native_funmap	intogen_temporal_new__to__intogen2024	target
DDX6	0	1	intogen2024	native_funmap	intogen_temporal_new__to__intogen2024	target
PPP3CA	0	1	intogen2024	native_funmap	intogen_temporal_new__to__intogen2024	target
STAT6	0	1	intogen2024	native_funmap	intogen_temporal_new__to__intogen2024	target
NFE2L2	0	1	intogen2024	native_funmap	intogen_temporal_new__to__intogen2024	target
PEG3	0	1	intogen2024	native_funmap	intogen_temporal_new__to__intogen2024	target
ZFP36L1	0	1	intogen2024	native_funmap	intogen_temporal_new__to__intogen2024	target
PRKAR1A	0	1	intogen2024	native_funmap	intogen_temporal_new__to__intogen2024	target
SETDB1	0	1	intogen2024	native_funmap	intogen_temporal_new__to__intogen2024	target
ESRRA	0	1	intogen2024	native_funmap	intogen_temporal_new__to__intogen2024	target
EP300	0	1	intogen2024	native_funmap	intogen_temporal_new__to__intogen2024	target
UBR5	0	1	intogen2024	native_funmap	intogen_temporal_new__to__intogen2024	target
ARHGEF10L	0	1	intogen2024	native_funmap	intogen_temporal_new__to__intogen2024	target
BCORL1	0	1	intogen2024	native_funmap	intogen_temporal_new__to__intogen2024	target
TNC	0	1	intogen2024	native_funmap	intogen_temporal_new__to__intogen2024	target
RBM15	0	1	intogen2024	native_funmap	intogen_temporal_new__to__intogen2024	target
RPL22	0	1	intogen2024	native_funmap	intogen_temporal_new__to__intogen2024	target
KRAS	0	1	intogen2024	native_funmap	intogen_temporal_new__to__intogen2024	target
NFKBIA	0	1	intogen2024	native_funmap	intogen_temporal_new__to__intogen2024	target
CD58	0	1	intogen2024	native_funmap	intogen_temporal_new__to__intogen2024	target
BIRC3	0	1	intogen2024	native_funmap	intogen_temporal_new__to__intogen2024	target
SUZ12	0	1	intogen2024	native_funmap	intogen_temporal_new__to__intogen2024	target
CCDC6	0	1	intogen2024	native_funmap	intogen_temporal_new__to__intogen2024	target
ATF7IP	0	1	intogen2024	native_funmap	intogen_temporal_new__to__intogen2024	target
ARID2	0	1	intogen2024	native_funmap	intogen_temporal_new__to__intogen2024	target
GATA2	0	1	intogen2024	native_funmap	intogen_temporal_new__to__intogen2024	target
FAT2	0	1	intogen2024	native_funmap	intogen_temporal_new__to__intogen2024	target
PREX2	0	1	intogen2024	native_funmap	intogen_temporal_new__to__intogen2024	target
DROSHA	0	1	intogen2024	native_funmap	intogen_temporal_new__to__intogen2024	target
CHD4	0	1	intogen2024	native_funmap	intogen_temporal_new__to__intogen2024	target
PRDM2	0	1	intogen2024	native_funmap	intogen_temporal_new__to__intogen2024	target
NSD1	0	1	intogen2024	native_funmap	intogen_temporal_new__to__intogen2024	target
CHD2	0	1	intogen2024	native_funmap	intogen_temporal_new__to__intogen2024	target
WNK2	0	1	intogen2024	native_funmap	intogen_temporal_new__to__intogen2024	target
PCMTD1	0	1	intogen2024	native_funmap	intogen_temporal_new__to__intogen2024	target
BIRC6	0	1	intogen2024	native_funmap	intogen_temporal_new__to__intogen2024	target
HSP90AA1	0	1	intogen2024	native_funmap	intogen_temporal_new__to__intogen2024	target
BCL9L	0	1	intogen2024	native_funmap	intogen_temporal_new__to__intogen2024	target
KMT2D	0	1	intogen2024	native_funmap	intogen_temporal_new__to__intogen2024	target
CDK12	0	1	intogen2024	native_funmap	intogen_temporal_new__to__intogen2024	target
ZFHX3	0	1	intogen2024	native_funmap	intogen_temporal_new__to__intogen2024	target
TOP2A	0	1	intogen2024	native_funmap	intogen_temporal_new__to__intogen2024	target
ZRSR2	0	1	intogen2024	native_funmap	intogen_temporal_new__to__intogen2024	target
CNOT9	0	1	intogen2024	native_funmap	intogen_temporal_new__to__intogen2024	target
MAP2K1	0	1	intogen2024	native_funmap	intogen_temporal_new__to__intogen2024	target
NUP214	0	1	intogen2024	native_funmap	intogen_temporal_new__to__intogen2024	target
ATR	0	1	intogen2024	native_funmap	intogen_temporal_new__to__intogen2024	target
ERCC2	0	1	intogen2024	native_funmap	intogen_temporal_new__to__intogen2024	target
FGD5	0	1	intogen2024	native_funmap	intogen_temporal_new__to__intogen2024	target
SOX17	0	1	intogen2024	native_funmap	intogen_temporal_new__to__intogen2024	target
KDM6A	0	1	intogen2024	native_funmap	intogen_temporal_new__to__intogen2024	target
KLHL6	0	1	intogen2024	native_funmap	intogen_temporal_new__to__intogen2024	target
FANCA	0	1	intogen2024	native_funmap	intogen_temporal_new__to__intogen2024	target
MGA	0	1	intogen2024	native_funmap	intogen_temporal_new__to__intogen2024	target
PTMA	0	1	intogen2024	native_funmap	intogen_temporal_new__to__intogen2024	target
ERG	0	1	intogen2024	native_funmap	intogen_temporal_new__to__intogen2024	target
MTOR	0	1	intogen2024	native_funmap	intogen_temporal_new__to__intogen2024	target
MARK2	0	1	intogen2024	native_funmap	intogen_temporal_new__to__intogen2024	target
FAM174B	0	1	intogen2024	native_funmap	intogen_temporal_new__to__intogen2024	target
CREBBP	0	1	intogen2024	native_funmap	intogen_temporal_new__to__intogen2024	target
MAP2K7	0	1	intogen2024	native_funmap	intogen_temporal_new__to__intogen2024	target
ELN	0	1	intogen2024	native_funmap	intogen_temporal_new__to__intogen2024	target
TGFBR2	0	1	intogen2024	native_funmap	intogen_temporal_new__to__intogen2024	target
PTPRB	0	1	intogen2024	native_funmap	intogen_temporal_new__to__intogen2024	target
FUBP1	0	1	intogen2024	native_funmap	intogen_temporal_new__to__intogen2024	target
STAT3	0	1	intogen2024	native_funmap	intogen_temporal_new__to__intogen2024	target
ARID1A	0	1	intogen2024	native_funmap	intogen_temporal_new__to__intogen2024	target
MB21D2	0	1	intogen2024	native_funmap	intogen_temporal_new__to__intogen2024	target
EIF3E	0	1	intogen2024	native_funmap	intogen_temporal_new__to__intogen2024	target
JAK1	0	1	intogen2024	native_funmap	intogen_temporal_new__to__intogen2024	target
SMAD2	0	1	intogen2024	native_funmap	intogen_temporal_new__to__intogen2024	target
HNRNPA2B1	0	1	intogen2024	native_funmap	intogen_temporal_new__to__intogen2024	target
SIX1	0	1	intogen2024	native_funmap	intogen_temporal_new__to__intogen2024	target
RPS3A	0	1	intogen2024	native_funmap	intogen_temporal_new__to__intogen2024	target
TET1	0	1	intogen2024	native_funmap	intogen_temporal_new__to__intogen2024	target
TRIM24	0	1	intogen2024	native_funmap	intogen_temporal_new__to__intogen2024	target
ETV6	0	1	intogen2024	native_funmap	intogen_temporal_new__to__intogen2024	target
RASA1	0	1	intogen2024	native_funmap	intogen_temporal_new__to__intogen2024	target
KLF5	0	1	intogen2024	native_funmap	intogen_temporal_new__to__intogen2024	target
RECQL4	0	1	intogen2024	native_funmap	intogen_temporal_new__to__intogen2024	target
RASA2	0	1	intogen2024	native_funmap	intogen_temporal_new__to__intogen2024	target
CRTC1	0	1	intogen2024	native_funmap	intogen_temporal_new__to__intogen2024	target
GMPS	0	1	intogen2024	native_funmap	intogen_temporal_new__to__intogen2024	target
DOT1L	0	1	intogen2024	native_funmap	intogen_temporal_new__to__intogen2024	target
ESR1	0	1	intogen2024	native_funmap	intogen_temporal_new__to__intogen2024	target
PLCG1	0	1	intogen2024	native_funmap	intogen_temporal_new__to__intogen2024	target
NOTCH1	0	1	intogen2024	native_funmap	intogen_temporal_new__to__intogen2024	target
RELA	0	1	intogen2024	native_funmap	intogen_temporal_new__to__intogen2024	target
NTRK3	0	1	intogen2024	native_funmap	intogen_temporal_new__to__intogen2024	target
PMS2	0	1	intogen2024	native_funmap	intogen_temporal_new__to__intogen2024	target
MSI2	0	1	intogen2024	native_funmap	intogen_temporal_new__to__intogen2024	target
NCOR1	0	1	intogen2024	native_funmap	intogen_temporal_new__to__intogen2024	target
NPM1	0	1	intogen2024	native_funmap	intogen_temporal_new__to__intogen2024	target
ABL1	0	1	intogen2024	native_funmap	intogen_temporal_new__to__intogen2024	target
SIRPA	0	1	intogen2024	native_funmap	intogen_temporal_new__to__intogen2024	target
POLD1	0	1	intogen2024	native_funmap	intogen_temporal_new__to__intogen2024	target
RPS6KA3	0	1	intogen2024	native_funmap	intogen_temporal_new__to__intogen2024	target
TP53	0	1	intogen2024	native_funmap	intogen_temporal_new__to__intogen2024	target
CYLD	0	1	intogen2024	native_funmap	intogen_temporal_new__to__intogen2024	target
ZEB1	0	1	intogen2024	native_funmap	intogen_temporal_new__to__intogen2024	target
FLCN	0	1	intogen2024	native_funmap	intogen_temporal_new__to__intogen2024	target
SMARCB1	0	1	intogen2024	native_funmap	intogen_temporal_new__to__intogen2024	target
NCOR2	0	1	intogen2024	native_funmap	intogen_temporal_new__to__intogen2024	target
LDB1	0	1	intogen2024	native_funmap	intogen_temporal_new__to__intogen2024	target
PTEN	0	1	intogen2024	native_funmap	intogen_temporal_new__to__intogen2024	target
RAF1	0	1	intogen2024	native_funmap	intogen_temporal_new__to__intogen2024	target
HGF	0	1	intogen2024	native_funmap	intogen_temporal_new__to__intogen2024	target
ATRX	0	1	intogen2024	native_funmap	intogen_temporal_new__to__intogen2024	target
POT1	0	1	intogen2024	native_funmap	intogen_temporal_new__to__intogen2024	target
CARD11	0	1	intogen2024	native_funmap	intogen_temporal_new__to__intogen2024	target
IRAK1	0	1	intogen2024	native_funmap	intogen_temporal_new__to__intogen2024	target
TCF4	0	1	intogen2024	native_funmap	intogen_temporal_new__to__intogen2024	target
AKT3	0	1	intogen2024	native_funmap	intogen_temporal_new__to__intogen2024	target
NFATC2	0	1	intogen2024	native_funmap	intogen_temporal_new__to__intogen2024	target
PIK3CA	0	1	intogen2024	native_funmap	intogen_temporal_new__to__intogen2024	target
PPP2R1A	0	1	intogen2024	native_funmap	intogen_temporal_new__to__intogen2024	target
PTPRC	0	1	intogen2024	native_funmap	intogen_temporal_new__to__intogen2024	target
PTPN6	0	1	intogen2024	native_funmap	intogen_temporal_new__to__intogen2024	target
RIPK1	0	1	intogen2024	native_funmap	intogen_temporal_new__to__intogen2024	target
CUL3	0	1	intogen2024	native_funmap	intogen_temporal_new__to__intogen2024	target
TBL1XR1	0	1	intogen2024	native_funmap	intogen_temporal_new__to__intogen2024	target
MYH9	0	1	intogen2024	native_funmap	intogen_temporal_new__to__intogen2024	target
CXCR4	0	1	intogen2024	native_funmap	intogen_temporal_new__to__intogen2024	target
BCL7A	0	1	intogen2024	native_funmap	intogen_temporal_new__to__intogen2024	target
TGIF1	0	1	intogen2024	native_funmap	intogen_temporal_new__to__intogen2024	target
ELL	0	1	intogen2024	native_funmap	intogen_temporal_new__to__intogen2024	target
NIPBL	0	1	intogen2024	native_funmap	intogen_temporal_new__to__intogen2024	target
FAT4	0	1	intogen2024	native_funmap	intogen_temporal_new__to__intogen2024	target
EZH2	0	1	intogen2024	native_funmap	intogen_temporal_new__to__intogen2024	target
CTCF	0	1	intogen2024	native_funmap	intogen_temporal_new__to__intogen2024	target
HIP1	0	1	intogen2024	native_funmap	intogen_temporal_new__to__intogen2024	target
CBFB	0	1	intogen2024	native_funmap	intogen_temporal_new__to__intogen2024	target
SETD1B	0	1	intogen2024	native_funmap	intogen_temporal_new__to__intogen2024	target
JAK3	0	1	intogen2024	native_funmap	intogen_temporal_new__to__intogen2024	target
ZNF93	0	1	intogen2024	native_funmap	intogen_temporal_new__to__intogen2024	target
ELF3	0	1	intogen2024	native_funmap	intogen_temporal_new__to__intogen2024	target
KDM3B	0	1	intogen2024	native_funmap	intogen_temporal_new__to__intogen2024	target
KDR	0	1	intogen2024	native_funmap	intogen_temporal_new__to__intogen2024	target
ARID1B	0	1	intogen2024	native_funmap	intogen_temporal_new__to__intogen2024	target
PRDM1	0	1	intogen2024	native_funmap	intogen_temporal_new__to__intogen2024	target
BCL10	0	1	intogen2024	native_funmap	intogen_temporal_new__to__intogen2024	target
CDH11	0	1	intogen2024	native_funmap	intogen_temporal_new__to__intogen2024	target
NT5C3A	0	1	intogen2024	native_funmap	intogen_temporal_new__to__intogen2024	target
TCF7L2	0	1	intogen2024	native_funmap	intogen_temporal_new__to__intogen2024	target
FOXO3	0	1	intogen2024	native_funmap	intogen_temporal_new__to__intogen2024	target
RNF213	0	1	intogen2024	native_funmap	intogen_temporal_new__to__intogen2024	target
EPS15	0	1	intogen2024	native_funmap	intogen_temporal_new__to__intogen2024	target
FHIT	0	1	intogen2024	native_funmap	intogen_temporal_new__to__intogen2024	target
IKZF1	0	1	intogen2024	native_funmap	intogen_temporal_new__to__intogen2024	target
ARHGEF10	0	1	intogen2024	native_funmap	intogen_temporal_new__to__intogen2024	target
KLF4	0	1	intogen2024	native_funmap	intogen_temporal_new__to__intogen2024	target
IDH2	0	1	intogen2024	native_funmap	intogen_temporal_new__to__intogen2024	target
LATS2	0	1	intogen2024	native_funmap	intogen_temporal_new__to__intogen2024	target
DNMT3A	0	1	intogen2024	native_funmap	intogen_temporal_new__to__intogen2024	target
GNAQ	0	1	intogen2024	native_funmap	intogen_temporal_new__to__intogen2024	target
IRF1	0	1	intogen2024	native_funmap	intogen_temporal_new__to__intogen2024	target
ING1	0	1	intogen2024	native_funmap	intogen_temporal_new__to__intogen2024	target
CDC73	0	1	intogen2024	native_funmap	intogen_temporal_new__to__intogen2024	target
SH2B3	0	1	intogen2024	native_funmap	intogen_temporal_new__to__intogen2024	target
IL7R	0	1	intogen2024	native_funmap	intogen_temporal_new__to__intogen2024	target
IKZF3	0	1	intogen2024	native_funmap	intogen_temporal_new__to__intogen2024	target
MALT1	0	1	intogen2024	native_funmap	intogen_temporal_new__to__intogen2024	target
ARHGAP35	0	1	intogen2024	native_funmap	intogen_temporal_new__to__intogen2024	target
PHF6	0	1	intogen2024	native_funmap	intogen_temporal_new__to__intogen2024	target
H3-3A	0	1	intogen2024	native_funmap	intogen_temporal_new__to__intogen2024	target
GNAS	0	1	intogen2024	native_funmap	intogen_temporal_new__to__intogen2024	target
VHL	0	1	intogen2024	native_funmap	intogen_temporal_new__to__intogen2024	target
IRF4	0	1	intogen2024	native_funmap	intogen_temporal_new__to__intogen2024	target
HLA-A	0	1	intogen2024	native_funmap	intogen_temporal_new__to__intogen2024	target
ATM	0	1	intogen2024	native_funmap	intogen_temporal_new__to__intogen2024	target
LATS1	0	1	intogen2024	native_funmap	intogen_temporal_new__to__intogen2024	target
DICER1	0	1	intogen2024	native_funmap	intogen_temporal_new__to__intogen2024	target
EBF1	0	1	intogen2024	native_funmap	intogen_temporal_new__to__intogen2024	target
MSN	0	1	intogen2024	native_funmap	intogen_temporal_new__to__intogen2024	target
BRCA1	0	1	intogen2024	native_funmap	intogen_temporal_new__to__intogen2024	target
TBX3	0	1	intogen2024	native_funmap	intogen_temporal_new__to__intogen2024	target
ERCC3	0	1	intogen2024	native_funmap	intogen_temporal_new__to__intogen2024	target
DIS3	0	1	intogen2024	native_funmap	intogen_temporal_new__to__intogen2024	target
RAC1	0	1	intogen2024	native_funmap	intogen_temporal_new__to__intogen2024	target
CBL	0	1	intogen2024	native_funmap	intogen_temporal_new__to__intogen2024	target
U2AF2	0	1	intogen2024	native_funmap	intogen_temporal_new__to__intogen2024	target
LZTR1	0	1	intogen2024	native_funmap	intogen_temporal_new__to__intogen2024	target
ZNF780A	0	1	intogen2024	native_funmap	intogen_temporal_new__to__intogen2024	target
HLA-B	0	1	intogen2024	native_funmap	intogen_temporal_new__to__intogen2024	target
SETD2	0	1	intogen2024	native_funmap	intogen_temporal_new__to__intogen2024	target
STAG2	0	1	intogen2024	native_funmap	intogen_temporal_new__to__intogen2024	target
NF2	0	1	intogen2024	native_funmap	intogen_temporal_new__to__intogen2024	target
NFKBIE	0	1	intogen2024	native_funmap	intogen_temporal_new__to__intogen2024	target
BCR	0	1	intogen2024	native_funmap	intogen_temporal_new__to__intogen2024	target
ZCRB1	0	1	intogen2024	native_funmap	intogen_temporal_new__to__intogen2024	target
CMTR2	0	1	intogen2024	native_funmap	intogen_temporal_new__to__intogen2024	target
IKBKB	0	1	intogen2024	native_funmap	intogen_temporal_new__to__intogen2024	target
ERBB2	0	1	intogen2024	native_funmap	intogen_temporal_new__to__intogen2024	target
FBXO11	0	1	intogen2024	native_funmap	intogen_temporal_new__to__intogen2024	target
CNOT3	0	1	intogen2024	native_funmap	intogen_temporal_new__to__intogen2024	target
NF1	0	1	intogen2024	native_funmap	intogen_temporal_new__to__intogen2024	target
AMER1	0	1	intogen2024	native_funmap	intogen_temporal_new__to__intogen2024	target
POLQ	0	1	intogen2024	native_funmap	intogen_temporal_new__to__intogen2024	target
AJUBA	0	1	intogen2024	native_funmap	intogen_temporal_new__to__intogen2024	target
PML	0	1	intogen2024	native_funmap	intogen_temporal_new__to__intogen2024	target
MYO5A	0	1	intogen2024	native_funmap	intogen_temporal_new__to__intogen2024	target
CUX1	0	1	intogen2024	native_funmap	intogen_temporal_new__to__intogen2024	target
TSC2	0	1	intogen2024	native_funmap	intogen_temporal_new__to__intogen2024	target
CASZ1	0	1	intogen2024	native_funmap	intogen_temporal_new__to__intogen2024	target
IDH1	0	1	intogen2024	native_funmap	intogen_temporal_new__to__intogen2024	target
SRSF2	0	1	intogen2024	native_funmap	intogen_temporal_new__to__intogen2024	target
BTK	0	1	intogen2024	native_funmap	intogen_temporal_new__to__intogen2024	target
ASXL1	0	1	intogen2024	native_funmap	intogen_temporal_new__to__intogen2024	target
JAK2	0	1	intogen2024	native_funmap	intogen_temporal_new__to__intogen2024	target
STK11	0	1	intogen2024	native_funmap	intogen_temporal_new__to__intogen2024	target
BCL9	0	1	intogen2024	native_funmap	intogen_temporal_new__to__intogen2024	target
PPP6C	0	1	intogen2024	native_funmap	intogen_temporal_new__to__intogen2024	target
TSC1	0	1	intogen2024	native_funmap	intogen_temporal_new__to__intogen2024	target
EGFR	0	1	intogen2024	native_funmap	intogen_temporal_new__to__intogen2024	target
FBN2	0	1	intogen2024	native_funmap	intogen_temporal_new__to__intogen2024	target
SPEN	0	1	intogen2024	native_funmap	intogen_temporal_new__to__intogen2024	target
AXIN1	0	1	intogen2024	native_funmap	intogen_temporal_new__to__intogen2024	target
RXRA	0	1	intogen2024	native_funmap	intogen_temporal_new__to__intogen2024	target
RUNX1T1	0	1	intogen2024	native_funmap	intogen_temporal_new__to__intogen2024	target
NCOA1	0	1	intogen2024	native_funmap	intogen_temporal_new__to__intogen2024	target
PDGFRB	0	1	intogen2024	native_funmap	intogen_temporal_new__to__intogen2024	target
ATG7	0	1	intogen2024	native_funmap	intogen_temporal_new__to__intogen2024	target
NRAS	0	1	intogen2024	native_funmap	intogen_temporal_new__to__intogen2024	target
BCLAF1	0	1	intogen2024	native_funmap	intogen_temporal_new__to__intogen2024	target
NXF1	0	1	intogen2024	native_funmap	intogen_temporal_new__to__intogen2024	target
GNA11	0	1	intogen2024	native_funmap	intogen_temporal_new__to__intogen2024	target
KMT2C	0	1	intogen2024	native_funmap	intogen_temporal_new__to__intogen2024	target
MAP2K4	0	1	intogen2024	native_funmap	intogen_temporal_new__to__intogen2024	target
BMPR1A	0	1	intogen2024	native_funmap	intogen_temporal_new__to__intogen2024	target
MAPK1	0	1	intogen2024	native_funmap	intogen_temporal_new__to__intogen2024	target
NCOA2	0	1	intogen2024	native_funmap	intogen_temporal_new__to__intogen2024	target
UBE2A	0	1	intogen2024	native_funmap	intogen_temporal_new__to__intogen2024	target
RBM39	0	1	intogen2024	native_funmap	intogen_temporal_new__to__intogen2024	target
NFKB2	0	1	intogen2024	native_funmap	intogen_temporal_new__to__intogen2024	target
ARHGEF12	0	1	intogen2024	native_funmap	intogen_temporal_new__to__intogen2024	target
EPHA2	0	1	intogen2024	native_funmap	intogen_temporal_new__to__intogen2024	target
GNA13	0	1	intogen2024	native_funmap	intogen_temporal_new__to__intogen2024	target
USP9X	0	1	intogen2024	native_funmap	intogen_temporal_new__to__intogen2024	target
MDM2	0	1	intogen2024	native_funmap	intogen_temporal_new__to__intogen2024	target
NKTR	0	1	intogen2024	native_funmap	intogen_temporal_new__to__intogen2024	target
GNAI2	0	1	intogen2024	native_funmap	intogen_temporal_new__to__intogen2024	target
AKT1	0	1	intogen2024	native_funmap	intogen_temporal_new__to__intogen2024	target
FLT4	0	1	intogen2024	native_funmap	intogen_temporal_new__to__intogen2024	target
HSP90AB1	0	1	intogen2024	native_funmap	intogen_temporal_new__to__intogen2024	target
KEAP1	0	1	intogen2024	native_funmap	intogen_temporal_new__to__intogen2024	target
SIN3A	0	1	intogen2024	native_funmap	intogen_temporal_new__to__intogen2024	target
EPHA3	0	1	intogen2024	native_funmap	intogen_temporal_new__to__intogen2024	target
MLLT1	0	1	intogen2024	native_funmap	intogen_temporal_new__to__intogen2024	target
TNFAIP3	0	1	intogen2024	native_funmap	intogen_temporal_new__to__intogen2024	target
PCBP1	0	1	intogen2024	native_funmap	intogen_temporal_new__to__intogen2024	target
MYC	0	1	intogen2024	native_funmap	intogen_temporal_new__to__intogen2024	target
GTF2I	0	1	intogen2024	native_funmap	intogen_temporal_new__to__intogen2024	target
TP63	0	1	intogen2024	native_funmap	intogen_temporal_new__to__intogen2024	target
KDM5C	0	1	intogen2024	native_funmap	intogen_temporal_new__to__intogen2024	target
MYD88	0	1	intogen2024	native_funmap	intogen_temporal_new__to__intogen2024	target
PRKCD	0	1	intogen2024	native_funmap	intogen_temporal_new__to__intogen2024	target
MAX	0	1	intogen2024	native_funmap	intogen_temporal_new__to__intogen2024	target
RAP1GDS1	0	1	intogen2024	native_funmap	intogen_temporal_new__to__intogen2024	target
ELF4	0	1	intogen2024	native_funmap	intogen_temporal_new__to__intogen2024	target
ZBTB16	0	1	intogen2024	native_funmap	intogen_temporal_new__to__intogen2024	target
RPL10	0	1	intogen2024	native_funmap	intogen_temporal_new__to__intogen2024	target
POU2F2	0	1	intogen2024	native_funmap	intogen_temporal_new__to__intogen2024	target
VAV1	0	1	intogen2024	native_funmap	intogen_temporal_new__to__intogen2024	target
KMT2B	0	1	intogen2024	native_funmap	intogen_temporal_new__to__intogen2024	target
RAD21	0	1	intogen2024	native_funmap	intogen_temporal_new__to__intogen2024	target
HSPG2	0	1	intogen2024	native_funmap	intogen_temporal_new__to__intogen2024	target
DDB2	0	1	intogen2024	native_funmap	intogen_temporal_new__to__intogen2024	target
MED12	0	1	intogen2024	native_funmap	intogen_temporal_new__to__intogen2024	target
SP140	0	1	intogen2024	native_funmap	intogen_temporal_new__to__intogen2024	target
RANBP2	0	1	intogen2024	native_funmap	intogen_temporal_new__to__intogen2024	target
TAF15	0	1	intogen2024	native_funmap	intogen_temporal_new__to__intogen2024	target
CHEK2	0	1	intogen2024	native_funmap	intogen_temporal_new__to__intogen2024	target
IL6ST	0	1	intogen2024	native_funmap	intogen_temporal_new__to__intogen2024	target
GATA3	0	1	intogen2024	native_funmap	intogen_temporal_new__to__intogen2024	target
ACSL3	0	1	intogen2024	native_funmap	intogen_temporal_new__to__intogen2024	target
PRKCB	0	1	intogen2024	native_funmap	intogen_temporal_new__to__intogen2024	target
TFG	0	1	intogen2024	native_funmap	intogen_temporal_new__to__intogen2024	target
QKI	0	1	intogen2024	native_funmap	intogen_temporal_new__to__intogen2024	target
EFTUD2	0	1	intogen2024	native_funmap	intogen_temporal_new__to__intogen2024	target
CTNNB1	0	1	intogen2024	native_funmap	intogen_temporal_new__to__intogen2024	target
SMAD4	0	1	intogen2024	native_funmap	intogen_temporal_new__to__intogen2024	target
KMT2A	0	1	intogen2024	native_funmap	intogen_temporal_new__to__intogen2024	target
ZBTB20	0	1	intogen2024	native_funmap	intogen_temporal_new__to__intogen2024	target
CLTC	0	1	intogen2024	native_funmap	intogen_temporal_new__to__intogen2024	target
TOP1	0	1	intogen2024	native_funmap	intogen_temporal_new__to__intogen2024	target
RRAGC	0	1	intogen2024	native_funmap	intogen_temporal_new__to__intogen2024	target
CDKN2C	0	1	intogen2024	native_funmap	intogen_temporal_new__to__intogen2024	target
TENT5C	0	1	intogen2024	native_funmap	intogen_temporal_new__to__intogen2024	target
SMARCA4	0	1	intogen2024	native_funmap	intogen_temporal_new__to__intogen2024	target
MEN1	0	1	intogen2024	native_funmap	intogen_temporal_new__to__intogen2024	target
CIC	0	1	intogen2024	native_funmap	intogen_temporal_new__to__intogen2024	target
MYH11	0	1	intogen2024	native_funmap	intogen_temporal_new__to__intogen2024	target
BRD7	0	1	intogen2024	native_funmap	intogen_temporal_new__to__intogen2024	target
EGR2	0	1	intogen2024	native_funmap	intogen_temporal_new__to__intogen2024	target
NUMA1	0	1	intogen2024	native_funmap	intogen_temporal_new__to__intogen2024	target
EIF1AX	0	1	intogen2024	native_funmap	intogen_temporal_new__to__intogen2024	target
SMARCD1	0	1	intogen2024	native_funmap	intogen_temporal_new__to__intogen2024	target
USP8	0	1	intogen2024	native_funmap	intogen_temporal_new__to__intogen2024	target
PIK3CB	0	1	intogen2024	native_funmap	intogen_temporal_new__to__intogen2024	target
ARAF	0	1	intogen2024	native_funmap	intogen_temporal_new__to__intogen2024	target
RB1	0	1	intogen2024	native_funmap	intogen_temporal_new__to__intogen2024	target
ASXL2	0	1	intogen2024	native_funmap	intogen_temporal_new__to__intogen2024	target
PRKD2	0	1	intogen2024	native_funmap	intogen_temporal_new__to__intogen2024	target
PIM1	0	1	intogen2024	native_funmap	intogen_temporal_new__to__intogen2024	target
AFAP1	0	0	intogen2024	native_funmap	intogen_temporal_new__to__intogen2024	background
ITGA9	0	0	intogen2024	native_funmap	intogen_temporal_new__to__intogen2024	background
CHD6	0	0	intogen2024	native_funmap	intogen_temporal_new__to__intogen2024	background
KDM4A	0	0	intogen2024	native_funmap	intogen_temporal_new__to__intogen2024	background
GPX8	0	0	intogen2024	native_funmap	intogen_temporal_new__to__intogen2024	background
H1-5	0	0	intogen2024	native_funmap	intogen_temporal_new__to__intogen2024	background
PPAT	0	0	intogen2024	native_funmap	intogen_temporal_new__to__intogen2024	background
MAGEC2	0	0	intogen2024	native_funmap	intogen_temporal_new__to__intogen2024	background
DNAJB1	0	0	intogen2024	native_funmap	intogen_temporal_new__to__intogen2024	background
MT-ND1	0	0	intogen2024	native_funmap	intogen_temporal_new__to__intogen2024	background
CSRP1	0	0	intogen2024	native_funmap	intogen_temporal_new__to__intogen2024	background
PXN	0	0	intogen2024	native_funmap	intogen_temporal_new__to__intogen2024	background
CMTM6	0	0	intogen2024	native_funmap	intogen_temporal_new__to__intogen2024	background
MYL1	0	0	intogen2024	native_funmap	intogen_temporal_new__to__intogen2024	background
LMAN2L	0	0	intogen2024	native_funmap	intogen_temporal_new__to__intogen2024	background
HAAO	0	0	intogen2024	native_funmap	intogen_temporal_new__to__intogen2024	background
IGHMBP2	0	0	intogen2024	native_funmap	intogen_temporal_new__to__intogen2024	background
POM121	0	0	intogen2024	native_funmap	intogen_temporal_new__to__intogen2024	background
CLEC11A	0	0	intogen2024	native_funmap	intogen_temporal_new__to__intogen2024	background
DOCK11	0	0	intogen2024	native_funmap	intogen_temporal_new__to__intogen2024	background
ADAM17	0	0	intogen2024	native_funmap	intogen_temporal_new__to__intogen2024	background
PLB1	0	0	intogen2024	native_funmap	intogen_temporal_new__to__intogen2024	background
BMS1	0	0	intogen2024	native_funmap	intogen_temporal_new__to__intogen2024	background
GDPD3	0	0	intogen2024	native_funmap	intogen_temporal_new__to__intogen2024	background
SRF	0	0	intogen2024	native_funmap	intogen_temporal_new__to__intogen2024	background
CAAP1	0	0	intogen2024	native_funmap	intogen_temporal_new__to__intogen2024	background
L1CAM	0	0	intogen2024	native_funmap	intogen_temporal_new__to__intogen2024	background
MGST3	0	0	intogen2024	native_funmap	intogen_temporal_new__to__intogen2024	background
TASP1	0	0	intogen2024	native_funmap	intogen_temporal_new__to__intogen2024	background
PIK3CD	0	0	intogen2024	native_funmap	intogen_temporal_new__to__intogen2024	background
TTC39B	0	0	intogen2024	native_funmap	intogen_temporal_new__to__intogen2024	background
GEMIN8	0	0	intogen2024	native_funmap	intogen_temporal_new__to__intogen2024	background
CCDC59	0	0	intogen2024	native_funmap	intogen_temporal_new__to__intogen2024	background
MSH6	0	0	intogen2024	native_funmap	intogen_temporal_new__to__intogen2024	background
TUBB8B	0	0	intogen2024	native_funmap	intogen_temporal_new__to__intogen2024	background
ZNF267	0	0	intogen2024	native_funmap	intogen_temporal_new__to__intogen2024	background
SLC38A1	0	0	intogen2024	native_funmap	intogen_temporal_new__to__intogen2024	background
SYF2	0	0	intogen2024	native_funmap	intogen_temporal_new__to__intogen2024	background
GAP43	0	0	intogen2024	native_funmap	intogen_temporal_new__to__intogen2024	background
GLT8D2	0	0	intogen2024	native_funmap	intogen_temporal_new__to__intogen2024	background
NMT2	0	0	intogen2024	native_funmap	intogen_temporal_new__to__intogen2024	background
QSOX1	0	0	intogen2024	native_funmap	intogen_temporal_new__to__intogen2024	background
LCA5	0	0	intogen2024	native_funmap	intogen_temporal_new__to__intogen2024	background
ABHD17A	0	0	intogen2024	native_funmap	intogen_temporal_new__to__intogen2024	background
BICD2	0	0	intogen2024	native_funmap	intogen_temporal_new__to__intogen2024	background
RGS1	0	0	intogen2024	native_funmap	intogen_temporal_new__to__intogen2024	background
CTBP1	0	0	intogen2024	native_funmap	intogen_temporal_new__to__intogen2024	background
CCL21	0	0	intogen2024	native_funmap	intogen_temporal_new__to__intogen2024	background
MTA3	0	0	intogen2024	native_funmap	intogen_temporal_new__to__intogen2024	background
RBBP8NL	0	0	intogen2024	native_funmap	intogen_temporal_new__to__intogen2024	background
ACSM2B	0	0	intogen2024	native_funmap	intogen_temporal_new__to__intogen2024	background
PHF5A	0	0	intogen2024	native_funmap	intogen_temporal_new__to__intogen2024	background
PTGR2	0	0	intogen2024	native_funmap	intogen_temporal_new__to__intogen2024	background
BPHL	0	0	intogen2024	native_funmap	intogen_temporal_new__to__intogen2024	background
DDA1	0	0	intogen2024	native_funmap	intogen_temporal_new__to__intogen2024	background
POLR2F	0	0	intogen2024	native_funmap	intogen_temporal_new__to__intogen2024	background
RIPK3	0	0	intogen2024	native_funmap	intogen_temporal_new__to__intogen2024	background
CLTA	0	0	intogen2024	native_funmap	intogen_temporal_new__to__intogen2024	background
SCN1A	0	0	intogen2024	native_funmap	intogen_temporal_new__to__intogen2024	background
RPL8	0	0	intogen2024	native_funmap	intogen_temporal_new__to__intogen2024	background
TPM1	0	0	intogen2024	native_funmap	intogen_temporal_new__to__intogen2024	background
PAPOLG	0	0	intogen2024	native_funmap	intogen_temporal_new__to__intogen2024	background
INO80	0	0	intogen2024	native_funmap	intogen_temporal_new__to__intogen2024	background
STAB2	0	0	intogen2024	native_funmap	intogen_temporal_new__to__intogen2024	background
CDC42EP3	0	0	intogen2024	native_funmap	intogen_temporal_new__to__intogen2024	background
EXOC5	0	0	intogen2024	native_funmap	intogen_temporal_new__to__intogen2024	background
ESPL1	0	0	intogen2024	native_funmap	intogen_temporal_new__to__intogen2024	background
BRF2	0	0	intogen2024	native_funmap	intogen_temporal_new__to__intogen2024	background
BRWD1	0	0	intogen2024	native_funmap	intogen_temporal_new__to__intogen2024	background
NUP188	0	0	intogen2024	native_funmap	intogen_temporal_new__to__intogen2024	background
CHST14	0	0	intogen2024	native_funmap	intogen_temporal_new__to__intogen2024	background
KDELR3	0	0	intogen2024	native_funmap	intogen_temporal_new__to__intogen2024	background
FBXW9	0	0	intogen2024	native_funmap	intogen_temporal_new__to__intogen2024	background
HLA-DRB1	0	0	intogen2024	native_funmap	intogen_temporal_new__to__intogen2024	background
CDA	0	0	intogen2024	native_funmap	intogen_temporal_new__to__intogen2024	background
ADHFE1	0	0	intogen2024	native_funmap	intogen_temporal_new__to__intogen2024	background
CABLES2	0	0	intogen2024	native_funmap	intogen_temporal_new__to__intogen2024	background
EPB41L3	0	0	intogen2024	native_funmap	intogen_temporal_new__to__intogen2024	background
WIZ	0	0	intogen2024	native_funmap	intogen_temporal_new__to__intogen2024	background
FAM160B1	0	0	intogen2024	native_funmap	intogen_temporal_new__to__intogen2024	background
CDC42SE1	0	0	intogen2024	native_funmap	intogen_temporal_new__to__intogen2024	background
ACVRL1	0	0	intogen2024	native_funmap	intogen_temporal_new__to__intogen2024	background
RSL1D1	0	0	intogen2024	native_funmap	intogen_temporal_new__to__intogen2024	background
ZNF611	0	0	intogen2024	native_funmap	intogen_temporal_new__to__intogen2024	background
WDR44	0	0	intogen2024	native_funmap	intogen_temporal_new__to__intogen2024	background
PEF1	0	0	intogen2024	native_funmap	intogen_temporal_new__to__intogen2024	background
PPP1R8	0	0	intogen2024	native_funmap	intogen_temporal_new__to__intogen2024	background
MRPL41	0	0	intogen2024	native_funmap	intogen_temporal_new__to__intogen2024	background
PDLIM1	0	0	intogen2024	native_funmap	intogen_temporal_new__to__intogen2024	background
CDH5	0	0	intogen2024	native_funmap	intogen_temporal_new__to__intogen2024	background
NAT8L	0	0	intogen2024	native_funmap	intogen_temporal_new__to__intogen2024	background
TTF1	0	0	intogen2024	native_funmap	intogen_temporal_new__to__intogen2024	background
HOMER3	0	0	intogen2024	native_funmap	intogen_temporal_new__to__intogen2024	background
TRAM2	0	0	intogen2024	native_funmap	intogen_temporal_new__to__intogen2024	background
SNX30	0	0	intogen2024	native_funmap	intogen_temporal_new__to__intogen2024	background
PUM1	0	0	intogen2024	native_funmap	intogen_temporal_new__to__intogen2024	background
ARF1	0	0	intogen2024	native_funmap	intogen_temporal_new__to__intogen2024	background
SBSPON	0	0	intogen2024	native_funmap	intogen_temporal_new__to__intogen2024	background
GTF2F1	0	0	intogen2024	native_funmap	intogen_temporal_new__to__intogen2024	background
DZIP3	0	0	intogen2024	native_funmap	intogen_temporal_new__to__intogen2024	background
ZNF513	0	0	intogen2024	native_funmap	intogen_temporal_new__to__intogen2024	background
IL13RA1	0	0	intogen2024	native_funmap	intogen_temporal_new__to__intogen2024	background
CDC40	0	0	intogen2024	native_funmap	intogen_temporal_new__to__intogen2024	background
TM6SF1	0	0	intogen2024	native_funmap	intogen_temporal_new__to__intogen2024	background
TPD52L1	0	0	intogen2024	native_funmap	intogen_temporal_new__to__intogen2024	background
IFI35	0	0	intogen2024	native_funmap	intogen_temporal_new__to__intogen2024	background
LCN2	0	0	intogen2024	native_funmap	intogen_temporal_new__to__intogen2024	background
ZCCHC24	0	0	intogen2024	native_funmap	intogen_temporal_new__to__intogen2024	background
HDDC3	0	0	intogen2024	native_funmap	intogen_temporal_new__to__intogen2024	background
EPM2AIP1	0	0	intogen2024	native_funmap	intogen_temporal_new__to__intogen2024	background
PSMC3IP	0	0	intogen2024	native_funmap	intogen_temporal_new__to__intogen2024	background
MEGF9	0	0	intogen2024	native_funmap	intogen_temporal_new__to__intogen2024	background
ARHGEF15	0	0	intogen2024	native_funmap	intogen_temporal_new__to__intogen2024	background
ZFP64	0	0	intogen2024	native_funmap	intogen_temporal_new__to__intogen2024	background
TEK	0	0	intogen2024	native_funmap	intogen_temporal_new__to__intogen2024	background
SFTPC	0	0	intogen2024	native_funmap	intogen_temporal_new__to__intogen2024	background
CSRP3	0	0	intogen2024	native_funmap	intogen_temporal_new__to__intogen2024	background
ZNF512	0	0	intogen2024	native_funmap	intogen_temporal_new__to__intogen2024	background
ATPAF2	0	0	intogen2024	native_funmap	intogen_temporal_new__to__intogen2024	background
ZNF74	0	0	intogen2024	native_funmap	intogen_temporal_new__to__intogen2024	background
SPRR4	0	0	intogen2024	native_funmap	intogen_temporal_new__to__intogen2024	background
PFDN4	0	0	intogen2024	native_funmap	intogen_temporal_new__to__intogen2024	background
RNF20	0	0	intogen2024	native_funmap	intogen_temporal_new__to__intogen2024	background
PRSS23	0	0	intogen2024	native_funmap	intogen_temporal_new__to__intogen2024	background
PLEKHO1	0	0	intogen2024	native_funmap	intogen_temporal_new__to__intogen2024	background
EPHX2	0	0	intogen2024	native_funmap	intogen_temporal_new__to__intogen2024	background
TSR2	0	0	intogen2024	native_funmap	intogen_temporal_new__to__intogen2024	background
SLU7	0	0	intogen2024	native_funmap	intogen_temporal_new__to__intogen2024	background
SPAG6	0	0	intogen2024	native_funmap	intogen_temporal_new__to__intogen2024	background
UAP1	0	0	intogen2024	native_funmap	intogen_temporal_new__to__intogen2024	background
TMEM120A	0	0	intogen2024	native_funmap	intogen_temporal_new__to__intogen2024	background
VDAC2	0	0	intogen2024	native_funmap	intogen_temporal_new__to__intogen2024	background
SSB	0	0	intogen2024	native_funmap	intogen_temporal_new__to__intogen2024	background
PSMD1	0	0	intogen2024	native_funmap	intogen_temporal_new__to__intogen2024	background
OSBPL5	0	0	intogen2024	native_funmap	intogen_temporal_new__to__intogen2024	background
SERPINB2	0	0	intogen2024	native_funmap	intogen_temporal_new__to__intogen2024	background
UTP25	0	0	intogen2024	native_funmap	intogen_temporal_new__to__intogen2024	background
SF3A1	0	0	intogen2024	native_funmap	intogen_temporal_new__to__intogen2024	background
PAMR1	0	0	intogen2024	native_funmap	intogen_temporal_new__to__intogen2024	background
SUPT6H	0	0	intogen2024	native_funmap	intogen_temporal_new__to__intogen2024	background
TUBA4A	0	0	intogen2024	native_funmap	intogen_temporal_new__to__intogen2024	background
RNF114	0	0	intogen2024	native_funmap	intogen_temporal_new__to__intogen2024	background
FFAR2	0	0	intogen2024	native_funmap	intogen_temporal_new__to__intogen2024	background
HPX	0	0	intogen2024	native_funmap	intogen_temporal_new__to__intogen2024	background
MEPCE	0	0	intogen2024	native_funmap	intogen_temporal_new__to__intogen2024	background
LACC1	0	0	intogen2024	native_funmap	intogen_temporal_new__to__intogen2024	background
LRRN4CL	0	0	intogen2024	native_funmap	intogen_temporal_new__to__intogen2024	background
ACAT2	0	0	intogen2024	native_funmap	intogen_temporal_new__to__intogen2024	background
FAM219B	0	0	intogen2024	native_funmap	intogen_temporal_new__to__intogen2024	background
JAM2	0	0	intogen2024	native_funmap	intogen_temporal_new__to__intogen2024	background
SQLE	0	0	intogen2024	native_funmap	intogen_temporal_new__to__intogen2024	background
PDRG1	0	0	intogen2024	native_funmap	intogen_temporal_new__to__intogen2024	background
JUP	0	0	intogen2024	native_funmap	intogen_temporal_new__to__intogen2024	background
CHKA	0	0	intogen2024	native_funmap	intogen_temporal_new__to__intogen2024	background
GIGYF2	0	0	intogen2024	native_funmap	intogen_temporal_new__to__intogen2024	background
FYN	0	0	intogen2024	native_funmap	intogen_temporal_new__to__intogen2024	background
RNF13	0	0	intogen2024	native_funmap	intogen_temporal_new__to__intogen2024	background
TOMM22	0	0	intogen2024	native_funmap	intogen_temporal_new__to__intogen2024	background
FOXO3B	0	0	intogen2024	native_funmap	intogen_temporal_new__to__intogen2024	background
ALOX12B	0	0	intogen2024	native_funmap	intogen_temporal_new__to__intogen2024	background
COBL	0	0	intogen2024	native_funmap	intogen_temporal_new__to__intogen2024	background
OTUD7B	0	0	intogen2024	native_funmap	intogen_temporal_new__to__intogen2024	background
RIF1	0	0	intogen2024	native_funmap	intogen_temporal_new__to__intogen2024	background
LYZ	0	0	intogen2024	native_funmap	intogen_temporal_new__to__intogen2024	background
ARID5A	0	0	intogen2024	native_funmap	intogen_temporal_new__to__intogen2024	background
CHMP3	0	0	intogen2024	native_funmap	intogen_temporal_new__to__intogen2024	background
ING5	0	0	intogen2024	native_funmap	intogen_temporal_new__to__intogen2024	background
ZNF544	0	0	intogen2024	native_funmap	intogen_temporal_new__to__intogen2024	background
DENND10	0	0	intogen2024	native_funmap	intogen_temporal_new__to__intogen2024	background
OTUB1	0	0	intogen2024	native_funmap	intogen_temporal_new__to__intogen2024	background
NACC2	0	0	intogen2024	native_funmap	intogen_temporal_new__to__intogen2024	background
APOBEC3G	0	0	intogen2024	native_funmap	intogen_temporal_new__to__intogen2024	background
ZG16B	0	0	intogen2024	native_funmap	intogen_temporal_new__to__intogen2024	background
DYNC2H1	0	0	intogen2024	native_funmap	intogen_temporal_new__to__intogen2024	background
TAF5	0	0	intogen2024	native_funmap	intogen_temporal_new__to__intogen2024	background
L3HYPDH	0	0	intogen2024	native_funmap	intogen_temporal_new__to__intogen2024	background
CALHM2	0	0	intogen2024	native_funmap	intogen_temporal_new__to__intogen2024	background
NOM1	0	0	intogen2024	native_funmap	intogen_temporal_new__to__intogen2024	background
ZADH2	0	0	intogen2024	native_funmap	intogen_temporal_new__to__intogen2024	background
TMTC1	0	0	intogen2024	native_funmap	intogen_temporal_new__to__intogen2024	background
TAF1	0	0	intogen2024	native_funmap	intogen_temporal_new__to__intogen2024	background
CHTOP	0	0	intogen2024	native_funmap	intogen_temporal_new__to__intogen2024	background
ACKR1	0	0	intogen2024	native_funmap	intogen_temporal_new__to__intogen2024	background
HNRNPF	0	0	intogen2024	native_funmap	intogen_temporal_new__to__intogen2024	background
SH3BP1	0	0	intogen2024	native_funmap	intogen_temporal_new__to__intogen2024	background
PABPN1	0	0	intogen2024	native_funmap	intogen_temporal_new__to__intogen2024	background
GNPTG	0	0	intogen2024	native_funmap	intogen_temporal_new__to__intogen2024	background
TIMM21	0	0	intogen2024	native_funmap	intogen_temporal_new__to__intogen2024	background
UQCC2	0	0	intogen2024	native_funmap	intogen_temporal_new__to__intogen2024	background
GASK1B	0	0	intogen2024	native_funmap	intogen_temporal_new__to__intogen2024	background
SERPINB1	0	0	intogen2024	native_funmap	intogen_temporal_new__to__intogen2024	background
CORO2B	0	0	intogen2024	native_funmap	intogen_temporal_new__to__intogen2024	background
TMCO1	0	0	intogen2024	native_funmap	intogen_temporal_new__to__intogen2024	background
DNAJB13	0	0	intogen2024	native_funmap	intogen_temporal_new__to__intogen2024	background
GALNT12	0	0	intogen2024	native_funmap	intogen_temporal_new__to__intogen2024	background
AMBP	0	0	intogen2024	native_funmap	intogen_temporal_new__to__intogen2024	background
LSS	0	0	intogen2024	native_funmap	intogen_temporal_new__to__intogen2024	background
PPFIBP1	0	0	intogen2024	native_funmap	intogen_temporal_new__to__intogen2024	background
FTL	0	0	intogen2024	native_funmap	intogen_temporal_new__to__intogen2024	background
SLC31A2	0	0	intogen2024	native_funmap	intogen_temporal_new__to__intogen2024	background
BRD4	1	1	intogen2024	native_funmap	intogen_temporal_new__to__intogen2024	target
FAS	1	1	intogen2024	native_funmap	intogen_temporal_new__to__intogen2024	target
CASP8	1	1	intogen2024	native_funmap	intogen_temporal_new__to__intogen2024	target
ERBB3	1	1	intogen2024	native_funmap	intogen_temporal_new__to__intogen2024	target
KIT	1	1	intogen2024	native_funmap	intogen_temporal_new__to__intogen2024	target
NPRL2	1	1	intogen2024	native_funmap	intogen_temporal_new__to__intogen2024	target
SOS1	1	1	intogen2024	native_funmap	intogen_temporal_new__to__intogen2024	target
RHOA	1	1	intogen2024	native_funmap	intogen_temporal_new__to__intogen2024	target
PABPC1	1	1	intogen2024	native_funmap	intogen_temporal_new__to__intogen2024	target
NSD2	1	1	intogen2024	native_funmap	intogen_temporal_new__to__intogen2024	target
PDGFRA	1	1	intogen2024	native_funmap	intogen_temporal_new__to__intogen2024	target
PTPN11	1	1	intogen2024	native_funmap	intogen_temporal_new__to__intogen2024	target
SGK1	1	1	intogen2024	native_funmap	intogen_temporal_new__to__intogen2024	target
SF3B1	1	1	intogen2024	native_funmap	intogen_temporal_new__to__intogen2024	target
PIK3R1	1	1	intogen2024	native_funmap	intogen_temporal_new__to__intogen2024	target
DHX9	1	1	intogen2024	native_funmap	intogen_temporal_new__to__intogen2024	target
SUSD2	1	1	intogen2024	native_funmap	intogen_temporal_new__to__intogen2024	target
RNF6	1	1	intogen2024	native_funmap	intogen_temporal_new__to__intogen2024	target
TNFRSF14	1	1	intogen2024	native_funmap	intogen_temporal_new__to__intogen2024	target
KIF5B	1	1	intogen2024	native_funmap	intogen_temporal_new__to__intogen2024	target
DAXX	1	1	intogen2024	native_funmap	intogen_temporal_new__to__intogen2024	target
PBRM1	1	1	intogen2024	native_funmap	intogen_temporal_new__to__intogen2024	target
CDH1	1	1	intogen2024	native_funmap	intogen_temporal_new__to__intogen2024	target
NKX2-1	1	1	intogen2024	native_funmap	intogen_temporal_new__to__intogen2024	target
ZNF521	1	1	intogen2024	native_funmap	intogen_temporal_new__to__intogen2024	target
RBM10	1	1	intogen2024	native_funmap	intogen_temporal_new__to__intogen2024	target
DGCR8	1	1	intogen2024	native_funmap	intogen_temporal_new__to__intogen2024	target
RRAS2	1	1	intogen2024	native_funmap	intogen_temporal_new__to__intogen2024	target
BCOR	1	1	intogen2024	native_funmap	intogen_temporal_new__to__intogen2024	target
TRIM33	1	1	intogen2024	native_funmap	intogen_temporal_new__to__intogen2024	target
XPO1	1	1	intogen2024	native_funmap	intogen_temporal_new__to__intogen2024	target
SMC1A	1	1	intogen2024	native_funmap	intogen_temporal_new__to__intogen2024	target
CLIP1	1	1	intogen2024	native_funmap	intogen_temporal_new__to__intogen2024	target
TFAP4	1	1	intogen2024	native_funmap	intogen_temporal_new__to__intogen2024	target
TRIP11	1	1	intogen2024	native_funmap	intogen_temporal_new__to__intogen2024	target
EWSR1	1	1	intogen2024	native_funmap	intogen_temporal_new__to__intogen2024	target
ARHGAP5	1	1	intogen2024	native_funmap	intogen_temporal_new__to__intogen2024	target
PDCD1LG2	1	1	intogen2024	native_funmap	intogen_temporal_new__to__intogen2024	target
FOXO1	1	1	intogen2024	native_funmap	intogen_temporal_new__to__intogen2024	target
KDM5A	1	1	intogen2024	native_funmap	intogen_temporal_new__to__intogen2024	target
TRRAP	1	1	intogen2024	native_funmap	intogen_temporal_new__to__intogen2024	target
CDKN1A	1	1	intogen2024	native_funmap	intogen_temporal_new__to__intogen2024	target
DDX3X	1	1	intogen2024	native_funmap	intogen_temporal_new__to__intogen2024	target
COL1A1	1	1	intogen2024	native_funmap	intogen_temporal_new__to__intogen2024	target
ZNF814	1	1	intogen2024	native_funmap	intogen_temporal_new__to__intogen2024	target
TRAF3	1	1	intogen2024	native_funmap	intogen_temporal_new__to__intogen2024	target
ZBTB7B	1	1	intogen2024	native_funmap	intogen_temporal_new__to__intogen2024	target
POLE	1	1	intogen2024	native_funmap	intogen_temporal_new__to__intogen2024	target
PSIP1	1	1	intogen2024	native_funmap	intogen_temporal_new__to__intogen2024	target
BRCA2	1	1	intogen2024	native_funmap	intogen_temporal_new__to__intogen2024	target
WAS	1	1	intogen2024	native_funmap	intogen_temporal_new__to__intogen2024	target
PARP4	1	1	intogen2024	native_funmap	intogen_temporal_new__to__intogen2024	target
HNF1A	1	1	intogen2024	native_funmap	intogen_temporal_new__to__intogen2024	target
KAT6B	1	1	intogen2024	native_funmap	intogen_temporal_new__to__intogen2024	target
DDX6	1	1	intogen2024	native_funmap	intogen_temporal_new__to__intogen2024	target
PPP3CA	1	1	intogen2024	native_funmap	intogen_temporal_new__to__intogen2024	target
STAT6	1	1	intogen2024	native_funmap	intogen_temporal_new__to__intogen2024	target
NFE2L2	1	1	intogen2024	native_funmap	intogen_temporal_new__to__intogen2024	target
PEG3	1	1	intogen2024	native_funmap	intogen_temporal_new__to__intogen2024	target
ZFP36L1	1	1	intogen2024	native_funmap	intogen_temporal_new__to__intogen2024	target
PRKAR1A	1	1	intogen2024	native_funmap	intogen_temporal_new__to__intogen2024	target
SETDB1	1	1	intogen2024	native_funmap	intogen_temporal_new__to__intogen2024	target
ESRRA	1	1	intogen2024	native_funmap	intogen_temporal_new__to__intogen2024	target
EP300	1	1	intogen2024	native_funmap	intogen_temporal_new__to__intogen2024	target
UBR5	1	1	intogen2024	native_funmap	intogen_temporal_new__to__intogen2024	target
ARHGEF10L	1	1	intogen2024	native_funmap	intogen_temporal_new__to__intogen2024	target
BCORL1	1	1	intogen2024	native_funmap	intogen_temporal_new__to__intogen2024	target
TNC	1	1	intogen2024	native_funmap	intogen_temporal_new__to__intogen2024	target
RBM15	1	1	intogen2024	native_funmap	intogen_temporal_new__to__intogen2024	target
RPL22	1	1	intogen2024	native_funmap	intogen_temporal_new__to__intogen2024	target
KRAS	1	1	intogen2024	native_funmap	intogen_temporal_new__to__intogen2024	target
NFKBIA	1	1	intogen2024	native_funmap	intogen_temporal_new__to__intogen2024	target
CD58	1	1	intogen2024	native_funmap	intogen_temporal_new__to__intogen2024	target
BIRC3	1	1	intogen2024	native_funmap	intogen_temporal_new__to__intogen2024	target
SUZ12	1	1	intogen2024	native_funmap	intogen_temporal_new__to__intogen2024	target
CCDC6	1	1	intogen2024	native_funmap	intogen_temporal_new__to__intogen2024	target
ATF7IP	1	1	intogen2024	native_funmap	intogen_temporal_new__to__intogen2024	target
ARID2	1	1	intogen2024	native_funmap	intogen_temporal_new__to__intogen2024	target
GATA2	1	1	intogen2024	native_funmap	intogen_temporal_new__to__intogen2024	target
FAT2	1	1	intogen2024	native_funmap	intogen_temporal_new__to__intogen2024	target
PREX2	1	1	intogen2024	native_funmap	intogen_temporal_new__to__intogen2024	target
DROSHA	1	1	intogen2024	native_funmap	intogen_temporal_new__to__intogen2024	target
CHD4	1	1	intogen2024	native_funmap	intogen_temporal_new__to__intogen2024	target
PRDM2	1	1	intogen2024	native_funmap	intogen_temporal_new__to__intogen2024	target
NSD1	1	1	intogen2024	native_funmap	intogen_temporal_new__to__intogen2024	target
CHD2	1	1	intogen2024	native_funmap	intogen_temporal_new__to__intogen2024	target
WNK2	1	1	intogen2024	native_funmap	intogen_temporal_new__to__intogen2024	target
PCMTD1	1	1	intogen2024	native_funmap	intogen_temporal_new__to__intogen2024	target
BIRC6	1	1	intogen2024	native_funmap	intogen_temporal_new__to__intogen2024	target
HSP90AA1	1	1	intogen2024	native_funmap	intogen_temporal_new__to__intogen2024	target
BCL9L	1	1	intogen2024	native_funmap	intogen_temporal_new__to__intogen2024	target
KMT2D	1	1	intogen2024	native_funmap	intogen_temporal_new__to__intogen2024	target
CDK12	1	1	intogen2024	native_funmap	intogen_temporal_new__to__intogen2024	target
ZFHX3	1	1	intogen2024	native_funmap	intogen_temporal_new__to__intogen2024	target
TOP2A	1	1	intogen2024	native_funmap	intogen_temporal_new__to__intogen2024	target
ZRSR2	1	1	intogen2024	native_funmap	intogen_temporal_new__to__intogen2024	target
CNOT9	1	1	intogen2024	native_funmap	intogen_temporal_new__to__intogen2024	target
MAP2K1	1	1	intogen2024	native_funmap	intogen_temporal_new__to__intogen2024	target
NUP214	1	1	intogen2024	native_funmap	intogen_temporal_new__to__intogen2024	target
ATR	1	1	intogen2024	native_funmap	intogen_temporal_new__to__intogen2024	target
ERCC2	1	1	intogen2024	native_funmap	intogen_temporal_new__to__intogen2024	target
FGD5	1	1	intogen2024	native_funmap	intogen_temporal_new__to__intogen2024	target
SOX17	1	1	intogen2024	native_funmap	intogen_temporal_new__to__intogen2024	target
KDM6A	1	1	intogen2024	native_funmap	intogen_temporal_new__to__intogen2024	target
KLHL6	1	1	intogen2024	native_funmap	intogen_temporal_new__to__intogen2024	target
FANCA	1	1	intogen2024	native_funmap	intogen_temporal_new__to__intogen2024	target
MGA	1	1	intogen2024	native_funmap	intogen_temporal_new__to__intogen2024	target
PTMA	1	1	intogen2024	native_funmap	intogen_temporal_new__to__intogen2024	target
ERG	1	1	intogen2024	native_funmap	intogen_temporal_new__to__intogen2024	target
MTOR	1	1	intogen2024	native_funmap	intogen_temporal_new__to__intogen2024	target
MARK2	1	1	intogen2024	native_funmap	intogen_temporal_new__to__intogen2024	target
FAM174B	1	1	intogen2024	native_funmap	intogen_temporal_new__to__intogen2024	target
CREBBP	1	1	intogen2024	native_funmap	intogen_temporal_new__to__intogen2024	target
MAP2K7	1	1	intogen2024	native_funmap	intogen_temporal_new__to__intogen2024	target
ELN	1	1	intogen2024	native_funmap	intogen_temporal_new__to__intogen2024	target
TGFBR2	1	1	intogen2024	native_funmap	intogen_temporal_new__to__intogen2024	target
PTPRB	1	1	intogen2024	native_funmap	intogen_temporal_new__to__intogen2024	target
FUBP1	1	1	intogen2024	native_funmap	intogen_temporal_new__to__intogen2024	target
STAT3	1	1	intogen2024	native_funmap	intogen_temporal_new__to__intogen2024	target
ARID1A	1	1	intogen2024	native_funmap	intogen_temporal_new__to__intogen2024	target
MB21D2	1	1	intogen2024	native_funmap	intogen_temporal_new__to__intogen2024	target
EIF3E	1	1	intogen2024	native_funmap	intogen_temporal_new__to__intogen2024	target
JAK1	1	1	intogen2024	native_funmap	intogen_temporal_new__to__intogen2024	target
SMAD2	1	1	intogen2024	native_funmap	intogen_temporal_new__to__intogen2024	target
HNRNPA2B1	1	1	intogen2024	native_funmap	intogen_temporal_new__to__intogen2024	target
SIX1	1	1	intogen2024	native_funmap	intogen_temporal_new__to__intogen2024	target
RPS3A	1	1	intogen2024	native_funmap	intogen_temporal_new__to__intogen2024	target
TET1	1	1	intogen2024	native_funmap	intogen_temporal_new__to__intogen2024	target
TRIM24	1	1	intogen2024	native_funmap	intogen_temporal_new__to__intogen2024	target
ETV6	1	1	intogen2024	native_funmap	intogen_temporal_new__to__intogen2024	target
RASA1	1	1	intogen2024	native_funmap	intogen_temporal_new__to__intogen2024	target
KLF5	1	1	intogen2024	native_funmap	intogen_temporal_new__to__intogen2024	target
RECQL4	1	1	intogen2024	native_funmap	intogen_temporal_new__to__intogen2024	target
RASA2	1	1	intogen2024	native_funmap	intogen_temporal_new__to__intogen2024	target
CRTC1	1	1	intogen2024	native_funmap	intogen_temporal_new__to__intogen2024	target
GMPS	1	1	intogen2024	native_funmap	intogen_temporal_new__to__intogen2024	target
DOT1L	1	1	intogen2024	native_funmap	intogen_temporal_new__to__intogen2024	target
ESR1	1	1	intogen2024	native_funmap	intogen_temporal_new__to__intogen2024	target
PLCG1	1	1	intogen2024	native_funmap	intogen_temporal_new__to__intogen2024	target
NOTCH1	1	1	intogen2024	native_funmap	intogen_temporal_new__to__intogen2024	target
RELA	1	1	intogen2024	native_funmap	intogen_temporal_new__to__intogen2024	target
NTRK3	1	1	intogen2024	native_funmap	intogen_temporal_new__to__intogen2024	target
PMS2	1	1	intogen2024	native_funmap	intogen_temporal_new__to__intogen2024	target
MSI2	1	1	intogen2024	native_funmap	intogen_temporal_new__to__intogen2024	target
NCOR1	1	1	intogen2024	native_funmap	intogen_temporal_new__to__intogen2024	target
NPM1	1	1	intogen2024	native_funmap	intogen_temporal_new__to__intogen2024	target
ABL1	1	1	intogen2024	native_funmap	intogen_temporal_new__to__intogen2024	target
SIRPA	1	1	intogen2024	native_funmap	intogen_temporal_new__to__intogen2024	target
POLD1	1	1	intogen2024	native_funmap	intogen_temporal_new__to__intogen2024	target
RPS6KA3	1	1	intogen2024	native_funmap	intogen_temporal_new__to__intogen2024	target
TP53	1	1	intogen2024	native_funmap	intogen_temporal_new__to__intogen2024	target
CYLD	1	1	intogen2024	native_funmap	intogen_temporal_new__to__intogen2024	target
ZEB1	1	1	intogen2024	native_funmap	intogen_temporal_new__to__intogen2024	target
FLCN	1	1	intogen2024	native_funmap	intogen_temporal_new__to__intogen2024	target
SMARCB1	1	1	intogen2024	native_funmap	intogen_temporal_new__to__intogen2024	target
NCOR2	1	1	intogen2024	native_funmap	intogen_temporal_new__to__intogen2024	target
LDB1	1	1	intogen2024	native_funmap	intogen_temporal_new__to__intogen2024	target
PTEN	1	1	intogen2024	native_funmap	intogen_temporal_new__to__intogen2024	target
RAF1	1	1	intogen2024	native_funmap	intogen_temporal_new__to__intogen2024	target
HGF	1	1	intogen2024	native_funmap	intogen_temporal_new__to__intogen2024	target
ATRX	1	1	intogen2024	native_funmap	intogen_temporal_new__to__intogen2024	target
POT1	1	1	intogen2024	native_funmap	intogen_temporal_new__to__intogen2024	target
CARD11	1	1	intogen2024	native_funmap	intogen_temporal_new__to__intogen2024	target
IRAK1	1	1	intogen2024	native_funmap	intogen_temporal_new__to__intogen2024	target
TCF4	1	1	intogen2024	native_funmap	intogen_temporal_new__to__intogen2024	target
AKT3	1	1	intogen2024	native_funmap	intogen_temporal_new__to__intogen2024	target
NFATC2	1	1	intogen2024	native_funmap	intogen_temporal_new__to__intogen2024	target
PIK3CA	1	1	intogen2024	native_funmap	intogen_temporal_new__to__intogen2024	target
PPP2R1A	1	1	intogen2024	native_funmap	intogen_temporal_new__to__intogen2024	target
PTPRC	1	1	intogen2024	native_funmap	intogen_temporal_new__to__intogen2024	target
PTPN6	1	1	intogen2024	native_funmap	intogen_temporal_new__to__intogen2024	target
RIPK1	1	1	intogen2024	native_funmap	intogen_temporal_new__to__intogen2024	target
CUL3	1	1	intogen2024	native_funmap	intogen_temporal_new__to__intogen2024	target
TBL1XR1	1	1	intogen2024	native_funmap	intogen_temporal_new__to__intogen2024	target
MYH9	1	1	intogen2024	native_funmap	intogen_temporal_new__to__intogen2024	target
CXCR4	1	1	intogen2024	native_funmap	intogen_temporal_new__to__intogen2024	target
BCL7A	1	1	intogen2024	native_funmap	intogen_temporal_new__to__intogen2024	target
TGIF1	1	1	intogen2024	native_funmap	intogen_temporal_new__to__intogen2024	target
ELL	1	1	intogen2024	native_funmap	intogen_temporal_new__to__intogen2024	target
NIPBL	1	1	intogen2024	native_funmap	intogen_temporal_new__to__intogen2024	target
FAT4	1	1	intogen2024	native_funmap	intogen_temporal_new__to__intogen2024	target
EZH2	1	1	intogen2024	native_funmap	intogen_temporal_new__to__intogen2024	target
CTCF	1	1	intogen2024	native_funmap	intogen_temporal_new__to__intogen2024	target
HIP1	1	1	intogen2024	native_funmap	intogen_temporal_new__to__intogen2024	target
CBFB	1	1	intogen2024	native_funmap	intogen_temporal_new__to__intogen2024	target
SETD1B	1	1	intogen2024	native_funmap	intogen_temporal_new__to__intogen2024	target
JAK3	1	1	intogen2024	native_funmap	intogen_temporal_new__to__intogen2024	target
ZNF93	1	1	intogen2024	native_funmap	intogen_temporal_new__to__intogen2024	target
ELF3	1	1	intogen2024	native_funmap	intogen_temporal_new__to__intogen2024	target
KDM3B	1	1	intogen2024	native_funmap	intogen_temporal_new__to__intogen2024	target
KDR	1	1	intogen2024	native_funmap	intogen_temporal_new__to__intogen2024	target
ARID1B	1	1	intogen2024	native_funmap	intogen_temporal_new__to__intogen2024	target
PRDM1	1	1	intogen2024	native_funmap	intogen_temporal_new__to__intogen2024	target
BCL10	1	1	intogen2024	native_funmap	intogen_temporal_new__to__intogen2024	target
CDH11	1	1	intogen2024	native_funmap	intogen_temporal_new__to__intogen2024	target
NT5C3A	1	1	intogen2024	native_funmap	intogen_temporal_new__to__intogen2024	target
TCF7L2	1	1	intogen2024	native_funmap	intogen_temporal_new__to__intogen2024	target
FOXO3	1	1	intogen2024	native_funmap	intogen_temporal_new__to__intogen2024	target
RNF213	1	1	intogen2024	native_funmap	intogen_temporal_new__to__intogen2024	target
EPS15	1	1	intogen2024	native_funmap	intogen_temporal_new__to__intogen2024	target
FHIT	1	1	intogen2024	native_funmap	intogen_temporal_new__to__intogen2024	target
IKZF1	1	1	intogen2024	native_funmap	intogen_temporal_new__to__intogen2024	target
ARHGEF10	1	1	intogen2024	native_funmap	intogen_temporal_new__to__intogen2024	target
KLF4	1	1	intogen2024	native_funmap	intogen_temporal_new__to__intogen2024	target
IDH2	1	1	intogen2024	native_funmap	intogen_temporal_new__to__intogen2024	target
LATS2	1	1	intogen2024	native_funmap	intogen_temporal_new__to__intogen2024	target
DNMT3A	1	1	intogen2024	native_funmap	intogen_temporal_new__to__intogen2024	target
GNAQ	1	1	intogen2024	native_funmap	intogen_temporal_new__to__intogen2024	target
IRF1	1	1	intogen2024	native_funmap	intogen_temporal_new__to__intogen2024	target
ING1	1	1	intogen2024	native_funmap	intogen_temporal_new__to__intogen2024	target
CDC73	1	1	intogen2024	native_funmap	intogen_temporal_new__to__intogen2024	target
SH2B3	1	1	intogen2024	native_funmap	intogen_temporal_new__to__intogen2024	target
IL7R	1	1	intogen2024	native_funmap	intogen_temporal_new__to__intogen2024	target
IKZF3	1	1	intogen2024	native_funmap	intogen_temporal_new__to__intogen2024	target
MALT1	1	1	intogen2024	native_funmap	intogen_temporal_new__to__intogen2024	target
ARHGAP35	1	1	intogen2024	native_funmap	intogen_temporal_new__to__intogen2024	target
PHF6	1	1	intogen2024	native_funmap	intogen_temporal_new__to__intogen2024	target
H3-3A	1	1	intogen2024	native_funmap	intogen_temporal_new__to__intogen2024	target
GNAS	1	1	intogen2024	native_funmap	intogen_temporal_new__to__intogen2024	target
VHL	1	1	intogen2024	native_funmap	intogen_temporal_new__to__intogen2024	target
IRF4	1	1	intogen2024	native_funmap	intogen_temporal_new__to__intogen2024	target
HLA-A	1	1	intogen2024	native_funmap	intogen_temporal_new__to__intogen2024	target
ATM	1	1	intogen2024	native_funmap	intogen_temporal_new__to__intogen2024	target
LATS1	1	1	intogen2024	native_funmap	intogen_temporal_new__to__intogen2024	target
DICER1	1	1	intogen2024	native_funmap	intogen_temporal_new__to__intogen2024	target
EBF1	1	1	intogen2024	native_funmap	intogen_temporal_new__to__intogen2024	target
MSN	1	1	intogen2024	native_funmap	intogen_temporal_new__to__intogen2024	target
BRCA1	1	1	intogen2024	native_funmap	intogen_temporal_new__to__intogen2024	target
TBX3	1	1	intogen2024	native_funmap	intogen_temporal_new__to__intogen2024	target
ERCC3	1	1	intogen2024	native_funmap	intogen_temporal_new__to__intogen2024	target
DIS3	1	1	intogen2024	native_funmap	intogen_temporal_new__to__intogen2024	target
RAC1	1	1	intogen2024	native_funmap	intogen_temporal_new__to__intogen2024	target
CBL	1	1	intogen2024	native_funmap	intogen_temporal_new__to__intogen2024	target
U2AF2	1	1	intogen2024	native_funmap	intogen_temporal_new__to__intogen2024	target
LZTR1	1	1	intogen2024	native_funmap	intogen_temporal_new__to__intogen2024	target
ZNF780A	1	1	intogen2024	native_funmap	intogen_temporal_new__to__intogen2024	target
HLA-B	1	1	intogen2024	native_funmap	intogen_temporal_new__to__intogen2024	target
SETD2	1	1	intogen2024	native_funmap	intogen_temporal_new__to__intogen2024	target
STAG2	1	1	intogen2024	native_funmap	intogen_temporal_new__to__intogen2024	target
NF2	1	1	intogen2024	native_funmap	intogen_temporal_new__to__intogen2024	target
NFKBIE	1	1	intogen2024	native_funmap	intogen_temporal_new__to__intogen2024	target
BCR	1	1	intogen2024	native_funmap	intogen_temporal_new__to__intogen2024	target
ZCRB1	1	1	intogen2024	native_funmap	intogen_temporal_new__to__intogen2024	target
CMTR2	1	1	intogen2024	native_funmap	intogen_temporal_new__to__intogen2024	target
IKBKB	1	1	intogen2024	native_funmap	intogen_temporal_new__to__intogen2024	target
ERBB2	1	1	intogen2024	native_funmap	intogen_temporal_new__to__intogen2024	target
FBXO11	1	1	intogen2024	native_funmap	intogen_temporal_new__to__intogen2024	target
CNOT3	1	1	intogen2024	native_funmap	intogen_temporal_new__to__intogen2024	target
NF1	1	1	intogen2024	native_funmap	intogen_temporal_new__to__intogen2024	target
AMER1	1	1	intogen2024	native_funmap	intogen_temporal_new__to__intogen2024	target
POLQ	1	1	intogen2024	native_funmap	intogen_temporal_new__to__intogen2024	target
AJUBA	1	1	intogen2024	native_funmap	intogen_temporal_new__to__intogen2024	target
PML	1	1	intogen2024	native_funmap	intogen_temporal_new__to__intogen2024	target
MYO5A	1	1	intogen2024	native_funmap	intogen_temporal_new__to__intogen2024	target
CUX1	1	1	intogen2024	native_funmap	intogen_temporal_new__to__intogen2024	target
TSC2	1	1	intogen2024	native_funmap	intogen_temporal_new__to__intogen2024	target
CASZ1	1	1	intogen2024	native_funmap	intogen_temporal_new__to__intogen2024	target
IDH1	1	1	intogen2024	native_funmap	intogen_temporal_new__to__intogen2024	target
SRSF2	1	1	intogen2024	native_funmap	intogen_temporal_new__to__intogen2024	target
BTK	1	1	intogen2024	native_funmap	intogen_temporal_new__to__intogen2024	target
ASXL1	1	1	intogen2024	native_funmap	intogen_temporal_new__to__intogen2024	target
JAK2	1	1	intogen2024	native_funmap	intogen_temporal_new__to__intogen2024	target
STK11	1	1	intogen2024	native_funmap	intogen_temporal_new__to__intogen2024	target
BCL9	1	1	intogen2024	native_funmap	intogen_temporal_new__to__intogen2024	target
PPP6C	1	1	intogen2024	native_funmap	intogen_temporal_new__to__intogen2024	target
TSC1	1	1	intogen2024	native_funmap	intogen_temporal_new__to__intogen2024	target
EGFR	1	1	intogen2024	native_funmap	intogen_temporal_new__to__intogen2024	target
FBN2	1	1	intogen2024	native_funmap	intogen_temporal_new__to__intogen2024	target
SPEN	1	1	intogen2024	native_funmap	intogen_temporal_new__to__intogen2024	target
AXIN1	1	1	intogen2024	native_funmap	intogen_temporal_new__to__intogen2024	target
RXRA	1	1	intogen2024	native_funmap	intogen_temporal_new__to__intogen2024	target
RUNX1T1	1	1	intogen2024	native_funmap	intogen_temporal_new__to__intogen2024	target
NCOA1	1	1	intogen2024	native_funmap	intogen_temporal_new__to__intogen2024	target
PDGFRB	1	1	intogen2024	native_funmap	intogen_temporal_new__to__intogen2024	target
ATG7	1	1	intogen2024	native_funmap	intogen_temporal_new__to__intogen2024	target
NRAS	1	1	intogen2024	native_funmap	intogen_temporal_new__to__intogen2024	target
BCLAF1	1	1	intogen2024	native_funmap	intogen_temporal_new__to__intogen2024	target
NXF1	1	1	intogen2024	native_funmap	intogen_temporal_new__to__intogen2024	target
GNA11	1	1	intogen2024	native_funmap	intogen_temporal_new__to__intogen2024	target
KMT2C	1	1	intogen2024	native_funmap	intogen_temporal_new__to__intogen2024	target
MAP2K4	1	1	intogen2024	native_funmap	intogen_temporal_new__to__intogen2024	target
BMPR1A	1	1	intogen2024	native_funmap	intogen_temporal_new__to__intogen2024	target
MAPK1	1	1	intogen2024	native_funmap	intogen_temporal_new__to__intogen2024	target
NCOA2	1	1	intogen2024	native_funmap	intogen_temporal_new__to__intogen2024	target
UBE2A	1	1	intogen2024	native_funmap	intogen_temporal_new__to__intogen2024	target
RBM39	1	1	intogen2024	native_funmap	intogen_temporal_new__to__intogen2024	target
NFKB2	1	1	intogen2024	native_funmap	intogen_temporal_new__to__intogen2024	target
ARHGEF12	1	1	intogen2024	native_funmap	intogen_temporal_new__to__intogen2024	target
EPHA2	1	1	intogen2024	native_funmap	intogen_temporal_new__to__intogen2024	target
GNA13	1	1	intogen2024	native_funmap	intogen_temporal_new__to__intogen2024	target
USP9X	1	1	intogen2024	native_funmap	intogen_temporal_new__to__intogen2024	target
MDM2	1	1	intogen2024	native_funmap	intogen_temporal_new__to__intogen2024	target
NKTR	1	1	intogen2024	native_funmap	intogen_temporal_new__to__intogen2024	target
GNAI2	1	1	intogen2024	native_funmap	intogen_temporal_new__to__intogen2024	target
AKT1	1	1	intogen2024	native_funmap	intogen_temporal_new__to__intogen2024	target
FLT4	1	1	intogen2024	native_funmap	intogen_temporal_new__to__intogen2024	target
HSP90AB1	1	1	intogen2024	native_funmap	intogen_temporal_new__to__intogen2024	target
KEAP1	1	1	intogen2024	native_funmap	intogen_temporal_new__to__intogen2024	target
SIN3A	1	1	intogen2024	native_funmap	intogen_temporal_new__to__intogen2024	target
EPHA3	1	1	intogen2024	native_funmap	intogen_temporal_new__to__intogen2024	target
MLLT1	1	1	intogen2024	native_funmap	intogen_temporal_new__to__intogen2024	target
TNFAIP3	1	1	intogen2024	native_funmap	intogen_temporal_new__to__intogen2024	target
PCBP1	1	1	intogen2024	native_funmap	intogen_temporal_new__to__intogen2024	target
MYC	1	1	intogen2024	native_funmap	intogen_temporal_new__to__intogen2024	target
GTF2I	1	1	intogen2024	native_funmap	intogen_temporal_new__to__intogen2024	target
TP63	1	1	intogen2024	native_funmap	intogen_temporal_new__to__intogen2024	target
KDM5C	1	1	intogen2024	native_funmap	intogen_temporal_new__to__intogen2024	target
MYD88	1	1	intogen2024	native_funmap	intogen_temporal_new__to__intogen2024	target
PRKCD	1	1	intogen2024	native_funmap	intogen_temporal_new__to__intogen2024	target
MAX	1	1	intogen2024	native_funmap	intogen_temporal_new__to__intogen2024	target
RAP1GDS1	1	1	intogen2024	native_funmap	intogen_temporal_new__to__intogen2024	target
ELF4	1	1	intogen2024	native_funmap	intogen_temporal_new__to__intogen2024	target
ZBTB16	1	1	intogen2024	native_funmap	intogen_temporal_new__to__intogen2024	target
RPL10	1	1	intogen2024	native_funmap	intogen_temporal_new__to__intogen2024	target
POU2F2	1	1	intogen2024	native_funmap	intogen_temporal_new__to__intogen2024	target
VAV1	1	1	intogen2024	native_funmap	intogen_temporal_new__to__intogen2024	target
KMT2B	1	1	intogen2024	native_funmap	intogen_temporal_new__to__intogen2024	target
RAD21	1	1	intogen2024	native_funmap	intogen_temporal_new__to__intogen2024	target
HSPG2	1	1	intogen2024	native_funmap	intogen_temporal_new__to__intogen2024	target
DDB2	1	1	intogen2024	native_funmap	intogen_temporal_new__to__intogen2024	target
MED12	1	1	intogen2024	native_funmap	intogen_temporal_new__to__intogen2024	target
SP140	1	1	intogen2024	native_funmap	intogen_temporal_new__to__intogen2024	target
RANBP2	1	1	intogen2024	native_funmap	intogen_temporal_new__to__intogen2024	target
TAF15	1	1	intogen2024	native_funmap	intogen_temporal_new__to__intogen2024	target
CHEK2	1	1	intogen2024	native_funmap	intogen_temporal_new__to__intogen2024	target
IL6ST	1	1	intogen2024	native_funmap	intogen_temporal_new__to__intogen2024	target
GATA3	1	1	intogen2024	native_funmap	intogen_temporal_new__to__intogen2024	target
ACSL3	1	1	intogen2024	native_funmap	intogen_temporal_new__to__intogen2024	target
PRKCB	1	1	intogen2024	native_funmap	intogen_temporal_new__to__intogen2024	target
TFG	1	1	intogen2024	native_funmap	intogen_temporal_new__to__intogen2024	target
QKI	1	1	intogen2024	native_funmap	intogen_temporal_new__to__intogen2024	target
EFTUD2	1	1	intogen2024	native_funmap	intogen_temporal_new__to__intogen2024	target
CTNNB1	1	1	intogen2024	native_funmap	intogen_temporal_new__to__intogen2024	target
SMAD4	1	1	intogen2024	native_funmap	intogen_temporal_new__to__intogen2024	target
KMT2A	1	1	intogen2024	native_funmap	intogen_temporal_new__to__intogen2024	target
ZBTB20	1	1	intogen2024	native_funmap	intogen_temporal_new__to__intogen2024	target
CLTC	1	1	intogen2024	native_funmap	intogen_temporal_new__to__intogen2024	target
TOP1	1	1	intogen2024	native_funmap	intogen_temporal_new__to__intogen2024	target
RRAGC	1	1	intogen2024	native_funmap	intogen_temporal_new__to__intogen2024	target
CDKN2C	1	1	intogen2024	native_funmap	intogen_temporal_new__to__intogen2024	target
TENT5C	1	1	intogen2024	native_funmap	intogen_temporal_new__to__intogen2024	target
SMARCA4	1	1	intogen2024	native_funmap	intogen_temporal_new__to__intogen2024	target
MEN1	1	1	intogen2024	native_funmap	intogen_temporal_new__to__intogen2024	target
CIC	1	1	intogen2024	native_funmap	intogen_temporal_new__to__intogen2024	target
MYH11	1	1	intogen2024	native_funmap	intogen_temporal_new__to__intogen2024	target
BRD7	1	1	intogen2024	native_funmap	intogen_temporal_new__to__intogen2024	target
EGR2	1	1	intogen2024	native_funmap	intogen_temporal_new__to__intogen2024	target
NUMA1	1	1	intogen2024	native_funmap	intogen_temporal_new__to__intogen2024	target
EIF1AX	1	1	intogen2024	native_funmap	intogen_temporal_new__to__intogen2024	target
SMARCD1	1	1	intogen2024	native_funmap	intogen_temporal_new__to__intogen2024	target
USP8	1	1	intogen2024	native_funmap	intogen_temporal_new__to__intogen2024	target
PIK3CB	1	1	intogen2024	native_funmap	intogen_temporal_new__to__intogen2024	target
ARAF	1	1	intogen2024	native_funmap	intogen_temporal_new__to__intogen2024	target
RB1	1	1	intogen2024	native_funmap	intogen_temporal_new__to__intogen2024	target
ASXL2	1	1	intogen2024	native_funmap	intogen_temporal_new__to__intogen2024	target
PRKD2	1	1	intogen2024	native_funmap	intogen_temporal_new__to__intogen2024	target
PIM1	1	1	intogen2024	native_funmap	intogen_temporal_new__to__intogen2024	target
TRIM23	1	0	intogen2024	native_funmap	intogen_temporal_new__to__intogen2024	background
MRPL49	1	0	intogen2024	native_funmap	intogen_temporal_new__to__intogen2024	background
HMG20A	1	0	intogen2024	native_funmap	intogen_temporal_new__to__intogen2024	background
SESTD1	1	0	intogen2024	native_funmap	intogen_temporal_new__to__intogen2024	background
NFIA	1	0	intogen2024	native_funmap	intogen_temporal_new__to__intogen2024	background
MRPS12	1	0	intogen2024	native_funmap	intogen_temporal_new__to__intogen2024	background
C1S	1	0	intogen2024	native_funmap	intogen_temporal_new__to__intogen2024	background
HOPX	1	0	intogen2024	native_funmap	intogen_temporal_new__to__intogen2024	background
GGH	1	0	intogen2024	native_funmap	intogen_temporal_new__to__intogen2024	background
NME5	1	0	intogen2024	native_funmap	intogen_temporal_new__to__intogen2024	background
ACADM	1	0	intogen2024	native_funmap	intogen_temporal_new__to__intogen2024	background
GGT6	1	0	intogen2024	native_funmap	intogen_temporal_new__to__intogen2024	background
EIF4A3	1	0	intogen2024	native_funmap	intogen_temporal_new__to__intogen2024	background
RPP14	1	0	intogen2024	native_funmap	intogen_temporal_new__to__intogen2024	background
CALML4	1	0	intogen2024	native_funmap	intogen_temporal_new__to__intogen2024	background
PTGR1	1	0	intogen2024	native_funmap	intogen_temporal_new__to__intogen2024	background
CHST11	1	0	intogen2024	native_funmap	intogen_temporal_new__to__intogen2024	background
BOP1	1	0	intogen2024	native_funmap	intogen_temporal_new__to__intogen2024	background
TBC1D10B	1	0	intogen2024	native_funmap	intogen_temporal_new__to__intogen2024	background
ASCC2	1	0	intogen2024	native_funmap	intogen_temporal_new__to__intogen2024	background
NUB1	1	0	intogen2024	native_funmap	intogen_temporal_new__to__intogen2024	background
C12orf10	1	0	intogen2024	native_funmap	intogen_temporal_new__to__intogen2024	background
ASAP1	1	0	intogen2024	native_funmap	intogen_temporal_new__to__intogen2024	background
USP22	1	0	intogen2024	native_funmap	intogen_temporal_new__to__intogen2024	background
OSTC	1	0	intogen2024	native_funmap	intogen_temporal_new__to__intogen2024	background
LAMP1	1	0	intogen2024	native_funmap	intogen_temporal_new__to__intogen2024	background
FZD3	1	0	intogen2024	native_funmap	intogen_temporal_new__to__intogen2024	background
SDS	1	0	intogen2024	native_funmap	intogen_temporal_new__to__intogen2024	background
MYBPC1	1	0	intogen2024	native_funmap	intogen_temporal_new__to__intogen2024	background
STX17	1	0	intogen2024	native_funmap	intogen_temporal_new__to__intogen2024	background
TMEM263	1	0	intogen2024	native_funmap	intogen_temporal_new__to__intogen2024	background
HMGCS1	1	0	intogen2024	native_funmap	intogen_temporal_new__to__intogen2024	background
ZNF746	1	0	intogen2024	native_funmap	intogen_temporal_new__to__intogen2024	background
TMEM35A	1	0	intogen2024	native_funmap	intogen_temporal_new__to__intogen2024	background
GPR137B	1	0	intogen2024	native_funmap	intogen_temporal_new__to__intogen2024	background
MFSD11	1	0	intogen2024	native_funmap	intogen_temporal_new__to__intogen2024	background
TRIM28	1	0	intogen2024	native_funmap	intogen_temporal_new__to__intogen2024	background
EPS8L1	1	0	intogen2024	native_funmap	intogen_temporal_new__to__intogen2024	background
FHOD1	1	0	intogen2024	native_funmap	intogen_temporal_new__to__intogen2024	background
AOC3	1	0	intogen2024	native_funmap	intogen_temporal_new__to__intogen2024	background
MAFB	1	0	intogen2024	native_funmap	intogen_temporal_new__to__intogen2024	background
TMEM242	1	0	intogen2024	native_funmap	intogen_temporal_new__to__intogen2024	background
FARP1	1	0	intogen2024	native_funmap	intogen_temporal_new__to__intogen2024	background
TRIM37	1	0	intogen2024	native_funmap	intogen_temporal_new__to__intogen2024	background
SLC25A1	1	0	intogen2024	native_funmap	intogen_temporal_new__to__intogen2024	background
ATIC	1	0	intogen2024	native_funmap	intogen_temporal_new__to__intogen2024	background
ALDH1A1	1	0	intogen2024	native_funmap	intogen_temporal_new__to__intogen2024	background
POF1B	1	0	intogen2024	native_funmap	intogen_temporal_new__to__intogen2024	background
RCC1	1	0	intogen2024	native_funmap	intogen_temporal_new__to__intogen2024	background
PYGO2	1	0	intogen2024	native_funmap	intogen_temporal_new__to__intogen2024	background
AAR2	1	0	intogen2024	native_funmap	intogen_temporal_new__to__intogen2024	background
BCL3	1	0	intogen2024	native_funmap	intogen_temporal_new__to__intogen2024	background
RSPH3	1	0	intogen2024	native_funmap	intogen_temporal_new__to__intogen2024	background
NBEAL2	1	0	intogen2024	native_funmap	intogen_temporal_new__to__intogen2024	background
USP37	1	0	intogen2024	native_funmap	intogen_temporal_new__to__intogen2024	background
S100A16	1	0	intogen2024	native_funmap	intogen_temporal_new__to__intogen2024	background
ACACA	1	0	intogen2024	native_funmap	intogen_temporal_new__to__intogen2024	background
PNISR	1	0	intogen2024	native_funmap	intogen_temporal_new__to__intogen2024	background
CAPS	1	0	intogen2024	native_funmap	intogen_temporal_new__to__intogen2024	background
POFUT2	1	0	intogen2024	native_funmap	intogen_temporal_new__to__intogen2024	background
NSMCE2	1	0	intogen2024	native_funmap	intogen_temporal_new__to__intogen2024	background
BTAF1	1	0	intogen2024	native_funmap	intogen_temporal_new__to__intogen2024	background
ARHGEF1	1	0	intogen2024	native_funmap	intogen_temporal_new__to__intogen2024	background
ADSL	1	0	intogen2024	native_funmap	intogen_temporal_new__to__intogen2024	background
MRPL58	1	0	intogen2024	native_funmap	intogen_temporal_new__to__intogen2024	background
USP10	1	0	intogen2024	native_funmap	intogen_temporal_new__to__intogen2024	background
ADAMDEC1	1	0	intogen2024	native_funmap	intogen_temporal_new__to__intogen2024	background
BOLA3	1	0	intogen2024	native_funmap	intogen_temporal_new__to__intogen2024	background
TMEM87A	1	0	intogen2024	native_funmap	intogen_temporal_new__to__intogen2024	background
VPS16	1	0	intogen2024	native_funmap	intogen_temporal_new__to__intogen2024	background
TREML1	1	0	intogen2024	native_funmap	intogen_temporal_new__to__intogen2024	background
XYLB	1	0	intogen2024	native_funmap	intogen_temporal_new__to__intogen2024	background
STAM2	1	0	intogen2024	native_funmap	intogen_temporal_new__to__intogen2024	background
CFH	1	0	intogen2024	native_funmap	intogen_temporal_new__to__intogen2024	background
FAM43A	1	0	intogen2024	native_funmap	intogen_temporal_new__to__intogen2024	background
PARL	1	0	intogen2024	native_funmap	intogen_temporal_new__to__intogen2024	background
SDAD1	1	0	intogen2024	native_funmap	intogen_temporal_new__to__intogen2024	background
GALNT1	1	0	intogen2024	native_funmap	intogen_temporal_new__to__intogen2024	background
PAK4	1	0	intogen2024	native_funmap	intogen_temporal_new__to__intogen2024	background
MED20	1	0	intogen2024	native_funmap	intogen_temporal_new__to__intogen2024	background
ARMC5	1	0	intogen2024	native_funmap	intogen_temporal_new__to__intogen2024	background
G3BP2	1	0	intogen2024	native_funmap	intogen_temporal_new__to__intogen2024	background
S100A7A	1	0	intogen2024	native_funmap	intogen_temporal_new__to__intogen2024	background
ZNF688	1	0	intogen2024	native_funmap	intogen_temporal_new__to__intogen2024	background
PDE12	1	0	intogen2024	native_funmap	intogen_temporal_new__to__intogen2024	background
VCPKMT	1	0	intogen2024	native_funmap	intogen_temporal_new__to__intogen2024	background
ATAD5	1	0	intogen2024	native_funmap	intogen_temporal_new__to__intogen2024	background
COX4I2	1	0	intogen2024	native_funmap	intogen_temporal_new__to__intogen2024	background
C1QB	1	0	intogen2024	native_funmap	intogen_temporal_new__to__intogen2024	background
GZMA	1	0	intogen2024	native_funmap	intogen_temporal_new__to__intogen2024	background
LMNB2	1	0	intogen2024	native_funmap	intogen_temporal_new__to__intogen2024	background
HIRIP3	1	0	intogen2024	native_funmap	intogen_temporal_new__to__intogen2024	background
PNPT1	1	0	intogen2024	native_funmap	intogen_temporal_new__to__intogen2024	background
CLCN7	1	0	intogen2024	native_funmap	intogen_temporal_new__to__intogen2024	background
SLC25A12	1	0	intogen2024	native_funmap	intogen_temporal_new__to__intogen2024	background
ADGRL4	1	0	intogen2024	native_funmap	intogen_temporal_new__to__intogen2024	background
PSMG3	1	0	intogen2024	native_funmap	intogen_temporal_new__to__intogen2024	background
RNPEPL1	1	0	intogen2024	native_funmap	intogen_temporal_new__to__intogen2024	background
GIPC3	1	0	intogen2024	native_funmap	intogen_temporal_new__to__intogen2024	background
NOL4L	1	0	intogen2024	native_funmap	intogen_temporal_new__to__intogen2024	background
AKTIP	1	0	intogen2024	native_funmap	intogen_temporal_new__to__intogen2024	background
SALL2	1	0	intogen2024	native_funmap	intogen_temporal_new__to__intogen2024	background
MOCS3	1	0	intogen2024	native_funmap	intogen_temporal_new__to__intogen2024	background
TTC37	1	0	intogen2024	native_funmap	intogen_temporal_new__to__intogen2024	background
THEM5	1	0	intogen2024	native_funmap	intogen_temporal_new__to__intogen2024	background
FUT11	1	0	intogen2024	native_funmap	intogen_temporal_new__to__intogen2024	background
RPGR	1	0	intogen2024	native_funmap	intogen_temporal_new__to__intogen2024	background
CASP5	1	0	intogen2024	native_funmap	intogen_temporal_new__to__intogen2024	background
PDZD11	1	0	intogen2024	native_funmap	intogen_temporal_new__to__intogen2024	background
JMJD4	1	0	intogen2024	native_funmap	intogen_temporal_new__to__intogen2024	background
ANXA8L1	1	0	intogen2024	native_funmap	intogen_temporal_new__to__intogen2024	background
EHBP1L1	1	0	intogen2024	native_funmap	intogen_temporal_new__to__intogen2024	background
LAX1	1	0	intogen2024	native_funmap	intogen_temporal_new__to__intogen2024	background
BCL2L2	1	0	intogen2024	native_funmap	intogen_temporal_new__to__intogen2024	background
RNF5	1	0	intogen2024	native_funmap	intogen_temporal_new__to__intogen2024	background
HEBP1	1	0	intogen2024	native_funmap	intogen_temporal_new__to__intogen2024	background
GC	1	0	intogen2024	native_funmap	intogen_temporal_new__to__intogen2024	background
NUP35	1	0	intogen2024	native_funmap	intogen_temporal_new__to__intogen2024	background
RCOR3	1	0	intogen2024	native_funmap	intogen_temporal_new__to__intogen2024	background
HLA-E	1	0	intogen2024	native_funmap	intogen_temporal_new__to__intogen2024	background
BATF	1	0	intogen2024	native_funmap	intogen_temporal_new__to__intogen2024	background
TMEM208	1	0	intogen2024	native_funmap	intogen_temporal_new__to__intogen2024	background
SLAIN2	1	0	intogen2024	native_funmap	intogen_temporal_new__to__intogen2024	background
RANBP1	1	0	intogen2024	native_funmap	intogen_temporal_new__to__intogen2024	background
SYNC	1	0	intogen2024	native_funmap	intogen_temporal_new__to__intogen2024	background
MBIP	1	0	intogen2024	native_funmap	intogen_temporal_new__to__intogen2024	background
PEX10	1	0	intogen2024	native_funmap	intogen_temporal_new__to__intogen2024	background
KDELR1	1	0	intogen2024	native_funmap	intogen_temporal_new__to__intogen2024	background
UBE4A	1	0	intogen2024	native_funmap	intogen_temporal_new__to__intogen2024	background
CES1	1	0	intogen2024	native_funmap	intogen_temporal_new__to__intogen2024	background
P3H2	1	0	intogen2024	native_funmap	intogen_temporal_new__to__intogen2024	background
ATXN7L2	1	0	intogen2024	native_funmap	intogen_temporal_new__to__intogen2024	background
DCUN1D5	1	0	intogen2024	native_funmap	intogen_temporal_new__to__intogen2024	background
PSCA	1	0	intogen2024	native_funmap	intogen_temporal_new__to__intogen2024	background
C20orf27	1	0	intogen2024	native_funmap	intogen_temporal_new__to__intogen2024	background
PRDX2	1	0	intogen2024	native_funmap	intogen_temporal_new__to__intogen2024	background
SAG	1	0	intogen2024	native_funmap	intogen_temporal_new__to__intogen2024	background
RPS15A	1	0	intogen2024	native_funmap	intogen_temporal_new__to__intogen2024	background
KRT3	1	0	intogen2024	native_funmap	intogen_temporal_new__to__intogen2024	background
CPB1	1	0	intogen2024	native_funmap	intogen_temporal_new__to__intogen2024	background
UNG	1	0	intogen2024	native_funmap	intogen_temporal_new__to__intogen2024	background
GPAM	1	0	intogen2024	native_funmap	intogen_temporal_new__to__intogen2024	background
ADGRF4	1	0	intogen2024	native_funmap	intogen_temporal_new__to__intogen2024	background
CTSL	1	0	intogen2024	native_funmap	intogen_temporal_new__to__intogen2024	background
ARMCX1	1	0	intogen2024	native_funmap	intogen_temporal_new__to__intogen2024	background
FOXRED1	1	0	intogen2024	native_funmap	intogen_temporal_new__to__intogen2024	background
MTCH1	1	0	intogen2024	native_funmap	intogen_temporal_new__to__intogen2024	background
ATP5F1A	1	0	intogen2024	native_funmap	intogen_temporal_new__to__intogen2024	background
FBXO9	1	0	intogen2024	native_funmap	intogen_temporal_new__to__intogen2024	background
ARSD	1	0	intogen2024	native_funmap	intogen_temporal_new__to__intogen2024	background
YIPF5	1	0	intogen2024	native_funmap	intogen_temporal_new__to__intogen2024	background
TMC5	1	0	intogen2024	native_funmap	intogen_temporal_new__to__intogen2024	background
PAM	1	0	intogen2024	native_funmap	intogen_temporal_new__to__intogen2024	background
CRIP2	1	0	intogen2024	native_funmap	intogen_temporal_new__to__intogen2024	background
PREX1	1	0	intogen2024	native_funmap	intogen_temporal_new__to__intogen2024	background
KIF9	1	0	intogen2024	native_funmap	intogen_temporal_new__to__intogen2024	background
BLOC1S3	1	0	intogen2024	native_funmap	intogen_temporal_new__to__intogen2024	background
CCL18	1	0	intogen2024	native_funmap	intogen_temporal_new__to__intogen2024	background
CHSY3	1	0	intogen2024	native_funmap	intogen_temporal_new__to__intogen2024	background
COASY	1	0	intogen2024	native_funmap	intogen_temporal_new__to__intogen2024	background
IFNGR1	1	0	intogen2024	native_funmap	intogen_temporal_new__to__intogen2024	background
GPATCH3	1	0	intogen2024	native_funmap	intogen_temporal_new__to__intogen2024	background
SNX15	1	0	intogen2024	native_funmap	intogen_temporal_new__to__intogen2024	background
NDUFA4L2	1	0	intogen2024	native_funmap	intogen_temporal_new__to__intogen2024	background
VIPAS39	1	0	intogen2024	native_funmap	intogen_temporal_new__to__intogen2024	background
RTL8A	1	0	intogen2024	native_funmap	intogen_temporal_new__to__intogen2024	background
BAG4	1	0	intogen2024	native_funmap	intogen_temporal_new__to__intogen2024	background
HSPBP1	1	0	intogen2024	native_funmap	intogen_temporal_new__to__intogen2024	background
SGCE	1	0	intogen2024	native_funmap	intogen_temporal_new__to__intogen2024	background
TNPO2	1	0	intogen2024	native_funmap	intogen_temporal_new__to__intogen2024	background
MON1B	1	0	intogen2024	native_funmap	intogen_temporal_new__to__intogen2024	background
BRIP1	1	0	intogen2024	native_funmap	intogen_temporal_new__to__intogen2024	background
ZNF703	1	0	intogen2024	native_funmap	intogen_temporal_new__to__intogen2024	background
TRDN	1	0	intogen2024	native_funmap	intogen_temporal_new__to__intogen2024	background
SGO2	1	0	intogen2024	native_funmap	intogen_temporal_new__to__intogen2024	background
RAB11FIP1	1	0	intogen2024	native_funmap	intogen_temporal_new__to__intogen2024	background
UBE2W	1	0	intogen2024	native_funmap	intogen_temporal_new__to__intogen2024	background
THSD7A	1	0	intogen2024	native_funmap	intogen_temporal_new__to__intogen2024	background
LENG1	1	0	intogen2024	native_funmap	intogen_temporal_new__to__intogen2024	background
NANS	1	0	intogen2024	native_funmap	intogen_temporal_new__to__intogen2024	background
SLAMF7	1	0	intogen2024	native_funmap	intogen_temporal_new__to__intogen2024	background
ZNF565	1	0	intogen2024	native_funmap	intogen_temporal_new__to__intogen2024	background
RAB9A	1	0	intogen2024	native_funmap	intogen_temporal_new__to__intogen2024	background
SFXN5	1	0	intogen2024	native_funmap	intogen_temporal_new__to__intogen2024	background
COPS5	1	0	intogen2024	native_funmap	intogen_temporal_new__to__intogen2024	background
ENTPD5	1	0	intogen2024	native_funmap	intogen_temporal_new__to__intogen2024	background
NOP9	1	0	intogen2024	native_funmap	intogen_temporal_new__to__intogen2024	background
FAM83G	1	0	intogen2024	native_funmap	intogen_temporal_new__to__intogen2024	background
MZT1	1	0	intogen2024	native_funmap	intogen_temporal_new__to__intogen2024	background
TPM2	1	0	intogen2024	native_funmap	intogen_temporal_new__to__intogen2024	background
GAPVD1	1	0	intogen2024	native_funmap	intogen_temporal_new__to__intogen2024	background
CCDC107	1	0	intogen2024	native_funmap	intogen_temporal_new__to__intogen2024	background
NSUN6	1	0	intogen2024	native_funmap	intogen_temporal_new__to__intogen2024	background
SPTBN1	1	0	intogen2024	native_funmap	intogen_temporal_new__to__intogen2024	background
HMG20B	1	0	intogen2024	native_funmap	intogen_temporal_new__to__intogen2024	background
WDR63	1	0	intogen2024	native_funmap	intogen_temporal_new__to__intogen2024	background
RAPGEF6	1	0	intogen2024	native_funmap	intogen_temporal_new__to__intogen2024	background
DCAF1	1	0	intogen2024	native_funmap	intogen_temporal_new__to__intogen2024	background
NAGLU	1	0	intogen2024	native_funmap	intogen_temporal_new__to__intogen2024	background
AUP1	1	0	intogen2024	native_funmap	intogen_temporal_new__to__intogen2024	background
BRD4	2	1	intogen2024	native_funmap	intogen_temporal_new__to__intogen2024	target
FAS	2	1	intogen2024	native_funmap	intogen_temporal_new__to__intogen2024	target
CASP8	2	1	intogen2024	native_funmap	intogen_temporal_new__to__intogen2024	target
ERBB3	2	1	intogen2024	native_funmap	intogen_temporal_new__to__intogen2024	target
KIT	2	1	intogen2024	native_funmap	intogen_temporal_new__to__intogen2024	target
NPRL2	2	1	intogen2024	native_funmap	intogen_temporal_new__to__intogen2024	target
SOS1	2	1	intogen2024	native_funmap	intogen_temporal_new__to__intogen2024	target
RHOA	2	1	intogen2024	native_funmap	intogen_temporal_new__to__intogen2024	target
PABPC1	2	1	intogen2024	native_funmap	intogen_temporal_new__to__intogen2024	target
NSD2	2	1	intogen2024	native_funmap	intogen_temporal_new__to__intogen2024	target
PDGFRA	2	1	intogen2024	native_funmap	intogen_temporal_new__to__intogen2024	target
PTPN11	2	1	intogen2024	native_funmap	intogen_temporal_new__to__intogen2024	target
SGK1	2	1	intogen2024	native_funmap	intogen_temporal_new__to__intogen2024	target
SF3B1	2	1	intogen2024	native_funmap	intogen_temporal_new__to__intogen2024	target
PIK3R1	2	1	intogen2024	native_funmap	intogen_temporal_new__to__intogen2024	target
DHX9	2	1	intogen2024	native_funmap	intogen_temporal_new__to__intogen2024	target
SUSD2	2	1	intogen2024	native_funmap	intogen_temporal_new__to__intogen2024	target
RNF6	2	1	intogen2024	native_funmap	intogen_temporal_new__to__intogen2024	target
TNFRSF14	2	1	intogen2024	native_funmap	intogen_temporal_new__to__intogen2024	target
KIF5B	2	1	intogen2024	native_funmap	intogen_temporal_new__to__intogen2024	target
DAXX	2	1	intogen2024	native_funmap	intogen_temporal_new__to__intogen2024	target
PBRM1	2	1	intogen2024	native_funmap	intogen_temporal_new__to__intogen2024	target
CDH1	2	1	intogen2024	native_funmap	intogen_temporal_new__to__intogen2024	target
NKX2-1	2	1	intogen2024	native_funmap	intogen_temporal_new__to__intogen2024	target
ZNF521	2	1	intogen2024	native_funmap	intogen_temporal_new__to__intogen2024	target
RBM10	2	1	intogen2024	native_funmap	intogen_temporal_new__to__intogen2024	target
DGCR8	2	1	intogen2024	native_funmap	intogen_temporal_new__to__intogen2024	target
RRAS2	2	1	intogen2024	native_funmap	intogen_temporal_new__to__intogen2024	target
BCOR	2	1	intogen2024	native_funmap	intogen_temporal_new__to__intogen2024	target
TRIM33	2	1	intogen2024	native_funmap	intogen_temporal_new__to__intogen2024	target
XPO1	2	1	intogen2024	native_funmap	intogen_temporal_new__to__intogen2024	target
SMC1A	2	1	intogen2024	native_funmap	intogen_temporal_new__to__intogen2024	target
CLIP1	2	1	intogen2024	native_funmap	intogen_temporal_new__to__intogen2024	target
TFAP4	2	1	intogen2024	native_funmap	intogen_temporal_new__to__intogen2024	target
TRIP11	2	1	intogen2024	native_funmap	intogen_temporal_new__to__intogen2024	target
EWSR1	2	1	intogen2024	native_funmap	intogen_temporal_new__to__intogen2024	target
ARHGAP5	2	1	intogen2024	native_funmap	intogen_temporal_new__to__intogen2024	target
PDCD1LG2	2	1	intogen2024	native_funmap	intogen_temporal_new__to__intogen2024	target
FOXO1	2	1	intogen2024	native_funmap	intogen_temporal_new__to__intogen2024	target
KDM5A	2	1	intogen2024	native_funmap	intogen_temporal_new__to__intogen2024	target
TRRAP	2	1	intogen2024	native_funmap	intogen_temporal_new__to__intogen2024	target
CDKN1A	2	1	intogen2024	native_funmap	intogen_temporal_new__to__intogen2024	target
DDX3X	2	1	intogen2024	native_funmap	intogen_temporal_new__to__intogen2024	target
COL1A1	2	1	intogen2024	native_funmap	intogen_temporal_new__to__intogen2024	target
ZNF814	2	1	intogen2024	native_funmap	intogen_temporal_new__to__intogen2024	target
TRAF3	2	1	intogen2024	native_funmap	intogen_temporal_new__to__intogen2024	target
ZBTB7B	2	1	intogen2024	native_funmap	intogen_temporal_new__to__intogen2024	target
POLE	2	1	intogen2024	native_funmap	intogen_temporal_new__to__intogen2024	target
PSIP1	2	1	intogen2024	native_funmap	intogen_temporal_new__to__intogen2024	target
BRCA2	2	1	intogen2024	native_funmap	intogen_temporal_new__to__intogen2024	target
WAS	2	1	intogen2024	native_funmap	intogen_temporal_new__to__intogen2024	target
PARP4	2	1	intogen2024	native_funmap	intogen_temporal_new__to__intogen2024	target
HNF1A	2	1	intogen2024	native_funmap	intogen_temporal_new__to__intogen2024	target
KAT6B	2	1	intogen2024	native_funmap	intogen_temporal_new__to__intogen2024	target
DDX6	2	1	intogen2024	native_funmap	intogen_temporal_new__to__intogen2024	target
PPP3CA	2	1	intogen2024	native_funmap	intogen_temporal_new__to__intogen2024	target
STAT6	2	1	intogen2024	native_funmap	intogen_temporal_new__to__intogen2024	target
NFE2L2	2	1	intogen2024	native_funmap	intogen_temporal_new__to__intogen2024	target
PEG3	2	1	intogen2024	native_funmap	intogen_temporal_new__to__intogen2024	target
ZFP36L1	2	1	intogen2024	native_funmap	intogen_temporal_new__to__intogen2024	target
PRKAR1A	2	1	intogen2024	native_funmap	intogen_temporal_new__to__intogen2024	target
SETDB1	2	1	intogen2024	native_funmap	intogen_temporal_new__to__intogen2024	target
ESRRA	2	1	intogen2024	native_funmap	intogen_temporal_new__to__intogen2024	target
EP300	2	1	intogen2024	native_funmap	intogen_temporal_new__to__intogen2024	target
UBR5	2	1	intogen2024	native_funmap	intogen_temporal_new__to__intogen2024	target
ARHGEF10L	2	1	intogen2024	native_funmap	intogen_temporal_new__to__intogen2024	target
BCORL1	2	1	intogen2024	native_funmap	intogen_temporal_new__to__intogen2024	target
TNC	2	1	intogen2024	native_funmap	intogen_temporal_new__to__intogen2024	target
RBM15	2	1	intogen2024	native_funmap	intogen_temporal_new__to__intogen2024	target
RPL22	2	1	intogen2024	native_funmap	intogen_temporal_new__to__intogen2024	target
KRAS	2	1	intogen2024	native_funmap	intogen_temporal_new__to__intogen2024	target
NFKBIA	2	1	intogen2024	native_funmap	intogen_temporal_new__to__intogen2024	target
CD58	2	1	intogen2024	native_funmap	intogen_temporal_new__to__intogen2024	target
BIRC3	2	1	intogen2024	native_funmap	intogen_temporal_new__to__intogen2024	target
SUZ12	2	1	intogen2024	native_funmap	intogen_temporal_new__to__intogen2024	target
CCDC6	2	1	intogen2024	native_funmap	intogen_temporal_new__to__intogen2024	target
ATF7IP	2	1	intogen2024	native_funmap	intogen_temporal_new__to__intogen2024	target
ARID2	2	1	intogen2024	native_funmap	intogen_temporal_new__to__intogen2024	target
GATA2	2	1	intogen2024	native_funmap	intogen_temporal_new__to__intogen2024	target
FAT2	2	1	intogen2024	native_funmap	intogen_temporal_new__to__intogen2024	target
PREX2	2	1	intogen2024	native_funmap	intogen_temporal_new__to__intogen2024	target
DROSHA	2	1	intogen2024	native_funmap	intogen_temporal_new__to__intogen2024	target
CHD4	2	1	intogen2024	native_funmap	intogen_temporal_new__to__intogen2024	target
PRDM2	2	1	intogen2024	native_funmap	intogen_temporal_new__to__intogen2024	target
NSD1	2	1	intogen2024	native_funmap	intogen_temporal_new__to__intogen2024	target
CHD2	2	1	intogen2024	native_funmap	intogen_temporal_new__to__intogen2024	target
WNK2	2	1	intogen2024	native_funmap	intogen_temporal_new__to__intogen2024	target
PCMTD1	2	1	intogen2024	native_funmap	intogen_temporal_new__to__intogen2024	target
BIRC6	2	1	intogen2024	native_funmap	intogen_temporal_new__to__intogen2024	target
HSP90AA1	2	1	intogen2024	native_funmap	intogen_temporal_new__to__intogen2024	target
BCL9L	2	1	intogen2024	native_funmap	intogen_temporal_new__to__intogen2024	target
KMT2D	2	1	intogen2024	native_funmap	intogen_temporal_new__to__intogen2024	target
CDK12	2	1	intogen2024	native_funmap	intogen_temporal_new__to__intogen2024	target
ZFHX3	2	1	intogen2024	native_funmap	intogen_temporal_new__to__intogen2024	target
TOP2A	2	1	intogen2024	native_funmap	intogen_temporal_new__to__intogen2024	target
ZRSR2	2	1	intogen2024	native_funmap	intogen_temporal_new__to__intogen2024	target
CNOT9	2	1	intogen2024	native_funmap	intogen_temporal_new__to__intogen2024	target
MAP2K1	2	1	intogen2024	native_funmap	intogen_temporal_new__to__intogen2024	target
NUP214	2	1	intogen2024	native_funmap	intogen_temporal_new__to__intogen2024	target
ATR	2	1	intogen2024	native_funmap	intogen_temporal_new__to__intogen2024	target
ERCC2	2	1	intogen2024	native_funmap	intogen_temporal_new__to__intogen2024	target
FGD5	2	1	intogen2024	native_funmap	intogen_temporal_new__to__intogen2024	target
SOX17	2	1	intogen2024	native_funmap	intogen_temporal_new__to__intogen2024	target
KDM6A	2	1	intogen2024	native_funmap	intogen_temporal_new__to__intogen2024	target
KLHL6	2	1	intogen2024	native_funmap	intogen_temporal_new__to__intogen2024	target
FANCA	2	1	intogen2024	native_funmap	intogen_temporal_new__to__intogen2024	target
MGA	2	1	intogen2024	native_funmap	intogen_temporal_new__to__intogen2024	target
PTMA	2	1	intogen2024	native_funmap	intogen_temporal_new__to__intogen2024	target
ERG	2	1	intogen2024	native_funmap	intogen_temporal_new__to__intogen2024	target
MTOR	2	1	intogen2024	native_funmap	intogen_temporal_new__to__intogen2024	target
MARK2	2	1	intogen2024	native_funmap	intogen_temporal_new__to__intogen2024	target
FAM174B	2	1	intogen2024	native_funmap	intogen_temporal_new__to__intogen2024	target
CREBBP	2	1	intogen2024	native_funmap	intogen_temporal_new__to__intogen2024	target
MAP2K7	2	1	intogen2024	native_funmap	intogen_temporal_new__to__intogen2024	target
ELN	2	1	intogen2024	native_funmap	intogen_temporal_new__to__intogen2024	target
TGFBR2	2	1	intogen2024	native_funmap	intogen_temporal_new__to__intogen2024	target
PTPRB	2	1	intogen2024	native_funmap	intogen_temporal_new__to__intogen2024	target
FUBP1	2	1	intogen2024	native_funmap	intogen_temporal_new__to__intogen2024	target
STAT3	2	1	intogen2024	native_funmap	intogen_temporal_new__to__intogen2024	target
ARID1A	2	1	intogen2024	native_funmap	intogen_temporal_new__to__intogen2024	target
MB21D2	2	1	intogen2024	native_funmap	intogen_temporal_new__to__intogen2024	target
EIF3E	2	1	intogen2024	native_funmap	intogen_temporal_new__to__intogen2024	target
JAK1	2	1	intogen2024	native_funmap	intogen_temporal_new__to__intogen2024	target
SMAD2	2	1	intogen2024	native_funmap	intogen_temporal_new__to__intogen2024	target
HNRNPA2B1	2	1	intogen2024	native_funmap	intogen_temporal_new__to__intogen2024	target
SIX1	2	1	intogen2024	native_funmap	intogen_temporal_new__to__intogen2024	target
RPS3A	2	1	intogen2024	native_funmap	intogen_temporal_new__to__intogen2024	target
TET1	2	1	intogen2024	native_funmap	intogen_temporal_new__to__intogen2024	target
TRIM24	2	1	intogen2024	native_funmap	intogen_temporal_new__to__intogen2024	target
ETV6	2	1	intogen2024	native_funmap	intogen_temporal_new__to__intogen2024	target
RASA1	2	1	intogen2024	native_funmap	intogen_temporal_new__to__intogen2024	target
KLF5	2	1	intogen2024	native_funmap	intogen_temporal_new__to__intogen2024	target
RECQL4	2	1	intogen2024	native_funmap	intogen_temporal_new__to__intogen2024	target
RASA2	2	1	intogen2024	native_funmap	intogen_temporal_new__to__intogen2024	target
CRTC1	2	1	intogen2024	native_funmap	intogen_temporal_new__to__intogen2024	target
GMPS	2	1	intogen2024	native_funmap	intogen_temporal_new__to__intogen2024	target
DOT1L	2	1	intogen2024	native_funmap	intogen_temporal_new__to__intogen2024	target
ESR1	2	1	intogen2024	native_funmap	intogen_temporal_new__to__intogen2024	target
PLCG1	2	1	intogen2024	native_funmap	intogen_temporal_new__to__intogen2024	target
NOTCH1	2	1	intogen2024	native_funmap	intogen_temporal_new__to__intogen2024	target
RELA	2	1	intogen2024	native_funmap	intogen_temporal_new__to__intogen2024	target
NTRK3	2	1	intogen2024	native_funmap	intogen_temporal_new__to__intogen2024	target
PMS2	2	1	intogen2024	native_funmap	intogen_temporal_new__to__intogen2024	target
MSI2	2	1	intogen2024	native_funmap	intogen_temporal_new__to__intogen2024	target
NCOR1	2	1	intogen2024	native_funmap	intogen_temporal_new__to__intogen2024	target
NPM1	2	1	intogen2024	native_funmap	intogen_temporal_new__to__intogen2024	target
ABL1	2	1	intogen2024	native_funmap	intogen_temporal_new__to__intogen2024	target
SIRPA	2	1	intogen2024	native_funmap	intogen_temporal_new__to__intogen2024	target
POLD1	2	1	intogen2024	native_funmap	intogen_temporal_new__to__intogen2024	target
RPS6KA3	2	1	intogen2024	native_funmap	intogen_temporal_new__to__intogen2024	target
TP53	2	1	intogen2024	native_funmap	intogen_temporal_new__to__intogen2024	target
CYLD	2	1	intogen2024	native_funmap	intogen_temporal_new__to__intogen2024	target
ZEB1	2	1	intogen2024	native_funmap	intogen_temporal_new__to__intogen2024	target
FLCN	2	1	intogen2024	native_funmap	intogen_temporal_new__to__intogen2024	target
SMARCB1	2	1	intogen2024	native_funmap	intogen_temporal_new__to__intogen2024	target
NCOR2	2	1	intogen2024	native_funmap	intogen_temporal_new__to__intogen2024	target
LDB1	2	1	intogen2024	native_funmap	intogen_temporal_new__to__intogen2024	target
PTEN	2	1	intogen2024	native_funmap	intogen_temporal_new__to__intogen2024	target
RAF1	2	1	intogen2024	native_funmap	intogen_temporal_new__to__intogen2024	target
HGF	2	1	intogen2024	native_funmap	intogen_temporal_new__to__intogen2024	target
ATRX	2	1	intogen2024	native_funmap	intogen_temporal_new__to__intogen2024	target
POT1	2	1	intogen2024	native_funmap	intogen_temporal_new__to__intogen2024	target
CARD11	2	1	intogen2024	native_funmap	intogen_temporal_new__to__intogen2024	target
IRAK1	2	1	intogen2024	native_funmap	intogen_temporal_new__to__intogen2024	target
TCF4	2	1	intogen2024	native_funmap	intogen_temporal_new__to__intogen2024	target
AKT3	2	1	intogen2024	native_funmap	intogen_temporal_new__to__intogen2024	target
NFATC2	2	1	intogen2024	native_funmap	intogen_temporal_new__to__intogen2024	target
PIK3CA	2	1	intogen2024	native_funmap	intogen_temporal_new__to__intogen2024	target
PPP2R1A	2	1	intogen2024	native_funmap	intogen_temporal_new__to__intogen2024	target
PTPRC	2	1	intogen2024	native_funmap	intogen_temporal_new__to__intogen2024	target
PTPN6	2	1	intogen2024	native_funmap	intogen_temporal_new__to__intogen2024	target
RIPK1	2	1	intogen2024	native_funmap	intogen_temporal_new__to__intogen2024	target
CUL3	2	1	intogen2024	native_funmap	intogen_temporal_new__to__intogen2024	target
TBL1XR1	2	1	intogen2024	native_funmap	intogen_temporal_new__to__intogen2024	target
MYH9	2	1	intogen2024	native_funmap	intogen_temporal_new__to__intogen2024	target
CXCR4	2	1	intogen2024	native_funmap	intogen_temporal_new__to__intogen2024	target
BCL7A	2	1	intogen2024	native_funmap	intogen_temporal_new__to__intogen2024	target
TGIF1	2	1	intogen2024	native_funmap	intogen_temporal_new__to__intogen2024	target
ELL	2	1	intogen2024	native_funmap	intogen_temporal_new__to__intogen2024	target
NIPBL	2	1	intogen2024	native_funmap	intogen_temporal_new__to__intogen2024	target
FAT4	2	1	intogen2024	native_funmap	intogen_temporal_new__to__intogen2024	target
EZH2	2	1	intogen2024	native_funmap	intogen_temporal_new__to__intogen2024	target
CTCF	2	1	intogen2024	native_funmap	intogen_temporal_new__to__intogen2024	target
HIP1	2	1	intogen2024	native_funmap	intogen_temporal_new__to__intogen2024	target
CBFB	2	1	intogen2024	native_funmap	intogen_temporal_new__to__intogen2024	target
SETD1B	2	1	intogen2024	native_funmap	intogen_temporal_new__to__intogen2024	target
JAK3	2	1	intogen2024	native_funmap	intogen_temporal_new__to__intogen2024	target
ZNF93	2	1	intogen2024	native_funmap	intogen_temporal_new__to__intogen2024	target
ELF3	2	1	intogen2024	native_funmap	intogen_temporal_new__to__intogen2024	target
KDM3B	2	1	intogen2024	native_funmap	intogen_temporal_new__to__intogen2024	target
KDR	2	1	intogen2024	native_funmap	intogen_temporal_new__to__intogen2024	target
ARID1B	2	1	intogen2024	native_funmap	intogen_temporal_new__to__intogen2024	target
PRDM1	2	1	intogen2024	native_funmap	intogen_temporal_new__to__intogen2024	target
BCL10	2	1	intogen2024	native_funmap	intogen_temporal_new__to__intogen2024	target
CDH11	2	1	intogen2024	native_funmap	intogen_temporal_new__to__intogen2024	target
NT5C3A	2	1	intogen2024	native_funmap	intogen_temporal_new__to__intogen2024	target
TCF7L2	2	1	intogen2024	native_funmap	intogen_temporal_new__to__intogen2024	target
FOXO3	2	1	intogen2024	native_funmap	intogen_temporal_new__to__intogen2024	target
RNF213	2	1	intogen2024	native_funmap	intogen_temporal_new__to__intogen2024	target
EPS15	2	1	intogen2024	native_funmap	intogen_temporal_new__to__intogen2024	target
FHIT	2	1	intogen2024	native_funmap	intogen_temporal_new__to__intogen2024	target
IKZF1	2	1	intogen2024	native_funmap	intogen_temporal_new__to__intogen2024	target
ARHGEF10	2	1	intogen2024	native_funmap	intogen_temporal_new__to__intogen2024	target
KLF4	2	1	intogen2024	native_funmap	intogen_temporal_new__to__intogen2024	target
IDH2	2	1	intogen2024	native_funmap	intogen_temporal_new__to__intogen2024	target
LATS2	2	1	intogen2024	native_funmap	intogen_temporal_new__to__intogen2024	target
DNMT3A	2	1	intogen2024	native_funmap	intogen_temporal_new__to__intogen2024	target
GNAQ	2	1	intogen2024	native_funmap	intogen_temporal_new__to__intogen2024	target
IRF1	2	1	intogen2024	native_funmap	intogen_temporal_new__to__intogen2024	target
ING1	2	1	intogen2024	native_funmap	intogen_temporal_new__to__intogen2024	target
CDC73	2	1	intogen2024	native_funmap	intogen_temporal_new__to__intogen2024	target
SH2B3	2	1	intogen2024	native_funmap	intogen_temporal_new__to__intogen2024	target
IL7R	2	1	intogen2024	native_funmap	intogen_temporal_new__to__intogen2024	target
IKZF3	2	1	intogen2024	native_funmap	intogen_temporal_new__to__intogen2024	target
MALT1	2	1	intogen2024	native_funmap	intogen_temporal_new__to__intogen2024	target
ARHGAP35	2	1	intogen2024	native_funmap	intogen_temporal_new__to__intogen2024	target
PHF6	2	1	intogen2024	native_funmap	intogen_temporal_new__to__intogen2024	target
H3-3A	2	1	intogen2024	native_funmap	intogen_temporal_new__to__intogen2024	target
GNAS	2	1	intogen2024	native_funmap	intogen_temporal_new__to__intogen2024	target
VHL	2	1	intogen2024	native_funmap	intogen_temporal_new__to__intogen2024	target
IRF4	2	1	intogen2024	native_funmap	intogen_temporal_new__to__intogen2024	target
HLA-A	2	1	intogen2024	native_funmap	intogen_temporal_new__to__intogen2024	target
ATM	2	1	intogen2024	native_funmap	intogen_temporal_new__to__intogen2024	target
LATS1	2	1	intogen2024	native_funmap	intogen_temporal_new__to__intogen2024	target
DICER1	2	1	intogen2024	native_funmap	intogen_temporal_new__to__intogen2024	target
EBF1	2	1	intogen2024	native_funmap	intogen_temporal_new__to__intogen2024	target
MSN	2	1	intogen2024	native_funmap	intogen_temporal_new__to__intogen2024	target
BRCA1	2	1	intogen2024	native_funmap	intogen_temporal_new__to__intogen2024	target
TBX3	2	1	intogen2024	native_funmap	intogen_temporal_new__to__intogen2024	target
ERCC3	2	1	intogen2024	native_funmap	intogen_temporal_new__to__intogen2024	target
DIS3	2	1	intogen2024	native_funmap	intogen_temporal_new__to__intogen2024	target
RAC1	2	1	intogen2024	native_funmap	intogen_temporal_new__to__intogen2024	target
CBL	2	1	intogen2024	native_funmap	intogen_temporal_new__to__intogen2024	target
U2AF2	2	1	intogen2024	native_funmap	intogen_temporal_new__to__intogen2024	target
LZTR1	2	1	intogen2024	native_funmap	intogen_temporal_new__to__intogen2024	target
ZNF780A	2	1	intogen2024	native_funmap	intogen_temporal_new__to__intogen2024	target
HLA-B	2	1	intogen2024	native_funmap	intogen_temporal_new__to__intogen2024	target
SETD2	2	1	intogen2024	native_funmap	intogen_temporal_new__to__intogen2024	target
STAG2	2	1	intogen2024	native_funmap	intogen_temporal_new__to__intogen2024	target
NF2	2	1	intogen2024	native_funmap	intogen_temporal_new__to__intogen2024	target
NFKBIE	2	1	intogen2024	native_funmap	intogen_temporal_new__to__intogen2024	target
BCR	2	1	intogen2024	native_funmap	intogen_temporal_new__to__intogen2024	target
ZCRB1	2	1	intogen2024	native_funmap	intogen_temporal_new__to__intogen2024	target
CMTR2	2	1	intogen2024	native_funmap	intogen_temporal_new__to__intogen2024	target
IKBKB	2	1	intogen2024	native_funmap	intogen_temporal_new__to__intogen2024	target
ERBB2	2	1	intogen2024	native_funmap	intogen_temporal_new__to__intogen2024	target
FBXO11	2	1	intogen2024	native_funmap	intogen_temporal_new__to__intogen2024	target
CNOT3	2	1	intogen2024	native_funmap	intogen_temporal_new__to__intogen2024	target
NF1	2	1	intogen2024	native_funmap	intogen_temporal_new__to__intogen2024	target
AMER1	2	1	intogen2024	native_funmap	intogen_temporal_new__to__intogen2024	target
POLQ	2	1	intogen2024	native_funmap	intogen_temporal_new__to__intogen2024	target
AJUBA	2	1	intogen2024	native_funmap	intogen_temporal_new__to__intogen2024	target
PML	2	1	intogen2024	native_funmap	intogen_temporal_new__to__intogen2024	target
MYO5A	2	1	intogen2024	native_funmap	intogen_temporal_new__to__intogen2024	target
CUX1	2	1	intogen2024	native_funmap	intogen_temporal_new__to__intogen2024	target
TSC2	2	1	intogen2024	native_funmap	intogen_temporal_new__to__intogen2024	target
CASZ1	2	1	intogen2024	native_funmap	intogen_temporal_new__to__intogen2024	target
IDH1	2	1	intogen2024	native_funmap	intogen_temporal_new__to__intogen2024	target
SRSF2	2	1	intogen2024	native_funmap	intogen_temporal_new__to__intogen2024	target
BTK	2	1	intogen2024	native_funmap	intogen_temporal_new__to__intogen2024	target
ASXL1	2	1	intogen2024	native_funmap	intogen_temporal_new__to__intogen2024	target
JAK2	2	1	intogen2024	native_funmap	intogen_temporal_new__to__intogen2024	target
STK11	2	1	intogen2024	native_funmap	intogen_temporal_new__to__intogen2024	target
BCL9	2	1	intogen2024	native_funmap	intogen_temporal_new__to__intogen2024	target
PPP6C	2	1	intogen2024	native_funmap	intogen_temporal_new__to__intogen2024	target
TSC1	2	1	intogen2024	native_funmap	intogen_temporal_new__to__intogen2024	target
EGFR	2	1	intogen2024	native_funmap	intogen_temporal_new__to__intogen2024	target
FBN2	2	1	intogen2024	native_funmap	intogen_temporal_new__to__intogen2024	target
SPEN	2	1	intogen2024	native_funmap	intogen_temporal_new__to__intogen2024	target
AXIN1	2	1	intogen2024	native_funmap	intogen_temporal_new__to__intogen2024	target
RXRA	2	1	intogen2024	native_funmap	intogen_temporal_new__to__intogen2024	target
RUNX1T1	2	1	intogen2024	native_funmap	intogen_temporal_new__to__intogen2024	target
NCOA1	2	1	intogen2024	native_funmap	intogen_temporal_new__to__intogen2024	target
PDGFRB	2	1	intogen2024	native_funmap	intogen_temporal_new__to__intogen2024	target
ATG7	2	1	intogen2024	native_funmap	intogen_temporal_new__to__intogen2024	target
NRAS	2	1	intogen2024	native_funmap	intogen_temporal_new__to__intogen2024	target
BCLAF1	2	1	intogen2024	native_funmap	intogen_temporal_new__to__intogen2024	target
NXF1	2	1	intogen2024	native_funmap	intogen_temporal_new__to__intogen2024	target
GNA11	2	1	intogen2024	native_funmap	intogen_temporal_new__to__intogen2024	target
KMT2C	2	1	intogen2024	native_funmap	intogen_temporal_new__to__intogen2024	target
MAP2K4	2	1	intogen2024	native_funmap	intogen_temporal_new__to__intogen2024	target
BMPR1A	2	1	intogen2024	native_funmap	intogen_temporal_new__to__intogen2024	target
MAPK1	2	1	intogen2024	native_funmap	intogen_temporal_new__to__intogen2024	target
NCOA2	2	1	intogen2024	native_funmap	intogen_temporal_new__to__intogen2024	target
UBE2A	2	1	intogen2024	native_funmap	intogen_temporal_new__to__intogen2024	target
RBM39	2	1	intogen2024	native_funmap	intogen_temporal_new__to__intogen2024	target
NFKB2	2	1	intogen2024	native_funmap	intogen_temporal_new__to__intogen2024	target
ARHGEF12	2	1	intogen2024	native_funmap	intogen_temporal_new__to__intogen2024	target
EPHA2	2	1	intogen2024	native_funmap	intogen_temporal_new__to__intogen2024	target
GNA13	2	1	intogen2024	native_funmap	intogen_temporal_new__to__intogen2024	target
USP9X	2	1	intogen2024	native_funmap	intogen_temporal_new__to__intogen2024	target
MDM2	2	1	intogen2024	native_funmap	intogen_temporal_new__to__intogen2024	target
NKTR	2	1	intogen2024	native_funmap	intogen_temporal_new__to__intogen2024	target
GNAI2	2	1	intogen2024	native_funmap	intogen_temporal_new__to__intogen2024	target
AKT1	2	1	intogen2024	native_funmap	intogen_temporal_new__to__intogen2024	target
FLT4	2	1	intogen2024	native_funmap	intogen_temporal_new__to__intogen2024	target
HSP90AB1	2	1	intogen2024	native_funmap	intogen_temporal_new__to__intogen2024	target
KEAP1	2	1	intogen2024	native_funmap	intogen_temporal_new__to__intogen2024	target
SIN3A	2	1	intogen2024	native_funmap	intogen_temporal_new__to__intogen2024	target
EPHA3	2	1	intogen2024	native_funmap	intogen_temporal_new__to__intogen2024	target
MLLT1	2	1	intogen2024	native_funmap	intogen_temporal_new__to__intogen2024	target
TNFAIP3	2	1	intogen2024	native_funmap	intogen_temporal_new__to__intogen2024	target
PCBP1	2	1	intogen2024	native_funmap	intogen_temporal_new__to__intogen2024	target
MYC	2	1	intogen2024	native_funmap	intogen_temporal_new__to__intogen2024	target
GTF2I	2	1	intogen2024	native_funmap	intogen_temporal_new__to__intogen2024	target
TP63	2	1	intogen2024	native_funmap	intogen_temporal_new__to__intogen2024	target
KDM5C	2	1	intogen2024	native_funmap	intogen_temporal_new__to__intogen2024	target
MYD88	2	1	intogen2024	native_funmap	intogen_temporal_new__to__intogen2024	target
PRKCD	2	1	intogen2024	native_funmap	intogen_temporal_new__to__intogen2024	target
MAX	2	1	intogen2024	native_funmap	intogen_temporal_new__to__intogen2024	target
RAP1GDS1	2	1	intogen2024	native_funmap	intogen_temporal_new__to__intogen2024	target
ELF4	2	1	intogen2024	native_funmap	intogen_temporal_new__to__intogen2024	target
ZBTB16	2	1	intogen2024	native_funmap	intogen_temporal_new__to__intogen2024	target
RPL10	2	1	intogen2024	native_funmap	intogen_temporal_new__to__intogen2024	target
POU2F2	2	1	intogen2024	native_funmap	intogen_temporal_new__to__intogen2024	target
VAV1	2	1	intogen2024	native_funmap	intogen_temporal_new__to__intogen2024	target
KMT2B	2	1	intogen2024	native_funmap	intogen_temporal_new__to__intogen2024	target
RAD21	2	1	intogen2024	native_funmap	intogen_temporal_new__to__intogen2024	target
HSPG2	2	1	intogen2024	native_funmap	intogen_temporal_new__to__intogen2024	target
DDB2	2	1	intogen2024	native_funmap	intogen_temporal_new__to__intogen2024	target
MED12	2	1	intogen2024	native_funmap	intogen_temporal_new__to__intogen2024	target
SP140	2	1	intogen2024	native_funmap	intogen_temporal_new__to__intogen2024	target
RANBP2	2	1	intogen2024	native_funmap	intogen_temporal_new__to__intogen2024	target
TAF15	2	1	intogen2024	native_funmap	intogen_temporal_new__to__intogen2024	target
CHEK2	2	1	intogen2024	native_funmap	intogen_temporal_new__to__intogen2024	target
IL6ST	2	1	intogen2024	native_funmap	intogen_temporal_new__to__intogen2024	target
GATA3	2	1	intogen2024	native_funmap	intogen_temporal_new__to__intogen2024	target
ACSL3	2	1	intogen2024	native_funmap	intogen_temporal_new__to__intogen2024	target
PRKCB	2	1	intogen2024	native_funmap	intogen_temporal_new__to__intogen2024	target
TFG	2	1	intogen2024	native_funmap	intogen_temporal_new__to__intogen2024	target
QKI	2	1	intogen2024	native_funmap	intogen_temporal_new__to__intogen2024	target
EFTUD2	2	1	intogen2024	native_funmap	intogen_temporal_new__to__intogen2024	target
CTNNB1	2	1	intogen2024	native_funmap	intogen_temporal_new__to__intogen2024	target
SMAD4	2	1	intogen2024	native_funmap	intogen_temporal_new__to__intogen2024	target
KMT2A	2	1	intogen2024	native_funmap	intogen_temporal_new__to__intogen2024	target
ZBTB20	2	1	intogen2024	native_funmap	intogen_temporal_new__to__intogen2024	target
CLTC	2	1	intogen2024	native_funmap	intogen_temporal_new__to__intogen2024	target
TOP1	2	1	intogen2024	native_funmap	intogen_temporal_new__to__intogen2024	target
RRAGC	2	1	intogen2024	native_funmap	intogen_temporal_new__to__intogen2024	target
CDKN2C	2	1	intogen2024	native_funmap	intogen_temporal_new__to__intogen2024	target
TENT5C	2	1	intogen2024	native_funmap	intogen_temporal_new__to__intogen2024	target
SMARCA4	2	1	intogen2024	native_funmap	intogen_temporal_new__to__intogen2024	target
MEN1	2	1	intogen2024	native_funmap	intogen_temporal_new__to__intogen2024	target
CIC	2	1	intogen2024	native_funmap	intogen_temporal_new__to__intogen2024	target
MYH11	2	1	intogen2024	native_funmap	intogen_temporal_new__to__intogen2024	target
BRD7	2	1	intogen2024	native_funmap	intogen_temporal_new__to__intogen2024	target
EGR2	2	1	intogen2024	native_funmap	intogen_temporal_new__to__intogen2024	target
NUMA1	2	1	intogen2024	native_funmap	intogen_temporal_new__to__intogen2024	target
EIF1AX	2	1	intogen2024	native_funmap	intogen_temporal_new__to__intogen2024	target
SMARCD1	2	1	intogen2024	native_funmap	intogen_temporal_new__to__intogen2024	target
USP8	2	1	intogen2024	native_funmap	intogen_temporal_new__to__intogen2024	target
PIK3CB	2	1	intogen2024	native_funmap	intogen_temporal_new__to__intogen2024	target
ARAF	2	1	intogen2024	native_funmap	intogen_temporal_new__to__intogen2024	target
RB1	2	1	intogen2024	native_funmap	intogen_temporal_new__to__intogen2024	target
ASXL2	2	1	intogen2024	native_funmap	intogen_temporal_new__to__intogen2024	target
PRKD2	2	1	intogen2024	native_funmap	intogen_temporal_new__to__intogen2024	target
PIM1	2	1	intogen2024	native_funmap	intogen_temporal_new__to__intogen2024	target
TOR1B	2	0	intogen2024	native_funmap	intogen_temporal_new__to__intogen2024	background
CFAP57	2	0	intogen2024	native_funmap	intogen_temporal_new__to__intogen2024	background
RBM25	2	0	intogen2024	native_funmap	intogen_temporal_new__to__intogen2024	background
EIF2B3	2	0	intogen2024	native_funmap	intogen_temporal_new__to__intogen2024	background
CCDC120	2	0	intogen2024	native_funmap	intogen_temporal_new__to__intogen2024	background
MTARC2	2	0	intogen2024	native_funmap	intogen_temporal_new__to__intogen2024	background
MEIS1	2	0	intogen2024	native_funmap	intogen_temporal_new__to__intogen2024	background
KIFAP3	2	0	intogen2024	native_funmap	intogen_temporal_new__to__intogen2024	background
TRPV2	2	0	intogen2024	native_funmap	intogen_temporal_new__to__intogen2024	background
DPYSL4	2	0	intogen2024	native_funmap	intogen_temporal_new__to__intogen2024	background
TCTN2	2	0	intogen2024	native_funmap	intogen_temporal_new__to__intogen2024	background
PPCS	2	0	intogen2024	native_funmap	intogen_temporal_new__to__intogen2024	background
SMCHD1	2	0	intogen2024	native_funmap	intogen_temporal_new__to__intogen2024	background
FETUB	2	0	intogen2024	native_funmap	intogen_temporal_new__to__intogen2024	background
SLC25A46	2	0	intogen2024	native_funmap	intogen_temporal_new__to__intogen2024	background
CCDC66	2	0	intogen2024	native_funmap	intogen_temporal_new__to__intogen2024	background
MFN2	2	0	intogen2024	native_funmap	intogen_temporal_new__to__intogen2024	background
FSTL5	2	0	intogen2024	native_funmap	intogen_temporal_new__to__intogen2024	background
ABI3BP	2	0	intogen2024	native_funmap	intogen_temporal_new__to__intogen2024	background
MYORG	2	0	intogen2024	native_funmap	intogen_temporal_new__to__intogen2024	background
DUSP11	2	0	intogen2024	native_funmap	intogen_temporal_new__to__intogen2024	background
PEBP4	2	0	intogen2024	native_funmap	intogen_temporal_new__to__intogen2024	background
ZSCAN26	2	0	intogen2024	native_funmap	intogen_temporal_new__to__intogen2024	background
ZNF362	2	0	intogen2024	native_funmap	intogen_temporal_new__to__intogen2024	background
CTU2	2	0	intogen2024	native_funmap	intogen_temporal_new__to__intogen2024	background
DDX59	2	0	intogen2024	native_funmap	intogen_temporal_new__to__intogen2024	background
TNRC18	2	0	intogen2024	native_funmap	intogen_temporal_new__to__intogen2024	background
HSD17B10	2	0	intogen2024	native_funmap	intogen_temporal_new__to__intogen2024	background
GOLM1	2	0	intogen2024	native_funmap	intogen_temporal_new__to__intogen2024	background
RIN1	2	0	intogen2024	native_funmap	intogen_temporal_new__to__intogen2024	background
FAM174A	2	0	intogen2024	native_funmap	intogen_temporal_new__to__intogen2024	background
TFDP1	2	0	intogen2024	native_funmap	intogen_temporal_new__to__intogen2024	background
F5	2	0	intogen2024	native_funmap	intogen_temporal_new__to__intogen2024	background
ANGEL2	2	0	intogen2024	native_funmap	intogen_temporal_new__to__intogen2024	background
FNDC3A	2	0	intogen2024	native_funmap	intogen_temporal_new__to__intogen2024	background
ADGRF5	2	0	intogen2024	native_funmap	intogen_temporal_new__to__intogen2024	background
VPS26A	2	0	intogen2024	native_funmap	intogen_temporal_new__to__intogen2024	background
SDC4	2	0	intogen2024	native_funmap	intogen_temporal_new__to__intogen2024	background
MAML1	2	0	intogen2024	native_funmap	intogen_temporal_new__to__intogen2024	background
LIMS2	2	0	intogen2024	native_funmap	intogen_temporal_new__to__intogen2024	background
EPDR1	2	0	intogen2024	native_funmap	intogen_temporal_new__to__intogen2024	background
FILIP1L	2	0	intogen2024	native_funmap	intogen_temporal_new__to__intogen2024	background
UTRN	2	0	intogen2024	native_funmap	intogen_temporal_new__to__intogen2024	background
PLIN3	2	0	intogen2024	native_funmap	intogen_temporal_new__to__intogen2024	background
ZNF320	2	0	intogen2024	native_funmap	intogen_temporal_new__to__intogen2024	background
AHNAK	2	0	intogen2024	native_funmap	intogen_temporal_new__to__intogen2024	background
SLC6A19	2	0	intogen2024	native_funmap	intogen_temporal_new__to__intogen2024	background
USP45	2	0	intogen2024	native_funmap	intogen_temporal_new__to__intogen2024	background
AP5Z1	2	0	intogen2024	native_funmap	intogen_temporal_new__to__intogen2024	background
CSNK1A1	2	0	intogen2024	native_funmap	intogen_temporal_new__to__intogen2024	background
MBLAC1	2	0	intogen2024	native_funmap	intogen_temporal_new__to__intogen2024	background
SPTA1	2	0	intogen2024	native_funmap	intogen_temporal_new__to__intogen2024	background
MYADM	2	0	intogen2024	native_funmap	intogen_temporal_new__to__intogen2024	background
MRPS31	2	0	intogen2024	native_funmap	intogen_temporal_new__to__intogen2024	background
BCL2L15	2	0	intogen2024	native_funmap	intogen_temporal_new__to__intogen2024	background
VPS37C	2	0	intogen2024	native_funmap	intogen_temporal_new__to__intogen2024	background
MRVI1	2	0	intogen2024	native_funmap	intogen_temporal_new__to__intogen2024	background
TNFRSF6B	2	0	intogen2024	native_funmap	intogen_temporal_new__to__intogen2024	background
TIMM50	2	0	intogen2024	native_funmap	intogen_temporal_new__to__intogen2024	background
ETHE1	2	0	intogen2024	native_funmap	intogen_temporal_new__to__intogen2024	background
C2orf49	2	0	intogen2024	native_funmap	intogen_temporal_new__to__intogen2024	background
UNC5D	2	0	intogen2024	native_funmap	intogen_temporal_new__to__intogen2024	background
HEATR3	2	0	intogen2024	native_funmap	intogen_temporal_new__to__intogen2024	background
TRA2B	2	0	intogen2024	native_funmap	intogen_temporal_new__to__intogen2024	background
ARV1	2	0	intogen2024	native_funmap	intogen_temporal_new__to__intogen2024	background
KIF1A	2	0	intogen2024	native_funmap	intogen_temporal_new__to__intogen2024	background
ESRP1	2	0	intogen2024	native_funmap	intogen_temporal_new__to__intogen2024	background
DHX58	2	0	intogen2024	native_funmap	intogen_temporal_new__to__intogen2024	background
RNF146	2	0	intogen2024	native_funmap	intogen_temporal_new__to__intogen2024	background
NIPSNAP2	2	0	intogen2024	native_funmap	intogen_temporal_new__to__intogen2024	background
FXYD6	2	0	intogen2024	native_funmap	intogen_temporal_new__to__intogen2024	background
FCER1A	2	0	intogen2024	native_funmap	intogen_temporal_new__to__intogen2024	background
DCK	2	0	intogen2024	native_funmap	intogen_temporal_new__to__intogen2024	background
ARIH1	2	0	intogen2024	native_funmap	intogen_temporal_new__to__intogen2024	background
CBLL1	2	0	intogen2024	native_funmap	intogen_temporal_new__to__intogen2024	background
RBM22	2	0	intogen2024	native_funmap	intogen_temporal_new__to__intogen2024	background
ARHGAP4	2	0	intogen2024	native_funmap	intogen_temporal_new__to__intogen2024	background
PSMD14	2	0	intogen2024	native_funmap	intogen_temporal_new__to__intogen2024	background
HMOX1	2	0	intogen2024	native_funmap	intogen_temporal_new__to__intogen2024	background
LAG3	2	0	intogen2024	native_funmap	intogen_temporal_new__to__intogen2024	background
PAN3	2	0	intogen2024	native_funmap	intogen_temporal_new__to__intogen2024	background
MT1X	2	0	intogen2024	native_funmap	intogen_temporal_new__to__intogen2024	background
EMC1	2	0	intogen2024	native_funmap	intogen_temporal_new__to__intogen2024	background
POLDIP2	2	0	intogen2024	native_funmap	intogen_temporal_new__to__intogen2024	background
FAM83C	2	0	intogen2024	native_funmap	intogen_temporal_new__to__intogen2024	background
NUDT16L1	2	0	intogen2024	native_funmap	intogen_temporal_new__to__intogen2024	background
C1orf87	2	0	intogen2024	native_funmap	intogen_temporal_new__to__intogen2024	background
GPC2	2	0	intogen2024	native_funmap	intogen_temporal_new__to__intogen2024	background
SART1	2	0	intogen2024	native_funmap	intogen_temporal_new__to__intogen2024	background
ATP2A3	2	0	intogen2024	native_funmap	intogen_temporal_new__to__intogen2024	background
GP1BA	2	0	intogen2024	native_funmap	intogen_temporal_new__to__intogen2024	background
PSMD13	2	0	intogen2024	native_funmap	intogen_temporal_new__to__intogen2024	background
CAVIN3	2	0	intogen2024	native_funmap	intogen_temporal_new__to__intogen2024	background
COPS8	2	0	intogen2024	native_funmap	intogen_temporal_new__to__intogen2024	background
HMMR	2	0	intogen2024	native_funmap	intogen_temporal_new__to__intogen2024	background
SLC25A13	2	0	intogen2024	native_funmap	intogen_temporal_new__to__intogen2024	background
DNPEP	2	0	intogen2024	native_funmap	intogen_temporal_new__to__intogen2024	background
NEK7	2	0	intogen2024	native_funmap	intogen_temporal_new__to__intogen2024	background
DNAH10	2	0	intogen2024	native_funmap	intogen_temporal_new__to__intogen2024	background
CD180	2	0	intogen2024	native_funmap	intogen_temporal_new__to__intogen2024	background
HDGF	2	0	intogen2024	native_funmap	intogen_temporal_new__to__intogen2024	background
NDUFAB1	2	0	intogen2024	native_funmap	intogen_temporal_new__to__intogen2024	background
TIGD1	2	0	intogen2024	native_funmap	intogen_temporal_new__to__intogen2024	background
MRTFB	2	0	intogen2024	native_funmap	intogen_temporal_new__to__intogen2024	background
RBM19	2	0	intogen2024	native_funmap	intogen_temporal_new__to__intogen2024	background
TSR1	2	0	intogen2024	native_funmap	intogen_temporal_new__to__intogen2024	background
ACTG1	2	0	intogen2024	native_funmap	intogen_temporal_new__to__intogen2024	background
UBQLN4	2	0	intogen2024	native_funmap	intogen_temporal_new__to__intogen2024	background
C5orf22	2	0	intogen2024	native_funmap	intogen_temporal_new__to__intogen2024	background
SNX20	2	0	intogen2024	native_funmap	intogen_temporal_new__to__intogen2024	background
TMEM214	2	0	intogen2024	native_funmap	intogen_temporal_new__to__intogen2024	background
SH2D2A	2	0	intogen2024	native_funmap	intogen_temporal_new__to__intogen2024	background
PNKD	2	0	intogen2024	native_funmap	intogen_temporal_new__to__intogen2024	background
CDK11B	2	0	intogen2024	native_funmap	intogen_temporal_new__to__intogen2024	background
SCG2	2	0	intogen2024	native_funmap	intogen_temporal_new__to__intogen2024	background
RPL26	2	0	intogen2024	native_funmap	intogen_temporal_new__to__intogen2024	background
HPS5	2	0	intogen2024	native_funmap	intogen_temporal_new__to__intogen2024	background
IL1RAP	2	0	intogen2024	native_funmap	intogen_temporal_new__to__intogen2024	background
ANXA9	2	0	intogen2024	native_funmap	intogen_temporal_new__to__intogen2024	background
MAP4K5	2	0	intogen2024	native_funmap	intogen_temporal_new__to__intogen2024	background
TNFSF13B	2	0	intogen2024	native_funmap	intogen_temporal_new__to__intogen2024	background
CHAF1B	2	0	intogen2024	native_funmap	intogen_temporal_new__to__intogen2024	background
SCFD2	2	0	intogen2024	native_funmap	intogen_temporal_new__to__intogen2024	background
SH3TC1	2	0	intogen2024	native_funmap	intogen_temporal_new__to__intogen2024	background
PRR4	2	0	intogen2024	native_funmap	intogen_temporal_new__to__intogen2024	background
SLC26A3	2	0	intogen2024	native_funmap	intogen_temporal_new__to__intogen2024	background
LOXL2	2	0	intogen2024	native_funmap	intogen_temporal_new__to__intogen2024	background
ZNF341	2	0	intogen2024	native_funmap	intogen_temporal_new__to__intogen2024	background
CORO1B	2	0	intogen2024	native_funmap	intogen_temporal_new__to__intogen2024	background
OSBPL3	2	0	intogen2024	native_funmap	intogen_temporal_new__to__intogen2024	background
CD3EAP	2	0	intogen2024	native_funmap	intogen_temporal_new__to__intogen2024	background
NDUFC1	2	0	intogen2024	native_funmap	intogen_temporal_new__to__intogen2024	background
SOX11	2	0	intogen2024	native_funmap	intogen_temporal_new__to__intogen2024	background
MMGT1	2	0	intogen2024	native_funmap	intogen_temporal_new__to__intogen2024	background
IFIH1	2	0	intogen2024	native_funmap	intogen_temporal_new__to__intogen2024	background
KRTCAP3	2	0	intogen2024	native_funmap	intogen_temporal_new__to__intogen2024	background
ROPN1L	2	0	intogen2024	native_funmap	intogen_temporal_new__to__intogen2024	background
SPDEF	2	0	intogen2024	native_funmap	intogen_temporal_new__to__intogen2024	background
IARS2	2	0	intogen2024	native_funmap	intogen_temporal_new__to__intogen2024	background
TMEM245	2	0	intogen2024	native_funmap	intogen_temporal_new__to__intogen2024	background
IGFL1	2	0	intogen2024	native_funmap	intogen_temporal_new__to__intogen2024	background
TOM1	2	0	intogen2024	native_funmap	intogen_temporal_new__to__intogen2024	background
MAN1A1	2	0	intogen2024	native_funmap	intogen_temporal_new__to__intogen2024	background
TST	2	0	intogen2024	native_funmap	intogen_temporal_new__to__intogen2024	background
PTK2	2	0	intogen2024	native_funmap	intogen_temporal_new__to__intogen2024	background
IK	2	0	intogen2024	native_funmap	intogen_temporal_new__to__intogen2024	background
SEC61B	2	0	intogen2024	native_funmap	intogen_temporal_new__to__intogen2024	background
SELENOM	2	0	intogen2024	native_funmap	intogen_temporal_new__to__intogen2024	background
PYCR3	2	0	intogen2024	native_funmap	intogen_temporal_new__to__intogen2024	background
SYS1	2	0	intogen2024	native_funmap	intogen_temporal_new__to__intogen2024	background
SPTBN2	2	0	intogen2024	native_funmap	intogen_temporal_new__to__intogen2024	background
SUCLG2	2	0	intogen2024	native_funmap	intogen_temporal_new__to__intogen2024	background
RIBC2	2	0	intogen2024	native_funmap	intogen_temporal_new__to__intogen2024	background
ZNF207	2	0	intogen2024	native_funmap	intogen_temporal_new__to__intogen2024	background
ARPC4	2	0	intogen2024	native_funmap	intogen_temporal_new__to__intogen2024	background
ETFA	2	0	intogen2024	native_funmap	intogen_temporal_new__to__intogen2024	background
BPIFB2	2	0	intogen2024	native_funmap	intogen_temporal_new__to__intogen2024	background
GCH1	2	0	intogen2024	native_funmap	intogen_temporal_new__to__intogen2024	background
MINDY3	2	0	intogen2024	native_funmap	intogen_temporal_new__to__intogen2024	background
FBP1	2	0	intogen2024	native_funmap	intogen_temporal_new__to__intogen2024	background
ZNF394	2	0	intogen2024	native_funmap	intogen_temporal_new__to__intogen2024	background
PSME2	2	0	intogen2024	native_funmap	intogen_temporal_new__to__intogen2024	background
REPIN1	2	0	intogen2024	native_funmap	intogen_temporal_new__to__intogen2024	background
FYTTD1	2	0	intogen2024	native_funmap	intogen_temporal_new__to__intogen2024	background
DNAJB7	2	0	intogen2024	native_funmap	intogen_temporal_new__to__intogen2024	background
POLR2C	2	0	intogen2024	native_funmap	intogen_temporal_new__to__intogen2024	background
ZNF655	2	0	intogen2024	native_funmap	intogen_temporal_new__to__intogen2024	background
GIMAP2	2	0	intogen2024	native_funmap	intogen_temporal_new__to__intogen2024	background
PLOD2	2	0	intogen2024	native_funmap	intogen_temporal_new__to__intogen2024	background
MYH14	2	0	intogen2024	native_funmap	intogen_temporal_new__to__intogen2024	background
NUDT21	2	0	intogen2024	native_funmap	intogen_temporal_new__to__intogen2024	background
KIF18A	2	0	intogen2024	native_funmap	intogen_temporal_new__to__intogen2024	background
POP4	2	0	intogen2024	native_funmap	intogen_temporal_new__to__intogen2024	background
FAM110D	2	0	intogen2024	native_funmap	intogen_temporal_new__to__intogen2024	background
MMP13	2	0	intogen2024	native_funmap	intogen_temporal_new__to__intogen2024	background
SEMA7A	2	0	intogen2024	native_funmap	intogen_temporal_new__to__intogen2024	background
DEGS1	2	0	intogen2024	native_funmap	intogen_temporal_new__to__intogen2024	background
CCDC50	2	0	intogen2024	native_funmap	intogen_temporal_new__to__intogen2024	background
IFT122	2	0	intogen2024	native_funmap	intogen_temporal_new__to__intogen2024	background
SCD5	2	0	intogen2024	native_funmap	intogen_temporal_new__to__intogen2024	background
SEPTIN5	2	0	intogen2024	native_funmap	intogen_temporal_new__to__intogen2024	background
C11orf88	2	0	intogen2024	native_funmap	intogen_temporal_new__to__intogen2024	background
LYPLAL1	2	0	intogen2024	native_funmap	intogen_temporal_new__to__intogen2024	background
TEAD3	2	0	intogen2024	native_funmap	intogen_temporal_new__to__intogen2024	background
EXPH5	2	0	intogen2024	native_funmap	intogen_temporal_new__to__intogen2024	background
ULK1	2	0	intogen2024	native_funmap	intogen_temporal_new__to__intogen2024	background
APOD	2	0	intogen2024	native_funmap	intogen_temporal_new__to__intogen2024	background
MGAT2	2	0	intogen2024	native_funmap	intogen_temporal_new__to__intogen2024	background
MRPL33	2	0	intogen2024	native_funmap	intogen_temporal_new__to__intogen2024	background
PABPC4	2	0	intogen2024	native_funmap	intogen_temporal_new__to__intogen2024	background
PPP1R9B	2	0	intogen2024	native_funmap	intogen_temporal_new__to__intogen2024	background
STRBP	2	0	intogen2024	native_funmap	intogen_temporal_new__to__intogen2024	background
COX6C	2	0	intogen2024	native_funmap	intogen_temporal_new__to__intogen2024	background
SCUBE3	2	0	intogen2024	native_funmap	intogen_temporal_new__to__intogen2024	background
CAVIN2	2	0	intogen2024	native_funmap	intogen_temporal_new__to__intogen2024	background
C11orf58	2	0	intogen2024	native_funmap	intogen_temporal_new__to__intogen2024	background
TRAPPC6A	2	0	intogen2024	native_funmap	intogen_temporal_new__to__intogen2024	background
MYOM1	2	0	intogen2024	native_funmap	intogen_temporal_new__to__intogen2024	background
CILP	2	0	intogen2024	native_funmap	intogen_temporal_new__to__intogen2024	background
SUMF1	2	0	intogen2024	native_funmap	intogen_temporal_new__to__intogen2024	background
BRD4	3	1	intogen2024	native_funmap	intogen_temporal_new__to__intogen2024	target
FAS	3	1	intogen2024	native_funmap	intogen_temporal_new__to__intogen2024	target
CASP8	3	1	intogen2024	native_funmap	intogen_temporal_new__to__intogen2024	target
ERBB3	3	1	intogen2024	native_funmap	intogen_temporal_new__to__intogen2024	target
KIT	3	1	intogen2024	native_funmap	intogen_temporal_new__to__intogen2024	target
NPRL2	3	1	intogen2024	native_funmap	intogen_temporal_new__to__intogen2024	target
SOS1	3	1	intogen2024	native_funmap	intogen_temporal_new__to__intogen2024	target
RHOA	3	1	intogen2024	native_funmap	intogen_temporal_new__to__intogen2024	target
PABPC1	3	1	intogen2024	native_funmap	intogen_temporal_new__to__intogen2024	target
NSD2	3	1	intogen2024	native_funmap	intogen_temporal_new__to__intogen2024	target
PDGFRA	3	1	intogen2024	native_funmap	intogen_temporal_new__to__intogen2024	target
PTPN11	3	1	intogen2024	native_funmap	intogen_temporal_new__to__intogen2024	target
SGK1	3	1	intogen2024	native_funmap	intogen_temporal_new__to__intogen2024	target
SF3B1	3	1	intogen2024	native_funmap	intogen_temporal_new__to__intogen2024	target
PIK3R1	3	1	intogen2024	native_funmap	intogen_temporal_new__to__intogen2024	target
DHX9	3	1	intogen2024	native_funmap	intogen_temporal_new__to__intogen2024	target
SUSD2	3	1	intogen2024	native_funmap	intogen_temporal_new__to__intogen2024	target
RNF6	3	1	intogen2024	native_funmap	intogen_temporal_new__to__intogen2024	target
TNFRSF14	3	1	intogen2024	native_funmap	intogen_temporal_new__to__intogen2024	target
KIF5B	3	1	intogen2024	native_funmap	intogen_temporal_new__to__intogen2024	target
DAXX	3	1	intogen2024	native_funmap	intogen_temporal_new__to__intogen2024	target
PBRM1	3	1	intogen2024	native_funmap	intogen_temporal_new__to__intogen2024	target
CDH1	3	1	intogen2024	native_funmap	intogen_temporal_new__to__intogen2024	target
NKX2-1	3	1	intogen2024	native_funmap	intogen_temporal_new__to__intogen2024	target
ZNF521	3	1	intogen2024	native_funmap	intogen_temporal_new__to__intogen2024	target
RBM10	3	1	intogen2024	native_funmap	intogen_temporal_new__to__intogen2024	target
DGCR8	3	1	intogen2024	native_funmap	intogen_temporal_new__to__intogen2024	target
RRAS2	3	1	intogen2024	native_funmap	intogen_temporal_new__to__intogen2024	target
BCOR	3	1	intogen2024	native_funmap	intogen_temporal_new__to__intogen2024	target
TRIM33	3	1	intogen2024	native_funmap	intogen_temporal_new__to__intogen2024	target
XPO1	3	1	intogen2024	native_funmap	intogen_temporal_new__to__intogen2024	target
SMC1A	3	1	intogen2024	native_funmap	intogen_temporal_new__to__intogen2024	target
CLIP1	3	1	intogen2024	native_funmap	intogen_temporal_new__to__intogen2024	target
TFAP4	3	1	intogen2024	native_funmap	intogen_temporal_new__to__intogen2024	target
TRIP11	3	1	intogen2024	native_funmap	intogen_temporal_new__to__intogen2024	target
EWSR1	3	1	intogen2024	native_funmap	intogen_temporal_new__to__intogen2024	target
ARHGAP5	3	1	intogen2024	native_funmap	intogen_temporal_new__to__intogen2024	target
PDCD1LG2	3	1	intogen2024	native_funmap	intogen_temporal_new__to__intogen2024	target
FOXO1	3	1	intogen2024	native_funmap	intogen_temporal_new__to__intogen2024	target
KDM5A	3	1	intogen2024	native_funmap	intogen_temporal_new__to__intogen2024	target
TRRAP	3	1	intogen2024	native_funmap	intogen_temporal_new__to__intogen2024	target
CDKN1A	3	1	intogen2024	native_funmap	intogen_temporal_new__to__intogen2024	target
DDX3X	3	1	intogen2024	native_funmap	intogen_temporal_new__to__intogen2024	target
COL1A1	3	1	intogen2024	native_funmap	intogen_temporal_new__to__intogen2024	target
ZNF814	3	1	intogen2024	native_funmap	intogen_temporal_new__to__intogen2024	target
TRAF3	3	1	intogen2024	native_funmap	intogen_temporal_new__to__intogen2024	target
ZBTB7B	3	1	intogen2024	native_funmap	intogen_temporal_new__to__intogen2024	target
POLE	3	1	intogen2024	native_funmap	intogen_temporal_new__to__intogen2024	target
PSIP1	3	1	intogen2024	native_funmap	intogen_temporal_new__to__intogen2024	target
BRCA2	3	1	intogen2024	native_funmap	intogen_temporal_new__to__intogen2024	target
WAS	3	1	intogen2024	native_funmap	intogen_temporal_new__to__intogen2024	target
PARP4	3	1	intogen2024	native_funmap	intogen_temporal_new__to__intogen2024	target
HNF1A	3	1	intogen2024	native_funmap	intogen_temporal_new__to__intogen2024	target
KAT6B	3	1	intogen2024	native_funmap	intogen_temporal_new__to__intogen2024	target
DDX6	3	1	intogen2024	native_funmap	intogen_temporal_new__to__intogen2024	target
PPP3CA	3	1	intogen2024	native_funmap	intogen_temporal_new__to__intogen2024	target
STAT6	3	1	intogen2024	native_funmap	intogen_temporal_new__to__intogen2024	target
NFE2L2	3	1	intogen2024	native_funmap	intogen_temporal_new__to__intogen2024	target
PEG3	3	1	intogen2024	native_funmap	intogen_temporal_new__to__intogen2024	target
ZFP36L1	3	1	intogen2024	native_funmap	intogen_temporal_new__to__intogen2024	target
PRKAR1A	3	1	intogen2024	native_funmap	intogen_temporal_new__to__intogen2024	target
SETDB1	3	1	intogen2024	native_funmap	intogen_temporal_new__to__intogen2024	target
ESRRA	3	1	intogen2024	native_funmap	intogen_temporal_new__to__intogen2024	target
EP300	3	1	intogen2024	native_funmap	intogen_temporal_new__to__intogen2024	target
UBR5	3	1	intogen2024	native_funmap	intogen_temporal_new__to__intogen2024	target
ARHGEF10L	3	1	intogen2024	native_funmap	intogen_temporal_new__to__intogen2024	target
BCORL1	3	1	intogen2024	native_funmap	intogen_temporal_new__to__intogen2024	target
TNC	3	1	intogen2024	native_funmap	intogen_temporal_new__to__intogen2024	target
RBM15	3	1	intogen2024	native_funmap	intogen_temporal_new__to__intogen2024	target
RPL22	3	1	intogen2024	native_funmap	intogen_temporal_new__to__intogen2024	target
KRAS	3	1	intogen2024	native_funmap	intogen_temporal_new__to__intogen2024	target
NFKBIA	3	1	intogen2024	native_funmap	intogen_temporal_new__to__intogen2024	target
CD58	3	1	intogen2024	native_funmap	intogen_temporal_new__to__intogen2024	target
BIRC3	3	1	intogen2024	native_funmap	intogen_temporal_new__to__intogen2024	target
SUZ12	3	1	intogen2024	native_funmap	intogen_temporal_new__to__intogen2024	target
CCDC6	3	1	intogen2024	native_funmap	intogen_temporal_new__to__intogen2024	target
ATF7IP	3	1	intogen2024	native_funmap	intogen_temporal_new__to__intogen2024	target
ARID2	3	1	intogen2024	native_funmap	intogen_temporal_new__to__intogen2024	target
GATA2	3	1	intogen2024	native_funmap	intogen_temporal_new__to__intogen2024	target
FAT2	3	1	intogen2024	native_funmap	intogen_temporal_new__to__intogen2024	target
PREX2	3	1	intogen2024	native_funmap	intogen_temporal_new__to__intogen2024	target
DROSHA	3	1	intogen2024	native_funmap	intogen_temporal_new__to__intogen2024	target
CHD4	3	1	intogen2024	native_funmap	intogen_temporal_new__to__intogen2024	target
PRDM2	3	1	intogen2024	native_funmap	intogen_temporal_new__to__intogen2024	target
NSD1	3	1	intogen2024	native_funmap	intogen_temporal_new__to__intogen2024	target
CHD2	3	1	intogen2024	native_funmap	intogen_temporal_new__to__intogen2024	target
WNK2	3	1	intogen2024	native_funmap	intogen_temporal_new__to__intogen2024	target
PCMTD1	3	1	intogen2024	native_funmap	intogen_temporal_new__to__intogen2024	target
BIRC6	3	1	intogen2024	native_funmap	intogen_temporal_new__to__intogen2024	target
HSP90AA1	3	1	intogen2024	native_funmap	intogen_temporal_new__to__intogen2024	target
BCL9L	3	1	intogen2024	native_funmap	intogen_temporal_new__to__intogen2024	target
KMT2D	3	1	intogen2024	native_funmap	intogen_temporal_new__to__intogen2024	target
CDK12	3	1	intogen2024	native_funmap	intogen_temporal_new__to__intogen2024	target
ZFHX3	3	1	intogen2024	native_funmap	intogen_temporal_new__to__intogen2024	target
TOP2A	3	1	intogen2024	native_funmap	intogen_temporal_new__to__intogen2024	target
ZRSR2	3	1	intogen2024	native_funmap	intogen_temporal_new__to__intogen2024	target
CNOT9	3	1	intogen2024	native_funmap	intogen_temporal_new__to__intogen2024	target
MAP2K1	3	1	intogen2024	native_funmap	intogen_temporal_new__to__intogen2024	target
NUP214	3	1	intogen2024	native_funmap	intogen_temporal_new__to__intogen2024	target
ATR	3	1	intogen2024	native_funmap	intogen_temporal_new__to__intogen2024	target
ERCC2	3	1	intogen2024	native_funmap	intogen_temporal_new__to__intogen2024	target
FGD5	3	1	intogen2024	native_funmap	intogen_temporal_new__to__intogen2024	target
SOX17	3	1	intogen2024	native_funmap	intogen_temporal_new__to__intogen2024	target
KDM6A	3	1	intogen2024	native_funmap	intogen_temporal_new__to__intogen2024	target
KLHL6	3	1	intogen2024	native_funmap	intogen_temporal_new__to__intogen2024	target
FANCA	3	1	intogen2024	native_funmap	intogen_temporal_new__to__intogen2024	target
MGA	3	1	intogen2024	native_funmap	intogen_temporal_new__to__intogen2024	target
PTMA	3	1	intogen2024	native_funmap	intogen_temporal_new__to__intogen2024	target
ERG	3	1	intogen2024	native_funmap	intogen_temporal_new__to__intogen2024	target
MTOR	3	1	intogen2024	native_funmap	intogen_temporal_new__to__intogen2024	target
MARK2	3	1	intogen2024	native_funmap	intogen_temporal_new__to__intogen2024	target
FAM174B	3	1	intogen2024	native_funmap	intogen_temporal_new__to__intogen2024	target
CREBBP	3	1	intogen2024	native_funmap	intogen_temporal_new__to__intogen2024	target
MAP2K7	3	1	intogen2024	native_funmap	intogen_temporal_new__to__intogen2024	target
ELN	3	1	intogen2024	native_funmap	intogen_temporal_new__to__intogen2024	target
TGFBR2	3	1	intogen2024	native_funmap	intogen_temporal_new__to__intogen2024	target
PTPRB	3	1	intogen2024	native_funmap	intogen_temporal_new__to__intogen2024	target
FUBP1	3	1	intogen2024	native_funmap	intogen_temporal_new__to__intogen2024	target
STAT3	3	1	intogen2024	native_funmap	intogen_temporal_new__to__intogen2024	target
ARID1A	3	1	intogen2024	native_funmap	intogen_temporal_new__to__intogen2024	target
MB21D2	3	1	intogen2024	native_funmap	intogen_temporal_new__to__intogen2024	target
EIF3E	3	1	intogen2024	native_funmap	intogen_temporal_new__to__intogen2024	target
JAK1	3	1	intogen2024	native_funmap	intogen_temporal_new__to__intogen2024	target
SMAD2	3	1	intogen2024	native_funmap	intogen_temporal_new__to__intogen2024	target
HNRNPA2B1	3	1	intogen2024	native_funmap	intogen_temporal_new__to__intogen2024	target
SIX1	3	1	intogen2024	native_funmap	intogen_temporal_new__to__intogen2024	target
RPS3A	3	1	intogen2024	native_funmap	intogen_temporal_new__to__intogen2024	target
TET1	3	1	intogen2024	native_funmap	intogen_temporal_new__to__intogen2024	target
TRIM24	3	1	intogen2024	native_funmap	intogen_temporal_new__to__intogen2024	target
ETV6	3	1	intogen2024	native_funmap	intogen_temporal_new__to__intogen2024	target
RASA1	3	1	intogen2024	native_funmap	intogen_temporal_new__to__intogen2024	target
KLF5	3	1	intogen2024	native_funmap	intogen_temporal_new__to__intogen2024	target
RECQL4	3	1	intogen2024	native_funmap	intogen_temporal_new__to__intogen2024	target
RASA2	3	1	intogen2024	native_funmap	intogen_temporal_new__to__intogen2024	target
CRTC1	3	1	intogen2024	native_funmap	intogen_temporal_new__to__intogen2024	target
GMPS	3	1	intogen2024	native_funmap	intogen_temporal_new__to__intogen2024	target
DOT1L	3	1	intogen2024	native_funmap	intogen_temporal_new__to__intogen2024	target
ESR1	3	1	intogen2024	native_funmap	intogen_temporal_new__to__intogen2024	target
PLCG1	3	1	intogen2024	native_funmap	intogen_temporal_new__to__intogen2024	target
NOTCH1	3	1	intogen2024	native_funmap	intogen_temporal_new__to__intogen2024	target
RELA	3	1	intogen2024	native_funmap	intogen_temporal_new__to__intogen2024	target
NTRK3	3	1	intogen2024	native_funmap	intogen_temporal_new__to__intogen2024	target
PMS2	3	1	intogen2024	native_funmap	intogen_temporal_new__to__intogen2024	target
MSI2	3	1	intogen2024	native_funmap	intogen_temporal_new__to__intogen2024	target
NCOR1	3	1	intogen2024	native_funmap	intogen_temporal_new__to__intogen2024	target
NPM1	3	1	intogen2024	native_funmap	intogen_temporal_new__to__intogen2024	target
ABL1	3	1	intogen2024	native_funmap	intogen_temporal_new__to__intogen2024	target
SIRPA	3	1	intogen2024	native_funmap	intogen_temporal_new__to__intogen2024	target
POLD1	3	1	intogen2024	native_funmap	intogen_temporal_new__to__intogen2024	target
RPS6KA3	3	1	intogen2024	native_funmap	intogen_temporal_new__to__intogen2024	target
TP53	3	1	intogen2024	native_funmap	intogen_temporal_new__to__intogen2024	target
CYLD	3	1	intogen2024	native_funmap	intogen_temporal_new__to__intogen2024	target
ZEB1	3	1	intogen2024	native_funmap	intogen_temporal_new__to__intogen2024	target
FLCN	3	1	intogen2024	native_funmap	intogen_temporal_new__to__intogen2024	target
SMARCB1	3	1	intogen2024	native_funmap	intogen_temporal_new__to__intogen2024	target
NCOR2	3	1	intogen2024	native_funmap	intogen_temporal_new__to__intogen2024	target
LDB1	3	1	intogen2024	native_funmap	intogen_temporal_new__to__intogen2024	target
PTEN	3	1	intogen2024	native_funmap	intogen_temporal_new__to__intogen2024	target
RAF1	3	1	intogen2024	native_funmap	intogen_temporal_new__to__intogen2024	target
HGF	3	1	intogen2024	native_funmap	intogen_temporal_new__to__intogen2024	target
ATRX	3	1	intogen2024	native_funmap	intogen_temporal_new__to__intogen2024	target
POT1	3	1	intogen2024	native_funmap	intogen_temporal_new__to__intogen2024	target
CARD11	3	1	intogen2024	native_funmap	intogen_temporal_new__to__intogen2024	target
IRAK1	3	1	intogen2024	native_funmap	intogen_temporal_new__to__intogen2024	target
TCF4	3	1	intogen2024	native_funmap	intogen_temporal_new__to__intogen2024	target
AKT3	3	1	intogen2024	native_funmap	intogen_temporal_new__to__intogen2024	target
NFATC2	3	1	intogen2024	native_funmap	intogen_temporal_new__to__intogen2024	target
PIK3CA	3	1	intogen2024	native_funmap	intogen_temporal_new__to__intogen2024	target
PPP2R1A	3	1	intogen2024	native_funmap	intogen_temporal_new__to__intogen2024	target
PTPRC	3	1	intogen2024	native_funmap	intogen_temporal_new__to__intogen2024	target
PTPN6	3	1	intogen2024	native_funmap	intogen_temporal_new__to__intogen2024	target
RIPK1	3	1	intogen2024	native_funmap	intogen_temporal_new__to__intogen2024	target
CUL3	3	1	intogen2024	native_funmap	intogen_temporal_new__to__intogen2024	target
TBL1XR1	3	1	intogen2024	native_funmap	intogen_temporal_new__to__intogen2024	target
MYH9	3	1	intogen2024	native_funmap	intogen_temporal_new__to__intogen2024	target
CXCR4	3	1	intogen2024	native_funmap	intogen_temporal_new__to__intogen2024	target
BCL7A	3	1	intogen2024	native_funmap	intogen_temporal_new__to__intogen2024	target
TGIF1	3	1	intogen2024	native_funmap	intogen_temporal_new__to__intogen2024	target
ELL	3	1	intogen2024	native_funmap	intogen_temporal_new__to__intogen2024	target
NIPBL	3	1	intogen2024	native_funmap	intogen_temporal_new__to__intogen2024	target
FAT4	3	1	intogen2024	native_funmap	intogen_temporal_new__to__intogen2024	target
EZH2	3	1	intogen2024	native_funmap	intogen_temporal_new__to__intogen2024	target
CTCF	3	1	intogen2024	native_funmap	intogen_temporal_new__to__intogen2024	target
HIP1	3	1	intogen2024	native_funmap	intogen_temporal_new__to__intogen2024	target
CBFB	3	1	intogen2024	native_funmap	intogen_temporal_new__to__intogen2024	target
SETD1B	3	1	intogen2024	native_funmap	intogen_temporal_new__to__intogen2024	target
JAK3	3	1	intogen2024	native_funmap	intogen_temporal_new__to__intogen2024	target
ZNF93	3	1	intogen2024	native_funmap	intogen_temporal_new__to__intogen2024	target
ELF3	3	1	intogen2024	native_funmap	intogen_temporal_new__to__intogen2024	target
KDM3B	3	1	intogen2024	native_funmap	intogen_temporal_new__to__intogen2024	target
KDR	3	1	intogen2024	native_funmap	intogen_temporal_new__to__intogen2024	target
ARID1B	3	1	intogen2024	native_funmap	intogen_temporal_new__to__intogen2024	target
PRDM1	3	1	intogen2024	native_funmap	intogen_temporal_new__to__intogen2024	target
BCL10	3	1	intogen2024	native_funmap	intogen_temporal_new__to__intogen2024	target
CDH11	3	1	intogen2024	native_funmap	intogen_temporal_new__to__intogen2024	target
NT5C3A	3	1	intogen2024	native_funmap	intogen_temporal_new__to__intogen2024	target
TCF7L2	3	1	intogen2024	native_funmap	intogen_temporal_new__to__intogen2024	target
FOXO3	3	1	intogen2024	native_funmap	intogen_temporal_new__to__intogen2024	target
RNF213	3	1	intogen2024	native_funmap	intogen_temporal_new__to__intogen2024	target
EPS15	3	1	intogen2024	native_funmap	intogen_temporal_new__to__intogen2024	target
FHIT	3	1	intogen2024	native_funmap	intogen_temporal_new__to__intogen2024	target
IKZF1	3	1	intogen2024	native_funmap	intogen_temporal_new__to__intogen2024	target
ARHGEF10	3	1	intogen2024	native_funmap	intogen_temporal_new__to__intogen2024	target
KLF4	3	1	intogen2024	native_funmap	intogen_temporal_new__to__intogen2024	target
IDH2	3	1	intogen2024	native_funmap	intogen_temporal_new__to__intogen2024	target
LATS2	3	1	intogen2024	native_funmap	intogen_temporal_new__to__intogen2024	target
DNMT3A	3	1	intogen2024	native_funmap	intogen_temporal_new__to__intogen2024	target
GNAQ	3	1	intogen2024	native_funmap	intogen_temporal_new__to__intogen2024	target
IRF1	3	1	intogen2024	native_funmap	intogen_temporal_new__to__intogen2024	target
ING1	3	1	intogen2024	native_funmap	intogen_temporal_new__to__intogen2024	target
CDC73	3	1	intogen2024	native_funmap	intogen_temporal_new__to__intogen2024	target
SH2B3	3	1	intogen2024	native_funmap	intogen_temporal_new__to__intogen2024	target
IL7R	3	1	intogen2024	native_funmap	intogen_temporal_new__to__intogen2024	target
IKZF3	3	1	intogen2024	native_funmap	intogen_temporal_new__to__intogen2024	target
MALT1	3	1	intogen2024	native_funmap	intogen_temporal_new__to__intogen2024	target
ARHGAP35	3	1	intogen2024	native_funmap	intogen_temporal_new__to__intogen2024	target
PHF6	3	1	intogen2024	native_funmap	intogen_temporal_new__to__intogen2024	target
H3-3A	3	1	intogen2024	native_funmap	intogen_temporal_new__to__intogen2024	target
GNAS	3	1	intogen2024	native_funmap	intogen_temporal_new__to__intogen2024	target
VHL	3	1	intogen2024	native_funmap	intogen_temporal_new__to__intogen2024	target
IRF4	3	1	intogen2024	native_funmap	intogen_temporal_new__to__intogen2024	target
HLA-A	3	1	intogen2024	native_funmap	intogen_temporal_new__to__intogen2024	target
ATM	3	1	intogen2024	native_funmap	intogen_temporal_new__to__intogen2024	target
LATS1	3	1	intogen2024	native_funmap	intogen_temporal_new__to__intogen2024	target
DICER1	3	1	intogen2024	native_funmap	intogen_temporal_new__to__intogen2024	target
EBF1	3	1	intogen2024	native_funmap	intogen_temporal_new__to__intogen2024	target
MSN	3	1	intogen2024	native_funmap	intogen_temporal_new__to__intogen2024	target
BRCA1	3	1	intogen2024	native_funmap	intogen_temporal_new__to__intogen2024	target
TBX3	3	1	intogen2024	native_funmap	intogen_temporal_new__to__intogen2024	target
ERCC3	3	1	intogen2024	native_funmap	intogen_temporal_new__to__intogen2024	target
DIS3	3	1	intogen2024	native_funmap	intogen_temporal_new__to__intogen2024	target
RAC1	3	1	intogen2024	native_funmap	intogen_temporal_new__to__intogen2024	target
CBL	3	1	intogen2024	native_funmap	intogen_temporal_new__to__intogen2024	target
U2AF2	3	1	intogen2024	native_funmap	intogen_temporal_new__to__intogen2024	target
LZTR1	3	1	intogen2024	native_funmap	intogen_temporal_new__to__intogen2024	target
ZNF780A	3	1	intogen2024	native_funmap	intogen_temporal_new__to__intogen2024	target
HLA-B	3	1	intogen2024	native_funmap	intogen_temporal_new__to__intogen2024	target
SETD2	3	1	intogen2024	native_funmap	intogen_temporal_new__to__intogen2024	target
STAG2	3	1	intogen2024	native_funmap	intogen_temporal_new__to__intogen2024	target
NF2	3	1	intogen2024	native_funmap	intogen_temporal_new__to__intogen2024	target
NFKBIE	3	1	intogen2024	native_funmap	intogen_temporal_new__to__intogen2024	target
BCR	3	1	intogen2024	native_funmap	intogen_temporal_new__to__intogen2024	target
ZCRB1	3	1	intogen2024	native_funmap	intogen_temporal_new__to__intogen2024	target
CMTR2	3	1	intogen2024	native_funmap	intogen_temporal_new__to__intogen2024	target
IKBKB	3	1	intogen2024	native_funmap	intogen_temporal_new__to__intogen2024	target
ERBB2	3	1	intogen2024	native_funmap	intogen_temporal_new__to__intogen2024	target
FBXO11	3	1	intogen2024	native_funmap	intogen_temporal_new__to__intogen2024	target
CNOT3	3	1	intogen2024	native_funmap	intogen_temporal_new__to__intogen2024	target
NF1	3	1	intogen2024	native_funmap	intogen_temporal_new__to__intogen2024	target
AMER1	3	1	intogen2024	native_funmap	intogen_temporal_new__to__intogen2024	target
POLQ	3	1	intogen2024	native_funmap	intogen_temporal_new__to__intogen2024	target
AJUBA	3	1	intogen2024	native_funmap	intogen_temporal_new__to__intogen2024	target
PML	3	1	intogen2024	native_funmap	intogen_temporal_new__to__intogen2024	target
MYO5A	3	1	intogen2024	native_funmap	intogen_temporal_new__to__intogen2024	target
CUX1	3	1	intogen2024	native_funmap	intogen_temporal_new__to__intogen2024	target
TSC2	3	1	intogen2024	native_funmap	intogen_temporal_new__to__intogen2024	target
CASZ1	3	1	intogen2024	native_funmap	intogen_temporal_new__to__intogen2024	target
IDH1	3	1	intogen2024	native_funmap	intogen_temporal_new__to__intogen2024	target
SRSF2	3	1	intogen2024	native_funmap	intogen_temporal_new__to__intogen2024	target
BTK	3	1	intogen2024	native_funmap	intogen_temporal_new__to__intogen2024	target
ASXL1	3	1	intogen2024	native_funmap	intogen_temporal_new__to__intogen2024	target
JAK2	3	1	intogen2024	native_funmap	intogen_temporal_new__to__intogen2024	target
STK11	3	1	intogen2024	native_funmap	intogen_temporal_new__to__intogen2024	target
BCL9	3	1	intogen2024	native_funmap	intogen_temporal_new__to__intogen2024	target
PPP6C	3	1	intogen2024	native_funmap	intogen_temporal_new__to__intogen2024	target
TSC1	3	1	intogen2024	native_funmap	intogen_temporal_new__to__intogen2024	target
EGFR	3	1	intogen2024	native_funmap	intogen_temporal_new__to__intogen2024	target
FBN2	3	1	intogen2024	native_funmap	intogen_temporal_new__to__intogen2024	target
SPEN	3	1	intogen2024	native_funmap	intogen_temporal_new__to__intogen2024	target
AXIN1	3	1	intogen2024	native_funmap	intogen_temporal_new__to__intogen2024	target
RXRA	3	1	intogen2024	native_funmap	intogen_temporal_new__to__intogen2024	target
RUNX1T1	3	1	intogen2024	native_funmap	intogen_temporal_new__to__intogen2024	target
NCOA1	3	1	intogen2024	native_funmap	intogen_temporal_new__to__intogen2024	target
PDGFRB	3	1	intogen2024	native_funmap	intogen_temporal_new__to__intogen2024	target
ATG7	3	1	intogen2024	native_funmap	intogen_temporal_new__to__intogen2024	target
NRAS	3	1	intogen2024	native_funmap	intogen_temporal_new__to__intogen2024	target
BCLAF1	3	1	intogen2024	native_funmap	intogen_temporal_new__to__intogen2024	target
NXF1	3	1	intogen2024	native_funmap	intogen_temporal_new__to__intogen2024	target
GNA11	3	1	intogen2024	native_funmap	intogen_temporal_new__to__intogen2024	target
KMT2C	3	1	intogen2024	native_funmap	intogen_temporal_new__to__intogen2024	target
MAP2K4	3	1	intogen2024	native_funmap	intogen_temporal_new__to__intogen2024	target
BMPR1A	3	1	intogen2024	native_funmap	intogen_temporal_new__to__intogen2024	target
MAPK1	3	1	intogen2024	native_funmap	intogen_temporal_new__to__intogen2024	target
NCOA2	3	1	intogen2024	native_funmap	intogen_temporal_new__to__intogen2024	target
UBE2A	3	1	intogen2024	native_funmap	intogen_temporal_new__to__intogen2024	target
RBM39	3	1	intogen2024	native_funmap	intogen_temporal_new__to__intogen2024	target
NFKB2	3	1	intogen2024	native_funmap	intogen_temporal_new__to__intogen2024	target
ARHGEF12	3	1	intogen2024	native_funmap	intogen_temporal_new__to__intogen2024	target
EPHA2	3	1	intogen2024	native_funmap	intogen_temporal_new__to__intogen2024	target
GNA13	3	1	intogen2024	native_funmap	intogen_temporal_new__to__intogen2024	target
USP9X	3	1	intogen2024	native_funmap	intogen_temporal_new__to__intogen2024	target
MDM2	3	1	intogen2024	native_funmap	intogen_temporal_new__to__intogen2024	target
NKTR	3	1	intogen2024	native_funmap	intogen_temporal_new__to__intogen2024	target
GNAI2	3	1	intogen2024	native_funmap	intogen_temporal_new__to__intogen2024	target
AKT1	3	1	intogen2024	native_funmap	intogen_temporal_new__to__intogen2024	target
FLT4	3	1	intogen2024	native_funmap	intogen_temporal_new__to__intogen2024	target
HSP90AB1	3	1	intogen2024	native_funmap	intogen_temporal_new__to__intogen2024	target
KEAP1	3	1	intogen2024	native_funmap	intogen_temporal_new__to__intogen2024	target
SIN3A	3	1	intogen2024	native_funmap	intogen_temporal_new__to__intogen2024	target
EPHA3	3	1	intogen2024	native_funmap	intogen_temporal_new__to__intogen2024	target
MLLT1	3	1	intogen2024	native_funmap	intogen_temporal_new__to__intogen2024	target
TNFAIP3	3	1	intogen2024	native_funmap	intogen_temporal_new__to__intogen2024	target
PCBP1	3	1	intogen2024	native_funmap	intogen_temporal_new__to__intogen2024	target
MYC	3	1	intogen2024	native_funmap	intogen_temporal_new__to__intogen2024	target
GTF2I	3	1	intogen2024	native_funmap	intogen_temporal_new__to__intogen2024	target
TP63	3	1	intogen2024	native_funmap	intogen_temporal_new__to__intogen2024	target
KDM5C	3	1	intogen2024	native_funmap	intogen_temporal_new__to__intogen2024	target
MYD88	3	1	intogen2024	native_funmap	intogen_temporal_new__to__intogen2024	target
PRKCD	3	1	intogen2024	native_funmap	intogen_temporal_new__to__intogen2024	target
MAX	3	1	intogen2024	native_funmap	intogen_temporal_new__to__intogen2024	target
RAP1GDS1	3	1	intogen2024	native_funmap	intogen_temporal_new__to__intogen2024	target
ELF4	3	1	intogen2024	native_funmap	intogen_temporal_new__to__intogen2024	target
ZBTB16	3	1	intogen2024	native_funmap	intogen_temporal_new__to__intogen2024	target
RPL10	3	1	intogen2024	native_funmap	intogen_temporal_new__to__intogen2024	target
POU2F2	3	1	intogen2024	native_funmap	intogen_temporal_new__to__intogen2024	target
VAV1	3	1	intogen2024	native_funmap	intogen_temporal_new__to__intogen2024	target
KMT2B	3	1	intogen2024	native_funmap	intogen_temporal_new__to__intogen2024	target
RAD21	3	1	intogen2024	native_funmap	intogen_temporal_new__to__intogen2024	target
HSPG2	3	1	intogen2024	native_funmap	intogen_temporal_new__to__intogen2024	target
DDB2	3	1	intogen2024	native_funmap	intogen_temporal_new__to__intogen2024	target
MED12	3	1	intogen2024	native_funmap	intogen_temporal_new__to__intogen2024	target
SP140	3	1	intogen2024	native_funmap	intogen_temporal_new__to__intogen2024	target
RANBP2	3	1	intogen2024	native_funmap	intogen_temporal_new__to__intogen2024	target
TAF15	3	1	intogen2024	native_funmap	intogen_temporal_new__to__intogen2024	target
CHEK2	3	1	intogen2024	native_funmap	intogen_temporal_new__to__intogen2024	target
IL6ST	3	1	intogen2024	native_funmap	intogen_temporal_new__to__intogen2024	target
GATA3	3	1	intogen2024	native_funmap	intogen_temporal_new__to__intogen2024	target
ACSL3	3	1	intogen2024	native_funmap	intogen_temporal_new__to__intogen2024	target
PRKCB	3	1	intogen2024	native_funmap	intogen_temporal_new__to__intogen2024	target
TFG	3	1	intogen2024	native_funmap	intogen_temporal_new__to__intogen2024	target
QKI	3	1	intogen2024	native_funmap	intogen_temporal_new__to__intogen2024	target
EFTUD2	3	1	intogen2024	native_funmap	intogen_temporal_new__to__intogen2024	target
CTNNB1	3	1	intogen2024	native_funmap	intogen_temporal_new__to__intogen2024	target
SMAD4	3	1	intogen2024	native_funmap	intogen_temporal_new__to__intogen2024	target
KMT2A	3	1	intogen2024	native_funmap	intogen_temporal_new__to__intogen2024	target
ZBTB20	3	1	intogen2024	native_funmap	intogen_temporal_new__to__intogen2024	target
CLTC	3	1	intogen2024	native_funmap	intogen_temporal_new__to__intogen2024	target
TOP1	3	1	intogen2024	native_funmap	intogen_temporal_new__to__intogen2024	target
RRAGC	3	1	intogen2024	native_funmap	intogen_temporal_new__to__intogen2024	target
CDKN2C	3	1	intogen2024	native_funmap	intogen_temporal_new__to__intogen2024	target
TENT5C	3	1	intogen2024	native_funmap	intogen_temporal_new__to__intogen2024	target
SMARCA4	3	1	intogen2024	native_funmap	intogen_temporal_new__to__intogen2024	target
MEN1	3	1	intogen2024	native_funmap	intogen_temporal_new__to__intogen2024	target
CIC	3	1	intogen2024	native_funmap	intogen_temporal_new__to__intogen2024	target
MYH11	3	1	intogen2024	native_funmap	intogen_temporal_new__to__intogen2024	target
BRD7	3	1	intogen2024	native_funmap	intogen_temporal_new__to__intogen2024	target
EGR2	3	1	intogen2024	native_funmap	intogen_temporal_new__to__intogen2024	target
NUMA1	3	1	intogen2024	native_funmap	intogen_temporal_new__to__intogen2024	target
EIF1AX	3	1	intogen2024	native_funmap	intogen_temporal_new__to__intogen2024	target
SMARCD1	3	1	intogen2024	native_funmap	intogen_temporal_new__to__intogen2024	target
USP8	3	1	intogen2024	native_funmap	intogen_temporal_new__to__intogen2024	target
PIK3CB	3	1	intogen2024	native_funmap	intogen_temporal_new__to__intogen2024	target
ARAF	3	1	intogen2024	native_funmap	intogen_temporal_new__to__intogen2024	target
RB1	3	1	intogen2024	native_funmap	intogen_temporal_new__to__intogen2024	target
ASXL2	3	1	intogen2024	native_funmap	intogen_temporal_new__to__intogen2024	target
PRKD2	3	1	intogen2024	native_funmap	intogen_temporal_new__to__intogen2024	target
PIM1	3	1	intogen2024	native_funmap	intogen_temporal_new__to__intogen2024	target
NR4A3	3	0	intogen2024	native_funmap	intogen_temporal_new__to__intogen2024	background
UXT	3	0	intogen2024	native_funmap	intogen_temporal_new__to__intogen2024	background
NADK2	3	0	intogen2024	native_funmap	intogen_temporal_new__to__intogen2024	background
SS18L2	3	0	intogen2024	native_funmap	intogen_temporal_new__to__intogen2024	background
CASP9	3	0	intogen2024	native_funmap	intogen_temporal_new__to__intogen2024	background
TRIP12	3	0	intogen2024	native_funmap	intogen_temporal_new__to__intogen2024	background
NEK3	3	0	intogen2024	native_funmap	intogen_temporal_new__to__intogen2024	background
CDK5RAP2	3	0	intogen2024	native_funmap	intogen_temporal_new__to__intogen2024	background
SSH1	3	0	intogen2024	native_funmap	intogen_temporal_new__to__intogen2024	background
EPS8L2	3	0	intogen2024	native_funmap	intogen_temporal_new__to__intogen2024	background
MASP2	3	0	intogen2024	native_funmap	intogen_temporal_new__to__intogen2024	background
ADSS2	3	0	intogen2024	native_funmap	intogen_temporal_new__to__intogen2024	background
ELAVL1	3	0	intogen2024	native_funmap	intogen_temporal_new__to__intogen2024	background
RAD1	3	0	intogen2024	native_funmap	intogen_temporal_new__to__intogen2024	background
BUB3	3	0	intogen2024	native_funmap	intogen_temporal_new__to__intogen2024	background
SLC34A3	3	0	intogen2024	native_funmap	intogen_temporal_new__to__intogen2024	background
CRYAB	3	0	intogen2024	native_funmap	intogen_temporal_new__to__intogen2024	background
SMDT1	3	0	intogen2024	native_funmap	intogen_temporal_new__to__intogen2024	background
CAPNS1	3	0	intogen2024	native_funmap	intogen_temporal_new__to__intogen2024	background
ARL1	3	0	intogen2024	native_funmap	intogen_temporal_new__to__intogen2024	background
PRPS2	3	0	intogen2024	native_funmap	intogen_temporal_new__to__intogen2024	background
BBOX1	3	0	intogen2024	native_funmap	intogen_temporal_new__to__intogen2024	background
UBAP2L	3	0	intogen2024	native_funmap	intogen_temporal_new__to__intogen2024	background
LIG4	3	0	intogen2024	native_funmap	intogen_temporal_new__to__intogen2024	background
TRAF2	3	0	intogen2024	native_funmap	intogen_temporal_new__to__intogen2024	background
CHIT1	3	0	intogen2024	native_funmap	intogen_temporal_new__to__intogen2024	background
MAP4K1	3	0	intogen2024	native_funmap	intogen_temporal_new__to__intogen2024	background
RHOD	3	0	intogen2024	native_funmap	intogen_temporal_new__to__intogen2024	background
XRCC4	3	0	intogen2024	native_funmap	intogen_temporal_new__to__intogen2024	background
SHMT2	3	0	intogen2024	native_funmap	intogen_temporal_new__to__intogen2024	background
STAG1	3	0	intogen2024	native_funmap	intogen_temporal_new__to__intogen2024	background
CS	3	0	intogen2024	native_funmap	intogen_temporal_new__to__intogen2024	background
LILRB1	3	0	intogen2024	native_funmap	intogen_temporal_new__to__intogen2024	background
LAT	3	0	intogen2024	native_funmap	intogen_temporal_new__to__intogen2024	background
PGLYRP4	3	0	intogen2024	native_funmap	intogen_temporal_new__to__intogen2024	background
BMP2K	3	0	intogen2024	native_funmap	intogen_temporal_new__to__intogen2024	background
AP2S1	3	0	intogen2024	native_funmap	intogen_temporal_new__to__intogen2024	background
AGPAT3	3	0	intogen2024	native_funmap	intogen_temporal_new__to__intogen2024	background
ZNF646	3	0	intogen2024	native_funmap	intogen_temporal_new__to__intogen2024	background
SIT1	3	0	intogen2024	native_funmap	intogen_temporal_new__to__intogen2024	background
ARHGAP32	3	0	intogen2024	native_funmap	intogen_temporal_new__to__intogen2024	background
CCDC14	3	0	intogen2024	native_funmap	intogen_temporal_new__to__intogen2024	background
PHLDB1	3	0	intogen2024	native_funmap	intogen_temporal_new__to__intogen2024	background
FOXJ3	3	0	intogen2024	native_funmap	intogen_temporal_new__to__intogen2024	background
UBXN6	3	0	intogen2024	native_funmap	intogen_temporal_new__to__intogen2024	background
HSPA12B	3	0	intogen2024	native_funmap	intogen_temporal_new__to__intogen2024	background
RETREG2	3	0	intogen2024	native_funmap	intogen_temporal_new__to__intogen2024	background
CDH2	3	0	intogen2024	native_funmap	intogen_temporal_new__to__intogen2024	background
LRRC8D	3	0	intogen2024	native_funmap	intogen_temporal_new__to__intogen2024	background
PDE1B	3	0	intogen2024	native_funmap	intogen_temporal_new__to__intogen2024	background
CDNF	3	0	intogen2024	native_funmap	intogen_temporal_new__to__intogen2024	background
NEU1	3	0	intogen2024	native_funmap	intogen_temporal_new__to__intogen2024	background
SEC24C	3	0	intogen2024	native_funmap	intogen_temporal_new__to__intogen2024	background
SEC63	3	0	intogen2024	native_funmap	intogen_temporal_new__to__intogen2024	background
KPNA4	3	0	intogen2024	native_funmap	intogen_temporal_new__to__intogen2024	background
KLK5	3	0	intogen2024	native_funmap	intogen_temporal_new__to__intogen2024	background
MRPS5	3	0	intogen2024	native_funmap	intogen_temporal_new__to__intogen2024	background
FMOD	3	0	intogen2024	native_funmap	intogen_temporal_new__to__intogen2024	background
MRC2	3	0	intogen2024	native_funmap	intogen_temporal_new__to__intogen2024	background
TEDC1	3	0	intogen2024	native_funmap	intogen_temporal_new__to__intogen2024	background
ZNF622	3	0	intogen2024	native_funmap	intogen_temporal_new__to__intogen2024	background
PDS5A	3	0	intogen2024	native_funmap	intogen_temporal_new__to__intogen2024	background
CCDC71L	3	0	intogen2024	native_funmap	intogen_temporal_new__to__intogen2024	background
ERH	3	0	intogen2024	native_funmap	intogen_temporal_new__to__intogen2024	background
C11orf96	3	0	intogen2024	native_funmap	intogen_temporal_new__to__intogen2024	background
ROGDI	3	0	intogen2024	native_funmap	intogen_temporal_new__to__intogen2024	background
DDRGK1	3	0	intogen2024	native_funmap	intogen_temporal_new__to__intogen2024	background
GPN3	3	0	intogen2024	native_funmap	intogen_temporal_new__to__intogen2024	background
COL6A5	3	0	intogen2024	native_funmap	intogen_temporal_new__to__intogen2024	background
HPDL	3	0	intogen2024	native_funmap	intogen_temporal_new__to__intogen2024	background
HSPH1	3	0	intogen2024	native_funmap	intogen_temporal_new__to__intogen2024	background
NPR1	3	0	intogen2024	native_funmap	intogen_temporal_new__to__intogen2024	background
CDPF1	3	0	intogen2024	native_funmap	intogen_temporal_new__to__intogen2024	background
DKK2	3	0	intogen2024	native_funmap	intogen_temporal_new__to__intogen2024	background
ACTR5	3	0	intogen2024	native_funmap	intogen_temporal_new__to__intogen2024	background
SERBP1	3	0	intogen2024	native_funmap	intogen_temporal_new__to__intogen2024	background
PNPO	3	0	intogen2024	native_funmap	intogen_temporal_new__to__intogen2024	background
SEPTIN2	3	0	intogen2024	native_funmap	intogen_temporal_new__to__intogen2024	background
PITPNA	3	0	intogen2024	native_funmap	intogen_temporal_new__to__intogen2024	background
TMED10	3	0	intogen2024	native_funmap	intogen_temporal_new__to__intogen2024	background
RPS6KB2	3	0	intogen2024	native_funmap	intogen_temporal_new__to__intogen2024	background
DDX10	3	0	intogen2024	native_funmap	intogen_temporal_new__to__intogen2024	background
PSMD11	3	0	intogen2024	native_funmap	intogen_temporal_new__to__intogen2024	background
THBS4	3	0	intogen2024	native_funmap	intogen_temporal_new__to__intogen2024	background
COPS6	3	0	intogen2024	native_funmap	intogen_temporal_new__to__intogen2024	background
SIX4	3	0	intogen2024	native_funmap	intogen_temporal_new__to__intogen2024	background
CLEC12A	3	0	intogen2024	native_funmap	intogen_temporal_new__to__intogen2024	background
BET1L	3	0	intogen2024	native_funmap	intogen_temporal_new__to__intogen2024	background
ARMC4	3	0	intogen2024	native_funmap	intogen_temporal_new__to__intogen2024	background
PHF14	3	0	intogen2024	native_funmap	intogen_temporal_new__to__intogen2024	background
MBOAT2	3	0	intogen2024	native_funmap	intogen_temporal_new__to__intogen2024	background
FITM2	3	0	intogen2024	native_funmap	intogen_temporal_new__to__intogen2024	background
ACAP3	3	0	intogen2024	native_funmap	intogen_temporal_new__to__intogen2024	background
KIF2C	3	0	intogen2024	native_funmap	intogen_temporal_new__to__intogen2024	background
CASS4	3	0	intogen2024	native_funmap	intogen_temporal_new__to__intogen2024	background
ZNF606	3	0	intogen2024	native_funmap	intogen_temporal_new__to__intogen2024	background
MTIF3	3	0	intogen2024	native_funmap	intogen_temporal_new__to__intogen2024	background
HSPA2	3	0	intogen2024	native_funmap	intogen_temporal_new__to__intogen2024	background
FAM210B	3	0	intogen2024	native_funmap	intogen_temporal_new__to__intogen2024	background
C3	3	0	intogen2024	native_funmap	intogen_temporal_new__to__intogen2024	background
MOSPD3	3	0	intogen2024	native_funmap	intogen_temporal_new__to__intogen2024	background
FAM219A	3	0	intogen2024	native_funmap	intogen_temporal_new__to__intogen2024	background
MARS2	3	0	intogen2024	native_funmap	intogen_temporal_new__to__intogen2024	background
BLM	3	0	intogen2024	native_funmap	intogen_temporal_new__to__intogen2024	background
CNIH1	3	0	intogen2024	native_funmap	intogen_temporal_new__to__intogen2024	background
TIMMDC1	3	0	intogen2024	native_funmap	intogen_temporal_new__to__intogen2024	background
USP48	3	0	intogen2024	native_funmap	intogen_temporal_new__to__intogen2024	background
RFXAP	3	0	intogen2024	native_funmap	intogen_temporal_new__to__intogen2024	background
MYSM1	3	0	intogen2024	native_funmap	intogen_temporal_new__to__intogen2024	background
ATP5F1E	3	0	intogen2024	native_funmap	intogen_temporal_new__to__intogen2024	background
ZNF845	3	0	intogen2024	native_funmap	intogen_temporal_new__to__intogen2024	background
BCAS2	3	0	intogen2024	native_funmap	intogen_temporal_new__to__intogen2024	background
TTC28	3	0	intogen2024	native_funmap	intogen_temporal_new__to__intogen2024	background
TMEM160	3	0	intogen2024	native_funmap	intogen_temporal_new__to__intogen2024	background
PLPP6	3	0	intogen2024	native_funmap	intogen_temporal_new__to__intogen2024	background
SERPINB6	3	0	intogen2024	native_funmap	intogen_temporal_new__to__intogen2024	background
SNRPA	3	0	intogen2024	native_funmap	intogen_temporal_new__to__intogen2024	background
NAIP	3	0	intogen2024	native_funmap	intogen_temporal_new__to__intogen2024	background
CELF1	3	0	intogen2024	native_funmap	intogen_temporal_new__to__intogen2024	background
BABAM2	3	0	intogen2024	native_funmap	intogen_temporal_new__to__intogen2024	background
FAM166B	3	0	intogen2024	native_funmap	intogen_temporal_new__to__intogen2024	background
GHITM	3	0	intogen2024	native_funmap	intogen_temporal_new__to__intogen2024	background
POLR3G	3	0	intogen2024	native_funmap	intogen_temporal_new__to__intogen2024	background
PRPF4B	3	0	intogen2024	native_funmap	intogen_temporal_new__to__intogen2024	background
MVP	3	0	intogen2024	native_funmap	intogen_temporal_new__to__intogen2024	background
NTN1	3	0	intogen2024	native_funmap	intogen_temporal_new__to__intogen2024	background
FAM120A	3	0	intogen2024	native_funmap	intogen_temporal_new__to__intogen2024	background
PIGS	3	0	intogen2024	native_funmap	intogen_temporal_new__to__intogen2024	background
RPL36	3	0	intogen2024	native_funmap	intogen_temporal_new__to__intogen2024	background
TRIM4	3	0	intogen2024	native_funmap	intogen_temporal_new__to__intogen2024	background
HACD3	3	0	intogen2024	native_funmap	intogen_temporal_new__to__intogen2024	background
ZBTB21	3	0	intogen2024	native_funmap	intogen_temporal_new__to__intogen2024	background
CHST6	3	0	intogen2024	native_funmap	intogen_temporal_new__to__intogen2024	background
LRR1	3	0	intogen2024	native_funmap	intogen_temporal_new__to__intogen2024	background
RNF216	3	0	intogen2024	native_funmap	intogen_temporal_new__to__intogen2024	background
PMF1	3	0	intogen2024	native_funmap	intogen_temporal_new__to__intogen2024	background
SCEL	3	0	intogen2024	native_funmap	intogen_temporal_new__to__intogen2024	background
VIT	3	0	intogen2024	native_funmap	intogen_temporal_new__to__intogen2024	background
HELB	3	0	intogen2024	native_funmap	intogen_temporal_new__to__intogen2024	background
ERI1	3	0	intogen2024	native_funmap	intogen_temporal_new__to__intogen2024	background
APOL2	3	0	intogen2024	native_funmap	intogen_temporal_new__to__intogen2024	background
CDH13	3	0	intogen2024	native_funmap	intogen_temporal_new__to__intogen2024	background
ZNF460	3	0	intogen2024	native_funmap	intogen_temporal_new__to__intogen2024	background
RPS10	3	0	intogen2024	native_funmap	intogen_temporal_new__to__intogen2024	background
MTFP1	3	0	intogen2024	native_funmap	intogen_temporal_new__to__intogen2024	background
USP15	3	0	intogen2024	native_funmap	intogen_temporal_new__to__intogen2024	background
CD82	3	0	intogen2024	native_funmap	intogen_temporal_new__to__intogen2024	background
PDCD6IP	3	0	intogen2024	native_funmap	intogen_temporal_new__to__intogen2024	background
PAG1	3	0	intogen2024	native_funmap	intogen_temporal_new__to__intogen2024	background
H1-4	3	0	intogen2024	native_funmap	intogen_temporal_new__to__intogen2024	background
ARFGEF1	3	0	intogen2024	native_funmap	intogen_temporal_new__to__intogen2024	background
GARS1	3	0	intogen2024	native_funmap	intogen_temporal_new__to__intogen2024	background
NLRX1	3	0	intogen2024	native_funmap	intogen_temporal_new__to__intogen2024	background
CDCP1	3	0	intogen2024	native_funmap	intogen_temporal_new__to__intogen2024	background
RNF144A	3	0	intogen2024	native_funmap	intogen_temporal_new__to__intogen2024	background
RPF1	3	0	intogen2024	native_funmap	intogen_temporal_new__to__intogen2024	background
ARMC2	3	0	intogen2024	native_funmap	intogen_temporal_new__to__intogen2024	background
EFCAB10	3	0	intogen2024	native_funmap	intogen_temporal_new__to__intogen2024	background
C5AR1	3	0	intogen2024	native_funmap	intogen_temporal_new__to__intogen2024	background
PAF1	3	0	intogen2024	native_funmap	intogen_temporal_new__to__intogen2024	background
FHL3	3	0	intogen2024	native_funmap	intogen_temporal_new__to__intogen2024	background
FUNDC1	3	0	intogen2024	native_funmap	intogen_temporal_new__to__intogen2024	background
TUG1	3	0	intogen2024	native_funmap	intogen_temporal_new__to__intogen2024	background
ZNF660	3	0	intogen2024	native_funmap	intogen_temporal_new__to__intogen2024	background
C8orf76	3	0	intogen2024	native_funmap	intogen_temporal_new__to__intogen2024	background
SRSF5	3	0	intogen2024	native_funmap	intogen_temporal_new__to__intogen2024	background
GPKOW	3	0	intogen2024	native_funmap	intogen_temporal_new__to__intogen2024	background
TMEM54	3	0	intogen2024	native_funmap	intogen_temporal_new__to__intogen2024	background
PRAF2	3	0	intogen2024	native_funmap	intogen_temporal_new__to__intogen2024	background
YIF1B	3	0	intogen2024	native_funmap	intogen_temporal_new__to__intogen2024	background
CKAP5	3	0	intogen2024	native_funmap	intogen_temporal_new__to__intogen2024	background
TRANK1	3	0	intogen2024	native_funmap	intogen_temporal_new__to__intogen2024	background
VARS2	3	0	intogen2024	native_funmap	intogen_temporal_new__to__intogen2024	background
PDIA4	3	0	intogen2024	native_funmap	intogen_temporal_new__to__intogen2024	background
LORICRIN	3	0	intogen2024	native_funmap	intogen_temporal_new__to__intogen2024	background
LRMDA	3	0	intogen2024	native_funmap	intogen_temporal_new__to__intogen2024	background
GRHL2	3	0	intogen2024	native_funmap	intogen_temporal_new__to__intogen2024	background
CRYZ	3	0	intogen2024	native_funmap	intogen_temporal_new__to__intogen2024	background
CNP	3	0	intogen2024	native_funmap	intogen_temporal_new__to__intogen2024	background
GSDMD	3	0	intogen2024	native_funmap	intogen_temporal_new__to__intogen2024	background
DERL1	3	0	intogen2024	native_funmap	intogen_temporal_new__to__intogen2024	background
THOC3	3	0	intogen2024	native_funmap	intogen_temporal_new__to__intogen2024	background
POLR3F	3	0	intogen2024	native_funmap	intogen_temporal_new__to__intogen2024	background
SLFN5	3	0	intogen2024	native_funmap	intogen_temporal_new__to__intogen2024	background
MRPL21	3	0	intogen2024	native_funmap	intogen_temporal_new__to__intogen2024	background
TM7SF3	3	0	intogen2024	native_funmap	intogen_temporal_new__to__intogen2024	background
SIDT1	3	0	intogen2024	native_funmap	intogen_temporal_new__to__intogen2024	background
PACRGL	3	0	intogen2024	native_funmap	intogen_temporal_new__to__intogen2024	background
NDUFB4	3	0	intogen2024	native_funmap	intogen_temporal_new__to__intogen2024	background
ACTR1A	3	0	intogen2024	native_funmap	intogen_temporal_new__to__intogen2024	background
ATP2C1	3	0	intogen2024	native_funmap	intogen_temporal_new__to__intogen2024	background
APOA2	3	0	intogen2024	native_funmap	intogen_temporal_new__to__intogen2024	background
CSTB	3	0	intogen2024	native_funmap	intogen_temporal_new__to__intogen2024	background
PDE3A	3	0	intogen2024	native_funmap	intogen_temporal_new__to__intogen2024	background
MCF2L	3	0	intogen2024	native_funmap	intogen_temporal_new__to__intogen2024	background
FOSL1	3	0	intogen2024	native_funmap	intogen_temporal_new__to__intogen2024	background
CDHR3	3	0	intogen2024	native_funmap	intogen_temporal_new__to__intogen2024	background
COL4A1	3	0	intogen2024	native_funmap	intogen_temporal_new__to__intogen2024	background
ATG16L1	3	0	intogen2024	native_funmap	intogen_temporal_new__to__intogen2024	background
EEFSEC	3	0	intogen2024	native_funmap	intogen_temporal_new__to__intogen2024	background
BRD4	4	1	intogen2024	native_funmap	intogen_temporal_new__to__intogen2024	target
FAS	4	1	intogen2024	native_funmap	intogen_temporal_new__to__intogen2024	target
CASP8	4	1	intogen2024	native_funmap	intogen_temporal_new__to__intogen2024	target
ERBB3	4	1	intogen2024	native_funmap	intogen_temporal_new__to__intogen2024	target
KIT	4	1	intogen2024	native_funmap	intogen_temporal_new__to__intogen2024	target
NPRL2	4	1	intogen2024	native_funmap	intogen_temporal_new__to__intogen2024	target
SOS1	4	1	intogen2024	native_funmap	intogen_temporal_new__to__intogen2024	target
RHOA	4	1	intogen2024	native_funmap	intogen_temporal_new__to__intogen2024	target
PABPC1	4	1	intogen2024	native_funmap	intogen_temporal_new__to__intogen2024	target
NSD2	4	1	intogen2024	native_funmap	intogen_temporal_new__to__intogen2024	target
PDGFRA	4	1	intogen2024	native_funmap	intogen_temporal_new__to__intogen2024	target
PTPN11	4	1	intogen2024	native_funmap	intogen_temporal_new__to__intogen2024	target
SGK1	4	1	intogen2024	native_funmap	intogen_temporal_new__to__intogen2024	target
SF3B1	4	1	intogen2024	native_funmap	intogen_temporal_new__to__intogen2024	target
PIK3R1	4	1	intogen2024	native_funmap	intogen_temporal_new__to__intogen2024	target
DHX9	4	1	intogen2024	native_funmap	intogen_temporal_new__to__intogen2024	target
SUSD2	4	1	intogen2024	native_funmap	intogen_temporal_new__to__intogen2024	target
RNF6	4	1	intogen2024	native_funmap	intogen_temporal_new__to__intogen2024	target
TNFRSF14	4	1	intogen2024	native_funmap	intogen_temporal_new__to__intogen2024	target
KIF5B	4	1	intogen2024	native_funmap	intogen_temporal_new__to__intogen2024	target
DAXX	4	1	intogen2024	native_funmap	intogen_temporal_new__to__intogen2024	target
PBRM1	4	1	intogen2024	native_funmap	intogen_temporal_new__to__intogen2024	target
CDH1	4	1	intogen2024	native_funmap	intogen_temporal_new__to__intogen2024	target
NKX2-1	4	1	intogen2024	native_funmap	intogen_temporal_new__to__intogen2024	target
ZNF521	4	1	intogen2024	native_funmap	intogen_temporal_new__to__intogen2024	target
RBM10	4	1	intogen2024	native_funmap	intogen_temporal_new__to__intogen2024	target
DGCR8	4	1	intogen2024	native_funmap	intogen_temporal_new__to__intogen2024	target
RRAS2	4	1	intogen2024	native_funmap	intogen_temporal_new__to__intogen2024	target
BCOR	4	1	intogen2024	native_funmap	intogen_temporal_new__to__intogen2024	target
TRIM33	4	1	intogen2024	native_funmap	intogen_temporal_new__to__intogen2024	target
XPO1	4	1	intogen2024	native_funmap	intogen_temporal_new__to__intogen2024	target
SMC1A	4	1	intogen2024	native_funmap	intogen_temporal_new__to__intogen2024	target
CLIP1	4	1	intogen2024	native_funmap	intogen_temporal_new__to__intogen2024	target
TFAP4	4	1	intogen2024	native_funmap	intogen_temporal_new__to__intogen2024	target
TRIP11	4	1	intogen2024	native_funmap	intogen_temporal_new__to__intogen2024	target
EWSR1	4	1	intogen2024	native_funmap	intogen_temporal_new__to__intogen2024	target
ARHGAP5	4	1	intogen2024	native_funmap	intogen_temporal_new__to__intogen2024	target
PDCD1LG2	4	1	intogen2024	native_funmap	intogen_temporal_new__to__intogen2024	target
FOXO1	4	1	intogen2024	native_funmap	intogen_temporal_new__to__intogen2024	target
KDM5A	4	1	intogen2024	native_funmap	intogen_temporal_new__to__intogen2024	target
TRRAP	4	1	intogen2024	native_funmap	intogen_temporal_new__to__intogen2024	target
CDKN1A	4	1	intogen2024	native_funmap	intogen_temporal_new__to__intogen2024	target
DDX3X	4	1	intogen2024	native_funmap	intogen_temporal_new__to__intogen2024	target
COL1A1	4	1	intogen2024	native_funmap	intogen_temporal_new__to__intogen2024	target
ZNF814	4	1	intogen2024	native_funmap	intogen_temporal_new__to__intogen2024	target
TRAF3	4	1	intogen2024	native_funmap	intogen_temporal_new__to__intogen2024	target
ZBTB7B	4	1	intogen2024	native_funmap	intogen_temporal_new__to__intogen2024	target
POLE	4	1	intogen2024	native_funmap	intogen_temporal_new__to__intogen2024	target
PSIP1	4	1	intogen2024	native_funmap	intogen_temporal_new__to__intogen2024	target
BRCA2	4	1	intogen2024	native_funmap	intogen_temporal_new__to__intogen2024	target
WAS	4	1	intogen2024	native_funmap	intogen_temporal_new__to__intogen2024	target
PARP4	4	1	intogen2024	native_funmap	intogen_temporal_new__to__intogen2024	target
HNF1A	4	1	intogen2024	native_funmap	intogen_temporal_new__to__intogen2024	target
KAT6B	4	1	intogen2024	native_funmap	intogen_temporal_new__to__intogen2024	target
DDX6	4	1	intogen2024	native_funmap	intogen_temporal_new__to__intogen2024	target
PPP3CA	4	1	intogen2024	native_funmap	intogen_temporal_new__to__intogen2024	target
STAT6	4	1	intogen2024	native_funmap	intogen_temporal_new__to__intogen2024	target
NFE2L2	4	1	intogen2024	native_funmap	intogen_temporal_new__to__intogen2024	target
PEG3	4	1	intogen2024	native_funmap	intogen_temporal_new__to__intogen2024	target
ZFP36L1	4	1	intogen2024	native_funmap	intogen_temporal_new__to__intogen2024	target
PRKAR1A	4	1	intogen2024	native_funmap	intogen_temporal_new__to__intogen2024	target
SETDB1	4	1	intogen2024	native_funmap	intogen_temporal_new__to__intogen2024	target
ESRRA	4	1	intogen2024	native_funmap	intogen_temporal_new__to__intogen2024	target
EP300	4	1	intogen2024	native_funmap	intogen_temporal_new__to__intogen2024	target
UBR5	4	1	intogen2024	native_funmap	intogen_temporal_new__to__intogen2024	target
ARHGEF10L	4	1	intogen2024	native_funmap	intogen_temporal_new__to__intogen2024	target
BCORL1	4	1	intogen2024	native_funmap	intogen_temporal_new__to__intogen2024	target
TNC	4	1	intogen2024	native_funmap	intogen_temporal_new__to__intogen2024	target
RBM15	4	1	intogen2024	native_funmap	intogen_temporal_new__to__intogen2024	target
RPL22	4	1	intogen2024	native_funmap	intogen_temporal_new__to__intogen2024	target
KRAS	4	1	intogen2024	native_funmap	intogen_temporal_new__to__intogen2024	target
NFKBIA	4	1	intogen2024	native_funmap	intogen_temporal_new__to__intogen2024	target
CD58	4	1	intogen2024	native_funmap	intogen_temporal_new__to__intogen2024	target
BIRC3	4	1	intogen2024	native_funmap	intogen_temporal_new__to__intogen2024	target
SUZ12	4	1	intogen2024	native_funmap	intogen_temporal_new__to__intogen2024	target
CCDC6	4	1	intogen2024	native_funmap	intogen_temporal_new__to__intogen2024	target
ATF7IP	4	1	intogen2024	native_funmap	intogen_temporal_new__to__intogen2024	target
ARID2	4	1	intogen2024	native_funmap	intogen_temporal_new__to__intogen2024	target
GATA2	4	1	intogen2024	native_funmap	intogen_temporal_new__to__intogen2024	target
FAT2	4	1	intogen2024	native_funmap	intogen_temporal_new__to__intogen2024	target
PREX2	4	1	intogen2024	native_funmap	intogen_temporal_new__to__intogen2024	target
DROSHA	4	1	intogen2024	native_funmap	intogen_temporal_new__to__intogen2024	target
CHD4	4	1	intogen2024	native_funmap	intogen_temporal_new__to__intogen2024	target
PRDM2	4	1	intogen2024	native_funmap	intogen_temporal_new__to__intogen2024	target
NSD1	4	1	intogen2024	native_funmap	intogen_temporal_new__to__intogen2024	target
CHD2	4	1	intogen2024	native_funmap	intogen_temporal_new__to__intogen2024	target
WNK2	4	1	intogen2024	native_funmap	intogen_temporal_new__to__intogen2024	target
PCMTD1	4	1	intogen2024	native_funmap	intogen_temporal_new__to__intogen2024	target
BIRC6	4	1	intogen2024	native_funmap	intogen_temporal_new__to__intogen2024	target
HSP90AA1	4	1	intogen2024	native_funmap	intogen_temporal_new__to__intogen2024	target
BCL9L	4	1	intogen2024	native_funmap	intogen_temporal_new__to__intogen2024	target
KMT2D	4	1	intogen2024	native_funmap	intogen_temporal_new__to__intogen2024	target
CDK12	4	1	intogen2024	native_funmap	intogen_temporal_new__to__intogen2024	target
ZFHX3	4	1	intogen2024	native_funmap	intogen_temporal_new__to__intogen2024	target
TOP2A	4	1	intogen2024	native_funmap	intogen_temporal_new__to__intogen2024	target
ZRSR2	4	1	intogen2024	native_funmap	intogen_temporal_new__to__intogen2024	target
CNOT9	4	1	intogen2024	native_funmap	intogen_temporal_new__to__intogen2024	target
MAP2K1	4	1	intogen2024	native_funmap	intogen_temporal_new__to__intogen2024	target
NUP214	4	1	intogen2024	native_funmap	intogen_temporal_new__to__intogen2024	target
ATR	4	1	intogen2024	native_funmap	intogen_temporal_new__to__intogen2024	target
ERCC2	4	1	intogen2024	native_funmap	intogen_temporal_new__to__intogen2024	target
FGD5	4	1	intogen2024	native_funmap	intogen_temporal_new__to__intogen2024	target
SOX17	4	1	intogen2024	native_funmap	intogen_temporal_new__to__intogen2024	target
KDM6A	4	1	intogen2024	native_funmap	intogen_temporal_new__to__intogen2024	target
KLHL6	4	1	intogen2024	native_funmap	intogen_temporal_new__to__intogen2024	target
FANCA	4	1	intogen2024	native_funmap	intogen_temporal_new__to__intogen2024	target
MGA	4	1	intogen2024	native_funmap	intogen_temporal_new__to__intogen2024	target
PTMA	4	1	intogen2024	native_funmap	intogen_temporal_new__to__intogen2024	target
ERG	4	1	intogen2024	native_funmap	intogen_temporal_new__to__intogen2024	target
MTOR	4	1	intogen2024	native_funmap	intogen_temporal_new__to__intogen2024	target
MARK2	4	1	intogen2024	native_funmap	intogen_temporal_new__to__intogen2024	target
FAM174B	4	1	intogen2024	native_funmap	intogen_temporal_new__to__intogen2024	target
CREBBP	4	1	intogen2024	native_funmap	intogen_temporal_new__to__intogen2024	target
MAP2K7	4	1	intogen2024	native_funmap	intogen_temporal_new__to__intogen2024	target
ELN	4	1	intogen2024	native_funmap	intogen_temporal_new__to__intogen2024	target
TGFBR2	4	1	intogen2024	native_funmap	intogen_temporal_new__to__intogen2024	target
PTPRB	4	1	intogen2024	native_funmap	intogen_temporal_new__to__intogen2024	target
FUBP1	4	1	intogen2024	native_funmap	intogen_temporal_new__to__intogen2024	target
STAT3	4	1	intogen2024	native_funmap	intogen_temporal_new__to__intogen2024	target
ARID1A	4	1	intogen2024	native_funmap	intogen_temporal_new__to__intogen2024	target
MB21D2	4	1	intogen2024	native_funmap	intogen_temporal_new__to__intogen2024	target
EIF3E	4	1	intogen2024	native_funmap	intogen_temporal_new__to__intogen2024	target
JAK1	4	1	intogen2024	native_funmap	intogen_temporal_new__to__intogen2024	target
SMAD2	4	1	intogen2024	native_funmap	intogen_temporal_new__to__intogen2024	target
HNRNPA2B1	4	1	intogen2024	native_funmap	intogen_temporal_new__to__intogen2024	target
SIX1	4	1	intogen2024	native_funmap	intogen_temporal_new__to__intogen2024	target
RPS3A	4	1	intogen2024	native_funmap	intogen_temporal_new__to__intogen2024	target
TET1	4	1	intogen2024	native_funmap	intogen_temporal_new__to__intogen2024	target
TRIM24	4	1	intogen2024	native_funmap	intogen_temporal_new__to__intogen2024	target
ETV6	4	1	intogen2024	native_funmap	intogen_temporal_new__to__intogen2024	target
RASA1	4	1	intogen2024	native_funmap	intogen_temporal_new__to__intogen2024	target
KLF5	4	1	intogen2024	native_funmap	intogen_temporal_new__to__intogen2024	target
RECQL4	4	1	intogen2024	native_funmap	intogen_temporal_new__to__intogen2024	target
RASA2	4	1	intogen2024	native_funmap	intogen_temporal_new__to__intogen2024	target
CRTC1	4	1	intogen2024	native_funmap	intogen_temporal_new__to__intogen2024	target
GMPS	4	1	intogen2024	native_funmap	intogen_temporal_new__to__intogen2024	target
DOT1L	4	1	intogen2024	native_funmap	intogen_temporal_new__to__intogen2024	target
ESR1	4	1	intogen2024	native_funmap	intogen_temporal_new__to__intogen2024	target
PLCG1	4	1	intogen2024	native_funmap	intogen_temporal_new__to__intogen2024	target
NOTCH1	4	1	intogen2024	native_funmap	intogen_temporal_new__to__intogen2024	target
RELA	4	1	intogen2024	native_funmap	intogen_temporal_new__to__intogen2024	target
NTRK3	4	1	intogen2024	native_funmap	intogen_temporal_new__to__intogen2024	target
PMS2	4	1	intogen2024	native_funmap	intogen_temporal_new__to__intogen2024	target
MSI2	4	1	intogen2024	native_funmap	intogen_temporal_new__to__intogen2024	target
NCOR1	4	1	intogen2024	native_funmap	intogen_temporal_new__to__intogen2024	target
NPM1	4	1	intogen2024	native_funmap	intogen_temporal_new__to__intogen2024	target
ABL1	4	1	intogen2024	native_funmap	intogen_temporal_new__to__intogen2024	target
SIRPA	4	1	intogen2024	native_funmap	intogen_temporal_new__to__intogen2024	target
POLD1	4	1	intogen2024	native_funmap	intogen_temporal_new__to__intogen2024	target
RPS6KA3	4	1	intogen2024	native_funmap	intogen_temporal_new__to__intogen2024	target
TP53	4	1	intogen2024	native_funmap	intogen_temporal_new__to__intogen2024	target
CYLD	4	1	intogen2024	native_funmap	intogen_temporal_new__to__intogen2024	target
ZEB1	4	1	intogen2024	native_funmap	intogen_temporal_new__to__intogen2024	target
FLCN	4	1	intogen2024	native_funmap	intogen_temporal_new__to__intogen2024	target
SMARCB1	4	1	intogen2024	native_funmap	intogen_temporal_new__to__intogen2024	target
NCOR2	4	1	intogen2024	native_funmap	intogen_temporal_new__to__intogen2024	target
LDB1	4	1	intogen2024	native_funmap	intogen_temporal_new__to__intogen2024	target
PTEN	4	1	intogen2024	native_funmap	intogen_temporal_new__to__intogen2024	target
RAF1	4	1	intogen2024	native_funmap	intogen_temporal_new__to__intogen2024	target
HGF	4	1	intogen2024	native_funmap	intogen_temporal_new__to__intogen2024	target
ATRX	4	1	intogen2024	native_funmap	intogen_temporal_new__to__intogen2024	target
POT1	4	1	intogen2024	native_funmap	intogen_temporal_new__to__intogen2024	target
CARD11	4	1	intogen2024	native_funmap	intogen_temporal_new__to__intogen2024	target
IRAK1	4	1	intogen2024	native_funmap	intogen_temporal_new__to__intogen2024	target
TCF4	4	1	intogen2024	native_funmap	intogen_temporal_new__to__intogen2024	target
AKT3	4	1	intogen2024	native_funmap	intogen_temporal_new__to__intogen2024	target
NFATC2	4	1	intogen2024	native_funmap	intogen_temporal_new__to__intogen2024	target
PIK3CA	4	1	intogen2024	native_funmap	intogen_temporal_new__to__intogen2024	target
PPP2R1A	4	1	intogen2024	native_funmap	intogen_temporal_new__to__intogen2024	target
PTPRC	4	1	intogen2024	native_funmap	intogen_temporal_new__to__intogen2024	target
PTPN6	4	1	intogen2024	native_funmap	intogen_temporal_new__to__intogen2024	target
RIPK1	4	1	intogen2024	native_funmap	intogen_temporal_new__to__intogen2024	target
CUL3	4	1	intogen2024	native_funmap	intogen_temporal_new__to__intogen2024	target
TBL1XR1	4	1	intogen2024	native_funmap	intogen_temporal_new__to__intogen2024	target
MYH9	4	1	intogen2024	native_funmap	intogen_temporal_new__to__intogen2024	target
CXCR4	4	1	intogen2024	native_funmap	intogen_temporal_new__to__intogen2024	target
BCL7A	4	1	intogen2024	native_funmap	intogen_temporal_new__to__intogen2024	target
TGIF1	4	1	intogen2024	native_funmap	intogen_temporal_new__to__intogen2024	target
ELL	4	1	intogen2024	native_funmap	intogen_temporal_new__to__intogen2024	target
NIPBL	4	1	intogen2024	native_funmap	intogen_temporal_new__to__intogen2024	target
FAT4	4	1	intogen2024	native_funmap	intogen_temporal_new__to__intogen2024	target
EZH2	4	1	intogen2024	native_funmap	intogen_temporal_new__to__intogen2024	target
CTCF	4	1	intogen2024	native_funmap	intogen_temporal_new__to__intogen2024	target
HIP1	4	1	intogen2024	native_funmap	intogen_temporal_new__to__intogen2024	target
CBFB	4	1	intogen2024	native_funmap	intogen_temporal_new__to__intogen2024	target
SETD1B	4	1	intogen2024	native_funmap	intogen_temporal_new__to__intogen2024	target
JAK3	4	1	intogen2024	native_funmap	intogen_temporal_new__to__intogen2024	target
ZNF93	4	1	intogen2024	native_funmap	intogen_temporal_new__to__intogen2024	target
ELF3	4	1	intogen2024	native_funmap	intogen_temporal_new__to__intogen2024	target
KDM3B	4	1	intogen2024	native_funmap	intogen_temporal_new__to__intogen2024	target
KDR	4	1	intogen2024	native_funmap	intogen_temporal_new__to__intogen2024	target
ARID1B	4	1	intogen2024	native_funmap	intogen_temporal_new__to__intogen2024	target
PRDM1	4	1	intogen2024	native_funmap	intogen_temporal_new__to__intogen2024	target
BCL10	4	1	intogen2024	native_funmap	intogen_temporal_new__to__intogen2024	target
CDH11	4	1	intogen2024	native_funmap	intogen_temporal_new__to__intogen2024	target
NT5C3A	4	1	intogen2024	native_funmap	intogen_temporal_new__to__intogen2024	target
TCF7L2	4	1	intogen2024	native_funmap	intogen_temporal_new__to__intogen2024	target
FOXO3	4	1	intogen2024	native_funmap	intogen_temporal_new__to__intogen2024	target
RNF213	4	1	intogen2024	native_funmap	intogen_temporal_new__to__intogen2024	target
EPS15	4	1	intogen2024	native_funmap	intogen_temporal_new__to__intogen2024	target
FHIT	4	1	intogen2024	native_funmap	intogen_temporal_new__to__intogen2024	target
IKZF1	4	1	intogen2024	native_funmap	intogen_temporal_new__to__intogen2024	target
ARHGEF10	4	1	intogen2024	native_funmap	intogen_temporal_new__to__intogen2024	target
KLF4	4	1	intogen2024	native_funmap	intogen_temporal_new__to__intogen2024	target
IDH2	4	1	intogen2024	native_funmap	intogen_temporal_new__to__intogen2024	target
LATS2	4	1	intogen2024	native_funmap	intogen_temporal_new__to__intogen2024	target
DNMT3A	4	1	intogen2024	native_funmap	intogen_temporal_new__to__intogen2024	target
GNAQ	4	1	intogen2024	native_funmap	intogen_temporal_new__to__intogen2024	target
IRF1	4	1	intogen2024	native_funmap	intogen_temporal_new__to__intogen2024	target
ING1	4	1	intogen2024	native_funmap	intogen_temporal_new__to__intogen2024	target
CDC73	4	1	intogen2024	native_funmap	intogen_temporal_new__to__intogen2024	target
SH2B3	4	1	intogen2024	native_funmap	intogen_temporal_new__to__intogen2024	target
IL7R	4	1	intogen2024	native_funmap	intogen_temporal_new__to__intogen2024	target
IKZF3	4	1	intogen2024	native_funmap	intogen_temporal_new__to__intogen2024	target
MALT1	4	1	intogen2024	native_funmap	intogen_temporal_new__to__intogen2024	target
ARHGAP35	4	1	intogen2024	native_funmap	intogen_temporal_new__to__intogen2024	target
PHF6	4	1	intogen2024	native_funmap	intogen_temporal_new__to__intogen2024	target
H3-3A	4	1	intogen2024	native_funmap	intogen_temporal_new__to__intogen2024	target
GNAS	4	1	intogen2024	native_funmap	intogen_temporal_new__to__intogen2024	target
VHL	4	1	intogen2024	native_funmap	intogen_temporal_new__to__intogen2024	target
IRF4	4	1	intogen2024	native_funmap	intogen_temporal_new__to__intogen2024	target
HLA-A	4	1	intogen2024	native_funmap	intogen_temporal_new__to__intogen2024	target
ATM	4	1	intogen2024	native_funmap	intogen_temporal_new__to__intogen2024	target
LATS1	4	1	intogen2024	native_funmap	intogen_temporal_new__to__intogen2024	target
DICER1	4	1	intogen2024	native_funmap	intogen_temporal_new__to__intogen2024	target
EBF1	4	1	intogen2024	native_funmap	intogen_temporal_new__to__intogen2024	target
MSN	4	1	intogen2024	native_funmap	intogen_temporal_new__to__intogen2024	target
BRCA1	4	1	intogen2024	native_funmap	intogen_temporal_new__to__intogen2024	target
TBX3	4	1	intogen2024	native_funmap	intogen_temporal_new__to__intogen2024	target
ERCC3	4	1	intogen2024	native_funmap	intogen_temporal_new__to__intogen2024	target
DIS3	4	1	intogen2024	native_funmap	intogen_temporal_new__to__intogen2024	target
RAC1	4	1	intogen2024	native_funmap	intogen_temporal_new__to__intogen2024	target
CBL	4	1	intogen2024	native_funmap	intogen_temporal_new__to__intogen2024	target
U2AF2	4	1	intogen2024	native_funmap	intogen_temporal_new__to__intogen2024	target
LZTR1	4	1	intogen2024	native_funmap	intogen_temporal_new__to__intogen2024	target
ZNF780A	4	1	intogen2024	native_funmap	intogen_temporal_new__to__intogen2024	target
HLA-B	4	1	intogen2024	native_funmap	intogen_temporal_new__to__intogen2024	target
SETD2	4	1	intogen2024	native_funmap	intogen_temporal_new__to__intogen2024	target
STAG2	4	1	intogen2024	native_funmap	intogen_temporal_new__to__intogen2024	target
NF2	4	1	intogen2024	native_funmap	intogen_temporal_new__to__intogen2024	target
NFKBIE	4	1	intogen2024	native_funmap	intogen_temporal_new__to__intogen2024	target
BCR	4	1	intogen2024	native_funmap	intogen_temporal_new__to__intogen2024	target
ZCRB1	4	1	intogen2024	native_funmap	intogen_temporal_new__to__intogen2024	target
CMTR2	4	1	intogen2024	native_funmap	intogen_temporal_new__to__intogen2024	target
IKBKB	4	1	intogen2024	native_funmap	intogen_temporal_new__to__intogen2024	target
ERBB2	4	1	intogen2024	native_funmap	intogen_temporal_new__to__intogen2024	target
FBXO11	4	1	intogen2024	native_funmap	intogen_temporal_new__to__intogen2024	target
CNOT3	4	1	intogen2024	native_funmap	intogen_temporal_new__to__intogen2024	target
NF1	4	1	intogen2024	native_funmap	intogen_temporal_new__to__intogen2024	target
AMER1	4	1	intogen2024	native_funmap	intogen_temporal_new__to__intogen2024	target
POLQ	4	1	intogen2024	native_funmap	intogen_temporal_new__to__intogen2024	target
AJUBA	4	1	intogen2024	native_funmap	intogen_temporal_new__to__intogen2024	target
PML	4	1	intogen2024	native_funmap	intogen_temporal_new__to__intogen2024	target
MYO5A	4	1	intogen2024	native_funmap	intogen_temporal_new__to__intogen2024	target
CUX1	4	1	intogen2024	native_funmap	intogen_temporal_new__to__intogen2024	target
TSC2	4	1	intogen2024	native_funmap	intogen_temporal_new__to__intogen2024	target
CASZ1	4	1	intogen2024	native_funmap	intogen_temporal_new__to__intogen2024	target
IDH1	4	1	intogen2024	native_funmap	intogen_temporal_new__to__intogen2024	target
SRSF2	4	1	intogen2024	native_funmap	intogen_temporal_new__to__intogen2024	target
BTK	4	1	intogen2024	native_funmap	intogen_temporal_new__to__intogen2024	target
ASXL1	4	1	intogen2024	native_funmap	intogen_temporal_new__to__intogen2024	target
JAK2	4	1	intogen2024	native_funmap	intogen_temporal_new__to__intogen2024	target
STK11	4	1	intogen2024	native_funmap	intogen_temporal_new__to__intogen2024	target
BCL9	4	1	intogen2024	native_funmap	intogen_temporal_new__to__intogen2024	target
PPP6C	4	1	intogen2024	native_funmap	intogen_temporal_new__to__intogen2024	target
TSC1	4	1	intogen2024	native_funmap	intogen_temporal_new__to__intogen2024	target
EGFR	4	1	intogen2024	native_funmap	intogen_temporal_new__to__intogen2024	target
FBN2	4	1	intogen2024	native_funmap	intogen_temporal_new__to__intogen2024	target
SPEN	4	1	intogen2024	native_funmap	intogen_temporal_new__to__intogen2024	target
AXIN1	4	1	intogen2024	native_funmap	intogen_temporal_new__to__intogen2024	target
RXRA	4	1	intogen2024	native_funmap	intogen_temporal_new__to__intogen2024	target
RUNX1T1	4	1	intogen2024	native_funmap	intogen_temporal_new__to__intogen2024	target
NCOA1	4	1	intogen2024	native_funmap	intogen_temporal_new__to__intogen2024	target
PDGFRB	4	1	intogen2024	native_funmap	intogen_temporal_new__to__intogen2024	target
ATG7	4	1	intogen2024	native_funmap	intogen_temporal_new__to__intogen2024	target
NRAS	4	1	intogen2024	native_funmap	intogen_temporal_new__to__intogen2024	target
BCLAF1	4	1	intogen2024	native_funmap	intogen_temporal_new__to__intogen2024	target
NXF1	4	1	intogen2024	native_funmap	intogen_temporal_new__to__intogen2024	target
GNA11	4	1	intogen2024	native_funmap	intogen_temporal_new__to__intogen2024	target
KMT2C	4	1	intogen2024	native_funmap	intogen_temporal_new__to__intogen2024	target
MAP2K4	4	1	intogen2024	native_funmap	intogen_temporal_new__to__intogen2024	target
BMPR1A	4	1	intogen2024	native_funmap	intogen_temporal_new__to__intogen2024	target
MAPK1	4	1	intogen2024	native_funmap	intogen_temporal_new__to__intogen2024	target
NCOA2	4	1	intogen2024	native_funmap	intogen_temporal_new__to__intogen2024	target
UBE2A	4	1	intogen2024	native_funmap	intogen_temporal_new__to__intogen2024	target
RBM39	4	1	intogen2024	native_funmap	intogen_temporal_new__to__intogen2024	target
NFKB2	4	1	intogen2024	native_funmap	intogen_temporal_new__to__intogen2024	target
ARHGEF12	4	1	intogen2024	native_funmap	intogen_temporal_new__to__intogen2024	target
EPHA2	4	1	intogen2024	native_funmap	intogen_temporal_new__to__intogen2024	target
GNA13	4	1	intogen2024	native_funmap	intogen_temporal_new__to__intogen2024	target
USP9X	4	1	intogen2024	native_funmap	intogen_temporal_new__to__intogen2024	target
MDM2	4	1	intogen2024	native_funmap	intogen_temporal_new__to__intogen2024	target
NKTR	4	1	intogen2024	native_funmap	intogen_temporal_new__to__intogen2024	target
GNAI2	4	1	intogen2024	native_funmap	intogen_temporal_new__to__intogen2024	target
AKT1	4	1	intogen2024	native_funmap	intogen_temporal_new__to__intogen2024	target
FLT4	4	1	intogen2024	native_funmap	intogen_temporal_new__to__intogen2024	target
HSP90AB1	4	1	intogen2024	native_funmap	intogen_temporal_new__to__intogen2024	target
KEAP1	4	1	intogen2024	native_funmap	intogen_temporal_new__to__intogen2024	target
SIN3A	4	1	intogen2024	native_funmap	intogen_temporal_new__to__intogen2024	target
EPHA3	4	1	intogen2024	native_funmap	intogen_temporal_new__to__intogen2024	target
MLLT1	4	1	intogen2024	native_funmap	intogen_temporal_new__to__intogen2024	target
TNFAIP3	4	1	intogen2024	native_funmap	intogen_temporal_new__to__intogen2024	target
PCBP1	4	1	intogen2024	native_funmap	intogen_temporal_new__to__intogen2024	target
MYC	4	1	intogen2024	native_funmap	intogen_temporal_new__to__intogen2024	target
GTF2I	4	1	intogen2024	native_funmap	intogen_temporal_new__to__intogen2024	target
TP63	4	1	intogen2024	native_funmap	intogen_temporal_new__to__intogen2024	target
KDM5C	4	1	intogen2024	native_funmap	intogen_temporal_new__to__intogen2024	target
MYD88	4	1	intogen2024	native_funmap	intogen_temporal_new__to__intogen2024	target
PRKCD	4	1	intogen2024	native_funmap	intogen_temporal_new__to__intogen2024	target
MAX	4	1	intogen2024	native_funmap	intogen_temporal_new__to__intogen2024	target
RAP1GDS1	4	1	intogen2024	native_funmap	intogen_temporal_new__to__intogen2024	target
ELF4	4	1	intogen2024	native_funmap	intogen_temporal_new__to__intogen2024	target
ZBTB16	4	1	intogen2024	native_funmap	intogen_temporal_new__to__intogen2024	target
RPL10	4	1	intogen2024	native_funmap	intogen_temporal_new__to__intogen2024	target
POU2F2	4	1	intogen2024	native_funmap	intogen_temporal_new__to__intogen2024	target
VAV1	4	1	intogen2024	native_funmap	intogen_temporal_new__to__intogen2024	target
KMT2B	4	1	intogen2024	native_funmap	intogen_temporal_new__to__intogen2024	target
RAD21	4	1	intogen2024	native_funmap	intogen_temporal_new__to__intogen2024	target
HSPG2	4	1	intogen2024	native_funmap	intogen_temporal_new__to__intogen2024	target
DDB2	4	1	intogen2024	native_funmap	intogen_temporal_new__to__intogen2024	target
MED12	4	1	intogen2024	native_funmap	intogen_temporal_new__to__intogen2024	target
SP140	4	1	intogen2024	native_funmap	intogen_temporal_new__to__intogen2024	target
RANBP2	4	1	intogen2024	native_funmap	intogen_temporal_new__to__intogen2024	target
TAF15	4	1	intogen2024	native_funmap	intogen_temporal_new__to__intogen2024	target
CHEK2	4	1	intogen2024	native_funmap	intogen_temporal_new__to__intogen2024	target
IL6ST	4	1	intogen2024	native_funmap	intogen_temporal_new__to__intogen2024	target
GATA3	4	1	intogen2024	native_funmap	intogen_temporal_new__to__intogen2024	target
ACSL3	4	1	intogen2024	native_funmap	intogen_temporal_new__to__intogen2024	target
PRKCB	4	1	intogen2024	native_funmap	intogen_temporal_new__to__intogen2024	target
TFG	4	1	intogen2024	native_funmap	intogen_temporal_new__to__intogen2024	target
QKI	4	1	intogen2024	native_funmap	intogen_temporal_new__to__intogen2024	target
EFTUD2	4	1	intogen2024	native_funmap	intogen_temporal_new__to__intogen2024	target
CTNNB1	4	1	intogen2024	native_funmap	intogen_temporal_new__to__intogen2024	target
SMAD4	4	1	intogen2024	native_funmap	intogen_temporal_new__to__intogen2024	target
KMT2A	4	1	intogen2024	native_funmap	intogen_temporal_new__to__intogen2024	target
ZBTB20	4	1	intogen2024	native_funmap	intogen_temporal_new__to__intogen2024	target
CLTC	4	1	intogen2024	native_funmap	intogen_temporal_new__to__intogen2024	target
TOP1	4	1	intogen2024	native_funmap	intogen_temporal_new__to__intogen2024	target
RRAGC	4	1	intogen2024	native_funmap	intogen_temporal_new__to__intogen2024	target
CDKN2C	4	1	intogen2024	native_funmap	intogen_temporal_new__to__intogen2024	target
TENT5C	4	1	intogen2024	native_funmap	intogen_temporal_new__to__intogen2024	target
SMARCA4	4	1	intogen2024	native_funmap	intogen_temporal_new__to__intogen2024	target
MEN1	4	1	intogen2024	native_funmap	intogen_temporal_new__to__intogen2024	target
CIC	4	1	intogen2024	native_funmap	intogen_temporal_new__to__intogen2024	target
MYH11	4	1	intogen2024	native_funmap	intogen_temporal_new__to__intogen2024	target
BRD7	4	1	intogen2024	native_funmap	intogen_temporal_new__to__intogen2024	target
EGR2	4	1	intogen2024	native_funmap	intogen_temporal_new__to__intogen2024	target
NUMA1	4	1	intogen2024	native_funmap	intogen_temporal_new__to__intogen2024	target
EIF1AX	4	1	intogen2024	native_funmap	intogen_temporal_new__to__intogen2024	target
SMARCD1	4	1	intogen2024	native_funmap	intogen_temporal_new__to__intogen2024	target
USP8	4	1	intogen2024	native_funmap	intogen_temporal_new__to__intogen2024	target
PIK3CB	4	1	intogen2024	native_funmap	intogen_temporal_new__to__intogen2024	target
ARAF	4	1	intogen2024	native_funmap	intogen_temporal_new__to__intogen2024	target
RB1	4	1	intogen2024	native_funmap	intogen_temporal_new__to__intogen2024	target
ASXL2	4	1	intogen2024	native_funmap	intogen_temporal_new__to__intogen2024	target
PRKD2	4	1	intogen2024	native_funmap	intogen_temporal_new__to__intogen2024	target
PIM1	4	1	intogen2024	native_funmap	intogen_temporal_new__to__intogen2024	target
SLC39A14	4	0	intogen2024	native_funmap	intogen_temporal_new__to__intogen2024	background
OXR1	4	0	intogen2024	native_funmap	intogen_temporal_new__to__intogen2024	background
MOCS1	4	0	intogen2024	native_funmap	intogen_temporal_new__to__intogen2024	background
ZNF800	4	0	intogen2024	native_funmap	intogen_temporal_new__to__intogen2024	background
PCDHB9	4	0	intogen2024	native_funmap	intogen_temporal_new__to__intogen2024	background
RPS4Y1	4	0	intogen2024	native_funmap	intogen_temporal_new__to__intogen2024	background
RHBDF2	4	0	intogen2024	native_funmap	intogen_temporal_new__to__intogen2024	background
EMC7	4	0	intogen2024	native_funmap	intogen_temporal_new__to__intogen2024	background
GMFG	4	0	intogen2024	native_funmap	intogen_temporal_new__to__intogen2024	background
AASDHPPT	4	0	intogen2024	native_funmap	intogen_temporal_new__to__intogen2024	background
IL1F10	4	0	intogen2024	native_funmap	intogen_temporal_new__to__intogen2024	background
HK3	4	0	intogen2024	native_funmap	intogen_temporal_new__to__intogen2024	background
HYDIN	4	0	intogen2024	native_funmap	intogen_temporal_new__to__intogen2024	background
LSM5	4	0	intogen2024	native_funmap	intogen_temporal_new__to__intogen2024	background
ASDURF	4	0	intogen2024	native_funmap	intogen_temporal_new__to__intogen2024	background
HM13	4	0	intogen2024	native_funmap	intogen_temporal_new__to__intogen2024	background
CENPF	4	0	intogen2024	native_funmap	intogen_temporal_new__to__intogen2024	background
NDUFA10	4	0	intogen2024	native_funmap	intogen_temporal_new__to__intogen2024	background
PPP1R10	4	0	intogen2024	native_funmap	intogen_temporal_new__to__intogen2024	background
RPAP3	4	0	intogen2024	native_funmap	intogen_temporal_new__to__intogen2024	background
ABHD6	4	0	intogen2024	native_funmap	intogen_temporal_new__to__intogen2024	background
LAMP2	4	0	intogen2024	native_funmap	intogen_temporal_new__to__intogen2024	background
PHOSPHO1	4	0	intogen2024	native_funmap	intogen_temporal_new__to__intogen2024	background
NEDD4L	4	0	intogen2024	native_funmap	intogen_temporal_new__to__intogen2024	background
EIF4A1	4	0	intogen2024	native_funmap	intogen_temporal_new__to__intogen2024	background
TMED3	4	0	intogen2024	native_funmap	intogen_temporal_new__to__intogen2024	background
CCDC51	4	0	intogen2024	native_funmap	intogen_temporal_new__to__intogen2024	background
RPP30	4	0	intogen2024	native_funmap	intogen_temporal_new__to__intogen2024	background
CD33	4	0	intogen2024	native_funmap	intogen_temporal_new__to__intogen2024	background
INTS13	4	0	intogen2024	native_funmap	intogen_temporal_new__to__intogen2024	background
RBMS1	4	0	intogen2024	native_funmap	intogen_temporal_new__to__intogen2024	background
LYVE1	4	0	intogen2024	native_funmap	intogen_temporal_new__to__intogen2024	background
CENPI	4	0	intogen2024	native_funmap	intogen_temporal_new__to__intogen2024	background
CAMSAP2	4	0	intogen2024	native_funmap	intogen_temporal_new__to__intogen2024	background
MTA1	4	0	intogen2024	native_funmap	intogen_temporal_new__to__intogen2024	background
CYP1A2	4	0	intogen2024	native_funmap	intogen_temporal_new__to__intogen2024	background
AAMDC	4	0	intogen2024	native_funmap	intogen_temporal_new__to__intogen2024	background
GPR84	4	0	intogen2024	native_funmap	intogen_temporal_new__to__intogen2024	background
CBX5	4	0	intogen2024	native_funmap	intogen_temporal_new__to__intogen2024	background
ALKBH4	4	0	intogen2024	native_funmap	intogen_temporal_new__to__intogen2024	background
ATP6V1A	4	0	intogen2024	native_funmap	intogen_temporal_new__to__intogen2024	background
CLUH	4	0	intogen2024	native_funmap	intogen_temporal_new__to__intogen2024	background
PRKAA2	4	0	intogen2024	native_funmap	intogen_temporal_new__to__intogen2024	background
EIF4G3	4	0	intogen2024	native_funmap	intogen_temporal_new__to__intogen2024	background
LGMN	4	0	intogen2024	native_funmap	intogen_temporal_new__to__intogen2024	background
SELENOS	4	0	intogen2024	native_funmap	intogen_temporal_new__to__intogen2024	background
SCARB1	4	0	intogen2024	native_funmap	intogen_temporal_new__to__intogen2024	background
CNTNAP4	4	0	intogen2024	native_funmap	intogen_temporal_new__to__intogen2024	background
WASHC5	4	0	intogen2024	native_funmap	intogen_temporal_new__to__intogen2024	background
VEGFC	4	0	intogen2024	native_funmap	intogen_temporal_new__to__intogen2024	background
RBBP5	4	0	intogen2024	native_funmap	intogen_temporal_new__to__intogen2024	background
C1orf174	4	0	intogen2024	native_funmap	intogen_temporal_new__to__intogen2024	background
AURKAIP1	4	0	intogen2024	native_funmap	intogen_temporal_new__to__intogen2024	background
WBP11	4	0	intogen2024	native_funmap	intogen_temporal_new__to__intogen2024	background
BLOC1S6	4	0	intogen2024	native_funmap	intogen_temporal_new__to__intogen2024	background
HRNR	4	0	intogen2024	native_funmap	intogen_temporal_new__to__intogen2024	background
PBX2	4	0	intogen2024	native_funmap	intogen_temporal_new__to__intogen2024	background
CLEC1B	4	0	intogen2024	native_funmap	intogen_temporal_new__to__intogen2024	background
THRA	4	0	intogen2024	native_funmap	intogen_temporal_new__to__intogen2024	background
RBM41	4	0	intogen2024	native_funmap	intogen_temporal_new__to__intogen2024	background
SLC38A9	4	0	intogen2024	native_funmap	intogen_temporal_new__to__intogen2024	background
PLEKHO2	4	0	intogen2024	native_funmap	intogen_temporal_new__to__intogen2024	background
PDE4DIP	4	0	intogen2024	native_funmap	intogen_temporal_new__to__intogen2024	background
ASAP2	4	0	intogen2024	native_funmap	intogen_temporal_new__to__intogen2024	background
NCLN	4	0	intogen2024	native_funmap	intogen_temporal_new__to__intogen2024	background
FRMD8	4	0	intogen2024	native_funmap	intogen_temporal_new__to__intogen2024	background
CLU	4	0	intogen2024	native_funmap	intogen_temporal_new__to__intogen2024	background
TTC38	4	0	intogen2024	native_funmap	intogen_temporal_new__to__intogen2024	background
HNMT	4	0	intogen2024	native_funmap	intogen_temporal_new__to__intogen2024	background
STK36	4	0	intogen2024	native_funmap	intogen_temporal_new__to__intogen2024	background
TEAD4	4	0	intogen2024	native_funmap	intogen_temporal_new__to__intogen2024	background
LBH	4	0	intogen2024	native_funmap	intogen_temporal_new__to__intogen2024	background
PRSS8	4	0	intogen2024	native_funmap	intogen_temporal_new__to__intogen2024	background
SNRPE	4	0	intogen2024	native_funmap	intogen_temporal_new__to__intogen2024	background
C6	4	0	intogen2024	native_funmap	intogen_temporal_new__to__intogen2024	background
CYB561	4	0	intogen2024	native_funmap	intogen_temporal_new__to__intogen2024	background
LRP1	4	0	intogen2024	native_funmap	intogen_temporal_new__to__intogen2024	background
PPP2R5E	4	0	intogen2024	native_funmap	intogen_temporal_new__to__intogen2024	background
SCCPDH	4	0	intogen2024	native_funmap	intogen_temporal_new__to__intogen2024	background
FAM78A	4	0	intogen2024	native_funmap	intogen_temporal_new__to__intogen2024	background
NOB1	4	0	intogen2024	native_funmap	intogen_temporal_new__to__intogen2024	background
CD177	4	0	intogen2024	native_funmap	intogen_temporal_new__to__intogen2024	background
DNALI1	4	0	intogen2024	native_funmap	intogen_temporal_new__to__intogen2024	background
UBP1	4	0	intogen2024	native_funmap	intogen_temporal_new__to__intogen2024	background
CD22	4	0	intogen2024	native_funmap	intogen_temporal_new__to__intogen2024	background
QRICH2	4	0	intogen2024	native_funmap	intogen_temporal_new__to__intogen2024	background
HGS	4	0	intogen2024	native_funmap	intogen_temporal_new__to__intogen2024	background
SUCLA2	4	0	intogen2024	native_funmap	intogen_temporal_new__to__intogen2024	background
SLC10A7	4	0	intogen2024	native_funmap	intogen_temporal_new__to__intogen2024	background
NAV1	4	0	intogen2024	native_funmap	intogen_temporal_new__to__intogen2024	background
LSR	4	0	intogen2024	native_funmap	intogen_temporal_new__to__intogen2024	background
ODR4	4	0	intogen2024	native_funmap	intogen_temporal_new__to__intogen2024	background
KIAA0319L	4	0	intogen2024	native_funmap	intogen_temporal_new__to__intogen2024	background
VWA2	4	0	intogen2024	native_funmap	intogen_temporal_new__to__intogen2024	background
ZNF701	4	0	intogen2024	native_funmap	intogen_temporal_new__to__intogen2024	background
CAMLG	4	0	intogen2024	native_funmap	intogen_temporal_new__to__intogen2024	background
IGHV3OR16-9	4	0	intogen2024	native_funmap	intogen_temporal_new__to__intogen2024	background
TNIP3	4	0	intogen2024	native_funmap	intogen_temporal_new__to__intogen2024	background
CITED2	4	0	intogen2024	native_funmap	intogen_temporal_new__to__intogen2024	background
MGME1	4	0	intogen2024	native_funmap	intogen_temporal_new__to__intogen2024	background
TRMT1	4	0	intogen2024	native_funmap	intogen_temporal_new__to__intogen2024	background
OAS3	4	0	intogen2024	native_funmap	intogen_temporal_new__to__intogen2024	background
GTSF1	4	0	intogen2024	native_funmap	intogen_temporal_new__to__intogen2024	background
TSKU	4	0	intogen2024	native_funmap	intogen_temporal_new__to__intogen2024	background
TNNC2	4	0	intogen2024	native_funmap	intogen_temporal_new__to__intogen2024	background
B4GALT2	4	0	intogen2024	native_funmap	intogen_temporal_new__to__intogen2024	background
ATXN7L3B	4	0	intogen2024	native_funmap	intogen_temporal_new__to__intogen2024	background
MRPS11	4	0	intogen2024	native_funmap	intogen_temporal_new__to__intogen2024	background
IGHV3-72	4	0	intogen2024	native_funmap	intogen_temporal_new__to__intogen2024	background
CFAP74	4	0	intogen2024	native_funmap	intogen_temporal_new__to__intogen2024	background
PHF13	4	0	intogen2024	native_funmap	intogen_temporal_new__to__intogen2024	background
OSGEP	4	0	intogen2024	native_funmap	intogen_temporal_new__to__intogen2024	background
AC098484.3	4	0	intogen2024	native_funmap	intogen_temporal_new__to__intogen2024	background
IGF2BP3	4	0	intogen2024	native_funmap	intogen_temporal_new__to__intogen2024	background
ZNF227	4	0	intogen2024	native_funmap	intogen_temporal_new__to__intogen2024	background
IRF2	4	0	intogen2024	native_funmap	intogen_temporal_new__to__intogen2024	background
PRSS22	4	0	intogen2024	native_funmap	intogen_temporal_new__to__intogen2024	background
COL4A4	4	0	intogen2024	native_funmap	intogen_temporal_new__to__intogen2024	background
ITM2B	4	0	intogen2024	native_funmap	intogen_temporal_new__to__intogen2024	background
PRG2	4	0	intogen2024	native_funmap	intogen_temporal_new__to__intogen2024	background
RUNX3	4	0	intogen2024	native_funmap	intogen_temporal_new__to__intogen2024	background
EEA1	4	0	intogen2024	native_funmap	intogen_temporal_new__to__intogen2024	background
OLFML1	4	0	intogen2024	native_funmap	intogen_temporal_new__to__intogen2024	background
MTMR12	4	0	intogen2024	native_funmap	intogen_temporal_new__to__intogen2024	background
KIAA0586	4	0	intogen2024	native_funmap	intogen_temporal_new__to__intogen2024	background
HIGD2A	4	0	intogen2024	native_funmap	intogen_temporal_new__to__intogen2024	background
GPRASP2	4	0	intogen2024	native_funmap	intogen_temporal_new__to__intogen2024	background
KIFBP	4	0	intogen2024	native_funmap	intogen_temporal_new__to__intogen2024	background
PROSER1	4	0	intogen2024	native_funmap	intogen_temporal_new__to__intogen2024	background
VPS29	4	0	intogen2024	native_funmap	intogen_temporal_new__to__intogen2024	background
HAX1	4	0	intogen2024	native_funmap	intogen_temporal_new__to__intogen2024	background
OLFML2B	4	0	intogen2024	native_funmap	intogen_temporal_new__to__intogen2024	background
PTMS	4	0	intogen2024	native_funmap	intogen_temporal_new__to__intogen2024	background
GRWD1	4	0	intogen2024	native_funmap	intogen_temporal_new__to__intogen2024	background
ATF3	4	0	intogen2024	native_funmap	intogen_temporal_new__to__intogen2024	background
SCRN3	4	0	intogen2024	native_funmap	intogen_temporal_new__to__intogen2024	background
LGI3	4	0	intogen2024	native_funmap	intogen_temporal_new__to__intogen2024	background
FBXO38	4	0	intogen2024	native_funmap	intogen_temporal_new__to__intogen2024	background
SLC26A11	4	0	intogen2024	native_funmap	intogen_temporal_new__to__intogen2024	background
VPS50	4	0	intogen2024	native_funmap	intogen_temporal_new__to__intogen2024	background
KBTBD3	4	0	intogen2024	native_funmap	intogen_temporal_new__to__intogen2024	background
NT5DC2	4	0	intogen2024	native_funmap	intogen_temporal_new__to__intogen2024	background
SNAP23	4	0	intogen2024	native_funmap	intogen_temporal_new__to__intogen2024	background
PPIL3	4	0	intogen2024	native_funmap	intogen_temporal_new__to__intogen2024	background
TIMP2	4	0	intogen2024	native_funmap	intogen_temporal_new__to__intogen2024	background
ETS2	4	0	intogen2024	native_funmap	intogen_temporal_new__to__intogen2024	background
FBXL6	4	0	intogen2024	native_funmap	intogen_temporal_new__to__intogen2024	background
MCL1	4	0	intogen2024	native_funmap	intogen_temporal_new__to__intogen2024	background
LUC7L3	4	0	intogen2024	native_funmap	intogen_temporal_new__to__intogen2024	background
NCAPG2	4	0	intogen2024	native_funmap	intogen_temporal_new__to__intogen2024	background
FAM210A	4	0	intogen2024	native_funmap	intogen_temporal_new__to__intogen2024	background
IFI30	4	0	intogen2024	native_funmap	intogen_temporal_new__to__intogen2024	background
RBL2	4	0	intogen2024	native_funmap	intogen_temporal_new__to__intogen2024	background
SLC30A5	4	0	intogen2024	native_funmap	intogen_temporal_new__to__intogen2024	background
LAMC2	4	0	intogen2024	native_funmap	intogen_temporal_new__to__intogen2024	background
GDE1	4	0	intogen2024	native_funmap	intogen_temporal_new__to__intogen2024	background
ANGPTL4	4	0	intogen2024	native_funmap	intogen_temporal_new__to__intogen2024	background
GPD1L	4	0	intogen2024	native_funmap	intogen_temporal_new__to__intogen2024	background
DMAP1	4	0	intogen2024	native_funmap	intogen_temporal_new__to__intogen2024	background
SELENON	4	0	intogen2024	native_funmap	intogen_temporal_new__to__intogen2024	background
PTHLH	4	0	intogen2024	native_funmap	intogen_temporal_new__to__intogen2024	background
CTAG2	4	0	intogen2024	native_funmap	intogen_temporal_new__to__intogen2024	background
RNPS1	4	0	intogen2024	native_funmap	intogen_temporal_new__to__intogen2024	background
ZNF333	4	0	intogen2024	native_funmap	intogen_temporal_new__to__intogen2024	background
SLC2A13	4	0	intogen2024	native_funmap	intogen_temporal_new__to__intogen2024	background
TK2	4	0	intogen2024	native_funmap	intogen_temporal_new__to__intogen2024	background
DHX36	4	0	intogen2024	native_funmap	intogen_temporal_new__to__intogen2024	background
CLEC14A	4	0	intogen2024	native_funmap	intogen_temporal_new__to__intogen2024	background
PTPN2	4	0	intogen2024	native_funmap	intogen_temporal_new__to__intogen2024	background
PDCL3	4	0	intogen2024	native_funmap	intogen_temporal_new__to__intogen2024	background
POP1	4	0	intogen2024	native_funmap	intogen_temporal_new__to__intogen2024	background
TACC3	4	0	intogen2024	native_funmap	intogen_temporal_new__to__intogen2024	background
TXNRD1	4	0	intogen2024	native_funmap	intogen_temporal_new__to__intogen2024	background
MYOF	4	0	intogen2024	native_funmap	intogen_temporal_new__to__intogen2024	background
MRPL14	4	0	intogen2024	native_funmap	intogen_temporal_new__to__intogen2024	background
TIMM9	4	0	intogen2024	native_funmap	intogen_temporal_new__to__intogen2024	background
CDYL	4	0	intogen2024	native_funmap	intogen_temporal_new__to__intogen2024	background
C4BPB	4	0	intogen2024	native_funmap	intogen_temporal_new__to__intogen2024	background
AGO2	4	0	intogen2024	native_funmap	intogen_temporal_new__to__intogen2024	background
ACTR6	4	0	intogen2024	native_funmap	intogen_temporal_new__to__intogen2024	background
KDM5B	4	0	intogen2024	native_funmap	intogen_temporal_new__to__intogen2024	background
PCDHB7	4	0	intogen2024	native_funmap	intogen_temporal_new__to__intogen2024	background
FCSK	4	0	intogen2024	native_funmap	intogen_temporal_new__to__intogen2024	background
MPP7	4	0	intogen2024	native_funmap	intogen_temporal_new__to__intogen2024	background
RPA1	4	0	intogen2024	native_funmap	intogen_temporal_new__to__intogen2024	background
LRRFIP2	4	0	intogen2024	native_funmap	intogen_temporal_new__to__intogen2024	background
COMT	4	0	intogen2024	native_funmap	intogen_temporal_new__to__intogen2024	background
PXMP2	4	0	intogen2024	native_funmap	intogen_temporal_new__to__intogen2024	background
TRAPPC3	4	0	intogen2024	native_funmap	intogen_temporal_new__to__intogen2024	background
STIL	4	0	intogen2024	native_funmap	intogen_temporal_new__to__intogen2024	background
PBLD	4	0	intogen2024	native_funmap	intogen_temporal_new__to__intogen2024	background
ABCB9	4	0	intogen2024	native_funmap	intogen_temporal_new__to__intogen2024	background
DERPC	4	0	intogen2024	native_funmap	intogen_temporal_new__to__intogen2024	background
PABPC1L	4	0	intogen2024	native_funmap	intogen_temporal_new__to__intogen2024	background
FBRSL1	4	0	intogen2024	native_funmap	intogen_temporal_new__to__intogen2024	background
CACNA1C	4	0	intogen2024	native_funmap	intogen_temporal_new__to__intogen2024	background
MPZL3	4	0	intogen2024	native_funmap	intogen_temporal_new__to__intogen2024	background
CENPQ	4	0	intogen2024	native_funmap	intogen_temporal_new__to__intogen2024	background
OTUD4	4	0	intogen2024	native_funmap	intogen_temporal_new__to__intogen2024	background
CD74	4	0	intogen2024	native_funmap	intogen_temporal_new__to__intogen2024	background
