gene	fold	y	label_id	universe_id	transfer_id	role
FBN2	0	1	intogen2024	native_reactome	ot_all__to__intogen2024	target
NIPBL	0	1	intogen2024	native_reactome	ot_all__to__intogen2024	target
DCC	0	1	intogen2024	native_reactome	ot_all__to__intogen2024	target
WNT1	0	1	intogen2024	native_reactome	ot_all__to__intogen2024	target
INPPL1	0	1	intogen2024	native_reactome	ot_all__to__intogen2024	target
RXRA	0	1	intogen2024	native_reactome	ot_all__to__intogen2024	target
SMAD3	0	1	intogen2024	native_reactome	ot_all__to__intogen2024	target
CTCF	0	1	intogen2024	native_reactome	ot_all__to__intogen2024	target
GSK3B	0	1	intogen2024	native_reactome	ot_all__to__intogen2024	target
SOX17	0	1	intogen2024	native_reactome	ot_all__to__intogen2024	target
NCOA1	0	1	intogen2024	native_reactome	ot_all__to__intogen2024	target
NPRL2	0	1	intogen2024	native_reactome	ot_all__to__intogen2024	target
CCND2	0	1	intogen2024	native_reactome	ot_all__to__intogen2024	target
NCKIPSD	0	1	intogen2024	native_reactome	ot_all__to__intogen2024	target
GPC5	0	1	intogen2024	native_reactome	ot_all__to__intogen2024	target
CTNNA2	0	1	intogen2024	native_reactome	ot_all__to__intogen2024	target
CBFB	0	1	intogen2024	native_reactome	ot_all__to__intogen2024	target
SETD1B	0	1	intogen2024	native_reactome	ot_all__to__intogen2024	target
AFDN	0	1	intogen2024	native_reactome	ot_all__to__intogen2024	target
PABPC1	0	1	intogen2024	native_reactome	ot_all__to__intogen2024	target
RHOA	0	1	intogen2024	native_reactome	ot_all__to__intogen2024	target
ZNF93	0	1	intogen2024	native_reactome	ot_all__to__intogen2024	target
DSP	0	1	intogen2024	native_reactome	ot_all__to__intogen2024	target
NSD2	0	1	intogen2024	native_reactome	ot_all__to__intogen2024	target
ELF3	0	1	intogen2024	native_reactome	ot_all__to__intogen2024	target
MGA	0	1	intogen2024	native_reactome	ot_all__to__intogen2024	target
ATG7	0	1	intogen2024	native_reactome	ot_all__to__intogen2024	target
ARID1B	0	1	intogen2024	native_reactome	ot_all__to__intogen2024	target
PRDM1	0	1	intogen2024	native_reactome	ot_all__to__intogen2024	target
BCL10	0	1	intogen2024	native_reactome	ot_all__to__intogen2024	target
SDCBP	0	1	intogen2024	native_reactome	ot_all__to__intogen2024	target
FLG	0	1	intogen2024	native_reactome	ot_all__to__intogen2024	target
ROBO2	0	1	intogen2024	native_reactome	ot_all__to__intogen2024	target
MTOR	0	1	intogen2024	native_reactome	ot_all__to__intogen2024	target
SGK1	0	1	intogen2024	native_reactome	ot_all__to__intogen2024	target
ITGAV	0	1	intogen2024	native_reactome	ot_all__to__intogen2024	target
FOXO3	0	1	intogen2024	native_reactome	ot_all__to__intogen2024	target
CTNNA1	0	1	intogen2024	native_reactome	ot_all__to__intogen2024	target
ZNRF3	0	1	intogen2024	native_reactome	ot_all__to__intogen2024	target
DHX9	0	1	intogen2024	native_reactome	ot_all__to__intogen2024	target
SMARCA2	0	1	intogen2024	native_reactome	ot_all__to__intogen2024	target
NXF1	0	1	intogen2024	native_reactome	ot_all__to__intogen2024	target
MAP2K7	0	1	intogen2024	native_reactome	ot_all__to__intogen2024	target
EPS15	0	1	intogen2024	native_reactome	ot_all__to__intogen2024	target
CRLF2	0	1	intogen2024	native_reactome	ot_all__to__intogen2024	target
ELN	0	1	intogen2024	native_reactome	ot_all__to__intogen2024	target
GNA11	0	1	intogen2024	native_reactome	ot_all__to__intogen2024	target
DAXX	0	1	intogen2024	native_reactome	ot_all__to__intogen2024	target
PLXNC1	0	1	intogen2024	native_reactome	ot_all__to__intogen2024	target
GRIN2A	0	1	intogen2024	native_reactome	ot_all__to__intogen2024	target
ACVR2A	0	1	intogen2024	native_reactome	ot_all__to__intogen2024	target
MAP2K4	0	1	intogen2024	native_reactome	ot_all__to__intogen2024	target
HLA-DQA1	0	1	intogen2024	native_reactome	ot_all__to__intogen2024	target
FBLN2	0	1	intogen2024	native_reactome	ot_all__to__intogen2024	target
NCOA2	0	1	intogen2024	native_reactome	ot_all__to__intogen2024	target
USP7	0	1	intogen2024	native_reactome	ot_all__to__intogen2024	target
NFKB2	0	1	intogen2024	native_reactome	ot_all__to__intogen2024	target
ARHGEF12	0	1	intogen2024	native_reactome	ot_all__to__intogen2024	target
MAF	0	1	intogen2024	native_reactome	ot_all__to__intogen2024	target
GNA13	0	1	intogen2024	native_reactome	ot_all__to__intogen2024	target
SRGAP3	0	1	intogen2024	native_reactome	ot_all__to__intogen2024	target
ETV4	0	1	intogen2024	native_reactome	ot_all__to__intogen2024	target
ZNF521	0	1	intogen2024	native_reactome	ot_all__to__intogen2024	target
USP9X	0	1	intogen2024	native_reactome	ot_all__to__intogen2024	target
MDM2	0	1	intogen2024	native_reactome	ot_all__to__intogen2024	target
CACNA1D	0	1	intogen2024	native_reactome	ot_all__to__intogen2024	target
ARNT	0	1	intogen2024	native_reactome	ot_all__to__intogen2024	target
GNAI2	0	1	intogen2024	native_reactome	ot_all__to__intogen2024	target
GNAQ	0	1	intogen2024	native_reactome	ot_all__to__intogen2024	target
SMAD2	0	1	intogen2024	native_reactome	ot_all__to__intogen2024	target
DGCR8	0	1	intogen2024	native_reactome	ot_all__to__intogen2024	target
KNL1	0	1	intogen2024	native_reactome	ot_all__to__intogen2024	target
HSP90AB1	0	1	intogen2024	native_reactome	ot_all__to__intogen2024	target
TRIM33	0	1	intogen2024	native_reactome	ot_all__to__intogen2024	target
DTX1	0	1	intogen2024	native_reactome	ot_all__to__intogen2024	target
ANK1	0	1	intogen2024	native_reactome	ot_all__to__intogen2024	target
PWWP2A	0	1	intogen2024	native_reactome	ot_all__to__intogen2024	target
SH2B3	0	1	intogen2024	native_reactome	ot_all__to__intogen2024	target
GLI1	0	1	intogen2024	native_reactome	ot_all__to__intogen2024	target
KMT5A	0	1	intogen2024	native_reactome	ot_all__to__intogen2024	target
BCL6	0	1	intogen2024	native_reactome	ot_all__to__intogen2024	target
RSPO2	0	1	intogen2024	native_reactome	ot_all__to__intogen2024	target
SIN3A	0	1	intogen2024	native_reactome	ot_all__to__intogen2024	target
PTPN3	0	1	intogen2024	native_reactome	ot_all__to__intogen2024	target
IL7R	0	1	intogen2024	native_reactome	ot_all__to__intogen2024	target
HIF1A	0	1	intogen2024	native_reactome	ot_all__to__intogen2024	target
IKZF3	0	1	intogen2024	native_reactome	ot_all__to__intogen2024	target
MALT1	0	1	intogen2024	native_reactome	ot_all__to__intogen2024	target
PDCD1LG2	0	1	intogen2024	native_reactome	ot_all__to__intogen2024	target
ARHGAP35	0	1	intogen2024	native_reactome	ot_all__to__intogen2024	target
PHF6	0	1	intogen2024	native_reactome	ot_all__to__intogen2024	target
ATP1A1	0	1	intogen2024	native_reactome	ot_all__to__intogen2024	target
RASA1	0	1	intogen2024	native_reactome	ot_all__to__intogen2024	target
FOXO1	0	1	intogen2024	native_reactome	ot_all__to__intogen2024	target
TNFAIP3	0	1	intogen2024	native_reactome	ot_all__to__intogen2024	target
SOCS1	0	1	intogen2024	native_reactome	ot_all__to__intogen2024	target
HLA-A	0	1	intogen2024	native_reactome	ot_all__to__intogen2024	target
CRTC1	0	1	intogen2024	native_reactome	ot_all__to__intogen2024	target
IRS4	0	1	intogen2024	native_reactome	ot_all__to__intogen2024	target
TEC	0	1	intogen2024	native_reactome	ot_all__to__intogen2024	target
TRRAP	0	1	intogen2024	native_reactome	ot_all__to__intogen2024	target
LIFR	0	1	intogen2024	native_reactome	ot_all__to__intogen2024	target
COL1A1	0	1	intogen2024	native_reactome	ot_all__to__intogen2024	target
RRN3	0	1	intogen2024	native_reactome	ot_all__to__intogen2024	target
LATS1	0	1	intogen2024	native_reactome	ot_all__to__intogen2024	target
RHPN2	0	1	intogen2024	native_reactome	ot_all__to__intogen2024	target
TBX3	0	1	intogen2024	native_reactome	ot_all__to__intogen2024	target
ERCC3	0	1	intogen2024	native_reactome	ot_all__to__intogen2024	target
ZCCHC8	0	1	intogen2024	native_reactome	ot_all__to__intogen2024	target
DIS3	0	1	intogen2024	native_reactome	ot_all__to__intogen2024	target
TRAF3	0	1	intogen2024	native_reactome	ot_all__to__intogen2024	target
MEF2B	0	1	intogen2024	native_reactome	ot_all__to__intogen2024	target
RAC1	0	1	intogen2024	native_reactome	ot_all__to__intogen2024	target
RELA	0	1	intogen2024	native_reactome	ot_all__to__intogen2024	target
HLA-C	0	1	intogen2024	native_reactome	ot_all__to__intogen2024	target
PSIP1	0	1	intogen2024	native_reactome	ot_all__to__intogen2024	target
MSI2	0	1	intogen2024	native_reactome	ot_all__to__intogen2024	target
NCOR1	0	1	intogen2024	native_reactome	ot_all__to__intogen2024	target
SOX9	0	1	intogen2024	native_reactome	ot_all__to__intogen2024	target
RAP1GDS1	0	1	intogen2024	native_reactome	ot_all__to__intogen2024	target
LEF1	0	1	intogen2024	native_reactome	ot_all__to__intogen2024	target
SIRPA	0	1	intogen2024	native_reactome	ot_all__to__intogen2024	target
RPS6KA3	0	1	intogen2024	native_reactome	ot_all__to__intogen2024	target
CYSLTR2	0	1	intogen2024	native_reactome	ot_all__to__intogen2024	target
HLA-B	0	1	intogen2024	native_reactome	ot_all__to__intogen2024	target
WWTR1	0	1	intogen2024	native_reactome	ot_all__to__intogen2024	target
POU2F2	0	1	intogen2024	native_reactome	ot_all__to__intogen2024	target
KAT6B	0	1	intogen2024	native_reactome	ot_all__to__intogen2024	target
VAV1	0	1	intogen2024	native_reactome	ot_all__to__intogen2024	target
KMT2B	0	1	intogen2024	native_reactome	ot_all__to__intogen2024	target
RAD21	0	1	intogen2024	native_reactome	ot_all__to__intogen2024	target
PPP3CA	0	1	intogen2024	native_reactome	ot_all__to__intogen2024	target
HSPG2	0	1	intogen2024	native_reactome	ot_all__to__intogen2024	target
ZEB1	0	1	intogen2024	native_reactome	ot_all__to__intogen2024	target
STAT6	0	1	intogen2024	native_reactome	ot_all__to__intogen2024	target
ABL2	0	1	intogen2024	native_reactome	ot_all__to__intogen2024	target
DDB2	0	1	intogen2024	native_reactome	ot_all__to__intogen2024	target
CADM2	0	1	intogen2024	native_reactome	ot_all__to__intogen2024	target
NFKBIE	0	1	intogen2024	native_reactome	ot_all__to__intogen2024	target
RANBP2	0	1	intogen2024	native_reactome	ot_all__to__intogen2024	target
ZFP36L1	0	1	intogen2024	native_reactome	ot_all__to__intogen2024	target
SETDB1	0	1	intogen2024	native_reactome	ot_all__to__intogen2024	target
EIF4A2	0	1	intogen2024	native_reactome	ot_all__to__intogen2024	target
IL6ST	0	1	intogen2024	native_reactome	ot_all__to__intogen2024	target
ESRRA	0	1	intogen2024	native_reactome	ot_all__to__intogen2024	target
KAT7	0	1	intogen2024	native_reactome	ot_all__to__intogen2024	target
IKBKB	0	1	intogen2024	native_reactome	ot_all__to__intogen2024	target
PICALM	0	1	intogen2024	native_reactome	ot_all__to__intogen2024	target
CD209	0	1	intogen2024	native_reactome	ot_all__to__intogen2024	target
TNC	0	1	intogen2024	native_reactome	ot_all__to__intogen2024	target
NCOR2	0	1	intogen2024	native_reactome	ot_all__to__intogen2024	target
KAT6A	0	1	intogen2024	native_reactome	ot_all__to__intogen2024	target
MIB2	0	1	intogen2024	native_reactome	ot_all__to__intogen2024	target
FCGR2B	0	1	intogen2024	native_reactome	ot_all__to__intogen2024	target
NFKBIA	0	1	intogen2024	native_reactome	ot_all__to__intogen2024	target
ACKR3	0	1	intogen2024	native_reactome	ot_all__to__intogen2024	target
CCNT1	0	1	intogen2024	native_reactome	ot_all__to__intogen2024	target
ACVR1B	0	1	intogen2024	native_reactome	ot_all__to__intogen2024	target
POLQ	0	1	intogen2024	native_reactome	ot_all__to__intogen2024	target
LDB1	0	1	intogen2024	native_reactome	ot_all__to__intogen2024	target
CLTCL1	0	1	intogen2024	native_reactome	ot_all__to__intogen2024	target
BIRC3	0	1	intogen2024	native_reactome	ot_all__to__intogen2024	target
AJUBA	0	1	intogen2024	native_reactome	ot_all__to__intogen2024	target
PML	0	1	intogen2024	native_reactome	ot_all__to__intogen2024	target
NBEA	0	1	intogen2024	native_reactome	ot_all__to__intogen2024	target
KMT2A	0	1	intogen2024	native_reactome	ot_all__to__intogen2024	target
SUZ12	0	1	intogen2024	native_reactome	ot_all__to__intogen2024	target
RRAGC	0	1	intogen2024	native_reactome	ot_all__to__intogen2024	target
MYO5A	0	1	intogen2024	native_reactome	ot_all__to__intogen2024	target
CDKN2C	0	1	intogen2024	native_reactome	ot_all__to__intogen2024	target
ATF7IP	0	1	intogen2024	native_reactome	ot_all__to__intogen2024	target
FOXL2	0	1	intogen2024	native_reactome	ot_all__to__intogen2024	target
MCM7	0	1	intogen2024	native_reactome	ot_all__to__intogen2024	target
HGF	0	1	intogen2024	native_reactome	ot_all__to__intogen2024	target
NOTCH2	0	1	intogen2024	native_reactome	ot_all__to__intogen2024	target
CHD7	0	1	intogen2024	native_reactome	ot_all__to__intogen2024	target
PREX2	0	1	intogen2024	native_reactome	ot_all__to__intogen2024	target
DROSHA	0	1	intogen2024	native_reactome	ot_all__to__intogen2024	target
PPM1D	0	1	intogen2024	native_reactome	ot_all__to__intogen2024	target
HDAC4	0	1	intogen2024	native_reactome	ot_all__to__intogen2024	target
MYH11	0	1	intogen2024	native_reactome	ot_all__to__intogen2024	target
CARD11	0	1	intogen2024	native_reactome	ot_all__to__intogen2024	target
CHD4	0	1	intogen2024	native_reactome	ot_all__to__intogen2024	target
IRAK1	0	1	intogen2024	native_reactome	ot_all__to__intogen2024	target
BRD7	0	1	intogen2024	native_reactome	ot_all__to__intogen2024	target
PTPRD	0	1	intogen2024	native_reactome	ot_all__to__intogen2024	target
RGS7	0	1	intogen2024	native_reactome	ot_all__to__intogen2024	target
EGR2	0	1	intogen2024	native_reactome	ot_all__to__intogen2024	target
NUMA1	0	1	intogen2024	native_reactome	ot_all__to__intogen2024	target
NFATC2	0	1	intogen2024	native_reactome	ot_all__to__intogen2024	target
EIF1AX	0	1	intogen2024	native_reactome	ot_all__to__intogen2024	target
SHTN1	0	1	intogen2024	native_reactome	ot_all__to__intogen2024	target
CCND3	0	1	intogen2024	native_reactome	ot_all__to__intogen2024	target
PTPRC	0	1	intogen2024	native_reactome	ot_all__to__intogen2024	target
MAP3K1	0	1	intogen2024	native_reactome	ot_all__to__intogen2024	target
PPP2R1A	0	1	intogen2024	native_reactome	ot_all__to__intogen2024	target
PTPN6	0	1	intogen2024	native_reactome	ot_all__to__intogen2024	target
RIPK1	0	1	intogen2024	native_reactome	ot_all__to__intogen2024	target
SMARCD1	0	1	intogen2024	native_reactome	ot_all__to__intogen2024	target
USP8	0	1	intogen2024	native_reactome	ot_all__to__intogen2024	target
PIM1	0	1	intogen2024	native_reactome	ot_all__to__intogen2024	target
ARAF	0	1	intogen2024	native_reactome	ot_all__to__intogen2024	target
CUL3	0	1	intogen2024	native_reactome	ot_all__to__intogen2024	target
MYH9	0	1	intogen2024	native_reactome	ot_all__to__intogen2024	target
ASXL2	0	1	intogen2024	native_reactome	ot_all__to__intogen2024	target
TGIF1	0	1	intogen2024	native_reactome	ot_all__to__intogen2024	target
BCL9	0	1	intogen2024	native_reactome	ot_all__to__intogen2024	target
ALPK1	0	1	intogen2024	native_reactome	ot_all__to__intogen2024	target
ADD3	0	0	intogen2024	native_reactome	ot_all__to__intogen2024	background
GIT1	0	0	intogen2024	native_reactome	ot_all__to__intogen2024	background
TOLLIP	0	0	intogen2024	native_reactome	ot_all__to__intogen2024	background
HMGB1	0	0	intogen2024	native_reactome	ot_all__to__intogen2024	background
GJA1	0	0	intogen2024	native_reactome	ot_all__to__intogen2024	background
FRAT2	0	0	intogen2024	native_reactome	ot_all__to__intogen2024	background
MYF6	0	0	intogen2024	native_reactome	ot_all__to__intogen2024	background
IFNB1	0	0	intogen2024	native_reactome	ot_all__to__intogen2024	background
CRTAM	0	0	intogen2024	native_reactome	ot_all__to__intogen2024	background
KCNJ10	0	0	intogen2024	native_reactome	ot_all__to__intogen2024	background
SOCS2	0	0	intogen2024	native_reactome	ot_all__to__intogen2024	background
NAE1	0	0	intogen2024	native_reactome	ot_all__to__intogen2024	background
CDC6	0	0	intogen2024	native_reactome	ot_all__to__intogen2024	background
ITPKC	0	0	intogen2024	native_reactome	ot_all__to__intogen2024	background
TNNC2	0	0	intogen2024	native_reactome	ot_all__to__intogen2024	background
VCP	0	0	intogen2024	native_reactome	ot_all__to__intogen2024	background
GRB14	0	0	intogen2024	native_reactome	ot_all__to__intogen2024	background
NCR2	0	0	intogen2024	native_reactome	ot_all__to__intogen2024	background
UHMK1	0	0	intogen2024	native_reactome	ot_all__to__intogen2024	background
DENND5B	0	0	intogen2024	native_reactome	ot_all__to__intogen2024	background
ADAMTS5	0	0	intogen2024	native_reactome	ot_all__to__intogen2024	background
PAG1	0	0	intogen2024	native_reactome	ot_all__to__intogen2024	background
BMPR1B	0	0	intogen2024	native_reactome	ot_all__to__intogen2024	background
GATA4	0	0	intogen2024	native_reactome	ot_all__to__intogen2024	background
SEC13	0	0	intogen2024	native_reactome	ot_all__to__intogen2024	background
C5AR1	0	0	intogen2024	native_reactome	ot_all__to__intogen2024	background
TTF1	0	0	intogen2024	native_reactome	ot_all__to__intogen2024	background
ZFC3H1	0	0	intogen2024	native_reactome	ot_all__to__intogen2024	background
PPP1CB	0	0	intogen2024	native_reactome	ot_all__to__intogen2024	background
TWIST1	0	0	intogen2024	native_reactome	ot_all__to__intogen2024	background
TNFSF12	0	0	intogen2024	native_reactome	ot_all__to__intogen2024	background
GCG	0	0	intogen2024	native_reactome	ot_all__to__intogen2024	background
VTI1A	0	0	intogen2024	native_reactome	ot_all__to__intogen2024	background
IL31	0	0	intogen2024	native_reactome	ot_all__to__intogen2024	background
STON2	0	0	intogen2024	native_reactome	ot_all__to__intogen2024	background
ACAN	0	0	intogen2024	native_reactome	ot_all__to__intogen2024	background
PAFAH1B1	0	0	intogen2024	native_reactome	ot_all__to__intogen2024	background
PPRC1	0	0	intogen2024	native_reactome	ot_all__to__intogen2024	background
GABRG3	0	0	intogen2024	native_reactome	ot_all__to__intogen2024	background
FES	0	0	intogen2024	native_reactome	ot_all__to__intogen2024	background
KL	0	0	intogen2024	native_reactome	ot_all__to__intogen2024	background
MYO6	0	0	intogen2024	native_reactome	ot_all__to__intogen2024	background
HES1	0	0	intogen2024	native_reactome	ot_all__to__intogen2024	background
TBPL2	0	0	intogen2024	native_reactome	ot_all__to__intogen2024	background
AVPR2	0	0	intogen2024	native_reactome	ot_all__to__intogen2024	background
MTM1	0	0	intogen2024	native_reactome	ot_all__to__intogen2024	background
COPA	0	0	intogen2024	native_reactome	ot_all__to__intogen2024	background
CASTOR2	0	0	intogen2024	native_reactome	ot_all__to__intogen2024	background
SGCE	0	0	intogen2024	native_reactome	ot_all__to__intogen2024	background
POU2F1	0	0	intogen2024	native_reactome	ot_all__to__intogen2024	background
ACTR10	0	0	intogen2024	native_reactome	ot_all__to__intogen2024	background
NFKB1	0	0	intogen2024	native_reactome	ot_all__to__intogen2024	background
PEX2	0	0	intogen2024	native_reactome	ot_all__to__intogen2024	background
BAD	0	0	intogen2024	native_reactome	ot_all__to__intogen2024	background
CSF1	0	0	intogen2024	native_reactome	ot_all__to__intogen2024	background
PCSK2	0	0	intogen2024	native_reactome	ot_all__to__intogen2024	background
WWP2	0	0	intogen2024	native_reactome	ot_all__to__intogen2024	background
CD5L	0	0	intogen2024	native_reactome	ot_all__to__intogen2024	background
PPP2CA	0	0	intogen2024	native_reactome	ot_all__to__intogen2024	background
PPARGC1A	0	0	intogen2024	native_reactome	ot_all__to__intogen2024	background
SEC24D	0	0	intogen2024	native_reactome	ot_all__to__intogen2024	background
SGCD	0	0	intogen2024	native_reactome	ot_all__to__intogen2024	background
GNG13	0	0	intogen2024	native_reactome	ot_all__to__intogen2024	background
RALB	0	0	intogen2024	native_reactome	ot_all__to__intogen2024	background
CD59	0	0	intogen2024	native_reactome	ot_all__to__intogen2024	background
EEF1AKMT2	0	0	intogen2024	native_reactome	ot_all__to__intogen2024	background
EIF4E3	0	0	intogen2024	native_reactome	ot_all__to__intogen2024	background
STT3B	0	0	intogen2024	native_reactome	ot_all__to__intogen2024	background
BSG	0	0	intogen2024	native_reactome	ot_all__to__intogen2024	background
LAMB3	0	0	intogen2024	native_reactome	ot_all__to__intogen2024	background
SAFB	0	0	intogen2024	native_reactome	ot_all__to__intogen2024	background
GLRA3	0	0	intogen2024	native_reactome	ot_all__to__intogen2024	background
EGLN1	0	0	intogen2024	native_reactome	ot_all__to__intogen2024	background
GNA14	0	0	intogen2024	native_reactome	ot_all__to__intogen2024	background
ROCK1	0	0	intogen2024	native_reactome	ot_all__to__intogen2024	background
ADNP	0	0	intogen2024	native_reactome	ot_all__to__intogen2024	background
C9	0	0	intogen2024	native_reactome	ot_all__to__intogen2024	background
EFNB3	0	0	intogen2024	native_reactome	ot_all__to__intogen2024	background
NELL2	0	0	intogen2024	native_reactome	ot_all__to__intogen2024	background
STX18	0	0	intogen2024	native_reactome	ot_all__to__intogen2024	background
CBLIF	0	0	intogen2024	native_reactome	ot_all__to__intogen2024	background
ADAM23	0	0	intogen2024	native_reactome	ot_all__to__intogen2024	background
RAMP1	0	0	intogen2024	native_reactome	ot_all__to__intogen2024	background
VPS37C	0	0	intogen2024	native_reactome	ot_all__to__intogen2024	background
TMEM219	0	0	intogen2024	native_reactome	ot_all__to__intogen2024	background
MSRA	0	0	intogen2024	native_reactome	ot_all__to__intogen2024	background
MBTPS2	0	0	intogen2024	native_reactome	ot_all__to__intogen2024	background
IGHA2	0	0	intogen2024	native_reactome	ot_all__to__intogen2024	background
MCM4	0	0	intogen2024	native_reactome	ot_all__to__intogen2024	background
RNF168	0	0	intogen2024	native_reactome	ot_all__to__intogen2024	background
MAD1L1	0	0	intogen2024	native_reactome	ot_all__to__intogen2024	background
TNFRSF1A	0	0	intogen2024	native_reactome	ot_all__to__intogen2024	background
XPO5	0	0	intogen2024	native_reactome	ot_all__to__intogen2024	background
RAMP2	0	0	intogen2024	native_reactome	ot_all__to__intogen2024	background
RHOBTB2	0	0	intogen2024	native_reactome	ot_all__to__intogen2024	background
NSF	0	0	intogen2024	native_reactome	ot_all__to__intogen2024	background
ARF6	0	0	intogen2024	native_reactome	ot_all__to__intogen2024	background
RCE1	0	0	intogen2024	native_reactome	ot_all__to__intogen2024	background
GFRA1	0	0	intogen2024	native_reactome	ot_all__to__intogen2024	background
DNAJA1	0	0	intogen2024	native_reactome	ot_all__to__intogen2024	background
HP	0	0	intogen2024	native_reactome	ot_all__to__intogen2024	background
GET4	0	0	intogen2024	native_reactome	ot_all__to__intogen2024	background
TARBP2	0	0	intogen2024	native_reactome	ot_all__to__intogen2024	background
RAB3A	0	0	intogen2024	native_reactome	ot_all__to__intogen2024	background
TFB2M	0	0	intogen2024	native_reactome	ot_all__to__intogen2024	background
GINS2	0	0	intogen2024	native_reactome	ot_all__to__intogen2024	background
GPS2	0	0	intogen2024	native_reactome	ot_all__to__intogen2024	background
UBXN1	0	0	intogen2024	native_reactome	ot_all__to__intogen2024	background
FOXD3	0	0	intogen2024	native_reactome	ot_all__to__intogen2024	background
DYRK2	0	0	intogen2024	native_reactome	ot_all__to__intogen2024	background
TSFM	0	0	intogen2024	native_reactome	ot_all__to__intogen2024	background
KGD4	0	0	intogen2024	native_reactome	ot_all__to__intogen2024	background
VPS54	0	0	intogen2024	native_reactome	ot_all__to__intogen2024	background
KCNJ6	0	0	intogen2024	native_reactome	ot_all__to__intogen2024	background
RMND5A	0	0	intogen2024	native_reactome	ot_all__to__intogen2024	background
PPP1CC	0	0	intogen2024	native_reactome	ot_all__to__intogen2024	background
CHST10	0	0	intogen2024	native_reactome	ot_all__to__intogen2024	background
KPNA2	0	0	intogen2024	native_reactome	ot_all__to__intogen2024	background
AURKB	0	0	intogen2024	native_reactome	ot_all__to__intogen2024	background
WWC1	0	0	intogen2024	native_reactome	ot_all__to__intogen2024	background
PIN1	0	0	intogen2024	native_reactome	ot_all__to__intogen2024	background
MATK	0	0	intogen2024	native_reactome	ot_all__to__intogen2024	background
PROC	0	0	intogen2024	native_reactome	ot_all__to__intogen2024	background
PAXIP1	0	0	intogen2024	native_reactome	ot_all__to__intogen2024	background
LRP1	0	0	intogen2024	native_reactome	ot_all__to__intogen2024	background
DFFB	0	0	intogen2024	native_reactome	ot_all__to__intogen2024	background
TP53BP1	0	0	intogen2024	native_reactome	ot_all__to__intogen2024	background
PTPRZ1	0	0	intogen2024	native_reactome	ot_all__to__intogen2024	background
VPS37A	0	0	intogen2024	native_reactome	ot_all__to__intogen2024	background
SLC15A4	0	0	intogen2024	native_reactome	ot_all__to__intogen2024	background
SH2D2A	0	0	intogen2024	native_reactome	ot_all__to__intogen2024	background
CALCA	0	0	intogen2024	native_reactome	ot_all__to__intogen2024	background
PIK3C3	0	0	intogen2024	native_reactome	ot_all__to__intogen2024	background
PECAM1	0	0	intogen2024	native_reactome	ot_all__to__intogen2024	background
MADD	0	0	intogen2024	native_reactome	ot_all__to__intogen2024	background
PRTN3	0	0	intogen2024	native_reactome	ot_all__to__intogen2024	background
TNS4	0	0	intogen2024	native_reactome	ot_all__to__intogen2024	background
RIPK3	0	0	intogen2024	native_reactome	ot_all__to__intogen2024	background
SNX3	0	0	intogen2024	native_reactome	ot_all__to__intogen2024	background
RAMAC	0	0	intogen2024	native_reactome	ot_all__to__intogen2024	background
SAE1	0	0	intogen2024	native_reactome	ot_all__to__intogen2024	background
SHANK2	0	0	intogen2024	native_reactome	ot_all__to__intogen2024	background
EMILIN1	0	0	intogen2024	native_reactome	ot_all__to__intogen2024	background
GNB1	0	0	intogen2024	native_reactome	ot_all__to__intogen2024	background
ITGAD	0	0	intogen2024	native_reactome	ot_all__to__intogen2024	background
HEXA	0	0	intogen2024	native_reactome	ot_all__to__intogen2024	background
INHBB	0	0	intogen2024	native_reactome	ot_all__to__intogen2024	background
ACTN1	0	0	intogen2024	native_reactome	ot_all__to__intogen2024	background
EHD1	0	0	intogen2024	native_reactome	ot_all__to__intogen2024	background
H2BC18	0	0	intogen2024	native_reactome	ot_all__to__intogen2024	background
PRDM4	0	0	intogen2024	native_reactome	ot_all__to__intogen2024	background
TUFM	0	0	intogen2024	native_reactome	ot_all__to__intogen2024	background
IL17RD	0	0	intogen2024	native_reactome	ot_all__to__intogen2024	background
CCNH	0	0	intogen2024	native_reactome	ot_all__to__intogen2024	background
FGFRL1	0	0	intogen2024	native_reactome	ot_all__to__intogen2024	background
YY1	0	0	intogen2024	native_reactome	ot_all__to__intogen2024	background
OBSCN	0	0	intogen2024	native_reactome	ot_all__to__intogen2024	background
SNTB2	0	0	intogen2024	native_reactome	ot_all__to__intogen2024	background
UBB	0	0	intogen2024	native_reactome	ot_all__to__intogen2024	background
AMBRA1	0	0	intogen2024	native_reactome	ot_all__to__intogen2024	background
CFHR2	0	0	intogen2024	native_reactome	ot_all__to__intogen2024	background
MMP9	0	0	intogen2024	native_reactome	ot_all__to__intogen2024	background
PIP4K2C	0	0	intogen2024	native_reactome	ot_all__to__intogen2024	background
IL2	0	0	intogen2024	native_reactome	ot_all__to__intogen2024	background
ZFP36	0	0	intogen2024	native_reactome	ot_all__to__intogen2024	background
CETN1	0	0	intogen2024	native_reactome	ot_all__to__intogen2024	background
GLP1R	0	0	intogen2024	native_reactome	ot_all__to__intogen2024	background
VTN	0	0	intogen2024	native_reactome	ot_all__to__intogen2024	background
COLEC10	0	0	intogen2024	native_reactome	ot_all__to__intogen2024	background
NCBP1	0	0	intogen2024	native_reactome	ot_all__to__intogen2024	background
LIPE	0	0	intogen2024	native_reactome	ot_all__to__intogen2024	background
APOB	0	0	intogen2024	native_reactome	ot_all__to__intogen2024	background
TRIM27	0	0	intogen2024	native_reactome	ot_all__to__intogen2024	background
CYBB	0	0	intogen2024	native_reactome	ot_all__to__intogen2024	background
RANBP9	0	0	intogen2024	native_reactome	ot_all__to__intogen2024	background
SELE	0	0	intogen2024	native_reactome	ot_all__to__intogen2024	background
SLC8A3	0	0	intogen2024	native_reactome	ot_all__to__intogen2024	background
IZUMO1	0	0	intogen2024	native_reactome	ot_all__to__intogen2024	background
TLR8	0	0	intogen2024	native_reactome	ot_all__to__intogen2024	background
TESK1	0	0	intogen2024	native_reactome	ot_all__to__intogen2024	background
POU3F1	0	0	intogen2024	native_reactome	ot_all__to__intogen2024	background
CDK5	0	0	intogen2024	native_reactome	ot_all__to__intogen2024	background
ACTN3	0	0	intogen2024	native_reactome	ot_all__to__intogen2024	background
GM2A	0	0	intogen2024	native_reactome	ot_all__to__intogen2024	background
PRLR	0	0	intogen2024	native_reactome	ot_all__to__intogen2024	background
LRP2	0	0	intogen2024	native_reactome	ot_all__to__intogen2024	background
TSPO	0	0	intogen2024	native_reactome	ot_all__to__intogen2024	background
PRKAB1	0	0	intogen2024	native_reactome	ot_all__to__intogen2024	background
PPP1R13L	0	0	intogen2024	native_reactome	ot_all__to__intogen2024	background
ESCO1	0	0	intogen2024	native_reactome	ot_all__to__intogen2024	background
RAD52	0	0	intogen2024	native_reactome	ot_all__to__intogen2024	background
CDK5R1	0	0	intogen2024	native_reactome	ot_all__to__intogen2024	background
RAB21	0	0	intogen2024	native_reactome	ot_all__to__intogen2024	background
CXXC1	0	0	intogen2024	native_reactome	ot_all__to__intogen2024	background
FOXH1	0	0	intogen2024	native_reactome	ot_all__to__intogen2024	background
ALKAL1	0	0	intogen2024	native_reactome	ot_all__to__intogen2024	background
JUP	0	0	intogen2024	native_reactome	ot_all__to__intogen2024	background
OMG	0	0	intogen2024	native_reactome	ot_all__to__intogen2024	background
FRS3	0	0	intogen2024	native_reactome	ot_all__to__intogen2024	background
PPP1R15A	0	0	intogen2024	native_reactome	ot_all__to__intogen2024	background
FBN2	1	1	intogen2024	native_reactome	ot_all__to__intogen2024	target
NIPBL	1	1	intogen2024	native_reactome	ot_all__to__intogen2024	target
DCC	1	1	intogen2024	native_reactome	ot_all__to__intogen2024	target
WNT1	1	1	intogen2024	native_reactome	ot_all__to__intogen2024	target
INPPL1	1	1	intogen2024	native_reactome	ot_all__to__intogen2024	target
RXRA	1	1	intogen2024	native_reactome	ot_all__to__intogen2024	target
SMAD3	1	1	intogen2024	native_reactome	ot_all__to__intogen2024	target
CTCF	1	1	intogen2024	native_reactome	ot_all__to__intogen2024	target
GSK3B	1	1	intogen2024	native_reactome	ot_all__to__intogen2024	target
SOX17	1	1	intogen2024	native_reactome	ot_all__to__intogen2024	target
NCOA1	1	1	intogen2024	native_reactome	ot_all__to__intogen2024	target
NPRL2	1	1	intogen2024	native_reactome	ot_all__to__intogen2024	target
CCND2	1	1	intogen2024	native_reactome	ot_all__to__intogen2024	target
NCKIPSD	1	1	intogen2024	native_reactome	ot_all__to__intogen2024	target
GPC5	1	1	intogen2024	native_reactome	ot_all__to__intogen2024	target
CTNNA2	1	1	intogen2024	native_reactome	ot_all__to__intogen2024	target
CBFB	1	1	intogen2024	native_reactome	ot_all__to__intogen2024	target
SETD1B	1	1	intogen2024	native_reactome	ot_all__to__intogen2024	target
AFDN	1	1	intogen2024	native_reactome	ot_all__to__intogen2024	target
PABPC1	1	1	intogen2024	native_reactome	ot_all__to__intogen2024	target
RHOA	1	1	intogen2024	native_reactome	ot_all__to__intogen2024	target
ZNF93	1	1	intogen2024	native_reactome	ot_all__to__intogen2024	target
DSP	1	1	intogen2024	native_reactome	ot_all__to__intogen2024	target
NSD2	1	1	intogen2024	native_reactome	ot_all__to__intogen2024	target
ELF3	1	1	intogen2024	native_reactome	ot_all__to__intogen2024	target
MGA	1	1	intogen2024	native_reactome	ot_all__to__intogen2024	target
ATG7	1	1	intogen2024	native_reactome	ot_all__to__intogen2024	target
ARID1B	1	1	intogen2024	native_reactome	ot_all__to__intogen2024	target
PRDM1	1	1	intogen2024	native_reactome	ot_all__to__intogen2024	target
BCL10	1	1	intogen2024	native_reactome	ot_all__to__intogen2024	target
SDCBP	1	1	intogen2024	native_reactome	ot_all__to__intogen2024	target
FLG	1	1	intogen2024	native_reactome	ot_all__to__intogen2024	target
ROBO2	1	1	intogen2024	native_reactome	ot_all__to__intogen2024	target
MTOR	1	1	intogen2024	native_reactome	ot_all__to__intogen2024	target
SGK1	1	1	intogen2024	native_reactome	ot_all__to__intogen2024	target
ITGAV	1	1	intogen2024	native_reactome	ot_all__to__intogen2024	target
FOXO3	1	1	intogen2024	native_reactome	ot_all__to__intogen2024	target
CTNNA1	1	1	intogen2024	native_reactome	ot_all__to__intogen2024	target
ZNRF3	1	1	intogen2024	native_reactome	ot_all__to__intogen2024	target
DHX9	1	1	intogen2024	native_reactome	ot_all__to__intogen2024	target
SMARCA2	1	1	intogen2024	native_reactome	ot_all__to__intogen2024	target
NXF1	1	1	intogen2024	native_reactome	ot_all__to__intogen2024	target
MAP2K7	1	1	intogen2024	native_reactome	ot_all__to__intogen2024	target
EPS15	1	1	intogen2024	native_reactome	ot_all__to__intogen2024	target
CRLF2	1	1	intogen2024	native_reactome	ot_all__to__intogen2024	target
ELN	1	1	intogen2024	native_reactome	ot_all__to__intogen2024	target
GNA11	1	1	intogen2024	native_reactome	ot_all__to__intogen2024	target
DAXX	1	1	intogen2024	native_reactome	ot_all__to__intogen2024	target
PLXNC1	1	1	intogen2024	native_reactome	ot_all__to__intogen2024	target
GRIN2A	1	1	intogen2024	native_reactome	ot_all__to__intogen2024	target
ACVR2A	1	1	intogen2024	native_reactome	ot_all__to__intogen2024	target
MAP2K4	1	1	intogen2024	native_reactome	ot_all__to__intogen2024	target
HLA-DQA1	1	1	intogen2024	native_reactome	ot_all__to__intogen2024	target
FBLN2	1	1	intogen2024	native_reactome	ot_all__to__intogen2024	target
NCOA2	1	1	intogen2024	native_reactome	ot_all__to__intogen2024	target
USP7	1	1	intogen2024	native_reactome	ot_all__to__intogen2024	target
NFKB2	1	1	intogen2024	native_reactome	ot_all__to__intogen2024	target
ARHGEF12	1	1	intogen2024	native_reactome	ot_all__to__intogen2024	target
MAF	1	1	intogen2024	native_reactome	ot_all__to__intogen2024	target
GNA13	1	1	intogen2024	native_reactome	ot_all__to__intogen2024	target
SRGAP3	1	1	intogen2024	native_reactome	ot_all__to__intogen2024	target
ETV4	1	1	intogen2024	native_reactome	ot_all__to__intogen2024	target
ZNF521	1	1	intogen2024	native_reactome	ot_all__to__intogen2024	target
USP9X	1	1	intogen2024	native_reactome	ot_all__to__intogen2024	target
MDM2	1	1	intogen2024	native_reactome	ot_all__to__intogen2024	target
CACNA1D	1	1	intogen2024	native_reactome	ot_all__to__intogen2024	target
ARNT	1	1	intogen2024	native_reactome	ot_all__to__intogen2024	target
GNAI2	1	1	intogen2024	native_reactome	ot_all__to__intogen2024	target
GNAQ	1	1	intogen2024	native_reactome	ot_all__to__intogen2024	target
SMAD2	1	1	intogen2024	native_reactome	ot_all__to__intogen2024	target
DGCR8	1	1	intogen2024	native_reactome	ot_all__to__intogen2024	target
KNL1	1	1	intogen2024	native_reactome	ot_all__to__intogen2024	target
HSP90AB1	1	1	intogen2024	native_reactome	ot_all__to__intogen2024	target
TRIM33	1	1	intogen2024	native_reactome	ot_all__to__intogen2024	target
DTX1	1	1	intogen2024	native_reactome	ot_all__to__intogen2024	target
ANK1	1	1	intogen2024	native_reactome	ot_all__to__intogen2024	target
PWWP2A	1	1	intogen2024	native_reactome	ot_all__to__intogen2024	target
SH2B3	1	1	intogen2024	native_reactome	ot_all__to__intogen2024	target
GLI1	1	1	intogen2024	native_reactome	ot_all__to__intogen2024	target
KMT5A	1	1	intogen2024	native_reactome	ot_all__to__intogen2024	target
BCL6	1	1	intogen2024	native_reactome	ot_all__to__intogen2024	target
RSPO2	1	1	intogen2024	native_reactome	ot_all__to__intogen2024	target
SIN3A	1	1	intogen2024	native_reactome	ot_all__to__intogen2024	target
PTPN3	1	1	intogen2024	native_reactome	ot_all__to__intogen2024	target
IL7R	1	1	intogen2024	native_reactome	ot_all__to__intogen2024	target
HIF1A	1	1	intogen2024	native_reactome	ot_all__to__intogen2024	target
IKZF3	1	1	intogen2024	native_reactome	ot_all__to__intogen2024	target
MALT1	1	1	intogen2024	native_reactome	ot_all__to__intogen2024	target
PDCD1LG2	1	1	intogen2024	native_reactome	ot_all__to__intogen2024	target
ARHGAP35	1	1	intogen2024	native_reactome	ot_all__to__intogen2024	target
PHF6	1	1	intogen2024	native_reactome	ot_all__to__intogen2024	target
ATP1A1	1	1	intogen2024	native_reactome	ot_all__to__intogen2024	target
RASA1	1	1	intogen2024	native_reactome	ot_all__to__intogen2024	target
FOXO1	1	1	intogen2024	native_reactome	ot_all__to__intogen2024	target
TNFAIP3	1	1	intogen2024	native_reactome	ot_all__to__intogen2024	target
SOCS1	1	1	intogen2024	native_reactome	ot_all__to__intogen2024	target
HLA-A	1	1	intogen2024	native_reactome	ot_all__to__intogen2024	target
CRTC1	1	1	intogen2024	native_reactome	ot_all__to__intogen2024	target
IRS4	1	1	intogen2024	native_reactome	ot_all__to__intogen2024	target
TEC	1	1	intogen2024	native_reactome	ot_all__to__intogen2024	target
TRRAP	1	1	intogen2024	native_reactome	ot_all__to__intogen2024	target
LIFR	1	1	intogen2024	native_reactome	ot_all__to__intogen2024	target
COL1A1	1	1	intogen2024	native_reactome	ot_all__to__intogen2024	target
RRN3	1	1	intogen2024	native_reactome	ot_all__to__intogen2024	target
LATS1	1	1	intogen2024	native_reactome	ot_all__to__intogen2024	target
RHPN2	1	1	intogen2024	native_reactome	ot_all__to__intogen2024	target
TBX3	1	1	intogen2024	native_reactome	ot_all__to__intogen2024	target
ERCC3	1	1	intogen2024	native_reactome	ot_all__to__intogen2024	target
ZCCHC8	1	1	intogen2024	native_reactome	ot_all__to__intogen2024	target
DIS3	1	1	intogen2024	native_reactome	ot_all__to__intogen2024	target
TRAF3	1	1	intogen2024	native_reactome	ot_all__to__intogen2024	target
MEF2B	1	1	intogen2024	native_reactome	ot_all__to__intogen2024	target
RAC1	1	1	intogen2024	native_reactome	ot_all__to__intogen2024	target
RELA	1	1	intogen2024	native_reactome	ot_all__to__intogen2024	target
HLA-C	1	1	intogen2024	native_reactome	ot_all__to__intogen2024	target
PSIP1	1	1	intogen2024	native_reactome	ot_all__to__intogen2024	target
MSI2	1	1	intogen2024	native_reactome	ot_all__to__intogen2024	target
NCOR1	1	1	intogen2024	native_reactome	ot_all__to__intogen2024	target
SOX9	1	1	intogen2024	native_reactome	ot_all__to__intogen2024	target
RAP1GDS1	1	1	intogen2024	native_reactome	ot_all__to__intogen2024	target
LEF1	1	1	intogen2024	native_reactome	ot_all__to__intogen2024	target
SIRPA	1	1	intogen2024	native_reactome	ot_all__to__intogen2024	target
RPS6KA3	1	1	intogen2024	native_reactome	ot_all__to__intogen2024	target
CYSLTR2	1	1	intogen2024	native_reactome	ot_all__to__intogen2024	target
HLA-B	1	1	intogen2024	native_reactome	ot_all__to__intogen2024	target
WWTR1	1	1	intogen2024	native_reactome	ot_all__to__intogen2024	target
POU2F2	1	1	intogen2024	native_reactome	ot_all__to__intogen2024	target
KAT6B	1	1	intogen2024	native_reactome	ot_all__to__intogen2024	target
VAV1	1	1	intogen2024	native_reactome	ot_all__to__intogen2024	target
KMT2B	1	1	intogen2024	native_reactome	ot_all__to__intogen2024	target
RAD21	1	1	intogen2024	native_reactome	ot_all__to__intogen2024	target
PPP3CA	1	1	intogen2024	native_reactome	ot_all__to__intogen2024	target
HSPG2	1	1	intogen2024	native_reactome	ot_all__to__intogen2024	target
ZEB1	1	1	intogen2024	native_reactome	ot_all__to__intogen2024	target
STAT6	1	1	intogen2024	native_reactome	ot_all__to__intogen2024	target
ABL2	1	1	intogen2024	native_reactome	ot_all__to__intogen2024	target
DDB2	1	1	intogen2024	native_reactome	ot_all__to__intogen2024	target
CADM2	1	1	intogen2024	native_reactome	ot_all__to__intogen2024	target
NFKBIE	1	1	intogen2024	native_reactome	ot_all__to__intogen2024	target
RANBP2	1	1	intogen2024	native_reactome	ot_all__to__intogen2024	target
ZFP36L1	1	1	intogen2024	native_reactome	ot_all__to__intogen2024	target
SETDB1	1	1	intogen2024	native_reactome	ot_all__to__intogen2024	target
EIF4A2	1	1	intogen2024	native_reactome	ot_all__to__intogen2024	target
IL6ST	1	1	intogen2024	native_reactome	ot_all__to__intogen2024	target
ESRRA	1	1	intogen2024	native_reactome	ot_all__to__intogen2024	target
KAT7	1	1	intogen2024	native_reactome	ot_all__to__intogen2024	target
IKBKB	1	1	intogen2024	native_reactome	ot_all__to__intogen2024	target
PICALM	1	1	intogen2024	native_reactome	ot_all__to__intogen2024	target
CD209	1	1	intogen2024	native_reactome	ot_all__to__intogen2024	target
TNC	1	1	intogen2024	native_reactome	ot_all__to__intogen2024	target
NCOR2	1	1	intogen2024	native_reactome	ot_all__to__intogen2024	target
KAT6A	1	1	intogen2024	native_reactome	ot_all__to__intogen2024	target
MIB2	1	1	intogen2024	native_reactome	ot_all__to__intogen2024	target
FCGR2B	1	1	intogen2024	native_reactome	ot_all__to__intogen2024	target
NFKBIA	1	1	intogen2024	native_reactome	ot_all__to__intogen2024	target
ACKR3	1	1	intogen2024	native_reactome	ot_all__to__intogen2024	target
CCNT1	1	1	intogen2024	native_reactome	ot_all__to__intogen2024	target
ACVR1B	1	1	intogen2024	native_reactome	ot_all__to__intogen2024	target
POLQ	1	1	intogen2024	native_reactome	ot_all__to__intogen2024	target
LDB1	1	1	intogen2024	native_reactome	ot_all__to__intogen2024	target
CLTCL1	1	1	intogen2024	native_reactome	ot_all__to__intogen2024	target
BIRC3	1	1	intogen2024	native_reactome	ot_all__to__intogen2024	target
AJUBA	1	1	intogen2024	native_reactome	ot_all__to__intogen2024	target
PML	1	1	intogen2024	native_reactome	ot_all__to__intogen2024	target
NBEA	1	1	intogen2024	native_reactome	ot_all__to__intogen2024	target
KMT2A	1	1	intogen2024	native_reactome	ot_all__to__intogen2024	target
SUZ12	1	1	intogen2024	native_reactome	ot_all__to__intogen2024	target
RRAGC	1	1	intogen2024	native_reactome	ot_all__to__intogen2024	target
MYO5A	1	1	intogen2024	native_reactome	ot_all__to__intogen2024	target
CDKN2C	1	1	intogen2024	native_reactome	ot_all__to__intogen2024	target
ATF7IP	1	1	intogen2024	native_reactome	ot_all__to__intogen2024	target
FOXL2	1	1	intogen2024	native_reactome	ot_all__to__intogen2024	target
MCM7	1	1	intogen2024	native_reactome	ot_all__to__intogen2024	target
HGF	1	1	intogen2024	native_reactome	ot_all__to__intogen2024	target
NOTCH2	1	1	intogen2024	native_reactome	ot_all__to__intogen2024	target
CHD7	1	1	intogen2024	native_reactome	ot_all__to__intogen2024	target
PREX2	1	1	intogen2024	native_reactome	ot_all__to__intogen2024	target
DROSHA	1	1	intogen2024	native_reactome	ot_all__to__intogen2024	target
PPM1D	1	1	intogen2024	native_reactome	ot_all__to__intogen2024	target
HDAC4	1	1	intogen2024	native_reactome	ot_all__to__intogen2024	target
MYH11	1	1	intogen2024	native_reactome	ot_all__to__intogen2024	target
CARD11	1	1	intogen2024	native_reactome	ot_all__to__intogen2024	target
CHD4	1	1	intogen2024	native_reactome	ot_all__to__intogen2024	target
IRAK1	1	1	intogen2024	native_reactome	ot_all__to__intogen2024	target
BRD7	1	1	intogen2024	native_reactome	ot_all__to__intogen2024	target
PTPRD	1	1	intogen2024	native_reactome	ot_all__to__intogen2024	target
RGS7	1	1	intogen2024	native_reactome	ot_all__to__intogen2024	target
EGR2	1	1	intogen2024	native_reactome	ot_all__to__intogen2024	target
NUMA1	1	1	intogen2024	native_reactome	ot_all__to__intogen2024	target
NFATC2	1	1	intogen2024	native_reactome	ot_all__to__intogen2024	target
EIF1AX	1	1	intogen2024	native_reactome	ot_all__to__intogen2024	target
SHTN1	1	1	intogen2024	native_reactome	ot_all__to__intogen2024	target
CCND3	1	1	intogen2024	native_reactome	ot_all__to__intogen2024	target
PTPRC	1	1	intogen2024	native_reactome	ot_all__to__intogen2024	target
MAP3K1	1	1	intogen2024	native_reactome	ot_all__to__intogen2024	target
PPP2R1A	1	1	intogen2024	native_reactome	ot_all__to__intogen2024	target
PTPN6	1	1	intogen2024	native_reactome	ot_all__to__intogen2024	target
RIPK1	1	1	intogen2024	native_reactome	ot_all__to__intogen2024	target
SMARCD1	1	1	intogen2024	native_reactome	ot_all__to__intogen2024	target
USP8	1	1	intogen2024	native_reactome	ot_all__to__intogen2024	target
PIM1	1	1	intogen2024	native_reactome	ot_all__to__intogen2024	target
ARAF	1	1	intogen2024	native_reactome	ot_all__to__intogen2024	target
CUL3	1	1	intogen2024	native_reactome	ot_all__to__intogen2024	target
MYH9	1	1	intogen2024	native_reactome	ot_all__to__intogen2024	target
ASXL2	1	1	intogen2024	native_reactome	ot_all__to__intogen2024	target
TGIF1	1	1	intogen2024	native_reactome	ot_all__to__intogen2024	target
BCL9	1	1	intogen2024	native_reactome	ot_all__to__intogen2024	target
ALPK1	1	1	intogen2024	native_reactome	ot_all__to__intogen2024	target
TBC1D14	1	0	intogen2024	native_reactome	ot_all__to__intogen2024	background
IGHG2	1	0	intogen2024	native_reactome	ot_all__to__intogen2024	background
GATAD2B	1	0	intogen2024	native_reactome	ot_all__to__intogen2024	background
PPP1CA	1	0	intogen2024	native_reactome	ot_all__to__intogen2024	background
MIS18A	1	0	intogen2024	native_reactome	ot_all__to__intogen2024	background
IPO8	1	0	intogen2024	native_reactome	ot_all__to__intogen2024	background
C3	1	0	intogen2024	native_reactome	ot_all__to__intogen2024	background
GEN1	1	0	intogen2024	native_reactome	ot_all__to__intogen2024	background
GAS6	1	0	intogen2024	native_reactome	ot_all__to__intogen2024	background
STAT1	1	0	intogen2024	native_reactome	ot_all__to__intogen2024	background
SSPN	1	0	intogen2024	native_reactome	ot_all__to__intogen2024	background
GC	1	0	intogen2024	native_reactome	ot_all__to__intogen2024	background
CYTH4	1	0	intogen2024	native_reactome	ot_all__to__intogen2024	background
NEO1	1	0	intogen2024	native_reactome	ot_all__to__intogen2024	background
CADM1	1	0	intogen2024	native_reactome	ot_all__to__intogen2024	background
VPREB3	1	0	intogen2024	native_reactome	ot_all__to__intogen2024	background
CHD1L	1	0	intogen2024	native_reactome	ot_all__to__intogen2024	background
BDKRB1	1	0	intogen2024	native_reactome	ot_all__to__intogen2024	background
PRKCZ	1	0	intogen2024	native_reactome	ot_all__to__intogen2024	background
ASF1A	1	0	intogen2024	native_reactome	ot_all__to__intogen2024	background
MST1	1	0	intogen2024	native_reactome	ot_all__to__intogen2024	background
TAB2	1	0	intogen2024	native_reactome	ot_all__to__intogen2024	background
ARSA	1	0	intogen2024	native_reactome	ot_all__to__intogen2024	background
UBE2D3	1	0	intogen2024	native_reactome	ot_all__to__intogen2024	background
NCR3	1	0	intogen2024	native_reactome	ot_all__to__intogen2024	background
IL10RA	1	0	intogen2024	native_reactome	ot_all__to__intogen2024	background
F7	1	0	intogen2024	native_reactome	ot_all__to__intogen2024	background
NR1H4	1	0	intogen2024	native_reactome	ot_all__to__intogen2024	background
IL37	1	0	intogen2024	native_reactome	ot_all__to__intogen2024	background
POLB	1	0	intogen2024	native_reactome	ot_all__to__intogen2024	background
TAX1BP1	1	0	intogen2024	native_reactome	ot_all__to__intogen2024	background
FLNC	1	0	intogen2024	native_reactome	ot_all__to__intogen2024	background
DTX4	1	0	intogen2024	native_reactome	ot_all__to__intogen2024	background
RAB3IP	1	0	intogen2024	native_reactome	ot_all__to__intogen2024	background
TP73	1	0	intogen2024	native_reactome	ot_all__to__intogen2024	background
IGKC	1	0	intogen2024	native_reactome	ot_all__to__intogen2024	background
UNC5D	1	0	intogen2024	native_reactome	ot_all__to__intogen2024	background
DISP2	1	0	intogen2024	native_reactome	ot_all__to__intogen2024	background
FGF19	1	0	intogen2024	native_reactome	ot_all__to__intogen2024	background
AP1S3	1	0	intogen2024	native_reactome	ot_all__to__intogen2024	background
HGS	1	0	intogen2024	native_reactome	ot_all__to__intogen2024	background
SGCG	1	0	intogen2024	native_reactome	ot_all__to__intogen2024	background
DPPA3	1	0	intogen2024	native_reactome	ot_all__to__intogen2024	background
SEMA4D	1	0	intogen2024	native_reactome	ot_all__to__intogen2024	background
PRSS2	1	0	intogen2024	native_reactome	ot_all__to__intogen2024	background
ARHGEF25	1	0	intogen2024	native_reactome	ot_all__to__intogen2024	background
TASP1	1	0	intogen2024	native_reactome	ot_all__to__intogen2024	background
MBD3	1	0	intogen2024	native_reactome	ot_all__to__intogen2024	background
PLK3	1	0	intogen2024	native_reactome	ot_all__to__intogen2024	background
OCLN	1	0	intogen2024	native_reactome	ot_all__to__intogen2024	background
ABCA1	1	0	intogen2024	native_reactome	ot_all__to__intogen2024	background
BAIAP2	1	0	intogen2024	native_reactome	ot_all__to__intogen2024	background
PCNT	1	0	intogen2024	native_reactome	ot_all__to__intogen2024	background
ILF3	1	0	intogen2024	native_reactome	ot_all__to__intogen2024	background
SPRY2	1	0	intogen2024	native_reactome	ot_all__to__intogen2024	background
SMYD2	1	0	intogen2024	native_reactome	ot_all__to__intogen2024	background
ACIN1	1	0	intogen2024	native_reactome	ot_all__to__intogen2024	background
MAF1	1	0	intogen2024	native_reactome	ot_all__to__intogen2024	background
CACNA1B	1	0	intogen2024	native_reactome	ot_all__to__intogen2024	background
METAP2	1	0	intogen2024	native_reactome	ot_all__to__intogen2024	background
KHDRBS1	1	0	intogen2024	native_reactome	ot_all__to__intogen2024	background
BIRC5	1	0	intogen2024	native_reactome	ot_all__to__intogen2024	background
APOA1	1	0	intogen2024	native_reactome	ot_all__to__intogen2024	background
ADRA2C	1	0	intogen2024	native_reactome	ot_all__to__intogen2024	background
LHX3	1	0	intogen2024	native_reactome	ot_all__to__intogen2024	background
TMPRSS6	1	0	intogen2024	native_reactome	ot_all__to__intogen2024	background
ADAR	1	0	intogen2024	native_reactome	ot_all__to__intogen2024	background
SIKE1	1	0	intogen2024	native_reactome	ot_all__to__intogen2024	background
SPINK9	1	0	intogen2024	native_reactome	ot_all__to__intogen2024	background
TBL1X	1	0	intogen2024	native_reactome	ot_all__to__intogen2024	background
SATB1	1	0	intogen2024	native_reactome	ot_all__to__intogen2024	background
TFAP2B	1	0	intogen2024	native_reactome	ot_all__to__intogen2024	background
RGL3	1	0	intogen2024	native_reactome	ot_all__to__intogen2024	background
CCR5	1	0	intogen2024	native_reactome	ot_all__to__intogen2024	background
DPP4	1	0	intogen2024	native_reactome	ot_all__to__intogen2024	background
KLK12	1	0	intogen2024	native_reactome	ot_all__to__intogen2024	background
PHKG1	1	0	intogen2024	native_reactome	ot_all__to__intogen2024	background
FLOT2	1	0	intogen2024	native_reactome	ot_all__to__intogen2024	background
MAPRE1	1	0	intogen2024	native_reactome	ot_all__to__intogen2024	background
IL13RA1	1	0	intogen2024	native_reactome	ot_all__to__intogen2024	background
ARF3	1	0	intogen2024	native_reactome	ot_all__to__intogen2024	background
FKBP5	1	0	intogen2024	native_reactome	ot_all__to__intogen2024	background
NRTN	1	0	intogen2024	native_reactome	ot_all__to__intogen2024	background
SFRP1	1	0	intogen2024	native_reactome	ot_all__to__intogen2024	background
NECTIN3	1	0	intogen2024	native_reactome	ot_all__to__intogen2024	background
SUGT1	1	0	intogen2024	native_reactome	ot_all__to__intogen2024	background
VAV3	1	0	intogen2024	native_reactome	ot_all__to__intogen2024	background
CLTA	1	0	intogen2024	native_reactome	ot_all__to__intogen2024	background
TRPC7	1	0	intogen2024	native_reactome	ot_all__to__intogen2024	background
FST	1	0	intogen2024	native_reactome	ot_all__to__intogen2024	background
HHIP	1	0	intogen2024	native_reactome	ot_all__to__intogen2024	background
FGFBP1	1	0	intogen2024	native_reactome	ot_all__to__intogen2024	background
NEK1	1	0	intogen2024	native_reactome	ot_all__to__intogen2024	background
CDH15	1	0	intogen2024	native_reactome	ot_all__to__intogen2024	background
REV3L	1	0	intogen2024	native_reactome	ot_all__to__intogen2024	background
ADD2	1	0	intogen2024	native_reactome	ot_all__to__intogen2024	background
SYNJ2	1	0	intogen2024	native_reactome	ot_all__to__intogen2024	background
NANOG	1	0	intogen2024	native_reactome	ot_all__to__intogen2024	background
FBXL7	1	0	intogen2024	native_reactome	ot_all__to__intogen2024	background
LCE1A	1	0	intogen2024	native_reactome	ot_all__to__intogen2024	background
AIM2	1	0	intogen2024	native_reactome	ot_all__to__intogen2024	background
PREB	1	0	intogen2024	native_reactome	ot_all__to__intogen2024	background
RAB39A	1	0	intogen2024	native_reactome	ot_all__to__intogen2024	background
RASGRP1	1	0	intogen2024	native_reactome	ot_all__to__intogen2024	background
TBK1	1	0	intogen2024	native_reactome	ot_all__to__intogen2024	background
ELAVL1	1	0	intogen2024	native_reactome	ot_all__to__intogen2024	background
NLRC4	1	0	intogen2024	native_reactome	ot_all__to__intogen2024	background
CASP1	1	0	intogen2024	native_reactome	ot_all__to__intogen2024	background
NFASC	1	0	intogen2024	native_reactome	ot_all__to__intogen2024	background
GNGT1	1	0	intogen2024	native_reactome	ot_all__to__intogen2024	background
APAF1	1	0	intogen2024	native_reactome	ot_all__to__intogen2024	background
DCSTAMP	1	0	intogen2024	native_reactome	ot_all__to__intogen2024	background
IL21	1	0	intogen2024	native_reactome	ot_all__to__intogen2024	background
BCKDHB	1	0	intogen2024	native_reactome	ot_all__to__intogen2024	background
USP24	1	0	intogen2024	native_reactome	ot_all__to__intogen2024	background
GBP4	1	0	intogen2024	native_reactome	ot_all__to__intogen2024	background
GDNF	1	0	intogen2024	native_reactome	ot_all__to__intogen2024	background
KIRREL2	1	0	intogen2024	native_reactome	ot_all__to__intogen2024	background
NEIL3	1	0	intogen2024	native_reactome	ot_all__to__intogen2024	background
GP1BA	1	0	intogen2024	native_reactome	ot_all__to__intogen2024	background
ATG3	1	0	intogen2024	native_reactome	ot_all__to__intogen2024	background
THRB	1	0	intogen2024	native_reactome	ot_all__to__intogen2024	background
RPS27A	1	0	intogen2024	native_reactome	ot_all__to__intogen2024	background
ZBP1	1	0	intogen2024	native_reactome	ot_all__to__intogen2024	background
UBE2T	1	0	intogen2024	native_reactome	ot_all__to__intogen2024	background
IFNGR2	1	0	intogen2024	native_reactome	ot_all__to__intogen2024	background
MAPK7	1	0	intogen2024	native_reactome	ot_all__to__intogen2024	background
RNASE1	1	0	intogen2024	native_reactome	ot_all__to__intogen2024	background
MON1A	1	0	intogen2024	native_reactome	ot_all__to__intogen2024	background
CCNG1	1	0	intogen2024	native_reactome	ot_all__to__intogen2024	background
NAB1	1	0	intogen2024	native_reactome	ot_all__to__intogen2024	background
ATF6	1	0	intogen2024	native_reactome	ot_all__to__intogen2024	background
CTRB1	1	0	intogen2024	native_reactome	ot_all__to__intogen2024	background
NR1H3	1	0	intogen2024	native_reactome	ot_all__to__intogen2024	background
C1QBP	1	0	intogen2024	native_reactome	ot_all__to__intogen2024	background
NOXA1	1	0	intogen2024	native_reactome	ot_all__to__intogen2024	background
RACK1	1	0	intogen2024	native_reactome	ot_all__to__intogen2024	background
OST4	1	0	intogen2024	native_reactome	ot_all__to__intogen2024	background
ICAM2	1	0	intogen2024	native_reactome	ot_all__to__intogen2024	background
CLTB	1	0	intogen2024	native_reactome	ot_all__to__intogen2024	background
TAB1	1	0	intogen2024	native_reactome	ot_all__to__intogen2024	background
FDXR	1	0	intogen2024	native_reactome	ot_all__to__intogen2024	background
ADCY1	1	0	intogen2024	native_reactome	ot_all__to__intogen2024	background
CREB3L1	1	0	intogen2024	native_reactome	ot_all__to__intogen2024	background
ARL13B	1	0	intogen2024	native_reactome	ot_all__to__intogen2024	background
FOXM1	1	0	intogen2024	native_reactome	ot_all__to__intogen2024	background
USP25	1	0	intogen2024	native_reactome	ot_all__to__intogen2024	background
ATF1	1	0	intogen2024	native_reactome	ot_all__to__intogen2024	background
DSG2	1	0	intogen2024	native_reactome	ot_all__to__intogen2024	background
ARHGAP10	1	0	intogen2024	native_reactome	ot_all__to__intogen2024	background
ZNF143	1	0	intogen2024	native_reactome	ot_all__to__intogen2024	background
SLC16A1	1	0	intogen2024	native_reactome	ot_all__to__intogen2024	background
RNF2	1	0	intogen2024	native_reactome	ot_all__to__intogen2024	background
CHD3	1	0	intogen2024	native_reactome	ot_all__to__intogen2024	background
TLE4	1	0	intogen2024	native_reactome	ot_all__to__intogen2024	background
HLA-DMB	1	0	intogen2024	native_reactome	ot_all__to__intogen2024	background
BID	1	0	intogen2024	native_reactome	ot_all__to__intogen2024	background
CCNA1	1	0	intogen2024	native_reactome	ot_all__to__intogen2024	background
CITED1	1	0	intogen2024	native_reactome	ot_all__to__intogen2024	background
CDC14A	1	0	intogen2024	native_reactome	ot_all__to__intogen2024	background
GINS4	1	0	intogen2024	native_reactome	ot_all__to__intogen2024	background
TBC1D3	1	0	intogen2024	native_reactome	ot_all__to__intogen2024	background
PTPN22	1	0	intogen2024	native_reactome	ot_all__to__intogen2024	background
UBE2E1	1	0	intogen2024	native_reactome	ot_all__to__intogen2024	background
DSCAML1	1	0	intogen2024	native_reactome	ot_all__to__intogen2024	background
SIRT1	1	0	intogen2024	native_reactome	ot_all__to__intogen2024	background
ATG5	1	0	intogen2024	native_reactome	ot_all__to__intogen2024	background
GFRA3	1	0	intogen2024	native_reactome	ot_all__to__intogen2024	background
SCUBE3	1	0	intogen2024	native_reactome	ot_all__to__intogen2024	background
PRX	1	0	intogen2024	native_reactome	ot_all__to__intogen2024	background
LOXL1	1	0	intogen2024	native_reactome	ot_all__to__intogen2024	background
C1D	1	0	intogen2024	native_reactome	ot_all__to__intogen2024	background
XRCC3	1	0	intogen2024	native_reactome	ot_all__to__intogen2024	background
STIP1	1	0	intogen2024	native_reactome	ot_all__to__intogen2024	background
REPS2	1	0	intogen2024	native_reactome	ot_all__to__intogen2024	background
PAPPA	1	0	intogen2024	native_reactome	ot_all__to__intogen2024	background
USP19	1	0	intogen2024	native_reactome	ot_all__to__intogen2024	background
SEMA6D	1	0	intogen2024	native_reactome	ot_all__to__intogen2024	background
HJURP	1	0	intogen2024	native_reactome	ot_all__to__intogen2024	background
KARS1	1	0	intogen2024	native_reactome	ot_all__to__intogen2024	background
P4HA3	1	0	intogen2024	native_reactome	ot_all__to__intogen2024	background
MAPKAPK5	1	0	intogen2024	native_reactome	ot_all__to__intogen2024	background
MTA3	1	0	intogen2024	native_reactome	ot_all__to__intogen2024	background
RABEPK	1	0	intogen2024	native_reactome	ot_all__to__intogen2024	background
CKS1B	1	0	intogen2024	native_reactome	ot_all__to__intogen2024	background
DEK	1	0	intogen2024	native_reactome	ot_all__to__intogen2024	background
MAP1LC3A	1	0	intogen2024	native_reactome	ot_all__to__intogen2024	background
DNAJC3	1	0	intogen2024	native_reactome	ot_all__to__intogen2024	background
KIR3DL2	1	0	intogen2024	native_reactome	ot_all__to__intogen2024	background
SUV39H1	1	0	intogen2024	native_reactome	ot_all__to__intogen2024	background
ETS2	1	0	intogen2024	native_reactome	ot_all__to__intogen2024	background
WNT3A	1	0	intogen2024	native_reactome	ot_all__to__intogen2024	background
LY96	1	0	intogen2024	native_reactome	ot_all__to__intogen2024	background
PHKA2	1	0	intogen2024	native_reactome	ot_all__to__intogen2024	background
HDAC7	1	0	intogen2024	native_reactome	ot_all__to__intogen2024	background
TOP3A	1	0	intogen2024	native_reactome	ot_all__to__intogen2024	background
PI4KB	1	0	intogen2024	native_reactome	ot_all__to__intogen2024	background
CRK	1	0	intogen2024	native_reactome	ot_all__to__intogen2024	background
UBN1	1	0	intogen2024	native_reactome	ot_all__to__intogen2024	background
BANF1	1	0	intogen2024	native_reactome	ot_all__to__intogen2024	background
FBN2	2	1	intogen2024	native_reactome	ot_all__to__intogen2024	target
NIPBL	2	1	intogen2024	native_reactome	ot_all__to__intogen2024	target
DCC	2	1	intogen2024	native_reactome	ot_all__to__intogen2024	target
WNT1	2	1	intogen2024	native_reactome	ot_all__to__intogen2024	target
INPPL1	2	1	intogen2024	native_reactome	ot_all__to__intogen2024	target
RXRA	2	1	intogen2024	native_reactome	ot_all__to__intogen2024	target
SMAD3	2	1	intogen2024	native_reactome	ot_all__to__intogen2024	target
CTCF	2	1	intogen2024	native_reactome	ot_all__to__intogen2024	target
GSK3B	2	1	intogen2024	native_reactome	ot_all__to__intogen2024	target
SOX17	2	1	intogen2024	native_reactome	ot_all__to__intogen2024	target
NCOA1	2	1	intogen2024	native_reactome	ot_all__to__intogen2024	target
NPRL2	2	1	intogen2024	native_reactome	ot_all__to__intogen2024	target
CCND2	2	1	intogen2024	native_reactome	ot_all__to__intogen2024	target
NCKIPSD	2	1	intogen2024	native_reactome	ot_all__to__intogen2024	target
GPC5	2	1	intogen2024	native_reactome	ot_all__to__intogen2024	target
CTNNA2	2	1	intogen2024	native_reactome	ot_all__to__intogen2024	target
CBFB	2	1	intogen2024	native_reactome	ot_all__to__intogen2024	target
SETD1B	2	1	intogen2024	native_reactome	ot_all__to__intogen2024	target
AFDN	2	1	intogen2024	native_reactome	ot_all__to__intogen2024	target
PABPC1	2	1	intogen2024	native_reactome	ot_all__to__intogen2024	target
RHOA	2	1	intogen2024	native_reactome	ot_all__to__intogen2024	target
ZNF93	2	1	intogen2024	native_reactome	ot_all__to__intogen2024	target
DSP	2	1	intogen2024	native_reactome	ot_all__to__intogen2024	target
NSD2	2	1	intogen2024	native_reactome	ot_all__to__intogen2024	target
ELF3	2	1	intogen2024	native_reactome	ot_all__to__intogen2024	target
MGA	2	1	intogen2024	native_reactome	ot_all__to__intogen2024	target
ATG7	2	1	intogen2024	native_reactome	ot_all__to__intogen2024	target
ARID1B	2	1	intogen2024	native_reactome	ot_all__to__intogen2024	target
PRDM1	2	1	intogen2024	native_reactome	ot_all__to__intogen2024	target
BCL10	2	1	intogen2024	native_reactome	ot_all__to__intogen2024	target
SDCBP	2	1	intogen2024	native_reactome	ot_all__to__intogen2024	target
FLG	2	1	intogen2024	native_reactome	ot_all__to__intogen2024	target
ROBO2	2	1	intogen2024	native_reactome	ot_all__to__intogen2024	target
MTOR	2	1	intogen2024	native_reactome	ot_all__to__intogen2024	target
SGK1	2	1	intogen2024	native_reactome	ot_all__to__intogen2024	target
ITGAV	2	1	intogen2024	native_reactome	ot_all__to__intogen2024	target
FOXO3	2	1	intogen2024	native_reactome	ot_all__to__intogen2024	target
CTNNA1	2	1	intogen2024	native_reactome	ot_all__to__intogen2024	target
ZNRF3	2	1	intogen2024	native_reactome	ot_all__to__intogen2024	target
DHX9	2	1	intogen2024	native_reactome	ot_all__to__intogen2024	target
SMARCA2	2	1	intogen2024	native_reactome	ot_all__to__intogen2024	target
NXF1	2	1	intogen2024	native_reactome	ot_all__to__intogen2024	target
MAP2K7	2	1	intogen2024	native_reactome	ot_all__to__intogen2024	target
EPS15	2	1	intogen2024	native_reactome	ot_all__to__intogen2024	target
CRLF2	2	1	intogen2024	native_reactome	ot_all__to__intogen2024	target
ELN	2	1	intogen2024	native_reactome	ot_all__to__intogen2024	target
GNA11	2	1	intogen2024	native_reactome	ot_all__to__intogen2024	target
DAXX	2	1	intogen2024	native_reactome	ot_all__to__intogen2024	target
PLXNC1	2	1	intogen2024	native_reactome	ot_all__to__intogen2024	target
GRIN2A	2	1	intogen2024	native_reactome	ot_all__to__intogen2024	target
ACVR2A	2	1	intogen2024	native_reactome	ot_all__to__intogen2024	target
MAP2K4	2	1	intogen2024	native_reactome	ot_all__to__intogen2024	target
HLA-DQA1	2	1	intogen2024	native_reactome	ot_all__to__intogen2024	target
FBLN2	2	1	intogen2024	native_reactome	ot_all__to__intogen2024	target
NCOA2	2	1	intogen2024	native_reactome	ot_all__to__intogen2024	target
USP7	2	1	intogen2024	native_reactome	ot_all__to__intogen2024	target
NFKB2	2	1	intogen2024	native_reactome	ot_all__to__intogen2024	target
ARHGEF12	2	1	intogen2024	native_reactome	ot_all__to__intogen2024	target
MAF	2	1	intogen2024	native_reactome	ot_all__to__intogen2024	target
GNA13	2	1	intogen2024	native_reactome	ot_all__to__intogen2024	target
SRGAP3	2	1	intogen2024	native_reactome	ot_all__to__intogen2024	target
ETV4	2	1	intogen2024	native_reactome	ot_all__to__intogen2024	target
ZNF521	2	1	intogen2024	native_reactome	ot_all__to__intogen2024	target
USP9X	2	1	intogen2024	native_reactome	ot_all__to__intogen2024	target
MDM2	2	1	intogen2024	native_reactome	ot_all__to__intogen2024	target
CACNA1D	2	1	intogen2024	native_reactome	ot_all__to__intogen2024	target
ARNT	2	1	intogen2024	native_reactome	ot_all__to__intogen2024	target
GNAI2	2	1	intogen2024	native_reactome	ot_all__to__intogen2024	target
GNAQ	2	1	intogen2024	native_reactome	ot_all__to__intogen2024	target
SMAD2	2	1	intogen2024	native_reactome	ot_all__to__intogen2024	target
DGCR8	2	1	intogen2024	native_reactome	ot_all__to__intogen2024	target
KNL1	2	1	intogen2024	native_reactome	ot_all__to__intogen2024	target
HSP90AB1	2	1	intogen2024	native_reactome	ot_all__to__intogen2024	target
TRIM33	2	1	intogen2024	native_reactome	ot_all__to__intogen2024	target
DTX1	2	1	intogen2024	native_reactome	ot_all__to__intogen2024	target
ANK1	2	1	intogen2024	native_reactome	ot_all__to__intogen2024	target
PWWP2A	2	1	intogen2024	native_reactome	ot_all__to__intogen2024	target
SH2B3	2	1	intogen2024	native_reactome	ot_all__to__intogen2024	target
GLI1	2	1	intogen2024	native_reactome	ot_all__to__intogen2024	target
KMT5A	2	1	intogen2024	native_reactome	ot_all__to__intogen2024	target
BCL6	2	1	intogen2024	native_reactome	ot_all__to__intogen2024	target
RSPO2	2	1	intogen2024	native_reactome	ot_all__to__intogen2024	target
SIN3A	2	1	intogen2024	native_reactome	ot_all__to__intogen2024	target
PTPN3	2	1	intogen2024	native_reactome	ot_all__to__intogen2024	target
IL7R	2	1	intogen2024	native_reactome	ot_all__to__intogen2024	target
HIF1A	2	1	intogen2024	native_reactome	ot_all__to__intogen2024	target
IKZF3	2	1	intogen2024	native_reactome	ot_all__to__intogen2024	target
MALT1	2	1	intogen2024	native_reactome	ot_all__to__intogen2024	target
PDCD1LG2	2	1	intogen2024	native_reactome	ot_all__to__intogen2024	target
ARHGAP35	2	1	intogen2024	native_reactome	ot_all__to__intogen2024	target
PHF6	2	1	intogen2024	native_reactome	ot_all__to__intogen2024	target
ATP1A1	2	1	intogen2024	native_reactome	ot_all__to__intogen2024	target
RASA1	2	1	intogen2024	native_reactome	ot_all__to__intogen2024	target
FOXO1	2	1	intogen2024	native_reactome	ot_all__to__intogen2024	target
TNFAIP3	2	1	intogen2024	native_reactome	ot_all__to__intogen2024	target
SOCS1	2	1	intogen2024	native_reactome	ot_all__to__intogen2024	target
HLA-A	2	1	intogen2024	native_reactome	ot_all__to__intogen2024	target
CRTC1	2	1	intogen2024	native_reactome	ot_all__to__intogen2024	target
IRS4	2	1	intogen2024	native_reactome	ot_all__to__intogen2024	target
TEC	2	1	intogen2024	native_reactome	ot_all__to__intogen2024	target
TRRAP	2	1	intogen2024	native_reactome	ot_all__to__intogen2024	target
LIFR	2	1	intogen2024	native_reactome	ot_all__to__intogen2024	target
COL1A1	2	1	intogen2024	native_reactome	ot_all__to__intogen2024	target
RRN3	2	1	intogen2024	native_reactome	ot_all__to__intogen2024	target
LATS1	2	1	intogen2024	native_reactome	ot_all__to__intogen2024	target
RHPN2	2	1	intogen2024	native_reactome	ot_all__to__intogen2024	target
TBX3	2	1	intogen2024	native_reactome	ot_all__to__intogen2024	target
ERCC3	2	1	intogen2024	native_reactome	ot_all__to__intogen2024	target
ZCCHC8	2	1	intogen2024	native_reactome	ot_all__to__intogen2024	target
DIS3	2	1	intogen2024	native_reactome	ot_all__to__intogen2024	target
TRAF3	2	1	intogen2024	native_reactome	ot_all__to__intogen2024	target
MEF2B	2	1	intogen2024	native_reactome	ot_all__to__intogen2024	target
RAC1	2	1	intogen2024	native_reactome	ot_all__to__intogen2024	target
RELA	2	1	intogen2024	native_reactome	ot_all__to__intogen2024	target
HLA-C	2	1	intogen2024	native_reactome	ot_all__to__intogen2024	target
PSIP1	2	1	intogen2024	native_reactome	ot_all__to__intogen2024	target
MSI2	2	1	intogen2024	native_reactome	ot_all__to__intogen2024	target
NCOR1	2	1	intogen2024	native_reactome	ot_all__to__intogen2024	target
SOX9	2	1	intogen2024	native_reactome	ot_all__to__intogen2024	target
RAP1GDS1	2	1	intogen2024	native_reactome	ot_all__to__intogen2024	target
LEF1	2	1	intogen2024	native_reactome	ot_all__to__intogen2024	target
SIRPA	2	1	intogen2024	native_reactome	ot_all__to__intogen2024	target
RPS6KA3	2	1	intogen2024	native_reactome	ot_all__to__intogen2024	target
CYSLTR2	2	1	intogen2024	native_reactome	ot_all__to__intogen2024	target
HLA-B	2	1	intogen2024	native_reactome	ot_all__to__intogen2024	target
WWTR1	2	1	intogen2024	native_reactome	ot_all__to__intogen2024	target
POU2F2	2	1	intogen2024	native_reactome	ot_all__to__intogen2024	target
KAT6B	2	1	intogen2024	native_reactome	ot_all__to__intogen2024	target
VAV1	2	1	intogen2024	native_reactome	ot_all__to__intogen2024	target
KMT2B	2	1	intogen2024	native_reactome	ot_all__to__intogen2024	target
RAD21	2	1	intogen2024	native_reactome	ot_all__to__intogen2024	target
PPP3CA	2	1	intogen2024	native_reactome	ot_all__to__intogen2024	target
HSPG2	2	1	intogen2024	native_reactome	ot_all__to__intogen2024	target
ZEB1	2	1	intogen2024	native_reactome	ot_all__to__intogen2024	target
STAT6	2	1	intogen2024	native_reactome	ot_all__to__intogen2024	target
ABL2	2	1	intogen2024	native_reactome	ot_all__to__intogen2024	target
DDB2	2	1	intogen2024	native_reactome	ot_all__to__intogen2024	target
CADM2	2	1	intogen2024	native_reactome	ot_all__to__intogen2024	target
NFKBIE	2	1	intogen2024	native_reactome	ot_all__to__intogen2024	target
RANBP2	2	1	intogen2024	native_reactome	ot_all__to__intogen2024	target
ZFP36L1	2	1	intogen2024	native_reactome	ot_all__to__intogen2024	target
SETDB1	2	1	intogen2024	native_reactome	ot_all__to__intogen2024	target
EIF4A2	2	1	intogen2024	native_reactome	ot_all__to__intogen2024	target
IL6ST	2	1	intogen2024	native_reactome	ot_all__to__intogen2024	target
ESRRA	2	1	intogen2024	native_reactome	ot_all__to__intogen2024	target
KAT7	2	1	intogen2024	native_reactome	ot_all__to__intogen2024	target
IKBKB	2	1	intogen2024	native_reactome	ot_all__to__intogen2024	target
PICALM	2	1	intogen2024	native_reactome	ot_all__to__intogen2024	target
CD209	2	1	intogen2024	native_reactome	ot_all__to__intogen2024	target
TNC	2	1	intogen2024	native_reactome	ot_all__to__intogen2024	target
NCOR2	2	1	intogen2024	native_reactome	ot_all__to__intogen2024	target
KAT6A	2	1	intogen2024	native_reactome	ot_all__to__intogen2024	target
MIB2	2	1	intogen2024	native_reactome	ot_all__to__intogen2024	target
FCGR2B	2	1	intogen2024	native_reactome	ot_all__to__intogen2024	target
NFKBIA	2	1	intogen2024	native_reactome	ot_all__to__intogen2024	target
ACKR3	2	1	intogen2024	native_reactome	ot_all__to__intogen2024	target
CCNT1	2	1	intogen2024	native_reactome	ot_all__to__intogen2024	target
ACVR1B	2	1	intogen2024	native_reactome	ot_all__to__intogen2024	target
POLQ	2	1	intogen2024	native_reactome	ot_all__to__intogen2024	target
LDB1	2	1	intogen2024	native_reactome	ot_all__to__intogen2024	target
CLTCL1	2	1	intogen2024	native_reactome	ot_all__to__intogen2024	target
BIRC3	2	1	intogen2024	native_reactome	ot_all__to__intogen2024	target
AJUBA	2	1	intogen2024	native_reactome	ot_all__to__intogen2024	target
PML	2	1	intogen2024	native_reactome	ot_all__to__intogen2024	target
NBEA	2	1	intogen2024	native_reactome	ot_all__to__intogen2024	target
KMT2A	2	1	intogen2024	native_reactome	ot_all__to__intogen2024	target
SUZ12	2	1	intogen2024	native_reactome	ot_all__to__intogen2024	target
RRAGC	2	1	intogen2024	native_reactome	ot_all__to__intogen2024	target
MYO5A	2	1	intogen2024	native_reactome	ot_all__to__intogen2024	target
CDKN2C	2	1	intogen2024	native_reactome	ot_all__to__intogen2024	target
ATF7IP	2	1	intogen2024	native_reactome	ot_all__to__intogen2024	target
FOXL2	2	1	intogen2024	native_reactome	ot_all__to__intogen2024	target
MCM7	2	1	intogen2024	native_reactome	ot_all__to__intogen2024	target
HGF	2	1	intogen2024	native_reactome	ot_all__to__intogen2024	target
NOTCH2	2	1	intogen2024	native_reactome	ot_all__to__intogen2024	target
CHD7	2	1	intogen2024	native_reactome	ot_all__to__intogen2024	target
PREX2	2	1	intogen2024	native_reactome	ot_all__to__intogen2024	target
DROSHA	2	1	intogen2024	native_reactome	ot_all__to__intogen2024	target
PPM1D	2	1	intogen2024	native_reactome	ot_all__to__intogen2024	target
HDAC4	2	1	intogen2024	native_reactome	ot_all__to__intogen2024	target
MYH11	2	1	intogen2024	native_reactome	ot_all__to__intogen2024	target
CARD11	2	1	intogen2024	native_reactome	ot_all__to__intogen2024	target
CHD4	2	1	intogen2024	native_reactome	ot_all__to__intogen2024	target
IRAK1	2	1	intogen2024	native_reactome	ot_all__to__intogen2024	target
BRD7	2	1	intogen2024	native_reactome	ot_all__to__intogen2024	target
PTPRD	2	1	intogen2024	native_reactome	ot_all__to__intogen2024	target
RGS7	2	1	intogen2024	native_reactome	ot_all__to__intogen2024	target
EGR2	2	1	intogen2024	native_reactome	ot_all__to__intogen2024	target
NUMA1	2	1	intogen2024	native_reactome	ot_all__to__intogen2024	target
NFATC2	2	1	intogen2024	native_reactome	ot_all__to__intogen2024	target
EIF1AX	2	1	intogen2024	native_reactome	ot_all__to__intogen2024	target
SHTN1	2	1	intogen2024	native_reactome	ot_all__to__intogen2024	target
CCND3	2	1	intogen2024	native_reactome	ot_all__to__intogen2024	target
PTPRC	2	1	intogen2024	native_reactome	ot_all__to__intogen2024	target
MAP3K1	2	1	intogen2024	native_reactome	ot_all__to__intogen2024	target
PPP2R1A	2	1	intogen2024	native_reactome	ot_all__to__intogen2024	target
PTPN6	2	1	intogen2024	native_reactome	ot_all__to__intogen2024	target
RIPK1	2	1	intogen2024	native_reactome	ot_all__to__intogen2024	target
SMARCD1	2	1	intogen2024	native_reactome	ot_all__to__intogen2024	target
USP8	2	1	intogen2024	native_reactome	ot_all__to__intogen2024	target
PIM1	2	1	intogen2024	native_reactome	ot_all__to__intogen2024	target
ARAF	2	1	intogen2024	native_reactome	ot_all__to__intogen2024	target
CUL3	2	1	intogen2024	native_reactome	ot_all__to__intogen2024	target
MYH9	2	1	intogen2024	native_reactome	ot_all__to__intogen2024	target
ASXL2	2	1	intogen2024	native_reactome	ot_all__to__intogen2024	target
TGIF1	2	1	intogen2024	native_reactome	ot_all__to__intogen2024	target
BCL9	2	1	intogen2024	native_reactome	ot_all__to__intogen2024	target
ALPK1	2	1	intogen2024	native_reactome	ot_all__to__intogen2024	target
RALGDS	2	0	intogen2024	native_reactome	ot_all__to__intogen2024	background
CD1D	2	0	intogen2024	native_reactome	ot_all__to__intogen2024	background
SPINK6	2	0	intogen2024	native_reactome	ot_all__to__intogen2024	background
UBAP1	2	0	intogen2024	native_reactome	ot_all__to__intogen2024	background
CABIN1	2	0	intogen2024	native_reactome	ot_all__to__intogen2024	background
IRAK4	2	0	intogen2024	native_reactome	ot_all__to__intogen2024	background
SUPT4H1	2	0	intogen2024	native_reactome	ot_all__to__intogen2024	background
HLA-DMA	2	0	intogen2024	native_reactome	ot_all__to__intogen2024	background
RASGRF1	2	0	intogen2024	native_reactome	ot_all__to__intogen2024	background
DOCK2	2	0	intogen2024	native_reactome	ot_all__to__intogen2024	background
SOS2	2	0	intogen2024	native_reactome	ot_all__to__intogen2024	background
NR1D1	2	0	intogen2024	native_reactome	ot_all__to__intogen2024	background
PHAX	2	0	intogen2024	native_reactome	ot_all__to__intogen2024	background
DYNLL2	2	0	intogen2024	native_reactome	ot_all__to__intogen2024	background
RGP1	2	0	intogen2024	native_reactome	ot_all__to__intogen2024	background
CACNA2D2	2	0	intogen2024	native_reactome	ot_all__to__intogen2024	background
KRT1	2	0	intogen2024	native_reactome	ot_all__to__intogen2024	background
SFTPA2	2	0	intogen2024	native_reactome	ot_all__to__intogen2024	background
ACAA1	2	0	intogen2024	native_reactome	ot_all__to__intogen2024	background
LIAS	2	0	intogen2024	native_reactome	ot_all__to__intogen2024	background
DNM2	2	0	intogen2024	native_reactome	ot_all__to__intogen2024	background
MMP2	2	0	intogen2024	native_reactome	ot_all__to__intogen2024	background
ERCC6	2	0	intogen2024	native_reactome	ot_all__to__intogen2024	background
MYF5	2	0	intogen2024	native_reactome	ot_all__to__intogen2024	background
TLR4	2	0	intogen2024	native_reactome	ot_all__to__intogen2024	background
DENND6A	2	0	intogen2024	native_reactome	ot_all__to__intogen2024	background
RMND5B	2	0	intogen2024	native_reactome	ot_all__to__intogen2024	background
GP1BB	2	0	intogen2024	native_reactome	ot_all__to__intogen2024	background
RIMS1	2	0	intogen2024	native_reactome	ot_all__to__intogen2024	background
PPP1R12A	2	0	intogen2024	native_reactome	ot_all__to__intogen2024	background
DVL3	2	0	intogen2024	native_reactome	ot_all__to__intogen2024	background
PRKAG3	2	0	intogen2024	native_reactome	ot_all__to__intogen2024	background
STX3	2	0	intogen2024	native_reactome	ot_all__to__intogen2024	background
ANKRD28	2	0	intogen2024	native_reactome	ot_all__to__intogen2024	background
F12	2	0	intogen2024	native_reactome	ot_all__to__intogen2024	background
ADCYAP1R1	2	0	intogen2024	native_reactome	ot_all__to__intogen2024	background
SOCS5	2	0	intogen2024	native_reactome	ot_all__to__intogen2024	background
REN	2	0	intogen2024	native_reactome	ot_all__to__intogen2024	background
INS	2	0	intogen2024	native_reactome	ot_all__to__intogen2024	background
HSD17B4	2	0	intogen2024	native_reactome	ot_all__to__intogen2024	background
SLC17A7	2	0	intogen2024	native_reactome	ot_all__to__intogen2024	background
EIF4A3	2	0	intogen2024	native_reactome	ot_all__to__intogen2024	background
NPAS2	2	0	intogen2024	native_reactome	ot_all__to__intogen2024	background
LPCAT1	2	0	intogen2024	native_reactome	ot_all__to__intogen2024	background
GLI2	2	0	intogen2024	native_reactome	ot_all__to__intogen2024	background
AGO2	2	0	intogen2024	native_reactome	ot_all__to__intogen2024	background
SEC24A	2	0	intogen2024	native_reactome	ot_all__to__intogen2024	background
PARD3	2	0	intogen2024	native_reactome	ot_all__to__intogen2024	background
TNNT3	2	0	intogen2024	native_reactome	ot_all__to__intogen2024	background
CNEP1R1	2	0	intogen2024	native_reactome	ot_all__to__intogen2024	background
KCNMB4	2	0	intogen2024	native_reactome	ot_all__to__intogen2024	background
RAB38	2	0	intogen2024	native_reactome	ot_all__to__intogen2024	background
KAT5	2	0	intogen2024	native_reactome	ot_all__to__intogen2024	background
LRP5	2	0	intogen2024	native_reactome	ot_all__to__intogen2024	background
ATRIP	2	0	intogen2024	native_reactome	ot_all__to__intogen2024	background
TAS1R1	2	0	intogen2024	native_reactome	ot_all__to__intogen2024	background
KLK13	2	0	intogen2024	native_reactome	ot_all__to__intogen2024	background
TBC1D17	2	0	intogen2024	native_reactome	ot_all__to__intogen2024	background
RAB13	2	0	intogen2024	native_reactome	ot_all__to__intogen2024	background
ELMO1	2	0	intogen2024	native_reactome	ot_all__to__intogen2024	background
C5	2	0	intogen2024	native_reactome	ot_all__to__intogen2024	background
TIFA	2	0	intogen2024	native_reactome	ot_all__to__intogen2024	background
GRK6	2	0	intogen2024	native_reactome	ot_all__to__intogen2024	background
RBBP8	2	0	intogen2024	native_reactome	ot_all__to__intogen2024	background
ARPP19	2	0	intogen2024	native_reactome	ot_all__to__intogen2024	background
HBB	2	0	intogen2024	native_reactome	ot_all__to__intogen2024	background
DTL	2	0	intogen2024	native_reactome	ot_all__to__intogen2024	background
CSF2RB	2	0	intogen2024	native_reactome	ot_all__to__intogen2024	background
PRMT1	2	0	intogen2024	native_reactome	ot_all__to__intogen2024	background
MKRN1	2	0	intogen2024	native_reactome	ot_all__to__intogen2024	background
STAM2	2	0	intogen2024	native_reactome	ot_all__to__intogen2024	background
EEF1G	2	0	intogen2024	native_reactome	ot_all__to__intogen2024	background
COLEC11	2	0	intogen2024	native_reactome	ot_all__to__intogen2024	background
APOC3	2	0	intogen2024	native_reactome	ot_all__to__intogen2024	background
CACNA1G	2	0	intogen2024	native_reactome	ot_all__to__intogen2024	background
NTN3	2	0	intogen2024	native_reactome	ot_all__to__intogen2024	background
ARHGAP26	2	0	intogen2024	native_reactome	ot_all__to__intogen2024	background
NAT8B	2	0	intogen2024	native_reactome	ot_all__to__intogen2024	background
GHSR	2	0	intogen2024	native_reactome	ot_all__to__intogen2024	background
HSF1	2	0	intogen2024	native_reactome	ot_all__to__intogen2024	background
KPNA6	2	0	intogen2024	native_reactome	ot_all__to__intogen2024	background
KCNMA1	2	0	intogen2024	native_reactome	ot_all__to__intogen2024	background
DLG1	2	0	intogen2024	native_reactome	ot_all__to__intogen2024	background
TNFSF13	2	0	intogen2024	native_reactome	ot_all__to__intogen2024	background
EVC2	2	0	intogen2024	native_reactome	ot_all__to__intogen2024	background
MAG	2	0	intogen2024	native_reactome	ot_all__to__intogen2024	background
BIRC2	2	0	intogen2024	native_reactome	ot_all__to__intogen2024	background
F11	2	0	intogen2024	native_reactome	ot_all__to__intogen2024	background
PFN1	2	0	intogen2024	native_reactome	ot_all__to__intogen2024	background
RRAS	2	0	intogen2024	native_reactome	ot_all__to__intogen2024	background
EZR	2	0	intogen2024	native_reactome	ot_all__to__intogen2024	background
PGF	2	0	intogen2024	native_reactome	ot_all__to__intogen2024	background
C8A	2	0	intogen2024	native_reactome	ot_all__to__intogen2024	background
CNPY3	2	0	intogen2024	native_reactome	ot_all__to__intogen2024	background
GRIK2	2	0	intogen2024	native_reactome	ot_all__to__intogen2024	background
OPN1SW	2	0	intogen2024	native_reactome	ot_all__to__intogen2024	background
CSNK2B	2	0	intogen2024	native_reactome	ot_all__to__intogen2024	background
ITGA4	2	0	intogen2024	native_reactome	ot_all__to__intogen2024	background
CRY1	2	0	intogen2024	native_reactome	ot_all__to__intogen2024	background
CCDC88C	2	0	intogen2024	native_reactome	ot_all__to__intogen2024	background
GNAL	2	0	intogen2024	native_reactome	ot_all__to__intogen2024	background
LCAT	2	0	intogen2024	native_reactome	ot_all__to__intogen2024	background
VCPIP1	2	0	intogen2024	native_reactome	ot_all__to__intogen2024	background
LINGO1	2	0	intogen2024	native_reactome	ot_all__to__intogen2024	background
POLK	2	0	intogen2024	native_reactome	ot_all__to__intogen2024	background
THRA	2	0	intogen2024	native_reactome	ot_all__to__intogen2024	background
ACTR1A	2	0	intogen2024	native_reactome	ot_all__to__intogen2024	background
TLE2	2	0	intogen2024	native_reactome	ot_all__to__intogen2024	background
BTRC	2	0	intogen2024	native_reactome	ot_all__to__intogen2024	background
RXYLT1	2	0	intogen2024	native_reactome	ot_all__to__intogen2024	background
SNCA	2	0	intogen2024	native_reactome	ot_all__to__intogen2024	background
PWWP2B	2	0	intogen2024	native_reactome	ot_all__to__intogen2024	background
MTREX	2	0	intogen2024	native_reactome	ot_all__to__intogen2024	background
CCL13	2	0	intogen2024	native_reactome	ot_all__to__intogen2024	background
RBM7	2	0	intogen2024	native_reactome	ot_all__to__intogen2024	background
PPP2R5A	2	0	intogen2024	native_reactome	ot_all__to__intogen2024	background
GRAP2	2	0	intogen2024	native_reactome	ot_all__to__intogen2024	background
HIC1	2	0	intogen2024	native_reactome	ot_all__to__intogen2024	background
SZT2	2	0	intogen2024	native_reactome	ot_all__to__intogen2024	background
IL13RA2	2	0	intogen2024	native_reactome	ot_all__to__intogen2024	background
TEAD4	2	0	intogen2024	native_reactome	ot_all__to__intogen2024	background
CD300LB	2	0	intogen2024	native_reactome	ot_all__to__intogen2024	background
NLK	2	0	intogen2024	native_reactome	ot_all__to__intogen2024	background
USO1	2	0	intogen2024	native_reactome	ot_all__to__intogen2024	background
MYB	2	0	intogen2024	native_reactome	ot_all__to__intogen2024	background
PDGFB	2	0	intogen2024	native_reactome	ot_all__to__intogen2024	background
GRIN3A	2	0	intogen2024	native_reactome	ot_all__to__intogen2024	background
SPN	2	0	intogen2024	native_reactome	ot_all__to__intogen2024	background
CNTN1	2	0	intogen2024	native_reactome	ot_all__to__intogen2024	background
MOV10	2	0	intogen2024	native_reactome	ot_all__to__intogen2024	background
CBX3	2	0	intogen2024	native_reactome	ot_all__to__intogen2024	background
KRT5	2	0	intogen2024	native_reactome	ot_all__to__intogen2024	background
PIP4K2A	2	0	intogen2024	native_reactome	ot_all__to__intogen2024	background
ITGB8	2	0	intogen2024	native_reactome	ot_all__to__intogen2024	background
GFRA4	2	0	intogen2024	native_reactome	ot_all__to__intogen2024	background
SOX13	2	0	intogen2024	native_reactome	ot_all__to__intogen2024	background
PYCARD	2	0	intogen2024	native_reactome	ot_all__to__intogen2024	background
SFPQ	2	0	intogen2024	native_reactome	ot_all__to__intogen2024	background
HCFC2	2	0	intogen2024	native_reactome	ot_all__to__intogen2024	background
RNMT	2	0	intogen2024	native_reactome	ot_all__to__intogen2024	background
GLYCAM1	2	0	intogen2024	native_reactome	ot_all__to__intogen2024	background
SOX4	2	0	intogen2024	native_reactome	ot_all__to__intogen2024	background
ICAM1	2	0	intogen2024	native_reactome	ot_all__to__intogen2024	background
TLR5	2	0	intogen2024	native_reactome	ot_all__to__intogen2024	background
MUSK	2	0	intogen2024	native_reactome	ot_all__to__intogen2024	background
GABRA1	2	0	intogen2024	native_reactome	ot_all__to__intogen2024	background
ORAI1	2	0	intogen2024	native_reactome	ot_all__to__intogen2024	background
TXN	2	0	intogen2024	native_reactome	ot_all__to__intogen2024	background
NPHP4	2	0	intogen2024	native_reactome	ot_all__to__intogen2024	background
RAB35	2	0	intogen2024	native_reactome	ot_all__to__intogen2024	background
SCN1B	2	0	intogen2024	native_reactome	ot_all__to__intogen2024	background
SELP	2	0	intogen2024	native_reactome	ot_all__to__intogen2024	background
PCBP2	2	0	intogen2024	native_reactome	ot_all__to__intogen2024	background
CACNA1H	2	0	intogen2024	native_reactome	ot_all__to__intogen2024	background
SKIC8	2	0	intogen2024	native_reactome	ot_all__to__intogen2024	background
DPH6	2	0	intogen2024	native_reactome	ot_all__to__intogen2024	background
BDNF	2	0	intogen2024	native_reactome	ot_all__to__intogen2024	background
ZC3HC1	2	0	intogen2024	native_reactome	ot_all__to__intogen2024	background
IL31RA	2	0	intogen2024	native_reactome	ot_all__to__intogen2024	background
EIF4G1	2	0	intogen2024	native_reactome	ot_all__to__intogen2024	background
ZNF473	2	0	intogen2024	native_reactome	ot_all__to__intogen2024	background
WDR82	2	0	intogen2024	native_reactome	ot_all__to__intogen2024	background
PRSS3	2	0	intogen2024	native_reactome	ot_all__to__intogen2024	background
ERCC5	2	0	intogen2024	native_reactome	ot_all__to__intogen2024	background
TNNI2	2	0	intogen2024	native_reactome	ot_all__to__intogen2024	background
MLST8	2	0	intogen2024	native_reactome	ot_all__to__intogen2024	background
PLCG2	2	0	intogen2024	native_reactome	ot_all__to__intogen2024	background
GABBR2	2	0	intogen2024	native_reactome	ot_all__to__intogen2024	background
LRP8	2	0	intogen2024	native_reactome	ot_all__to__intogen2024	background
RSPO3	2	0	intogen2024	native_reactome	ot_all__to__intogen2024	background
MYOG	2	0	intogen2024	native_reactome	ot_all__to__intogen2024	background
GRM1	2	0	intogen2024	native_reactome	ot_all__to__intogen2024	background
MORC2	2	0	intogen2024	native_reactome	ot_all__to__intogen2024	background
F5	2	0	intogen2024	native_reactome	ot_all__to__intogen2024	background
TYSND1	2	0	intogen2024	native_reactome	ot_all__to__intogen2024	background
NR5A1	2	0	intogen2024	native_reactome	ot_all__to__intogen2024	background
COPG2	2	0	intogen2024	native_reactome	ot_all__to__intogen2024	background
CAMK2G	2	0	intogen2024	native_reactome	ot_all__to__intogen2024	background
TRPC6	2	0	intogen2024	native_reactome	ot_all__to__intogen2024	background
PFKFB1	2	0	intogen2024	native_reactome	ot_all__to__intogen2024	background
USP43	2	0	intogen2024	native_reactome	ot_all__to__intogen2024	background
BTN2A1	2	0	intogen2024	native_reactome	ot_all__to__intogen2024	background
IL12RB1	2	0	intogen2024	native_reactome	ot_all__to__intogen2024	background
SENP5	2	0	intogen2024	native_reactome	ot_all__to__intogen2024	background
ERF	2	0	intogen2024	native_reactome	ot_all__to__intogen2024	background
TNS3	2	0	intogen2024	native_reactome	ot_all__to__intogen2024	background
AP2M1	2	0	intogen2024	native_reactome	ot_all__to__intogen2024	background
IL10RB	2	0	intogen2024	native_reactome	ot_all__to__intogen2024	background
KDM5B	2	0	intogen2024	native_reactome	ot_all__to__intogen2024	background
LRP6	2	0	intogen2024	native_reactome	ot_all__to__intogen2024	background
MAP3K14	2	0	intogen2024	native_reactome	ot_all__to__intogen2024	background
PIK3R6	2	0	intogen2024	native_reactome	ot_all__to__intogen2024	background
TNRC6B	2	0	intogen2024	native_reactome	ot_all__to__intogen2024	background
NLRX1	2	0	intogen2024	native_reactome	ot_all__to__intogen2024	background
CAMLG	2	0	intogen2024	native_reactome	ot_all__to__intogen2024	background
BMAL1	2	0	intogen2024	native_reactome	ot_all__to__intogen2024	background
SMAD5	2	0	intogen2024	native_reactome	ot_all__to__intogen2024	background
L3MBTL1	2	0	intogen2024	native_reactome	ot_all__to__intogen2024	background
CDC42EP5	2	0	intogen2024	native_reactome	ot_all__to__intogen2024	background
SCRIB	2	0	intogen2024	native_reactome	ot_all__to__intogen2024	background
FBN2	3	1	intogen2024	native_reactome	ot_all__to__intogen2024	target
NIPBL	3	1	intogen2024	native_reactome	ot_all__to__intogen2024	target
DCC	3	1	intogen2024	native_reactome	ot_all__to__intogen2024	target
WNT1	3	1	intogen2024	native_reactome	ot_all__to__intogen2024	target
INPPL1	3	1	intogen2024	native_reactome	ot_all__to__intogen2024	target
RXRA	3	1	intogen2024	native_reactome	ot_all__to__intogen2024	target
SMAD3	3	1	intogen2024	native_reactome	ot_all__to__intogen2024	target
CTCF	3	1	intogen2024	native_reactome	ot_all__to__intogen2024	target
GSK3B	3	1	intogen2024	native_reactome	ot_all__to__intogen2024	target
SOX17	3	1	intogen2024	native_reactome	ot_all__to__intogen2024	target
NCOA1	3	1	intogen2024	native_reactome	ot_all__to__intogen2024	target
NPRL2	3	1	intogen2024	native_reactome	ot_all__to__intogen2024	target
CCND2	3	1	intogen2024	native_reactome	ot_all__to__intogen2024	target
NCKIPSD	3	1	intogen2024	native_reactome	ot_all__to__intogen2024	target
GPC5	3	1	intogen2024	native_reactome	ot_all__to__intogen2024	target
CTNNA2	3	1	intogen2024	native_reactome	ot_all__to__intogen2024	target
CBFB	3	1	intogen2024	native_reactome	ot_all__to__intogen2024	target
SETD1B	3	1	intogen2024	native_reactome	ot_all__to__intogen2024	target
AFDN	3	1	intogen2024	native_reactome	ot_all__to__intogen2024	target
PABPC1	3	1	intogen2024	native_reactome	ot_all__to__intogen2024	target
RHOA	3	1	intogen2024	native_reactome	ot_all__to__intogen2024	target
ZNF93	3	1	intogen2024	native_reactome	ot_all__to__intogen2024	target
DSP	3	1	intogen2024	native_reactome	ot_all__to__intogen2024	target
NSD2	3	1	intogen2024	native_reactome	ot_all__to__intogen2024	target
ELF3	3	1	intogen2024	native_reactome	ot_all__to__intogen2024	target
MGA	3	1	intogen2024	native_reactome	ot_all__to__intogen2024	target
ATG7	3	1	intogen2024	native_reactome	ot_all__to__intogen2024	target
ARID1B	3	1	intogen2024	native_reactome	ot_all__to__intogen2024	target
PRDM1	3	1	intogen2024	native_reactome	ot_all__to__intogen2024	target
BCL10	3	1	intogen2024	native_reactome	ot_all__to__intogen2024	target
SDCBP	3	1	intogen2024	native_reactome	ot_all__to__intogen2024	target
FLG	3	1	intogen2024	native_reactome	ot_all__to__intogen2024	target
ROBO2	3	1	intogen2024	native_reactome	ot_all__to__intogen2024	target
MTOR	3	1	intogen2024	native_reactome	ot_all__to__intogen2024	target
SGK1	3	1	intogen2024	native_reactome	ot_all__to__intogen2024	target
ITGAV	3	1	intogen2024	native_reactome	ot_all__to__intogen2024	target
FOXO3	3	1	intogen2024	native_reactome	ot_all__to__intogen2024	target
CTNNA1	3	1	intogen2024	native_reactome	ot_all__to__intogen2024	target
ZNRF3	3	1	intogen2024	native_reactome	ot_all__to__intogen2024	target
DHX9	3	1	intogen2024	native_reactome	ot_all__to__intogen2024	target
SMARCA2	3	1	intogen2024	native_reactome	ot_all__to__intogen2024	target
NXF1	3	1	intogen2024	native_reactome	ot_all__to__intogen2024	target
MAP2K7	3	1	intogen2024	native_reactome	ot_all__to__intogen2024	target
EPS15	3	1	intogen2024	native_reactome	ot_all__to__intogen2024	target
CRLF2	3	1	intogen2024	native_reactome	ot_all__to__intogen2024	target
ELN	3	1	intogen2024	native_reactome	ot_all__to__intogen2024	target
GNA11	3	1	intogen2024	native_reactome	ot_all__to__intogen2024	target
DAXX	3	1	intogen2024	native_reactome	ot_all__to__intogen2024	target
PLXNC1	3	1	intogen2024	native_reactome	ot_all__to__intogen2024	target
GRIN2A	3	1	intogen2024	native_reactome	ot_all__to__intogen2024	target
ACVR2A	3	1	intogen2024	native_reactome	ot_all__to__intogen2024	target
MAP2K4	3	1	intogen2024	native_reactome	ot_all__to__intogen2024	target
HLA-DQA1	3	1	intogen2024	native_reactome	ot_all__to__intogen2024	target
FBLN2	3	1	intogen2024	native_reactome	ot_all__to__intogen2024	target
NCOA2	3	1	intogen2024	native_reactome	ot_all__to__intogen2024	target
USP7	3	1	intogen2024	native_reactome	ot_all__to__intogen2024	target
NFKB2	3	1	intogen2024	native_reactome	ot_all__to__intogen2024	target
ARHGEF12	3	1	intogen2024	native_reactome	ot_all__to__intogen2024	target
MAF	3	1	intogen2024	native_reactome	ot_all__to__intogen2024	target
GNA13	3	1	intogen2024	native_reactome	ot_all__to__intogen2024	target
SRGAP3	3	1	intogen2024	native_reactome	ot_all__to__intogen2024	target
ETV4	3	1	intogen2024	native_reactome	ot_all__to__intogen2024	target
ZNF521	3	1	intogen2024	native_reactome	ot_all__to__intogen2024	target
USP9X	3	1	intogen2024	native_reactome	ot_all__to__intogen2024	target
MDM2	3	1	intogen2024	native_reactome	ot_all__to__intogen2024	target
CACNA1D	3	1	intogen2024	native_reactome	ot_all__to__intogen2024	target
ARNT	3	1	intogen2024	native_reactome	ot_all__to__intogen2024	target
GNAI2	3	1	intogen2024	native_reactome	ot_all__to__intogen2024	target
GNAQ	3	1	intogen2024	native_reactome	ot_all__to__intogen2024	target
SMAD2	3	1	intogen2024	native_reactome	ot_all__to__intogen2024	target
DGCR8	3	1	intogen2024	native_reactome	ot_all__to__intogen2024	target
KNL1	3	1	intogen2024	native_reactome	ot_all__to__intogen2024	target
HSP90AB1	3	1	intogen2024	native_reactome	ot_all__to__intogen2024	target
TRIM33	3	1	intogen2024	native_reactome	ot_all__to__intogen2024	target
DTX1	3	1	intogen2024	native_reactome	ot_all__to__intogen2024	target
ANK1	3	1	intogen2024	native_reactome	ot_all__to__intogen2024	target
PWWP2A	3	1	intogen2024	native_reactome	ot_all__to__intogen2024	target
SH2B3	3	1	intogen2024	native_reactome	ot_all__to__intogen2024	target
GLI1	3	1	intogen2024	native_reactome	ot_all__to__intogen2024	target
KMT5A	3	1	intogen2024	native_reactome	ot_all__to__intogen2024	target
BCL6	3	1	intogen2024	native_reactome	ot_all__to__intogen2024	target
RSPO2	3	1	intogen2024	native_reactome	ot_all__to__intogen2024	target
SIN3A	3	1	intogen2024	native_reactome	ot_all__to__intogen2024	target
PTPN3	3	1	intogen2024	native_reactome	ot_all__to__intogen2024	target
IL7R	3	1	intogen2024	native_reactome	ot_all__to__intogen2024	target
HIF1A	3	1	intogen2024	native_reactome	ot_all__to__intogen2024	target
IKZF3	3	1	intogen2024	native_reactome	ot_all__to__intogen2024	target
MALT1	3	1	intogen2024	native_reactome	ot_all__to__intogen2024	target
PDCD1LG2	3	1	intogen2024	native_reactome	ot_all__to__intogen2024	target
ARHGAP35	3	1	intogen2024	native_reactome	ot_all__to__intogen2024	target
PHF6	3	1	intogen2024	native_reactome	ot_all__to__intogen2024	target
ATP1A1	3	1	intogen2024	native_reactome	ot_all__to__intogen2024	target
RASA1	3	1	intogen2024	native_reactome	ot_all__to__intogen2024	target
FOXO1	3	1	intogen2024	native_reactome	ot_all__to__intogen2024	target
TNFAIP3	3	1	intogen2024	native_reactome	ot_all__to__intogen2024	target
SOCS1	3	1	intogen2024	native_reactome	ot_all__to__intogen2024	target
HLA-A	3	1	intogen2024	native_reactome	ot_all__to__intogen2024	target
CRTC1	3	1	intogen2024	native_reactome	ot_all__to__intogen2024	target
IRS4	3	1	intogen2024	native_reactome	ot_all__to__intogen2024	target
TEC	3	1	intogen2024	native_reactome	ot_all__to__intogen2024	target
TRRAP	3	1	intogen2024	native_reactome	ot_all__to__intogen2024	target
LIFR	3	1	intogen2024	native_reactome	ot_all__to__intogen2024	target
COL1A1	3	1	intogen2024	native_reactome	ot_all__to__intogen2024	target
RRN3	3	1	intogen2024	native_reactome	ot_all__to__intogen2024	target
LATS1	3	1	intogen2024	native_reactome	ot_all__to__intogen2024	target
RHPN2	3	1	intogen2024	native_reactome	ot_all__to__intogen2024	target
TBX3	3	1	intogen2024	native_reactome	ot_all__to__intogen2024	target
ERCC3	3	1	intogen2024	native_reactome	ot_all__to__intogen2024	target
ZCCHC8	3	1	intogen2024	native_reactome	ot_all__to__intogen2024	target
DIS3	3	1	intogen2024	native_reactome	ot_all__to__intogen2024	target
TRAF3	3	1	intogen2024	native_reactome	ot_all__to__intogen2024	target
MEF2B	3	1	intogen2024	native_reactome	ot_all__to__intogen2024	target
RAC1	3	1	intogen2024	native_reactome	ot_all__to__intogen2024	target
RELA	3	1	intogen2024	native_reactome	ot_all__to__intogen2024	target
HLA-C	3	1	intogen2024	native_reactome	ot_all__to__intogen2024	target
PSIP1	3	1	intogen2024	native_reactome	ot_all__to__intogen2024	target
MSI2	3	1	intogen2024	native_reactome	ot_all__to__intogen2024	target
NCOR1	3	1	intogen2024	native_reactome	ot_all__to__intogen2024	target
SOX9	3	1	intogen2024	native_reactome	ot_all__to__intogen2024	target
RAP1GDS1	3	1	intogen2024	native_reactome	ot_all__to__intogen2024	target
LEF1	3	1	intogen2024	native_reactome	ot_all__to__intogen2024	target
SIRPA	3	1	intogen2024	native_reactome	ot_all__to__intogen2024	target
RPS6KA3	3	1	intogen2024	native_reactome	ot_all__to__intogen2024	target
CYSLTR2	3	1	intogen2024	native_reactome	ot_all__to__intogen2024	target
HLA-B	3	1	intogen2024	native_reactome	ot_all__to__intogen2024	target
WWTR1	3	1	intogen2024	native_reactome	ot_all__to__intogen2024	target
POU2F2	3	1	intogen2024	native_reactome	ot_all__to__intogen2024	target
KAT6B	3	1	intogen2024	native_reactome	ot_all__to__intogen2024	target
VAV1	3	1	intogen2024	native_reactome	ot_all__to__intogen2024	target
KMT2B	3	1	intogen2024	native_reactome	ot_all__to__intogen2024	target
RAD21	3	1	intogen2024	native_reactome	ot_all__to__intogen2024	target
PPP3CA	3	1	intogen2024	native_reactome	ot_all__to__intogen2024	target
HSPG2	3	1	intogen2024	native_reactome	ot_all__to__intogen2024	target
ZEB1	3	1	intogen2024	native_reactome	ot_all__to__intogen2024	target
STAT6	3	1	intogen2024	native_reactome	ot_all__to__intogen2024	target
ABL2	3	1	intogen2024	native_reactome	ot_all__to__intogen2024	target
DDB2	3	1	intogen2024	native_reactome	ot_all__to__intogen2024	target
CADM2	3	1	intogen2024	native_reactome	ot_all__to__intogen2024	target
NFKBIE	3	1	intogen2024	native_reactome	ot_all__to__intogen2024	target
RANBP2	3	1	intogen2024	native_reactome	ot_all__to__intogen2024	target
ZFP36L1	3	1	intogen2024	native_reactome	ot_all__to__intogen2024	target
SETDB1	3	1	intogen2024	native_reactome	ot_all__to__intogen2024	target
EIF4A2	3	1	intogen2024	native_reactome	ot_all__to__intogen2024	target
IL6ST	3	1	intogen2024	native_reactome	ot_all__to__intogen2024	target
ESRRA	3	1	intogen2024	native_reactome	ot_all__to__intogen2024	target
KAT7	3	1	intogen2024	native_reactome	ot_all__to__intogen2024	target
IKBKB	3	1	intogen2024	native_reactome	ot_all__to__intogen2024	target
PICALM	3	1	intogen2024	native_reactome	ot_all__to__intogen2024	target
CD209	3	1	intogen2024	native_reactome	ot_all__to__intogen2024	target
TNC	3	1	intogen2024	native_reactome	ot_all__to__intogen2024	target
NCOR2	3	1	intogen2024	native_reactome	ot_all__to__intogen2024	target
KAT6A	3	1	intogen2024	native_reactome	ot_all__to__intogen2024	target
MIB2	3	1	intogen2024	native_reactome	ot_all__to__intogen2024	target
FCGR2B	3	1	intogen2024	native_reactome	ot_all__to__intogen2024	target
NFKBIA	3	1	intogen2024	native_reactome	ot_all__to__intogen2024	target
ACKR3	3	1	intogen2024	native_reactome	ot_all__to__intogen2024	target
CCNT1	3	1	intogen2024	native_reactome	ot_all__to__intogen2024	target
ACVR1B	3	1	intogen2024	native_reactome	ot_all__to__intogen2024	target
POLQ	3	1	intogen2024	native_reactome	ot_all__to__intogen2024	target
LDB1	3	1	intogen2024	native_reactome	ot_all__to__intogen2024	target
CLTCL1	3	1	intogen2024	native_reactome	ot_all__to__intogen2024	target
BIRC3	3	1	intogen2024	native_reactome	ot_all__to__intogen2024	target
AJUBA	3	1	intogen2024	native_reactome	ot_all__to__intogen2024	target
PML	3	1	intogen2024	native_reactome	ot_all__to__intogen2024	target
NBEA	3	1	intogen2024	native_reactome	ot_all__to__intogen2024	target
KMT2A	3	1	intogen2024	native_reactome	ot_all__to__intogen2024	target
SUZ12	3	1	intogen2024	native_reactome	ot_all__to__intogen2024	target
RRAGC	3	1	intogen2024	native_reactome	ot_all__to__intogen2024	target
MYO5A	3	1	intogen2024	native_reactome	ot_all__to__intogen2024	target
CDKN2C	3	1	intogen2024	native_reactome	ot_all__to__intogen2024	target
ATF7IP	3	1	intogen2024	native_reactome	ot_all__to__intogen2024	target
FOXL2	3	1	intogen2024	native_reactome	ot_all__to__intogen2024	target
MCM7	3	1	intogen2024	native_reactome	ot_all__to__intogen2024	target
HGF	3	1	intogen2024	native_reactome	ot_all__to__intogen2024	target
NOTCH2	3	1	intogen2024	native_reactome	ot_all__to__intogen2024	target
CHD7	3	1	intogen2024	native_reactome	ot_all__to__intogen2024	target
PREX2	3	1	intogen2024	native_reactome	ot_all__to__intogen2024	target
DROSHA	3	1	intogen2024	native_reactome	ot_all__to__intogen2024	target
PPM1D	3	1	intogen2024	native_reactome	ot_all__to__intogen2024	target
HDAC4	3	1	intogen2024	native_reactome	ot_all__to__intogen2024	target
MYH11	3	1	intogen2024	native_reactome	ot_all__to__intogen2024	target
CARD11	3	1	intogen2024	native_reactome	ot_all__to__intogen2024	target
CHD4	3	1	intogen2024	native_reactome	ot_all__to__intogen2024	target
IRAK1	3	1	intogen2024	native_reactome	ot_all__to__intogen2024	target
BRD7	3	1	intogen2024	native_reactome	ot_all__to__intogen2024	target
PTPRD	3	1	intogen2024	native_reactome	ot_all__to__intogen2024	target
RGS7	3	1	intogen2024	native_reactome	ot_all__to__intogen2024	target
EGR2	3	1	intogen2024	native_reactome	ot_all__to__intogen2024	target
NUMA1	3	1	intogen2024	native_reactome	ot_all__to__intogen2024	target
NFATC2	3	1	intogen2024	native_reactome	ot_all__to__intogen2024	target
EIF1AX	3	1	intogen2024	native_reactome	ot_all__to__intogen2024	target
SHTN1	3	1	intogen2024	native_reactome	ot_all__to__intogen2024	target
CCND3	3	1	intogen2024	native_reactome	ot_all__to__intogen2024	target
PTPRC	3	1	intogen2024	native_reactome	ot_all__to__intogen2024	target
MAP3K1	3	1	intogen2024	native_reactome	ot_all__to__intogen2024	target
PPP2R1A	3	1	intogen2024	native_reactome	ot_all__to__intogen2024	target
PTPN6	3	1	intogen2024	native_reactome	ot_all__to__intogen2024	target
RIPK1	3	1	intogen2024	native_reactome	ot_all__to__intogen2024	target
SMARCD1	3	1	intogen2024	native_reactome	ot_all__to__intogen2024	target
USP8	3	1	intogen2024	native_reactome	ot_all__to__intogen2024	target
PIM1	3	1	intogen2024	native_reactome	ot_all__to__intogen2024	target
ARAF	3	1	intogen2024	native_reactome	ot_all__to__intogen2024	target
CUL3	3	1	intogen2024	native_reactome	ot_all__to__intogen2024	target
MYH9	3	1	intogen2024	native_reactome	ot_all__to__intogen2024	target
ASXL2	3	1	intogen2024	native_reactome	ot_all__to__intogen2024	target
TGIF1	3	1	intogen2024	native_reactome	ot_all__to__intogen2024	target
BCL9	3	1	intogen2024	native_reactome	ot_all__to__intogen2024	target
ALPK1	3	1	intogen2024	native_reactome	ot_all__to__intogen2024	target
MAD2L2	3	0	intogen2024	native_reactome	ot_all__to__intogen2024	background
CSF2RA	3	0	intogen2024	native_reactome	ot_all__to__intogen2024	background
LRRC14	3	0	intogen2024	native_reactome	ot_all__to__intogen2024	background
TSN	3	0	intogen2024	native_reactome	ot_all__to__intogen2024	background
C3AR1	3	0	intogen2024	native_reactome	ot_all__to__intogen2024	background
SPRY1	3	0	intogen2024	native_reactome	ot_all__to__intogen2024	background
MME	3	0	intogen2024	native_reactome	ot_all__to__intogen2024	background
CD247	3	0	intogen2024	native_reactome	ot_all__to__intogen2024	background
WASL	3	0	intogen2024	native_reactome	ot_all__to__intogen2024	background
DNAJC2	3	0	intogen2024	native_reactome	ot_all__to__intogen2024	background
ZNF827	3	0	intogen2024	native_reactome	ot_all__to__intogen2024	background
ADNP2	3	0	intogen2024	native_reactome	ot_all__to__intogen2024	background
DHTKD1	3	0	intogen2024	native_reactome	ot_all__to__intogen2024	background
MTA2	3	0	intogen2024	native_reactome	ot_all__to__intogen2024	background
BEGAIN	3	0	intogen2024	native_reactome	ot_all__to__intogen2024	background
PRDX1	3	0	intogen2024	native_reactome	ot_all__to__intogen2024	background
CLEC4E	3	0	intogen2024	native_reactome	ot_all__to__intogen2024	background
SYCP3	3	0	intogen2024	native_reactome	ot_all__to__intogen2024	background
CAP2	3	0	intogen2024	native_reactome	ot_all__to__intogen2024	background
ARHGEF11	3	0	intogen2024	native_reactome	ot_all__to__intogen2024	background
MT-CO2	3	0	intogen2024	native_reactome	ot_all__to__intogen2024	background
ATP1B3	3	0	intogen2024	native_reactome	ot_all__to__intogen2024	background
CTSV	3	0	intogen2024	native_reactome	ot_all__to__intogen2024	background
IL20RB	3	0	intogen2024	native_reactome	ot_all__to__intogen2024	background
SPAG9	3	0	intogen2024	native_reactome	ot_all__to__intogen2024	background
SPIDR	3	0	intogen2024	native_reactome	ot_all__to__intogen2024	background
INHBC	3	0	intogen2024	native_reactome	ot_all__to__intogen2024	background
PLA2G7	3	0	intogen2024	native_reactome	ot_all__to__intogen2024	background
CCL5	3	0	intogen2024	native_reactome	ot_all__to__intogen2024	background
TGFB3	3	0	intogen2024	native_reactome	ot_all__to__intogen2024	background
PTPN18	3	0	intogen2024	native_reactome	ot_all__to__intogen2024	background
CIPC	3	0	intogen2024	native_reactome	ot_all__to__intogen2024	background
HIF1AN	3	0	intogen2024	native_reactome	ot_all__to__intogen2024	background
GSK3A	3	0	intogen2024	native_reactome	ot_all__to__intogen2024	background
NUAK1	3	0	intogen2024	native_reactome	ot_all__to__intogen2024	background
BDKRB2	3	0	intogen2024	native_reactome	ot_all__to__intogen2024	background
UFD1	3	0	intogen2024	native_reactome	ot_all__to__intogen2024	background
ADRB2	3	0	intogen2024	native_reactome	ot_all__to__intogen2024	background
BMPR2	3	0	intogen2024	native_reactome	ot_all__to__intogen2024	background
PEX5	3	0	intogen2024	native_reactome	ot_all__to__intogen2024	background
ARF1	3	0	intogen2024	native_reactome	ot_all__to__intogen2024	background
CAPZA3	3	0	intogen2024	native_reactome	ot_all__to__intogen2024	background
NLRP4	3	0	intogen2024	native_reactome	ot_all__to__intogen2024	background
WDR83	3	0	intogen2024	native_reactome	ot_all__to__intogen2024	background
TRBC1	3	0	intogen2024	native_reactome	ot_all__to__intogen2024	background
H3-4	3	0	intogen2024	native_reactome	ot_all__to__intogen2024	background
NCF2	3	0	intogen2024	native_reactome	ot_all__to__intogen2024	background
UBE2L3	3	0	intogen2024	native_reactome	ot_all__to__intogen2024	background
HIRA	3	0	intogen2024	native_reactome	ot_all__to__intogen2024	background
MAEA	3	0	intogen2024	native_reactome	ot_all__to__intogen2024	background
CDC25A	3	0	intogen2024	native_reactome	ot_all__to__intogen2024	background
ITGAE	3	0	intogen2024	native_reactome	ot_all__to__intogen2024	background
PSAP	3	0	intogen2024	native_reactome	ot_all__to__intogen2024	background
RGMB	3	0	intogen2024	native_reactome	ot_all__to__intogen2024	background
HINT2	3	0	intogen2024	native_reactome	ot_all__to__intogen2024	background
GRIK5	3	0	intogen2024	native_reactome	ot_all__to__intogen2024	background
MAGT1	3	0	intogen2024	native_reactome	ot_all__to__intogen2024	background
EED	3	0	intogen2024	native_reactome	ot_all__to__intogen2024	background
IGF1R	3	0	intogen2024	native_reactome	ot_all__to__intogen2024	background
S100A1	3	0	intogen2024	native_reactome	ot_all__to__intogen2024	background
RAPGEF1	3	0	intogen2024	native_reactome	ot_all__to__intogen2024	background
MYH14	3	0	intogen2024	native_reactome	ot_all__to__intogen2024	background
CACNB2	3	0	intogen2024	native_reactome	ot_all__to__intogen2024	background
DPH7	3	0	intogen2024	native_reactome	ot_all__to__intogen2024	background
BGN	3	0	intogen2024	native_reactome	ot_all__to__intogen2024	background
PRKAG2	3	0	intogen2024	native_reactome	ot_all__to__intogen2024	background
DAD1	3	0	intogen2024	native_reactome	ot_all__to__intogen2024	background
SCAI	3	0	intogen2024	native_reactome	ot_all__to__intogen2024	background
CLIP3	3	0	intogen2024	native_reactome	ot_all__to__intogen2024	background
GABRG2	3	0	intogen2024	native_reactome	ot_all__to__intogen2024	background
HMGA2	3	0	intogen2024	native_reactome	ot_all__to__intogen2024	background
KIF3C	3	0	intogen2024	native_reactome	ot_all__to__intogen2024	background
CCNE2	3	0	intogen2024	native_reactome	ot_all__to__intogen2024	background
DEFA3	3	0	intogen2024	native_reactome	ot_all__to__intogen2024	background
ADAM12	3	0	intogen2024	native_reactome	ot_all__to__intogen2024	background
RIGI	3	0	intogen2024	native_reactome	ot_all__to__intogen2024	background
MYH2	3	0	intogen2024	native_reactome	ot_all__to__intogen2024	background
SH3GL2	3	0	intogen2024	native_reactome	ot_all__to__intogen2024	background
NOSTRIN	3	0	intogen2024	native_reactome	ot_all__to__intogen2024	background
PPP1R12B	3	0	intogen2024	native_reactome	ot_all__to__intogen2024	background
NELFA	3	0	intogen2024	native_reactome	ot_all__to__intogen2024	background
DENND5A	3	0	intogen2024	native_reactome	ot_all__to__intogen2024	background
MCF2	3	0	intogen2024	native_reactome	ot_all__to__intogen2024	background
PRMT5	3	0	intogen2024	native_reactome	ot_all__to__intogen2024	background
CNIH3	3	0	intogen2024	native_reactome	ot_all__to__intogen2024	background
PAK5	3	0	intogen2024	native_reactome	ot_all__to__intogen2024	background
CHD5	3	0	intogen2024	native_reactome	ot_all__to__intogen2024	background
AVPR1A	3	0	intogen2024	native_reactome	ot_all__to__intogen2024	background
ARHGEF28	3	0	intogen2024	native_reactome	ot_all__to__intogen2024	background
NODAL	3	0	intogen2024	native_reactome	ot_all__to__intogen2024	background
IL2RG	3	0	intogen2024	native_reactome	ot_all__to__intogen2024	background
FKTN	3	0	intogen2024	native_reactome	ot_all__to__intogen2024	background
ACTA1	3	0	intogen2024	native_reactome	ot_all__to__intogen2024	background
IL33	3	0	intogen2024	native_reactome	ot_all__to__intogen2024	background
CACNA1A	3	0	intogen2024	native_reactome	ot_all__to__intogen2024	background
RTN4R	3	0	intogen2024	native_reactome	ot_all__to__intogen2024	background
ITPR2	3	0	intogen2024	native_reactome	ot_all__to__intogen2024	background
GNAT1	3	0	intogen2024	native_reactome	ot_all__to__intogen2024	background
DUS2	3	0	intogen2024	native_reactome	ot_all__to__intogen2024	background
BTLA	3	0	intogen2024	native_reactome	ot_all__to__intogen2024	background
TCN2	3	0	intogen2024	native_reactome	ot_all__to__intogen2024	background
DOCK3	3	0	intogen2024	native_reactome	ot_all__to__intogen2024	background
HPSE	3	0	intogen2024	native_reactome	ot_all__to__intogen2024	background
TBC1D10A	3	0	intogen2024	native_reactome	ot_all__to__intogen2024	background
CD72	3	0	intogen2024	native_reactome	ot_all__to__intogen2024	background
SYNJ1	3	0	intogen2024	native_reactome	ot_all__to__intogen2024	background
KLRC1	3	0	intogen2024	native_reactome	ot_all__to__intogen2024	background
XRCC6	3	0	intogen2024	native_reactome	ot_all__to__intogen2024	background
LTB	3	0	intogen2024	native_reactome	ot_all__to__intogen2024	background
ASPH	3	0	intogen2024	native_reactome	ot_all__to__intogen2024	background
KCNJ4	3	0	intogen2024	native_reactome	ot_all__to__intogen2024	background
BCAR1	3	0	intogen2024	native_reactome	ot_all__to__intogen2024	background
TGFBR3	3	0	intogen2024	native_reactome	ot_all__to__intogen2024	background
SEC23A	3	0	intogen2024	native_reactome	ot_all__to__intogen2024	background
WEE1	3	0	intogen2024	native_reactome	ot_all__to__intogen2024	background
PSMD10	3	0	intogen2024	native_reactome	ot_all__to__intogen2024	background
PLAUR	3	0	intogen2024	native_reactome	ot_all__to__intogen2024	background
MADCAM1	3	0	intogen2024	native_reactome	ot_all__to__intogen2024	background
CDH8	3	0	intogen2024	native_reactome	ot_all__to__intogen2024	background
USP44	3	0	intogen2024	native_reactome	ot_all__to__intogen2024	background
EYA3	3	0	intogen2024	native_reactome	ot_all__to__intogen2024	background
FOLR1	3	0	intogen2024	native_reactome	ot_all__to__intogen2024	background
NOTCH2NLB	3	0	intogen2024	native_reactome	ot_all__to__intogen2024	background
NRCAM	3	0	intogen2024	native_reactome	ot_all__to__intogen2024	background
MAP3K8	3	0	intogen2024	native_reactome	ot_all__to__intogen2024	background
MTA1	3	0	intogen2024	native_reactome	ot_all__to__intogen2024	background
DYNC1LI2	3	0	intogen2024	native_reactome	ot_all__to__intogen2024	background
TRIM32	3	0	intogen2024	native_reactome	ot_all__to__intogen2024	background
OSMR	3	0	intogen2024	native_reactome	ot_all__to__intogen2024	background
SEC22B	3	0	intogen2024	native_reactome	ot_all__to__intogen2024	background
GADD45A	3	0	intogen2024	native_reactome	ot_all__to__intogen2024	background
SIAH1	3	0	intogen2024	native_reactome	ot_all__to__intogen2024	background
CD1A	3	0	intogen2024	native_reactome	ot_all__to__intogen2024	background
HOXD11	3	0	intogen2024	native_reactome	ot_all__to__intogen2024	background
SEC16A	3	0	intogen2024	native_reactome	ot_all__to__intogen2024	background
NOS3	3	0	intogen2024	native_reactome	ot_all__to__intogen2024	background
NR2F2	3	0	intogen2024	native_reactome	ot_all__to__intogen2024	background
DST	3	0	intogen2024	native_reactome	ot_all__to__intogen2024	background
GAPVD1	3	0	intogen2024	native_reactome	ot_all__to__intogen2024	background
DMBT1	3	0	intogen2024	native_reactome	ot_all__to__intogen2024	background
APEX2	3	0	intogen2024	native_reactome	ot_all__to__intogen2024	background
SMARCC2	3	0	intogen2024	native_reactome	ot_all__to__intogen2024	background
RNF8	3	0	intogen2024	native_reactome	ot_all__to__intogen2024	background
OPTC	3	0	intogen2024	native_reactome	ot_all__to__intogen2024	background
IL2RB	3	0	intogen2024	native_reactome	ot_all__to__intogen2024	background
SGCZ	3	0	intogen2024	native_reactome	ot_all__to__intogen2024	background
CCR2	3	0	intogen2024	native_reactome	ot_all__to__intogen2024	background
LIG1	3	0	intogen2024	native_reactome	ot_all__to__intogen2024	background
MYH10	3	0	intogen2024	native_reactome	ot_all__to__intogen2024	background
GATAD2A	3	0	intogen2024	native_reactome	ot_all__to__intogen2024	background
APBA1	3	0	intogen2024	native_reactome	ot_all__to__intogen2024	background
EPB41	3	0	intogen2024	native_reactome	ot_all__to__intogen2024	background
MAFK	3	0	intogen2024	native_reactome	ot_all__to__intogen2024	background
CAV3	3	0	intogen2024	native_reactome	ot_all__to__intogen2024	background
PKM	3	0	intogen2024	native_reactome	ot_all__to__intogen2024	background
RNF125	3	0	intogen2024	native_reactome	ot_all__to__intogen2024	background
APPL1	3	0	intogen2024	native_reactome	ot_all__to__intogen2024	background
DOK1	3	0	intogen2024	native_reactome	ot_all__to__intogen2024	background
BRF1	3	0	intogen2024	native_reactome	ot_all__to__intogen2024	background
ZNF687	3	0	intogen2024	native_reactome	ot_all__to__intogen2024	background
F2RL2	3	0	intogen2024	native_reactome	ot_all__to__intogen2024	background
TJP2	3	0	intogen2024	native_reactome	ot_all__to__intogen2024	background
STXBP1	3	0	intogen2024	native_reactome	ot_all__to__intogen2024	background
WDR48	3	0	intogen2024	native_reactome	ot_all__to__intogen2024	background
CABLES1	3	0	intogen2024	native_reactome	ot_all__to__intogen2024	background
RAB3GAP1	3	0	intogen2024	native_reactome	ot_all__to__intogen2024	background
GBA1	3	0	intogen2024	native_reactome	ot_all__to__intogen2024	background
SKIC3	3	0	intogen2024	native_reactome	ot_all__to__intogen2024	background
USP37	3	0	intogen2024	native_reactome	ot_all__to__intogen2024	background
ATP1B1	3	0	intogen2024	native_reactome	ot_all__to__intogen2024	background
CLCF1	3	0	intogen2024	native_reactome	ot_all__to__intogen2024	background
RIPPLY2	3	0	intogen2024	native_reactome	ot_all__to__intogen2024	background
UACA	3	0	intogen2024	native_reactome	ot_all__to__intogen2024	background
NRIP1	3	0	intogen2024	native_reactome	ot_all__to__intogen2024	background
GRK3	3	0	intogen2024	native_reactome	ot_all__to__intogen2024	background
ISL1	3	0	intogen2024	native_reactome	ot_all__to__intogen2024	background
FLNB	3	0	intogen2024	native_reactome	ot_all__to__intogen2024	background
CSNK2A2	3	0	intogen2024	native_reactome	ot_all__to__intogen2024	background
WNT8B	3	0	intogen2024	native_reactome	ot_all__to__intogen2024	background
GINS1	3	0	intogen2024	native_reactome	ot_all__to__intogen2024	background
DCTN2	3	0	intogen2024	native_reactome	ot_all__to__intogen2024	background
POU4F1	3	0	intogen2024	native_reactome	ot_all__to__intogen2024	background
NTF3	3	0	intogen2024	native_reactome	ot_all__to__intogen2024	background
PAK6	3	0	intogen2024	native_reactome	ot_all__to__intogen2024	background
TNNC1	3	0	intogen2024	native_reactome	ot_all__to__intogen2024	background
STING1	3	0	intogen2024	native_reactome	ot_all__to__intogen2024	background
SQSTM1	3	0	intogen2024	native_reactome	ot_all__to__intogen2024	background
MAPT	3	0	intogen2024	native_reactome	ot_all__to__intogen2024	background
STK24	3	0	intogen2024	native_reactome	ot_all__to__intogen2024	background
ADAM10	3	0	intogen2024	native_reactome	ot_all__to__intogen2024	background
VCPKMT	3	0	intogen2024	native_reactome	ot_all__to__intogen2024	background
AP1S1	3	0	intogen2024	native_reactome	ot_all__to__intogen2024	background
CKAP4	3	0	intogen2024	native_reactome	ot_all__to__intogen2024	background
NCBP2	3	0	intogen2024	native_reactome	ot_all__to__intogen2024	background
KIF3B	3	0	intogen2024	native_reactome	ot_all__to__intogen2024	background
FBXL3	3	0	intogen2024	native_reactome	ot_all__to__intogen2024	background
CASP7	3	0	intogen2024	native_reactome	ot_all__to__intogen2024	background
CDC45	3	0	intogen2024	native_reactome	ot_all__to__intogen2024	background
TNFRSF25	3	0	intogen2024	native_reactome	ot_all__to__intogen2024	background
DMC1	3	0	intogen2024	native_reactome	ot_all__to__intogen2024	background
FBN2	4	1	intogen2024	native_reactome	ot_all__to__intogen2024	target
NIPBL	4	1	intogen2024	native_reactome	ot_all__to__intogen2024	target
DCC	4	1	intogen2024	native_reactome	ot_all__to__intogen2024	target
WNT1	4	1	intogen2024	native_reactome	ot_all__to__intogen2024	target
INPPL1	4	1	intogen2024	native_reactome	ot_all__to__intogen2024	target
RXRA	4	1	intogen2024	native_reactome	ot_all__to__intogen2024	target
SMAD3	4	1	intogen2024	native_reactome	ot_all__to__intogen2024	target
CTCF	4	1	intogen2024	native_reactome	ot_all__to__intogen2024	target
GSK3B	4	1	intogen2024	native_reactome	ot_all__to__intogen2024	target
SOX17	4	1	intogen2024	native_reactome	ot_all__to__intogen2024	target
NCOA1	4	1	intogen2024	native_reactome	ot_all__to__intogen2024	target
NPRL2	4	1	intogen2024	native_reactome	ot_all__to__intogen2024	target
CCND2	4	1	intogen2024	native_reactome	ot_all__to__intogen2024	target
NCKIPSD	4	1	intogen2024	native_reactome	ot_all__to__intogen2024	target
GPC5	4	1	intogen2024	native_reactome	ot_all__to__intogen2024	target
CTNNA2	4	1	intogen2024	native_reactome	ot_all__to__intogen2024	target
CBFB	4	1	intogen2024	native_reactome	ot_all__to__intogen2024	target
SETD1B	4	1	intogen2024	native_reactome	ot_all__to__intogen2024	target
AFDN	4	1	intogen2024	native_reactome	ot_all__to__intogen2024	target
PABPC1	4	1	intogen2024	native_reactome	ot_all__to__intogen2024	target
RHOA	4	1	intogen2024	native_reactome	ot_all__to__intogen2024	target
ZNF93	4	1	intogen2024	native_reactome	ot_all__to__intogen2024	target
DSP	4	1	intogen2024	native_reactome	ot_all__to__intogen2024	target
NSD2	4	1	intogen2024	native_reactome	ot_all__to__intogen2024	target
ELF3	4	1	intogen2024	native_reactome	ot_all__to__intogen2024	target
MGA	4	1	intogen2024	native_reactome	ot_all__to__intogen2024	target
ATG7	4	1	intogen2024	native_reactome	ot_all__to__intogen2024	target
ARID1B	4	1	intogen2024	native_reactome	ot_all__to__intogen2024	target
PRDM1	4	1	intogen2024	native_reactome	ot_all__to__intogen2024	target
BCL10	4	1	intogen2024	native_reactome	ot_all__to__intogen2024	target
SDCBP	4	1	intogen2024	native_reactome	ot_all__to__intogen2024	target
FLG	4	1	intogen2024	native_reactome	ot_all__to__intogen2024	target
ROBO2	4	1	intogen2024	native_reactome	ot_all__to__intogen2024	target
MTOR	4	1	intogen2024	native_reactome	ot_all__to__intogen2024	target
SGK1	4	1	intogen2024	native_reactome	ot_all__to__intogen2024	target
ITGAV	4	1	intogen2024	native_reactome	ot_all__to__intogen2024	target
FOXO3	4	1	intogen2024	native_reactome	ot_all__to__intogen2024	target
CTNNA1	4	1	intogen2024	native_reactome	ot_all__to__intogen2024	target
ZNRF3	4	1	intogen2024	native_reactome	ot_all__to__intogen2024	target
DHX9	4	1	intogen2024	native_reactome	ot_all__to__intogen2024	target
SMARCA2	4	1	intogen2024	native_reactome	ot_all__to__intogen2024	target
NXF1	4	1	intogen2024	native_reactome	ot_all__to__intogen2024	target
MAP2K7	4	1	intogen2024	native_reactome	ot_all__to__intogen2024	target
EPS15	4	1	intogen2024	native_reactome	ot_all__to__intogen2024	target
CRLF2	4	1	intogen2024	native_reactome	ot_all__to__intogen2024	target
ELN	4	1	intogen2024	native_reactome	ot_all__to__intogen2024	target
GNA11	4	1	intogen2024	native_reactome	ot_all__to__intogen2024	target
DAXX	4	1	intogen2024	native_reactome	ot_all__to__intogen2024	target
PLXNC1	4	1	intogen2024	native_reactome	ot_all__to__intogen2024	target
GRIN2A	4	1	intogen2024	native_reactome	ot_all__to__intogen2024	target
ACVR2A	4	1	intogen2024	native_reactome	ot_all__to__intogen2024	target
MAP2K4	4	1	intogen2024	native_reactome	ot_all__to__intogen2024	target
HLA-DQA1	4	1	intogen2024	native_reactome	ot_all__to__intogen2024	target
FBLN2	4	1	intogen2024	native_reactome	ot_all__to__intogen2024	target
NCOA2	4	1	intogen2024	native_reactome	ot_all__to__intogen2024	target
USP7	4	1	intogen2024	native_reactome	ot_all__to__intogen2024	target
NFKB2	4	1	intogen2024	native_reactome	ot_all__to__intogen2024	target
ARHGEF12	4	1	intogen2024	native_reactome	ot_all__to__intogen2024	target
MAF	4	1	intogen2024	native_reactome	ot_all__to__intogen2024	target
GNA13	4	1	intogen2024	native_reactome	ot_all__to__intogen2024	target
SRGAP3	4	1	intogen2024	native_reactome	ot_all__to__intogen2024	target
ETV4	4	1	intogen2024	native_reactome	ot_all__to__intogen2024	target
ZNF521	4	1	intogen2024	native_reactome	ot_all__to__intogen2024	target
USP9X	4	1	intogen2024	native_reactome	ot_all__to__intogen2024	target
MDM2	4	1	intogen2024	native_reactome	ot_all__to__intogen2024	target
CACNA1D	4	1	intogen2024	native_reactome	ot_all__to__intogen2024	target
ARNT	4	1	intogen2024	native_reactome	ot_all__to__intogen2024	target
GNAI2	4	1	intogen2024	native_reactome	ot_all__to__intogen2024	target
GNAQ	4	1	intogen2024	native_reactome	ot_all__to__intogen2024	target
SMAD2	4	1	intogen2024	native_reactome	ot_all__to__intogen2024	target
DGCR8	4	1	intogen2024	native_reactome	ot_all__to__intogen2024	target
KNL1	4	1	intogen2024	native_reactome	ot_all__to__intogen2024	target
HSP90AB1	4	1	intogen2024	native_reactome	ot_all__to__intogen2024	target
TRIM33	4	1	intogen2024	native_reactome	ot_all__to__intogen2024	target
DTX1	4	1	intogen2024	native_reactome	ot_all__to__intogen2024	target
ANK1	4	1	intogen2024	native_reactome	ot_all__to__intogen2024	target
PWWP2A	4	1	intogen2024	native_reactome	ot_all__to__intogen2024	target
SH2B3	4	1	intogen2024	native_reactome	ot_all__to__intogen2024	target
GLI1	4	1	intogen2024	native_reactome	ot_all__to__intogen2024	target
KMT5A	4	1	intogen2024	native_reactome	ot_all__to__intogen2024	target
BCL6	4	1	intogen2024	native_reactome	ot_all__to__intogen2024	target
RSPO2	4	1	intogen2024	native_reactome	ot_all__to__intogen2024	target
SIN3A	4	1	intogen2024	native_reactome	ot_all__to__intogen2024	target
PTPN3	4	1	intogen2024	native_reactome	ot_all__to__intogen2024	target
IL7R	4	1	intogen2024	native_reactome	ot_all__to__intogen2024	target
HIF1A	4	1	intogen2024	native_reactome	ot_all__to__intogen2024	target
IKZF3	4	1	intogen2024	native_reactome	ot_all__to__intogen2024	target
MALT1	4	1	intogen2024	native_reactome	ot_all__to__intogen2024	target
PDCD1LG2	4	1	intogen2024	native_reactome	ot_all__to__intogen2024	target
ARHGAP35	4	1	intogen2024	native_reactome	ot_all__to__intogen2024	target
PHF6	4	1	intogen2024	native_reactome	ot_all__to__intogen2024	target
ATP1A1	4	1	intogen2024	native_reactome	ot_all__to__intogen2024	target
RASA1	4	1	intogen2024	native_reactome	ot_all__to__intogen2024	target
FOXO1	4	1	intogen2024	native_reactome	ot_all__to__intogen2024	target
TNFAIP3	4	1	intogen2024	native_reactome	ot_all__to__intogen2024	target
SOCS1	4	1	intogen2024	native_reactome	ot_all__to__intogen2024	target
HLA-A	4	1	intogen2024	native_reactome	ot_all__to__intogen2024	target
CRTC1	4	1	intogen2024	native_reactome	ot_all__to__intogen2024	target
IRS4	4	1	intogen2024	native_reactome	ot_all__to__intogen2024	target
TEC	4	1	intogen2024	native_reactome	ot_all__to__intogen2024	target
TRRAP	4	1	intogen2024	native_reactome	ot_all__to__intogen2024	target
LIFR	4	1	intogen2024	native_reactome	ot_all__to__intogen2024	target
COL1A1	4	1	intogen2024	native_reactome	ot_all__to__intogen2024	target
RRN3	4	1	intogen2024	native_reactome	ot_all__to__intogen2024	target
LATS1	4	1	intogen2024	native_reactome	ot_all__to__intogen2024	target
RHPN2	4	1	intogen2024	native_reactome	ot_all__to__intogen2024	target
TBX3	4	1	intogen2024	native_reactome	ot_all__to__intogen2024	target
ERCC3	4	1	intogen2024	native_reactome	ot_all__to__intogen2024	target
ZCCHC8	4	1	intogen2024	native_reactome	ot_all__to__intogen2024	target
DIS3	4	1	intogen2024	native_reactome	ot_all__to__intogen2024	target
TRAF3	4	1	intogen2024	native_reactome	ot_all__to__intogen2024	target
MEF2B	4	1	intogen2024	native_reactome	ot_all__to__intogen2024	target
RAC1	4	1	intogen2024	native_reactome	ot_all__to__intogen2024	target
RELA	4	1	intogen2024	native_reactome	ot_all__to__intogen2024	target
HLA-C	4	1	intogen2024	native_reactome	ot_all__to__intogen2024	target
PSIP1	4	1	intogen2024	native_reactome	ot_all__to__intogen2024	target
MSI2	4	1	intogen2024	native_reactome	ot_all__to__intogen2024	target
NCOR1	4	1	intogen2024	native_reactome	ot_all__to__intogen2024	target
SOX9	4	1	intogen2024	native_reactome	ot_all__to__intogen2024	target
RAP1GDS1	4	1	intogen2024	native_reactome	ot_all__to__intogen2024	target
LEF1	4	1	intogen2024	native_reactome	ot_all__to__intogen2024	target
SIRPA	4	1	intogen2024	native_reactome	ot_all__to__intogen2024	target
RPS6KA3	4	1	intogen2024	native_reactome	ot_all__to__intogen2024	target
CYSLTR2	4	1	intogen2024	native_reactome	ot_all__to__intogen2024	target
HLA-B	4	1	intogen2024	native_reactome	ot_all__to__intogen2024	target
WWTR1	4	1	intogen2024	native_reactome	ot_all__to__intogen2024	target
POU2F2	4	1	intogen2024	native_reactome	ot_all__to__intogen2024	target
KAT6B	4	1	intogen2024	native_reactome	ot_all__to__intogen2024	target
VAV1	4	1	intogen2024	native_reactome	ot_all__to__intogen2024	target
KMT2B	4	1	intogen2024	native_reactome	ot_all__to__intogen2024	target
RAD21	4	1	intogen2024	native_reactome	ot_all__to__intogen2024	target
PPP3CA	4	1	intogen2024	native_reactome	ot_all__to__intogen2024	target
HSPG2	4	1	intogen2024	native_reactome	ot_all__to__intogen2024	target
ZEB1	4	1	intogen2024	native_reactome	ot_all__to__intogen2024	target
STAT6	4	1	intogen2024	native_reactome	ot_all__to__intogen2024	target
ABL2	4	1	intogen2024	native_reactome	ot_all__to__intogen2024	target
DDB2	4	1	intogen2024	native_reactome	ot_all__to__intogen2024	target
CADM2	4	1	intogen2024	native_reactome	ot_all__to__intogen2024	target
NFKBIE	4	1	intogen2024	native_reactome	ot_all__to__intogen2024	target
RANBP2	4	1	intogen2024	native_reactome	ot_all__to__intogen2024	target
ZFP36L1	4	1	intogen2024	native_reactome	ot_all__to__intogen2024	target
SETDB1	4	1	intogen2024	native_reactome	ot_all__to__intogen2024	target
EIF4A2	4	1	intogen2024	native_reactome	ot_all__to__intogen2024	target
IL6ST	4	1	intogen2024	native_reactome	ot_all__to__intogen2024	target
ESRRA	4	1	intogen2024	native_reactome	ot_all__to__intogen2024	target
KAT7	4	1	intogen2024	native_reactome	ot_all__to__intogen2024	target
IKBKB	4	1	intogen2024	native_reactome	ot_all__to__intogen2024	target
PICALM	4	1	intogen2024	native_reactome	ot_all__to__intogen2024	target
CD209	4	1	intogen2024	native_reactome	ot_all__to__intogen2024	target
TNC	4	1	intogen2024	native_reactome	ot_all__to__intogen2024	target
NCOR2	4	1	intogen2024	native_reactome	ot_all__to__intogen2024	target
KAT6A	4	1	intogen2024	native_reactome	ot_all__to__intogen2024	target
MIB2	4	1	intogen2024	native_reactome	ot_all__to__intogen2024	target
FCGR2B	4	1	intogen2024	native_reactome	ot_all__to__intogen2024	target
NFKBIA	4	1	intogen2024	native_reactome	ot_all__to__intogen2024	target
ACKR3	4	1	intogen2024	native_reactome	ot_all__to__intogen2024	target
CCNT1	4	1	intogen2024	native_reactome	ot_all__to__intogen2024	target
ACVR1B	4	1	intogen2024	native_reactome	ot_all__to__intogen2024	target
POLQ	4	1	intogen2024	native_reactome	ot_all__to__intogen2024	target
LDB1	4	1	intogen2024	native_reactome	ot_all__to__intogen2024	target
CLTCL1	4	1	intogen2024	native_reactome	ot_all__to__intogen2024	target
BIRC3	4	1	intogen2024	native_reactome	ot_all__to__intogen2024	target
AJUBA	4	1	intogen2024	native_reactome	ot_all__to__intogen2024	target
PML	4	1	intogen2024	native_reactome	ot_all__to__intogen2024	target
NBEA	4	1	intogen2024	native_reactome	ot_all__to__intogen2024	target
KMT2A	4	1	intogen2024	native_reactome	ot_all__to__intogen2024	target
SUZ12	4	1	intogen2024	native_reactome	ot_all__to__intogen2024	target
RRAGC	4	1	intogen2024	native_reactome	ot_all__to__intogen2024	target
MYO5A	4	1	intogen2024	native_reactome	ot_all__to__intogen2024	target
CDKN2C	4	1	intogen2024	native_reactome	ot_all__to__intogen2024	target
ATF7IP	4	1	intogen2024	native_reactome	ot_all__to__intogen2024	target
FOXL2	4	1	intogen2024	native_reactome	ot_all__to__intogen2024	target
MCM7	4	1	intogen2024	native_reactome	ot_all__to__intogen2024	target
HGF	4	1	intogen2024	native_reactome	ot_all__to__intogen2024	target
NOTCH2	4	1	intogen2024	native_reactome	ot_all__to__intogen2024	target
CHD7	4	1	intogen2024	native_reactome	ot_all__to__intogen2024	target
PREX2	4	1	intogen2024	native_reactome	ot_all__to__intogen2024	target
DROSHA	4	1	intogen2024	native_reactome	ot_all__to__intogen2024	target
PPM1D	4	1	intogen2024	native_reactome	ot_all__to__intogen2024	target
HDAC4	4	1	intogen2024	native_reactome	ot_all__to__intogen2024	target
MYH11	4	1	intogen2024	native_reactome	ot_all__to__intogen2024	target
CARD11	4	1	intogen2024	native_reactome	ot_all__to__intogen2024	target
CHD4	4	1	intogen2024	native_reactome	ot_all__to__intogen2024	target
IRAK1	4	1	intogen2024	native_reactome	ot_all__to__intogen2024	target
BRD7	4	1	intogen2024	native_reactome	ot_all__to__intogen2024	target
PTPRD	4	1	intogen2024	native_reactome	ot_all__to__intogen2024	target
RGS7	4	1	intogen2024	native_reactome	ot_all__to__intogen2024	target
EGR2	4	1	intogen2024	native_reactome	ot_all__to__intogen2024	target
NUMA1	4	1	intogen2024	native_reactome	ot_all__to__intogen2024	target
NFATC2	4	1	intogen2024	native_reactome	ot_all__to__intogen2024	target
EIF1AX	4	1	intogen2024	native_reactome	ot_all__to__intogen2024	target
SHTN1	4	1	intogen2024	native_reactome	ot_all__to__intogen2024	target
CCND3	4	1	intogen2024	native_reactome	ot_all__to__intogen2024	target
PTPRC	4	1	intogen2024	native_reactome	ot_all__to__intogen2024	target
MAP3K1	4	1	intogen2024	native_reactome	ot_all__to__intogen2024	target
PPP2R1A	4	1	intogen2024	native_reactome	ot_all__to__intogen2024	target
PTPN6	4	1	intogen2024	native_reactome	ot_all__to__intogen2024	target
RIPK1	4	1	intogen2024	native_reactome	ot_all__to__intogen2024	target
SMARCD1	4	1	intogen2024	native_reactome	ot_all__to__intogen2024	target
USP8	4	1	intogen2024	native_reactome	ot_all__to__intogen2024	target
PIM1	4	1	intogen2024	native_reactome	ot_all__to__intogen2024	target
ARAF	4	1	intogen2024	native_reactome	ot_all__to__intogen2024	target
CUL3	4	1	intogen2024	native_reactome	ot_all__to__intogen2024	target
MYH9	4	1	intogen2024	native_reactome	ot_all__to__intogen2024	target
ASXL2	4	1	intogen2024	native_reactome	ot_all__to__intogen2024	target
TGIF1	4	1	intogen2024	native_reactome	ot_all__to__intogen2024	target
BCL9	4	1	intogen2024	native_reactome	ot_all__to__intogen2024	target
ALPK1	4	1	intogen2024	native_reactome	ot_all__to__intogen2024	target
SBF2	4	0	intogen2024	native_reactome	ot_all__to__intogen2024	background
MAP2K3	4	0	intogen2024	native_reactome	ot_all__to__intogen2024	background
KCNJ16	4	0	intogen2024	native_reactome	ot_all__to__intogen2024	background
CRTC2	4	0	intogen2024	native_reactome	ot_all__to__intogen2024	background
NCR1	4	0	intogen2024	native_reactome	ot_all__to__intogen2024	background
PKN2	4	0	intogen2024	native_reactome	ot_all__to__intogen2024	background
PLAU	4	0	intogen2024	native_reactome	ot_all__to__intogen2024	background
DEPDC5	4	0	intogen2024	native_reactome	ot_all__to__intogen2024	background
GLRA1	4	0	intogen2024	native_reactome	ot_all__to__intogen2024	background
ABCA7	4	0	intogen2024	native_reactome	ot_all__to__intogen2024	background
IFIT1	4	0	intogen2024	native_reactome	ot_all__to__intogen2024	background
TWIST2	4	0	intogen2024	native_reactome	ot_all__to__intogen2024	background
GREB1	4	0	intogen2024	native_reactome	ot_all__to__intogen2024	background
VIM	4	0	intogen2024	native_reactome	ot_all__to__intogen2024	background
ATG12	4	0	intogen2024	native_reactome	ot_all__to__intogen2024	background
STXBP2	4	0	intogen2024	native_reactome	ot_all__to__intogen2024	background
CCNC	4	0	intogen2024	native_reactome	ot_all__to__intogen2024	background
IL9	4	0	intogen2024	native_reactome	ot_all__to__intogen2024	background
OGDH	4	0	intogen2024	native_reactome	ot_all__to__intogen2024	background
NUDC	4	0	intogen2024	native_reactome	ot_all__to__intogen2024	background
SH2B1	4	0	intogen2024	native_reactome	ot_all__to__intogen2024	background
STX4	4	0	intogen2024	native_reactome	ot_all__to__intogen2024	background
MFAP5	4	0	intogen2024	native_reactome	ot_all__to__intogen2024	background
LPL	4	0	intogen2024	native_reactome	ot_all__to__intogen2024	background
DOK2	4	0	intogen2024	native_reactome	ot_all__to__intogen2024	background
TNFRSF10B	4	0	intogen2024	native_reactome	ot_all__to__intogen2024	background
TRAF6	4	0	intogen2024	native_reactome	ot_all__to__intogen2024	background
POFUT1	4	0	intogen2024	native_reactome	ot_all__to__intogen2024	background
VAMP8	4	0	intogen2024	native_reactome	ot_all__to__intogen2024	background
IGHG3	4	0	intogen2024	native_reactome	ot_all__to__intogen2024	background
PRKAR2A	4	0	intogen2024	native_reactome	ot_all__to__intogen2024	background
HRG	4	0	intogen2024	native_reactome	ot_all__to__intogen2024	background
SMPD1	4	0	intogen2024	native_reactome	ot_all__to__intogen2024	background
CACNB4	4	0	intogen2024	native_reactome	ot_all__to__intogen2024	background
KRT25	4	0	intogen2024	native_reactome	ot_all__to__intogen2024	background
TRPC3	4	0	intogen2024	native_reactome	ot_all__to__intogen2024	background
AATF	4	0	intogen2024	native_reactome	ot_all__to__intogen2024	background
FCGR3A	4	0	intogen2024	native_reactome	ot_all__to__intogen2024	background
CAST	4	0	intogen2024	native_reactome	ot_all__to__intogen2024	background
ALB	4	0	intogen2024	native_reactome	ot_all__to__intogen2024	background
AVEN	4	0	intogen2024	native_reactome	ot_all__to__intogen2024	background
CDH19	4	0	intogen2024	native_reactome	ot_all__to__intogen2024	background
MYSM1	4	0	intogen2024	native_reactome	ot_all__to__intogen2024	background
DYSF	4	0	intogen2024	native_reactome	ot_all__to__intogen2024	background
GTF2E1	4	0	intogen2024	native_reactome	ot_all__to__intogen2024	background
PDHX	4	0	intogen2024	native_reactome	ot_all__to__intogen2024	background
PNKP	4	0	intogen2024	native_reactome	ot_all__to__intogen2024	background
CFC1	4	0	intogen2024	native_reactome	ot_all__to__intogen2024	background
APEX1	4	0	intogen2024	native_reactome	ot_all__to__intogen2024	background
TAF1	4	0	intogen2024	native_reactome	ot_all__to__intogen2024	background
MYRIP	4	0	intogen2024	native_reactome	ot_all__to__intogen2024	background
CACNA2D1	4	0	intogen2024	native_reactome	ot_all__to__intogen2024	background
ATG101	4	0	intogen2024	native_reactome	ot_all__to__intogen2024	background
LIMS1	4	0	intogen2024	native_reactome	ot_all__to__intogen2024	background
BBC3	4	0	intogen2024	native_reactome	ot_all__to__intogen2024	background
FZD5	4	0	intogen2024	native_reactome	ot_all__to__intogen2024	background
LTBP4	4	0	intogen2024	native_reactome	ot_all__to__intogen2024	background
CDON	4	0	intogen2024	native_reactome	ot_all__to__intogen2024	background
SCUBE2	4	0	intogen2024	native_reactome	ot_all__to__intogen2024	background
NGFR	4	0	intogen2024	native_reactome	ot_all__to__intogen2024	background
SOD2	4	0	intogen2024	native_reactome	ot_all__to__intogen2024	background
MKNK1	4	0	intogen2024	native_reactome	ot_all__to__intogen2024	background
LOX	4	0	intogen2024	native_reactome	ot_all__to__intogen2024	background
TBXT	4	0	intogen2024	native_reactome	ot_all__to__intogen2024	background
SHANK3	4	0	intogen2024	native_reactome	ot_all__to__intogen2024	background
FUNDC1	4	0	intogen2024	native_reactome	ot_all__to__intogen2024	background
VPS28	4	0	intogen2024	native_reactome	ot_all__to__intogen2024	background
RIF1	4	0	intogen2024	native_reactome	ot_all__to__intogen2024	background
H2AX	4	0	intogen2024	native_reactome	ot_all__to__intogen2024	background
PTPRF	4	0	intogen2024	native_reactome	ot_all__to__intogen2024	background
RAB31	4	0	intogen2024	native_reactome	ot_all__to__intogen2024	background
GPX7	4	0	intogen2024	native_reactome	ot_all__to__intogen2024	background
MS4A2	4	0	intogen2024	native_reactome	ot_all__to__intogen2024	background
PRKCQ	4	0	intogen2024	native_reactome	ot_all__to__intogen2024	background
SREBF2	4	0	intogen2024	native_reactome	ot_all__to__intogen2024	background
CNTNAP1	4	0	intogen2024	native_reactome	ot_all__to__intogen2024	background
IL36A	4	0	intogen2024	native_reactome	ot_all__to__intogen2024	background
PAK3	4	0	intogen2024	native_reactome	ot_all__to__intogen2024	background
RBBP5	4	0	intogen2024	native_reactome	ot_all__to__intogen2024	background
F13B	4	0	intogen2024	native_reactome	ot_all__to__intogen2024	background
MCM5	4	0	intogen2024	native_reactome	ot_all__to__intogen2024	background
CCL4	4	0	intogen2024	native_reactome	ot_all__to__intogen2024	background
CTSL	4	0	intogen2024	native_reactome	ot_all__to__intogen2024	background
GNA15	4	0	intogen2024	native_reactome	ot_all__to__intogen2024	background
CASP9	4	0	intogen2024	native_reactome	ot_all__to__intogen2024	background
PAPPA2	4	0	intogen2024	native_reactome	ot_all__to__intogen2024	background
GRK1	4	0	intogen2024	native_reactome	ot_all__to__intogen2024	background
PLA2G4A	4	0	intogen2024	native_reactome	ot_all__to__intogen2024	background
PYGL	4	0	intogen2024	native_reactome	ot_all__to__intogen2024	background
KIR2DL1	4	0	intogen2024	native_reactome	ot_all__to__intogen2024	background
HCFC1	4	0	intogen2024	native_reactome	ot_all__to__intogen2024	background
MBOAT4	4	0	intogen2024	native_reactome	ot_all__to__intogen2024	background
HNRNPA1	4	0	intogen2024	native_reactome	ot_all__to__intogen2024	background
TYRO3	4	0	intogen2024	native_reactome	ot_all__to__intogen2024	background
WNT3	4	0	intogen2024	native_reactome	ot_all__to__intogen2024	background
C4BPB	4	0	intogen2024	native_reactome	ot_all__to__intogen2024	background
GRIA4	4	0	intogen2024	native_reactome	ot_all__to__intogen2024	background
TWNK	4	0	intogen2024	native_reactome	ot_all__to__intogen2024	background
CD81	4	0	intogen2024	native_reactome	ot_all__to__intogen2024	background
IL36R	4	0	intogen2024	native_reactome	ot_all__to__intogen2024	background
ZDHHC21	4	0	intogen2024	native_reactome	ot_all__to__intogen2024	background
MBD3L2	4	0	intogen2024	native_reactome	ot_all__to__intogen2024	background
GANAB	4	0	intogen2024	native_reactome	ot_all__to__intogen2024	background
SATB2	4	0	intogen2024	native_reactome	ot_all__to__intogen2024	background
SERPIND1	4	0	intogen2024	native_reactome	ot_all__to__intogen2024	background
UNC5A	4	0	intogen2024	native_reactome	ot_all__to__intogen2024	background
ZNF592	4	0	intogen2024	native_reactome	ot_all__to__intogen2024	background
USP11	4	0	intogen2024	native_reactome	ot_all__to__intogen2024	background
GCN1	4	0	intogen2024	native_reactome	ot_all__to__intogen2024	background
CD24	4	0	intogen2024	native_reactome	ot_all__to__intogen2024	background
LYVE1	4	0	intogen2024	native_reactome	ot_all__to__intogen2024	background
KIF3A	4	0	intogen2024	native_reactome	ot_all__to__intogen2024	background
ACE	4	0	intogen2024	native_reactome	ot_all__to__intogen2024	background
ICOSLG	4	0	intogen2024	native_reactome	ot_all__to__intogen2024	background
RHOB	4	0	intogen2024	native_reactome	ot_all__to__intogen2024	background
HPN	4	0	intogen2024	native_reactome	ot_all__to__intogen2024	background
PIK3R3	4	0	intogen2024	native_reactome	ot_all__to__intogen2024	background
CLOCK	4	0	intogen2024	native_reactome	ot_all__to__intogen2024	background
GPR37L1	4	0	intogen2024	native_reactome	ot_all__to__intogen2024	background
NUF2	4	0	intogen2024	native_reactome	ot_all__to__intogen2024	background
NEK2	4	0	intogen2024	native_reactome	ot_all__to__intogen2024	background
UBQLN2	4	0	intogen2024	native_reactome	ot_all__to__intogen2024	background
KHSRP	4	0	intogen2024	native_reactome	ot_all__to__intogen2024	background
LGR4	4	0	intogen2024	native_reactome	ot_all__to__intogen2024	background
H1-0	4	0	intogen2024	native_reactome	ot_all__to__intogen2024	background
FDX1	4	0	intogen2024	native_reactome	ot_all__to__intogen2024	background
FILIP1	4	0	intogen2024	native_reactome	ot_all__to__intogen2024	background
IL20	4	0	intogen2024	native_reactome	ot_all__to__intogen2024	background
MEMO1	4	0	intogen2024	native_reactome	ot_all__to__intogen2024	background
TENT4B	4	0	intogen2024	native_reactome	ot_all__to__intogen2024	background
FCER1A	4	0	intogen2024	native_reactome	ot_all__to__intogen2024	background
KLK7	4	0	intogen2024	native_reactome	ot_all__to__intogen2024	background
PARG	4	0	intogen2024	native_reactome	ot_all__to__intogen2024	background
F2	4	0	intogen2024	native_reactome	ot_all__to__intogen2024	background
ATG16L1	4	0	intogen2024	native_reactome	ot_all__to__intogen2024	background
PPIA	4	0	intogen2024	native_reactome	ot_all__to__intogen2024	background
IKBIP	4	0	intogen2024	native_reactome	ot_all__to__intogen2024	background
EIF2AK1	4	0	intogen2024	native_reactome	ot_all__to__intogen2024	background
RASGRP3	4	0	intogen2024	native_reactome	ot_all__to__intogen2024	background
TAX1BP3	4	0	intogen2024	native_reactome	ot_all__to__intogen2024	background
HIVEP3	4	0	intogen2024	native_reactome	ot_all__to__intogen2024	background
TFPI	4	0	intogen2024	native_reactome	ot_all__to__intogen2024	background
PTS	4	0	intogen2024	native_reactome	ot_all__to__intogen2024	background
TGIF2	4	0	intogen2024	native_reactome	ot_all__to__intogen2024	background
SGTA	4	0	intogen2024	native_reactome	ot_all__to__intogen2024	background
DMPK	4	0	intogen2024	native_reactome	ot_all__to__intogen2024	background
FBLN1	4	0	intogen2024	native_reactome	ot_all__to__intogen2024	background
IL5RA	4	0	intogen2024	native_reactome	ot_all__to__intogen2024	background
HLA-DOA	4	0	intogen2024	native_reactome	ot_all__to__intogen2024	background
MAPK9	4	0	intogen2024	native_reactome	ot_all__to__intogen2024	background
SRPK1	4	0	intogen2024	native_reactome	ot_all__to__intogen2024	background
GBE1	4	0	intogen2024	native_reactome	ot_all__to__intogen2024	background
NMT2	4	0	intogen2024	native_reactome	ot_all__to__intogen2024	background
PCSK7	4	0	intogen2024	native_reactome	ot_all__to__intogen2024	background
ITGA2	4	0	intogen2024	native_reactome	ot_all__to__intogen2024	background
EIF2AK3	4	0	intogen2024	native_reactome	ot_all__to__intogen2024	background
AMN	4	0	intogen2024	native_reactome	ot_all__to__intogen2024	background
EPOP	4	0	intogen2024	native_reactome	ot_all__to__intogen2024	background
YAF2	4	0	intogen2024	native_reactome	ot_all__to__intogen2024	background
PLXNA1	4	0	intogen2024	native_reactome	ot_all__to__intogen2024	background
NRP1	4	0	intogen2024	native_reactome	ot_all__to__intogen2024	background
CRTC3	4	0	intogen2024	native_reactome	ot_all__to__intogen2024	background
NBAS	4	0	intogen2024	native_reactome	ot_all__to__intogen2024	background
UQCC1	4	0	intogen2024	native_reactome	ot_all__to__intogen2024	background
SERPINF2	4	0	intogen2024	native_reactome	ot_all__to__intogen2024	background
SEPTIN4	4	0	intogen2024	native_reactome	ot_all__to__intogen2024	background
DFFA	4	0	intogen2024	native_reactome	ot_all__to__intogen2024	background
CDK7	4	0	intogen2024	native_reactome	ot_all__to__intogen2024	background
VEGFC	4	0	intogen2024	native_reactome	ot_all__to__intogen2024	background
SAV1	4	0	intogen2024	native_reactome	ot_all__to__intogen2024	background
MAP1LC3B	4	0	intogen2024	native_reactome	ot_all__to__intogen2024	background
PPP6R3	4	0	intogen2024	native_reactome	ot_all__to__intogen2024	background
TASL	4	0	intogen2024	native_reactome	ot_all__to__intogen2024	background
KRT27	4	0	intogen2024	native_reactome	ot_all__to__intogen2024	background
KLKB1	4	0	intogen2024	native_reactome	ot_all__to__intogen2024	background
SERPINC1	4	0	intogen2024	native_reactome	ot_all__to__intogen2024	background
CD28	4	0	intogen2024	native_reactome	ot_all__to__intogen2024	background
STX6	4	0	intogen2024	native_reactome	ot_all__to__intogen2024	background
AGFG1	4	0	intogen2024	native_reactome	ot_all__to__intogen2024	background
ADAM22	4	0	intogen2024	native_reactome	ot_all__to__intogen2024	background
GIPR	4	0	intogen2024	native_reactome	ot_all__to__intogen2024	background
MMP14	4	0	intogen2024	native_reactome	ot_all__to__intogen2024	background
EEF2	4	0	intogen2024	native_reactome	ot_all__to__intogen2024	background
ITCH	4	0	intogen2024	native_reactome	ot_all__to__intogen2024	background
PNN	4	0	intogen2024	native_reactome	ot_all__to__intogen2024	background
HIF3A	4	0	intogen2024	native_reactome	ot_all__to__intogen2024	background
CPA3	4	0	intogen2024	native_reactome	ot_all__to__intogen2024	background
NID1	4	0	intogen2024	native_reactome	ot_all__to__intogen2024	background
SREBF1	4	0	intogen2024	native_reactome	ot_all__to__intogen2024	background
UBD	4	0	intogen2024	native_reactome	ot_all__to__intogen2024	background
MYO9B	4	0	intogen2024	native_reactome	ot_all__to__intogen2024	background
ABHD17C	4	0	intogen2024	native_reactome	ot_all__to__intogen2024	background
DERL2	4	0	intogen2024	native_reactome	ot_all__to__intogen2024	background
LGR5	4	0	intogen2024	native_reactome	ot_all__to__intogen2024	background
SIRT5	4	0	intogen2024	native_reactome	ot_all__to__intogen2024	background
CACNG6	4	0	intogen2024	native_reactome	ot_all__to__intogen2024	background
JUND	4	0	intogen2024	native_reactome	ot_all__to__intogen2024	background
CBX1	4	0	intogen2024	native_reactome	ot_all__to__intogen2024	background
UBL4A	4	0	intogen2024	native_reactome	ot_all__to__intogen2024	background
TSPAN33	4	0	intogen2024	native_reactome	ot_all__to__intogen2024	background
