gene	fold	y	label_id	universe_id	transfer_id	role
FMN2	0	1	intogen_temporal_new	native_string_full700	ot_all__to__intogen_temporal_new	target
AKAP9	0	1	intogen_temporal_new	native_string_full700	ot_all__to__intogen_temporal_new	target
TFRC	0	1	intogen_temporal_new	native_string_full700	ot_all__to__intogen_temporal_new	target
BTG2	0	1	intogen_temporal_new	native_string_full700	ot_all__to__intogen_temporal_new	target
GPAA1	0	1	intogen_temporal_new	native_string_full700	ot_all__to__intogen_temporal_new	target
TCF12	0	1	intogen_temporal_new	native_string_full700	ot_all__to__intogen_temporal_new	target
ACSM3	0	1	intogen_temporal_new	native_string_full700	ot_all__to__intogen_temporal_new	target
INPPL1	0	1	intogen_temporal_new	native_string_full700	ot_all__to__intogen_temporal_new	target
WNT1	0	1	intogen_temporal_new	native_string_full700	ot_all__to__intogen_temporal_new	target
AFF4	0	1	intogen_temporal_new	native_string_full700	ot_all__to__intogen_temporal_new	target
GSK3B	0	1	intogen_temporal_new	native_string_full700	ot_all__to__intogen_temporal_new	target
ATP2B3	0	1	intogen_temporal_new	native_string_full700	ot_all__to__intogen_temporal_new	target
NCKIPSD	0	1	intogen_temporal_new	native_string_full700	ot_all__to__intogen_temporal_new	target
TCL1A	0	1	intogen_temporal_new	native_string_full700	ot_all__to__intogen_temporal_new	target
CTNNA2	0	1	intogen_temporal_new	native_string_full700	ot_all__to__intogen_temporal_new	target
GPC5	0	1	intogen_temporal_new	native_string_full700	ot_all__to__intogen_temporal_new	target
FUS	0	1	intogen_temporal_new	native_string_full700	ot_all__to__intogen_temporal_new	target
TMSB4X	0	1	intogen_temporal_new	native_string_full700	ot_all__to__intogen_temporal_new	target
AFDN	0	1	intogen_temporal_new	native_string_full700	ot_all__to__intogen_temporal_new	target
PER3	0	1	intogen_temporal_new	native_string_full700	ot_all__to__intogen_temporal_new	target
DSP	0	1	intogen_temporal_new	native_string_full700	ot_all__to__intogen_temporal_new	target
SAMHD1	0	1	intogen_temporal_new	native_string_full700	ot_all__to__intogen_temporal_new	target
ANKRD11	0	1	intogen_temporal_new	native_string_full700	ot_all__to__intogen_temporal_new	target
PI4KA	0	1	intogen_temporal_new	native_string_full700	ot_all__to__intogen_temporal_new	target
SDCBP	0	1	intogen_temporal_new	native_string_full700	ot_all__to__intogen_temporal_new	target
FLG	0	1	intogen_temporal_new	native_string_full700	ot_all__to__intogen_temporal_new	target
ROBO2	0	1	intogen_temporal_new	native_string_full700	ot_all__to__intogen_temporal_new	target
ZBTB48	0	1	intogen_temporal_new	native_string_full700	ot_all__to__intogen_temporal_new	target
TSHR	0	1	intogen_temporal_new	native_string_full700	ot_all__to__intogen_temporal_new	target
ITGAV	0	1	intogen_temporal_new	native_string_full700	ot_all__to__intogen_temporal_new	target
CTNNA1	0	1	intogen_temporal_new	native_string_full700	ot_all__to__intogen_temporal_new	target
NVL	0	1	intogen_temporal_new	native_string_full700	ot_all__to__intogen_temporal_new	target
SMARCA2	0	1	intogen_temporal_new	native_string_full700	ot_all__to__intogen_temporal_new	target
KNSTRN	0	1	intogen_temporal_new	native_string_full700	ot_all__to__intogen_temporal_new	target
BMP6	0	1	intogen_temporal_new	native_string_full700	ot_all__to__intogen_temporal_new	target
PSPC1	0	1	intogen_temporal_new	native_string_full700	ot_all__to__intogen_temporal_new	target
CRLF2	0	1	intogen_temporal_new	native_string_full700	ot_all__to__intogen_temporal_new	target
LSM14A	0	1	intogen_temporal_new	native_string_full700	ot_all__to__intogen_temporal_new	target
CANT1	0	1	intogen_temporal_new	native_string_full700	ot_all__to__intogen_temporal_new	target
PLXNC1	0	1	intogen_temporal_new	native_string_full700	ot_all__to__intogen_temporal_new	target
HLA-DQA1	0	1	intogen_temporal_new	native_string_full700	ot_all__to__intogen_temporal_new	target
FBLN2	0	1	intogen_temporal_new	native_string_full700	ot_all__to__intogen_temporal_new	target
ACSL6	0	1	intogen_temporal_new	native_string_full700	ot_all__to__intogen_temporal_new	target
LPA	0	1	intogen_temporal_new	native_string_full700	ot_all__to__intogen_temporal_new	target
USP7	0	1	intogen_temporal_new	native_string_full700	ot_all__to__intogen_temporal_new	target
UBXN11	0	1	intogen_temporal_new	native_string_full700	ot_all__to__intogen_temporal_new	target
ARNT	0	1	intogen_temporal_new	native_string_full700	ot_all__to__intogen_temporal_new	target
ZNF274	0	1	intogen_temporal_new	native_string_full700	ot_all__to__intogen_temporal_new	target
PRDM16	0	1	intogen_temporal_new	native_string_full700	ot_all__to__intogen_temporal_new	target
ZNF395	0	1	intogen_temporal_new	native_string_full700	ot_all__to__intogen_temporal_new	target
KNL1	0	1	intogen_temporal_new	native_string_full700	ot_all__to__intogen_temporal_new	target
ALDH2	0	1	intogen_temporal_new	native_string_full700	ot_all__to__intogen_temporal_new	target
TAL2	0	1	intogen_temporal_new	native_string_full700	ot_all__to__intogen_temporal_new	target
CCAR1	0	1	intogen_temporal_new	native_string_full700	ot_all__to__intogen_temporal_new	target
TRAF7	0	1	intogen_temporal_new	native_string_full700	ot_all__to__intogen_temporal_new	target
RSPO2	0	1	intogen_temporal_new	native_string_full700	ot_all__to__intogen_temporal_new	target
ANK1	0	1	intogen_temporal_new	native_string_full700	ot_all__to__intogen_temporal_new	target
KMT5A	0	1	intogen_temporal_new	native_string_full700	ot_all__to__intogen_temporal_new	target
PWWP2A	0	1	intogen_temporal_new	native_string_full700	ot_all__to__intogen_temporal_new	target
PTPN3	0	1	intogen_temporal_new	native_string_full700	ot_all__to__intogen_temporal_new	target
CEP89	0	1	intogen_temporal_new	native_string_full700	ot_all__to__intogen_temporal_new	target
HIF1A	0	1	intogen_temporal_new	native_string_full700	ot_all__to__intogen_temporal_new	target
ATP1A1	0	1	intogen_temporal_new	native_string_full700	ot_all__to__intogen_temporal_new	target
TPR	0	1	intogen_temporal_new	native_string_full700	ot_all__to__intogen_temporal_new	target
FCRL4	0	1	intogen_temporal_new	native_string_full700	ot_all__to__intogen_temporal_new	target
COL2A1	0	1	intogen_temporal_new	native_string_full700	ot_all__to__intogen_temporal_new	target
NSD3	0	1	intogen_temporal_new	native_string_full700	ot_all__to__intogen_temporal_new	target
RRN3	0	1	intogen_temporal_new	native_string_full700	ot_all__to__intogen_temporal_new	target
ETV1	0	1	intogen_temporal_new	native_string_full700	ot_all__to__intogen_temporal_new	target
ADAMTS9	0	1	intogen_temporal_new	native_string_full700	ot_all__to__intogen_temporal_new	target
MDGA2	0	1	intogen_temporal_new	native_string_full700	ot_all__to__intogen_temporal_new	target
ZCCHC8	0	1	intogen_temporal_new	native_string_full700	ot_all__to__intogen_temporal_new	target
THRAP3	0	1	intogen_temporal_new	native_string_full700	ot_all__to__intogen_temporal_new	target
HLA-C	0	1	intogen_temporal_new	native_string_full700	ot_all__to__intogen_temporal_new	target
MLLT6	0	1	intogen_temporal_new	native_string_full700	ot_all__to__intogen_temporal_new	target
NACA	0	1	intogen_temporal_new	native_string_full700	ot_all__to__intogen_temporal_new	target
PCM1	0	1	intogen_temporal_new	native_string_full700	ot_all__to__intogen_temporal_new	target
RPL5	0	1	intogen_temporal_new	native_string_full700	ot_all__to__intogen_temporal_new	target
LEF1	0	1	intogen_temporal_new	native_string_full700	ot_all__to__intogen_temporal_new	target
NCAPH	0	1	intogen_temporal_new	native_string_full700	ot_all__to__intogen_temporal_new	target
TAL1	0	1	intogen_temporal_new	native_string_full700	ot_all__to__intogen_temporal_new	target
MYEOV	0	1	intogen_temporal_new	native_string_full700	ot_all__to__intogen_temporal_new	target
WWTR1	0	1	intogen_temporal_new	native_string_full700	ot_all__to__intogen_temporal_new	target
CTNND2	0	1	intogen_temporal_new	native_string_full700	ot_all__to__intogen_temporal_new	target
CADM2	0	1	intogen_temporal_new	native_string_full700	ot_all__to__intogen_temporal_new	target
NUTM1	0	1	intogen_temporal_new	native_string_full700	ot_all__to__intogen_temporal_new	target
CSPG4	0	1	intogen_temporal_new	native_string_full700	ot_all__to__intogen_temporal_new	target
EIF4A2	0	1	intogen_temporal_new	native_string_full700	ot_all__to__intogen_temporal_new	target
COL6A3	0	1	intogen_temporal_new	native_string_full700	ot_all__to__intogen_temporal_new	target
KAT7	0	1	intogen_temporal_new	native_string_full700	ot_all__to__intogen_temporal_new	target
PDZD2	0	1	intogen_temporal_new	native_string_full700	ot_all__to__intogen_temporal_new	target
ZMYM3	0	1	intogen_temporal_new	native_string_full700	ot_all__to__intogen_temporal_new	target
PICALM	0	1	intogen_temporal_new	native_string_full700	ot_all__to__intogen_temporal_new	target
CD209	0	1	intogen_temporal_new	native_string_full700	ot_all__to__intogen_temporal_new	target
MED23	0	1	intogen_temporal_new	native_string_full700	ot_all__to__intogen_temporal_new	target
MIB2	0	1	intogen_temporal_new	native_string_full700	ot_all__to__intogen_temporal_new	target
FCGR2B	0	1	intogen_temporal_new	native_string_full700	ot_all__to__intogen_temporal_new	target
CBLB	0	1	intogen_temporal_new	native_string_full700	ot_all__to__intogen_temporal_new	target
CCNT1	0	1	intogen_temporal_new	native_string_full700	ot_all__to__intogen_temporal_new	target
ACVR1B	0	1	intogen_temporal_new	native_string_full700	ot_all__to__intogen_temporal_new	target
MACC1	0	1	intogen_temporal_new	native_string_full700	ot_all__to__intogen_temporal_new	target
HCAR3	0	1	intogen_temporal_new	native_string_full700	ot_all__to__intogen_temporal_new	target
MUC6	0	1	intogen_temporal_new	native_string_full700	ot_all__to__intogen_temporal_new	target
MCM7	0	1	intogen_temporal_new	native_string_full700	ot_all__to__intogen_temporal_new	target
TAF1L	0	1	intogen_temporal_new	native_string_full700	ot_all__to__intogen_temporal_new	target
FGD1	0	1	intogen_temporal_new	native_string_full700	ot_all__to__intogen_temporal_new	target
SLC34A2	0	1	intogen_temporal_new	native_string_full700	ot_all__to__intogen_temporal_new	target
CHD7	0	1	intogen_temporal_new	native_string_full700	ot_all__to__intogen_temporal_new	target
NUP98	0	1	intogen_temporal_new	native_string_full700	ot_all__to__intogen_temporal_new	target
HDAC4	0	1	intogen_temporal_new	native_string_full700	ot_all__to__intogen_temporal_new	target
ABCC4	0	1	intogen_temporal_new	native_string_full700	ot_all__to__intogen_temporal_new	target
PRUNE2	0	1	intogen_temporal_new	native_string_full700	ot_all__to__intogen_temporal_new	target
BAZ1A	0	1	intogen_temporal_new	native_string_full700	ot_all__to__intogen_temporal_new	target
SHTN1	0	1	intogen_temporal_new	native_string_full700	ot_all__to__intogen_temporal_new	target
GRM3	0	1	intogen_temporal_new	native_string_full700	ot_all__to__intogen_temporal_new	target
CSMD3	0	1	intogen_temporal_new	native_string_full700	ot_all__to__intogen_temporal_new	target
ELK4	0	1	intogen_temporal_new	native_string_full700	ot_all__to__intogen_temporal_new	target
ZNF750	0	1	intogen_temporal_new	native_string_full700	ot_all__to__intogen_temporal_new	target
COL6A6	0	1	intogen_temporal_new	native_string_full700	ot_all__to__intogen_temporal_new	target
N4BP2	0	1	intogen_temporal_new	native_string_full700	ot_all__to__intogen_temporal_new	target
ALPK1	0	1	intogen_temporal_new	native_string_full700	ot_all__to__intogen_temporal_new	target
HMGN5	0	0	intogen_temporal_new	native_string_full700	ot_all__to__intogen_temporal_new	background
RNPS1	0	0	intogen_temporal_new	native_string_full700	ot_all__to__intogen_temporal_new	background
INSIG1	0	0	intogen_temporal_new	native_string_full700	ot_all__to__intogen_temporal_new	background
PNPLA1	0	0	intogen_temporal_new	native_string_full700	ot_all__to__intogen_temporal_new	background
KRT38	0	0	intogen_temporal_new	native_string_full700	ot_all__to__intogen_temporal_new	background
LYST	0	0	intogen_temporal_new	native_string_full700	ot_all__to__intogen_temporal_new	background
NBPF1	0	0	intogen_temporal_new	native_string_full700	ot_all__to__intogen_temporal_new	background
PRXL2A	0	0	intogen_temporal_new	native_string_full700	ot_all__to__intogen_temporal_new	background
ATRN	0	0	intogen_temporal_new	native_string_full700	ot_all__to__intogen_temporal_new	background
CYP7A1	0	0	intogen_temporal_new	native_string_full700	ot_all__to__intogen_temporal_new	background
TRMT61B	0	0	intogen_temporal_new	native_string_full700	ot_all__to__intogen_temporal_new	background
SPAG17	0	0	intogen_temporal_new	native_string_full700	ot_all__to__intogen_temporal_new	background
WWP2	0	0	intogen_temporal_new	native_string_full700	ot_all__to__intogen_temporal_new	background
ANO2	0	0	intogen_temporal_new	native_string_full700	ot_all__to__intogen_temporal_new	background
SLK	0	0	intogen_temporal_new	native_string_full700	ot_all__to__intogen_temporal_new	background
ZNF711	0	0	intogen_temporal_new	native_string_full700	ot_all__to__intogen_temporal_new	background
ADAM22	0	0	intogen_temporal_new	native_string_full700	ot_all__to__intogen_temporal_new	background
TMUB2	0	0	intogen_temporal_new	native_string_full700	ot_all__to__intogen_temporal_new	background
CHRDL2	0	0	intogen_temporal_new	native_string_full700	ot_all__to__intogen_temporal_new	background
BMP2	0	0	intogen_temporal_new	native_string_full700	ot_all__to__intogen_temporal_new	background
PZP	0	0	intogen_temporal_new	native_string_full700	ot_all__to__intogen_temporal_new	background
EPHB6	0	0	intogen_temporal_new	native_string_full700	ot_all__to__intogen_temporal_new	background
UTY	0	0	intogen_temporal_new	native_string_full700	ot_all__to__intogen_temporal_new	background
LGR5	0	0	intogen_temporal_new	native_string_full700	ot_all__to__intogen_temporal_new	background
RORA	0	0	intogen_temporal_new	native_string_full700	ot_all__to__intogen_temporal_new	background
PMEPA1	0	0	intogen_temporal_new	native_string_full700	ot_all__to__intogen_temporal_new	background
NKX2-4	0	0	intogen_temporal_new	native_string_full700	ot_all__to__intogen_temporal_new	background
TFE3	0	0	intogen_temporal_new	native_string_full700	ot_all__to__intogen_temporal_new	background
FRMD4A	0	0	intogen_temporal_new	native_string_full700	ot_all__to__intogen_temporal_new	background
GALT	0	0	intogen_temporal_new	native_string_full700	ot_all__to__intogen_temporal_new	background
STING1	0	0	intogen_temporal_new	native_string_full700	ot_all__to__intogen_temporal_new	background
HINFP	0	0	intogen_temporal_new	native_string_full700	ot_all__to__intogen_temporal_new	background
SPINK4	0	0	intogen_temporal_new	native_string_full700	ot_all__to__intogen_temporal_new	background
FSCB	0	0	intogen_temporal_new	native_string_full700	ot_all__to__intogen_temporal_new	background
CHUK	0	0	intogen_temporal_new	native_string_full700	ot_all__to__intogen_temporal_new	background
TBKBP1	0	0	intogen_temporal_new	native_string_full700	ot_all__to__intogen_temporal_new	background
ZNF445	0	0	intogen_temporal_new	native_string_full700	ot_all__to__intogen_temporal_new	background
RBM38	0	0	intogen_temporal_new	native_string_full700	ot_all__to__intogen_temporal_new	background
ZNF69	0	0	intogen_temporal_new	native_string_full700	ot_all__to__intogen_temporal_new	background
LRP1	0	0	intogen_temporal_new	native_string_full700	ot_all__to__intogen_temporal_new	background
ZBTB12	0	0	intogen_temporal_new	native_string_full700	ot_all__to__intogen_temporal_new	background
PRG2	0	0	intogen_temporal_new	native_string_full700	ot_all__to__intogen_temporal_new	background
SPAG6	0	0	intogen_temporal_new	native_string_full700	ot_all__to__intogen_temporal_new	background
ADAMTS10	0	0	intogen_temporal_new	native_string_full700	ot_all__to__intogen_temporal_new	background
RAET1G	0	0	intogen_temporal_new	native_string_full700	ot_all__to__intogen_temporal_new	background
UBASH3B	0	0	intogen_temporal_new	native_string_full700	ot_all__to__intogen_temporal_new	background
COQ7	0	0	intogen_temporal_new	native_string_full700	ot_all__to__intogen_temporal_new	background
RAB9B	0	0	intogen_temporal_new	native_string_full700	ot_all__to__intogen_temporal_new	background
RMDN2	0	0	intogen_temporal_new	native_string_full700	ot_all__to__intogen_temporal_new	background
SSMEM1	0	0	intogen_temporal_new	native_string_full700	ot_all__to__intogen_temporal_new	background
DEFB127	0	0	intogen_temporal_new	native_string_full700	ot_all__to__intogen_temporal_new	background
PPIAL4G	0	0	intogen_temporal_new	native_string_full700	ot_all__to__intogen_temporal_new	background
REPIN1	0	0	intogen_temporal_new	native_string_full700	ot_all__to__intogen_temporal_new	background
OIP5	0	0	intogen_temporal_new	native_string_full700	ot_all__to__intogen_temporal_new	background
RASSF7	0	0	intogen_temporal_new	native_string_full700	ot_all__to__intogen_temporal_new	background
GTF2A1L	0	0	intogen_temporal_new	native_string_full700	ot_all__to__intogen_temporal_new	background
SCYGR5	0	0	intogen_temporal_new	native_string_full700	ot_all__to__intogen_temporal_new	background
RABL2B	0	0	intogen_temporal_new	native_string_full700	ot_all__to__intogen_temporal_new	background
H0Y980_HUMAN	0	0	intogen_temporal_new	native_string_full700	ot_all__to__intogen_temporal_new	background
SYMPK	0	0	intogen_temporal_new	native_string_full700	ot_all__to__intogen_temporal_new	background
DCAF4L1	0	0	intogen_temporal_new	native_string_full700	ot_all__to__intogen_temporal_new	background
PPP4R1	0	0	intogen_temporal_new	native_string_full700	ot_all__to__intogen_temporal_new	background
ZNF408	0	0	intogen_temporal_new	native_string_full700	ot_all__to__intogen_temporal_new	background
MPP4	0	0	intogen_temporal_new	native_string_full700	ot_all__to__intogen_temporal_new	background
ESRRB	0	0	intogen_temporal_new	native_string_full700	ot_all__to__intogen_temporal_new	background
MYL6B	0	0	intogen_temporal_new	native_string_full700	ot_all__to__intogen_temporal_new	background
IL1RAPL1	0	0	intogen_temporal_new	native_string_full700	ot_all__to__intogen_temporal_new	background
COL11A1	0	0	intogen_temporal_new	native_string_full700	ot_all__to__intogen_temporal_new	background
CMIP	0	0	intogen_temporal_new	native_string_full700	ot_all__to__intogen_temporal_new	background
HAPLN1	0	0	intogen_temporal_new	native_string_full700	ot_all__to__intogen_temporal_new	background
NRF1	0	0	intogen_temporal_new	native_string_full700	ot_all__to__intogen_temporal_new	background
SRI	0	0	intogen_temporal_new	native_string_full700	ot_all__to__intogen_temporal_new	background
CBX6	0	0	intogen_temporal_new	native_string_full700	ot_all__to__intogen_temporal_new	background
ZNF205	0	0	intogen_temporal_new	native_string_full700	ot_all__to__intogen_temporal_new	background
UBA52	0	0	intogen_temporal_new	native_string_full700	ot_all__to__intogen_temporal_new	background
C1QTNF5	0	0	intogen_temporal_new	native_string_full700	ot_all__to__intogen_temporal_new	background
IFITM1	0	0	intogen_temporal_new	native_string_full700	ot_all__to__intogen_temporal_new	background
TMEM222	0	0	intogen_temporal_new	native_string_full700	ot_all__to__intogen_temporal_new	background
CELF3	0	0	intogen_temporal_new	native_string_full700	ot_all__to__intogen_temporal_new	background
ADAL	0	0	intogen_temporal_new	native_string_full700	ot_all__to__intogen_temporal_new	background
SEPTIN4	0	0	intogen_temporal_new	native_string_full700	ot_all__to__intogen_temporal_new	background
OR4F29	0	0	intogen_temporal_new	native_string_full700	ot_all__to__intogen_temporal_new	background
FGFBP1	0	0	intogen_temporal_new	native_string_full700	ot_all__to__intogen_temporal_new	background
PGBD1	0	0	intogen_temporal_new	native_string_full700	ot_all__to__intogen_temporal_new	background
PDYN	0	0	intogen_temporal_new	native_string_full700	ot_all__to__intogen_temporal_new	background
OSBPL7	0	0	intogen_temporal_new	native_string_full700	ot_all__to__intogen_temporal_new	background
PILRA	0	0	intogen_temporal_new	native_string_full700	ot_all__to__intogen_temporal_new	background
AREG	0	0	intogen_temporal_new	native_string_full700	ot_all__to__intogen_temporal_new	background
PHF8	0	0	intogen_temporal_new	native_string_full700	ot_all__to__intogen_temporal_new	background
MED12L	0	0	intogen_temporal_new	native_string_full700	ot_all__to__intogen_temporal_new	background
SH2D5	0	0	intogen_temporal_new	native_string_full700	ot_all__to__intogen_temporal_new	background
RAB4B	0	0	intogen_temporal_new	native_string_full700	ot_all__to__intogen_temporal_new	background
BEND5	0	0	intogen_temporal_new	native_string_full700	ot_all__to__intogen_temporal_new	background
CCDC74B	0	0	intogen_temporal_new	native_string_full700	ot_all__to__intogen_temporal_new	background
TGFBR3	0	0	intogen_temporal_new	native_string_full700	ot_all__to__intogen_temporal_new	background
NDUFA11	0	0	intogen_temporal_new	native_string_full700	ot_all__to__intogen_temporal_new	background
ARHGEF18-2	0	0	intogen_temporal_new	native_string_full700	ot_all__to__intogen_temporal_new	background
FKRP	0	0	intogen_temporal_new	native_string_full700	ot_all__to__intogen_temporal_new	background
RBFOX2	0	0	intogen_temporal_new	native_string_full700	ot_all__to__intogen_temporal_new	background
ADA2	0	0	intogen_temporal_new	native_string_full700	ot_all__to__intogen_temporal_new	background
GABRB3	0	0	intogen_temporal_new	native_string_full700	ot_all__to__intogen_temporal_new	background
TAF2	0	0	intogen_temporal_new	native_string_full700	ot_all__to__intogen_temporal_new	background
CHRD	0	0	intogen_temporal_new	native_string_full700	ot_all__to__intogen_temporal_new	background
GRIN1	0	0	intogen_temporal_new	native_string_full700	ot_all__to__intogen_temporal_new	background
SELENON	0	0	intogen_temporal_new	native_string_full700	ot_all__to__intogen_temporal_new	background
WDR12	0	0	intogen_temporal_new	native_string_full700	ot_all__to__intogen_temporal_new	background
SPATA16	0	0	intogen_temporal_new	native_string_full700	ot_all__to__intogen_temporal_new	background
CRMP1	0	0	intogen_temporal_new	native_string_full700	ot_all__to__intogen_temporal_new	background
CLIP3	0	0	intogen_temporal_new	native_string_full700	ot_all__to__intogen_temporal_new	background
SMARCD1	0	0	intogen_temporal_new	native_string_full700	ot_all__to__intogen_temporal_new	background
DDX24	0	0	intogen_temporal_new	native_string_full700	ot_all__to__intogen_temporal_new	background
PIEZO1	0	0	intogen_temporal_new	native_string_full700	ot_all__to__intogen_temporal_new	background
PRPS1L1	0	0	intogen_temporal_new	native_string_full700	ot_all__to__intogen_temporal_new	background
PROZ	0	0	intogen_temporal_new	native_string_full700	ot_all__to__intogen_temporal_new	background
KLHDC1	0	0	intogen_temporal_new	native_string_full700	ot_all__to__intogen_temporal_new	background
AADAT	0	0	intogen_temporal_new	native_string_full700	ot_all__to__intogen_temporal_new	background
MRPS34	0	0	intogen_temporal_new	native_string_full700	ot_all__to__intogen_temporal_new	background
PIK3R3	0	0	intogen_temporal_new	native_string_full700	ot_all__to__intogen_temporal_new	background
FTMT	0	0	intogen_temporal_new	native_string_full700	ot_all__to__intogen_temporal_new	background
MICAL2	0	0	intogen_temporal_new	native_string_full700	ot_all__to__intogen_temporal_new	background
ATP5F1C	0	0	intogen_temporal_new	native_string_full700	ot_all__to__intogen_temporal_new	background
SOX6	0	0	intogen_temporal_new	native_string_full700	ot_all__to__intogen_temporal_new	background
GPR37L1	0	0	intogen_temporal_new	native_string_full700	ot_all__to__intogen_temporal_new	background
MAPRE3	0	0	intogen_temporal_new	native_string_full700	ot_all__to__intogen_temporal_new	background
WASL	0	0	intogen_temporal_new	native_string_full700	ot_all__to__intogen_temporal_new	background
FLNB	0	0	intogen_temporal_new	native_string_full700	ot_all__to__intogen_temporal_new	background
TBC1D22A	0	0	intogen_temporal_new	native_string_full700	ot_all__to__intogen_temporal_new	background
NECTIN2	0	0	intogen_temporal_new	native_string_full700	ot_all__to__intogen_temporal_new	background
WDPCP	0	0	intogen_temporal_new	native_string_full700	ot_all__to__intogen_temporal_new	background
KLHL42	0	0	intogen_temporal_new	native_string_full700	ot_all__to__intogen_temporal_new	background
FOSL2	0	0	intogen_temporal_new	native_string_full700	ot_all__to__intogen_temporal_new	background
TMEM170A	0	0	intogen_temporal_new	native_string_full700	ot_all__to__intogen_temporal_new	background
ERCC6	0	0	intogen_temporal_new	native_string_full700	ot_all__to__intogen_temporal_new	background
FCN2	0	0	intogen_temporal_new	native_string_full700	ot_all__to__intogen_temporal_new	background
HNMT	0	0	intogen_temporal_new	native_string_full700	ot_all__to__intogen_temporal_new	background
MTCP1	0	0	intogen_temporal_new	native_string_full700	ot_all__to__intogen_temporal_new	background
LITAF	0	0	intogen_temporal_new	native_string_full700	ot_all__to__intogen_temporal_new	background
GALNTL6	0	0	intogen_temporal_new	native_string_full700	ot_all__to__intogen_temporal_new	background
CC2D1B	0	0	intogen_temporal_new	native_string_full700	ot_all__to__intogen_temporal_new	background
EXOC4	0	0	intogen_temporal_new	native_string_full700	ot_all__to__intogen_temporal_new	background
B9D1	0	0	intogen_temporal_new	native_string_full700	ot_all__to__intogen_temporal_new	background
RHOA	0	0	intogen_temporal_new	native_string_full700	ot_all__to__intogen_temporal_new	background
NAALAD2	0	0	intogen_temporal_new	native_string_full700	ot_all__to__intogen_temporal_new	background
H2BC5	0	0	intogen_temporal_new	native_string_full700	ot_all__to__intogen_temporal_new	background
PDE8A	0	0	intogen_temporal_new	native_string_full700	ot_all__to__intogen_temporal_new	background
TTL	0	0	intogen_temporal_new	native_string_full700	ot_all__to__intogen_temporal_new	background
TAF11L6	0	0	intogen_temporal_new	native_string_full700	ot_all__to__intogen_temporal_new	background
LPAR4	0	0	intogen_temporal_new	native_string_full700	ot_all__to__intogen_temporal_new	background
INS	0	0	intogen_temporal_new	native_string_full700	ot_all__to__intogen_temporal_new	background
S100A4	0	0	intogen_temporal_new	native_string_full700	ot_all__to__intogen_temporal_new	background
MEA1	0	0	intogen_temporal_new	native_string_full700	ot_all__to__intogen_temporal_new	background
PSMG1	0	0	intogen_temporal_new	native_string_full700	ot_all__to__intogen_temporal_new	background
ACOT2	0	0	intogen_temporal_new	native_string_full700	ot_all__to__intogen_temporal_new	background
RNGTT	0	0	intogen_temporal_new	native_string_full700	ot_all__to__intogen_temporal_new	background
GALK1	0	0	intogen_temporal_new	native_string_full700	ot_all__to__intogen_temporal_new	background
THUMPD3	0	0	intogen_temporal_new	native_string_full700	ot_all__to__intogen_temporal_new	background
CIAO2B	0	0	intogen_temporal_new	native_string_full700	ot_all__to__intogen_temporal_new	background
CBFA2T3	0	0	intogen_temporal_new	native_string_full700	ot_all__to__intogen_temporal_new	background
UTP23	0	0	intogen_temporal_new	native_string_full700	ot_all__to__intogen_temporal_new	background
FABP7	0	0	intogen_temporal_new	native_string_full700	ot_all__to__intogen_temporal_new	background
PPM1H	0	0	intogen_temporal_new	native_string_full700	ot_all__to__intogen_temporal_new	background
SEPTIN9	0	0	intogen_temporal_new	native_string_full700	ot_all__to__intogen_temporal_new	background
MARVELD2	0	0	intogen_temporal_new	native_string_full700	ot_all__to__intogen_temporal_new	background
FANCF	0	0	intogen_temporal_new	native_string_full700	ot_all__to__intogen_temporal_new	background
GUCA1A-2	0	0	intogen_temporal_new	native_string_full700	ot_all__to__intogen_temporal_new	background
RPL22	0	0	intogen_temporal_new	native_string_full700	ot_all__to__intogen_temporal_new	background
TLCD3A	0	0	intogen_temporal_new	native_string_full700	ot_all__to__intogen_temporal_new	background
CDK16	0	0	intogen_temporal_new	native_string_full700	ot_all__to__intogen_temporal_new	background
BPY2	0	0	intogen_temporal_new	native_string_full700	ot_all__to__intogen_temporal_new	background
NECAP1	0	0	intogen_temporal_new	native_string_full700	ot_all__to__intogen_temporal_new	background
SYVN1	0	0	intogen_temporal_new	native_string_full700	ot_all__to__intogen_temporal_new	background
FEM1A	0	0	intogen_temporal_new	native_string_full700	ot_all__to__intogen_temporal_new	background
NHSL2	0	0	intogen_temporal_new	native_string_full700	ot_all__to__intogen_temporal_new	background
CELF6	0	0	intogen_temporal_new	native_string_full700	ot_all__to__intogen_temporal_new	background
SRSF8	0	0	intogen_temporal_new	native_string_full700	ot_all__to__intogen_temporal_new	background
DENND4A	0	0	intogen_temporal_new	native_string_full700	ot_all__to__intogen_temporal_new	background
PTPN18	0	0	intogen_temporal_new	native_string_full700	ot_all__to__intogen_temporal_new	background
CNTNAP4	0	0	intogen_temporal_new	native_string_full700	ot_all__to__intogen_temporal_new	background
TMEM97	0	0	intogen_temporal_new	native_string_full700	ot_all__to__intogen_temporal_new	background
PIP5K1B	0	0	intogen_temporal_new	native_string_full700	ot_all__to__intogen_temporal_new	background
AZU1	0	0	intogen_temporal_new	native_string_full700	ot_all__to__intogen_temporal_new	background
ASPH	0	0	intogen_temporal_new	native_string_full700	ot_all__to__intogen_temporal_new	background
GNAT3	0	0	intogen_temporal_new	native_string_full700	ot_all__to__intogen_temporal_new	background
TBC1D14	0	0	intogen_temporal_new	native_string_full700	ot_all__to__intogen_temporal_new	background
SLC11A1	0	0	intogen_temporal_new	native_string_full700	ot_all__to__intogen_temporal_new	background
CCNG2	0	0	intogen_temporal_new	native_string_full700	ot_all__to__intogen_temporal_new	background
B4GAT1	0	0	intogen_temporal_new	native_string_full700	ot_all__to__intogen_temporal_new	background
MRGPRG	0	0	intogen_temporal_new	native_string_full700	ot_all__to__intogen_temporal_new	background
LIG4	0	0	intogen_temporal_new	native_string_full700	ot_all__to__intogen_temporal_new	background
MCRIP2	0	0	intogen_temporal_new	native_string_full700	ot_all__to__intogen_temporal_new	background
GBE1	0	0	intogen_temporal_new	native_string_full700	ot_all__to__intogen_temporal_new	background
SLBP	0	0	intogen_temporal_new	native_string_full700	ot_all__to__intogen_temporal_new	background
CLEC2D	0	0	intogen_temporal_new	native_string_full700	ot_all__to__intogen_temporal_new	background
AP4B1	0	0	intogen_temporal_new	native_string_full700	ot_all__to__intogen_temporal_new	background
PPWD1	0	0	intogen_temporal_new	native_string_full700	ot_all__to__intogen_temporal_new	background
BLNK	0	0	intogen_temporal_new	native_string_full700	ot_all__to__intogen_temporal_new	background
ABITRAM	0	0	intogen_temporal_new	native_string_full700	ot_all__to__intogen_temporal_new	background
VPS18	0	0	intogen_temporal_new	native_string_full700	ot_all__to__intogen_temporal_new	background
DOK6	0	0	intogen_temporal_new	native_string_full700	ot_all__to__intogen_temporal_new	background
EBAG9	0	0	intogen_temporal_new	native_string_full700	ot_all__to__intogen_temporal_new	background
FMN2	1	1	intogen_temporal_new	native_string_full700	ot_all__to__intogen_temporal_new	target
AKAP9	1	1	intogen_temporal_new	native_string_full700	ot_all__to__intogen_temporal_new	target
TFRC	1	1	intogen_temporal_new	native_string_full700	ot_all__to__intogen_temporal_new	target
BTG2	1	1	intogen_temporal_new	native_string_full700	ot_all__to__intogen_temporal_new	target
GPAA1	1	1	intogen_temporal_new	native_string_full700	ot_all__to__intogen_temporal_new	target
TCF12	1	1	intogen_temporal_new	native_string_full700	ot_all__to__intogen_temporal_new	target
ACSM3	1	1	intogen_temporal_new	native_string_full700	ot_all__to__intogen_temporal_new	target
INPPL1	1	1	intogen_temporal_new	native_string_full700	ot_all__to__intogen_temporal_new	target
WNT1	1	1	intogen_temporal_new	native_string_full700	ot_all__to__intogen_temporal_new	target
AFF4	1	1	intogen_temporal_new	native_string_full700	ot_all__to__intogen_temporal_new	target
GSK3B	1	1	intogen_temporal_new	native_string_full700	ot_all__to__intogen_temporal_new	target
ATP2B3	1	1	intogen_temporal_new	native_string_full700	ot_all__to__intogen_temporal_new	target
NCKIPSD	1	1	intogen_temporal_new	native_string_full700	ot_all__to__intogen_temporal_new	target
TCL1A	1	1	intogen_temporal_new	native_string_full700	ot_all__to__intogen_temporal_new	target
CTNNA2	1	1	intogen_temporal_new	native_string_full700	ot_all__to__intogen_temporal_new	target
GPC5	1	1	intogen_temporal_new	native_string_full700	ot_all__to__intogen_temporal_new	target
FUS	1	1	intogen_temporal_new	native_string_full700	ot_all__to__intogen_temporal_new	target
TMSB4X	1	1	intogen_temporal_new	native_string_full700	ot_all__to__intogen_temporal_new	target
AFDN	1	1	intogen_temporal_new	native_string_full700	ot_all__to__intogen_temporal_new	target
PER3	1	1	intogen_temporal_new	native_string_full700	ot_all__to__intogen_temporal_new	target
DSP	1	1	intogen_temporal_new	native_string_full700	ot_all__to__intogen_temporal_new	target
SAMHD1	1	1	intogen_temporal_new	native_string_full700	ot_all__to__intogen_temporal_new	target
ANKRD11	1	1	intogen_temporal_new	native_string_full700	ot_all__to__intogen_temporal_new	target
PI4KA	1	1	intogen_temporal_new	native_string_full700	ot_all__to__intogen_temporal_new	target
SDCBP	1	1	intogen_temporal_new	native_string_full700	ot_all__to__intogen_temporal_new	target
FLG	1	1	intogen_temporal_new	native_string_full700	ot_all__to__intogen_temporal_new	target
ROBO2	1	1	intogen_temporal_new	native_string_full700	ot_all__to__intogen_temporal_new	target
ZBTB48	1	1	intogen_temporal_new	native_string_full700	ot_all__to__intogen_temporal_new	target
TSHR	1	1	intogen_temporal_new	native_string_full700	ot_all__to__intogen_temporal_new	target
ITGAV	1	1	intogen_temporal_new	native_string_full700	ot_all__to__intogen_temporal_new	target
CTNNA1	1	1	intogen_temporal_new	native_string_full700	ot_all__to__intogen_temporal_new	target
NVL	1	1	intogen_temporal_new	native_string_full700	ot_all__to__intogen_temporal_new	target
SMARCA2	1	1	intogen_temporal_new	native_string_full700	ot_all__to__intogen_temporal_new	target
KNSTRN	1	1	intogen_temporal_new	native_string_full700	ot_all__to__intogen_temporal_new	target
BMP6	1	1	intogen_temporal_new	native_string_full700	ot_all__to__intogen_temporal_new	target
PSPC1	1	1	intogen_temporal_new	native_string_full700	ot_all__to__intogen_temporal_new	target
CRLF2	1	1	intogen_temporal_new	native_string_full700	ot_all__to__intogen_temporal_new	target
LSM14A	1	1	intogen_temporal_new	native_string_full700	ot_all__to__intogen_temporal_new	target
CANT1	1	1	intogen_temporal_new	native_string_full700	ot_all__to__intogen_temporal_new	target
PLXNC1	1	1	intogen_temporal_new	native_string_full700	ot_all__to__intogen_temporal_new	target
HLA-DQA1	1	1	intogen_temporal_new	native_string_full700	ot_all__to__intogen_temporal_new	target
FBLN2	1	1	intogen_temporal_new	native_string_full700	ot_all__to__intogen_temporal_new	target
ACSL6	1	1	intogen_temporal_new	native_string_full700	ot_all__to__intogen_temporal_new	target
LPA	1	1	intogen_temporal_new	native_string_full700	ot_all__to__intogen_temporal_new	target
USP7	1	1	intogen_temporal_new	native_string_full700	ot_all__to__intogen_temporal_new	target
UBXN11	1	1	intogen_temporal_new	native_string_full700	ot_all__to__intogen_temporal_new	target
ARNT	1	1	intogen_temporal_new	native_string_full700	ot_all__to__intogen_temporal_new	target
ZNF274	1	1	intogen_temporal_new	native_string_full700	ot_all__to__intogen_temporal_new	target
PRDM16	1	1	intogen_temporal_new	native_string_full700	ot_all__to__intogen_temporal_new	target
ZNF395	1	1	intogen_temporal_new	native_string_full700	ot_all__to__intogen_temporal_new	target
KNL1	1	1	intogen_temporal_new	native_string_full700	ot_all__to__intogen_temporal_new	target
ALDH2	1	1	intogen_temporal_new	native_string_full700	ot_all__to__intogen_temporal_new	target
TAL2	1	1	intogen_temporal_new	native_string_full700	ot_all__to__intogen_temporal_new	target
CCAR1	1	1	intogen_temporal_new	native_string_full700	ot_all__to__intogen_temporal_new	target
TRAF7	1	1	intogen_temporal_new	native_string_full700	ot_all__to__intogen_temporal_new	target
RSPO2	1	1	intogen_temporal_new	native_string_full700	ot_all__to__intogen_temporal_new	target
ANK1	1	1	intogen_temporal_new	native_string_full700	ot_all__to__intogen_temporal_new	target
KMT5A	1	1	intogen_temporal_new	native_string_full700	ot_all__to__intogen_temporal_new	target
PWWP2A	1	1	intogen_temporal_new	native_string_full700	ot_all__to__intogen_temporal_new	target
PTPN3	1	1	intogen_temporal_new	native_string_full700	ot_all__to__intogen_temporal_new	target
CEP89	1	1	intogen_temporal_new	native_string_full700	ot_all__to__intogen_temporal_new	target
HIF1A	1	1	intogen_temporal_new	native_string_full700	ot_all__to__intogen_temporal_new	target
ATP1A1	1	1	intogen_temporal_new	native_string_full700	ot_all__to__intogen_temporal_new	target
TPR	1	1	intogen_temporal_new	native_string_full700	ot_all__to__intogen_temporal_new	target
FCRL4	1	1	intogen_temporal_new	native_string_full700	ot_all__to__intogen_temporal_new	target
COL2A1	1	1	intogen_temporal_new	native_string_full700	ot_all__to__intogen_temporal_new	target
NSD3	1	1	intogen_temporal_new	native_string_full700	ot_all__to__intogen_temporal_new	target
RRN3	1	1	intogen_temporal_new	native_string_full700	ot_all__to__intogen_temporal_new	target
ETV1	1	1	intogen_temporal_new	native_string_full700	ot_all__to__intogen_temporal_new	target
ADAMTS9	1	1	intogen_temporal_new	native_string_full700	ot_all__to__intogen_temporal_new	target
MDGA2	1	1	intogen_temporal_new	native_string_full700	ot_all__to__intogen_temporal_new	target
ZCCHC8	1	1	intogen_temporal_new	native_string_full700	ot_all__to__intogen_temporal_new	target
THRAP3	1	1	intogen_temporal_new	native_string_full700	ot_all__to__intogen_temporal_new	target
HLA-C	1	1	intogen_temporal_new	native_string_full700	ot_all__to__intogen_temporal_new	target
MLLT6	1	1	intogen_temporal_new	native_string_full700	ot_all__to__intogen_temporal_new	target
NACA	1	1	intogen_temporal_new	native_string_full700	ot_all__to__intogen_temporal_new	target
PCM1	1	1	intogen_temporal_new	native_string_full700	ot_all__to__intogen_temporal_new	target
RPL5	1	1	intogen_temporal_new	native_string_full700	ot_all__to__intogen_temporal_new	target
LEF1	1	1	intogen_temporal_new	native_string_full700	ot_all__to__intogen_temporal_new	target
NCAPH	1	1	intogen_temporal_new	native_string_full700	ot_all__to__intogen_temporal_new	target
TAL1	1	1	intogen_temporal_new	native_string_full700	ot_all__to__intogen_temporal_new	target
MYEOV	1	1	intogen_temporal_new	native_string_full700	ot_all__to__intogen_temporal_new	target
WWTR1	1	1	intogen_temporal_new	native_string_full700	ot_all__to__intogen_temporal_new	target
CTNND2	1	1	intogen_temporal_new	native_string_full700	ot_all__to__intogen_temporal_new	target
CADM2	1	1	intogen_temporal_new	native_string_full700	ot_all__to__intogen_temporal_new	target
NUTM1	1	1	intogen_temporal_new	native_string_full700	ot_all__to__intogen_temporal_new	target
CSPG4	1	1	intogen_temporal_new	native_string_full700	ot_all__to__intogen_temporal_new	target
EIF4A2	1	1	intogen_temporal_new	native_string_full700	ot_all__to__intogen_temporal_new	target
COL6A3	1	1	intogen_temporal_new	native_string_full700	ot_all__to__intogen_temporal_new	target
KAT7	1	1	intogen_temporal_new	native_string_full700	ot_all__to__intogen_temporal_new	target
PDZD2	1	1	intogen_temporal_new	native_string_full700	ot_all__to__intogen_temporal_new	target
ZMYM3	1	1	intogen_temporal_new	native_string_full700	ot_all__to__intogen_temporal_new	target
PICALM	1	1	intogen_temporal_new	native_string_full700	ot_all__to__intogen_temporal_new	target
CD209	1	1	intogen_temporal_new	native_string_full700	ot_all__to__intogen_temporal_new	target
MED23	1	1	intogen_temporal_new	native_string_full700	ot_all__to__intogen_temporal_new	target
MIB2	1	1	intogen_temporal_new	native_string_full700	ot_all__to__intogen_temporal_new	target
FCGR2B	1	1	intogen_temporal_new	native_string_full700	ot_all__to__intogen_temporal_new	target
CBLB	1	1	intogen_temporal_new	native_string_full700	ot_all__to__intogen_temporal_new	target
CCNT1	1	1	intogen_temporal_new	native_string_full700	ot_all__to__intogen_temporal_new	target
ACVR1B	1	1	intogen_temporal_new	native_string_full700	ot_all__to__intogen_temporal_new	target
MACC1	1	1	intogen_temporal_new	native_string_full700	ot_all__to__intogen_temporal_new	target
HCAR3	1	1	intogen_temporal_new	native_string_full700	ot_all__to__intogen_temporal_new	target
MUC6	1	1	intogen_temporal_new	native_string_full700	ot_all__to__intogen_temporal_new	target
MCM7	1	1	intogen_temporal_new	native_string_full700	ot_all__to__intogen_temporal_new	target
TAF1L	1	1	intogen_temporal_new	native_string_full700	ot_all__to__intogen_temporal_new	target
FGD1	1	1	intogen_temporal_new	native_string_full700	ot_all__to__intogen_temporal_new	target
SLC34A2	1	1	intogen_temporal_new	native_string_full700	ot_all__to__intogen_temporal_new	target
CHD7	1	1	intogen_temporal_new	native_string_full700	ot_all__to__intogen_temporal_new	target
NUP98	1	1	intogen_temporal_new	native_string_full700	ot_all__to__intogen_temporal_new	target
HDAC4	1	1	intogen_temporal_new	native_string_full700	ot_all__to__intogen_temporal_new	target
ABCC4	1	1	intogen_temporal_new	native_string_full700	ot_all__to__intogen_temporal_new	target
PRUNE2	1	1	intogen_temporal_new	native_string_full700	ot_all__to__intogen_temporal_new	target
BAZ1A	1	1	intogen_temporal_new	native_string_full700	ot_all__to__intogen_temporal_new	target
SHTN1	1	1	intogen_temporal_new	native_string_full700	ot_all__to__intogen_temporal_new	target
GRM3	1	1	intogen_temporal_new	native_string_full700	ot_all__to__intogen_temporal_new	target
CSMD3	1	1	intogen_temporal_new	native_string_full700	ot_all__to__intogen_temporal_new	target
ELK4	1	1	intogen_temporal_new	native_string_full700	ot_all__to__intogen_temporal_new	target
ZNF750	1	1	intogen_temporal_new	native_string_full700	ot_all__to__intogen_temporal_new	target
COL6A6	1	1	intogen_temporal_new	native_string_full700	ot_all__to__intogen_temporal_new	target
N4BP2	1	1	intogen_temporal_new	native_string_full700	ot_all__to__intogen_temporal_new	target
ALPK1	1	1	intogen_temporal_new	native_string_full700	ot_all__to__intogen_temporal_new	target
MPO	1	0	intogen_temporal_new	native_string_full700	ot_all__to__intogen_temporal_new	background
NIPA2	1	0	intogen_temporal_new	native_string_full700	ot_all__to__intogen_temporal_new	background
PSKH1	1	0	intogen_temporal_new	native_string_full700	ot_all__to__intogen_temporal_new	background
KLHL36	1	0	intogen_temporal_new	native_string_full700	ot_all__to__intogen_temporal_new	background
SLX4IP	1	0	intogen_temporal_new	native_string_full700	ot_all__to__intogen_temporal_new	background
RNLS	1	0	intogen_temporal_new	native_string_full700	ot_all__to__intogen_temporal_new	background
SAMD4B	1	0	intogen_temporal_new	native_string_full700	ot_all__to__intogen_temporal_new	background
MCEE	1	0	intogen_temporal_new	native_string_full700	ot_all__to__intogen_temporal_new	background
CDY2B	1	0	intogen_temporal_new	native_string_full700	ot_all__to__intogen_temporal_new	background
TMPRSS9	1	0	intogen_temporal_new	native_string_full700	ot_all__to__intogen_temporal_new	background
TSNAX	1	0	intogen_temporal_new	native_string_full700	ot_all__to__intogen_temporal_new	background
MRTO4	1	0	intogen_temporal_new	native_string_full700	ot_all__to__intogen_temporal_new	background
TNS1	1	0	intogen_temporal_new	native_string_full700	ot_all__to__intogen_temporal_new	background
VTCN1	1	0	intogen_temporal_new	native_string_full700	ot_all__to__intogen_temporal_new	background
NR5A2	1	0	intogen_temporal_new	native_string_full700	ot_all__to__intogen_temporal_new	background
NXF1	1	0	intogen_temporal_new	native_string_full700	ot_all__to__intogen_temporal_new	background
SLC41A1	1	0	intogen_temporal_new	native_string_full700	ot_all__to__intogen_temporal_new	background
OR2AP1	1	0	intogen_temporal_new	native_string_full700	ot_all__to__intogen_temporal_new	background
FOXP2	1	0	intogen_temporal_new	native_string_full700	ot_all__to__intogen_temporal_new	background
EGR1	1	0	intogen_temporal_new	native_string_full700	ot_all__to__intogen_temporal_new	background
SAMD14	1	0	intogen_temporal_new	native_string_full700	ot_all__to__intogen_temporal_new	background
SBSN	1	0	intogen_temporal_new	native_string_full700	ot_all__to__intogen_temporal_new	background
ACP5	1	0	intogen_temporal_new	native_string_full700	ot_all__to__intogen_temporal_new	background
PLAAT3	1	0	intogen_temporal_new	native_string_full700	ot_all__to__intogen_temporal_new	background
PFKM	1	0	intogen_temporal_new	native_string_full700	ot_all__to__intogen_temporal_new	background
MAGEC2	1	0	intogen_temporal_new	native_string_full700	ot_all__to__intogen_temporal_new	background
HIGD1B	1	0	intogen_temporal_new	native_string_full700	ot_all__to__intogen_temporal_new	background
FAM227B	1	0	intogen_temporal_new	native_string_full700	ot_all__to__intogen_temporal_new	background
PLP2	1	0	intogen_temporal_new	native_string_full700	ot_all__to__intogen_temporal_new	background
GPAT4	1	0	intogen_temporal_new	native_string_full700	ot_all__to__intogen_temporal_new	background
ADRB3	1	0	intogen_temporal_new	native_string_full700	ot_all__to__intogen_temporal_new	background
RNF183	1	0	intogen_temporal_new	native_string_full700	ot_all__to__intogen_temporal_new	background
NUMA1	1	0	intogen_temporal_new	native_string_full700	ot_all__to__intogen_temporal_new	background
TAF4	1	0	intogen_temporal_new	native_string_full700	ot_all__to__intogen_temporal_new	background
H3C12	1	0	intogen_temporal_new	native_string_full700	ot_all__to__intogen_temporal_new	background
OR9G1	1	0	intogen_temporal_new	native_string_full700	ot_all__to__intogen_temporal_new	background
UTP25	1	0	intogen_temporal_new	native_string_full700	ot_all__to__intogen_temporal_new	background
OAZ3	1	0	intogen_temporal_new	native_string_full700	ot_all__to__intogen_temporal_new	background
KCNH1-2	1	0	intogen_temporal_new	native_string_full700	ot_all__to__intogen_temporal_new	background
NOSIP	1	0	intogen_temporal_new	native_string_full700	ot_all__to__intogen_temporal_new	background
SMAD5	1	0	intogen_temporal_new	native_string_full700	ot_all__to__intogen_temporal_new	background
GLYATL1	1	0	intogen_temporal_new	native_string_full700	ot_all__to__intogen_temporal_new	background
MRPL27	1	0	intogen_temporal_new	native_string_full700	ot_all__to__intogen_temporal_new	background
CDH3	1	0	intogen_temporal_new	native_string_full700	ot_all__to__intogen_temporal_new	background
HNRNPA1L2	1	0	intogen_temporal_new	native_string_full700	ot_all__to__intogen_temporal_new	background
EIF4EBP2	1	0	intogen_temporal_new	native_string_full700	ot_all__to__intogen_temporal_new	background
OR5A2	1	0	intogen_temporal_new	native_string_full700	ot_all__to__intogen_temporal_new	background
SLC39A10	1	0	intogen_temporal_new	native_string_full700	ot_all__to__intogen_temporal_new	background
LMF2	1	0	intogen_temporal_new	native_string_full700	ot_all__to__intogen_temporal_new	background
TMEM17	1	0	intogen_temporal_new	native_string_full700	ot_all__to__intogen_temporal_new	background
PLEKHA5	1	0	intogen_temporal_new	native_string_full700	ot_all__to__intogen_temporal_new	background
GAGE10	1	0	intogen_temporal_new	native_string_full700	ot_all__to__intogen_temporal_new	background
ZSCAN20	1	0	intogen_temporal_new	native_string_full700	ot_all__to__intogen_temporal_new	background
C1orf189	1	0	intogen_temporal_new	native_string_full700	ot_all__to__intogen_temporal_new	background
HOXD4	1	0	intogen_temporal_new	native_string_full700	ot_all__to__intogen_temporal_new	background
DDX18	1	0	intogen_temporal_new	native_string_full700	ot_all__to__intogen_temporal_new	background
MRC2	1	0	intogen_temporal_new	native_string_full700	ot_all__to__intogen_temporal_new	background
CYP51A1	1	0	intogen_temporal_new	native_string_full700	ot_all__to__intogen_temporal_new	background
NSMCE1	1	0	intogen_temporal_new	native_string_full700	ot_all__to__intogen_temporal_new	background
PRR35	1	0	intogen_temporal_new	native_string_full700	ot_all__to__intogen_temporal_new	background
SYNPR	1	0	intogen_temporal_new	native_string_full700	ot_all__to__intogen_temporal_new	background
RALB	1	0	intogen_temporal_new	native_string_full700	ot_all__to__intogen_temporal_new	background
ZNF592	1	0	intogen_temporal_new	native_string_full700	ot_all__to__intogen_temporal_new	background
OSCAR	1	0	intogen_temporal_new	native_string_full700	ot_all__to__intogen_temporal_new	background
TRIM4	1	0	intogen_temporal_new	native_string_full700	ot_all__to__intogen_temporal_new	background
NANP	1	0	intogen_temporal_new	native_string_full700	ot_all__to__intogen_temporal_new	background
ERP29	1	0	intogen_temporal_new	native_string_full700	ot_all__to__intogen_temporal_new	background
MRRF	1	0	intogen_temporal_new	native_string_full700	ot_all__to__intogen_temporal_new	background
IGFALS	1	0	intogen_temporal_new	native_string_full700	ot_all__to__intogen_temporal_new	background
RTN4R	1	0	intogen_temporal_new	native_string_full700	ot_all__to__intogen_temporal_new	background
P2RY2	1	0	intogen_temporal_new	native_string_full700	ot_all__to__intogen_temporal_new	background
ENSP00000498010	1	0	intogen_temporal_new	native_string_full700	ot_all__to__intogen_temporal_new	background
TXNL4B	1	0	intogen_temporal_new	native_string_full700	ot_all__to__intogen_temporal_new	background
PFDN5	1	0	intogen_temporal_new	native_string_full700	ot_all__to__intogen_temporal_new	background
ARID1B	1	0	intogen_temporal_new	native_string_full700	ot_all__to__intogen_temporal_new	background
PLD4	1	0	intogen_temporal_new	native_string_full700	ot_all__to__intogen_temporal_new	background
ODR4	1	0	intogen_temporal_new	native_string_full700	ot_all__to__intogen_temporal_new	background
GGT2	1	0	intogen_temporal_new	native_string_full700	ot_all__to__intogen_temporal_new	background
CCNB1IP1	1	0	intogen_temporal_new	native_string_full700	ot_all__to__intogen_temporal_new	background
OR8B8	1	0	intogen_temporal_new	native_string_full700	ot_all__to__intogen_temporal_new	background
LRCH3	1	0	intogen_temporal_new	native_string_full700	ot_all__to__intogen_temporal_new	background
SEL1L2	1	0	intogen_temporal_new	native_string_full700	ot_all__to__intogen_temporal_new	background
SV2C	1	0	intogen_temporal_new	native_string_full700	ot_all__to__intogen_temporal_new	background
SNTG2	1	0	intogen_temporal_new	native_string_full700	ot_all__to__intogen_temporal_new	background
CTSW	1	0	intogen_temporal_new	native_string_full700	ot_all__to__intogen_temporal_new	background
GPHA2	1	0	intogen_temporal_new	native_string_full700	ot_all__to__intogen_temporal_new	background
HEATR1	1	0	intogen_temporal_new	native_string_full700	ot_all__to__intogen_temporal_new	background
LTB4R2	1	0	intogen_temporal_new	native_string_full700	ot_all__to__intogen_temporal_new	background
TCOF1	1	0	intogen_temporal_new	native_string_full700	ot_all__to__intogen_temporal_new	background
TMC2	1	0	intogen_temporal_new	native_string_full700	ot_all__to__intogen_temporal_new	background
DERL3	1	0	intogen_temporal_new	native_string_full700	ot_all__to__intogen_temporal_new	background
KIF16B	1	0	intogen_temporal_new	native_string_full700	ot_all__to__intogen_temporal_new	background
ZNF683	1	0	intogen_temporal_new	native_string_full700	ot_all__to__intogen_temporal_new	background
CLSTN1	1	0	intogen_temporal_new	native_string_full700	ot_all__to__intogen_temporal_new	background
PET117	1	0	intogen_temporal_new	native_string_full700	ot_all__to__intogen_temporal_new	background
CIPC	1	0	intogen_temporal_new	native_string_full700	ot_all__to__intogen_temporal_new	background
HYAL4	1	0	intogen_temporal_new	native_string_full700	ot_all__to__intogen_temporal_new	background
APTX	1	0	intogen_temporal_new	native_string_full700	ot_all__to__intogen_temporal_new	background
GPX7	1	0	intogen_temporal_new	native_string_full700	ot_all__to__intogen_temporal_new	background
YY2	1	0	intogen_temporal_new	native_string_full700	ot_all__to__intogen_temporal_new	background
TMPRSS6	1	0	intogen_temporal_new	native_string_full700	ot_all__to__intogen_temporal_new	background
PROM1	1	0	intogen_temporal_new	native_string_full700	ot_all__to__intogen_temporal_new	background
PHLPP2	1	0	intogen_temporal_new	native_string_full700	ot_all__to__intogen_temporal_new	background
APLF	1	0	intogen_temporal_new	native_string_full700	ot_all__to__intogen_temporal_new	background
BLVRB	1	0	intogen_temporal_new	native_string_full700	ot_all__to__intogen_temporal_new	background
ADIRF	1	0	intogen_temporal_new	native_string_full700	ot_all__to__intogen_temporal_new	background
MSH5	1	0	intogen_temporal_new	native_string_full700	ot_all__to__intogen_temporal_new	background
DNAJC25	1	0	intogen_temporal_new	native_string_full700	ot_all__to__intogen_temporal_new	background
DYNC1I2	1	0	intogen_temporal_new	native_string_full700	ot_all__to__intogen_temporal_new	background
KRT14	1	0	intogen_temporal_new	native_string_full700	ot_all__to__intogen_temporal_new	background
MEGF8	1	0	intogen_temporal_new	native_string_full700	ot_all__to__intogen_temporal_new	background
THAP7	1	0	intogen_temporal_new	native_string_full700	ot_all__to__intogen_temporal_new	background
ZKSCAN1	1	0	intogen_temporal_new	native_string_full700	ot_all__to__intogen_temporal_new	background
TERB1	1	0	intogen_temporal_new	native_string_full700	ot_all__to__intogen_temporal_new	background
ANKAR	1	0	intogen_temporal_new	native_string_full700	ot_all__to__intogen_temporal_new	background
TLN2	1	0	intogen_temporal_new	native_string_full700	ot_all__to__intogen_temporal_new	background
WNT5B	1	0	intogen_temporal_new	native_string_full700	ot_all__to__intogen_temporal_new	background
GAREM1	1	0	intogen_temporal_new	native_string_full700	ot_all__to__intogen_temporal_new	background
LAMA5	1	0	intogen_temporal_new	native_string_full700	ot_all__to__intogen_temporal_new	background
NPTN	1	0	intogen_temporal_new	native_string_full700	ot_all__to__intogen_temporal_new	background
ZFP37	1	0	intogen_temporal_new	native_string_full700	ot_all__to__intogen_temporal_new	background
TMIGD1	1	0	intogen_temporal_new	native_string_full700	ot_all__to__intogen_temporal_new	background
C16orf74	1	0	intogen_temporal_new	native_string_full700	ot_all__to__intogen_temporal_new	background
DLL1	1	0	intogen_temporal_new	native_string_full700	ot_all__to__intogen_temporal_new	background
ATP2A3	1	0	intogen_temporal_new	native_string_full700	ot_all__to__intogen_temporal_new	background
TYW1	1	0	intogen_temporal_new	native_string_full700	ot_all__to__intogen_temporal_new	background
TNF	1	0	intogen_temporal_new	native_string_full700	ot_all__to__intogen_temporal_new	background
GALNT17	1	0	intogen_temporal_new	native_string_full700	ot_all__to__intogen_temporal_new	background
SLC25A43	1	0	intogen_temporal_new	native_string_full700	ot_all__to__intogen_temporal_new	background
RPS4X	1	0	intogen_temporal_new	native_string_full700	ot_all__to__intogen_temporal_new	background
ATP1B1	1	0	intogen_temporal_new	native_string_full700	ot_all__to__intogen_temporal_new	background
ARPC3	1	0	intogen_temporal_new	native_string_full700	ot_all__to__intogen_temporal_new	background
TAGLN3	1	0	intogen_temporal_new	native_string_full700	ot_all__to__intogen_temporal_new	background
RNF138	1	0	intogen_temporal_new	native_string_full700	ot_all__to__intogen_temporal_new	background
SYT2	1	0	intogen_temporal_new	native_string_full700	ot_all__to__intogen_temporal_new	background
STIP1	1	0	intogen_temporal_new	native_string_full700	ot_all__to__intogen_temporal_new	background
CPNE6	1	0	intogen_temporal_new	native_string_full700	ot_all__to__intogen_temporal_new	background
CPSF2	1	0	intogen_temporal_new	native_string_full700	ot_all__to__intogen_temporal_new	background
TAS2R31	1	0	intogen_temporal_new	native_string_full700	ot_all__to__intogen_temporal_new	background
VENTX	1	0	intogen_temporal_new	native_string_full700	ot_all__to__intogen_temporal_new	background
H3C7	1	0	intogen_temporal_new	native_string_full700	ot_all__to__intogen_temporal_new	background
REG1B	1	0	intogen_temporal_new	native_string_full700	ot_all__to__intogen_temporal_new	background
AUTS2	1	0	intogen_temporal_new	native_string_full700	ot_all__to__intogen_temporal_new	background
AANAT	1	0	intogen_temporal_new	native_string_full700	ot_all__to__intogen_temporal_new	background
TCP11	1	0	intogen_temporal_new	native_string_full700	ot_all__to__intogen_temporal_new	background
HELZ	1	0	intogen_temporal_new	native_string_full700	ot_all__to__intogen_temporal_new	background
CYP26B1	1	0	intogen_temporal_new	native_string_full700	ot_all__to__intogen_temporal_new	background
PECR	1	0	intogen_temporal_new	native_string_full700	ot_all__to__intogen_temporal_new	background
RAB6B	1	0	intogen_temporal_new	native_string_full700	ot_all__to__intogen_temporal_new	background
PPP1R12A	1	0	intogen_temporal_new	native_string_full700	ot_all__to__intogen_temporal_new	background
CASD1	1	0	intogen_temporal_new	native_string_full700	ot_all__to__intogen_temporal_new	background
ZBED3	1	0	intogen_temporal_new	native_string_full700	ot_all__to__intogen_temporal_new	background
UBE2S	1	0	intogen_temporal_new	native_string_full700	ot_all__to__intogen_temporal_new	background
METTL8	1	0	intogen_temporal_new	native_string_full700	ot_all__to__intogen_temporal_new	background
PLEKHA8	1	0	intogen_temporal_new	native_string_full700	ot_all__to__intogen_temporal_new	background
COX11	1	0	intogen_temporal_new	native_string_full700	ot_all__to__intogen_temporal_new	background
ZC3HAV1	1	0	intogen_temporal_new	native_string_full700	ot_all__to__intogen_temporal_new	background
RAD18	1	0	intogen_temporal_new	native_string_full700	ot_all__to__intogen_temporal_new	background
SDHAF4	1	0	intogen_temporal_new	native_string_full700	ot_all__to__intogen_temporal_new	background
GALNT11	1	0	intogen_temporal_new	native_string_full700	ot_all__to__intogen_temporal_new	background
MTIF3	1	0	intogen_temporal_new	native_string_full700	ot_all__to__intogen_temporal_new	background
LAD1	1	0	intogen_temporal_new	native_string_full700	ot_all__to__intogen_temporal_new	background
FPGS	1	0	intogen_temporal_new	native_string_full700	ot_all__to__intogen_temporal_new	background
AGPS	1	0	intogen_temporal_new	native_string_full700	ot_all__to__intogen_temporal_new	background
GAA	1	0	intogen_temporal_new	native_string_full700	ot_all__to__intogen_temporal_new	background
SC5D	1	0	intogen_temporal_new	native_string_full700	ot_all__to__intogen_temporal_new	background
KISS1	1	0	intogen_temporal_new	native_string_full700	ot_all__to__intogen_temporal_new	background
OR6C1	1	0	intogen_temporal_new	native_string_full700	ot_all__to__intogen_temporal_new	background
RCN2	1	0	intogen_temporal_new	native_string_full700	ot_all__to__intogen_temporal_new	background
PLN	1	0	intogen_temporal_new	native_string_full700	ot_all__to__intogen_temporal_new	background
PIM2	1	0	intogen_temporal_new	native_string_full700	ot_all__to__intogen_temporal_new	background
TDGF1	1	0	intogen_temporal_new	native_string_full700	ot_all__to__intogen_temporal_new	background
MT1H	1	0	intogen_temporal_new	native_string_full700	ot_all__to__intogen_temporal_new	background
CDC42EP3	1	0	intogen_temporal_new	native_string_full700	ot_all__to__intogen_temporal_new	background
GPRC5A	1	0	intogen_temporal_new	native_string_full700	ot_all__to__intogen_temporal_new	background
SCARA5	1	0	intogen_temporal_new	native_string_full700	ot_all__to__intogen_temporal_new	background
UBN2	1	0	intogen_temporal_new	native_string_full700	ot_all__to__intogen_temporal_new	background
ATP7B	1	0	intogen_temporal_new	native_string_full700	ot_all__to__intogen_temporal_new	background
UIMC1	1	0	intogen_temporal_new	native_string_full700	ot_all__to__intogen_temporal_new	background
PKHD1	1	0	intogen_temporal_new	native_string_full700	ot_all__to__intogen_temporal_new	background
TAS2R20	1	0	intogen_temporal_new	native_string_full700	ot_all__to__intogen_temporal_new	background
SEPTIN3	1	0	intogen_temporal_new	native_string_full700	ot_all__to__intogen_temporal_new	background
COX8A	1	0	intogen_temporal_new	native_string_full700	ot_all__to__intogen_temporal_new	background
ZSCAN4	1	0	intogen_temporal_new	native_string_full700	ot_all__to__intogen_temporal_new	background
HOXA3	1	0	intogen_temporal_new	native_string_full700	ot_all__to__intogen_temporal_new	background
UMOD	1	0	intogen_temporal_new	native_string_full700	ot_all__to__intogen_temporal_new	background
CDX2	1	0	intogen_temporal_new	native_string_full700	ot_all__to__intogen_temporal_new	background
RASGEF1A	1	0	intogen_temporal_new	native_string_full700	ot_all__to__intogen_temporal_new	background
TAMM41	1	0	intogen_temporal_new	native_string_full700	ot_all__to__intogen_temporal_new	background
PIH1D1	1	0	intogen_temporal_new	native_string_full700	ot_all__to__intogen_temporal_new	background
C9	1	0	intogen_temporal_new	native_string_full700	ot_all__to__intogen_temporal_new	background
CDK2AP1	1	0	intogen_temporal_new	native_string_full700	ot_all__to__intogen_temporal_new	background
BHMT	1	0	intogen_temporal_new	native_string_full700	ot_all__to__intogen_temporal_new	background
GTPBP6	1	0	intogen_temporal_new	native_string_full700	ot_all__to__intogen_temporal_new	background
AASS	1	0	intogen_temporal_new	native_string_full700	ot_all__to__intogen_temporal_new	background
ASCL3	1	0	intogen_temporal_new	native_string_full700	ot_all__to__intogen_temporal_new	background
CDH19	1	0	intogen_temporal_new	native_string_full700	ot_all__to__intogen_temporal_new	background
BEX1	1	0	intogen_temporal_new	native_string_full700	ot_all__to__intogen_temporal_new	background
SGSM2	1	0	intogen_temporal_new	native_string_full700	ot_all__to__intogen_temporal_new	background
TBL1X	1	0	intogen_temporal_new	native_string_full700	ot_all__to__intogen_temporal_new	background
FMN2	2	1	intogen_temporal_new	native_string_full700	ot_all__to__intogen_temporal_new	target
AKAP9	2	1	intogen_temporal_new	native_string_full700	ot_all__to__intogen_temporal_new	target
TFRC	2	1	intogen_temporal_new	native_string_full700	ot_all__to__intogen_temporal_new	target
BTG2	2	1	intogen_temporal_new	native_string_full700	ot_all__to__intogen_temporal_new	target
GPAA1	2	1	intogen_temporal_new	native_string_full700	ot_all__to__intogen_temporal_new	target
TCF12	2	1	intogen_temporal_new	native_string_full700	ot_all__to__intogen_temporal_new	target
ACSM3	2	1	intogen_temporal_new	native_string_full700	ot_all__to__intogen_temporal_new	target
INPPL1	2	1	intogen_temporal_new	native_string_full700	ot_all__to__intogen_temporal_new	target
WNT1	2	1	intogen_temporal_new	native_string_full700	ot_all__to__intogen_temporal_new	target
AFF4	2	1	intogen_temporal_new	native_string_full700	ot_all__to__intogen_temporal_new	target
GSK3B	2	1	intogen_temporal_new	native_string_full700	ot_all__to__intogen_temporal_new	target
ATP2B3	2	1	intogen_temporal_new	native_string_full700	ot_all__to__intogen_temporal_new	target
NCKIPSD	2	1	intogen_temporal_new	native_string_full700	ot_all__to__intogen_temporal_new	target
TCL1A	2	1	intogen_temporal_new	native_string_full700	ot_all__to__intogen_temporal_new	target
CTNNA2	2	1	intogen_temporal_new	native_string_full700	ot_all__to__intogen_temporal_new	target
GPC5	2	1	intogen_temporal_new	native_string_full700	ot_all__to__intogen_temporal_new	target
FUS	2	1	intogen_temporal_new	native_string_full700	ot_all__to__intogen_temporal_new	target
TMSB4X	2	1	intogen_temporal_new	native_string_full700	ot_all__to__intogen_temporal_new	target
AFDN	2	1	intogen_temporal_new	native_string_full700	ot_all__to__intogen_temporal_new	target
PER3	2	1	intogen_temporal_new	native_string_full700	ot_all__to__intogen_temporal_new	target
DSP	2	1	intogen_temporal_new	native_string_full700	ot_all__to__intogen_temporal_new	target
SAMHD1	2	1	intogen_temporal_new	native_string_full700	ot_all__to__intogen_temporal_new	target
ANKRD11	2	1	intogen_temporal_new	native_string_full700	ot_all__to__intogen_temporal_new	target
PI4KA	2	1	intogen_temporal_new	native_string_full700	ot_all__to__intogen_temporal_new	target
SDCBP	2	1	intogen_temporal_new	native_string_full700	ot_all__to__intogen_temporal_new	target
FLG	2	1	intogen_temporal_new	native_string_full700	ot_all__to__intogen_temporal_new	target
ROBO2	2	1	intogen_temporal_new	native_string_full700	ot_all__to__intogen_temporal_new	target
ZBTB48	2	1	intogen_temporal_new	native_string_full700	ot_all__to__intogen_temporal_new	target
TSHR	2	1	intogen_temporal_new	native_string_full700	ot_all__to__intogen_temporal_new	target
ITGAV	2	1	intogen_temporal_new	native_string_full700	ot_all__to__intogen_temporal_new	target
CTNNA1	2	1	intogen_temporal_new	native_string_full700	ot_all__to__intogen_temporal_new	target
NVL	2	1	intogen_temporal_new	native_string_full700	ot_all__to__intogen_temporal_new	target
SMARCA2	2	1	intogen_temporal_new	native_string_full700	ot_all__to__intogen_temporal_new	target
KNSTRN	2	1	intogen_temporal_new	native_string_full700	ot_all__to__intogen_temporal_new	target
BMP6	2	1	intogen_temporal_new	native_string_full700	ot_all__to__intogen_temporal_new	target
PSPC1	2	1	intogen_temporal_new	native_string_full700	ot_all__to__intogen_temporal_new	target
CRLF2	2	1	intogen_temporal_new	native_string_full700	ot_all__to__intogen_temporal_new	target
LSM14A	2	1	intogen_temporal_new	native_string_full700	ot_all__to__intogen_temporal_new	target
CANT1	2	1	intogen_temporal_new	native_string_full700	ot_all__to__intogen_temporal_new	target
PLXNC1	2	1	intogen_temporal_new	native_string_full700	ot_all__to__intogen_temporal_new	target
HLA-DQA1	2	1	intogen_temporal_new	native_string_full700	ot_all__to__intogen_temporal_new	target
FBLN2	2	1	intogen_temporal_new	native_string_full700	ot_all__to__intogen_temporal_new	target
ACSL6	2	1	intogen_temporal_new	native_string_full700	ot_all__to__intogen_temporal_new	target
LPA	2	1	intogen_temporal_new	native_string_full700	ot_all__to__intogen_temporal_new	target
USP7	2	1	intogen_temporal_new	native_string_full700	ot_all__to__intogen_temporal_new	target
UBXN11	2	1	intogen_temporal_new	native_string_full700	ot_all__to__intogen_temporal_new	target
ARNT	2	1	intogen_temporal_new	native_string_full700	ot_all__to__intogen_temporal_new	target
ZNF274	2	1	intogen_temporal_new	native_string_full700	ot_all__to__intogen_temporal_new	target
PRDM16	2	1	intogen_temporal_new	native_string_full700	ot_all__to__intogen_temporal_new	target
ZNF395	2	1	intogen_temporal_new	native_string_full700	ot_all__to__intogen_temporal_new	target
KNL1	2	1	intogen_temporal_new	native_string_full700	ot_all__to__intogen_temporal_new	target
ALDH2	2	1	intogen_temporal_new	native_string_full700	ot_all__to__intogen_temporal_new	target
TAL2	2	1	intogen_temporal_new	native_string_full700	ot_all__to__intogen_temporal_new	target
CCAR1	2	1	intogen_temporal_new	native_string_full700	ot_all__to__intogen_temporal_new	target
TRAF7	2	1	intogen_temporal_new	native_string_full700	ot_all__to__intogen_temporal_new	target
RSPO2	2	1	intogen_temporal_new	native_string_full700	ot_all__to__intogen_temporal_new	target
ANK1	2	1	intogen_temporal_new	native_string_full700	ot_all__to__intogen_temporal_new	target
KMT5A	2	1	intogen_temporal_new	native_string_full700	ot_all__to__intogen_temporal_new	target
PWWP2A	2	1	intogen_temporal_new	native_string_full700	ot_all__to__intogen_temporal_new	target
PTPN3	2	1	intogen_temporal_new	native_string_full700	ot_all__to__intogen_temporal_new	target
CEP89	2	1	intogen_temporal_new	native_string_full700	ot_all__to__intogen_temporal_new	target
HIF1A	2	1	intogen_temporal_new	native_string_full700	ot_all__to__intogen_temporal_new	target
ATP1A1	2	1	intogen_temporal_new	native_string_full700	ot_all__to__intogen_temporal_new	target
TPR	2	1	intogen_temporal_new	native_string_full700	ot_all__to__intogen_temporal_new	target
FCRL4	2	1	intogen_temporal_new	native_string_full700	ot_all__to__intogen_temporal_new	target
COL2A1	2	1	intogen_temporal_new	native_string_full700	ot_all__to__intogen_temporal_new	target
NSD3	2	1	intogen_temporal_new	native_string_full700	ot_all__to__intogen_temporal_new	target
RRN3	2	1	intogen_temporal_new	native_string_full700	ot_all__to__intogen_temporal_new	target
ETV1	2	1	intogen_temporal_new	native_string_full700	ot_all__to__intogen_temporal_new	target
ADAMTS9	2	1	intogen_temporal_new	native_string_full700	ot_all__to__intogen_temporal_new	target
MDGA2	2	1	intogen_temporal_new	native_string_full700	ot_all__to__intogen_temporal_new	target
ZCCHC8	2	1	intogen_temporal_new	native_string_full700	ot_all__to__intogen_temporal_new	target
THRAP3	2	1	intogen_temporal_new	native_string_full700	ot_all__to__intogen_temporal_new	target
HLA-C	2	1	intogen_temporal_new	native_string_full700	ot_all__to__intogen_temporal_new	target
MLLT6	2	1	intogen_temporal_new	native_string_full700	ot_all__to__intogen_temporal_new	target
NACA	2	1	intogen_temporal_new	native_string_full700	ot_all__to__intogen_temporal_new	target
PCM1	2	1	intogen_temporal_new	native_string_full700	ot_all__to__intogen_temporal_new	target
RPL5	2	1	intogen_temporal_new	native_string_full700	ot_all__to__intogen_temporal_new	target
LEF1	2	1	intogen_temporal_new	native_string_full700	ot_all__to__intogen_temporal_new	target
NCAPH	2	1	intogen_temporal_new	native_string_full700	ot_all__to__intogen_temporal_new	target
TAL1	2	1	intogen_temporal_new	native_string_full700	ot_all__to__intogen_temporal_new	target
MYEOV	2	1	intogen_temporal_new	native_string_full700	ot_all__to__intogen_temporal_new	target
WWTR1	2	1	intogen_temporal_new	native_string_full700	ot_all__to__intogen_temporal_new	target
CTNND2	2	1	intogen_temporal_new	native_string_full700	ot_all__to__intogen_temporal_new	target
CADM2	2	1	intogen_temporal_new	native_string_full700	ot_all__to__intogen_temporal_new	target
NUTM1	2	1	intogen_temporal_new	native_string_full700	ot_all__to__intogen_temporal_new	target
CSPG4	2	1	intogen_temporal_new	native_string_full700	ot_all__to__intogen_temporal_new	target
EIF4A2	2	1	intogen_temporal_new	native_string_full700	ot_all__to__intogen_temporal_new	target
COL6A3	2	1	intogen_temporal_new	native_string_full700	ot_all__to__intogen_temporal_new	target
KAT7	2	1	intogen_temporal_new	native_string_full700	ot_all__to__intogen_temporal_new	target
PDZD2	2	1	intogen_temporal_new	native_string_full700	ot_all__to__intogen_temporal_new	target
ZMYM3	2	1	intogen_temporal_new	native_string_full700	ot_all__to__intogen_temporal_new	target
PICALM	2	1	intogen_temporal_new	native_string_full700	ot_all__to__intogen_temporal_new	target
CD209	2	1	intogen_temporal_new	native_string_full700	ot_all__to__intogen_temporal_new	target
MED23	2	1	intogen_temporal_new	native_string_full700	ot_all__to__intogen_temporal_new	target
MIB2	2	1	intogen_temporal_new	native_string_full700	ot_all__to__intogen_temporal_new	target
FCGR2B	2	1	intogen_temporal_new	native_string_full700	ot_all__to__intogen_temporal_new	target
CBLB	2	1	intogen_temporal_new	native_string_full700	ot_all__to__intogen_temporal_new	target
CCNT1	2	1	intogen_temporal_new	native_string_full700	ot_all__to__intogen_temporal_new	target
ACVR1B	2	1	intogen_temporal_new	native_string_full700	ot_all__to__intogen_temporal_new	target
MACC1	2	1	intogen_temporal_new	native_string_full700	ot_all__to__intogen_temporal_new	target
HCAR3	2	1	intogen_temporal_new	native_string_full700	ot_all__to__intogen_temporal_new	target
MUC6	2	1	intogen_temporal_new	native_string_full700	ot_all__to__intogen_temporal_new	target
MCM7	2	1	intogen_temporal_new	native_string_full700	ot_all__to__intogen_temporal_new	target
TAF1L	2	1	intogen_temporal_new	native_string_full700	ot_all__to__intogen_temporal_new	target
FGD1	2	1	intogen_temporal_new	native_string_full700	ot_all__to__intogen_temporal_new	target
SLC34A2	2	1	intogen_temporal_new	native_string_full700	ot_all__to__intogen_temporal_new	target
CHD7	2	1	intogen_temporal_new	native_string_full700	ot_all__to__intogen_temporal_new	target
NUP98	2	1	intogen_temporal_new	native_string_full700	ot_all__to__intogen_temporal_new	target
HDAC4	2	1	intogen_temporal_new	native_string_full700	ot_all__to__intogen_temporal_new	target
ABCC4	2	1	intogen_temporal_new	native_string_full700	ot_all__to__intogen_temporal_new	target
PRUNE2	2	1	intogen_temporal_new	native_string_full700	ot_all__to__intogen_temporal_new	target
BAZ1A	2	1	intogen_temporal_new	native_string_full700	ot_all__to__intogen_temporal_new	target
SHTN1	2	1	intogen_temporal_new	native_string_full700	ot_all__to__intogen_temporal_new	target
GRM3	2	1	intogen_temporal_new	native_string_full700	ot_all__to__intogen_temporal_new	target
CSMD3	2	1	intogen_temporal_new	native_string_full700	ot_all__to__intogen_temporal_new	target
ELK4	2	1	intogen_temporal_new	native_string_full700	ot_all__to__intogen_temporal_new	target
ZNF750	2	1	intogen_temporal_new	native_string_full700	ot_all__to__intogen_temporal_new	target
COL6A6	2	1	intogen_temporal_new	native_string_full700	ot_all__to__intogen_temporal_new	target
N4BP2	2	1	intogen_temporal_new	native_string_full700	ot_all__to__intogen_temporal_new	target
ALPK1	2	1	intogen_temporal_new	native_string_full700	ot_all__to__intogen_temporal_new	target
TFDP3	2	0	intogen_temporal_new	native_string_full700	ot_all__to__intogen_temporal_new	background
NELFB	2	0	intogen_temporal_new	native_string_full700	ot_all__to__intogen_temporal_new	background
EIF5AL1	2	0	intogen_temporal_new	native_string_full700	ot_all__to__intogen_temporal_new	background
GLUD1	2	0	intogen_temporal_new	native_string_full700	ot_all__to__intogen_temporal_new	background
RIF1	2	0	intogen_temporal_new	native_string_full700	ot_all__to__intogen_temporal_new	background
METTL7B	2	0	intogen_temporal_new	native_string_full700	ot_all__to__intogen_temporal_new	background
LRFN4	2	0	intogen_temporal_new	native_string_full700	ot_all__to__intogen_temporal_new	background
PRPF38A	2	0	intogen_temporal_new	native_string_full700	ot_all__to__intogen_temporal_new	background
RDH10	2	0	intogen_temporal_new	native_string_full700	ot_all__to__intogen_temporal_new	background
AP4E1	2	0	intogen_temporal_new	native_string_full700	ot_all__to__intogen_temporal_new	background
ATF6	2	0	intogen_temporal_new	native_string_full700	ot_all__to__intogen_temporal_new	background
MRPL14	2	0	intogen_temporal_new	native_string_full700	ot_all__to__intogen_temporal_new	background
ULK3	2	0	intogen_temporal_new	native_string_full700	ot_all__to__intogen_temporal_new	background
ETFB	2	0	intogen_temporal_new	native_string_full700	ot_all__to__intogen_temporal_new	background
NINL	2	0	intogen_temporal_new	native_string_full700	ot_all__to__intogen_temporal_new	background
ABI3BP	2	0	intogen_temporal_new	native_string_full700	ot_all__to__intogen_temporal_new	background
CDCP2	2	0	intogen_temporal_new	native_string_full700	ot_all__to__intogen_temporal_new	background
PRRC1	2	0	intogen_temporal_new	native_string_full700	ot_all__to__intogen_temporal_new	background
TASOR	2	0	intogen_temporal_new	native_string_full700	ot_all__to__intogen_temporal_new	background
CD5	2	0	intogen_temporal_new	native_string_full700	ot_all__to__intogen_temporal_new	background
CFAP36	2	0	intogen_temporal_new	native_string_full700	ot_all__to__intogen_temporal_new	background
GRB10	2	0	intogen_temporal_new	native_string_full700	ot_all__to__intogen_temporal_new	background
RXFP4	2	0	intogen_temporal_new	native_string_full700	ot_all__to__intogen_temporal_new	background
CCDC9	2	0	intogen_temporal_new	native_string_full700	ot_all__to__intogen_temporal_new	background
TBCB	2	0	intogen_temporal_new	native_string_full700	ot_all__to__intogen_temporal_new	background
EGR2	2	0	intogen_temporal_new	native_string_full700	ot_all__to__intogen_temporal_new	background
BNC2	2	0	intogen_temporal_new	native_string_full700	ot_all__to__intogen_temporal_new	background
TAF11L14	2	0	intogen_temporal_new	native_string_full700	ot_all__to__intogen_temporal_new	background
DTX3	2	0	intogen_temporal_new	native_string_full700	ot_all__to__intogen_temporal_new	background
PIAS2	2	0	intogen_temporal_new	native_string_full700	ot_all__to__intogen_temporal_new	background
ALG5	2	0	intogen_temporal_new	native_string_full700	ot_all__to__intogen_temporal_new	background
CYP4X1	2	0	intogen_temporal_new	native_string_full700	ot_all__to__intogen_temporal_new	background
ARL2	2	0	intogen_temporal_new	native_string_full700	ot_all__to__intogen_temporal_new	background
CCNK	2	0	intogen_temporal_new	native_string_full700	ot_all__to__intogen_temporal_new	background
MR1	2	0	intogen_temporal_new	native_string_full700	ot_all__to__intogen_temporal_new	background
OR5AU1	2	0	intogen_temporal_new	native_string_full700	ot_all__to__intogen_temporal_new	background
CENPU	2	0	intogen_temporal_new	native_string_full700	ot_all__to__intogen_temporal_new	background
CAPN12	2	0	intogen_temporal_new	native_string_full700	ot_all__to__intogen_temporal_new	background
CACTIN	2	0	intogen_temporal_new	native_string_full700	ot_all__to__intogen_temporal_new	background
HTR7	2	0	intogen_temporal_new	native_string_full700	ot_all__to__intogen_temporal_new	background
NSUN3	2	0	intogen_temporal_new	native_string_full700	ot_all__to__intogen_temporal_new	background
NDST1	2	0	intogen_temporal_new	native_string_full700	ot_all__to__intogen_temporal_new	background
NTN4	2	0	intogen_temporal_new	native_string_full700	ot_all__to__intogen_temporal_new	background
HM13	2	0	intogen_temporal_new	native_string_full700	ot_all__to__intogen_temporal_new	background
C1orf146	2	0	intogen_temporal_new	native_string_full700	ot_all__to__intogen_temporal_new	background
UBR7	2	0	intogen_temporal_new	native_string_full700	ot_all__to__intogen_temporal_new	background
AP4M1	2	0	intogen_temporal_new	native_string_full700	ot_all__to__intogen_temporal_new	background
PPM1F	2	0	intogen_temporal_new	native_string_full700	ot_all__to__intogen_temporal_new	background
LTK	2	0	intogen_temporal_new	native_string_full700	ot_all__to__intogen_temporal_new	background
ADHFE1	2	0	intogen_temporal_new	native_string_full700	ot_all__to__intogen_temporal_new	background
SGPL1	2	0	intogen_temporal_new	native_string_full700	ot_all__to__intogen_temporal_new	background
HSD3B7	2	0	intogen_temporal_new	native_string_full700	ot_all__to__intogen_temporal_new	background
ATG4B	2	0	intogen_temporal_new	native_string_full700	ot_all__to__intogen_temporal_new	background
PRICKLE3	2	0	intogen_temporal_new	native_string_full700	ot_all__to__intogen_temporal_new	background
PAM	2	0	intogen_temporal_new	native_string_full700	ot_all__to__intogen_temporal_new	background
PIPOX	2	0	intogen_temporal_new	native_string_full700	ot_all__to__intogen_temporal_new	background
KTI12	2	0	intogen_temporal_new	native_string_full700	ot_all__to__intogen_temporal_new	background
SLC6A18	2	0	intogen_temporal_new	native_string_full700	ot_all__to__intogen_temporal_new	background
ASDURF	2	0	intogen_temporal_new	native_string_full700	ot_all__to__intogen_temporal_new	background
POMT2	2	0	intogen_temporal_new	native_string_full700	ot_all__to__intogen_temporal_new	background
SRF	2	0	intogen_temporal_new	native_string_full700	ot_all__to__intogen_temporal_new	background
CLTB	2	0	intogen_temporal_new	native_string_full700	ot_all__to__intogen_temporal_new	background
MAT2B	2	0	intogen_temporal_new	native_string_full700	ot_all__to__intogen_temporal_new	background
CHAT	2	0	intogen_temporal_new	native_string_full700	ot_all__to__intogen_temporal_new	background
BAAT	2	0	intogen_temporal_new	native_string_full700	ot_all__to__intogen_temporal_new	background
SCFD2	2	0	intogen_temporal_new	native_string_full700	ot_all__to__intogen_temporal_new	background
DERL1	2	0	intogen_temporal_new	native_string_full700	ot_all__to__intogen_temporal_new	background
TIMMDC1	2	0	intogen_temporal_new	native_string_full700	ot_all__to__intogen_temporal_new	background
GALP	2	0	intogen_temporal_new	native_string_full700	ot_all__to__intogen_temporal_new	background
MBD3L2	2	0	intogen_temporal_new	native_string_full700	ot_all__to__intogen_temporal_new	background
HNRNPDL	2	0	intogen_temporal_new	native_string_full700	ot_all__to__intogen_temporal_new	background
USP15	2	0	intogen_temporal_new	native_string_full700	ot_all__to__intogen_temporal_new	background
CALML6	2	0	intogen_temporal_new	native_string_full700	ot_all__to__intogen_temporal_new	background
ATF7IP	2	0	intogen_temporal_new	native_string_full700	ot_all__to__intogen_temporal_new	background
KRT34	2	0	intogen_temporal_new	native_string_full700	ot_all__to__intogen_temporal_new	background
FBN3	2	0	intogen_temporal_new	native_string_full700	ot_all__to__intogen_temporal_new	background
KCNN3	2	0	intogen_temporal_new	native_string_full700	ot_all__to__intogen_temporal_new	background
TNFAIP3	2	0	intogen_temporal_new	native_string_full700	ot_all__to__intogen_temporal_new	background
FBXW8	2	0	intogen_temporal_new	native_string_full700	ot_all__to__intogen_temporal_new	background
SLC22A18	2	0	intogen_temporal_new	native_string_full700	ot_all__to__intogen_temporal_new	background
NPC1	2	0	intogen_temporal_new	native_string_full700	ot_all__to__intogen_temporal_new	background
FAM91A1	2	0	intogen_temporal_new	native_string_full700	ot_all__to__intogen_temporal_new	background
ZNF624	2	0	intogen_temporal_new	native_string_full700	ot_all__to__intogen_temporal_new	background
KCTD7	2	0	intogen_temporal_new	native_string_full700	ot_all__to__intogen_temporal_new	background
MINPP1	2	0	intogen_temporal_new	native_string_full700	ot_all__to__intogen_temporal_new	background
RPL37	2	0	intogen_temporal_new	native_string_full700	ot_all__to__intogen_temporal_new	background
KLKB1	2	0	intogen_temporal_new	native_string_full700	ot_all__to__intogen_temporal_new	background
ATG2B	2	0	intogen_temporal_new	native_string_full700	ot_all__to__intogen_temporal_new	background
TUBGCP5	2	0	intogen_temporal_new	native_string_full700	ot_all__to__intogen_temporal_new	background
MYNN	2	0	intogen_temporal_new	native_string_full700	ot_all__to__intogen_temporal_new	background
EOMES	2	0	intogen_temporal_new	native_string_full700	ot_all__to__intogen_temporal_new	background
ADH5	2	0	intogen_temporal_new	native_string_full700	ot_all__to__intogen_temporal_new	background
KCNJ18	2	0	intogen_temporal_new	native_string_full700	ot_all__to__intogen_temporal_new	background
NDUFB6	2	0	intogen_temporal_new	native_string_full700	ot_all__to__intogen_temporal_new	background
SLCO1A2	2	0	intogen_temporal_new	native_string_full700	ot_all__to__intogen_temporal_new	background
PAXIP1	2	0	intogen_temporal_new	native_string_full700	ot_all__to__intogen_temporal_new	background
MPST	2	0	intogen_temporal_new	native_string_full700	ot_all__to__intogen_temporal_new	background
PRKAA1	2	0	intogen_temporal_new	native_string_full700	ot_all__to__intogen_temporal_new	background
NFE2L3	2	0	intogen_temporal_new	native_string_full700	ot_all__to__intogen_temporal_new	background
NME2	2	0	intogen_temporal_new	native_string_full700	ot_all__to__intogen_temporal_new	background
ARFRP1	2	0	intogen_temporal_new	native_string_full700	ot_all__to__intogen_temporal_new	background
MYO5C	2	0	intogen_temporal_new	native_string_full700	ot_all__to__intogen_temporal_new	background
CCBE1	2	0	intogen_temporal_new	native_string_full700	ot_all__to__intogen_temporal_new	background
GFRAL	2	0	intogen_temporal_new	native_string_full700	ot_all__to__intogen_temporal_new	background
HSPE1-MOB4	2	0	intogen_temporal_new	native_string_full700	ot_all__to__intogen_temporal_new	background
NUBPL	2	0	intogen_temporal_new	native_string_full700	ot_all__to__intogen_temporal_new	background
PTPN20	2	0	intogen_temporal_new	native_string_full700	ot_all__to__intogen_temporal_new	background
HS3ST2	2	0	intogen_temporal_new	native_string_full700	ot_all__to__intogen_temporal_new	background
ACO2	2	0	intogen_temporal_new	native_string_full700	ot_all__to__intogen_temporal_new	background
UBL5	2	0	intogen_temporal_new	native_string_full700	ot_all__to__intogen_temporal_new	background
GPA33	2	0	intogen_temporal_new	native_string_full700	ot_all__to__intogen_temporal_new	background
CST7	2	0	intogen_temporal_new	native_string_full700	ot_all__to__intogen_temporal_new	background
GGTLC3	2	0	intogen_temporal_new	native_string_full700	ot_all__to__intogen_temporal_new	background
PSG6	2	0	intogen_temporal_new	native_string_full700	ot_all__to__intogen_temporal_new	background
FGF12	2	0	intogen_temporal_new	native_string_full700	ot_all__to__intogen_temporal_new	background
IL2	2	0	intogen_temporal_new	native_string_full700	ot_all__to__intogen_temporal_new	background
ARHGAP12	2	0	intogen_temporal_new	native_string_full700	ot_all__to__intogen_temporal_new	background
CAPN10	2	0	intogen_temporal_new	native_string_full700	ot_all__to__intogen_temporal_new	background
TRIM7	2	0	intogen_temporal_new	native_string_full700	ot_all__to__intogen_temporal_new	background
SLC19A3	2	0	intogen_temporal_new	native_string_full700	ot_all__to__intogen_temporal_new	background
AMY2A	2	0	intogen_temporal_new	native_string_full700	ot_all__to__intogen_temporal_new	background
NT5C1A	2	0	intogen_temporal_new	native_string_full700	ot_all__to__intogen_temporal_new	background
SNTG1	2	0	intogen_temporal_new	native_string_full700	ot_all__to__intogen_temporal_new	background
SHISA7	2	0	intogen_temporal_new	native_string_full700	ot_all__to__intogen_temporal_new	background
SDHAF3	2	0	intogen_temporal_new	native_string_full700	ot_all__to__intogen_temporal_new	background
COG6	2	0	intogen_temporal_new	native_string_full700	ot_all__to__intogen_temporal_new	background
PTPDC1	2	0	intogen_temporal_new	native_string_full700	ot_all__to__intogen_temporal_new	background
NEDD1	2	0	intogen_temporal_new	native_string_full700	ot_all__to__intogen_temporal_new	background
POC5	2	0	intogen_temporal_new	native_string_full700	ot_all__to__intogen_temporal_new	background
MKKS	2	0	intogen_temporal_new	native_string_full700	ot_all__to__intogen_temporal_new	background
TNNI2	2	0	intogen_temporal_new	native_string_full700	ot_all__to__intogen_temporal_new	background
ZNF232	2	0	intogen_temporal_new	native_string_full700	ot_all__to__intogen_temporal_new	background
IL27RA	2	0	intogen_temporal_new	native_string_full700	ot_all__to__intogen_temporal_new	background
CLPS	2	0	intogen_temporal_new	native_string_full700	ot_all__to__intogen_temporal_new	background
AK2	2	0	intogen_temporal_new	native_string_full700	ot_all__to__intogen_temporal_new	background
LTB4R	2	0	intogen_temporal_new	native_string_full700	ot_all__to__intogen_temporal_new	background
TEX10	2	0	intogen_temporal_new	native_string_full700	ot_all__to__intogen_temporal_new	background
CTNNBL1	2	0	intogen_temporal_new	native_string_full700	ot_all__to__intogen_temporal_new	background
SLAIN2	2	0	intogen_temporal_new	native_string_full700	ot_all__to__intogen_temporal_new	background
HDGFL2	2	0	intogen_temporal_new	native_string_full700	ot_all__to__intogen_temporal_new	background
STOML3	2	0	intogen_temporal_new	native_string_full700	ot_all__to__intogen_temporal_new	background
CSAG3	2	0	intogen_temporal_new	native_string_full700	ot_all__to__intogen_temporal_new	background
ENSP00000370980	2	0	intogen_temporal_new	native_string_full700	ot_all__to__intogen_temporal_new	background
HBM	2	0	intogen_temporal_new	native_string_full700	ot_all__to__intogen_temporal_new	background
FOXRED2	2	0	intogen_temporal_new	native_string_full700	ot_all__to__intogen_temporal_new	background
TRIOBP	2	0	intogen_temporal_new	native_string_full700	ot_all__to__intogen_temporal_new	background
KRTAP13-1	2	0	intogen_temporal_new	native_string_full700	ot_all__to__intogen_temporal_new	background
FKBP15	2	0	intogen_temporal_new	native_string_full700	ot_all__to__intogen_temporal_new	background
MRGPRF	2	0	intogen_temporal_new	native_string_full700	ot_all__to__intogen_temporal_new	background
OR8D2	2	0	intogen_temporal_new	native_string_full700	ot_all__to__intogen_temporal_new	background
BRF2	2	0	intogen_temporal_new	native_string_full700	ot_all__to__intogen_temporal_new	background
SMAD9	2	0	intogen_temporal_new	native_string_full700	ot_all__to__intogen_temporal_new	background
IFNA16	2	0	intogen_temporal_new	native_string_full700	ot_all__to__intogen_temporal_new	background
LEFTY1	2	0	intogen_temporal_new	native_string_full700	ot_all__to__intogen_temporal_new	background
DAGLA	2	0	intogen_temporal_new	native_string_full700	ot_all__to__intogen_temporal_new	background
CYP8B1	2	0	intogen_temporal_new	native_string_full700	ot_all__to__intogen_temporal_new	background
OTUD5	2	0	intogen_temporal_new	native_string_full700	ot_all__to__intogen_temporal_new	background
MBNL1	2	0	intogen_temporal_new	native_string_full700	ot_all__to__intogen_temporal_new	background
SPDYE1	2	0	intogen_temporal_new	native_string_full700	ot_all__to__intogen_temporal_new	background
CALML3	2	0	intogen_temporal_new	native_string_full700	ot_all__to__intogen_temporal_new	background
ST6GALNAC1	2	0	intogen_temporal_new	native_string_full700	ot_all__to__intogen_temporal_new	background
CATSPERG	2	0	intogen_temporal_new	native_string_full700	ot_all__to__intogen_temporal_new	background
KRTAP6-3	2	0	intogen_temporal_new	native_string_full700	ot_all__to__intogen_temporal_new	background
TTK	2	0	intogen_temporal_new	native_string_full700	ot_all__to__intogen_temporal_new	background
COL1A2	2	0	intogen_temporal_new	native_string_full700	ot_all__to__intogen_temporal_new	background
RND2	2	0	intogen_temporal_new	native_string_full700	ot_all__to__intogen_temporal_new	background
SCNN1A	2	0	intogen_temporal_new	native_string_full700	ot_all__to__intogen_temporal_new	background
OTUD7B	2	0	intogen_temporal_new	native_string_full700	ot_all__to__intogen_temporal_new	background
KLK11	2	0	intogen_temporal_new	native_string_full700	ot_all__to__intogen_temporal_new	background
FAM32A	2	0	intogen_temporal_new	native_string_full700	ot_all__to__intogen_temporal_new	background
PNN	2	0	intogen_temporal_new	native_string_full700	ot_all__to__intogen_temporal_new	background
FAM149B1	2	0	intogen_temporal_new	native_string_full700	ot_all__to__intogen_temporal_new	background
CHST14	2	0	intogen_temporal_new	native_string_full700	ot_all__to__intogen_temporal_new	background
GAGE2E	2	0	intogen_temporal_new	native_string_full700	ot_all__to__intogen_temporal_new	background
KLK6	2	0	intogen_temporal_new	native_string_full700	ot_all__to__intogen_temporal_new	background
CGA	2	0	intogen_temporal_new	native_string_full700	ot_all__to__intogen_temporal_new	background
OR9A4	2	0	intogen_temporal_new	native_string_full700	ot_all__to__intogen_temporal_new	background
GRID2	2	0	intogen_temporal_new	native_string_full700	ot_all__to__intogen_temporal_new	background
KCNT1	2	0	intogen_temporal_new	native_string_full700	ot_all__to__intogen_temporal_new	background
SMCR8	2	0	intogen_temporal_new	native_string_full700	ot_all__to__intogen_temporal_new	background
STXBP6	2	0	intogen_temporal_new	native_string_full700	ot_all__to__intogen_temporal_new	background
TTLL10	2	0	intogen_temporal_new	native_string_full700	ot_all__to__intogen_temporal_new	background
C1QA	2	0	intogen_temporal_new	native_string_full700	ot_all__to__intogen_temporal_new	background
CENPI	2	0	intogen_temporal_new	native_string_full700	ot_all__to__intogen_temporal_new	background
CCNB1	2	0	intogen_temporal_new	native_string_full700	ot_all__to__intogen_temporal_new	background
ZNF223	2	0	intogen_temporal_new	native_string_full700	ot_all__to__intogen_temporal_new	background
TAT	2	0	intogen_temporal_new	native_string_full700	ot_all__to__intogen_temporal_new	background
SIDT1	2	0	intogen_temporal_new	native_string_full700	ot_all__to__intogen_temporal_new	background
LYRM9	2	0	intogen_temporal_new	native_string_full700	ot_all__to__intogen_temporal_new	background
CC2D1A	2	0	intogen_temporal_new	native_string_full700	ot_all__to__intogen_temporal_new	background
HTATSF1	2	0	intogen_temporal_new	native_string_full700	ot_all__to__intogen_temporal_new	background
PODXL	2	0	intogen_temporal_new	native_string_full700	ot_all__to__intogen_temporal_new	background
HINT1	2	0	intogen_temporal_new	native_string_full700	ot_all__to__intogen_temporal_new	background
FAM120C	2	0	intogen_temporal_new	native_string_full700	ot_all__to__intogen_temporal_new	background
OR7D4	2	0	intogen_temporal_new	native_string_full700	ot_all__to__intogen_temporal_new	background
HOMEZ	2	0	intogen_temporal_new	native_string_full700	ot_all__to__intogen_temporal_new	background
ALG9	2	0	intogen_temporal_new	native_string_full700	ot_all__to__intogen_temporal_new	background
PDLIM5	2	0	intogen_temporal_new	native_string_full700	ot_all__to__intogen_temporal_new	background
NDE1	2	0	intogen_temporal_new	native_string_full700	ot_all__to__intogen_temporal_new	background
ZHX2	2	0	intogen_temporal_new	native_string_full700	ot_all__to__intogen_temporal_new	background
FMN2	3	1	intogen_temporal_new	native_string_full700	ot_all__to__intogen_temporal_new	target
AKAP9	3	1	intogen_temporal_new	native_string_full700	ot_all__to__intogen_temporal_new	target
TFRC	3	1	intogen_temporal_new	native_string_full700	ot_all__to__intogen_temporal_new	target
BTG2	3	1	intogen_temporal_new	native_string_full700	ot_all__to__intogen_temporal_new	target
GPAA1	3	1	intogen_temporal_new	native_string_full700	ot_all__to__intogen_temporal_new	target
TCF12	3	1	intogen_temporal_new	native_string_full700	ot_all__to__intogen_temporal_new	target
ACSM3	3	1	intogen_temporal_new	native_string_full700	ot_all__to__intogen_temporal_new	target
INPPL1	3	1	intogen_temporal_new	native_string_full700	ot_all__to__intogen_temporal_new	target
WNT1	3	1	intogen_temporal_new	native_string_full700	ot_all__to__intogen_temporal_new	target
AFF4	3	1	intogen_temporal_new	native_string_full700	ot_all__to__intogen_temporal_new	target
GSK3B	3	1	intogen_temporal_new	native_string_full700	ot_all__to__intogen_temporal_new	target
ATP2B3	3	1	intogen_temporal_new	native_string_full700	ot_all__to__intogen_temporal_new	target
NCKIPSD	3	1	intogen_temporal_new	native_string_full700	ot_all__to__intogen_temporal_new	target
TCL1A	3	1	intogen_temporal_new	native_string_full700	ot_all__to__intogen_temporal_new	target
CTNNA2	3	1	intogen_temporal_new	native_string_full700	ot_all__to__intogen_temporal_new	target
GPC5	3	1	intogen_temporal_new	native_string_full700	ot_all__to__intogen_temporal_new	target
FUS	3	1	intogen_temporal_new	native_string_full700	ot_all__to__intogen_temporal_new	target
TMSB4X	3	1	intogen_temporal_new	native_string_full700	ot_all__to__intogen_temporal_new	target
AFDN	3	1	intogen_temporal_new	native_string_full700	ot_all__to__intogen_temporal_new	target
PER3	3	1	intogen_temporal_new	native_string_full700	ot_all__to__intogen_temporal_new	target
DSP	3	1	intogen_temporal_new	native_string_full700	ot_all__to__intogen_temporal_new	target
SAMHD1	3	1	intogen_temporal_new	native_string_full700	ot_all__to__intogen_temporal_new	target
ANKRD11	3	1	intogen_temporal_new	native_string_full700	ot_all__to__intogen_temporal_new	target
PI4KA	3	1	intogen_temporal_new	native_string_full700	ot_all__to__intogen_temporal_new	target
SDCBP	3	1	intogen_temporal_new	native_string_full700	ot_all__to__intogen_temporal_new	target
FLG	3	1	intogen_temporal_new	native_string_full700	ot_all__to__intogen_temporal_new	target
ROBO2	3	1	intogen_temporal_new	native_string_full700	ot_all__to__intogen_temporal_new	target
ZBTB48	3	1	intogen_temporal_new	native_string_full700	ot_all__to__intogen_temporal_new	target
TSHR	3	1	intogen_temporal_new	native_string_full700	ot_all__to__intogen_temporal_new	target
ITGAV	3	1	intogen_temporal_new	native_string_full700	ot_all__to__intogen_temporal_new	target
CTNNA1	3	1	intogen_temporal_new	native_string_full700	ot_all__to__intogen_temporal_new	target
NVL	3	1	intogen_temporal_new	native_string_full700	ot_all__to__intogen_temporal_new	target
SMARCA2	3	1	intogen_temporal_new	native_string_full700	ot_all__to__intogen_temporal_new	target
KNSTRN	3	1	intogen_temporal_new	native_string_full700	ot_all__to__intogen_temporal_new	target
BMP6	3	1	intogen_temporal_new	native_string_full700	ot_all__to__intogen_temporal_new	target
PSPC1	3	1	intogen_temporal_new	native_string_full700	ot_all__to__intogen_temporal_new	target
CRLF2	3	1	intogen_temporal_new	native_string_full700	ot_all__to__intogen_temporal_new	target
LSM14A	3	1	intogen_temporal_new	native_string_full700	ot_all__to__intogen_temporal_new	target
CANT1	3	1	intogen_temporal_new	native_string_full700	ot_all__to__intogen_temporal_new	target
PLXNC1	3	1	intogen_temporal_new	native_string_full700	ot_all__to__intogen_temporal_new	target
HLA-DQA1	3	1	intogen_temporal_new	native_string_full700	ot_all__to__intogen_temporal_new	target
FBLN2	3	1	intogen_temporal_new	native_string_full700	ot_all__to__intogen_temporal_new	target
ACSL6	3	1	intogen_temporal_new	native_string_full700	ot_all__to__intogen_temporal_new	target
LPA	3	1	intogen_temporal_new	native_string_full700	ot_all__to__intogen_temporal_new	target
USP7	3	1	intogen_temporal_new	native_string_full700	ot_all__to__intogen_temporal_new	target
UBXN11	3	1	intogen_temporal_new	native_string_full700	ot_all__to__intogen_temporal_new	target
ARNT	3	1	intogen_temporal_new	native_string_full700	ot_all__to__intogen_temporal_new	target
ZNF274	3	1	intogen_temporal_new	native_string_full700	ot_all__to__intogen_temporal_new	target
PRDM16	3	1	intogen_temporal_new	native_string_full700	ot_all__to__intogen_temporal_new	target
ZNF395	3	1	intogen_temporal_new	native_string_full700	ot_all__to__intogen_temporal_new	target
KNL1	3	1	intogen_temporal_new	native_string_full700	ot_all__to__intogen_temporal_new	target
ALDH2	3	1	intogen_temporal_new	native_string_full700	ot_all__to__intogen_temporal_new	target
TAL2	3	1	intogen_temporal_new	native_string_full700	ot_all__to__intogen_temporal_new	target
CCAR1	3	1	intogen_temporal_new	native_string_full700	ot_all__to__intogen_temporal_new	target
TRAF7	3	1	intogen_temporal_new	native_string_full700	ot_all__to__intogen_temporal_new	target
RSPO2	3	1	intogen_temporal_new	native_string_full700	ot_all__to__intogen_temporal_new	target
ANK1	3	1	intogen_temporal_new	native_string_full700	ot_all__to__intogen_temporal_new	target
KMT5A	3	1	intogen_temporal_new	native_string_full700	ot_all__to__intogen_temporal_new	target
PWWP2A	3	1	intogen_temporal_new	native_string_full700	ot_all__to__intogen_temporal_new	target
PTPN3	3	1	intogen_temporal_new	native_string_full700	ot_all__to__intogen_temporal_new	target
CEP89	3	1	intogen_temporal_new	native_string_full700	ot_all__to__intogen_temporal_new	target
HIF1A	3	1	intogen_temporal_new	native_string_full700	ot_all__to__intogen_temporal_new	target
ATP1A1	3	1	intogen_temporal_new	native_string_full700	ot_all__to__intogen_temporal_new	target
TPR	3	1	intogen_temporal_new	native_string_full700	ot_all__to__intogen_temporal_new	target
FCRL4	3	1	intogen_temporal_new	native_string_full700	ot_all__to__intogen_temporal_new	target
COL2A1	3	1	intogen_temporal_new	native_string_full700	ot_all__to__intogen_temporal_new	target
NSD3	3	1	intogen_temporal_new	native_string_full700	ot_all__to__intogen_temporal_new	target
RRN3	3	1	intogen_temporal_new	native_string_full700	ot_all__to__intogen_temporal_new	target
ETV1	3	1	intogen_temporal_new	native_string_full700	ot_all__to__intogen_temporal_new	target
ADAMTS9	3	1	intogen_temporal_new	native_string_full700	ot_all__to__intogen_temporal_new	target
MDGA2	3	1	intogen_temporal_new	native_string_full700	ot_all__to__intogen_temporal_new	target
ZCCHC8	3	1	intogen_temporal_new	native_string_full700	ot_all__to__intogen_temporal_new	target
THRAP3	3	1	intogen_temporal_new	native_string_full700	ot_all__to__intogen_temporal_new	target
HLA-C	3	1	intogen_temporal_new	native_string_full700	ot_all__to__intogen_temporal_new	target
MLLT6	3	1	intogen_temporal_new	native_string_full700	ot_all__to__intogen_temporal_new	target
NACA	3	1	intogen_temporal_new	native_string_full700	ot_all__to__intogen_temporal_new	target
PCM1	3	1	intogen_temporal_new	native_string_full700	ot_all__to__intogen_temporal_new	target
RPL5	3	1	intogen_temporal_new	native_string_full700	ot_all__to__intogen_temporal_new	target
LEF1	3	1	intogen_temporal_new	native_string_full700	ot_all__to__intogen_temporal_new	target
NCAPH	3	1	intogen_temporal_new	native_string_full700	ot_all__to__intogen_temporal_new	target
TAL1	3	1	intogen_temporal_new	native_string_full700	ot_all__to__intogen_temporal_new	target
MYEOV	3	1	intogen_temporal_new	native_string_full700	ot_all__to__intogen_temporal_new	target
WWTR1	3	1	intogen_temporal_new	native_string_full700	ot_all__to__intogen_temporal_new	target
CTNND2	3	1	intogen_temporal_new	native_string_full700	ot_all__to__intogen_temporal_new	target
CADM2	3	1	intogen_temporal_new	native_string_full700	ot_all__to__intogen_temporal_new	target
NUTM1	3	1	intogen_temporal_new	native_string_full700	ot_all__to__intogen_temporal_new	target
CSPG4	3	1	intogen_temporal_new	native_string_full700	ot_all__to__intogen_temporal_new	target
EIF4A2	3	1	intogen_temporal_new	native_string_full700	ot_all__to__intogen_temporal_new	target
COL6A3	3	1	intogen_temporal_new	native_string_full700	ot_all__to__intogen_temporal_new	target
KAT7	3	1	intogen_temporal_new	native_string_full700	ot_all__to__intogen_temporal_new	target
PDZD2	3	1	intogen_temporal_new	native_string_full700	ot_all__to__intogen_temporal_new	target
ZMYM3	3	1	intogen_temporal_new	native_string_full700	ot_all__to__intogen_temporal_new	target
PICALM	3	1	intogen_temporal_new	native_string_full700	ot_all__to__intogen_temporal_new	target
CD209	3	1	intogen_temporal_new	native_string_full700	ot_all__to__intogen_temporal_new	target
MED23	3	1	intogen_temporal_new	native_string_full700	ot_all__to__intogen_temporal_new	target
MIB2	3	1	intogen_temporal_new	native_string_full700	ot_all__to__intogen_temporal_new	target
FCGR2B	3	1	intogen_temporal_new	native_string_full700	ot_all__to__intogen_temporal_new	target
CBLB	3	1	intogen_temporal_new	native_string_full700	ot_all__to__intogen_temporal_new	target
CCNT1	3	1	intogen_temporal_new	native_string_full700	ot_all__to__intogen_temporal_new	target
ACVR1B	3	1	intogen_temporal_new	native_string_full700	ot_all__to__intogen_temporal_new	target
MACC1	3	1	intogen_temporal_new	native_string_full700	ot_all__to__intogen_temporal_new	target
HCAR3	3	1	intogen_temporal_new	native_string_full700	ot_all__to__intogen_temporal_new	target
MUC6	3	1	intogen_temporal_new	native_string_full700	ot_all__to__intogen_temporal_new	target
MCM7	3	1	intogen_temporal_new	native_string_full700	ot_all__to__intogen_temporal_new	target
TAF1L	3	1	intogen_temporal_new	native_string_full700	ot_all__to__intogen_temporal_new	target
FGD1	3	1	intogen_temporal_new	native_string_full700	ot_all__to__intogen_temporal_new	target
SLC34A2	3	1	intogen_temporal_new	native_string_full700	ot_all__to__intogen_temporal_new	target
CHD7	3	1	intogen_temporal_new	native_string_full700	ot_all__to__intogen_temporal_new	target
NUP98	3	1	intogen_temporal_new	native_string_full700	ot_all__to__intogen_temporal_new	target
HDAC4	3	1	intogen_temporal_new	native_string_full700	ot_all__to__intogen_temporal_new	target
ABCC4	3	1	intogen_temporal_new	native_string_full700	ot_all__to__intogen_temporal_new	target
PRUNE2	3	1	intogen_temporal_new	native_string_full700	ot_all__to__intogen_temporal_new	target
BAZ1A	3	1	intogen_temporal_new	native_string_full700	ot_all__to__intogen_temporal_new	target
SHTN1	3	1	intogen_temporal_new	native_string_full700	ot_all__to__intogen_temporal_new	target
GRM3	3	1	intogen_temporal_new	native_string_full700	ot_all__to__intogen_temporal_new	target
CSMD3	3	1	intogen_temporal_new	native_string_full700	ot_all__to__intogen_temporal_new	target
ELK4	3	1	intogen_temporal_new	native_string_full700	ot_all__to__intogen_temporal_new	target
ZNF750	3	1	intogen_temporal_new	native_string_full700	ot_all__to__intogen_temporal_new	target
COL6A6	3	1	intogen_temporal_new	native_string_full700	ot_all__to__intogen_temporal_new	target
N4BP2	3	1	intogen_temporal_new	native_string_full700	ot_all__to__intogen_temporal_new	target
ALPK1	3	1	intogen_temporal_new	native_string_full700	ot_all__to__intogen_temporal_new	target
FBN2	3	0	intogen_temporal_new	native_string_full700	ot_all__to__intogen_temporal_new	background
ZNF41	3	0	intogen_temporal_new	native_string_full700	ot_all__to__intogen_temporal_new	background
DGKQ	3	0	intogen_temporal_new	native_string_full700	ot_all__to__intogen_temporal_new	background
ACBD3	3	0	intogen_temporal_new	native_string_full700	ot_all__to__intogen_temporal_new	background
ATG10	3	0	intogen_temporal_new	native_string_full700	ot_all__to__intogen_temporal_new	background
NLK	3	0	intogen_temporal_new	native_string_full700	ot_all__to__intogen_temporal_new	background
UBA2	3	0	intogen_temporal_new	native_string_full700	ot_all__to__intogen_temporal_new	background
TENM1	3	0	intogen_temporal_new	native_string_full700	ot_all__to__intogen_temporal_new	background
MYL12B	3	0	intogen_temporal_new	native_string_full700	ot_all__to__intogen_temporal_new	background
FUT4	3	0	intogen_temporal_new	native_string_full700	ot_all__to__intogen_temporal_new	background
ZNF658	3	0	intogen_temporal_new	native_string_full700	ot_all__to__intogen_temporal_new	background
DLD	3	0	intogen_temporal_new	native_string_full700	ot_all__to__intogen_temporal_new	background
ABCC8	3	0	intogen_temporal_new	native_string_full700	ot_all__to__intogen_temporal_new	background
SEC23A	3	0	intogen_temporal_new	native_string_full700	ot_all__to__intogen_temporal_new	background
GRB7	3	0	intogen_temporal_new	native_string_full700	ot_all__to__intogen_temporal_new	background
RANBP10	3	0	intogen_temporal_new	native_string_full700	ot_all__to__intogen_temporal_new	background
SNRPD1	3	0	intogen_temporal_new	native_string_full700	ot_all__to__intogen_temporal_new	background
AGFG2	3	0	intogen_temporal_new	native_string_full700	ot_all__to__intogen_temporal_new	background
BTN2A1	3	0	intogen_temporal_new	native_string_full700	ot_all__to__intogen_temporal_new	background
CNTN5	3	0	intogen_temporal_new	native_string_full700	ot_all__to__intogen_temporal_new	background
BTN3A2	3	0	intogen_temporal_new	native_string_full700	ot_all__to__intogen_temporal_new	background
DLG5	3	0	intogen_temporal_new	native_string_full700	ot_all__to__intogen_temporal_new	background
CELA2B	3	0	intogen_temporal_new	native_string_full700	ot_all__to__intogen_temporal_new	background
CRELD2	3	0	intogen_temporal_new	native_string_full700	ot_all__to__intogen_temporal_new	background
PITPNA	3	0	intogen_temporal_new	native_string_full700	ot_all__to__intogen_temporal_new	background
BNIP1	3	0	intogen_temporal_new	native_string_full700	ot_all__to__intogen_temporal_new	background
SRPRA	3	0	intogen_temporal_new	native_string_full700	ot_all__to__intogen_temporal_new	background
MYLK	3	0	intogen_temporal_new	native_string_full700	ot_all__to__intogen_temporal_new	background
PPP6R3	3	0	intogen_temporal_new	native_string_full700	ot_all__to__intogen_temporal_new	background
NKX2-2	3	0	intogen_temporal_new	native_string_full700	ot_all__to__intogen_temporal_new	background
CREB3L3	3	0	intogen_temporal_new	native_string_full700	ot_all__to__intogen_temporal_new	background
RTKN	3	0	intogen_temporal_new	native_string_full700	ot_all__to__intogen_temporal_new	background
NIPAL3	3	0	intogen_temporal_new	native_string_full700	ot_all__to__intogen_temporal_new	background
RPS6KA3	3	0	intogen_temporal_new	native_string_full700	ot_all__to__intogen_temporal_new	background
RHOT1	3	0	intogen_temporal_new	native_string_full700	ot_all__to__intogen_temporal_new	background
FKTN	3	0	intogen_temporal_new	native_string_full700	ot_all__to__intogen_temporal_new	background
GABRA3	3	0	intogen_temporal_new	native_string_full700	ot_all__to__intogen_temporal_new	background
COL4A6	3	0	intogen_temporal_new	native_string_full700	ot_all__to__intogen_temporal_new	background
SLC25A18	3	0	intogen_temporal_new	native_string_full700	ot_all__to__intogen_temporal_new	background
TREH	3	0	intogen_temporal_new	native_string_full700	ot_all__to__intogen_temporal_new	background
KYAT3	3	0	intogen_temporal_new	native_string_full700	ot_all__to__intogen_temporal_new	background
ABRA	3	0	intogen_temporal_new	native_string_full700	ot_all__to__intogen_temporal_new	background
CBR4	3	0	intogen_temporal_new	native_string_full700	ot_all__to__intogen_temporal_new	background
NUP188	3	0	intogen_temporal_new	native_string_full700	ot_all__to__intogen_temporal_new	background
C11orf80	3	0	intogen_temporal_new	native_string_full700	ot_all__to__intogen_temporal_new	background
FBLL1	3	0	intogen_temporal_new	native_string_full700	ot_all__to__intogen_temporal_new	background
RIC8A	3	0	intogen_temporal_new	native_string_full700	ot_all__to__intogen_temporal_new	background
SGTB	3	0	intogen_temporal_new	native_string_full700	ot_all__to__intogen_temporal_new	background
N4BP3	3	0	intogen_temporal_new	native_string_full700	ot_all__to__intogen_temporal_new	background
PBX3	3	0	intogen_temporal_new	native_string_full700	ot_all__to__intogen_temporal_new	background
HRNR	3	0	intogen_temporal_new	native_string_full700	ot_all__to__intogen_temporal_new	background
MT-CO2	3	0	intogen_temporal_new	native_string_full700	ot_all__to__intogen_temporal_new	background
SKIL	3	0	intogen_temporal_new	native_string_full700	ot_all__to__intogen_temporal_new	background
GLRB	3	0	intogen_temporal_new	native_string_full700	ot_all__to__intogen_temporal_new	background
AICDA	3	0	intogen_temporal_new	native_string_full700	ot_all__to__intogen_temporal_new	background
MCM3	3	0	intogen_temporal_new	native_string_full700	ot_all__to__intogen_temporal_new	background
RASGRP1	3	0	intogen_temporal_new	native_string_full700	ot_all__to__intogen_temporal_new	background
KRT7	3	0	intogen_temporal_new	native_string_full700	ot_all__to__intogen_temporal_new	background
BSND	3	0	intogen_temporal_new	native_string_full700	ot_all__to__intogen_temporal_new	background
HLA-DRB5	3	0	intogen_temporal_new	native_string_full700	ot_all__to__intogen_temporal_new	background
NIPA1	3	0	intogen_temporal_new	native_string_full700	ot_all__to__intogen_temporal_new	background
PSMG4	3	0	intogen_temporal_new	native_string_full700	ot_all__to__intogen_temporal_new	background
GNAZ	3	0	intogen_temporal_new	native_string_full700	ot_all__to__intogen_temporal_new	background
TBC1D19	3	0	intogen_temporal_new	native_string_full700	ot_all__to__intogen_temporal_new	background
GPATCH2L	3	0	intogen_temporal_new	native_string_full700	ot_all__to__intogen_temporal_new	background
DAZAP1	3	0	intogen_temporal_new	native_string_full700	ot_all__to__intogen_temporal_new	background
SOX9	3	0	intogen_temporal_new	native_string_full700	ot_all__to__intogen_temporal_new	background
LRIG2	3	0	intogen_temporal_new	native_string_full700	ot_all__to__intogen_temporal_new	background
SIRT3	3	0	intogen_temporal_new	native_string_full700	ot_all__to__intogen_temporal_new	background
C7orf25	3	0	intogen_temporal_new	native_string_full700	ot_all__to__intogen_temporal_new	background
THOC2	3	0	intogen_temporal_new	native_string_full700	ot_all__to__intogen_temporal_new	background
SRPRB	3	0	intogen_temporal_new	native_string_full700	ot_all__to__intogen_temporal_new	background
KRT2	3	0	intogen_temporal_new	native_string_full700	ot_all__to__intogen_temporal_new	background
MORN5	3	0	intogen_temporal_new	native_string_full700	ot_all__to__intogen_temporal_new	background
TCP11L2	3	0	intogen_temporal_new	native_string_full700	ot_all__to__intogen_temporal_new	background
ECE1	3	0	intogen_temporal_new	native_string_full700	ot_all__to__intogen_temporal_new	background
CHRNB4	3	0	intogen_temporal_new	native_string_full700	ot_all__to__intogen_temporal_new	background
CAPZA3	3	0	intogen_temporal_new	native_string_full700	ot_all__to__intogen_temporal_new	background
WASF2	3	0	intogen_temporal_new	native_string_full700	ot_all__to__intogen_temporal_new	background
HNRNPA0	3	0	intogen_temporal_new	native_string_full700	ot_all__to__intogen_temporal_new	background
HDDC3	3	0	intogen_temporal_new	native_string_full700	ot_all__to__intogen_temporal_new	background
UBE2G2	3	0	intogen_temporal_new	native_string_full700	ot_all__to__intogen_temporal_new	background
IGFBP5	3	0	intogen_temporal_new	native_string_full700	ot_all__to__intogen_temporal_new	background
PPCDC	3	0	intogen_temporal_new	native_string_full700	ot_all__to__intogen_temporal_new	background
CDC27	3	0	intogen_temporal_new	native_string_full700	ot_all__to__intogen_temporal_new	background
SESN1	3	0	intogen_temporal_new	native_string_full700	ot_all__to__intogen_temporal_new	background
H4C2	3	0	intogen_temporal_new	native_string_full700	ot_all__to__intogen_temporal_new	background
ZNF2	3	0	intogen_temporal_new	native_string_full700	ot_all__to__intogen_temporal_new	background
HBE1	3	0	intogen_temporal_new	native_string_full700	ot_all__to__intogen_temporal_new	background
PIWIL3	3	0	intogen_temporal_new	native_string_full700	ot_all__to__intogen_temporal_new	background
FOXRED1	3	0	intogen_temporal_new	native_string_full700	ot_all__to__intogen_temporal_new	background
PC	3	0	intogen_temporal_new	native_string_full700	ot_all__to__intogen_temporal_new	background
LGALS3	3	0	intogen_temporal_new	native_string_full700	ot_all__to__intogen_temporal_new	background
ISOC1	3	0	intogen_temporal_new	native_string_full700	ot_all__to__intogen_temporal_new	background
GPR18	3	0	intogen_temporal_new	native_string_full700	ot_all__to__intogen_temporal_new	background
GAPDH	3	0	intogen_temporal_new	native_string_full700	ot_all__to__intogen_temporal_new	background
FCRL3	3	0	intogen_temporal_new	native_string_full700	ot_all__to__intogen_temporal_new	background
IFIT1B	3	0	intogen_temporal_new	native_string_full700	ot_all__to__intogen_temporal_new	background
PCDH19	3	0	intogen_temporal_new	native_string_full700	ot_all__to__intogen_temporal_new	background
NECAB3	3	0	intogen_temporal_new	native_string_full700	ot_all__to__intogen_temporal_new	background
KBTBD6	3	0	intogen_temporal_new	native_string_full700	ot_all__to__intogen_temporal_new	background
PIRT	3	0	intogen_temporal_new	native_string_full700	ot_all__to__intogen_temporal_new	background
NCR3LG1	3	0	intogen_temporal_new	native_string_full700	ot_all__to__intogen_temporal_new	background
SBNO1	3	0	intogen_temporal_new	native_string_full700	ot_all__to__intogen_temporal_new	background
CASP5	3	0	intogen_temporal_new	native_string_full700	ot_all__to__intogen_temporal_new	background
PRMT9	3	0	intogen_temporal_new	native_string_full700	ot_all__to__intogen_temporal_new	background
CLPP	3	0	intogen_temporal_new	native_string_full700	ot_all__to__intogen_temporal_new	background
SMIM38	3	0	intogen_temporal_new	native_string_full700	ot_all__to__intogen_temporal_new	background
GGPS1	3	0	intogen_temporal_new	native_string_full700	ot_all__to__intogen_temporal_new	background
CLN6	3	0	intogen_temporal_new	native_string_full700	ot_all__to__intogen_temporal_new	background
CHRM2	3	0	intogen_temporal_new	native_string_full700	ot_all__to__intogen_temporal_new	background
ACKR3	3	0	intogen_temporal_new	native_string_full700	ot_all__to__intogen_temporal_new	background
PERM1	3	0	intogen_temporal_new	native_string_full700	ot_all__to__intogen_temporal_new	background
RAMACL	3	0	intogen_temporal_new	native_string_full700	ot_all__to__intogen_temporal_new	background
SART1	3	0	intogen_temporal_new	native_string_full700	ot_all__to__intogen_temporal_new	background
SELENOO	3	0	intogen_temporal_new	native_string_full700	ot_all__to__intogen_temporal_new	background
HCCS	3	0	intogen_temporal_new	native_string_full700	ot_all__to__intogen_temporal_new	background
MRPL55	3	0	intogen_temporal_new	native_string_full700	ot_all__to__intogen_temporal_new	background
LIG1	3	0	intogen_temporal_new	native_string_full700	ot_all__to__intogen_temporal_new	background
PI16	3	0	intogen_temporal_new	native_string_full700	ot_all__to__intogen_temporal_new	background
WAPL	3	0	intogen_temporal_new	native_string_full700	ot_all__to__intogen_temporal_new	background
DBF4	3	0	intogen_temporal_new	native_string_full700	ot_all__to__intogen_temporal_new	background
PIBF1	3	0	intogen_temporal_new	native_string_full700	ot_all__to__intogen_temporal_new	background
USP9Y	3	0	intogen_temporal_new	native_string_full700	ot_all__to__intogen_temporal_new	background
CNGA2	3	0	intogen_temporal_new	native_string_full700	ot_all__to__intogen_temporal_new	background
IQSEC3	3	0	intogen_temporal_new	native_string_full700	ot_all__to__intogen_temporal_new	background
PRKX	3	0	intogen_temporal_new	native_string_full700	ot_all__to__intogen_temporal_new	background
COIL	3	0	intogen_temporal_new	native_string_full700	ot_all__to__intogen_temporal_new	background
INO80C	3	0	intogen_temporal_new	native_string_full700	ot_all__to__intogen_temporal_new	background
IRX3	3	0	intogen_temporal_new	native_string_full700	ot_all__to__intogen_temporal_new	background
KLF16	3	0	intogen_temporal_new	native_string_full700	ot_all__to__intogen_temporal_new	background
GBP2	3	0	intogen_temporal_new	native_string_full700	ot_all__to__intogen_temporal_new	background
SERTAD1	3	0	intogen_temporal_new	native_string_full700	ot_all__to__intogen_temporal_new	background
RPH3AL	3	0	intogen_temporal_new	native_string_full700	ot_all__to__intogen_temporal_new	background
TBX4	3	0	intogen_temporal_new	native_string_full700	ot_all__to__intogen_temporal_new	background
RABAC1	3	0	intogen_temporal_new	native_string_full700	ot_all__to__intogen_temporal_new	background
LRRC26	3	0	intogen_temporal_new	native_string_full700	ot_all__to__intogen_temporal_new	background
KCNJ8	3	0	intogen_temporal_new	native_string_full700	ot_all__to__intogen_temporal_new	background
TPST1	3	0	intogen_temporal_new	native_string_full700	ot_all__to__intogen_temporal_new	background
ADAMTS17	3	0	intogen_temporal_new	native_string_full700	ot_all__to__intogen_temporal_new	background
ME1	3	0	intogen_temporal_new	native_string_full700	ot_all__to__intogen_temporal_new	background
HELQ	3	0	intogen_temporal_new	native_string_full700	ot_all__to__intogen_temporal_new	background
NABP1	3	0	intogen_temporal_new	native_string_full700	ot_all__to__intogen_temporal_new	background
ZNF816	3	0	intogen_temporal_new	native_string_full700	ot_all__to__intogen_temporal_new	background
LACTB	3	0	intogen_temporal_new	native_string_full700	ot_all__to__intogen_temporal_new	background
CPVL	3	0	intogen_temporal_new	native_string_full700	ot_all__to__intogen_temporal_new	background
FBXO39	3	0	intogen_temporal_new	native_string_full700	ot_all__to__intogen_temporal_new	background
FUT9	3	0	intogen_temporal_new	native_string_full700	ot_all__to__intogen_temporal_new	background
FAM199X	3	0	intogen_temporal_new	native_string_full700	ot_all__to__intogen_temporal_new	background
PTPRCAP	3	0	intogen_temporal_new	native_string_full700	ot_all__to__intogen_temporal_new	background
NHLRC1	3	0	intogen_temporal_new	native_string_full700	ot_all__to__intogen_temporal_new	background
MAN1A1	3	0	intogen_temporal_new	native_string_full700	ot_all__to__intogen_temporal_new	background
GDPGP1	3	0	intogen_temporal_new	native_string_full700	ot_all__to__intogen_temporal_new	background
B4GALT3	3	0	intogen_temporal_new	native_string_full700	ot_all__to__intogen_temporal_new	background
SFR1	3	0	intogen_temporal_new	native_string_full700	ot_all__to__intogen_temporal_new	background
NIPAL2	3	0	intogen_temporal_new	native_string_full700	ot_all__to__intogen_temporal_new	background
SEMA6D	3	0	intogen_temporal_new	native_string_full700	ot_all__to__intogen_temporal_new	background
CHMP3	3	0	intogen_temporal_new	native_string_full700	ot_all__to__intogen_temporal_new	background
PRMT7	3	0	intogen_temporal_new	native_string_full700	ot_all__to__intogen_temporal_new	background
ANGPT4	3	0	intogen_temporal_new	native_string_full700	ot_all__to__intogen_temporal_new	background
ACTR6	3	0	intogen_temporal_new	native_string_full700	ot_all__to__intogen_temporal_new	background
SLIRP	3	0	intogen_temporal_new	native_string_full700	ot_all__to__intogen_temporal_new	background
COMT	3	0	intogen_temporal_new	native_string_full700	ot_all__to__intogen_temporal_new	background
PAGE4	3	0	intogen_temporal_new	native_string_full700	ot_all__to__intogen_temporal_new	background
DGUOK	3	0	intogen_temporal_new	native_string_full700	ot_all__to__intogen_temporal_new	background
CLDN11	3	0	intogen_temporal_new	native_string_full700	ot_all__to__intogen_temporal_new	background
LRP8	3	0	intogen_temporal_new	native_string_full700	ot_all__to__intogen_temporal_new	background
RPS4Y2	3	0	intogen_temporal_new	native_string_full700	ot_all__to__intogen_temporal_new	background
NPAS1	3	0	intogen_temporal_new	native_string_full700	ot_all__to__intogen_temporal_new	background
OR2Y1	3	0	intogen_temporal_new	native_string_full700	ot_all__to__intogen_temporal_new	background
ADNP	3	0	intogen_temporal_new	native_string_full700	ot_all__to__intogen_temporal_new	background
FAM136A	3	0	intogen_temporal_new	native_string_full700	ot_all__to__intogen_temporal_new	background
RAMP1	3	0	intogen_temporal_new	native_string_full700	ot_all__to__intogen_temporal_new	background
ITGB1	3	0	intogen_temporal_new	native_string_full700	ot_all__to__intogen_temporal_new	background
RHBDF1	3	0	intogen_temporal_new	native_string_full700	ot_all__to__intogen_temporal_new	background
HUS1	3	0	intogen_temporal_new	native_string_full700	ot_all__to__intogen_temporal_new	background
PEA15	3	0	intogen_temporal_new	native_string_full700	ot_all__to__intogen_temporal_new	background
CHD1L	3	0	intogen_temporal_new	native_string_full700	ot_all__to__intogen_temporal_new	background
GREB1	3	0	intogen_temporal_new	native_string_full700	ot_all__to__intogen_temporal_new	background
EIF3C	3	0	intogen_temporal_new	native_string_full700	ot_all__to__intogen_temporal_new	background
ARHGEF10L	3	0	intogen_temporal_new	native_string_full700	ot_all__to__intogen_temporal_new	background
NEDD4L	3	0	intogen_temporal_new	native_string_full700	ot_all__to__intogen_temporal_new	background
KCTD6	3	0	intogen_temporal_new	native_string_full700	ot_all__to__intogen_temporal_new	background
GPHB5	3	0	intogen_temporal_new	native_string_full700	ot_all__to__intogen_temporal_new	background
LYNX1-SLURP2	3	0	intogen_temporal_new	native_string_full700	ot_all__to__intogen_temporal_new	background
CCL2	3	0	intogen_temporal_new	native_string_full700	ot_all__to__intogen_temporal_new	background
PGF	3	0	intogen_temporal_new	native_string_full700	ot_all__to__intogen_temporal_new	background
BACH1	3	0	intogen_temporal_new	native_string_full700	ot_all__to__intogen_temporal_new	background
CHST13	3	0	intogen_temporal_new	native_string_full700	ot_all__to__intogen_temporal_new	background
E2F2	3	0	intogen_temporal_new	native_string_full700	ot_all__to__intogen_temporal_new	background
EIF3J	3	0	intogen_temporal_new	native_string_full700	ot_all__to__intogen_temporal_new	background
ATG16L1	3	0	intogen_temporal_new	native_string_full700	ot_all__to__intogen_temporal_new	background
UBE2E2	3	0	intogen_temporal_new	native_string_full700	ot_all__to__intogen_temporal_new	background
ZC3H13	3	0	intogen_temporal_new	native_string_full700	ot_all__to__intogen_temporal_new	background
SEZ6L	3	0	intogen_temporal_new	native_string_full700	ot_all__to__intogen_temporal_new	background
MFAP4	3	0	intogen_temporal_new	native_string_full700	ot_all__to__intogen_temporal_new	background
CACNA1A	3	0	intogen_temporal_new	native_string_full700	ot_all__to__intogen_temporal_new	background
TXNRD2	3	0	intogen_temporal_new	native_string_full700	ot_all__to__intogen_temporal_new	background
CA1	3	0	intogen_temporal_new	native_string_full700	ot_all__to__intogen_temporal_new	background
L1CAM	3	0	intogen_temporal_new	native_string_full700	ot_all__to__intogen_temporal_new	background
FMN2	4	1	intogen_temporal_new	native_string_full700	ot_all__to__intogen_temporal_new	target
AKAP9	4	1	intogen_temporal_new	native_string_full700	ot_all__to__intogen_temporal_new	target
TFRC	4	1	intogen_temporal_new	native_string_full700	ot_all__to__intogen_temporal_new	target
BTG2	4	1	intogen_temporal_new	native_string_full700	ot_all__to__intogen_temporal_new	target
GPAA1	4	1	intogen_temporal_new	native_string_full700	ot_all__to__intogen_temporal_new	target
TCF12	4	1	intogen_temporal_new	native_string_full700	ot_all__to__intogen_temporal_new	target
ACSM3	4	1	intogen_temporal_new	native_string_full700	ot_all__to__intogen_temporal_new	target
INPPL1	4	1	intogen_temporal_new	native_string_full700	ot_all__to__intogen_temporal_new	target
WNT1	4	1	intogen_temporal_new	native_string_full700	ot_all__to__intogen_temporal_new	target
AFF4	4	1	intogen_temporal_new	native_string_full700	ot_all__to__intogen_temporal_new	target
GSK3B	4	1	intogen_temporal_new	native_string_full700	ot_all__to__intogen_temporal_new	target
ATP2B3	4	1	intogen_temporal_new	native_string_full700	ot_all__to__intogen_temporal_new	target
NCKIPSD	4	1	intogen_temporal_new	native_string_full700	ot_all__to__intogen_temporal_new	target
TCL1A	4	1	intogen_temporal_new	native_string_full700	ot_all__to__intogen_temporal_new	target
CTNNA2	4	1	intogen_temporal_new	native_string_full700	ot_all__to__intogen_temporal_new	target
GPC5	4	1	intogen_temporal_new	native_string_full700	ot_all__to__intogen_temporal_new	target
FUS	4	1	intogen_temporal_new	native_string_full700	ot_all__to__intogen_temporal_new	target
TMSB4X	4	1	intogen_temporal_new	native_string_full700	ot_all__to__intogen_temporal_new	target
AFDN	4	1	intogen_temporal_new	native_string_full700	ot_all__to__intogen_temporal_new	target
PER3	4	1	intogen_temporal_new	native_string_full700	ot_all__to__intogen_temporal_new	target
DSP	4	1	intogen_temporal_new	native_string_full700	ot_all__to__intogen_temporal_new	target
SAMHD1	4	1	intogen_temporal_new	native_string_full700	ot_all__to__intogen_temporal_new	target
ANKRD11	4	1	intogen_temporal_new	native_string_full700	ot_all__to__intogen_temporal_new	target
PI4KA	4	1	intogen_temporal_new	native_string_full700	ot_all__to__intogen_temporal_new	target
SDCBP	4	1	intogen_temporal_new	native_string_full700	ot_all__to__intogen_temporal_new	target
FLG	4	1	intogen_temporal_new	native_string_full700	ot_all__to__intogen_temporal_new	target
ROBO2	4	1	intogen_temporal_new	native_string_full700	ot_all__to__intogen_temporal_new	target
ZBTB48	4	1	intogen_temporal_new	native_string_full700	ot_all__to__intogen_temporal_new	target
TSHR	4	1	intogen_temporal_new	native_string_full700	ot_all__to__intogen_temporal_new	target
ITGAV	4	1	intogen_temporal_new	native_string_full700	ot_all__to__intogen_temporal_new	target
CTNNA1	4	1	intogen_temporal_new	native_string_full700	ot_all__to__intogen_temporal_new	target
NVL	4	1	intogen_temporal_new	native_string_full700	ot_all__to__intogen_temporal_new	target
SMARCA2	4	1	intogen_temporal_new	native_string_full700	ot_all__to__intogen_temporal_new	target
KNSTRN	4	1	intogen_temporal_new	native_string_full700	ot_all__to__intogen_temporal_new	target
BMP6	4	1	intogen_temporal_new	native_string_full700	ot_all__to__intogen_temporal_new	target
PSPC1	4	1	intogen_temporal_new	native_string_full700	ot_all__to__intogen_temporal_new	target
CRLF2	4	1	intogen_temporal_new	native_string_full700	ot_all__to__intogen_temporal_new	target
LSM14A	4	1	intogen_temporal_new	native_string_full700	ot_all__to__intogen_temporal_new	target
CANT1	4	1	intogen_temporal_new	native_string_full700	ot_all__to__intogen_temporal_new	target
PLXNC1	4	1	intogen_temporal_new	native_string_full700	ot_all__to__intogen_temporal_new	target
HLA-DQA1	4	1	intogen_temporal_new	native_string_full700	ot_all__to__intogen_temporal_new	target
FBLN2	4	1	intogen_temporal_new	native_string_full700	ot_all__to__intogen_temporal_new	target
ACSL6	4	1	intogen_temporal_new	native_string_full700	ot_all__to__intogen_temporal_new	target
LPA	4	1	intogen_temporal_new	native_string_full700	ot_all__to__intogen_temporal_new	target
USP7	4	1	intogen_temporal_new	native_string_full700	ot_all__to__intogen_temporal_new	target
UBXN11	4	1	intogen_temporal_new	native_string_full700	ot_all__to__intogen_temporal_new	target
ARNT	4	1	intogen_temporal_new	native_string_full700	ot_all__to__intogen_temporal_new	target
ZNF274	4	1	intogen_temporal_new	native_string_full700	ot_all__to__intogen_temporal_new	target
PRDM16	4	1	intogen_temporal_new	native_string_full700	ot_all__to__intogen_temporal_new	target
ZNF395	4	1	intogen_temporal_new	native_string_full700	ot_all__to__intogen_temporal_new	target
KNL1	4	1	intogen_temporal_new	native_string_full700	ot_all__to__intogen_temporal_new	target
ALDH2	4	1	intogen_temporal_new	native_string_full700	ot_all__to__intogen_temporal_new	target
TAL2	4	1	intogen_temporal_new	native_string_full700	ot_all__to__intogen_temporal_new	target
CCAR1	4	1	intogen_temporal_new	native_string_full700	ot_all__to__intogen_temporal_new	target
TRAF7	4	1	intogen_temporal_new	native_string_full700	ot_all__to__intogen_temporal_new	target
RSPO2	4	1	intogen_temporal_new	native_string_full700	ot_all__to__intogen_temporal_new	target
ANK1	4	1	intogen_temporal_new	native_string_full700	ot_all__to__intogen_temporal_new	target
KMT5A	4	1	intogen_temporal_new	native_string_full700	ot_all__to__intogen_temporal_new	target
PWWP2A	4	1	intogen_temporal_new	native_string_full700	ot_all__to__intogen_temporal_new	target
PTPN3	4	1	intogen_temporal_new	native_string_full700	ot_all__to__intogen_temporal_new	target
CEP89	4	1	intogen_temporal_new	native_string_full700	ot_all__to__intogen_temporal_new	target
HIF1A	4	1	intogen_temporal_new	native_string_full700	ot_all__to__intogen_temporal_new	target
ATP1A1	4	1	intogen_temporal_new	native_string_full700	ot_all__to__intogen_temporal_new	target
TPR	4	1	intogen_temporal_new	native_string_full700	ot_all__to__intogen_temporal_new	target
FCRL4	4	1	intogen_temporal_new	native_string_full700	ot_all__to__intogen_temporal_new	target
COL2A1	4	1	intogen_temporal_new	native_string_full700	ot_all__to__intogen_temporal_new	target
NSD3	4	1	intogen_temporal_new	native_string_full700	ot_all__to__intogen_temporal_new	target
RRN3	4	1	intogen_temporal_new	native_string_full700	ot_all__to__intogen_temporal_new	target
ETV1	4	1	intogen_temporal_new	native_string_full700	ot_all__to__intogen_temporal_new	target
ADAMTS9	4	1	intogen_temporal_new	native_string_full700	ot_all__to__intogen_temporal_new	target
MDGA2	4	1	intogen_temporal_new	native_string_full700	ot_all__to__intogen_temporal_new	target
ZCCHC8	4	1	intogen_temporal_new	native_string_full700	ot_all__to__intogen_temporal_new	target
THRAP3	4	1	intogen_temporal_new	native_string_full700	ot_all__to__intogen_temporal_new	target
HLA-C	4	1	intogen_temporal_new	native_string_full700	ot_all__to__intogen_temporal_new	target
MLLT6	4	1	intogen_temporal_new	native_string_full700	ot_all__to__intogen_temporal_new	target
NACA	4	1	intogen_temporal_new	native_string_full700	ot_all__to__intogen_temporal_new	target
PCM1	4	1	intogen_temporal_new	native_string_full700	ot_all__to__intogen_temporal_new	target
RPL5	4	1	intogen_temporal_new	native_string_full700	ot_all__to__intogen_temporal_new	target
LEF1	4	1	intogen_temporal_new	native_string_full700	ot_all__to__intogen_temporal_new	target
NCAPH	4	1	intogen_temporal_new	native_string_full700	ot_all__to__intogen_temporal_new	target
TAL1	4	1	intogen_temporal_new	native_string_full700	ot_all__to__intogen_temporal_new	target
MYEOV	4	1	intogen_temporal_new	native_string_full700	ot_all__to__intogen_temporal_new	target
WWTR1	4	1	intogen_temporal_new	native_string_full700	ot_all__to__intogen_temporal_new	target
CTNND2	4	1	intogen_temporal_new	native_string_full700	ot_all__to__intogen_temporal_new	target
CADM2	4	1	intogen_temporal_new	native_string_full700	ot_all__to__intogen_temporal_new	target
NUTM1	4	1	intogen_temporal_new	native_string_full700	ot_all__to__intogen_temporal_new	target
CSPG4	4	1	intogen_temporal_new	native_string_full700	ot_all__to__intogen_temporal_new	target
EIF4A2	4	1	intogen_temporal_new	native_string_full700	ot_all__to__intogen_temporal_new	target
COL6A3	4	1	intogen_temporal_new	native_string_full700	ot_all__to__intogen_temporal_new	target
KAT7	4	1	intogen_temporal_new	native_string_full700	ot_all__to__intogen_temporal_new	target
PDZD2	4	1	intogen_temporal_new	native_string_full700	ot_all__to__intogen_temporal_new	target
ZMYM3	4	1	intogen_temporal_new	native_string_full700	ot_all__to__intogen_temporal_new	target
PICALM	4	1	intogen_temporal_new	native_string_full700	ot_all__to__intogen_temporal_new	target
CD209	4	1	intogen_temporal_new	native_string_full700	ot_all__to__intogen_temporal_new	target
MED23	4	1	intogen_temporal_new	native_string_full700	ot_all__to__intogen_temporal_new	target
MIB2	4	1	intogen_temporal_new	native_string_full700	ot_all__to__intogen_temporal_new	target
FCGR2B	4	1	intogen_temporal_new	native_string_full700	ot_all__to__intogen_temporal_new	target
CBLB	4	1	intogen_temporal_new	native_string_full700	ot_all__to__intogen_temporal_new	target
CCNT1	4	1	intogen_temporal_new	native_string_full700	ot_all__to__intogen_temporal_new	target
ACVR1B	4	1	intogen_temporal_new	native_string_full700	ot_all__to__intogen_temporal_new	target
MACC1	4	1	intogen_temporal_new	native_string_full700	ot_all__to__intogen_temporal_new	target
HCAR3	4	1	intogen_temporal_new	native_string_full700	ot_all__to__intogen_temporal_new	target
MUC6	4	1	intogen_temporal_new	native_string_full700	ot_all__to__intogen_temporal_new	target
MCM7	4	1	intogen_temporal_new	native_string_full700	ot_all__to__intogen_temporal_new	target
TAF1L	4	1	intogen_temporal_new	native_string_full700	ot_all__to__intogen_temporal_new	target
FGD1	4	1	intogen_temporal_new	native_string_full700	ot_all__to__intogen_temporal_new	target
SLC34A2	4	1	intogen_temporal_new	native_string_full700	ot_all__to__intogen_temporal_new	target
CHD7	4	1	intogen_temporal_new	native_string_full700	ot_all__to__intogen_temporal_new	target
NUP98	4	1	intogen_temporal_new	native_string_full700	ot_all__to__intogen_temporal_new	target
HDAC4	4	1	intogen_temporal_new	native_string_full700	ot_all__to__intogen_temporal_new	target
ABCC4	4	1	intogen_temporal_new	native_string_full700	ot_all__to__intogen_temporal_new	target
PRUNE2	4	1	intogen_temporal_new	native_string_full700	ot_all__to__intogen_temporal_new	target
BAZ1A	4	1	intogen_temporal_new	native_string_full700	ot_all__to__intogen_temporal_new	target
SHTN1	4	1	intogen_temporal_new	native_string_full700	ot_all__to__intogen_temporal_new	target
GRM3	4	1	intogen_temporal_new	native_string_full700	ot_all__to__intogen_temporal_new	target
CSMD3	4	1	intogen_temporal_new	native_string_full700	ot_all__to__intogen_temporal_new	target
ELK4	4	1	intogen_temporal_new	native_string_full700	ot_all__to__intogen_temporal_new	target
ZNF750	4	1	intogen_temporal_new	native_string_full700	ot_all__to__intogen_temporal_new	target
COL6A6	4	1	intogen_temporal_new	native_string_full700	ot_all__to__intogen_temporal_new	target
N4BP2	4	1	intogen_temporal_new	native_string_full700	ot_all__to__intogen_temporal_new	target
ALPK1	4	1	intogen_temporal_new	native_string_full700	ot_all__to__intogen_temporal_new	target
RGPD1	4	0	intogen_temporal_new	native_string_full700	ot_all__to__intogen_temporal_new	background
CAVIN4	4	0	intogen_temporal_new	native_string_full700	ot_all__to__intogen_temporal_new	background
RBM41	4	0	intogen_temporal_new	native_string_full700	ot_all__to__intogen_temporal_new	background
RNASEH2B	4	0	intogen_temporal_new	native_string_full700	ot_all__to__intogen_temporal_new	background
WDR48	4	0	intogen_temporal_new	native_string_full700	ot_all__to__intogen_temporal_new	background
CD4	4	0	intogen_temporal_new	native_string_full700	ot_all__to__intogen_temporal_new	background
MEF2C	4	0	intogen_temporal_new	native_string_full700	ot_all__to__intogen_temporal_new	background
SRP72	4	0	intogen_temporal_new	native_string_full700	ot_all__to__intogen_temporal_new	background
CHST1	4	0	intogen_temporal_new	native_string_full700	ot_all__to__intogen_temporal_new	background
MOB2	4	0	intogen_temporal_new	native_string_full700	ot_all__to__intogen_temporal_new	background
INPP5D	4	0	intogen_temporal_new	native_string_full700	ot_all__to__intogen_temporal_new	background
UCKL1	4	0	intogen_temporal_new	native_string_full700	ot_all__to__intogen_temporal_new	background
HEBP1	4	0	intogen_temporal_new	native_string_full700	ot_all__to__intogen_temporal_new	background
ACAD10	4	0	intogen_temporal_new	native_string_full700	ot_all__to__intogen_temporal_new	background
CRX	4	0	intogen_temporal_new	native_string_full700	ot_all__to__intogen_temporal_new	background
PPA2	4	0	intogen_temporal_new	native_string_full700	ot_all__to__intogen_temporal_new	background
MT1X	4	0	intogen_temporal_new	native_string_full700	ot_all__to__intogen_temporal_new	background
ZNF586	4	0	intogen_temporal_new	native_string_full700	ot_all__to__intogen_temporal_new	background
TRIM2	4	0	intogen_temporal_new	native_string_full700	ot_all__to__intogen_temporal_new	background
CD300LB	4	0	intogen_temporal_new	native_string_full700	ot_all__to__intogen_temporal_new	background
PLEKHG4	4	0	intogen_temporal_new	native_string_full700	ot_all__to__intogen_temporal_new	background
MAP2K4	4	0	intogen_temporal_new	native_string_full700	ot_all__to__intogen_temporal_new	background
CNN2	4	0	intogen_temporal_new	native_string_full700	ot_all__to__intogen_temporal_new	background
ACPP	4	0	intogen_temporal_new	native_string_full700	ot_all__to__intogen_temporal_new	background
WDR41	4	0	intogen_temporal_new	native_string_full700	ot_all__to__intogen_temporal_new	background
TOP3A	4	0	intogen_temporal_new	native_string_full700	ot_all__to__intogen_temporal_new	background
USPL1	4	0	intogen_temporal_new	native_string_full700	ot_all__to__intogen_temporal_new	background
FICD	4	0	intogen_temporal_new	native_string_full700	ot_all__to__intogen_temporal_new	background
TBC1D32	4	0	intogen_temporal_new	native_string_full700	ot_all__to__intogen_temporal_new	background
PSPH	4	0	intogen_temporal_new	native_string_full700	ot_all__to__intogen_temporal_new	background
MT4	4	0	intogen_temporal_new	native_string_full700	ot_all__to__intogen_temporal_new	background
SBSPON	4	0	intogen_temporal_new	native_string_full700	ot_all__to__intogen_temporal_new	background
FBP2	4	0	intogen_temporal_new	native_string_full700	ot_all__to__intogen_temporal_new	background
DDT	4	0	intogen_temporal_new	native_string_full700	ot_all__to__intogen_temporal_new	background
CMA1	4	0	intogen_temporal_new	native_string_full700	ot_all__to__intogen_temporal_new	background
LLGL2	4	0	intogen_temporal_new	native_string_full700	ot_all__to__intogen_temporal_new	background
ANKRD37	4	0	intogen_temporal_new	native_string_full700	ot_all__to__intogen_temporal_new	background
ATP5F1D	4	0	intogen_temporal_new	native_string_full700	ot_all__to__intogen_temporal_new	background
XIRP2	4	0	intogen_temporal_new	native_string_full700	ot_all__to__intogen_temporal_new	background
TRAPPC2L	4	0	intogen_temporal_new	native_string_full700	ot_all__to__intogen_temporal_new	background
ARHGAP4	4	0	intogen_temporal_new	native_string_full700	ot_all__to__intogen_temporal_new	background
DEFA4	4	0	intogen_temporal_new	native_string_full700	ot_all__to__intogen_temporal_new	background
ANXA8	4	0	intogen_temporal_new	native_string_full700	ot_all__to__intogen_temporal_new	background
KCTD2	4	0	intogen_temporal_new	native_string_full700	ot_all__to__intogen_temporal_new	background
BANK1	4	0	intogen_temporal_new	native_string_full700	ot_all__to__intogen_temporal_new	background
JUNB	4	0	intogen_temporal_new	native_string_full700	ot_all__to__intogen_temporal_new	background
PACRGL	4	0	intogen_temporal_new	native_string_full700	ot_all__to__intogen_temporal_new	background
GLG1	4	0	intogen_temporal_new	native_string_full700	ot_all__to__intogen_temporal_new	background
DNM1L	4	0	intogen_temporal_new	native_string_full700	ot_all__to__intogen_temporal_new	background
MCOLN2	4	0	intogen_temporal_new	native_string_full700	ot_all__to__intogen_temporal_new	background
HIF1AN	4	0	intogen_temporal_new	native_string_full700	ot_all__to__intogen_temporal_new	background
ASPN	4	0	intogen_temporal_new	native_string_full700	ot_all__to__intogen_temporal_new	background
GALR1	4	0	intogen_temporal_new	native_string_full700	ot_all__to__intogen_temporal_new	background
ADAMTS12	4	0	intogen_temporal_new	native_string_full700	ot_all__to__intogen_temporal_new	background
ZGRF1	4	0	intogen_temporal_new	native_string_full700	ot_all__to__intogen_temporal_new	background
PLXNB1	4	0	intogen_temporal_new	native_string_full700	ot_all__to__intogen_temporal_new	background
ERI3	4	0	intogen_temporal_new	native_string_full700	ot_all__to__intogen_temporal_new	background
FOXN1	4	0	intogen_temporal_new	native_string_full700	ot_all__to__intogen_temporal_new	background
KCNV2	4	0	intogen_temporal_new	native_string_full700	ot_all__to__intogen_temporal_new	background
ARPC1B	4	0	intogen_temporal_new	native_string_full700	ot_all__to__intogen_temporal_new	background
ASB9	4	0	intogen_temporal_new	native_string_full700	ot_all__to__intogen_temporal_new	background
HLA-DRA	4	0	intogen_temporal_new	native_string_full700	ot_all__to__intogen_temporal_new	background
IRF7	4	0	intogen_temporal_new	native_string_full700	ot_all__to__intogen_temporal_new	background
DCTN4	4	0	intogen_temporal_new	native_string_full700	ot_all__to__intogen_temporal_new	background
UBR2	4	0	intogen_temporal_new	native_string_full700	ot_all__to__intogen_temporal_new	background
FAHD2B	4	0	intogen_temporal_new	native_string_full700	ot_all__to__intogen_temporal_new	background
METTL16	4	0	intogen_temporal_new	native_string_full700	ot_all__to__intogen_temporal_new	background
FHOD1	4	0	intogen_temporal_new	native_string_full700	ot_all__to__intogen_temporal_new	background
SLC7A14	4	0	intogen_temporal_new	native_string_full700	ot_all__to__intogen_temporal_new	background
MED13L	4	0	intogen_temporal_new	native_string_full700	ot_all__to__intogen_temporal_new	background
PDGFB	4	0	intogen_temporal_new	native_string_full700	ot_all__to__intogen_temporal_new	background
SARAF	4	0	intogen_temporal_new	native_string_full700	ot_all__to__intogen_temporal_new	background
PAXX	4	0	intogen_temporal_new	native_string_full700	ot_all__to__intogen_temporal_new	background
NFYC	4	0	intogen_temporal_new	native_string_full700	ot_all__to__intogen_temporal_new	background
LYRM7	4	0	intogen_temporal_new	native_string_full700	ot_all__to__intogen_temporal_new	background
PFDN2	4	0	intogen_temporal_new	native_string_full700	ot_all__to__intogen_temporal_new	background
SKP2	4	0	intogen_temporal_new	native_string_full700	ot_all__to__intogen_temporal_new	background
TGM3	4	0	intogen_temporal_new	native_string_full700	ot_all__to__intogen_temporal_new	background
DEFB112	4	0	intogen_temporal_new	native_string_full700	ot_all__to__intogen_temporal_new	background
TBX2	4	0	intogen_temporal_new	native_string_full700	ot_all__to__intogen_temporal_new	background
UBN1	4	0	intogen_temporal_new	native_string_full700	ot_all__to__intogen_temporal_new	background
SPAG4	4	0	intogen_temporal_new	native_string_full700	ot_all__to__intogen_temporal_new	background
GPC4	4	0	intogen_temporal_new	native_string_full700	ot_all__to__intogen_temporal_new	background
GDF2	4	0	intogen_temporal_new	native_string_full700	ot_all__to__intogen_temporal_new	background
RELT	4	0	intogen_temporal_new	native_string_full700	ot_all__to__intogen_temporal_new	background
SYNM	4	0	intogen_temporal_new	native_string_full700	ot_all__to__intogen_temporal_new	background
EIF2S3	4	0	intogen_temporal_new	native_string_full700	ot_all__to__intogen_temporal_new	background
SEMG1	4	0	intogen_temporal_new	native_string_full700	ot_all__to__intogen_temporal_new	background
KRTAP12-2	4	0	intogen_temporal_new	native_string_full700	ot_all__to__intogen_temporal_new	background
BORCS7	4	0	intogen_temporal_new	native_string_full700	ot_all__to__intogen_temporal_new	background
CIZ1	4	0	intogen_temporal_new	native_string_full700	ot_all__to__intogen_temporal_new	background
RASSF5	4	0	intogen_temporal_new	native_string_full700	ot_all__to__intogen_temporal_new	background
RTF1	4	0	intogen_temporal_new	native_string_full700	ot_all__to__intogen_temporal_new	background
FIG4	4	0	intogen_temporal_new	native_string_full700	ot_all__to__intogen_temporal_new	background
MROH6	4	0	intogen_temporal_new	native_string_full700	ot_all__to__intogen_temporal_new	background
BVES	4	0	intogen_temporal_new	native_string_full700	ot_all__to__intogen_temporal_new	background
PCNP	4	0	intogen_temporal_new	native_string_full700	ot_all__to__intogen_temporal_new	background
TTC32	4	0	intogen_temporal_new	native_string_full700	ot_all__to__intogen_temporal_new	background
ENDOG	4	0	intogen_temporal_new	native_string_full700	ot_all__to__intogen_temporal_new	background
MAP3K7	4	0	intogen_temporal_new	native_string_full700	ot_all__to__intogen_temporal_new	background
GJB4	4	0	intogen_temporal_new	native_string_full700	ot_all__to__intogen_temporal_new	background
BTNL2	4	0	intogen_temporal_new	native_string_full700	ot_all__to__intogen_temporal_new	background
HS3ST3B1	4	0	intogen_temporal_new	native_string_full700	ot_all__to__intogen_temporal_new	background
S100A13	4	0	intogen_temporal_new	native_string_full700	ot_all__to__intogen_temporal_new	background
GATA6	4	0	intogen_temporal_new	native_string_full700	ot_all__to__intogen_temporal_new	background
PVRIG	4	0	intogen_temporal_new	native_string_full700	ot_all__to__intogen_temporal_new	background
ATL3	4	0	intogen_temporal_new	native_string_full700	ot_all__to__intogen_temporal_new	background
BICD1	4	0	intogen_temporal_new	native_string_full700	ot_all__to__intogen_temporal_new	background
CORO1C	4	0	intogen_temporal_new	native_string_full700	ot_all__to__intogen_temporal_new	background
TRH	4	0	intogen_temporal_new	native_string_full700	ot_all__to__intogen_temporal_new	background
TAGLN	4	0	intogen_temporal_new	native_string_full700	ot_all__to__intogen_temporal_new	background
IGF1R	4	0	intogen_temporal_new	native_string_full700	ot_all__to__intogen_temporal_new	background
NONO	4	0	intogen_temporal_new	native_string_full700	ot_all__to__intogen_temporal_new	background
CD99	4	0	intogen_temporal_new	native_string_full700	ot_all__to__intogen_temporal_new	background
SURF4	4	0	intogen_temporal_new	native_string_full700	ot_all__to__intogen_temporal_new	background
PLCD1	4	0	intogen_temporal_new	native_string_full700	ot_all__to__intogen_temporal_new	background
TMEM47	4	0	intogen_temporal_new	native_string_full700	ot_all__to__intogen_temporal_new	background
C1orf226	4	0	intogen_temporal_new	native_string_full700	ot_all__to__intogen_temporal_new	background
UTRN	4	0	intogen_temporal_new	native_string_full700	ot_all__to__intogen_temporal_new	background
DYSF	4	0	intogen_temporal_new	native_string_full700	ot_all__to__intogen_temporal_new	background
NRN1	4	0	intogen_temporal_new	native_string_full700	ot_all__to__intogen_temporal_new	background
TTC23L	4	0	intogen_temporal_new	native_string_full700	ot_all__to__intogen_temporal_new	background
ELL2	4	0	intogen_temporal_new	native_string_full700	ot_all__to__intogen_temporal_new	background
INTS8	4	0	intogen_temporal_new	native_string_full700	ot_all__to__intogen_temporal_new	background
RAMP2	4	0	intogen_temporal_new	native_string_full700	ot_all__to__intogen_temporal_new	background
CS	4	0	intogen_temporal_new	native_string_full700	ot_all__to__intogen_temporal_new	background
SP2	4	0	intogen_temporal_new	native_string_full700	ot_all__to__intogen_temporal_new	background
NCR1	4	0	intogen_temporal_new	native_string_full700	ot_all__to__intogen_temporal_new	background
OSBPL9	4	0	intogen_temporal_new	native_string_full700	ot_all__to__intogen_temporal_new	background
CDH22	4	0	intogen_temporal_new	native_string_full700	ot_all__to__intogen_temporal_new	background
AGTR1	4	0	intogen_temporal_new	native_string_full700	ot_all__to__intogen_temporal_new	background
BNIPL	4	0	intogen_temporal_new	native_string_full700	ot_all__to__intogen_temporal_new	background
BHLHE41	4	0	intogen_temporal_new	native_string_full700	ot_all__to__intogen_temporal_new	background
ING4	4	0	intogen_temporal_new	native_string_full700	ot_all__to__intogen_temporal_new	background
CEBPZ	4	0	intogen_temporal_new	native_string_full700	ot_all__to__intogen_temporal_new	background
SLC39A3	4	0	intogen_temporal_new	native_string_full700	ot_all__to__intogen_temporal_new	background
BTBD2	4	0	intogen_temporal_new	native_string_full700	ot_all__to__intogen_temporal_new	background
OSBPL3	4	0	intogen_temporal_new	native_string_full700	ot_all__to__intogen_temporal_new	background
MICB	4	0	intogen_temporal_new	native_string_full700	ot_all__to__intogen_temporal_new	background
CEACAM8	4	0	intogen_temporal_new	native_string_full700	ot_all__to__intogen_temporal_new	background
LILRB3	4	0	intogen_temporal_new	native_string_full700	ot_all__to__intogen_temporal_new	background
CMAS	4	0	intogen_temporal_new	native_string_full700	ot_all__to__intogen_temporal_new	background
MOCS1	4	0	intogen_temporal_new	native_string_full700	ot_all__to__intogen_temporal_new	background
TAF11	4	0	intogen_temporal_new	native_string_full700	ot_all__to__intogen_temporal_new	background
CXCR3	4	0	intogen_temporal_new	native_string_full700	ot_all__to__intogen_temporal_new	background
FJX1	4	0	intogen_temporal_new	native_string_full700	ot_all__to__intogen_temporal_new	background
DAND5	4	0	intogen_temporal_new	native_string_full700	ot_all__to__intogen_temporal_new	background
ZFP36L1	4	0	intogen_temporal_new	native_string_full700	ot_all__to__intogen_temporal_new	background
PCDH17	4	0	intogen_temporal_new	native_string_full700	ot_all__to__intogen_temporal_new	background
QRFP	4	0	intogen_temporal_new	native_string_full700	ot_all__to__intogen_temporal_new	background
ADAM23	4	0	intogen_temporal_new	native_string_full700	ot_all__to__intogen_temporal_new	background
TRAF3IP2	4	0	intogen_temporal_new	native_string_full700	ot_all__to__intogen_temporal_new	background
TNS2	4	0	intogen_temporal_new	native_string_full700	ot_all__to__intogen_temporal_new	background
INMT	4	0	intogen_temporal_new	native_string_full700	ot_all__to__intogen_temporal_new	background
PYROXD2	4	0	intogen_temporal_new	native_string_full700	ot_all__to__intogen_temporal_new	background
SPTB	4	0	intogen_temporal_new	native_string_full700	ot_all__to__intogen_temporal_new	background
RENBP	4	0	intogen_temporal_new	native_string_full700	ot_all__to__intogen_temporal_new	background
PMVK	4	0	intogen_temporal_new	native_string_full700	ot_all__to__intogen_temporal_new	background
PIH1D3	4	0	intogen_temporal_new	native_string_full700	ot_all__to__intogen_temporal_new	background
KLC4	4	0	intogen_temporal_new	native_string_full700	ot_all__to__intogen_temporal_new	background
OR2A42	4	0	intogen_temporal_new	native_string_full700	ot_all__to__intogen_temporal_new	background
PKN3	4	0	intogen_temporal_new	native_string_full700	ot_all__to__intogen_temporal_new	background
H7C0C1_HUMAN	4	0	intogen_temporal_new	native_string_full700	ot_all__to__intogen_temporal_new	background
SMAD2	4	0	intogen_temporal_new	native_string_full700	ot_all__to__intogen_temporal_new	background
TSPO	4	0	intogen_temporal_new	native_string_full700	ot_all__to__intogen_temporal_new	background
ST6GAL1	4	0	intogen_temporal_new	native_string_full700	ot_all__to__intogen_temporal_new	background
MAP9	4	0	intogen_temporal_new	native_string_full700	ot_all__to__intogen_temporal_new	background
RPL17	4	0	intogen_temporal_new	native_string_full700	ot_all__to__intogen_temporal_new	background
CUTA	4	0	intogen_temporal_new	native_string_full700	ot_all__to__intogen_temporal_new	background
SLC30A10	4	0	intogen_temporal_new	native_string_full700	ot_all__to__intogen_temporal_new	background
HPS3	4	0	intogen_temporal_new	native_string_full700	ot_all__to__intogen_temporal_new	background
CTDP1	4	0	intogen_temporal_new	native_string_full700	ot_all__to__intogen_temporal_new	background
CBLN3	4	0	intogen_temporal_new	native_string_full700	ot_all__to__intogen_temporal_new	background
RAB29	4	0	intogen_temporal_new	native_string_full700	ot_all__to__intogen_temporal_new	background
TEF	4	0	intogen_temporal_new	native_string_full700	ot_all__to__intogen_temporal_new	background
SLC32A1	4	0	intogen_temporal_new	native_string_full700	ot_all__to__intogen_temporal_new	background
TSPAN16	4	0	intogen_temporal_new	native_string_full700	ot_all__to__intogen_temporal_new	background
MARCO	4	0	intogen_temporal_new	native_string_full700	ot_all__to__intogen_temporal_new	background
MEP1A	4	0	intogen_temporal_new	native_string_full700	ot_all__to__intogen_temporal_new	background
ECPAS	4	0	intogen_temporal_new	native_string_full700	ot_all__to__intogen_temporal_new	background
NLRP3	4	0	intogen_temporal_new	native_string_full700	ot_all__to__intogen_temporal_new	background
GGT6	4	0	intogen_temporal_new	native_string_full700	ot_all__to__intogen_temporal_new	background
THEMIS	4	0	intogen_temporal_new	native_string_full700	ot_all__to__intogen_temporal_new	background
NGDN	4	0	intogen_temporal_new	native_string_full700	ot_all__to__intogen_temporal_new	background
CDC25A	4	0	intogen_temporal_new	native_string_full700	ot_all__to__intogen_temporal_new	background
NLRP10	4	0	intogen_temporal_new	native_string_full700	ot_all__to__intogen_temporal_new	background
LONP1	4	0	intogen_temporal_new	native_string_full700	ot_all__to__intogen_temporal_new	background
BPY2B	4	0	intogen_temporal_new	native_string_full700	ot_all__to__intogen_temporal_new	background
FBXO42	4	0	intogen_temporal_new	native_string_full700	ot_all__to__intogen_temporal_new	background
CORO6	4	0	intogen_temporal_new	native_string_full700	ot_all__to__intogen_temporal_new	background
XPC	4	0	intogen_temporal_new	native_string_full700	ot_all__to__intogen_temporal_new	background
METTL2B	4	0	intogen_temporal_new	native_string_full700	ot_all__to__intogen_temporal_new	background
SLC12A2	4	0	intogen_temporal_new	native_string_full700	ot_all__to__intogen_temporal_new	background
BAG6	4	0	intogen_temporal_new	native_string_full700	ot_all__to__intogen_temporal_new	background
ORC1	4	0	intogen_temporal_new	native_string_full700	ot_all__to__intogen_temporal_new	background
TCEANC2	4	0	intogen_temporal_new	native_string_full700	ot_all__to__intogen_temporal_new	background
SOX18	4	0	intogen_temporal_new	native_string_full700	ot_all__to__intogen_temporal_new	background
WDR26	4	0	intogen_temporal_new	native_string_full700	ot_all__to__intogen_temporal_new	background
SRCAP	4	0	intogen_temporal_new	native_string_full700	ot_all__to__intogen_temporal_new	background
SRY	4	0	intogen_temporal_new	native_string_full700	ot_all__to__intogen_temporal_new	background
