gene	fold	y	label_id	universe_id	transfer_id	role
FBN2	0	1	intogen2024	native_reactome	ot_nolit__to__intogen2024	target
NIPBL	0	1	intogen2024	native_reactome	ot_nolit__to__intogen2024	target
BCL9	0	1	intogen2024	native_reactome	ot_nolit__to__intogen2024	target
DCC	0	1	intogen2024	native_reactome	ot_nolit__to__intogen2024	target
WNT1	0	1	intogen2024	native_reactome	ot_nolit__to__intogen2024	target
FAS	0	1	intogen2024	native_reactome	ot_nolit__to__intogen2024	target
ATR	0	1	intogen2024	native_reactome	ot_nolit__to__intogen2024	target
EZH2	0	1	intogen2024	native_reactome	ot_nolit__to__intogen2024	target
INPPL1	0	1	intogen2024	native_reactome	ot_nolit__to__intogen2024	target
CASP8	0	1	intogen2024	native_reactome	ot_nolit__to__intogen2024	target
SMAD3	0	1	intogen2024	native_reactome	ot_nolit__to__intogen2024	target
CTCF	0	1	intogen2024	native_reactome	ot_nolit__to__intogen2024	target
CCND1	0	1	intogen2024	native_reactome	ot_nolit__to__intogen2024	target
GSK3B	0	1	intogen2024	native_reactome	ot_nolit__to__intogen2024	target
SOX17	0	1	intogen2024	native_reactome	ot_nolit__to__intogen2024	target
NCOA1	0	1	intogen2024	native_reactome	ot_nolit__to__intogen2024	target
NPRL2	0	1	intogen2024	native_reactome	ot_nolit__to__intogen2024	target
KDM6A	0	1	intogen2024	native_reactome	ot_nolit__to__intogen2024	target
CCND2	0	1	intogen2024	native_reactome	ot_nolit__to__intogen2024	target
NCKIPSD	0	1	intogen2024	native_reactome	ot_nolit__to__intogen2024	target
GPC5	0	1	intogen2024	native_reactome	ot_nolit__to__intogen2024	target
CTNNA2	0	1	intogen2024	native_reactome	ot_nolit__to__intogen2024	target
CBFB	0	1	intogen2024	native_reactome	ot_nolit__to__intogen2024	target
SETD1B	0	1	intogen2024	native_reactome	ot_nolit__to__intogen2024	target
JAK3	0	1	intogen2024	native_reactome	ot_nolit__to__intogen2024	target
AFDN	0	1	intogen2024	native_reactome	ot_nolit__to__intogen2024	target
RHOA	0	1	intogen2024	native_reactome	ot_nolit__to__intogen2024	target
PABPC1	0	1	intogen2024	native_reactome	ot_nolit__to__intogen2024	target
ZNF93	0	1	intogen2024	native_reactome	ot_nolit__to__intogen2024	target
DSP	0	1	intogen2024	native_reactome	ot_nolit__to__intogen2024	target
NSD2	0	1	intogen2024	native_reactome	ot_nolit__to__intogen2024	target
ELF3	0	1	intogen2024	native_reactome	ot_nolit__to__intogen2024	target
MGA	0	1	intogen2024	native_reactome	ot_nolit__to__intogen2024	target
ARID1B	0	1	intogen2024	native_reactome	ot_nolit__to__intogen2024	target
PTK6	0	1	intogen2024	native_reactome	ot_nolit__to__intogen2024	target
PRDM1	0	1	intogen2024	native_reactome	ot_nolit__to__intogen2024	target
PTPN11	0	1	intogen2024	native_reactome	ot_nolit__to__intogen2024	target
BCL10	0	1	intogen2024	native_reactome	ot_nolit__to__intogen2024	target
SDCBP	0	1	intogen2024	native_reactome	ot_nolit__to__intogen2024	target
CDH11	0	1	intogen2024	native_reactome	ot_nolit__to__intogen2024	target
NRAS	0	1	intogen2024	native_reactome	ot_nolit__to__intogen2024	target
TCF7L2	0	1	intogen2024	native_reactome	ot_nolit__to__intogen2024	target
ROBO2	0	1	intogen2024	native_reactome	ot_nolit__to__intogen2024	target
MTOR	0	1	intogen2024	native_reactome	ot_nolit__to__intogen2024	target
BCL2	0	1	intogen2024	native_reactome	ot_nolit__to__intogen2024	target
SGK1	0	1	intogen2024	native_reactome	ot_nolit__to__intogen2024	target
ITGAV	0	1	intogen2024	native_reactome	ot_nolit__to__intogen2024	target
FOXO3	0	1	intogen2024	native_reactome	ot_nolit__to__intogen2024	target
PIK3R1	0	1	intogen2024	native_reactome	ot_nolit__to__intogen2024	target
ZNRF3	0	1	intogen2024	native_reactome	ot_nolit__to__intogen2024	target
DHX9	0	1	intogen2024	native_reactome	ot_nolit__to__intogen2024	target
SMARCA2	0	1	intogen2024	native_reactome	ot_nolit__to__intogen2024	target
NXF1	0	1	intogen2024	native_reactome	ot_nolit__to__intogen2024	target
TNFRSF14	0	1	intogen2024	native_reactome	ot_nolit__to__intogen2024	target
MAP2K7	0	1	intogen2024	native_reactome	ot_nolit__to__intogen2024	target
EPS15	0	1	intogen2024	native_reactome	ot_nolit__to__intogen2024	target
CRLF2	0	1	intogen2024	native_reactome	ot_nolit__to__intogen2024	target
ELN	0	1	intogen2024	native_reactome	ot_nolit__to__intogen2024	target
GNA11	0	1	intogen2024	native_reactome	ot_nolit__to__intogen2024	target
DAXX	0	1	intogen2024	native_reactome	ot_nolit__to__intogen2024	target
IKZF1	0	1	intogen2024	native_reactome	ot_nolit__to__intogen2024	target
HRAS	0	1	intogen2024	native_reactome	ot_nolit__to__intogen2024	target
PLXNC1	0	1	intogen2024	native_reactome	ot_nolit__to__intogen2024	target
GRIN2A	0	1	intogen2024	native_reactome	ot_nolit__to__intogen2024	target
ACVR2A	0	1	intogen2024	native_reactome	ot_nolit__to__intogen2024	target
HLA-DQA1	0	1	intogen2024	native_reactome	ot_nolit__to__intogen2024	target
FBLN2	0	1	intogen2024	native_reactome	ot_nolit__to__intogen2024	target
MAPK1	0	1	intogen2024	native_reactome	ot_nolit__to__intogen2024	target
NCOA2	0	1	intogen2024	native_reactome	ot_nolit__to__intogen2024	target
IDH2	0	1	intogen2024	native_reactome	ot_nolit__to__intogen2024	target
USP7	0	1	intogen2024	native_reactome	ot_nolit__to__intogen2024	target
NFKB2	0	1	intogen2024	native_reactome	ot_nolit__to__intogen2024	target
ARHGEF12	0	1	intogen2024	native_reactome	ot_nolit__to__intogen2024	target
MAF	0	1	intogen2024	native_reactome	ot_nolit__to__intogen2024	target
LATS2	0	1	intogen2024	native_reactome	ot_nolit__to__intogen2024	target
GNA13	0	1	intogen2024	native_reactome	ot_nolit__to__intogen2024	target
SRGAP3	0	1	intogen2024	native_reactome	ot_nolit__to__intogen2024	target
ETV4	0	1	intogen2024	native_reactome	ot_nolit__to__intogen2024	target
ZNF521	0	1	intogen2024	native_reactome	ot_nolit__to__intogen2024	target
FGFR2	0	1	intogen2024	native_reactome	ot_nolit__to__intogen2024	target
USP9X	0	1	intogen2024	native_reactome	ot_nolit__to__intogen2024	target
CACNA1D	0	1	intogen2024	native_reactome	ot_nolit__to__intogen2024	target
ARNT	0	1	intogen2024	native_reactome	ot_nolit__to__intogen2024	target
MDM2	0	1	intogen2024	native_reactome	ot_nolit__to__intogen2024	target
GNAI2	0	1	intogen2024	native_reactome	ot_nolit__to__intogen2024	target
GNAQ	0	1	intogen2024	native_reactome	ot_nolit__to__intogen2024	target
SMAD2	0	1	intogen2024	native_reactome	ot_nolit__to__intogen2024	target
DGCR8	0	1	intogen2024	native_reactome	ot_nolit__to__intogen2024	target
KNL1	0	1	intogen2024	native_reactome	ot_nolit__to__intogen2024	target
AKT1	0	1	intogen2024	native_reactome	ot_nolit__to__intogen2024	target
HSP90AB1	0	1	intogen2024	native_reactome	ot_nolit__to__intogen2024	target
KEAP1	0	1	intogen2024	native_reactome	ot_nolit__to__intogen2024	target
TRIM33	0	1	intogen2024	native_reactome	ot_nolit__to__intogen2024	target
DTX1	0	1	intogen2024	native_reactome	ot_nolit__to__intogen2024	target
ANK1	0	1	intogen2024	native_reactome	ot_nolit__to__intogen2024	target
PWWP2A	0	1	intogen2024	native_reactome	ot_nolit__to__intogen2024	target
SH2B3	0	1	intogen2024	native_reactome	ot_nolit__to__intogen2024	target
XPO1	0	1	intogen2024	native_reactome	ot_nolit__to__intogen2024	target
GLI1	0	1	intogen2024	native_reactome	ot_nolit__to__intogen2024	target
BCL6	0	1	intogen2024	native_reactome	ot_nolit__to__intogen2024	target
KMT5A	0	1	intogen2024	native_reactome	ot_nolit__to__intogen2024	target
RSPO2	0	1	intogen2024	native_reactome	ot_nolit__to__intogen2024	target
SIN3A	0	1	intogen2024	native_reactome	ot_nolit__to__intogen2024	target
IL7R	0	1	intogen2024	native_reactome	ot_nolit__to__intogen2024	target
PTPN3	0	1	intogen2024	native_reactome	ot_nolit__to__intogen2024	target
TMPRSS2	0	1	intogen2024	native_reactome	ot_nolit__to__intogen2024	target
HIF1A	0	1	intogen2024	native_reactome	ot_nolit__to__intogen2024	target
IKZF3	0	1	intogen2024	native_reactome	ot_nolit__to__intogen2024	target
MALT1	0	1	intogen2024	native_reactome	ot_nolit__to__intogen2024	target
PDCD1LG2	0	1	intogen2024	native_reactome	ot_nolit__to__intogen2024	target
ARHGAP35	0	1	intogen2024	native_reactome	ot_nolit__to__intogen2024	target
PHF6	0	1	intogen2024	native_reactome	ot_nolit__to__intogen2024	target
ATP1A1	0	1	intogen2024	native_reactome	ot_nolit__to__intogen2024	target
RASA1	0	1	intogen2024	native_reactome	ot_nolit__to__intogen2024	target
GNAS	0	1	intogen2024	native_reactome	ot_nolit__to__intogen2024	target
FOXO1	0	1	intogen2024	native_reactome	ot_nolit__to__intogen2024	target
TNFAIP3	0	1	intogen2024	native_reactome	ot_nolit__to__intogen2024	target
MYC	0	1	intogen2024	native_reactome	ot_nolit__to__intogen2024	target
SOCS1	0	1	intogen2024	native_reactome	ot_nolit__to__intogen2024	target
HLA-A	0	1	intogen2024	native_reactome	ot_nolit__to__intogen2024	target
SPOP	0	1	intogen2024	native_reactome	ot_nolit__to__intogen2024	target
CRTC1	0	1	intogen2024	native_reactome	ot_nolit__to__intogen2024	target
IRS4	0	1	intogen2024	native_reactome	ot_nolit__to__intogen2024	target
TRRAP	0	1	intogen2024	native_reactome	ot_nolit__to__intogen2024	target
TEC	0	1	intogen2024	native_reactome	ot_nolit__to__intogen2024	target
CDKN1A	0	1	intogen2024	native_reactome	ot_nolit__to__intogen2024	target
LIFR	0	1	intogen2024	native_reactome	ot_nolit__to__intogen2024	target
COL1A1	0	1	intogen2024	native_reactome	ot_nolit__to__intogen2024	target
ESR1	0	1	intogen2024	native_reactome	ot_nolit__to__intogen2024	target
RRN3	0	1	intogen2024	native_reactome	ot_nolit__to__intogen2024	target
LATS1	0	1	intogen2024	native_reactome	ot_nolit__to__intogen2024	target
TP63	0	1	intogen2024	native_reactome	ot_nolit__to__intogen2024	target
RHPN2	0	1	intogen2024	native_reactome	ot_nolit__to__intogen2024	target
ALK	0	1	intogen2024	native_reactome	ot_nolit__to__intogen2024	target
TBX3	0	1	intogen2024	native_reactome	ot_nolit__to__intogen2024	target
ERCC3	0	1	intogen2024	native_reactome	ot_nolit__to__intogen2024	target
ZCCHC8	0	1	intogen2024	native_reactome	ot_nolit__to__intogen2024	target
DIS3	0	1	intogen2024	native_reactome	ot_nolit__to__intogen2024	target
TRAF3	0	1	intogen2024	native_reactome	ot_nolit__to__intogen2024	target
PRKCD	0	1	intogen2024	native_reactome	ot_nolit__to__intogen2024	target
MEF2B	0	1	intogen2024	native_reactome	ot_nolit__to__intogen2024	target
RAC1	0	1	intogen2024	native_reactome	ot_nolit__to__intogen2024	target
RELA	0	1	intogen2024	native_reactome	ot_nolit__to__intogen2024	target
NTRK3	0	1	intogen2024	native_reactome	ot_nolit__to__intogen2024	target
HLA-C	0	1	intogen2024	native_reactome	ot_nolit__to__intogen2024	target
PSIP1	0	1	intogen2024	native_reactome	ot_nolit__to__intogen2024	target
CBL	0	1	intogen2024	native_reactome	ot_nolit__to__intogen2024	target
MSI2	0	1	intogen2024	native_reactome	ot_nolit__to__intogen2024	target
SOX9	0	1	intogen2024	native_reactome	ot_nolit__to__intogen2024	target
NPM1	0	1	intogen2024	native_reactome	ot_nolit__to__intogen2024	target
RAP1GDS1	0	1	intogen2024	native_reactome	ot_nolit__to__intogen2024	target
LEF1	0	1	intogen2024	native_reactome	ot_nolit__to__intogen2024	target
REST	0	1	intogen2024	native_reactome	ot_nolit__to__intogen2024	target
SIRPA	0	1	intogen2024	native_reactome	ot_nolit__to__intogen2024	target
CYSLTR2	0	1	intogen2024	native_reactome	ot_nolit__to__intogen2024	target
HLA-B	0	1	intogen2024	native_reactome	ot_nolit__to__intogen2024	target
WWTR1	0	1	intogen2024	native_reactome	ot_nolit__to__intogen2024	target
POU2F2	0	1	intogen2024	native_reactome	ot_nolit__to__intogen2024	target
KAT6B	0	1	intogen2024	native_reactome	ot_nolit__to__intogen2024	target
VAV1	0	1	intogen2024	native_reactome	ot_nolit__to__intogen2024	target
KMT2B	0	1	intogen2024	native_reactome	ot_nolit__to__intogen2024	target
RAD21	0	1	intogen2024	native_reactome	ot_nolit__to__intogen2024	target
PPP3CA	0	1	intogen2024	native_reactome	ot_nolit__to__intogen2024	target
CYLD	0	1	intogen2024	native_reactome	ot_nolit__to__intogen2024	target
ZEB1	0	1	intogen2024	native_reactome	ot_nolit__to__intogen2024	target
STAT6	0	1	intogen2024	native_reactome	ot_nolit__to__intogen2024	target
ABL2	0	1	intogen2024	native_reactome	ot_nolit__to__intogen2024	target
HSPG2	0	1	intogen2024	native_reactome	ot_nolit__to__intogen2024	target
DDB2	0	1	intogen2024	native_reactome	ot_nolit__to__intogen2024	target
CADM2	0	1	intogen2024	native_reactome	ot_nolit__to__intogen2024	target
NFE2L2	0	1	intogen2024	native_reactome	ot_nolit__to__intogen2024	target
NFKBIE	0	1	intogen2024	native_reactome	ot_nolit__to__intogen2024	target
RANBP2	0	1	intogen2024	native_reactome	ot_nolit__to__intogen2024	target
ZFP36L1	0	1	intogen2024	native_reactome	ot_nolit__to__intogen2024	target
SETDB1	0	1	intogen2024	native_reactome	ot_nolit__to__intogen2024	target
EIF4A2	0	1	intogen2024	native_reactome	ot_nolit__to__intogen2024	target
IL6ST	0	1	intogen2024	native_reactome	ot_nolit__to__intogen2024	target
ESRRA	0	1	intogen2024	native_reactome	ot_nolit__to__intogen2024	target
GATA3	0	1	intogen2024	native_reactome	ot_nolit__to__intogen2024	target
KAT7	0	1	intogen2024	native_reactome	ot_nolit__to__intogen2024	target
IKBKB	0	1	intogen2024	native_reactome	ot_nolit__to__intogen2024	target
SMO	0	1	intogen2024	native_reactome	ot_nolit__to__intogen2024	target
PICALM	0	1	intogen2024	native_reactome	ot_nolit__to__intogen2024	target
CD209	0	1	intogen2024	native_reactome	ot_nolit__to__intogen2024	target
TNC	0	1	intogen2024	native_reactome	ot_nolit__to__intogen2024	target
NCOR2	0	1	intogen2024	native_reactome	ot_nolit__to__intogen2024	target
KAT6A	0	1	intogen2024	native_reactome	ot_nolit__to__intogen2024	target
PRKCB	0	1	intogen2024	native_reactome	ot_nolit__to__intogen2024	target
MIB2	0	1	intogen2024	native_reactome	ot_nolit__to__intogen2024	target
FCGR2B	0	1	intogen2024	native_reactome	ot_nolit__to__intogen2024	target
KRAS	0	1	intogen2024	native_reactome	ot_nolit__to__intogen2024	target
EPAS1	0	1	intogen2024	native_reactome	ot_nolit__to__intogen2024	target
NFKBIA	0	1	intogen2024	native_reactome	ot_nolit__to__intogen2024	target
ACKR3	0	1	intogen2024	native_reactome	ot_nolit__to__intogen2024	target
CCNT1	0	1	intogen2024	native_reactome	ot_nolit__to__intogen2024	target
ACVR1B	0	1	intogen2024	native_reactome	ot_nolit__to__intogen2024	target
POLQ	0	1	intogen2024	native_reactome	ot_nolit__to__intogen2024	target
LDB1	0	1	intogen2024	native_reactome	ot_nolit__to__intogen2024	target
CLTCL1	0	1	intogen2024	native_reactome	ot_nolit__to__intogen2024	target
BIRC3	0	1	intogen2024	native_reactome	ot_nolit__to__intogen2024	target
AJUBA	0	1	intogen2024	native_reactome	ot_nolit__to__intogen2024	target
PML	0	1	intogen2024	native_reactome	ot_nolit__to__intogen2024	target
NBEA	0	1	intogen2024	native_reactome	ot_nolit__to__intogen2024	target
KMT2A	0	1	intogen2024	native_reactome	ot_nolit__to__intogen2024	target
SUZ12	0	1	intogen2024	native_reactome	ot_nolit__to__intogen2024	target
RRAGC	0	1	intogen2024	native_reactome	ot_nolit__to__intogen2024	target
MYO5A	0	1	intogen2024	native_reactome	ot_nolit__to__intogen2024	target
CDKN2C	0	1	intogen2024	native_reactome	ot_nolit__to__intogen2024	target
ATF7IP	0	1	intogen2024	native_reactome	ot_nolit__to__intogen2024	target
RUNX1	0	1	intogen2024	native_reactome	ot_nolit__to__intogen2024	target
ARID2	0	1	intogen2024	native_reactome	ot_nolit__to__intogen2024	target
CD79B	0	1	intogen2024	native_reactome	ot_nolit__to__intogen2024	target
MCM7	0	1	intogen2024	native_reactome	ot_nolit__to__intogen2024	target
FOXL2	0	1	intogen2024	native_reactome	ot_nolit__to__intogen2024	target
HGF	0	1	intogen2024	native_reactome	ot_nolit__to__intogen2024	target
NOTCH2	0	1	intogen2024	native_reactome	ot_nolit__to__intogen2024	target
ATRX	0	1	intogen2024	native_reactome	ot_nolit__to__intogen2024	target
CHD7	0	1	intogen2024	native_reactome	ot_nolit__to__intogen2024	target
PREX2	0	1	intogen2024	native_reactome	ot_nolit__to__intogen2024	target
DROSHA	0	1	intogen2024	native_reactome	ot_nolit__to__intogen2024	target
MYH11	0	1	intogen2024	native_reactome	ot_nolit__to__intogen2024	target
CARD11	0	1	intogen2024	native_reactome	ot_nolit__to__intogen2024	target
CHD4	0	1	intogen2024	native_reactome	ot_nolit__to__intogen2024	target
IRAK1	0	1	intogen2024	native_reactome	ot_nolit__to__intogen2024	target
BRD7	0	1	intogen2024	native_reactome	ot_nolit__to__intogen2024	target
PTPRD	0	1	intogen2024	native_reactome	ot_nolit__to__intogen2024	target
RGS7	0	1	intogen2024	native_reactome	ot_nolit__to__intogen2024	target
EGR2	0	1	intogen2024	native_reactome	ot_nolit__to__intogen2024	target
NUMA1	0	1	intogen2024	native_reactome	ot_nolit__to__intogen2024	target
NFATC2	0	1	intogen2024	native_reactome	ot_nolit__to__intogen2024	target
FBXW7	0	1	intogen2024	native_reactome	ot_nolit__to__intogen2024	target
SHTN1	0	1	intogen2024	native_reactome	ot_nolit__to__intogen2024	target
EIF1AX	0	1	intogen2024	native_reactome	ot_nolit__to__intogen2024	target
CCND3	0	1	intogen2024	native_reactome	ot_nolit__to__intogen2024	target
PTPRC	0	1	intogen2024	native_reactome	ot_nolit__to__intogen2024	target
RIPK1	0	1	intogen2024	native_reactome	ot_nolit__to__intogen2024	target
PTPN6	0	1	intogen2024	native_reactome	ot_nolit__to__intogen2024	target
HSP90AA1	0	1	intogen2024	native_reactome	ot_nolit__to__intogen2024	target
SMARCD1	0	1	intogen2024	native_reactome	ot_nolit__to__intogen2024	target
USP8	0	1	intogen2024	native_reactome	ot_nolit__to__intogen2024	target
PAX5	0	1	intogen2024	native_reactome	ot_nolit__to__intogen2024	target
PIK3CB	0	1	intogen2024	native_reactome	ot_nolit__to__intogen2024	target
PIM1	0	1	intogen2024	native_reactome	ot_nolit__to__intogen2024	target
BCL9L	0	1	intogen2024	native_reactome	ot_nolit__to__intogen2024	target
CUL3	0	1	intogen2024	native_reactome	ot_nolit__to__intogen2024	target
ARAF	0	1	intogen2024	native_reactome	ot_nolit__to__intogen2024	target
NTRK2	0	1	intogen2024	native_reactome	ot_nolit__to__intogen2024	target
TBL1XR1	0	1	intogen2024	native_reactome	ot_nolit__to__intogen2024	target
CDK12	0	1	intogen2024	native_reactome	ot_nolit__to__intogen2024	target
MYH9	0	1	intogen2024	native_reactome	ot_nolit__to__intogen2024	target
ZFHX3	0	1	intogen2024	native_reactome	ot_nolit__to__intogen2024	target
JAK2	0	1	intogen2024	native_reactome	ot_nolit__to__intogen2024	target
ASXL2	0	1	intogen2024	native_reactome	ot_nolit__to__intogen2024	target
B2M	0	1	intogen2024	native_reactome	ot_nolit__to__intogen2024	target
TGIF1	0	1	intogen2024	native_reactome	ot_nolit__to__intogen2024	target
PPP6C	0	1	intogen2024	native_reactome	ot_nolit__to__intogen2024	target
ALPK1	0	1	intogen2024	native_reactome	ot_nolit__to__intogen2024	target
ADD2	0	0	intogen2024	native_reactome	ot_nolit__to__intogen2024	background
GGA3	0	0	intogen2024	native_reactome	ot_nolit__to__intogen2024	background
TNRC6C	0	0	intogen2024	native_reactome	ot_nolit__to__intogen2024	background
HIVEP3	0	0	intogen2024	native_reactome	ot_nolit__to__intogen2024	background
GHR	0	0	intogen2024	native_reactome	ot_nolit__to__intogen2024	background
FOLR1	0	0	intogen2024	native_reactome	ot_nolit__to__intogen2024	background
MTM1	0	0	intogen2024	native_reactome	ot_nolit__to__intogen2024	background
IBSP	0	0	intogen2024	native_reactome	ot_nolit__to__intogen2024	background
CREB3L3	0	0	intogen2024	native_reactome	ot_nolit__to__intogen2024	background
ITSN1	0	0	intogen2024	native_reactome	ot_nolit__to__intogen2024	background
SNF8	0	0	intogen2024	native_reactome	ot_nolit__to__intogen2024	background
RNF8	0	0	intogen2024	native_reactome	ot_nolit__to__intogen2024	background
CDC25B	0	0	intogen2024	native_reactome	ot_nolit__to__intogen2024	background
ITGAD	0	0	intogen2024	native_reactome	ot_nolit__to__intogen2024	background
IL26	0	0	intogen2024	native_reactome	ot_nolit__to__intogen2024	background
VCAM1	0	0	intogen2024	native_reactome	ot_nolit__to__intogen2024	background
GP5	0	0	intogen2024	native_reactome	ot_nolit__to__intogen2024	background
NAPA	0	0	intogen2024	native_reactome	ot_nolit__to__intogen2024	background
CHML	0	0	intogen2024	native_reactome	ot_nolit__to__intogen2024	background
DENND2A	0	0	intogen2024	native_reactome	ot_nolit__to__intogen2024	background
ADAMTS4	0	0	intogen2024	native_reactome	ot_nolit__to__intogen2024	background
OTUD3	0	0	intogen2024	native_reactome	ot_nolit__to__intogen2024	background
BMP1	0	0	intogen2024	native_reactome	ot_nolit__to__intogen2024	background
GABRB3	0	0	intogen2024	native_reactome	ot_nolit__to__intogen2024	background
UNC5B	0	0	intogen2024	native_reactome	ot_nolit__to__intogen2024	background
C4A	0	0	intogen2024	native_reactome	ot_nolit__to__intogen2024	background
TTC5	0	0	intogen2024	native_reactome	ot_nolit__to__intogen2024	background
LEFTY2	0	0	intogen2024	native_reactome	ot_nolit__to__intogen2024	background
POU4F2	0	0	intogen2024	native_reactome	ot_nolit__to__intogen2024	background
NMT2	0	0	intogen2024	native_reactome	ot_nolit__to__intogen2024	background
TNFRSF25	0	0	intogen2024	native_reactome	ot_nolit__to__intogen2024	background
GATA6	0	0	intogen2024	native_reactome	ot_nolit__to__intogen2024	background
VTI1A	0	0	intogen2024	native_reactome	ot_nolit__to__intogen2024	background
IL2	0	0	intogen2024	native_reactome	ot_nolit__to__intogen2024	background
STING1	0	0	intogen2024	native_reactome	ot_nolit__to__intogen2024	background
ACAN	0	0	intogen2024	native_reactome	ot_nolit__to__intogen2024	background
ORC5	0	0	intogen2024	native_reactome	ot_nolit__to__intogen2024	background
PPP1R12A	0	0	intogen2024	native_reactome	ot_nolit__to__intogen2024	background
VDR	0	0	intogen2024	native_reactome	ot_nolit__to__intogen2024	background
SLIT3	0	0	intogen2024	native_reactome	ot_nolit__to__intogen2024	background
KIR2DL2	0	0	intogen2024	native_reactome	ot_nolit__to__intogen2024	background
MVB12A	0	0	intogen2024	native_reactome	ot_nolit__to__intogen2024	background
H2BC26	0	0	intogen2024	native_reactome	ot_nolit__to__intogen2024	background
ABRAXAS2	0	0	intogen2024	native_reactome	ot_nolit__to__intogen2024	background
AVP	0	0	intogen2024	native_reactome	ot_nolit__to__intogen2024	background
MPHOSPH8	0	0	intogen2024	native_reactome	ot_nolit__to__intogen2024	background
COL1A2	0	0	intogen2024	native_reactome	ot_nolit__to__intogen2024	background
CASP7	0	0	intogen2024	native_reactome	ot_nolit__to__intogen2024	background
SFRP2	0	0	intogen2024	native_reactome	ot_nolit__to__intogen2024	background
POGLUT1	0	0	intogen2024	native_reactome	ot_nolit__to__intogen2024	background
ACTN4	0	0	intogen2024	native_reactome	ot_nolit__to__intogen2024	background
NEK2	0	0	intogen2024	native_reactome	ot_nolit__to__intogen2024	background
PDPN	0	0	intogen2024	native_reactome	ot_nolit__to__intogen2024	background
BACE1	0	0	intogen2024	native_reactome	ot_nolit__to__intogen2024	background
CRKL	0	0	intogen2024	native_reactome	ot_nolit__to__intogen2024	background
PARD6B	0	0	intogen2024	native_reactome	ot_nolit__to__intogen2024	background
WWP2	0	0	intogen2024	native_reactome	ot_nolit__to__intogen2024	background
CD40LG	0	0	intogen2024	native_reactome	ot_nolit__to__intogen2024	background
PPHLN1	0	0	intogen2024	native_reactome	ot_nolit__to__intogen2024	background
POLL	0	0	intogen2024	native_reactome	ot_nolit__to__intogen2024	background
SEC16B	0	0	intogen2024	native_reactome	ot_nolit__to__intogen2024	background
LY96	0	0	intogen2024	native_reactome	ot_nolit__to__intogen2024	background
GNA12	0	0	intogen2024	native_reactome	ot_nolit__to__intogen2024	background
SOX13	0	0	intogen2024	native_reactome	ot_nolit__to__intogen2024	background
UQCRQ	0	0	intogen2024	native_reactome	ot_nolit__to__intogen2024	background
E2F3	0	0	intogen2024	native_reactome	ot_nolit__to__intogen2024	background
EIF2S2	0	0	intogen2024	native_reactome	ot_nolit__to__intogen2024	background
BIRC2	0	0	intogen2024	native_reactome	ot_nolit__to__intogen2024	background
BRPF1	0	0	intogen2024	native_reactome	ot_nolit__to__intogen2024	background
KRT28	0	0	intogen2024	native_reactome	ot_nolit__to__intogen2024	background
RYK	0	0	intogen2024	native_reactome	ot_nolit__to__intogen2024	background
GINS3	0	0	intogen2024	native_reactome	ot_nolit__to__intogen2024	background
EEF1D	0	0	intogen2024	native_reactome	ot_nolit__to__intogen2024	background
SYT9	0	0	intogen2024	native_reactome	ot_nolit__to__intogen2024	background
CASP14	0	0	intogen2024	native_reactome	ot_nolit__to__intogen2024	background
ADM2	0	0	intogen2024	native_reactome	ot_nolit__to__intogen2024	background
C8A	0	0	intogen2024	native_reactome	ot_nolit__to__intogen2024	background
TRBC1	0	0	intogen2024	native_reactome	ot_nolit__to__intogen2024	background
NECTIN2	0	0	intogen2024	native_reactome	ot_nolit__to__intogen2024	background
EGR1	0	0	intogen2024	native_reactome	ot_nolit__to__intogen2024	background
CAST	0	0	intogen2024	native_reactome	ot_nolit__to__intogen2024	background
ADAM23	0	0	intogen2024	native_reactome	ot_nolit__to__intogen2024	background
RALB	0	0	intogen2024	native_reactome	ot_nolit__to__intogen2024	background
VPS37B	0	0	intogen2024	native_reactome	ot_nolit__to__intogen2024	background
TMEM177	0	0	intogen2024	native_reactome	ot_nolit__to__intogen2024	background
MNAT1	0	0	intogen2024	native_reactome	ot_nolit__to__intogen2024	background
MAS1	0	0	intogen2024	native_reactome	ot_nolit__to__intogen2024	background
IFNGR1	0	0	intogen2024	native_reactome	ot_nolit__to__intogen2024	background
MBTPS1	0	0	intogen2024	native_reactome	ot_nolit__to__intogen2024	background
RND1	0	0	intogen2024	native_reactome	ot_nolit__to__intogen2024	background
LTBR	0	0	intogen2024	native_reactome	ot_nolit__to__intogen2024	background
STAB2	0	0	intogen2024	native_reactome	ot_nolit__to__intogen2024	background
HECW1	0	0	intogen2024	native_reactome	ot_nolit__to__intogen2024	background
RAD51AP1	0	0	intogen2024	native_reactome	ot_nolit__to__intogen2024	background
RGS9	0	0	intogen2024	native_reactome	ot_nolit__to__intogen2024	background
NR1H3	0	0	intogen2024	native_reactome	ot_nolit__to__intogen2024	background
ARF3	0	0	intogen2024	native_reactome	ot_nolit__to__intogen2024	background
RBM8A	0	0	intogen2024	native_reactome	ot_nolit__to__intogen2024	background
TEAD4	0	0	intogen2024	native_reactome	ot_nolit__to__intogen2024	background
DLST	0	0	intogen2024	native_reactome	ot_nolit__to__intogen2024	background
HMGA2	0	0	intogen2024	native_reactome	ot_nolit__to__intogen2024	background
GBP4	0	0	intogen2024	native_reactome	ot_nolit__to__intogen2024	background
TAB3	0	0	intogen2024	native_reactome	ot_nolit__to__intogen2024	background
RAB14	0	0	intogen2024	native_reactome	ot_nolit__to__intogen2024	background
TFAP2A	0	0	intogen2024	native_reactome	ot_nolit__to__intogen2024	background
GFRA2	0	0	intogen2024	native_reactome	ot_nolit__to__intogen2024	background
GOLGA7	0	0	intogen2024	native_reactome	ot_nolit__to__intogen2024	background
UBTF	0	0	intogen2024	native_reactome	ot_nolit__to__intogen2024	background
FLRT1	0	0	intogen2024	native_reactome	ot_nolit__to__intogen2024	background
DVL3	0	0	intogen2024	native_reactome	ot_nolit__to__intogen2024	background
PCLO	0	0	intogen2024	native_reactome	ot_nolit__to__intogen2024	background
KCNMB3	0	0	intogen2024	native_reactome	ot_nolit__to__intogen2024	background
ARHGEF11	0	0	intogen2024	native_reactome	ot_nolit__to__intogen2024	background
JUP	0	0	intogen2024	native_reactome	ot_nolit__to__intogen2024	background
RINT1	0	0	intogen2024	native_reactome	ot_nolit__to__intogen2024	background
PPARG	0	0	intogen2024	native_reactome	ot_nolit__to__intogen2024	background
CHEK1	0	0	intogen2024	native_reactome	ot_nolit__to__intogen2024	background
KLK7	0	0	intogen2024	native_reactome	ot_nolit__to__intogen2024	background
ATRIP	0	0	intogen2024	native_reactome	ot_nolit__to__intogen2024	background
F2	0	0	intogen2024	native_reactome	ot_nolit__to__intogen2024	background
PHF19	0	0	intogen2024	native_reactome	ot_nolit__to__intogen2024	background
MAPK4	0	0	intogen2024	native_reactome	ot_nolit__to__intogen2024	background
PRM1	0	0	intogen2024	native_reactome	ot_nolit__to__intogen2024	background
PAGR1	0	0	intogen2024	native_reactome	ot_nolit__to__intogen2024	background
LINGO1	0	0	intogen2024	native_reactome	ot_nolit__to__intogen2024	background
DENND4C	0	0	intogen2024	native_reactome	ot_nolit__to__intogen2024	background
STK24	0	0	intogen2024	native_reactome	ot_nolit__to__intogen2024	background
STAMBP	0	0	intogen2024	native_reactome	ot_nolit__to__intogen2024	background
SEC24D	0	0	intogen2024	native_reactome	ot_nolit__to__intogen2024	background
SKIL	0	0	intogen2024	native_reactome	ot_nolit__to__intogen2024	background
RHOH	0	0	intogen2024	native_reactome	ot_nolit__to__intogen2024	background
CACNG8	0	0	intogen2024	native_reactome	ot_nolit__to__intogen2024	background
PHAX	0	0	intogen2024	native_reactome	ot_nolit__to__intogen2024	background
PDE6A	0	0	intogen2024	native_reactome	ot_nolit__to__intogen2024	background
SKP2	0	0	intogen2024	native_reactome	ot_nolit__to__intogen2024	background
PROC	0	0	intogen2024	native_reactome	ot_nolit__to__intogen2024	background
TNS4	0	0	intogen2024	native_reactome	ot_nolit__to__intogen2024	background
RIN3	0	0	intogen2024	native_reactome	ot_nolit__to__intogen2024	background
MAPK6	0	0	intogen2024	native_reactome	ot_nolit__to__intogen2024	background
RAD52	0	0	intogen2024	native_reactome	ot_nolit__to__intogen2024	background
SEMA6A	0	0	intogen2024	native_reactome	ot_nolit__to__intogen2024	background
OSBPL1A	0	0	intogen2024	native_reactome	ot_nolit__to__intogen2024	background
ELMO1	0	0	intogen2024	native_reactome	ot_nolit__to__intogen2024	background
GLYCAM1	0	0	intogen2024	native_reactome	ot_nolit__to__intogen2024	background
ISL1	0	0	intogen2024	native_reactome	ot_nolit__to__intogen2024	background
HAND2	0	0	intogen2024	native_reactome	ot_nolit__to__intogen2024	background
IL6R	0	0	intogen2024	native_reactome	ot_nolit__to__intogen2024	background
ACTN1	0	0	intogen2024	native_reactome	ot_nolit__to__intogen2024	background
EFCAB7	0	0	intogen2024	native_reactome	ot_nolit__to__intogen2024	background
GTF2B	0	0	intogen2024	native_reactome	ot_nolit__to__intogen2024	background
PPP1R13L	0	0	intogen2024	native_reactome	ot_nolit__to__intogen2024	background
NCR3	0	0	intogen2024	native_reactome	ot_nolit__to__intogen2024	background
IL10	0	0	intogen2024	native_reactome	ot_nolit__to__intogen2024	background
CCNA2	0	0	intogen2024	native_reactome	ot_nolit__to__intogen2024	background
FCN3	0	0	intogen2024	native_reactome	ot_nolit__to__intogen2024	background
GABARAP	0	0	intogen2024	native_reactome	ot_nolit__to__intogen2024	background
NRP2	0	0	intogen2024	native_reactome	ot_nolit__to__intogen2024	background
SNCAIP	0	0	intogen2024	native_reactome	ot_nolit__to__intogen2024	background
FGFRL1	0	0	intogen2024	native_reactome	ot_nolit__to__intogen2024	background
AMBP	0	0	intogen2024	native_reactome	ot_nolit__to__intogen2024	background
CETN1	0	0	intogen2024	native_reactome	ot_nolit__to__intogen2024	background
TNFSF10	0	0	intogen2024	native_reactome	ot_nolit__to__intogen2024	background
PHLDA1	0	0	intogen2024	native_reactome	ot_nolit__to__intogen2024	background
IL13RA2	0	0	intogen2024	native_reactome	ot_nolit__to__intogen2024	background
ZFP36	0	0	intogen2024	native_reactome	ot_nolit__to__intogen2024	background
CEBPB	0	0	intogen2024	native_reactome	ot_nolit__to__intogen2024	background
GINS1	0	0	intogen2024	native_reactome	ot_nolit__to__intogen2024	background
VTN	0	0	intogen2024	native_reactome	ot_nolit__to__intogen2024	background
CNTN1	0	0	intogen2024	native_reactome	ot_nolit__to__intogen2024	background
VAMP8	0	0	intogen2024	native_reactome	ot_nolit__to__intogen2024	background
LILRA1	0	0	intogen2024	native_reactome	ot_nolit__to__intogen2024	background
APH1B	0	0	intogen2024	native_reactome	ot_nolit__to__intogen2024	background
TRIM27	0	0	intogen2024	native_reactome	ot_nolit__to__intogen2024	background
CXXC1	0	0	intogen2024	native_reactome	ot_nolit__to__intogen2024	background
RALGAPA2	0	0	intogen2024	native_reactome	ot_nolit__to__intogen2024	background
SEC23A	0	0	intogen2024	native_reactome	ot_nolit__to__intogen2024	background
C9	0	0	intogen2024	native_reactome	ot_nolit__to__intogen2024	background
ITGAX	0	0	intogen2024	native_reactome	ot_nolit__to__intogen2024	background
TLR5	0	0	intogen2024	native_reactome	ot_nolit__to__intogen2024	background
ZNF45	0	0	intogen2024	native_reactome	ot_nolit__to__intogen2024	background
PMF1	0	0	intogen2024	native_reactome	ot_nolit__to__intogen2024	background
SUDS3	0	0	intogen2024	native_reactome	ot_nolit__to__intogen2024	background
ACTN2	0	0	intogen2024	native_reactome	ot_nolit__to__intogen2024	background
GLA	0	0	intogen2024	native_reactome	ot_nolit__to__intogen2024	background
PRKAR1B	0	0	intogen2024	native_reactome	ot_nolit__to__intogen2024	background
LMNB1	0	0	intogen2024	native_reactome	ot_nolit__to__intogen2024	background
GBP2	0	0	intogen2024	native_reactome	ot_nolit__to__intogen2024	background
PPP3R1	0	0	intogen2024	native_reactome	ot_nolit__to__intogen2024	background
PPFIA1	0	0	intogen2024	native_reactome	ot_nolit__to__intogen2024	background
ERCC5	0	0	intogen2024	native_reactome	ot_nolit__to__intogen2024	background
RACK1	0	0	intogen2024	native_reactome	ot_nolit__to__intogen2024	background
CDH8	0	0	intogen2024	native_reactome	ot_nolit__to__intogen2024	background
PYGO1	0	0	intogen2024	native_reactome	ot_nolit__to__intogen2024	background
CUL1	0	0	intogen2024	native_reactome	ot_nolit__to__intogen2024	background
FLT3LG	0	0	intogen2024	native_reactome	ot_nolit__to__intogen2024	background
ALCAM	0	0	intogen2024	native_reactome	ot_nolit__to__intogen2024	background
VAMP4	0	0	intogen2024	native_reactome	ot_nolit__to__intogen2024	background
NUAK1	0	0	intogen2024	native_reactome	ot_nolit__to__intogen2024	background
FOXD3	0	0	intogen2024	native_reactome	ot_nolit__to__intogen2024	background
PPFIA4	0	0	intogen2024	native_reactome	ot_nolit__to__intogen2024	background
FBN2	1	1	intogen2024	native_reactome	ot_nolit__to__intogen2024	target
NIPBL	1	1	intogen2024	native_reactome	ot_nolit__to__intogen2024	target
BCL9	1	1	intogen2024	native_reactome	ot_nolit__to__intogen2024	target
DCC	1	1	intogen2024	native_reactome	ot_nolit__to__intogen2024	target
WNT1	1	1	intogen2024	native_reactome	ot_nolit__to__intogen2024	target
FAS	1	1	intogen2024	native_reactome	ot_nolit__to__intogen2024	target
ATR	1	1	intogen2024	native_reactome	ot_nolit__to__intogen2024	target
EZH2	1	1	intogen2024	native_reactome	ot_nolit__to__intogen2024	target
INPPL1	1	1	intogen2024	native_reactome	ot_nolit__to__intogen2024	target
CASP8	1	1	intogen2024	native_reactome	ot_nolit__to__intogen2024	target
SMAD3	1	1	intogen2024	native_reactome	ot_nolit__to__intogen2024	target
CTCF	1	1	intogen2024	native_reactome	ot_nolit__to__intogen2024	target
CCND1	1	1	intogen2024	native_reactome	ot_nolit__to__intogen2024	target
GSK3B	1	1	intogen2024	native_reactome	ot_nolit__to__intogen2024	target
SOX17	1	1	intogen2024	native_reactome	ot_nolit__to__intogen2024	target
NCOA1	1	1	intogen2024	native_reactome	ot_nolit__to__intogen2024	target
NPRL2	1	1	intogen2024	native_reactome	ot_nolit__to__intogen2024	target
KDM6A	1	1	intogen2024	native_reactome	ot_nolit__to__intogen2024	target
CCND2	1	1	intogen2024	native_reactome	ot_nolit__to__intogen2024	target
NCKIPSD	1	1	intogen2024	native_reactome	ot_nolit__to__intogen2024	target
GPC5	1	1	intogen2024	native_reactome	ot_nolit__to__intogen2024	target
CTNNA2	1	1	intogen2024	native_reactome	ot_nolit__to__intogen2024	target
CBFB	1	1	intogen2024	native_reactome	ot_nolit__to__intogen2024	target
SETD1B	1	1	intogen2024	native_reactome	ot_nolit__to__intogen2024	target
JAK3	1	1	intogen2024	native_reactome	ot_nolit__to__intogen2024	target
AFDN	1	1	intogen2024	native_reactome	ot_nolit__to__intogen2024	target
RHOA	1	1	intogen2024	native_reactome	ot_nolit__to__intogen2024	target
PABPC1	1	1	intogen2024	native_reactome	ot_nolit__to__intogen2024	target
ZNF93	1	1	intogen2024	native_reactome	ot_nolit__to__intogen2024	target
DSP	1	1	intogen2024	native_reactome	ot_nolit__to__intogen2024	target
NSD2	1	1	intogen2024	native_reactome	ot_nolit__to__intogen2024	target
ELF3	1	1	intogen2024	native_reactome	ot_nolit__to__intogen2024	target
MGA	1	1	intogen2024	native_reactome	ot_nolit__to__intogen2024	target
ARID1B	1	1	intogen2024	native_reactome	ot_nolit__to__intogen2024	target
PTK6	1	1	intogen2024	native_reactome	ot_nolit__to__intogen2024	target
PRDM1	1	1	intogen2024	native_reactome	ot_nolit__to__intogen2024	target
PTPN11	1	1	intogen2024	native_reactome	ot_nolit__to__intogen2024	target
BCL10	1	1	intogen2024	native_reactome	ot_nolit__to__intogen2024	target
SDCBP	1	1	intogen2024	native_reactome	ot_nolit__to__intogen2024	target
CDH11	1	1	intogen2024	native_reactome	ot_nolit__to__intogen2024	target
NRAS	1	1	intogen2024	native_reactome	ot_nolit__to__intogen2024	target
TCF7L2	1	1	intogen2024	native_reactome	ot_nolit__to__intogen2024	target
ROBO2	1	1	intogen2024	native_reactome	ot_nolit__to__intogen2024	target
MTOR	1	1	intogen2024	native_reactome	ot_nolit__to__intogen2024	target
BCL2	1	1	intogen2024	native_reactome	ot_nolit__to__intogen2024	target
SGK1	1	1	intogen2024	native_reactome	ot_nolit__to__intogen2024	target
ITGAV	1	1	intogen2024	native_reactome	ot_nolit__to__intogen2024	target
FOXO3	1	1	intogen2024	native_reactome	ot_nolit__to__intogen2024	target
PIK3R1	1	1	intogen2024	native_reactome	ot_nolit__to__intogen2024	target
ZNRF3	1	1	intogen2024	native_reactome	ot_nolit__to__intogen2024	target
DHX9	1	1	intogen2024	native_reactome	ot_nolit__to__intogen2024	target
SMARCA2	1	1	intogen2024	native_reactome	ot_nolit__to__intogen2024	target
NXF1	1	1	intogen2024	native_reactome	ot_nolit__to__intogen2024	target
TNFRSF14	1	1	intogen2024	native_reactome	ot_nolit__to__intogen2024	target
MAP2K7	1	1	intogen2024	native_reactome	ot_nolit__to__intogen2024	target
EPS15	1	1	intogen2024	native_reactome	ot_nolit__to__intogen2024	target
CRLF2	1	1	intogen2024	native_reactome	ot_nolit__to__intogen2024	target
ELN	1	1	intogen2024	native_reactome	ot_nolit__to__intogen2024	target
GNA11	1	1	intogen2024	native_reactome	ot_nolit__to__intogen2024	target
DAXX	1	1	intogen2024	native_reactome	ot_nolit__to__intogen2024	target
IKZF1	1	1	intogen2024	native_reactome	ot_nolit__to__intogen2024	target
HRAS	1	1	intogen2024	native_reactome	ot_nolit__to__intogen2024	target
PLXNC1	1	1	intogen2024	native_reactome	ot_nolit__to__intogen2024	target
GRIN2A	1	1	intogen2024	native_reactome	ot_nolit__to__intogen2024	target
ACVR2A	1	1	intogen2024	native_reactome	ot_nolit__to__intogen2024	target
HLA-DQA1	1	1	intogen2024	native_reactome	ot_nolit__to__intogen2024	target
FBLN2	1	1	intogen2024	native_reactome	ot_nolit__to__intogen2024	target
MAPK1	1	1	intogen2024	native_reactome	ot_nolit__to__intogen2024	target
NCOA2	1	1	intogen2024	native_reactome	ot_nolit__to__intogen2024	target
IDH2	1	1	intogen2024	native_reactome	ot_nolit__to__intogen2024	target
USP7	1	1	intogen2024	native_reactome	ot_nolit__to__intogen2024	target
NFKB2	1	1	intogen2024	native_reactome	ot_nolit__to__intogen2024	target
ARHGEF12	1	1	intogen2024	native_reactome	ot_nolit__to__intogen2024	target
MAF	1	1	intogen2024	native_reactome	ot_nolit__to__intogen2024	target
LATS2	1	1	intogen2024	native_reactome	ot_nolit__to__intogen2024	target
GNA13	1	1	intogen2024	native_reactome	ot_nolit__to__intogen2024	target
SRGAP3	1	1	intogen2024	native_reactome	ot_nolit__to__intogen2024	target
ETV4	1	1	intogen2024	native_reactome	ot_nolit__to__intogen2024	target
ZNF521	1	1	intogen2024	native_reactome	ot_nolit__to__intogen2024	target
FGFR2	1	1	intogen2024	native_reactome	ot_nolit__to__intogen2024	target
USP9X	1	1	intogen2024	native_reactome	ot_nolit__to__intogen2024	target
CACNA1D	1	1	intogen2024	native_reactome	ot_nolit__to__intogen2024	target
ARNT	1	1	intogen2024	native_reactome	ot_nolit__to__intogen2024	target
MDM2	1	1	intogen2024	native_reactome	ot_nolit__to__intogen2024	target
GNAI2	1	1	intogen2024	native_reactome	ot_nolit__to__intogen2024	target
GNAQ	1	1	intogen2024	native_reactome	ot_nolit__to__intogen2024	target
SMAD2	1	1	intogen2024	native_reactome	ot_nolit__to__intogen2024	target
DGCR8	1	1	intogen2024	native_reactome	ot_nolit__to__intogen2024	target
KNL1	1	1	intogen2024	native_reactome	ot_nolit__to__intogen2024	target
AKT1	1	1	intogen2024	native_reactome	ot_nolit__to__intogen2024	target
HSP90AB1	1	1	intogen2024	native_reactome	ot_nolit__to__intogen2024	target
KEAP1	1	1	intogen2024	native_reactome	ot_nolit__to__intogen2024	target
TRIM33	1	1	intogen2024	native_reactome	ot_nolit__to__intogen2024	target
DTX1	1	1	intogen2024	native_reactome	ot_nolit__to__intogen2024	target
ANK1	1	1	intogen2024	native_reactome	ot_nolit__to__intogen2024	target
PWWP2A	1	1	intogen2024	native_reactome	ot_nolit__to__intogen2024	target
SH2B3	1	1	intogen2024	native_reactome	ot_nolit__to__intogen2024	target
XPO1	1	1	intogen2024	native_reactome	ot_nolit__to__intogen2024	target
GLI1	1	1	intogen2024	native_reactome	ot_nolit__to__intogen2024	target
BCL6	1	1	intogen2024	native_reactome	ot_nolit__to__intogen2024	target
KMT5A	1	1	intogen2024	native_reactome	ot_nolit__to__intogen2024	target
RSPO2	1	1	intogen2024	native_reactome	ot_nolit__to__intogen2024	target
SIN3A	1	1	intogen2024	native_reactome	ot_nolit__to__intogen2024	target
IL7R	1	1	intogen2024	native_reactome	ot_nolit__to__intogen2024	target
PTPN3	1	1	intogen2024	native_reactome	ot_nolit__to__intogen2024	target
TMPRSS2	1	1	intogen2024	native_reactome	ot_nolit__to__intogen2024	target
HIF1A	1	1	intogen2024	native_reactome	ot_nolit__to__intogen2024	target
IKZF3	1	1	intogen2024	native_reactome	ot_nolit__to__intogen2024	target
MALT1	1	1	intogen2024	native_reactome	ot_nolit__to__intogen2024	target
PDCD1LG2	1	1	intogen2024	native_reactome	ot_nolit__to__intogen2024	target
ARHGAP35	1	1	intogen2024	native_reactome	ot_nolit__to__intogen2024	target
PHF6	1	1	intogen2024	native_reactome	ot_nolit__to__intogen2024	target
ATP1A1	1	1	intogen2024	native_reactome	ot_nolit__to__intogen2024	target
RASA1	1	1	intogen2024	native_reactome	ot_nolit__to__intogen2024	target
GNAS	1	1	intogen2024	native_reactome	ot_nolit__to__intogen2024	target
FOXO1	1	1	intogen2024	native_reactome	ot_nolit__to__intogen2024	target
TNFAIP3	1	1	intogen2024	native_reactome	ot_nolit__to__intogen2024	target
MYC	1	1	intogen2024	native_reactome	ot_nolit__to__intogen2024	target
SOCS1	1	1	intogen2024	native_reactome	ot_nolit__to__intogen2024	target
HLA-A	1	1	intogen2024	native_reactome	ot_nolit__to__intogen2024	target
SPOP	1	1	intogen2024	native_reactome	ot_nolit__to__intogen2024	target
CRTC1	1	1	intogen2024	native_reactome	ot_nolit__to__intogen2024	target
IRS4	1	1	intogen2024	native_reactome	ot_nolit__to__intogen2024	target
TRRAP	1	1	intogen2024	native_reactome	ot_nolit__to__intogen2024	target
TEC	1	1	intogen2024	native_reactome	ot_nolit__to__intogen2024	target
CDKN1A	1	1	intogen2024	native_reactome	ot_nolit__to__intogen2024	target
LIFR	1	1	intogen2024	native_reactome	ot_nolit__to__intogen2024	target
COL1A1	1	1	intogen2024	native_reactome	ot_nolit__to__intogen2024	target
ESR1	1	1	intogen2024	native_reactome	ot_nolit__to__intogen2024	target
RRN3	1	1	intogen2024	native_reactome	ot_nolit__to__intogen2024	target
LATS1	1	1	intogen2024	native_reactome	ot_nolit__to__intogen2024	target
TP63	1	1	intogen2024	native_reactome	ot_nolit__to__intogen2024	target
RHPN2	1	1	intogen2024	native_reactome	ot_nolit__to__intogen2024	target
ALK	1	1	intogen2024	native_reactome	ot_nolit__to__intogen2024	target
TBX3	1	1	intogen2024	native_reactome	ot_nolit__to__intogen2024	target
ERCC3	1	1	intogen2024	native_reactome	ot_nolit__to__intogen2024	target
ZCCHC8	1	1	intogen2024	native_reactome	ot_nolit__to__intogen2024	target
DIS3	1	1	intogen2024	native_reactome	ot_nolit__to__intogen2024	target
TRAF3	1	1	intogen2024	native_reactome	ot_nolit__to__intogen2024	target
PRKCD	1	1	intogen2024	native_reactome	ot_nolit__to__intogen2024	target
MEF2B	1	1	intogen2024	native_reactome	ot_nolit__to__intogen2024	target
RAC1	1	1	intogen2024	native_reactome	ot_nolit__to__intogen2024	target
RELA	1	1	intogen2024	native_reactome	ot_nolit__to__intogen2024	target
NTRK3	1	1	intogen2024	native_reactome	ot_nolit__to__intogen2024	target
HLA-C	1	1	intogen2024	native_reactome	ot_nolit__to__intogen2024	target
PSIP1	1	1	intogen2024	native_reactome	ot_nolit__to__intogen2024	target
CBL	1	1	intogen2024	native_reactome	ot_nolit__to__intogen2024	target
MSI2	1	1	intogen2024	native_reactome	ot_nolit__to__intogen2024	target
SOX9	1	1	intogen2024	native_reactome	ot_nolit__to__intogen2024	target
NPM1	1	1	intogen2024	native_reactome	ot_nolit__to__intogen2024	target
RAP1GDS1	1	1	intogen2024	native_reactome	ot_nolit__to__intogen2024	target
LEF1	1	1	intogen2024	native_reactome	ot_nolit__to__intogen2024	target
REST	1	1	intogen2024	native_reactome	ot_nolit__to__intogen2024	target
SIRPA	1	1	intogen2024	native_reactome	ot_nolit__to__intogen2024	target
CYSLTR2	1	1	intogen2024	native_reactome	ot_nolit__to__intogen2024	target
HLA-B	1	1	intogen2024	native_reactome	ot_nolit__to__intogen2024	target
WWTR1	1	1	intogen2024	native_reactome	ot_nolit__to__intogen2024	target
POU2F2	1	1	intogen2024	native_reactome	ot_nolit__to__intogen2024	target
KAT6B	1	1	intogen2024	native_reactome	ot_nolit__to__intogen2024	target
VAV1	1	1	intogen2024	native_reactome	ot_nolit__to__intogen2024	target
KMT2B	1	1	intogen2024	native_reactome	ot_nolit__to__intogen2024	target
RAD21	1	1	intogen2024	native_reactome	ot_nolit__to__intogen2024	target
PPP3CA	1	1	intogen2024	native_reactome	ot_nolit__to__intogen2024	target
CYLD	1	1	intogen2024	native_reactome	ot_nolit__to__intogen2024	target
ZEB1	1	1	intogen2024	native_reactome	ot_nolit__to__intogen2024	target
STAT6	1	1	intogen2024	native_reactome	ot_nolit__to__intogen2024	target
ABL2	1	1	intogen2024	native_reactome	ot_nolit__to__intogen2024	target
HSPG2	1	1	intogen2024	native_reactome	ot_nolit__to__intogen2024	target
DDB2	1	1	intogen2024	native_reactome	ot_nolit__to__intogen2024	target
CADM2	1	1	intogen2024	native_reactome	ot_nolit__to__intogen2024	target
NFE2L2	1	1	intogen2024	native_reactome	ot_nolit__to__intogen2024	target
NFKBIE	1	1	intogen2024	native_reactome	ot_nolit__to__intogen2024	target
RANBP2	1	1	intogen2024	native_reactome	ot_nolit__to__intogen2024	target
ZFP36L1	1	1	intogen2024	native_reactome	ot_nolit__to__intogen2024	target
SETDB1	1	1	intogen2024	native_reactome	ot_nolit__to__intogen2024	target
EIF4A2	1	1	intogen2024	native_reactome	ot_nolit__to__intogen2024	target
IL6ST	1	1	intogen2024	native_reactome	ot_nolit__to__intogen2024	target
ESRRA	1	1	intogen2024	native_reactome	ot_nolit__to__intogen2024	target
GATA3	1	1	intogen2024	native_reactome	ot_nolit__to__intogen2024	target
KAT7	1	1	intogen2024	native_reactome	ot_nolit__to__intogen2024	target
IKBKB	1	1	intogen2024	native_reactome	ot_nolit__to__intogen2024	target
SMO	1	1	intogen2024	native_reactome	ot_nolit__to__intogen2024	target
PICALM	1	1	intogen2024	native_reactome	ot_nolit__to__intogen2024	target
CD209	1	1	intogen2024	native_reactome	ot_nolit__to__intogen2024	target
TNC	1	1	intogen2024	native_reactome	ot_nolit__to__intogen2024	target
NCOR2	1	1	intogen2024	native_reactome	ot_nolit__to__intogen2024	target
KAT6A	1	1	intogen2024	native_reactome	ot_nolit__to__intogen2024	target
PRKCB	1	1	intogen2024	native_reactome	ot_nolit__to__intogen2024	target
MIB2	1	1	intogen2024	native_reactome	ot_nolit__to__intogen2024	target
FCGR2B	1	1	intogen2024	native_reactome	ot_nolit__to__intogen2024	target
KRAS	1	1	intogen2024	native_reactome	ot_nolit__to__intogen2024	target
EPAS1	1	1	intogen2024	native_reactome	ot_nolit__to__intogen2024	target
NFKBIA	1	1	intogen2024	native_reactome	ot_nolit__to__intogen2024	target
ACKR3	1	1	intogen2024	native_reactome	ot_nolit__to__intogen2024	target
CCNT1	1	1	intogen2024	native_reactome	ot_nolit__to__intogen2024	target
ACVR1B	1	1	intogen2024	native_reactome	ot_nolit__to__intogen2024	target
POLQ	1	1	intogen2024	native_reactome	ot_nolit__to__intogen2024	target
LDB1	1	1	intogen2024	native_reactome	ot_nolit__to__intogen2024	target
CLTCL1	1	1	intogen2024	native_reactome	ot_nolit__to__intogen2024	target
BIRC3	1	1	intogen2024	native_reactome	ot_nolit__to__intogen2024	target
AJUBA	1	1	intogen2024	native_reactome	ot_nolit__to__intogen2024	target
PML	1	1	intogen2024	native_reactome	ot_nolit__to__intogen2024	target
NBEA	1	1	intogen2024	native_reactome	ot_nolit__to__intogen2024	target
KMT2A	1	1	intogen2024	native_reactome	ot_nolit__to__intogen2024	target
SUZ12	1	1	intogen2024	native_reactome	ot_nolit__to__intogen2024	target
RRAGC	1	1	intogen2024	native_reactome	ot_nolit__to__intogen2024	target
MYO5A	1	1	intogen2024	native_reactome	ot_nolit__to__intogen2024	target
CDKN2C	1	1	intogen2024	native_reactome	ot_nolit__to__intogen2024	target
ATF7IP	1	1	intogen2024	native_reactome	ot_nolit__to__intogen2024	target
RUNX1	1	1	intogen2024	native_reactome	ot_nolit__to__intogen2024	target
ARID2	1	1	intogen2024	native_reactome	ot_nolit__to__intogen2024	target
CD79B	1	1	intogen2024	native_reactome	ot_nolit__to__intogen2024	target
MCM7	1	1	intogen2024	native_reactome	ot_nolit__to__intogen2024	target
FOXL2	1	1	intogen2024	native_reactome	ot_nolit__to__intogen2024	target
HGF	1	1	intogen2024	native_reactome	ot_nolit__to__intogen2024	target
NOTCH2	1	1	intogen2024	native_reactome	ot_nolit__to__intogen2024	target
ATRX	1	1	intogen2024	native_reactome	ot_nolit__to__intogen2024	target
CHD7	1	1	intogen2024	native_reactome	ot_nolit__to__intogen2024	target
PREX2	1	1	intogen2024	native_reactome	ot_nolit__to__intogen2024	target
DROSHA	1	1	intogen2024	native_reactome	ot_nolit__to__intogen2024	target
MYH11	1	1	intogen2024	native_reactome	ot_nolit__to__intogen2024	target
CARD11	1	1	intogen2024	native_reactome	ot_nolit__to__intogen2024	target
CHD4	1	1	intogen2024	native_reactome	ot_nolit__to__intogen2024	target
IRAK1	1	1	intogen2024	native_reactome	ot_nolit__to__intogen2024	target
BRD7	1	1	intogen2024	native_reactome	ot_nolit__to__intogen2024	target
PTPRD	1	1	intogen2024	native_reactome	ot_nolit__to__intogen2024	target
RGS7	1	1	intogen2024	native_reactome	ot_nolit__to__intogen2024	target
EGR2	1	1	intogen2024	native_reactome	ot_nolit__to__intogen2024	target
NUMA1	1	1	intogen2024	native_reactome	ot_nolit__to__intogen2024	target
NFATC2	1	1	intogen2024	native_reactome	ot_nolit__to__intogen2024	target
FBXW7	1	1	intogen2024	native_reactome	ot_nolit__to__intogen2024	target
SHTN1	1	1	intogen2024	native_reactome	ot_nolit__to__intogen2024	target
EIF1AX	1	1	intogen2024	native_reactome	ot_nolit__to__intogen2024	target
CCND3	1	1	intogen2024	native_reactome	ot_nolit__to__intogen2024	target
PTPRC	1	1	intogen2024	native_reactome	ot_nolit__to__intogen2024	target
RIPK1	1	1	intogen2024	native_reactome	ot_nolit__to__intogen2024	target
PTPN6	1	1	intogen2024	native_reactome	ot_nolit__to__intogen2024	target
HSP90AA1	1	1	intogen2024	native_reactome	ot_nolit__to__intogen2024	target
SMARCD1	1	1	intogen2024	native_reactome	ot_nolit__to__intogen2024	target
USP8	1	1	intogen2024	native_reactome	ot_nolit__to__intogen2024	target
PAX5	1	1	intogen2024	native_reactome	ot_nolit__to__intogen2024	target
PIK3CB	1	1	intogen2024	native_reactome	ot_nolit__to__intogen2024	target
PIM1	1	1	intogen2024	native_reactome	ot_nolit__to__intogen2024	target
BCL9L	1	1	intogen2024	native_reactome	ot_nolit__to__intogen2024	target
CUL3	1	1	intogen2024	native_reactome	ot_nolit__to__intogen2024	target
ARAF	1	1	intogen2024	native_reactome	ot_nolit__to__intogen2024	target
NTRK2	1	1	intogen2024	native_reactome	ot_nolit__to__intogen2024	target
TBL1XR1	1	1	intogen2024	native_reactome	ot_nolit__to__intogen2024	target
CDK12	1	1	intogen2024	native_reactome	ot_nolit__to__intogen2024	target
MYH9	1	1	intogen2024	native_reactome	ot_nolit__to__intogen2024	target
ZFHX3	1	1	intogen2024	native_reactome	ot_nolit__to__intogen2024	target
JAK2	1	1	intogen2024	native_reactome	ot_nolit__to__intogen2024	target
ASXL2	1	1	intogen2024	native_reactome	ot_nolit__to__intogen2024	target
B2M	1	1	intogen2024	native_reactome	ot_nolit__to__intogen2024	target
TGIF1	1	1	intogen2024	native_reactome	ot_nolit__to__intogen2024	target
PPP6C	1	1	intogen2024	native_reactome	ot_nolit__to__intogen2024	target
ALPK1	1	1	intogen2024	native_reactome	ot_nolit__to__intogen2024	target
TAX1BP1	1	0	intogen2024	native_reactome	ot_nolit__to__intogen2024	background
IFNLR1	1	0	intogen2024	native_reactome	ot_nolit__to__intogen2024	background
GABRG2	1	0	intogen2024	native_reactome	ot_nolit__to__intogen2024	background
SPN	1	0	intogen2024	native_reactome	ot_nolit__to__intogen2024	background
VEGFC	1	0	intogen2024	native_reactome	ot_nolit__to__intogen2024	background
IMPACT	1	0	intogen2024	native_reactome	ot_nolit__to__intogen2024	background
C1R	1	0	intogen2024	native_reactome	ot_nolit__to__intogen2024	background
GBF1	1	0	intogen2024	native_reactome	ot_nolit__to__intogen2024	background
GABRB2	1	0	intogen2024	native_reactome	ot_nolit__to__intogen2024	background
SSRP1	1	0	intogen2024	native_reactome	ot_nolit__to__intogen2024	background
SRGAP1	1	0	intogen2024	native_reactome	ot_nolit__to__intogen2024	background
USP47	1	0	intogen2024	native_reactome	ot_nolit__to__intogen2024	background
CYBA	1	0	intogen2024	native_reactome	ot_nolit__to__intogen2024	background
NDUFAB1	1	0	intogen2024	native_reactome	ot_nolit__to__intogen2024	background
CACNG6	1	0	intogen2024	native_reactome	ot_nolit__to__intogen2024	background
PIK3AP1	1	0	intogen2024	native_reactome	ot_nolit__to__intogen2024	background
USP17L2	1	0	intogen2024	native_reactome	ot_nolit__to__intogen2024	background
BCKDK	1	0	intogen2024	native_reactome	ot_nolit__to__intogen2024	background
PRKAB1	1	0	intogen2024	native_reactome	ot_nolit__to__intogen2024	background
ARSA	1	0	intogen2024	native_reactome	ot_nolit__to__intogen2024	background
USP14	1	0	intogen2024	native_reactome	ot_nolit__to__intogen2024	background
SYT2	1	0	intogen2024	native_reactome	ot_nolit__to__intogen2024	background
ARMC8	1	0	intogen2024	native_reactome	ot_nolit__to__intogen2024	background
TLE3	1	0	intogen2024	native_reactome	ot_nolit__to__intogen2024	background
NBR1	1	0	intogen2024	native_reactome	ot_nolit__to__intogen2024	background
IGHA1	1	0	intogen2024	native_reactome	ot_nolit__to__intogen2024	background
F13A1	1	0	intogen2024	native_reactome	ot_nolit__to__intogen2024	background
NOTCH2NLB	1	0	intogen2024	native_reactome	ot_nolit__to__intogen2024	background
IL23R	1	0	intogen2024	native_reactome	ot_nolit__to__intogen2024	background
PLCB4	1	0	intogen2024	native_reactome	ot_nolit__to__intogen2024	background
YWHAQ	1	0	intogen2024	native_reactome	ot_nolit__to__intogen2024	background
FGF2	1	0	intogen2024	native_reactome	ot_nolit__to__intogen2024	background
DSG3	1	0	intogen2024	native_reactome	ot_nolit__to__intogen2024	background
RAB1B	1	0	intogen2024	native_reactome	ot_nolit__to__intogen2024	background
GCGR	1	0	intogen2024	native_reactome	ot_nolit__to__intogen2024	background
IGF1R	1	0	intogen2024	native_reactome	ot_nolit__to__intogen2024	background
UNC5C	1	0	intogen2024	native_reactome	ot_nolit__to__intogen2024	background
DFFB	1	0	intogen2024	native_reactome	ot_nolit__to__intogen2024	background
FCN2	1	0	intogen2024	native_reactome	ot_nolit__to__intogen2024	background
AP1M2	1	0	intogen2024	native_reactome	ot_nolit__to__intogen2024	background
HBS1L	1	0	intogen2024	native_reactome	ot_nolit__to__intogen2024	background
SFTPD	1	0	intogen2024	native_reactome	ot_nolit__to__intogen2024	background
DPF2	1	0	intogen2024	native_reactome	ot_nolit__to__intogen2024	background
SEC31A	1	0	intogen2024	native_reactome	ot_nolit__to__intogen2024	background
STRADB	1	0	intogen2024	native_reactome	ot_nolit__to__intogen2024	background
ARHGDIG	1	0	intogen2024	native_reactome	ot_nolit__to__intogen2024	background
TAPBP	1	0	intogen2024	native_reactome	ot_nolit__to__intogen2024	background
MAPKAPK3	1	0	intogen2024	native_reactome	ot_nolit__to__intogen2024	background
PLA2G4A	1	0	intogen2024	native_reactome	ot_nolit__to__intogen2024	background
NSF	1	0	intogen2024	native_reactome	ot_nolit__to__intogen2024	background
ABCA1	1	0	intogen2024	native_reactome	ot_nolit__to__intogen2024	background
BAG6	1	0	intogen2024	native_reactome	ot_nolit__to__intogen2024	background
PAK3	1	0	intogen2024	native_reactome	ot_nolit__to__intogen2024	background
IL36B	1	0	intogen2024	native_reactome	ot_nolit__to__intogen2024	background
SPP1	1	0	intogen2024	native_reactome	ot_nolit__to__intogen2024	background
PHF10	1	0	intogen2024	native_reactome	ot_nolit__to__intogen2024	background
ACIN1	1	0	intogen2024	native_reactome	ot_nolit__to__intogen2024	background
LTK	1	0	intogen2024	native_reactome	ot_nolit__to__intogen2024	background
CAB39L	1	0	intogen2024	native_reactome	ot_nolit__to__intogen2024	background
MCRIP1	1	0	intogen2024	native_reactome	ot_nolit__to__intogen2024	background
KCNMA1	1	0	intogen2024	native_reactome	ot_nolit__to__intogen2024	background
BID	1	0	intogen2024	native_reactome	ot_nolit__to__intogen2024	background
APH1A	1	0	intogen2024	native_reactome	ot_nolit__to__intogen2024	background
ADRA2B	1	0	intogen2024	native_reactome	ot_nolit__to__intogen2024	background
UBE2L3	1	0	intogen2024	native_reactome	ot_nolit__to__intogen2024	background
TMEM258	1	0	intogen2024	native_reactome	ot_nolit__to__intogen2024	background
ADAMTS5	1	0	intogen2024	native_reactome	ot_nolit__to__intogen2024	background
SHPRH	1	0	intogen2024	native_reactome	ot_nolit__to__intogen2024	background
SAMTOR	1	0	intogen2024	native_reactome	ot_nolit__to__intogen2024	background
TBC1D17	1	0	intogen2024	native_reactome	ot_nolit__to__intogen2024	background
SAFB	1	0	intogen2024	native_reactome	ot_nolit__to__intogen2024	background
TENT4B	1	0	intogen2024	native_reactome	ot_nolit__to__intogen2024	background
RELN	1	0	intogen2024	native_reactome	ot_nolit__to__intogen2024	background
CCNT2	1	0	intogen2024	native_reactome	ot_nolit__to__intogen2024	background
DOK2	1	0	intogen2024	native_reactome	ot_nolit__to__intogen2024	background
KIR2DS2	1	0	intogen2024	native_reactome	ot_nolit__to__intogen2024	background
PEX26	1	0	intogen2024	native_reactome	ot_nolit__to__intogen2024	background
FIRRM	1	0	intogen2024	native_reactome	ot_nolit__to__intogen2024	background
MAP3K5	1	0	intogen2024	native_reactome	ot_nolit__to__intogen2024	background
IGHG3	1	0	intogen2024	native_reactome	ot_nolit__to__intogen2024	background
ARC	1	0	intogen2024	native_reactome	ot_nolit__to__intogen2024	background
FER	1	0	intogen2024	native_reactome	ot_nolit__to__intogen2024	background
NPNT	1	0	intogen2024	native_reactome	ot_nolit__to__intogen2024	background
SETD9	1	0	intogen2024	native_reactome	ot_nolit__to__intogen2024	background
NCF2	1	0	intogen2024	native_reactome	ot_nolit__to__intogen2024	background
STX5	1	0	intogen2024	native_reactome	ot_nolit__to__intogen2024	background
VAV2	1	0	intogen2024	native_reactome	ot_nolit__to__intogen2024	background
CLEC5A	1	0	intogen2024	native_reactome	ot_nolit__to__intogen2024	background
TRPC6	1	0	intogen2024	native_reactome	ot_nolit__to__intogen2024	background
FOSB	1	0	intogen2024	native_reactome	ot_nolit__to__intogen2024	background
HCFC1	1	0	intogen2024	native_reactome	ot_nolit__to__intogen2024	background
FCGR3A	1	0	intogen2024	native_reactome	ot_nolit__to__intogen2024	background
SUPT4H1	1	0	intogen2024	native_reactome	ot_nolit__to__intogen2024	background
CDC42EP3	1	0	intogen2024	native_reactome	ot_nolit__to__intogen2024	background
REL	1	0	intogen2024	native_reactome	ot_nolit__to__intogen2024	background
ADD1	1	0	intogen2024	native_reactome	ot_nolit__to__intogen2024	background
NRXN1	1	0	intogen2024	native_reactome	ot_nolit__to__intogen2024	background
MYH2	1	0	intogen2024	native_reactome	ot_nolit__to__intogen2024	background
FASLG	1	0	intogen2024	native_reactome	ot_nolit__to__intogen2024	background
LAMC1	1	0	intogen2024	native_reactome	ot_nolit__to__intogen2024	background
AICDA	1	0	intogen2024	native_reactome	ot_nolit__to__intogen2024	background
PPP4R2	1	0	intogen2024	native_reactome	ot_nolit__to__intogen2024	background
IFNGR2	1	0	intogen2024	native_reactome	ot_nolit__to__intogen2024	background
KDM5B	1	0	intogen2024	native_reactome	ot_nolit__to__intogen2024	background
TBC1D14	1	0	intogen2024	native_reactome	ot_nolit__to__intogen2024	background
EIF4B	1	0	intogen2024	native_reactome	ot_nolit__to__intogen2024	background
NEU1	1	0	intogen2024	native_reactome	ot_nolit__to__intogen2024	background
CARM1	1	0	intogen2024	native_reactome	ot_nolit__to__intogen2024	background
NEFL	1	0	intogen2024	native_reactome	ot_nolit__to__intogen2024	background
GNA15	1	0	intogen2024	native_reactome	ot_nolit__to__intogen2024	background
ZNF420	1	0	intogen2024	native_reactome	ot_nolit__to__intogen2024	background
DAPK1	1	0	intogen2024	native_reactome	ot_nolit__to__intogen2024	background
IL18BP	1	0	intogen2024	native_reactome	ot_nolit__to__intogen2024	background
BCKDHA	1	0	intogen2024	native_reactome	ot_nolit__to__intogen2024	background
USP21	1	0	intogen2024	native_reactome	ot_nolit__to__intogen2024	background
GANAB	1	0	intogen2024	native_reactome	ot_nolit__to__intogen2024	background
ZDHHC7	1	0	intogen2024	native_reactome	ot_nolit__to__intogen2024	background
KIF4B	1	0	intogen2024	native_reactome	ot_nolit__to__intogen2024	background
NCK2	1	0	intogen2024	native_reactome	ot_nolit__to__intogen2024	background
TLR3	1	0	intogen2024	native_reactome	ot_nolit__to__intogen2024	background
ATG13	1	0	intogen2024	native_reactome	ot_nolit__to__intogen2024	background
SH3GL3	1	0	intogen2024	native_reactome	ot_nolit__to__intogen2024	background
RPGRIP1L	1	0	intogen2024	native_reactome	ot_nolit__to__intogen2024	background
PPM1F	1	0	intogen2024	native_reactome	ot_nolit__to__intogen2024	background
SFRP1	1	0	intogen2024	native_reactome	ot_nolit__to__intogen2024	background
ICAM3	1	0	intogen2024	native_reactome	ot_nolit__to__intogen2024	background
MAP2K3	1	0	intogen2024	native_reactome	ot_nolit__to__intogen2024	background
RING1	1	0	intogen2024	native_reactome	ot_nolit__to__intogen2024	background
MLX	1	0	intogen2024	native_reactome	ot_nolit__to__intogen2024	background
REV3L	1	0	intogen2024	native_reactome	ot_nolit__to__intogen2024	background
UQCC6	1	0	intogen2024	native_reactome	ot_nolit__to__intogen2024	background
ATF3	1	0	intogen2024	native_reactome	ot_nolit__to__intogen2024	background
CTBP2	1	0	intogen2024	native_reactome	ot_nolit__to__intogen2024	background
NOTUM	1	0	intogen2024	native_reactome	ot_nolit__to__intogen2024	background
BUB3	1	0	intogen2024	native_reactome	ot_nolit__to__intogen2024	background
NLRX1	1	0	intogen2024	native_reactome	ot_nolit__to__intogen2024	background
RABEPK	1	0	intogen2024	native_reactome	ot_nolit__to__intogen2024	background
OIP5	1	0	intogen2024	native_reactome	ot_nolit__to__intogen2024	background
HSD17B4	1	0	intogen2024	native_reactome	ot_nolit__to__intogen2024	background
CLEC6A	1	0	intogen2024	native_reactome	ot_nolit__to__intogen2024	background
SYT1	1	0	intogen2024	native_reactome	ot_nolit__to__intogen2024	background
FCAMR	1	0	intogen2024	native_reactome	ot_nolit__to__intogen2024	background
ADAR	1	0	intogen2024	native_reactome	ot_nolit__to__intogen2024	background
CPSF7	1	0	intogen2024	native_reactome	ot_nolit__to__intogen2024	background
ARHGEF7	1	0	intogen2024	native_reactome	ot_nolit__to__intogen2024	background
FMNL3	1	0	intogen2024	native_reactome	ot_nolit__to__intogen2024	background
USP24	1	0	intogen2024	native_reactome	ot_nolit__to__intogen2024	background
ASF1A	1	0	intogen2024	native_reactome	ot_nolit__to__intogen2024	background
DPPA3	1	0	intogen2024	native_reactome	ot_nolit__to__intogen2024	background
ARF6	1	0	intogen2024	native_reactome	ot_nolit__to__intogen2024	background
USP44	1	0	intogen2024	native_reactome	ot_nolit__to__intogen2024	background
TPST2	1	0	intogen2024	native_reactome	ot_nolit__to__intogen2024	background
LEPR	1	0	intogen2024	native_reactome	ot_nolit__to__intogen2024	background
CFI	1	0	intogen2024	native_reactome	ot_nolit__to__intogen2024	background
NSL1	1	0	intogen2024	native_reactome	ot_nolit__to__intogen2024	background
HHAT	1	0	intogen2024	native_reactome	ot_nolit__to__intogen2024	background
BICRA	1	0	intogen2024	native_reactome	ot_nolit__to__intogen2024	background
CCL1	1	0	intogen2024	native_reactome	ot_nolit__to__intogen2024	background
CHRM2	1	0	intogen2024	native_reactome	ot_nolit__to__intogen2024	background
CD80	1	0	intogen2024	native_reactome	ot_nolit__to__intogen2024	background
GFRA4	1	0	intogen2024	native_reactome	ot_nolit__to__intogen2024	background
FZD7	1	0	intogen2024	native_reactome	ot_nolit__to__intogen2024	background
PTGES3	1	0	intogen2024	native_reactome	ot_nolit__to__intogen2024	background
MAPK10	1	0	intogen2024	native_reactome	ot_nolit__to__intogen2024	background
DPP4	1	0	intogen2024	native_reactome	ot_nolit__to__intogen2024	background
PDPK1	1	0	intogen2024	native_reactome	ot_nolit__to__intogen2024	background
ATG14	1	0	intogen2024	native_reactome	ot_nolit__to__intogen2024	background
GC	1	0	intogen2024	native_reactome	ot_nolit__to__intogen2024	background
SCAP	1	0	intogen2024	native_reactome	ot_nolit__to__intogen2024	background
PRMT1	1	0	intogen2024	native_reactome	ot_nolit__to__intogen2024	background
LIN7A	1	0	intogen2024	native_reactome	ot_nolit__to__intogen2024	background
BUB1B	1	0	intogen2024	native_reactome	ot_nolit__to__intogen2024	background
XRCC3	1	0	intogen2024	native_reactome	ot_nolit__to__intogen2024	background
STARD10	1	0	intogen2024	native_reactome	ot_nolit__to__intogen2024	background
RCVRN	1	0	intogen2024	native_reactome	ot_nolit__to__intogen2024	background
P2RY1	1	0	intogen2024	native_reactome	ot_nolit__to__intogen2024	background
USP18	1	0	intogen2024	native_reactome	ot_nolit__to__intogen2024	background
SELP	1	0	intogen2024	native_reactome	ot_nolit__to__intogen2024	background
HEY1	1	0	intogen2024	native_reactome	ot_nolit__to__intogen2024	background
ITPKC	1	0	intogen2024	native_reactome	ot_nolit__to__intogen2024	background
OPTN	1	0	intogen2024	native_reactome	ot_nolit__to__intogen2024	background
VCPKMT	1	0	intogen2024	native_reactome	ot_nolit__to__intogen2024	background
MPHOSPH6	1	0	intogen2024	native_reactome	ot_nolit__to__intogen2024	background
RAB5B	1	0	intogen2024	native_reactome	ot_nolit__to__intogen2024	background
CIPC	1	0	intogen2024	native_reactome	ot_nolit__to__intogen2024	background
DCUN1D3	1	0	intogen2024	native_reactome	ot_nolit__to__intogen2024	background
TBC1D3	1	0	intogen2024	native_reactome	ot_nolit__to__intogen2024	background
DMD	1	0	intogen2024	native_reactome	ot_nolit__to__intogen2024	background
SKIC3	1	0	intogen2024	native_reactome	ot_nolit__to__intogen2024	background
SUPT16H	1	0	intogen2024	native_reactome	ot_nolit__to__intogen2024	background
ERN1	1	0	intogen2024	native_reactome	ot_nolit__to__intogen2024	background
WNT3	1	0	intogen2024	native_reactome	ot_nolit__to__intogen2024	background
LRRK2	1	0	intogen2024	native_reactome	ot_nolit__to__intogen2024	background
PEX10	1	0	intogen2024	native_reactome	ot_nolit__to__intogen2024	background
H2BC18	1	0	intogen2024	native_reactome	ot_nolit__to__intogen2024	background
TOMM70	1	0	intogen2024	native_reactome	ot_nolit__to__intogen2024	background
PGGT1B	1	0	intogen2024	native_reactome	ot_nolit__to__intogen2024	background
CREB3	1	0	intogen2024	native_reactome	ot_nolit__to__intogen2024	background
UBL4A	1	0	intogen2024	native_reactome	ot_nolit__to__intogen2024	background
BAK1	1	0	intogen2024	native_reactome	ot_nolit__to__intogen2024	background
FBN2	2	1	intogen2024	native_reactome	ot_nolit__to__intogen2024	target
NIPBL	2	1	intogen2024	native_reactome	ot_nolit__to__intogen2024	target
BCL9	2	1	intogen2024	native_reactome	ot_nolit__to__intogen2024	target
DCC	2	1	intogen2024	native_reactome	ot_nolit__to__intogen2024	target
WNT1	2	1	intogen2024	native_reactome	ot_nolit__to__intogen2024	target
FAS	2	1	intogen2024	native_reactome	ot_nolit__to__intogen2024	target
ATR	2	1	intogen2024	native_reactome	ot_nolit__to__intogen2024	target
EZH2	2	1	intogen2024	native_reactome	ot_nolit__to__intogen2024	target
INPPL1	2	1	intogen2024	native_reactome	ot_nolit__to__intogen2024	target
CASP8	2	1	intogen2024	native_reactome	ot_nolit__to__intogen2024	target
SMAD3	2	1	intogen2024	native_reactome	ot_nolit__to__intogen2024	target
CTCF	2	1	intogen2024	native_reactome	ot_nolit__to__intogen2024	target
CCND1	2	1	intogen2024	native_reactome	ot_nolit__to__intogen2024	target
GSK3B	2	1	intogen2024	native_reactome	ot_nolit__to__intogen2024	target
SOX17	2	1	intogen2024	native_reactome	ot_nolit__to__intogen2024	target
NCOA1	2	1	intogen2024	native_reactome	ot_nolit__to__intogen2024	target
NPRL2	2	1	intogen2024	native_reactome	ot_nolit__to__intogen2024	target
KDM6A	2	1	intogen2024	native_reactome	ot_nolit__to__intogen2024	target
CCND2	2	1	intogen2024	native_reactome	ot_nolit__to__intogen2024	target
NCKIPSD	2	1	intogen2024	native_reactome	ot_nolit__to__intogen2024	target
GPC5	2	1	intogen2024	native_reactome	ot_nolit__to__intogen2024	target
CTNNA2	2	1	intogen2024	native_reactome	ot_nolit__to__intogen2024	target
CBFB	2	1	intogen2024	native_reactome	ot_nolit__to__intogen2024	target
SETD1B	2	1	intogen2024	native_reactome	ot_nolit__to__intogen2024	target
JAK3	2	1	intogen2024	native_reactome	ot_nolit__to__intogen2024	target
AFDN	2	1	intogen2024	native_reactome	ot_nolit__to__intogen2024	target
RHOA	2	1	intogen2024	native_reactome	ot_nolit__to__intogen2024	target
PABPC1	2	1	intogen2024	native_reactome	ot_nolit__to__intogen2024	target
ZNF93	2	1	intogen2024	native_reactome	ot_nolit__to__intogen2024	target
DSP	2	1	intogen2024	native_reactome	ot_nolit__to__intogen2024	target
NSD2	2	1	intogen2024	native_reactome	ot_nolit__to__intogen2024	target
ELF3	2	1	intogen2024	native_reactome	ot_nolit__to__intogen2024	target
MGA	2	1	intogen2024	native_reactome	ot_nolit__to__intogen2024	target
ARID1B	2	1	intogen2024	native_reactome	ot_nolit__to__intogen2024	target
PTK6	2	1	intogen2024	native_reactome	ot_nolit__to__intogen2024	target
PRDM1	2	1	intogen2024	native_reactome	ot_nolit__to__intogen2024	target
PTPN11	2	1	intogen2024	native_reactome	ot_nolit__to__intogen2024	target
BCL10	2	1	intogen2024	native_reactome	ot_nolit__to__intogen2024	target
SDCBP	2	1	intogen2024	native_reactome	ot_nolit__to__intogen2024	target
CDH11	2	1	intogen2024	native_reactome	ot_nolit__to__intogen2024	target
NRAS	2	1	intogen2024	native_reactome	ot_nolit__to__intogen2024	target
TCF7L2	2	1	intogen2024	native_reactome	ot_nolit__to__intogen2024	target
ROBO2	2	1	intogen2024	native_reactome	ot_nolit__to__intogen2024	target
MTOR	2	1	intogen2024	native_reactome	ot_nolit__to__intogen2024	target
BCL2	2	1	intogen2024	native_reactome	ot_nolit__to__intogen2024	target
SGK1	2	1	intogen2024	native_reactome	ot_nolit__to__intogen2024	target
ITGAV	2	1	intogen2024	native_reactome	ot_nolit__to__intogen2024	target
FOXO3	2	1	intogen2024	native_reactome	ot_nolit__to__intogen2024	target
PIK3R1	2	1	intogen2024	native_reactome	ot_nolit__to__intogen2024	target
ZNRF3	2	1	intogen2024	native_reactome	ot_nolit__to__intogen2024	target
DHX9	2	1	intogen2024	native_reactome	ot_nolit__to__intogen2024	target
SMARCA2	2	1	intogen2024	native_reactome	ot_nolit__to__intogen2024	target
NXF1	2	1	intogen2024	native_reactome	ot_nolit__to__intogen2024	target
TNFRSF14	2	1	intogen2024	native_reactome	ot_nolit__to__intogen2024	target
MAP2K7	2	1	intogen2024	native_reactome	ot_nolit__to__intogen2024	target
EPS15	2	1	intogen2024	native_reactome	ot_nolit__to__intogen2024	target
CRLF2	2	1	intogen2024	native_reactome	ot_nolit__to__intogen2024	target
ELN	2	1	intogen2024	native_reactome	ot_nolit__to__intogen2024	target
GNA11	2	1	intogen2024	native_reactome	ot_nolit__to__intogen2024	target
DAXX	2	1	intogen2024	native_reactome	ot_nolit__to__intogen2024	target
IKZF1	2	1	intogen2024	native_reactome	ot_nolit__to__intogen2024	target
HRAS	2	1	intogen2024	native_reactome	ot_nolit__to__intogen2024	target
PLXNC1	2	1	intogen2024	native_reactome	ot_nolit__to__intogen2024	target
GRIN2A	2	1	intogen2024	native_reactome	ot_nolit__to__intogen2024	target
ACVR2A	2	1	intogen2024	native_reactome	ot_nolit__to__intogen2024	target
HLA-DQA1	2	1	intogen2024	native_reactome	ot_nolit__to__intogen2024	target
FBLN2	2	1	intogen2024	native_reactome	ot_nolit__to__intogen2024	target
MAPK1	2	1	intogen2024	native_reactome	ot_nolit__to__intogen2024	target
NCOA2	2	1	intogen2024	native_reactome	ot_nolit__to__intogen2024	target
IDH2	2	1	intogen2024	native_reactome	ot_nolit__to__intogen2024	target
USP7	2	1	intogen2024	native_reactome	ot_nolit__to__intogen2024	target
NFKB2	2	1	intogen2024	native_reactome	ot_nolit__to__intogen2024	target
ARHGEF12	2	1	intogen2024	native_reactome	ot_nolit__to__intogen2024	target
MAF	2	1	intogen2024	native_reactome	ot_nolit__to__intogen2024	target
LATS2	2	1	intogen2024	native_reactome	ot_nolit__to__intogen2024	target
GNA13	2	1	intogen2024	native_reactome	ot_nolit__to__intogen2024	target
SRGAP3	2	1	intogen2024	native_reactome	ot_nolit__to__intogen2024	target
ETV4	2	1	intogen2024	native_reactome	ot_nolit__to__intogen2024	target
ZNF521	2	1	intogen2024	native_reactome	ot_nolit__to__intogen2024	target
FGFR2	2	1	intogen2024	native_reactome	ot_nolit__to__intogen2024	target
USP9X	2	1	intogen2024	native_reactome	ot_nolit__to__intogen2024	target
CACNA1D	2	1	intogen2024	native_reactome	ot_nolit__to__intogen2024	target
ARNT	2	1	intogen2024	native_reactome	ot_nolit__to__intogen2024	target
MDM2	2	1	intogen2024	native_reactome	ot_nolit__to__intogen2024	target
GNAI2	2	1	intogen2024	native_reactome	ot_nolit__to__intogen2024	target
GNAQ	2	1	intogen2024	native_reactome	ot_nolit__to__intogen2024	target
SMAD2	2	1	intogen2024	native_reactome	ot_nolit__to__intogen2024	target
DGCR8	2	1	intogen2024	native_reactome	ot_nolit__to__intogen2024	target
KNL1	2	1	intogen2024	native_reactome	ot_nolit__to__intogen2024	target
AKT1	2	1	intogen2024	native_reactome	ot_nolit__to__intogen2024	target
HSP90AB1	2	1	intogen2024	native_reactome	ot_nolit__to__intogen2024	target
KEAP1	2	1	intogen2024	native_reactome	ot_nolit__to__intogen2024	target
TRIM33	2	1	intogen2024	native_reactome	ot_nolit__to__intogen2024	target
DTX1	2	1	intogen2024	native_reactome	ot_nolit__to__intogen2024	target
ANK1	2	1	intogen2024	native_reactome	ot_nolit__to__intogen2024	target
PWWP2A	2	1	intogen2024	native_reactome	ot_nolit__to__intogen2024	target
SH2B3	2	1	intogen2024	native_reactome	ot_nolit__to__intogen2024	target
XPO1	2	1	intogen2024	native_reactome	ot_nolit__to__intogen2024	target
GLI1	2	1	intogen2024	native_reactome	ot_nolit__to__intogen2024	target
BCL6	2	1	intogen2024	native_reactome	ot_nolit__to__intogen2024	target
KMT5A	2	1	intogen2024	native_reactome	ot_nolit__to__intogen2024	target
RSPO2	2	1	intogen2024	native_reactome	ot_nolit__to__intogen2024	target
SIN3A	2	1	intogen2024	native_reactome	ot_nolit__to__intogen2024	target
IL7R	2	1	intogen2024	native_reactome	ot_nolit__to__intogen2024	target
PTPN3	2	1	intogen2024	native_reactome	ot_nolit__to__intogen2024	target
TMPRSS2	2	1	intogen2024	native_reactome	ot_nolit__to__intogen2024	target
HIF1A	2	1	intogen2024	native_reactome	ot_nolit__to__intogen2024	target
IKZF3	2	1	intogen2024	native_reactome	ot_nolit__to__intogen2024	target
MALT1	2	1	intogen2024	native_reactome	ot_nolit__to__intogen2024	target
PDCD1LG2	2	1	intogen2024	native_reactome	ot_nolit__to__intogen2024	target
ARHGAP35	2	1	intogen2024	native_reactome	ot_nolit__to__intogen2024	target
PHF6	2	1	intogen2024	native_reactome	ot_nolit__to__intogen2024	target
ATP1A1	2	1	intogen2024	native_reactome	ot_nolit__to__intogen2024	target
RASA1	2	1	intogen2024	native_reactome	ot_nolit__to__intogen2024	target
GNAS	2	1	intogen2024	native_reactome	ot_nolit__to__intogen2024	target
FOXO1	2	1	intogen2024	native_reactome	ot_nolit__to__intogen2024	target
TNFAIP3	2	1	intogen2024	native_reactome	ot_nolit__to__intogen2024	target
MYC	2	1	intogen2024	native_reactome	ot_nolit__to__intogen2024	target
SOCS1	2	1	intogen2024	native_reactome	ot_nolit__to__intogen2024	target
HLA-A	2	1	intogen2024	native_reactome	ot_nolit__to__intogen2024	target
SPOP	2	1	intogen2024	native_reactome	ot_nolit__to__intogen2024	target
CRTC1	2	1	intogen2024	native_reactome	ot_nolit__to__intogen2024	target
IRS4	2	1	intogen2024	native_reactome	ot_nolit__to__intogen2024	target
TRRAP	2	1	intogen2024	native_reactome	ot_nolit__to__intogen2024	target
TEC	2	1	intogen2024	native_reactome	ot_nolit__to__intogen2024	target
CDKN1A	2	1	intogen2024	native_reactome	ot_nolit__to__intogen2024	target
LIFR	2	1	intogen2024	native_reactome	ot_nolit__to__intogen2024	target
COL1A1	2	1	intogen2024	native_reactome	ot_nolit__to__intogen2024	target
ESR1	2	1	intogen2024	native_reactome	ot_nolit__to__intogen2024	target
RRN3	2	1	intogen2024	native_reactome	ot_nolit__to__intogen2024	target
LATS1	2	1	intogen2024	native_reactome	ot_nolit__to__intogen2024	target
TP63	2	1	intogen2024	native_reactome	ot_nolit__to__intogen2024	target
RHPN2	2	1	intogen2024	native_reactome	ot_nolit__to__intogen2024	target
ALK	2	1	intogen2024	native_reactome	ot_nolit__to__intogen2024	target
TBX3	2	1	intogen2024	native_reactome	ot_nolit__to__intogen2024	target
ERCC3	2	1	intogen2024	native_reactome	ot_nolit__to__intogen2024	target
ZCCHC8	2	1	intogen2024	native_reactome	ot_nolit__to__intogen2024	target
DIS3	2	1	intogen2024	native_reactome	ot_nolit__to__intogen2024	target
TRAF3	2	1	intogen2024	native_reactome	ot_nolit__to__intogen2024	target
PRKCD	2	1	intogen2024	native_reactome	ot_nolit__to__intogen2024	target
MEF2B	2	1	intogen2024	native_reactome	ot_nolit__to__intogen2024	target
RAC1	2	1	intogen2024	native_reactome	ot_nolit__to__intogen2024	target
RELA	2	1	intogen2024	native_reactome	ot_nolit__to__intogen2024	target
NTRK3	2	1	intogen2024	native_reactome	ot_nolit__to__intogen2024	target
HLA-C	2	1	intogen2024	native_reactome	ot_nolit__to__intogen2024	target
PSIP1	2	1	intogen2024	native_reactome	ot_nolit__to__intogen2024	target
CBL	2	1	intogen2024	native_reactome	ot_nolit__to__intogen2024	target
MSI2	2	1	intogen2024	native_reactome	ot_nolit__to__intogen2024	target
SOX9	2	1	intogen2024	native_reactome	ot_nolit__to__intogen2024	target
NPM1	2	1	intogen2024	native_reactome	ot_nolit__to__intogen2024	target
RAP1GDS1	2	1	intogen2024	native_reactome	ot_nolit__to__intogen2024	target
LEF1	2	1	intogen2024	native_reactome	ot_nolit__to__intogen2024	target
REST	2	1	intogen2024	native_reactome	ot_nolit__to__intogen2024	target
SIRPA	2	1	intogen2024	native_reactome	ot_nolit__to__intogen2024	target
CYSLTR2	2	1	intogen2024	native_reactome	ot_nolit__to__intogen2024	target
HLA-B	2	1	intogen2024	native_reactome	ot_nolit__to__intogen2024	target
WWTR1	2	1	intogen2024	native_reactome	ot_nolit__to__intogen2024	target
POU2F2	2	1	intogen2024	native_reactome	ot_nolit__to__intogen2024	target
KAT6B	2	1	intogen2024	native_reactome	ot_nolit__to__intogen2024	target
VAV1	2	1	intogen2024	native_reactome	ot_nolit__to__intogen2024	target
KMT2B	2	1	intogen2024	native_reactome	ot_nolit__to__intogen2024	target
RAD21	2	1	intogen2024	native_reactome	ot_nolit__to__intogen2024	target
PPP3CA	2	1	intogen2024	native_reactome	ot_nolit__to__intogen2024	target
CYLD	2	1	intogen2024	native_reactome	ot_nolit__to__intogen2024	target
ZEB1	2	1	intogen2024	native_reactome	ot_nolit__to__intogen2024	target
STAT6	2	1	intogen2024	native_reactome	ot_nolit__to__intogen2024	target
ABL2	2	1	intogen2024	native_reactome	ot_nolit__to__intogen2024	target
HSPG2	2	1	intogen2024	native_reactome	ot_nolit__to__intogen2024	target
DDB2	2	1	intogen2024	native_reactome	ot_nolit__to__intogen2024	target
CADM2	2	1	intogen2024	native_reactome	ot_nolit__to__intogen2024	target
NFE2L2	2	1	intogen2024	native_reactome	ot_nolit__to__intogen2024	target
NFKBIE	2	1	intogen2024	native_reactome	ot_nolit__to__intogen2024	target
RANBP2	2	1	intogen2024	native_reactome	ot_nolit__to__intogen2024	target
ZFP36L1	2	1	intogen2024	native_reactome	ot_nolit__to__intogen2024	target
SETDB1	2	1	intogen2024	native_reactome	ot_nolit__to__intogen2024	target
EIF4A2	2	1	intogen2024	native_reactome	ot_nolit__to__intogen2024	target
IL6ST	2	1	intogen2024	native_reactome	ot_nolit__to__intogen2024	target
ESRRA	2	1	intogen2024	native_reactome	ot_nolit__to__intogen2024	target
GATA3	2	1	intogen2024	native_reactome	ot_nolit__to__intogen2024	target
KAT7	2	1	intogen2024	native_reactome	ot_nolit__to__intogen2024	target
IKBKB	2	1	intogen2024	native_reactome	ot_nolit__to__intogen2024	target
SMO	2	1	intogen2024	native_reactome	ot_nolit__to__intogen2024	target
PICALM	2	1	intogen2024	native_reactome	ot_nolit__to__intogen2024	target
CD209	2	1	intogen2024	native_reactome	ot_nolit__to__intogen2024	target
TNC	2	1	intogen2024	native_reactome	ot_nolit__to__intogen2024	target
NCOR2	2	1	intogen2024	native_reactome	ot_nolit__to__intogen2024	target
KAT6A	2	1	intogen2024	native_reactome	ot_nolit__to__intogen2024	target
PRKCB	2	1	intogen2024	native_reactome	ot_nolit__to__intogen2024	target
MIB2	2	1	intogen2024	native_reactome	ot_nolit__to__intogen2024	target
FCGR2B	2	1	intogen2024	native_reactome	ot_nolit__to__intogen2024	target
KRAS	2	1	intogen2024	native_reactome	ot_nolit__to__intogen2024	target
EPAS1	2	1	intogen2024	native_reactome	ot_nolit__to__intogen2024	target
NFKBIA	2	1	intogen2024	native_reactome	ot_nolit__to__intogen2024	target
ACKR3	2	1	intogen2024	native_reactome	ot_nolit__to__intogen2024	target
CCNT1	2	1	intogen2024	native_reactome	ot_nolit__to__intogen2024	target
ACVR1B	2	1	intogen2024	native_reactome	ot_nolit__to__intogen2024	target
POLQ	2	1	intogen2024	native_reactome	ot_nolit__to__intogen2024	target
LDB1	2	1	intogen2024	native_reactome	ot_nolit__to__intogen2024	target
CLTCL1	2	1	intogen2024	native_reactome	ot_nolit__to__intogen2024	target
BIRC3	2	1	intogen2024	native_reactome	ot_nolit__to__intogen2024	target
AJUBA	2	1	intogen2024	native_reactome	ot_nolit__to__intogen2024	target
PML	2	1	intogen2024	native_reactome	ot_nolit__to__intogen2024	target
NBEA	2	1	intogen2024	native_reactome	ot_nolit__to__intogen2024	target
KMT2A	2	1	intogen2024	native_reactome	ot_nolit__to__intogen2024	target
SUZ12	2	1	intogen2024	native_reactome	ot_nolit__to__intogen2024	target
RRAGC	2	1	intogen2024	native_reactome	ot_nolit__to__intogen2024	target
MYO5A	2	1	intogen2024	native_reactome	ot_nolit__to__intogen2024	target
CDKN2C	2	1	intogen2024	native_reactome	ot_nolit__to__intogen2024	target
ATF7IP	2	1	intogen2024	native_reactome	ot_nolit__to__intogen2024	target
RUNX1	2	1	intogen2024	native_reactome	ot_nolit__to__intogen2024	target
ARID2	2	1	intogen2024	native_reactome	ot_nolit__to__intogen2024	target
CD79B	2	1	intogen2024	native_reactome	ot_nolit__to__intogen2024	target
MCM7	2	1	intogen2024	native_reactome	ot_nolit__to__intogen2024	target
FOXL2	2	1	intogen2024	native_reactome	ot_nolit__to__intogen2024	target
HGF	2	1	intogen2024	native_reactome	ot_nolit__to__intogen2024	target
NOTCH2	2	1	intogen2024	native_reactome	ot_nolit__to__intogen2024	target
ATRX	2	1	intogen2024	native_reactome	ot_nolit__to__intogen2024	target
CHD7	2	1	intogen2024	native_reactome	ot_nolit__to__intogen2024	target
PREX2	2	1	intogen2024	native_reactome	ot_nolit__to__intogen2024	target
DROSHA	2	1	intogen2024	native_reactome	ot_nolit__to__intogen2024	target
MYH11	2	1	intogen2024	native_reactome	ot_nolit__to__intogen2024	target
CARD11	2	1	intogen2024	native_reactome	ot_nolit__to__intogen2024	target
CHD4	2	1	intogen2024	native_reactome	ot_nolit__to__intogen2024	target
IRAK1	2	1	intogen2024	native_reactome	ot_nolit__to__intogen2024	target
BRD7	2	1	intogen2024	native_reactome	ot_nolit__to__intogen2024	target
PTPRD	2	1	intogen2024	native_reactome	ot_nolit__to__intogen2024	target
RGS7	2	1	intogen2024	native_reactome	ot_nolit__to__intogen2024	target
EGR2	2	1	intogen2024	native_reactome	ot_nolit__to__intogen2024	target
NUMA1	2	1	intogen2024	native_reactome	ot_nolit__to__intogen2024	target
NFATC2	2	1	intogen2024	native_reactome	ot_nolit__to__intogen2024	target
FBXW7	2	1	intogen2024	native_reactome	ot_nolit__to__intogen2024	target
SHTN1	2	1	intogen2024	native_reactome	ot_nolit__to__intogen2024	target
EIF1AX	2	1	intogen2024	native_reactome	ot_nolit__to__intogen2024	target
CCND3	2	1	intogen2024	native_reactome	ot_nolit__to__intogen2024	target
PTPRC	2	1	intogen2024	native_reactome	ot_nolit__to__intogen2024	target
RIPK1	2	1	intogen2024	native_reactome	ot_nolit__to__intogen2024	target
PTPN6	2	1	intogen2024	native_reactome	ot_nolit__to__intogen2024	target
HSP90AA1	2	1	intogen2024	native_reactome	ot_nolit__to__intogen2024	target
SMARCD1	2	1	intogen2024	native_reactome	ot_nolit__to__intogen2024	target
USP8	2	1	intogen2024	native_reactome	ot_nolit__to__intogen2024	target
PAX5	2	1	intogen2024	native_reactome	ot_nolit__to__intogen2024	target
PIK3CB	2	1	intogen2024	native_reactome	ot_nolit__to__intogen2024	target
PIM1	2	1	intogen2024	native_reactome	ot_nolit__to__intogen2024	target
BCL9L	2	1	intogen2024	native_reactome	ot_nolit__to__intogen2024	target
CUL3	2	1	intogen2024	native_reactome	ot_nolit__to__intogen2024	target
ARAF	2	1	intogen2024	native_reactome	ot_nolit__to__intogen2024	target
NTRK2	2	1	intogen2024	native_reactome	ot_nolit__to__intogen2024	target
TBL1XR1	2	1	intogen2024	native_reactome	ot_nolit__to__intogen2024	target
CDK12	2	1	intogen2024	native_reactome	ot_nolit__to__intogen2024	target
MYH9	2	1	intogen2024	native_reactome	ot_nolit__to__intogen2024	target
ZFHX3	2	1	intogen2024	native_reactome	ot_nolit__to__intogen2024	target
JAK2	2	1	intogen2024	native_reactome	ot_nolit__to__intogen2024	target
ASXL2	2	1	intogen2024	native_reactome	ot_nolit__to__intogen2024	target
B2M	2	1	intogen2024	native_reactome	ot_nolit__to__intogen2024	target
TGIF1	2	1	intogen2024	native_reactome	ot_nolit__to__intogen2024	target
PPP6C	2	1	intogen2024	native_reactome	ot_nolit__to__intogen2024	target
ALPK1	2	1	intogen2024	native_reactome	ot_nolit__to__intogen2024	target
RAD18	2	0	intogen2024	native_reactome	ot_nolit__to__intogen2024	background
CD163	2	0	intogen2024	native_reactome	ot_nolit__to__intogen2024	background
OSCAR	2	0	intogen2024	native_reactome	ot_nolit__to__intogen2024	background
UBA7	2	0	intogen2024	native_reactome	ot_nolit__to__intogen2024	background
C8G	2	0	intogen2024	native_reactome	ot_nolit__to__intogen2024	background
INHBA	2	0	intogen2024	native_reactome	ot_nolit__to__intogen2024	background
ITCH	2	0	intogen2024	native_reactome	ot_nolit__to__intogen2024	background
HGFAC	2	0	intogen2024	native_reactome	ot_nolit__to__intogen2024	background
RAMP2	2	0	intogen2024	native_reactome	ot_nolit__to__intogen2024	background
DNAL4	2	0	intogen2024	native_reactome	ot_nolit__to__intogen2024	background
SOD2	2	0	intogen2024	native_reactome	ot_nolit__to__intogen2024	background
THBS4	2	0	intogen2024	native_reactome	ot_nolit__to__intogen2024	background
PECAM1	2	0	intogen2024	native_reactome	ot_nolit__to__intogen2024	background
DUSP9	2	0	intogen2024	native_reactome	ot_nolit__to__intogen2024	background
UBA3	2	0	intogen2024	native_reactome	ot_nolit__to__intogen2024	background
CACNA1G	2	0	intogen2024	native_reactome	ot_nolit__to__intogen2024	background
USP28	2	0	intogen2024	native_reactome	ot_nolit__to__intogen2024	background
EP400	2	0	intogen2024	native_reactome	ot_nolit__to__intogen2024	background
ACAA1	2	0	intogen2024	native_reactome	ot_nolit__to__intogen2024	background
LFNG	2	0	intogen2024	native_reactome	ot_nolit__to__intogen2024	background
DNAJB1	2	0	intogen2024	native_reactome	ot_nolit__to__intogen2024	background
MLH3	2	0	intogen2024	native_reactome	ot_nolit__to__intogen2024	background
EPN1	2	0	intogen2024	native_reactome	ot_nolit__to__intogen2024	background
MTMR12	2	0	intogen2024	native_reactome	ot_nolit__to__intogen2024	background
CRLF1	2	0	intogen2024	native_reactome	ot_nolit__to__intogen2024	background
XIAP	2	0	intogen2024	native_reactome	ot_nolit__to__intogen2024	background
SELPLG	2	0	intogen2024	native_reactome	ot_nolit__to__intogen2024	background
GNB4	2	0	intogen2024	native_reactome	ot_nolit__to__intogen2024	background
RHOJ	2	0	intogen2024	native_reactome	ot_nolit__to__intogen2024	background
PPFIA2	2	0	intogen2024	native_reactome	ot_nolit__to__intogen2024	background
DUS2	2	0	intogen2024	native_reactome	ot_nolit__to__intogen2024	background
PRCP	2	0	intogen2024	native_reactome	ot_nolit__to__intogen2024	background
STT3B	2	0	intogen2024	native_reactome	ot_nolit__to__intogen2024	background
ANKLE2	2	0	intogen2024	native_reactome	ot_nolit__to__intogen2024	background
EXOSC10	2	0	intogen2024	native_reactome	ot_nolit__to__intogen2024	background
ADCYAP1R1	2	0	intogen2024	native_reactome	ot_nolit__to__intogen2024	background
ICAM1	2	0	intogen2024	native_reactome	ot_nolit__to__intogen2024	background
YWHAE	2	0	intogen2024	native_reactome	ot_nolit__to__intogen2024	background
ILF2	2	0	intogen2024	native_reactome	ot_nolit__to__intogen2024	background
HNRNPU	2	0	intogen2024	native_reactome	ot_nolit__to__intogen2024	background
SLA	2	0	intogen2024	native_reactome	ot_nolit__to__intogen2024	background
EHMT2	2	0	intogen2024	native_reactome	ot_nolit__to__intogen2024	background
NMT1	2	0	intogen2024	native_reactome	ot_nolit__to__intogen2024	background
LILRB2	2	0	intogen2024	native_reactome	ot_nolit__to__intogen2024	background
GID8	2	0	intogen2024	native_reactome	ot_nolit__to__intogen2024	background
AGO1	2	0	intogen2024	native_reactome	ot_nolit__to__intogen2024	background
ZWILCH	2	0	intogen2024	native_reactome	ot_nolit__to__intogen2024	background
P4HA1	2	0	intogen2024	native_reactome	ot_nolit__to__intogen2024	background
TNNI3	2	0	intogen2024	native_reactome	ot_nolit__to__intogen2024	background
CLOCK	2	0	intogen2024	native_reactome	ot_nolit__to__intogen2024	background
KCNJ14	2	0	intogen2024	native_reactome	ot_nolit__to__intogen2024	background
SMYD2	2	0	intogen2024	native_reactome	ot_nolit__to__intogen2024	background
ITPR1	2	0	intogen2024	native_reactome	ot_nolit__to__intogen2024	background
LPL	2	0	intogen2024	native_reactome	ot_nolit__to__intogen2024	background
ATP1B3	2	0	intogen2024	native_reactome	ot_nolit__to__intogen2024	background
TFAP2B	2	0	intogen2024	native_reactome	ot_nolit__to__intogen2024	background
TAF1	2	0	intogen2024	native_reactome	ot_nolit__to__intogen2024	background
TAX1BP3	2	0	intogen2024	native_reactome	ot_nolit__to__intogen2024	background
PYCARD	2	0	intogen2024	native_reactome	ot_nolit__to__intogen2024	background
EIF4G3	2	0	intogen2024	native_reactome	ot_nolit__to__intogen2024	background
TAB1	2	0	intogen2024	native_reactome	ot_nolit__to__intogen2024	background
TICRR	2	0	intogen2024	native_reactome	ot_nolit__to__intogen2024	background
VPS37A	2	0	intogen2024	native_reactome	ot_nolit__to__intogen2024	background
RAPGEF3	2	0	intogen2024	native_reactome	ot_nolit__to__intogen2024	background
ARL2BP	2	0	intogen2024	native_reactome	ot_nolit__to__intogen2024	background
GYG1	2	0	intogen2024	native_reactome	ot_nolit__to__intogen2024	background
DRP2	2	0	intogen2024	native_reactome	ot_nolit__to__intogen2024	background
CRP	2	0	intogen2024	native_reactome	ot_nolit__to__intogen2024	background
PRKG1	2	0	intogen2024	native_reactome	ot_nolit__to__intogen2024	background
USP5	2	0	intogen2024	native_reactome	ot_nolit__to__intogen2024	background
SRY	2	0	intogen2024	native_reactome	ot_nolit__to__intogen2024	background
RUNX3	2	0	intogen2024	native_reactome	ot_nolit__to__intogen2024	background
CNTN6	2	0	intogen2024	native_reactome	ot_nolit__to__intogen2024	background
APOBR	2	0	intogen2024	native_reactome	ot_nolit__to__intogen2024	background
CACNA1A	2	0	intogen2024	native_reactome	ot_nolit__to__intogen2024	background
NR3C2	2	0	intogen2024	native_reactome	ot_nolit__to__intogen2024	background
ARHGAP1	2	0	intogen2024	native_reactome	ot_nolit__to__intogen2024	background
MYLK	2	0	intogen2024	native_reactome	ot_nolit__to__intogen2024	background
GET3	2	0	intogen2024	native_reactome	ot_nolit__to__intogen2024	background
HOMER1	2	0	intogen2024	native_reactome	ot_nolit__to__intogen2024	background
KLK13	2	0	intogen2024	native_reactome	ot_nolit__to__intogen2024	background
KALRN	2	0	intogen2024	native_reactome	ot_nolit__to__intogen2024	background
DIAPH2	2	0	intogen2024	native_reactome	ot_nolit__to__intogen2024	background
TNFRSF6B	2	0	intogen2024	native_reactome	ot_nolit__to__intogen2024	background
ESCO1	2	0	intogen2024	native_reactome	ot_nolit__to__intogen2024	background
M6PR	2	0	intogen2024	native_reactome	ot_nolit__to__intogen2024	background
BICRAL	2	0	intogen2024	native_reactome	ot_nolit__to__intogen2024	background
EVC2	2	0	intogen2024	native_reactome	ot_nolit__to__intogen2024	background
PDYN	2	0	intogen2024	native_reactome	ot_nolit__to__intogen2024	background
ASH2L	2	0	intogen2024	native_reactome	ot_nolit__to__intogen2024	background
ETS2	2	0	intogen2024	native_reactome	ot_nolit__to__intogen2024	background
PELI3	2	0	intogen2024	native_reactome	ot_nolit__to__intogen2024	background
C5AR2	2	0	intogen2024	native_reactome	ot_nolit__to__intogen2024	background
CNGA1	2	0	intogen2024	native_reactome	ot_nolit__to__intogen2024	background
GPR37L1	2	0	intogen2024	native_reactome	ot_nolit__to__intogen2024	background
NTN3	2	0	intogen2024	native_reactome	ot_nolit__to__intogen2024	background
CSF2RB	2	0	intogen2024	native_reactome	ot_nolit__to__intogen2024	background
IRAK2	2	0	intogen2024	native_reactome	ot_nolit__to__intogen2024	background
CREBRF	2	0	intogen2024	native_reactome	ot_nolit__to__intogen2024	background
CBY1	2	0	intogen2024	native_reactome	ot_nolit__to__intogen2024	background
GLRA2	2	0	intogen2024	native_reactome	ot_nolit__to__intogen2024	background
SPIDR	2	0	intogen2024	native_reactome	ot_nolit__to__intogen2024	background
SPRED2	2	0	intogen2024	native_reactome	ot_nolit__to__intogen2024	background
UIMC1	2	0	intogen2024	native_reactome	ot_nolit__to__intogen2024	background
PLXNA1	2	0	intogen2024	native_reactome	ot_nolit__to__intogen2024	background
THEM4	2	0	intogen2024	native_reactome	ot_nolit__to__intogen2024	background
ACTR10	2	0	intogen2024	native_reactome	ot_nolit__to__intogen2024	background
TLE2	2	0	intogen2024	native_reactome	ot_nolit__to__intogen2024	background
BTLA	2	0	intogen2024	native_reactome	ot_nolit__to__intogen2024	background
RUNX2	2	0	intogen2024	native_reactome	ot_nolit__to__intogen2024	background
TRIM56	2	0	intogen2024	native_reactome	ot_nolit__to__intogen2024	background
PTPRF	2	0	intogen2024	native_reactome	ot_nolit__to__intogen2024	background
MSRB3	2	0	intogen2024	native_reactome	ot_nolit__to__intogen2024	background
CCDC22	2	0	intogen2024	native_reactome	ot_nolit__to__intogen2024	background
RBCK1	2	0	intogen2024	native_reactome	ot_nolit__to__intogen2024	background
PPM1B	2	0	intogen2024	native_reactome	ot_nolit__to__intogen2024	background
GP1BB	2	0	intogen2024	native_reactome	ot_nolit__to__intogen2024	background
HEBP1	2	0	intogen2024	native_reactome	ot_nolit__to__intogen2024	background
AP1M1	2	0	intogen2024	native_reactome	ot_nolit__to__intogen2024	background
IGHM	2	0	intogen2024	native_reactome	ot_nolit__to__intogen2024	background
ZCCHC7	2	0	intogen2024	native_reactome	ot_nolit__to__intogen2024	background
CD24	2	0	intogen2024	native_reactome	ot_nolit__to__intogen2024	background
NELFE	2	0	intogen2024	native_reactome	ot_nolit__to__intogen2024	background
USF1	2	0	intogen2024	native_reactome	ot_nolit__to__intogen2024	background
MTA1	2	0	intogen2024	native_reactome	ot_nolit__to__intogen2024	background
PAX3	2	0	intogen2024	native_reactome	ot_nolit__to__intogen2024	background
GRAP2	2	0	intogen2024	native_reactome	ot_nolit__to__intogen2024	background
SPINK5	2	0	intogen2024	native_reactome	ot_nolit__to__intogen2024	background
CNGA4	2	0	intogen2024	native_reactome	ot_nolit__to__intogen2024	background
MMP12	2	0	intogen2024	native_reactome	ot_nolit__to__intogen2024	background
CAV3	2	0	intogen2024	native_reactome	ot_nolit__to__intogen2024	background
KNTC1	2	0	intogen2024	native_reactome	ot_nolit__to__intogen2024	background
PHF8	2	0	intogen2024	native_reactome	ot_nolit__to__intogen2024	background
ITGA8	2	0	intogen2024	native_reactome	ot_nolit__to__intogen2024	background
GCC2	2	0	intogen2024	native_reactome	ot_nolit__to__intogen2024	background
HOMER2	2	0	intogen2024	native_reactome	ot_nolit__to__intogen2024	background
PTPRZ1	2	0	intogen2024	native_reactome	ot_nolit__to__intogen2024	background
SETD6	2	0	intogen2024	native_reactome	ot_nolit__to__intogen2024	background
H1-8	2	0	intogen2024	native_reactome	ot_nolit__to__intogen2024	background
RNF168	2	0	intogen2024	native_reactome	ot_nolit__to__intogen2024	background
GJA1	2	0	intogen2024	native_reactome	ot_nolit__to__intogen2024	background
SOST	2	0	intogen2024	native_reactome	ot_nolit__to__intogen2024	background
HRG	2	0	intogen2024	native_reactome	ot_nolit__to__intogen2024	background
TLR6	2	0	intogen2024	native_reactome	ot_nolit__to__intogen2024	background
MT-CO2	2	0	intogen2024	native_reactome	ot_nolit__to__intogen2024	background
FYB1	2	0	intogen2024	native_reactome	ot_nolit__to__intogen2024	background
NUDC	2	0	intogen2024	native_reactome	ot_nolit__to__intogen2024	background
TXLNA	2	0	intogen2024	native_reactome	ot_nolit__to__intogen2024	background
NOC2L	2	0	intogen2024	native_reactome	ot_nolit__to__intogen2024	background
RAB12	2	0	intogen2024	native_reactome	ot_nolit__to__intogen2024	background
SCAI	2	0	intogen2024	native_reactome	ot_nolit__to__intogen2024	background
TSPO	2	0	intogen2024	native_reactome	ot_nolit__to__intogen2024	background
PAG1	2	0	intogen2024	native_reactome	ot_nolit__to__intogen2024	background
CACNA1C	2	0	intogen2024	native_reactome	ot_nolit__to__intogen2024	background
SIRT3	2	0	intogen2024	native_reactome	ot_nolit__to__intogen2024	background
DOK1	2	0	intogen2024	native_reactome	ot_nolit__to__intogen2024	background
BDKRB1	2	0	intogen2024	native_reactome	ot_nolit__to__intogen2024	background
ZC3HC1	2	0	intogen2024	native_reactome	ot_nolit__to__intogen2024	background
IL20	2	0	intogen2024	native_reactome	ot_nolit__to__intogen2024	background
EIF2S3	2	0	intogen2024	native_reactome	ot_nolit__to__intogen2024	background
WWOX	2	0	intogen2024	native_reactome	ot_nolit__to__intogen2024	background
WDR82	2	0	intogen2024	native_reactome	ot_nolit__to__intogen2024	background
PROCR	2	0	intogen2024	native_reactome	ot_nolit__to__intogen2024	background
EPB41L5	2	0	intogen2024	native_reactome	ot_nolit__to__intogen2024	background
DENND6A	2	0	intogen2024	native_reactome	ot_nolit__to__intogen2024	background
MFN2	2	0	intogen2024	native_reactome	ot_nolit__to__intogen2024	background
PIP4K2C	2	0	intogen2024	native_reactome	ot_nolit__to__intogen2024	background
FZD1	2	0	intogen2024	native_reactome	ot_nolit__to__intogen2024	background
LOX	2	0	intogen2024	native_reactome	ot_nolit__to__intogen2024	background
RPS6KB1	2	0	intogen2024	native_reactome	ot_nolit__to__intogen2024	background
WTAP	2	0	intogen2024	native_reactome	ot_nolit__to__intogen2024	background
RRAS	2	0	intogen2024	native_reactome	ot_nolit__to__intogen2024	background
MLXIPL	2	0	intogen2024	native_reactome	ot_nolit__to__intogen2024	background
ZFPM2	2	0	intogen2024	native_reactome	ot_nolit__to__intogen2024	background
KLRK1	2	0	intogen2024	native_reactome	ot_nolit__to__intogen2024	background
NOXO1	2	0	intogen2024	native_reactome	ot_nolit__to__intogen2024	background
COMMD1	2	0	intogen2024	native_reactome	ot_nolit__to__intogen2024	background
CAMK1	2	0	intogen2024	native_reactome	ot_nolit__to__intogen2024	background
HAT1	2	0	intogen2024	native_reactome	ot_nolit__to__intogen2024	background
PDS5A	2	0	intogen2024	native_reactome	ot_nolit__to__intogen2024	background
RAPGEF4	2	0	intogen2024	native_reactome	ot_nolit__to__intogen2024	background
BSN	2	0	intogen2024	native_reactome	ot_nolit__to__intogen2024	background
IGHG2	2	0	intogen2024	native_reactome	ot_nolit__to__intogen2024	background
SEMA6D	2	0	intogen2024	native_reactome	ot_nolit__to__intogen2024	background
EPN2	2	0	intogen2024	native_reactome	ot_nolit__to__intogen2024	background
TNRC6B	2	0	intogen2024	native_reactome	ot_nolit__to__intogen2024	background
AP2A1	2	0	intogen2024	native_reactome	ot_nolit__to__intogen2024	background
IGFBP5	2	0	intogen2024	native_reactome	ot_nolit__to__intogen2024	background
STAM	2	0	intogen2024	native_reactome	ot_nolit__to__intogen2024	background
SEC23IP	2	0	intogen2024	native_reactome	ot_nolit__to__intogen2024	background
MAFB	2	0	intogen2024	native_reactome	ot_nolit__to__intogen2024	background
PHF1	2	0	intogen2024	native_reactome	ot_nolit__to__intogen2024	background
COL3A1	2	0	intogen2024	native_reactome	ot_nolit__to__intogen2024	background
NFATC3	2	0	intogen2024	native_reactome	ot_nolit__to__intogen2024	background
CAMK4	2	0	intogen2024	native_reactome	ot_nolit__to__intogen2024	background
BIRC5	2	0	intogen2024	native_reactome	ot_nolit__to__intogen2024	background
SCFD1	2	0	intogen2024	native_reactome	ot_nolit__to__intogen2024	background
KPNB1	2	0	intogen2024	native_reactome	ot_nolit__to__intogen2024	background
CDC20	2	0	intogen2024	native_reactome	ot_nolit__to__intogen2024	background
TPST1	2	0	intogen2024	native_reactome	ot_nolit__to__intogen2024	background
FBN2	3	1	intogen2024	native_reactome	ot_nolit__to__intogen2024	target
NIPBL	3	1	intogen2024	native_reactome	ot_nolit__to__intogen2024	target
BCL9	3	1	intogen2024	native_reactome	ot_nolit__to__intogen2024	target
DCC	3	1	intogen2024	native_reactome	ot_nolit__to__intogen2024	target
WNT1	3	1	intogen2024	native_reactome	ot_nolit__to__intogen2024	target
FAS	3	1	intogen2024	native_reactome	ot_nolit__to__intogen2024	target
ATR	3	1	intogen2024	native_reactome	ot_nolit__to__intogen2024	target
EZH2	3	1	intogen2024	native_reactome	ot_nolit__to__intogen2024	target
INPPL1	3	1	intogen2024	native_reactome	ot_nolit__to__intogen2024	target
CASP8	3	1	intogen2024	native_reactome	ot_nolit__to__intogen2024	target
SMAD3	3	1	intogen2024	native_reactome	ot_nolit__to__intogen2024	target
CTCF	3	1	intogen2024	native_reactome	ot_nolit__to__intogen2024	target
CCND1	3	1	intogen2024	native_reactome	ot_nolit__to__intogen2024	target
GSK3B	3	1	intogen2024	native_reactome	ot_nolit__to__intogen2024	target
SOX17	3	1	intogen2024	native_reactome	ot_nolit__to__intogen2024	target
NCOA1	3	1	intogen2024	native_reactome	ot_nolit__to__intogen2024	target
NPRL2	3	1	intogen2024	native_reactome	ot_nolit__to__intogen2024	target
KDM6A	3	1	intogen2024	native_reactome	ot_nolit__to__intogen2024	target
CCND2	3	1	intogen2024	native_reactome	ot_nolit__to__intogen2024	target
NCKIPSD	3	1	intogen2024	native_reactome	ot_nolit__to__intogen2024	target
GPC5	3	1	intogen2024	native_reactome	ot_nolit__to__intogen2024	target
CTNNA2	3	1	intogen2024	native_reactome	ot_nolit__to__intogen2024	target
CBFB	3	1	intogen2024	native_reactome	ot_nolit__to__intogen2024	target
SETD1B	3	1	intogen2024	native_reactome	ot_nolit__to__intogen2024	target
JAK3	3	1	intogen2024	native_reactome	ot_nolit__to__intogen2024	target
AFDN	3	1	intogen2024	native_reactome	ot_nolit__to__intogen2024	target
RHOA	3	1	intogen2024	native_reactome	ot_nolit__to__intogen2024	target
PABPC1	3	1	intogen2024	native_reactome	ot_nolit__to__intogen2024	target
ZNF93	3	1	intogen2024	native_reactome	ot_nolit__to__intogen2024	target
DSP	3	1	intogen2024	native_reactome	ot_nolit__to__intogen2024	target
NSD2	3	1	intogen2024	native_reactome	ot_nolit__to__intogen2024	target
ELF3	3	1	intogen2024	native_reactome	ot_nolit__to__intogen2024	target
MGA	3	1	intogen2024	native_reactome	ot_nolit__to__intogen2024	target
ARID1B	3	1	intogen2024	native_reactome	ot_nolit__to__intogen2024	target
PTK6	3	1	intogen2024	native_reactome	ot_nolit__to__intogen2024	target
PRDM1	3	1	intogen2024	native_reactome	ot_nolit__to__intogen2024	target
PTPN11	3	1	intogen2024	native_reactome	ot_nolit__to__intogen2024	target
BCL10	3	1	intogen2024	native_reactome	ot_nolit__to__intogen2024	target
SDCBP	3	1	intogen2024	native_reactome	ot_nolit__to__intogen2024	target
CDH11	3	1	intogen2024	native_reactome	ot_nolit__to__intogen2024	target
NRAS	3	1	intogen2024	native_reactome	ot_nolit__to__intogen2024	target
TCF7L2	3	1	intogen2024	native_reactome	ot_nolit__to__intogen2024	target
ROBO2	3	1	intogen2024	native_reactome	ot_nolit__to__intogen2024	target
MTOR	3	1	intogen2024	native_reactome	ot_nolit__to__intogen2024	target
BCL2	3	1	intogen2024	native_reactome	ot_nolit__to__intogen2024	target
SGK1	3	1	intogen2024	native_reactome	ot_nolit__to__intogen2024	target
ITGAV	3	1	intogen2024	native_reactome	ot_nolit__to__intogen2024	target
FOXO3	3	1	intogen2024	native_reactome	ot_nolit__to__intogen2024	target
PIK3R1	3	1	intogen2024	native_reactome	ot_nolit__to__intogen2024	target
ZNRF3	3	1	intogen2024	native_reactome	ot_nolit__to__intogen2024	target
DHX9	3	1	intogen2024	native_reactome	ot_nolit__to__intogen2024	target
SMARCA2	3	1	intogen2024	native_reactome	ot_nolit__to__intogen2024	target
NXF1	3	1	intogen2024	native_reactome	ot_nolit__to__intogen2024	target
TNFRSF14	3	1	intogen2024	native_reactome	ot_nolit__to__intogen2024	target
MAP2K7	3	1	intogen2024	native_reactome	ot_nolit__to__intogen2024	target
EPS15	3	1	intogen2024	native_reactome	ot_nolit__to__intogen2024	target
CRLF2	3	1	intogen2024	native_reactome	ot_nolit__to__intogen2024	target
ELN	3	1	intogen2024	native_reactome	ot_nolit__to__intogen2024	target
GNA11	3	1	intogen2024	native_reactome	ot_nolit__to__intogen2024	target
DAXX	3	1	intogen2024	native_reactome	ot_nolit__to__intogen2024	target
IKZF1	3	1	intogen2024	native_reactome	ot_nolit__to__intogen2024	target
HRAS	3	1	intogen2024	native_reactome	ot_nolit__to__intogen2024	target
PLXNC1	3	1	intogen2024	native_reactome	ot_nolit__to__intogen2024	target
GRIN2A	3	1	intogen2024	native_reactome	ot_nolit__to__intogen2024	target
ACVR2A	3	1	intogen2024	native_reactome	ot_nolit__to__intogen2024	target
HLA-DQA1	3	1	intogen2024	native_reactome	ot_nolit__to__intogen2024	target
FBLN2	3	1	intogen2024	native_reactome	ot_nolit__to__intogen2024	target
MAPK1	3	1	intogen2024	native_reactome	ot_nolit__to__intogen2024	target
NCOA2	3	1	intogen2024	native_reactome	ot_nolit__to__intogen2024	target
IDH2	3	1	intogen2024	native_reactome	ot_nolit__to__intogen2024	target
USP7	3	1	intogen2024	native_reactome	ot_nolit__to__intogen2024	target
NFKB2	3	1	intogen2024	native_reactome	ot_nolit__to__intogen2024	target
ARHGEF12	3	1	intogen2024	native_reactome	ot_nolit__to__intogen2024	target
MAF	3	1	intogen2024	native_reactome	ot_nolit__to__intogen2024	target
LATS2	3	1	intogen2024	native_reactome	ot_nolit__to__intogen2024	target
GNA13	3	1	intogen2024	native_reactome	ot_nolit__to__intogen2024	target
SRGAP3	3	1	intogen2024	native_reactome	ot_nolit__to__intogen2024	target
ETV4	3	1	intogen2024	native_reactome	ot_nolit__to__intogen2024	target
ZNF521	3	1	intogen2024	native_reactome	ot_nolit__to__intogen2024	target
FGFR2	3	1	intogen2024	native_reactome	ot_nolit__to__intogen2024	target
USP9X	3	1	intogen2024	native_reactome	ot_nolit__to__intogen2024	target
CACNA1D	3	1	intogen2024	native_reactome	ot_nolit__to__intogen2024	target
ARNT	3	1	intogen2024	native_reactome	ot_nolit__to__intogen2024	target
MDM2	3	1	intogen2024	native_reactome	ot_nolit__to__intogen2024	target
GNAI2	3	1	intogen2024	native_reactome	ot_nolit__to__intogen2024	target
GNAQ	3	1	intogen2024	native_reactome	ot_nolit__to__intogen2024	target
SMAD2	3	1	intogen2024	native_reactome	ot_nolit__to__intogen2024	target
DGCR8	3	1	intogen2024	native_reactome	ot_nolit__to__intogen2024	target
KNL1	3	1	intogen2024	native_reactome	ot_nolit__to__intogen2024	target
AKT1	3	1	intogen2024	native_reactome	ot_nolit__to__intogen2024	target
HSP90AB1	3	1	intogen2024	native_reactome	ot_nolit__to__intogen2024	target
KEAP1	3	1	intogen2024	native_reactome	ot_nolit__to__intogen2024	target
TRIM33	3	1	intogen2024	native_reactome	ot_nolit__to__intogen2024	target
DTX1	3	1	intogen2024	native_reactome	ot_nolit__to__intogen2024	target
ANK1	3	1	intogen2024	native_reactome	ot_nolit__to__intogen2024	target
PWWP2A	3	1	intogen2024	native_reactome	ot_nolit__to__intogen2024	target
SH2B3	3	1	intogen2024	native_reactome	ot_nolit__to__intogen2024	target
XPO1	3	1	intogen2024	native_reactome	ot_nolit__to__intogen2024	target
GLI1	3	1	intogen2024	native_reactome	ot_nolit__to__intogen2024	target
BCL6	3	1	intogen2024	native_reactome	ot_nolit__to__intogen2024	target
KMT5A	3	1	intogen2024	native_reactome	ot_nolit__to__intogen2024	target
RSPO2	3	1	intogen2024	native_reactome	ot_nolit__to__intogen2024	target
SIN3A	3	1	intogen2024	native_reactome	ot_nolit__to__intogen2024	target
IL7R	3	1	intogen2024	native_reactome	ot_nolit__to__intogen2024	target
PTPN3	3	1	intogen2024	native_reactome	ot_nolit__to__intogen2024	target
TMPRSS2	3	1	intogen2024	native_reactome	ot_nolit__to__intogen2024	target
HIF1A	3	1	intogen2024	native_reactome	ot_nolit__to__intogen2024	target
IKZF3	3	1	intogen2024	native_reactome	ot_nolit__to__intogen2024	target
MALT1	3	1	intogen2024	native_reactome	ot_nolit__to__intogen2024	target
PDCD1LG2	3	1	intogen2024	native_reactome	ot_nolit__to__intogen2024	target
ARHGAP35	3	1	intogen2024	native_reactome	ot_nolit__to__intogen2024	target
PHF6	3	1	intogen2024	native_reactome	ot_nolit__to__intogen2024	target
ATP1A1	3	1	intogen2024	native_reactome	ot_nolit__to__intogen2024	target
RASA1	3	1	intogen2024	native_reactome	ot_nolit__to__intogen2024	target
GNAS	3	1	intogen2024	native_reactome	ot_nolit__to__intogen2024	target
FOXO1	3	1	intogen2024	native_reactome	ot_nolit__to__intogen2024	target
TNFAIP3	3	1	intogen2024	native_reactome	ot_nolit__to__intogen2024	target
MYC	3	1	intogen2024	native_reactome	ot_nolit__to__intogen2024	target
SOCS1	3	1	intogen2024	native_reactome	ot_nolit__to__intogen2024	target
HLA-A	3	1	intogen2024	native_reactome	ot_nolit__to__intogen2024	target
SPOP	3	1	intogen2024	native_reactome	ot_nolit__to__intogen2024	target
CRTC1	3	1	intogen2024	native_reactome	ot_nolit__to__intogen2024	target
IRS4	3	1	intogen2024	native_reactome	ot_nolit__to__intogen2024	target
TRRAP	3	1	intogen2024	native_reactome	ot_nolit__to__intogen2024	target
TEC	3	1	intogen2024	native_reactome	ot_nolit__to__intogen2024	target
CDKN1A	3	1	intogen2024	native_reactome	ot_nolit__to__intogen2024	target
LIFR	3	1	intogen2024	native_reactome	ot_nolit__to__intogen2024	target
COL1A1	3	1	intogen2024	native_reactome	ot_nolit__to__intogen2024	target
ESR1	3	1	intogen2024	native_reactome	ot_nolit__to__intogen2024	target
RRN3	3	1	intogen2024	native_reactome	ot_nolit__to__intogen2024	target
LATS1	3	1	intogen2024	native_reactome	ot_nolit__to__intogen2024	target
TP63	3	1	intogen2024	native_reactome	ot_nolit__to__intogen2024	target
RHPN2	3	1	intogen2024	native_reactome	ot_nolit__to__intogen2024	target
ALK	3	1	intogen2024	native_reactome	ot_nolit__to__intogen2024	target
TBX3	3	1	intogen2024	native_reactome	ot_nolit__to__intogen2024	target
ERCC3	3	1	intogen2024	native_reactome	ot_nolit__to__intogen2024	target
ZCCHC8	3	1	intogen2024	native_reactome	ot_nolit__to__intogen2024	target
DIS3	3	1	intogen2024	native_reactome	ot_nolit__to__intogen2024	target
TRAF3	3	1	intogen2024	native_reactome	ot_nolit__to__intogen2024	target
PRKCD	3	1	intogen2024	native_reactome	ot_nolit__to__intogen2024	target
MEF2B	3	1	intogen2024	native_reactome	ot_nolit__to__intogen2024	target
RAC1	3	1	intogen2024	native_reactome	ot_nolit__to__intogen2024	target
RELA	3	1	intogen2024	native_reactome	ot_nolit__to__intogen2024	target
NTRK3	3	1	intogen2024	native_reactome	ot_nolit__to__intogen2024	target
HLA-C	3	1	intogen2024	native_reactome	ot_nolit__to__intogen2024	target
PSIP1	3	1	intogen2024	native_reactome	ot_nolit__to__intogen2024	target
CBL	3	1	intogen2024	native_reactome	ot_nolit__to__intogen2024	target
MSI2	3	1	intogen2024	native_reactome	ot_nolit__to__intogen2024	target
SOX9	3	1	intogen2024	native_reactome	ot_nolit__to__intogen2024	target
NPM1	3	1	intogen2024	native_reactome	ot_nolit__to__intogen2024	target
RAP1GDS1	3	1	intogen2024	native_reactome	ot_nolit__to__intogen2024	target
LEF1	3	1	intogen2024	native_reactome	ot_nolit__to__intogen2024	target
REST	3	1	intogen2024	native_reactome	ot_nolit__to__intogen2024	target
SIRPA	3	1	intogen2024	native_reactome	ot_nolit__to__intogen2024	target
CYSLTR2	3	1	intogen2024	native_reactome	ot_nolit__to__intogen2024	target
HLA-B	3	1	intogen2024	native_reactome	ot_nolit__to__intogen2024	target
WWTR1	3	1	intogen2024	native_reactome	ot_nolit__to__intogen2024	target
POU2F2	3	1	intogen2024	native_reactome	ot_nolit__to__intogen2024	target
KAT6B	3	1	intogen2024	native_reactome	ot_nolit__to__intogen2024	target
VAV1	3	1	intogen2024	native_reactome	ot_nolit__to__intogen2024	target
KMT2B	3	1	intogen2024	native_reactome	ot_nolit__to__intogen2024	target
RAD21	3	1	intogen2024	native_reactome	ot_nolit__to__intogen2024	target
PPP3CA	3	1	intogen2024	native_reactome	ot_nolit__to__intogen2024	target
CYLD	3	1	intogen2024	native_reactome	ot_nolit__to__intogen2024	target
ZEB1	3	1	intogen2024	native_reactome	ot_nolit__to__intogen2024	target
STAT6	3	1	intogen2024	native_reactome	ot_nolit__to__intogen2024	target
ABL2	3	1	intogen2024	native_reactome	ot_nolit__to__intogen2024	target
HSPG2	3	1	intogen2024	native_reactome	ot_nolit__to__intogen2024	target
DDB2	3	1	intogen2024	native_reactome	ot_nolit__to__intogen2024	target
CADM2	3	1	intogen2024	native_reactome	ot_nolit__to__intogen2024	target
NFE2L2	3	1	intogen2024	native_reactome	ot_nolit__to__intogen2024	target
NFKBIE	3	1	intogen2024	native_reactome	ot_nolit__to__intogen2024	target
RANBP2	3	1	intogen2024	native_reactome	ot_nolit__to__intogen2024	target
ZFP36L1	3	1	intogen2024	native_reactome	ot_nolit__to__intogen2024	target
SETDB1	3	1	intogen2024	native_reactome	ot_nolit__to__intogen2024	target
EIF4A2	3	1	intogen2024	native_reactome	ot_nolit__to__intogen2024	target
IL6ST	3	1	intogen2024	native_reactome	ot_nolit__to__intogen2024	target
ESRRA	3	1	intogen2024	native_reactome	ot_nolit__to__intogen2024	target
GATA3	3	1	intogen2024	native_reactome	ot_nolit__to__intogen2024	target
KAT7	3	1	intogen2024	native_reactome	ot_nolit__to__intogen2024	target
IKBKB	3	1	intogen2024	native_reactome	ot_nolit__to__intogen2024	target
SMO	3	1	intogen2024	native_reactome	ot_nolit__to__intogen2024	target
PICALM	3	1	intogen2024	native_reactome	ot_nolit__to__intogen2024	target
CD209	3	1	intogen2024	native_reactome	ot_nolit__to__intogen2024	target
TNC	3	1	intogen2024	native_reactome	ot_nolit__to__intogen2024	target
NCOR2	3	1	intogen2024	native_reactome	ot_nolit__to__intogen2024	target
KAT6A	3	1	intogen2024	native_reactome	ot_nolit__to__intogen2024	target
PRKCB	3	1	intogen2024	native_reactome	ot_nolit__to__intogen2024	target
MIB2	3	1	intogen2024	native_reactome	ot_nolit__to__intogen2024	target
FCGR2B	3	1	intogen2024	native_reactome	ot_nolit__to__intogen2024	target
KRAS	3	1	intogen2024	native_reactome	ot_nolit__to__intogen2024	target
EPAS1	3	1	intogen2024	native_reactome	ot_nolit__to__intogen2024	target
NFKBIA	3	1	intogen2024	native_reactome	ot_nolit__to__intogen2024	target
ACKR3	3	1	intogen2024	native_reactome	ot_nolit__to__intogen2024	target
CCNT1	3	1	intogen2024	native_reactome	ot_nolit__to__intogen2024	target
ACVR1B	3	1	intogen2024	native_reactome	ot_nolit__to__intogen2024	target
POLQ	3	1	intogen2024	native_reactome	ot_nolit__to__intogen2024	target
LDB1	3	1	intogen2024	native_reactome	ot_nolit__to__intogen2024	target
CLTCL1	3	1	intogen2024	native_reactome	ot_nolit__to__intogen2024	target
BIRC3	3	1	intogen2024	native_reactome	ot_nolit__to__intogen2024	target
AJUBA	3	1	intogen2024	native_reactome	ot_nolit__to__intogen2024	target
PML	3	1	intogen2024	native_reactome	ot_nolit__to__intogen2024	target
NBEA	3	1	intogen2024	native_reactome	ot_nolit__to__intogen2024	target
KMT2A	3	1	intogen2024	native_reactome	ot_nolit__to__intogen2024	target
SUZ12	3	1	intogen2024	native_reactome	ot_nolit__to__intogen2024	target
RRAGC	3	1	intogen2024	native_reactome	ot_nolit__to__intogen2024	target
MYO5A	3	1	intogen2024	native_reactome	ot_nolit__to__intogen2024	target
CDKN2C	3	1	intogen2024	native_reactome	ot_nolit__to__intogen2024	target
ATF7IP	3	1	intogen2024	native_reactome	ot_nolit__to__intogen2024	target
RUNX1	3	1	intogen2024	native_reactome	ot_nolit__to__intogen2024	target
ARID2	3	1	intogen2024	native_reactome	ot_nolit__to__intogen2024	target
CD79B	3	1	intogen2024	native_reactome	ot_nolit__to__intogen2024	target
MCM7	3	1	intogen2024	native_reactome	ot_nolit__to__intogen2024	target
FOXL2	3	1	intogen2024	native_reactome	ot_nolit__to__intogen2024	target
HGF	3	1	intogen2024	native_reactome	ot_nolit__to__intogen2024	target
NOTCH2	3	1	intogen2024	native_reactome	ot_nolit__to__intogen2024	target
ATRX	3	1	intogen2024	native_reactome	ot_nolit__to__intogen2024	target
CHD7	3	1	intogen2024	native_reactome	ot_nolit__to__intogen2024	target
PREX2	3	1	intogen2024	native_reactome	ot_nolit__to__intogen2024	target
DROSHA	3	1	intogen2024	native_reactome	ot_nolit__to__intogen2024	target
MYH11	3	1	intogen2024	native_reactome	ot_nolit__to__intogen2024	target
CARD11	3	1	intogen2024	native_reactome	ot_nolit__to__intogen2024	target
CHD4	3	1	intogen2024	native_reactome	ot_nolit__to__intogen2024	target
IRAK1	3	1	intogen2024	native_reactome	ot_nolit__to__intogen2024	target
BRD7	3	1	intogen2024	native_reactome	ot_nolit__to__intogen2024	target
PTPRD	3	1	intogen2024	native_reactome	ot_nolit__to__intogen2024	target
RGS7	3	1	intogen2024	native_reactome	ot_nolit__to__intogen2024	target
EGR2	3	1	intogen2024	native_reactome	ot_nolit__to__intogen2024	target
NUMA1	3	1	intogen2024	native_reactome	ot_nolit__to__intogen2024	target
NFATC2	3	1	intogen2024	native_reactome	ot_nolit__to__intogen2024	target
FBXW7	3	1	intogen2024	native_reactome	ot_nolit__to__intogen2024	target
SHTN1	3	1	intogen2024	native_reactome	ot_nolit__to__intogen2024	target
EIF1AX	3	1	intogen2024	native_reactome	ot_nolit__to__intogen2024	target
CCND3	3	1	intogen2024	native_reactome	ot_nolit__to__intogen2024	target
PTPRC	3	1	intogen2024	native_reactome	ot_nolit__to__intogen2024	target
RIPK1	3	1	intogen2024	native_reactome	ot_nolit__to__intogen2024	target
PTPN6	3	1	intogen2024	native_reactome	ot_nolit__to__intogen2024	target
HSP90AA1	3	1	intogen2024	native_reactome	ot_nolit__to__intogen2024	target
SMARCD1	3	1	intogen2024	native_reactome	ot_nolit__to__intogen2024	target
USP8	3	1	intogen2024	native_reactome	ot_nolit__to__intogen2024	target
PAX5	3	1	intogen2024	native_reactome	ot_nolit__to__intogen2024	target
PIK3CB	3	1	intogen2024	native_reactome	ot_nolit__to__intogen2024	target
PIM1	3	1	intogen2024	native_reactome	ot_nolit__to__intogen2024	target
BCL9L	3	1	intogen2024	native_reactome	ot_nolit__to__intogen2024	target
CUL3	3	1	intogen2024	native_reactome	ot_nolit__to__intogen2024	target
ARAF	3	1	intogen2024	native_reactome	ot_nolit__to__intogen2024	target
NTRK2	3	1	intogen2024	native_reactome	ot_nolit__to__intogen2024	target
TBL1XR1	3	1	intogen2024	native_reactome	ot_nolit__to__intogen2024	target
CDK12	3	1	intogen2024	native_reactome	ot_nolit__to__intogen2024	target
MYH9	3	1	intogen2024	native_reactome	ot_nolit__to__intogen2024	target
ZFHX3	3	1	intogen2024	native_reactome	ot_nolit__to__intogen2024	target
JAK2	3	1	intogen2024	native_reactome	ot_nolit__to__intogen2024	target
ASXL2	3	1	intogen2024	native_reactome	ot_nolit__to__intogen2024	target
B2M	3	1	intogen2024	native_reactome	ot_nolit__to__intogen2024	target
TGIF1	3	1	intogen2024	native_reactome	ot_nolit__to__intogen2024	target
PPP6C	3	1	intogen2024	native_reactome	ot_nolit__to__intogen2024	target
ALPK1	3	1	intogen2024	native_reactome	ot_nolit__to__intogen2024	target
LTF	3	0	intogen2024	native_reactome	ot_nolit__to__intogen2024	background
SIKE1	3	0	intogen2024	native_reactome	ot_nolit__to__intogen2024	background
LRFN2	3	0	intogen2024	native_reactome	ot_nolit__to__intogen2024	background
S100A9	3	0	intogen2024	native_reactome	ot_nolit__to__intogen2024	background
C1S	3	0	intogen2024	native_reactome	ot_nolit__to__intogen2024	background
TNFSF14	3	0	intogen2024	native_reactome	ot_nolit__to__intogen2024	background
MIS18A	3	0	intogen2024	native_reactome	ot_nolit__to__intogen2024	background
CD1C	3	0	intogen2024	native_reactome	ot_nolit__to__intogen2024	background
SH2B2	3	0	intogen2024	native_reactome	ot_nolit__to__intogen2024	background
DMP1	3	0	intogen2024	native_reactome	ot_nolit__to__intogen2024	background
ZNF827	3	0	intogen2024	native_reactome	ot_nolit__to__intogen2024	background
ADNP	3	0	intogen2024	native_reactome	ot_nolit__to__intogen2024	background
DENND5B	3	0	intogen2024	native_reactome	ot_nolit__to__intogen2024	background
MPG	3	0	intogen2024	native_reactome	ot_nolit__to__intogen2024	background
BDP1	3	0	intogen2024	native_reactome	ot_nolit__to__intogen2024	background
PPP2R2A	3	0	intogen2024	native_reactome	ot_nolit__to__intogen2024	background
CKS1B	3	0	intogen2024	native_reactome	ot_nolit__to__intogen2024	background
SUMO3	3	0	intogen2024	native_reactome	ot_nolit__to__intogen2024	background
CAND1	3	0	intogen2024	native_reactome	ot_nolit__to__intogen2024	background
ARHGDIB	3	0	intogen2024	native_reactome	ot_nolit__to__intogen2024	background
MON1A	3	0	intogen2024	native_reactome	ot_nolit__to__intogen2024	background
ATP1A3	3	0	intogen2024	native_reactome	ot_nolit__to__intogen2024	background
CTNND1	3	0	intogen2024	native_reactome	ot_nolit__to__intogen2024	background
IL17RD	3	0	intogen2024	native_reactome	ot_nolit__to__intogen2024	background
SP1	3	0	intogen2024	native_reactome	ot_nolit__to__intogen2024	background
SPAG9	3	0	intogen2024	native_reactome	ot_nolit__to__intogen2024	background
IL7	3	0	intogen2024	native_reactome	ot_nolit__to__intogen2024	background
PIK3R2	3	0	intogen2024	native_reactome	ot_nolit__to__intogen2024	background
CCDC88C	3	0	intogen2024	native_reactome	ot_nolit__to__intogen2024	background
PTPN2	3	0	intogen2024	native_reactome	ot_nolit__to__intogen2024	background
PSPN	3	0	intogen2024	native_reactome	ot_nolit__to__intogen2024	background
CHL1	3	0	intogen2024	native_reactome	ot_nolit__to__intogen2024	background
RNF128	3	0	intogen2024	native_reactome	ot_nolit__to__intogen2024	background
GRIK3	3	0	intogen2024	native_reactome	ot_nolit__to__intogen2024	background
NRCAM	3	0	intogen2024	native_reactome	ot_nolit__to__intogen2024	background
BCL2L1	3	0	intogen2024	native_reactome	ot_nolit__to__intogen2024	background
AP4S1	3	0	intogen2024	native_reactome	ot_nolit__to__intogen2024	background
ADRA2C	3	0	intogen2024	native_reactome	ot_nolit__to__intogen2024	background
BMP2	3	0	intogen2024	native_reactome	ot_nolit__to__intogen2024	background
PDLIM5	3	0	intogen2024	native_reactome	ot_nolit__to__intogen2024	background
TAP1	3	0	intogen2024	native_reactome	ot_nolit__to__intogen2024	background
CAPNS1	3	0	intogen2024	native_reactome	ot_nolit__to__intogen2024	background
NFU1	3	0	intogen2024	native_reactome	ot_nolit__to__intogen2024	background
WDR83	3	0	intogen2024	native_reactome	ot_nolit__to__intogen2024	background
TRBV7-9	3	0	intogen2024	native_reactome	ot_nolit__to__intogen2024	background
GTF3A	3	0	intogen2024	native_reactome	ot_nolit__to__intogen2024	background
MYO9B	3	0	intogen2024	native_reactome	ot_nolit__to__intogen2024	background
CD46	3	0	intogen2024	native_reactome	ot_nolit__to__intogen2024	background
HES7	3	0	intogen2024	native_reactome	ot_nolit__to__intogen2024	background
S100B	3	0	intogen2024	native_reactome	ot_nolit__to__intogen2024	background
CD8B	3	0	intogen2024	native_reactome	ot_nolit__to__intogen2024	background
IRS2	3	0	intogen2024	native_reactome	ot_nolit__to__intogen2024	background
PROS1	3	0	intogen2024	native_reactome	ot_nolit__to__intogen2024	background
RGL1	3	0	intogen2024	native_reactome	ot_nolit__to__intogen2024	background
HES1	3	0	intogen2024	native_reactome	ot_nolit__to__intogen2024	background
GPS2	3	0	intogen2024	native_reactome	ot_nolit__to__intogen2024	background
ZNF74	3	0	intogen2024	native_reactome	ot_nolit__to__intogen2024	background
DYRK2	3	0	intogen2024	native_reactome	ot_nolit__to__intogen2024	background
IFI44	3	0	intogen2024	native_reactome	ot_nolit__to__intogen2024	background
TAS1R2	3	0	intogen2024	native_reactome	ot_nolit__to__intogen2024	background
RANBP10	3	0	intogen2024	native_reactome	ot_nolit__to__intogen2024	background
MTMR4	3	0	intogen2024	native_reactome	ot_nolit__to__intogen2024	background
CACNA1I	3	0	intogen2024	native_reactome	ot_nolit__to__intogen2024	background
DPF1	3	0	intogen2024	native_reactome	ot_nolit__to__intogen2024	background
BEX3	3	0	intogen2024	native_reactome	ot_nolit__to__intogen2024	background
PRDX5	3	0	intogen2024	native_reactome	ot_nolit__to__intogen2024	background
CYTH2	3	0	intogen2024	native_reactome	ot_nolit__to__intogen2024	background
FBXO5	3	0	intogen2024	native_reactome	ot_nolit__to__intogen2024	background
CLEC4C	3	0	intogen2024	native_reactome	ot_nolit__to__intogen2024	background
FZD4	3	0	intogen2024	native_reactome	ot_nolit__to__intogen2024	background
WNT5A	3	0	intogen2024	native_reactome	ot_nolit__to__intogen2024	background
KGD4	3	0	intogen2024	native_reactome	ot_nolit__to__intogen2024	background
CCNA1	3	0	intogen2024	native_reactome	ot_nolit__to__intogen2024	background
TNFRSF1A	3	0	intogen2024	native_reactome	ot_nolit__to__intogen2024	background
ADAM12	3	0	intogen2024	native_reactome	ot_nolit__to__intogen2024	background
RHOU	3	0	intogen2024	native_reactome	ot_nolit__to__intogen2024	background
MTMR2	3	0	intogen2024	native_reactome	ot_nolit__to__intogen2024	background
PIGK	3	0	intogen2024	native_reactome	ot_nolit__to__intogen2024	background
NKX2-5	3	0	intogen2024	native_reactome	ot_nolit__to__intogen2024	background
PPARD	3	0	intogen2024	native_reactome	ot_nolit__to__intogen2024	background
NCR1	3	0	intogen2024	native_reactome	ot_nolit__to__intogen2024	background
DENND1C	3	0	intogen2024	native_reactome	ot_nolit__to__intogen2024	background
MAU2	3	0	intogen2024	native_reactome	ot_nolit__to__intogen2024	background
PRKAR2A	3	0	intogen2024	native_reactome	ot_nolit__to__intogen2024	background
CNEP1R1	3	0	intogen2024	native_reactome	ot_nolit__to__intogen2024	background
OSTC	3	0	intogen2024	native_reactome	ot_nolit__to__intogen2024	background
CFLAR	3	0	intogen2024	native_reactome	ot_nolit__to__intogen2024	background
AURKA	3	0	intogen2024	native_reactome	ot_nolit__to__intogen2024	background
ARHGEF1	3	0	intogen2024	native_reactome	ot_nolit__to__intogen2024	background
NHEJ1	3	0	intogen2024	native_reactome	ot_nolit__to__intogen2024	background
IL1RN	3	0	intogen2024	native_reactome	ot_nolit__to__intogen2024	background
UVRAG	3	0	intogen2024	native_reactome	ot_nolit__to__intogen2024	background
ACTA1	3	0	intogen2024	native_reactome	ot_nolit__to__intogen2024	background
IL22RA1	3	0	intogen2024	native_reactome	ot_nolit__to__intogen2024	background
CAB39	3	0	intogen2024	native_reactome	ot_nolit__to__intogen2024	background
RSU1	3	0	intogen2024	native_reactome	ot_nolit__to__intogen2024	background
ITGAM	3	0	intogen2024	native_reactome	ot_nolit__to__intogen2024	background
GLRA3	3	0	intogen2024	native_reactome	ot_nolit__to__intogen2024	background
DSG1	3	0	intogen2024	native_reactome	ot_nolit__to__intogen2024	background
BSG	3	0	intogen2024	native_reactome	ot_nolit__to__intogen2024	background
TBX6	3	0	intogen2024	native_reactome	ot_nolit__to__intogen2024	background
DNAJC7	3	0	intogen2024	native_reactome	ot_nolit__to__intogen2024	background
HMGB1	3	0	intogen2024	native_reactome	ot_nolit__to__intogen2024	background
TAS1R3	3	0	intogen2024	native_reactome	ot_nolit__to__intogen2024	background
CD44	3	0	intogen2024	native_reactome	ot_nolit__to__intogen2024	background
SYCP3	3	0	intogen2024	native_reactome	ot_nolit__to__intogen2024	background
KITLG	3	0	intogen2024	native_reactome	ot_nolit__to__intogen2024	background
PRKG2	3	0	intogen2024	native_reactome	ot_nolit__to__intogen2024	background
LRP8	3	0	intogen2024	native_reactome	ot_nolit__to__intogen2024	background
ARTN	3	0	intogen2024	native_reactome	ot_nolit__to__intogen2024	background
ZBTB35	3	0	intogen2024	native_reactome	ot_nolit__to__intogen2024	background
BBC3	3	0	intogen2024	native_reactome	ot_nolit__to__intogen2024	background
VANGL2	3	0	intogen2024	native_reactome	ot_nolit__to__intogen2024	background
SDC1	3	0	intogen2024	native_reactome	ot_nolit__to__intogen2024	background
WEE1	3	0	intogen2024	native_reactome	ot_nolit__to__intogen2024	background
PRSS8	3	0	intogen2024	native_reactome	ot_nolit__to__intogen2024	background
PIK3C3	3	0	intogen2024	native_reactome	ot_nolit__to__intogen2024	background
TSPAN33	3	0	intogen2024	native_reactome	ot_nolit__to__intogen2024	background
CDCA8	3	0	intogen2024	native_reactome	ot_nolit__to__intogen2024	background
BCHE	3	0	intogen2024	native_reactome	ot_nolit__to__intogen2024	background
EVC	3	0	intogen2024	native_reactome	ot_nolit__to__intogen2024	background
FLOT1	3	0	intogen2024	native_reactome	ot_nolit__to__intogen2024	background
NLRC4	3	0	intogen2024	native_reactome	ot_nolit__to__intogen2024	background
NPHS2	3	0	intogen2024	native_reactome	ot_nolit__to__intogen2024	background
MALSU1	3	0	intogen2024	native_reactome	ot_nolit__to__intogen2024	background
MPST	3	0	intogen2024	native_reactome	ot_nolit__to__intogen2024	background
SGTA	3	0	intogen2024	native_reactome	ot_nolit__to__intogen2024	background
NFYC	3	0	intogen2024	native_reactome	ot_nolit__to__intogen2024	background
SAR1B	3	0	intogen2024	native_reactome	ot_nolit__to__intogen2024	background
SCUBE2	3	0	intogen2024	native_reactome	ot_nolit__to__intogen2024	background
GAA	3	0	intogen2024	native_reactome	ot_nolit__to__intogen2024	background
SHC3	3	0	intogen2024	native_reactome	ot_nolit__to__intogen2024	background
CD14	3	0	intogen2024	native_reactome	ot_nolit__to__intogen2024	background
HLA-G	3	0	intogen2024	native_reactome	ot_nolit__to__intogen2024	background
SCP2	3	0	intogen2024	native_reactome	ot_nolit__to__intogen2024	background
NID1	3	0	intogen2024	native_reactome	ot_nolit__to__intogen2024	background
NOX3	3	0	intogen2024	native_reactome	ot_nolit__to__intogen2024	background
SMARCC2	3	0	intogen2024	native_reactome	ot_nolit__to__intogen2024	background
GABBR1	3	0	intogen2024	native_reactome	ot_nolit__to__intogen2024	background
DLG3	3	0	intogen2024	native_reactome	ot_nolit__to__intogen2024	background
APBB1	3	0	intogen2024	native_reactome	ot_nolit__to__intogen2024	background
CCNB1	3	0	intogen2024	native_reactome	ot_nolit__to__intogen2024	background
RNF2	3	0	intogen2024	native_reactome	ot_nolit__to__intogen2024	background
NUB1	3	0	intogen2024	native_reactome	ot_nolit__to__intogen2024	background
IL1RAPL1	3	0	intogen2024	native_reactome	ot_nolit__to__intogen2024	background
NPTN	3	0	intogen2024	native_reactome	ot_nolit__to__intogen2024	background
CCNH	3	0	intogen2024	native_reactome	ot_nolit__to__intogen2024	background
LEP	3	0	intogen2024	native_reactome	ot_nolit__to__intogen2024	background
TSPOAP1	3	0	intogen2024	native_reactome	ot_nolit__to__intogen2024	background
SOX2	3	0	intogen2024	native_reactome	ot_nolit__to__intogen2024	background
AP4M1	3	0	intogen2024	native_reactome	ot_nolit__to__intogen2024	background
ELOC	3	0	intogen2024	native_reactome	ot_nolit__to__intogen2024	background
TCF3	3	0	intogen2024	native_reactome	ot_nolit__to__intogen2024	background
CASP8AP2	3	0	intogen2024	native_reactome	ot_nolit__to__intogen2024	background
TBPL2	3	0	intogen2024	native_reactome	ot_nolit__to__intogen2024	background
NPAS4	3	0	intogen2024	native_reactome	ot_nolit__to__intogen2024	background
APOC4	3	0	intogen2024	native_reactome	ot_nolit__to__intogen2024	background
DNTTIP1	3	0	intogen2024	native_reactome	ot_nolit__to__intogen2024	background
BRD2	3	0	intogen2024	native_reactome	ot_nolit__to__intogen2024	background
ZNF687	3	0	intogen2024	native_reactome	ot_nolit__to__intogen2024	background
F10	3	0	intogen2024	native_reactome	ot_nolit__to__intogen2024	background
TIRAP	3	0	intogen2024	native_reactome	ot_nolit__to__intogen2024	background
TNNT3	3	0	intogen2024	native_reactome	ot_nolit__to__intogen2024	background
WDR48	3	0	intogen2024	native_reactome	ot_nolit__to__intogen2024	background
TAB2	3	0	intogen2024	native_reactome	ot_nolit__to__intogen2024	background
RAB1A	3	0	intogen2024	native_reactome	ot_nolit__to__intogen2024	background
GADD45A	3	0	intogen2024	native_reactome	ot_nolit__to__intogen2024	background
SIRT4	3	0	intogen2024	native_reactome	ot_nolit__to__intogen2024	background
PCSK1	3	0	intogen2024	native_reactome	ot_nolit__to__intogen2024	background
ATP1A2	3	0	intogen2024	native_reactome	ot_nolit__to__intogen2024	background
CITED2	3	0	intogen2024	native_reactome	ot_nolit__to__intogen2024	background
RIC1	3	0	intogen2024	native_reactome	ot_nolit__to__intogen2024	background
UBA2	3	0	intogen2024	native_reactome	ot_nolit__to__intogen2024	background
NR1H2	3	0	intogen2024	native_reactome	ot_nolit__to__intogen2024	background
GREB1	3	0	intogen2024	native_reactome	ot_nolit__to__intogen2024	background
IQCE	3	0	intogen2024	native_reactome	ot_nolit__to__intogen2024	background
SEMA3A	3	0	intogen2024	native_reactome	ot_nolit__to__intogen2024	background
VPS28	3	0	intogen2024	native_reactome	ot_nolit__to__intogen2024	background
CNPY3	3	0	intogen2024	native_reactome	ot_nolit__to__intogen2024	background
GFRA3	3	0	intogen2024	native_reactome	ot_nolit__to__intogen2024	background
DBT	3	0	intogen2024	native_reactome	ot_nolit__to__intogen2024	background
PNKP	3	0	intogen2024	native_reactome	ot_nolit__to__intogen2024	background
NR2F2	3	0	intogen2024	native_reactome	ot_nolit__to__intogen2024	background
OTUB1	3	0	intogen2024	native_reactome	ot_nolit__to__intogen2024	background
TNK2	3	0	intogen2024	native_reactome	ot_nolit__to__intogen2024	background
VPS29	3	0	intogen2024	native_reactome	ot_nolit__to__intogen2024	background
SPRED1	3	0	intogen2024	native_reactome	ot_nolit__to__intogen2024	background
MAP3K8	3	0	intogen2024	native_reactome	ot_nolit__to__intogen2024	background
LEFTY1	3	0	intogen2024	native_reactome	ot_nolit__to__intogen2024	background
ACVR2B	3	0	intogen2024	native_reactome	ot_nolit__to__intogen2024	background
VCPIP1	3	0	intogen2024	native_reactome	ot_nolit__to__intogen2024	background
AP1G2	3	0	intogen2024	native_reactome	ot_nolit__to__intogen2024	background
CHST10	3	0	intogen2024	native_reactome	ot_nolit__to__intogen2024	background
MYRIP	3	0	intogen2024	native_reactome	ot_nolit__to__intogen2024	background
KHDRBS2	3	0	intogen2024	native_reactome	ot_nolit__to__intogen2024	background
FANCI	3	0	intogen2024	native_reactome	ot_nolit__to__intogen2024	background
CASP10	3	0	intogen2024	native_reactome	ot_nolit__to__intogen2024	background
CDC25A	3	0	intogen2024	native_reactome	ot_nolit__to__intogen2024	background
TNFRSF13C	3	0	intogen2024	native_reactome	ot_nolit__to__intogen2024	background
DLGAP1	3	0	intogen2024	native_reactome	ot_nolit__to__intogen2024	background
FBN2	4	1	intogen2024	native_reactome	ot_nolit__to__intogen2024	target
NIPBL	4	1	intogen2024	native_reactome	ot_nolit__to__intogen2024	target
BCL9	4	1	intogen2024	native_reactome	ot_nolit__to__intogen2024	target
DCC	4	1	intogen2024	native_reactome	ot_nolit__to__intogen2024	target
WNT1	4	1	intogen2024	native_reactome	ot_nolit__to__intogen2024	target
FAS	4	1	intogen2024	native_reactome	ot_nolit__to__intogen2024	target
ATR	4	1	intogen2024	native_reactome	ot_nolit__to__intogen2024	target
EZH2	4	1	intogen2024	native_reactome	ot_nolit__to__intogen2024	target
INPPL1	4	1	intogen2024	native_reactome	ot_nolit__to__intogen2024	target
CASP8	4	1	intogen2024	native_reactome	ot_nolit__to__intogen2024	target
SMAD3	4	1	intogen2024	native_reactome	ot_nolit__to__intogen2024	target
CTCF	4	1	intogen2024	native_reactome	ot_nolit__to__intogen2024	target
CCND1	4	1	intogen2024	native_reactome	ot_nolit__to__intogen2024	target
GSK3B	4	1	intogen2024	native_reactome	ot_nolit__to__intogen2024	target
SOX17	4	1	intogen2024	native_reactome	ot_nolit__to__intogen2024	target
NCOA1	4	1	intogen2024	native_reactome	ot_nolit__to__intogen2024	target
NPRL2	4	1	intogen2024	native_reactome	ot_nolit__to__intogen2024	target
KDM6A	4	1	intogen2024	native_reactome	ot_nolit__to__intogen2024	target
CCND2	4	1	intogen2024	native_reactome	ot_nolit__to__intogen2024	target
NCKIPSD	4	1	intogen2024	native_reactome	ot_nolit__to__intogen2024	target
GPC5	4	1	intogen2024	native_reactome	ot_nolit__to__intogen2024	target
CTNNA2	4	1	intogen2024	native_reactome	ot_nolit__to__intogen2024	target
CBFB	4	1	intogen2024	native_reactome	ot_nolit__to__intogen2024	target
SETD1B	4	1	intogen2024	native_reactome	ot_nolit__to__intogen2024	target
JAK3	4	1	intogen2024	native_reactome	ot_nolit__to__intogen2024	target
AFDN	4	1	intogen2024	native_reactome	ot_nolit__to__intogen2024	target
RHOA	4	1	intogen2024	native_reactome	ot_nolit__to__intogen2024	target
PABPC1	4	1	intogen2024	native_reactome	ot_nolit__to__intogen2024	target
ZNF93	4	1	intogen2024	native_reactome	ot_nolit__to__intogen2024	target
DSP	4	1	intogen2024	native_reactome	ot_nolit__to__intogen2024	target
NSD2	4	1	intogen2024	native_reactome	ot_nolit__to__intogen2024	target
ELF3	4	1	intogen2024	native_reactome	ot_nolit__to__intogen2024	target
MGA	4	1	intogen2024	native_reactome	ot_nolit__to__intogen2024	target
ARID1B	4	1	intogen2024	native_reactome	ot_nolit__to__intogen2024	target
PTK6	4	1	intogen2024	native_reactome	ot_nolit__to__intogen2024	target
PRDM1	4	1	intogen2024	native_reactome	ot_nolit__to__intogen2024	target
PTPN11	4	1	intogen2024	native_reactome	ot_nolit__to__intogen2024	target
BCL10	4	1	intogen2024	native_reactome	ot_nolit__to__intogen2024	target
SDCBP	4	1	intogen2024	native_reactome	ot_nolit__to__intogen2024	target
CDH11	4	1	intogen2024	native_reactome	ot_nolit__to__intogen2024	target
NRAS	4	1	intogen2024	native_reactome	ot_nolit__to__intogen2024	target
TCF7L2	4	1	intogen2024	native_reactome	ot_nolit__to__intogen2024	target
ROBO2	4	1	intogen2024	native_reactome	ot_nolit__to__intogen2024	target
MTOR	4	1	intogen2024	native_reactome	ot_nolit__to__intogen2024	target
BCL2	4	1	intogen2024	native_reactome	ot_nolit__to__intogen2024	target
SGK1	4	1	intogen2024	native_reactome	ot_nolit__to__intogen2024	target
ITGAV	4	1	intogen2024	native_reactome	ot_nolit__to__intogen2024	target
FOXO3	4	1	intogen2024	native_reactome	ot_nolit__to__intogen2024	target
PIK3R1	4	1	intogen2024	native_reactome	ot_nolit__to__intogen2024	target
ZNRF3	4	1	intogen2024	native_reactome	ot_nolit__to__intogen2024	target
DHX9	4	1	intogen2024	native_reactome	ot_nolit__to__intogen2024	target
SMARCA2	4	1	intogen2024	native_reactome	ot_nolit__to__intogen2024	target
NXF1	4	1	intogen2024	native_reactome	ot_nolit__to__intogen2024	target
TNFRSF14	4	1	intogen2024	native_reactome	ot_nolit__to__intogen2024	target
MAP2K7	4	1	intogen2024	native_reactome	ot_nolit__to__intogen2024	target
EPS15	4	1	intogen2024	native_reactome	ot_nolit__to__intogen2024	target
CRLF2	4	1	intogen2024	native_reactome	ot_nolit__to__intogen2024	target
ELN	4	1	intogen2024	native_reactome	ot_nolit__to__intogen2024	target
GNA11	4	1	intogen2024	native_reactome	ot_nolit__to__intogen2024	target
DAXX	4	1	intogen2024	native_reactome	ot_nolit__to__intogen2024	target
IKZF1	4	1	intogen2024	native_reactome	ot_nolit__to__intogen2024	target
HRAS	4	1	intogen2024	native_reactome	ot_nolit__to__intogen2024	target
PLXNC1	4	1	intogen2024	native_reactome	ot_nolit__to__intogen2024	target
GRIN2A	4	1	intogen2024	native_reactome	ot_nolit__to__intogen2024	target
ACVR2A	4	1	intogen2024	native_reactome	ot_nolit__to__intogen2024	target
HLA-DQA1	4	1	intogen2024	native_reactome	ot_nolit__to__intogen2024	target
FBLN2	4	1	intogen2024	native_reactome	ot_nolit__to__intogen2024	target
MAPK1	4	1	intogen2024	native_reactome	ot_nolit__to__intogen2024	target
NCOA2	4	1	intogen2024	native_reactome	ot_nolit__to__intogen2024	target
IDH2	4	1	intogen2024	native_reactome	ot_nolit__to__intogen2024	target
USP7	4	1	intogen2024	native_reactome	ot_nolit__to__intogen2024	target
NFKB2	4	1	intogen2024	native_reactome	ot_nolit__to__intogen2024	target
ARHGEF12	4	1	intogen2024	native_reactome	ot_nolit__to__intogen2024	target
MAF	4	1	intogen2024	native_reactome	ot_nolit__to__intogen2024	target
LATS2	4	1	intogen2024	native_reactome	ot_nolit__to__intogen2024	target
GNA13	4	1	intogen2024	native_reactome	ot_nolit__to__intogen2024	target
SRGAP3	4	1	intogen2024	native_reactome	ot_nolit__to__intogen2024	target
ETV4	4	1	intogen2024	native_reactome	ot_nolit__to__intogen2024	target
ZNF521	4	1	intogen2024	native_reactome	ot_nolit__to__intogen2024	target
FGFR2	4	1	intogen2024	native_reactome	ot_nolit__to__intogen2024	target
USP9X	4	1	intogen2024	native_reactome	ot_nolit__to__intogen2024	target
CACNA1D	4	1	intogen2024	native_reactome	ot_nolit__to__intogen2024	target
ARNT	4	1	intogen2024	native_reactome	ot_nolit__to__intogen2024	target
MDM2	4	1	intogen2024	native_reactome	ot_nolit__to__intogen2024	target
GNAI2	4	1	intogen2024	native_reactome	ot_nolit__to__intogen2024	target
GNAQ	4	1	intogen2024	native_reactome	ot_nolit__to__intogen2024	target
SMAD2	4	1	intogen2024	native_reactome	ot_nolit__to__intogen2024	target
DGCR8	4	1	intogen2024	native_reactome	ot_nolit__to__intogen2024	target
KNL1	4	1	intogen2024	native_reactome	ot_nolit__to__intogen2024	target
AKT1	4	1	intogen2024	native_reactome	ot_nolit__to__intogen2024	target
HSP90AB1	4	1	intogen2024	native_reactome	ot_nolit__to__intogen2024	target
KEAP1	4	1	intogen2024	native_reactome	ot_nolit__to__intogen2024	target
TRIM33	4	1	intogen2024	native_reactome	ot_nolit__to__intogen2024	target
DTX1	4	1	intogen2024	native_reactome	ot_nolit__to__intogen2024	target
ANK1	4	1	intogen2024	native_reactome	ot_nolit__to__intogen2024	target
PWWP2A	4	1	intogen2024	native_reactome	ot_nolit__to__intogen2024	target
SH2B3	4	1	intogen2024	native_reactome	ot_nolit__to__intogen2024	target
XPO1	4	1	intogen2024	native_reactome	ot_nolit__to__intogen2024	target
GLI1	4	1	intogen2024	native_reactome	ot_nolit__to__intogen2024	target
BCL6	4	1	intogen2024	native_reactome	ot_nolit__to__intogen2024	target
KMT5A	4	1	intogen2024	native_reactome	ot_nolit__to__intogen2024	target
RSPO2	4	1	intogen2024	native_reactome	ot_nolit__to__intogen2024	target
SIN3A	4	1	intogen2024	native_reactome	ot_nolit__to__intogen2024	target
IL7R	4	1	intogen2024	native_reactome	ot_nolit__to__intogen2024	target
PTPN3	4	1	intogen2024	native_reactome	ot_nolit__to__intogen2024	target
TMPRSS2	4	1	intogen2024	native_reactome	ot_nolit__to__intogen2024	target
HIF1A	4	1	intogen2024	native_reactome	ot_nolit__to__intogen2024	target
IKZF3	4	1	intogen2024	native_reactome	ot_nolit__to__intogen2024	target
MALT1	4	1	intogen2024	native_reactome	ot_nolit__to__intogen2024	target
PDCD1LG2	4	1	intogen2024	native_reactome	ot_nolit__to__intogen2024	target
ARHGAP35	4	1	intogen2024	native_reactome	ot_nolit__to__intogen2024	target
PHF6	4	1	intogen2024	native_reactome	ot_nolit__to__intogen2024	target
ATP1A1	4	1	intogen2024	native_reactome	ot_nolit__to__intogen2024	target
RASA1	4	1	intogen2024	native_reactome	ot_nolit__to__intogen2024	target
GNAS	4	1	intogen2024	native_reactome	ot_nolit__to__intogen2024	target
FOXO1	4	1	intogen2024	native_reactome	ot_nolit__to__intogen2024	target
TNFAIP3	4	1	intogen2024	native_reactome	ot_nolit__to__intogen2024	target
MYC	4	1	intogen2024	native_reactome	ot_nolit__to__intogen2024	target
SOCS1	4	1	intogen2024	native_reactome	ot_nolit__to__intogen2024	target
HLA-A	4	1	intogen2024	native_reactome	ot_nolit__to__intogen2024	target
SPOP	4	1	intogen2024	native_reactome	ot_nolit__to__intogen2024	target
CRTC1	4	1	intogen2024	native_reactome	ot_nolit__to__intogen2024	target
IRS4	4	1	intogen2024	native_reactome	ot_nolit__to__intogen2024	target
TRRAP	4	1	intogen2024	native_reactome	ot_nolit__to__intogen2024	target
TEC	4	1	intogen2024	native_reactome	ot_nolit__to__intogen2024	target
CDKN1A	4	1	intogen2024	native_reactome	ot_nolit__to__intogen2024	target
LIFR	4	1	intogen2024	native_reactome	ot_nolit__to__intogen2024	target
COL1A1	4	1	intogen2024	native_reactome	ot_nolit__to__intogen2024	target
ESR1	4	1	intogen2024	native_reactome	ot_nolit__to__intogen2024	target
RRN3	4	1	intogen2024	native_reactome	ot_nolit__to__intogen2024	target
LATS1	4	1	intogen2024	native_reactome	ot_nolit__to__intogen2024	target
TP63	4	1	intogen2024	native_reactome	ot_nolit__to__intogen2024	target
RHPN2	4	1	intogen2024	native_reactome	ot_nolit__to__intogen2024	target
ALK	4	1	intogen2024	native_reactome	ot_nolit__to__intogen2024	target
TBX3	4	1	intogen2024	native_reactome	ot_nolit__to__intogen2024	target
ERCC3	4	1	intogen2024	native_reactome	ot_nolit__to__intogen2024	target
ZCCHC8	4	1	intogen2024	native_reactome	ot_nolit__to__intogen2024	target
DIS3	4	1	intogen2024	native_reactome	ot_nolit__to__intogen2024	target
TRAF3	4	1	intogen2024	native_reactome	ot_nolit__to__intogen2024	target
PRKCD	4	1	intogen2024	native_reactome	ot_nolit__to__intogen2024	target
MEF2B	4	1	intogen2024	native_reactome	ot_nolit__to__intogen2024	target
RAC1	4	1	intogen2024	native_reactome	ot_nolit__to__intogen2024	target
RELA	4	1	intogen2024	native_reactome	ot_nolit__to__intogen2024	target
NTRK3	4	1	intogen2024	native_reactome	ot_nolit__to__intogen2024	target
HLA-C	4	1	intogen2024	native_reactome	ot_nolit__to__intogen2024	target
PSIP1	4	1	intogen2024	native_reactome	ot_nolit__to__intogen2024	target
CBL	4	1	intogen2024	native_reactome	ot_nolit__to__intogen2024	target
MSI2	4	1	intogen2024	native_reactome	ot_nolit__to__intogen2024	target
SOX9	4	1	intogen2024	native_reactome	ot_nolit__to__intogen2024	target
NPM1	4	1	intogen2024	native_reactome	ot_nolit__to__intogen2024	target
RAP1GDS1	4	1	intogen2024	native_reactome	ot_nolit__to__intogen2024	target
LEF1	4	1	intogen2024	native_reactome	ot_nolit__to__intogen2024	target
REST	4	1	intogen2024	native_reactome	ot_nolit__to__intogen2024	target
SIRPA	4	1	intogen2024	native_reactome	ot_nolit__to__intogen2024	target
CYSLTR2	4	1	intogen2024	native_reactome	ot_nolit__to__intogen2024	target
HLA-B	4	1	intogen2024	native_reactome	ot_nolit__to__intogen2024	target
WWTR1	4	1	intogen2024	native_reactome	ot_nolit__to__intogen2024	target
POU2F2	4	1	intogen2024	native_reactome	ot_nolit__to__intogen2024	target
KAT6B	4	1	intogen2024	native_reactome	ot_nolit__to__intogen2024	target
VAV1	4	1	intogen2024	native_reactome	ot_nolit__to__intogen2024	target
KMT2B	4	1	intogen2024	native_reactome	ot_nolit__to__intogen2024	target
RAD21	4	1	intogen2024	native_reactome	ot_nolit__to__intogen2024	target
PPP3CA	4	1	intogen2024	native_reactome	ot_nolit__to__intogen2024	target
CYLD	4	1	intogen2024	native_reactome	ot_nolit__to__intogen2024	target
ZEB1	4	1	intogen2024	native_reactome	ot_nolit__to__intogen2024	target
STAT6	4	1	intogen2024	native_reactome	ot_nolit__to__intogen2024	target
ABL2	4	1	intogen2024	native_reactome	ot_nolit__to__intogen2024	target
HSPG2	4	1	intogen2024	native_reactome	ot_nolit__to__intogen2024	target
DDB2	4	1	intogen2024	native_reactome	ot_nolit__to__intogen2024	target
CADM2	4	1	intogen2024	native_reactome	ot_nolit__to__intogen2024	target
NFE2L2	4	1	intogen2024	native_reactome	ot_nolit__to__intogen2024	target
NFKBIE	4	1	intogen2024	native_reactome	ot_nolit__to__intogen2024	target
RANBP2	4	1	intogen2024	native_reactome	ot_nolit__to__intogen2024	target
ZFP36L1	4	1	intogen2024	native_reactome	ot_nolit__to__intogen2024	target
SETDB1	4	1	intogen2024	native_reactome	ot_nolit__to__intogen2024	target
EIF4A2	4	1	intogen2024	native_reactome	ot_nolit__to__intogen2024	target
IL6ST	4	1	intogen2024	native_reactome	ot_nolit__to__intogen2024	target
ESRRA	4	1	intogen2024	native_reactome	ot_nolit__to__intogen2024	target
GATA3	4	1	intogen2024	native_reactome	ot_nolit__to__intogen2024	target
KAT7	4	1	intogen2024	native_reactome	ot_nolit__to__intogen2024	target
IKBKB	4	1	intogen2024	native_reactome	ot_nolit__to__intogen2024	target
SMO	4	1	intogen2024	native_reactome	ot_nolit__to__intogen2024	target
PICALM	4	1	intogen2024	native_reactome	ot_nolit__to__intogen2024	target
CD209	4	1	intogen2024	native_reactome	ot_nolit__to__intogen2024	target
TNC	4	1	intogen2024	native_reactome	ot_nolit__to__intogen2024	target
NCOR2	4	1	intogen2024	native_reactome	ot_nolit__to__intogen2024	target
KAT6A	4	1	intogen2024	native_reactome	ot_nolit__to__intogen2024	target
PRKCB	4	1	intogen2024	native_reactome	ot_nolit__to__intogen2024	target
MIB2	4	1	intogen2024	native_reactome	ot_nolit__to__intogen2024	target
FCGR2B	4	1	intogen2024	native_reactome	ot_nolit__to__intogen2024	target
KRAS	4	1	intogen2024	native_reactome	ot_nolit__to__intogen2024	target
EPAS1	4	1	intogen2024	native_reactome	ot_nolit__to__intogen2024	target
NFKBIA	4	1	intogen2024	native_reactome	ot_nolit__to__intogen2024	target
ACKR3	4	1	intogen2024	native_reactome	ot_nolit__to__intogen2024	target
CCNT1	4	1	intogen2024	native_reactome	ot_nolit__to__intogen2024	target
ACVR1B	4	1	intogen2024	native_reactome	ot_nolit__to__intogen2024	target
POLQ	4	1	intogen2024	native_reactome	ot_nolit__to__intogen2024	target
LDB1	4	1	intogen2024	native_reactome	ot_nolit__to__intogen2024	target
CLTCL1	4	1	intogen2024	native_reactome	ot_nolit__to__intogen2024	target
BIRC3	4	1	intogen2024	native_reactome	ot_nolit__to__intogen2024	target
AJUBA	4	1	intogen2024	native_reactome	ot_nolit__to__intogen2024	target
PML	4	1	intogen2024	native_reactome	ot_nolit__to__intogen2024	target
NBEA	4	1	intogen2024	native_reactome	ot_nolit__to__intogen2024	target
KMT2A	4	1	intogen2024	native_reactome	ot_nolit__to__intogen2024	target
SUZ12	4	1	intogen2024	native_reactome	ot_nolit__to__intogen2024	target
RRAGC	4	1	intogen2024	native_reactome	ot_nolit__to__intogen2024	target
MYO5A	4	1	intogen2024	native_reactome	ot_nolit__to__intogen2024	target
CDKN2C	4	1	intogen2024	native_reactome	ot_nolit__to__intogen2024	target
ATF7IP	4	1	intogen2024	native_reactome	ot_nolit__to__intogen2024	target
RUNX1	4	1	intogen2024	native_reactome	ot_nolit__to__intogen2024	target
ARID2	4	1	intogen2024	native_reactome	ot_nolit__to__intogen2024	target
CD79B	4	1	intogen2024	native_reactome	ot_nolit__to__intogen2024	target
MCM7	4	1	intogen2024	native_reactome	ot_nolit__to__intogen2024	target
FOXL2	4	1	intogen2024	native_reactome	ot_nolit__to__intogen2024	target
HGF	4	1	intogen2024	native_reactome	ot_nolit__to__intogen2024	target
NOTCH2	4	1	intogen2024	native_reactome	ot_nolit__to__intogen2024	target
ATRX	4	1	intogen2024	native_reactome	ot_nolit__to__intogen2024	target
CHD7	4	1	intogen2024	native_reactome	ot_nolit__to__intogen2024	target
PREX2	4	1	intogen2024	native_reactome	ot_nolit__to__intogen2024	target
DROSHA	4	1	intogen2024	native_reactome	ot_nolit__to__intogen2024	target
MYH11	4	1	intogen2024	native_reactome	ot_nolit__to__intogen2024	target
CARD11	4	1	intogen2024	native_reactome	ot_nolit__to__intogen2024	target
CHD4	4	1	intogen2024	native_reactome	ot_nolit__to__intogen2024	target
IRAK1	4	1	intogen2024	native_reactome	ot_nolit__to__intogen2024	target
BRD7	4	1	intogen2024	native_reactome	ot_nolit__to__intogen2024	target
PTPRD	4	1	intogen2024	native_reactome	ot_nolit__to__intogen2024	target
RGS7	4	1	intogen2024	native_reactome	ot_nolit__to__intogen2024	target
EGR2	4	1	intogen2024	native_reactome	ot_nolit__to__intogen2024	target
NUMA1	4	1	intogen2024	native_reactome	ot_nolit__to__intogen2024	target
NFATC2	4	1	intogen2024	native_reactome	ot_nolit__to__intogen2024	target
FBXW7	4	1	intogen2024	native_reactome	ot_nolit__to__intogen2024	target
SHTN1	4	1	intogen2024	native_reactome	ot_nolit__to__intogen2024	target
EIF1AX	4	1	intogen2024	native_reactome	ot_nolit__to__intogen2024	target
CCND3	4	1	intogen2024	native_reactome	ot_nolit__to__intogen2024	target
PTPRC	4	1	intogen2024	native_reactome	ot_nolit__to__intogen2024	target
RIPK1	4	1	intogen2024	native_reactome	ot_nolit__to__intogen2024	target
PTPN6	4	1	intogen2024	native_reactome	ot_nolit__to__intogen2024	target
HSP90AA1	4	1	intogen2024	native_reactome	ot_nolit__to__intogen2024	target
SMARCD1	4	1	intogen2024	native_reactome	ot_nolit__to__intogen2024	target
USP8	4	1	intogen2024	native_reactome	ot_nolit__to__intogen2024	target
PAX5	4	1	intogen2024	native_reactome	ot_nolit__to__intogen2024	target
PIK3CB	4	1	intogen2024	native_reactome	ot_nolit__to__intogen2024	target
PIM1	4	1	intogen2024	native_reactome	ot_nolit__to__intogen2024	target
BCL9L	4	1	intogen2024	native_reactome	ot_nolit__to__intogen2024	target
CUL3	4	1	intogen2024	native_reactome	ot_nolit__to__intogen2024	target
ARAF	4	1	intogen2024	native_reactome	ot_nolit__to__intogen2024	target
NTRK2	4	1	intogen2024	native_reactome	ot_nolit__to__intogen2024	target
TBL1XR1	4	1	intogen2024	native_reactome	ot_nolit__to__intogen2024	target
CDK12	4	1	intogen2024	native_reactome	ot_nolit__to__intogen2024	target
MYH9	4	1	intogen2024	native_reactome	ot_nolit__to__intogen2024	target
ZFHX3	4	1	intogen2024	native_reactome	ot_nolit__to__intogen2024	target
JAK2	4	1	intogen2024	native_reactome	ot_nolit__to__intogen2024	target
ASXL2	4	1	intogen2024	native_reactome	ot_nolit__to__intogen2024	target
B2M	4	1	intogen2024	native_reactome	ot_nolit__to__intogen2024	target
TGIF1	4	1	intogen2024	native_reactome	ot_nolit__to__intogen2024	target
PPP6C	4	1	intogen2024	native_reactome	ot_nolit__to__intogen2024	target
ALPK1	4	1	intogen2024	native_reactome	ot_nolit__to__intogen2024	target
SAV1	4	0	intogen2024	native_reactome	ot_nolit__to__intogen2024	background
MAFF	4	0	intogen2024	native_reactome	ot_nolit__to__intogen2024	background
JAM3	4	0	intogen2024	native_reactome	ot_nolit__to__intogen2024	background
YKT6	4	0	intogen2024	native_reactome	ot_nolit__to__intogen2024	background
NAT8	4	0	intogen2024	native_reactome	ot_nolit__to__intogen2024	background
PIDD1	4	0	intogen2024	native_reactome	ot_nolit__to__intogen2024	background
PIK3R4	4	0	intogen2024	native_reactome	ot_nolit__to__intogen2024	background
DENND4A	4	0	intogen2024	native_reactome	ot_nolit__to__intogen2024	background
GIPC1	4	0	intogen2024	native_reactome	ot_nolit__to__intogen2024	background
ABCA7	4	0	intogen2024	native_reactome	ot_nolit__to__intogen2024	background
IAPP	4	0	intogen2024	native_reactome	ot_nolit__to__intogen2024	background
TWIST1	4	0	intogen2024	native_reactome	ot_nolit__to__intogen2024	background
GP9	4	0	intogen2024	native_reactome	ot_nolit__to__intogen2024	background
VENTX	4	0	intogen2024	native_reactome	ot_nolit__to__intogen2024	background
ATF6B	4	0	intogen2024	native_reactome	ot_nolit__to__intogen2024	background
STX1A	4	0	intogen2024	native_reactome	ot_nolit__to__intogen2024	background
CCL4	4	0	intogen2024	native_reactome	ot_nolit__to__intogen2024	background
IL33	4	0	intogen2024	native_reactome	ot_nolit__to__intogen2024	background
NTF3	4	0	intogen2024	native_reactome	ot_nolit__to__intogen2024	background
NR4A2	4	0	intogen2024	native_reactome	ot_nolit__to__intogen2024	background
SGCD	4	0	intogen2024	native_reactome	ot_nolit__to__intogen2024	background
ICOS	4	0	intogen2024	native_reactome	ot_nolit__to__intogen2024	background
MEF2D	4	0	intogen2024	native_reactome	ot_nolit__to__intogen2024	background
LIN7B	4	0	intogen2024	native_reactome	ot_nolit__to__intogen2024	background
DOCK1	4	0	intogen2024	native_reactome	ot_nolit__to__intogen2024	background
SHC2	4	0	intogen2024	native_reactome	ot_nolit__to__intogen2024	background
TRAF2	4	0	intogen2024	native_reactome	ot_nolit__to__intogen2024	background
PLEKHA3	4	0	intogen2024	native_reactome	ot_nolit__to__intogen2024	background
CD1B	4	0	intogen2024	native_reactome	ot_nolit__to__intogen2024	background
IGF2	4	0	intogen2024	native_reactome	ot_nolit__to__intogen2024	background
PRKAA1	4	0	intogen2024	native_reactome	ot_nolit__to__intogen2024	background
HNRNPC	4	0	intogen2024	native_reactome	ot_nolit__to__intogen2024	background
SMAD9	4	0	intogen2024	native_reactome	ot_nolit__to__intogen2024	background
CACNA2D2	4	0	intogen2024	native_reactome	ot_nolit__to__intogen2024	background
KLRG1	4	0	intogen2024	native_reactome	ot_nolit__to__intogen2024	background
CTRB1	4	0	intogen2024	native_reactome	ot_nolit__to__intogen2024	background
AATF	4	0	intogen2024	native_reactome	ot_nolit__to__intogen2024	background
FBXL21P	4	0	intogen2024	native_reactome	ot_nolit__to__intogen2024	background
CASP6	4	0	intogen2024	native_reactome	ot_nolit__to__intogen2024	background
AKT1S1	4	0	intogen2024	native_reactome	ot_nolit__to__intogen2024	background
ATXN3	4	0	intogen2024	native_reactome	ot_nolit__to__intogen2024	background
CDC42EP5	4	0	intogen2024	native_reactome	ot_nolit__to__intogen2024	background
MYF6	4	0	intogen2024	native_reactome	ot_nolit__to__intogen2024	background
DYNC1H1	4	0	intogen2024	native_reactome	ot_nolit__to__intogen2024	background
GRIN2D	4	0	intogen2024	native_reactome	ot_nolit__to__intogen2024	background
PCGF6	4	0	intogen2024	native_reactome	ot_nolit__to__intogen2024	background
PLCB3	4	0	intogen2024	native_reactome	ot_nolit__to__intogen2024	background
CELA2A	4	0	intogen2024	native_reactome	ot_nolit__to__intogen2024	background
APBA3	4	0	intogen2024	native_reactome	ot_nolit__to__intogen2024	background
SYTL2	4	0	intogen2024	native_reactome	ot_nolit__to__intogen2024	background
MYBL2	4	0	intogen2024	native_reactome	ot_nolit__to__intogen2024	background
WIPI2	4	0	intogen2024	native_reactome	ot_nolit__to__intogen2024	background
ATF6	4	0	intogen2024	native_reactome	ot_nolit__to__intogen2024	background
LHX3	4	0	intogen2024	native_reactome	ot_nolit__to__intogen2024	background
BAZ1B	4	0	intogen2024	native_reactome	ot_nolit__to__intogen2024	background
FOXP3	4	0	intogen2024	native_reactome	ot_nolit__to__intogen2024	background
LRP6	4	0	intogen2024	native_reactome	ot_nolit__to__intogen2024	background
CDK5R1	4	0	intogen2024	native_reactome	ot_nolit__to__intogen2024	background
SCN1B	4	0	intogen2024	native_reactome	ot_nolit__to__intogen2024	background
NELFB	4	0	intogen2024	native_reactome	ot_nolit__to__intogen2024	background
PRKACA	4	0	intogen2024	native_reactome	ot_nolit__to__intogen2024	background
MFAP2	4	0	intogen2024	native_reactome	ot_nolit__to__intogen2024	background
LILRB1	4	0	intogen2024	native_reactome	ot_nolit__to__intogen2024	background
TBL1X	4	0	intogen2024	native_reactome	ot_nolit__to__intogen2024	background
KIR2DS5	4	0	intogen2024	native_reactome	ot_nolit__to__intogen2024	background
FOXK1	4	0	intogen2024	native_reactome	ot_nolit__to__intogen2024	background
CLEC7A	4	0	intogen2024	native_reactome	ot_nolit__to__intogen2024	background
RHOF	4	0	intogen2024	native_reactome	ot_nolit__to__intogen2024	background
GTF2E1	4	0	intogen2024	native_reactome	ot_nolit__to__intogen2024	background
PTK2	4	0	intogen2024	native_reactome	ot_nolit__to__intogen2024	background
RAB11A	4	0	intogen2024	native_reactome	ot_nolit__to__intogen2024	background
GOLIM4	4	0	intogen2024	native_reactome	ot_nolit__to__intogen2024	background
MMP16	4	0	intogen2024	native_reactome	ot_nolit__to__intogen2024	background
PRKAA2	4	0	intogen2024	native_reactome	ot_nolit__to__intogen2024	background
SPRTN	4	0	intogen2024	native_reactome	ot_nolit__to__intogen2024	background
CNIH2	4	0	intogen2024	native_reactome	ot_nolit__to__intogen2024	background
IL23A	4	0	intogen2024	native_reactome	ot_nolit__to__intogen2024	background
OTUD7B	4	0	intogen2024	native_reactome	ot_nolit__to__intogen2024	background
RASGRP1	4	0	intogen2024	native_reactome	ot_nolit__to__intogen2024	background
EYA3	4	0	intogen2024	native_reactome	ot_nolit__to__intogen2024	background
MC3R	4	0	intogen2024	native_reactome	ot_nolit__to__intogen2024	background
CCDC8	4	0	intogen2024	native_reactome	ot_nolit__to__intogen2024	background
CTF1	4	0	intogen2024	native_reactome	ot_nolit__to__intogen2024	background
GLI3	4	0	intogen2024	native_reactome	ot_nolit__to__intogen2024	background
CASP2	4	0	intogen2024	native_reactome	ot_nolit__to__intogen2024	background
P2RY12	4	0	intogen2024	native_reactome	ot_nolit__to__intogen2024	background
GRIA2	4	0	intogen2024	native_reactome	ot_nolit__to__intogen2024	background
PIAS1	4	0	intogen2024	native_reactome	ot_nolit__to__intogen2024	background
PTPRU	4	0	intogen2024	native_reactome	ot_nolit__to__intogen2024	background
KIF14	4	0	intogen2024	native_reactome	ot_nolit__to__intogen2024	background
GYG2	4	0	intogen2024	native_reactome	ot_nolit__to__intogen2024	background
MASP2	4	0	intogen2024	native_reactome	ot_nolit__to__intogen2024	background
HJV	4	0	intogen2024	native_reactome	ot_nolit__to__intogen2024	background
TYROBP	4	0	intogen2024	native_reactome	ot_nolit__to__intogen2024	background
WNT11	4	0	intogen2024	native_reactome	ot_nolit__to__intogen2024	background
C3AR1	4	0	intogen2024	native_reactome	ot_nolit__to__intogen2024	background
GPIHBP1	4	0	intogen2024	native_reactome	ot_nolit__to__intogen2024	background
SPRY1	4	0	intogen2024	native_reactome	ot_nolit__to__intogen2024	background
CD55	4	0	intogen2024	native_reactome	ot_nolit__to__intogen2024	background
SENP2	4	0	intogen2024	native_reactome	ot_nolit__to__intogen2024	background
ZDHHC21	4	0	intogen2024	native_reactome	ot_nolit__to__intogen2024	background
MARCKS	4	0	intogen2024	native_reactome	ot_nolit__to__intogen2024	background
GABARAPL2	4	0	intogen2024	native_reactome	ot_nolit__to__intogen2024	background
RNF31	4	0	intogen2024	native_reactome	ot_nolit__to__intogen2024	background
SERPINA10	4	0	intogen2024	native_reactome	ot_nolit__to__intogen2024	background
BAZ2A	4	0	intogen2024	native_reactome	ot_nolit__to__intogen2024	background
BCAP31	4	0	intogen2024	native_reactome	ot_nolit__to__intogen2024	background
LIG4	4	0	intogen2024	native_reactome	ot_nolit__to__intogen2024	background
GAS6	4	0	intogen2024	native_reactome	ot_nolit__to__intogen2024	background
CD1A	4	0	intogen2024	native_reactome	ot_nolit__to__intogen2024	background
LTA	4	0	intogen2024	native_reactome	ot_nolit__to__intogen2024	background
KDM4C	4	0	intogen2024	native_reactome	ot_nolit__to__intogen2024	background
ACE	4	0	intogen2024	native_reactome	ot_nolit__to__intogen2024	background
HSPA5	4	0	intogen2024	native_reactome	ot_nolit__to__intogen2024	background
RGS17	4	0	intogen2024	native_reactome	ot_nolit__to__intogen2024	background
TREM1	4	0	intogen2024	native_reactome	ot_nolit__to__intogen2024	background
WDR77	4	0	intogen2024	native_reactome	ot_nolit__to__intogen2024	background
CLEC4D	4	0	intogen2024	native_reactome	ot_nolit__to__intogen2024	background
RUVBL1	4	0	intogen2024	native_reactome	ot_nolit__to__intogen2024	background
NRGN	4	0	intogen2024	native_reactome	ot_nolit__to__intogen2024	background
NCOA3	4	0	intogen2024	native_reactome	ot_nolit__to__intogen2024	background
DSN1	4	0	intogen2024	native_reactome	ot_nolit__to__intogen2024	background
KCNMB2	4	0	intogen2024	native_reactome	ot_nolit__to__intogen2024	background
TNIP2	4	0	intogen2024	native_reactome	ot_nolit__to__intogen2024	background
GSK3A	4	0	intogen2024	native_reactome	ot_nolit__to__intogen2024	background
FBXL7	4	0	intogen2024	native_reactome	ot_nolit__to__intogen2024	background
FDX1	4	0	intogen2024	native_reactome	ot_nolit__to__intogen2024	background
USP26	4	0	intogen2024	native_reactome	ot_nolit__to__intogen2024	background
MCM4	4	0	intogen2024	native_reactome	ot_nolit__to__intogen2024	background
TDG	4	0	intogen2024	native_reactome	ot_nolit__to__intogen2024	background
FBLN5	4	0	intogen2024	native_reactome	ot_nolit__to__intogen2024	background
KIR3DL2	4	0	intogen2024	native_reactome	ot_nolit__to__intogen2024	background
PACS1	4	0	intogen2024	native_reactome	ot_nolit__to__intogen2024	background
EYA2	4	0	intogen2024	native_reactome	ot_nolit__to__intogen2024	background
ATG12	4	0	intogen2024	native_reactome	ot_nolit__to__intogen2024	background
POMT2	4	0	intogen2024	native_reactome	ot_nolit__to__intogen2024	background
IGFBP2	4	0	intogen2024	native_reactome	ot_nolit__to__intogen2024	background
SGO1	4	0	intogen2024	native_reactome	ot_nolit__to__intogen2024	background
RAPGEF1	4	0	intogen2024	native_reactome	ot_nolit__to__intogen2024	background
TFEC	4	0	intogen2024	native_reactome	ot_nolit__to__intogen2024	background
HEY2	4	0	intogen2024	native_reactome	ot_nolit__to__intogen2024	background
TFB2M	4	0	intogen2024	native_reactome	ot_nolit__to__intogen2024	background
PTPN18	4	0	intogen2024	native_reactome	ot_nolit__to__intogen2024	background
NOX1	4	0	intogen2024	native_reactome	ot_nolit__to__intogen2024	background
SGCG	4	0	intogen2024	native_reactome	ot_nolit__to__intogen2024	background
DLGAP3	4	0	intogen2024	native_reactome	ot_nolit__to__intogen2024	background
FABP4	4	0	intogen2024	native_reactome	ot_nolit__to__intogen2024	background
IL32	4	0	intogen2024	native_reactome	ot_nolit__to__intogen2024	background
HGS	4	0	intogen2024	native_reactome	ot_nolit__to__intogen2024	background
MAP3K3	4	0	intogen2024	native_reactome	ot_nolit__to__intogen2024	background
SPTA1	4	0	intogen2024	native_reactome	ot_nolit__to__intogen2024	background
GABRG3	4	0	intogen2024	native_reactome	ot_nolit__to__intogen2024	background
NFYA	4	0	intogen2024	native_reactome	ot_nolit__to__intogen2024	background
PAPPA2	4	0	intogen2024	native_reactome	ot_nolit__to__intogen2024	background
IRF5	4	0	intogen2024	native_reactome	ot_nolit__to__intogen2024	background
EGLN2	4	0	intogen2024	native_reactome	ot_nolit__to__intogen2024	background
AMBRA1	4	0	intogen2024	native_reactome	ot_nolit__to__intogen2024	background
EOMES	4	0	intogen2024	native_reactome	ot_nolit__to__intogen2024	background
YAF2	4	0	intogen2024	native_reactome	ot_nolit__to__intogen2024	background
PKP1	4	0	intogen2024	native_reactome	ot_nolit__to__intogen2024	background
NPRL3	4	0	intogen2024	native_reactome	ot_nolit__to__intogen2024	background
CRIPTO	4	0	intogen2024	native_reactome	ot_nolit__to__intogen2024	background
MYL6	4	0	intogen2024	native_reactome	ot_nolit__to__intogen2024	background
UPF3B	4	0	intogen2024	native_reactome	ot_nolit__to__intogen2024	background
POFUT1	4	0	intogen2024	native_reactome	ot_nolit__to__intogen2024	background
SEMA7A	4	0	intogen2024	native_reactome	ot_nolit__to__intogen2024	background
DENND5A	4	0	intogen2024	native_reactome	ot_nolit__to__intogen2024	background
CDK1	4	0	intogen2024	native_reactome	ot_nolit__to__intogen2024	background
PIK3R3	4	0	intogen2024	native_reactome	ot_nolit__to__intogen2024	background
LUM	4	0	intogen2024	native_reactome	ot_nolit__to__intogen2024	background
MADD	4	0	intogen2024	native_reactome	ot_nolit__to__intogen2024	background
PPP1R10	4	0	intogen2024	native_reactome	ot_nolit__to__intogen2024	background
TAP2	4	0	intogen2024	native_reactome	ot_nolit__to__intogen2024	background
KNG1	4	0	intogen2024	native_reactome	ot_nolit__to__intogen2024	background
KL	4	0	intogen2024	native_reactome	ot_nolit__to__intogen2024	background
SERPINA1	4	0	intogen2024	native_reactome	ot_nolit__to__intogen2024	background
CD1D	4	0	intogen2024	native_reactome	ot_nolit__to__intogen2024	background
STX16	4	0	intogen2024	native_reactome	ot_nolit__to__intogen2024	background
AGER	4	0	intogen2024	native_reactome	ot_nolit__to__intogen2024	background
ADAM22	4	0	intogen2024	native_reactome	ot_nolit__to__intogen2024	background
GGA1	4	0	intogen2024	native_reactome	ot_nolit__to__intogen2024	background
MIXL1	4	0	intogen2024	native_reactome	ot_nolit__to__intogen2024	background
E2F6	4	0	intogen2024	native_reactome	ot_nolit__to__intogen2024	background
IPO8	4	0	intogen2024	native_reactome	ot_nolit__to__intogen2024	background
PLEC	4	0	intogen2024	native_reactome	ot_nolit__to__intogen2024	background
HCST	4	0	intogen2024	native_reactome	ot_nolit__to__intogen2024	background
COPRS	4	0	intogen2024	native_reactome	ot_nolit__to__intogen2024	background
SESN1	4	0	intogen2024	native_reactome	ot_nolit__to__intogen2024	background
SERPINB1	4	0	intogen2024	native_reactome	ot_nolit__to__intogen2024	background
SEC24C	4	0	intogen2024	native_reactome	ot_nolit__to__intogen2024	background
MYF5	4	0	intogen2024	native_reactome	ot_nolit__to__intogen2024	background
ABHD17C	4	0	intogen2024	native_reactome	ot_nolit__to__intogen2024	background
VPREB3	4	0	intogen2024	native_reactome	ot_nolit__to__intogen2024	background
LDLRAP1	4	0	intogen2024	native_reactome	ot_nolit__to__intogen2024	background
SIPA1L1	4	0	intogen2024	native_reactome	ot_nolit__to__intogen2024	background
CACNB4	4	0	intogen2024	native_reactome	ot_nolit__to__intogen2024	background
ITPKA	4	0	intogen2024	native_reactome	ot_nolit__to__intogen2024	background
CASTOR2	4	0	intogen2024	native_reactome	ot_nolit__to__intogen2024	background
UBE2V2	4	0	intogen2024	native_reactome	ot_nolit__to__intogen2024	background
TSPAN15	4	0	intogen2024	native_reactome	ot_nolit__to__intogen2024	background
