gene	fold	y	label_id	universe_id	transfer_id	role
DDR2	0	1	intogen_temporal_new	native_intact	ot_nolit__to__intogen_temporal_new	target
FMN2	0	1	intogen_temporal_new	native_intact	ot_nolit__to__intogen_temporal_new	target
TFRC	0	1	intogen_temporal_new	native_intact	ot_nolit__to__intogen_temporal_new	target
BTG2	0	1	intogen_temporal_new	native_intact	ot_nolit__to__intogen_temporal_new	target
GPAA1	0	1	intogen_temporal_new	native_intact	ot_nolit__to__intogen_temporal_new	target
TCF12	0	1	intogen_temporal_new	native_intact	ot_nolit__to__intogen_temporal_new	target
ACSM3	0	1	intogen_temporal_new	native_intact	ot_nolit__to__intogen_temporal_new	target
INPPL1	0	1	intogen_temporal_new	native_intact	ot_nolit__to__intogen_temporal_new	target
WNT1	0	1	intogen_temporal_new	native_intact	ot_nolit__to__intogen_temporal_new	target
AFF4	0	1	intogen_temporal_new	native_intact	ot_nolit__to__intogen_temporal_new	target
ROS1	0	1	intogen_temporal_new	native_intact	ot_nolit__to__intogen_temporal_new	target
GSK3B	0	1	intogen_temporal_new	native_intact	ot_nolit__to__intogen_temporal_new	target
ATP2B3	0	1	intogen_temporal_new	native_intact	ot_nolit__to__intogen_temporal_new	target
NCKIPSD	0	1	intogen_temporal_new	native_intact	ot_nolit__to__intogen_temporal_new	target
TCL1A	0	1	intogen_temporal_new	native_intact	ot_nolit__to__intogen_temporal_new	target
CTNNA2	0	1	intogen_temporal_new	native_intact	ot_nolit__to__intogen_temporal_new	target
GPC5	0	1	intogen_temporal_new	native_intact	ot_nolit__to__intogen_temporal_new	target
FUS	0	1	intogen_temporal_new	native_intact	ot_nolit__to__intogen_temporal_new	target
TMSB4X	0	1	intogen_temporal_new	native_intact	ot_nolit__to__intogen_temporal_new	target
AFDN	0	1	intogen_temporal_new	native_intact	ot_nolit__to__intogen_temporal_new	target
PER3	0	1	intogen_temporal_new	native_intact	ot_nolit__to__intogen_temporal_new	target
DSP	0	1	intogen_temporal_new	native_intact	ot_nolit__to__intogen_temporal_new	target
SAMHD1	0	1	intogen_temporal_new	native_intact	ot_nolit__to__intogen_temporal_new	target
TYW2	0	1	intogen_temporal_new	native_intact	ot_nolit__to__intogen_temporal_new	target
PTK6	0	1	intogen_temporal_new	native_intact	ot_nolit__to__intogen_temporal_new	target
ANKRD11	0	1	intogen_temporal_new	native_intact	ot_nolit__to__intogen_temporal_new	target
PI4KA	0	1	intogen_temporal_new	native_intact	ot_nolit__to__intogen_temporal_new	target
SDCBP	0	1	intogen_temporal_new	native_intact	ot_nolit__to__intogen_temporal_new	target
ROBO2	0	1	intogen_temporal_new	native_intact	ot_nolit__to__intogen_temporal_new	target
ZBTB48	0	1	intogen_temporal_new	native_intact	ot_nolit__to__intogen_temporal_new	target
TSHR	0	1	intogen_temporal_new	native_intact	ot_nolit__to__intogen_temporal_new	target
ITGAV	0	1	intogen_temporal_new	native_intact	ot_nolit__to__intogen_temporal_new	target
NVL	0	1	intogen_temporal_new	native_intact	ot_nolit__to__intogen_temporal_new	target
SMARCA2	0	1	intogen_temporal_new	native_intact	ot_nolit__to__intogen_temporal_new	target
KNSTRN	0	1	intogen_temporal_new	native_intact	ot_nolit__to__intogen_temporal_new	target
BMP6	0	1	intogen_temporal_new	native_intact	ot_nolit__to__intogen_temporal_new	target
PSPC1	0	1	intogen_temporal_new	native_intact	ot_nolit__to__intogen_temporal_new	target
CRLF2	0	1	intogen_temporal_new	native_intact	ot_nolit__to__intogen_temporal_new	target
LSM14A	0	1	intogen_temporal_new	native_intact	ot_nolit__to__intogen_temporal_new	target
PRKD1	0	1	intogen_temporal_new	native_intact	ot_nolit__to__intogen_temporal_new	target
CANT1	0	1	intogen_temporal_new	native_intact	ot_nolit__to__intogen_temporal_new	target
PLXNC1	0	1	intogen_temporal_new	native_intact	ot_nolit__to__intogen_temporal_new	target
HLA-DQA1	0	1	intogen_temporal_new	native_intact	ot_nolit__to__intogen_temporal_new	target
FBLN2	0	1	intogen_temporal_new	native_intact	ot_nolit__to__intogen_temporal_new	target
ACSL6	0	1	intogen_temporal_new	native_intact	ot_nolit__to__intogen_temporal_new	target
LPA	0	1	intogen_temporal_new	native_intact	ot_nolit__to__intogen_temporal_new	target
USP7	0	1	intogen_temporal_new	native_intact	ot_nolit__to__intogen_temporal_new	target
UBXN11	0	1	intogen_temporal_new	native_intact	ot_nolit__to__intogen_temporal_new	target
ARNT	0	1	intogen_temporal_new	native_intact	ot_nolit__to__intogen_temporal_new	target
ZNF274	0	1	intogen_temporal_new	native_intact	ot_nolit__to__intogen_temporal_new	target
PRDM16	0	1	intogen_temporal_new	native_intact	ot_nolit__to__intogen_temporal_new	target
ZNF395	0	1	intogen_temporal_new	native_intact	ot_nolit__to__intogen_temporal_new	target
KNL1	0	1	intogen_temporal_new	native_intact	ot_nolit__to__intogen_temporal_new	target
ZNF90	0	1	intogen_temporal_new	native_intact	ot_nolit__to__intogen_temporal_new	target
ALDH2	0	1	intogen_temporal_new	native_intact	ot_nolit__to__intogen_temporal_new	target
TAL2	0	1	intogen_temporal_new	native_intact	ot_nolit__to__intogen_temporal_new	target
CCAR1	0	1	intogen_temporal_new	native_intact	ot_nolit__to__intogen_temporal_new	target
TRAF7	0	1	intogen_temporal_new	native_intact	ot_nolit__to__intogen_temporal_new	target
RSPO2	0	1	intogen_temporal_new	native_intact	ot_nolit__to__intogen_temporal_new	target
ANK1	0	1	intogen_temporal_new	native_intact	ot_nolit__to__intogen_temporal_new	target
KMT5A	0	1	intogen_temporal_new	native_intact	ot_nolit__to__intogen_temporal_new	target
PWWP2A	0	1	intogen_temporal_new	native_intact	ot_nolit__to__intogen_temporal_new	target
SNX29	0	1	intogen_temporal_new	native_intact	ot_nolit__to__intogen_temporal_new	target
PTPN3	0	1	intogen_temporal_new	native_intact	ot_nolit__to__intogen_temporal_new	target
TMPRSS2	0	1	intogen_temporal_new	native_intact	ot_nolit__to__intogen_temporal_new	target
CEP89	0	1	intogen_temporal_new	native_intact	ot_nolit__to__intogen_temporal_new	target
HIF1A	0	1	intogen_temporal_new	native_intact	ot_nolit__to__intogen_temporal_new	target
MPL	0	1	intogen_temporal_new	native_intact	ot_nolit__to__intogen_temporal_new	target
ATP1A1	0	1	intogen_temporal_new	native_intact	ot_nolit__to__intogen_temporal_new	target
TPR	0	1	intogen_temporal_new	native_intact	ot_nolit__to__intogen_temporal_new	target
FCRL4	0	1	intogen_temporal_new	native_intact	ot_nolit__to__intogen_temporal_new	target
COL2A1	0	1	intogen_temporal_new	native_intact	ot_nolit__to__intogen_temporal_new	target
NSD3	0	1	intogen_temporal_new	native_intact	ot_nolit__to__intogen_temporal_new	target
RRN3	0	1	intogen_temporal_new	native_intact	ot_nolit__to__intogen_temporal_new	target
ETV1	0	1	intogen_temporal_new	native_intact	ot_nolit__to__intogen_temporal_new	target
ADAMTS9	0	1	intogen_temporal_new	native_intact	ot_nolit__to__intogen_temporal_new	target
MDGA2	0	1	intogen_temporal_new	native_intact	ot_nolit__to__intogen_temporal_new	target
ZCCHC8	0	1	intogen_temporal_new	native_intact	ot_nolit__to__intogen_temporal_new	target
THRAP3	0	1	intogen_temporal_new	native_intact	ot_nolit__to__intogen_temporal_new	target
HLA-C	0	1	intogen_temporal_new	native_intact	ot_nolit__to__intogen_temporal_new	target
MLLT6	0	1	intogen_temporal_new	native_intact	ot_nolit__to__intogen_temporal_new	target
CHRDL1	0	1	intogen_temporal_new	native_intact	ot_nolit__to__intogen_temporal_new	target
NACA	0	1	intogen_temporal_new	native_intact	ot_nolit__to__intogen_temporal_new	target
PCM1	0	1	intogen_temporal_new	native_intact	ot_nolit__to__intogen_temporal_new	target
RPL5	0	1	intogen_temporal_new	native_intact	ot_nolit__to__intogen_temporal_new	target
LEF1	0	1	intogen_temporal_new	native_intact	ot_nolit__to__intogen_temporal_new	target
NCAPH	0	1	intogen_temporal_new	native_intact	ot_nolit__to__intogen_temporal_new	target
REST	0	1	intogen_temporal_new	native_intact	ot_nolit__to__intogen_temporal_new	target
TAL1	0	1	intogen_temporal_new	native_intact	ot_nolit__to__intogen_temporal_new	target
MYEOV	0	1	intogen_temporal_new	native_intact	ot_nolit__to__intogen_temporal_new	target
WWTR1	0	1	intogen_temporal_new	native_intact	ot_nolit__to__intogen_temporal_new	target
CTNND2	0	1	intogen_temporal_new	native_intact	ot_nolit__to__intogen_temporal_new	target
FNDC3B	0	1	intogen_temporal_new	native_intact	ot_nolit__to__intogen_temporal_new	target
CADM2	0	1	intogen_temporal_new	native_intact	ot_nolit__to__intogen_temporal_new	target
NUTM1	0	1	intogen_temporal_new	native_intact	ot_nolit__to__intogen_temporal_new	target
CSPG4	0	1	intogen_temporal_new	native_intact	ot_nolit__to__intogen_temporal_new	target
EIF4A2	0	1	intogen_temporal_new	native_intact	ot_nolit__to__intogen_temporal_new	target
COL6A3	0	1	intogen_temporal_new	native_intact	ot_nolit__to__intogen_temporal_new	target
KAT7	0	1	intogen_temporal_new	native_intact	ot_nolit__to__intogen_temporal_new	target
PDZD2	0	1	intogen_temporal_new	native_intact	ot_nolit__to__intogen_temporal_new	target
ZMYM3	0	1	intogen_temporal_new	native_intact	ot_nolit__to__intogen_temporal_new	target
PICALM	0	1	intogen_temporal_new	native_intact	ot_nolit__to__intogen_temporal_new	target
CD209	0	1	intogen_temporal_new	native_intact	ot_nolit__to__intogen_temporal_new	target
MED23	0	1	intogen_temporal_new	native_intact	ot_nolit__to__intogen_temporal_new	target
MIB2	0	1	intogen_temporal_new	native_intact	ot_nolit__to__intogen_temporal_new	target
FCGR2B	0	1	intogen_temporal_new	native_intact	ot_nolit__to__intogen_temporal_new	target
CBLB	0	1	intogen_temporal_new	native_intact	ot_nolit__to__intogen_temporal_new	target
CCNT1	0	1	intogen_temporal_new	native_intact	ot_nolit__to__intogen_temporal_new	target
ACVR1B	0	1	intogen_temporal_new	native_intact	ot_nolit__to__intogen_temporal_new	target
MACC1	0	1	intogen_temporal_new	native_intact	ot_nolit__to__intogen_temporal_new	target
HCAR3	0	1	intogen_temporal_new	native_intact	ot_nolit__to__intogen_temporal_new	target
ZNF331	0	1	intogen_temporal_new	native_intact	ot_nolit__to__intogen_temporal_new	target
MCM7	0	1	intogen_temporal_new	native_intact	ot_nolit__to__intogen_temporal_new	target
TAF1L	0	1	intogen_temporal_new	native_intact	ot_nolit__to__intogen_temporal_new	target
FGD1	0	1	intogen_temporal_new	native_intact	ot_nolit__to__intogen_temporal_new	target
SLC34A2	0	1	intogen_temporal_new	native_intact	ot_nolit__to__intogen_temporal_new	target
CHD7	0	1	intogen_temporal_new	native_intact	ot_nolit__to__intogen_temporal_new	target
NUP98	0	1	intogen_temporal_new	native_intact	ot_nolit__to__intogen_temporal_new	target
ABCC4	0	1	intogen_temporal_new	native_intact	ot_nolit__to__intogen_temporal_new	target
PRUNE2	0	1	intogen_temporal_new	native_intact	ot_nolit__to__intogen_temporal_new	target
BAZ1A	0	1	intogen_temporal_new	native_intact	ot_nolit__to__intogen_temporal_new	target
SHTN1	0	1	intogen_temporal_new	native_intact	ot_nolit__to__intogen_temporal_new	target
GRM3	0	1	intogen_temporal_new	native_intact	ot_nolit__to__intogen_temporal_new	target
CSMD3	0	1	intogen_temporal_new	native_intact	ot_nolit__to__intogen_temporal_new	target
ELK4	0	1	intogen_temporal_new	native_intact	ot_nolit__to__intogen_temporal_new	target
ZNF750	0	1	intogen_temporal_new	native_intact	ot_nolit__to__intogen_temporal_new	target
PAX5	0	1	intogen_temporal_new	native_intact	ot_nolit__to__intogen_temporal_new	target
COL6A6	0	1	intogen_temporal_new	native_intact	ot_nolit__to__intogen_temporal_new	target
N4BP2	0	1	intogen_temporal_new	native_intact	ot_nolit__to__intogen_temporal_new	target
NTRK2	0	1	intogen_temporal_new	native_intact	ot_nolit__to__intogen_temporal_new	target
KLF6	0	1	intogen_temporal_new	native_intact	ot_nolit__to__intogen_temporal_new	target
ALPK1	0	1	intogen_temporal_new	native_intact	ot_nolit__to__intogen_temporal_new	target
ICAM5	0	0	intogen_temporal_new	native_intact	ot_nolit__to__intogen_temporal_new	background
SEC22C	0	0	intogen_temporal_new	native_intact	ot_nolit__to__intogen_temporal_new	background
KCNJ11	0	0	intogen_temporal_new	native_intact	ot_nolit__to__intogen_temporal_new	background
PRRX1	0	0	intogen_temporal_new	native_intact	ot_nolit__to__intogen_temporal_new	background
LIG3	0	0	intogen_temporal_new	native_intact	ot_nolit__to__intogen_temporal_new	background
MCOLN3	0	0	intogen_temporal_new	native_intact	ot_nolit__to__intogen_temporal_new	background
NODAL	0	0	intogen_temporal_new	native_intact	ot_nolit__to__intogen_temporal_new	background
RBMS1	0	0	intogen_temporal_new	native_intact	ot_nolit__to__intogen_temporal_new	background
AZIN1	0	0	intogen_temporal_new	native_intact	ot_nolit__to__intogen_temporal_new	background
DCAF13	0	0	intogen_temporal_new	native_intact	ot_nolit__to__intogen_temporal_new	background
UPK1B	0	0	intogen_temporal_new	native_intact	ot_nolit__to__intogen_temporal_new	background
SUSD5	0	0	intogen_temporal_new	native_intact	ot_nolit__to__intogen_temporal_new	background
HPN	0	0	intogen_temporal_new	native_intact	ot_nolit__to__intogen_temporal_new	background
ANPEP	0	0	intogen_temporal_new	native_intact	ot_nolit__to__intogen_temporal_new	background
SRPX	0	0	intogen_temporal_new	native_intact	ot_nolit__to__intogen_temporal_new	background
ENTR1	0	0	intogen_temporal_new	native_intact	ot_nolit__to__intogen_temporal_new	background
ADAMTS18	0	0	intogen_temporal_new	native_intact	ot_nolit__to__intogen_temporal_new	background
TSPYL4	0	0	intogen_temporal_new	native_intact	ot_nolit__to__intogen_temporal_new	background
CHRNA10	0	0	intogen_temporal_new	native_intact	ot_nolit__to__intogen_temporal_new	background
BRAP	0	0	intogen_temporal_new	native_intact	ot_nolit__to__intogen_temporal_new	background
RIC1	0	0	intogen_temporal_new	native_intact	ot_nolit__to__intogen_temporal_new	background
EXOSC8	0	0	intogen_temporal_new	native_intact	ot_nolit__to__intogen_temporal_new	background
ARL17A	0	0	intogen_temporal_new	native_intact	ot_nolit__to__intogen_temporal_new	background
LST1	0	0	intogen_temporal_new	native_intact	ot_nolit__to__intogen_temporal_new	background
SEC63	0	0	intogen_temporal_new	native_intact	ot_nolit__to__intogen_temporal_new	background
PRR11	0	0	intogen_temporal_new	native_intact	ot_nolit__to__intogen_temporal_new	background
NYAP2	0	0	intogen_temporal_new	native_intact	ot_nolit__to__intogen_temporal_new	background
TNPO3	0	0	intogen_temporal_new	native_intact	ot_nolit__to__intogen_temporal_new	background
GAGE12I	0	0	intogen_temporal_new	native_intact	ot_nolit__to__intogen_temporal_new	background
GGT5	0	0	intogen_temporal_new	native_intact	ot_nolit__to__intogen_temporal_new	background
TELO2	0	0	intogen_temporal_new	native_intact	ot_nolit__to__intogen_temporal_new	background
HSPA9	0	0	intogen_temporal_new	native_intact	ot_nolit__to__intogen_temporal_new	background
TAB2	0	0	intogen_temporal_new	native_intact	ot_nolit__to__intogen_temporal_new	background
GALM	0	0	intogen_temporal_new	native_intact	ot_nolit__to__intogen_temporal_new	background
CIDEA	0	0	intogen_temporal_new	native_intact	ot_nolit__to__intogen_temporal_new	background
TMEM234	0	0	intogen_temporal_new	native_intact	ot_nolit__to__intogen_temporal_new	background
KRT26	0	0	intogen_temporal_new	native_intact	ot_nolit__to__intogen_temporal_new	background
RPS10	0	0	intogen_temporal_new	native_intact	ot_nolit__to__intogen_temporal_new	background
PRDX2	0	0	intogen_temporal_new	native_intact	ot_nolit__to__intogen_temporal_new	background
MAP1LC3C	0	0	intogen_temporal_new	native_intact	ot_nolit__to__intogen_temporal_new	background
FRMD8	0	0	intogen_temporal_new	native_intact	ot_nolit__to__intogen_temporal_new	background
RAD1	0	0	intogen_temporal_new	native_intact	ot_nolit__to__intogen_temporal_new	background
SUSD4	0	0	intogen_temporal_new	native_intact	ot_nolit__to__intogen_temporal_new	background
ADAMTS8	0	0	intogen_temporal_new	native_intact	ot_nolit__to__intogen_temporal_new	background
RNF31	0	0	intogen_temporal_new	native_intact	ot_nolit__to__intogen_temporal_new	background
VTI1B	0	0	intogen_temporal_new	native_intact	ot_nolit__to__intogen_temporal_new	background
CPAMD8	0	0	intogen_temporal_new	native_intact	ot_nolit__to__intogen_temporal_new	background
RNF130	0	0	intogen_temporal_new	native_intact	ot_nolit__to__intogen_temporal_new	background
SCARF2	0	0	intogen_temporal_new	native_intact	ot_nolit__to__intogen_temporal_new	background
TBL1XR1	0	0	intogen_temporal_new	native_intact	ot_nolit__to__intogen_temporal_new	background
DHX33	0	0	intogen_temporal_new	native_intact	ot_nolit__to__intogen_temporal_new	background
PTPRE	0	0	intogen_temporal_new	native_intact	ot_nolit__to__intogen_temporal_new	background
RTKN2	0	0	intogen_temporal_new	native_intact	ot_nolit__to__intogen_temporal_new	background
PARVG	0	0	intogen_temporal_new	native_intact	ot_nolit__to__intogen_temporal_new	background
RPL27	0	0	intogen_temporal_new	native_intact	ot_nolit__to__intogen_temporal_new	background
HBG1	0	0	intogen_temporal_new	native_intact	ot_nolit__to__intogen_temporal_new	background
SLC22A4	0	0	intogen_temporal_new	native_intact	ot_nolit__to__intogen_temporal_new	background
RNF150	0	0	intogen_temporal_new	native_intact	ot_nolit__to__intogen_temporal_new	background
HERPUD2	0	0	intogen_temporal_new	native_intact	ot_nolit__to__intogen_temporal_new	background
TIMM10	0	0	intogen_temporal_new	native_intact	ot_nolit__to__intogen_temporal_new	background
DDX19A	0	0	intogen_temporal_new	native_intact	ot_nolit__to__intogen_temporal_new	background
RAB11FIP4	0	0	intogen_temporal_new	native_intact	ot_nolit__to__intogen_temporal_new	background
DRD3	0	0	intogen_temporal_new	native_intact	ot_nolit__to__intogen_temporal_new	background
MYB	0	0	intogen_temporal_new	native_intact	ot_nolit__to__intogen_temporal_new	background
ZFYVE21	0	0	intogen_temporal_new	native_intact	ot_nolit__to__intogen_temporal_new	background
NFAT5	0	0	intogen_temporal_new	native_intact	ot_nolit__to__intogen_temporal_new	background
ITGB7	0	0	intogen_temporal_new	native_intact	ot_nolit__to__intogen_temporal_new	background
COL9A1	0	0	intogen_temporal_new	native_intact	ot_nolit__to__intogen_temporal_new	background
CNDP1	0	0	intogen_temporal_new	native_intact	ot_nolit__to__intogen_temporal_new	background
HNRNPH3	0	0	intogen_temporal_new	native_intact	ot_nolit__to__intogen_temporal_new	background
ORMDL3	0	0	intogen_temporal_new	native_intact	ot_nolit__to__intogen_temporal_new	background
TASL	0	0	intogen_temporal_new	native_intact	ot_nolit__to__intogen_temporal_new	background
CCDC140	0	0	intogen_temporal_new	native_intact	ot_nolit__to__intogen_temporal_new	background
CHSY3	0	0	intogen_temporal_new	native_intact	ot_nolit__to__intogen_temporal_new	background
VSIG2	0	0	intogen_temporal_new	native_intact	ot_nolit__to__intogen_temporal_new	background
C2orf42	0	0	intogen_temporal_new	native_intact	ot_nolit__to__intogen_temporal_new	background
INO80	0	0	intogen_temporal_new	native_intact	ot_nolit__to__intogen_temporal_new	background
TRPC3	0	0	intogen_temporal_new	native_intact	ot_nolit__to__intogen_temporal_new	background
CENPE	0	0	intogen_temporal_new	native_intact	ot_nolit__to__intogen_temporal_new	background
ADAM33	0	0	intogen_temporal_new	native_intact	ot_nolit__to__intogen_temporal_new	background
SLC35C1	0	0	intogen_temporal_new	native_intact	ot_nolit__to__intogen_temporal_new	background
PCOLCE	0	0	intogen_temporal_new	native_intact	ot_nolit__to__intogen_temporal_new	background
FOXI2	0	0	intogen_temporal_new	native_intact	ot_nolit__to__intogen_temporal_new	background
PODN	0	0	intogen_temporal_new	native_intact	ot_nolit__to__intogen_temporal_new	background
PLOD3	0	0	intogen_temporal_new	native_intact	ot_nolit__to__intogen_temporal_new	background
PERP	0	0	intogen_temporal_new	native_intact	ot_nolit__to__intogen_temporal_new	background
PPIL3	0	0	intogen_temporal_new	native_intact	ot_nolit__to__intogen_temporal_new	background
ARGLU1	0	0	intogen_temporal_new	native_intact	ot_nolit__to__intogen_temporal_new	background
POM121L1P	0	0	intogen_temporal_new	native_intact	ot_nolit__to__intogen_temporal_new	background
MOGS	0	0	intogen_temporal_new	native_intact	ot_nolit__to__intogen_temporal_new	background
SLC7A13	0	0	intogen_temporal_new	native_intact	ot_nolit__to__intogen_temporal_new	background
RNASEL	0	0	intogen_temporal_new	native_intact	ot_nolit__to__intogen_temporal_new	background
BLNK	0	0	intogen_temporal_new	native_intact	ot_nolit__to__intogen_temporal_new	background
CCDC85A	0	0	intogen_temporal_new	native_intact	ot_nolit__to__intogen_temporal_new	background
TOB2	0	0	intogen_temporal_new	native_intact	ot_nolit__to__intogen_temporal_new	background
NPFFR1	0	0	intogen_temporal_new	native_intact	ot_nolit__to__intogen_temporal_new	background
ARID4A	0	0	intogen_temporal_new	native_intact	ot_nolit__to__intogen_temporal_new	background
FRMD4B	0	0	intogen_temporal_new	native_intact	ot_nolit__to__intogen_temporal_new	background
RPL37A	0	0	intogen_temporal_new	native_intact	ot_nolit__to__intogen_temporal_new	background
ADAM30	0	0	intogen_temporal_new	native_intact	ot_nolit__to__intogen_temporal_new	background
GCKR	0	0	intogen_temporal_new	native_intact	ot_nolit__to__intogen_temporal_new	background
TMC5	0	0	intogen_temporal_new	native_intact	ot_nolit__to__intogen_temporal_new	background
CHRM4	0	0	intogen_temporal_new	native_intact	ot_nolit__to__intogen_temporal_new	background
H2AB1	0	0	intogen_temporal_new	native_intact	ot_nolit__to__intogen_temporal_new	background
SLC26A4	0	0	intogen_temporal_new	native_intact	ot_nolit__to__intogen_temporal_new	background
SHH	0	0	intogen_temporal_new	native_intact	ot_nolit__to__intogen_temporal_new	background
SVIL	0	0	intogen_temporal_new	native_intact	ot_nolit__to__intogen_temporal_new	background
CSF2	0	0	intogen_temporal_new	native_intact	ot_nolit__to__intogen_temporal_new	background
CLPSL1	0	0	intogen_temporal_new	native_intact	ot_nolit__to__intogen_temporal_new	background
SRY	0	0	intogen_temporal_new	native_intact	ot_nolit__to__intogen_temporal_new	background
DENND4B	0	0	intogen_temporal_new	native_intact	ot_nolit__to__intogen_temporal_new	background
POU2F3	0	0	intogen_temporal_new	native_intact	ot_nolit__to__intogen_temporal_new	background
RASSF10	0	0	intogen_temporal_new	native_intact	ot_nolit__to__intogen_temporal_new	background
RASAL3	0	0	intogen_temporal_new	native_intact	ot_nolit__to__intogen_temporal_new	background
LAT2	0	0	intogen_temporal_new	native_intact	ot_nolit__to__intogen_temporal_new	background
AAMDC	0	0	intogen_temporal_new	native_intact	ot_nolit__to__intogen_temporal_new	background
NAAA	0	0	intogen_temporal_new	native_intact	ot_nolit__to__intogen_temporal_new	background
PPIC	0	0	intogen_temporal_new	native_intact	ot_nolit__to__intogen_temporal_new	background
GALNT3	0	0	intogen_temporal_new	native_intact	ot_nolit__to__intogen_temporal_new	background
MRPS23	0	0	intogen_temporal_new	native_intact	ot_nolit__to__intogen_temporal_new	background
ATP6V0E1	0	0	intogen_temporal_new	native_intact	ot_nolit__to__intogen_temporal_new	background
SULF1	0	0	intogen_temporal_new	native_intact	ot_nolit__to__intogen_temporal_new	background
GTF2A1L	0	0	intogen_temporal_new	native_intact	ot_nolit__to__intogen_temporal_new	background
MGAT4D	0	0	intogen_temporal_new	native_intact	ot_nolit__to__intogen_temporal_new	background
ZNF140	0	0	intogen_temporal_new	native_intact	ot_nolit__to__intogen_temporal_new	background
FRMPD3	0	0	intogen_temporal_new	native_intact	ot_nolit__to__intogen_temporal_new	background
TMEM182	0	0	intogen_temporal_new	native_intact	ot_nolit__to__intogen_temporal_new	background
NR5A2	0	0	intogen_temporal_new	native_intact	ot_nolit__to__intogen_temporal_new	background
CD79A	0	0	intogen_temporal_new	native_intact	ot_nolit__to__intogen_temporal_new	background
LCE5A	0	0	intogen_temporal_new	native_intact	ot_nolit__to__intogen_temporal_new	background
FUT4	0	0	intogen_temporal_new	native_intact	ot_nolit__to__intogen_temporal_new	background
TRIML2	0	0	intogen_temporal_new	native_intact	ot_nolit__to__intogen_temporal_new	background
F7	0	0	intogen_temporal_new	native_intact	ot_nolit__to__intogen_temporal_new	background
FMNL3	0	0	intogen_temporal_new	native_intact	ot_nolit__to__intogen_temporal_new	background
ICE2	0	0	intogen_temporal_new	native_intact	ot_nolit__to__intogen_temporal_new	background
NCAPG2	0	0	intogen_temporal_new	native_intact	ot_nolit__to__intogen_temporal_new	background
LYST	0	0	intogen_temporal_new	native_intact	ot_nolit__to__intogen_temporal_new	background
GGACT	0	0	intogen_temporal_new	native_intact	ot_nolit__to__intogen_temporal_new	background
CCDC149	0	0	intogen_temporal_new	native_intact	ot_nolit__to__intogen_temporal_new	background
FAM219B	0	0	intogen_temporal_new	native_intact	ot_nolit__to__intogen_temporal_new	background
ZNF121	0	0	intogen_temporal_new	native_intact	ot_nolit__to__intogen_temporal_new	background
SACK1H	0	0	intogen_temporal_new	native_intact	ot_nolit__to__intogen_temporal_new	background
NISCH	0	0	intogen_temporal_new	native_intact	ot_nolit__to__intogen_temporal_new	background
HIPK3	0	0	intogen_temporal_new	native_intact	ot_nolit__to__intogen_temporal_new	background
PLD3	0	0	intogen_temporal_new	native_intact	ot_nolit__to__intogen_temporal_new	background
VANGL2	0	0	intogen_temporal_new	native_intact	ot_nolit__to__intogen_temporal_new	background
TM4SF4	0	0	intogen_temporal_new	native_intact	ot_nolit__to__intogen_temporal_new	background
ZNF490	0	0	intogen_temporal_new	native_intact	ot_nolit__to__intogen_temporal_new	background
KCNAB1	0	0	intogen_temporal_new	native_intact	ot_nolit__to__intogen_temporal_new	background
SHOX2	0	0	intogen_temporal_new	native_intact	ot_nolit__to__intogen_temporal_new	background
MNX1	0	0	intogen_temporal_new	native_intact	ot_nolit__to__intogen_temporal_new	background
RCAN3	0	0	intogen_temporal_new	native_intact	ot_nolit__to__intogen_temporal_new	background
ACOT7	0	0	intogen_temporal_new	native_intact	ot_nolit__to__intogen_temporal_new	background
SDHAF1	0	0	intogen_temporal_new	native_intact	ot_nolit__to__intogen_temporal_new	background
GEMIN4	0	0	intogen_temporal_new	native_intact	ot_nolit__to__intogen_temporal_new	background
TPD52L2	0	0	intogen_temporal_new	native_intact	ot_nolit__to__intogen_temporal_new	background
CIITA	0	0	intogen_temporal_new	native_intact	ot_nolit__to__intogen_temporal_new	background
CC2D2A	0	0	intogen_temporal_new	native_intact	ot_nolit__to__intogen_temporal_new	background
NLRC3	0	0	intogen_temporal_new	native_intact	ot_nolit__to__intogen_temporal_new	background
FASLG	0	0	intogen_temporal_new	native_intact	ot_nolit__to__intogen_temporal_new	background
PTPRT	0	0	intogen_temporal_new	native_intact	ot_nolit__to__intogen_temporal_new	background
SLC35B1	0	0	intogen_temporal_new	native_intact	ot_nolit__to__intogen_temporal_new	background
MICU2	0	0	intogen_temporal_new	native_intact	ot_nolit__to__intogen_temporal_new	background
FCGR3B	0	0	intogen_temporal_new	native_intact	ot_nolit__to__intogen_temporal_new	background
HDX	0	0	intogen_temporal_new	native_intact	ot_nolit__to__intogen_temporal_new	background
SEMA3F	0	0	intogen_temporal_new	native_intact	ot_nolit__to__intogen_temporal_new	background
TRAPPC14	0	0	intogen_temporal_new	native_intact	ot_nolit__to__intogen_temporal_new	background
CDK9	0	0	intogen_temporal_new	native_intact	ot_nolit__to__intogen_temporal_new	background
BTD	0	0	intogen_temporal_new	native_intact	ot_nolit__to__intogen_temporal_new	background
NR2F1	0	0	intogen_temporal_new	native_intact	ot_nolit__to__intogen_temporal_new	background
TKTL1	0	0	intogen_temporal_new	native_intact	ot_nolit__to__intogen_temporal_new	background
FNDC11	0	0	intogen_temporal_new	native_intact	ot_nolit__to__intogen_temporal_new	background
NUDT4	0	0	intogen_temporal_new	native_intact	ot_nolit__to__intogen_temporal_new	background
CENPH	0	0	intogen_temporal_new	native_intact	ot_nolit__to__intogen_temporal_new	background
TBC1D21	0	0	intogen_temporal_new	native_intact	ot_nolit__to__intogen_temporal_new	background
DIPK1B	0	0	intogen_temporal_new	native_intact	ot_nolit__to__intogen_temporal_new	background
REV3L	0	0	intogen_temporal_new	native_intact	ot_nolit__to__intogen_temporal_new	background
COL15A1	0	0	intogen_temporal_new	native_intact	ot_nolit__to__intogen_temporal_new	background
TSG101	0	0	intogen_temporal_new	native_intact	ot_nolit__to__intogen_temporal_new	background
PPM1H	0	0	intogen_temporal_new	native_intact	ot_nolit__to__intogen_temporal_new	background
BABAM2	0	0	intogen_temporal_new	native_intact	ot_nolit__to__intogen_temporal_new	background
ATAD3C	0	0	intogen_temporal_new	native_intact	ot_nolit__to__intogen_temporal_new	background
GPR179	0	0	intogen_temporal_new	native_intact	ot_nolit__to__intogen_temporal_new	background
TMEM167B	0	0	intogen_temporal_new	native_intact	ot_nolit__to__intogen_temporal_new	background
SMPDL3A	0	0	intogen_temporal_new	native_intact	ot_nolit__to__intogen_temporal_new	background
CCNK	0	0	intogen_temporal_new	native_intact	ot_nolit__to__intogen_temporal_new	background
BBIP1	0	0	intogen_temporal_new	native_intact	ot_nolit__to__intogen_temporal_new	background
MYG1	0	0	intogen_temporal_new	native_intact	ot_nolit__to__intogen_temporal_new	background
LTN1	0	0	intogen_temporal_new	native_intact	ot_nolit__to__intogen_temporal_new	background
MMP15	0	0	intogen_temporal_new	native_intact	ot_nolit__to__intogen_temporal_new	background
GIPC1	0	0	intogen_temporal_new	native_intact	ot_nolit__to__intogen_temporal_new	background
SMNDC1	0	0	intogen_temporal_new	native_intact	ot_nolit__to__intogen_temporal_new	background
CLIC1	0	0	intogen_temporal_new	native_intact	ot_nolit__to__intogen_temporal_new	background
ZFY	0	0	intogen_temporal_new	native_intact	ot_nolit__to__intogen_temporal_new	background
RAB12	0	0	intogen_temporal_new	native_intact	ot_nolit__to__intogen_temporal_new	background
BOP1	0	0	intogen_temporal_new	native_intact	ot_nolit__to__intogen_temporal_new	background
ABI3BP	0	0	intogen_temporal_new	native_intact	ot_nolit__to__intogen_temporal_new	background
CASTOR3P	0	0	intogen_temporal_new	native_intact	ot_nolit__to__intogen_temporal_new	background
DTD1	0	0	intogen_temporal_new	native_intact	ot_nolit__to__intogen_temporal_new	background
EFNA3	0	0	intogen_temporal_new	native_intact	ot_nolit__to__intogen_temporal_new	background
DDR2	1	1	intogen_temporal_new	native_intact	ot_nolit__to__intogen_temporal_new	target
FMN2	1	1	intogen_temporal_new	native_intact	ot_nolit__to__intogen_temporal_new	target
TFRC	1	1	intogen_temporal_new	native_intact	ot_nolit__to__intogen_temporal_new	target
BTG2	1	1	intogen_temporal_new	native_intact	ot_nolit__to__intogen_temporal_new	target
GPAA1	1	1	intogen_temporal_new	native_intact	ot_nolit__to__intogen_temporal_new	target
TCF12	1	1	intogen_temporal_new	native_intact	ot_nolit__to__intogen_temporal_new	target
ACSM3	1	1	intogen_temporal_new	native_intact	ot_nolit__to__intogen_temporal_new	target
INPPL1	1	1	intogen_temporal_new	native_intact	ot_nolit__to__intogen_temporal_new	target
WNT1	1	1	intogen_temporal_new	native_intact	ot_nolit__to__intogen_temporal_new	target
AFF4	1	1	intogen_temporal_new	native_intact	ot_nolit__to__intogen_temporal_new	target
ROS1	1	1	intogen_temporal_new	native_intact	ot_nolit__to__intogen_temporal_new	target
GSK3B	1	1	intogen_temporal_new	native_intact	ot_nolit__to__intogen_temporal_new	target
ATP2B3	1	1	intogen_temporal_new	native_intact	ot_nolit__to__intogen_temporal_new	target
NCKIPSD	1	1	intogen_temporal_new	native_intact	ot_nolit__to__intogen_temporal_new	target
TCL1A	1	1	intogen_temporal_new	native_intact	ot_nolit__to__intogen_temporal_new	target
CTNNA2	1	1	intogen_temporal_new	native_intact	ot_nolit__to__intogen_temporal_new	target
GPC5	1	1	intogen_temporal_new	native_intact	ot_nolit__to__intogen_temporal_new	target
FUS	1	1	intogen_temporal_new	native_intact	ot_nolit__to__intogen_temporal_new	target
TMSB4X	1	1	intogen_temporal_new	native_intact	ot_nolit__to__intogen_temporal_new	target
AFDN	1	1	intogen_temporal_new	native_intact	ot_nolit__to__intogen_temporal_new	target
PER3	1	1	intogen_temporal_new	native_intact	ot_nolit__to__intogen_temporal_new	target
DSP	1	1	intogen_temporal_new	native_intact	ot_nolit__to__intogen_temporal_new	target
SAMHD1	1	1	intogen_temporal_new	native_intact	ot_nolit__to__intogen_temporal_new	target
TYW2	1	1	intogen_temporal_new	native_intact	ot_nolit__to__intogen_temporal_new	target
PTK6	1	1	intogen_temporal_new	native_intact	ot_nolit__to__intogen_temporal_new	target
ANKRD11	1	1	intogen_temporal_new	native_intact	ot_nolit__to__intogen_temporal_new	target
PI4KA	1	1	intogen_temporal_new	native_intact	ot_nolit__to__intogen_temporal_new	target
SDCBP	1	1	intogen_temporal_new	native_intact	ot_nolit__to__intogen_temporal_new	target
ROBO2	1	1	intogen_temporal_new	native_intact	ot_nolit__to__intogen_temporal_new	target
ZBTB48	1	1	intogen_temporal_new	native_intact	ot_nolit__to__intogen_temporal_new	target
TSHR	1	1	intogen_temporal_new	native_intact	ot_nolit__to__intogen_temporal_new	target
ITGAV	1	1	intogen_temporal_new	native_intact	ot_nolit__to__intogen_temporal_new	target
NVL	1	1	intogen_temporal_new	native_intact	ot_nolit__to__intogen_temporal_new	target
SMARCA2	1	1	intogen_temporal_new	native_intact	ot_nolit__to__intogen_temporal_new	target
KNSTRN	1	1	intogen_temporal_new	native_intact	ot_nolit__to__intogen_temporal_new	target
BMP6	1	1	intogen_temporal_new	native_intact	ot_nolit__to__intogen_temporal_new	target
PSPC1	1	1	intogen_temporal_new	native_intact	ot_nolit__to__intogen_temporal_new	target
CRLF2	1	1	intogen_temporal_new	native_intact	ot_nolit__to__intogen_temporal_new	target
LSM14A	1	1	intogen_temporal_new	native_intact	ot_nolit__to__intogen_temporal_new	target
PRKD1	1	1	intogen_temporal_new	native_intact	ot_nolit__to__intogen_temporal_new	target
CANT1	1	1	intogen_temporal_new	native_intact	ot_nolit__to__intogen_temporal_new	target
PLXNC1	1	1	intogen_temporal_new	native_intact	ot_nolit__to__intogen_temporal_new	target
HLA-DQA1	1	1	intogen_temporal_new	native_intact	ot_nolit__to__intogen_temporal_new	target
FBLN2	1	1	intogen_temporal_new	native_intact	ot_nolit__to__intogen_temporal_new	target
ACSL6	1	1	intogen_temporal_new	native_intact	ot_nolit__to__intogen_temporal_new	target
LPA	1	1	intogen_temporal_new	native_intact	ot_nolit__to__intogen_temporal_new	target
USP7	1	1	intogen_temporal_new	native_intact	ot_nolit__to__intogen_temporal_new	target
UBXN11	1	1	intogen_temporal_new	native_intact	ot_nolit__to__intogen_temporal_new	target
ARNT	1	1	intogen_temporal_new	native_intact	ot_nolit__to__intogen_temporal_new	target
ZNF274	1	1	intogen_temporal_new	native_intact	ot_nolit__to__intogen_temporal_new	target
PRDM16	1	1	intogen_temporal_new	native_intact	ot_nolit__to__intogen_temporal_new	target
ZNF395	1	1	intogen_temporal_new	native_intact	ot_nolit__to__intogen_temporal_new	target
KNL1	1	1	intogen_temporal_new	native_intact	ot_nolit__to__intogen_temporal_new	target
ZNF90	1	1	intogen_temporal_new	native_intact	ot_nolit__to__intogen_temporal_new	target
ALDH2	1	1	intogen_temporal_new	native_intact	ot_nolit__to__intogen_temporal_new	target
TAL2	1	1	intogen_temporal_new	native_intact	ot_nolit__to__intogen_temporal_new	target
CCAR1	1	1	intogen_temporal_new	native_intact	ot_nolit__to__intogen_temporal_new	target
TRAF7	1	1	intogen_temporal_new	native_intact	ot_nolit__to__intogen_temporal_new	target
RSPO2	1	1	intogen_temporal_new	native_intact	ot_nolit__to__intogen_temporal_new	target
ANK1	1	1	intogen_temporal_new	native_intact	ot_nolit__to__intogen_temporal_new	target
KMT5A	1	1	intogen_temporal_new	native_intact	ot_nolit__to__intogen_temporal_new	target
PWWP2A	1	1	intogen_temporal_new	native_intact	ot_nolit__to__intogen_temporal_new	target
SNX29	1	1	intogen_temporal_new	native_intact	ot_nolit__to__intogen_temporal_new	target
PTPN3	1	1	intogen_temporal_new	native_intact	ot_nolit__to__intogen_temporal_new	target
TMPRSS2	1	1	intogen_temporal_new	native_intact	ot_nolit__to__intogen_temporal_new	target
CEP89	1	1	intogen_temporal_new	native_intact	ot_nolit__to__intogen_temporal_new	target
HIF1A	1	1	intogen_temporal_new	native_intact	ot_nolit__to__intogen_temporal_new	target
MPL	1	1	intogen_temporal_new	native_intact	ot_nolit__to__intogen_temporal_new	target
ATP1A1	1	1	intogen_temporal_new	native_intact	ot_nolit__to__intogen_temporal_new	target
TPR	1	1	intogen_temporal_new	native_intact	ot_nolit__to__intogen_temporal_new	target
FCRL4	1	1	intogen_temporal_new	native_intact	ot_nolit__to__intogen_temporal_new	target
COL2A1	1	1	intogen_temporal_new	native_intact	ot_nolit__to__intogen_temporal_new	target
NSD3	1	1	intogen_temporal_new	native_intact	ot_nolit__to__intogen_temporal_new	target
RRN3	1	1	intogen_temporal_new	native_intact	ot_nolit__to__intogen_temporal_new	target
ETV1	1	1	intogen_temporal_new	native_intact	ot_nolit__to__intogen_temporal_new	target
ADAMTS9	1	1	intogen_temporal_new	native_intact	ot_nolit__to__intogen_temporal_new	target
MDGA2	1	1	intogen_temporal_new	native_intact	ot_nolit__to__intogen_temporal_new	target
ZCCHC8	1	1	intogen_temporal_new	native_intact	ot_nolit__to__intogen_temporal_new	target
THRAP3	1	1	intogen_temporal_new	native_intact	ot_nolit__to__intogen_temporal_new	target
HLA-C	1	1	intogen_temporal_new	native_intact	ot_nolit__to__intogen_temporal_new	target
MLLT6	1	1	intogen_temporal_new	native_intact	ot_nolit__to__intogen_temporal_new	target
CHRDL1	1	1	intogen_temporal_new	native_intact	ot_nolit__to__intogen_temporal_new	target
NACA	1	1	intogen_temporal_new	native_intact	ot_nolit__to__intogen_temporal_new	target
PCM1	1	1	intogen_temporal_new	native_intact	ot_nolit__to__intogen_temporal_new	target
RPL5	1	1	intogen_temporal_new	native_intact	ot_nolit__to__intogen_temporal_new	target
LEF1	1	1	intogen_temporal_new	native_intact	ot_nolit__to__intogen_temporal_new	target
NCAPH	1	1	intogen_temporal_new	native_intact	ot_nolit__to__intogen_temporal_new	target
REST	1	1	intogen_temporal_new	native_intact	ot_nolit__to__intogen_temporal_new	target
TAL1	1	1	intogen_temporal_new	native_intact	ot_nolit__to__intogen_temporal_new	target
MYEOV	1	1	intogen_temporal_new	native_intact	ot_nolit__to__intogen_temporal_new	target
WWTR1	1	1	intogen_temporal_new	native_intact	ot_nolit__to__intogen_temporal_new	target
CTNND2	1	1	intogen_temporal_new	native_intact	ot_nolit__to__intogen_temporal_new	target
FNDC3B	1	1	intogen_temporal_new	native_intact	ot_nolit__to__intogen_temporal_new	target
CADM2	1	1	intogen_temporal_new	native_intact	ot_nolit__to__intogen_temporal_new	target
NUTM1	1	1	intogen_temporal_new	native_intact	ot_nolit__to__intogen_temporal_new	target
CSPG4	1	1	intogen_temporal_new	native_intact	ot_nolit__to__intogen_temporal_new	target
EIF4A2	1	1	intogen_temporal_new	native_intact	ot_nolit__to__intogen_temporal_new	target
COL6A3	1	1	intogen_temporal_new	native_intact	ot_nolit__to__intogen_temporal_new	target
KAT7	1	1	intogen_temporal_new	native_intact	ot_nolit__to__intogen_temporal_new	target
PDZD2	1	1	intogen_temporal_new	native_intact	ot_nolit__to__intogen_temporal_new	target
ZMYM3	1	1	intogen_temporal_new	native_intact	ot_nolit__to__intogen_temporal_new	target
PICALM	1	1	intogen_temporal_new	native_intact	ot_nolit__to__intogen_temporal_new	target
CD209	1	1	intogen_temporal_new	native_intact	ot_nolit__to__intogen_temporal_new	target
MED23	1	1	intogen_temporal_new	native_intact	ot_nolit__to__intogen_temporal_new	target
MIB2	1	1	intogen_temporal_new	native_intact	ot_nolit__to__intogen_temporal_new	target
FCGR2B	1	1	intogen_temporal_new	native_intact	ot_nolit__to__intogen_temporal_new	target
CBLB	1	1	intogen_temporal_new	native_intact	ot_nolit__to__intogen_temporal_new	target
CCNT1	1	1	intogen_temporal_new	native_intact	ot_nolit__to__intogen_temporal_new	target
ACVR1B	1	1	intogen_temporal_new	native_intact	ot_nolit__to__intogen_temporal_new	target
MACC1	1	1	intogen_temporal_new	native_intact	ot_nolit__to__intogen_temporal_new	target
HCAR3	1	1	intogen_temporal_new	native_intact	ot_nolit__to__intogen_temporal_new	target
ZNF331	1	1	intogen_temporal_new	native_intact	ot_nolit__to__intogen_temporal_new	target
MCM7	1	1	intogen_temporal_new	native_intact	ot_nolit__to__intogen_temporal_new	target
TAF1L	1	1	intogen_temporal_new	native_intact	ot_nolit__to__intogen_temporal_new	target
FGD1	1	1	intogen_temporal_new	native_intact	ot_nolit__to__intogen_temporal_new	target
SLC34A2	1	1	intogen_temporal_new	native_intact	ot_nolit__to__intogen_temporal_new	target
CHD7	1	1	intogen_temporal_new	native_intact	ot_nolit__to__intogen_temporal_new	target
NUP98	1	1	intogen_temporal_new	native_intact	ot_nolit__to__intogen_temporal_new	target
ABCC4	1	1	intogen_temporal_new	native_intact	ot_nolit__to__intogen_temporal_new	target
PRUNE2	1	1	intogen_temporal_new	native_intact	ot_nolit__to__intogen_temporal_new	target
BAZ1A	1	1	intogen_temporal_new	native_intact	ot_nolit__to__intogen_temporal_new	target
SHTN1	1	1	intogen_temporal_new	native_intact	ot_nolit__to__intogen_temporal_new	target
GRM3	1	1	intogen_temporal_new	native_intact	ot_nolit__to__intogen_temporal_new	target
CSMD3	1	1	intogen_temporal_new	native_intact	ot_nolit__to__intogen_temporal_new	target
ELK4	1	1	intogen_temporal_new	native_intact	ot_nolit__to__intogen_temporal_new	target
ZNF750	1	1	intogen_temporal_new	native_intact	ot_nolit__to__intogen_temporal_new	target
PAX5	1	1	intogen_temporal_new	native_intact	ot_nolit__to__intogen_temporal_new	target
COL6A6	1	1	intogen_temporal_new	native_intact	ot_nolit__to__intogen_temporal_new	target
N4BP2	1	1	intogen_temporal_new	native_intact	ot_nolit__to__intogen_temporal_new	target
NTRK2	1	1	intogen_temporal_new	native_intact	ot_nolit__to__intogen_temporal_new	target
KLF6	1	1	intogen_temporal_new	native_intact	ot_nolit__to__intogen_temporal_new	target
ALPK1	1	1	intogen_temporal_new	native_intact	ot_nolit__to__intogen_temporal_new	target
MVB12A	1	0	intogen_temporal_new	native_intact	ot_nolit__to__intogen_temporal_new	background
NUMB	1	0	intogen_temporal_new	native_intact	ot_nolit__to__intogen_temporal_new	background
RBMXL3	1	0	intogen_temporal_new	native_intact	ot_nolit__to__intogen_temporal_new	background
LCE2D	1	0	intogen_temporal_new	native_intact	ot_nolit__to__intogen_temporal_new	background
SRP19	1	0	intogen_temporal_new	native_intact	ot_nolit__to__intogen_temporal_new	background
SDE2	1	0	intogen_temporal_new	native_intact	ot_nolit__to__intogen_temporal_new	background
SIKE1	1	0	intogen_temporal_new	native_intact	ot_nolit__to__intogen_temporal_new	background
MLF2	1	0	intogen_temporal_new	native_intact	ot_nolit__to__intogen_temporal_new	background
CEBPE	1	0	intogen_temporal_new	native_intact	ot_nolit__to__intogen_temporal_new	background
TSNAXIP1	1	0	intogen_temporal_new	native_intact	ot_nolit__to__intogen_temporal_new	background
UROS	1	0	intogen_temporal_new	native_intact	ot_nolit__to__intogen_temporal_new	background
NAB2	1	0	intogen_temporal_new	native_intact	ot_nolit__to__intogen_temporal_new	background
TTI1	1	0	intogen_temporal_new	native_intact	ot_nolit__to__intogen_temporal_new	background
CA4	1	0	intogen_temporal_new	native_intact	ot_nolit__to__intogen_temporal_new	background
OR7A5	1	0	intogen_temporal_new	native_intact	ot_nolit__to__intogen_temporal_new	background
PAGE1	1	0	intogen_temporal_new	native_intact	ot_nolit__to__intogen_temporal_new	background
SPDL1	1	0	intogen_temporal_new	native_intact	ot_nolit__to__intogen_temporal_new	background
PCDHGA11	1	0	intogen_temporal_new	native_intact	ot_nolit__to__intogen_temporal_new	background
G6PC1	1	0	intogen_temporal_new	native_intact	ot_nolit__to__intogen_temporal_new	background
ELF2	1	0	intogen_temporal_new	native_intact	ot_nolit__to__intogen_temporal_new	background
SIGMAR1	1	0	intogen_temporal_new	native_intact	ot_nolit__to__intogen_temporal_new	background
ZFAND3	1	0	intogen_temporal_new	native_intact	ot_nolit__to__intogen_temporal_new	background
ACR	1	0	intogen_temporal_new	native_intact	ot_nolit__to__intogen_temporal_new	background
PPT2	1	0	intogen_temporal_new	native_intact	ot_nolit__to__intogen_temporal_new	background
PNKP	1	0	intogen_temporal_new	native_intact	ot_nolit__to__intogen_temporal_new	background
MED18	1	0	intogen_temporal_new	native_intact	ot_nolit__to__intogen_temporal_new	background
HSP90AB4P	1	0	intogen_temporal_new	native_intact	ot_nolit__to__intogen_temporal_new	background
FBXO32	1	0	intogen_temporal_new	native_intact	ot_nolit__to__intogen_temporal_new	background
PRM1	1	0	intogen_temporal_new	native_intact	ot_nolit__to__intogen_temporal_new	background
GRIA4	1	0	intogen_temporal_new	native_intact	ot_nolit__to__intogen_temporal_new	background
AGAP5	1	0	intogen_temporal_new	native_intact	ot_nolit__to__intogen_temporal_new	background
SCN8A	1	0	intogen_temporal_new	native_intact	ot_nolit__to__intogen_temporal_new	background
P3H4	1	0	intogen_temporal_new	native_intact	ot_nolit__to__intogen_temporal_new	background
TM6SF2	1	0	intogen_temporal_new	native_intact	ot_nolit__to__intogen_temporal_new	background
HLA-DPA1	1	0	intogen_temporal_new	native_intact	ot_nolit__to__intogen_temporal_new	background
PDPR	1	0	intogen_temporal_new	native_intact	ot_nolit__to__intogen_temporal_new	background
FAHD2B	1	0	intogen_temporal_new	native_intact	ot_nolit__to__intogen_temporal_new	background
PALS2	1	0	intogen_temporal_new	native_intact	ot_nolit__to__intogen_temporal_new	background
KLHL7	1	0	intogen_temporal_new	native_intact	ot_nolit__to__intogen_temporal_new	background
OR10G3	1	0	intogen_temporal_new	native_intact	ot_nolit__to__intogen_temporal_new	background
SRP14	1	0	intogen_temporal_new	native_intact	ot_nolit__to__intogen_temporal_new	background
GPHRB	1	0	intogen_temporal_new	native_intact	ot_nolit__to__intogen_temporal_new	background
MYLK	1	0	intogen_temporal_new	native_intact	ot_nolit__to__intogen_temporal_new	background
CDK10	1	0	intogen_temporal_new	native_intact	ot_nolit__to__intogen_temporal_new	background
ICAM4	1	0	intogen_temporal_new	native_intact	ot_nolit__to__intogen_temporal_new	background
EN1	1	0	intogen_temporal_new	native_intact	ot_nolit__to__intogen_temporal_new	background
PDE10A	1	0	intogen_temporal_new	native_intact	ot_nolit__to__intogen_temporal_new	background
SPATA31E1	1	0	intogen_temporal_new	native_intact	ot_nolit__to__intogen_temporal_new	background
LZTFL1	1	0	intogen_temporal_new	native_intact	ot_nolit__to__intogen_temporal_new	background
TRIM61	1	0	intogen_temporal_new	native_intact	ot_nolit__to__intogen_temporal_new	background
PREB	1	0	intogen_temporal_new	native_intact	ot_nolit__to__intogen_temporal_new	background
GDAP1	1	0	intogen_temporal_new	native_intact	ot_nolit__to__intogen_temporal_new	background
ZNF253	1	0	intogen_temporal_new	native_intact	ot_nolit__to__intogen_temporal_new	background
C3orf52	1	0	intogen_temporal_new	native_intact	ot_nolit__to__intogen_temporal_new	background
IFT25	1	0	intogen_temporal_new	native_intact	ot_nolit__to__intogen_temporal_new	background
DEMA1	1	0	intogen_temporal_new	native_intact	ot_nolit__to__intogen_temporal_new	background
MYBPC2	1	0	intogen_temporal_new	native_intact	ot_nolit__to__intogen_temporal_new	background
DBR1	1	0	intogen_temporal_new	native_intact	ot_nolit__to__intogen_temporal_new	background
OSBPL2	1	0	intogen_temporal_new	native_intact	ot_nolit__to__intogen_temporal_new	background
RASSF4	1	0	intogen_temporal_new	native_intact	ot_nolit__to__intogen_temporal_new	background
TIMM10B	1	0	intogen_temporal_new	native_intact	ot_nolit__to__intogen_temporal_new	background
RNF186	1	0	intogen_temporal_new	native_intact	ot_nolit__to__intogen_temporal_new	background
CITED2	1	0	intogen_temporal_new	native_intact	ot_nolit__to__intogen_temporal_new	background
PEG10	1	0	intogen_temporal_new	native_intact	ot_nolit__to__intogen_temporal_new	background
ZNF267	1	0	intogen_temporal_new	native_intact	ot_nolit__to__intogen_temporal_new	background
NKX6-1	1	0	intogen_temporal_new	native_intact	ot_nolit__to__intogen_temporal_new	background
FAHD1	1	0	intogen_temporal_new	native_intact	ot_nolit__to__intogen_temporal_new	background
NAA50	1	0	intogen_temporal_new	native_intact	ot_nolit__to__intogen_temporal_new	background
IP6K2	1	0	intogen_temporal_new	native_intact	ot_nolit__to__intogen_temporal_new	background
SGSM3	1	0	intogen_temporal_new	native_intact	ot_nolit__to__intogen_temporal_new	background
PGBD5	1	0	intogen_temporal_new	native_intact	ot_nolit__to__intogen_temporal_new	background
ETAA1	1	0	intogen_temporal_new	native_intact	ot_nolit__to__intogen_temporal_new	background
VIRMA	1	0	intogen_temporal_new	native_intact	ot_nolit__to__intogen_temporal_new	background
PMP2	1	0	intogen_temporal_new	native_intact	ot_nolit__to__intogen_temporal_new	background
ARL15	1	0	intogen_temporal_new	native_intact	ot_nolit__to__intogen_temporal_new	background
PRDM15	1	0	intogen_temporal_new	native_intact	ot_nolit__to__intogen_temporal_new	background
PAPPA2	1	0	intogen_temporal_new	native_intact	ot_nolit__to__intogen_temporal_new	background
GNA14	1	0	intogen_temporal_new	native_intact	ot_nolit__to__intogen_temporal_new	background
CCNC	1	0	intogen_temporal_new	native_intact	ot_nolit__to__intogen_temporal_new	background
PDK3	1	0	intogen_temporal_new	native_intact	ot_nolit__to__intogen_temporal_new	background
MAGT1	1	0	intogen_temporal_new	native_intact	ot_nolit__to__intogen_temporal_new	background
SLC25A28	1	0	intogen_temporal_new	native_intact	ot_nolit__to__intogen_temporal_new	background
THBS4	1	0	intogen_temporal_new	native_intact	ot_nolit__to__intogen_temporal_new	background
STEAP1B	1	0	intogen_temporal_new	native_intact	ot_nolit__to__intogen_temporal_new	background
CXCR5	1	0	intogen_temporal_new	native_intact	ot_nolit__to__intogen_temporal_new	background
GRIPAP1	1	0	intogen_temporal_new	native_intact	ot_nolit__to__intogen_temporal_new	background
HOXD9	1	0	intogen_temporal_new	native_intact	ot_nolit__to__intogen_temporal_new	background
MARVELD2	1	0	intogen_temporal_new	native_intact	ot_nolit__to__intogen_temporal_new	background
TMEM39A	1	0	intogen_temporal_new	native_intact	ot_nolit__to__intogen_temporal_new	background
TRHR	1	0	intogen_temporal_new	native_intact	ot_nolit__to__intogen_temporal_new	background
DIXDC1	1	0	intogen_temporal_new	native_intact	ot_nolit__to__intogen_temporal_new	background
KRTAP3-3	1	0	intogen_temporal_new	native_intact	ot_nolit__to__intogen_temporal_new	background
OPCML	1	0	intogen_temporal_new	native_intact	ot_nolit__to__intogen_temporal_new	background
CLYBL	1	0	intogen_temporal_new	native_intact	ot_nolit__to__intogen_temporal_new	background
PLSCR1	1	0	intogen_temporal_new	native_intact	ot_nolit__to__intogen_temporal_new	background
CIMIP6	1	0	intogen_temporal_new	native_intact	ot_nolit__to__intogen_temporal_new	background
IL1R1	1	0	intogen_temporal_new	native_intact	ot_nolit__to__intogen_temporal_new	background
ARAP1	1	0	intogen_temporal_new	native_intact	ot_nolit__to__intogen_temporal_new	background
GUCA2A	1	0	intogen_temporal_new	native_intact	ot_nolit__to__intogen_temporal_new	background
CRY1	1	0	intogen_temporal_new	native_intact	ot_nolit__to__intogen_temporal_new	background
TSHZ3	1	0	intogen_temporal_new	native_intact	ot_nolit__to__intogen_temporal_new	background
RAP1GAP	1	0	intogen_temporal_new	native_intact	ot_nolit__to__intogen_temporal_new	background
ZRANB3	1	0	intogen_temporal_new	native_intact	ot_nolit__to__intogen_temporal_new	background
APOBEC3A	1	0	intogen_temporal_new	native_intact	ot_nolit__to__intogen_temporal_new	background
BPHL	1	0	intogen_temporal_new	native_intact	ot_nolit__to__intogen_temporal_new	background
AEBP1	1	0	intogen_temporal_new	native_intact	ot_nolit__to__intogen_temporal_new	background
ZNF461	1	0	intogen_temporal_new	native_intact	ot_nolit__to__intogen_temporal_new	background
DPP8	1	0	intogen_temporal_new	native_intact	ot_nolit__to__intogen_temporal_new	background
EDDM3B	1	0	intogen_temporal_new	native_intact	ot_nolit__to__intogen_temporal_new	background
LGALS12	1	0	intogen_temporal_new	native_intact	ot_nolit__to__intogen_temporal_new	background
MOV10L1	1	0	intogen_temporal_new	native_intact	ot_nolit__to__intogen_temporal_new	background
TNXB	1	0	intogen_temporal_new	native_intact	ot_nolit__to__intogen_temporal_new	background
MTM1	1	0	intogen_temporal_new	native_intact	ot_nolit__to__intogen_temporal_new	background
TMPRSS12	1	0	intogen_temporal_new	native_intact	ot_nolit__to__intogen_temporal_new	background
ANKRD30A	1	0	intogen_temporal_new	native_intact	ot_nolit__to__intogen_temporal_new	background
TRAPPC1	1	0	intogen_temporal_new	native_intact	ot_nolit__to__intogen_temporal_new	background
ZKSCAN5	1	0	intogen_temporal_new	native_intact	ot_nolit__to__intogen_temporal_new	background
GGT1	1	0	intogen_temporal_new	native_intact	ot_nolit__to__intogen_temporal_new	background
LNX2	1	0	intogen_temporal_new	native_intact	ot_nolit__to__intogen_temporal_new	background
OR4M1	1	0	intogen_temporal_new	native_intact	ot_nolit__to__intogen_temporal_new	background
PLPPR1	1	0	intogen_temporal_new	native_intact	ot_nolit__to__intogen_temporal_new	background
TRUB1	1	0	intogen_temporal_new	native_intact	ot_nolit__to__intogen_temporal_new	background
C1orf174	1	0	intogen_temporal_new	native_intact	ot_nolit__to__intogen_temporal_new	background
DNAJC27	1	0	intogen_temporal_new	native_intact	ot_nolit__to__intogen_temporal_new	background
ATP5PF	1	0	intogen_temporal_new	native_intact	ot_nolit__to__intogen_temporal_new	background
VLDLR	1	0	intogen_temporal_new	native_intact	ot_nolit__to__intogen_temporal_new	background
TSLP	1	0	intogen_temporal_new	native_intact	ot_nolit__to__intogen_temporal_new	background
GEN1	1	0	intogen_temporal_new	native_intact	ot_nolit__to__intogen_temporal_new	background
SOAT1	1	0	intogen_temporal_new	native_intact	ot_nolit__to__intogen_temporal_new	background
SERPINB6	1	0	intogen_temporal_new	native_intact	ot_nolit__to__intogen_temporal_new	background
ATP5ME	1	0	intogen_temporal_new	native_intact	ot_nolit__to__intogen_temporal_new	background
ARRDC5	1	0	intogen_temporal_new	native_intact	ot_nolit__to__intogen_temporal_new	background
TM9SF3	1	0	intogen_temporal_new	native_intact	ot_nolit__to__intogen_temporal_new	background
SCGB1C2	1	0	intogen_temporal_new	native_intact	ot_nolit__to__intogen_temporal_new	background
TIMM21	1	0	intogen_temporal_new	native_intact	ot_nolit__to__intogen_temporal_new	background
TCTA	1	0	intogen_temporal_new	native_intact	ot_nolit__to__intogen_temporal_new	background
CREB3	1	0	intogen_temporal_new	native_intact	ot_nolit__to__intogen_temporal_new	background
CREBL2	1	0	intogen_temporal_new	native_intact	ot_nolit__to__intogen_temporal_new	background
TMEM106A	1	0	intogen_temporal_new	native_intact	ot_nolit__to__intogen_temporal_new	background
ZC3H12C	1	0	intogen_temporal_new	native_intact	ot_nolit__to__intogen_temporal_new	background
HLA-DQB1	1	0	intogen_temporal_new	native_intact	ot_nolit__to__intogen_temporal_new	background
RRAGC	1	0	intogen_temporal_new	native_intact	ot_nolit__to__intogen_temporal_new	background
B4GALNT1	1	0	intogen_temporal_new	native_intact	ot_nolit__to__intogen_temporal_new	background
AARD	1	0	intogen_temporal_new	native_intact	ot_nolit__to__intogen_temporal_new	background
TMEM38A	1	0	intogen_temporal_new	native_intact	ot_nolit__to__intogen_temporal_new	background
HPS3	1	0	intogen_temporal_new	native_intact	ot_nolit__to__intogen_temporal_new	background
DAAM1	1	0	intogen_temporal_new	native_intact	ot_nolit__to__intogen_temporal_new	background
PLK3	1	0	intogen_temporal_new	native_intact	ot_nolit__to__intogen_temporal_new	background
RMDN3	1	0	intogen_temporal_new	native_intact	ot_nolit__to__intogen_temporal_new	background
PTPRM	1	0	intogen_temporal_new	native_intact	ot_nolit__to__intogen_temporal_new	background
CASTOR1	1	0	intogen_temporal_new	native_intact	ot_nolit__to__intogen_temporal_new	background
CROCCP2	1	0	intogen_temporal_new	native_intact	ot_nolit__to__intogen_temporal_new	background
VSTM2L	1	0	intogen_temporal_new	native_intact	ot_nolit__to__intogen_temporal_new	background
MRGPRX1	1	0	intogen_temporal_new	native_intact	ot_nolit__to__intogen_temporal_new	background
PRDM9	1	0	intogen_temporal_new	native_intact	ot_nolit__to__intogen_temporal_new	background
CPEB4	1	0	intogen_temporal_new	native_intact	ot_nolit__to__intogen_temporal_new	background
LGALS2	1	0	intogen_temporal_new	native_intact	ot_nolit__to__intogen_temporal_new	background
RNF113B	1	0	intogen_temporal_new	native_intact	ot_nolit__to__intogen_temporal_new	background
SLC20A1	1	0	intogen_temporal_new	native_intact	ot_nolit__to__intogen_temporal_new	background
GEM	1	0	intogen_temporal_new	native_intact	ot_nolit__to__intogen_temporal_new	background
NCDN	1	0	intogen_temporal_new	native_intact	ot_nolit__to__intogen_temporal_new	background
LMO4	1	0	intogen_temporal_new	native_intact	ot_nolit__to__intogen_temporal_new	background
G6PD	1	0	intogen_temporal_new	native_intact	ot_nolit__to__intogen_temporal_new	background
AIDA	1	0	intogen_temporal_new	native_intact	ot_nolit__to__intogen_temporal_new	background
GATAD2A	1	0	intogen_temporal_new	native_intact	ot_nolit__to__intogen_temporal_new	background
SIRT2	1	0	intogen_temporal_new	native_intact	ot_nolit__to__intogen_temporal_new	background
LAGE3	1	0	intogen_temporal_new	native_intact	ot_nolit__to__intogen_temporal_new	background
PDE6G	1	0	intogen_temporal_new	native_intact	ot_nolit__to__intogen_temporal_new	background
RPS26P11	1	0	intogen_temporal_new	native_intact	ot_nolit__to__intogen_temporal_new	background
PRKACG	1	0	intogen_temporal_new	native_intact	ot_nolit__to__intogen_temporal_new	background
ZNF417	1	0	intogen_temporal_new	native_intact	ot_nolit__to__intogen_temporal_new	background
TMEM45B	1	0	intogen_temporal_new	native_intact	ot_nolit__to__intogen_temporal_new	background
NAT14	1	0	intogen_temporal_new	native_intact	ot_nolit__to__intogen_temporal_new	background
CDCA4	1	0	intogen_temporal_new	native_intact	ot_nolit__to__intogen_temporal_new	background
GTF2IRD1	1	0	intogen_temporal_new	native_intact	ot_nolit__to__intogen_temporal_new	background
SKA1	1	0	intogen_temporal_new	native_intact	ot_nolit__to__intogen_temporal_new	background
VWDE	1	0	intogen_temporal_new	native_intact	ot_nolit__to__intogen_temporal_new	background
AUH	1	0	intogen_temporal_new	native_intact	ot_nolit__to__intogen_temporal_new	background
WDR91	1	0	intogen_temporal_new	native_intact	ot_nolit__to__intogen_temporal_new	background
PPP1R13B	1	0	intogen_temporal_new	native_intact	ot_nolit__to__intogen_temporal_new	background
TMED6	1	0	intogen_temporal_new	native_intact	ot_nolit__to__intogen_temporal_new	background
SLC2A13	1	0	intogen_temporal_new	native_intact	ot_nolit__to__intogen_temporal_new	background
CPSF3	1	0	intogen_temporal_new	native_intact	ot_nolit__to__intogen_temporal_new	background
NYAP1	1	0	intogen_temporal_new	native_intact	ot_nolit__to__intogen_temporal_new	background
IFI44	1	0	intogen_temporal_new	native_intact	ot_nolit__to__intogen_temporal_new	background
WFDC13	1	0	intogen_temporal_new	native_intact	ot_nolit__to__intogen_temporal_new	background
CEACAM19	1	0	intogen_temporal_new	native_intact	ot_nolit__to__intogen_temporal_new	background
ROCK1	1	0	intogen_temporal_new	native_intact	ot_nolit__to__intogen_temporal_new	background
TM7SF2	1	0	intogen_temporal_new	native_intact	ot_nolit__to__intogen_temporal_new	background
POU3F3	1	0	intogen_temporal_new	native_intact	ot_nolit__to__intogen_temporal_new	background
CA14	1	0	intogen_temporal_new	native_intact	ot_nolit__to__intogen_temporal_new	background
CDKL1	1	0	intogen_temporal_new	native_intact	ot_nolit__to__intogen_temporal_new	background
BMP15	1	0	intogen_temporal_new	native_intact	ot_nolit__to__intogen_temporal_new	background
HCN2	1	0	intogen_temporal_new	native_intact	ot_nolit__to__intogen_temporal_new	background
ABCA1	1	0	intogen_temporal_new	native_intact	ot_nolit__to__intogen_temporal_new	background
ASMTL	1	0	intogen_temporal_new	native_intact	ot_nolit__to__intogen_temporal_new	background
CDHR1	1	0	intogen_temporal_new	native_intact	ot_nolit__to__intogen_temporal_new	background
BLOC1S3	1	0	intogen_temporal_new	native_intact	ot_nolit__to__intogen_temporal_new	background
SLC51B	1	0	intogen_temporal_new	native_intact	ot_nolit__to__intogen_temporal_new	background
TMEM176A	1	0	intogen_temporal_new	native_intact	ot_nolit__to__intogen_temporal_new	background
DDR2	2	1	intogen_temporal_new	native_intact	ot_nolit__to__intogen_temporal_new	target
FMN2	2	1	intogen_temporal_new	native_intact	ot_nolit__to__intogen_temporal_new	target
TFRC	2	1	intogen_temporal_new	native_intact	ot_nolit__to__intogen_temporal_new	target
BTG2	2	1	intogen_temporal_new	native_intact	ot_nolit__to__intogen_temporal_new	target
GPAA1	2	1	intogen_temporal_new	native_intact	ot_nolit__to__intogen_temporal_new	target
TCF12	2	1	intogen_temporal_new	native_intact	ot_nolit__to__intogen_temporal_new	target
ACSM3	2	1	intogen_temporal_new	native_intact	ot_nolit__to__intogen_temporal_new	target
INPPL1	2	1	intogen_temporal_new	native_intact	ot_nolit__to__intogen_temporal_new	target
WNT1	2	1	intogen_temporal_new	native_intact	ot_nolit__to__intogen_temporal_new	target
AFF4	2	1	intogen_temporal_new	native_intact	ot_nolit__to__intogen_temporal_new	target
ROS1	2	1	intogen_temporal_new	native_intact	ot_nolit__to__intogen_temporal_new	target
GSK3B	2	1	intogen_temporal_new	native_intact	ot_nolit__to__intogen_temporal_new	target
ATP2B3	2	1	intogen_temporal_new	native_intact	ot_nolit__to__intogen_temporal_new	target
NCKIPSD	2	1	intogen_temporal_new	native_intact	ot_nolit__to__intogen_temporal_new	target
TCL1A	2	1	intogen_temporal_new	native_intact	ot_nolit__to__intogen_temporal_new	target
CTNNA2	2	1	intogen_temporal_new	native_intact	ot_nolit__to__intogen_temporal_new	target
GPC5	2	1	intogen_temporal_new	native_intact	ot_nolit__to__intogen_temporal_new	target
FUS	2	1	intogen_temporal_new	native_intact	ot_nolit__to__intogen_temporal_new	target
TMSB4X	2	1	intogen_temporal_new	native_intact	ot_nolit__to__intogen_temporal_new	target
AFDN	2	1	intogen_temporal_new	native_intact	ot_nolit__to__intogen_temporal_new	target
PER3	2	1	intogen_temporal_new	native_intact	ot_nolit__to__intogen_temporal_new	target
DSP	2	1	intogen_temporal_new	native_intact	ot_nolit__to__intogen_temporal_new	target
SAMHD1	2	1	intogen_temporal_new	native_intact	ot_nolit__to__intogen_temporal_new	target
TYW2	2	1	intogen_temporal_new	native_intact	ot_nolit__to__intogen_temporal_new	target
PTK6	2	1	intogen_temporal_new	native_intact	ot_nolit__to__intogen_temporal_new	target
ANKRD11	2	1	intogen_temporal_new	native_intact	ot_nolit__to__intogen_temporal_new	target
PI4KA	2	1	intogen_temporal_new	native_intact	ot_nolit__to__intogen_temporal_new	target
SDCBP	2	1	intogen_temporal_new	native_intact	ot_nolit__to__intogen_temporal_new	target
ROBO2	2	1	intogen_temporal_new	native_intact	ot_nolit__to__intogen_temporal_new	target
ZBTB48	2	1	intogen_temporal_new	native_intact	ot_nolit__to__intogen_temporal_new	target
TSHR	2	1	intogen_temporal_new	native_intact	ot_nolit__to__intogen_temporal_new	target
ITGAV	2	1	intogen_temporal_new	native_intact	ot_nolit__to__intogen_temporal_new	target
NVL	2	1	intogen_temporal_new	native_intact	ot_nolit__to__intogen_temporal_new	target
SMARCA2	2	1	intogen_temporal_new	native_intact	ot_nolit__to__intogen_temporal_new	target
KNSTRN	2	1	intogen_temporal_new	native_intact	ot_nolit__to__intogen_temporal_new	target
BMP6	2	1	intogen_temporal_new	native_intact	ot_nolit__to__intogen_temporal_new	target
PSPC1	2	1	intogen_temporal_new	native_intact	ot_nolit__to__intogen_temporal_new	target
CRLF2	2	1	intogen_temporal_new	native_intact	ot_nolit__to__intogen_temporal_new	target
LSM14A	2	1	intogen_temporal_new	native_intact	ot_nolit__to__intogen_temporal_new	target
PRKD1	2	1	intogen_temporal_new	native_intact	ot_nolit__to__intogen_temporal_new	target
CANT1	2	1	intogen_temporal_new	native_intact	ot_nolit__to__intogen_temporal_new	target
PLXNC1	2	1	intogen_temporal_new	native_intact	ot_nolit__to__intogen_temporal_new	target
HLA-DQA1	2	1	intogen_temporal_new	native_intact	ot_nolit__to__intogen_temporal_new	target
FBLN2	2	1	intogen_temporal_new	native_intact	ot_nolit__to__intogen_temporal_new	target
ACSL6	2	1	intogen_temporal_new	native_intact	ot_nolit__to__intogen_temporal_new	target
LPA	2	1	intogen_temporal_new	native_intact	ot_nolit__to__intogen_temporal_new	target
USP7	2	1	intogen_temporal_new	native_intact	ot_nolit__to__intogen_temporal_new	target
UBXN11	2	1	intogen_temporal_new	native_intact	ot_nolit__to__intogen_temporal_new	target
ARNT	2	1	intogen_temporal_new	native_intact	ot_nolit__to__intogen_temporal_new	target
ZNF274	2	1	intogen_temporal_new	native_intact	ot_nolit__to__intogen_temporal_new	target
PRDM16	2	1	intogen_temporal_new	native_intact	ot_nolit__to__intogen_temporal_new	target
ZNF395	2	1	intogen_temporal_new	native_intact	ot_nolit__to__intogen_temporal_new	target
KNL1	2	1	intogen_temporal_new	native_intact	ot_nolit__to__intogen_temporal_new	target
ZNF90	2	1	intogen_temporal_new	native_intact	ot_nolit__to__intogen_temporal_new	target
ALDH2	2	1	intogen_temporal_new	native_intact	ot_nolit__to__intogen_temporal_new	target
TAL2	2	1	intogen_temporal_new	native_intact	ot_nolit__to__intogen_temporal_new	target
CCAR1	2	1	intogen_temporal_new	native_intact	ot_nolit__to__intogen_temporal_new	target
TRAF7	2	1	intogen_temporal_new	native_intact	ot_nolit__to__intogen_temporal_new	target
RSPO2	2	1	intogen_temporal_new	native_intact	ot_nolit__to__intogen_temporal_new	target
ANK1	2	1	intogen_temporal_new	native_intact	ot_nolit__to__intogen_temporal_new	target
KMT5A	2	1	intogen_temporal_new	native_intact	ot_nolit__to__intogen_temporal_new	target
PWWP2A	2	1	intogen_temporal_new	native_intact	ot_nolit__to__intogen_temporal_new	target
SNX29	2	1	intogen_temporal_new	native_intact	ot_nolit__to__intogen_temporal_new	target
PTPN3	2	1	intogen_temporal_new	native_intact	ot_nolit__to__intogen_temporal_new	target
TMPRSS2	2	1	intogen_temporal_new	native_intact	ot_nolit__to__intogen_temporal_new	target
CEP89	2	1	intogen_temporal_new	native_intact	ot_nolit__to__intogen_temporal_new	target
HIF1A	2	1	intogen_temporal_new	native_intact	ot_nolit__to__intogen_temporal_new	target
MPL	2	1	intogen_temporal_new	native_intact	ot_nolit__to__intogen_temporal_new	target
ATP1A1	2	1	intogen_temporal_new	native_intact	ot_nolit__to__intogen_temporal_new	target
TPR	2	1	intogen_temporal_new	native_intact	ot_nolit__to__intogen_temporal_new	target
FCRL4	2	1	intogen_temporal_new	native_intact	ot_nolit__to__intogen_temporal_new	target
COL2A1	2	1	intogen_temporal_new	native_intact	ot_nolit__to__intogen_temporal_new	target
NSD3	2	1	intogen_temporal_new	native_intact	ot_nolit__to__intogen_temporal_new	target
RRN3	2	1	intogen_temporal_new	native_intact	ot_nolit__to__intogen_temporal_new	target
ETV1	2	1	intogen_temporal_new	native_intact	ot_nolit__to__intogen_temporal_new	target
ADAMTS9	2	1	intogen_temporal_new	native_intact	ot_nolit__to__intogen_temporal_new	target
MDGA2	2	1	intogen_temporal_new	native_intact	ot_nolit__to__intogen_temporal_new	target
ZCCHC8	2	1	intogen_temporal_new	native_intact	ot_nolit__to__intogen_temporal_new	target
THRAP3	2	1	intogen_temporal_new	native_intact	ot_nolit__to__intogen_temporal_new	target
HLA-C	2	1	intogen_temporal_new	native_intact	ot_nolit__to__intogen_temporal_new	target
MLLT6	2	1	intogen_temporal_new	native_intact	ot_nolit__to__intogen_temporal_new	target
CHRDL1	2	1	intogen_temporal_new	native_intact	ot_nolit__to__intogen_temporal_new	target
NACA	2	1	intogen_temporal_new	native_intact	ot_nolit__to__intogen_temporal_new	target
PCM1	2	1	intogen_temporal_new	native_intact	ot_nolit__to__intogen_temporal_new	target
RPL5	2	1	intogen_temporal_new	native_intact	ot_nolit__to__intogen_temporal_new	target
LEF1	2	1	intogen_temporal_new	native_intact	ot_nolit__to__intogen_temporal_new	target
NCAPH	2	1	intogen_temporal_new	native_intact	ot_nolit__to__intogen_temporal_new	target
REST	2	1	intogen_temporal_new	native_intact	ot_nolit__to__intogen_temporal_new	target
TAL1	2	1	intogen_temporal_new	native_intact	ot_nolit__to__intogen_temporal_new	target
MYEOV	2	1	intogen_temporal_new	native_intact	ot_nolit__to__intogen_temporal_new	target
WWTR1	2	1	intogen_temporal_new	native_intact	ot_nolit__to__intogen_temporal_new	target
CTNND2	2	1	intogen_temporal_new	native_intact	ot_nolit__to__intogen_temporal_new	target
FNDC3B	2	1	intogen_temporal_new	native_intact	ot_nolit__to__intogen_temporal_new	target
CADM2	2	1	intogen_temporal_new	native_intact	ot_nolit__to__intogen_temporal_new	target
NUTM1	2	1	intogen_temporal_new	native_intact	ot_nolit__to__intogen_temporal_new	target
CSPG4	2	1	intogen_temporal_new	native_intact	ot_nolit__to__intogen_temporal_new	target
EIF4A2	2	1	intogen_temporal_new	native_intact	ot_nolit__to__intogen_temporal_new	target
COL6A3	2	1	intogen_temporal_new	native_intact	ot_nolit__to__intogen_temporal_new	target
KAT7	2	1	intogen_temporal_new	native_intact	ot_nolit__to__intogen_temporal_new	target
PDZD2	2	1	intogen_temporal_new	native_intact	ot_nolit__to__intogen_temporal_new	target
ZMYM3	2	1	intogen_temporal_new	native_intact	ot_nolit__to__intogen_temporal_new	target
PICALM	2	1	intogen_temporal_new	native_intact	ot_nolit__to__intogen_temporal_new	target
CD209	2	1	intogen_temporal_new	native_intact	ot_nolit__to__intogen_temporal_new	target
MED23	2	1	intogen_temporal_new	native_intact	ot_nolit__to__intogen_temporal_new	target
MIB2	2	1	intogen_temporal_new	native_intact	ot_nolit__to__intogen_temporal_new	target
FCGR2B	2	1	intogen_temporal_new	native_intact	ot_nolit__to__intogen_temporal_new	target
CBLB	2	1	intogen_temporal_new	native_intact	ot_nolit__to__intogen_temporal_new	target
CCNT1	2	1	intogen_temporal_new	native_intact	ot_nolit__to__intogen_temporal_new	target
ACVR1B	2	1	intogen_temporal_new	native_intact	ot_nolit__to__intogen_temporal_new	target
MACC1	2	1	intogen_temporal_new	native_intact	ot_nolit__to__intogen_temporal_new	target
HCAR3	2	1	intogen_temporal_new	native_intact	ot_nolit__to__intogen_temporal_new	target
ZNF331	2	1	intogen_temporal_new	native_intact	ot_nolit__to__intogen_temporal_new	target
MCM7	2	1	intogen_temporal_new	native_intact	ot_nolit__to__intogen_temporal_new	target
TAF1L	2	1	intogen_temporal_new	native_intact	ot_nolit__to__intogen_temporal_new	target
FGD1	2	1	intogen_temporal_new	native_intact	ot_nolit__to__intogen_temporal_new	target
SLC34A2	2	1	intogen_temporal_new	native_intact	ot_nolit__to__intogen_temporal_new	target
CHD7	2	1	intogen_temporal_new	native_intact	ot_nolit__to__intogen_temporal_new	target
NUP98	2	1	intogen_temporal_new	native_intact	ot_nolit__to__intogen_temporal_new	target
ABCC4	2	1	intogen_temporal_new	native_intact	ot_nolit__to__intogen_temporal_new	target
PRUNE2	2	1	intogen_temporal_new	native_intact	ot_nolit__to__intogen_temporal_new	target
BAZ1A	2	1	intogen_temporal_new	native_intact	ot_nolit__to__intogen_temporal_new	target
SHTN1	2	1	intogen_temporal_new	native_intact	ot_nolit__to__intogen_temporal_new	target
GRM3	2	1	intogen_temporal_new	native_intact	ot_nolit__to__intogen_temporal_new	target
CSMD3	2	1	intogen_temporal_new	native_intact	ot_nolit__to__intogen_temporal_new	target
ELK4	2	1	intogen_temporal_new	native_intact	ot_nolit__to__intogen_temporal_new	target
ZNF750	2	1	intogen_temporal_new	native_intact	ot_nolit__to__intogen_temporal_new	target
PAX5	2	1	intogen_temporal_new	native_intact	ot_nolit__to__intogen_temporal_new	target
COL6A6	2	1	intogen_temporal_new	native_intact	ot_nolit__to__intogen_temporal_new	target
N4BP2	2	1	intogen_temporal_new	native_intact	ot_nolit__to__intogen_temporal_new	target
NTRK2	2	1	intogen_temporal_new	native_intact	ot_nolit__to__intogen_temporal_new	target
KLF6	2	1	intogen_temporal_new	native_intact	ot_nolit__to__intogen_temporal_new	target
ALPK1	2	1	intogen_temporal_new	native_intact	ot_nolit__to__intogen_temporal_new	target
TNFRSF10C	2	0	intogen_temporal_new	native_intact	ot_nolit__to__intogen_temporal_new	background
NRAS	2	0	intogen_temporal_new	native_intact	ot_nolit__to__intogen_temporal_new	background
ENDOG	2	0	intogen_temporal_new	native_intact	ot_nolit__to__intogen_temporal_new	background
GPC2	2	0	intogen_temporal_new	native_intact	ot_nolit__to__intogen_temporal_new	background
SACS	2	0	intogen_temporal_new	native_intact	ot_nolit__to__intogen_temporal_new	background
MRGBP	2	0	intogen_temporal_new	native_intact	ot_nolit__to__intogen_temporal_new	background
MAGI3	2	0	intogen_temporal_new	native_intact	ot_nolit__to__intogen_temporal_new	background
RAP1GDS1	2	0	intogen_temporal_new	native_intact	ot_nolit__to__intogen_temporal_new	background
RPS28	2	0	intogen_temporal_new	native_intact	ot_nolit__to__intogen_temporal_new	background
APAF1	2	0	intogen_temporal_new	native_intact	ot_nolit__to__intogen_temporal_new	background
ATG5	2	0	intogen_temporal_new	native_intact	ot_nolit__to__intogen_temporal_new	background
MYH11	2	0	intogen_temporal_new	native_intact	ot_nolit__to__intogen_temporal_new	background
WEE1	2	0	intogen_temporal_new	native_intact	ot_nolit__to__intogen_temporal_new	background
FAM13A	2	0	intogen_temporal_new	native_intact	ot_nolit__to__intogen_temporal_new	background
NUDT15	2	0	intogen_temporal_new	native_intact	ot_nolit__to__intogen_temporal_new	background
ABI3	2	0	intogen_temporal_new	native_intact	ot_nolit__to__intogen_temporal_new	background
CDH26	2	0	intogen_temporal_new	native_intact	ot_nolit__to__intogen_temporal_new	background
RASL11A	2	0	intogen_temporal_new	native_intact	ot_nolit__to__intogen_temporal_new	background
TMEM114	2	0	intogen_temporal_new	native_intact	ot_nolit__to__intogen_temporal_new	background
CD68	2	0	intogen_temporal_new	native_intact	ot_nolit__to__intogen_temporal_new	background
CFAP36	2	0	intogen_temporal_new	native_intact	ot_nolit__to__intogen_temporal_new	background
GUCY1A1	2	0	intogen_temporal_new	native_intact	ot_nolit__to__intogen_temporal_new	background
SH3BGRL2	2	0	intogen_temporal_new	native_intact	ot_nolit__to__intogen_temporal_new	background
CCDC87	2	0	intogen_temporal_new	native_intact	ot_nolit__to__intogen_temporal_new	background
TMEM158	2	0	intogen_temporal_new	native_intact	ot_nolit__to__intogen_temporal_new	background
ELAPOR2	2	0	intogen_temporal_new	native_intact	ot_nolit__to__intogen_temporal_new	background
BRDT	2	0	intogen_temporal_new	native_intact	ot_nolit__to__intogen_temporal_new	background
TKT	2	0	intogen_temporal_new	native_intact	ot_nolit__to__intogen_temporal_new	background
DZIP1L	2	0	intogen_temporal_new	native_intact	ot_nolit__to__intogen_temporal_new	background
POMGNT2	2	0	intogen_temporal_new	native_intact	ot_nolit__to__intogen_temporal_new	background
ALS2CL	2	0	intogen_temporal_new	native_intact	ot_nolit__to__intogen_temporal_new	background
DBF4B	2	0	intogen_temporal_new	native_intact	ot_nolit__to__intogen_temporal_new	background
ARLN	2	0	intogen_temporal_new	native_intact	ot_nolit__to__intogen_temporal_new	background
CCNJL	2	0	intogen_temporal_new	native_intact	ot_nolit__to__intogen_temporal_new	background
MVD	2	0	intogen_temporal_new	native_intact	ot_nolit__to__intogen_temporal_new	background
PDCD10	2	0	intogen_temporal_new	native_intact	ot_nolit__to__intogen_temporal_new	background
CEP135	2	0	intogen_temporal_new	native_intact	ot_nolit__to__intogen_temporal_new	background
CAPZA1	2	0	intogen_temporal_new	native_intact	ot_nolit__to__intogen_temporal_new	background
CALCOCO1	2	0	intogen_temporal_new	native_intact	ot_nolit__to__intogen_temporal_new	background
IL13RA1	2	0	intogen_temporal_new	native_intact	ot_nolit__to__intogen_temporal_new	background
ZNF229	2	0	intogen_temporal_new	native_intact	ot_nolit__to__intogen_temporal_new	background
NOSIP	2	0	intogen_temporal_new	native_intact	ot_nolit__to__intogen_temporal_new	background
OSR2	2	0	intogen_temporal_new	native_intact	ot_nolit__to__intogen_temporal_new	background
HTR2A	2	0	intogen_temporal_new	native_intact	ot_nolit__to__intogen_temporal_new	background
C3	2	0	intogen_temporal_new	native_intact	ot_nolit__to__intogen_temporal_new	background
WASF1	2	0	intogen_temporal_new	native_intact	ot_nolit__to__intogen_temporal_new	background
APBA1	2	0	intogen_temporal_new	native_intact	ot_nolit__to__intogen_temporal_new	background
PTPN13	2	0	intogen_temporal_new	native_intact	ot_nolit__to__intogen_temporal_new	background
MARS2	2	0	intogen_temporal_new	native_intact	ot_nolit__to__intogen_temporal_new	background
ADRA2C	2	0	intogen_temporal_new	native_intact	ot_nolit__to__intogen_temporal_new	background
SLC4A11	2	0	intogen_temporal_new	native_intact	ot_nolit__to__intogen_temporal_new	background
IGIP	2	0	intogen_temporal_new	native_intact	ot_nolit__to__intogen_temporal_new	background
ATP11AUN	2	0	intogen_temporal_new	native_intact	ot_nolit__to__intogen_temporal_new	background
RAB4B	2	0	intogen_temporal_new	native_intact	ot_nolit__to__intogen_temporal_new	background
PHF8	2	0	intogen_temporal_new	native_intact	ot_nolit__to__intogen_temporal_new	background
PPIAL4D	2	0	intogen_temporal_new	native_intact	ot_nolit__to__intogen_temporal_new	background
LIPT1	2	0	intogen_temporal_new	native_intact	ot_nolit__to__intogen_temporal_new	background
SPI1	2	0	intogen_temporal_new	native_intact	ot_nolit__to__intogen_temporal_new	background
ASNS	2	0	intogen_temporal_new	native_intact	ot_nolit__to__intogen_temporal_new	background
PSENEN	2	0	intogen_temporal_new	native_intact	ot_nolit__to__intogen_temporal_new	background
TAF7	2	0	intogen_temporal_new	native_intact	ot_nolit__to__intogen_temporal_new	background
ZNF711	2	0	intogen_temporal_new	native_intact	ot_nolit__to__intogen_temporal_new	background
MICAL1	2	0	intogen_temporal_new	native_intact	ot_nolit__to__intogen_temporal_new	background
CH25H	2	0	intogen_temporal_new	native_intact	ot_nolit__to__intogen_temporal_new	background
BBLN	2	0	intogen_temporal_new	native_intact	ot_nolit__to__intogen_temporal_new	background
SIX6	2	0	intogen_temporal_new	native_intact	ot_nolit__to__intogen_temporal_new	background
DIRAS3	2	0	intogen_temporal_new	native_intact	ot_nolit__to__intogen_temporal_new	background
TPCN1	2	0	intogen_temporal_new	native_intact	ot_nolit__to__intogen_temporal_new	background
GFI1B	2	0	intogen_temporal_new	native_intact	ot_nolit__to__intogen_temporal_new	background
MIEF2	2	0	intogen_temporal_new	native_intact	ot_nolit__to__intogen_temporal_new	background
ICAM2	2	0	intogen_temporal_new	native_intact	ot_nolit__to__intogen_temporal_new	background
XK	2	0	intogen_temporal_new	native_intact	ot_nolit__to__intogen_temporal_new	background
CAMK2G	2	0	intogen_temporal_new	native_intact	ot_nolit__to__intogen_temporal_new	background
ATG9B	2	0	intogen_temporal_new	native_intact	ot_nolit__to__intogen_temporal_new	background
LGALS9	2	0	intogen_temporal_new	native_intact	ot_nolit__to__intogen_temporal_new	background
FER	2	0	intogen_temporal_new	native_intact	ot_nolit__to__intogen_temporal_new	background
KMT5C	2	0	intogen_temporal_new	native_intact	ot_nolit__to__intogen_temporal_new	background
TSFM	2	0	intogen_temporal_new	native_intact	ot_nolit__to__intogen_temporal_new	background
FJX1	2	0	intogen_temporal_new	native_intact	ot_nolit__to__intogen_temporal_new	background
SNAPC4	2	0	intogen_temporal_new	native_intact	ot_nolit__to__intogen_temporal_new	background
OR13A1	2	0	intogen_temporal_new	native_intact	ot_nolit__to__intogen_temporal_new	background
FBXO46	2	0	intogen_temporal_new	native_intact	ot_nolit__to__intogen_temporal_new	background
C16orf96	2	0	intogen_temporal_new	native_intact	ot_nolit__to__intogen_temporal_new	background
KRT16	2	0	intogen_temporal_new	native_intact	ot_nolit__to__intogen_temporal_new	background
MRPS30	2	0	intogen_temporal_new	native_intact	ot_nolit__to__intogen_temporal_new	background
SELENOV	2	0	intogen_temporal_new	native_intact	ot_nolit__to__intogen_temporal_new	background
LCE4A	2	0	intogen_temporal_new	native_intact	ot_nolit__to__intogen_temporal_new	background
ATP10B	2	0	intogen_temporal_new	native_intact	ot_nolit__to__intogen_temporal_new	background
ZNF668	2	0	intogen_temporal_new	native_intact	ot_nolit__to__intogen_temporal_new	background
NET1	2	0	intogen_temporal_new	native_intact	ot_nolit__to__intogen_temporal_new	background
ETS1	2	0	intogen_temporal_new	native_intact	ot_nolit__to__intogen_temporal_new	background
ADPRS	2	0	intogen_temporal_new	native_intact	ot_nolit__to__intogen_temporal_new	background
KLHL6	2	0	intogen_temporal_new	native_intact	ot_nolit__to__intogen_temporal_new	background
NPFF	2	0	intogen_temporal_new	native_intact	ot_nolit__to__intogen_temporal_new	background
SPOUT1	2	0	intogen_temporal_new	native_intact	ot_nolit__to__intogen_temporal_new	background
PIGV	2	0	intogen_temporal_new	native_intact	ot_nolit__to__intogen_temporal_new	background
MUC3A	2	0	intogen_temporal_new	native_intact	ot_nolit__to__intogen_temporal_new	background
RAB4A	2	0	intogen_temporal_new	native_intact	ot_nolit__to__intogen_temporal_new	background
NSMCE3	2	0	intogen_temporal_new	native_intact	ot_nolit__to__intogen_temporal_new	background
OARD1	2	0	intogen_temporal_new	native_intact	ot_nolit__to__intogen_temporal_new	background
ARHGAP24	2	0	intogen_temporal_new	native_intact	ot_nolit__to__intogen_temporal_new	background
NEXN	2	0	intogen_temporal_new	native_intact	ot_nolit__to__intogen_temporal_new	background
CCDC144BP	2	0	intogen_temporal_new	native_intact	ot_nolit__to__intogen_temporal_new	background
GLUD2	2	0	intogen_temporal_new	native_intact	ot_nolit__to__intogen_temporal_new	background
ZNF341	2	0	intogen_temporal_new	native_intact	ot_nolit__to__intogen_temporal_new	background
OTOF	2	0	intogen_temporal_new	native_intact	ot_nolit__to__intogen_temporal_new	background
REEP6	2	0	intogen_temporal_new	native_intact	ot_nolit__to__intogen_temporal_new	background
IGF2R	2	0	intogen_temporal_new	native_intact	ot_nolit__to__intogen_temporal_new	background
ACOT11	2	0	intogen_temporal_new	native_intact	ot_nolit__to__intogen_temporal_new	background
VSTM2B	2	0	intogen_temporal_new	native_intact	ot_nolit__to__intogen_temporal_new	background
ZNF789	2	0	intogen_temporal_new	native_intact	ot_nolit__to__intogen_temporal_new	background
CTIF	2	0	intogen_temporal_new	native_intact	ot_nolit__to__intogen_temporal_new	background
GMPS	2	0	intogen_temporal_new	native_intact	ot_nolit__to__intogen_temporal_new	background
RBM17	2	0	intogen_temporal_new	native_intact	ot_nolit__to__intogen_temporal_new	background
FOCAD	2	0	intogen_temporal_new	native_intact	ot_nolit__to__intogen_temporal_new	background
ITGA3	2	0	intogen_temporal_new	native_intact	ot_nolit__to__intogen_temporal_new	background
ARHGAP36	2	0	intogen_temporal_new	native_intact	ot_nolit__to__intogen_temporal_new	background
CAPRIN1	2	0	intogen_temporal_new	native_intact	ot_nolit__to__intogen_temporal_new	background
UBR3	2	0	intogen_temporal_new	native_intact	ot_nolit__to__intogen_temporal_new	background
SMTNL1	2	0	intogen_temporal_new	native_intact	ot_nolit__to__intogen_temporal_new	background
ANKIB1	2	0	intogen_temporal_new	native_intact	ot_nolit__to__intogen_temporal_new	background
ORMDL2	2	0	intogen_temporal_new	native_intact	ot_nolit__to__intogen_temporal_new	background
STAG3	2	0	intogen_temporal_new	native_intact	ot_nolit__to__intogen_temporal_new	background
SLC6A5	2	0	intogen_temporal_new	native_intact	ot_nolit__to__intogen_temporal_new	background
SLC17A6	2	0	intogen_temporal_new	native_intact	ot_nolit__to__intogen_temporal_new	background
COL24A1	2	0	intogen_temporal_new	native_intact	ot_nolit__to__intogen_temporal_new	background
REC8	2	0	intogen_temporal_new	native_intact	ot_nolit__to__intogen_temporal_new	background
NPW	2	0	intogen_temporal_new	native_intact	ot_nolit__to__intogen_temporal_new	background
PRR13	2	0	intogen_temporal_new	native_intact	ot_nolit__to__intogen_temporal_new	background
MRTFA	2	0	intogen_temporal_new	native_intact	ot_nolit__to__intogen_temporal_new	background
TSPO2	2	0	intogen_temporal_new	native_intact	ot_nolit__to__intogen_temporal_new	background
RPL26L1	2	0	intogen_temporal_new	native_intact	ot_nolit__to__intogen_temporal_new	background
ITGB3	2	0	intogen_temporal_new	native_intact	ot_nolit__to__intogen_temporal_new	background
CLSTN1	2	0	intogen_temporal_new	native_intact	ot_nolit__to__intogen_temporal_new	background
AKR1A1	2	0	intogen_temporal_new	native_intact	ot_nolit__to__intogen_temporal_new	background
MARCHF2	2	0	intogen_temporal_new	native_intact	ot_nolit__to__intogen_temporal_new	background
TMIE	2	0	intogen_temporal_new	native_intact	ot_nolit__to__intogen_temporal_new	background
CUL7	2	0	intogen_temporal_new	native_intact	ot_nolit__to__intogen_temporal_new	background
SMARCC1	2	0	intogen_temporal_new	native_intact	ot_nolit__to__intogen_temporal_new	background
HOXB9	2	0	intogen_temporal_new	native_intact	ot_nolit__to__intogen_temporal_new	background
TDG	2	0	intogen_temporal_new	native_intact	ot_nolit__to__intogen_temporal_new	background
CSRP3	2	0	intogen_temporal_new	native_intact	ot_nolit__to__intogen_temporal_new	background
ERGIC3	2	0	intogen_temporal_new	native_intact	ot_nolit__to__intogen_temporal_new	background
HNRNPU	2	0	intogen_temporal_new	native_intact	ot_nolit__to__intogen_temporal_new	background
FZD7	2	0	intogen_temporal_new	native_intact	ot_nolit__to__intogen_temporal_new	background
UBTF	2	0	intogen_temporal_new	native_intact	ot_nolit__to__intogen_temporal_new	background
LILRA5	2	0	intogen_temporal_new	native_intact	ot_nolit__to__intogen_temporal_new	background
FOXO1	2	0	intogen_temporal_new	native_intact	ot_nolit__to__intogen_temporal_new	background
MXD1	2	0	intogen_temporal_new	native_intact	ot_nolit__to__intogen_temporal_new	background
ZNG1E	2	0	intogen_temporal_new	native_intact	ot_nolit__to__intogen_temporal_new	background
BTN3A3	2	0	intogen_temporal_new	native_intact	ot_nolit__to__intogen_temporal_new	background
SPTBN5	2	0	intogen_temporal_new	native_intact	ot_nolit__to__intogen_temporal_new	background
IMPACT	2	0	intogen_temporal_new	native_intact	ot_nolit__to__intogen_temporal_new	background
LRRC39	2	0	intogen_temporal_new	native_intact	ot_nolit__to__intogen_temporal_new	background
DCANP1	2	0	intogen_temporal_new	native_intact	ot_nolit__to__intogen_temporal_new	background
DBI	2	0	intogen_temporal_new	native_intact	ot_nolit__to__intogen_temporal_new	background
PELI1	2	0	intogen_temporal_new	native_intact	ot_nolit__to__intogen_temporal_new	background
MIER1	2	0	intogen_temporal_new	native_intact	ot_nolit__to__intogen_temporal_new	background
SUPT20H	2	0	intogen_temporal_new	native_intact	ot_nolit__to__intogen_temporal_new	background
CAMK1G	2	0	intogen_temporal_new	native_intact	ot_nolit__to__intogen_temporal_new	background
TBC1D3F	2	0	intogen_temporal_new	native_intact	ot_nolit__to__intogen_temporal_new	background
CBLN1	2	0	intogen_temporal_new	native_intact	ot_nolit__to__intogen_temporal_new	background
LINC02908	2	0	intogen_temporal_new	native_intact	ot_nolit__to__intogen_temporal_new	background
USP34	2	0	intogen_temporal_new	native_intact	ot_nolit__to__intogen_temporal_new	background
COL8A2	2	0	intogen_temporal_new	native_intact	ot_nolit__to__intogen_temporal_new	background
SAYSD1	2	0	intogen_temporal_new	native_intact	ot_nolit__to__intogen_temporal_new	background
SLC10A5	2	0	intogen_temporal_new	native_intact	ot_nolit__to__intogen_temporal_new	background
PELP1	2	0	intogen_temporal_new	native_intact	ot_nolit__to__intogen_temporal_new	background
LCA5	2	0	intogen_temporal_new	native_intact	ot_nolit__to__intogen_temporal_new	background
FBXO2	2	0	intogen_temporal_new	native_intact	ot_nolit__to__intogen_temporal_new	background
PROX1	2	0	intogen_temporal_new	native_intact	ot_nolit__to__intogen_temporal_new	background
FBL	2	0	intogen_temporal_new	native_intact	ot_nolit__to__intogen_temporal_new	background
CHST14	2	0	intogen_temporal_new	native_intact	ot_nolit__to__intogen_temporal_new	background
GCSAML	2	0	intogen_temporal_new	native_intact	ot_nolit__to__intogen_temporal_new	background
LCE2A	2	0	intogen_temporal_new	native_intact	ot_nolit__to__intogen_temporal_new	background
CFH	2	0	intogen_temporal_new	native_intact	ot_nolit__to__intogen_temporal_new	background
PDF	2	0	intogen_temporal_new	native_intact	ot_nolit__to__intogen_temporal_new	background
GUK1	2	0	intogen_temporal_new	native_intact	ot_nolit__to__intogen_temporal_new	background
ZNF729	2	0	intogen_temporal_new	native_intact	ot_nolit__to__intogen_temporal_new	background
SREK1IP1	2	0	intogen_temporal_new	native_intact	ot_nolit__to__intogen_temporal_new	background
TENT5C	2	0	intogen_temporal_new	native_intact	ot_nolit__to__intogen_temporal_new	background
USP35	2	0	intogen_temporal_new	native_intact	ot_nolit__to__intogen_temporal_new	background
C20orf202	2	0	intogen_temporal_new	native_intact	ot_nolit__to__intogen_temporal_new	background
CENPM	2	0	intogen_temporal_new	native_intact	ot_nolit__to__intogen_temporal_new	background
CCNA1	2	0	intogen_temporal_new	native_intact	ot_nolit__to__intogen_temporal_new	background
VASH2	2	0	intogen_temporal_new	native_intact	ot_nolit__to__intogen_temporal_new	background
TMED5	2	0	intogen_temporal_new	native_intact	ot_nolit__to__intogen_temporal_new	background
SLC7A6OS	2	0	intogen_temporal_new	native_intact	ot_nolit__to__intogen_temporal_new	background
MBNL2	2	0	intogen_temporal_new	native_intact	ot_nolit__to__intogen_temporal_new	background
CCDC138	2	0	intogen_temporal_new	native_intact	ot_nolit__to__intogen_temporal_new	background
IGSF21	2	0	intogen_temporal_new	native_intact	ot_nolit__to__intogen_temporal_new	background
PRPS2	2	0	intogen_temporal_new	native_intact	ot_nolit__to__intogen_temporal_new	background
HSDL2	2	0	intogen_temporal_new	native_intact	ot_nolit__to__intogen_temporal_new	background
ZNF623	2	0	intogen_temporal_new	native_intact	ot_nolit__to__intogen_temporal_new	background
PDE2A	2	0	intogen_temporal_new	native_intact	ot_nolit__to__intogen_temporal_new	background
IDE	2	0	intogen_temporal_new	native_intact	ot_nolit__to__intogen_temporal_new	background
ALX4	2	0	intogen_temporal_new	native_intact	ot_nolit__to__intogen_temporal_new	background
PLCH1	2	0	intogen_temporal_new	native_intact	ot_nolit__to__intogen_temporal_new	background
NOL4L	2	0	intogen_temporal_new	native_intact	ot_nolit__to__intogen_temporal_new	background
RIPPLY1	2	0	intogen_temporal_new	native_intact	ot_nolit__to__intogen_temporal_new	background
DDR2	3	1	intogen_temporal_new	native_intact	ot_nolit__to__intogen_temporal_new	target
FMN2	3	1	intogen_temporal_new	native_intact	ot_nolit__to__intogen_temporal_new	target
TFRC	3	1	intogen_temporal_new	native_intact	ot_nolit__to__intogen_temporal_new	target
BTG2	3	1	intogen_temporal_new	native_intact	ot_nolit__to__intogen_temporal_new	target
GPAA1	3	1	intogen_temporal_new	native_intact	ot_nolit__to__intogen_temporal_new	target
TCF12	3	1	intogen_temporal_new	native_intact	ot_nolit__to__intogen_temporal_new	target
ACSM3	3	1	intogen_temporal_new	native_intact	ot_nolit__to__intogen_temporal_new	target
INPPL1	3	1	intogen_temporal_new	native_intact	ot_nolit__to__intogen_temporal_new	target
WNT1	3	1	intogen_temporal_new	native_intact	ot_nolit__to__intogen_temporal_new	target
AFF4	3	1	intogen_temporal_new	native_intact	ot_nolit__to__intogen_temporal_new	target
ROS1	3	1	intogen_temporal_new	native_intact	ot_nolit__to__intogen_temporal_new	target
GSK3B	3	1	intogen_temporal_new	native_intact	ot_nolit__to__intogen_temporal_new	target
ATP2B3	3	1	intogen_temporal_new	native_intact	ot_nolit__to__intogen_temporal_new	target
NCKIPSD	3	1	intogen_temporal_new	native_intact	ot_nolit__to__intogen_temporal_new	target
TCL1A	3	1	intogen_temporal_new	native_intact	ot_nolit__to__intogen_temporal_new	target
CTNNA2	3	1	intogen_temporal_new	native_intact	ot_nolit__to__intogen_temporal_new	target
GPC5	3	1	intogen_temporal_new	native_intact	ot_nolit__to__intogen_temporal_new	target
FUS	3	1	intogen_temporal_new	native_intact	ot_nolit__to__intogen_temporal_new	target
TMSB4X	3	1	intogen_temporal_new	native_intact	ot_nolit__to__intogen_temporal_new	target
AFDN	3	1	intogen_temporal_new	native_intact	ot_nolit__to__intogen_temporal_new	target
PER3	3	1	intogen_temporal_new	native_intact	ot_nolit__to__intogen_temporal_new	target
DSP	3	1	intogen_temporal_new	native_intact	ot_nolit__to__intogen_temporal_new	target
SAMHD1	3	1	intogen_temporal_new	native_intact	ot_nolit__to__intogen_temporal_new	target
TYW2	3	1	intogen_temporal_new	native_intact	ot_nolit__to__intogen_temporal_new	target
PTK6	3	1	intogen_temporal_new	native_intact	ot_nolit__to__intogen_temporal_new	target
ANKRD11	3	1	intogen_temporal_new	native_intact	ot_nolit__to__intogen_temporal_new	target
PI4KA	3	1	intogen_temporal_new	native_intact	ot_nolit__to__intogen_temporal_new	target
SDCBP	3	1	intogen_temporal_new	native_intact	ot_nolit__to__intogen_temporal_new	target
ROBO2	3	1	intogen_temporal_new	native_intact	ot_nolit__to__intogen_temporal_new	target
ZBTB48	3	1	intogen_temporal_new	native_intact	ot_nolit__to__intogen_temporal_new	target
TSHR	3	1	intogen_temporal_new	native_intact	ot_nolit__to__intogen_temporal_new	target
ITGAV	3	1	intogen_temporal_new	native_intact	ot_nolit__to__intogen_temporal_new	target
NVL	3	1	intogen_temporal_new	native_intact	ot_nolit__to__intogen_temporal_new	target
SMARCA2	3	1	intogen_temporal_new	native_intact	ot_nolit__to__intogen_temporal_new	target
KNSTRN	3	1	intogen_temporal_new	native_intact	ot_nolit__to__intogen_temporal_new	target
BMP6	3	1	intogen_temporal_new	native_intact	ot_nolit__to__intogen_temporal_new	target
PSPC1	3	1	intogen_temporal_new	native_intact	ot_nolit__to__intogen_temporal_new	target
CRLF2	3	1	intogen_temporal_new	native_intact	ot_nolit__to__intogen_temporal_new	target
LSM14A	3	1	intogen_temporal_new	native_intact	ot_nolit__to__intogen_temporal_new	target
PRKD1	3	1	intogen_temporal_new	native_intact	ot_nolit__to__intogen_temporal_new	target
CANT1	3	1	intogen_temporal_new	native_intact	ot_nolit__to__intogen_temporal_new	target
PLXNC1	3	1	intogen_temporal_new	native_intact	ot_nolit__to__intogen_temporal_new	target
HLA-DQA1	3	1	intogen_temporal_new	native_intact	ot_nolit__to__intogen_temporal_new	target
FBLN2	3	1	intogen_temporal_new	native_intact	ot_nolit__to__intogen_temporal_new	target
ACSL6	3	1	intogen_temporal_new	native_intact	ot_nolit__to__intogen_temporal_new	target
LPA	3	1	intogen_temporal_new	native_intact	ot_nolit__to__intogen_temporal_new	target
USP7	3	1	intogen_temporal_new	native_intact	ot_nolit__to__intogen_temporal_new	target
UBXN11	3	1	intogen_temporal_new	native_intact	ot_nolit__to__intogen_temporal_new	target
ARNT	3	1	intogen_temporal_new	native_intact	ot_nolit__to__intogen_temporal_new	target
ZNF274	3	1	intogen_temporal_new	native_intact	ot_nolit__to__intogen_temporal_new	target
PRDM16	3	1	intogen_temporal_new	native_intact	ot_nolit__to__intogen_temporal_new	target
ZNF395	3	1	intogen_temporal_new	native_intact	ot_nolit__to__intogen_temporal_new	target
KNL1	3	1	intogen_temporal_new	native_intact	ot_nolit__to__intogen_temporal_new	target
ZNF90	3	1	intogen_temporal_new	native_intact	ot_nolit__to__intogen_temporal_new	target
ALDH2	3	1	intogen_temporal_new	native_intact	ot_nolit__to__intogen_temporal_new	target
TAL2	3	1	intogen_temporal_new	native_intact	ot_nolit__to__intogen_temporal_new	target
CCAR1	3	1	intogen_temporal_new	native_intact	ot_nolit__to__intogen_temporal_new	target
TRAF7	3	1	intogen_temporal_new	native_intact	ot_nolit__to__intogen_temporal_new	target
RSPO2	3	1	intogen_temporal_new	native_intact	ot_nolit__to__intogen_temporal_new	target
ANK1	3	1	intogen_temporal_new	native_intact	ot_nolit__to__intogen_temporal_new	target
KMT5A	3	1	intogen_temporal_new	native_intact	ot_nolit__to__intogen_temporal_new	target
PWWP2A	3	1	intogen_temporal_new	native_intact	ot_nolit__to__intogen_temporal_new	target
SNX29	3	1	intogen_temporal_new	native_intact	ot_nolit__to__intogen_temporal_new	target
PTPN3	3	1	intogen_temporal_new	native_intact	ot_nolit__to__intogen_temporal_new	target
TMPRSS2	3	1	intogen_temporal_new	native_intact	ot_nolit__to__intogen_temporal_new	target
CEP89	3	1	intogen_temporal_new	native_intact	ot_nolit__to__intogen_temporal_new	target
HIF1A	3	1	intogen_temporal_new	native_intact	ot_nolit__to__intogen_temporal_new	target
MPL	3	1	intogen_temporal_new	native_intact	ot_nolit__to__intogen_temporal_new	target
ATP1A1	3	1	intogen_temporal_new	native_intact	ot_nolit__to__intogen_temporal_new	target
TPR	3	1	intogen_temporal_new	native_intact	ot_nolit__to__intogen_temporal_new	target
FCRL4	3	1	intogen_temporal_new	native_intact	ot_nolit__to__intogen_temporal_new	target
COL2A1	3	1	intogen_temporal_new	native_intact	ot_nolit__to__intogen_temporal_new	target
NSD3	3	1	intogen_temporal_new	native_intact	ot_nolit__to__intogen_temporal_new	target
RRN3	3	1	intogen_temporal_new	native_intact	ot_nolit__to__intogen_temporal_new	target
ETV1	3	1	intogen_temporal_new	native_intact	ot_nolit__to__intogen_temporal_new	target
ADAMTS9	3	1	intogen_temporal_new	native_intact	ot_nolit__to__intogen_temporal_new	target
MDGA2	3	1	intogen_temporal_new	native_intact	ot_nolit__to__intogen_temporal_new	target
ZCCHC8	3	1	intogen_temporal_new	native_intact	ot_nolit__to__intogen_temporal_new	target
THRAP3	3	1	intogen_temporal_new	native_intact	ot_nolit__to__intogen_temporal_new	target
HLA-C	3	1	intogen_temporal_new	native_intact	ot_nolit__to__intogen_temporal_new	target
MLLT6	3	1	intogen_temporal_new	native_intact	ot_nolit__to__intogen_temporal_new	target
CHRDL1	3	1	intogen_temporal_new	native_intact	ot_nolit__to__intogen_temporal_new	target
NACA	3	1	intogen_temporal_new	native_intact	ot_nolit__to__intogen_temporal_new	target
PCM1	3	1	intogen_temporal_new	native_intact	ot_nolit__to__intogen_temporal_new	target
RPL5	3	1	intogen_temporal_new	native_intact	ot_nolit__to__intogen_temporal_new	target
LEF1	3	1	intogen_temporal_new	native_intact	ot_nolit__to__intogen_temporal_new	target
NCAPH	3	1	intogen_temporal_new	native_intact	ot_nolit__to__intogen_temporal_new	target
REST	3	1	intogen_temporal_new	native_intact	ot_nolit__to__intogen_temporal_new	target
TAL1	3	1	intogen_temporal_new	native_intact	ot_nolit__to__intogen_temporal_new	target
MYEOV	3	1	intogen_temporal_new	native_intact	ot_nolit__to__intogen_temporal_new	target
WWTR1	3	1	intogen_temporal_new	native_intact	ot_nolit__to__intogen_temporal_new	target
CTNND2	3	1	intogen_temporal_new	native_intact	ot_nolit__to__intogen_temporal_new	target
FNDC3B	3	1	intogen_temporal_new	native_intact	ot_nolit__to__intogen_temporal_new	target
CADM2	3	1	intogen_temporal_new	native_intact	ot_nolit__to__intogen_temporal_new	target
NUTM1	3	1	intogen_temporal_new	native_intact	ot_nolit__to__intogen_temporal_new	target
CSPG4	3	1	intogen_temporal_new	native_intact	ot_nolit__to__intogen_temporal_new	target
EIF4A2	3	1	intogen_temporal_new	native_intact	ot_nolit__to__intogen_temporal_new	target
COL6A3	3	1	intogen_temporal_new	native_intact	ot_nolit__to__intogen_temporal_new	target
KAT7	3	1	intogen_temporal_new	native_intact	ot_nolit__to__intogen_temporal_new	target
PDZD2	3	1	intogen_temporal_new	native_intact	ot_nolit__to__intogen_temporal_new	target
ZMYM3	3	1	intogen_temporal_new	native_intact	ot_nolit__to__intogen_temporal_new	target
PICALM	3	1	intogen_temporal_new	native_intact	ot_nolit__to__intogen_temporal_new	target
CD209	3	1	intogen_temporal_new	native_intact	ot_nolit__to__intogen_temporal_new	target
MED23	3	1	intogen_temporal_new	native_intact	ot_nolit__to__intogen_temporal_new	target
MIB2	3	1	intogen_temporal_new	native_intact	ot_nolit__to__intogen_temporal_new	target
FCGR2B	3	1	intogen_temporal_new	native_intact	ot_nolit__to__intogen_temporal_new	target
CBLB	3	1	intogen_temporal_new	native_intact	ot_nolit__to__intogen_temporal_new	target
CCNT1	3	1	intogen_temporal_new	native_intact	ot_nolit__to__intogen_temporal_new	target
ACVR1B	3	1	intogen_temporal_new	native_intact	ot_nolit__to__intogen_temporal_new	target
MACC1	3	1	intogen_temporal_new	native_intact	ot_nolit__to__intogen_temporal_new	target
HCAR3	3	1	intogen_temporal_new	native_intact	ot_nolit__to__intogen_temporal_new	target
ZNF331	3	1	intogen_temporal_new	native_intact	ot_nolit__to__intogen_temporal_new	target
MCM7	3	1	intogen_temporal_new	native_intact	ot_nolit__to__intogen_temporal_new	target
TAF1L	3	1	intogen_temporal_new	native_intact	ot_nolit__to__intogen_temporal_new	target
FGD1	3	1	intogen_temporal_new	native_intact	ot_nolit__to__intogen_temporal_new	target
SLC34A2	3	1	intogen_temporal_new	native_intact	ot_nolit__to__intogen_temporal_new	target
CHD7	3	1	intogen_temporal_new	native_intact	ot_nolit__to__intogen_temporal_new	target
NUP98	3	1	intogen_temporal_new	native_intact	ot_nolit__to__intogen_temporal_new	target
ABCC4	3	1	intogen_temporal_new	native_intact	ot_nolit__to__intogen_temporal_new	target
PRUNE2	3	1	intogen_temporal_new	native_intact	ot_nolit__to__intogen_temporal_new	target
BAZ1A	3	1	intogen_temporal_new	native_intact	ot_nolit__to__intogen_temporal_new	target
SHTN1	3	1	intogen_temporal_new	native_intact	ot_nolit__to__intogen_temporal_new	target
GRM3	3	1	intogen_temporal_new	native_intact	ot_nolit__to__intogen_temporal_new	target
CSMD3	3	1	intogen_temporal_new	native_intact	ot_nolit__to__intogen_temporal_new	target
ELK4	3	1	intogen_temporal_new	native_intact	ot_nolit__to__intogen_temporal_new	target
ZNF750	3	1	intogen_temporal_new	native_intact	ot_nolit__to__intogen_temporal_new	target
PAX5	3	1	intogen_temporal_new	native_intact	ot_nolit__to__intogen_temporal_new	target
COL6A6	3	1	intogen_temporal_new	native_intact	ot_nolit__to__intogen_temporal_new	target
N4BP2	3	1	intogen_temporal_new	native_intact	ot_nolit__to__intogen_temporal_new	target
NTRK2	3	1	intogen_temporal_new	native_intact	ot_nolit__to__intogen_temporal_new	target
KLF6	3	1	intogen_temporal_new	native_intact	ot_nolit__to__intogen_temporal_new	target
ALPK1	3	1	intogen_temporal_new	native_intact	ot_nolit__to__intogen_temporal_new	target
FDXACB1	3	0	intogen_temporal_new	native_intact	ot_nolit__to__intogen_temporal_new	background
MKX	3	0	intogen_temporal_new	native_intact	ot_nolit__to__intogen_temporal_new	background
DLG3	3	0	intogen_temporal_new	native_intact	ot_nolit__to__intogen_temporal_new	background
ACBD3	3	0	intogen_temporal_new	native_intact	ot_nolit__to__intogen_temporal_new	background
ATL1	3	0	intogen_temporal_new	native_intact	ot_nolit__to__intogen_temporal_new	background
NUP42	3	0	intogen_temporal_new	native_intact	ot_nolit__to__intogen_temporal_new	background
VEGFB	3	0	intogen_temporal_new	native_intact	ot_nolit__to__intogen_temporal_new	background
TMEM59L	3	0	intogen_temporal_new	native_intact	ot_nolit__to__intogen_temporal_new	background
NEFL	3	0	intogen_temporal_new	native_intact	ot_nolit__to__intogen_temporal_new	background
ZNF593	3	0	intogen_temporal_new	native_intact	ot_nolit__to__intogen_temporal_new	background
UBA1	3	0	intogen_temporal_new	native_intact	ot_nolit__to__intogen_temporal_new	background
DNAJB3P	3	0	intogen_temporal_new	native_intact	ot_nolit__to__intogen_temporal_new	background
ABCD2	3	0	intogen_temporal_new	native_intact	ot_nolit__to__intogen_temporal_new	background
SLC19A3	3	0	intogen_temporal_new	native_intact	ot_nolit__to__intogen_temporal_new	background
GTSF1L	3	0	intogen_temporal_new	native_intact	ot_nolit__to__intogen_temporal_new	background
RNF146	3	0	intogen_temporal_new	native_intact	ot_nolit__to__intogen_temporal_new	background
ST3GAL6	3	0	intogen_temporal_new	native_intact	ot_nolit__to__intogen_temporal_new	background
AGTR2	3	0	intogen_temporal_new	native_intact	ot_nolit__to__intogen_temporal_new	background
C15orf61	3	0	intogen_temporal_new	native_intact	ot_nolit__to__intogen_temporal_new	background
COBLL1	3	0	intogen_temporal_new	native_intact	ot_nolit__to__intogen_temporal_new	background
C16orf54	3	0	intogen_temporal_new	native_intact	ot_nolit__to__intogen_temporal_new	background
DNAJB9	3	0	intogen_temporal_new	native_intact	ot_nolit__to__intogen_temporal_new	background
CELF2	3	0	intogen_temporal_new	native_intact	ot_nolit__to__intogen_temporal_new	background
CRP	3	0	intogen_temporal_new	native_intact	ot_nolit__to__intogen_temporal_new	background
PPEF1	3	0	intogen_temporal_new	native_intact	ot_nolit__to__intogen_temporal_new	background
BRD8	3	0	intogen_temporal_new	native_intact	ot_nolit__to__intogen_temporal_new	background
TAF7L	3	0	intogen_temporal_new	native_intact	ot_nolit__to__intogen_temporal_new	background
NEK3	3	0	intogen_temporal_new	native_intact	ot_nolit__to__intogen_temporal_new	background
PXYLP1	3	0	intogen_temporal_new	native_intact	ot_nolit__to__intogen_temporal_new	background
NUDT9	3	0	intogen_temporal_new	native_intact	ot_nolit__to__intogen_temporal_new	background
CRLF1	3	0	intogen_temporal_new	native_intact	ot_nolit__to__intogen_temporal_new	background
SF1	3	0	intogen_temporal_new	native_intact	ot_nolit__to__intogen_temporal_new	background
NUCLEOLIN	3	0	intogen_temporal_new	native_intact	ot_nolit__to__intogen_temporal_new	background
SERINC2	3	0	intogen_temporal_new	native_intact	ot_nolit__to__intogen_temporal_new	background
S100A10	3	0	intogen_temporal_new	native_intact	ot_nolit__to__intogen_temporal_new	background
FOXR1	3	0	intogen_temporal_new	native_intact	ot_nolit__to__intogen_temporal_new	background
GATB	3	0	intogen_temporal_new	native_intact	ot_nolit__to__intogen_temporal_new	background
COMMD5	3	0	intogen_temporal_new	native_intact	ot_nolit__to__intogen_temporal_new	background
SNORC	3	0	intogen_temporal_new	native_intact	ot_nolit__to__intogen_temporal_new	background
TYRP1	3	0	intogen_temporal_new	native_intact	ot_nolit__to__intogen_temporal_new	background
LIPF	3	0	intogen_temporal_new	native_intact	ot_nolit__to__intogen_temporal_new	background
ABRACL	3	0	intogen_temporal_new	native_intact	ot_nolit__to__intogen_temporal_new	background
CCDC102A	3	0	intogen_temporal_new	native_intact	ot_nolit__to__intogen_temporal_new	background
OXR1	3	0	intogen_temporal_new	native_intact	ot_nolit__to__intogen_temporal_new	background
C1QBP	3	0	intogen_temporal_new	native_intact	ot_nolit__to__intogen_temporal_new	background
FCRL5	3	0	intogen_temporal_new	native_intact	ot_nolit__to__intogen_temporal_new	background
S100A7	3	0	intogen_temporal_new	native_intact	ot_nolit__to__intogen_temporal_new	background
SLC44A5	3	0	intogen_temporal_new	native_intact	ot_nolit__to__intogen_temporal_new	background
NFKBIL1	3	0	intogen_temporal_new	native_intact	ot_nolit__to__intogen_temporal_new	background
PIGQ	3	0	intogen_temporal_new	native_intact	ot_nolit__to__intogen_temporal_new	background
IFT70B	3	0	intogen_temporal_new	native_intact	ot_nolit__to__intogen_temporal_new	background
NAE1	3	0	intogen_temporal_new	native_intact	ot_nolit__to__intogen_temporal_new	background
SLMAP	3	0	intogen_temporal_new	native_intact	ot_nolit__to__intogen_temporal_new	background
GP5	3	0	intogen_temporal_new	native_intact	ot_nolit__to__intogen_temporal_new	background
AKAP12	3	0	intogen_temporal_new	native_intact	ot_nolit__to__intogen_temporal_new	background
MISO1	3	0	intogen_temporal_new	native_intact	ot_nolit__to__intogen_temporal_new	background
RNF39	3	0	intogen_temporal_new	native_intact	ot_nolit__to__intogen_temporal_new	background
LGALS3	3	0	intogen_temporal_new	native_intact	ot_nolit__to__intogen_temporal_new	background
C10orf71	3	0	intogen_temporal_new	native_intact	ot_nolit__to__intogen_temporal_new	background
HSPB3	3	0	intogen_temporal_new	native_intact	ot_nolit__to__intogen_temporal_new	background
NUB1	3	0	intogen_temporal_new	native_intact	ot_nolit__to__intogen_temporal_new	background
RBM27	3	0	intogen_temporal_new	native_intact	ot_nolit__to__intogen_temporal_new	background
GPR12	3	0	intogen_temporal_new	native_intact	ot_nolit__to__intogen_temporal_new	background
TMEM100	3	0	intogen_temporal_new	native_intact	ot_nolit__to__intogen_temporal_new	background
GRAP	3	0	intogen_temporal_new	native_intact	ot_nolit__to__intogen_temporal_new	background
DCP2	3	0	intogen_temporal_new	native_intact	ot_nolit__to__intogen_temporal_new	background
STON2	3	0	intogen_temporal_new	native_intact	ot_nolit__to__intogen_temporal_new	background
MAGEC3	3	0	intogen_temporal_new	native_intact	ot_nolit__to__intogen_temporal_new	background
SLCO3A1	3	0	intogen_temporal_new	native_intact	ot_nolit__to__intogen_temporal_new	background
C9orf152	3	0	intogen_temporal_new	native_intact	ot_nolit__to__intogen_temporal_new	background
TNIP3	3	0	intogen_temporal_new	native_intact	ot_nolit__to__intogen_temporal_new	background
TAF5L	3	0	intogen_temporal_new	native_intact	ot_nolit__to__intogen_temporal_new	background
LEMD2	3	0	intogen_temporal_new	native_intact	ot_nolit__to__intogen_temporal_new	background
MTHFSD	3	0	intogen_temporal_new	native_intact	ot_nolit__to__intogen_temporal_new	background
TMEM223	3	0	intogen_temporal_new	native_intact	ot_nolit__to__intogen_temporal_new	background
EFHD1	3	0	intogen_temporal_new	native_intact	ot_nolit__to__intogen_temporal_new	background
CHRNB1	3	0	intogen_temporal_new	native_intact	ot_nolit__to__intogen_temporal_new	background
CARM1	3	0	intogen_temporal_new	native_intact	ot_nolit__to__intogen_temporal_new	background
ZDHHC5	3	0	intogen_temporal_new	native_intact	ot_nolit__to__intogen_temporal_new	background
HUWE1	3	0	intogen_temporal_new	native_intact	ot_nolit__to__intogen_temporal_new	background
HOXA9	3	0	intogen_temporal_new	native_intact	ot_nolit__to__intogen_temporal_new	background
VKORC1L1	3	0	intogen_temporal_new	native_intact	ot_nolit__to__intogen_temporal_new	background
INTS10	3	0	intogen_temporal_new	native_intact	ot_nolit__to__intogen_temporal_new	background
PSMG2	3	0	intogen_temporal_new	native_intact	ot_nolit__to__intogen_temporal_new	background
CDC42BPG	3	0	intogen_temporal_new	native_intact	ot_nolit__to__intogen_temporal_new	background
SLC31A1	3	0	intogen_temporal_new	native_intact	ot_nolit__to__intogen_temporal_new	background
HLA-DOA	3	0	intogen_temporal_new	native_intact	ot_nolit__to__intogen_temporal_new	background
CCKAR	3	0	intogen_temporal_new	native_intact	ot_nolit__to__intogen_temporal_new	background
HNRNPCL4	3	0	intogen_temporal_new	native_intact	ot_nolit__to__intogen_temporal_new	background
ZSCAN1	3	0	intogen_temporal_new	native_intact	ot_nolit__to__intogen_temporal_new	background
FYTTD1	3	0	intogen_temporal_new	native_intact	ot_nolit__to__intogen_temporal_new	background
PIGP	3	0	intogen_temporal_new	native_intact	ot_nolit__to__intogen_temporal_new	background
LRRC51	3	0	intogen_temporal_new	native_intact	ot_nolit__to__intogen_temporal_new	background
KDM1A	3	0	intogen_temporal_new	native_intact	ot_nolit__to__intogen_temporal_new	background
GRP	3	0	intogen_temporal_new	native_intact	ot_nolit__to__intogen_temporal_new	background
GFM1	3	0	intogen_temporal_new	native_intact	ot_nolit__to__intogen_temporal_new	background
FLG2	3	0	intogen_temporal_new	native_intact	ot_nolit__to__intogen_temporal_new	background
IL5	3	0	intogen_temporal_new	native_intact	ot_nolit__to__intogen_temporal_new	background
PIK3CB	3	0	intogen_temporal_new	native_intact	ot_nolit__to__intogen_temporal_new	background
NPIPB6	3	0	intogen_temporal_new	native_intact	ot_nolit__to__intogen_temporal_new	background
KLHDC1	3	0	intogen_temporal_new	native_intact	ot_nolit__to__intogen_temporal_new	background
PPARD	3	0	intogen_temporal_new	native_intact	ot_nolit__to__intogen_temporal_new	background
NOB1	3	0	intogen_temporal_new	native_intact	ot_nolit__to__intogen_temporal_new	background
SIAH2	3	0	intogen_temporal_new	native_intact	ot_nolit__to__intogen_temporal_new	background
CASZ1	3	0	intogen_temporal_new	native_intact	ot_nolit__to__intogen_temporal_new	background
RAC2	3	0	intogen_temporal_new	native_intact	ot_nolit__to__intogen_temporal_new	background
CLPTM1L	3	0	intogen_temporal_new	native_intact	ot_nolit__to__intogen_temporal_new	background
SRGAP2	3	0	intogen_temporal_new	native_intact	ot_nolit__to__intogen_temporal_new	background
GLYATL1	3	0	intogen_temporal_new	native_intact	ot_nolit__to__intogen_temporal_new	background
CLNS1A	3	0	intogen_temporal_new	native_intact	ot_nolit__to__intogen_temporal_new	background
CHPF2	3	0	intogen_temporal_new	native_intact	ot_nolit__to__intogen_temporal_new	background
ACKR5	3	0	intogen_temporal_new	native_intact	ot_nolit__to__intogen_temporal_new	background
PLEKHH3	3	0	intogen_temporal_new	native_intact	ot_nolit__to__intogen_temporal_new	background
RNF123	3	0	intogen_temporal_new	native_intact	ot_nolit__to__intogen_temporal_new	background
SHMT2	3	0	intogen_temporal_new	native_intact	ot_nolit__to__intogen_temporal_new	background
SLC22A24	3	0	intogen_temporal_new	native_intact	ot_nolit__to__intogen_temporal_new	background
HNRNPM	3	0	intogen_temporal_new	native_intact	ot_nolit__to__intogen_temporal_new	background
MYL6B	3	0	intogen_temporal_new	native_intact	ot_nolit__to__intogen_temporal_new	background
LRTM1	3	0	intogen_temporal_new	native_intact	ot_nolit__to__intogen_temporal_new	background
POLR1E	3	0	intogen_temporal_new	native_intact	ot_nolit__to__intogen_temporal_new	background
ZDHHC18	3	0	intogen_temporal_new	native_intact	ot_nolit__to__intogen_temporal_new	background
DCPS	3	0	intogen_temporal_new	native_intact	ot_nolit__to__intogen_temporal_new	background
POLR2I	3	0	intogen_temporal_new	native_intact	ot_nolit__to__intogen_temporal_new	background
XPO6	3	0	intogen_temporal_new	native_intact	ot_nolit__to__intogen_temporal_new	background
CNIH2	3	0	intogen_temporal_new	native_intact	ot_nolit__to__intogen_temporal_new	background
KCNK18	3	0	intogen_temporal_new	native_intact	ot_nolit__to__intogen_temporal_new	background
RAB7B	3	0	intogen_temporal_new	native_intact	ot_nolit__to__intogen_temporal_new	background
COL22A1	3	0	intogen_temporal_new	native_intact	ot_nolit__to__intogen_temporal_new	background
JMJD8	3	0	intogen_temporal_new	native_intact	ot_nolit__to__intogen_temporal_new	background
KCTD17	3	0	intogen_temporal_new	native_intact	ot_nolit__to__intogen_temporal_new	background
LACRT	3	0	intogen_temporal_new	native_intact	ot_nolit__to__intogen_temporal_new	background
GHRHR	3	0	intogen_temporal_new	native_intact	ot_nolit__to__intogen_temporal_new	background
SLC30A10	3	0	intogen_temporal_new	native_intact	ot_nolit__to__intogen_temporal_new	background
SDAD1	3	0	intogen_temporal_new	native_intact	ot_nolit__to__intogen_temporal_new	background
TMEM14C	3	0	intogen_temporal_new	native_intact	ot_nolit__to__intogen_temporal_new	background
RINT1	3	0	intogen_temporal_new	native_intact	ot_nolit__to__intogen_temporal_new	background
MAL	3	0	intogen_temporal_new	native_intact	ot_nolit__to__intogen_temporal_new	background
KLHL35	3	0	intogen_temporal_new	native_intact	ot_nolit__to__intogen_temporal_new	background
TTLL9	3	0	intogen_temporal_new	native_intact	ot_nolit__to__intogen_temporal_new	background
ADAMTSL3	3	0	intogen_temporal_new	native_intact	ot_nolit__to__intogen_temporal_new	background
MLPH	3	0	intogen_temporal_new	native_intact	ot_nolit__to__intogen_temporal_new	background
HOXD1	3	0	intogen_temporal_new	native_intact	ot_nolit__to__intogen_temporal_new	background
NGRN	3	0	intogen_temporal_new	native_intact	ot_nolit__to__intogen_temporal_new	background
MTA3	3	0	intogen_temporal_new	native_intact	ot_nolit__to__intogen_temporal_new	background
LITAF	3	0	intogen_temporal_new	native_intact	ot_nolit__to__intogen_temporal_new	background
CREB5	3	0	intogen_temporal_new	native_intact	ot_nolit__to__intogen_temporal_new	background
FGGY	3	0	intogen_temporal_new	native_intact	ot_nolit__to__intogen_temporal_new	background
GALNT13	3	0	intogen_temporal_new	native_intact	ot_nolit__to__intogen_temporal_new	background
FBXL14	3	0	intogen_temporal_new	native_intact	ot_nolit__to__intogen_temporal_new	background
RECK	3	0	intogen_temporal_new	native_intact	ot_nolit__to__intogen_temporal_new	background
NT5C3A	3	0	intogen_temporal_new	native_intact	ot_nolit__to__intogen_temporal_new	background
MED11	3	0	intogen_temporal_new	native_intact	ot_nolit__to__intogen_temporal_new	background
GLB1L2	3	0	intogen_temporal_new	native_intact	ot_nolit__to__intogen_temporal_new	background
BARHL1	3	0	intogen_temporal_new	native_intact	ot_nolit__to__intogen_temporal_new	background
SLC35F5	3	0	intogen_temporal_new	native_intact	ot_nolit__to__intogen_temporal_new	background
NTS	3	0	intogen_temporal_new	native_intact	ot_nolit__to__intogen_temporal_new	background
SLC25A19	3	0	intogen_temporal_new	native_intact	ot_nolit__to__intogen_temporal_new	background
CHKA	3	0	intogen_temporal_new	native_intact	ot_nolit__to__intogen_temporal_new	background
RABGGTA	3	0	intogen_temporal_new	native_intact	ot_nolit__to__intogen_temporal_new	background
ANKRD20A1	3	0	intogen_temporal_new	native_intact	ot_nolit__to__intogen_temporal_new	background
ADA	3	0	intogen_temporal_new	native_intact	ot_nolit__to__intogen_temporal_new	background
SPMIP6	3	0	intogen_temporal_new	native_intact	ot_nolit__to__intogen_temporal_new	background
COQ6	3	0	intogen_temporal_new	native_intact	ot_nolit__to__intogen_temporal_new	background
PGGT1B	3	0	intogen_temporal_new	native_intact	ot_nolit__to__intogen_temporal_new	background
DLG1	3	0	intogen_temporal_new	native_intact	ot_nolit__to__intogen_temporal_new	background
CLCN5	3	0	intogen_temporal_new	native_intact	ot_nolit__to__intogen_temporal_new	background
MAGI2	3	0	intogen_temporal_new	native_intact	ot_nolit__to__intogen_temporal_new	background
SEPTIN10	3	0	intogen_temporal_new	native_intact	ot_nolit__to__intogen_temporal_new	background
ONECUT3	3	0	intogen_temporal_new	native_intact	ot_nolit__to__intogen_temporal_new	background
PCDHA4	3	0	intogen_temporal_new	native_intact	ot_nolit__to__intogen_temporal_new	background
AFAP1L1	3	0	intogen_temporal_new	native_intact	ot_nolit__to__intogen_temporal_new	background
FASTKD5	3	0	intogen_temporal_new	native_intact	ot_nolit__to__intogen_temporal_new	background
RNF113A	3	0	intogen_temporal_new	native_intact	ot_nolit__to__intogen_temporal_new	background
KHDC3L	3	0	intogen_temporal_new	native_intact	ot_nolit__to__intogen_temporal_new	background
RTP5	3	0	intogen_temporal_new	native_intact	ot_nolit__to__intogen_temporal_new	background
IKZF4	3	0	intogen_temporal_new	native_intact	ot_nolit__to__intogen_temporal_new	background
PLD6	3	0	intogen_temporal_new	native_intact	ot_nolit__to__intogen_temporal_new	background
CHAF1B	3	0	intogen_temporal_new	native_intact	ot_nolit__to__intogen_temporal_new	background
GTPBP10	3	0	intogen_temporal_new	native_intact	ot_nolit__to__intogen_temporal_new	background
ELOVL3	3	0	intogen_temporal_new	native_intact	ot_nolit__to__intogen_temporal_new	background
ARHGEF37	3	0	intogen_temporal_new	native_intact	ot_nolit__to__intogen_temporal_new	background
NPM1	3	0	intogen_temporal_new	native_intact	ot_nolit__to__intogen_temporal_new	background
KPNB1	3	0	intogen_temporal_new	native_intact	ot_nolit__to__intogen_temporal_new	background
GRHL3	3	0	intogen_temporal_new	native_intact	ot_nolit__to__intogen_temporal_new	background
MAT2A	3	0	intogen_temporal_new	native_intact	ot_nolit__to__intogen_temporal_new	background
CCK	3	0	intogen_temporal_new	native_intact	ot_nolit__to__intogen_temporal_new	background
PLXNB1	3	0	intogen_temporal_new	native_intact	ot_nolit__to__intogen_temporal_new	background
BBS1	3	0	intogen_temporal_new	native_intact	ot_nolit__to__intogen_temporal_new	background
CHST1	3	0	intogen_temporal_new	native_intact	ot_nolit__to__intogen_temporal_new	background
EDNRB	3	0	intogen_temporal_new	native_intact	ot_nolit__to__intogen_temporal_new	background
ELP5	3	0	intogen_temporal_new	native_intact	ot_nolit__to__intogen_temporal_new	background
ATOH7	3	0	intogen_temporal_new	native_intact	ot_nolit__to__intogen_temporal_new	background
VENTX	3	0	intogen_temporal_new	native_intact	ot_nolit__to__intogen_temporal_new	background
ZNF445	3	0	intogen_temporal_new	native_intact	ot_nolit__to__intogen_temporal_new	background
SLC35A1	3	0	intogen_temporal_new	native_intact	ot_nolit__to__intogen_temporal_new	background
MPTX1	3	0	intogen_temporal_new	native_intact	ot_nolit__to__intogen_temporal_new	background
CACNA1G	3	0	intogen_temporal_new	native_intact	ot_nolit__to__intogen_temporal_new	background
UTP25	3	0	intogen_temporal_new	native_intact	ot_nolit__to__intogen_temporal_new	background
CA2	3	0	intogen_temporal_new	native_intact	ot_nolit__to__intogen_temporal_new	background
LINC03122	3	0	intogen_temporal_new	native_intact	ot_nolit__to__intogen_temporal_new	background
DDR2	4	1	intogen_temporal_new	native_intact	ot_nolit__to__intogen_temporal_new	target
FMN2	4	1	intogen_temporal_new	native_intact	ot_nolit__to__intogen_temporal_new	target
TFRC	4	1	intogen_temporal_new	native_intact	ot_nolit__to__intogen_temporal_new	target
BTG2	4	1	intogen_temporal_new	native_intact	ot_nolit__to__intogen_temporal_new	target
GPAA1	4	1	intogen_temporal_new	native_intact	ot_nolit__to__intogen_temporal_new	target
TCF12	4	1	intogen_temporal_new	native_intact	ot_nolit__to__intogen_temporal_new	target
ACSM3	4	1	intogen_temporal_new	native_intact	ot_nolit__to__intogen_temporal_new	target
INPPL1	4	1	intogen_temporal_new	native_intact	ot_nolit__to__intogen_temporal_new	target
WNT1	4	1	intogen_temporal_new	native_intact	ot_nolit__to__intogen_temporal_new	target
AFF4	4	1	intogen_temporal_new	native_intact	ot_nolit__to__intogen_temporal_new	target
ROS1	4	1	intogen_temporal_new	native_intact	ot_nolit__to__intogen_temporal_new	target
GSK3B	4	1	intogen_temporal_new	native_intact	ot_nolit__to__intogen_temporal_new	target
ATP2B3	4	1	intogen_temporal_new	native_intact	ot_nolit__to__intogen_temporal_new	target
NCKIPSD	4	1	intogen_temporal_new	native_intact	ot_nolit__to__intogen_temporal_new	target
TCL1A	4	1	intogen_temporal_new	native_intact	ot_nolit__to__intogen_temporal_new	target
CTNNA2	4	1	intogen_temporal_new	native_intact	ot_nolit__to__intogen_temporal_new	target
GPC5	4	1	intogen_temporal_new	native_intact	ot_nolit__to__intogen_temporal_new	target
FUS	4	1	intogen_temporal_new	native_intact	ot_nolit__to__intogen_temporal_new	target
TMSB4X	4	1	intogen_temporal_new	native_intact	ot_nolit__to__intogen_temporal_new	target
AFDN	4	1	intogen_temporal_new	native_intact	ot_nolit__to__intogen_temporal_new	target
PER3	4	1	intogen_temporal_new	native_intact	ot_nolit__to__intogen_temporal_new	target
DSP	4	1	intogen_temporal_new	native_intact	ot_nolit__to__intogen_temporal_new	target
SAMHD1	4	1	intogen_temporal_new	native_intact	ot_nolit__to__intogen_temporal_new	target
TYW2	4	1	intogen_temporal_new	native_intact	ot_nolit__to__intogen_temporal_new	target
PTK6	4	1	intogen_temporal_new	native_intact	ot_nolit__to__intogen_temporal_new	target
ANKRD11	4	1	intogen_temporal_new	native_intact	ot_nolit__to__intogen_temporal_new	target
PI4KA	4	1	intogen_temporal_new	native_intact	ot_nolit__to__intogen_temporal_new	target
SDCBP	4	1	intogen_temporal_new	native_intact	ot_nolit__to__intogen_temporal_new	target
ROBO2	4	1	intogen_temporal_new	native_intact	ot_nolit__to__intogen_temporal_new	target
ZBTB48	4	1	intogen_temporal_new	native_intact	ot_nolit__to__intogen_temporal_new	target
TSHR	4	1	intogen_temporal_new	native_intact	ot_nolit__to__intogen_temporal_new	target
ITGAV	4	1	intogen_temporal_new	native_intact	ot_nolit__to__intogen_temporal_new	target
NVL	4	1	intogen_temporal_new	native_intact	ot_nolit__to__intogen_temporal_new	target
SMARCA2	4	1	intogen_temporal_new	native_intact	ot_nolit__to__intogen_temporal_new	target
KNSTRN	4	1	intogen_temporal_new	native_intact	ot_nolit__to__intogen_temporal_new	target
BMP6	4	1	intogen_temporal_new	native_intact	ot_nolit__to__intogen_temporal_new	target
PSPC1	4	1	intogen_temporal_new	native_intact	ot_nolit__to__intogen_temporal_new	target
CRLF2	4	1	intogen_temporal_new	native_intact	ot_nolit__to__intogen_temporal_new	target
LSM14A	4	1	intogen_temporal_new	native_intact	ot_nolit__to__intogen_temporal_new	target
PRKD1	4	1	intogen_temporal_new	native_intact	ot_nolit__to__intogen_temporal_new	target
CANT1	4	1	intogen_temporal_new	native_intact	ot_nolit__to__intogen_temporal_new	target
PLXNC1	4	1	intogen_temporal_new	native_intact	ot_nolit__to__intogen_temporal_new	target
HLA-DQA1	4	1	intogen_temporal_new	native_intact	ot_nolit__to__intogen_temporal_new	target
FBLN2	4	1	intogen_temporal_new	native_intact	ot_nolit__to__intogen_temporal_new	target
ACSL6	4	1	intogen_temporal_new	native_intact	ot_nolit__to__intogen_temporal_new	target
LPA	4	1	intogen_temporal_new	native_intact	ot_nolit__to__intogen_temporal_new	target
USP7	4	1	intogen_temporal_new	native_intact	ot_nolit__to__intogen_temporal_new	target
UBXN11	4	1	intogen_temporal_new	native_intact	ot_nolit__to__intogen_temporal_new	target
ARNT	4	1	intogen_temporal_new	native_intact	ot_nolit__to__intogen_temporal_new	target
ZNF274	4	1	intogen_temporal_new	native_intact	ot_nolit__to__intogen_temporal_new	target
PRDM16	4	1	intogen_temporal_new	native_intact	ot_nolit__to__intogen_temporal_new	target
ZNF395	4	1	intogen_temporal_new	native_intact	ot_nolit__to__intogen_temporal_new	target
KNL1	4	1	intogen_temporal_new	native_intact	ot_nolit__to__intogen_temporal_new	target
ZNF90	4	1	intogen_temporal_new	native_intact	ot_nolit__to__intogen_temporal_new	target
ALDH2	4	1	intogen_temporal_new	native_intact	ot_nolit__to__intogen_temporal_new	target
TAL2	4	1	intogen_temporal_new	native_intact	ot_nolit__to__intogen_temporal_new	target
CCAR1	4	1	intogen_temporal_new	native_intact	ot_nolit__to__intogen_temporal_new	target
TRAF7	4	1	intogen_temporal_new	native_intact	ot_nolit__to__intogen_temporal_new	target
RSPO2	4	1	intogen_temporal_new	native_intact	ot_nolit__to__intogen_temporal_new	target
ANK1	4	1	intogen_temporal_new	native_intact	ot_nolit__to__intogen_temporal_new	target
KMT5A	4	1	intogen_temporal_new	native_intact	ot_nolit__to__intogen_temporal_new	target
PWWP2A	4	1	intogen_temporal_new	native_intact	ot_nolit__to__intogen_temporal_new	target
SNX29	4	1	intogen_temporal_new	native_intact	ot_nolit__to__intogen_temporal_new	target
PTPN3	4	1	intogen_temporal_new	native_intact	ot_nolit__to__intogen_temporal_new	target
TMPRSS2	4	1	intogen_temporal_new	native_intact	ot_nolit__to__intogen_temporal_new	target
CEP89	4	1	intogen_temporal_new	native_intact	ot_nolit__to__intogen_temporal_new	target
HIF1A	4	1	intogen_temporal_new	native_intact	ot_nolit__to__intogen_temporal_new	target
MPL	4	1	intogen_temporal_new	native_intact	ot_nolit__to__intogen_temporal_new	target
ATP1A1	4	1	intogen_temporal_new	native_intact	ot_nolit__to__intogen_temporal_new	target
TPR	4	1	intogen_temporal_new	native_intact	ot_nolit__to__intogen_temporal_new	target
FCRL4	4	1	intogen_temporal_new	native_intact	ot_nolit__to__intogen_temporal_new	target
COL2A1	4	1	intogen_temporal_new	native_intact	ot_nolit__to__intogen_temporal_new	target
NSD3	4	1	intogen_temporal_new	native_intact	ot_nolit__to__intogen_temporal_new	target
RRN3	4	1	intogen_temporal_new	native_intact	ot_nolit__to__intogen_temporal_new	target
ETV1	4	1	intogen_temporal_new	native_intact	ot_nolit__to__intogen_temporal_new	target
ADAMTS9	4	1	intogen_temporal_new	native_intact	ot_nolit__to__intogen_temporal_new	target
MDGA2	4	1	intogen_temporal_new	native_intact	ot_nolit__to__intogen_temporal_new	target
ZCCHC8	4	1	intogen_temporal_new	native_intact	ot_nolit__to__intogen_temporal_new	target
THRAP3	4	1	intogen_temporal_new	native_intact	ot_nolit__to__intogen_temporal_new	target
HLA-C	4	1	intogen_temporal_new	native_intact	ot_nolit__to__intogen_temporal_new	target
MLLT6	4	1	intogen_temporal_new	native_intact	ot_nolit__to__intogen_temporal_new	target
CHRDL1	4	1	intogen_temporal_new	native_intact	ot_nolit__to__intogen_temporal_new	target
NACA	4	1	intogen_temporal_new	native_intact	ot_nolit__to__intogen_temporal_new	target
PCM1	4	1	intogen_temporal_new	native_intact	ot_nolit__to__intogen_temporal_new	target
RPL5	4	1	intogen_temporal_new	native_intact	ot_nolit__to__intogen_temporal_new	target
LEF1	4	1	intogen_temporal_new	native_intact	ot_nolit__to__intogen_temporal_new	target
NCAPH	4	1	intogen_temporal_new	native_intact	ot_nolit__to__intogen_temporal_new	target
REST	4	1	intogen_temporal_new	native_intact	ot_nolit__to__intogen_temporal_new	target
TAL1	4	1	intogen_temporal_new	native_intact	ot_nolit__to__intogen_temporal_new	target
MYEOV	4	1	intogen_temporal_new	native_intact	ot_nolit__to__intogen_temporal_new	target
WWTR1	4	1	intogen_temporal_new	native_intact	ot_nolit__to__intogen_temporal_new	target
CTNND2	4	1	intogen_temporal_new	native_intact	ot_nolit__to__intogen_temporal_new	target
FNDC3B	4	1	intogen_temporal_new	native_intact	ot_nolit__to__intogen_temporal_new	target
CADM2	4	1	intogen_temporal_new	native_intact	ot_nolit__to__intogen_temporal_new	target
NUTM1	4	1	intogen_temporal_new	native_intact	ot_nolit__to__intogen_temporal_new	target
CSPG4	4	1	intogen_temporal_new	native_intact	ot_nolit__to__intogen_temporal_new	target
EIF4A2	4	1	intogen_temporal_new	native_intact	ot_nolit__to__intogen_temporal_new	target
COL6A3	4	1	intogen_temporal_new	native_intact	ot_nolit__to__intogen_temporal_new	target
KAT7	4	1	intogen_temporal_new	native_intact	ot_nolit__to__intogen_temporal_new	target
PDZD2	4	1	intogen_temporal_new	native_intact	ot_nolit__to__intogen_temporal_new	target
ZMYM3	4	1	intogen_temporal_new	native_intact	ot_nolit__to__intogen_temporal_new	target
PICALM	4	1	intogen_temporal_new	native_intact	ot_nolit__to__intogen_temporal_new	target
CD209	4	1	intogen_temporal_new	native_intact	ot_nolit__to__intogen_temporal_new	target
MED23	4	1	intogen_temporal_new	native_intact	ot_nolit__to__intogen_temporal_new	target
MIB2	4	1	intogen_temporal_new	native_intact	ot_nolit__to__intogen_temporal_new	target
FCGR2B	4	1	intogen_temporal_new	native_intact	ot_nolit__to__intogen_temporal_new	target
CBLB	4	1	intogen_temporal_new	native_intact	ot_nolit__to__intogen_temporal_new	target
CCNT1	4	1	intogen_temporal_new	native_intact	ot_nolit__to__intogen_temporal_new	target
ACVR1B	4	1	intogen_temporal_new	native_intact	ot_nolit__to__intogen_temporal_new	target
MACC1	4	1	intogen_temporal_new	native_intact	ot_nolit__to__intogen_temporal_new	target
HCAR3	4	1	intogen_temporal_new	native_intact	ot_nolit__to__intogen_temporal_new	target
ZNF331	4	1	intogen_temporal_new	native_intact	ot_nolit__to__intogen_temporal_new	target
MCM7	4	1	intogen_temporal_new	native_intact	ot_nolit__to__intogen_temporal_new	target
TAF1L	4	1	intogen_temporal_new	native_intact	ot_nolit__to__intogen_temporal_new	target
FGD1	4	1	intogen_temporal_new	native_intact	ot_nolit__to__intogen_temporal_new	target
SLC34A2	4	1	intogen_temporal_new	native_intact	ot_nolit__to__intogen_temporal_new	target
CHD7	4	1	intogen_temporal_new	native_intact	ot_nolit__to__intogen_temporal_new	target
NUP98	4	1	intogen_temporal_new	native_intact	ot_nolit__to__intogen_temporal_new	target
ABCC4	4	1	intogen_temporal_new	native_intact	ot_nolit__to__intogen_temporal_new	target
PRUNE2	4	1	intogen_temporal_new	native_intact	ot_nolit__to__intogen_temporal_new	target
BAZ1A	4	1	intogen_temporal_new	native_intact	ot_nolit__to__intogen_temporal_new	target
SHTN1	4	1	intogen_temporal_new	native_intact	ot_nolit__to__intogen_temporal_new	target
GRM3	4	1	intogen_temporal_new	native_intact	ot_nolit__to__intogen_temporal_new	target
CSMD3	4	1	intogen_temporal_new	native_intact	ot_nolit__to__intogen_temporal_new	target
ELK4	4	1	intogen_temporal_new	native_intact	ot_nolit__to__intogen_temporal_new	target
ZNF750	4	1	intogen_temporal_new	native_intact	ot_nolit__to__intogen_temporal_new	target
PAX5	4	1	intogen_temporal_new	native_intact	ot_nolit__to__intogen_temporal_new	target
COL6A6	4	1	intogen_temporal_new	native_intact	ot_nolit__to__intogen_temporal_new	target
N4BP2	4	1	intogen_temporal_new	native_intact	ot_nolit__to__intogen_temporal_new	target
NTRK2	4	1	intogen_temporal_new	native_intact	ot_nolit__to__intogen_temporal_new	target
KLF6	4	1	intogen_temporal_new	native_intact	ot_nolit__to__intogen_temporal_new	target
ALPK1	4	1	intogen_temporal_new	native_intact	ot_nolit__to__intogen_temporal_new	target
RSPH10B2	4	0	intogen_temporal_new	native_intact	ot_nolit__to__intogen_temporal_new	background
CBR4	4	0	intogen_temporal_new	native_intact	ot_nolit__to__intogen_temporal_new	background
RPF2	4	0	intogen_temporal_new	native_intact	ot_nolit__to__intogen_temporal_new	background
SANBR	4	0	intogen_temporal_new	native_intact	ot_nolit__to__intogen_temporal_new	background
ZFP62	4	0	intogen_temporal_new	native_intact	ot_nolit__to__intogen_temporal_new	background
CD4	4	0	intogen_temporal_new	native_intact	ot_nolit__to__intogen_temporal_new	background
MND1	4	0	intogen_temporal_new	native_intact	ot_nolit__to__intogen_temporal_new	background
TACC3	4	0	intogen_temporal_new	native_intact	ot_nolit__to__intogen_temporal_new	background
CHRNB3	4	0	intogen_temporal_new	native_intact	ot_nolit__to__intogen_temporal_new	background
MT1F	4	0	intogen_temporal_new	native_intact	ot_nolit__to__intogen_temporal_new	background
JPH2	4	0	intogen_temporal_new	native_intact	ot_nolit__to__intogen_temporal_new	background
VSTM2A	4	0	intogen_temporal_new	native_intact	ot_nolit__to__intogen_temporal_new	background
HOXB3	4	0	intogen_temporal_new	native_intact	ot_nolit__to__intogen_temporal_new	background
ACACB	4	0	intogen_temporal_new	native_intact	ot_nolit__to__intogen_temporal_new	background
CSAG1	4	0	intogen_temporal_new	native_intact	ot_nolit__to__intogen_temporal_new	background
PSG11	4	0	intogen_temporal_new	native_intact	ot_nolit__to__intogen_temporal_new	background
NAGS	4	0	intogen_temporal_new	native_intact	ot_nolit__to__intogen_temporal_new	background
LHPP	4	0	intogen_temporal_new	native_intact	ot_nolit__to__intogen_temporal_new	background
TYW3	4	0	intogen_temporal_new	native_intact	ot_nolit__to__intogen_temporal_new	background
CD300E	4	0	intogen_temporal_new	native_intact	ot_nolit__to__intogen_temporal_new	background
PPTC7	4	0	intogen_temporal_new	native_intact	ot_nolit__to__intogen_temporal_new	background
MED4	4	0	intogen_temporal_new	native_intact	ot_nolit__to__intogen_temporal_new	background
CNOT1	4	0	intogen_temporal_new	native_intact	ot_nolit__to__intogen_temporal_new	background
ACSBG2	4	0	intogen_temporal_new	native_intact	ot_nolit__to__intogen_temporal_new	background
ZFP28	4	0	intogen_temporal_new	native_intact	ot_nolit__to__intogen_temporal_new	background
TSPYL2	4	0	intogen_temporal_new	native_intact	ot_nolit__to__intogen_temporal_new	background
XKR5	4	0	intogen_temporal_new	native_intact	ot_nolit__to__intogen_temporal_new	background
FOXB1	4	0	intogen_temporal_new	native_intact	ot_nolit__to__intogen_temporal_new	background
TMED3	4	0	intogen_temporal_new	native_intact	ot_nolit__to__intogen_temporal_new	background
RBM12B	4	0	intogen_temporal_new	native_intact	ot_nolit__to__intogen_temporal_new	background
NAIP	4	0	intogen_temporal_new	native_intact	ot_nolit__to__intogen_temporal_new	background
SHPK	4	0	intogen_temporal_new	native_intact	ot_nolit__to__intogen_temporal_new	background
FCRLA	4	0	intogen_temporal_new	native_intact	ot_nolit__to__intogen_temporal_new	background
DEFB109B	4	0	intogen_temporal_new	native_intact	ot_nolit__to__intogen_temporal_new	background
ZNHIT3	4	0	intogen_temporal_new	native_intact	ot_nolit__to__intogen_temporal_new	background
LURAP1	4	0	intogen_temporal_new	native_intact	ot_nolit__to__intogen_temporal_new	background
ANKRD50	4	0	intogen_temporal_new	native_intact	ot_nolit__to__intogen_temporal_new	background
ATP6V0A2	4	0	intogen_temporal_new	native_intact	ot_nolit__to__intogen_temporal_new	background
ZNF222	4	0	intogen_temporal_new	native_intact	ot_nolit__to__intogen_temporal_new	background
TULP3	4	0	intogen_temporal_new	native_intact	ot_nolit__to__intogen_temporal_new	background
ARHGEF10	4	0	intogen_temporal_new	native_intact	ot_nolit__to__intogen_temporal_new	background
DERPC	4	0	intogen_temporal_new	native_intact	ot_nolit__to__intogen_temporal_new	background
AOAH	4	0	intogen_temporal_new	native_intact	ot_nolit__to__intogen_temporal_new	background
KPLCE	4	0	intogen_temporal_new	native_intact	ot_nolit__to__intogen_temporal_new	background
BCAT2	4	0	intogen_temporal_new	native_intact	ot_nolit__to__intogen_temporal_new	background
KIR2DL2	4	0	intogen_temporal_new	native_intact	ot_nolit__to__intogen_temporal_new	background
PFKM	4	0	intogen_temporal_new	native_intact	ot_nolit__to__intogen_temporal_new	background
GOLGA6L2	4	0	intogen_temporal_new	native_intact	ot_nolit__to__intogen_temporal_new	background
DPY19L4	4	0	intogen_temporal_new	native_intact	ot_nolit__to__intogen_temporal_new	background
MIS18BP1	4	0	intogen_temporal_new	native_intact	ot_nolit__to__intogen_temporal_new	background
HS3ST6	4	0	intogen_temporal_new	native_intact	ot_nolit__to__intogen_temporal_new	background
ATAD2B	4	0	intogen_temporal_new	native_intact	ot_nolit__to__intogen_temporal_new	background
GDPD4	4	0	intogen_temporal_new	native_intact	ot_nolit__to__intogen_temporal_new	background
ADAMTS7	4	0	intogen_temporal_new	native_intact	ot_nolit__to__intogen_temporal_new	background
ZNF561	4	0	intogen_temporal_new	native_intact	ot_nolit__to__intogen_temporal_new	background
PRG2	4	0	intogen_temporal_new	native_intact	ot_nolit__to__intogen_temporal_new	background
F10	4	0	intogen_temporal_new	native_intact	ot_nolit__to__intogen_temporal_new	background
FUCA2	4	0	intogen_temporal_new	native_intact	ot_nolit__to__intogen_temporal_new	background
KLRG1	4	0	intogen_temporal_new	native_intact	ot_nolit__to__intogen_temporal_new	background
ARPP21	4	0	intogen_temporal_new	native_intact	ot_nolit__to__intogen_temporal_new	background
ASGR1	4	0	intogen_temporal_new	native_intact	ot_nolit__to__intogen_temporal_new	background
HSPA1B	4	0	intogen_temporal_new	native_intact	ot_nolit__to__intogen_temporal_new	background
KCNMB2	4	0	intogen_temporal_new	native_intact	ot_nolit__to__intogen_temporal_new	background
DDX3X	4	0	intogen_temporal_new	native_intact	ot_nolit__to__intogen_temporal_new	background
VPS35	4	0	intogen_temporal_new	native_intact	ot_nolit__to__intogen_temporal_new	background
FANCD2OS	4	0	intogen_temporal_new	native_intact	ot_nolit__to__intogen_temporal_new	background
ZWINT	4	0	intogen_temporal_new	native_intact	ot_nolit__to__intogen_temporal_new	background
FOSB	4	0	intogen_temporal_new	native_intact	ot_nolit__to__intogen_temporal_new	background
SPATS1	4	0	intogen_temporal_new	native_intact	ot_nolit__to__intogen_temporal_new	background
MMACHC	4	0	intogen_temporal_new	native_intact	ot_nolit__to__intogen_temporal_new	background
PLA1A	4	0	intogen_temporal_new	native_intact	ot_nolit__to__intogen_temporal_new	background
SHB	4	0	intogen_temporal_new	native_intact	ot_nolit__to__intogen_temporal_new	background
PIAS1	4	0	intogen_temporal_new	native_intact	ot_nolit__to__intogen_temporal_new	background
NSFL1C	4	0	intogen_temporal_new	native_intact	ot_nolit__to__intogen_temporal_new	background
MATN3	4	0	intogen_temporal_new	native_intact	ot_nolit__to__intogen_temporal_new	background
PLK1	4	0	intogen_temporal_new	native_intact	ot_nolit__to__intogen_temporal_new	background
SLF1	4	0	intogen_temporal_new	native_intact	ot_nolit__to__intogen_temporal_new	background
TMPRSS3	4	0	intogen_temporal_new	native_intact	ot_nolit__to__intogen_temporal_new	background
DGCR8	4	0	intogen_temporal_new	native_intact	ot_nolit__to__intogen_temporal_new	background
TMEM126B	4	0	intogen_temporal_new	native_intact	ot_nolit__to__intogen_temporal_new	background
VPS13A	4	0	intogen_temporal_new	native_intact	ot_nolit__to__intogen_temporal_new	background
STOX2	4	0	intogen_temporal_new	native_intact	ot_nolit__to__intogen_temporal_new	background
GRAMD2B	4	0	intogen_temporal_new	native_intact	ot_nolit__to__intogen_temporal_new	background
GJB4	4	0	intogen_temporal_new	native_intact	ot_nolit__to__intogen_temporal_new	background
RPS19BP1	4	0	intogen_temporal_new	native_intact	ot_nolit__to__intogen_temporal_new	background
TGIF2	4	0	intogen_temporal_new	native_intact	ot_nolit__to__intogen_temporal_new	background
ELN	4	0	intogen_temporal_new	native_intact	ot_nolit__to__intogen_temporal_new	background
SLC24A4	4	0	intogen_temporal_new	native_intact	ot_nolit__to__intogen_temporal_new	background
LHFPL3	4	0	intogen_temporal_new	native_intact	ot_nolit__to__intogen_temporal_new	background
BRSK2	4	0	intogen_temporal_new	native_intact	ot_nolit__to__intogen_temporal_new	background
CIMIP5	4	0	intogen_temporal_new	native_intact	ot_nolit__to__intogen_temporal_new	background
RNF25	4	0	intogen_temporal_new	native_intact	ot_nolit__to__intogen_temporal_new	background
SERPINI2	4	0	intogen_temporal_new	native_intact	ot_nolit__to__intogen_temporal_new	background
FOXA2	4	0	intogen_temporal_new	native_intact	ot_nolit__to__intogen_temporal_new	background
MUCL1	4	0	intogen_temporal_new	native_intact	ot_nolit__to__intogen_temporal_new	background
C19orf12	4	0	intogen_temporal_new	native_intact	ot_nolit__to__intogen_temporal_new	background
PIK3R2	4	0	intogen_temporal_new	native_intact	ot_nolit__to__intogen_temporal_new	background
UQCC6	4	0	intogen_temporal_new	native_intact	ot_nolit__to__intogen_temporal_new	background
EPHX4	4	0	intogen_temporal_new	native_intact	ot_nolit__to__intogen_temporal_new	background
MEGF9	4	0	intogen_temporal_new	native_intact	ot_nolit__to__intogen_temporal_new	background
GNG2	4	0	intogen_temporal_new	native_intact	ot_nolit__to__intogen_temporal_new	background
C15orf62	4	0	intogen_temporal_new	native_intact	ot_nolit__to__intogen_temporal_new	background
IFT54	4	0	intogen_temporal_new	native_intact	ot_nolit__to__intogen_temporal_new	background
SGCB	4	0	intogen_temporal_new	native_intact	ot_nolit__to__intogen_temporal_new	background
GGA2	4	0	intogen_temporal_new	native_intact	ot_nolit__to__intogen_temporal_new	background
REPIN1	4	0	intogen_temporal_new	native_intact	ot_nolit__to__intogen_temporal_new	background
ATP13A4	4	0	intogen_temporal_new	native_intact	ot_nolit__to__intogen_temporal_new	background
BMI1	4	0	intogen_temporal_new	native_intact	ot_nolit__to__intogen_temporal_new	background
COX7A2L	4	0	intogen_temporal_new	native_intact	ot_nolit__to__intogen_temporal_new	background
TWSG1	4	0	intogen_temporal_new	native_intact	ot_nolit__to__intogen_temporal_new	background
TIMMDC1	4	0	intogen_temporal_new	native_intact	ot_nolit__to__intogen_temporal_new	background
INPP4A	4	0	intogen_temporal_new	native_intact	ot_nolit__to__intogen_temporal_new	background
OCM2	4	0	intogen_temporal_new	native_intact	ot_nolit__to__intogen_temporal_new	background
CDA	4	0	intogen_temporal_new	native_intact	ot_nolit__to__intogen_temporal_new	background
TET3	4	0	intogen_temporal_new	native_intact	ot_nolit__to__intogen_temporal_new	background
PPP1R26	4	0	intogen_temporal_new	native_intact	ot_nolit__to__intogen_temporal_new	background
TRIM38	4	0	intogen_temporal_new	native_intact	ot_nolit__to__intogen_temporal_new	background
C3AR1	4	0	intogen_temporal_new	native_intact	ot_nolit__to__intogen_temporal_new	background
XPA	4	0	intogen_temporal_new	native_intact	ot_nolit__to__intogen_temporal_new	background
EDC3	4	0	intogen_temporal_new	native_intact	ot_nolit__to__intogen_temporal_new	background
OR51E1	4	0	intogen_temporal_new	native_intact	ot_nolit__to__intogen_temporal_new	background
UPK2	4	0	intogen_temporal_new	native_intact	ot_nolit__to__intogen_temporal_new	background
ENDOD1	4	0	intogen_temporal_new	native_intact	ot_nolit__to__intogen_temporal_new	background
KATNB1	4	0	intogen_temporal_new	native_intact	ot_nolit__to__intogen_temporal_new	background
RNASEH1	4	0	intogen_temporal_new	native_intact	ot_nolit__to__intogen_temporal_new	background
CSNK1G2-AS1	4	0	intogen_temporal_new	native_intact	ot_nolit__to__intogen_temporal_new	background
STK31	4	0	intogen_temporal_new	native_intact	ot_nolit__to__intogen_temporal_new	background
NME6	4	0	intogen_temporal_new	native_intact	ot_nolit__to__intogen_temporal_new	background
PDGFD	4	0	intogen_temporal_new	native_intact	ot_nolit__to__intogen_temporal_new	background
CDH3	4	0	intogen_temporal_new	native_intact	ot_nolit__to__intogen_temporal_new	background
AIM2	4	0	intogen_temporal_new	native_intact	ot_nolit__to__intogen_temporal_new	background
BRD9	4	0	intogen_temporal_new	native_intact	ot_nolit__to__intogen_temporal_new	background
BLVRB	4	0	intogen_temporal_new	native_intact	ot_nolit__to__intogen_temporal_new	background
IZUMO1R	4	0	intogen_temporal_new	native_intact	ot_nolit__to__intogen_temporal_new	background
CEBPD	4	0	intogen_temporal_new	native_intact	ot_nolit__to__intogen_temporal_new	background
SOX15	4	0	intogen_temporal_new	native_intact	ot_nolit__to__intogen_temporal_new	background
C11orf24	4	0	intogen_temporal_new	native_intact	ot_nolit__to__intogen_temporal_new	background
PDE8A	4	0	intogen_temporal_new	native_intact	ot_nolit__to__intogen_temporal_new	background
MRPL16	4	0	intogen_temporal_new	native_intact	ot_nolit__to__intogen_temporal_new	background
CEACAM5	4	0	intogen_temporal_new	native_intact	ot_nolit__to__intogen_temporal_new	background
LRRTM3	4	0	intogen_temporal_new	native_intact	ot_nolit__to__intogen_temporal_new	background
CMA1	4	0	intogen_temporal_new	native_intact	ot_nolit__to__intogen_temporal_new	background
MT1A	4	0	intogen_temporal_new	native_intact	ot_nolit__to__intogen_temporal_new	background
THSD4	4	0	intogen_temporal_new	native_intact	ot_nolit__to__intogen_temporal_new	background
CYP1A1	4	0	intogen_temporal_new	native_intact	ot_nolit__to__intogen_temporal_new	background
FOXD4L3	4	0	intogen_temporal_new	native_intact	ot_nolit__to__intogen_temporal_new	background
DCAF4L2	4	0	intogen_temporal_new	native_intact	ot_nolit__to__intogen_temporal_new	background
ZNF510	4	0	intogen_temporal_new	native_intact	ot_nolit__to__intogen_temporal_new	background
PIGF	4	0	intogen_temporal_new	native_intact	ot_nolit__to__intogen_temporal_new	background
RFT1	4	0	intogen_temporal_new	native_intact	ot_nolit__to__intogen_temporal_new	background
ADAMTS16	4	0	intogen_temporal_new	native_intact	ot_nolit__to__intogen_temporal_new	background
TTLL1	4	0	intogen_temporal_new	native_intact	ot_nolit__to__intogen_temporal_new	background
TSKS	4	0	intogen_temporal_new	native_intact	ot_nolit__to__intogen_temporal_new	background
JAKMIP2	4	0	intogen_temporal_new	native_intact	ot_nolit__to__intogen_temporal_new	background
RFFL	4	0	intogen_temporal_new	native_intact	ot_nolit__to__intogen_temporal_new	background
SYNE1	4	0	intogen_temporal_new	native_intact	ot_nolit__to__intogen_temporal_new	background
RPS15A	4	0	intogen_temporal_new	native_intact	ot_nolit__to__intogen_temporal_new	background
PRKACA	4	0	intogen_temporal_new	native_intact	ot_nolit__to__intogen_temporal_new	background
POLR3GL	4	0	intogen_temporal_new	native_intact	ot_nolit__to__intogen_temporal_new	background
KRTAP8-1	4	0	intogen_temporal_new	native_intact	ot_nolit__to__intogen_temporal_new	background
PAX2	4	0	intogen_temporal_new	native_intact	ot_nolit__to__intogen_temporal_new	background
PPFIBP2	4	0	intogen_temporal_new	native_intact	ot_nolit__to__intogen_temporal_new	background
HLA-B	4	0	intogen_temporal_new	native_intact	ot_nolit__to__intogen_temporal_new	background
SPMIP8	4	0	intogen_temporal_new	native_intact	ot_nolit__to__intogen_temporal_new	background
UHRF1	4	0	intogen_temporal_new	native_intact	ot_nolit__to__intogen_temporal_new	background
TAS2R19	4	0	intogen_temporal_new	native_intact	ot_nolit__to__intogen_temporal_new	background
MEIOC	4	0	intogen_temporal_new	native_intact	ot_nolit__to__intogen_temporal_new	background
SCRN3	4	0	intogen_temporal_new	native_intact	ot_nolit__to__intogen_temporal_new	background
CXXC1	4	0	intogen_temporal_new	native_intact	ot_nolit__to__intogen_temporal_new	background
SNX16	4	0	intogen_temporal_new	native_intact	ot_nolit__to__intogen_temporal_new	background
IFNA21	4	0	intogen_temporal_new	native_intact	ot_nolit__to__intogen_temporal_new	background
CTSE	4	0	intogen_temporal_new	native_intact	ot_nolit__to__intogen_temporal_new	background
CBX8	4	0	intogen_temporal_new	native_intact	ot_nolit__to__intogen_temporal_new	background
RGS5	4	0	intogen_temporal_new	native_intact	ot_nolit__to__intogen_temporal_new	background
TMEM232	4	0	intogen_temporal_new	native_intact	ot_nolit__to__intogen_temporal_new	background
SNX30	4	0	intogen_temporal_new	native_intact	ot_nolit__to__intogen_temporal_new	background
UGT1A6	4	0	intogen_temporal_new	native_intact	ot_nolit__to__intogen_temporal_new	background
METTL2A	4	0	intogen_temporal_new	native_intact	ot_nolit__to__intogen_temporal_new	background
MOB3C	4	0	intogen_temporal_new	native_intact	ot_nolit__to__intogen_temporal_new	background
EFL1	4	0	intogen_temporal_new	native_intact	ot_nolit__to__intogen_temporal_new	background
NUGGC	4	0	intogen_temporal_new	native_intact	ot_nolit__to__intogen_temporal_new	background
GLT8D1	4	0	intogen_temporal_new	native_intact	ot_nolit__to__intogen_temporal_new	background
TMUB2	4	0	intogen_temporal_new	native_intact	ot_nolit__to__intogen_temporal_new	background
NRXN3	4	0	intogen_temporal_new	native_intact	ot_nolit__to__intogen_temporal_new	background
CDC25A	4	0	intogen_temporal_new	native_intact	ot_nolit__to__intogen_temporal_new	background
NUDT6	4	0	intogen_temporal_new	native_intact	ot_nolit__to__intogen_temporal_new	background
LYRM1	4	0	intogen_temporal_new	native_intact	ot_nolit__to__intogen_temporal_new	background
BTBD10	4	0	intogen_temporal_new	native_intact	ot_nolit__to__intogen_temporal_new	background
FGF19	4	0	intogen_temporal_new	native_intact	ot_nolit__to__intogen_temporal_new	background
COX7B	4	0	intogen_temporal_new	native_intact	ot_nolit__to__intogen_temporal_new	background
ZNF202	4	0	intogen_temporal_new	native_intact	ot_nolit__to__intogen_temporal_new	background
MOS	4	0	intogen_temporal_new	native_intact	ot_nolit__to__intogen_temporal_new	background
SLIRP	4	0	intogen_temporal_new	native_intact	ot_nolit__to__intogen_temporal_new	background
BBS7	4	0	intogen_temporal_new	native_intact	ot_nolit__to__intogen_temporal_new	background
PDCD5	4	0	intogen_temporal_new	native_intact	ot_nolit__to__intogen_temporal_new	background
TMEM140	4	0	intogen_temporal_new	native_intact	ot_nolit__to__intogen_temporal_new	background
STAU2	4	0	intogen_temporal_new	native_intact	ot_nolit__to__intogen_temporal_new	background
ZDHHC16	4	0	intogen_temporal_new	native_intact	ot_nolit__to__intogen_temporal_new	background
SYNPO2	4	0	intogen_temporal_new	native_intact	ot_nolit__to__intogen_temporal_new	background
TAF11	4	0	intogen_temporal_new	native_intact	ot_nolit__to__intogen_temporal_new	background
