gene	fold	y	label_id	universe_id	transfer_id	role
SALL4	0	1	intogen2024	native_string_full700	ot_nolit__to__intogen2024	target
BRD4	0	1	intogen2024	native_string_full700	ot_nolit__to__intogen2024	target
BTG2	0	1	intogen2024	native_string_full700	ot_nolit__to__intogen2024	target
FAS	0	1	intogen2024	native_string_full700	ot_nolit__to__intogen2024	target
CASP8	0	1	intogen2024	native_string_full700	ot_nolit__to__intogen2024	target
ATP2B3	0	1	intogen2024	native_string_full700	ot_nolit__to__intogen2024	target
NPRL2	0	1	intogen2024	native_string_full700	ot_nolit__to__intogen2024	target
TCL1A	0	1	intogen2024	native_string_full700	ot_nolit__to__intogen2024	target
GPC5	0	1	intogen2024	native_string_full700	ot_nolit__to__intogen2024	target
AFF1	0	1	intogen2024	native_string_full700	ot_nolit__to__intogen2024	target
RHOA	0	1	intogen2024	native_string_full700	ot_nolit__to__intogen2024	target
PABPC1	0	1	intogen2024	native_string_full700	ot_nolit__to__intogen2024	target
NSD2	0	1	intogen2024	native_string_full700	ot_nolit__to__intogen2024	target
ANKRD11	0	1	intogen2024	native_string_full700	ot_nolit__to__intogen2024	target
PTPN11	0	1	intogen2024	native_string_full700	ot_nolit__to__intogen2024	target
SDCBP	0	1	intogen2024	native_string_full700	ot_nolit__to__intogen2024	target
ROBO2	0	1	intogen2024	native_string_full700	ot_nolit__to__intogen2024	target
SGK1	0	1	intogen2024	native_string_full700	ot_nolit__to__intogen2024	target
ITGAV	0	1	intogen2024	native_string_full700	ot_nolit__to__intogen2024	target
PIK3R1	0	1	intogen2024	native_string_full700	ot_nolit__to__intogen2024	target
ZNRF3	0	1	intogen2024	native_string_full700	ot_nolit__to__intogen2024	target
DHX9	0	1	intogen2024	native_string_full700	ot_nolit__to__intogen2024	target
P2RY8	0	1	intogen2024	native_string_full700	ot_nolit__to__intogen2024	target
TNFRSF14	0	1	intogen2024	native_string_full700	ot_nolit__to__intogen2024	target
RNF6	0	1	intogen2024	native_string_full700	ot_nolit__to__intogen2024	target
PRKD1	0	1	intogen2024	native_string_full700	ot_nolit__to__intogen2024	target
DAXX	0	1	intogen2024	native_string_full700	ot_nolit__to__intogen2024	target
PBRM1	0	1	intogen2024	native_string_full700	ot_nolit__to__intogen2024	target
NKX2-1	0	1	intogen2024	native_string_full700	ot_nolit__to__intogen2024	target
ETV4	0	1	intogen2024	native_string_full700	ot_nolit__to__intogen2024	target
ZNF521	0	1	intogen2024	native_string_full700	ot_nolit__to__intogen2024	target
RBM10	0	1	intogen2024	native_string_full700	ot_nolit__to__intogen2024	target
DGCR8	0	1	intogen2024	native_string_full700	ot_nolit__to__intogen2024	target
RRAS2	0	1	intogen2024	native_string_full700	ot_nolit__to__intogen2024	target
CCAR1	0	1	intogen2024	native_string_full700	ot_nolit__to__intogen2024	target
TRAF7	0	1	intogen2024	native_string_full700	ot_nolit__to__intogen2024	target
BCOR	0	1	intogen2024	native_string_full700	ot_nolit__to__intogen2024	target
PTPN13	0	1	intogen2024	native_string_full700	ot_nolit__to__intogen2024	target
TRIM33	0	1	intogen2024	native_string_full700	ot_nolit__to__intogen2024	target
DTX1	0	1	intogen2024	native_string_full700	ot_nolit__to__intogen2024	target
ANK1	0	1	intogen2024	native_string_full700	ot_nolit__to__intogen2024	target
XPO1	0	1	intogen2024	native_string_full700	ot_nolit__to__intogen2024	target
SMC1A	0	1	intogen2024	native_string_full700	ot_nolit__to__intogen2024	target
DCAF12L2	0	1	intogen2024	native_string_full700	ot_nolit__to__intogen2024	target
TFAP4	0	1	intogen2024	native_string_full700	ot_nolit__to__intogen2024	target
EWSR1	0	1	intogen2024	native_string_full700	ot_nolit__to__intogen2024	target
ARHGAP5	0	1	intogen2024	native_string_full700	ot_nolit__to__intogen2024	target
PDCD1LG2	0	1	intogen2024	native_string_full700	ot_nolit__to__intogen2024	target
MPL	0	1	intogen2024	native_string_full700	ot_nolit__to__intogen2024	target
FOXO1	0	1	intogen2024	native_string_full700	ot_nolit__to__intogen2024	target
KDM5A	0	1	intogen2024	native_string_full700	ot_nolit__to__intogen2024	target
SOCS1	0	1	intogen2024	native_string_full700	ot_nolit__to__intogen2024	target
CCR7	0	1	intogen2024	native_string_full700	ot_nolit__to__intogen2024	target
SPOP	0	1	intogen2024	native_string_full700	ot_nolit__to__intogen2024	target
TRRAP	0	1	intogen2024	native_string_full700	ot_nolit__to__intogen2024	target
CDKN1A	0	1	intogen2024	native_string_full700	ot_nolit__to__intogen2024	target
DDX3X	0	1	intogen2024	native_string_full700	ot_nolit__to__intogen2024	target
COL1A1	0	1	intogen2024	native_string_full700	ot_nolit__to__intogen2024	target
ADAMTS9	0	1	intogen2024	native_string_full700	ot_nolit__to__intogen2024	target
TRAF3	0	1	intogen2024	native_string_full700	ot_nolit__to__intogen2024	target
RGPD3	0	1	intogen2024	native_string_full700	ot_nolit__to__intogen2024	target
ZBTB7B	0	1	intogen2024	native_string_full700	ot_nolit__to__intogen2024	target
PLAG1	0	1	intogen2024	native_string_full700	ot_nolit__to__intogen2024	target
HLA-C	0	1	intogen2024	native_string_full700	ot_nolit__to__intogen2024	target
MLLT6	0	1	intogen2024	native_string_full700	ot_nolit__to__intogen2024	target
PSIP1	0	1	intogen2024	native_string_full700	ot_nolit__to__intogen2024	target
NACA	0	1	intogen2024	native_string_full700	ot_nolit__to__intogen2024	target
RPL5	0	1	intogen2024	native_string_full700	ot_nolit__to__intogen2024	target
REST	0	1	intogen2024	native_string_full700	ot_nolit__to__intogen2024	target
PARP4	0	1	intogen2024	native_string_full700	ot_nolit__to__intogen2024	target
CDX2	0	1	intogen2024	native_string_full700	ot_nolit__to__intogen2024	target
CYSLTR2	0	1	intogen2024	native_string_full700	ot_nolit__to__intogen2024	target
KAT6B	0	1	intogen2024	native_string_full700	ot_nolit__to__intogen2024	target
DDX6	0	1	intogen2024	native_string_full700	ot_nolit__to__intogen2024	target
PPP3CA	0	1	intogen2024	native_string_full700	ot_nolit__to__intogen2024	target
STAT6	0	1	intogen2024	native_string_full700	ot_nolit__to__intogen2024	target
CADM2	0	1	intogen2024	native_string_full700	ot_nolit__to__intogen2024	target
NFE2L2	0	1	intogen2024	native_string_full700	ot_nolit__to__intogen2024	target
PEG3	0	1	intogen2024	native_string_full700	ot_nolit__to__intogen2024	target
ZFP36L1	0	1	intogen2024	native_string_full700	ot_nolit__to__intogen2024	target
SETDB1	0	1	intogen2024	native_string_full700	ot_nolit__to__intogen2024	target
ESRRA	0	1	intogen2024	native_string_full700	ot_nolit__to__intogen2024	target
UBR5	0	1	intogen2024	native_string_full700	ot_nolit__to__intogen2024	target
COL6A3	0	1	intogen2024	native_string_full700	ot_nolit__to__intogen2024	target
KAT7	0	1	intogen2024	native_string_full700	ot_nolit__to__intogen2024	target
ZMYM3	0	1	intogen2024	native_string_full700	ot_nolit__to__intogen2024	target
SMO	0	1	intogen2024	native_string_full700	ot_nolit__to__intogen2024	target
ARHGEF10L	0	1	intogen2024	native_string_full700	ot_nolit__to__intogen2024	target
BCORL1	0	1	intogen2024	native_string_full700	ot_nolit__to__intogen2024	target
TNC	0	1	intogen2024	native_string_full700	ot_nolit__to__intogen2024	target
RBM15	0	1	intogen2024	native_string_full700	ot_nolit__to__intogen2024	target
RPL22	0	1	intogen2024	native_string_full700	ot_nolit__to__intogen2024	target
KRAS	0	1	intogen2024	native_string_full700	ot_nolit__to__intogen2024	target
NFKBIA	0	1	intogen2024	native_string_full700	ot_nolit__to__intogen2024	target
ACKR3	0	1	intogen2024	native_string_full700	ot_nolit__to__intogen2024	target
CD58	0	1	intogen2024	native_string_full700	ot_nolit__to__intogen2024	target
MACC1	0	1	intogen2024	native_string_full700	ot_nolit__to__intogen2024	target
HCAR3	0	1	intogen2024	native_string_full700	ot_nolit__to__intogen2024	target
BIRC3	0	1	intogen2024	native_string_full700	ot_nolit__to__intogen2024	target
NBEA	0	1	intogen2024	native_string_full700	ot_nolit__to__intogen2024	target
SUZ12	0	1	intogen2024	native_string_full700	ot_nolit__to__intogen2024	target
MUC6	0	1	intogen2024	native_string_full700	ot_nolit__to__intogen2024	target
CCDC6	0	1	intogen2024	native_string_full700	ot_nolit__to__intogen2024	target
ATF7IP	0	1	intogen2024	native_string_full700	ot_nolit__to__intogen2024	target
ARID2	0	1	intogen2024	native_string_full700	ot_nolit__to__intogen2024	target
MCM7	0	1	intogen2024	native_string_full700	ot_nolit__to__intogen2024	target
GATA2	0	1	intogen2024	native_string_full700	ot_nolit__to__intogen2024	target
CHD7	0	1	intogen2024	native_string_full700	ot_nolit__to__intogen2024	target
FAT2	0	1	intogen2024	native_string_full700	ot_nolit__to__intogen2024	target
PREX2	0	1	intogen2024	native_string_full700	ot_nolit__to__intogen2024	target
DROSHA	0	1	intogen2024	native_string_full700	ot_nolit__to__intogen2024	target
CHD4	0	1	intogen2024	native_string_full700	ot_nolit__to__intogen2024	target
PRDM2	0	1	intogen2024	native_string_full700	ot_nolit__to__intogen2024	target
AFF3	0	1	intogen2024	native_string_full700	ot_nolit__to__intogen2024	target
NSD1	0	1	intogen2024	native_string_full700	ot_nolit__to__intogen2024	target
PRUNE2	0	1	intogen2024	native_string_full700	ot_nolit__to__intogen2024	target
WNK2	0	1	intogen2024	native_string_full700	ot_nolit__to__intogen2024	target
PCMTD1	0	1	intogen2024	native_string_full700	ot_nolit__to__intogen2024	target
BIRC6	0	1	intogen2024	native_string_full700	ot_nolit__to__intogen2024	target
BAZ1A	0	1	intogen2024	native_string_full700	ot_nolit__to__intogen2024	target
CIITA	0	1	intogen2024	native_string_full700	ot_nolit__to__intogen2024	target
HSP90AA1	0	1	intogen2024	native_string_full700	ot_nolit__to__intogen2024	target
ZNF750	0	1	intogen2024	native_string_full700	ot_nolit__to__intogen2024	target
N4BP2	0	1	intogen2024	native_string_full700	ot_nolit__to__intogen2024	target
COL6A6	0	1	intogen2024	native_string_full700	ot_nolit__to__intogen2024	target
BCL9L	0	1	intogen2024	native_string_full700	ot_nolit__to__intogen2024	target
CDK12	0	1	intogen2024	native_string_full700	ot_nolit__to__intogen2024	target
ZNF208	0	1	intogen2024	native_string_full700	ot_nolit__to__intogen2024	target
ZFHX3	0	1	intogen2024	native_string_full700	ot_nolit__to__intogen2024	target
MYCN	0	1	intogen2024	native_string_full700	ot_nolit__to__intogen2024	target
ZRSR2	0	1	intogen2024	native_string_full700	ot_nolit__to__intogen2024	target
CNOT9	0	1	intogen2024	native_string_full700	ot_nolit__to__intogen2024	target
NUP214	0	1	intogen2024	native_string_full700	ot_nolit__to__intogen2024	target
CAMTA1	0	1	intogen2024	native_string_full700	ot_nolit__to__intogen2024	target
ACSM3	0	1	intogen2024	native_string_full700	ot_nolit__to__intogen2024	target
ATR	0	1	intogen2024	native_string_full700	ot_nolit__to__intogen2024	target
ROS1	0	1	intogen2024	native_string_full700	ot_nolit__to__intogen2024	target
SMAD3	0	1	intogen2024	native_string_full700	ot_nolit__to__intogen2024	target
ERCC2	0	1	intogen2024	native_string_full700	ot_nolit__to__intogen2024	target
SOX17	0	1	intogen2024	native_string_full700	ot_nolit__to__intogen2024	target
KDM6A	0	1	intogen2024	native_string_full700	ot_nolit__to__intogen2024	target
FUS	0	1	intogen2024	native_string_full700	ot_nolit__to__intogen2024	target
KLHL6	0	1	intogen2024	native_string_full700	ot_nolit__to__intogen2024	target
FANCA	0	1	intogen2024	native_string_full700	ot_nolit__to__intogen2024	target
MGA	0	1	intogen2024	native_string_full700	ot_nolit__to__intogen2024	target
PTMA	0	1	intogen2024	native_string_full700	ot_nolit__to__intogen2024	target
ERG	0	1	intogen2024	native_string_full700	ot_nolit__to__intogen2024	target
MTOR	0	1	intogen2024	native_string_full700	ot_nolit__to__intogen2024	target
TSHR	0	1	intogen2024	native_string_full700	ot_nolit__to__intogen2024	target
MARK2	0	1	intogen2024	native_string_full700	ot_nolit__to__intogen2024	target
SMARCA2	0	1	intogen2024	native_string_full700	ot_nolit__to__intogen2024	target
MAP2K7	0	1	intogen2024	native_string_full700	ot_nolit__to__intogen2024	target
LSM14A	0	1	intogen2024	native_string_full700	ot_nolit__to__intogen2024	target
ELN	0	1	intogen2024	native_string_full700	ot_nolit__to__intogen2024	target
CANT1	0	1	intogen2024	native_string_full700	ot_nolit__to__intogen2024	target
HLA-DQA1	0	1	intogen2024	native_string_full700	ot_nolit__to__intogen2024	target
PTPRB	0	1	intogen2024	native_string_full700	ot_nolit__to__intogen2024	target
FUBP1	0	1	intogen2024	native_string_full700	ot_nolit__to__intogen2024	target
ACSL6	0	1	intogen2024	native_string_full700	ot_nolit__to__intogen2024	target
LPA	0	1	intogen2024	native_string_full700	ot_nolit__to__intogen2024	target
MAF	0	1	intogen2024	native_string_full700	ot_nolit__to__intogen2024	target
PTPRK	0	1	intogen2024	native_string_full700	ot_nolit__to__intogen2024	target
FOXP1	0	1	intogen2024	native_string_full700	ot_nolit__to__intogen2024	target
EIF3E	0	1	intogen2024	native_string_full700	ot_nolit__to__intogen2024	target
ARNT	0	1	intogen2024	native_string_full700	ot_nolit__to__intogen2024	target
PRDM16	0	1	intogen2024	native_string_full700	ot_nolit__to__intogen2024	target
SMAD2	0	1	intogen2024	native_string_full700	ot_nolit__to__intogen2024	target
HNRNPA2B1	0	1	intogen2024	native_string_full700	ot_nolit__to__intogen2024	target
SIX1	0	1	intogen2024	native_string_full700	ot_nolit__to__intogen2024	target
RPS3A	0	1	intogen2024	native_string_full700	ot_nolit__to__intogen2024	target
TAL2	0	1	intogen2024	native_string_full700	ot_nolit__to__intogen2024	target
TET1	0	1	intogen2024	native_string_full700	ot_nolit__to__intogen2024	target
PWWP2A	0	1	intogen2024	native_string_full700	ot_nolit__to__intogen2024	target
BCL6	0	1	intogen2024	native_string_full700	ot_nolit__to__intogen2024	target
TMPRSS2	0	1	intogen2024	native_string_full700	ot_nolit__to__intogen2024	target
ATP1A1	0	1	intogen2024	native_string_full700	ot_nolit__to__intogen2024	target
RASA1	0	1	intogen2024	native_string_full700	ot_nolit__to__intogen2024	target
TPR	0	1	intogen2024	native_string_full700	ot_nolit__to__intogen2024	target
KLF5	0	1	intogen2024	native_string_full700	ot_nolit__to__intogen2024	target
FCRL4	0	1	intogen2024	native_string_full700	ot_nolit__to__intogen2024	target
RASA2	0	1	intogen2024	native_string_full700	ot_nolit__to__intogen2024	target
CRTC1	0	1	intogen2024	native_string_full700	ot_nolit__to__intogen2024	target
IRS4	0	1	intogen2024	native_string_full700	ot_nolit__to__intogen2024	target
GMPS	0	1	intogen2024	native_string_full700	ot_nolit__to__intogen2024	target
DOT1L	0	1	intogen2024	native_string_full700	ot_nolit__to__intogen2024	target
ESR1	0	1	intogen2024	native_string_full700	ot_nolit__to__intogen2024	target
ALK	0	1	intogen2024	native_string_full700	ot_nolit__to__intogen2024	target
MEF2B	0	1	intogen2024	native_string_full700	ot_nolit__to__intogen2024	target
RELA	0	1	intogen2024	native_string_full700	ot_nolit__to__intogen2024	target
NTRK3	0	1	intogen2024	native_string_full700	ot_nolit__to__intogen2024	target
TRIM49C	0	1	intogen2024	native_string_full700	ot_nolit__to__intogen2024	target
MSI2	0	1	intogen2024	native_string_full700	ot_nolit__to__intogen2024	target
NPM1	0	1	intogen2024	native_string_full700	ot_nolit__to__intogen2024	target
LEF1	0	1	intogen2024	native_string_full700	ot_nolit__to__intogen2024	target
NCAPH	0	1	intogen2024	native_string_full700	ot_nolit__to__intogen2024	target
SIRPA	0	1	intogen2024	native_string_full700	ot_nolit__to__intogen2024	target
MYEOV	0	1	intogen2024	native_string_full700	ot_nolit__to__intogen2024	target
CYLD	0	1	intogen2024	native_string_full700	ot_nolit__to__intogen2024	target
ZEB1	0	1	intogen2024	native_string_full700	ot_nolit__to__intogen2024	target
ABL2	0	1	intogen2024	native_string_full700	ot_nolit__to__intogen2024	target
NUTM1	0	1	intogen2024	native_string_full700	ot_nolit__to__intogen2024	target
EIF4A2	0	1	intogen2024	native_string_full700	ot_nolit__to__intogen2024	target
CYP2C8	0	1	intogen2024	native_string_full700	ot_nolit__to__intogen2024	target
CD209	0	1	intogen2024	native_string_full700	ot_nolit__to__intogen2024	target
NCOR2	0	1	intogen2024	native_string_full700	ot_nolit__to__intogen2024	target
MED23	0	1	intogen2024	native_string_full700	ot_nolit__to__intogen2024	target
FCGR2B	0	1	intogen2024	native_string_full700	ot_nolit__to__intogen2024	target
LDB1	0	1	intogen2024	native_string_full700	ot_nolit__to__intogen2024	target
HGF	0	1	intogen2024	native_string_full700	ot_nolit__to__intogen2024	target
TAF1L	0	1	intogen2024	native_string_full700	ot_nolit__to__intogen2024	target
FGD1	0	1	intogen2024	native_string_full700	ot_nolit__to__intogen2024	target
ATRX	0	1	intogen2024	native_string_full700	ot_nolit__to__intogen2024	target
RBFOX1	0	1	intogen2024	native_string_full700	ot_nolit__to__intogen2024	target
ABCC4	0	1	intogen2024	native_string_full700	ot_nolit__to__intogen2024	target
CARD11	0	1	intogen2024	native_string_full700	ot_nolit__to__intogen2024	target
IRAK1	0	1	intogen2024	native_string_full700	ot_nolit__to__intogen2024	target
NIN	0	1	intogen2024	native_string_full700	ot_nolit__to__intogen2024	target
TCF4	0	1	intogen2024	native_string_full700	ot_nolit__to__intogen2024	target
BTG1	0	1	intogen2024	native_string_full700	ot_nolit__to__intogen2024	target
NFATC2	0	1	intogen2024	native_string_full700	ot_nolit__to__intogen2024	target
FBXW7	0	1	intogen2024	native_string_full700	ot_nolit__to__intogen2024	target
LRIG3	0	1	intogen2024	native_string_full700	ot_nolit__to__intogen2024	target
PTPRC	0	1	intogen2024	native_string_full700	ot_nolit__to__intogen2024	target
GRM3	0	1	intogen2024	native_string_full700	ot_nolit__to__intogen2024	target
PTPN6	0	1	intogen2024	native_string_full700	ot_nolit__to__intogen2024	target
RIPK1	0	1	intogen2024	native_string_full700	ot_nolit__to__intogen2024	target
BCL11B	0	1	intogen2024	native_string_full700	ot_nolit__to__intogen2024	target
CUL3	0	1	intogen2024	native_string_full700	ot_nolit__to__intogen2024	target
TBL1XR1	0	1	intogen2024	native_string_full700	ot_nolit__to__intogen2024	target
MYH9	0	1	intogen2024	native_string_full700	ot_nolit__to__intogen2024	target
BCL7A	0	1	intogen2024	native_string_full700	ot_nolit__to__intogen2024	target
B2M	0	1	intogen2024	native_string_full700	ot_nolit__to__intogen2024	target
ELL	0	1	intogen2024	native_string_full700	ot_nolit__to__intogen2024	target
TGIF1	0	1	intogen2024	native_string_full700	ot_nolit__to__intogen2024	target
ALPK1	0	1	intogen2024	native_string_full700	ot_nolit__to__intogen2024	target
NIPBL	0	1	intogen2024	native_string_full700	ot_nolit__to__intogen2024	target
DCC	0	1	intogen2024	native_string_full700	ot_nolit__to__intogen2024	target
TFRC	0	1	intogen2024	native_string_full700	ot_nolit__to__intogen2024	target
TCF12	0	1	intogen2024	native_string_full700	ot_nolit__to__intogen2024	target
GPAA1	0	1	intogen2024	native_string_full700	ot_nolit__to__intogen2024	target
FAT4	0	1	intogen2024	native_string_full700	ot_nolit__to__intogen2024	target
EZH2	0	1	intogen2024	native_string_full700	ot_nolit__to__intogen2024	target
INPPL1	0	1	intogen2024	native_string_full700	ot_nolit__to__intogen2024	target
CTCF	0	1	intogen2024	native_string_full700	ot_nolit__to__intogen2024	target
CCND1	0	1	intogen2024	native_string_full700	ot_nolit__to__intogen2024	target
HIP1	0	1	intogen2024	native_string_full700	ot_nolit__to__intogen2024	target
CCND2	0	1	intogen2024	native_string_full700	ot_nolit__to__intogen2024	target
CTNNA2	0	1	intogen2024	native_string_full700	ot_nolit__to__intogen2024	target
CBFB	0	1	intogen2024	native_string_full700	ot_nolit__to__intogen2024	target
SETD1B	0	1	intogen2024	native_string_full700	ot_nolit__to__intogen2024	target
JAK3	0	1	intogen2024	native_string_full700	ot_nolit__to__intogen2024	target
PER3	0	1	intogen2024	native_string_full700	ot_nolit__to__intogen2024	target
ZNF93	0	1	intogen2024	native_string_full700	ot_nolit__to__intogen2024	target
ELF3	0	1	intogen2024	native_string_full700	ot_nolit__to__intogen2024	target
KDM3B	0	1	intogen2024	native_string_full700	ot_nolit__to__intogen2024	target
ARID1B	0	1	intogen2024	native_string_full700	ot_nolit__to__intogen2024	target
PTK6	0	1	intogen2024	native_string_full700	ot_nolit__to__intogen2024	target
PRDM1	0	1	intogen2024	native_string_full700	ot_nolit__to__intogen2024	target
PI4KA	0	1	intogen2024	native_string_full700	ot_nolit__to__intogen2024	target
BCL10	0	1	intogen2024	native_string_full700	ot_nolit__to__intogen2024	target
CDH11	0	1	intogen2024	native_string_full700	ot_nolit__to__intogen2024	target
NT5C3A	0	1	intogen2024	native_string_full700	ot_nolit__to__intogen2024	target
TCF7L2	0	1	intogen2024	native_string_full700	ot_nolit__to__intogen2024	target
ZBTB48	0	1	intogen2024	native_string_full700	ot_nolit__to__intogen2024	target
FOXO3	0	1	intogen2024	native_string_full700	ot_nolit__to__intogen2024	target
RNF213	0	1	intogen2024	native_string_full700	ot_nolit__to__intogen2024	target
KNSTRN	0	1	intogen2024	native_string_full700	ot_nolit__to__intogen2024	target
EPS15	0	1	intogen2024	native_string_full700	ot_nolit__to__intogen2024	target
FHIT	0	1	intogen2024	native_string_full700	ot_nolit__to__intogen2024	target
PSPC1	0	1	intogen2024	native_string_full700	ot_nolit__to__intogen2024	target
IKZF1	0	1	intogen2024	native_string_full700	ot_nolit__to__intogen2024	target
U2AF1	0	1	intogen2024	native_string_full700	ot_nolit__to__intogen2024	target
ARHGEF10	0	1	intogen2024	native_string_full700	ot_nolit__to__intogen2024	target
KLF4	0	1	intogen2024	native_string_full700	ot_nolit__to__intogen2024	target
HRAS	0	1	intogen2024	native_string_full700	ot_nolit__to__intogen2024	target
PLXNC1	0	1	intogen2024	native_string_full700	ot_nolit__to__intogen2024	target
GRIN2A	0	1	intogen2024	native_string_full700	ot_nolit__to__intogen2024	target
ACVR2A	0	1	intogen2024	native_string_full700	ot_nolit__to__intogen2024	target
FBLN2	0	1	intogen2024	native_string_full700	ot_nolit__to__intogen2024	target
IDH2	0	1	intogen2024	native_string_full700	ot_nolit__to__intogen2024	target
USP7	0	1	intogen2024	native_string_full700	ot_nolit__to__intogen2024	target
LATS2	0	1	intogen2024	native_string_full700	ot_nolit__to__intogen2024	target
SRGAP3	0	1	intogen2024	native_string_full700	ot_nolit__to__intogen2024	target
FGFR2	0	1	intogen2024	native_string_full700	ot_nolit__to__intogen2024	target
CACNA1D	0	1	intogen2024	native_string_full700	ot_nolit__to__intogen2024	target
GNAQ	0	1	intogen2024	native_string_full700	ot_nolit__to__intogen2024	target
IRF1	0	1	intogen2024	native_string_full700	ot_nolit__to__intogen2024	target
ALDH2	0	1	intogen2024	native_string_full700	ot_nolit__to__intogen2024	target
ING1	0	1	intogen2024	native_string_full700	ot_nolit__to__intogen2024	target
FAT1	0	1	intogen2024	native_string_full700	ot_nolit__to__intogen2024	target
SH2B3	0	1	intogen2024	native_string_full700	ot_nolit__to__intogen2024	target
GLI1	0	1	intogen2024	native_string_full700	ot_nolit__to__intogen2024	target
KMT5A	0	1	intogen2024	native_string_full700	ot_nolit__to__intogen2024	target
IL7R	0	1	intogen2024	native_string_full700	ot_nolit__to__intogen2024	target
HIF1A	0	1	intogen2024	native_string_full700	ot_nolit__to__intogen2024	target
IKZF3	0	1	intogen2024	native_string_full700	ot_nolit__to__intogen2024	target
MALT1	0	1	intogen2024	native_string_full700	ot_nolit__to__intogen2024	target
ARHGAP35	0	1	intogen2024	native_string_full700	ot_nolit__to__intogen2024	target
PHF6	0	1	intogen2024	native_string_full700	ot_nolit__to__intogen2024	target
H3-3A	0	1	intogen2024	native_string_full700	ot_nolit__to__intogen2024	target
GNAS	0	1	intogen2024	native_string_full700	ot_nolit__to__intogen2024	target
HLA-A	0	1	intogen2024	native_string_full700	ot_nolit__to__intogen2024	target
TEC	0	1	intogen2024	native_string_full700	ot_nolit__to__intogen2024	target
HOXC13	0	1	intogen2024	native_string_full700	ot_nolit__to__intogen2024	target
LIFR	0	1	intogen2024	native_string_full700	ot_nolit__to__intogen2024	target
ETV1	0	1	intogen2024	native_string_full700	ot_nolit__to__intogen2024	target
LATS1	0	1	intogen2024	native_string_full700	ot_nolit__to__intogen2024	target
EBF1	0	1	intogen2024	native_string_full700	ot_nolit__to__intogen2024	target
MSN	0	1	intogen2024	native_string_full700	ot_nolit__to__intogen2024	target
RHPN2	0	1	intogen2024	native_string_full700	ot_nolit__to__intogen2024	target
TBX3	0	1	intogen2024	native_string_full700	ot_nolit__to__intogen2024	target
MDGA2	0	1	intogen2024	native_string_full700	ot_nolit__to__intogen2024	target
ERCC3	0	1	intogen2024	native_string_full700	ot_nolit__to__intogen2024	target
DIS3	0	1	intogen2024	native_string_full700	ot_nolit__to__intogen2024	target
RAC1	0	1	intogen2024	native_string_full700	ot_nolit__to__intogen2024	target
CBL	0	1	intogen2024	native_string_full700	ot_nolit__to__intogen2024	target
SOX9	0	1	intogen2024	native_string_full700	ot_nolit__to__intogen2024	target
U2AF2	0	1	intogen2024	native_string_full700	ot_nolit__to__intogen2024	target
CDH10	0	1	intogen2024	native_string_full700	ot_nolit__to__intogen2024	target
SETBP1	0	1	intogen2024	native_string_full700	ot_nolit__to__intogen2024	target
HLA-B	0	1	intogen2024	native_string_full700	ot_nolit__to__intogen2024	target
WWTR1	0	1	intogen2024	native_string_full700	ot_nolit__to__intogen2024	target
LRP1B	0	1	intogen2024	native_string_full700	ot_nolit__to__intogen2024	target
CTNND2	0	1	intogen2024	native_string_full700	ot_nolit__to__intogen2024	target
SETD2	0	1	intogen2024	native_string_full700	ot_nolit__to__intogen2024	target
USP6	0	1	intogen2024	native_string_full700	ot_nolit__to__intogen2024	target
NFKBIE	0	1	intogen2024	native_string_full700	ot_nolit__to__intogen2024	target
FOXA2	0	1	intogen2024	native_string_full700	ot_nolit__to__intogen2024	target
ZCRB1	0	1	intogen2024	native_string_full700	ot_nolit__to__intogen2024	target
CMTR2	0	1	intogen2024	native_string_full700	ot_nolit__to__intogen2024	target
IKBKB	0	1	intogen2024	native_string_full700	ot_nolit__to__intogen2024	target
MIB2	0	1	intogen2024	native_string_full700	ot_nolit__to__intogen2024	target
CCNT1	0	1	intogen2024	native_string_full700	ot_nolit__to__intogen2024	target
ACVR1B	0	1	intogen2024	native_string_full700	ot_nolit__to__intogen2024	target
CNOT3	0	1	intogen2024	native_string_full700	ot_nolit__to__intogen2024	target
POLQ	0	1	intogen2024	native_string_full700	ot_nolit__to__intogen2024	target
CLTCL1	0	1	intogen2024	native_string_full700	ot_nolit__to__intogen2024	target
AJUBA	0	1	intogen2024	native_string_full700	ot_nolit__to__intogen2024	target
CPEB3	0	1	intogen2024	native_string_full700	ot_nolit__to__intogen2024	target
PML	0	1	intogen2024	native_string_full700	ot_nolit__to__intogen2024	target
MYO5A	0	1	intogen2024	native_string_full700	ot_nolit__to__intogen2024	target
CASZ1	0	1	intogen2024	native_string_full700	ot_nolit__to__intogen2024	target
SOX21	0	1	intogen2024	native_string_full700	ot_nolit__to__intogen2024	target
NOTCH2	0	1	intogen2024	native_string_full700	ot_nolit__to__intogen2024	target
PTPRD	0	1	intogen2024	native_string_full700	ot_nolit__to__intogen2024	target
RGS7	0	1	intogen2024	native_string_full700	ot_nolit__to__intogen2024	target
BCL11A	0	1	intogen2024	native_string_full700	ot_nolit__to__intogen2024	target
SHTN1	0	1	intogen2024	native_string_full700	ot_nolit__to__intogen2024	target
ELK4	0	1	intogen2024	native_string_full700	ot_nolit__to__intogen2024	target
PAX5	0	1	intogen2024	native_string_full700	ot_nolit__to__intogen2024	target
JAK2	0	1	intogen2024	native_string_full700	ot_nolit__to__intogen2024	target
KLF6	0	1	intogen2024	native_string_full700	ot_nolit__to__intogen2024	target
PPP6C	0	1	intogen2024	native_string_full700	ot_nolit__to__intogen2024	target
BCL9	0	1	intogen2024	native_string_full700	ot_nolit__to__intogen2024	target
FAT3	0	1	intogen2024	native_string_full700	ot_nolit__to__intogen2024	target
FBN2	0	1	intogen2024	native_string_full700	ot_nolit__to__intogen2024	target
DDR2	0	1	intogen2024	native_string_full700	ot_nolit__to__intogen2024	target
H3C2	0	1	intogen2024	native_string_full700	ot_nolit__to__intogen2024	target
FMN2	0	1	intogen2024	native_string_full700	ot_nolit__to__intogen2024	target
SPEN	0	1	intogen2024	native_string_full700	ot_nolit__to__intogen2024	target
WNT1	0	1	intogen2024	native_string_full700	ot_nolit__to__intogen2024	target
AFF4	0	1	intogen2024	native_string_full700	ot_nolit__to__intogen2024	target
RUNX1T1	0	1	intogen2024	native_string_full700	ot_nolit__to__intogen2024	target
GSK3B	0	1	intogen2024	native_string_full700	ot_nolit__to__intogen2024	target
NCOA1	0	1	intogen2024	native_string_full700	ot_nolit__to__intogen2024	target
NCKIPSD	0	1	intogen2024	native_string_full700	ot_nolit__to__intogen2024	target
TMSB4X	0	1	intogen2024	native_string_full700	ot_nolit__to__intogen2024	target
AFDN	0	1	intogen2024	native_string_full700	ot_nolit__to__intogen2024	target
DSP	0	1	intogen2024	native_string_full700	ot_nolit__to__intogen2024	target
SAMHD1	0	1	intogen2024	native_string_full700	ot_nolit__to__intogen2024	target
NRAS	0	1	intogen2024	native_string_full700	ot_nolit__to__intogen2024	target
BCL2	0	1	intogen2024	native_string_full700	ot_nolit__to__intogen2024	target
BCLAF1	0	1	intogen2024	native_string_full700	ot_nolit__to__intogen2024	target
ETV5	0	1	intogen2024	native_string_full700	ot_nolit__to__intogen2024	target
NVL	0	1	intogen2024	native_string_full700	ot_nolit__to__intogen2024	target
NXF1	0	1	intogen2024	native_string_full700	ot_nolit__to__intogen2024	target
BMP6	0	1	intogen2024	native_string_full700	ot_nolit__to__intogen2024	target
CRLF2	0	1	intogen2024	native_string_full700	ot_nolit__to__intogen2024	target
GNA11	0	1	intogen2024	native_string_full700	ot_nolit__to__intogen2024	target
MAPK1	0	1	intogen2024	native_string_full700	ot_nolit__to__intogen2024	target
NCOA2	0	1	intogen2024	native_string_full700	ot_nolit__to__intogen2024	target
UBE2A	0	1	intogen2024	native_string_full700	ot_nolit__to__intogen2024	target
RBM39	0	1	intogen2024	native_string_full700	ot_nolit__to__intogen2024	target
NFKB2	0	1	intogen2024	native_string_full700	ot_nolit__to__intogen2024	target
ARHGEF12	0	1	intogen2024	native_string_full700	ot_nolit__to__intogen2024	target
GNA13	0	1	intogen2024	native_string_full700	ot_nolit__to__intogen2024	target
UBXN11	0	1	intogen2024	native_string_full700	ot_nolit__to__intogen2024	target
USP9X	0	1	intogen2024	native_string_full700	ot_nolit__to__intogen2024	target
MDM2	0	1	intogen2024	native_string_full700	ot_nolit__to__intogen2024	target
NKTR	0	1	intogen2024	native_string_full700	ot_nolit__to__intogen2024	target
GNAI2	0	1	intogen2024	native_string_full700	ot_nolit__to__intogen2024	target
ZNF274	0	1	intogen2024	native_string_full700	ot_nolit__to__intogen2024	target
ZNF395	0	1	intogen2024	native_string_full700	ot_nolit__to__intogen2024	target
KNL1	0	1	intogen2024	native_string_full700	ot_nolit__to__intogen2024	target
H4C9	0	1	intogen2024	native_string_full700	ot_nolit__to__intogen2024	target
AKT1	0	1	intogen2024	native_string_full700	ot_nolit__to__intogen2024	target
HSP90AB1	0	1	intogen2024	native_string_full700	ot_nolit__to__intogen2024	target
KEAP1	0	1	intogen2024	native_string_full700	ot_nolit__to__intogen2024	target
RSPO2	0	1	intogen2024	native_string_full700	ot_nolit__to__intogen2024	target
SIN3A	0	1	intogen2024	native_string_full700	ot_nolit__to__intogen2024	target
PTPN3	0	1	intogen2024	native_string_full700	ot_nolit__to__intogen2024	target
EPHA3	0	1	intogen2024	native_string_full700	ot_nolit__to__intogen2024	target
CEP89	0	1	intogen2024	native_string_full700	ot_nolit__to__intogen2024	target
MLLT1	0	1	intogen2024	native_string_full700	ot_nolit__to__intogen2024	target
TNFAIP3	0	1	intogen2024	native_string_full700	ot_nolit__to__intogen2024	target
PCBP1	0	1	intogen2024	native_string_full700	ot_nolit__to__intogen2024	target
MYC	0	1	intogen2024	native_string_full700	ot_nolit__to__intogen2024	target
COL2A1	0	1	intogen2024	native_string_full700	ot_nolit__to__intogen2024	target
NSD3	0	1	intogen2024	native_string_full700	ot_nolit__to__intogen2024	target
GTF2I	0	1	intogen2024	native_string_full700	ot_nolit__to__intogen2024	target
MLLT3	0	1	intogen2024	native_string_full700	ot_nolit__to__intogen2024	target
MECOM	0	1	intogen2024	native_string_full700	ot_nolit__to__intogen2024	target
RRN3	0	1	intogen2024	native_string_full700	ot_nolit__to__intogen2024	target
PTPRT	0	1	intogen2024	native_string_full700	ot_nolit__to__intogen2024	target
TP63	0	1	intogen2024	native_string_full700	ot_nolit__to__intogen2024	target
KDM5C	0	1	intogen2024	native_string_full700	ot_nolit__to__intogen2024	target
ZCCHC8	0	1	intogen2024	native_string_full700	ot_nolit__to__intogen2024	target
THRAP3	0	1	intogen2024	native_string_full700	ot_nolit__to__intogen2024	target
PRKCD	0	1	intogen2024	native_string_full700	ot_nolit__to__intogen2024	target
PCM1	0	1	intogen2024	native_string_full700	ot_nolit__to__intogen2024	target
RAP1GDS1	0	1	intogen2024	native_string_full700	ot_nolit__to__intogen2024	target
ELF4	0	1	intogen2024	native_string_full700	ot_nolit__to__intogen2024	target
ZBTB16	0	1	intogen2024	native_string_full700	ot_nolit__to__intogen2024	target
TAL1	0	1	intogen2024	native_string_full700	ot_nolit__to__intogen2024	target
RPL10	0	1	intogen2024	native_string_full700	ot_nolit__to__intogen2024	target
POU2F2	0	1	intogen2024	native_string_full700	ot_nolit__to__intogen2024	target
VAV1	0	1	intogen2024	native_string_full700	ot_nolit__to__intogen2024	target
KMT2B	0	1	intogen2024	native_string_full700	ot_nolit__to__intogen2024	target
RAD21	0	1	intogen2024	native_string_full700	ot_nolit__to__intogen2024	target
HSPG2	0	1	intogen2024	native_string_full700	ot_nolit__to__intogen2024	target
DDB2	0	1	intogen2024	native_string_full700	ot_nolit__to__intogen2024	target
MED12	0	1	intogen2024	native_string_full700	ot_nolit__to__intogen2024	target
SP140	0	1	intogen2024	native_string_full700	ot_nolit__to__intogen2024	target
RANBP2	0	1	intogen2024	native_string_full700	ot_nolit__to__intogen2024	target
TAF15	0	1	intogen2024	native_string_full700	ot_nolit__to__intogen2024	target
CSPG4	0	1	intogen2024	native_string_full700	ot_nolit__to__intogen2024	target
IL6ST	0	1	intogen2024	native_string_full700	ot_nolit__to__intogen2024	target
GATA3	0	1	intogen2024	native_string_full700	ot_nolit__to__intogen2024	target
PDZD2	0	1	intogen2024	native_string_full700	ot_nolit__to__intogen2024	target
ACSL3	0	1	intogen2024	native_string_full700	ot_nolit__to__intogen2024	target
PICALM	0	1	intogen2024	native_string_full700	ot_nolit__to__intogen2024	target
KAT6A	0	1	intogen2024	native_string_full700	ot_nolit__to__intogen2024	target
PRKCB	0	1	intogen2024	native_string_full700	ot_nolit__to__intogen2024	target
EPAS1	0	1	intogen2024	native_string_full700	ot_nolit__to__intogen2024	target
PTPN14	0	1	intogen2024	native_string_full700	ot_nolit__to__intogen2024	target
CBLB	0	1	intogen2024	native_string_full700	ot_nolit__to__intogen2024	target
EFTUD2	0	1	intogen2024	native_string_full700	ot_nolit__to__intogen2024	target
KMT2A	0	1	intogen2024	native_string_full700	ot_nolit__to__intogen2024	target
ZBTB20	0	1	intogen2024	native_string_full700	ot_nolit__to__intogen2024	target
RRAGC	0	1	intogen2024	native_string_full700	ot_nolit__to__intogen2024	target
CDKN2C	0	1	intogen2024	native_string_full700	ot_nolit__to__intogen2024	target
RUNX1	0	1	intogen2024	native_string_full700	ot_nolit__to__intogen2024	target
CD79B	0	1	intogen2024	native_string_full700	ot_nolit__to__intogen2024	target
FOXL2	0	1	intogen2024	native_string_full700	ot_nolit__to__intogen2024	target
TENT5C	0	1	intogen2024	native_string_full700	ot_nolit__to__intogen2024	target
SLC34A2	0	1	intogen2024	native_string_full700	ot_nolit__to__intogen2024	target
NUP98	0	1	intogen2024	native_string_full700	ot_nolit__to__intogen2024	target
CIC	0	1	intogen2024	native_string_full700	ot_nolit__to__intogen2024	target
MYH11	0	1	intogen2024	native_string_full700	ot_nolit__to__intogen2024	target
BRD7	0	1	intogen2024	native_string_full700	ot_nolit__to__intogen2024	target
EGR2	0	1	intogen2024	native_string_full700	ot_nolit__to__intogen2024	target
RBM38	0	1	intogen2024	native_string_full700	ot_nolit__to__intogen2024	target
NUMA1	0	1	intogen2024	native_string_full700	ot_nolit__to__intogen2024	target
EIF1AX	0	1	intogen2024	native_string_full700	ot_nolit__to__intogen2024	target
CCND3	0	1	intogen2024	native_string_full700	ot_nolit__to__intogen2024	target
ID3	0	1	intogen2024	native_string_full700	ot_nolit__to__intogen2024	target
CSMD3	0	1	intogen2024	native_string_full700	ot_nolit__to__intogen2024	target
SMARCD1	0	1	intogen2024	native_string_full700	ot_nolit__to__intogen2024	target
USP8	0	1	intogen2024	native_string_full700	ot_nolit__to__intogen2024	target
PIK3CB	0	1	intogen2024	native_string_full700	ot_nolit__to__intogen2024	target
ARAF	0	1	intogen2024	native_string_full700	ot_nolit__to__intogen2024	target
NTRK2	0	1	intogen2024	native_string_full700	ot_nolit__to__intogen2024	target
DUSP16	0	1	intogen2024	native_string_full700	ot_nolit__to__intogen2024	target
ASXL2	0	1	intogen2024	native_string_full700	ot_nolit__to__intogen2024	target
PRKD2	0	1	intogen2024	native_string_full700	ot_nolit__to__intogen2024	target
PIM1	0	1	intogen2024	native_string_full700	ot_nolit__to__intogen2024	target
HMBS	0	0	intogen2024	native_string_full700	ot_nolit__to__intogen2024	background
RNPS1	0	0	intogen2024	native_string_full700	ot_nolit__to__intogen2024	background
ZNF263	0	0	intogen2024	native_string_full700	ot_nolit__to__intogen2024	background
PLXNB2	0	0	intogen2024	native_string_full700	ot_nolit__to__intogen2024	background
KRT27	0	0	intogen2024	native_string_full700	ot_nolit__to__intogen2024	background
LYL1	0	0	intogen2024	native_string_full700	ot_nolit__to__intogen2024	background
NAPEPLD	0	0	intogen2024	native_string_full700	ot_nolit__to__intogen2024	background
PRRX1	0	0	intogen2024	native_string_full700	ot_nolit__to__intogen2024	background
ATP8B4	0	0	intogen2024	native_string_full700	ot_nolit__to__intogen2024	background
USP41	0	0	intogen2024	native_string_full700	ot_nolit__to__intogen2024	background
TRIP4	0	0	intogen2024	native_string_full700	ot_nolit__to__intogen2024	background
SPACA1	0	0	intogen2024	native_string_full700	ot_nolit__to__intogen2024	background
HCCS	0	0	intogen2024	native_string_full700	ot_nolit__to__intogen2024	background
ANKS4B	0	0	intogen2024	native_string_full700	ot_nolit__to__intogen2024	background
SLCO6A1	0	0	intogen2024	native_string_full700	ot_nolit__to__intogen2024	background
EIF6	0	0	intogen2024	native_string_full700	ot_nolit__to__intogen2024	background
ADAM21	0	0	intogen2024	native_string_full700	ot_nolit__to__intogen2024	background
TMLHE	0	0	intogen2024	native_string_full700	ot_nolit__to__intogen2024	background
UCHL1	0	0	intogen2024	native_string_full700	ot_nolit__to__intogen2024	background
BMP2K	0	0	intogen2024	native_string_full700	ot_nolit__to__intogen2024	background
PYDC2	0	0	intogen2024	native_string_full700	ot_nolit__to__intogen2024	background
EPB41L3	0	0	intogen2024	native_string_full700	ot_nolit__to__intogen2024	background
ARHGEF6	0	0	intogen2024	native_string_full700	ot_nolit__to__intogen2024	background
LGALS7B	0	0	intogen2024	native_string_full700	ot_nolit__to__intogen2024	background
RORA	0	0	intogen2024	native_string_full700	ot_nolit__to__intogen2024	background
PLK4	0	0	intogen2024	native_string_full700	ot_nolit__to__intogen2024	background
NIPSNAP2	0	0	intogen2024	native_string_full700	ot_nolit__to__intogen2024	background
TEX48	0	0	intogen2024	native_string_full700	ot_nolit__to__intogen2024	background
FREM3	0	0	intogen2024	native_string_full700	ot_nolit__to__intogen2024	background
WDR61	0	0	intogen2024	native_string_full700	ot_nolit__to__intogen2024	background
STAU1	0	0	intogen2024	native_string_full700	ot_nolit__to__intogen2024	background
HHATL	0	0	intogen2024	native_string_full700	ot_nolit__to__intogen2024	background
SPICE1	0	0	intogen2024	native_string_full700	ot_nolit__to__intogen2024	background
FRRS1L	0	0	intogen2024	native_string_full700	ot_nolit__to__intogen2024	background
CHST2	0	0	intogen2024	native_string_full700	ot_nolit__to__intogen2024	background
WBP1	0	0	intogen2024	native_string_full700	ot_nolit__to__intogen2024	background
KCNMB2	0	0	intogen2024	native_string_full700	ot_nolit__to__intogen2024	background
RBM26	0	0	intogen2024	native_string_full700	ot_nolit__to__intogen2024	background
PLA2G1B	0	0	intogen2024	native_string_full700	ot_nolit__to__intogen2024	background
LRFN2	0	0	intogen2024	native_string_full700	ot_nolit__to__intogen2024	background
FKBP1B	0	0	intogen2024	native_string_full700	ot_nolit__to__intogen2024	background
PRCC	0	0	intogen2024	native_string_full700	ot_nolit__to__intogen2024	background
SPACA9	0	0	intogen2024	native_string_full700	ot_nolit__to__intogen2024	background
ADAMTS1	0	0	intogen2024	native_string_full700	ot_nolit__to__intogen2024	background
RAD51D-2	0	0	intogen2024	native_string_full700	ot_nolit__to__intogen2024	background
U2AF1L5	0	0	intogen2024	native_string_full700	ot_nolit__to__intogen2024	background
COPS6	0	0	intogen2024	native_string_full700	ot_nolit__to__intogen2024	background
RAB4B	0	0	intogen2024	native_string_full700	ot_nolit__to__intogen2024	background
RLN2	0	0	intogen2024	native_string_full700	ot_nolit__to__intogen2024	background
SRXN1	0	0	intogen2024	native_string_full700	ot_nolit__to__intogen2024	background
DEFB108B	0	0	intogen2024	native_string_full700	ot_nolit__to__intogen2024	background
POU3F1	0	0	intogen2024	native_string_full700	ot_nolit__to__intogen2024	background
RELT	0	0	intogen2024	native_string_full700	ot_nolit__to__intogen2024	background
OBSL1	0	0	intogen2024	native_string_full700	ot_nolit__to__intogen2024	background
RASL11B	0	0	intogen2024	native_string_full700	ot_nolit__to__intogen2024	background
GSTA3	0	0	intogen2024	native_string_full700	ot_nolit__to__intogen2024	background
SCYGR1	0	0	intogen2024	native_string_full700	ot_nolit__to__intogen2024	background
RAB8A	0	0	intogen2024	native_string_full700	ot_nolit__to__intogen2024	background
GULP1	0	0	intogen2024	native_string_full700	ot_nolit__to__intogen2024	background
SVIP	0	0	intogen2024	native_string_full700	ot_nolit__to__intogen2024	background
DBP	0	0	intogen2024	native_string_full700	ot_nolit__to__intogen2024	background
PPP1R37	0	0	intogen2024	native_string_full700	ot_nolit__to__intogen2024	background
DNAJC5	0	0	intogen2024	native_string_full700	ot_nolit__to__intogen2024	background
MOV10L1	0	0	intogen2024	native_string_full700	ot_nolit__to__intogen2024	background
ESM1	0	0	intogen2024	native_string_full700	ot_nolit__to__intogen2024	background
MYF6	0	0	intogen2024	native_string_full700	ot_nolit__to__intogen2024	background
IL17B	0	0	intogen2024	native_string_full700	ot_nolit__to__intogen2024	background
COBL	0	0	intogen2024	native_string_full700	ot_nolit__to__intogen2024	background
ZNF791	0	0	intogen2024	native_string_full700	ot_nolit__to__intogen2024	background
HABP2	0	0	intogen2024	native_string_full700	ot_nolit__to__intogen2024	background
NR1I3	0	0	intogen2024	native_string_full700	ot_nolit__to__intogen2024	background
SRCIN1	0	0	intogen2024	native_string_full700	ot_nolit__to__intogen2024	background
CBX2	0	0	intogen2024	native_string_full700	ot_nolit__to__intogen2024	background
CHRNA9	0	0	intogen2024	native_string_full700	ot_nolit__to__intogen2024	background
TYRO3	0	0	intogen2024	native_string_full700	ot_nolit__to__intogen2024	background
C1QTNF5	0	0	intogen2024	native_string_full700	ot_nolit__to__intogen2024	background
IDUA	0	0	intogen2024	native_string_full700	ot_nolit__to__intogen2024	background
TMEM19	0	0	intogen2024	native_string_full700	ot_nolit__to__intogen2024	background
CELA1	0	0	intogen2024	native_string_full700	ot_nolit__to__intogen2024	background
ADAD1	0	0	intogen2024	native_string_full700	ot_nolit__to__intogen2024	background
SEPTIN12	0	0	intogen2024	native_string_full700	ot_nolit__to__intogen2024	background
OR2AT4	0	0	intogen2024	native_string_full700	ot_nolit__to__intogen2024	background
FGD4	0	0	intogen2024	native_string_full700	ot_nolit__to__intogen2024	background
PEX5	0	0	intogen2024	native_string_full700	ot_nolit__to__intogen2024	background
PDHX	0	0	intogen2024	native_string_full700	ot_nolit__to__intogen2024	background
OR8K3	0	0	intogen2024	native_string_full700	ot_nolit__to__intogen2024	background
PIGC	0	0	intogen2024	native_string_full700	ot_nolit__to__intogen2024	background
AQP9	0	0	intogen2024	native_string_full700	ot_nolit__to__intogen2024	background
PGRMC2	0	0	intogen2024	native_string_full700	ot_nolit__to__intogen2024	background
ME1	0	0	intogen2024	native_string_full700	ot_nolit__to__intogen2024	background
SH2D3C	0	0	intogen2024	native_string_full700	ot_nolit__to__intogen2024	background
RAB3D	0	0	intogen2024	native_string_full700	ot_nolit__to__intogen2024	background
BEND5	0	0	intogen2024	native_string_full700	ot_nolit__to__intogen2024	background
CCDC65	0	0	intogen2024	native_string_full700	ot_nolit__to__intogen2024	background
TFF1	0	0	intogen2024	native_string_full700	ot_nolit__to__intogen2024	background
NCSTN	0	0	intogen2024	native_string_full700	ot_nolit__to__intogen2024	background
ARHGEF17	0	0	intogen2024	native_string_full700	ot_nolit__to__intogen2024	background
FKBP15	0	0	intogen2024	native_string_full700	ot_nolit__to__intogen2024	background
RBBP7	0	0	intogen2024	native_string_full700	ot_nolit__to__intogen2024	background
ADA	0	0	intogen2024	native_string_full700	ot_nolit__to__intogen2024	background
GABRA4	0	0	intogen2024	native_string_full700	ot_nolit__to__intogen2024	background
TAF11L14	0	0	intogen2024	native_string_full700	ot_nolit__to__intogen2024	background
CHMP6	0	0	intogen2024	native_string_full700	ot_nolit__to__intogen2024	background
GREB1	0	0	intogen2024	native_string_full700	ot_nolit__to__intogen2024	background
SELENOK	0	0	intogen2024	native_string_full700	ot_nolit__to__intogen2024	background
RYBP	0	0	intogen2024	native_string_full700	ot_nolit__to__intogen2024	background
SPARC	0	0	intogen2024	native_string_full700	ot_nolit__to__intogen2024	background
CRHR1	0	0	intogen2024	native_string_full700	ot_nolit__to__intogen2024	background
CLEC6A	0	0	intogen2024	native_string_full700	ot_nolit__to__intogen2024	background
WWP1	0	0	intogen2024	native_string_full700	ot_nolit__to__intogen2024	background
DDT	0	0	intogen2024	native_string_full700	ot_nolit__to__intogen2024	background
PHKG1	0	0	intogen2024	native_string_full700	ot_nolit__to__intogen2024	background
PRPF19	0	0	intogen2024	native_string_full700	ot_nolit__to__intogen2024	background
PROCA1	0	0	intogen2024	native_string_full700	ot_nolit__to__intogen2024	background
KLF17	0	0	intogen2024	native_string_full700	ot_nolit__to__intogen2024	background
AADAT	0	0	intogen2024	native_string_full700	ot_nolit__to__intogen2024	background
MRPS12	0	0	intogen2024	native_string_full700	ot_nolit__to__intogen2024	background
PIF1	0	0	intogen2024	native_string_full700	ot_nolit__to__intogen2024	background
FSTL3	0	0	intogen2024	native_string_full700	ot_nolit__to__intogen2024	background
MGME1	0	0	intogen2024	native_string_full700	ot_nolit__to__intogen2024	background
ATP2B4	0	0	intogen2024	native_string_full700	ot_nolit__to__intogen2024	background
SOX14	0	0	intogen2024	native_string_full700	ot_nolit__to__intogen2024	background
GPR18	0	0	intogen2024	native_string_full700	ot_nolit__to__intogen2024	background
MAPK4	0	0	intogen2024	native_string_full700	ot_nolit__to__intogen2024	background
ATE1	0	0	intogen2024	native_string_full700	ot_nolit__to__intogen2024	background
FKBP8	0	0	intogen2024	native_string_full700	ot_nolit__to__intogen2024	background
TATDN2	0	0	intogen2024	native_string_full700	ot_nolit__to__intogen2024	background
NDUFC2-KCTD14	0	0	intogen2024	native_string_full700	ot_nolit__to__intogen2024	background
WASHC2C	0	0	intogen2024	native_string_full700	ot_nolit__to__intogen2024	background
KLHL28	0	0	intogen2024	native_string_full700	ot_nolit__to__intogen2024	background
FNIP1	0	0	intogen2024	native_string_full700	ot_nolit__to__intogen2024	background
TMEM120B	0	0	intogen2024	native_string_full700	ot_nolit__to__intogen2024	background
ERAL1	0	0	intogen2024	native_string_full700	ot_nolit__to__intogen2024	background
FCGRT	0	0	intogen2024	native_string_full700	ot_nolit__to__intogen2024	background
HMGCLL1	0	0	intogen2024	native_string_full700	ot_nolit__to__intogen2024	background
MT-ND4L	0	0	intogen2024	native_string_full700	ot_nolit__to__intogen2024	background
LIPA	0	0	intogen2024	native_string_full700	ot_nolit__to__intogen2024	background
GALNT2	0	0	intogen2024	native_string_full700	ot_nolit__to__intogen2024	background
XRN1	0	0	intogen2024	native_string_full700	ot_nolit__to__intogen2024	background
EXOC3	0	0	intogen2024	native_string_full700	ot_nolit__to__intogen2024	background
B4GALT2	0	0	intogen2024	native_string_full700	ot_nolit__to__intogen2024	background
RHEBL1	0	0	intogen2024	native_string_full700	ot_nolit__to__intogen2024	background
MZT2A	0	0	intogen2024	native_string_full700	ot_nolit__to__intogen2024	background
H2AC8	0	0	intogen2024	native_string_full700	ot_nolit__to__intogen2024	background
PDCD4	0	0	intogen2024	native_string_full700	ot_nolit__to__intogen2024	background
TTC29	0	0	intogen2024	native_string_full700	ot_nolit__to__intogen2024	background
TADA2A	0	0	intogen2024	native_string_full700	ot_nolit__to__intogen2024	background
LONP1	0	0	intogen2024	native_string_full700	ot_nolit__to__intogen2024	background
INO80C	0	0	intogen2024	native_string_full700	ot_nolit__to__intogen2024	background
S100A9	0	0	intogen2024	native_string_full700	ot_nolit__to__intogen2024	background
MCUR1	0	0	intogen2024	native_string_full700	ot_nolit__to__intogen2024	background
PSG6	0	0	intogen2024	native_string_full700	ot_nolit__to__intogen2024	background
ACOT11	0	0	intogen2024	native_string_full700	ot_nolit__to__intogen2024	background
RNMT	0	0	intogen2024	native_string_full700	ot_nolit__to__intogen2024	background
GAK	0	0	intogen2024	native_string_full700	ot_nolit__to__intogen2024	background
THOC7	0	0	intogen2024	native_string_full700	ot_nolit__to__intogen2024	background
CHST7	0	0	intogen2024	native_string_full700	ot_nolit__to__intogen2024	background
ZNF223	0	0	intogen2024	native_string_full700	ot_nolit__to__intogen2024	background
NACC1	0	0	intogen2024	native_string_full700	ot_nolit__to__intogen2024	background
FABP1	0	0	intogen2024	native_string_full700	ot_nolit__to__intogen2024	background
PPFIA1	0	0	intogen2024	native_string_full700	ot_nolit__to__intogen2024	background
SEPTIN7	0	0	intogen2024	native_string_full700	ot_nolit__to__intogen2024	background
MARCHF8	0	0	intogen2024	native_string_full700	ot_nolit__to__intogen2024	background
FAM98C	0	0	intogen2024	native_string_full700	ot_nolit__to__intogen2024	background
GTF3C1	0	0	intogen2024	native_string_full700	ot_nolit__to__intogen2024	background
RPL24	0	0	intogen2024	native_string_full700	ot_nolit__to__intogen2024	background
TIPRL	0	0	intogen2024	native_string_full700	ot_nolit__to__intogen2024	background
CDK10	0	0	intogen2024	native_string_full700	ot_nolit__to__intogen2024	background
BPY2B	0	0	intogen2024	native_string_full700	ot_nolit__to__intogen2024	background
NDUFB9	0	0	intogen2024	native_string_full700	ot_nolit__to__intogen2024	background
SYT12	0	0	intogen2024	native_string_full700	ot_nolit__to__intogen2024	background
FDFT1	0	0	intogen2024	native_string_full700	ot_nolit__to__intogen2024	background
NFU1	0	0	intogen2024	native_string_full700	ot_nolit__to__intogen2024	background
CELA3A	0	0	intogen2024	native_string_full700	ot_nolit__to__intogen2024	background
SRRT	0	0	intogen2024	native_string_full700	ot_nolit__to__intogen2024	background
DEGS1	0	0	intogen2024	native_string_full700	ot_nolit__to__intogen2024	background
PTK2B	0	0	intogen2024	native_string_full700	ot_nolit__to__intogen2024	background
CNTF	0	0	intogen2024	native_string_full700	ot_nolit__to__intogen2024	background
TMEM63C	0	0	intogen2024	native_string_full700	ot_nolit__to__intogen2024	background
PIGY	0	0	intogen2024	native_string_full700	ot_nolit__to__intogen2024	background
AVPR1B	0	0	intogen2024	native_string_full700	ot_nolit__to__intogen2024	background
ASMTL	0	0	intogen2024	native_string_full700	ot_nolit__to__intogen2024	background
GNA12	0	0	intogen2024	native_string_full700	ot_nolit__to__intogen2024	background
TAS2R9	0	0	intogen2024	native_string_full700	ot_nolit__to__intogen2024	background
SLC10A7	0	0	intogen2024	native_string_full700	ot_nolit__to__intogen2024	background
CCNDBP1	0	0	intogen2024	native_string_full700	ot_nolit__to__intogen2024	background
B4GALT1	0	0	intogen2024	native_string_full700	ot_nolit__to__intogen2024	background
MPV17L	0	0	intogen2024	native_string_full700	ot_nolit__to__intogen2024	background
LHX5	0	0	intogen2024	native_string_full700	ot_nolit__to__intogen2024	background
YBEY	0	0	intogen2024	native_string_full700	ot_nolit__to__intogen2024	background
GATAD2A	0	0	intogen2024	native_string_full700	ot_nolit__to__intogen2024	background
SLAMF9	0	0	intogen2024	native_string_full700	ot_nolit__to__intogen2024	background
CLEC11A	0	0	intogen2024	native_string_full700	ot_nolit__to__intogen2024	background
AP3B2	0	0	intogen2024	native_string_full700	ot_nolit__to__intogen2024	background
PPP2R3A	0	0	intogen2024	native_string_full700	ot_nolit__to__intogen2024	background
BLOC1S1	0	0	intogen2024	native_string_full700	ot_nolit__to__intogen2024	background
ABI3	0	0	intogen2024	native_string_full700	ot_nolit__to__intogen2024	background
CARTPT	0	0	intogen2024	native_string_full700	ot_nolit__to__intogen2024	background
DOC2A	0	0	intogen2024	native_string_full700	ot_nolit__to__intogen2024	background
E2F1	0	0	intogen2024	native_string_full700	ot_nolit__to__intogen2024	background
SALL4	1	1	intogen2024	native_string_full700	ot_nolit__to__intogen2024	target
BRD4	1	1	intogen2024	native_string_full700	ot_nolit__to__intogen2024	target
BTG2	1	1	intogen2024	native_string_full700	ot_nolit__to__intogen2024	target
FAS	1	1	intogen2024	native_string_full700	ot_nolit__to__intogen2024	target
CASP8	1	1	intogen2024	native_string_full700	ot_nolit__to__intogen2024	target
ATP2B3	1	1	intogen2024	native_string_full700	ot_nolit__to__intogen2024	target
NPRL2	1	1	intogen2024	native_string_full700	ot_nolit__to__intogen2024	target
TCL1A	1	1	intogen2024	native_string_full700	ot_nolit__to__intogen2024	target
GPC5	1	1	intogen2024	native_string_full700	ot_nolit__to__intogen2024	target
AFF1	1	1	intogen2024	native_string_full700	ot_nolit__to__intogen2024	target
RHOA	1	1	intogen2024	native_string_full700	ot_nolit__to__intogen2024	target
PABPC1	1	1	intogen2024	native_string_full700	ot_nolit__to__intogen2024	target
NSD2	1	1	intogen2024	native_string_full700	ot_nolit__to__intogen2024	target
ANKRD11	1	1	intogen2024	native_string_full700	ot_nolit__to__intogen2024	target
PTPN11	1	1	intogen2024	native_string_full700	ot_nolit__to__intogen2024	target
SDCBP	1	1	intogen2024	native_string_full700	ot_nolit__to__intogen2024	target
ROBO2	1	1	intogen2024	native_string_full700	ot_nolit__to__intogen2024	target
SGK1	1	1	intogen2024	native_string_full700	ot_nolit__to__intogen2024	target
ITGAV	1	1	intogen2024	native_string_full700	ot_nolit__to__intogen2024	target
PIK3R1	1	1	intogen2024	native_string_full700	ot_nolit__to__intogen2024	target
ZNRF3	1	1	intogen2024	native_string_full700	ot_nolit__to__intogen2024	target
DHX9	1	1	intogen2024	native_string_full700	ot_nolit__to__intogen2024	target
P2RY8	1	1	intogen2024	native_string_full700	ot_nolit__to__intogen2024	target
TNFRSF14	1	1	intogen2024	native_string_full700	ot_nolit__to__intogen2024	target
RNF6	1	1	intogen2024	native_string_full700	ot_nolit__to__intogen2024	target
PRKD1	1	1	intogen2024	native_string_full700	ot_nolit__to__intogen2024	target
DAXX	1	1	intogen2024	native_string_full700	ot_nolit__to__intogen2024	target
PBRM1	1	1	intogen2024	native_string_full700	ot_nolit__to__intogen2024	target
NKX2-1	1	1	intogen2024	native_string_full700	ot_nolit__to__intogen2024	target
ETV4	1	1	intogen2024	native_string_full700	ot_nolit__to__intogen2024	target
ZNF521	1	1	intogen2024	native_string_full700	ot_nolit__to__intogen2024	target
RBM10	1	1	intogen2024	native_string_full700	ot_nolit__to__intogen2024	target
DGCR8	1	1	intogen2024	native_string_full700	ot_nolit__to__intogen2024	target
RRAS2	1	1	intogen2024	native_string_full700	ot_nolit__to__intogen2024	target
CCAR1	1	1	intogen2024	native_string_full700	ot_nolit__to__intogen2024	target
TRAF7	1	1	intogen2024	native_string_full700	ot_nolit__to__intogen2024	target
BCOR	1	1	intogen2024	native_string_full700	ot_nolit__to__intogen2024	target
PTPN13	1	1	intogen2024	native_string_full700	ot_nolit__to__intogen2024	target
TRIM33	1	1	intogen2024	native_string_full700	ot_nolit__to__intogen2024	target
DTX1	1	1	intogen2024	native_string_full700	ot_nolit__to__intogen2024	target
ANK1	1	1	intogen2024	native_string_full700	ot_nolit__to__intogen2024	target
XPO1	1	1	intogen2024	native_string_full700	ot_nolit__to__intogen2024	target
SMC1A	1	1	intogen2024	native_string_full700	ot_nolit__to__intogen2024	target
DCAF12L2	1	1	intogen2024	native_string_full700	ot_nolit__to__intogen2024	target
TFAP4	1	1	intogen2024	native_string_full700	ot_nolit__to__intogen2024	target
EWSR1	1	1	intogen2024	native_string_full700	ot_nolit__to__intogen2024	target
ARHGAP5	1	1	intogen2024	native_string_full700	ot_nolit__to__intogen2024	target
PDCD1LG2	1	1	intogen2024	native_string_full700	ot_nolit__to__intogen2024	target
MPL	1	1	intogen2024	native_string_full700	ot_nolit__to__intogen2024	target
FOXO1	1	1	intogen2024	native_string_full700	ot_nolit__to__intogen2024	target
KDM5A	1	1	intogen2024	native_string_full700	ot_nolit__to__intogen2024	target
SOCS1	1	1	intogen2024	native_string_full700	ot_nolit__to__intogen2024	target
CCR7	1	1	intogen2024	native_string_full700	ot_nolit__to__intogen2024	target
SPOP	1	1	intogen2024	native_string_full700	ot_nolit__to__intogen2024	target
TRRAP	1	1	intogen2024	native_string_full700	ot_nolit__to__intogen2024	target
CDKN1A	1	1	intogen2024	native_string_full700	ot_nolit__to__intogen2024	target
DDX3X	1	1	intogen2024	native_string_full700	ot_nolit__to__intogen2024	target
COL1A1	1	1	intogen2024	native_string_full700	ot_nolit__to__intogen2024	target
ADAMTS9	1	1	intogen2024	native_string_full700	ot_nolit__to__intogen2024	target
TRAF3	1	1	intogen2024	native_string_full700	ot_nolit__to__intogen2024	target
RGPD3	1	1	intogen2024	native_string_full700	ot_nolit__to__intogen2024	target
ZBTB7B	1	1	intogen2024	native_string_full700	ot_nolit__to__intogen2024	target
PLAG1	1	1	intogen2024	native_string_full700	ot_nolit__to__intogen2024	target
HLA-C	1	1	intogen2024	native_string_full700	ot_nolit__to__intogen2024	target
MLLT6	1	1	intogen2024	native_string_full700	ot_nolit__to__intogen2024	target
PSIP1	1	1	intogen2024	native_string_full700	ot_nolit__to__intogen2024	target
NACA	1	1	intogen2024	native_string_full700	ot_nolit__to__intogen2024	target
RPL5	1	1	intogen2024	native_string_full700	ot_nolit__to__intogen2024	target
REST	1	1	intogen2024	native_string_full700	ot_nolit__to__intogen2024	target
PARP4	1	1	intogen2024	native_string_full700	ot_nolit__to__intogen2024	target
CDX2	1	1	intogen2024	native_string_full700	ot_nolit__to__intogen2024	target
CYSLTR2	1	1	intogen2024	native_string_full700	ot_nolit__to__intogen2024	target
KAT6B	1	1	intogen2024	native_string_full700	ot_nolit__to__intogen2024	target
DDX6	1	1	intogen2024	native_string_full700	ot_nolit__to__intogen2024	target
PPP3CA	1	1	intogen2024	native_string_full700	ot_nolit__to__intogen2024	target
STAT6	1	1	intogen2024	native_string_full700	ot_nolit__to__intogen2024	target
CADM2	1	1	intogen2024	native_string_full700	ot_nolit__to__intogen2024	target
NFE2L2	1	1	intogen2024	native_string_full700	ot_nolit__to__intogen2024	target
PEG3	1	1	intogen2024	native_string_full700	ot_nolit__to__intogen2024	target
ZFP36L1	1	1	intogen2024	native_string_full700	ot_nolit__to__intogen2024	target
SETDB1	1	1	intogen2024	native_string_full700	ot_nolit__to__intogen2024	target
ESRRA	1	1	intogen2024	native_string_full700	ot_nolit__to__intogen2024	target
UBR5	1	1	intogen2024	native_string_full700	ot_nolit__to__intogen2024	target
COL6A3	1	1	intogen2024	native_string_full700	ot_nolit__to__intogen2024	target
KAT7	1	1	intogen2024	native_string_full700	ot_nolit__to__intogen2024	target
ZMYM3	1	1	intogen2024	native_string_full700	ot_nolit__to__intogen2024	target
SMO	1	1	intogen2024	native_string_full700	ot_nolit__to__intogen2024	target
ARHGEF10L	1	1	intogen2024	native_string_full700	ot_nolit__to__intogen2024	target
BCORL1	1	1	intogen2024	native_string_full700	ot_nolit__to__intogen2024	target
TNC	1	1	intogen2024	native_string_full700	ot_nolit__to__intogen2024	target
RBM15	1	1	intogen2024	native_string_full700	ot_nolit__to__intogen2024	target
RPL22	1	1	intogen2024	native_string_full700	ot_nolit__to__intogen2024	target
KRAS	1	1	intogen2024	native_string_full700	ot_nolit__to__intogen2024	target
NFKBIA	1	1	intogen2024	native_string_full700	ot_nolit__to__intogen2024	target
ACKR3	1	1	intogen2024	native_string_full700	ot_nolit__to__intogen2024	target
CD58	1	1	intogen2024	native_string_full700	ot_nolit__to__intogen2024	target
MACC1	1	1	intogen2024	native_string_full700	ot_nolit__to__intogen2024	target
HCAR3	1	1	intogen2024	native_string_full700	ot_nolit__to__intogen2024	target
BIRC3	1	1	intogen2024	native_string_full700	ot_nolit__to__intogen2024	target
NBEA	1	1	intogen2024	native_string_full700	ot_nolit__to__intogen2024	target
SUZ12	1	1	intogen2024	native_string_full700	ot_nolit__to__intogen2024	target
MUC6	1	1	intogen2024	native_string_full700	ot_nolit__to__intogen2024	target
CCDC6	1	1	intogen2024	native_string_full700	ot_nolit__to__intogen2024	target
ATF7IP	1	1	intogen2024	native_string_full700	ot_nolit__to__intogen2024	target
ARID2	1	1	intogen2024	native_string_full700	ot_nolit__to__intogen2024	target
MCM7	1	1	intogen2024	native_string_full700	ot_nolit__to__intogen2024	target
GATA2	1	1	intogen2024	native_string_full700	ot_nolit__to__intogen2024	target
CHD7	1	1	intogen2024	native_string_full700	ot_nolit__to__intogen2024	target
FAT2	1	1	intogen2024	native_string_full700	ot_nolit__to__intogen2024	target
PREX2	1	1	intogen2024	native_string_full700	ot_nolit__to__intogen2024	target
DROSHA	1	1	intogen2024	native_string_full700	ot_nolit__to__intogen2024	target
CHD4	1	1	intogen2024	native_string_full700	ot_nolit__to__intogen2024	target
PRDM2	1	1	intogen2024	native_string_full700	ot_nolit__to__intogen2024	target
AFF3	1	1	intogen2024	native_string_full700	ot_nolit__to__intogen2024	target
NSD1	1	1	intogen2024	native_string_full700	ot_nolit__to__intogen2024	target
PRUNE2	1	1	intogen2024	native_string_full700	ot_nolit__to__intogen2024	target
WNK2	1	1	intogen2024	native_string_full700	ot_nolit__to__intogen2024	target
PCMTD1	1	1	intogen2024	native_string_full700	ot_nolit__to__intogen2024	target
BIRC6	1	1	intogen2024	native_string_full700	ot_nolit__to__intogen2024	target
BAZ1A	1	1	intogen2024	native_string_full700	ot_nolit__to__intogen2024	target
CIITA	1	1	intogen2024	native_string_full700	ot_nolit__to__intogen2024	target
HSP90AA1	1	1	intogen2024	native_string_full700	ot_nolit__to__intogen2024	target
ZNF750	1	1	intogen2024	native_string_full700	ot_nolit__to__intogen2024	target
N4BP2	1	1	intogen2024	native_string_full700	ot_nolit__to__intogen2024	target
COL6A6	1	1	intogen2024	native_string_full700	ot_nolit__to__intogen2024	target
BCL9L	1	1	intogen2024	native_string_full700	ot_nolit__to__intogen2024	target
CDK12	1	1	intogen2024	native_string_full700	ot_nolit__to__intogen2024	target
ZNF208	1	1	intogen2024	native_string_full700	ot_nolit__to__intogen2024	target
ZFHX3	1	1	intogen2024	native_string_full700	ot_nolit__to__intogen2024	target
MYCN	1	1	intogen2024	native_string_full700	ot_nolit__to__intogen2024	target
ZRSR2	1	1	intogen2024	native_string_full700	ot_nolit__to__intogen2024	target
CNOT9	1	1	intogen2024	native_string_full700	ot_nolit__to__intogen2024	target
NUP214	1	1	intogen2024	native_string_full700	ot_nolit__to__intogen2024	target
CAMTA1	1	1	intogen2024	native_string_full700	ot_nolit__to__intogen2024	target
ACSM3	1	1	intogen2024	native_string_full700	ot_nolit__to__intogen2024	target
ATR	1	1	intogen2024	native_string_full700	ot_nolit__to__intogen2024	target
ROS1	1	1	intogen2024	native_string_full700	ot_nolit__to__intogen2024	target
SMAD3	1	1	intogen2024	native_string_full700	ot_nolit__to__intogen2024	target
ERCC2	1	1	intogen2024	native_string_full700	ot_nolit__to__intogen2024	target
SOX17	1	1	intogen2024	native_string_full700	ot_nolit__to__intogen2024	target
KDM6A	1	1	intogen2024	native_string_full700	ot_nolit__to__intogen2024	target
FUS	1	1	intogen2024	native_string_full700	ot_nolit__to__intogen2024	target
KLHL6	1	1	intogen2024	native_string_full700	ot_nolit__to__intogen2024	target
FANCA	1	1	intogen2024	native_string_full700	ot_nolit__to__intogen2024	target
MGA	1	1	intogen2024	native_string_full700	ot_nolit__to__intogen2024	target
PTMA	1	1	intogen2024	native_string_full700	ot_nolit__to__intogen2024	target
ERG	1	1	intogen2024	native_string_full700	ot_nolit__to__intogen2024	target
MTOR	1	1	intogen2024	native_string_full700	ot_nolit__to__intogen2024	target
TSHR	1	1	intogen2024	native_string_full700	ot_nolit__to__intogen2024	target
MARK2	1	1	intogen2024	native_string_full700	ot_nolit__to__intogen2024	target
SMARCA2	1	1	intogen2024	native_string_full700	ot_nolit__to__intogen2024	target
MAP2K7	1	1	intogen2024	native_string_full700	ot_nolit__to__intogen2024	target
LSM14A	1	1	intogen2024	native_string_full700	ot_nolit__to__intogen2024	target
ELN	1	1	intogen2024	native_string_full700	ot_nolit__to__intogen2024	target
CANT1	1	1	intogen2024	native_string_full700	ot_nolit__to__intogen2024	target
HLA-DQA1	1	1	intogen2024	native_string_full700	ot_nolit__to__intogen2024	target
PTPRB	1	1	intogen2024	native_string_full700	ot_nolit__to__intogen2024	target
FUBP1	1	1	intogen2024	native_string_full700	ot_nolit__to__intogen2024	target
ACSL6	1	1	intogen2024	native_string_full700	ot_nolit__to__intogen2024	target
LPA	1	1	intogen2024	native_string_full700	ot_nolit__to__intogen2024	target
MAF	1	1	intogen2024	native_string_full700	ot_nolit__to__intogen2024	target
PTPRK	1	1	intogen2024	native_string_full700	ot_nolit__to__intogen2024	target
FOXP1	1	1	intogen2024	native_string_full700	ot_nolit__to__intogen2024	target
EIF3E	1	1	intogen2024	native_string_full700	ot_nolit__to__intogen2024	target
ARNT	1	1	intogen2024	native_string_full700	ot_nolit__to__intogen2024	target
PRDM16	1	1	intogen2024	native_string_full700	ot_nolit__to__intogen2024	target
SMAD2	1	1	intogen2024	native_string_full700	ot_nolit__to__intogen2024	target
HNRNPA2B1	1	1	intogen2024	native_string_full700	ot_nolit__to__intogen2024	target
SIX1	1	1	intogen2024	native_string_full700	ot_nolit__to__intogen2024	target
RPS3A	1	1	intogen2024	native_string_full700	ot_nolit__to__intogen2024	target
TAL2	1	1	intogen2024	native_string_full700	ot_nolit__to__intogen2024	target
TET1	1	1	intogen2024	native_string_full700	ot_nolit__to__intogen2024	target
PWWP2A	1	1	intogen2024	native_string_full700	ot_nolit__to__intogen2024	target
BCL6	1	1	intogen2024	native_string_full700	ot_nolit__to__intogen2024	target
TMPRSS2	1	1	intogen2024	native_string_full700	ot_nolit__to__intogen2024	target
ATP1A1	1	1	intogen2024	native_string_full700	ot_nolit__to__intogen2024	target
RASA1	1	1	intogen2024	native_string_full700	ot_nolit__to__intogen2024	target
TPR	1	1	intogen2024	native_string_full700	ot_nolit__to__intogen2024	target
KLF5	1	1	intogen2024	native_string_full700	ot_nolit__to__intogen2024	target
FCRL4	1	1	intogen2024	native_string_full700	ot_nolit__to__intogen2024	target
RASA2	1	1	intogen2024	native_string_full700	ot_nolit__to__intogen2024	target
CRTC1	1	1	intogen2024	native_string_full700	ot_nolit__to__intogen2024	target
IRS4	1	1	intogen2024	native_string_full700	ot_nolit__to__intogen2024	target
GMPS	1	1	intogen2024	native_string_full700	ot_nolit__to__intogen2024	target
DOT1L	1	1	intogen2024	native_string_full700	ot_nolit__to__intogen2024	target
ESR1	1	1	intogen2024	native_string_full700	ot_nolit__to__intogen2024	target
ALK	1	1	intogen2024	native_string_full700	ot_nolit__to__intogen2024	target
MEF2B	1	1	intogen2024	native_string_full700	ot_nolit__to__intogen2024	target
RELA	1	1	intogen2024	native_string_full700	ot_nolit__to__intogen2024	target
NTRK3	1	1	intogen2024	native_string_full700	ot_nolit__to__intogen2024	target
TRIM49C	1	1	intogen2024	native_string_full700	ot_nolit__to__intogen2024	target
MSI2	1	1	intogen2024	native_string_full700	ot_nolit__to__intogen2024	target
NPM1	1	1	intogen2024	native_string_full700	ot_nolit__to__intogen2024	target
LEF1	1	1	intogen2024	native_string_full700	ot_nolit__to__intogen2024	target
NCAPH	1	1	intogen2024	native_string_full700	ot_nolit__to__intogen2024	target
SIRPA	1	1	intogen2024	native_string_full700	ot_nolit__to__intogen2024	target
MYEOV	1	1	intogen2024	native_string_full700	ot_nolit__to__intogen2024	target
CYLD	1	1	intogen2024	native_string_full700	ot_nolit__to__intogen2024	target
ZEB1	1	1	intogen2024	native_string_full700	ot_nolit__to__intogen2024	target
ABL2	1	1	intogen2024	native_string_full700	ot_nolit__to__intogen2024	target
NUTM1	1	1	intogen2024	native_string_full700	ot_nolit__to__intogen2024	target
EIF4A2	1	1	intogen2024	native_string_full700	ot_nolit__to__intogen2024	target
CYP2C8	1	1	intogen2024	native_string_full700	ot_nolit__to__intogen2024	target
CD209	1	1	intogen2024	native_string_full700	ot_nolit__to__intogen2024	target
NCOR2	1	1	intogen2024	native_string_full700	ot_nolit__to__intogen2024	target
MED23	1	1	intogen2024	native_string_full700	ot_nolit__to__intogen2024	target
FCGR2B	1	1	intogen2024	native_string_full700	ot_nolit__to__intogen2024	target
LDB1	1	1	intogen2024	native_string_full700	ot_nolit__to__intogen2024	target
HGF	1	1	intogen2024	native_string_full700	ot_nolit__to__intogen2024	target
TAF1L	1	1	intogen2024	native_string_full700	ot_nolit__to__intogen2024	target
FGD1	1	1	intogen2024	native_string_full700	ot_nolit__to__intogen2024	target
ATRX	1	1	intogen2024	native_string_full700	ot_nolit__to__intogen2024	target
RBFOX1	1	1	intogen2024	native_string_full700	ot_nolit__to__intogen2024	target
ABCC4	1	1	intogen2024	native_string_full700	ot_nolit__to__intogen2024	target
CARD11	1	1	intogen2024	native_string_full700	ot_nolit__to__intogen2024	target
IRAK1	1	1	intogen2024	native_string_full700	ot_nolit__to__intogen2024	target
NIN	1	1	intogen2024	native_string_full700	ot_nolit__to__intogen2024	target
TCF4	1	1	intogen2024	native_string_full700	ot_nolit__to__intogen2024	target
BTG1	1	1	intogen2024	native_string_full700	ot_nolit__to__intogen2024	target
NFATC2	1	1	intogen2024	native_string_full700	ot_nolit__to__intogen2024	target
FBXW7	1	1	intogen2024	native_string_full700	ot_nolit__to__intogen2024	target
LRIG3	1	1	intogen2024	native_string_full700	ot_nolit__to__intogen2024	target
PTPRC	1	1	intogen2024	native_string_full700	ot_nolit__to__intogen2024	target
GRM3	1	1	intogen2024	native_string_full700	ot_nolit__to__intogen2024	target
PTPN6	1	1	intogen2024	native_string_full700	ot_nolit__to__intogen2024	target
RIPK1	1	1	intogen2024	native_string_full700	ot_nolit__to__intogen2024	target
BCL11B	1	1	intogen2024	native_string_full700	ot_nolit__to__intogen2024	target
CUL3	1	1	intogen2024	native_string_full700	ot_nolit__to__intogen2024	target
TBL1XR1	1	1	intogen2024	native_string_full700	ot_nolit__to__intogen2024	target
MYH9	1	1	intogen2024	native_string_full700	ot_nolit__to__intogen2024	target
BCL7A	1	1	intogen2024	native_string_full700	ot_nolit__to__intogen2024	target
B2M	1	1	intogen2024	native_string_full700	ot_nolit__to__intogen2024	target
ELL	1	1	intogen2024	native_string_full700	ot_nolit__to__intogen2024	target
TGIF1	1	1	intogen2024	native_string_full700	ot_nolit__to__intogen2024	target
ALPK1	1	1	intogen2024	native_string_full700	ot_nolit__to__intogen2024	target
NIPBL	1	1	intogen2024	native_string_full700	ot_nolit__to__intogen2024	target
DCC	1	1	intogen2024	native_string_full700	ot_nolit__to__intogen2024	target
TFRC	1	1	intogen2024	native_string_full700	ot_nolit__to__intogen2024	target
TCF12	1	1	intogen2024	native_string_full700	ot_nolit__to__intogen2024	target
GPAA1	1	1	intogen2024	native_string_full700	ot_nolit__to__intogen2024	target
FAT4	1	1	intogen2024	native_string_full700	ot_nolit__to__intogen2024	target
EZH2	1	1	intogen2024	native_string_full700	ot_nolit__to__intogen2024	target
INPPL1	1	1	intogen2024	native_string_full700	ot_nolit__to__intogen2024	target
CTCF	1	1	intogen2024	native_string_full700	ot_nolit__to__intogen2024	target
CCND1	1	1	intogen2024	native_string_full700	ot_nolit__to__intogen2024	target
HIP1	1	1	intogen2024	native_string_full700	ot_nolit__to__intogen2024	target
CCND2	1	1	intogen2024	native_string_full700	ot_nolit__to__intogen2024	target
CTNNA2	1	1	intogen2024	native_string_full700	ot_nolit__to__intogen2024	target
CBFB	1	1	intogen2024	native_string_full700	ot_nolit__to__intogen2024	target
SETD1B	1	1	intogen2024	native_string_full700	ot_nolit__to__intogen2024	target
JAK3	1	1	intogen2024	native_string_full700	ot_nolit__to__intogen2024	target
PER3	1	1	intogen2024	native_string_full700	ot_nolit__to__intogen2024	target
ZNF93	1	1	intogen2024	native_string_full700	ot_nolit__to__intogen2024	target
ELF3	1	1	intogen2024	native_string_full700	ot_nolit__to__intogen2024	target
KDM3B	1	1	intogen2024	native_string_full700	ot_nolit__to__intogen2024	target
ARID1B	1	1	intogen2024	native_string_full700	ot_nolit__to__intogen2024	target
PTK6	1	1	intogen2024	native_string_full700	ot_nolit__to__intogen2024	target
PRDM1	1	1	intogen2024	native_string_full700	ot_nolit__to__intogen2024	target
PI4KA	1	1	intogen2024	native_string_full700	ot_nolit__to__intogen2024	target
BCL10	1	1	intogen2024	native_string_full700	ot_nolit__to__intogen2024	target
CDH11	1	1	intogen2024	native_string_full700	ot_nolit__to__intogen2024	target
NT5C3A	1	1	intogen2024	native_string_full700	ot_nolit__to__intogen2024	target
TCF7L2	1	1	intogen2024	native_string_full700	ot_nolit__to__intogen2024	target
ZBTB48	1	1	intogen2024	native_string_full700	ot_nolit__to__intogen2024	target
FOXO3	1	1	intogen2024	native_string_full700	ot_nolit__to__intogen2024	target
RNF213	1	1	intogen2024	native_string_full700	ot_nolit__to__intogen2024	target
KNSTRN	1	1	intogen2024	native_string_full700	ot_nolit__to__intogen2024	target
EPS15	1	1	intogen2024	native_string_full700	ot_nolit__to__intogen2024	target
FHIT	1	1	intogen2024	native_string_full700	ot_nolit__to__intogen2024	target
PSPC1	1	1	intogen2024	native_string_full700	ot_nolit__to__intogen2024	target
IKZF1	1	1	intogen2024	native_string_full700	ot_nolit__to__intogen2024	target
U2AF1	1	1	intogen2024	native_string_full700	ot_nolit__to__intogen2024	target
ARHGEF10	1	1	intogen2024	native_string_full700	ot_nolit__to__intogen2024	target
KLF4	1	1	intogen2024	native_string_full700	ot_nolit__to__intogen2024	target
HRAS	1	1	intogen2024	native_string_full700	ot_nolit__to__intogen2024	target
PLXNC1	1	1	intogen2024	native_string_full700	ot_nolit__to__intogen2024	target
GRIN2A	1	1	intogen2024	native_string_full700	ot_nolit__to__intogen2024	target
ACVR2A	1	1	intogen2024	native_string_full700	ot_nolit__to__intogen2024	target
FBLN2	1	1	intogen2024	native_string_full700	ot_nolit__to__intogen2024	target
IDH2	1	1	intogen2024	native_string_full700	ot_nolit__to__intogen2024	target
USP7	1	1	intogen2024	native_string_full700	ot_nolit__to__intogen2024	target
LATS2	1	1	intogen2024	native_string_full700	ot_nolit__to__intogen2024	target
SRGAP3	1	1	intogen2024	native_string_full700	ot_nolit__to__intogen2024	target
FGFR2	1	1	intogen2024	native_string_full700	ot_nolit__to__intogen2024	target
CACNA1D	1	1	intogen2024	native_string_full700	ot_nolit__to__intogen2024	target
GNAQ	1	1	intogen2024	native_string_full700	ot_nolit__to__intogen2024	target
IRF1	1	1	intogen2024	native_string_full700	ot_nolit__to__intogen2024	target
ALDH2	1	1	intogen2024	native_string_full700	ot_nolit__to__intogen2024	target
ING1	1	1	intogen2024	native_string_full700	ot_nolit__to__intogen2024	target
FAT1	1	1	intogen2024	native_string_full700	ot_nolit__to__intogen2024	target
SH2B3	1	1	intogen2024	native_string_full700	ot_nolit__to__intogen2024	target
GLI1	1	1	intogen2024	native_string_full700	ot_nolit__to__intogen2024	target
KMT5A	1	1	intogen2024	native_string_full700	ot_nolit__to__intogen2024	target
IL7R	1	1	intogen2024	native_string_full700	ot_nolit__to__intogen2024	target
HIF1A	1	1	intogen2024	native_string_full700	ot_nolit__to__intogen2024	target
IKZF3	1	1	intogen2024	native_string_full700	ot_nolit__to__intogen2024	target
MALT1	1	1	intogen2024	native_string_full700	ot_nolit__to__intogen2024	target
ARHGAP35	1	1	intogen2024	native_string_full700	ot_nolit__to__intogen2024	target
PHF6	1	1	intogen2024	native_string_full700	ot_nolit__to__intogen2024	target
H3-3A	1	1	intogen2024	native_string_full700	ot_nolit__to__intogen2024	target
GNAS	1	1	intogen2024	native_string_full700	ot_nolit__to__intogen2024	target
HLA-A	1	1	intogen2024	native_string_full700	ot_nolit__to__intogen2024	target
TEC	1	1	intogen2024	native_string_full700	ot_nolit__to__intogen2024	target
HOXC13	1	1	intogen2024	native_string_full700	ot_nolit__to__intogen2024	target
LIFR	1	1	intogen2024	native_string_full700	ot_nolit__to__intogen2024	target
ETV1	1	1	intogen2024	native_string_full700	ot_nolit__to__intogen2024	target
LATS1	1	1	intogen2024	native_string_full700	ot_nolit__to__intogen2024	target
EBF1	1	1	intogen2024	native_string_full700	ot_nolit__to__intogen2024	target
MSN	1	1	intogen2024	native_string_full700	ot_nolit__to__intogen2024	target
RHPN2	1	1	intogen2024	native_string_full700	ot_nolit__to__intogen2024	target
TBX3	1	1	intogen2024	native_string_full700	ot_nolit__to__intogen2024	target
MDGA2	1	1	intogen2024	native_string_full700	ot_nolit__to__intogen2024	target
ERCC3	1	1	intogen2024	native_string_full700	ot_nolit__to__intogen2024	target
DIS3	1	1	intogen2024	native_string_full700	ot_nolit__to__intogen2024	target
RAC1	1	1	intogen2024	native_string_full700	ot_nolit__to__intogen2024	target
CBL	1	1	intogen2024	native_string_full700	ot_nolit__to__intogen2024	target
SOX9	1	1	intogen2024	native_string_full700	ot_nolit__to__intogen2024	target
U2AF2	1	1	intogen2024	native_string_full700	ot_nolit__to__intogen2024	target
CDH10	1	1	intogen2024	native_string_full700	ot_nolit__to__intogen2024	target
SETBP1	1	1	intogen2024	native_string_full700	ot_nolit__to__intogen2024	target
HLA-B	1	1	intogen2024	native_string_full700	ot_nolit__to__intogen2024	target
WWTR1	1	1	intogen2024	native_string_full700	ot_nolit__to__intogen2024	target
LRP1B	1	1	intogen2024	native_string_full700	ot_nolit__to__intogen2024	target
CTNND2	1	1	intogen2024	native_string_full700	ot_nolit__to__intogen2024	target
SETD2	1	1	intogen2024	native_string_full700	ot_nolit__to__intogen2024	target
USP6	1	1	intogen2024	native_string_full700	ot_nolit__to__intogen2024	target
NFKBIE	1	1	intogen2024	native_string_full700	ot_nolit__to__intogen2024	target
FOXA2	1	1	intogen2024	native_string_full700	ot_nolit__to__intogen2024	target
ZCRB1	1	1	intogen2024	native_string_full700	ot_nolit__to__intogen2024	target
CMTR2	1	1	intogen2024	native_string_full700	ot_nolit__to__intogen2024	target
IKBKB	1	1	intogen2024	native_string_full700	ot_nolit__to__intogen2024	target
MIB2	1	1	intogen2024	native_string_full700	ot_nolit__to__intogen2024	target
CCNT1	1	1	intogen2024	native_string_full700	ot_nolit__to__intogen2024	target
ACVR1B	1	1	intogen2024	native_string_full700	ot_nolit__to__intogen2024	target
CNOT3	1	1	intogen2024	native_string_full700	ot_nolit__to__intogen2024	target
POLQ	1	1	intogen2024	native_string_full700	ot_nolit__to__intogen2024	target
CLTCL1	1	1	intogen2024	native_string_full700	ot_nolit__to__intogen2024	target
AJUBA	1	1	intogen2024	native_string_full700	ot_nolit__to__intogen2024	target
CPEB3	1	1	intogen2024	native_string_full700	ot_nolit__to__intogen2024	target
PML	1	1	intogen2024	native_string_full700	ot_nolit__to__intogen2024	target
MYO5A	1	1	intogen2024	native_string_full700	ot_nolit__to__intogen2024	target
CASZ1	1	1	intogen2024	native_string_full700	ot_nolit__to__intogen2024	target
SOX21	1	1	intogen2024	native_string_full700	ot_nolit__to__intogen2024	target
NOTCH2	1	1	intogen2024	native_string_full700	ot_nolit__to__intogen2024	target
PTPRD	1	1	intogen2024	native_string_full700	ot_nolit__to__intogen2024	target
RGS7	1	1	intogen2024	native_string_full700	ot_nolit__to__intogen2024	target
BCL11A	1	1	intogen2024	native_string_full700	ot_nolit__to__intogen2024	target
SHTN1	1	1	intogen2024	native_string_full700	ot_nolit__to__intogen2024	target
ELK4	1	1	intogen2024	native_string_full700	ot_nolit__to__intogen2024	target
PAX5	1	1	intogen2024	native_string_full700	ot_nolit__to__intogen2024	target
JAK2	1	1	intogen2024	native_string_full700	ot_nolit__to__intogen2024	target
KLF6	1	1	intogen2024	native_string_full700	ot_nolit__to__intogen2024	target
PPP6C	1	1	intogen2024	native_string_full700	ot_nolit__to__intogen2024	target
BCL9	1	1	intogen2024	native_string_full700	ot_nolit__to__intogen2024	target
FAT3	1	1	intogen2024	native_string_full700	ot_nolit__to__intogen2024	target
FBN2	1	1	intogen2024	native_string_full700	ot_nolit__to__intogen2024	target
DDR2	1	1	intogen2024	native_string_full700	ot_nolit__to__intogen2024	target
H3C2	1	1	intogen2024	native_string_full700	ot_nolit__to__intogen2024	target
FMN2	1	1	intogen2024	native_string_full700	ot_nolit__to__intogen2024	target
SPEN	1	1	intogen2024	native_string_full700	ot_nolit__to__intogen2024	target
WNT1	1	1	intogen2024	native_string_full700	ot_nolit__to__intogen2024	target
AFF4	1	1	intogen2024	native_string_full700	ot_nolit__to__intogen2024	target
RUNX1T1	1	1	intogen2024	native_string_full700	ot_nolit__to__intogen2024	target
GSK3B	1	1	intogen2024	native_string_full700	ot_nolit__to__intogen2024	target
NCOA1	1	1	intogen2024	native_string_full700	ot_nolit__to__intogen2024	target
NCKIPSD	1	1	intogen2024	native_string_full700	ot_nolit__to__intogen2024	target
TMSB4X	1	1	intogen2024	native_string_full700	ot_nolit__to__intogen2024	target
AFDN	1	1	intogen2024	native_string_full700	ot_nolit__to__intogen2024	target
DSP	1	1	intogen2024	native_string_full700	ot_nolit__to__intogen2024	target
SAMHD1	1	1	intogen2024	native_string_full700	ot_nolit__to__intogen2024	target
NRAS	1	1	intogen2024	native_string_full700	ot_nolit__to__intogen2024	target
BCL2	1	1	intogen2024	native_string_full700	ot_nolit__to__intogen2024	target
BCLAF1	1	1	intogen2024	native_string_full700	ot_nolit__to__intogen2024	target
ETV5	1	1	intogen2024	native_string_full700	ot_nolit__to__intogen2024	target
NVL	1	1	intogen2024	native_string_full700	ot_nolit__to__intogen2024	target
NXF1	1	1	intogen2024	native_string_full700	ot_nolit__to__intogen2024	target
BMP6	1	1	intogen2024	native_string_full700	ot_nolit__to__intogen2024	target
CRLF2	1	1	intogen2024	native_string_full700	ot_nolit__to__intogen2024	target
GNA11	1	1	intogen2024	native_string_full700	ot_nolit__to__intogen2024	target
MAPK1	1	1	intogen2024	native_string_full700	ot_nolit__to__intogen2024	target
NCOA2	1	1	intogen2024	native_string_full700	ot_nolit__to__intogen2024	target
UBE2A	1	1	intogen2024	native_string_full700	ot_nolit__to__intogen2024	target
RBM39	1	1	intogen2024	native_string_full700	ot_nolit__to__intogen2024	target
NFKB2	1	1	intogen2024	native_string_full700	ot_nolit__to__intogen2024	target
ARHGEF12	1	1	intogen2024	native_string_full700	ot_nolit__to__intogen2024	target
GNA13	1	1	intogen2024	native_string_full700	ot_nolit__to__intogen2024	target
UBXN11	1	1	intogen2024	native_string_full700	ot_nolit__to__intogen2024	target
USP9X	1	1	intogen2024	native_string_full700	ot_nolit__to__intogen2024	target
MDM2	1	1	intogen2024	native_string_full700	ot_nolit__to__intogen2024	target
NKTR	1	1	intogen2024	native_string_full700	ot_nolit__to__intogen2024	target
GNAI2	1	1	intogen2024	native_string_full700	ot_nolit__to__intogen2024	target
ZNF274	1	1	intogen2024	native_string_full700	ot_nolit__to__intogen2024	target
ZNF395	1	1	intogen2024	native_string_full700	ot_nolit__to__intogen2024	target
KNL1	1	1	intogen2024	native_string_full700	ot_nolit__to__intogen2024	target
H4C9	1	1	intogen2024	native_string_full700	ot_nolit__to__intogen2024	target
AKT1	1	1	intogen2024	native_string_full700	ot_nolit__to__intogen2024	target
HSP90AB1	1	1	intogen2024	native_string_full700	ot_nolit__to__intogen2024	target
KEAP1	1	1	intogen2024	native_string_full700	ot_nolit__to__intogen2024	target
RSPO2	1	1	intogen2024	native_string_full700	ot_nolit__to__intogen2024	target
SIN3A	1	1	intogen2024	native_string_full700	ot_nolit__to__intogen2024	target
PTPN3	1	1	intogen2024	native_string_full700	ot_nolit__to__intogen2024	target
EPHA3	1	1	intogen2024	native_string_full700	ot_nolit__to__intogen2024	target
CEP89	1	1	intogen2024	native_string_full700	ot_nolit__to__intogen2024	target
MLLT1	1	1	intogen2024	native_string_full700	ot_nolit__to__intogen2024	target
TNFAIP3	1	1	intogen2024	native_string_full700	ot_nolit__to__intogen2024	target
PCBP1	1	1	intogen2024	native_string_full700	ot_nolit__to__intogen2024	target
MYC	1	1	intogen2024	native_string_full700	ot_nolit__to__intogen2024	target
COL2A1	1	1	intogen2024	native_string_full700	ot_nolit__to__intogen2024	target
NSD3	1	1	intogen2024	native_string_full700	ot_nolit__to__intogen2024	target
GTF2I	1	1	intogen2024	native_string_full700	ot_nolit__to__intogen2024	target
MLLT3	1	1	intogen2024	native_string_full700	ot_nolit__to__intogen2024	target
MECOM	1	1	intogen2024	native_string_full700	ot_nolit__to__intogen2024	target
RRN3	1	1	intogen2024	native_string_full700	ot_nolit__to__intogen2024	target
PTPRT	1	1	intogen2024	native_string_full700	ot_nolit__to__intogen2024	target
TP63	1	1	intogen2024	native_string_full700	ot_nolit__to__intogen2024	target
KDM5C	1	1	intogen2024	native_string_full700	ot_nolit__to__intogen2024	target
ZCCHC8	1	1	intogen2024	native_string_full700	ot_nolit__to__intogen2024	target
THRAP3	1	1	intogen2024	native_string_full700	ot_nolit__to__intogen2024	target
PRKCD	1	1	intogen2024	native_string_full700	ot_nolit__to__intogen2024	target
PCM1	1	1	intogen2024	native_string_full700	ot_nolit__to__intogen2024	target
RAP1GDS1	1	1	intogen2024	native_string_full700	ot_nolit__to__intogen2024	target
ELF4	1	1	intogen2024	native_string_full700	ot_nolit__to__intogen2024	target
ZBTB16	1	1	intogen2024	native_string_full700	ot_nolit__to__intogen2024	target
TAL1	1	1	intogen2024	native_string_full700	ot_nolit__to__intogen2024	target
RPL10	1	1	intogen2024	native_string_full700	ot_nolit__to__intogen2024	target
POU2F2	1	1	intogen2024	native_string_full700	ot_nolit__to__intogen2024	target
VAV1	1	1	intogen2024	native_string_full700	ot_nolit__to__intogen2024	target
KMT2B	1	1	intogen2024	native_string_full700	ot_nolit__to__intogen2024	target
RAD21	1	1	intogen2024	native_string_full700	ot_nolit__to__intogen2024	target
HSPG2	1	1	intogen2024	native_string_full700	ot_nolit__to__intogen2024	target
DDB2	1	1	intogen2024	native_string_full700	ot_nolit__to__intogen2024	target
MED12	1	1	intogen2024	native_string_full700	ot_nolit__to__intogen2024	target
SP140	1	1	intogen2024	native_string_full700	ot_nolit__to__intogen2024	target
RANBP2	1	1	intogen2024	native_string_full700	ot_nolit__to__intogen2024	target
TAF15	1	1	intogen2024	native_string_full700	ot_nolit__to__intogen2024	target
CSPG4	1	1	intogen2024	native_string_full700	ot_nolit__to__intogen2024	target
IL6ST	1	1	intogen2024	native_string_full700	ot_nolit__to__intogen2024	target
GATA3	1	1	intogen2024	native_string_full700	ot_nolit__to__intogen2024	target
PDZD2	1	1	intogen2024	native_string_full700	ot_nolit__to__intogen2024	target
ACSL3	1	1	intogen2024	native_string_full700	ot_nolit__to__intogen2024	target
PICALM	1	1	intogen2024	native_string_full700	ot_nolit__to__intogen2024	target
KAT6A	1	1	intogen2024	native_string_full700	ot_nolit__to__intogen2024	target
PRKCB	1	1	intogen2024	native_string_full700	ot_nolit__to__intogen2024	target
EPAS1	1	1	intogen2024	native_string_full700	ot_nolit__to__intogen2024	target
PTPN14	1	1	intogen2024	native_string_full700	ot_nolit__to__intogen2024	target
CBLB	1	1	intogen2024	native_string_full700	ot_nolit__to__intogen2024	target
EFTUD2	1	1	intogen2024	native_string_full700	ot_nolit__to__intogen2024	target
KMT2A	1	1	intogen2024	native_string_full700	ot_nolit__to__intogen2024	target
ZBTB20	1	1	intogen2024	native_string_full700	ot_nolit__to__intogen2024	target
RRAGC	1	1	intogen2024	native_string_full700	ot_nolit__to__intogen2024	target
CDKN2C	1	1	intogen2024	native_string_full700	ot_nolit__to__intogen2024	target
RUNX1	1	1	intogen2024	native_string_full700	ot_nolit__to__intogen2024	target
CD79B	1	1	intogen2024	native_string_full700	ot_nolit__to__intogen2024	target
FOXL2	1	1	intogen2024	native_string_full700	ot_nolit__to__intogen2024	target
TENT5C	1	1	intogen2024	native_string_full700	ot_nolit__to__intogen2024	target
SLC34A2	1	1	intogen2024	native_string_full700	ot_nolit__to__intogen2024	target
NUP98	1	1	intogen2024	native_string_full700	ot_nolit__to__intogen2024	target
CIC	1	1	intogen2024	native_string_full700	ot_nolit__to__intogen2024	target
MYH11	1	1	intogen2024	native_string_full700	ot_nolit__to__intogen2024	target
BRD7	1	1	intogen2024	native_string_full700	ot_nolit__to__intogen2024	target
EGR2	1	1	intogen2024	native_string_full700	ot_nolit__to__intogen2024	target
RBM38	1	1	intogen2024	native_string_full700	ot_nolit__to__intogen2024	target
NUMA1	1	1	intogen2024	native_string_full700	ot_nolit__to__intogen2024	target
EIF1AX	1	1	intogen2024	native_string_full700	ot_nolit__to__intogen2024	target
CCND3	1	1	intogen2024	native_string_full700	ot_nolit__to__intogen2024	target
ID3	1	1	intogen2024	native_string_full700	ot_nolit__to__intogen2024	target
CSMD3	1	1	intogen2024	native_string_full700	ot_nolit__to__intogen2024	target
SMARCD1	1	1	intogen2024	native_string_full700	ot_nolit__to__intogen2024	target
USP8	1	1	intogen2024	native_string_full700	ot_nolit__to__intogen2024	target
PIK3CB	1	1	intogen2024	native_string_full700	ot_nolit__to__intogen2024	target
ARAF	1	1	intogen2024	native_string_full700	ot_nolit__to__intogen2024	target
NTRK2	1	1	intogen2024	native_string_full700	ot_nolit__to__intogen2024	target
DUSP16	1	1	intogen2024	native_string_full700	ot_nolit__to__intogen2024	target
ASXL2	1	1	intogen2024	native_string_full700	ot_nolit__to__intogen2024	target
PRKD2	1	1	intogen2024	native_string_full700	ot_nolit__to__intogen2024	target
PIM1	1	1	intogen2024	native_string_full700	ot_nolit__to__intogen2024	target
MOSPD2	1	0	intogen2024	native_string_full700	ot_nolit__to__intogen2024	background
WASF1	1	0	intogen2024	native_string_full700	ot_nolit__to__intogen2024	background
WIPI1	1	0	intogen2024	native_string_full700	ot_nolit__to__intogen2024	background
KLHL24	1	0	intogen2024	native_string_full700	ot_nolit__to__intogen2024	background
SLPI	1	0	intogen2024	native_string_full700	ot_nolit__to__intogen2024	background
RNPEPL1	1	0	intogen2024	native_string_full700	ot_nolit__to__intogen2024	background
SAP30	1	0	intogen2024	native_string_full700	ot_nolit__to__intogen2024	background
MBTD1	1	0	intogen2024	native_string_full700	ot_nolit__to__intogen2024	background
CDT1	1	0	intogen2024	native_string_full700	ot_nolit__to__intogen2024	background
TMIGD3	1	0	intogen2024	native_string_full700	ot_nolit__to__intogen2024	background
TSEN34	1	0	intogen2024	native_string_full700	ot_nolit__to__intogen2024	background
MRPS24	1	0	intogen2024	native_string_full700	ot_nolit__to__intogen2024	background
TNNI3K	1	0	intogen2024	native_string_full700	ot_nolit__to__intogen2024	background
C8orf82	1	0	intogen2024	native_string_full700	ot_nolit__to__intogen2024	background
NR0B1	1	0	intogen2024	native_string_full700	ot_nolit__to__intogen2024	background
NUP205	1	0	intogen2024	native_string_full700	ot_nolit__to__intogen2024	background
SLC39A8	1	0	intogen2024	native_string_full700	ot_nolit__to__intogen2024	background
OR11H4	1	0	intogen2024	native_string_full700	ot_nolit__to__intogen2024	background
FOXO6	1	0	intogen2024	native_string_full700	ot_nolit__to__intogen2024	background
EFNA4	1	0	intogen2024	native_string_full700	ot_nolit__to__intogen2024	background
SAP18	1	0	intogen2024	native_string_full700	ot_nolit__to__intogen2024	background
SCAF11	1	0	intogen2024	native_string_full700	ot_nolit__to__intogen2024	background
ACOXL	1	0	intogen2024	native_string_full700	ot_nolit__to__intogen2024	background
PKN1	1	0	intogen2024	native_string_full700	ot_nolit__to__intogen2024	background
PET117	1	0	intogen2024	native_string_full700	ot_nolit__to__intogen2024	background
MAGEA1	1	0	intogen2024	native_string_full700	ot_nolit__to__intogen2024	background
HGS	1	0	intogen2024	native_string_full700	ot_nolit__to__intogen2024	background
FAM207A	1	0	intogen2024	native_string_full700	ot_nolit__to__intogen2024	background
PLEKHD1	1	0	intogen2024	native_string_full700	ot_nolit__to__intogen2024	background
GOT2	1	0	intogen2024	native_string_full700	ot_nolit__to__intogen2024	background
ADRA2B	1	0	intogen2024	native_string_full700	ot_nolit__to__intogen2024	background
RNF19A	1	0	intogen2024	native_string_full700	ot_nolit__to__intogen2024	background
NUDT1	1	0	intogen2024	native_string_full700	ot_nolit__to__intogen2024	background
TAF11L5	1	0	intogen2024	native_string_full700	ot_nolit__to__intogen2024	background
H2BC9	1	0	intogen2024	native_string_full700	ot_nolit__to__intogen2024	background
OR5P3	1	0	intogen2024	native_string_full700	ot_nolit__to__intogen2024	background
ERN2	1	0	intogen2024	native_string_full700	ot_nolit__to__intogen2024	background
NXF2	1	0	intogen2024	native_string_full700	ot_nolit__to__intogen2024	background
KBTBD4	1	0	intogen2024	native_string_full700	ot_nolit__to__intogen2024	background
NOL7	1	0	intogen2024	native_string_full700	ot_nolit__to__intogen2024	background
SLX1A	1	0	intogen2024	native_string_full700	ot_nolit__to__intogen2024	background
GLRA4	1	0	intogen2024	native_string_full700	ot_nolit__to__intogen2024	background
MRPL1	1	0	intogen2024	native_string_full700	ot_nolit__to__intogen2024	background
ZNF746	1	0	intogen2024	native_string_full700	ot_nolit__to__intogen2024	background
HMGN1	1	0	intogen2024	native_string_full700	ot_nolit__to__intogen2024	background
EIF3J	1	0	intogen2024	native_string_full700	ot_nolit__to__intogen2024	background
OR51G1	1	0	intogen2024	native_string_full700	ot_nolit__to__intogen2024	background
SLC38A3	1	0	intogen2024	native_string_full700	ot_nolit__to__intogen2024	background
LLPH	1	0	intogen2024	native_string_full700	ot_nolit__to__intogen2024	background
TMEM126A	1	0	intogen2024	native_string_full700	ot_nolit__to__intogen2024	background
PLAGL2	1	0	intogen2024	native_string_full700	ot_nolit__to__intogen2024	background
GADD45B	1	0	intogen2024	native_string_full700	ot_nolit__to__intogen2024	background
TDRKH	1	0	intogen2024	native_string_full700	ot_nolit__to__intogen2024	background
C1orf174	1	0	intogen2024	native_string_full700	ot_nolit__to__intogen2024	background
HOXB7	1	0	intogen2024	native_string_full700	ot_nolit__to__intogen2024	background
DDIT4	1	0	intogen2024	native_string_full700	ot_nolit__to__intogen2024	background
MPP6	1	0	intogen2024	native_string_full700	ot_nolit__to__intogen2024	background
CYP3A7	1	0	intogen2024	native_string_full700	ot_nolit__to__intogen2024	background
NRDE2	1	0	intogen2024	native_string_full700	ot_nolit__to__intogen2024	background
PRPSAP2	1	0	intogen2024	native_string_full700	ot_nolit__to__intogen2024	background
SYNGR1	1	0	intogen2024	native_string_full700	ot_nolit__to__intogen2024	background
RAET1E	1	0	intogen2024	native_string_full700	ot_nolit__to__intogen2024	background
CIR1	1	0	intogen2024	native_string_full700	ot_nolit__to__intogen2024	background
ORAI1	1	0	intogen2024	native_string_full700	ot_nolit__to__intogen2024	background
TRIM28	1	0	intogen2024	native_string_full700	ot_nolit__to__intogen2024	background
NADK	1	0	intogen2024	native_string_full700	ot_nolit__to__intogen2024	background
ERN1	1	0	intogen2024	native_string_full700	ot_nolit__to__intogen2024	background
MRPS21	1	0	intogen2024	native_string_full700	ot_nolit__to__intogen2024	background
IFT22	1	0	intogen2024	native_string_full700	ot_nolit__to__intogen2024	background
RTP4	1	0	intogen2024	native_string_full700	ot_nolit__to__intogen2024	background
OTX2	1	0	intogen2024	native_string_full700	ot_nolit__to__intogen2024	background
ENSP00000491651	1	0	intogen2024	native_string_full700	ot_nolit__to__intogen2024	background
TWSG1	1	0	intogen2024	native_string_full700	ot_nolit__to__intogen2024	background
PER1	1	0	intogen2024	native_string_full700	ot_nolit__to__intogen2024	background
ARHGEF7	1	0	intogen2024	native_string_full700	ot_nolit__to__intogen2024	background
PLAA	1	0	intogen2024	native_string_full700	ot_nolit__to__intogen2024	background
OAZ1	1	0	intogen2024	native_string_full700	ot_nolit__to__intogen2024	background
ZER1	1	0	intogen2024	native_string_full700	ot_nolit__to__intogen2024	background
CCN3	1	0	intogen2024	native_string_full700	ot_nolit__to__intogen2024	background
OR5D18	1	0	intogen2024	native_string_full700	ot_nolit__to__intogen2024	background
LPL	1	0	intogen2024	native_string_full700	ot_nolit__to__intogen2024	background
SEL1L3	1	0	intogen2024	native_string_full700	ot_nolit__to__intogen2024	background
SUPT7L	1	0	intogen2024	native_string_full700	ot_nolit__to__intogen2024	background
SNRPN	1	0	intogen2024	native_string_full700	ot_nolit__to__intogen2024	background
CTSA	1	0	intogen2024	native_string_full700	ot_nolit__to__intogen2024	background
GPBAR1	1	0	intogen2024	native_string_full700	ot_nolit__to__intogen2024	background
HCN3	1	0	intogen2024	native_string_full700	ot_nolit__to__intogen2024	background
LSM7	1	0	intogen2024	native_string_full700	ot_nolit__to__intogen2024	background
TCF20	1	0	intogen2024	native_string_full700	ot_nolit__to__intogen2024	background
TM6SF2	1	0	intogen2024	native_string_full700	ot_nolit__to__intogen2024	background
DENND4C	1	0	intogen2024	native_string_full700	ot_nolit__to__intogen2024	background
KIF12	1	0	intogen2024	native_string_full700	ot_nolit__to__intogen2024	background
NOD1	1	0	intogen2024	native_string_full700	ot_nolit__to__intogen2024	background
CLNK	1	0	intogen2024	native_string_full700	ot_nolit__to__intogen2024	background
PDZD7	1	0	intogen2024	native_string_full700	ot_nolit__to__intogen2024	background
CIB1	1	0	intogen2024	native_string_full700	ot_nolit__to__intogen2024	background
HTR3C	1	0	intogen2024	native_string_full700	ot_nolit__to__intogen2024	background
APOO	1	0	intogen2024	native_string_full700	ot_nolit__to__intogen2024	background
GPRC6A	1	0	intogen2024	native_string_full700	ot_nolit__to__intogen2024	background
CRCT1	1	0	intogen2024	native_string_full700	ot_nolit__to__intogen2024	background
TMOD1	1	0	intogen2024	native_string_full700	ot_nolit__to__intogen2024	background
PRND	1	0	intogen2024	native_string_full700	ot_nolit__to__intogen2024	background
PHF10	1	0	intogen2024	native_string_full700	ot_nolit__to__intogen2024	background
APELA	1	0	intogen2024	native_string_full700	ot_nolit__to__intogen2024	background
BMERB1	1	0	intogen2024	native_string_full700	ot_nolit__to__intogen2024	background
ADIPOQ	1	0	intogen2024	native_string_full700	ot_nolit__to__intogen2024	background
MRTFA	1	0	intogen2024	native_string_full700	ot_nolit__to__intogen2024	background
DNAJB7	1	0	intogen2024	native_string_full700	ot_nolit__to__intogen2024	background
DUSP8	1	0	intogen2024	native_string_full700	ot_nolit__to__intogen2024	background
KRT1	1	0	intogen2024	native_string_full700	ot_nolit__to__intogen2024	background
ZNF232	1	0	intogen2024	native_string_full700	ot_nolit__to__intogen2024	background
THAP1	1	0	intogen2024	native_string_full700	ot_nolit__to__intogen2024	background
MNAT1	1	0	intogen2024	native_string_full700	ot_nolit__to__intogen2024	background
TEN1	1	0	intogen2024	native_string_full700	ot_nolit__to__intogen2024	background
ANGPTL6	1	0	intogen2024	native_string_full700	ot_nolit__to__intogen2024	background
TLE4	1	0	intogen2024	native_string_full700	ot_nolit__to__intogen2024	background
WNK1	1	0	intogen2024	native_string_full700	ot_nolit__to__intogen2024	background
GAN	1	0	intogen2024	native_string_full700	ot_nolit__to__intogen2024	background
LAIR2	1	0	intogen2024	native_string_full700	ot_nolit__to__intogen2024	background
NPHP3	1	0	intogen2024	native_string_full700	ot_nolit__to__intogen2024	background
PDXP	1	0	intogen2024	native_string_full700	ot_nolit__to__intogen2024	background
TMEM86B	1	0	intogen2024	native_string_full700	ot_nolit__to__intogen2024	background
C16orf87	1	0	intogen2024	native_string_full700	ot_nolit__to__intogen2024	background
DLC1	1	0	intogen2024	native_string_full700	ot_nolit__to__intogen2024	background
ATP1B4	1	0	intogen2024	native_string_full700	ot_nolit__to__intogen2024	background
TXNDC5	1	0	intogen2024	native_string_full700	ot_nolit__to__intogen2024	background
TMPRSS6	1	0	intogen2024	native_string_full700	ot_nolit__to__intogen2024	background
GALNT11	1	0	intogen2024	native_string_full700	ot_nolit__to__intogen2024	background
SLC25A42	1	0	intogen2024	native_string_full700	ot_nolit__to__intogen2024	background
RPS6KA2	1	0	intogen2024	native_string_full700	ot_nolit__to__intogen2024	background
ATP13A3	1	0	intogen2024	native_string_full700	ot_nolit__to__intogen2024	background
ARNTL2	1	0	intogen2024	native_string_full700	ot_nolit__to__intogen2024	background
TAF6	1	0	intogen2024	native_string_full700	ot_nolit__to__intogen2024	background
RNF146	1	0	intogen2024	native_string_full700	ot_nolit__to__intogen2024	background
SYNRG	1	0	intogen2024	native_string_full700	ot_nolit__to__intogen2024	background
STEAP4	1	0	intogen2024	native_string_full700	ot_nolit__to__intogen2024	background
CPEB1	1	0	intogen2024	native_string_full700	ot_nolit__to__intogen2024	background
CPLANE2	1	0	intogen2024	native_string_full700	ot_nolit__to__intogen2024	background
TAS1R2	1	0	intogen2024	native_string_full700	ot_nolit__to__intogen2024	background
VCPIP1	1	0	intogen2024	native_string_full700	ot_nolit__to__intogen2024	background
H3-4	1	0	intogen2024	native_string_full700	ot_nolit__to__intogen2024	background
REG3A	1	0	intogen2024	native_string_full700	ot_nolit__to__intogen2024	background
AUNIP	1	0	intogen2024	native_string_full700	ot_nolit__to__intogen2024	background
AANAT	1	0	intogen2024	native_string_full700	ot_nolit__to__intogen2024	background
TCF7L1	1	0	intogen2024	native_string_full700	ot_nolit__to__intogen2024	background
HEATR3	1	0	intogen2024	native_string_full700	ot_nolit__to__intogen2024	background
CYCS	1	0	intogen2024	native_string_full700	ot_nolit__to__intogen2024	background
PDP2	1	0	intogen2024	native_string_full700	ot_nolit__to__intogen2024	background
RAB43	1	0	intogen2024	native_string_full700	ot_nolit__to__intogen2024	background
PPIAL4G	1	0	intogen2024	native_string_full700	ot_nolit__to__intogen2024	background
CASC1	1	0	intogen2024	native_string_full700	ot_nolit__to__intogen2024	background
CRACR2A	1	0	intogen2024	native_string_full700	ot_nolit__to__intogen2024	background
UBE2J1	1	0	intogen2024	native_string_full700	ot_nolit__to__intogen2024	background
VTI1B	1	0	intogen2024	native_string_full700	ot_nolit__to__intogen2024	background
PLCB1	1	0	intogen2024	native_string_full700	ot_nolit__to__intogen2024	background
COQ9	1	0	intogen2024	native_string_full700	ot_nolit__to__intogen2024	background
KRT16	1	0	intogen2024	native_string_full700	ot_nolit__to__intogen2024	background
RABL2B	1	0	intogen2024	native_string_full700	ot_nolit__to__intogen2024	background
SDS	1	0	intogen2024	native_string_full700	ot_nolit__to__intogen2024	background
GALM	1	0	intogen2024	native_string_full700	ot_nolit__to__intogen2024	background
MTERF3	1	0	intogen2024	native_string_full700	ot_nolit__to__intogen2024	background
L3MBTL2	1	0	intogen2024	native_string_full700	ot_nolit__to__intogen2024	background
FOXRED1	1	0	intogen2024	native_string_full700	ot_nolit__to__intogen2024	background
AGPS	1	0	intogen2024	native_string_full700	ot_nolit__to__intogen2024	background
G6PC2	1	0	intogen2024	native_string_full700	ot_nolit__to__intogen2024	background
SCAMP2	1	0	intogen2024	native_string_full700	ot_nolit__to__intogen2024	background
KIR3DL2	1	0	intogen2024	native_string_full700	ot_nolit__to__intogen2024	background
OR52R1	1	0	intogen2024	native_string_full700	ot_nolit__to__intogen2024	background
RCOR2	1	0	intogen2024	native_string_full700	ot_nolit__to__intogen2024	background
PLEKHA7	1	0	intogen2024	native_string_full700	ot_nolit__to__intogen2024	background
PIGN	1	0	intogen2024	native_string_full700	ot_nolit__to__intogen2024	background
TCP11L2	1	0	intogen2024	native_string_full700	ot_nolit__to__intogen2024	background
MSX2	1	0	intogen2024	native_string_full700	ot_nolit__to__intogen2024	background
CDC40	1	0	intogen2024	native_string_full700	ot_nolit__to__intogen2024	background
GPR62	1	0	intogen2024	native_string_full700	ot_nolit__to__intogen2024	background
SCFD1	1	0	intogen2024	native_string_full700	ot_nolit__to__intogen2024	background
WIF1	1	0	intogen2024	native_string_full700	ot_nolit__to__intogen2024	background
ATP6V1F	1	0	intogen2024	native_string_full700	ot_nolit__to__intogen2024	background
UGT2B11	1	0	intogen2024	native_string_full700	ot_nolit__to__intogen2024	background
PIP5K1C	1	0	intogen2024	native_string_full700	ot_nolit__to__intogen2024	background
TARS3	1	0	intogen2024	native_string_full700	ot_nolit__to__intogen2024	background
SEPTIN5	1	0	intogen2024	native_string_full700	ot_nolit__to__intogen2024	background
COX4I2	1	0	intogen2024	native_string_full700	ot_nolit__to__intogen2024	background
NLGN3	1	0	intogen2024	native_string_full700	ot_nolit__to__intogen2024	background
HOMER2	1	0	intogen2024	native_string_full700	ot_nolit__to__intogen2024	background
WARS1	1	0	intogen2024	native_string_full700	ot_nolit__to__intogen2024	background
CDRT1	1	0	intogen2024	native_string_full700	ot_nolit__to__intogen2024	background
RASD2	1	0	intogen2024	native_string_full700	ot_nolit__to__intogen2024	background
TAF8	1	0	intogen2024	native_string_full700	ot_nolit__to__intogen2024	background
PICK1	1	0	intogen2024	native_string_full700	ot_nolit__to__intogen2024	background
C8orf37	1	0	intogen2024	native_string_full700	ot_nolit__to__intogen2024	background
CDK17	1	0	intogen2024	native_string_full700	ot_nolit__to__intogen2024	background
ZNF76	1	0	intogen2024	native_string_full700	ot_nolit__to__intogen2024	background
GTF2IRD2B	1	0	intogen2024	native_string_full700	ot_nolit__to__intogen2024	background
AASS	1	0	intogen2024	native_string_full700	ot_nolit__to__intogen2024	background
ASCC1	1	0	intogen2024	native_string_full700	ot_nolit__to__intogen2024	background
CDH12	1	0	intogen2024	native_string_full700	ot_nolit__to__intogen2024	background
BEX2	1	0	intogen2024	native_string_full700	ot_nolit__to__intogen2024	background
SH2B1	1	0	intogen2024	native_string_full700	ot_nolit__to__intogen2024	background
TBCA	1	0	intogen2024	native_string_full700	ot_nolit__to__intogen2024	background
SALL4	2	1	intogen2024	native_string_full700	ot_nolit__to__intogen2024	target
BRD4	2	1	intogen2024	native_string_full700	ot_nolit__to__intogen2024	target
BTG2	2	1	intogen2024	native_string_full700	ot_nolit__to__intogen2024	target
FAS	2	1	intogen2024	native_string_full700	ot_nolit__to__intogen2024	target
CASP8	2	1	intogen2024	native_string_full700	ot_nolit__to__intogen2024	target
ATP2B3	2	1	intogen2024	native_string_full700	ot_nolit__to__intogen2024	target
NPRL2	2	1	intogen2024	native_string_full700	ot_nolit__to__intogen2024	target
TCL1A	2	1	intogen2024	native_string_full700	ot_nolit__to__intogen2024	target
GPC5	2	1	intogen2024	native_string_full700	ot_nolit__to__intogen2024	target
AFF1	2	1	intogen2024	native_string_full700	ot_nolit__to__intogen2024	target
RHOA	2	1	intogen2024	native_string_full700	ot_nolit__to__intogen2024	target
PABPC1	2	1	intogen2024	native_string_full700	ot_nolit__to__intogen2024	target
NSD2	2	1	intogen2024	native_string_full700	ot_nolit__to__intogen2024	target
ANKRD11	2	1	intogen2024	native_string_full700	ot_nolit__to__intogen2024	target
PTPN11	2	1	intogen2024	native_string_full700	ot_nolit__to__intogen2024	target
SDCBP	2	1	intogen2024	native_string_full700	ot_nolit__to__intogen2024	target
ROBO2	2	1	intogen2024	native_string_full700	ot_nolit__to__intogen2024	target
SGK1	2	1	intogen2024	native_string_full700	ot_nolit__to__intogen2024	target
ITGAV	2	1	intogen2024	native_string_full700	ot_nolit__to__intogen2024	target
PIK3R1	2	1	intogen2024	native_string_full700	ot_nolit__to__intogen2024	target
ZNRF3	2	1	intogen2024	native_string_full700	ot_nolit__to__intogen2024	target
DHX9	2	1	intogen2024	native_string_full700	ot_nolit__to__intogen2024	target
P2RY8	2	1	intogen2024	native_string_full700	ot_nolit__to__intogen2024	target
TNFRSF14	2	1	intogen2024	native_string_full700	ot_nolit__to__intogen2024	target
RNF6	2	1	intogen2024	native_string_full700	ot_nolit__to__intogen2024	target
PRKD1	2	1	intogen2024	native_string_full700	ot_nolit__to__intogen2024	target
DAXX	2	1	intogen2024	native_string_full700	ot_nolit__to__intogen2024	target
PBRM1	2	1	intogen2024	native_string_full700	ot_nolit__to__intogen2024	target
NKX2-1	2	1	intogen2024	native_string_full700	ot_nolit__to__intogen2024	target
ETV4	2	1	intogen2024	native_string_full700	ot_nolit__to__intogen2024	target
ZNF521	2	1	intogen2024	native_string_full700	ot_nolit__to__intogen2024	target
RBM10	2	1	intogen2024	native_string_full700	ot_nolit__to__intogen2024	target
DGCR8	2	1	intogen2024	native_string_full700	ot_nolit__to__intogen2024	target
RRAS2	2	1	intogen2024	native_string_full700	ot_nolit__to__intogen2024	target
CCAR1	2	1	intogen2024	native_string_full700	ot_nolit__to__intogen2024	target
TRAF7	2	1	intogen2024	native_string_full700	ot_nolit__to__intogen2024	target
BCOR	2	1	intogen2024	native_string_full700	ot_nolit__to__intogen2024	target
PTPN13	2	1	intogen2024	native_string_full700	ot_nolit__to__intogen2024	target
TRIM33	2	1	intogen2024	native_string_full700	ot_nolit__to__intogen2024	target
DTX1	2	1	intogen2024	native_string_full700	ot_nolit__to__intogen2024	target
ANK1	2	1	intogen2024	native_string_full700	ot_nolit__to__intogen2024	target
XPO1	2	1	intogen2024	native_string_full700	ot_nolit__to__intogen2024	target
SMC1A	2	1	intogen2024	native_string_full700	ot_nolit__to__intogen2024	target
DCAF12L2	2	1	intogen2024	native_string_full700	ot_nolit__to__intogen2024	target
TFAP4	2	1	intogen2024	native_string_full700	ot_nolit__to__intogen2024	target
EWSR1	2	1	intogen2024	native_string_full700	ot_nolit__to__intogen2024	target
ARHGAP5	2	1	intogen2024	native_string_full700	ot_nolit__to__intogen2024	target
PDCD1LG2	2	1	intogen2024	native_string_full700	ot_nolit__to__intogen2024	target
MPL	2	1	intogen2024	native_string_full700	ot_nolit__to__intogen2024	target
FOXO1	2	1	intogen2024	native_string_full700	ot_nolit__to__intogen2024	target
KDM5A	2	1	intogen2024	native_string_full700	ot_nolit__to__intogen2024	target
SOCS1	2	1	intogen2024	native_string_full700	ot_nolit__to__intogen2024	target
CCR7	2	1	intogen2024	native_string_full700	ot_nolit__to__intogen2024	target
SPOP	2	1	intogen2024	native_string_full700	ot_nolit__to__intogen2024	target
TRRAP	2	1	intogen2024	native_string_full700	ot_nolit__to__intogen2024	target
CDKN1A	2	1	intogen2024	native_string_full700	ot_nolit__to__intogen2024	target
DDX3X	2	1	intogen2024	native_string_full700	ot_nolit__to__intogen2024	target
COL1A1	2	1	intogen2024	native_string_full700	ot_nolit__to__intogen2024	target
ADAMTS9	2	1	intogen2024	native_string_full700	ot_nolit__to__intogen2024	target
TRAF3	2	1	intogen2024	native_string_full700	ot_nolit__to__intogen2024	target
RGPD3	2	1	intogen2024	native_string_full700	ot_nolit__to__intogen2024	target
ZBTB7B	2	1	intogen2024	native_string_full700	ot_nolit__to__intogen2024	target
PLAG1	2	1	intogen2024	native_string_full700	ot_nolit__to__intogen2024	target
HLA-C	2	1	intogen2024	native_string_full700	ot_nolit__to__intogen2024	target
MLLT6	2	1	intogen2024	native_string_full700	ot_nolit__to__intogen2024	target
PSIP1	2	1	intogen2024	native_string_full700	ot_nolit__to__intogen2024	target
NACA	2	1	intogen2024	native_string_full700	ot_nolit__to__intogen2024	target
RPL5	2	1	intogen2024	native_string_full700	ot_nolit__to__intogen2024	target
REST	2	1	intogen2024	native_string_full700	ot_nolit__to__intogen2024	target
PARP4	2	1	intogen2024	native_string_full700	ot_nolit__to__intogen2024	target
CDX2	2	1	intogen2024	native_string_full700	ot_nolit__to__intogen2024	target
CYSLTR2	2	1	intogen2024	native_string_full700	ot_nolit__to__intogen2024	target
KAT6B	2	1	intogen2024	native_string_full700	ot_nolit__to__intogen2024	target
DDX6	2	1	intogen2024	native_string_full700	ot_nolit__to__intogen2024	target
PPP3CA	2	1	intogen2024	native_string_full700	ot_nolit__to__intogen2024	target
STAT6	2	1	intogen2024	native_string_full700	ot_nolit__to__intogen2024	target
CADM2	2	1	intogen2024	native_string_full700	ot_nolit__to__intogen2024	target
NFE2L2	2	1	intogen2024	native_string_full700	ot_nolit__to__intogen2024	target
PEG3	2	1	intogen2024	native_string_full700	ot_nolit__to__intogen2024	target
ZFP36L1	2	1	intogen2024	native_string_full700	ot_nolit__to__intogen2024	target
SETDB1	2	1	intogen2024	native_string_full700	ot_nolit__to__intogen2024	target
ESRRA	2	1	intogen2024	native_string_full700	ot_nolit__to__intogen2024	target
UBR5	2	1	intogen2024	native_string_full700	ot_nolit__to__intogen2024	target
COL6A3	2	1	intogen2024	native_string_full700	ot_nolit__to__intogen2024	target
KAT7	2	1	intogen2024	native_string_full700	ot_nolit__to__intogen2024	target
ZMYM3	2	1	intogen2024	native_string_full700	ot_nolit__to__intogen2024	target
SMO	2	1	intogen2024	native_string_full700	ot_nolit__to__intogen2024	target
ARHGEF10L	2	1	intogen2024	native_string_full700	ot_nolit__to__intogen2024	target
BCORL1	2	1	intogen2024	native_string_full700	ot_nolit__to__intogen2024	target
TNC	2	1	intogen2024	native_string_full700	ot_nolit__to__intogen2024	target
RBM15	2	1	intogen2024	native_string_full700	ot_nolit__to__intogen2024	target
RPL22	2	1	intogen2024	native_string_full700	ot_nolit__to__intogen2024	target
KRAS	2	1	intogen2024	native_string_full700	ot_nolit__to__intogen2024	target
NFKBIA	2	1	intogen2024	native_string_full700	ot_nolit__to__intogen2024	target
ACKR3	2	1	intogen2024	native_string_full700	ot_nolit__to__intogen2024	target
CD58	2	1	intogen2024	native_string_full700	ot_nolit__to__intogen2024	target
MACC1	2	1	intogen2024	native_string_full700	ot_nolit__to__intogen2024	target
HCAR3	2	1	intogen2024	native_string_full700	ot_nolit__to__intogen2024	target
BIRC3	2	1	intogen2024	native_string_full700	ot_nolit__to__intogen2024	target
NBEA	2	1	intogen2024	native_string_full700	ot_nolit__to__intogen2024	target
SUZ12	2	1	intogen2024	native_string_full700	ot_nolit__to__intogen2024	target
MUC6	2	1	intogen2024	native_string_full700	ot_nolit__to__intogen2024	target
CCDC6	2	1	intogen2024	native_string_full700	ot_nolit__to__intogen2024	target
ATF7IP	2	1	intogen2024	native_string_full700	ot_nolit__to__intogen2024	target
ARID2	2	1	intogen2024	native_string_full700	ot_nolit__to__intogen2024	target
MCM7	2	1	intogen2024	native_string_full700	ot_nolit__to__intogen2024	target
GATA2	2	1	intogen2024	native_string_full700	ot_nolit__to__intogen2024	target
CHD7	2	1	intogen2024	native_string_full700	ot_nolit__to__intogen2024	target
FAT2	2	1	intogen2024	native_string_full700	ot_nolit__to__intogen2024	target
PREX2	2	1	intogen2024	native_string_full700	ot_nolit__to__intogen2024	target
DROSHA	2	1	intogen2024	native_string_full700	ot_nolit__to__intogen2024	target
CHD4	2	1	intogen2024	native_string_full700	ot_nolit__to__intogen2024	target
PRDM2	2	1	intogen2024	native_string_full700	ot_nolit__to__intogen2024	target
AFF3	2	1	intogen2024	native_string_full700	ot_nolit__to__intogen2024	target
NSD1	2	1	intogen2024	native_string_full700	ot_nolit__to__intogen2024	target
PRUNE2	2	1	intogen2024	native_string_full700	ot_nolit__to__intogen2024	target
WNK2	2	1	intogen2024	native_string_full700	ot_nolit__to__intogen2024	target
PCMTD1	2	1	intogen2024	native_string_full700	ot_nolit__to__intogen2024	target
BIRC6	2	1	intogen2024	native_string_full700	ot_nolit__to__intogen2024	target
BAZ1A	2	1	intogen2024	native_string_full700	ot_nolit__to__intogen2024	target
CIITA	2	1	intogen2024	native_string_full700	ot_nolit__to__intogen2024	target
HSP90AA1	2	1	intogen2024	native_string_full700	ot_nolit__to__intogen2024	target
ZNF750	2	1	intogen2024	native_string_full700	ot_nolit__to__intogen2024	target
N4BP2	2	1	intogen2024	native_string_full700	ot_nolit__to__intogen2024	target
COL6A6	2	1	intogen2024	native_string_full700	ot_nolit__to__intogen2024	target
BCL9L	2	1	intogen2024	native_string_full700	ot_nolit__to__intogen2024	target
CDK12	2	1	intogen2024	native_string_full700	ot_nolit__to__intogen2024	target
ZNF208	2	1	intogen2024	native_string_full700	ot_nolit__to__intogen2024	target
ZFHX3	2	1	intogen2024	native_string_full700	ot_nolit__to__intogen2024	target
MYCN	2	1	intogen2024	native_string_full700	ot_nolit__to__intogen2024	target
ZRSR2	2	1	intogen2024	native_string_full700	ot_nolit__to__intogen2024	target
CNOT9	2	1	intogen2024	native_string_full700	ot_nolit__to__intogen2024	target
NUP214	2	1	intogen2024	native_string_full700	ot_nolit__to__intogen2024	target
CAMTA1	2	1	intogen2024	native_string_full700	ot_nolit__to__intogen2024	target
ACSM3	2	1	intogen2024	native_string_full700	ot_nolit__to__intogen2024	target
ATR	2	1	intogen2024	native_string_full700	ot_nolit__to__intogen2024	target
ROS1	2	1	intogen2024	native_string_full700	ot_nolit__to__intogen2024	target
SMAD3	2	1	intogen2024	native_string_full700	ot_nolit__to__intogen2024	target
ERCC2	2	1	intogen2024	native_string_full700	ot_nolit__to__intogen2024	target
SOX17	2	1	intogen2024	native_string_full700	ot_nolit__to__intogen2024	target
KDM6A	2	1	intogen2024	native_string_full700	ot_nolit__to__intogen2024	target
FUS	2	1	intogen2024	native_string_full700	ot_nolit__to__intogen2024	target
KLHL6	2	1	intogen2024	native_string_full700	ot_nolit__to__intogen2024	target
FANCA	2	1	intogen2024	native_string_full700	ot_nolit__to__intogen2024	target
MGA	2	1	intogen2024	native_string_full700	ot_nolit__to__intogen2024	target
PTMA	2	1	intogen2024	native_string_full700	ot_nolit__to__intogen2024	target
ERG	2	1	intogen2024	native_string_full700	ot_nolit__to__intogen2024	target
MTOR	2	1	intogen2024	native_string_full700	ot_nolit__to__intogen2024	target
TSHR	2	1	intogen2024	native_string_full700	ot_nolit__to__intogen2024	target
MARK2	2	1	intogen2024	native_string_full700	ot_nolit__to__intogen2024	target
SMARCA2	2	1	intogen2024	native_string_full700	ot_nolit__to__intogen2024	target
MAP2K7	2	1	intogen2024	native_string_full700	ot_nolit__to__intogen2024	target
LSM14A	2	1	intogen2024	native_string_full700	ot_nolit__to__intogen2024	target
ELN	2	1	intogen2024	native_string_full700	ot_nolit__to__intogen2024	target
CANT1	2	1	intogen2024	native_string_full700	ot_nolit__to__intogen2024	target
HLA-DQA1	2	1	intogen2024	native_string_full700	ot_nolit__to__intogen2024	target
PTPRB	2	1	intogen2024	native_string_full700	ot_nolit__to__intogen2024	target
FUBP1	2	1	intogen2024	native_string_full700	ot_nolit__to__intogen2024	target
ACSL6	2	1	intogen2024	native_string_full700	ot_nolit__to__intogen2024	target
LPA	2	1	intogen2024	native_string_full700	ot_nolit__to__intogen2024	target
MAF	2	1	intogen2024	native_string_full700	ot_nolit__to__intogen2024	target
PTPRK	2	1	intogen2024	native_string_full700	ot_nolit__to__intogen2024	target
FOXP1	2	1	intogen2024	native_string_full700	ot_nolit__to__intogen2024	target
EIF3E	2	1	intogen2024	native_string_full700	ot_nolit__to__intogen2024	target
ARNT	2	1	intogen2024	native_string_full700	ot_nolit__to__intogen2024	target
PRDM16	2	1	intogen2024	native_string_full700	ot_nolit__to__intogen2024	target
SMAD2	2	1	intogen2024	native_string_full700	ot_nolit__to__intogen2024	target
HNRNPA2B1	2	1	intogen2024	native_string_full700	ot_nolit__to__intogen2024	target
SIX1	2	1	intogen2024	native_string_full700	ot_nolit__to__intogen2024	target
RPS3A	2	1	intogen2024	native_string_full700	ot_nolit__to__intogen2024	target
TAL2	2	1	intogen2024	native_string_full700	ot_nolit__to__intogen2024	target
TET1	2	1	intogen2024	native_string_full700	ot_nolit__to__intogen2024	target
PWWP2A	2	1	intogen2024	native_string_full700	ot_nolit__to__intogen2024	target
BCL6	2	1	intogen2024	native_string_full700	ot_nolit__to__intogen2024	target
TMPRSS2	2	1	intogen2024	native_string_full700	ot_nolit__to__intogen2024	target
ATP1A1	2	1	intogen2024	native_string_full700	ot_nolit__to__intogen2024	target
RASA1	2	1	intogen2024	native_string_full700	ot_nolit__to__intogen2024	target
TPR	2	1	intogen2024	native_string_full700	ot_nolit__to__intogen2024	target
KLF5	2	1	intogen2024	native_string_full700	ot_nolit__to__intogen2024	target
FCRL4	2	1	intogen2024	native_string_full700	ot_nolit__to__intogen2024	target
RASA2	2	1	intogen2024	native_string_full700	ot_nolit__to__intogen2024	target
CRTC1	2	1	intogen2024	native_string_full700	ot_nolit__to__intogen2024	target
IRS4	2	1	intogen2024	native_string_full700	ot_nolit__to__intogen2024	target
GMPS	2	1	intogen2024	native_string_full700	ot_nolit__to__intogen2024	target
DOT1L	2	1	intogen2024	native_string_full700	ot_nolit__to__intogen2024	target
ESR1	2	1	intogen2024	native_string_full700	ot_nolit__to__intogen2024	target
ALK	2	1	intogen2024	native_string_full700	ot_nolit__to__intogen2024	target
MEF2B	2	1	intogen2024	native_string_full700	ot_nolit__to__intogen2024	target
RELA	2	1	intogen2024	native_string_full700	ot_nolit__to__intogen2024	target
NTRK3	2	1	intogen2024	native_string_full700	ot_nolit__to__intogen2024	target
TRIM49C	2	1	intogen2024	native_string_full700	ot_nolit__to__intogen2024	target
MSI2	2	1	intogen2024	native_string_full700	ot_nolit__to__intogen2024	target
NPM1	2	1	intogen2024	native_string_full700	ot_nolit__to__intogen2024	target
LEF1	2	1	intogen2024	native_string_full700	ot_nolit__to__intogen2024	target
NCAPH	2	1	intogen2024	native_string_full700	ot_nolit__to__intogen2024	target
SIRPA	2	1	intogen2024	native_string_full700	ot_nolit__to__intogen2024	target
MYEOV	2	1	intogen2024	native_string_full700	ot_nolit__to__intogen2024	target
CYLD	2	1	intogen2024	native_string_full700	ot_nolit__to__intogen2024	target
ZEB1	2	1	intogen2024	native_string_full700	ot_nolit__to__intogen2024	target
ABL2	2	1	intogen2024	native_string_full700	ot_nolit__to__intogen2024	target
NUTM1	2	1	intogen2024	native_string_full700	ot_nolit__to__intogen2024	target
EIF4A2	2	1	intogen2024	native_string_full700	ot_nolit__to__intogen2024	target
CYP2C8	2	1	intogen2024	native_string_full700	ot_nolit__to__intogen2024	target
CD209	2	1	intogen2024	native_string_full700	ot_nolit__to__intogen2024	target
NCOR2	2	1	intogen2024	native_string_full700	ot_nolit__to__intogen2024	target
MED23	2	1	intogen2024	native_string_full700	ot_nolit__to__intogen2024	target
FCGR2B	2	1	intogen2024	native_string_full700	ot_nolit__to__intogen2024	target
LDB1	2	1	intogen2024	native_string_full700	ot_nolit__to__intogen2024	target
HGF	2	1	intogen2024	native_string_full700	ot_nolit__to__intogen2024	target
TAF1L	2	1	intogen2024	native_string_full700	ot_nolit__to__intogen2024	target
FGD1	2	1	intogen2024	native_string_full700	ot_nolit__to__intogen2024	target
ATRX	2	1	intogen2024	native_string_full700	ot_nolit__to__intogen2024	target
RBFOX1	2	1	intogen2024	native_string_full700	ot_nolit__to__intogen2024	target
ABCC4	2	1	intogen2024	native_string_full700	ot_nolit__to__intogen2024	target
CARD11	2	1	intogen2024	native_string_full700	ot_nolit__to__intogen2024	target
IRAK1	2	1	intogen2024	native_string_full700	ot_nolit__to__intogen2024	target
NIN	2	1	intogen2024	native_string_full700	ot_nolit__to__intogen2024	target
TCF4	2	1	intogen2024	native_string_full700	ot_nolit__to__intogen2024	target
BTG1	2	1	intogen2024	native_string_full700	ot_nolit__to__intogen2024	target
NFATC2	2	1	intogen2024	native_string_full700	ot_nolit__to__intogen2024	target
FBXW7	2	1	intogen2024	native_string_full700	ot_nolit__to__intogen2024	target
LRIG3	2	1	intogen2024	native_string_full700	ot_nolit__to__intogen2024	target
PTPRC	2	1	intogen2024	native_string_full700	ot_nolit__to__intogen2024	target
GRM3	2	1	intogen2024	native_string_full700	ot_nolit__to__intogen2024	target
PTPN6	2	1	intogen2024	native_string_full700	ot_nolit__to__intogen2024	target
RIPK1	2	1	intogen2024	native_string_full700	ot_nolit__to__intogen2024	target
BCL11B	2	1	intogen2024	native_string_full700	ot_nolit__to__intogen2024	target
CUL3	2	1	intogen2024	native_string_full700	ot_nolit__to__intogen2024	target
TBL1XR1	2	1	intogen2024	native_string_full700	ot_nolit__to__intogen2024	target
MYH9	2	1	intogen2024	native_string_full700	ot_nolit__to__intogen2024	target
BCL7A	2	1	intogen2024	native_string_full700	ot_nolit__to__intogen2024	target
B2M	2	1	intogen2024	native_string_full700	ot_nolit__to__intogen2024	target
ELL	2	1	intogen2024	native_string_full700	ot_nolit__to__intogen2024	target
TGIF1	2	1	intogen2024	native_string_full700	ot_nolit__to__intogen2024	target
ALPK1	2	1	intogen2024	native_string_full700	ot_nolit__to__intogen2024	target
NIPBL	2	1	intogen2024	native_string_full700	ot_nolit__to__intogen2024	target
DCC	2	1	intogen2024	native_string_full700	ot_nolit__to__intogen2024	target
TFRC	2	1	intogen2024	native_string_full700	ot_nolit__to__intogen2024	target
TCF12	2	1	intogen2024	native_string_full700	ot_nolit__to__intogen2024	target
GPAA1	2	1	intogen2024	native_string_full700	ot_nolit__to__intogen2024	target
FAT4	2	1	intogen2024	native_string_full700	ot_nolit__to__intogen2024	target
EZH2	2	1	intogen2024	native_string_full700	ot_nolit__to__intogen2024	target
INPPL1	2	1	intogen2024	native_string_full700	ot_nolit__to__intogen2024	target
CTCF	2	1	intogen2024	native_string_full700	ot_nolit__to__intogen2024	target
CCND1	2	1	intogen2024	native_string_full700	ot_nolit__to__intogen2024	target
HIP1	2	1	intogen2024	native_string_full700	ot_nolit__to__intogen2024	target
CCND2	2	1	intogen2024	native_string_full700	ot_nolit__to__intogen2024	target
CTNNA2	2	1	intogen2024	native_string_full700	ot_nolit__to__intogen2024	target
CBFB	2	1	intogen2024	native_string_full700	ot_nolit__to__intogen2024	target
SETD1B	2	1	intogen2024	native_string_full700	ot_nolit__to__intogen2024	target
JAK3	2	1	intogen2024	native_string_full700	ot_nolit__to__intogen2024	target
PER3	2	1	intogen2024	native_string_full700	ot_nolit__to__intogen2024	target
ZNF93	2	1	intogen2024	native_string_full700	ot_nolit__to__intogen2024	target
ELF3	2	1	intogen2024	native_string_full700	ot_nolit__to__intogen2024	target
KDM3B	2	1	intogen2024	native_string_full700	ot_nolit__to__intogen2024	target
ARID1B	2	1	intogen2024	native_string_full700	ot_nolit__to__intogen2024	target
PTK6	2	1	intogen2024	native_string_full700	ot_nolit__to__intogen2024	target
PRDM1	2	1	intogen2024	native_string_full700	ot_nolit__to__intogen2024	target
PI4KA	2	1	intogen2024	native_string_full700	ot_nolit__to__intogen2024	target
BCL10	2	1	intogen2024	native_string_full700	ot_nolit__to__intogen2024	target
CDH11	2	1	intogen2024	native_string_full700	ot_nolit__to__intogen2024	target
NT5C3A	2	1	intogen2024	native_string_full700	ot_nolit__to__intogen2024	target
TCF7L2	2	1	intogen2024	native_string_full700	ot_nolit__to__intogen2024	target
ZBTB48	2	1	intogen2024	native_string_full700	ot_nolit__to__intogen2024	target
FOXO3	2	1	intogen2024	native_string_full700	ot_nolit__to__intogen2024	target
RNF213	2	1	intogen2024	native_string_full700	ot_nolit__to__intogen2024	target
KNSTRN	2	1	intogen2024	native_string_full700	ot_nolit__to__intogen2024	target
EPS15	2	1	intogen2024	native_string_full700	ot_nolit__to__intogen2024	target
FHIT	2	1	intogen2024	native_string_full700	ot_nolit__to__intogen2024	target
PSPC1	2	1	intogen2024	native_string_full700	ot_nolit__to__intogen2024	target
IKZF1	2	1	intogen2024	native_string_full700	ot_nolit__to__intogen2024	target
U2AF1	2	1	intogen2024	native_string_full700	ot_nolit__to__intogen2024	target
ARHGEF10	2	1	intogen2024	native_string_full700	ot_nolit__to__intogen2024	target
KLF4	2	1	intogen2024	native_string_full700	ot_nolit__to__intogen2024	target
HRAS	2	1	intogen2024	native_string_full700	ot_nolit__to__intogen2024	target
PLXNC1	2	1	intogen2024	native_string_full700	ot_nolit__to__intogen2024	target
GRIN2A	2	1	intogen2024	native_string_full700	ot_nolit__to__intogen2024	target
ACVR2A	2	1	intogen2024	native_string_full700	ot_nolit__to__intogen2024	target
FBLN2	2	1	intogen2024	native_string_full700	ot_nolit__to__intogen2024	target
IDH2	2	1	intogen2024	native_string_full700	ot_nolit__to__intogen2024	target
USP7	2	1	intogen2024	native_string_full700	ot_nolit__to__intogen2024	target
LATS2	2	1	intogen2024	native_string_full700	ot_nolit__to__intogen2024	target
SRGAP3	2	1	intogen2024	native_string_full700	ot_nolit__to__intogen2024	target
FGFR2	2	1	intogen2024	native_string_full700	ot_nolit__to__intogen2024	target
CACNA1D	2	1	intogen2024	native_string_full700	ot_nolit__to__intogen2024	target
GNAQ	2	1	intogen2024	native_string_full700	ot_nolit__to__intogen2024	target
IRF1	2	1	intogen2024	native_string_full700	ot_nolit__to__intogen2024	target
ALDH2	2	1	intogen2024	native_string_full700	ot_nolit__to__intogen2024	target
ING1	2	1	intogen2024	native_string_full700	ot_nolit__to__intogen2024	target
FAT1	2	1	intogen2024	native_string_full700	ot_nolit__to__intogen2024	target
SH2B3	2	1	intogen2024	native_string_full700	ot_nolit__to__intogen2024	target
GLI1	2	1	intogen2024	native_string_full700	ot_nolit__to__intogen2024	target
KMT5A	2	1	intogen2024	native_string_full700	ot_nolit__to__intogen2024	target
IL7R	2	1	intogen2024	native_string_full700	ot_nolit__to__intogen2024	target
HIF1A	2	1	intogen2024	native_string_full700	ot_nolit__to__intogen2024	target
IKZF3	2	1	intogen2024	native_string_full700	ot_nolit__to__intogen2024	target
MALT1	2	1	intogen2024	native_string_full700	ot_nolit__to__intogen2024	target
ARHGAP35	2	1	intogen2024	native_string_full700	ot_nolit__to__intogen2024	target
PHF6	2	1	intogen2024	native_string_full700	ot_nolit__to__intogen2024	target
H3-3A	2	1	intogen2024	native_string_full700	ot_nolit__to__intogen2024	target
GNAS	2	1	intogen2024	native_string_full700	ot_nolit__to__intogen2024	target
HLA-A	2	1	intogen2024	native_string_full700	ot_nolit__to__intogen2024	target
TEC	2	1	intogen2024	native_string_full700	ot_nolit__to__intogen2024	target
HOXC13	2	1	intogen2024	native_string_full700	ot_nolit__to__intogen2024	target
LIFR	2	1	intogen2024	native_string_full700	ot_nolit__to__intogen2024	target
ETV1	2	1	intogen2024	native_string_full700	ot_nolit__to__intogen2024	target
LATS1	2	1	intogen2024	native_string_full700	ot_nolit__to__intogen2024	target
EBF1	2	1	intogen2024	native_string_full700	ot_nolit__to__intogen2024	target
MSN	2	1	intogen2024	native_string_full700	ot_nolit__to__intogen2024	target
RHPN2	2	1	intogen2024	native_string_full700	ot_nolit__to__intogen2024	target
TBX3	2	1	intogen2024	native_string_full700	ot_nolit__to__intogen2024	target
MDGA2	2	1	intogen2024	native_string_full700	ot_nolit__to__intogen2024	target
ERCC3	2	1	intogen2024	native_string_full700	ot_nolit__to__intogen2024	target
DIS3	2	1	intogen2024	native_string_full700	ot_nolit__to__intogen2024	target
RAC1	2	1	intogen2024	native_string_full700	ot_nolit__to__intogen2024	target
CBL	2	1	intogen2024	native_string_full700	ot_nolit__to__intogen2024	target
SOX9	2	1	intogen2024	native_string_full700	ot_nolit__to__intogen2024	target
U2AF2	2	1	intogen2024	native_string_full700	ot_nolit__to__intogen2024	target
CDH10	2	1	intogen2024	native_string_full700	ot_nolit__to__intogen2024	target
SETBP1	2	1	intogen2024	native_string_full700	ot_nolit__to__intogen2024	target
HLA-B	2	1	intogen2024	native_string_full700	ot_nolit__to__intogen2024	target
WWTR1	2	1	intogen2024	native_string_full700	ot_nolit__to__intogen2024	target
LRP1B	2	1	intogen2024	native_string_full700	ot_nolit__to__intogen2024	target
CTNND2	2	1	intogen2024	native_string_full700	ot_nolit__to__intogen2024	target
SETD2	2	1	intogen2024	native_string_full700	ot_nolit__to__intogen2024	target
USP6	2	1	intogen2024	native_string_full700	ot_nolit__to__intogen2024	target
NFKBIE	2	1	intogen2024	native_string_full700	ot_nolit__to__intogen2024	target
FOXA2	2	1	intogen2024	native_string_full700	ot_nolit__to__intogen2024	target
ZCRB1	2	1	intogen2024	native_string_full700	ot_nolit__to__intogen2024	target
CMTR2	2	1	intogen2024	native_string_full700	ot_nolit__to__intogen2024	target
IKBKB	2	1	intogen2024	native_string_full700	ot_nolit__to__intogen2024	target
MIB2	2	1	intogen2024	native_string_full700	ot_nolit__to__intogen2024	target
CCNT1	2	1	intogen2024	native_string_full700	ot_nolit__to__intogen2024	target
ACVR1B	2	1	intogen2024	native_string_full700	ot_nolit__to__intogen2024	target
CNOT3	2	1	intogen2024	native_string_full700	ot_nolit__to__intogen2024	target
POLQ	2	1	intogen2024	native_string_full700	ot_nolit__to__intogen2024	target
CLTCL1	2	1	intogen2024	native_string_full700	ot_nolit__to__intogen2024	target
AJUBA	2	1	intogen2024	native_string_full700	ot_nolit__to__intogen2024	target
CPEB3	2	1	intogen2024	native_string_full700	ot_nolit__to__intogen2024	target
PML	2	1	intogen2024	native_string_full700	ot_nolit__to__intogen2024	target
MYO5A	2	1	intogen2024	native_string_full700	ot_nolit__to__intogen2024	target
CASZ1	2	1	intogen2024	native_string_full700	ot_nolit__to__intogen2024	target
SOX21	2	1	intogen2024	native_string_full700	ot_nolit__to__intogen2024	target
NOTCH2	2	1	intogen2024	native_string_full700	ot_nolit__to__intogen2024	target
PTPRD	2	1	intogen2024	native_string_full700	ot_nolit__to__intogen2024	target
RGS7	2	1	intogen2024	native_string_full700	ot_nolit__to__intogen2024	target
BCL11A	2	1	intogen2024	native_string_full700	ot_nolit__to__intogen2024	target
SHTN1	2	1	intogen2024	native_string_full700	ot_nolit__to__intogen2024	target
ELK4	2	1	intogen2024	native_string_full700	ot_nolit__to__intogen2024	target
PAX5	2	1	intogen2024	native_string_full700	ot_nolit__to__intogen2024	target
JAK2	2	1	intogen2024	native_string_full700	ot_nolit__to__intogen2024	target
KLF6	2	1	intogen2024	native_string_full700	ot_nolit__to__intogen2024	target
PPP6C	2	1	intogen2024	native_string_full700	ot_nolit__to__intogen2024	target
BCL9	2	1	intogen2024	native_string_full700	ot_nolit__to__intogen2024	target
FAT3	2	1	intogen2024	native_string_full700	ot_nolit__to__intogen2024	target
FBN2	2	1	intogen2024	native_string_full700	ot_nolit__to__intogen2024	target
DDR2	2	1	intogen2024	native_string_full700	ot_nolit__to__intogen2024	target
H3C2	2	1	intogen2024	native_string_full700	ot_nolit__to__intogen2024	target
FMN2	2	1	intogen2024	native_string_full700	ot_nolit__to__intogen2024	target
SPEN	2	1	intogen2024	native_string_full700	ot_nolit__to__intogen2024	target
WNT1	2	1	intogen2024	native_string_full700	ot_nolit__to__intogen2024	target
AFF4	2	1	intogen2024	native_string_full700	ot_nolit__to__intogen2024	target
RUNX1T1	2	1	intogen2024	native_string_full700	ot_nolit__to__intogen2024	target
GSK3B	2	1	intogen2024	native_string_full700	ot_nolit__to__intogen2024	target
NCOA1	2	1	intogen2024	native_string_full700	ot_nolit__to__intogen2024	target
NCKIPSD	2	1	intogen2024	native_string_full700	ot_nolit__to__intogen2024	target
TMSB4X	2	1	intogen2024	native_string_full700	ot_nolit__to__intogen2024	target
AFDN	2	1	intogen2024	native_string_full700	ot_nolit__to__intogen2024	target
DSP	2	1	intogen2024	native_string_full700	ot_nolit__to__intogen2024	target
SAMHD1	2	1	intogen2024	native_string_full700	ot_nolit__to__intogen2024	target
NRAS	2	1	intogen2024	native_string_full700	ot_nolit__to__intogen2024	target
BCL2	2	1	intogen2024	native_string_full700	ot_nolit__to__intogen2024	target
BCLAF1	2	1	intogen2024	native_string_full700	ot_nolit__to__intogen2024	target
ETV5	2	1	intogen2024	native_string_full700	ot_nolit__to__intogen2024	target
NVL	2	1	intogen2024	native_string_full700	ot_nolit__to__intogen2024	target
NXF1	2	1	intogen2024	native_string_full700	ot_nolit__to__intogen2024	target
BMP6	2	1	intogen2024	native_string_full700	ot_nolit__to__intogen2024	target
CRLF2	2	1	intogen2024	native_string_full700	ot_nolit__to__intogen2024	target
GNA11	2	1	intogen2024	native_string_full700	ot_nolit__to__intogen2024	target
MAPK1	2	1	intogen2024	native_string_full700	ot_nolit__to__intogen2024	target
NCOA2	2	1	intogen2024	native_string_full700	ot_nolit__to__intogen2024	target
UBE2A	2	1	intogen2024	native_string_full700	ot_nolit__to__intogen2024	target
RBM39	2	1	intogen2024	native_string_full700	ot_nolit__to__intogen2024	target
NFKB2	2	1	intogen2024	native_string_full700	ot_nolit__to__intogen2024	target
ARHGEF12	2	1	intogen2024	native_string_full700	ot_nolit__to__intogen2024	target
GNA13	2	1	intogen2024	native_string_full700	ot_nolit__to__intogen2024	target
UBXN11	2	1	intogen2024	native_string_full700	ot_nolit__to__intogen2024	target
USP9X	2	1	intogen2024	native_string_full700	ot_nolit__to__intogen2024	target
MDM2	2	1	intogen2024	native_string_full700	ot_nolit__to__intogen2024	target
NKTR	2	1	intogen2024	native_string_full700	ot_nolit__to__intogen2024	target
GNAI2	2	1	intogen2024	native_string_full700	ot_nolit__to__intogen2024	target
ZNF274	2	1	intogen2024	native_string_full700	ot_nolit__to__intogen2024	target
ZNF395	2	1	intogen2024	native_string_full700	ot_nolit__to__intogen2024	target
KNL1	2	1	intogen2024	native_string_full700	ot_nolit__to__intogen2024	target
H4C9	2	1	intogen2024	native_string_full700	ot_nolit__to__intogen2024	target
AKT1	2	1	intogen2024	native_string_full700	ot_nolit__to__intogen2024	target
HSP90AB1	2	1	intogen2024	native_string_full700	ot_nolit__to__intogen2024	target
KEAP1	2	1	intogen2024	native_string_full700	ot_nolit__to__intogen2024	target
RSPO2	2	1	intogen2024	native_string_full700	ot_nolit__to__intogen2024	target
SIN3A	2	1	intogen2024	native_string_full700	ot_nolit__to__intogen2024	target
PTPN3	2	1	intogen2024	native_string_full700	ot_nolit__to__intogen2024	target
EPHA3	2	1	intogen2024	native_string_full700	ot_nolit__to__intogen2024	target
CEP89	2	1	intogen2024	native_string_full700	ot_nolit__to__intogen2024	target
MLLT1	2	1	intogen2024	native_string_full700	ot_nolit__to__intogen2024	target
TNFAIP3	2	1	intogen2024	native_string_full700	ot_nolit__to__intogen2024	target
PCBP1	2	1	intogen2024	native_string_full700	ot_nolit__to__intogen2024	target
MYC	2	1	intogen2024	native_string_full700	ot_nolit__to__intogen2024	target
COL2A1	2	1	intogen2024	native_string_full700	ot_nolit__to__intogen2024	target
NSD3	2	1	intogen2024	native_string_full700	ot_nolit__to__intogen2024	target
GTF2I	2	1	intogen2024	native_string_full700	ot_nolit__to__intogen2024	target
MLLT3	2	1	intogen2024	native_string_full700	ot_nolit__to__intogen2024	target
MECOM	2	1	intogen2024	native_string_full700	ot_nolit__to__intogen2024	target
RRN3	2	1	intogen2024	native_string_full700	ot_nolit__to__intogen2024	target
PTPRT	2	1	intogen2024	native_string_full700	ot_nolit__to__intogen2024	target
TP63	2	1	intogen2024	native_string_full700	ot_nolit__to__intogen2024	target
KDM5C	2	1	intogen2024	native_string_full700	ot_nolit__to__intogen2024	target
ZCCHC8	2	1	intogen2024	native_string_full700	ot_nolit__to__intogen2024	target
THRAP3	2	1	intogen2024	native_string_full700	ot_nolit__to__intogen2024	target
PRKCD	2	1	intogen2024	native_string_full700	ot_nolit__to__intogen2024	target
PCM1	2	1	intogen2024	native_string_full700	ot_nolit__to__intogen2024	target
RAP1GDS1	2	1	intogen2024	native_string_full700	ot_nolit__to__intogen2024	target
ELF4	2	1	intogen2024	native_string_full700	ot_nolit__to__intogen2024	target
ZBTB16	2	1	intogen2024	native_string_full700	ot_nolit__to__intogen2024	target
TAL1	2	1	intogen2024	native_string_full700	ot_nolit__to__intogen2024	target
RPL10	2	1	intogen2024	native_string_full700	ot_nolit__to__intogen2024	target
POU2F2	2	1	intogen2024	native_string_full700	ot_nolit__to__intogen2024	target
VAV1	2	1	intogen2024	native_string_full700	ot_nolit__to__intogen2024	target
KMT2B	2	1	intogen2024	native_string_full700	ot_nolit__to__intogen2024	target
RAD21	2	1	intogen2024	native_string_full700	ot_nolit__to__intogen2024	target
HSPG2	2	1	intogen2024	native_string_full700	ot_nolit__to__intogen2024	target
DDB2	2	1	intogen2024	native_string_full700	ot_nolit__to__intogen2024	target
MED12	2	1	intogen2024	native_string_full700	ot_nolit__to__intogen2024	target
SP140	2	1	intogen2024	native_string_full700	ot_nolit__to__intogen2024	target
RANBP2	2	1	intogen2024	native_string_full700	ot_nolit__to__intogen2024	target
TAF15	2	1	intogen2024	native_string_full700	ot_nolit__to__intogen2024	target
CSPG4	2	1	intogen2024	native_string_full700	ot_nolit__to__intogen2024	target
IL6ST	2	1	intogen2024	native_string_full700	ot_nolit__to__intogen2024	target
GATA3	2	1	intogen2024	native_string_full700	ot_nolit__to__intogen2024	target
PDZD2	2	1	intogen2024	native_string_full700	ot_nolit__to__intogen2024	target
ACSL3	2	1	intogen2024	native_string_full700	ot_nolit__to__intogen2024	target
PICALM	2	1	intogen2024	native_string_full700	ot_nolit__to__intogen2024	target
KAT6A	2	1	intogen2024	native_string_full700	ot_nolit__to__intogen2024	target
PRKCB	2	1	intogen2024	native_string_full700	ot_nolit__to__intogen2024	target
EPAS1	2	1	intogen2024	native_string_full700	ot_nolit__to__intogen2024	target
PTPN14	2	1	intogen2024	native_string_full700	ot_nolit__to__intogen2024	target
CBLB	2	1	intogen2024	native_string_full700	ot_nolit__to__intogen2024	target
EFTUD2	2	1	intogen2024	native_string_full700	ot_nolit__to__intogen2024	target
KMT2A	2	1	intogen2024	native_string_full700	ot_nolit__to__intogen2024	target
ZBTB20	2	1	intogen2024	native_string_full700	ot_nolit__to__intogen2024	target
RRAGC	2	1	intogen2024	native_string_full700	ot_nolit__to__intogen2024	target
CDKN2C	2	1	intogen2024	native_string_full700	ot_nolit__to__intogen2024	target
RUNX1	2	1	intogen2024	native_string_full700	ot_nolit__to__intogen2024	target
CD79B	2	1	intogen2024	native_string_full700	ot_nolit__to__intogen2024	target
FOXL2	2	1	intogen2024	native_string_full700	ot_nolit__to__intogen2024	target
TENT5C	2	1	intogen2024	native_string_full700	ot_nolit__to__intogen2024	target
SLC34A2	2	1	intogen2024	native_string_full700	ot_nolit__to__intogen2024	target
NUP98	2	1	intogen2024	native_string_full700	ot_nolit__to__intogen2024	target
CIC	2	1	intogen2024	native_string_full700	ot_nolit__to__intogen2024	target
MYH11	2	1	intogen2024	native_string_full700	ot_nolit__to__intogen2024	target
BRD7	2	1	intogen2024	native_string_full700	ot_nolit__to__intogen2024	target
EGR2	2	1	intogen2024	native_string_full700	ot_nolit__to__intogen2024	target
RBM38	2	1	intogen2024	native_string_full700	ot_nolit__to__intogen2024	target
NUMA1	2	1	intogen2024	native_string_full700	ot_nolit__to__intogen2024	target
EIF1AX	2	1	intogen2024	native_string_full700	ot_nolit__to__intogen2024	target
CCND3	2	1	intogen2024	native_string_full700	ot_nolit__to__intogen2024	target
ID3	2	1	intogen2024	native_string_full700	ot_nolit__to__intogen2024	target
CSMD3	2	1	intogen2024	native_string_full700	ot_nolit__to__intogen2024	target
SMARCD1	2	1	intogen2024	native_string_full700	ot_nolit__to__intogen2024	target
USP8	2	1	intogen2024	native_string_full700	ot_nolit__to__intogen2024	target
PIK3CB	2	1	intogen2024	native_string_full700	ot_nolit__to__intogen2024	target
ARAF	2	1	intogen2024	native_string_full700	ot_nolit__to__intogen2024	target
NTRK2	2	1	intogen2024	native_string_full700	ot_nolit__to__intogen2024	target
DUSP16	2	1	intogen2024	native_string_full700	ot_nolit__to__intogen2024	target
ASXL2	2	1	intogen2024	native_string_full700	ot_nolit__to__intogen2024	target
PRKD2	2	1	intogen2024	native_string_full700	ot_nolit__to__intogen2024	target
PIM1	2	1	intogen2024	native_string_full700	ot_nolit__to__intogen2024	target
TFAP2C	2	0	intogen2024	native_string_full700	ot_nolit__to__intogen2024	background
NEDD9	2	0	intogen2024	native_string_full700	ot_nolit__to__intogen2024	background
EIF4EBP1	2	0	intogen2024	native_string_full700	ot_nolit__to__intogen2024	background
GLRA1	2	0	intogen2024	native_string_full700	ot_nolit__to__intogen2024	background
RILPL2	2	0	intogen2024	native_string_full700	ot_nolit__to__intogen2024	background
METTL23	2	0	intogen2024	native_string_full700	ot_nolit__to__intogen2024	background
LRATD2	2	0	intogen2024	native_string_full700	ot_nolit__to__intogen2024	background
PRORP	2	0	intogen2024	native_string_full700	ot_nolit__to__intogen2024	background
RDH13	2	0	intogen2024	native_string_full700	ot_nolit__to__intogen2024	background
AP3M1	2	0	intogen2024	native_string_full700	ot_nolit__to__intogen2024	background
ATF1	2	0	intogen2024	native_string_full700	ot_nolit__to__intogen2024	background
ZNF593	2	0	intogen2024	native_string_full700	ot_nolit__to__intogen2024	background
UGT8	2	0	intogen2024	native_string_full700	ot_nolit__to__intogen2024	background
ETDC	2	0	intogen2024	native_string_full700	ot_nolit__to__intogen2024	background
NHLH1	2	0	intogen2024	native_string_full700	ot_nolit__to__intogen2024	background
ABI2	2	0	intogen2024	native_string_full700	ot_nolit__to__intogen2024	background
CDCA4	2	0	intogen2024	native_string_full700	ot_nolit__to__intogen2024	background
PRR20D	2	0	intogen2024	native_string_full700	ot_nolit__to__intogen2024	background
TAS2R41	2	0	intogen2024	native_string_full700	ot_nolit__to__intogen2024	background
CD40LG	2	0	intogen2024	native_string_full700	ot_nolit__to__intogen2024	background
CFAP100	2	0	intogen2024	native_string_full700	ot_nolit__to__intogen2024	background
GPT2	2	0	intogen2024	native_string_full700	ot_nolit__to__intogen2024	background
S100A10	2	0	intogen2024	native_string_full700	ot_nolit__to__intogen2024	background
CCDC84	2	0	intogen2024	native_string_full700	ot_nolit__to__intogen2024	background
TBC1D24	2	0	intogen2024	native_string_full700	ot_nolit__to__intogen2024	background
EFNB1	2	0	intogen2024	native_string_full700	ot_nolit__to__intogen2024	background
BNIP2	2	0	intogen2024	native_string_full700	ot_nolit__to__intogen2024	background
TADA2B	2	0	intogen2024	native_string_full700	ot_nolit__to__intogen2024	background
DSG1	2	0	intogen2024	native_string_full700	ot_nolit__to__intogen2024	background
PHKB	2	0	intogen2024	native_string_full700	ot_nolit__to__intogen2024	background
ALG2	2	0	intogen2024	native_string_full700	ot_nolit__to__intogen2024	background
CYP3A4	2	0	intogen2024	native_string_full700	ot_nolit__to__intogen2024	background
ARL16	2	0	intogen2024	native_string_full700	ot_nolit__to__intogen2024	background
CCNG1	2	0	intogen2024	native_string_full700	ot_nolit__to__intogen2024	background
MPP3	2	0	intogen2024	native_string_full700	ot_nolit__to__intogen2024	background
OR51Q1	2	0	intogen2024	native_string_full700	ot_nolit__to__intogen2024	background
CENPO	2	0	intogen2024	native_string_full700	ot_nolit__to__intogen2024	background
CAPN10	2	0	intogen2024	native_string_full700	ot_nolit__to__intogen2024	background
CACNG8	2	0	intogen2024	native_string_full700	ot_nolit__to__intogen2024	background
HTN3	2	0	intogen2024	native_string_full700	ot_nolit__to__intogen2024	background
NRROS	2	0	intogen2024	native_string_full700	ot_nolit__to__intogen2024	background
NCS1	2	0	intogen2024	native_string_full700	ot_nolit__to__intogen2024	background
NSUN4	2	0	intogen2024	native_string_full700	ot_nolit__to__intogen2024	background
HLA-DQA2	2	0	intogen2024	native_string_full700	ot_nolit__to__intogen2024	background
C1orf146	2	0	intogen2024	native_string_full700	ot_nolit__to__intogen2024	background
UBP1	2	0	intogen2024	native_string_full700	ot_nolit__to__intogen2024	background
AP3M2	2	0	intogen2024	native_string_full700	ot_nolit__to__intogen2024	background
PPFIA3	2	0	intogen2024	native_string_full700	ot_nolit__to__intogen2024	background
LTB4R2	2	0	intogen2024	native_string_full700	ot_nolit__to__intogen2024	background
ADH5	2	0	intogen2024	native_string_full700	ot_nolit__to__intogen2024	background
SGSM2	2	0	intogen2024	native_string_full700	ot_nolit__to__intogen2024	background
HSD11B1L	2	0	intogen2024	native_string_full700	ot_nolit__to__intogen2024	background
ATG16L2	2	0	intogen2024	native_string_full700	ot_nolit__to__intogen2024	background
PRDX6	2	0	intogen2024	native_string_full700	ot_nolit__to__intogen2024	background
PADI6	2	0	intogen2024	native_string_full700	ot_nolit__to__intogen2024	background
PIK3C2G	2	0	intogen2024	native_string_full700	ot_nolit__to__intogen2024	background
KRTAP9-8	2	0	intogen2024	native_string_full700	ot_nolit__to__intogen2024	background
SLC6A18	2	0	intogen2024	native_string_full700	ot_nolit__to__intogen2024	background
ASCC3	2	0	intogen2024	native_string_full700	ot_nolit__to__intogen2024	background
POLR2G	2	0	intogen2024	native_string_full700	ot_nolit__to__intogen2024	background
SREBF1	2	0	intogen2024	native_string_full700	ot_nolit__to__intogen2024	background
CLPP	2	0	intogen2024	native_string_full700	ot_nolit__to__intogen2024	background
MASP1	2	0	intogen2024	native_string_full700	ot_nolit__to__intogen2024	background
CGGBP1	2	0	intogen2024	native_string_full700	ot_nolit__to__intogen2024	background
B4GALT5	2	0	intogen2024	native_string_full700	ot_nolit__to__intogen2024	background
SCGB3A1	2	0	intogen2024	native_string_full700	ot_nolit__to__intogen2024	background
DENND4A	2	0	intogen2024	native_string_full700	ot_nolit__to__intogen2024	background
TIMM8A	2	0	intogen2024	native_string_full700	ot_nolit__to__intogen2024	background
GALNT6	2	0	intogen2024	native_string_full700	ot_nolit__to__intogen2024	background
MAU2	2	0	intogen2024	native_string_full700	ot_nolit__to__intogen2024	background
HNF4G	2	0	intogen2024	native_string_full700	ot_nolit__to__intogen2024	background
USF2	2	0	intogen2024	native_string_full700	ot_nolit__to__intogen2024	background
CALML4	2	0	intogen2024	native_string_full700	ot_nolit__to__intogen2024	background
ATF4	2	0	intogen2024	native_string_full700	ot_nolit__to__intogen2024	background
KRT32	2	0	intogen2024	native_string_full700	ot_nolit__to__intogen2024	background
YARS2	2	0	intogen2024	native_string_full700	ot_nolit__to__intogen2024	background
KCNK3	2	0	intogen2024	native_string_full700	ot_nolit__to__intogen2024	background
TMX1	2	0	intogen2024	native_string_full700	ot_nolit__to__intogen2024	background
FBXW2	2	0	intogen2024	native_string_full700	ot_nolit__to__intogen2024	background
SLC22A4	2	0	intogen2024	native_string_full700	ot_nolit__to__intogen2024	background
NOVA1	2	0	intogen2024	native_string_full700	ot_nolit__to__intogen2024	background
FAM83H	2	0	intogen2024	native_string_full700	ot_nolit__to__intogen2024	background
BTNL9	2	0	intogen2024	native_string_full700	ot_nolit__to__intogen2024	background
KCTD20	2	0	intogen2024	native_string_full700	ot_nolit__to__intogen2024	background
MIF	2	0	intogen2024	native_string_full700	ot_nolit__to__intogen2024	background
RPL7	2	0	intogen2024	native_string_full700	ot_nolit__to__intogen2024	background
KLK7	2	0	intogen2024	native_string_full700	ot_nolit__to__intogen2024	background
ATG13	2	0	intogen2024	native_string_full700	ot_nolit__to__intogen2024	background
TUBA4B	2	0	intogen2024	native_string_full700	ot_nolit__to__intogen2024	background
MYL2	2	0	intogen2024	native_string_full700	ot_nolit__to__intogen2024	background
ENSP00000498408	2	0	intogen2024	native_string_full700	ot_nolit__to__intogen2024	background
ADH1B	2	0	intogen2024	native_string_full700	ot_nolit__to__intogen2024	background
KCNIP1	2	0	intogen2024	native_string_full700	ot_nolit__to__intogen2024	background
NDUFAF1	2	0	intogen2024	native_string_full700	ot_nolit__to__intogen2024	background
SLCO1A2	2	0	intogen2024	native_string_full700	ot_nolit__to__intogen2024	background
PARP15	2	0	intogen2024	native_string_full700	ot_nolit__to__intogen2024	background
MPND	2	0	intogen2024	native_string_full700	ot_nolit__to__intogen2024	background
PRELID3B	2	0	intogen2024	native_string_full700	ot_nolit__to__intogen2024	background
NEUROD6	2	0	intogen2024	native_string_full700	ot_nolit__to__intogen2024	background
NLRP2	2	0	intogen2024	native_string_full700	ot_nolit__to__intogen2024	background
ARFGAP3	2	0	intogen2024	native_string_full700	ot_nolit__to__intogen2024	background
MYNN	2	0	intogen2024	native_string_full700	ot_nolit__to__intogen2024	background
CC2D1B	2	0	intogen2024	native_string_full700	ot_nolit__to__intogen2024	background
GFM1	2	0	intogen2024	native_string_full700	ot_nolit__to__intogen2024	background
HSPA6	2	0	intogen2024	native_string_full700	ot_nolit__to__intogen2024	background
NTAN1	2	0	intogen2024	native_string_full700	ot_nolit__to__intogen2024	background
PTPA	2	0	intogen2024	native_string_full700	ot_nolit__to__intogen2024	background
HPX	2	0	intogen2024	native_string_full700	ot_nolit__to__intogen2024	background
ACMSD	2	0	intogen2024	native_string_full700	ot_nolit__to__intogen2024	background
UBE3C	2	0	intogen2024	native_string_full700	ot_nolit__to__intogen2024	background
GOT1	2	0	intogen2024	native_string_full700	ot_nolit__to__intogen2024	background
CSRNP1	2	0	intogen2024	native_string_full700	ot_nolit__to__intogen2024	background
GGNBP2	2	0	intogen2024	native_string_full700	ot_nolit__to__intogen2024	background
PSD4	2	0	intogen2024	native_string_full700	ot_nolit__to__intogen2024	background
FFAR4	2	0	intogen2024	native_string_full700	ot_nolit__to__intogen2024	background
IL18	2	0	intogen2024	native_string_full700	ot_nolit__to__intogen2024	background
ARGFX	2	0	intogen2024	native_string_full700	ot_nolit__to__intogen2024	background
CAPG	2	0	intogen2024	native_string_full700	ot_nolit__to__intogen2024	background
TRIM63	2	0	intogen2024	native_string_full700	ot_nolit__to__intogen2024	background
SLC1A5	2	0	intogen2024	native_string_full700	ot_nolit__to__intogen2024	background
AMY1B	2	0	intogen2024	native_string_full700	ot_nolit__to__intogen2024	background
NSDHL	2	0	intogen2024	native_string_full700	ot_nolit__to__intogen2024	background
SNTG1	2	0	intogen2024	native_string_full700	ot_nolit__to__intogen2024	background
SHLD2	2	0	intogen2024	native_string_full700	ot_nolit__to__intogen2024	background
SEBOX	2	0	intogen2024	native_string_full700	ot_nolit__to__intogen2024	background
COA7	2	0	intogen2024	native_string_full700	ot_nolit__to__intogen2024	background
PTK7	2	0	intogen2024	native_string_full700	ot_nolit__to__intogen2024	background
NDUFS8	2	0	intogen2024	native_string_full700	ot_nolit__to__intogen2024	background
PNKP	2	0	intogen2024	native_string_full700	ot_nolit__to__intogen2024	background
MIPEP	2	0	intogen2024	native_string_full700	ot_nolit__to__intogen2024	background
TNKS1BP1	2	0	intogen2024	native_string_full700	ot_nolit__to__intogen2024	background
RBM5	2	0	intogen2024	native_string_full700	ot_nolit__to__intogen2024	background
IL1RN	2	0	intogen2024	native_string_full700	ot_nolit__to__intogen2024	background
CLK4	2	0	intogen2024	native_string_full700	ot_nolit__to__intogen2024	background
AK3	2	0	intogen2024	native_string_full700	ot_nolit__to__intogen2024	background
LSP1	2	0	intogen2024	native_string_full700	ot_nolit__to__intogen2024	background
TESC	2	0	intogen2024	native_string_full700	ot_nolit__to__intogen2024	background
CTDP1	2	0	intogen2024	native_string_full700	ot_nolit__to__intogen2024	background
SLC10A2	2	0	intogen2024	native_string_full700	ot_nolit__to__intogen2024	background
HCN2	2	0	intogen2024	native_string_full700	ot_nolit__to__intogen2024	background
STOM	2	0	intogen2024	native_string_full700	ot_nolit__to__intogen2024	background
CRYBG1	2	0	intogen2024	native_string_full700	ot_nolit__to__intogen2024	background
ENO2	2	0	intogen2024	native_string_full700	ot_nolit__to__intogen2024	background
HAUS2	2	0	intogen2024	native_string_full700	ot_nolit__to__intogen2024	background
ZCCHC7	2	0	intogen2024	native_string_full700	ot_nolit__to__intogen2024	background
TRIM74	2	0	intogen2024	native_string_full700	ot_nolit__to__intogen2024	background
ZNF280D	2	0	intogen2024	native_string_full700	ot_nolit__to__intogen2024	background
FITM2	2	0	intogen2024	native_string_full700	ot_nolit__to__intogen2024	background
MPZL3	2	0	intogen2024	native_string_full700	ot_nolit__to__intogen2024	background
OR5M10	2	0	intogen2024	native_string_full700	ot_nolit__to__intogen2024	background
BRIX1	2	0	intogen2024	native_string_full700	ot_nolit__to__intogen2024	background
SMAP2	2	0	intogen2024	native_string_full700	ot_nolit__to__intogen2024	background
IFI6	2	0	intogen2024	native_string_full700	ot_nolit__to__intogen2024	background
LDLRAP1	2	0	intogen2024	native_string_full700	ot_nolit__to__intogen2024	background
DAAM1	2	0	intogen2024	native_string_full700	ot_nolit__to__intogen2024	background
CYP4F11	2	0	intogen2024	native_string_full700	ot_nolit__to__intogen2024	background
OSGEPL1	2	0	intogen2024	native_string_full700	ot_nolit__to__intogen2024	background
MBD3L3	2	0	intogen2024	native_string_full700	ot_nolit__to__intogen2024	background
SPDYE16	2	0	intogen2024	native_string_full700	ot_nolit__to__intogen2024	background
CALM2	2	0	intogen2024	native_string_full700	ot_nolit__to__intogen2024	background
ST3GAL6	2	0	intogen2024	native_string_full700	ot_nolit__to__intogen2024	background
CATSPERB	2	0	intogen2024	native_string_full700	ot_nolit__to__intogen2024	background
KRTAP5-9	2	0	intogen2024	native_string_full700	ot_nolit__to__intogen2024	background
TTC7A	2	0	intogen2024	native_string_full700	ot_nolit__to__intogen2024	background
COL10A1	2	0	intogen2024	native_string_full700	ot_nolit__to__intogen2024	background
RNF125	2	0	intogen2024	native_string_full700	ot_nolit__to__intogen2024	background
SCRN2	2	0	intogen2024	native_string_full700	ot_nolit__to__intogen2024	background
OSR2	2	0	intogen2024	native_string_full700	ot_nolit__to__intogen2024	background
KLK1	2	0	intogen2024	native_string_full700	ot_nolit__to__intogen2024	background
FAM227B	2	0	intogen2024	native_string_full700	ot_nolit__to__intogen2024	background
PMCH	2	0	intogen2024	native_string_full700	ot_nolit__to__intogen2024	background
FAM126A	2	0	intogen2024	native_string_full700	ot_nolit__to__intogen2024	background
ZNF195	2	0	intogen2024	native_string_full700	ot_nolit__to__intogen2024	background
GAGE13	2	0	intogen2024	native_string_full700	ot_nolit__to__intogen2024	background
KLK4	2	0	intogen2024	native_string_full700	ot_nolit__to__intogen2024	background
CFHR3	2	0	intogen2024	native_string_full700	ot_nolit__to__intogen2024	background
OR6C2	2	0	intogen2024	native_string_full700	ot_nolit__to__intogen2024	background
GRB14	2	0	intogen2024	native_string_full700	ot_nolit__to__intogen2024	background
KCNN1	2	0	intogen2024	native_string_full700	ot_nolit__to__intogen2024	background
SMG6	2	0	intogen2024	native_string_full700	ot_nolit__to__intogen2024	background
STXBP4	2	0	intogen2024	native_string_full700	ot_nolit__to__intogen2024	background
TTC9C	2	0	intogen2024	native_string_full700	ot_nolit__to__intogen2024	background
C1QB	2	0	intogen2024	native_string_full700	ot_nolit__to__intogen2024	background
CENPA	2	0	intogen2024	native_string_full700	ot_nolit__to__intogen2024	background
CCN4	2	0	intogen2024	native_string_full700	ot_nolit__to__intogen2024	background
TXNDC11	2	0	intogen2024	native_string_full700	ot_nolit__to__intogen2024	background
TAS2R7	2	0	intogen2024	native_string_full700	ot_nolit__to__intogen2024	background
SIGLEC15	2	0	intogen2024	native_string_full700	ot_nolit__to__intogen2024	background
LYPLA1	2	0	intogen2024	native_string_full700	ot_nolit__to__intogen2024	background
CBY1	2	0	intogen2024	native_string_full700	ot_nolit__to__intogen2024	background
HSPB2	2	0	intogen2024	native_string_full700	ot_nolit__to__intogen2024	background
PNLIP	2	0	intogen2024	native_string_full700	ot_nolit__to__intogen2024	background
HHLA3	2	0	intogen2024	native_string_full700	ot_nolit__to__intogen2024	background
FAM117B	2	0	intogen2024	native_string_full700	ot_nolit__to__intogen2024	background
OR5D16	2	0	intogen2024	native_string_full700	ot_nolit__to__intogen2024	background
HNRNPK	2	0	intogen2024	native_string_full700	ot_nolit__to__intogen2024	background
ALG8	2	0	intogen2024	native_string_full700	ot_nolit__to__intogen2024	background
PDGFA	2	0	intogen2024	native_string_full700	ot_nolit__to__intogen2024	background
NCOA4	2	0	intogen2024	native_string_full700	ot_nolit__to__intogen2024	background
RAB7B	2	0	intogen2024	native_string_full700	ot_nolit__to__intogen2024	background
SALL4	3	1	intogen2024	native_string_full700	ot_nolit__to__intogen2024	target
BRD4	3	1	intogen2024	native_string_full700	ot_nolit__to__intogen2024	target
BTG2	3	1	intogen2024	native_string_full700	ot_nolit__to__intogen2024	target
FAS	3	1	intogen2024	native_string_full700	ot_nolit__to__intogen2024	target
CASP8	3	1	intogen2024	native_string_full700	ot_nolit__to__intogen2024	target
ATP2B3	3	1	intogen2024	native_string_full700	ot_nolit__to__intogen2024	target
NPRL2	3	1	intogen2024	native_string_full700	ot_nolit__to__intogen2024	target
TCL1A	3	1	intogen2024	native_string_full700	ot_nolit__to__intogen2024	target
GPC5	3	1	intogen2024	native_string_full700	ot_nolit__to__intogen2024	target
AFF1	3	1	intogen2024	native_string_full700	ot_nolit__to__intogen2024	target
RHOA	3	1	intogen2024	native_string_full700	ot_nolit__to__intogen2024	target
PABPC1	3	1	intogen2024	native_string_full700	ot_nolit__to__intogen2024	target
NSD2	3	1	intogen2024	native_string_full700	ot_nolit__to__intogen2024	target
ANKRD11	3	1	intogen2024	native_string_full700	ot_nolit__to__intogen2024	target
PTPN11	3	1	intogen2024	native_string_full700	ot_nolit__to__intogen2024	target
SDCBP	3	1	intogen2024	native_string_full700	ot_nolit__to__intogen2024	target
ROBO2	3	1	intogen2024	native_string_full700	ot_nolit__to__intogen2024	target
SGK1	3	1	intogen2024	native_string_full700	ot_nolit__to__intogen2024	target
ITGAV	3	1	intogen2024	native_string_full700	ot_nolit__to__intogen2024	target
PIK3R1	3	1	intogen2024	native_string_full700	ot_nolit__to__intogen2024	target
ZNRF3	3	1	intogen2024	native_string_full700	ot_nolit__to__intogen2024	target
DHX9	3	1	intogen2024	native_string_full700	ot_nolit__to__intogen2024	target
P2RY8	3	1	intogen2024	native_string_full700	ot_nolit__to__intogen2024	target
TNFRSF14	3	1	intogen2024	native_string_full700	ot_nolit__to__intogen2024	target
RNF6	3	1	intogen2024	native_string_full700	ot_nolit__to__intogen2024	target
PRKD1	3	1	intogen2024	native_string_full700	ot_nolit__to__intogen2024	target
DAXX	3	1	intogen2024	native_string_full700	ot_nolit__to__intogen2024	target
PBRM1	3	1	intogen2024	native_string_full700	ot_nolit__to__intogen2024	target
NKX2-1	3	1	intogen2024	native_string_full700	ot_nolit__to__intogen2024	target
ETV4	3	1	intogen2024	native_string_full700	ot_nolit__to__intogen2024	target
ZNF521	3	1	intogen2024	native_string_full700	ot_nolit__to__intogen2024	target
RBM10	3	1	intogen2024	native_string_full700	ot_nolit__to__intogen2024	target
DGCR8	3	1	intogen2024	native_string_full700	ot_nolit__to__intogen2024	target
RRAS2	3	1	intogen2024	native_string_full700	ot_nolit__to__intogen2024	target
CCAR1	3	1	intogen2024	native_string_full700	ot_nolit__to__intogen2024	target
TRAF7	3	1	intogen2024	native_string_full700	ot_nolit__to__intogen2024	target
BCOR	3	1	intogen2024	native_string_full700	ot_nolit__to__intogen2024	target
PTPN13	3	1	intogen2024	native_string_full700	ot_nolit__to__intogen2024	target
TRIM33	3	1	intogen2024	native_string_full700	ot_nolit__to__intogen2024	target
DTX1	3	1	intogen2024	native_string_full700	ot_nolit__to__intogen2024	target
ANK1	3	1	intogen2024	native_string_full700	ot_nolit__to__intogen2024	target
XPO1	3	1	intogen2024	native_string_full700	ot_nolit__to__intogen2024	target
SMC1A	3	1	intogen2024	native_string_full700	ot_nolit__to__intogen2024	target
DCAF12L2	3	1	intogen2024	native_string_full700	ot_nolit__to__intogen2024	target
TFAP4	3	1	intogen2024	native_string_full700	ot_nolit__to__intogen2024	target
EWSR1	3	1	intogen2024	native_string_full700	ot_nolit__to__intogen2024	target
ARHGAP5	3	1	intogen2024	native_string_full700	ot_nolit__to__intogen2024	target
PDCD1LG2	3	1	intogen2024	native_string_full700	ot_nolit__to__intogen2024	target
MPL	3	1	intogen2024	native_string_full700	ot_nolit__to__intogen2024	target
FOXO1	3	1	intogen2024	native_string_full700	ot_nolit__to__intogen2024	target
KDM5A	3	1	intogen2024	native_string_full700	ot_nolit__to__intogen2024	target
SOCS1	3	1	intogen2024	native_string_full700	ot_nolit__to__intogen2024	target
CCR7	3	1	intogen2024	native_string_full700	ot_nolit__to__intogen2024	target
SPOP	3	1	intogen2024	native_string_full700	ot_nolit__to__intogen2024	target
TRRAP	3	1	intogen2024	native_string_full700	ot_nolit__to__intogen2024	target
CDKN1A	3	1	intogen2024	native_string_full700	ot_nolit__to__intogen2024	target
DDX3X	3	1	intogen2024	native_string_full700	ot_nolit__to__intogen2024	target
COL1A1	3	1	intogen2024	native_string_full700	ot_nolit__to__intogen2024	target
ADAMTS9	3	1	intogen2024	native_string_full700	ot_nolit__to__intogen2024	target
TRAF3	3	1	intogen2024	native_string_full700	ot_nolit__to__intogen2024	target
RGPD3	3	1	intogen2024	native_string_full700	ot_nolit__to__intogen2024	target
ZBTB7B	3	1	intogen2024	native_string_full700	ot_nolit__to__intogen2024	target
PLAG1	3	1	intogen2024	native_string_full700	ot_nolit__to__intogen2024	target
HLA-C	3	1	intogen2024	native_string_full700	ot_nolit__to__intogen2024	target
MLLT6	3	1	intogen2024	native_string_full700	ot_nolit__to__intogen2024	target
PSIP1	3	1	intogen2024	native_string_full700	ot_nolit__to__intogen2024	target
NACA	3	1	intogen2024	native_string_full700	ot_nolit__to__intogen2024	target
RPL5	3	1	intogen2024	native_string_full700	ot_nolit__to__intogen2024	target
REST	3	1	intogen2024	native_string_full700	ot_nolit__to__intogen2024	target
PARP4	3	1	intogen2024	native_string_full700	ot_nolit__to__intogen2024	target
CDX2	3	1	intogen2024	native_string_full700	ot_nolit__to__intogen2024	target
CYSLTR2	3	1	intogen2024	native_string_full700	ot_nolit__to__intogen2024	target
KAT6B	3	1	intogen2024	native_string_full700	ot_nolit__to__intogen2024	target
DDX6	3	1	intogen2024	native_string_full700	ot_nolit__to__intogen2024	target
PPP3CA	3	1	intogen2024	native_string_full700	ot_nolit__to__intogen2024	target
STAT6	3	1	intogen2024	native_string_full700	ot_nolit__to__intogen2024	target
CADM2	3	1	intogen2024	native_string_full700	ot_nolit__to__intogen2024	target
NFE2L2	3	1	intogen2024	native_string_full700	ot_nolit__to__intogen2024	target
PEG3	3	1	intogen2024	native_string_full700	ot_nolit__to__intogen2024	target
ZFP36L1	3	1	intogen2024	native_string_full700	ot_nolit__to__intogen2024	target
SETDB1	3	1	intogen2024	native_string_full700	ot_nolit__to__intogen2024	target
ESRRA	3	1	intogen2024	native_string_full700	ot_nolit__to__intogen2024	target
UBR5	3	1	intogen2024	native_string_full700	ot_nolit__to__intogen2024	target
COL6A3	3	1	intogen2024	native_string_full700	ot_nolit__to__intogen2024	target
KAT7	3	1	intogen2024	native_string_full700	ot_nolit__to__intogen2024	target
ZMYM3	3	1	intogen2024	native_string_full700	ot_nolit__to__intogen2024	target
SMO	3	1	intogen2024	native_string_full700	ot_nolit__to__intogen2024	target
ARHGEF10L	3	1	intogen2024	native_string_full700	ot_nolit__to__intogen2024	target
BCORL1	3	1	intogen2024	native_string_full700	ot_nolit__to__intogen2024	target
TNC	3	1	intogen2024	native_string_full700	ot_nolit__to__intogen2024	target
RBM15	3	1	intogen2024	native_string_full700	ot_nolit__to__intogen2024	target
RPL22	3	1	intogen2024	native_string_full700	ot_nolit__to__intogen2024	target
KRAS	3	1	intogen2024	native_string_full700	ot_nolit__to__intogen2024	target
NFKBIA	3	1	intogen2024	native_string_full700	ot_nolit__to__intogen2024	target
ACKR3	3	1	intogen2024	native_string_full700	ot_nolit__to__intogen2024	target
CD58	3	1	intogen2024	native_string_full700	ot_nolit__to__intogen2024	target
MACC1	3	1	intogen2024	native_string_full700	ot_nolit__to__intogen2024	target
HCAR3	3	1	intogen2024	native_string_full700	ot_nolit__to__intogen2024	target
BIRC3	3	1	intogen2024	native_string_full700	ot_nolit__to__intogen2024	target
NBEA	3	1	intogen2024	native_string_full700	ot_nolit__to__intogen2024	target
SUZ12	3	1	intogen2024	native_string_full700	ot_nolit__to__intogen2024	target
MUC6	3	1	intogen2024	native_string_full700	ot_nolit__to__intogen2024	target
CCDC6	3	1	intogen2024	native_string_full700	ot_nolit__to__intogen2024	target
ATF7IP	3	1	intogen2024	native_string_full700	ot_nolit__to__intogen2024	target
ARID2	3	1	intogen2024	native_string_full700	ot_nolit__to__intogen2024	target
MCM7	3	1	intogen2024	native_string_full700	ot_nolit__to__intogen2024	target
GATA2	3	1	intogen2024	native_string_full700	ot_nolit__to__intogen2024	target
CHD7	3	1	intogen2024	native_string_full700	ot_nolit__to__intogen2024	target
FAT2	3	1	intogen2024	native_string_full700	ot_nolit__to__intogen2024	target
PREX2	3	1	intogen2024	native_string_full700	ot_nolit__to__intogen2024	target
DROSHA	3	1	intogen2024	native_string_full700	ot_nolit__to__intogen2024	target
CHD4	3	1	intogen2024	native_string_full700	ot_nolit__to__intogen2024	target
PRDM2	3	1	intogen2024	native_string_full700	ot_nolit__to__intogen2024	target
AFF3	3	1	intogen2024	native_string_full700	ot_nolit__to__intogen2024	target
NSD1	3	1	intogen2024	native_string_full700	ot_nolit__to__intogen2024	target
PRUNE2	3	1	intogen2024	native_string_full700	ot_nolit__to__intogen2024	target
WNK2	3	1	intogen2024	native_string_full700	ot_nolit__to__intogen2024	target
PCMTD1	3	1	intogen2024	native_string_full700	ot_nolit__to__intogen2024	target
BIRC6	3	1	intogen2024	native_string_full700	ot_nolit__to__intogen2024	target
BAZ1A	3	1	intogen2024	native_string_full700	ot_nolit__to__intogen2024	target
CIITA	3	1	intogen2024	native_string_full700	ot_nolit__to__intogen2024	target
HSP90AA1	3	1	intogen2024	native_string_full700	ot_nolit__to__intogen2024	target
ZNF750	3	1	intogen2024	native_string_full700	ot_nolit__to__intogen2024	target
N4BP2	3	1	intogen2024	native_string_full700	ot_nolit__to__intogen2024	target
COL6A6	3	1	intogen2024	native_string_full700	ot_nolit__to__intogen2024	target
BCL9L	3	1	intogen2024	native_string_full700	ot_nolit__to__intogen2024	target
CDK12	3	1	intogen2024	native_string_full700	ot_nolit__to__intogen2024	target
ZNF208	3	1	intogen2024	native_string_full700	ot_nolit__to__intogen2024	target
ZFHX3	3	1	intogen2024	native_string_full700	ot_nolit__to__intogen2024	target
MYCN	3	1	intogen2024	native_string_full700	ot_nolit__to__intogen2024	target
ZRSR2	3	1	intogen2024	native_string_full700	ot_nolit__to__intogen2024	target
CNOT9	3	1	intogen2024	native_string_full700	ot_nolit__to__intogen2024	target
NUP214	3	1	intogen2024	native_string_full700	ot_nolit__to__intogen2024	target
CAMTA1	3	1	intogen2024	native_string_full700	ot_nolit__to__intogen2024	target
ACSM3	3	1	intogen2024	native_string_full700	ot_nolit__to__intogen2024	target
ATR	3	1	intogen2024	native_string_full700	ot_nolit__to__intogen2024	target
ROS1	3	1	intogen2024	native_string_full700	ot_nolit__to__intogen2024	target
SMAD3	3	1	intogen2024	native_string_full700	ot_nolit__to__intogen2024	target
ERCC2	3	1	intogen2024	native_string_full700	ot_nolit__to__intogen2024	target
SOX17	3	1	intogen2024	native_string_full700	ot_nolit__to__intogen2024	target
KDM6A	3	1	intogen2024	native_string_full700	ot_nolit__to__intogen2024	target
FUS	3	1	intogen2024	native_string_full700	ot_nolit__to__intogen2024	target
KLHL6	3	1	intogen2024	native_string_full700	ot_nolit__to__intogen2024	target
FANCA	3	1	intogen2024	native_string_full700	ot_nolit__to__intogen2024	target
MGA	3	1	intogen2024	native_string_full700	ot_nolit__to__intogen2024	target
PTMA	3	1	intogen2024	native_string_full700	ot_nolit__to__intogen2024	target
ERG	3	1	intogen2024	native_string_full700	ot_nolit__to__intogen2024	target
MTOR	3	1	intogen2024	native_string_full700	ot_nolit__to__intogen2024	target
TSHR	3	1	intogen2024	native_string_full700	ot_nolit__to__intogen2024	target
MARK2	3	1	intogen2024	native_string_full700	ot_nolit__to__intogen2024	target
SMARCA2	3	1	intogen2024	native_string_full700	ot_nolit__to__intogen2024	target
MAP2K7	3	1	intogen2024	native_string_full700	ot_nolit__to__intogen2024	target
LSM14A	3	1	intogen2024	native_string_full700	ot_nolit__to__intogen2024	target
ELN	3	1	intogen2024	native_string_full700	ot_nolit__to__intogen2024	target
CANT1	3	1	intogen2024	native_string_full700	ot_nolit__to__intogen2024	target
HLA-DQA1	3	1	intogen2024	native_string_full700	ot_nolit__to__intogen2024	target
PTPRB	3	1	intogen2024	native_string_full700	ot_nolit__to__intogen2024	target
FUBP1	3	1	intogen2024	native_string_full700	ot_nolit__to__intogen2024	target
ACSL6	3	1	intogen2024	native_string_full700	ot_nolit__to__intogen2024	target
LPA	3	1	intogen2024	native_string_full700	ot_nolit__to__intogen2024	target
MAF	3	1	intogen2024	native_string_full700	ot_nolit__to__intogen2024	target
PTPRK	3	1	intogen2024	native_string_full700	ot_nolit__to__intogen2024	target
FOXP1	3	1	intogen2024	native_string_full700	ot_nolit__to__intogen2024	target
EIF3E	3	1	intogen2024	native_string_full700	ot_nolit__to__intogen2024	target
ARNT	3	1	intogen2024	native_string_full700	ot_nolit__to__intogen2024	target
PRDM16	3	1	intogen2024	native_string_full700	ot_nolit__to__intogen2024	target
SMAD2	3	1	intogen2024	native_string_full700	ot_nolit__to__intogen2024	target
HNRNPA2B1	3	1	intogen2024	native_string_full700	ot_nolit__to__intogen2024	target
SIX1	3	1	intogen2024	native_string_full700	ot_nolit__to__intogen2024	target
RPS3A	3	1	intogen2024	native_string_full700	ot_nolit__to__intogen2024	target
TAL2	3	1	intogen2024	native_string_full700	ot_nolit__to__intogen2024	target
TET1	3	1	intogen2024	native_string_full700	ot_nolit__to__intogen2024	target
PWWP2A	3	1	intogen2024	native_string_full700	ot_nolit__to__intogen2024	target
BCL6	3	1	intogen2024	native_string_full700	ot_nolit__to__intogen2024	target
TMPRSS2	3	1	intogen2024	native_string_full700	ot_nolit__to__intogen2024	target
ATP1A1	3	1	intogen2024	native_string_full700	ot_nolit__to__intogen2024	target
RASA1	3	1	intogen2024	native_string_full700	ot_nolit__to__intogen2024	target
TPR	3	1	intogen2024	native_string_full700	ot_nolit__to__intogen2024	target
KLF5	3	1	intogen2024	native_string_full700	ot_nolit__to__intogen2024	target
FCRL4	3	1	intogen2024	native_string_full700	ot_nolit__to__intogen2024	target
RASA2	3	1	intogen2024	native_string_full700	ot_nolit__to__intogen2024	target
CRTC1	3	1	intogen2024	native_string_full700	ot_nolit__to__intogen2024	target
IRS4	3	1	intogen2024	native_string_full700	ot_nolit__to__intogen2024	target
GMPS	3	1	intogen2024	native_string_full700	ot_nolit__to__intogen2024	target
DOT1L	3	1	intogen2024	native_string_full700	ot_nolit__to__intogen2024	target
ESR1	3	1	intogen2024	native_string_full700	ot_nolit__to__intogen2024	target
ALK	3	1	intogen2024	native_string_full700	ot_nolit__to__intogen2024	target
MEF2B	3	1	intogen2024	native_string_full700	ot_nolit__to__intogen2024	target
RELA	3	1	intogen2024	native_string_full700	ot_nolit__to__intogen2024	target
NTRK3	3	1	intogen2024	native_string_full700	ot_nolit__to__intogen2024	target
TRIM49C	3	1	intogen2024	native_string_full700	ot_nolit__to__intogen2024	target
MSI2	3	1	intogen2024	native_string_full700	ot_nolit__to__intogen2024	target
NPM1	3	1	intogen2024	native_string_full700	ot_nolit__to__intogen2024	target
LEF1	3	1	intogen2024	native_string_full700	ot_nolit__to__intogen2024	target
NCAPH	3	1	intogen2024	native_string_full700	ot_nolit__to__intogen2024	target
SIRPA	3	1	intogen2024	native_string_full700	ot_nolit__to__intogen2024	target
MYEOV	3	1	intogen2024	native_string_full700	ot_nolit__to__intogen2024	target
CYLD	3	1	intogen2024	native_string_full700	ot_nolit__to__intogen2024	target
ZEB1	3	1	intogen2024	native_string_full700	ot_nolit__to__intogen2024	target
ABL2	3	1	intogen2024	native_string_full700	ot_nolit__to__intogen2024	target
NUTM1	3	1	intogen2024	native_string_full700	ot_nolit__to__intogen2024	target
EIF4A2	3	1	intogen2024	native_string_full700	ot_nolit__to__intogen2024	target
CYP2C8	3	1	intogen2024	native_string_full700	ot_nolit__to__intogen2024	target
CD209	3	1	intogen2024	native_string_full700	ot_nolit__to__intogen2024	target
NCOR2	3	1	intogen2024	native_string_full700	ot_nolit__to__intogen2024	target
MED23	3	1	intogen2024	native_string_full700	ot_nolit__to__intogen2024	target
FCGR2B	3	1	intogen2024	native_string_full700	ot_nolit__to__intogen2024	target
LDB1	3	1	intogen2024	native_string_full700	ot_nolit__to__intogen2024	target
HGF	3	1	intogen2024	native_string_full700	ot_nolit__to__intogen2024	target
TAF1L	3	1	intogen2024	native_string_full700	ot_nolit__to__intogen2024	target
FGD1	3	1	intogen2024	native_string_full700	ot_nolit__to__intogen2024	target
ATRX	3	1	intogen2024	native_string_full700	ot_nolit__to__intogen2024	target
RBFOX1	3	1	intogen2024	native_string_full700	ot_nolit__to__intogen2024	target
ABCC4	3	1	intogen2024	native_string_full700	ot_nolit__to__intogen2024	target
CARD11	3	1	intogen2024	native_string_full700	ot_nolit__to__intogen2024	target
IRAK1	3	1	intogen2024	native_string_full700	ot_nolit__to__intogen2024	target
NIN	3	1	intogen2024	native_string_full700	ot_nolit__to__intogen2024	target
TCF4	3	1	intogen2024	native_string_full700	ot_nolit__to__intogen2024	target
BTG1	3	1	intogen2024	native_string_full700	ot_nolit__to__intogen2024	target
NFATC2	3	1	intogen2024	native_string_full700	ot_nolit__to__intogen2024	target
FBXW7	3	1	intogen2024	native_string_full700	ot_nolit__to__intogen2024	target
LRIG3	3	1	intogen2024	native_string_full700	ot_nolit__to__intogen2024	target
PTPRC	3	1	intogen2024	native_string_full700	ot_nolit__to__intogen2024	target
GRM3	3	1	intogen2024	native_string_full700	ot_nolit__to__intogen2024	target
PTPN6	3	1	intogen2024	native_string_full700	ot_nolit__to__intogen2024	target
RIPK1	3	1	intogen2024	native_string_full700	ot_nolit__to__intogen2024	target
BCL11B	3	1	intogen2024	native_string_full700	ot_nolit__to__intogen2024	target
CUL3	3	1	intogen2024	native_string_full700	ot_nolit__to__intogen2024	target
TBL1XR1	3	1	intogen2024	native_string_full700	ot_nolit__to__intogen2024	target
MYH9	3	1	intogen2024	native_string_full700	ot_nolit__to__intogen2024	target
BCL7A	3	1	intogen2024	native_string_full700	ot_nolit__to__intogen2024	target
B2M	3	1	intogen2024	native_string_full700	ot_nolit__to__intogen2024	target
ELL	3	1	intogen2024	native_string_full700	ot_nolit__to__intogen2024	target
TGIF1	3	1	intogen2024	native_string_full700	ot_nolit__to__intogen2024	target
ALPK1	3	1	intogen2024	native_string_full700	ot_nolit__to__intogen2024	target
NIPBL	3	1	intogen2024	native_string_full700	ot_nolit__to__intogen2024	target
DCC	3	1	intogen2024	native_string_full700	ot_nolit__to__intogen2024	target
TFRC	3	1	intogen2024	native_string_full700	ot_nolit__to__intogen2024	target
TCF12	3	1	intogen2024	native_string_full700	ot_nolit__to__intogen2024	target
GPAA1	3	1	intogen2024	native_string_full700	ot_nolit__to__intogen2024	target
FAT4	3	1	intogen2024	native_string_full700	ot_nolit__to__intogen2024	target
EZH2	3	1	intogen2024	native_string_full700	ot_nolit__to__intogen2024	target
INPPL1	3	1	intogen2024	native_string_full700	ot_nolit__to__intogen2024	target
CTCF	3	1	intogen2024	native_string_full700	ot_nolit__to__intogen2024	target
CCND1	3	1	intogen2024	native_string_full700	ot_nolit__to__intogen2024	target
HIP1	3	1	intogen2024	native_string_full700	ot_nolit__to__intogen2024	target
CCND2	3	1	intogen2024	native_string_full700	ot_nolit__to__intogen2024	target
CTNNA2	3	1	intogen2024	native_string_full700	ot_nolit__to__intogen2024	target
CBFB	3	1	intogen2024	native_string_full700	ot_nolit__to__intogen2024	target
SETD1B	3	1	intogen2024	native_string_full700	ot_nolit__to__intogen2024	target
JAK3	3	1	intogen2024	native_string_full700	ot_nolit__to__intogen2024	target
PER3	3	1	intogen2024	native_string_full700	ot_nolit__to__intogen2024	target
ZNF93	3	1	intogen2024	native_string_full700	ot_nolit__to__intogen2024	target
ELF3	3	1	intogen2024	native_string_full700	ot_nolit__to__intogen2024	target
KDM3B	3	1	intogen2024	native_string_full700	ot_nolit__to__intogen2024	target
ARID1B	3	1	intogen2024	native_string_full700	ot_nolit__to__intogen2024	target
PTK6	3	1	intogen2024	native_string_full700	ot_nolit__to__intogen2024	target
PRDM1	3	1	intogen2024	native_string_full700	ot_nolit__to__intogen2024	target
PI4KA	3	1	intogen2024	native_string_full700	ot_nolit__to__intogen2024	target
BCL10	3	1	intogen2024	native_string_full700	ot_nolit__to__intogen2024	target
CDH11	3	1	intogen2024	native_string_full700	ot_nolit__to__intogen2024	target
NT5C3A	3	1	intogen2024	native_string_full700	ot_nolit__to__intogen2024	target
TCF7L2	3	1	intogen2024	native_string_full700	ot_nolit__to__intogen2024	target
ZBTB48	3	1	intogen2024	native_string_full700	ot_nolit__to__intogen2024	target
FOXO3	3	1	intogen2024	native_string_full700	ot_nolit__to__intogen2024	target
RNF213	3	1	intogen2024	native_string_full700	ot_nolit__to__intogen2024	target
KNSTRN	3	1	intogen2024	native_string_full700	ot_nolit__to__intogen2024	target
EPS15	3	1	intogen2024	native_string_full700	ot_nolit__to__intogen2024	target
FHIT	3	1	intogen2024	native_string_full700	ot_nolit__to__intogen2024	target
PSPC1	3	1	intogen2024	native_string_full700	ot_nolit__to__intogen2024	target
IKZF1	3	1	intogen2024	native_string_full700	ot_nolit__to__intogen2024	target
U2AF1	3	1	intogen2024	native_string_full700	ot_nolit__to__intogen2024	target
ARHGEF10	3	1	intogen2024	native_string_full700	ot_nolit__to__intogen2024	target
KLF4	3	1	intogen2024	native_string_full700	ot_nolit__to__intogen2024	target
HRAS	3	1	intogen2024	native_string_full700	ot_nolit__to__intogen2024	target
PLXNC1	3	1	intogen2024	native_string_full700	ot_nolit__to__intogen2024	target
GRIN2A	3	1	intogen2024	native_string_full700	ot_nolit__to__intogen2024	target
ACVR2A	3	1	intogen2024	native_string_full700	ot_nolit__to__intogen2024	target
FBLN2	3	1	intogen2024	native_string_full700	ot_nolit__to__intogen2024	target
IDH2	3	1	intogen2024	native_string_full700	ot_nolit__to__intogen2024	target
USP7	3	1	intogen2024	native_string_full700	ot_nolit__to__intogen2024	target
LATS2	3	1	intogen2024	native_string_full700	ot_nolit__to__intogen2024	target
SRGAP3	3	1	intogen2024	native_string_full700	ot_nolit__to__intogen2024	target
FGFR2	3	1	intogen2024	native_string_full700	ot_nolit__to__intogen2024	target
CACNA1D	3	1	intogen2024	native_string_full700	ot_nolit__to__intogen2024	target
GNAQ	3	1	intogen2024	native_string_full700	ot_nolit__to__intogen2024	target
IRF1	3	1	intogen2024	native_string_full700	ot_nolit__to__intogen2024	target
ALDH2	3	1	intogen2024	native_string_full700	ot_nolit__to__intogen2024	target
ING1	3	1	intogen2024	native_string_full700	ot_nolit__to__intogen2024	target
FAT1	3	1	intogen2024	native_string_full700	ot_nolit__to__intogen2024	target
SH2B3	3	1	intogen2024	native_string_full700	ot_nolit__to__intogen2024	target
GLI1	3	1	intogen2024	native_string_full700	ot_nolit__to__intogen2024	target
KMT5A	3	1	intogen2024	native_string_full700	ot_nolit__to__intogen2024	target
IL7R	3	1	intogen2024	native_string_full700	ot_nolit__to__intogen2024	target
HIF1A	3	1	intogen2024	native_string_full700	ot_nolit__to__intogen2024	target
IKZF3	3	1	intogen2024	native_string_full700	ot_nolit__to__intogen2024	target
MALT1	3	1	intogen2024	native_string_full700	ot_nolit__to__intogen2024	target
ARHGAP35	3	1	intogen2024	native_string_full700	ot_nolit__to__intogen2024	target
PHF6	3	1	intogen2024	native_string_full700	ot_nolit__to__intogen2024	target
H3-3A	3	1	intogen2024	native_string_full700	ot_nolit__to__intogen2024	target
GNAS	3	1	intogen2024	native_string_full700	ot_nolit__to__intogen2024	target
HLA-A	3	1	intogen2024	native_string_full700	ot_nolit__to__intogen2024	target
TEC	3	1	intogen2024	native_string_full700	ot_nolit__to__intogen2024	target
HOXC13	3	1	intogen2024	native_string_full700	ot_nolit__to__intogen2024	target
LIFR	3	1	intogen2024	native_string_full700	ot_nolit__to__intogen2024	target
ETV1	3	1	intogen2024	native_string_full700	ot_nolit__to__intogen2024	target
LATS1	3	1	intogen2024	native_string_full700	ot_nolit__to__intogen2024	target
EBF1	3	1	intogen2024	native_string_full700	ot_nolit__to__intogen2024	target
MSN	3	1	intogen2024	native_string_full700	ot_nolit__to__intogen2024	target
RHPN2	3	1	intogen2024	native_string_full700	ot_nolit__to__intogen2024	target
TBX3	3	1	intogen2024	native_string_full700	ot_nolit__to__intogen2024	target
MDGA2	3	1	intogen2024	native_string_full700	ot_nolit__to__intogen2024	target
ERCC3	3	1	intogen2024	native_string_full700	ot_nolit__to__intogen2024	target
DIS3	3	1	intogen2024	native_string_full700	ot_nolit__to__intogen2024	target
RAC1	3	1	intogen2024	native_string_full700	ot_nolit__to__intogen2024	target
CBL	3	1	intogen2024	native_string_full700	ot_nolit__to__intogen2024	target
SOX9	3	1	intogen2024	native_string_full700	ot_nolit__to__intogen2024	target
U2AF2	3	1	intogen2024	native_string_full700	ot_nolit__to__intogen2024	target
CDH10	3	1	intogen2024	native_string_full700	ot_nolit__to__intogen2024	target
SETBP1	3	1	intogen2024	native_string_full700	ot_nolit__to__intogen2024	target
HLA-B	3	1	intogen2024	native_string_full700	ot_nolit__to__intogen2024	target
WWTR1	3	1	intogen2024	native_string_full700	ot_nolit__to__intogen2024	target
LRP1B	3	1	intogen2024	native_string_full700	ot_nolit__to__intogen2024	target
CTNND2	3	1	intogen2024	native_string_full700	ot_nolit__to__intogen2024	target
SETD2	3	1	intogen2024	native_string_full700	ot_nolit__to__intogen2024	target
USP6	3	1	intogen2024	native_string_full700	ot_nolit__to__intogen2024	target
NFKBIE	3	1	intogen2024	native_string_full700	ot_nolit__to__intogen2024	target
FOXA2	3	1	intogen2024	native_string_full700	ot_nolit__to__intogen2024	target
ZCRB1	3	1	intogen2024	native_string_full700	ot_nolit__to__intogen2024	target
CMTR2	3	1	intogen2024	native_string_full700	ot_nolit__to__intogen2024	target
IKBKB	3	1	intogen2024	native_string_full700	ot_nolit__to__intogen2024	target
MIB2	3	1	intogen2024	native_string_full700	ot_nolit__to__intogen2024	target
CCNT1	3	1	intogen2024	native_string_full700	ot_nolit__to__intogen2024	target
ACVR1B	3	1	intogen2024	native_string_full700	ot_nolit__to__intogen2024	target
CNOT3	3	1	intogen2024	native_string_full700	ot_nolit__to__intogen2024	target
POLQ	3	1	intogen2024	native_string_full700	ot_nolit__to__intogen2024	target
CLTCL1	3	1	intogen2024	native_string_full700	ot_nolit__to__intogen2024	target
AJUBA	3	1	intogen2024	native_string_full700	ot_nolit__to__intogen2024	target
CPEB3	3	1	intogen2024	native_string_full700	ot_nolit__to__intogen2024	target
PML	3	1	intogen2024	native_string_full700	ot_nolit__to__intogen2024	target
MYO5A	3	1	intogen2024	native_string_full700	ot_nolit__to__intogen2024	target
CASZ1	3	1	intogen2024	native_string_full700	ot_nolit__to__intogen2024	target
SOX21	3	1	intogen2024	native_string_full700	ot_nolit__to__intogen2024	target
NOTCH2	3	1	intogen2024	native_string_full700	ot_nolit__to__intogen2024	target
PTPRD	3	1	intogen2024	native_string_full700	ot_nolit__to__intogen2024	target
RGS7	3	1	intogen2024	native_string_full700	ot_nolit__to__intogen2024	target
BCL11A	3	1	intogen2024	native_string_full700	ot_nolit__to__intogen2024	target
SHTN1	3	1	intogen2024	native_string_full700	ot_nolit__to__intogen2024	target
ELK4	3	1	intogen2024	native_string_full700	ot_nolit__to__intogen2024	target
PAX5	3	1	intogen2024	native_string_full700	ot_nolit__to__intogen2024	target
JAK2	3	1	intogen2024	native_string_full700	ot_nolit__to__intogen2024	target
KLF6	3	1	intogen2024	native_string_full700	ot_nolit__to__intogen2024	target
PPP6C	3	1	intogen2024	native_string_full700	ot_nolit__to__intogen2024	target
BCL9	3	1	intogen2024	native_string_full700	ot_nolit__to__intogen2024	target
FAT3	3	1	intogen2024	native_string_full700	ot_nolit__to__intogen2024	target
FBN2	3	1	intogen2024	native_string_full700	ot_nolit__to__intogen2024	target
DDR2	3	1	intogen2024	native_string_full700	ot_nolit__to__intogen2024	target
H3C2	3	1	intogen2024	native_string_full700	ot_nolit__to__intogen2024	target
FMN2	3	1	intogen2024	native_string_full700	ot_nolit__to__intogen2024	target
SPEN	3	1	intogen2024	native_string_full700	ot_nolit__to__intogen2024	target
WNT1	3	1	intogen2024	native_string_full700	ot_nolit__to__intogen2024	target
AFF4	3	1	intogen2024	native_string_full700	ot_nolit__to__intogen2024	target
RUNX1T1	3	1	intogen2024	native_string_full700	ot_nolit__to__intogen2024	target
GSK3B	3	1	intogen2024	native_string_full700	ot_nolit__to__intogen2024	target
NCOA1	3	1	intogen2024	native_string_full700	ot_nolit__to__intogen2024	target
NCKIPSD	3	1	intogen2024	native_string_full700	ot_nolit__to__intogen2024	target
TMSB4X	3	1	intogen2024	native_string_full700	ot_nolit__to__intogen2024	target
AFDN	3	1	intogen2024	native_string_full700	ot_nolit__to__intogen2024	target
DSP	3	1	intogen2024	native_string_full700	ot_nolit__to__intogen2024	target
SAMHD1	3	1	intogen2024	native_string_full700	ot_nolit__to__intogen2024	target
NRAS	3	1	intogen2024	native_string_full700	ot_nolit__to__intogen2024	target
BCL2	3	1	intogen2024	native_string_full700	ot_nolit__to__intogen2024	target
BCLAF1	3	1	intogen2024	native_string_full700	ot_nolit__to__intogen2024	target
ETV5	3	1	intogen2024	native_string_full700	ot_nolit__to__intogen2024	target
NVL	3	1	intogen2024	native_string_full700	ot_nolit__to__intogen2024	target
NXF1	3	1	intogen2024	native_string_full700	ot_nolit__to__intogen2024	target
BMP6	3	1	intogen2024	native_string_full700	ot_nolit__to__intogen2024	target
CRLF2	3	1	intogen2024	native_string_full700	ot_nolit__to__intogen2024	target
GNA11	3	1	intogen2024	native_string_full700	ot_nolit__to__intogen2024	target
MAPK1	3	1	intogen2024	native_string_full700	ot_nolit__to__intogen2024	target
NCOA2	3	1	intogen2024	native_string_full700	ot_nolit__to__intogen2024	target
UBE2A	3	1	intogen2024	native_string_full700	ot_nolit__to__intogen2024	target
RBM39	3	1	intogen2024	native_string_full700	ot_nolit__to__intogen2024	target
NFKB2	3	1	intogen2024	native_string_full700	ot_nolit__to__intogen2024	target
ARHGEF12	3	1	intogen2024	native_string_full700	ot_nolit__to__intogen2024	target
GNA13	3	1	intogen2024	native_string_full700	ot_nolit__to__intogen2024	target
UBXN11	3	1	intogen2024	native_string_full700	ot_nolit__to__intogen2024	target
USP9X	3	1	intogen2024	native_string_full700	ot_nolit__to__intogen2024	target
MDM2	3	1	intogen2024	native_string_full700	ot_nolit__to__intogen2024	target
NKTR	3	1	intogen2024	native_string_full700	ot_nolit__to__intogen2024	target
GNAI2	3	1	intogen2024	native_string_full700	ot_nolit__to__intogen2024	target
ZNF274	3	1	intogen2024	native_string_full700	ot_nolit__to__intogen2024	target
ZNF395	3	1	intogen2024	native_string_full700	ot_nolit__to__intogen2024	target
KNL1	3	1	intogen2024	native_string_full700	ot_nolit__to__intogen2024	target
H4C9	3	1	intogen2024	native_string_full700	ot_nolit__to__intogen2024	target
AKT1	3	1	intogen2024	native_string_full700	ot_nolit__to__intogen2024	target
HSP90AB1	3	1	intogen2024	native_string_full700	ot_nolit__to__intogen2024	target
KEAP1	3	1	intogen2024	native_string_full700	ot_nolit__to__intogen2024	target
RSPO2	3	1	intogen2024	native_string_full700	ot_nolit__to__intogen2024	target
SIN3A	3	1	intogen2024	native_string_full700	ot_nolit__to__intogen2024	target
PTPN3	3	1	intogen2024	native_string_full700	ot_nolit__to__intogen2024	target
EPHA3	3	1	intogen2024	native_string_full700	ot_nolit__to__intogen2024	target
CEP89	3	1	intogen2024	native_string_full700	ot_nolit__to__intogen2024	target
MLLT1	3	1	intogen2024	native_string_full700	ot_nolit__to__intogen2024	target
TNFAIP3	3	1	intogen2024	native_string_full700	ot_nolit__to__intogen2024	target
PCBP1	3	1	intogen2024	native_string_full700	ot_nolit__to__intogen2024	target
MYC	3	1	intogen2024	native_string_full700	ot_nolit__to__intogen2024	target
COL2A1	3	1	intogen2024	native_string_full700	ot_nolit__to__intogen2024	target
NSD3	3	1	intogen2024	native_string_full700	ot_nolit__to__intogen2024	target
GTF2I	3	1	intogen2024	native_string_full700	ot_nolit__to__intogen2024	target
MLLT3	3	1	intogen2024	native_string_full700	ot_nolit__to__intogen2024	target
MECOM	3	1	intogen2024	native_string_full700	ot_nolit__to__intogen2024	target
RRN3	3	1	intogen2024	native_string_full700	ot_nolit__to__intogen2024	target
PTPRT	3	1	intogen2024	native_string_full700	ot_nolit__to__intogen2024	target
TP63	3	1	intogen2024	native_string_full700	ot_nolit__to__intogen2024	target
KDM5C	3	1	intogen2024	native_string_full700	ot_nolit__to__intogen2024	target
ZCCHC8	3	1	intogen2024	native_string_full700	ot_nolit__to__intogen2024	target
THRAP3	3	1	intogen2024	native_string_full700	ot_nolit__to__intogen2024	target
PRKCD	3	1	intogen2024	native_string_full700	ot_nolit__to__intogen2024	target
PCM1	3	1	intogen2024	native_string_full700	ot_nolit__to__intogen2024	target
RAP1GDS1	3	1	intogen2024	native_string_full700	ot_nolit__to__intogen2024	target
ELF4	3	1	intogen2024	native_string_full700	ot_nolit__to__intogen2024	target
ZBTB16	3	1	intogen2024	native_string_full700	ot_nolit__to__intogen2024	target
TAL1	3	1	intogen2024	native_string_full700	ot_nolit__to__intogen2024	target
RPL10	3	1	intogen2024	native_string_full700	ot_nolit__to__intogen2024	target
POU2F2	3	1	intogen2024	native_string_full700	ot_nolit__to__intogen2024	target
VAV1	3	1	intogen2024	native_string_full700	ot_nolit__to__intogen2024	target
KMT2B	3	1	intogen2024	native_string_full700	ot_nolit__to__intogen2024	target
RAD21	3	1	intogen2024	native_string_full700	ot_nolit__to__intogen2024	target
HSPG2	3	1	intogen2024	native_string_full700	ot_nolit__to__intogen2024	target
DDB2	3	1	intogen2024	native_string_full700	ot_nolit__to__intogen2024	target
MED12	3	1	intogen2024	native_string_full700	ot_nolit__to__intogen2024	target
SP140	3	1	intogen2024	native_string_full700	ot_nolit__to__intogen2024	target
RANBP2	3	1	intogen2024	native_string_full700	ot_nolit__to__intogen2024	target
TAF15	3	1	intogen2024	native_string_full700	ot_nolit__to__intogen2024	target
CSPG4	3	1	intogen2024	native_string_full700	ot_nolit__to__intogen2024	target
IL6ST	3	1	intogen2024	native_string_full700	ot_nolit__to__intogen2024	target
GATA3	3	1	intogen2024	native_string_full700	ot_nolit__to__intogen2024	target
PDZD2	3	1	intogen2024	native_string_full700	ot_nolit__to__intogen2024	target
ACSL3	3	1	intogen2024	native_string_full700	ot_nolit__to__intogen2024	target
PICALM	3	1	intogen2024	native_string_full700	ot_nolit__to__intogen2024	target
KAT6A	3	1	intogen2024	native_string_full700	ot_nolit__to__intogen2024	target
PRKCB	3	1	intogen2024	native_string_full700	ot_nolit__to__intogen2024	target
EPAS1	3	1	intogen2024	native_string_full700	ot_nolit__to__intogen2024	target
PTPN14	3	1	intogen2024	native_string_full700	ot_nolit__to__intogen2024	target
CBLB	3	1	intogen2024	native_string_full700	ot_nolit__to__intogen2024	target
EFTUD2	3	1	intogen2024	native_string_full700	ot_nolit__to__intogen2024	target
KMT2A	3	1	intogen2024	native_string_full700	ot_nolit__to__intogen2024	target
ZBTB20	3	1	intogen2024	native_string_full700	ot_nolit__to__intogen2024	target
RRAGC	3	1	intogen2024	native_string_full700	ot_nolit__to__intogen2024	target
CDKN2C	3	1	intogen2024	native_string_full700	ot_nolit__to__intogen2024	target
RUNX1	3	1	intogen2024	native_string_full700	ot_nolit__to__intogen2024	target
CD79B	3	1	intogen2024	native_string_full700	ot_nolit__to__intogen2024	target
FOXL2	3	1	intogen2024	native_string_full700	ot_nolit__to__intogen2024	target
TENT5C	3	1	intogen2024	native_string_full700	ot_nolit__to__intogen2024	target
SLC34A2	3	1	intogen2024	native_string_full700	ot_nolit__to__intogen2024	target
NUP98	3	1	intogen2024	native_string_full700	ot_nolit__to__intogen2024	target
CIC	3	1	intogen2024	native_string_full700	ot_nolit__to__intogen2024	target
MYH11	3	1	intogen2024	native_string_full700	ot_nolit__to__intogen2024	target
BRD7	3	1	intogen2024	native_string_full700	ot_nolit__to__intogen2024	target
EGR2	3	1	intogen2024	native_string_full700	ot_nolit__to__intogen2024	target
RBM38	3	1	intogen2024	native_string_full700	ot_nolit__to__intogen2024	target
NUMA1	3	1	intogen2024	native_string_full700	ot_nolit__to__intogen2024	target
EIF1AX	3	1	intogen2024	native_string_full700	ot_nolit__to__intogen2024	target
CCND3	3	1	intogen2024	native_string_full700	ot_nolit__to__intogen2024	target
ID3	3	1	intogen2024	native_string_full700	ot_nolit__to__intogen2024	target
CSMD3	3	1	intogen2024	native_string_full700	ot_nolit__to__intogen2024	target
SMARCD1	3	1	intogen2024	native_string_full700	ot_nolit__to__intogen2024	target
USP8	3	1	intogen2024	native_string_full700	ot_nolit__to__intogen2024	target
PIK3CB	3	1	intogen2024	native_string_full700	ot_nolit__to__intogen2024	target
ARAF	3	1	intogen2024	native_string_full700	ot_nolit__to__intogen2024	target
NTRK2	3	1	intogen2024	native_string_full700	ot_nolit__to__intogen2024	target
DUSP16	3	1	intogen2024	native_string_full700	ot_nolit__to__intogen2024	target
ASXL2	3	1	intogen2024	native_string_full700	ot_nolit__to__intogen2024	target
PRKD2	3	1	intogen2024	native_string_full700	ot_nolit__to__intogen2024	target
PIM1	3	1	intogen2024	native_string_full700	ot_nolit__to__intogen2024	target
FBLN7	3	0	intogen2024	native_string_full700	ot_nolit__to__intogen2024	background
MCM5	3	0	intogen2024	native_string_full700	ot_nolit__to__intogen2024	background
DGCR2	3	0	intogen2024	native_string_full700	ot_nolit__to__intogen2024	background
ACAT1	3	0	intogen2024	native_string_full700	ot_nolit__to__intogen2024	background
ATF6	3	0	intogen2024	native_string_full700	ot_nolit__to__intogen2024	background
NKX2-6	3	0	intogen2024	native_string_full700	ot_nolit__to__intogen2024	background
U2SURP	3	0	intogen2024	native_string_full700	ot_nolit__to__intogen2024	background
TEKT1	3	0	intogen2024	native_string_full700	ot_nolit__to__intogen2024	background
MYH10	3	0	intogen2024	native_string_full700	ot_nolit__to__intogen2024	background
FUT4	3	0	intogen2024	native_string_full700	ot_nolit__to__intogen2024	background
TRERF1	3	0	intogen2024	native_string_full700	ot_nolit__to__intogen2024	background
DISP1	3	0	intogen2024	native_string_full700	ot_nolit__to__intogen2024	background
ABCC6	3	0	intogen2024	native_string_full700	ot_nolit__to__intogen2024	background
SEC31B	3	0	intogen2024	native_string_full700	ot_nolit__to__intogen2024	background
GPX5	3	0	intogen2024	native_string_full700	ot_nolit__to__intogen2024	background
RANBP1	3	0	intogen2024	native_string_full700	ot_nolit__to__intogen2024	background
SNRPD3	3	0	intogen2024	native_string_full700	ot_nolit__to__intogen2024	background
AGER	3	0	intogen2024	native_string_full700	ot_nolit__to__intogen2024	background
BTN3A3	3	0	intogen2024	native_string_full700	ot_nolit__to__intogen2024	background
CNST	3	0	intogen2024	native_string_full700	ot_nolit__to__intogen2024	background
BTNL8	3	0	intogen2024	native_string_full700	ot_nolit__to__intogen2024	background
DKK2	3	0	intogen2024	native_string_full700	ot_nolit__to__intogen2024	background
CECR2	3	0	intogen2024	native_string_full700	ot_nolit__to__intogen2024	background
CREB1	3	0	intogen2024	native_string_full700	ot_nolit__to__intogen2024	background
ZDHHC3	3	0	intogen2024	native_string_full700	ot_nolit__to__intogen2024	background
BNIP3L	3	0	intogen2024	native_string_full700	ot_nolit__to__intogen2024	background
SRPRA	3	0	intogen2024	native_string_full700	ot_nolit__to__intogen2024	background
MYH7B	3	0	intogen2024	native_string_full700	ot_nolit__to__intogen2024	background
PPP2R3B	3	0	intogen2024	native_string_full700	ot_nolit__to__intogen2024	background
NKAIN1	3	0	intogen2024	native_string_full700	ot_nolit__to__intogen2024	background
CRADD	3	0	intogen2024	native_string_full700	ot_nolit__to__intogen2024	background
RTN4RL1	3	0	intogen2024	native_string_full700	ot_nolit__to__intogen2024	background
ZMAT2	3	0	intogen2024	native_string_full700	ot_nolit__to__intogen2024	background
RPUSD1	3	0	intogen2024	native_string_full700	ot_nolit__to__intogen2024	background
RIBC2	3	0	intogen2024	native_string_full700	ot_nolit__to__intogen2024	background
FKBP5	3	0	intogen2024	native_string_full700	ot_nolit__to__intogen2024	background
GABRA2	3	0	intogen2024	native_string_full700	ot_nolit__to__intogen2024	background
COL24A1	3	0	intogen2024	native_string_full700	ot_nolit__to__intogen2024	background
SLC25A24	3	0	intogen2024	native_string_full700	ot_nolit__to__intogen2024	background
TRDN	3	0	intogen2024	native_string_full700	ot_nolit__to__intogen2024	background
KYAT1	3	0	intogen2024	native_string_full700	ot_nolit__to__intogen2024	background
ABR	3	0	intogen2024	native_string_full700	ot_nolit__to__intogen2024	background
CBLN3	3	0	intogen2024	native_string_full700	ot_nolit__to__intogen2024	background
NUDT3	3	0	intogen2024	native_string_full700	ot_nolit__to__intogen2024	background
C11orf94	3	0	intogen2024	native_string_full700	ot_nolit__to__intogen2024	background
FBL	3	0	intogen2024	native_string_full700	ot_nolit__to__intogen2024	background
RIMBP2	3	0	intogen2024	native_string_full700	ot_nolit__to__intogen2024	background
SH2D4A	3	0	intogen2024	native_string_full700	ot_nolit__to__intogen2024	background
MYRIP	3	0	intogen2024	native_string_full700	ot_nolit__to__intogen2024	background
PARVG	3	0	intogen2024	native_string_full700	ot_nolit__to__intogen2024	background
HPS4	3	0	intogen2024	native_string_full700	ot_nolit__to__intogen2024	background
MSR1	3	0	intogen2024	native_string_full700	ot_nolit__to__intogen2024	background
SLAIN2	3	0	intogen2024	native_string_full700	ot_nolit__to__intogen2024	background
GLMN	3	0	intogen2024	native_string_full700	ot_nolit__to__intogen2024	background
AIF1	3	0	intogen2024	native_string_full700	ot_nolit__to__intogen2024	background
MCFD2	3	0	intogen2024	native_string_full700	ot_nolit__to__intogen2024	background
RASIP1	3	0	intogen2024	native_string_full700	ot_nolit__to__intogen2024	background
KRT6B	3	0	intogen2024	native_string_full700	ot_nolit__to__intogen2024	background
BSX	3	0	intogen2024	native_string_full700	ot_nolit__to__intogen2024	background
ZNF444	3	0	intogen2024	native_string_full700	ot_nolit__to__intogen2024	background
NHSL1	3	0	intogen2024	native_string_full700	ot_nolit__to__intogen2024	background
PSME3IP1	3	0	intogen2024	native_string_full700	ot_nolit__to__intogen2024	background
GNAI3	3	0	intogen2024	native_string_full700	ot_nolit__to__intogen2024	background
TBC1D13	3	0	intogen2024	native_string_full700	ot_nolit__to__intogen2024	background
GPAM	3	0	intogen2024	native_string_full700	ot_nolit__to__intogen2024	background
DAPK2	3	0	intogen2024	native_string_full700	ot_nolit__to__intogen2024	background
SP2	3	0	intogen2024	native_string_full700	ot_nolit__to__intogen2024	background
LRFN5	3	0	intogen2024	native_string_full700	ot_nolit__to__intogen2024	background
SIX3	3	0	intogen2024	native_string_full700	ot_nolit__to__intogen2024	background
C7orf25	3	0	intogen2024	native_string_full700	ot_nolit__to__intogen2024	background
THOC2	3	0	intogen2024	native_string_full700	ot_nolit__to__intogen2024	background
SRPX	3	0	intogen2024	native_string_full700	ot_nolit__to__intogen2024	background
KRT2	3	0	intogen2024	native_string_full700	ot_nolit__to__intogen2024	background
MORC1	3	0	intogen2024	native_string_full700	ot_nolit__to__intogen2024	background
TCP1	3	0	intogen2024	native_string_full700	ot_nolit__to__intogen2024	background
EAF1	3	0	intogen2024	native_string_full700	ot_nolit__to__intogen2024	background
CHRNA2	3	0	intogen2024	native_string_full700	ot_nolit__to__intogen2024	background
CAPZA1	3	0	intogen2024	native_string_full700	ot_nolit__to__intogen2024	background
VWCE	3	0	intogen2024	native_string_full700	ot_nolit__to__intogen2024	background
HMGN4	3	0	intogen2024	native_string_full700	ot_nolit__to__intogen2024	background
HCLS1	3	0	intogen2024	native_string_full700	ot_nolit__to__intogen2024	background
UBE2E2	3	0	intogen2024	native_string_full700	ot_nolit__to__intogen2024	background
IFT88	3	0	intogen2024	native_string_full700	ot_nolit__to__intogen2024	background
POTED	3	0	intogen2024	native_string_full700	ot_nolit__to__intogen2024	background
CDC23	3	0	intogen2024	native_string_full700	ot_nolit__to__intogen2024	background
SETD4	3	0	intogen2024	native_string_full700	ot_nolit__to__intogen2024	background
H3C3	3	0	intogen2024	native_string_full700	ot_nolit__to__intogen2024	background
ZNF182	3	0	intogen2024	native_string_full700	ot_nolit__to__intogen2024	background
HAT1	3	0	intogen2024	native_string_full700	ot_nolit__to__intogen2024	background
PIP	3	0	intogen2024	native_string_full700	ot_nolit__to__intogen2024	background
FOXRED2	3	0	intogen2024	native_string_full700	ot_nolit__to__intogen2024	background
PATJ	3	0	intogen2024	native_string_full700	ot_nolit__to__intogen2024	background
LGALS1	3	0	intogen2024	native_string_full700	ot_nolit__to__intogen2024	background
ISCA1	3	0	intogen2024	native_string_full700	ot_nolit__to__intogen2024	background
GPR148	3	0	intogen2024	native_string_full700	ot_nolit__to__intogen2024	background
GAMT	3	0	intogen2024	native_string_full700	ot_nolit__to__intogen2024	background
FCN3	3	0	intogen2024	native_string_full700	ot_nolit__to__intogen2024	background
IER3	3	0	intogen2024	native_string_full700	ot_nolit__to__intogen2024	background
ZNF830	3	0	intogen2024	native_string_full700	ot_nolit__to__intogen2024	background
NDUFS4	3	0	intogen2024	native_string_full700	ot_nolit__to__intogen2024	background
KATNA1	3	0	intogen2024	native_string_full700	ot_nolit__to__intogen2024	background
PIK3R5	3	0	intogen2024	native_string_full700	ot_nolit__to__intogen2024	background
ZNF74	3	0	intogen2024	native_string_full700	ot_nolit__to__intogen2024	background
SCAP	3	0	intogen2024	native_string_full700	ot_nolit__to__intogen2024	background
CASP3	3	0	intogen2024	native_string_full700	ot_nolit__to__intogen2024	background
PRMT5	3	0	intogen2024	native_string_full700	ot_nolit__to__intogen2024	background
CLK3	3	0	intogen2024	native_string_full700	ot_nolit__to__intogen2024	background
SMN2	3	0	intogen2024	native_string_full700	ot_nolit__to__intogen2024	background
GGA1	3	0	intogen2024	native_string_full700	ot_nolit__to__intogen2024	background
CLIC6	3	0	intogen2024	native_string_full700	ot_nolit__to__intogen2024	background
CHP2	3	0	intogen2024	native_string_full700	ot_nolit__to__intogen2024	background
ACIN1	3	0	intogen2024	native_string_full700	ot_nolit__to__intogen2024	background
PDZD8	3	0	intogen2024	native_string_full700	ot_nolit__to__intogen2024	background
RAMP2	3	0	intogen2024	native_string_full700	ot_nolit__to__intogen2024	background
SBSPON	3	0	intogen2024	native_string_full700	ot_nolit__to__intogen2024	background
SEMA3B	3	0	intogen2024	native_string_full700	ot_nolit__to__intogen2024	background
HAVCR2	3	0	intogen2024	native_string_full700	ot_nolit__to__intogen2024	background
MRPL44	3	0	intogen2024	native_string_full700	ot_nolit__to__intogen2024	background
LIAS	3	0	intogen2024	native_string_full700	ot_nolit__to__intogen2024	background
PHKA1	3	0	intogen2024	native_string_full700	ot_nolit__to__intogen2024	background
VTN	3	0	intogen2024	native_string_full700	ot_nolit__to__intogen2024	background
DAPP1	3	0	intogen2024	native_string_full700	ot_nolit__to__intogen2024	background
PHLPP2	3	0	intogen2024	native_string_full700	ot_nolit__to__intogen2024	background
USP50	3	0	intogen2024	native_string_full700	ot_nolit__to__intogen2024	background
CMTM7	3	0	intogen2024	native_string_full700	ot_nolit__to__intogen2024	background
IQCE	3	0	intogen2024	native_string_full700	ot_nolit__to__intogen2024	background
PRKG2	3	0	intogen2024	native_string_full700	ot_nolit__to__intogen2024	background
COBLL1	3	0	intogen2024	native_string_full700	ot_nolit__to__intogen2024	background
ZNHIT2	3	0	intogen2024	native_string_full700	ot_nolit__to__intogen2024	background
IRF7	3	0	intogen2024	native_string_full700	ot_nolit__to__intogen2024	background
KLF13	3	0	intogen2024	native_string_full700	ot_nolit__to__intogen2024	background
GBA2	3	0	intogen2024	native_string_full700	ot_nolit__to__intogen2024	background
SET	3	0	intogen2024	native_string_full700	ot_nolit__to__intogen2024	background
RPL18A	3	0	intogen2024	native_string_full700	ot_nolit__to__intogen2024	background
TBX2	3	0	intogen2024	native_string_full700	ot_nolit__to__intogen2024	background
RAB9B	3	0	intogen2024	native_string_full700	ot_nolit__to__intogen2024	background
LRRC1	3	0	intogen2024	native_string_full700	ot_nolit__to__intogen2024	background
KCNJ13	3	0	intogen2024	native_string_full700	ot_nolit__to__intogen2024	background
TPST1	3	0	intogen2024	native_string_full700	ot_nolit__to__intogen2024	background
ADAMTS14	3	0	intogen2024	native_string_full700	ot_nolit__to__intogen2024	background
MDH1B	3	0	intogen2024	native_string_full700	ot_nolit__to__intogen2024	background
HEATR6	3	0	intogen2024	native_string_full700	ot_nolit__to__intogen2024	background
NAA30	3	0	intogen2024	native_string_full700	ot_nolit__to__intogen2024	background
MNX1	3	0	intogen2024	native_string_full700	ot_nolit__to__intogen2024	background
LACRT	3	0	intogen2024	native_string_full700	ot_nolit__to__intogen2024	background
CPS1	3	0	intogen2024	native_string_full700	ot_nolit__to__intogen2024	background
FBXO38	3	0	intogen2024	native_string_full700	ot_nolit__to__intogen2024	background
FUZ	3	0	intogen2024	native_string_full700	ot_nolit__to__intogen2024	background
FAM185A	3	0	intogen2024	native_string_full700	ot_nolit__to__intogen2024	background
PTPRCAP	3	0	intogen2024	native_string_full700	ot_nolit__to__intogen2024	background
NFYC	3	0	intogen2024	native_string_full700	ot_nolit__to__intogen2024	background
MAK	3	0	intogen2024	native_string_full700	ot_nolit__to__intogen2024	background
GDF7	3	0	intogen2024	native_string_full700	ot_nolit__to__intogen2024	background
B4GALNT1	3	0	intogen2024	native_string_full700	ot_nolit__to__intogen2024	background
SFTPA1	3	0	intogen2024	native_string_full700	ot_nolit__to__intogen2024	background
NIBAN3	3	0	intogen2024	native_string_full700	ot_nolit__to__intogen2024	background
SENP7	3	0	intogen2024	native_string_full700	ot_nolit__to__intogen2024	background
CHKA	3	0	intogen2024	native_string_full700	ot_nolit__to__intogen2024	background
PRMT3	3	0	intogen2024	native_string_full700	ot_nolit__to__intogen2024	background
ANGEL2	3	0	intogen2024	native_string_full700	ot_nolit__to__intogen2024	background
ACTR3B	3	0	intogen2024	native_string_full700	ot_nolit__to__intogen2024	background
SLITRK1	3	0	intogen2024	native_string_full700	ot_nolit__to__intogen2024	background
COMMD3	3	0	intogen2024	native_string_full700	ot_nolit__to__intogen2024	background
PABPN1L	3	0	intogen2024	native_string_full700	ot_nolit__to__intogen2024	background
DGKA	3	0	intogen2024	native_string_full700	ot_nolit__to__intogen2024	background
CLCN2	3	0	intogen2024	native_string_full700	ot_nolit__to__intogen2024	background
LRP5	3	0	intogen2024	native_string_full700	ot_nolit__to__intogen2024	background
RPTN	3	0	intogen2024	native_string_full700	ot_nolit__to__intogen2024	background
NOTCH3	3	0	intogen2024	native_string_full700	ot_nolit__to__intogen2024	background
OR2B2	3	0	intogen2024	native_string_full700	ot_nolit__to__intogen2024	background
ADM	3	0	intogen2024	native_string_full700	ot_nolit__to__intogen2024	background
FAM124B	3	0	intogen2024	native_string_full700	ot_nolit__to__intogen2024	background
RAMP3	3	0	intogen2024	native_string_full700	ot_nolit__to__intogen2024	background
ITGA7	3	0	intogen2024	native_string_full700	ot_nolit__to__intogen2024	background
RHNO1	3	0	intogen2024	native_string_full700	ot_nolit__to__intogen2024	background
HTR3B	3	0	intogen2024	native_string_full700	ot_nolit__to__intogen2024	background
PDPK1	3	0	intogen2024	native_string_full700	ot_nolit__to__intogen2024	background
CHCHD1	3	0	intogen2024	native_string_full700	ot_nolit__to__intogen2024	background
GPX6	3	0	intogen2024	native_string_full700	ot_nolit__to__intogen2024	background
EIF2B3	3	0	intogen2024	native_string_full700	ot_nolit__to__intogen2024	background
ARHGDIA	3	0	intogen2024	native_string_full700	ot_nolit__to__intogen2024	background
NECAB1	3	0	intogen2024	native_string_full700	ot_nolit__to__intogen2024	background
KCTD5	3	0	intogen2024	native_string_full700	ot_nolit__to__intogen2024	background
GPC4	3	0	intogen2024	native_string_full700	ot_nolit__to__intogen2024	background
LY9	3	0	intogen2024	native_string_full700	ot_nolit__to__intogen2024	background
CCL15	3	0	intogen2024	native_string_full700	ot_nolit__to__intogen2024	background
PFKL	3	0	intogen2024	native_string_full700	ot_nolit__to__intogen2024	background
BAALC	3	0	intogen2024	native_string_full700	ot_nolit__to__intogen2024	background
CHRNB3	3	0	intogen2024	native_string_full700	ot_nolit__to__intogen2024	background
DYNLRB1	3	0	intogen2024	native_string_full700	ot_nolit__to__intogen2024	background
EIF3A	3	0	intogen2024	native_string_full700	ot_nolit__to__intogen2024	background
ATG101	3	0	intogen2024	native_string_full700	ot_nolit__to__intogen2024	background
UBE2D4	3	0	intogen2024	native_string_full700	ot_nolit__to__intogen2024	background
ZBTB8OS	3	0	intogen2024	native_string_full700	ot_nolit__to__intogen2024	background
SF3B6	3	0	intogen2024	native_string_full700	ot_nolit__to__intogen2024	background
MFAP1	3	0	intogen2024	native_string_full700	ot_nolit__to__intogen2024	background
CACHD1	3	0	intogen2024	native_string_full700	ot_nolit__to__intogen2024	background
TXNDC9	3	0	intogen2024	native_string_full700	ot_nolit__to__intogen2024	background
CA1	3	0	intogen2024	native_string_full700	ot_nolit__to__intogen2024	background
L1CAM	3	0	intogen2024	native_string_full700	ot_nolit__to__intogen2024	background
SALL4	4	1	intogen2024	native_string_full700	ot_nolit__to__intogen2024	target
BRD4	4	1	intogen2024	native_string_full700	ot_nolit__to__intogen2024	target
BTG2	4	1	intogen2024	native_string_full700	ot_nolit__to__intogen2024	target
FAS	4	1	intogen2024	native_string_full700	ot_nolit__to__intogen2024	target
CASP8	4	1	intogen2024	native_string_full700	ot_nolit__to__intogen2024	target
ATP2B3	4	1	intogen2024	native_string_full700	ot_nolit__to__intogen2024	target
NPRL2	4	1	intogen2024	native_string_full700	ot_nolit__to__intogen2024	target
TCL1A	4	1	intogen2024	native_string_full700	ot_nolit__to__intogen2024	target
GPC5	4	1	intogen2024	native_string_full700	ot_nolit__to__intogen2024	target
AFF1	4	1	intogen2024	native_string_full700	ot_nolit__to__intogen2024	target
RHOA	4	1	intogen2024	native_string_full700	ot_nolit__to__intogen2024	target
PABPC1	4	1	intogen2024	native_string_full700	ot_nolit__to__intogen2024	target
NSD2	4	1	intogen2024	native_string_full700	ot_nolit__to__intogen2024	target
ANKRD11	4	1	intogen2024	native_string_full700	ot_nolit__to__intogen2024	target
PTPN11	4	1	intogen2024	native_string_full700	ot_nolit__to__intogen2024	target
SDCBP	4	1	intogen2024	native_string_full700	ot_nolit__to__intogen2024	target
ROBO2	4	1	intogen2024	native_string_full700	ot_nolit__to__intogen2024	target
SGK1	4	1	intogen2024	native_string_full700	ot_nolit__to__intogen2024	target
ITGAV	4	1	intogen2024	native_string_full700	ot_nolit__to__intogen2024	target
PIK3R1	4	1	intogen2024	native_string_full700	ot_nolit__to__intogen2024	target
ZNRF3	4	1	intogen2024	native_string_full700	ot_nolit__to__intogen2024	target
DHX9	4	1	intogen2024	native_string_full700	ot_nolit__to__intogen2024	target
P2RY8	4	1	intogen2024	native_string_full700	ot_nolit__to__intogen2024	target
TNFRSF14	4	1	intogen2024	native_string_full700	ot_nolit__to__intogen2024	target
RNF6	4	1	intogen2024	native_string_full700	ot_nolit__to__intogen2024	target
PRKD1	4	1	intogen2024	native_string_full700	ot_nolit__to__intogen2024	target
DAXX	4	1	intogen2024	native_string_full700	ot_nolit__to__intogen2024	target
PBRM1	4	1	intogen2024	native_string_full700	ot_nolit__to__intogen2024	target
NKX2-1	4	1	intogen2024	native_string_full700	ot_nolit__to__intogen2024	target
ETV4	4	1	intogen2024	native_string_full700	ot_nolit__to__intogen2024	target
ZNF521	4	1	intogen2024	native_string_full700	ot_nolit__to__intogen2024	target
RBM10	4	1	intogen2024	native_string_full700	ot_nolit__to__intogen2024	target
DGCR8	4	1	intogen2024	native_string_full700	ot_nolit__to__intogen2024	target
RRAS2	4	1	intogen2024	native_string_full700	ot_nolit__to__intogen2024	target
CCAR1	4	1	intogen2024	native_string_full700	ot_nolit__to__intogen2024	target
TRAF7	4	1	intogen2024	native_string_full700	ot_nolit__to__intogen2024	target
BCOR	4	1	intogen2024	native_string_full700	ot_nolit__to__intogen2024	target
PTPN13	4	1	intogen2024	native_string_full700	ot_nolit__to__intogen2024	target
TRIM33	4	1	intogen2024	native_string_full700	ot_nolit__to__intogen2024	target
DTX1	4	1	intogen2024	native_string_full700	ot_nolit__to__intogen2024	target
ANK1	4	1	intogen2024	native_string_full700	ot_nolit__to__intogen2024	target
XPO1	4	1	intogen2024	native_string_full700	ot_nolit__to__intogen2024	target
SMC1A	4	1	intogen2024	native_string_full700	ot_nolit__to__intogen2024	target
DCAF12L2	4	1	intogen2024	native_string_full700	ot_nolit__to__intogen2024	target
TFAP4	4	1	intogen2024	native_string_full700	ot_nolit__to__intogen2024	target
EWSR1	4	1	intogen2024	native_string_full700	ot_nolit__to__intogen2024	target
ARHGAP5	4	1	intogen2024	native_string_full700	ot_nolit__to__intogen2024	target
PDCD1LG2	4	1	intogen2024	native_string_full700	ot_nolit__to__intogen2024	target
MPL	4	1	intogen2024	native_string_full700	ot_nolit__to__intogen2024	target
FOXO1	4	1	intogen2024	native_string_full700	ot_nolit__to__intogen2024	target
KDM5A	4	1	intogen2024	native_string_full700	ot_nolit__to__intogen2024	target
SOCS1	4	1	intogen2024	native_string_full700	ot_nolit__to__intogen2024	target
CCR7	4	1	intogen2024	native_string_full700	ot_nolit__to__intogen2024	target
SPOP	4	1	intogen2024	native_string_full700	ot_nolit__to__intogen2024	target
TRRAP	4	1	intogen2024	native_string_full700	ot_nolit__to__intogen2024	target
CDKN1A	4	1	intogen2024	native_string_full700	ot_nolit__to__intogen2024	target
DDX3X	4	1	intogen2024	native_string_full700	ot_nolit__to__intogen2024	target
COL1A1	4	1	intogen2024	native_string_full700	ot_nolit__to__intogen2024	target
ADAMTS9	4	1	intogen2024	native_string_full700	ot_nolit__to__intogen2024	target
TRAF3	4	1	intogen2024	native_string_full700	ot_nolit__to__intogen2024	target
RGPD3	4	1	intogen2024	native_string_full700	ot_nolit__to__intogen2024	target
ZBTB7B	4	1	intogen2024	native_string_full700	ot_nolit__to__intogen2024	target
PLAG1	4	1	intogen2024	native_string_full700	ot_nolit__to__intogen2024	target
HLA-C	4	1	intogen2024	native_string_full700	ot_nolit__to__intogen2024	target
MLLT6	4	1	intogen2024	native_string_full700	ot_nolit__to__intogen2024	target
PSIP1	4	1	intogen2024	native_string_full700	ot_nolit__to__intogen2024	target
NACA	4	1	intogen2024	native_string_full700	ot_nolit__to__intogen2024	target
RPL5	4	1	intogen2024	native_string_full700	ot_nolit__to__intogen2024	target
REST	4	1	intogen2024	native_string_full700	ot_nolit__to__intogen2024	target
PARP4	4	1	intogen2024	native_string_full700	ot_nolit__to__intogen2024	target
CDX2	4	1	intogen2024	native_string_full700	ot_nolit__to__intogen2024	target
CYSLTR2	4	1	intogen2024	native_string_full700	ot_nolit__to__intogen2024	target
KAT6B	4	1	intogen2024	native_string_full700	ot_nolit__to__intogen2024	target
DDX6	4	1	intogen2024	native_string_full700	ot_nolit__to__intogen2024	target
PPP3CA	4	1	intogen2024	native_string_full700	ot_nolit__to__intogen2024	target
STAT6	4	1	intogen2024	native_string_full700	ot_nolit__to__intogen2024	target
CADM2	4	1	intogen2024	native_string_full700	ot_nolit__to__intogen2024	target
NFE2L2	4	1	intogen2024	native_string_full700	ot_nolit__to__intogen2024	target
PEG3	4	1	intogen2024	native_string_full700	ot_nolit__to__intogen2024	target
ZFP36L1	4	1	intogen2024	native_string_full700	ot_nolit__to__intogen2024	target
SETDB1	4	1	intogen2024	native_string_full700	ot_nolit__to__intogen2024	target
ESRRA	4	1	intogen2024	native_string_full700	ot_nolit__to__intogen2024	target
UBR5	4	1	intogen2024	native_string_full700	ot_nolit__to__intogen2024	target
COL6A3	4	1	intogen2024	native_string_full700	ot_nolit__to__intogen2024	target
KAT7	4	1	intogen2024	native_string_full700	ot_nolit__to__intogen2024	target
ZMYM3	4	1	intogen2024	native_string_full700	ot_nolit__to__intogen2024	target
SMO	4	1	intogen2024	native_string_full700	ot_nolit__to__intogen2024	target
ARHGEF10L	4	1	intogen2024	native_string_full700	ot_nolit__to__intogen2024	target
BCORL1	4	1	intogen2024	native_string_full700	ot_nolit__to__intogen2024	target
TNC	4	1	intogen2024	native_string_full700	ot_nolit__to__intogen2024	target
RBM15	4	1	intogen2024	native_string_full700	ot_nolit__to__intogen2024	target
RPL22	4	1	intogen2024	native_string_full700	ot_nolit__to__intogen2024	target
KRAS	4	1	intogen2024	native_string_full700	ot_nolit__to__intogen2024	target
NFKBIA	4	1	intogen2024	native_string_full700	ot_nolit__to__intogen2024	target
ACKR3	4	1	intogen2024	native_string_full700	ot_nolit__to__intogen2024	target
CD58	4	1	intogen2024	native_string_full700	ot_nolit__to__intogen2024	target
MACC1	4	1	intogen2024	native_string_full700	ot_nolit__to__intogen2024	target
HCAR3	4	1	intogen2024	native_string_full700	ot_nolit__to__intogen2024	target
BIRC3	4	1	intogen2024	native_string_full700	ot_nolit__to__intogen2024	target
NBEA	4	1	intogen2024	native_string_full700	ot_nolit__to__intogen2024	target
SUZ12	4	1	intogen2024	native_string_full700	ot_nolit__to__intogen2024	target
MUC6	4	1	intogen2024	native_string_full700	ot_nolit__to__intogen2024	target
CCDC6	4	1	intogen2024	native_string_full700	ot_nolit__to__intogen2024	target
ATF7IP	4	1	intogen2024	native_string_full700	ot_nolit__to__intogen2024	target
ARID2	4	1	intogen2024	native_string_full700	ot_nolit__to__intogen2024	target
MCM7	4	1	intogen2024	native_string_full700	ot_nolit__to__intogen2024	target
GATA2	4	1	intogen2024	native_string_full700	ot_nolit__to__intogen2024	target
CHD7	4	1	intogen2024	native_string_full700	ot_nolit__to__intogen2024	target
FAT2	4	1	intogen2024	native_string_full700	ot_nolit__to__intogen2024	target
PREX2	4	1	intogen2024	native_string_full700	ot_nolit__to__intogen2024	target
DROSHA	4	1	intogen2024	native_string_full700	ot_nolit__to__intogen2024	target
CHD4	4	1	intogen2024	native_string_full700	ot_nolit__to__intogen2024	target
PRDM2	4	1	intogen2024	native_string_full700	ot_nolit__to__intogen2024	target
AFF3	4	1	intogen2024	native_string_full700	ot_nolit__to__intogen2024	target
NSD1	4	1	intogen2024	native_string_full700	ot_nolit__to__intogen2024	target
PRUNE2	4	1	intogen2024	native_string_full700	ot_nolit__to__intogen2024	target
WNK2	4	1	intogen2024	native_string_full700	ot_nolit__to__intogen2024	target
PCMTD1	4	1	intogen2024	native_string_full700	ot_nolit__to__intogen2024	target
BIRC6	4	1	intogen2024	native_string_full700	ot_nolit__to__intogen2024	target
BAZ1A	4	1	intogen2024	native_string_full700	ot_nolit__to__intogen2024	target
CIITA	4	1	intogen2024	native_string_full700	ot_nolit__to__intogen2024	target
HSP90AA1	4	1	intogen2024	native_string_full700	ot_nolit__to__intogen2024	target
ZNF750	4	1	intogen2024	native_string_full700	ot_nolit__to__intogen2024	target
N4BP2	4	1	intogen2024	native_string_full700	ot_nolit__to__intogen2024	target
COL6A6	4	1	intogen2024	native_string_full700	ot_nolit__to__intogen2024	target
BCL9L	4	1	intogen2024	native_string_full700	ot_nolit__to__intogen2024	target
CDK12	4	1	intogen2024	native_string_full700	ot_nolit__to__intogen2024	target
ZNF208	4	1	intogen2024	native_string_full700	ot_nolit__to__intogen2024	target
ZFHX3	4	1	intogen2024	native_string_full700	ot_nolit__to__intogen2024	target
MYCN	4	1	intogen2024	native_string_full700	ot_nolit__to__intogen2024	target
ZRSR2	4	1	intogen2024	native_string_full700	ot_nolit__to__intogen2024	target
CNOT9	4	1	intogen2024	native_string_full700	ot_nolit__to__intogen2024	target
NUP214	4	1	intogen2024	native_string_full700	ot_nolit__to__intogen2024	target
CAMTA1	4	1	intogen2024	native_string_full700	ot_nolit__to__intogen2024	target
ACSM3	4	1	intogen2024	native_string_full700	ot_nolit__to__intogen2024	target
ATR	4	1	intogen2024	native_string_full700	ot_nolit__to__intogen2024	target
ROS1	4	1	intogen2024	native_string_full700	ot_nolit__to__intogen2024	target
SMAD3	4	1	intogen2024	native_string_full700	ot_nolit__to__intogen2024	target
ERCC2	4	1	intogen2024	native_string_full700	ot_nolit__to__intogen2024	target
SOX17	4	1	intogen2024	native_string_full700	ot_nolit__to__intogen2024	target
KDM6A	4	1	intogen2024	native_string_full700	ot_nolit__to__intogen2024	target
FUS	4	1	intogen2024	native_string_full700	ot_nolit__to__intogen2024	target
KLHL6	4	1	intogen2024	native_string_full700	ot_nolit__to__intogen2024	target
FANCA	4	1	intogen2024	native_string_full700	ot_nolit__to__intogen2024	target
MGA	4	1	intogen2024	native_string_full700	ot_nolit__to__intogen2024	target
PTMA	4	1	intogen2024	native_string_full700	ot_nolit__to__intogen2024	target
ERG	4	1	intogen2024	native_string_full700	ot_nolit__to__intogen2024	target
MTOR	4	1	intogen2024	native_string_full700	ot_nolit__to__intogen2024	target
TSHR	4	1	intogen2024	native_string_full700	ot_nolit__to__intogen2024	target
MARK2	4	1	intogen2024	native_string_full700	ot_nolit__to__intogen2024	target
SMARCA2	4	1	intogen2024	native_string_full700	ot_nolit__to__intogen2024	target
MAP2K7	4	1	intogen2024	native_string_full700	ot_nolit__to__intogen2024	target
LSM14A	4	1	intogen2024	native_string_full700	ot_nolit__to__intogen2024	target
ELN	4	1	intogen2024	native_string_full700	ot_nolit__to__intogen2024	target
CANT1	4	1	intogen2024	native_string_full700	ot_nolit__to__intogen2024	target
HLA-DQA1	4	1	intogen2024	native_string_full700	ot_nolit__to__intogen2024	target
PTPRB	4	1	intogen2024	native_string_full700	ot_nolit__to__intogen2024	target
FUBP1	4	1	intogen2024	native_string_full700	ot_nolit__to__intogen2024	target
ACSL6	4	1	intogen2024	native_string_full700	ot_nolit__to__intogen2024	target
LPA	4	1	intogen2024	native_string_full700	ot_nolit__to__intogen2024	target
MAF	4	1	intogen2024	native_string_full700	ot_nolit__to__intogen2024	target
PTPRK	4	1	intogen2024	native_string_full700	ot_nolit__to__intogen2024	target
FOXP1	4	1	intogen2024	native_string_full700	ot_nolit__to__intogen2024	target
EIF3E	4	1	intogen2024	native_string_full700	ot_nolit__to__intogen2024	target
ARNT	4	1	intogen2024	native_string_full700	ot_nolit__to__intogen2024	target
PRDM16	4	1	intogen2024	native_string_full700	ot_nolit__to__intogen2024	target
SMAD2	4	1	intogen2024	native_string_full700	ot_nolit__to__intogen2024	target
HNRNPA2B1	4	1	intogen2024	native_string_full700	ot_nolit__to__intogen2024	target
SIX1	4	1	intogen2024	native_string_full700	ot_nolit__to__intogen2024	target
RPS3A	4	1	intogen2024	native_string_full700	ot_nolit__to__intogen2024	target
TAL2	4	1	intogen2024	native_string_full700	ot_nolit__to__intogen2024	target
TET1	4	1	intogen2024	native_string_full700	ot_nolit__to__intogen2024	target
PWWP2A	4	1	intogen2024	native_string_full700	ot_nolit__to__intogen2024	target
BCL6	4	1	intogen2024	native_string_full700	ot_nolit__to__intogen2024	target
TMPRSS2	4	1	intogen2024	native_string_full700	ot_nolit__to__intogen2024	target
ATP1A1	4	1	intogen2024	native_string_full700	ot_nolit__to__intogen2024	target
RASA1	4	1	intogen2024	native_string_full700	ot_nolit__to__intogen2024	target
TPR	4	1	intogen2024	native_string_full700	ot_nolit__to__intogen2024	target
KLF5	4	1	intogen2024	native_string_full700	ot_nolit__to__intogen2024	target
FCRL4	4	1	intogen2024	native_string_full700	ot_nolit__to__intogen2024	target
RASA2	4	1	intogen2024	native_string_full700	ot_nolit__to__intogen2024	target
CRTC1	4	1	intogen2024	native_string_full700	ot_nolit__to__intogen2024	target
IRS4	4	1	intogen2024	native_string_full700	ot_nolit__to__intogen2024	target
GMPS	4	1	intogen2024	native_string_full700	ot_nolit__to__intogen2024	target
DOT1L	4	1	intogen2024	native_string_full700	ot_nolit__to__intogen2024	target
ESR1	4	1	intogen2024	native_string_full700	ot_nolit__to__intogen2024	target
ALK	4	1	intogen2024	native_string_full700	ot_nolit__to__intogen2024	target
MEF2B	4	1	intogen2024	native_string_full700	ot_nolit__to__intogen2024	target
RELA	4	1	intogen2024	native_string_full700	ot_nolit__to__intogen2024	target
NTRK3	4	1	intogen2024	native_string_full700	ot_nolit__to__intogen2024	target
TRIM49C	4	1	intogen2024	native_string_full700	ot_nolit__to__intogen2024	target
MSI2	4	1	intogen2024	native_string_full700	ot_nolit__to__intogen2024	target
NPM1	4	1	intogen2024	native_string_full700	ot_nolit__to__intogen2024	target
LEF1	4	1	intogen2024	native_string_full700	ot_nolit__to__intogen2024	target
NCAPH	4	1	intogen2024	native_string_full700	ot_nolit__to__intogen2024	target
SIRPA	4	1	intogen2024	native_string_full700	ot_nolit__to__intogen2024	target
MYEOV	4	1	intogen2024	native_string_full700	ot_nolit__to__intogen2024	target
CYLD	4	1	intogen2024	native_string_full700	ot_nolit__to__intogen2024	target
ZEB1	4	1	intogen2024	native_string_full700	ot_nolit__to__intogen2024	target
ABL2	4	1	intogen2024	native_string_full700	ot_nolit__to__intogen2024	target
NUTM1	4	1	intogen2024	native_string_full700	ot_nolit__to__intogen2024	target
EIF4A2	4	1	intogen2024	native_string_full700	ot_nolit__to__intogen2024	target
CYP2C8	4	1	intogen2024	native_string_full700	ot_nolit__to__intogen2024	target
CD209	4	1	intogen2024	native_string_full700	ot_nolit__to__intogen2024	target
NCOR2	4	1	intogen2024	native_string_full700	ot_nolit__to__intogen2024	target
MED23	4	1	intogen2024	native_string_full700	ot_nolit__to__intogen2024	target
FCGR2B	4	1	intogen2024	native_string_full700	ot_nolit__to__intogen2024	target
LDB1	4	1	intogen2024	native_string_full700	ot_nolit__to__intogen2024	target
HGF	4	1	intogen2024	native_string_full700	ot_nolit__to__intogen2024	target
TAF1L	4	1	intogen2024	native_string_full700	ot_nolit__to__intogen2024	target
FGD1	4	1	intogen2024	native_string_full700	ot_nolit__to__intogen2024	target
ATRX	4	1	intogen2024	native_string_full700	ot_nolit__to__intogen2024	target
RBFOX1	4	1	intogen2024	native_string_full700	ot_nolit__to__intogen2024	target
ABCC4	4	1	intogen2024	native_string_full700	ot_nolit__to__intogen2024	target
CARD11	4	1	intogen2024	native_string_full700	ot_nolit__to__intogen2024	target
IRAK1	4	1	intogen2024	native_string_full700	ot_nolit__to__intogen2024	target
NIN	4	1	intogen2024	native_string_full700	ot_nolit__to__intogen2024	target
TCF4	4	1	intogen2024	native_string_full700	ot_nolit__to__intogen2024	target
BTG1	4	1	intogen2024	native_string_full700	ot_nolit__to__intogen2024	target
NFATC2	4	1	intogen2024	native_string_full700	ot_nolit__to__intogen2024	target
FBXW7	4	1	intogen2024	native_string_full700	ot_nolit__to__intogen2024	target
LRIG3	4	1	intogen2024	native_string_full700	ot_nolit__to__intogen2024	target
PTPRC	4	1	intogen2024	native_string_full700	ot_nolit__to__intogen2024	target
GRM3	4	1	intogen2024	native_string_full700	ot_nolit__to__intogen2024	target
PTPN6	4	1	intogen2024	native_string_full700	ot_nolit__to__intogen2024	target
RIPK1	4	1	intogen2024	native_string_full700	ot_nolit__to__intogen2024	target
BCL11B	4	1	intogen2024	native_string_full700	ot_nolit__to__intogen2024	target
CUL3	4	1	intogen2024	native_string_full700	ot_nolit__to__intogen2024	target
TBL1XR1	4	1	intogen2024	native_string_full700	ot_nolit__to__intogen2024	target
MYH9	4	1	intogen2024	native_string_full700	ot_nolit__to__intogen2024	target
BCL7A	4	1	intogen2024	native_string_full700	ot_nolit__to__intogen2024	target
B2M	4	1	intogen2024	native_string_full700	ot_nolit__to__intogen2024	target
ELL	4	1	intogen2024	native_string_full700	ot_nolit__to__intogen2024	target
TGIF1	4	1	intogen2024	native_string_full700	ot_nolit__to__intogen2024	target
ALPK1	4	1	intogen2024	native_string_full700	ot_nolit__to__intogen2024	target
NIPBL	4	1	intogen2024	native_string_full700	ot_nolit__to__intogen2024	target
DCC	4	1	intogen2024	native_string_full700	ot_nolit__to__intogen2024	target
TFRC	4	1	intogen2024	native_string_full700	ot_nolit__to__intogen2024	target
TCF12	4	1	intogen2024	native_string_full700	ot_nolit__to__intogen2024	target
GPAA1	4	1	intogen2024	native_string_full700	ot_nolit__to__intogen2024	target
FAT4	4	1	intogen2024	native_string_full700	ot_nolit__to__intogen2024	target
EZH2	4	1	intogen2024	native_string_full700	ot_nolit__to__intogen2024	target
INPPL1	4	1	intogen2024	native_string_full700	ot_nolit__to__intogen2024	target
CTCF	4	1	intogen2024	native_string_full700	ot_nolit__to__intogen2024	target
CCND1	4	1	intogen2024	native_string_full700	ot_nolit__to__intogen2024	target
HIP1	4	1	intogen2024	native_string_full700	ot_nolit__to__intogen2024	target
CCND2	4	1	intogen2024	native_string_full700	ot_nolit__to__intogen2024	target
CTNNA2	4	1	intogen2024	native_string_full700	ot_nolit__to__intogen2024	target
CBFB	4	1	intogen2024	native_string_full700	ot_nolit__to__intogen2024	target
SETD1B	4	1	intogen2024	native_string_full700	ot_nolit__to__intogen2024	target
JAK3	4	1	intogen2024	native_string_full700	ot_nolit__to__intogen2024	target
PER3	4	1	intogen2024	native_string_full700	ot_nolit__to__intogen2024	target
ZNF93	4	1	intogen2024	native_string_full700	ot_nolit__to__intogen2024	target
ELF3	4	1	intogen2024	native_string_full700	ot_nolit__to__intogen2024	target
KDM3B	4	1	intogen2024	native_string_full700	ot_nolit__to__intogen2024	target
ARID1B	4	1	intogen2024	native_string_full700	ot_nolit__to__intogen2024	target
PTK6	4	1	intogen2024	native_string_full700	ot_nolit__to__intogen2024	target
PRDM1	4	1	intogen2024	native_string_full700	ot_nolit__to__intogen2024	target
PI4KA	4	1	intogen2024	native_string_full700	ot_nolit__to__intogen2024	target
BCL10	4	1	intogen2024	native_string_full700	ot_nolit__to__intogen2024	target
CDH11	4	1	intogen2024	native_string_full700	ot_nolit__to__intogen2024	target
NT5C3A	4	1	intogen2024	native_string_full700	ot_nolit__to__intogen2024	target
TCF7L2	4	1	intogen2024	native_string_full700	ot_nolit__to__intogen2024	target
ZBTB48	4	1	intogen2024	native_string_full700	ot_nolit__to__intogen2024	target
FOXO3	4	1	intogen2024	native_string_full700	ot_nolit__to__intogen2024	target
RNF213	4	1	intogen2024	native_string_full700	ot_nolit__to__intogen2024	target
KNSTRN	4	1	intogen2024	native_string_full700	ot_nolit__to__intogen2024	target
EPS15	4	1	intogen2024	native_string_full700	ot_nolit__to__intogen2024	target
FHIT	4	1	intogen2024	native_string_full700	ot_nolit__to__intogen2024	target
PSPC1	4	1	intogen2024	native_string_full700	ot_nolit__to__intogen2024	target
IKZF1	4	1	intogen2024	native_string_full700	ot_nolit__to__intogen2024	target
U2AF1	4	1	intogen2024	native_string_full700	ot_nolit__to__intogen2024	target
ARHGEF10	4	1	intogen2024	native_string_full700	ot_nolit__to__intogen2024	target
KLF4	4	1	intogen2024	native_string_full700	ot_nolit__to__intogen2024	target
HRAS	4	1	intogen2024	native_string_full700	ot_nolit__to__intogen2024	target
PLXNC1	4	1	intogen2024	native_string_full700	ot_nolit__to__intogen2024	target
GRIN2A	4	1	intogen2024	native_string_full700	ot_nolit__to__intogen2024	target
ACVR2A	4	1	intogen2024	native_string_full700	ot_nolit__to__intogen2024	target
FBLN2	4	1	intogen2024	native_string_full700	ot_nolit__to__intogen2024	target
IDH2	4	1	intogen2024	native_string_full700	ot_nolit__to__intogen2024	target
USP7	4	1	intogen2024	native_string_full700	ot_nolit__to__intogen2024	target
LATS2	4	1	intogen2024	native_string_full700	ot_nolit__to__intogen2024	target
SRGAP3	4	1	intogen2024	native_string_full700	ot_nolit__to__intogen2024	target
FGFR2	4	1	intogen2024	native_string_full700	ot_nolit__to__intogen2024	target
CACNA1D	4	1	intogen2024	native_string_full700	ot_nolit__to__intogen2024	target
GNAQ	4	1	intogen2024	native_string_full700	ot_nolit__to__intogen2024	target
IRF1	4	1	intogen2024	native_string_full700	ot_nolit__to__intogen2024	target
ALDH2	4	1	intogen2024	native_string_full700	ot_nolit__to__intogen2024	target
ING1	4	1	intogen2024	native_string_full700	ot_nolit__to__intogen2024	target
FAT1	4	1	intogen2024	native_string_full700	ot_nolit__to__intogen2024	target
SH2B3	4	1	intogen2024	native_string_full700	ot_nolit__to__intogen2024	target
GLI1	4	1	intogen2024	native_string_full700	ot_nolit__to__intogen2024	target
KMT5A	4	1	intogen2024	native_string_full700	ot_nolit__to__intogen2024	target
IL7R	4	1	intogen2024	native_string_full700	ot_nolit__to__intogen2024	target
HIF1A	4	1	intogen2024	native_string_full700	ot_nolit__to__intogen2024	target
IKZF3	4	1	intogen2024	native_string_full700	ot_nolit__to__intogen2024	target
MALT1	4	1	intogen2024	native_string_full700	ot_nolit__to__intogen2024	target
ARHGAP35	4	1	intogen2024	native_string_full700	ot_nolit__to__intogen2024	target
PHF6	4	1	intogen2024	native_string_full700	ot_nolit__to__intogen2024	target
H3-3A	4	1	intogen2024	native_string_full700	ot_nolit__to__intogen2024	target
GNAS	4	1	intogen2024	native_string_full700	ot_nolit__to__intogen2024	target
HLA-A	4	1	intogen2024	native_string_full700	ot_nolit__to__intogen2024	target
TEC	4	1	intogen2024	native_string_full700	ot_nolit__to__intogen2024	target
HOXC13	4	1	intogen2024	native_string_full700	ot_nolit__to__intogen2024	target
LIFR	4	1	intogen2024	native_string_full700	ot_nolit__to__intogen2024	target
ETV1	4	1	intogen2024	native_string_full700	ot_nolit__to__intogen2024	target
LATS1	4	1	intogen2024	native_string_full700	ot_nolit__to__intogen2024	target
EBF1	4	1	intogen2024	native_string_full700	ot_nolit__to__intogen2024	target
MSN	4	1	intogen2024	native_string_full700	ot_nolit__to__intogen2024	target
RHPN2	4	1	intogen2024	native_string_full700	ot_nolit__to__intogen2024	target
TBX3	4	1	intogen2024	native_string_full700	ot_nolit__to__intogen2024	target
MDGA2	4	1	intogen2024	native_string_full700	ot_nolit__to__intogen2024	target
ERCC3	4	1	intogen2024	native_string_full700	ot_nolit__to__intogen2024	target
DIS3	4	1	intogen2024	native_string_full700	ot_nolit__to__intogen2024	target
RAC1	4	1	intogen2024	native_string_full700	ot_nolit__to__intogen2024	target
CBL	4	1	intogen2024	native_string_full700	ot_nolit__to__intogen2024	target
SOX9	4	1	intogen2024	native_string_full700	ot_nolit__to__intogen2024	target
U2AF2	4	1	intogen2024	native_string_full700	ot_nolit__to__intogen2024	target
CDH10	4	1	intogen2024	native_string_full700	ot_nolit__to__intogen2024	target
SETBP1	4	1	intogen2024	native_string_full700	ot_nolit__to__intogen2024	target
HLA-B	4	1	intogen2024	native_string_full700	ot_nolit__to__intogen2024	target
WWTR1	4	1	intogen2024	native_string_full700	ot_nolit__to__intogen2024	target
LRP1B	4	1	intogen2024	native_string_full700	ot_nolit__to__intogen2024	target
CTNND2	4	1	intogen2024	native_string_full700	ot_nolit__to__intogen2024	target
SETD2	4	1	intogen2024	native_string_full700	ot_nolit__to__intogen2024	target
USP6	4	1	intogen2024	native_string_full700	ot_nolit__to__intogen2024	target
NFKBIE	4	1	intogen2024	native_string_full700	ot_nolit__to__intogen2024	target
FOXA2	4	1	intogen2024	native_string_full700	ot_nolit__to__intogen2024	target
ZCRB1	4	1	intogen2024	native_string_full700	ot_nolit__to__intogen2024	target
CMTR2	4	1	intogen2024	native_string_full700	ot_nolit__to__intogen2024	target
IKBKB	4	1	intogen2024	native_string_full700	ot_nolit__to__intogen2024	target
MIB2	4	1	intogen2024	native_string_full700	ot_nolit__to__intogen2024	target
CCNT1	4	1	intogen2024	native_string_full700	ot_nolit__to__intogen2024	target
ACVR1B	4	1	intogen2024	native_string_full700	ot_nolit__to__intogen2024	target
CNOT3	4	1	intogen2024	native_string_full700	ot_nolit__to__intogen2024	target
POLQ	4	1	intogen2024	native_string_full700	ot_nolit__to__intogen2024	target
CLTCL1	4	1	intogen2024	native_string_full700	ot_nolit__to__intogen2024	target
AJUBA	4	1	intogen2024	native_string_full700	ot_nolit__to__intogen2024	target
CPEB3	4	1	intogen2024	native_string_full700	ot_nolit__to__intogen2024	target
PML	4	1	intogen2024	native_string_full700	ot_nolit__to__intogen2024	target
MYO5A	4	1	intogen2024	native_string_full700	ot_nolit__to__intogen2024	target
CASZ1	4	1	intogen2024	native_string_full700	ot_nolit__to__intogen2024	target
SOX21	4	1	intogen2024	native_string_full700	ot_nolit__to__intogen2024	target
NOTCH2	4	1	intogen2024	native_string_full700	ot_nolit__to__intogen2024	target
PTPRD	4	1	intogen2024	native_string_full700	ot_nolit__to__intogen2024	target
RGS7	4	1	intogen2024	native_string_full700	ot_nolit__to__intogen2024	target
BCL11A	4	1	intogen2024	native_string_full700	ot_nolit__to__intogen2024	target
SHTN1	4	1	intogen2024	native_string_full700	ot_nolit__to__intogen2024	target
ELK4	4	1	intogen2024	native_string_full700	ot_nolit__to__intogen2024	target
PAX5	4	1	intogen2024	native_string_full700	ot_nolit__to__intogen2024	target
JAK2	4	1	intogen2024	native_string_full700	ot_nolit__to__intogen2024	target
KLF6	4	1	intogen2024	native_string_full700	ot_nolit__to__intogen2024	target
PPP6C	4	1	intogen2024	native_string_full700	ot_nolit__to__intogen2024	target
BCL9	4	1	intogen2024	native_string_full700	ot_nolit__to__intogen2024	target
FAT3	4	1	intogen2024	native_string_full700	ot_nolit__to__intogen2024	target
FBN2	4	1	intogen2024	native_string_full700	ot_nolit__to__intogen2024	target
DDR2	4	1	intogen2024	native_string_full700	ot_nolit__to__intogen2024	target
H3C2	4	1	intogen2024	native_string_full700	ot_nolit__to__intogen2024	target
FMN2	4	1	intogen2024	native_string_full700	ot_nolit__to__intogen2024	target
SPEN	4	1	intogen2024	native_string_full700	ot_nolit__to__intogen2024	target
WNT1	4	1	intogen2024	native_string_full700	ot_nolit__to__intogen2024	target
AFF4	4	1	intogen2024	native_string_full700	ot_nolit__to__intogen2024	target
RUNX1T1	4	1	intogen2024	native_string_full700	ot_nolit__to__intogen2024	target
GSK3B	4	1	intogen2024	native_string_full700	ot_nolit__to__intogen2024	target
NCOA1	4	1	intogen2024	native_string_full700	ot_nolit__to__intogen2024	target
NCKIPSD	4	1	intogen2024	native_string_full700	ot_nolit__to__intogen2024	target
TMSB4X	4	1	intogen2024	native_string_full700	ot_nolit__to__intogen2024	target
AFDN	4	1	intogen2024	native_string_full700	ot_nolit__to__intogen2024	target
DSP	4	1	intogen2024	native_string_full700	ot_nolit__to__intogen2024	target
SAMHD1	4	1	intogen2024	native_string_full700	ot_nolit__to__intogen2024	target
NRAS	4	1	intogen2024	native_string_full700	ot_nolit__to__intogen2024	target
BCL2	4	1	intogen2024	native_string_full700	ot_nolit__to__intogen2024	target
BCLAF1	4	1	intogen2024	native_string_full700	ot_nolit__to__intogen2024	target
ETV5	4	1	intogen2024	native_string_full700	ot_nolit__to__intogen2024	target
NVL	4	1	intogen2024	native_string_full700	ot_nolit__to__intogen2024	target
NXF1	4	1	intogen2024	native_string_full700	ot_nolit__to__intogen2024	target
BMP6	4	1	intogen2024	native_string_full700	ot_nolit__to__intogen2024	target
CRLF2	4	1	intogen2024	native_string_full700	ot_nolit__to__intogen2024	target
GNA11	4	1	intogen2024	native_string_full700	ot_nolit__to__intogen2024	target
MAPK1	4	1	intogen2024	native_string_full700	ot_nolit__to__intogen2024	target
NCOA2	4	1	intogen2024	native_string_full700	ot_nolit__to__intogen2024	target
UBE2A	4	1	intogen2024	native_string_full700	ot_nolit__to__intogen2024	target
RBM39	4	1	intogen2024	native_string_full700	ot_nolit__to__intogen2024	target
NFKB2	4	1	intogen2024	native_string_full700	ot_nolit__to__intogen2024	target
ARHGEF12	4	1	intogen2024	native_string_full700	ot_nolit__to__intogen2024	target
GNA13	4	1	intogen2024	native_string_full700	ot_nolit__to__intogen2024	target
UBXN11	4	1	intogen2024	native_string_full700	ot_nolit__to__intogen2024	target
USP9X	4	1	intogen2024	native_string_full700	ot_nolit__to__intogen2024	target
MDM2	4	1	intogen2024	native_string_full700	ot_nolit__to__intogen2024	target
NKTR	4	1	intogen2024	native_string_full700	ot_nolit__to__intogen2024	target
GNAI2	4	1	intogen2024	native_string_full700	ot_nolit__to__intogen2024	target
ZNF274	4	1	intogen2024	native_string_full700	ot_nolit__to__intogen2024	target
ZNF395	4	1	intogen2024	native_string_full700	ot_nolit__to__intogen2024	target
KNL1	4	1	intogen2024	native_string_full700	ot_nolit__to__intogen2024	target
H4C9	4	1	intogen2024	native_string_full700	ot_nolit__to__intogen2024	target
AKT1	4	1	intogen2024	native_string_full700	ot_nolit__to__intogen2024	target
HSP90AB1	4	1	intogen2024	native_string_full700	ot_nolit__to__intogen2024	target
KEAP1	4	1	intogen2024	native_string_full700	ot_nolit__to__intogen2024	target
RSPO2	4	1	intogen2024	native_string_full700	ot_nolit__to__intogen2024	target
SIN3A	4	1	intogen2024	native_string_full700	ot_nolit__to__intogen2024	target
PTPN3	4	1	intogen2024	native_string_full700	ot_nolit__to__intogen2024	target
EPHA3	4	1	intogen2024	native_string_full700	ot_nolit__to__intogen2024	target
CEP89	4	1	intogen2024	native_string_full700	ot_nolit__to__intogen2024	target
MLLT1	4	1	intogen2024	native_string_full700	ot_nolit__to__intogen2024	target
TNFAIP3	4	1	intogen2024	native_string_full700	ot_nolit__to__intogen2024	target
PCBP1	4	1	intogen2024	native_string_full700	ot_nolit__to__intogen2024	target
MYC	4	1	intogen2024	native_string_full700	ot_nolit__to__intogen2024	target
COL2A1	4	1	intogen2024	native_string_full700	ot_nolit__to__intogen2024	target
NSD3	4	1	intogen2024	native_string_full700	ot_nolit__to__intogen2024	target
GTF2I	4	1	intogen2024	native_string_full700	ot_nolit__to__intogen2024	target
MLLT3	4	1	intogen2024	native_string_full700	ot_nolit__to__intogen2024	target
MECOM	4	1	intogen2024	native_string_full700	ot_nolit__to__intogen2024	target
RRN3	4	1	intogen2024	native_string_full700	ot_nolit__to__intogen2024	target
PTPRT	4	1	intogen2024	native_string_full700	ot_nolit__to__intogen2024	target
TP63	4	1	intogen2024	native_string_full700	ot_nolit__to__intogen2024	target
KDM5C	4	1	intogen2024	native_string_full700	ot_nolit__to__intogen2024	target
ZCCHC8	4	1	intogen2024	native_string_full700	ot_nolit__to__intogen2024	target
THRAP3	4	1	intogen2024	native_string_full700	ot_nolit__to__intogen2024	target
PRKCD	4	1	intogen2024	native_string_full700	ot_nolit__to__intogen2024	target
PCM1	4	1	intogen2024	native_string_full700	ot_nolit__to__intogen2024	target
RAP1GDS1	4	1	intogen2024	native_string_full700	ot_nolit__to__intogen2024	target
ELF4	4	1	intogen2024	native_string_full700	ot_nolit__to__intogen2024	target
ZBTB16	4	1	intogen2024	native_string_full700	ot_nolit__to__intogen2024	target
TAL1	4	1	intogen2024	native_string_full700	ot_nolit__to__intogen2024	target
RPL10	4	1	intogen2024	native_string_full700	ot_nolit__to__intogen2024	target
POU2F2	4	1	intogen2024	native_string_full700	ot_nolit__to__intogen2024	target
VAV1	4	1	intogen2024	native_string_full700	ot_nolit__to__intogen2024	target
KMT2B	4	1	intogen2024	native_string_full700	ot_nolit__to__intogen2024	target
RAD21	4	1	intogen2024	native_string_full700	ot_nolit__to__intogen2024	target
HSPG2	4	1	intogen2024	native_string_full700	ot_nolit__to__intogen2024	target
DDB2	4	1	intogen2024	native_string_full700	ot_nolit__to__intogen2024	target
MED12	4	1	intogen2024	native_string_full700	ot_nolit__to__intogen2024	target
SP140	4	1	intogen2024	native_string_full700	ot_nolit__to__intogen2024	target
RANBP2	4	1	intogen2024	native_string_full700	ot_nolit__to__intogen2024	target
TAF15	4	1	intogen2024	native_string_full700	ot_nolit__to__intogen2024	target
CSPG4	4	1	intogen2024	native_string_full700	ot_nolit__to__intogen2024	target
IL6ST	4	1	intogen2024	native_string_full700	ot_nolit__to__intogen2024	target
GATA3	4	1	intogen2024	native_string_full700	ot_nolit__to__intogen2024	target
PDZD2	4	1	intogen2024	native_string_full700	ot_nolit__to__intogen2024	target
ACSL3	4	1	intogen2024	native_string_full700	ot_nolit__to__intogen2024	target
PICALM	4	1	intogen2024	native_string_full700	ot_nolit__to__intogen2024	target
KAT6A	4	1	intogen2024	native_string_full700	ot_nolit__to__intogen2024	target
PRKCB	4	1	intogen2024	native_string_full700	ot_nolit__to__intogen2024	target
EPAS1	4	1	intogen2024	native_string_full700	ot_nolit__to__intogen2024	target
PTPN14	4	1	intogen2024	native_string_full700	ot_nolit__to__intogen2024	target
CBLB	4	1	intogen2024	native_string_full700	ot_nolit__to__intogen2024	target
EFTUD2	4	1	intogen2024	native_string_full700	ot_nolit__to__intogen2024	target
KMT2A	4	1	intogen2024	native_string_full700	ot_nolit__to__intogen2024	target
ZBTB20	4	1	intogen2024	native_string_full700	ot_nolit__to__intogen2024	target
RRAGC	4	1	intogen2024	native_string_full700	ot_nolit__to__intogen2024	target
CDKN2C	4	1	intogen2024	native_string_full700	ot_nolit__to__intogen2024	target
RUNX1	4	1	intogen2024	native_string_full700	ot_nolit__to__intogen2024	target
CD79B	4	1	intogen2024	native_string_full700	ot_nolit__to__intogen2024	target
FOXL2	4	1	intogen2024	native_string_full700	ot_nolit__to__intogen2024	target
TENT5C	4	1	intogen2024	native_string_full700	ot_nolit__to__intogen2024	target
SLC34A2	4	1	intogen2024	native_string_full700	ot_nolit__to__intogen2024	target
NUP98	4	1	intogen2024	native_string_full700	ot_nolit__to__intogen2024	target
CIC	4	1	intogen2024	native_string_full700	ot_nolit__to__intogen2024	target
MYH11	4	1	intogen2024	native_string_full700	ot_nolit__to__intogen2024	target
BRD7	4	1	intogen2024	native_string_full700	ot_nolit__to__intogen2024	target
EGR2	4	1	intogen2024	native_string_full700	ot_nolit__to__intogen2024	target
RBM38	4	1	intogen2024	native_string_full700	ot_nolit__to__intogen2024	target
NUMA1	4	1	intogen2024	native_string_full700	ot_nolit__to__intogen2024	target
EIF1AX	4	1	intogen2024	native_string_full700	ot_nolit__to__intogen2024	target
CCND3	4	1	intogen2024	native_string_full700	ot_nolit__to__intogen2024	target
ID3	4	1	intogen2024	native_string_full700	ot_nolit__to__intogen2024	target
CSMD3	4	1	intogen2024	native_string_full700	ot_nolit__to__intogen2024	target
SMARCD1	4	1	intogen2024	native_string_full700	ot_nolit__to__intogen2024	target
USP8	4	1	intogen2024	native_string_full700	ot_nolit__to__intogen2024	target
PIK3CB	4	1	intogen2024	native_string_full700	ot_nolit__to__intogen2024	target
ARAF	4	1	intogen2024	native_string_full700	ot_nolit__to__intogen2024	target
NTRK2	4	1	intogen2024	native_string_full700	ot_nolit__to__intogen2024	target
DUSP16	4	1	intogen2024	native_string_full700	ot_nolit__to__intogen2024	target
ASXL2	4	1	intogen2024	native_string_full700	ot_nolit__to__intogen2024	target
PRKD2	4	1	intogen2024	native_string_full700	ot_nolit__to__intogen2024	target
PIM1	4	1	intogen2024	native_string_full700	ot_nolit__to__intogen2024	target
RGS10	4	0	intogen2024	native_string_full700	ot_nolit__to__intogen2024	background
CAVIN1	4	0	intogen2024	native_string_full700	ot_nolit__to__intogen2024	background
RBMS3	4	0	intogen2024	native_string_full700	ot_nolit__to__intogen2024	background
RNF115	4	0	intogen2024	native_string_full700	ot_nolit__to__intogen2024	background
WDR44	4	0	intogen2024	native_string_full700	ot_nolit__to__intogen2024	background
CD36	4	0	intogen2024	native_string_full700	ot_nolit__to__intogen2024	background
MED9	4	0	intogen2024	native_string_full700	ot_nolit__to__intogen2024	background
SRPK2	4	0	intogen2024	native_string_full700	ot_nolit__to__intogen2024	background
CHRNA7	4	0	intogen2024	native_string_full700	ot_nolit__to__intogen2024	background
MND1	4	0	intogen2024	native_string_full700	ot_nolit__to__intogen2024	background
INO80C-2	4	0	intogen2024	native_string_full700	ot_nolit__to__intogen2024	background
UCK1	4	0	intogen2024	native_string_full700	ot_nolit__to__intogen2024	background
HDGF	4	0	intogen2024	native_string_full700	ot_nolit__to__intogen2024	background
ACACB	4	0	intogen2024	native_string_full700	ot_nolit__to__intogen2024	background
CRMP1	4	0	intogen2024	native_string_full700	ot_nolit__to__intogen2024	background
POP7	4	0	intogen2024	native_string_full700	ot_nolit__to__intogen2024	background
MT-ND3	4	0	intogen2024	native_string_full700	ot_nolit__to__intogen2024	background
KRTAP12-2	4	0	intogen2024	native_string_full700	ot_nolit__to__intogen2024	background
TRIM22	4	0	intogen2024	native_string_full700	ot_nolit__to__intogen2024	background
CD300A	4	0	intogen2024	native_string_full700	ot_nolit__to__intogen2024	background
PLD1	4	0	intogen2024	native_string_full700	ot_nolit__to__intogen2024	background
MAP1LC3B2	4	0	intogen2024	native_string_full700	ot_nolit__to__intogen2024	background
CNGB1	4	0	intogen2024	native_string_full700	ot_nolit__to__intogen2024	background
ACP6	4	0	intogen2024	native_string_full700	ot_nolit__to__intogen2024	background
WDR35	4	0	intogen2024	native_string_full700	ot_nolit__to__intogen2024	background
TOPBP1	4	0	intogen2024	native_string_full700	ot_nolit__to__intogen2024	background
USP6NL	4	0	intogen2024	native_string_full700	ot_nolit__to__intogen2024	background
FHL5	4	0	intogen2024	native_string_full700	ot_nolit__to__intogen2024	background
TBC1D2B	4	0	intogen2024	native_string_full700	ot_nolit__to__intogen2024	background
PSMG3	4	0	intogen2024	native_string_full700	ot_nolit__to__intogen2024	background
MT-ND5	4	0	intogen2024	native_string_full700	ot_nolit__to__intogen2024	background
SCARB2	4	0	intogen2024	native_string_full700	ot_nolit__to__intogen2024	background
FBP2	4	0	intogen2024	native_string_full700	ot_nolit__to__intogen2024	background
DDIAS	4	0	intogen2024	native_string_full700	ot_nolit__to__intogen2024	background
CLSTN2	4	0	intogen2024	native_string_full700	ot_nolit__to__intogen2024	background
LITAF	4	0	intogen2024	native_string_full700	ot_nolit__to__intogen2024	background
ANKRD27	4	0	intogen2024	native_string_full700	ot_nolit__to__intogen2024	background
ATP2C2	4	0	intogen2024	native_string_full700	ot_nolit__to__intogen2024	background
XCL1	4	0	intogen2024	native_string_full700	ot_nolit__to__intogen2024	background
TRAPPC4	4	0	intogen2024	native_string_full700	ot_nolit__to__intogen2024	background
ARHGAP29	4	0	intogen2024	native_string_full700	ot_nolit__to__intogen2024	background
DEAF1	4	0	intogen2024	native_string_full700	ot_nolit__to__intogen2024	background
ANXA2	4	0	intogen2024	native_string_full700	ot_nolit__to__intogen2024	background
KCTD19	4	0	intogen2024	native_string_full700	ot_nolit__to__intogen2024	background
BAIAP3	4	0	intogen2024	native_string_full700	ot_nolit__to__intogen2024	background
JMY	4	0	intogen2024	native_string_full700	ot_nolit__to__intogen2024	background
P3H4	4	0	intogen2024	native_string_full700	ot_nolit__to__intogen2024	background
GKN1	4	0	intogen2024	native_string_full700	ot_nolit__to__intogen2024	background
DNAJC9	4	0	intogen2024	native_string_full700	ot_nolit__to__intogen2024	background
MCM9	4	0	intogen2024	native_string_full700	ot_nolit__to__intogen2024	background
HHAT	4	0	intogen2024	native_string_full700	ot_nolit__to__intogen2024	background
ASPDH	4	0	intogen2024	native_string_full700	ot_nolit__to__intogen2024	background
GALNTL5	4	0	intogen2024	native_string_full700	ot_nolit__to__intogen2024	background
ADAMTS10	4	0	intogen2024	native_string_full700	ot_nolit__to__intogen2024	background
ZFYVE9	4	0	intogen2024	native_string_full700	ot_nolit__to__intogen2024	background
PLOD3	4	0	intogen2024	native_string_full700	ot_nolit__to__intogen2024	background
ERI3	4	0	intogen2024	native_string_full700	ot_nolit__to__intogen2024	background
FOXL1	4	0	intogen2024	native_string_full700	ot_nolit__to__intogen2024	background
KCNU1	4	0	intogen2024	native_string_full700	ot_nolit__to__intogen2024	background
ARNTL	4	0	intogen2024	native_string_full700	ot_nolit__to__intogen2024	background
ASB4	4	0	intogen2024	native_string_full700	ot_nolit__to__intogen2024	background
HLA-DMA	4	0	intogen2024	native_string_full700	ot_nolit__to__intogen2024	background
IREB2	4	0	intogen2024	native_string_full700	ot_nolit__to__intogen2024	background
DCP2	4	0	intogen2024	native_string_full700	ot_nolit__to__intogen2024	background
UBR1	4	0	intogen2024	native_string_full700	ot_nolit__to__intogen2024	background
FAHD1	4	0	intogen2024	native_string_full700	ot_nolit__to__intogen2024	background
METTL14	4	0	intogen2024	native_string_full700	ot_nolit__to__intogen2024	background
FHL1	4	0	intogen2024	native_string_full700	ot_nolit__to__intogen2024	background
SLC7A8	4	0	intogen2024	native_string_full700	ot_nolit__to__intogen2024	background
MED13	4	0	intogen2024	native_string_full700	ot_nolit__to__intogen2024	background
PDE4B	4	0	intogen2024	native_string_full700	ot_nolit__to__intogen2024	background
SBF1	4	0	intogen2024	native_string_full700	ot_nolit__to__intogen2024	background
PARVA	4	0	intogen2024	native_string_full700	ot_nolit__to__intogen2024	background
NFKBID	4	0	intogen2024	native_string_full700	ot_nolit__to__intogen2024	background
LYPLA2	4	0	intogen2024	native_string_full700	ot_nolit__to__intogen2024	background
PEX10	4	0	intogen2024	native_string_full700	ot_nolit__to__intogen2024	background
SLC10A5	4	0	intogen2024	native_string_full700	ot_nolit__to__intogen2024	background
TGS1	4	0	intogen2024	native_string_full700	ot_nolit__to__intogen2024	background
DEFB104A	4	0	intogen2024	native_string_full700	ot_nolit__to__intogen2024	background
TBX18	4	0	intogen2024	native_string_full700	ot_nolit__to__intogen2024	background
UBLCP1	4	0	intogen2024	native_string_full700	ot_nolit__to__intogen2024	background
SPANXN3	4	0	intogen2024	native_string_full700	ot_nolit__to__intogen2024	background
GPATCH3	4	0	intogen2024	native_string_full700	ot_nolit__to__intogen2024	background
GDAP1	4	0	intogen2024	native_string_full700	ot_nolit__to__intogen2024	background
RETREG1	4	0	intogen2024	native_string_full700	ot_nolit__to__intogen2024	background
SYNPO2	4	0	intogen2024	native_string_full700	ot_nolit__to__intogen2024	background
EIF2AK4	4	0	intogen2024	native_string_full700	ot_nolit__to__intogen2024	background
SEPTIN1	4	0	intogen2024	native_string_full700	ot_nolit__to__intogen2024	background
KRTAP12-3	4	0	intogen2024	native_string_full700	ot_nolit__to__intogen2024	background
BPI	4	0	intogen2024	native_string_full700	ot_nolit__to__intogen2024	background
CISD1	4	0	intogen2024	native_string_full700	ot_nolit__to__intogen2024	background
RBAK	4	0	intogen2024	native_string_full700	ot_nolit__to__intogen2024	background
RTP2	4	0	intogen2024	native_string_full700	ot_nolit__to__intogen2024	background
FHOD1	4	0	intogen2024	native_string_full700	ot_nolit__to__intogen2024	background
MRGPRX3	4	0	intogen2024	native_string_full700	ot_nolit__to__intogen2024	background
C10orf90	4	0	intogen2024	native_string_full700	ot_nolit__to__intogen2024	background
PCDH17	4	0	intogen2024	native_string_full700	ot_nolit__to__intogen2024	background
TTC30B	4	0	intogen2024	native_string_full700	ot_nolit__to__intogen2024	background
EMP2	4	0	intogen2024	native_string_full700	ot_nolit__to__intogen2024	background
MAP3K5	4	0	intogen2024	native_string_full700	ot_nolit__to__intogen2024	background
GJA1	4	0	intogen2024	native_string_full700	ot_nolit__to__intogen2024	background
BTRC	4	0	intogen2024	native_string_full700	ot_nolit__to__intogen2024	background
HRH4	4	0	intogen2024	native_string_full700	ot_nolit__to__intogen2024	background
S1PR4	4	0	intogen2024	native_string_full700	ot_nolit__to__intogen2024	background
GAST	4	0	intogen2024	native_string_full700	ot_nolit__to__intogen2024	background
PWWP2B	4	0	intogen2024	native_string_full700	ot_nolit__to__intogen2024	background
ATG9B	4	0	intogen2024	native_string_full700	ot_nolit__to__intogen2024	background
BICDL1	4	0	intogen2024	native_string_full700	ot_nolit__to__intogen2024	background
COQ4	4	0	intogen2024	native_string_full700	ot_nolit__to__intogen2024	background
TRIB1	4	0	intogen2024	native_string_full700	ot_nolit__to__intogen2024	background
TAGLN3	4	0	intogen2024	native_string_full700	ot_nolit__to__intogen2024	background
IFT43	4	0	intogen2024	native_string_full700	ot_nolit__to__intogen2024	background
NOL4L	4	0	intogen2024	native_string_full700	ot_nolit__to__intogen2024	background
CD9	4	0	intogen2024	native_string_full700	ot_nolit__to__intogen2024	background
SUV39H2	4	0	intogen2024	native_string_full700	ot_nolit__to__intogen2024	background
PLA2G6	4	0	intogen2024	native_string_full700	ot_nolit__to__intogen2024	background
TMEM59	4	0	intogen2024	native_string_full700	ot_nolit__to__intogen2024	background
C1orf43	4	0	intogen2024	native_string_full700	ot_nolit__to__intogen2024	background
UTRN	4	0	intogen2024	native_string_full700	ot_nolit__to__intogen2024	background
DYNC1LI2	4	0	intogen2024	native_string_full700	ot_nolit__to__intogen2024	background
NRARP	4	0	intogen2024	native_string_full700	ot_nolit__to__intogen2024	background
TTC23L	4	0	intogen2024	native_string_full700	ot_nolit__to__intogen2024	background
ELAVL2	4	0	intogen2024	native_string_full700	ot_nolit__to__intogen2024	background
INTS2	4	0	intogen2024	native_string_full700	ot_nolit__to__intogen2024	background
RANBP17	4	0	intogen2024	native_string_full700	ot_nolit__to__intogen2024	background
CRYBB3	4	0	intogen2024	native_string_full700	ot_nolit__to__intogen2024	background
SPACA6	4	0	intogen2024	native_string_full700	ot_nolit__to__intogen2024	background
NCKAP5L	4	0	intogen2024	native_string_full700	ot_nolit__to__intogen2024	background
ORM1	4	0	intogen2024	native_string_full700	ot_nolit__to__intogen2024	background
CDH19	4	0	intogen2024	native_string_full700	ot_nolit__to__intogen2024	background
AGTR2	4	0	intogen2024	native_string_full700	ot_nolit__to__intogen2024	background
BOD1L1	4	0	intogen2024	native_string_full700	ot_nolit__to__intogen2024	background
BHMT	4	0	intogen2024	native_string_full700	ot_nolit__to__intogen2024	background
INA	4	0	intogen2024	native_string_full700	ot_nolit__to__intogen2024	background
CEBPB	4	0	intogen2024	native_string_full700	ot_nolit__to__intogen2024	background
SLC40A1	4	0	intogen2024	native_string_full700	ot_nolit__to__intogen2024	background
BTD	4	0	intogen2024	native_string_full700	ot_nolit__to__intogen2024	background
ORC1	4	0	intogen2024	native_string_full700	ot_nolit__to__intogen2024	background
MICAL3	4	0	intogen2024	native_string_full700	ot_nolit__to__intogen2024	background
CEACAM16	4	0	intogen2024	native_string_full700	ot_nolit__to__intogen2024	background
LILRB3	4	0	intogen2024	native_string_full700	ot_nolit__to__intogen2024	background
CLTA	4	0	intogen2024	native_string_full700	ot_nolit__to__intogen2024	background
MOB1A	4	0	intogen2024	native_string_full700	ot_nolit__to__intogen2024	background
TAF11L11	4	0	intogen2024	native_string_full700	ot_nolit__to__intogen2024	background
CXCL17	4	0	intogen2024	native_string_full700	ot_nolit__to__intogen2024	background
FIS1	4	0	intogen2024	native_string_full700	ot_nolit__to__intogen2024	background
DACH1	4	0	intogen2024	native_string_full700	ot_nolit__to__intogen2024	background
ZFP1	4	0	intogen2024	native_string_full700	ot_nolit__to__intogen2024	background
PBK	4	0	intogen2024	native_string_full700	ot_nolit__to__intogen2024	background
QRSL1	4	0	intogen2024	native_string_full700	ot_nolit__to__intogen2024	background
ADAM22	4	0	intogen2024	native_string_full700	ot_nolit__to__intogen2024	background
TRAFD1	4	0	intogen2024	native_string_full700	ot_nolit__to__intogen2024	background
TNS4	4	0	intogen2024	native_string_full700	ot_nolit__to__intogen2024	background
INHA	4	0	intogen2024	native_string_full700	ot_nolit__to__intogen2024	background
QARS1	4	0	intogen2024	native_string_full700	ot_nolit__to__intogen2024	background
SPTSSB	4	0	intogen2024	native_string_full700	ot_nolit__to__intogen2024	background
RETSAT	4	0	intogen2024	native_string_full700	ot_nolit__to__intogen2024	background
PLXNA3	4	0	intogen2024	native_string_full700	ot_nolit__to__intogen2024	background
PIGG	4	0	intogen2024	native_string_full700	ot_nolit__to__intogen2024	background
KLF1	4	0	intogen2024	native_string_full700	ot_nolit__to__intogen2024	background
OR13G1	4	0	intogen2024	native_string_full700	ot_nolit__to__intogen2024	background
PIWIL2	4	0	intogen2024	native_string_full700	ot_nolit__to__intogen2024	background
H4C14	4	0	intogen2024	native_string_full700	ot_nolit__to__intogen2024	background
SMARCAD1	4	0	intogen2024	native_string_full700	ot_nolit__to__intogen2024	background
TSPOAP1	4	0	intogen2024	native_string_full700	ot_nolit__to__intogen2024	background
ST6GALNAC3	4	0	intogen2024	native_string_full700	ot_nolit__to__intogen2024	background
MAP7	4	0	intogen2024	native_string_full700	ot_nolit__to__intogen2024	background
RPL31	4	0	intogen2024	native_string_full700	ot_nolit__to__intogen2024	background
CUBN	4	0	intogen2024	native_string_full700	ot_nolit__to__intogen2024	background
SLC32A1	4	0	intogen2024	native_string_full700	ot_nolit__to__intogen2024	background
HPD	4	0	intogen2024	native_string_full700	ot_nolit__to__intogen2024	background
CTAG2	4	0	intogen2024	native_string_full700	ot_nolit__to__intogen2024	background
CBLN1	4	0	intogen2024	native_string_full700	ot_nolit__to__intogen2024	background
RAB30	4	0	intogen2024	native_string_full700	ot_nolit__to__intogen2024	background
TEFM	4	0	intogen2024	native_string_full700	ot_nolit__to__intogen2024	background
SLC35C1	4	0	intogen2024	native_string_full700	ot_nolit__to__intogen2024	background
TSPAN2	4	0	intogen2024	native_string_full700	ot_nolit__to__intogen2024	background
MARCKS	4	0	intogen2024	native_string_full700	ot_nolit__to__intogen2024	background
MEOX2	4	0	intogen2024	native_string_full700	ot_nolit__to__intogen2024	background
ECD	4	0	intogen2024	native_string_full700	ot_nolit__to__intogen2024	background
NLRP1	4	0	intogen2024	native_string_full700	ot_nolit__to__intogen2024	background
GGN	4	0	intogen2024	native_string_full700	ot_nolit__to__intogen2024	background
THOC5	4	0	intogen2024	native_string_full700	ot_nolit__to__intogen2024	background
NFS1	4	0	intogen2024	native_string_full700	ot_nolit__to__intogen2024	background
CDC16	4	0	intogen2024	native_string_full700	ot_nolit__to__intogen2024	background
NLGN4Y	4	0	intogen2024	native_string_full700	ot_nolit__to__intogen2024	background
LOC112694756	4	0	intogen2024	native_string_full700	ot_nolit__to__intogen2024	background
BRAP	4	0	intogen2024	native_string_full700	ot_nolit__to__intogen2024	background
FBXO42	4	0	intogen2024	native_string_full700	ot_nolit__to__intogen2024	background
COQ7	4	0	intogen2024	native_string_full700	ot_nolit__to__intogen2024	background
XKR6	4	0	intogen2024	native_string_full700	ot_nolit__to__intogen2024	background
METTL27	4	0	intogen2024	native_string_full700	ot_nolit__to__intogen2024	background
SLC15A5	4	0	intogen2024	native_string_full700	ot_nolit__to__intogen2024	background
BAD	4	0	intogen2024	native_string_full700	ot_nolit__to__intogen2024	background
OR8B12	4	0	intogen2024	native_string_full700	ot_nolit__to__intogen2024	background
TCERG1	4	0	intogen2024	native_string_full700	ot_nolit__to__intogen2024	background
SP100	4	0	intogen2024	native_string_full700	ot_nolit__to__intogen2024	background
WDR26	4	0	intogen2024	native_string_full700	ot_nolit__to__intogen2024	background
SRGAP1	4	0	intogen2024	native_string_full700	ot_nolit__to__intogen2024	background
SSBP3	4	0	intogen2024	native_string_full700	ot_nolit__to__intogen2024	background
