gene	fold	y	label_id	universe_id	transfer_id	role
DDR2	0	1	ot_all	native_intact	ot_nolit__to__ot_all	target
NEK9	0	1	ot_all	native_intact	ot_nolit__to__ot_all	target
HAX1	0	1	ot_all	native_intact	ot_nolit__to__ot_all	target
KLF6	0	1	ot_all	native_intact	ot_nolit__to__ot_all	target
NOP10	0	1	ot_all	native_intact	ot_nolit__to__ot_all	target
FAS	0	1	ot_all	native_intact	ot_nolit__to__ot_all	target
ATR	0	1	ot_all	native_intact	ot_nolit__to__ot_all	target
EZH2	0	1	ot_all	native_intact	ot_nolit__to__ot_all	target
ROS1	0	1	ot_all	native_intact	ot_nolit__to__ot_all	target
CASP8	0	1	ot_all	native_intact	ot_nolit__to__ot_all	target
EXO1	0	1	ot_all	native_intact	ot_nolit__to__ot_all	target
CCND1	0	1	ot_all	native_intact	ot_nolit__to__ot_all	target
ERCC2	0	1	ot_all	native_intact	ot_nolit__to__ot_all	target
KDM6A	0	1	ot_all	native_intact	ot_nolit__to__ot_all	target
TSPYL1	0	1	ot_all	native_intact	ot_nolit__to__ot_all	target
JAK3	0	1	ot_all	native_intact	ot_nolit__to__ot_all	target
HHAT	0	1	ot_all	native_intact	ot_nolit__to__ot_all	target
ANTXR2	0	1	ot_all	native_intact	ot_nolit__to__ot_all	target
TINF2	0	1	ot_all	native_intact	ot_nolit__to__ot_all	target
NHP2	0	1	ot_all	native_intact	ot_nolit__to__ot_all	target
PTK6	0	1	ot_all	native_intact	ot_nolit__to__ot_all	target
PTPN11	0	1	ot_all	native_intact	ot_nolit__to__ot_all	target
NSDHL	0	1	ot_all	native_intact	ot_nolit__to__ot_all	target
CDH11	0	1	ot_all	native_intact	ot_nolit__to__ot_all	target
NRAS	0	1	ot_all	native_intact	ot_nolit__to__ot_all	target
TCF7L2	0	1	ot_all	native_intact	ot_nolit__to__ot_all	target
MT-CO1	0	1	ot_all	native_intact	ot_nolit__to__ot_all	target
BCL2	0	1	ot_all	native_intact	ot_nolit__to__ot_all	target
PIK3R1	0	1	ot_all	native_intact	ot_nolit__to__ot_all	target
SLF2	0	1	ot_all	native_intact	ot_nolit__to__ot_all	target
P2RY8	0	1	ot_all	native_intact	ot_nolit__to__ot_all	target
HAVCR2	0	1	ot_all	native_intact	ot_nolit__to__ot_all	target
WRAP53	0	1	ot_all	native_intact	ot_nolit__to__ot_all	target
TNFRSF14	0	1	ot_all	native_intact	ot_nolit__to__ot_all	target
PRKD1	0	1	ot_all	native_intact	ot_nolit__to__ot_all	target
FGF1	0	1	ot_all	native_intact	ot_nolit__to__ot_all	target
IKZF1	0	1	ot_all	native_intact	ot_nolit__to__ot_all	target
U2AF1	0	1	ot_all	native_intact	ot_nolit__to__ot_all	target
HRAS	0	1	ot_all	native_intact	ot_nolit__to__ot_all	target
SRD5A2	0	1	ot_all	native_intact	ot_nolit__to__ot_all	target
ELMO2	0	1	ot_all	native_intact	ot_nolit__to__ot_all	target
ELP1	0	1	ot_all	native_intact	ot_nolit__to__ot_all	target
MTAP	0	1	ot_all	native_intact	ot_nolit__to__ot_all	target
PBRM1	0	1	ot_all	native_intact	ot_nolit__to__ot_all	target
MAPK1	0	1	ot_all	native_intact	ot_nolit__to__ot_all	target
GPC3	0	1	ot_all	native_intact	ot_nolit__to__ot_all	target
IDH2	0	1	ot_all	native_intact	ot_nolit__to__ot_all	target
WIPF1	0	1	ot_all	native_intact	ot_nolit__to__ot_all	target
CRIPT	0	1	ot_all	native_intact	ot_nolit__to__ot_all	target
LATS2	0	1	ot_all	native_intact	ot_nolit__to__ot_all	target
AKR1C2	0	1	ot_all	native_intact	ot_nolit__to__ot_all	target
FASLG	0	1	ot_all	native_intact	ot_nolit__to__ot_all	target
FGFR2	0	1	ot_all	native_intact	ot_nolit__to__ot_all	target
TRIM28	0	1	ot_all	native_intact	ot_nolit__to__ot_all	target
TNFRSF13B	0	1	ot_all	native_intact	ot_nolit__to__ot_all	target
ARID5B	0	1	ot_all	native_intact	ot_nolit__to__ot_all	target
RBM10	0	1	ot_all	native_intact	ot_nolit__to__ot_all	target
IRF1	0	1	ot_all	native_intact	ot_nolit__to__ot_all	target
CD74	0	1	ot_all	native_intact	ot_nolit__to__ot_all	target
ING1	0	1	ot_all	native_intact	ot_nolit__to__ot_all	target
GCGR	0	1	ot_all	native_intact	ot_nolit__to__ot_all	target
AKT1	0	1	ot_all	native_intact	ot_nolit__to__ot_all	target
SDC4	0	1	ot_all	native_intact	ot_nolit__to__ot_all	target
FAT1	0	1	ot_all	native_intact	ot_nolit__to__ot_all	target
KEAP1	0	1	ot_all	native_intact	ot_nolit__to__ot_all	target
EML4	0	1	ot_all	native_intact	ot_nolit__to__ot_all	target
ITGB3	0	1	ot_all	native_intact	ot_nolit__to__ot_all	target
XPO1	0	1	ot_all	native_intact	ot_nolit__to__ot_all	target
EPHA3	0	1	ot_all	native_intact	ot_nolit__to__ot_all	target
TMPRSS2	0	1	ot_all	native_intact	ot_nolit__to__ot_all	target
FGF2	0	1	ot_all	native_intact	ot_nolit__to__ot_all	target
MITF	0	1	ot_all	native_intact	ot_nolit__to__ot_all	target
SAMD9L	0	1	ot_all	native_intact	ot_nolit__to__ot_all	target
MPL	0	1	ot_all	native_intact	ot_nolit__to__ot_all	target
MAPK3	0	1	ot_all	native_intact	ot_nolit__to__ot_all	target
GNAS	0	1	ot_all	native_intact	ot_nolit__to__ot_all	target
KHDC3L	0	1	ot_all	native_intact	ot_nolit__to__ot_all	target
MYC	0	1	ot_all	native_intact	ot_nolit__to__ot_all	target
GALNT3	0	1	ot_all	native_intact	ot_nolit__to__ot_all	target
NOTCH3	0	1	ot_all	native_intact	ot_nolit__to__ot_all	target
SPOP	0	1	ot_all	native_intact	ot_nolit__to__ot_all	target
PITX2	0	1	ot_all	native_intact	ot_nolit__to__ot_all	target
NLRP7	0	1	ot_all	native_intact	ot_nolit__to__ot_all	target
CTC1	0	1	ot_all	native_intact	ot_nolit__to__ot_all	target
ACD	0	1	ot_all	native_intact	ot_nolit__to__ot_all	target
SRGAP1	0	1	ot_all	native_intact	ot_nolit__to__ot_all	target
GALNT12	0	1	ot_all	native_intact	ot_nolit__to__ot_all	target
CDKN1A	0	1	ot_all	native_intact	ot_nolit__to__ot_all	target
DDX3X	0	1	ot_all	native_intact	ot_nolit__to__ot_all	target
NFIA	0	1	ot_all	native_intact	ot_nolit__to__ot_all	target
ESR1	0	1	ot_all	native_intact	ot_nolit__to__ot_all	target
CASP10	0	1	ot_all	native_intact	ot_nolit__to__ot_all	target
MFN2	0	1	ot_all	native_intact	ot_nolit__to__ot_all	target
TP63	0	1	ot_all	native_intact	ot_nolit__to__ot_all	target
HOXB13	0	1	ot_all	native_intact	ot_nolit__to__ot_all	target
KDM5C	0	1	ot_all	native_intact	ot_nolit__to__ot_all	target
ALK	0	1	ot_all	native_intact	ot_nolit__to__ot_all	target
CLCN2	0	1	ot_all	native_intact	ot_nolit__to__ot_all	target
CDKN1C	0	1	ot_all	native_intact	ot_nolit__to__ot_all	target
SH3BP2	0	1	ot_all	native_intact	ot_nolit__to__ot_all	target
PRKCD	0	1	ot_all	native_intact	ot_nolit__to__ot_all	target
NTRK3	0	1	ot_all	native_intact	ot_nolit__to__ot_all	target
CYP11A1	0	1	ot_all	native_intact	ot_nolit__to__ot_all	target
CBL	0	1	ot_all	native_intact	ot_nolit__to__ot_all	target
EXT1	0	1	ot_all	native_intact	ot_nolit__to__ot_all	target
NPM1	0	1	ot_all	native_intact	ot_nolit__to__ot_all	target
REST	0	1	ot_all	native_intact	ot_nolit__to__ot_all	target
MLH3	0	1	ot_all	native_intact	ot_nolit__to__ot_all	target
PIK3R2	0	1	ot_all	native_intact	ot_nolit__to__ot_all	target
GPR161	0	1	ot_all	native_intact	ot_nolit__to__ot_all	target
SETBP1	0	1	ot_all	native_intact	ot_nolit__to__ot_all	target
SETD2	0	1	ot_all	native_intact	ot_nolit__to__ot_all	target
CYLD	0	1	ot_all	native_intact	ot_nolit__to__ot_all	target
NFE2L2	0	1	ot_all	native_intact	ot_nolit__to__ot_all	target
DLST	0	1	ot_all	native_intact	ot_nolit__to__ot_all	target
DCLRE1B	0	1	ot_all	native_intact	ot_nolit__to__ot_all	target
SAMD9	0	1	ot_all	native_intact	ot_nolit__to__ot_all	target
SLC25A11	0	1	ot_all	native_intact	ot_nolit__to__ot_all	target
CASR	0	1	ot_all	native_intact	ot_nolit__to__ot_all	target
GATA3	0	1	ot_all	native_intact	ot_nolit__to__ot_all	target
SMO	0	1	ot_all	native_intact	ot_nolit__to__ot_all	target
DHH	0	1	ot_all	native_intact	ot_nolit__to__ot_all	target
PRKCB	0	1	ot_all	native_intact	ot_nolit__to__ot_all	target
PARN	0	1	ot_all	native_intact	ot_nolit__to__ot_all	target
KRAS	0	1	ot_all	native_intact	ot_nolit__to__ot_all	target
EPAS1	0	1	ot_all	native_intact	ot_nolit__to__ot_all	target
PTPN14	0	1	ot_all	native_intact	ot_nolit__to__ot_all	target
RSPO1	0	1	ot_all	native_intact	ot_nolit__to__ot_all	target
SPRTN	0	1	ot_all	native_intact	ot_nolit__to__ot_all	target
CCDC6	0	1	ot_all	native_intact	ot_nolit__to__ot_all	target
BUB1B	0	1	ot_all	native_intact	ot_nolit__to__ot_all	target
EXT2	0	1	ot_all	native_intact	ot_nolit__to__ot_all	target
RUNX1	0	1	ot_all	native_intact	ot_nolit__to__ot_all	target
ARID2	0	1	ot_all	native_intact	ot_nolit__to__ot_all	target
CD79B	0	1	ot_all	native_intact	ot_nolit__to__ot_all	target
PAX3	0	1	ot_all	native_intact	ot_nolit__to__ot_all	target
GATA2	0	1	ot_all	native_intact	ot_nolit__to__ot_all	target
ANAPC1	0	1	ot_all	native_intact	ot_nolit__to__ot_all	target
EPCAM	0	1	ot_all	native_intact	ot_nolit__to__ot_all	target
ELAC2	0	1	ot_all	native_intact	ot_nolit__to__ot_all	target
ATRX	0	1	ot_all	native_intact	ot_nolit__to__ot_all	target
CEP57	0	1	ot_all	native_intact	ot_nolit__to__ot_all	target
HNF1B	0	1	ot_all	native_intact	ot_nolit__to__ot_all	target
NSD1	0	1	ot_all	native_intact	ot_nolit__to__ot_all	target
SMC5	0	1	ot_all	native_intact	ot_nolit__to__ot_all	target
STRN	0	1	ot_all	native_intact	ot_nolit__to__ot_all	target
TRIP13	0	1	ot_all	native_intact	ot_nolit__to__ot_all	target
XPA	0	1	ot_all	native_intact	ot_nolit__to__ot_all	target
KRT13	0	1	ot_all	native_intact	ot_nolit__to__ot_all	target
FBXW7	0	1	ot_all	native_intact	ot_nolit__to__ot_all	target
HSP90AA1	0	1	ot_all	native_intact	ot_nolit__to__ot_all	target
KRT4	0	1	ot_all	native_intact	ot_nolit__to__ot_all	target
PAX5	0	1	ot_all	native_intact	ot_nolit__to__ot_all	target
PIK3CB	0	1	ot_all	native_intact	ot_nolit__to__ot_all	target
BCL9L	0	1	ot_all	native_intact	ot_nolit__to__ot_all	target
NTRK2	0	1	ot_all	native_intact	ot_nolit__to__ot_all	target
IGF2	0	1	ot_all	native_intact	ot_nolit__to__ot_all	target
TBL1XR1	0	1	ot_all	native_intact	ot_nolit__to__ot_all	target
CDK12	0	1	ot_all	native_intact	ot_nolit__to__ot_all	target
ZFHX3	0	1	ot_all	native_intact	ot_nolit__to__ot_all	target
JAK2	0	1	ot_all	native_intact	ot_nolit__to__ot_all	target
DLL3	0	1	ot_all	native_intact	ot_nolit__to__ot_all	target
B2M	0	1	ot_all	native_intact	ot_nolit__to__ot_all	target
ENG	0	1	ot_all	native_intact	ot_nolit__to__ot_all	target
FANCD2	0	1	ot_all	native_intact	ot_nolit__to__ot_all	target
GCM2	0	1	ot_all	native_intact	ot_nolit__to__ot_all	target
PPP6C	0	1	ot_all	native_intact	ot_nolit__to__ot_all	target
ID3	0	0	ot_all	native_intact	ot_nolit__to__ot_all	background
SEC31B	0	0	ot_all	native_intact	ot_nolit__to__ot_all	background
KCNJ8	0	0	ot_all	native_intact	ot_nolit__to__ot_all	background
PRSS38	0	0	ot_all	native_intact	ot_nolit__to__ot_all	background
LIMA1	0	0	ot_all	native_intact	ot_nolit__to__ot_all	background
MDC1	0	0	ot_all	native_intact	ot_nolit__to__ot_all	background
NOL8	0	0	ot_all	native_intact	ot_nolit__to__ot_all	background
RBP1	0	0	ot_all	native_intact	ot_nolit__to__ot_all	background
AVPI1	0	0	ot_all	native_intact	ot_nolit__to__ot_all	background
DBR1	0	0	ot_all	native_intact	ot_nolit__to__ot_all	background
UPP2	0	0	ot_all	native_intact	ot_nolit__to__ot_all	background
SVOPL	0	0	ot_all	native_intact	ot_nolit__to__ot_all	background
HPS5	0	0	ot_all	native_intact	ot_nolit__to__ot_all	background
ANO6	0	0	ot_all	native_intact	ot_nolit__to__ot_all	background
SRSF4	0	0	ot_all	native_intact	ot_nolit__to__ot_all	background
ENTPD4	0	0	ot_all	native_intact	ot_nolit__to__ot_all	background
ADAMTS14	0	0	ot_all	native_intact	ot_nolit__to__ot_all	background
ZNF705D	0	0	ot_all	native_intact	ot_nolit__to__ot_all	background
CHRM2	0	0	ot_all	native_intact	ot_nolit__to__ot_all	background
BPIFB3	0	0	ot_all	native_intact	ot_nolit__to__ot_all	background
RIMBP2	0	0	ot_all	native_intact	ot_nolit__to__ot_all	background
EXOSC8	0	0	ot_all	native_intact	ot_nolit__to__ot_all	background
ARL13B	0	0	ot_all	native_intact	ot_nolit__to__ot_all	background
LTBR	0	0	ot_all	native_intact	ot_nolit__to__ot_all	background
SELENBP1	0	0	ot_all	native_intact	ot_nolit__to__ot_all	background
PRR23D1	0	0	ot_all	native_intact	ot_nolit__to__ot_all	background
OBI1	0	0	ot_all	native_intact	ot_nolit__to__ot_all	background
TNXA	0	0	ot_all	native_intact	ot_nolit__to__ot_all	background
GAGE2E	0	0	ot_all	native_intact	ot_nolit__to__ot_all	background
GH2	0	0	ot_all	native_intact	ot_nolit__to__ot_all	background
TENT5B	0	0	ot_all	native_intact	ot_nolit__to__ot_all	background
HSPBAP1	0	0	ot_all	native_intact	ot_nolit__to__ot_all	background
TADA3	0	0	ot_all	native_intact	ot_nolit__to__ot_all	background
GALNT10	0	0	ot_all	native_intact	ot_nolit__to__ot_all	background
CIB3	0	0	ot_all	native_intact	ot_nolit__to__ot_all	background
TMEM243	0	0	ot_all	native_intact	ot_nolit__to__ot_all	background
KRT40	0	0	ot_all	native_intact	ot_nolit__to__ot_all	background
RPS16	0	0	ot_all	native_intact	ot_nolit__to__ot_all	background
PREP	0	0	ot_all	native_intact	ot_nolit__to__ot_all	background
MAP3K13	0	0	ot_all	native_intact	ot_nolit__to__ot_all	background
FRMPD3	0	0	ot_all	native_intact	ot_nolit__to__ot_all	background
RAD54L	0	0	ot_all	native_intact	ot_nolit__to__ot_all	background
SVOP	0	0	ot_all	native_intact	ot_nolit__to__ot_all	background
ZNF75A	0	0	ot_all	native_intact	ot_nolit__to__ot_all	background
ZNF804A	0	0	ot_all	native_intact	ot_nolit__to__ot_all	background
VWA3B	0	0	ot_all	native_intact	ot_nolit__to__ot_all	background
COXFA4L3	0	0	ot_all	native_intact	ot_nolit__to__ot_all	background
RNF149	0	0	ot_all	native_intact	ot_nolit__to__ot_all	background
SCG2	0	0	ot_all	native_intact	ot_nolit__to__ot_all	background
TBX15	0	0	ot_all	native_intact	ot_nolit__to__ot_all	background
DHRS9	0	0	ot_all	native_intact	ot_nolit__to__ot_all	background
PTPRS	0	0	ot_all	native_intact	ot_nolit__to__ot_all	background
RTL8C	0	0	ot_all	native_intact	ot_nolit__to__ot_all	background
PAX8	0	0	ot_all	native_intact	ot_nolit__to__ot_all	background
ZNF253	0	0	ot_all	native_intact	ot_nolit__to__ot_all	background
HCAR2	0	0	ot_all	native_intact	ot_nolit__to__ot_all	background
SLC24A1	0	0	ot_all	native_intact	ot_nolit__to__ot_all	background
ZNF407	0	0	ot_all	native_intact	ot_nolit__to__ot_all	background
HESX1	0	0	ot_all	native_intact	ot_nolit__to__ot_all	background
TIMM23	0	0	ot_all	native_intact	ot_nolit__to__ot_all	background
DDT	0	0	ot_all	native_intact	ot_nolit__to__ot_all	background
RAB1B	0	0	ot_all	native_intact	ot_nolit__to__ot_all	background
DRC5	0	0	ot_all	native_intact	ot_nolit__to__ot_all	background
MYCBP2	0	0	ot_all	native_intact	ot_nolit__to__ot_all	background
FAM13C	0	0	ot_all	native_intact	ot_nolit__to__ot_all	background
NFE2L1	0	0	ot_all	native_intact	ot_nolit__to__ot_all	background
ITM2A	0	0	ot_all	native_intact	ot_nolit__to__ot_all	background
COL5A3	0	0	ot_all	native_intact	ot_nolit__to__ot_all	background
CMTR2	0	0	ot_all	native_intact	ot_nolit__to__ot_all	background
HNRNPU	0	0	ot_all	native_intact	ot_nolit__to__ot_all	background
ZMPSTE24	0	0	ot_all	native_intact	ot_nolit__to__ot_all	background
TBATA	0	0	ot_all	native_intact	ot_nolit__to__ot_all	background
CCDC127	0	0	ot_all	native_intact	ot_nolit__to__ot_all	background
CHST6	0	0	ot_all	native_intact	ot_nolit__to__ot_all	background
VSTM1	0	0	ot_all	native_intact	ot_nolit__to__ot_all	background
C2CD2L	0	0	ot_all	native_intact	ot_nolit__to__ot_all	background
INPP5F	0	0	ot_all	native_intact	ot_nolit__to__ot_all	background
TRPM4	0	0	ot_all	native_intact	ot_nolit__to__ot_all	background
CENPB	0	0	ot_all	native_intact	ot_nolit__to__ot_all	background
ADAM29	0	0	ot_all	native_intact	ot_nolit__to__ot_all	background
SLC35F1	0	0	ot_all	native_intact	ot_nolit__to__ot_all	background
PCYOX1	0	0	ot_all	native_intact	ot_nolit__to__ot_all	background
FOXK1	0	0	ot_all	native_intact	ot_nolit__to__ot_all	background
POGLUT3	0	0	ot_all	native_intact	ot_nolit__to__ot_all	background
PLPPR4	0	0	ot_all	native_intact	ot_nolit__to__ot_all	background
PEX19	0	0	ot_all	native_intact	ot_nolit__to__ot_all	background
PPM1K	0	0	ot_all	native_intact	ot_nolit__to__ot_all	background
ARFGEF2	0	0	ot_all	native_intact	ot_nolit__to__ot_all	background
POP1	0	0	ot_all	native_intact	ot_nolit__to__ot_all	background
MORF4L1	0	0	ot_all	native_intact	ot_nolit__to__ot_all	background
SLC7A6OS	0	0	ot_all	native_intact	ot_nolit__to__ot_all	background
RNF114	0	0	ot_all	native_intact	ot_nolit__to__ot_all	background
BIVM	0	0	ot_all	native_intact	ot_nolit__to__ot_all	background
CCDC78	0	0	ot_all	native_intact	ot_nolit__to__ot_all	background
TOMM22	0	0	ot_all	native_intact	ot_nolit__to__ot_all	background
NPM3	0	0	ot_all	native_intact	ot_nolit__to__ot_all	background
ARHGEF7	0	0	ot_all	native_intact	ot_nolit__to__ot_all	background
FRMD8	0	0	ot_all	native_intact	ot_nolit__to__ot_all	background
RPL5	0	0	ot_all	native_intact	ot_nolit__to__ot_all	background
ADAM22	0	0	ot_all	native_intact	ot_nolit__to__ot_all	background
GCNT3	0	0	ot_all	native_intact	ot_nolit__to__ot_all	background
TMCO2	0	0	ot_all	native_intact	ot_nolit__to__ot_all	background
CHRDL2	0	0	ot_all	native_intact	ot_nolit__to__ot_all	background
H2AC25	0	0	ot_all	native_intact	ot_nolit__to__ot_all	background
SLC27A6	0	0	ot_all	native_intact	ot_nolit__to__ot_all	background
SHLD2	0	0	ot_all	native_intact	ot_nolit__to__ot_all	background
SYCN	0	0	ot_all	native_intact	ot_nolit__to__ot_all	background
CRYZL1	0	0	ot_all	native_intact	ot_nolit__to__ot_all	background
CLOCK	0	0	ot_all	native_intact	ot_nolit__to__ot_all	background
SSH3	0	0	ot_all	native_intact	ot_nolit__to__ot_all	background
DENND1B	0	0	ot_all	native_intact	ot_nolit__to__ot_all	background
PPA2	0	0	ot_all	native_intact	ot_nolit__to__ot_all	background
RAX	0	0	ot_all	native_intact	ot_nolit__to__ot_all	background
RASGRP3	0	0	ot_all	native_intact	ot_nolit__to__ot_all	background
LCE1C	0	0	ot_all	native_intact	ot_nolit__to__ot_all	background
AAMDC	0	0	ot_all	native_intact	ot_nolit__to__ot_all	background
NACA2	0	0	ot_all	native_intact	ot_nolit__to__ot_all	background
PPL	0	0	ot_all	native_intact	ot_nolit__to__ot_all	background
GALNT7	0	0	ot_all	native_intact	ot_nolit__to__ot_all	background
MRPS34	0	0	ot_all	native_intact	ot_nolit__to__ot_all	background
ATP6AP2	0	0	ot_all	native_intact	ot_nolit__to__ot_all	background
SUMF1	0	0	ot_all	native_intact	ot_nolit__to__ot_all	background
GTF2F2	0	0	ot_all	native_intact	ot_nolit__to__ot_all	background
MGST2	0	0	ot_all	native_intact	ot_nolit__to__ot_all	background
ZNF154	0	0	ot_all	native_intact	ot_nolit__to__ot_all	background
FRY	0	0	ot_all	native_intact	ot_nolit__to__ot_all	background
TMEM187	0	0	ot_all	native_intact	ot_nolit__to__ot_all	background
NRIP1	0	0	ot_all	native_intact	ot_nolit__to__ot_all	background
CD6	0	0	ot_all	native_intact	ot_nolit__to__ot_all	background
LCT	0	0	ot_all	native_intact	ot_nolit__to__ot_all	background
FUT8	0	0	ot_all	native_intact	ot_nolit__to__ot_all	background
TRIR	0	0	ot_all	native_intact	ot_nolit__to__ot_all	background
F9	0	0	ot_all	native_intact	ot_nolit__to__ot_all	background
FMO5	0	0	ot_all	native_intact	ot_nolit__to__ot_all	background
IDE	0	0	ot_all	native_intact	ot_nolit__to__ot_all	background
NCDN	0	0	ot_all	native_intact	ot_nolit__to__ot_all	background
M1AP	0	0	ot_all	native_intact	ot_nolit__to__ot_all	background
GGT2P	0	0	ot_all	native_intact	ot_nolit__to__ot_all	background
CCDC140	0	0	ot_all	native_intact	ot_nolit__to__ot_all	background
FAM221B	0	0	ot_all	native_intact	ot_nolit__to__ot_all	background
ZNF135	0	0	ot_all	native_intact	ot_nolit__to__ot_all	background
SALL1	0	0	ot_all	native_intact	ot_nolit__to__ot_all	background
NKG7	0	0	ot_all	native_intact	ot_nolit__to__ot_all	background
HIVEP3	0	0	ot_all	native_intact	ot_nolit__to__ot_all	background
PLEKHA7	0	0	ot_all	native_intact	ot_nolit__to__ot_all	background
VASH2	0	0	ot_all	native_intact	ot_nolit__to__ot_all	background
TM9SF3	0	0	ot_all	native_intact	ot_nolit__to__ot_all	background
ZNF492	0	0	ot_all	native_intact	ot_nolit__to__ot_all	background
KCNJ10	0	0	ot_all	native_intact	ot_nolit__to__ot_all	background
SIAH1	0	0	ot_all	native_intact	ot_nolit__to__ot_all	background
MOCS1	0	0	ot_all	native_intact	ot_nolit__to__ot_all	background
RCN3	0	0	ot_all	native_intact	ot_nolit__to__ot_all	background
ACOT7	0	0	ot_all	native_intact	ot_nolit__to__ot_all	background
SDR42E2	0	0	ot_all	native_intact	ot_nolit__to__ot_all	background
GET4	0	0	ot_all	native_intact	ot_nolit__to__ot_all	background
TPM2	0	0	ot_all	native_intact	ot_nolit__to__ot_all	background
CIBAR2	0	0	ot_all	native_intact	ot_nolit__to__ot_all	background
CBX6	0	0	ot_all	native_intact	ot_nolit__to__ot_all	background
NLRP3	0	0	ot_all	native_intact	ot_nolit__to__ot_all	background
FASTKD3	0	0	ot_all	native_intact	ot_nolit__to__ot_all	background
PUDP	0	0	ot_all	native_intact	ot_nolit__to__ot_all	background
SLC35E2A	0	0	ot_all	native_intact	ot_nolit__to__ot_all	background
MIEN1	0	0	ot_all	native_intact	ot_nolit__to__ot_all	background
FCHSD2	0	0	ot_all	native_intact	ot_nolit__to__ot_all	background
HEATR6	0	0	ot_all	native_intact	ot_nolit__to__ot_all	background
SEMA5B	0	0	ot_all	native_intact	ot_nolit__to__ot_all	background
TRAPPC5	0	0	ot_all	native_intact	ot_nolit__to__ot_all	background
CDK5RAP2	0	0	ot_all	native_intact	ot_nolit__to__ot_all	background
BTBD2	0	0	ot_all	native_intact	ot_nolit__to__ot_all	background
NRBP1	0	0	ot_all	native_intact	ot_nolit__to__ot_all	background
ZKSCAN1	0	0	ot_all	native_intact	ot_nolit__to__ot_all	background
FNDC8	0	0	ot_all	native_intact	ot_nolit__to__ot_all	background
NUP153	0	0	ot_all	native_intact	ot_nolit__to__ot_all	background
CENPC	0	0	ot_all	native_intact	ot_nolit__to__ot_all	background
TBC1D31	0	0	ot_all	native_intact	ot_nolit__to__ot_all	background
DIDO1	0	0	ot_all	native_intact	ot_nolit__to__ot_all	background
RFC5	0	0	ot_all	native_intact	ot_nolit__to__ot_all	background
COL11A1	0	0	ot_all	native_intact	ot_nolit__to__ot_all	background
ZNF160	0	0	ot_all	native_intact	ot_nolit__to__ot_all	background
PPP1R11	0	0	ot_all	native_intact	ot_nolit__to__ot_all	background
B4GAT1	0	0	ot_all	native_intact	ot_nolit__to__ot_all	background
ASZ1	0	0	ot_all	native_intact	ot_nolit__to__ot_all	background
GPR27	0	0	ot_all	native_intact	ot_nolit__to__ot_all	background
TMEM176B	0	0	ot_all	native_intact	ot_nolit__to__ot_all	background
SMURF1	0	0	ot_all	native_intact	ot_nolit__to__ot_all	background
ZKSCAN8	0	0	ot_all	native_intact	ot_nolit__to__ot_all	background
BATF3	0	0	ot_all	native_intact	ot_nolit__to__ot_all	background
MYH6	0	0	ot_all	native_intact	ot_nolit__to__ot_all	background
LUZP4	0	0	ot_all	native_intact	ot_nolit__to__ot_all	background
MMP7	0	0	ot_all	native_intact	ot_nolit__to__ot_all	background
GJA3	0	0	ot_all	native_intact	ot_nolit__to__ot_all	background
SMPX	0	0	ot_all	native_intact	ot_nolit__to__ot_all	background
CLEC5A	0	0	ot_all	native_intact	ot_nolit__to__ot_all	background
ZFYVE27	0	0	ot_all	native_intact	ot_nolit__to__ot_all	background
RAB21	0	0	ot_all	native_intact	ot_nolit__to__ot_all	background
BOD1L1	0	0	ot_all	native_intact	ot_nolit__to__ot_all	background
ABI3	0	0	ot_all	native_intact	ot_nolit__to__ot_all	background
CASQ1	0	0	ot_all	native_intact	ot_nolit__to__ot_all	background
DSG3	0	0	ot_all	native_intact	ot_nolit__to__ot_all	background
EFHC1	0	0	ot_all	native_intact	ot_nolit__to__ot_all	background
DDR2	1	1	ot_all	native_intact	ot_nolit__to__ot_all	target
NEK9	1	1	ot_all	native_intact	ot_nolit__to__ot_all	target
HAX1	1	1	ot_all	native_intact	ot_nolit__to__ot_all	target
KLF6	1	1	ot_all	native_intact	ot_nolit__to__ot_all	target
NOP10	1	1	ot_all	native_intact	ot_nolit__to__ot_all	target
FAS	1	1	ot_all	native_intact	ot_nolit__to__ot_all	target
ATR	1	1	ot_all	native_intact	ot_nolit__to__ot_all	target
EZH2	1	1	ot_all	native_intact	ot_nolit__to__ot_all	target
ROS1	1	1	ot_all	native_intact	ot_nolit__to__ot_all	target
CASP8	1	1	ot_all	native_intact	ot_nolit__to__ot_all	target
EXO1	1	1	ot_all	native_intact	ot_nolit__to__ot_all	target
CCND1	1	1	ot_all	native_intact	ot_nolit__to__ot_all	target
ERCC2	1	1	ot_all	native_intact	ot_nolit__to__ot_all	target
KDM6A	1	1	ot_all	native_intact	ot_nolit__to__ot_all	target
TSPYL1	1	1	ot_all	native_intact	ot_nolit__to__ot_all	target
JAK3	1	1	ot_all	native_intact	ot_nolit__to__ot_all	target
HHAT	1	1	ot_all	native_intact	ot_nolit__to__ot_all	target
ANTXR2	1	1	ot_all	native_intact	ot_nolit__to__ot_all	target
TINF2	1	1	ot_all	native_intact	ot_nolit__to__ot_all	target
NHP2	1	1	ot_all	native_intact	ot_nolit__to__ot_all	target
PTK6	1	1	ot_all	native_intact	ot_nolit__to__ot_all	target
PTPN11	1	1	ot_all	native_intact	ot_nolit__to__ot_all	target
NSDHL	1	1	ot_all	native_intact	ot_nolit__to__ot_all	target
CDH11	1	1	ot_all	native_intact	ot_nolit__to__ot_all	target
NRAS	1	1	ot_all	native_intact	ot_nolit__to__ot_all	target
TCF7L2	1	1	ot_all	native_intact	ot_nolit__to__ot_all	target
MT-CO1	1	1	ot_all	native_intact	ot_nolit__to__ot_all	target
BCL2	1	1	ot_all	native_intact	ot_nolit__to__ot_all	target
PIK3R1	1	1	ot_all	native_intact	ot_nolit__to__ot_all	target
SLF2	1	1	ot_all	native_intact	ot_nolit__to__ot_all	target
P2RY8	1	1	ot_all	native_intact	ot_nolit__to__ot_all	target
HAVCR2	1	1	ot_all	native_intact	ot_nolit__to__ot_all	target
WRAP53	1	1	ot_all	native_intact	ot_nolit__to__ot_all	target
TNFRSF14	1	1	ot_all	native_intact	ot_nolit__to__ot_all	target
PRKD1	1	1	ot_all	native_intact	ot_nolit__to__ot_all	target
FGF1	1	1	ot_all	native_intact	ot_nolit__to__ot_all	target
IKZF1	1	1	ot_all	native_intact	ot_nolit__to__ot_all	target
U2AF1	1	1	ot_all	native_intact	ot_nolit__to__ot_all	target
HRAS	1	1	ot_all	native_intact	ot_nolit__to__ot_all	target
SRD5A2	1	1	ot_all	native_intact	ot_nolit__to__ot_all	target
ELMO2	1	1	ot_all	native_intact	ot_nolit__to__ot_all	target
ELP1	1	1	ot_all	native_intact	ot_nolit__to__ot_all	target
MTAP	1	1	ot_all	native_intact	ot_nolit__to__ot_all	target
PBRM1	1	1	ot_all	native_intact	ot_nolit__to__ot_all	target
MAPK1	1	1	ot_all	native_intact	ot_nolit__to__ot_all	target
GPC3	1	1	ot_all	native_intact	ot_nolit__to__ot_all	target
IDH2	1	1	ot_all	native_intact	ot_nolit__to__ot_all	target
WIPF1	1	1	ot_all	native_intact	ot_nolit__to__ot_all	target
CRIPT	1	1	ot_all	native_intact	ot_nolit__to__ot_all	target
LATS2	1	1	ot_all	native_intact	ot_nolit__to__ot_all	target
AKR1C2	1	1	ot_all	native_intact	ot_nolit__to__ot_all	target
FASLG	1	1	ot_all	native_intact	ot_nolit__to__ot_all	target
FGFR2	1	1	ot_all	native_intact	ot_nolit__to__ot_all	target
TRIM28	1	1	ot_all	native_intact	ot_nolit__to__ot_all	target
TNFRSF13B	1	1	ot_all	native_intact	ot_nolit__to__ot_all	target
ARID5B	1	1	ot_all	native_intact	ot_nolit__to__ot_all	target
RBM10	1	1	ot_all	native_intact	ot_nolit__to__ot_all	target
IRF1	1	1	ot_all	native_intact	ot_nolit__to__ot_all	target
CD74	1	1	ot_all	native_intact	ot_nolit__to__ot_all	target
ING1	1	1	ot_all	native_intact	ot_nolit__to__ot_all	target
GCGR	1	1	ot_all	native_intact	ot_nolit__to__ot_all	target
AKT1	1	1	ot_all	native_intact	ot_nolit__to__ot_all	target
SDC4	1	1	ot_all	native_intact	ot_nolit__to__ot_all	target
FAT1	1	1	ot_all	native_intact	ot_nolit__to__ot_all	target
KEAP1	1	1	ot_all	native_intact	ot_nolit__to__ot_all	target
EML4	1	1	ot_all	native_intact	ot_nolit__to__ot_all	target
ITGB3	1	1	ot_all	native_intact	ot_nolit__to__ot_all	target
XPO1	1	1	ot_all	native_intact	ot_nolit__to__ot_all	target
EPHA3	1	1	ot_all	native_intact	ot_nolit__to__ot_all	target
TMPRSS2	1	1	ot_all	native_intact	ot_nolit__to__ot_all	target
FGF2	1	1	ot_all	native_intact	ot_nolit__to__ot_all	target
MITF	1	1	ot_all	native_intact	ot_nolit__to__ot_all	target
SAMD9L	1	1	ot_all	native_intact	ot_nolit__to__ot_all	target
MPL	1	1	ot_all	native_intact	ot_nolit__to__ot_all	target
MAPK3	1	1	ot_all	native_intact	ot_nolit__to__ot_all	target
GNAS	1	1	ot_all	native_intact	ot_nolit__to__ot_all	target
KHDC3L	1	1	ot_all	native_intact	ot_nolit__to__ot_all	target
MYC	1	1	ot_all	native_intact	ot_nolit__to__ot_all	target
GALNT3	1	1	ot_all	native_intact	ot_nolit__to__ot_all	target
NOTCH3	1	1	ot_all	native_intact	ot_nolit__to__ot_all	target
SPOP	1	1	ot_all	native_intact	ot_nolit__to__ot_all	target
PITX2	1	1	ot_all	native_intact	ot_nolit__to__ot_all	target
NLRP7	1	1	ot_all	native_intact	ot_nolit__to__ot_all	target
CTC1	1	1	ot_all	native_intact	ot_nolit__to__ot_all	target
ACD	1	1	ot_all	native_intact	ot_nolit__to__ot_all	target
SRGAP1	1	1	ot_all	native_intact	ot_nolit__to__ot_all	target
GALNT12	1	1	ot_all	native_intact	ot_nolit__to__ot_all	target
CDKN1A	1	1	ot_all	native_intact	ot_nolit__to__ot_all	target
DDX3X	1	1	ot_all	native_intact	ot_nolit__to__ot_all	target
NFIA	1	1	ot_all	native_intact	ot_nolit__to__ot_all	target
ESR1	1	1	ot_all	native_intact	ot_nolit__to__ot_all	target
CASP10	1	1	ot_all	native_intact	ot_nolit__to__ot_all	target
MFN2	1	1	ot_all	native_intact	ot_nolit__to__ot_all	target
TP63	1	1	ot_all	native_intact	ot_nolit__to__ot_all	target
HOXB13	1	1	ot_all	native_intact	ot_nolit__to__ot_all	target
KDM5C	1	1	ot_all	native_intact	ot_nolit__to__ot_all	target
ALK	1	1	ot_all	native_intact	ot_nolit__to__ot_all	target
CLCN2	1	1	ot_all	native_intact	ot_nolit__to__ot_all	target
CDKN1C	1	1	ot_all	native_intact	ot_nolit__to__ot_all	target
SH3BP2	1	1	ot_all	native_intact	ot_nolit__to__ot_all	target
PRKCD	1	1	ot_all	native_intact	ot_nolit__to__ot_all	target
NTRK3	1	1	ot_all	native_intact	ot_nolit__to__ot_all	target
CYP11A1	1	1	ot_all	native_intact	ot_nolit__to__ot_all	target
CBL	1	1	ot_all	native_intact	ot_nolit__to__ot_all	target
EXT1	1	1	ot_all	native_intact	ot_nolit__to__ot_all	target
NPM1	1	1	ot_all	native_intact	ot_nolit__to__ot_all	target
REST	1	1	ot_all	native_intact	ot_nolit__to__ot_all	target
MLH3	1	1	ot_all	native_intact	ot_nolit__to__ot_all	target
PIK3R2	1	1	ot_all	native_intact	ot_nolit__to__ot_all	target
GPR161	1	1	ot_all	native_intact	ot_nolit__to__ot_all	target
SETBP1	1	1	ot_all	native_intact	ot_nolit__to__ot_all	target
SETD2	1	1	ot_all	native_intact	ot_nolit__to__ot_all	target
CYLD	1	1	ot_all	native_intact	ot_nolit__to__ot_all	target
NFE2L2	1	1	ot_all	native_intact	ot_nolit__to__ot_all	target
DLST	1	1	ot_all	native_intact	ot_nolit__to__ot_all	target
DCLRE1B	1	1	ot_all	native_intact	ot_nolit__to__ot_all	target
SAMD9	1	1	ot_all	native_intact	ot_nolit__to__ot_all	target
SLC25A11	1	1	ot_all	native_intact	ot_nolit__to__ot_all	target
CASR	1	1	ot_all	native_intact	ot_nolit__to__ot_all	target
GATA3	1	1	ot_all	native_intact	ot_nolit__to__ot_all	target
SMO	1	1	ot_all	native_intact	ot_nolit__to__ot_all	target
DHH	1	1	ot_all	native_intact	ot_nolit__to__ot_all	target
PRKCB	1	1	ot_all	native_intact	ot_nolit__to__ot_all	target
PARN	1	1	ot_all	native_intact	ot_nolit__to__ot_all	target
KRAS	1	1	ot_all	native_intact	ot_nolit__to__ot_all	target
EPAS1	1	1	ot_all	native_intact	ot_nolit__to__ot_all	target
PTPN14	1	1	ot_all	native_intact	ot_nolit__to__ot_all	target
RSPO1	1	1	ot_all	native_intact	ot_nolit__to__ot_all	target
SPRTN	1	1	ot_all	native_intact	ot_nolit__to__ot_all	target
CCDC6	1	1	ot_all	native_intact	ot_nolit__to__ot_all	target
BUB1B	1	1	ot_all	native_intact	ot_nolit__to__ot_all	target
EXT2	1	1	ot_all	native_intact	ot_nolit__to__ot_all	target
RUNX1	1	1	ot_all	native_intact	ot_nolit__to__ot_all	target
ARID2	1	1	ot_all	native_intact	ot_nolit__to__ot_all	target
CD79B	1	1	ot_all	native_intact	ot_nolit__to__ot_all	target
PAX3	1	1	ot_all	native_intact	ot_nolit__to__ot_all	target
GATA2	1	1	ot_all	native_intact	ot_nolit__to__ot_all	target
ANAPC1	1	1	ot_all	native_intact	ot_nolit__to__ot_all	target
EPCAM	1	1	ot_all	native_intact	ot_nolit__to__ot_all	target
ELAC2	1	1	ot_all	native_intact	ot_nolit__to__ot_all	target
ATRX	1	1	ot_all	native_intact	ot_nolit__to__ot_all	target
CEP57	1	1	ot_all	native_intact	ot_nolit__to__ot_all	target
HNF1B	1	1	ot_all	native_intact	ot_nolit__to__ot_all	target
NSD1	1	1	ot_all	native_intact	ot_nolit__to__ot_all	target
SMC5	1	1	ot_all	native_intact	ot_nolit__to__ot_all	target
STRN	1	1	ot_all	native_intact	ot_nolit__to__ot_all	target
TRIP13	1	1	ot_all	native_intact	ot_nolit__to__ot_all	target
XPA	1	1	ot_all	native_intact	ot_nolit__to__ot_all	target
KRT13	1	1	ot_all	native_intact	ot_nolit__to__ot_all	target
FBXW7	1	1	ot_all	native_intact	ot_nolit__to__ot_all	target
HSP90AA1	1	1	ot_all	native_intact	ot_nolit__to__ot_all	target
KRT4	1	1	ot_all	native_intact	ot_nolit__to__ot_all	target
PAX5	1	1	ot_all	native_intact	ot_nolit__to__ot_all	target
PIK3CB	1	1	ot_all	native_intact	ot_nolit__to__ot_all	target
BCL9L	1	1	ot_all	native_intact	ot_nolit__to__ot_all	target
NTRK2	1	1	ot_all	native_intact	ot_nolit__to__ot_all	target
IGF2	1	1	ot_all	native_intact	ot_nolit__to__ot_all	target
TBL1XR1	1	1	ot_all	native_intact	ot_nolit__to__ot_all	target
CDK12	1	1	ot_all	native_intact	ot_nolit__to__ot_all	target
ZFHX3	1	1	ot_all	native_intact	ot_nolit__to__ot_all	target
JAK2	1	1	ot_all	native_intact	ot_nolit__to__ot_all	target
DLL3	1	1	ot_all	native_intact	ot_nolit__to__ot_all	target
B2M	1	1	ot_all	native_intact	ot_nolit__to__ot_all	target
ENG	1	1	ot_all	native_intact	ot_nolit__to__ot_all	target
FANCD2	1	1	ot_all	native_intact	ot_nolit__to__ot_all	target
GCM2	1	1	ot_all	native_intact	ot_nolit__to__ot_all	target
PPP6C	1	1	ot_all	native_intact	ot_nolit__to__ot_all	target
MXRA5	1	0	ot_all	native_intact	ot_nolit__to__ot_all	background
NUP50	1	0	ot_all	native_intact	ot_nolit__to__ot_all	background
RBPMS2	1	0	ot_all	native_intact	ot_nolit__to__ot_all	background
LCN6	1	0	ot_all	native_intact	ot_nolit__to__ot_all	background
SRRM1	1	0	ot_all	native_intact	ot_nolit__to__ot_all	background
SDK2	1	0	ot_all	native_intact	ot_nolit__to__ot_all	background
SIPA1L2	1	0	ot_all	native_intact	ot_nolit__to__ot_all	background
MLPH	1	0	ot_all	native_intact	ot_nolit__to__ot_all	background
ZNG1A	1	0	ot_all	native_intact	ot_nolit__to__ot_all	background
TSPAN16	1	0	ot_all	native_intact	ot_nolit__to__ot_all	background
USH1G	1	0	ot_all	native_intact	ot_nolit__to__ot_all	background
NADK2	1	0	ot_all	native_intact	ot_nolit__to__ot_all	background
TTLL13	1	0	ot_all	native_intact	ot_nolit__to__ot_all	background
CA10	1	0	ot_all	native_intact	ot_nolit__to__ot_all	background
ORAI2	1	0	ot_all	native_intact	ot_nolit__to__ot_all	background
PAK1IP1	1	0	ot_all	native_intact	ot_nolit__to__ot_all	background
SPECC1	1	0	ot_all	native_intact	ot_nolit__to__ot_all	background
PCDHGB7	1	0	ot_all	native_intact	ot_nolit__to__ot_all	background
G6PD	1	0	ot_all	native_intact	ot_nolit__to__ot_all	background
ELAPOR1	1	0	ot_all	native_intact	ot_nolit__to__ot_all	background
SIN3B	1	0	ot_all	native_intact	ot_nolit__to__ot_all	background
ZFC3H1	1	0	ot_all	native_intact	ot_nolit__to__ot_all	background
ACR	1	0	ot_all	native_intact	ot_nolit__to__ot_all	background
PRAMEF20	1	0	ot_all	native_intact	ot_nolit__to__ot_all	background
PNMT	1	0	ot_all	native_intact	ot_nolit__to__ot_all	background
MED28	1	0	ot_all	native_intact	ot_nolit__to__ot_all	background
HSPA1B	1	0	ot_all	native_intact	ot_nolit__to__ot_all	background
FBXO4	1	0	ot_all	native_intact	ot_nolit__to__ot_all	background
PRNP	1	0	ot_all	native_intact	ot_nolit__to__ot_all	background
GRIN2A	1	0	ot_all	native_intact	ot_nolit__to__ot_all	background
AFTPH	1	0	ot_all	native_intact	ot_nolit__to__ot_all	background
SCOC	1	0	ot_all	native_intact	ot_nolit__to__ot_all	background
PABPC4	1	0	ot_all	native_intact	ot_nolit__to__ot_all	background
ZNF704	1	0	ot_all	native_intact	ot_nolit__to__ot_all	background
HLA-DRA	1	0	ot_all	native_intact	ot_nolit__to__ot_all	background
PDZD4	1	0	ot_all	native_intact	ot_nolit__to__ot_all	background
FAM107A	1	0	ot_all	native_intact	ot_nolit__to__ot_all	background
PANX3	1	0	ot_all	native_intact	ot_nolit__to__ot_all	background
KLK8	1	0	ot_all	native_intact	ot_nolit__to__ot_all	background
OR13G1	1	0	ot_all	native_intact	ot_nolit__to__ot_all	background
SRR	1	0	ot_all	native_intact	ot_nolit__to__ot_all	background
GPN2	1	0	ot_all	native_intact	ot_nolit__to__ot_all	background
MYO1A	1	0	ot_all	native_intact	ot_nolit__to__ot_all	background
CDHR4	1	0	ot_all	native_intact	ot_nolit__to__ot_all	background
ID2	1	0	ot_all	native_intact	ot_nolit__to__ot_all	background
EMP2	1	0	ot_all	native_intact	ot_nolit__to__ot_all	background
PDE6H	1	0	ot_all	native_intact	ot_nolit__to__ot_all	background
SPATA6L	1	0	ot_all	native_intact	ot_nolit__to__ot_all	background
MACF1	1	0	ot_all	native_intact	ot_nolit__to__ot_all	background
TRIM69	1	0	ot_all	native_intact	ot_nolit__to__ot_all	background
PRG4	1	0	ot_all	native_intact	ot_nolit__to__ot_all	background
GDF3	1	0	ot_all	native_intact	ot_nolit__to__ot_all	background
TMPO	1	0	ot_all	native_intact	ot_nolit__to__ot_all	background
C2orf78	1	0	ot_all	native_intact	ot_nolit__to__ot_all	background
IFT70A	1	0	ot_all	native_intact	ot_nolit__to__ot_all	background
DEFB131A	1	0	ot_all	native_intact	ot_nolit__to__ot_all	background
MYEF2	1	0	ot_all	native_intact	ot_nolit__to__ot_all	background
DAZL	1	0	ot_all	native_intact	ot_nolit__to__ot_all	background
OSGIN2	1	0	ot_all	native_intact	ot_nolit__to__ot_all	background
RBBP4	1	0	ot_all	native_intact	ot_nolit__to__ot_all	background
TIMM29	1	0	ot_all	native_intact	ot_nolit__to__ot_all	background
RNF215	1	0	ot_all	native_intact	ot_nolit__to__ot_all	background
CISD2	1	0	ot_all	native_intact	ot_nolit__to__ot_all	background
PERP	1	0	ot_all	native_intact	ot_nolit__to__ot_all	background
UBXN4	1	0	ot_all	native_intact	ot_nolit__to__ot_all	background
NLRC3	1	0	ot_all	native_intact	ot_nolit__to__ot_all	background
FAIM	1	0	ot_all	native_intact	ot_nolit__to__ot_all	background
NABP1	1	0	ot_all	native_intact	ot_nolit__to__ot_all	background
IPO9	1	0	ot_all	native_intact	ot_nolit__to__ot_all	background
SH2D3C	1	0	ot_all	native_intact	ot_nolit__to__ot_all	background
PGM2	1	0	ot_all	native_intact	ot_nolit__to__ot_all	background
ETAA1	1	0	ot_all	native_intact	ot_nolit__to__ot_all	background
VMA12	1	0	ot_all	native_intact	ot_nolit__to__ot_all	background
PNKP	1	0	ot_all	native_intact	ot_nolit__to__ot_all	background
ARL11	1	0	ot_all	native_intact	ot_nolit__to__ot_all	background
PRDX6	1	0	ot_all	native_intact	ot_nolit__to__ot_all	background
PARG	1	0	ot_all	native_intact	ot_nolit__to__ot_all	background
GNAT1	1	0	ot_all	native_intact	ot_nolit__to__ot_all	background
CCN6	1	0	ot_all	native_intact	ot_nolit__to__ot_all	background
PDS5A	1	0	ot_all	native_intact	ot_nolit__to__ot_all	background
MAMDC2	1	0	ot_all	native_intact	ot_nolit__to__ot_all	background
SLC25A39	1	0	ot_all	native_intact	ot_nolit__to__ot_all	background
THNSL2	1	0	ot_all	native_intact	ot_nolit__to__ot_all	background
STK11IP	1	0	ot_all	native_intact	ot_nolit__to__ot_all	background
CXCL16	1	0	ot_all	native_intact	ot_nolit__to__ot_all	background
GRM2	1	0	ot_all	native_intact	ot_nolit__to__ot_all	background
HPD	1	0	ot_all	native_intact	ot_nolit__to__ot_all	background
MAT2B	1	0	ot_all	native_intact	ot_nolit__to__ot_all	background
TMEM45A	1	0	ot_all	native_intact	ot_nolit__to__ot_all	background
TRIM11	1	0	ot_all	native_intact	ot_nolit__to__ot_all	background
DIRAS3	1	0	ot_all	native_intact	ot_nolit__to__ot_all	background
KRTAP5-7	1	0	ot_all	native_intact	ot_nolit__to__ot_all	background
OPTC	1	0	ot_all	native_intact	ot_nolit__to__ot_all	background
CLUHP3	1	0	ot_all	native_intact	ot_nolit__to__ot_all	background
PLXNB1	1	0	ot_all	native_intact	ot_nolit__to__ot_all	background
CIMIP1	1	0	ot_all	native_intact	ot_nolit__to__ot_all	background
IL21R	1	0	ot_all	native_intact	ot_nolit__to__ot_all	background
AQP6	1	0	ot_all	native_intact	ot_nolit__to__ot_all	background
GUCY1B2	1	0	ot_all	native_intact	ot_nolit__to__ot_all	background
CRPPA	1	0	ot_all	native_intact	ot_nolit__to__ot_all	background
TSLIG3C	1	0	ot_all	native_intact	ot_nolit__to__ot_all	background
RAPGEF6	1	0	ot_all	native_intact	ot_nolit__to__ot_all	background
POMT1	1	0	ot_all	native_intact	ot_nolit__to__ot_all	background
APLP2	1	0	ot_all	native_intact	ot_nolit__to__ot_all	background
BORCS5	1	0	ot_all	native_intact	ot_nolit__to__ot_all	background
ADRB3	1	0	ot_all	native_intact	ot_nolit__to__ot_all	background
NAIP	1	0	ot_all	native_intact	ot_nolit__to__ot_all	background
DPP10	1	0	ot_all	native_intact	ot_nolit__to__ot_all	background
ECT2L	1	0	ot_all	native_intact	ot_nolit__to__ot_all	background
LGI3	1	0	ot_all	native_intact	ot_nolit__to__ot_all	background
MPHOSPH6	1	0	ot_all	native_intact	ot_nolit__to__ot_all	background
TOMM20	1	0	ot_all	native_intact	ot_nolit__to__ot_all	background
MTMR7	1	0	ot_all	native_intact	ot_nolit__to__ot_all	background
TMPRSS9	1	0	ot_all	native_intact	ot_nolit__to__ot_all	background
ANKRD23	1	0	ot_all	native_intact	ot_nolit__to__ot_all	background
TRAPPC2L	1	0	ot_all	native_intact	ot_nolit__to__ot_all	background
ZMAT4	1	0	ot_all	native_intact	ot_nolit__to__ot_all	background
GGTLC3	1	0	ot_all	native_intact	ot_nolit__to__ot_all	background
LPAR2	1	0	ot_all	native_intact	ot_nolit__to__ot_all	background
OR52I1	1	0	ot_all	native_intact	ot_nolit__to__ot_all	background
PLTP	1	0	ot_all	native_intact	ot_nolit__to__ot_all	background
TSEN2	1	0	ot_all	native_intact	ot_nolit__to__ot_all	background
C1orf116	1	0	ot_all	native_intact	ot_nolit__to__ot_all	background
DNAJC2	1	0	ot_all	native_intact	ot_nolit__to__ot_all	background
ATP5ME	1	0	ot_all	native_intact	ot_nolit__to__ot_all	background
VMP1	1	0	ot_all	native_intact	ot_nolit__to__ot_all	background
TSPAN12	1	0	ot_all	native_intact	ot_nolit__to__ot_all	background
GFM2	1	0	ot_all	native_intact	ot_nolit__to__ot_all	background
SOD1	1	0	ot_all	native_intact	ot_nolit__to__ot_all	background
SERPINF2	1	0	ot_all	native_intact	ot_nolit__to__ot_all	background
ATP5F1C	1	0	ot_all	native_intact	ot_nolit__to__ot_all	background
ARR3	1	0	ot_all	native_intact	ot_nolit__to__ot_all	background
TMC2	1	0	ot_all	native_intact	ot_nolit__to__ot_all	background
SCHIP1	1	0	ot_all	native_intact	ot_nolit__to__ot_all	background
TIMM8A	1	0	ot_all	native_intact	ot_nolit__to__ot_all	background
TDRD10	1	0	ot_all	native_intact	ot_nolit__to__ot_all	background
CRAMP1	1	0	ot_all	native_intact	ot_nolit__to__ot_all	background
ZNF593	1	0	ot_all	native_intact	ot_nolit__to__ot_all	background
TMEM115	1	0	ot_all	native_intact	ot_nolit__to__ot_all	background
ZC3H4	1	0	ot_all	native_intact	ot_nolit__to__ot_all	background
HLA-DRB4	1	0	ot_all	native_intact	ot_nolit__to__ot_all	background
RRN3P2	1	0	ot_all	native_intact	ot_nolit__to__ot_all	background
B3GNT3	1	0	ot_all	native_intact	ot_nolit__to__ot_all	background
AARD	1	0	ot_all	native_intact	ot_nolit__to__ot_all	background
TMEM43	1	0	ot_all	native_intact	ot_nolit__to__ot_all	background
HPX	1	0	ot_all	native_intact	ot_nolit__to__ot_all	background
CYSTM1	1	0	ot_all	native_intact	ot_nolit__to__ot_all	background
PLPP4	1	0	ot_all	native_intact	ot_nolit__to__ot_all	background
RNASE3	1	0	ot_all	native_intact	ot_nolit__to__ot_all	background
PTRHD1	1	0	ot_all	native_intact	ot_nolit__to__ot_all	background
CASP8AP2	1	0	ot_all	native_intact	ot_nolit__to__ot_all	background
CRLF2	1	0	ot_all	native_intact	ot_nolit__to__ot_all	background
ZNF221	1	0	ot_all	native_intact	ot_nolit__to__ot_all	background
MROH2A	1	0	ot_all	native_intact	ot_nolit__to__ot_all	background
PRELP	1	0	ot_all	native_intact	ot_nolit__to__ot_all	background
CPB1	1	0	ot_all	native_intact	ot_nolit__to__ot_all	background
LGR6	1	0	ot_all	native_intact	ot_nolit__to__ot_all	background
ZNF626	1	0	ot_all	native_intact	ot_nolit__to__ot_all	background
SLC22A17	1	0	ot_all	native_intact	ot_nolit__to__ot_all	background
GET1	1	0	ot_all	native_intact	ot_nolit__to__ot_all	background
NCK1	1	0	ot_all	native_intact	ot_nolit__to__ot_all	background
LONP2	1	0	ot_all	native_intact	ot_nolit__to__ot_all	background
GABARAP	1	0	ot_all	native_intact	ot_nolit__to__ot_all	background
AHR	1	0	ot_all	native_intact	ot_nolit__to__ot_all	background
GBA1	1	0	ot_all	native_intact	ot_nolit__to__ot_all	background
SIX3	1	0	ot_all	native_intact	ot_nolit__to__ot_all	background
LAMC3	1	0	ot_all	native_intact	ot_nolit__to__ot_all	background
PDHA2	1	0	ot_all	native_intact	ot_nolit__to__ot_all	background
RPS4Y1	1	0	ot_all	native_intact	ot_nolit__to__ot_all	background
PRKRA	1	0	ot_all	native_intact	ot_nolit__to__ot_all	background
PPIAL4D	1	0	ot_all	native_intact	ot_nolit__to__ot_all	background
TMEM54	1	0	ot_all	native_intact	ot_nolit__to__ot_all	background
NAV2	1	0	ot_all	native_intact	ot_nolit__to__ot_all	background
CDC50CP	1	0	ot_all	native_intact	ot_nolit__to__ot_all	background
GTF3C3	1	0	ot_all	native_intact	ot_nolit__to__ot_all	background
SKIL	1	0	ot_all	native_intact	ot_nolit__to__ot_all	background
WASF1	1	0	ot_all	native_intact	ot_nolit__to__ot_all	background
ATXN3L	1	0	ot_all	native_intact	ot_nolit__to__ot_all	background
WFDC10B	1	0	ot_all	native_intact	ot_nolit__to__ot_all	background
PPP1R2	1	0	ot_all	native_intact	ot_nolit__to__ot_all	background
TMEM106A	1	0	ot_all	native_intact	ot_nolit__to__ot_all	background
SLC30A10	1	0	ot_all	native_intact	ot_nolit__to__ot_all	background
CPNE9	1	0	ot_all	native_intact	ot_nolit__to__ot_all	background
OAZ3	1	0	ot_all	native_intact	ot_nolit__to__ot_all	background
IFITM1	1	0	ot_all	native_intact	ot_nolit__to__ot_all	background
WFDC9	1	0	ot_all	native_intact	ot_nolit__to__ot_all	background
CEACAM1	1	0	ot_all	native_intact	ot_nolit__to__ot_all	background
RORA	1	0	ot_all	native_intact	ot_nolit__to__ot_all	background
TMBIM1	1	0	ot_all	native_intact	ot_nolit__to__ot_all	background
PPARD	1	0	ot_all	native_intact	ot_nolit__to__ot_all	background
C9orf78	1	0	ot_all	native_intact	ot_nolit__to__ot_all	background
CDK7	1	0	ot_all	native_intact	ot_nolit__to__ot_all	background
BMERB1	1	0	ot_all	native_intact	ot_nolit__to__ot_all	background
HDC	1	0	ot_all	native_intact	ot_nolit__to__ot_all	background
ABCA1	1	0	ot_all	native_intact	ot_nolit__to__ot_all	background
ASIC2	1	0	ot_all	native_intact	ot_nolit__to__ot_all	background
CDH5	1	0	ot_all	native_intact	ot_nolit__to__ot_all	background
BLID	1	0	ot_all	native_intact	ot_nolit__to__ot_all	background
SLC5A4	1	0	ot_all	native_intact	ot_nolit__to__ot_all	background
TMEM182	1	0	ot_all	native_intact	ot_nolit__to__ot_all	background
DDR2	2	1	ot_all	native_intact	ot_nolit__to__ot_all	target
NEK9	2	1	ot_all	native_intact	ot_nolit__to__ot_all	target
HAX1	2	1	ot_all	native_intact	ot_nolit__to__ot_all	target
KLF6	2	1	ot_all	native_intact	ot_nolit__to__ot_all	target
NOP10	2	1	ot_all	native_intact	ot_nolit__to__ot_all	target
FAS	2	1	ot_all	native_intact	ot_nolit__to__ot_all	target
ATR	2	1	ot_all	native_intact	ot_nolit__to__ot_all	target
EZH2	2	1	ot_all	native_intact	ot_nolit__to__ot_all	target
ROS1	2	1	ot_all	native_intact	ot_nolit__to__ot_all	target
CASP8	2	1	ot_all	native_intact	ot_nolit__to__ot_all	target
EXO1	2	1	ot_all	native_intact	ot_nolit__to__ot_all	target
CCND1	2	1	ot_all	native_intact	ot_nolit__to__ot_all	target
ERCC2	2	1	ot_all	native_intact	ot_nolit__to__ot_all	target
KDM6A	2	1	ot_all	native_intact	ot_nolit__to__ot_all	target
TSPYL1	2	1	ot_all	native_intact	ot_nolit__to__ot_all	target
JAK3	2	1	ot_all	native_intact	ot_nolit__to__ot_all	target
HHAT	2	1	ot_all	native_intact	ot_nolit__to__ot_all	target
ANTXR2	2	1	ot_all	native_intact	ot_nolit__to__ot_all	target
TINF2	2	1	ot_all	native_intact	ot_nolit__to__ot_all	target
NHP2	2	1	ot_all	native_intact	ot_nolit__to__ot_all	target
PTK6	2	1	ot_all	native_intact	ot_nolit__to__ot_all	target
PTPN11	2	1	ot_all	native_intact	ot_nolit__to__ot_all	target
NSDHL	2	1	ot_all	native_intact	ot_nolit__to__ot_all	target
CDH11	2	1	ot_all	native_intact	ot_nolit__to__ot_all	target
NRAS	2	1	ot_all	native_intact	ot_nolit__to__ot_all	target
TCF7L2	2	1	ot_all	native_intact	ot_nolit__to__ot_all	target
MT-CO1	2	1	ot_all	native_intact	ot_nolit__to__ot_all	target
BCL2	2	1	ot_all	native_intact	ot_nolit__to__ot_all	target
PIK3R1	2	1	ot_all	native_intact	ot_nolit__to__ot_all	target
SLF2	2	1	ot_all	native_intact	ot_nolit__to__ot_all	target
P2RY8	2	1	ot_all	native_intact	ot_nolit__to__ot_all	target
HAVCR2	2	1	ot_all	native_intact	ot_nolit__to__ot_all	target
WRAP53	2	1	ot_all	native_intact	ot_nolit__to__ot_all	target
TNFRSF14	2	1	ot_all	native_intact	ot_nolit__to__ot_all	target
PRKD1	2	1	ot_all	native_intact	ot_nolit__to__ot_all	target
FGF1	2	1	ot_all	native_intact	ot_nolit__to__ot_all	target
IKZF1	2	1	ot_all	native_intact	ot_nolit__to__ot_all	target
U2AF1	2	1	ot_all	native_intact	ot_nolit__to__ot_all	target
HRAS	2	1	ot_all	native_intact	ot_nolit__to__ot_all	target
SRD5A2	2	1	ot_all	native_intact	ot_nolit__to__ot_all	target
ELMO2	2	1	ot_all	native_intact	ot_nolit__to__ot_all	target
ELP1	2	1	ot_all	native_intact	ot_nolit__to__ot_all	target
MTAP	2	1	ot_all	native_intact	ot_nolit__to__ot_all	target
PBRM1	2	1	ot_all	native_intact	ot_nolit__to__ot_all	target
MAPK1	2	1	ot_all	native_intact	ot_nolit__to__ot_all	target
GPC3	2	1	ot_all	native_intact	ot_nolit__to__ot_all	target
IDH2	2	1	ot_all	native_intact	ot_nolit__to__ot_all	target
WIPF1	2	1	ot_all	native_intact	ot_nolit__to__ot_all	target
CRIPT	2	1	ot_all	native_intact	ot_nolit__to__ot_all	target
LATS2	2	1	ot_all	native_intact	ot_nolit__to__ot_all	target
AKR1C2	2	1	ot_all	native_intact	ot_nolit__to__ot_all	target
FASLG	2	1	ot_all	native_intact	ot_nolit__to__ot_all	target
FGFR2	2	1	ot_all	native_intact	ot_nolit__to__ot_all	target
TRIM28	2	1	ot_all	native_intact	ot_nolit__to__ot_all	target
TNFRSF13B	2	1	ot_all	native_intact	ot_nolit__to__ot_all	target
ARID5B	2	1	ot_all	native_intact	ot_nolit__to__ot_all	target
RBM10	2	1	ot_all	native_intact	ot_nolit__to__ot_all	target
IRF1	2	1	ot_all	native_intact	ot_nolit__to__ot_all	target
CD74	2	1	ot_all	native_intact	ot_nolit__to__ot_all	target
ING1	2	1	ot_all	native_intact	ot_nolit__to__ot_all	target
GCGR	2	1	ot_all	native_intact	ot_nolit__to__ot_all	target
AKT1	2	1	ot_all	native_intact	ot_nolit__to__ot_all	target
SDC4	2	1	ot_all	native_intact	ot_nolit__to__ot_all	target
FAT1	2	1	ot_all	native_intact	ot_nolit__to__ot_all	target
KEAP1	2	1	ot_all	native_intact	ot_nolit__to__ot_all	target
EML4	2	1	ot_all	native_intact	ot_nolit__to__ot_all	target
ITGB3	2	1	ot_all	native_intact	ot_nolit__to__ot_all	target
XPO1	2	1	ot_all	native_intact	ot_nolit__to__ot_all	target
EPHA3	2	1	ot_all	native_intact	ot_nolit__to__ot_all	target
TMPRSS2	2	1	ot_all	native_intact	ot_nolit__to__ot_all	target
FGF2	2	1	ot_all	native_intact	ot_nolit__to__ot_all	target
MITF	2	1	ot_all	native_intact	ot_nolit__to__ot_all	target
SAMD9L	2	1	ot_all	native_intact	ot_nolit__to__ot_all	target
MPL	2	1	ot_all	native_intact	ot_nolit__to__ot_all	target
MAPK3	2	1	ot_all	native_intact	ot_nolit__to__ot_all	target
GNAS	2	1	ot_all	native_intact	ot_nolit__to__ot_all	target
KHDC3L	2	1	ot_all	native_intact	ot_nolit__to__ot_all	target
MYC	2	1	ot_all	native_intact	ot_nolit__to__ot_all	target
GALNT3	2	1	ot_all	native_intact	ot_nolit__to__ot_all	target
NOTCH3	2	1	ot_all	native_intact	ot_nolit__to__ot_all	target
SPOP	2	1	ot_all	native_intact	ot_nolit__to__ot_all	target
PITX2	2	1	ot_all	native_intact	ot_nolit__to__ot_all	target
NLRP7	2	1	ot_all	native_intact	ot_nolit__to__ot_all	target
CTC1	2	1	ot_all	native_intact	ot_nolit__to__ot_all	target
ACD	2	1	ot_all	native_intact	ot_nolit__to__ot_all	target
SRGAP1	2	1	ot_all	native_intact	ot_nolit__to__ot_all	target
GALNT12	2	1	ot_all	native_intact	ot_nolit__to__ot_all	target
CDKN1A	2	1	ot_all	native_intact	ot_nolit__to__ot_all	target
DDX3X	2	1	ot_all	native_intact	ot_nolit__to__ot_all	target
NFIA	2	1	ot_all	native_intact	ot_nolit__to__ot_all	target
ESR1	2	1	ot_all	native_intact	ot_nolit__to__ot_all	target
CASP10	2	1	ot_all	native_intact	ot_nolit__to__ot_all	target
MFN2	2	1	ot_all	native_intact	ot_nolit__to__ot_all	target
TP63	2	1	ot_all	native_intact	ot_nolit__to__ot_all	target
HOXB13	2	1	ot_all	native_intact	ot_nolit__to__ot_all	target
KDM5C	2	1	ot_all	native_intact	ot_nolit__to__ot_all	target
ALK	2	1	ot_all	native_intact	ot_nolit__to__ot_all	target
CLCN2	2	1	ot_all	native_intact	ot_nolit__to__ot_all	target
CDKN1C	2	1	ot_all	native_intact	ot_nolit__to__ot_all	target
SH3BP2	2	1	ot_all	native_intact	ot_nolit__to__ot_all	target
PRKCD	2	1	ot_all	native_intact	ot_nolit__to__ot_all	target
NTRK3	2	1	ot_all	native_intact	ot_nolit__to__ot_all	target
CYP11A1	2	1	ot_all	native_intact	ot_nolit__to__ot_all	target
CBL	2	1	ot_all	native_intact	ot_nolit__to__ot_all	target
EXT1	2	1	ot_all	native_intact	ot_nolit__to__ot_all	target
NPM1	2	1	ot_all	native_intact	ot_nolit__to__ot_all	target
REST	2	1	ot_all	native_intact	ot_nolit__to__ot_all	target
MLH3	2	1	ot_all	native_intact	ot_nolit__to__ot_all	target
PIK3R2	2	1	ot_all	native_intact	ot_nolit__to__ot_all	target
GPR161	2	1	ot_all	native_intact	ot_nolit__to__ot_all	target
SETBP1	2	1	ot_all	native_intact	ot_nolit__to__ot_all	target
SETD2	2	1	ot_all	native_intact	ot_nolit__to__ot_all	target
CYLD	2	1	ot_all	native_intact	ot_nolit__to__ot_all	target
NFE2L2	2	1	ot_all	native_intact	ot_nolit__to__ot_all	target
DLST	2	1	ot_all	native_intact	ot_nolit__to__ot_all	target
DCLRE1B	2	1	ot_all	native_intact	ot_nolit__to__ot_all	target
SAMD9	2	1	ot_all	native_intact	ot_nolit__to__ot_all	target
SLC25A11	2	1	ot_all	native_intact	ot_nolit__to__ot_all	target
CASR	2	1	ot_all	native_intact	ot_nolit__to__ot_all	target
GATA3	2	1	ot_all	native_intact	ot_nolit__to__ot_all	target
SMO	2	1	ot_all	native_intact	ot_nolit__to__ot_all	target
DHH	2	1	ot_all	native_intact	ot_nolit__to__ot_all	target
PRKCB	2	1	ot_all	native_intact	ot_nolit__to__ot_all	target
PARN	2	1	ot_all	native_intact	ot_nolit__to__ot_all	target
KRAS	2	1	ot_all	native_intact	ot_nolit__to__ot_all	target
EPAS1	2	1	ot_all	native_intact	ot_nolit__to__ot_all	target
PTPN14	2	1	ot_all	native_intact	ot_nolit__to__ot_all	target
RSPO1	2	1	ot_all	native_intact	ot_nolit__to__ot_all	target
SPRTN	2	1	ot_all	native_intact	ot_nolit__to__ot_all	target
CCDC6	2	1	ot_all	native_intact	ot_nolit__to__ot_all	target
BUB1B	2	1	ot_all	native_intact	ot_nolit__to__ot_all	target
EXT2	2	1	ot_all	native_intact	ot_nolit__to__ot_all	target
RUNX1	2	1	ot_all	native_intact	ot_nolit__to__ot_all	target
ARID2	2	1	ot_all	native_intact	ot_nolit__to__ot_all	target
CD79B	2	1	ot_all	native_intact	ot_nolit__to__ot_all	target
PAX3	2	1	ot_all	native_intact	ot_nolit__to__ot_all	target
GATA2	2	1	ot_all	native_intact	ot_nolit__to__ot_all	target
ANAPC1	2	1	ot_all	native_intact	ot_nolit__to__ot_all	target
EPCAM	2	1	ot_all	native_intact	ot_nolit__to__ot_all	target
ELAC2	2	1	ot_all	native_intact	ot_nolit__to__ot_all	target
ATRX	2	1	ot_all	native_intact	ot_nolit__to__ot_all	target
CEP57	2	1	ot_all	native_intact	ot_nolit__to__ot_all	target
HNF1B	2	1	ot_all	native_intact	ot_nolit__to__ot_all	target
NSD1	2	1	ot_all	native_intact	ot_nolit__to__ot_all	target
SMC5	2	1	ot_all	native_intact	ot_nolit__to__ot_all	target
STRN	2	1	ot_all	native_intact	ot_nolit__to__ot_all	target
TRIP13	2	1	ot_all	native_intact	ot_nolit__to__ot_all	target
XPA	2	1	ot_all	native_intact	ot_nolit__to__ot_all	target
KRT13	2	1	ot_all	native_intact	ot_nolit__to__ot_all	target
FBXW7	2	1	ot_all	native_intact	ot_nolit__to__ot_all	target
HSP90AA1	2	1	ot_all	native_intact	ot_nolit__to__ot_all	target
KRT4	2	1	ot_all	native_intact	ot_nolit__to__ot_all	target
PAX5	2	1	ot_all	native_intact	ot_nolit__to__ot_all	target
PIK3CB	2	1	ot_all	native_intact	ot_nolit__to__ot_all	target
BCL9L	2	1	ot_all	native_intact	ot_nolit__to__ot_all	target
NTRK2	2	1	ot_all	native_intact	ot_nolit__to__ot_all	target
IGF2	2	1	ot_all	native_intact	ot_nolit__to__ot_all	target
TBL1XR1	2	1	ot_all	native_intact	ot_nolit__to__ot_all	target
CDK12	2	1	ot_all	native_intact	ot_nolit__to__ot_all	target
ZFHX3	2	1	ot_all	native_intact	ot_nolit__to__ot_all	target
JAK2	2	1	ot_all	native_intact	ot_nolit__to__ot_all	target
DLL3	2	1	ot_all	native_intact	ot_nolit__to__ot_all	target
B2M	2	1	ot_all	native_intact	ot_nolit__to__ot_all	target
ENG	2	1	ot_all	native_intact	ot_nolit__to__ot_all	target
FANCD2	2	1	ot_all	native_intact	ot_nolit__to__ot_all	target
GCM2	2	1	ot_all	native_intact	ot_nolit__to__ot_all	target
PPP6C	2	1	ot_all	native_intact	ot_nolit__to__ot_all	target
TNFRSF19	2	0	ot_all	native_intact	ot_nolit__to__ot_all	background
NRL	2	0	ot_all	native_intact	ot_nolit__to__ot_all	background
ZNF865	2	0	ot_all	native_intact	ot_nolit__to__ot_all	background
GPER1	2	0	ot_all	native_intact	ot_nolit__to__ot_all	background
SALL4	2	0	ot_all	native_intact	ot_nolit__to__ot_all	background
MRM1	2	0	ot_all	native_intact	ot_nolit__to__ot_all	background
MALL	2	0	ot_all	native_intact	ot_nolit__to__ot_all	background
RAPH1	2	0	ot_all	native_intact	ot_nolit__to__ot_all	background
RPS6KA1	2	0	ot_all	native_intact	ot_nolit__to__ot_all	background
AP4M1	2	0	ot_all	native_intact	ot_nolit__to__ot_all	background
ATG2A	2	0	ot_all	native_intact	ot_nolit__to__ot_all	background
MYH8	2	0	ot_all	native_intact	ot_nolit__to__ot_all	background
WFDC13	2	0	ot_all	native_intact	ot_nolit__to__ot_all	background
FAM149A	2	0	ot_all	native_intact	ot_nolit__to__ot_all	background
NUF2	2	0	ot_all	native_intact	ot_nolit__to__ot_all	background
ABI1	2	0	ot_all	native_intact	ot_nolit__to__ot_all	background
CDH18	2	0	ot_all	native_intact	ot_nolit__to__ot_all	background
RASSF8	2	0	ot_all	native_intact	ot_nolit__to__ot_all	background
TMEM126B	2	0	ot_all	native_intact	ot_nolit__to__ot_all	background
CD5	2	0	ot_all	native_intact	ot_nolit__to__ot_all	background
CFAP298	2	0	ot_all	native_intact	ot_nolit__to__ot_all	background
GUCY2F	2	0	ot_all	native_intact	ot_nolit__to__ot_all	background
SH3GLB2	2	0	ot_all	native_intact	ot_nolit__to__ot_all	background
CCDC82	2	0	ot_all	native_intact	ot_nolit__to__ot_all	background
TMEM168	2	0	ot_all	native_intact	ot_nolit__to__ot_all	background
EIF5A2	2	0	ot_all	native_intact	ot_nolit__to__ot_all	background
BRD2	2	0	ot_all	native_intact	ot_nolit__to__ot_all	background
TLDC2	2	0	ot_all	native_intact	ot_nolit__to__ot_all	background
DYRK1B	2	0	ot_all	native_intact	ot_nolit__to__ot_all	background
POPDC1	2	0	ot_all	native_intact	ot_nolit__to__ot_all	background
ALPK1	2	0	ot_all	native_intact	ot_nolit__to__ot_all	background
DAXX	2	0	ot_all	native_intact	ot_nolit__to__ot_all	background
ARL6IP5	2	0	ot_all	native_intact	ot_nolit__to__ot_all	background
CCNG2	2	0	ot_all	native_intact	ot_nolit__to__ot_all	background
MXRA8	2	0	ot_all	native_intact	ot_nolit__to__ot_all	background
PDE1A	2	0	ot_all	native_intact	ot_nolit__to__ot_all	background
CEP128	2	0	ot_all	native_intact	ot_nolit__to__ot_all	background
CAPN6	2	0	ot_all	native_intact	ot_nolit__to__ot_all	background
CADM4	2	0	ot_all	native_intact	ot_nolit__to__ot_all	background
IL17RC	2	0	ot_all	native_intact	ot_nolit__to__ot_all	background
ZNF234	2	0	ot_all	native_intact	ot_nolit__to__ot_all	background
NOX4	2	0	ot_all	native_intact	ot_nolit__to__ot_all	background
OTOP2	2	0	ot_all	native_intact	ot_nolit__to__ot_all	background
HTR5A	2	0	ot_all	native_intact	ot_nolit__to__ot_all	background
C2orf15	2	0	ot_all	native_intact	ot_nolit__to__ot_all	background
WASH6P	2	0	ot_all	native_intact	ot_nolit__to__ot_all	background
AP4S1	2	0	ot_all	native_intact	ot_nolit__to__ot_all	background
PTPN9	2	0	ot_all	native_intact	ot_nolit__to__ot_all	background
MAT2A	2	0	ot_all	native_intact	ot_nolit__to__ot_all	background
ADPGK	2	0	ot_all	native_intact	ot_nolit__to__ot_all	background
SLC50A1	2	0	ot_all	native_intact	ot_nolit__to__ot_all	background
IGKV1D-13	2	0	ot_all	native_intact	ot_nolit__to__ot_all	background
ATOSB	2	0	ot_all	native_intact	ot_nolit__to__ot_all	background
ZNF202	2	0	ot_all	native_intact	ot_nolit__to__ot_all	background
PHLDB2	2	0	ot_all	native_intact	ot_nolit__to__ot_all	background
PPIL4	2	0	ot_all	native_intact	ot_nolit__to__ot_all	background
LMBRD1	2	0	ot_all	native_intact	ot_nolit__to__ot_all	background
SPINDOC	2	0	ot_all	native_intact	ot_nolit__to__ot_all	background
ASIC3	2	0	ot_all	native_intact	ot_nolit__to__ot_all	background
PSKH1	2	0	ot_all	native_intact	ot_nolit__to__ot_all	background
TAGLN	2	0	ot_all	native_intact	ot_nolit__to__ot_all	background
ZNF714	2	0	ot_all	native_intact	ot_nolit__to__ot_all	background
MICU2	2	0	ot_all	native_intact	ot_nolit__to__ot_all	background
CGREF1	2	0	ot_all	native_intact	ot_nolit__to__ot_all	background
BAX	2	0	ot_all	native_intact	ot_nolit__to__ot_all	background
SKIDA1	2	0	ot_all	native_intact	ot_nolit__to__ot_all	background
DIP2B	2	0	ot_all	native_intact	ot_nolit__to__ot_all	background
TPI1	2	0	ot_all	native_intact	ot_nolit__to__ot_all	background
GFRA2	2	0	ot_all	native_intact	ot_nolit__to__ot_all	background
MIIP	2	0	ot_all	native_intact	ot_nolit__to__ot_all	background
ID1	2	0	ot_all	native_intact	ot_nolit__to__ot_all	background
XKRX	2	0	ot_all	native_intact	ot_nolit__to__ot_all	background
CALU	2	0	ot_all	native_intact	ot_nolit__to__ot_all	background
ATG4A	2	0	ot_all	native_intact	ot_nolit__to__ot_all	background
LHFPL2	2	0	ot_all	native_intact	ot_nolit__to__ot_all	background
FERMT1	2	0	ot_all	native_intact	ot_nolit__to__ot_all	background
KPNA7	2	0	ot_all	native_intact	ot_nolit__to__ot_all	background
TSKS	2	0	ot_all	native_intact	ot_nolit__to__ot_all	background
FKBP3	2	0	ot_all	native_intact	ot_nolit__to__ot_all	background
SNPH	2	0	ot_all	native_intact	ot_nolit__to__ot_all	background
OR1E1	2	0	ot_all	native_intact	ot_nolit__to__ot_all	background
FBXO9	2	0	ot_all	native_intact	ot_nolit__to__ot_all	background
C15orf61	2	0	ot_all	native_intact	ot_nolit__to__ot_all	background
KRT31	2	0	ot_all	native_intact	ot_nolit__to__ot_all	background
MRRF	2	0	ot_all	native_intact	ot_nolit__to__ot_all	background
SEMA3E	2	0	ot_all	native_intact	ot_nolit__to__ot_all	background
LCP2	2	0	ot_all	native_intact	ot_nolit__to__ot_all	background
ATN1	2	0	ot_all	native_intact	ot_nolit__to__ot_all	background
UTS2B	2	0	ot_all	native_intact	ot_nolit__to__ot_all	background
NEURL1B	2	0	ot_all	native_intact	ot_nolit__to__ot_all	background
ETS1	2	0	ot_all	native_intact	ot_nolit__to__ot_all	background
ADORA1	2	0	ot_all	native_intact	ot_nolit__to__ot_all	background
KLK7	2	0	ot_all	native_intact	ot_nolit__to__ot_all	background
NPM2	2	0	ot_all	native_intact	ot_nolit__to__ot_all	background
SPRING1	2	0	ot_all	native_intact	ot_nolit__to__ot_all	background
PIK3C3	2	0	ot_all	native_intact	ot_nolit__to__ot_all	background
MVD	2	0	ot_all	native_intact	ot_nolit__to__ot_all	background
RAB8A	2	0	ot_all	native_intact	ot_nolit__to__ot_all	background
NT5C3A	2	0	ot_all	native_intact	ot_nolit__to__ot_all	background
OBSL1	2	0	ot_all	native_intact	ot_nolit__to__ot_all	background
ARHGAP18	2	0	ot_all	native_intact	ot_nolit__to__ot_all	background
NFATC2IP	2	0	ot_all	native_intact	ot_nolit__to__ot_all	background
CCDC137	2	0	ot_all	native_intact	ot_nolit__to__ot_all	background
GMCL1	2	0	ot_all	native_intact	ot_nolit__to__ot_all	background
ZNF346	2	0	ot_all	native_intact	ot_nolit__to__ot_all	background
OTUD3	2	0	ot_all	native_intact	ot_nolit__to__ot_all	background
RELN	2	0	ot_all	native_intact	ot_nolit__to__ot_all	background
IGFL1	2	0	ot_all	native_intact	ot_nolit__to__ot_all	background
ACOT1	2	0	ot_all	native_intact	ot_nolit__to__ot_all	background
VTCN1	2	0	ot_all	native_intact	ot_nolit__to__ot_all	background
GREB1	2	0	ot_all	native_intact	ot_nolit__to__ot_all	background
CTDNEP1	2	0	ot_all	native_intact	ot_nolit__to__ot_all	background
GNAI3	2	0	ot_all	native_intact	ot_nolit__to__ot_all	background
RBM33	2	0	ot_all	native_intact	ot_nolit__to__ot_all	background
FOLR3	2	0	ot_all	native_intact	ot_nolit__to__ot_all	background
ITGAV	2	0	ot_all	native_intact	ot_nolit__to__ot_all	background
ARHGAP28	2	0	ot_all	native_intact	ot_nolit__to__ot_all	background
CAPN15	2	0	ot_all	native_intact	ot_nolit__to__ot_all	background
UBXN1	2	0	ot_all	native_intact	ot_nolit__to__ot_all	background
SNAI1	2	0	ot_all	native_intact	ot_nolit__to__ot_all	background
ANKAR	2	0	ot_all	native_intact	ot_nolit__to__ot_all	background
OSBPL8	2	0	ot_all	native_intact	ot_nolit__to__ot_all	background
STARD3	2	0	ot_all	native_intact	ot_nolit__to__ot_all	background
SLC7A10	2	0	ot_all	native_intact	ot_nolit__to__ot_all	background
SLC19A3	2	0	ot_all	native_intact	ot_nolit__to__ot_all	background
COL20A1	2	0	ot_all	native_intact	ot_nolit__to__ot_all	background
REG1A	2	0	ot_all	native_intact	ot_nolit__to__ot_all	background
NR1H3	2	0	ot_all	native_intact	ot_nolit__to__ot_all	background
PRR3	2	0	ot_all	native_intact	ot_nolit__to__ot_all	background
MS4A3	2	0	ot_all	native_intact	ot_nolit__to__ot_all	background
TSPYL5	2	0	ot_all	native_intact	ot_nolit__to__ot_all	background
RPL35	2	0	ot_all	native_intact	ot_nolit__to__ot_all	background
ITIH4	2	0	ot_all	native_intact	ot_nolit__to__ot_all	background
CLRN1	2	0	ot_all	native_intact	ot_nolit__to__ot_all	background
AKAP8	2	0	ot_all	native_intact	ot_nolit__to__ot_all	background
MARK2	2	0	ot_all	native_intact	ot_nolit__to__ot_all	background
TMPPE	2	0	ot_all	native_intact	ot_nolit__to__ot_all	background
CTU1	2	0	ot_all	native_intact	ot_nolit__to__ot_all	background
SMC4	2	0	ot_all	native_intact	ot_nolit__to__ot_all	background
HOXC6	2	0	ot_all	native_intact	ot_nolit__to__ot_all	background
TDRD7	2	0	ot_all	native_intact	ot_nolit__to__ot_all	background
CSNK2A3	2	0	ot_all	native_intact	ot_nolit__to__ot_all	background
ERGIC3	2	0	ot_all	native_intact	ot_nolit__to__ot_all	background
HOMER2	2	0	ot_all	native_intact	ot_nolit__to__ot_all	background
G0S2	2	0	ot_all	native_intact	ot_nolit__to__ot_all	background
UBXN6	2	0	ot_all	native_intact	ot_nolit__to__ot_all	background
LIMK2	2	0	ot_all	native_intact	ot_nolit__to__ot_all	background
FOXP1	2	0	ot_all	native_intact	ot_nolit__to__ot_all	background
MYBL1	2	0	ot_all	native_intact	ot_nolit__to__ot_all	background
PDIA4	2	0	ot_all	native_intact	ot_nolit__to__ot_all	background
BTG3	2	0	ot_all	native_intact	ot_nolit__to__ot_all	background
SRA1	2	0	ot_all	native_intact	ot_nolit__to__ot_all	background
ING5	2	0	ot_all	native_intact	ot_nolit__to__ot_all	background
LRRC51	2	0	ot_all	native_intact	ot_nolit__to__ot_all	background
DCAF4	2	0	ot_all	native_intact	ot_nolit__to__ot_all	background
DAZ2	2	0	ot_all	native_intact	ot_nolit__to__ot_all	background
PEX1	2	0	ot_all	native_intact	ot_nolit__to__ot_all	background
MIMS2	2	0	ot_all	native_intact	ot_nolit__to__ot_all	background
SUSD3	2	0	ot_all	native_intact	ot_nolit__to__ot_all	background
CALML5	2	0	ot_all	native_intact	ot_nolit__to__ot_all	background
TBCA	2	0	ot_all	native_intact	ot_nolit__to__ot_all	background
CBFB	2	0	ot_all	native_intact	ot_nolit__to__ot_all	background
LIPK	2	0	ot_all	native_intact	ot_nolit__to__ot_all	background
ZNF334	2	0	ot_all	native_intact	ot_nolit__to__ot_all	background
COL5A2	2	0	ot_all	native_intact	ot_nolit__to__ot_all	background
SBSPON	2	0	ot_all	native_intact	ot_nolit__to__ot_all	background
SLC12A6	2	0	ot_all	native_intact	ot_nolit__to__ot_all	background
PEX11B	2	0	ot_all	native_intact	ot_nolit__to__ot_all	background
LCE3D	2	0	ot_all	native_intact	ot_nolit__to__ot_all	background
FBXO28	2	0	ot_all	native_intact	ot_nolit__to__ot_all	background
PRPF8	2	0	ot_all	native_intact	ot_nolit__to__ot_all	background
FBN1	2	0	ot_all	native_intact	ot_nolit__to__ot_all	background
CHST10	2	0	ot_all	native_intact	ot_nolit__to__ot_all	background
GDF11	2	0	ot_all	native_intact	ot_nolit__to__ot_all	background
LCN15	2	0	ot_all	native_intact	ot_nolit__to__ot_all	background
CFD	2	0	ot_all	native_intact	ot_nolit__to__ot_all	background
PDILT	2	0	ot_all	native_intact	ot_nolit__to__ot_all	background
GXYLT2	2	0	ot_all	native_intact	ot_nolit__to__ot_all	background
KRABD3	2	0	ot_all	native_intact	ot_nolit__to__ot_all	background
SRP54	2	0	ot_all	native_intact	ot_nolit__to__ot_all	background
TESC	2	0	ot_all	native_intact	ot_nolit__to__ot_all	background
USP42	2	0	ot_all	native_intact	ot_nolit__to__ot_all	background
C1orf74	2	0	ot_all	native_intact	ot_nolit__to__ot_all	background
CENPK	2	0	ot_all	native_intact	ot_nolit__to__ot_all	background
CCM2L	2	0	ot_all	native_intact	ot_nolit__to__ot_all	background
VAV3	2	0	ot_all	native_intact	ot_nolit__to__ot_all	background
ZNF708	2	0	ot_all	native_intact	ot_nolit__to__ot_all	background
SLC9A2	2	0	ot_all	native_intact	ot_nolit__to__ot_all	background
MC5R	2	0	ot_all	native_intact	ot_nolit__to__ot_all	background
CCDC125	2	0	ot_all	native_intact	ot_nolit__to__ot_all	background
IKBIP	2	0	ot_all	native_intact	ot_nolit__to__ot_all	background
PRR22	2	0	ot_all	native_intact	ot_nolit__to__ot_all	background
HSP90AA4P	2	0	ot_all	native_intact	ot_nolit__to__ot_all	background
ZNF625	2	0	ot_all	native_intact	ot_nolit__to__ot_all	background
PDE9A	2	0	ot_all	native_intact	ot_nolit__to__ot_all	background
IDO2	2	0	ot_all	native_intact	ot_nolit__to__ot_all	background
ALPL	2	0	ot_all	native_intact	ot_nolit__to__ot_all	background
PLEK	2	0	ot_all	native_intact	ot_nolit__to__ot_all	background
NOP14	2	0	ot_all	native_intact	ot_nolit__to__ot_all	background
RLN2	2	0	ot_all	native_intact	ot_nolit__to__ot_all	background
DDR2	3	1	ot_all	native_intact	ot_nolit__to__ot_all	target
NEK9	3	1	ot_all	native_intact	ot_nolit__to__ot_all	target
HAX1	3	1	ot_all	native_intact	ot_nolit__to__ot_all	target
KLF6	3	1	ot_all	native_intact	ot_nolit__to__ot_all	target
NOP10	3	1	ot_all	native_intact	ot_nolit__to__ot_all	target
FAS	3	1	ot_all	native_intact	ot_nolit__to__ot_all	target
ATR	3	1	ot_all	native_intact	ot_nolit__to__ot_all	target
EZH2	3	1	ot_all	native_intact	ot_nolit__to__ot_all	target
ROS1	3	1	ot_all	native_intact	ot_nolit__to__ot_all	target
CASP8	3	1	ot_all	native_intact	ot_nolit__to__ot_all	target
EXO1	3	1	ot_all	native_intact	ot_nolit__to__ot_all	target
CCND1	3	1	ot_all	native_intact	ot_nolit__to__ot_all	target
ERCC2	3	1	ot_all	native_intact	ot_nolit__to__ot_all	target
KDM6A	3	1	ot_all	native_intact	ot_nolit__to__ot_all	target
TSPYL1	3	1	ot_all	native_intact	ot_nolit__to__ot_all	target
JAK3	3	1	ot_all	native_intact	ot_nolit__to__ot_all	target
HHAT	3	1	ot_all	native_intact	ot_nolit__to__ot_all	target
ANTXR2	3	1	ot_all	native_intact	ot_nolit__to__ot_all	target
TINF2	3	1	ot_all	native_intact	ot_nolit__to__ot_all	target
NHP2	3	1	ot_all	native_intact	ot_nolit__to__ot_all	target
PTK6	3	1	ot_all	native_intact	ot_nolit__to__ot_all	target
PTPN11	3	1	ot_all	native_intact	ot_nolit__to__ot_all	target
NSDHL	3	1	ot_all	native_intact	ot_nolit__to__ot_all	target
CDH11	3	1	ot_all	native_intact	ot_nolit__to__ot_all	target
NRAS	3	1	ot_all	native_intact	ot_nolit__to__ot_all	target
TCF7L2	3	1	ot_all	native_intact	ot_nolit__to__ot_all	target
MT-CO1	3	1	ot_all	native_intact	ot_nolit__to__ot_all	target
BCL2	3	1	ot_all	native_intact	ot_nolit__to__ot_all	target
PIK3R1	3	1	ot_all	native_intact	ot_nolit__to__ot_all	target
SLF2	3	1	ot_all	native_intact	ot_nolit__to__ot_all	target
P2RY8	3	1	ot_all	native_intact	ot_nolit__to__ot_all	target
HAVCR2	3	1	ot_all	native_intact	ot_nolit__to__ot_all	target
WRAP53	3	1	ot_all	native_intact	ot_nolit__to__ot_all	target
TNFRSF14	3	1	ot_all	native_intact	ot_nolit__to__ot_all	target
PRKD1	3	1	ot_all	native_intact	ot_nolit__to__ot_all	target
FGF1	3	1	ot_all	native_intact	ot_nolit__to__ot_all	target
IKZF1	3	1	ot_all	native_intact	ot_nolit__to__ot_all	target
U2AF1	3	1	ot_all	native_intact	ot_nolit__to__ot_all	target
HRAS	3	1	ot_all	native_intact	ot_nolit__to__ot_all	target
SRD5A2	3	1	ot_all	native_intact	ot_nolit__to__ot_all	target
ELMO2	3	1	ot_all	native_intact	ot_nolit__to__ot_all	target
ELP1	3	1	ot_all	native_intact	ot_nolit__to__ot_all	target
MTAP	3	1	ot_all	native_intact	ot_nolit__to__ot_all	target
PBRM1	3	1	ot_all	native_intact	ot_nolit__to__ot_all	target
MAPK1	3	1	ot_all	native_intact	ot_nolit__to__ot_all	target
GPC3	3	1	ot_all	native_intact	ot_nolit__to__ot_all	target
IDH2	3	1	ot_all	native_intact	ot_nolit__to__ot_all	target
WIPF1	3	1	ot_all	native_intact	ot_nolit__to__ot_all	target
CRIPT	3	1	ot_all	native_intact	ot_nolit__to__ot_all	target
LATS2	3	1	ot_all	native_intact	ot_nolit__to__ot_all	target
AKR1C2	3	1	ot_all	native_intact	ot_nolit__to__ot_all	target
FASLG	3	1	ot_all	native_intact	ot_nolit__to__ot_all	target
FGFR2	3	1	ot_all	native_intact	ot_nolit__to__ot_all	target
TRIM28	3	1	ot_all	native_intact	ot_nolit__to__ot_all	target
TNFRSF13B	3	1	ot_all	native_intact	ot_nolit__to__ot_all	target
ARID5B	3	1	ot_all	native_intact	ot_nolit__to__ot_all	target
RBM10	3	1	ot_all	native_intact	ot_nolit__to__ot_all	target
IRF1	3	1	ot_all	native_intact	ot_nolit__to__ot_all	target
CD74	3	1	ot_all	native_intact	ot_nolit__to__ot_all	target
ING1	3	1	ot_all	native_intact	ot_nolit__to__ot_all	target
GCGR	3	1	ot_all	native_intact	ot_nolit__to__ot_all	target
AKT1	3	1	ot_all	native_intact	ot_nolit__to__ot_all	target
SDC4	3	1	ot_all	native_intact	ot_nolit__to__ot_all	target
FAT1	3	1	ot_all	native_intact	ot_nolit__to__ot_all	target
KEAP1	3	1	ot_all	native_intact	ot_nolit__to__ot_all	target
EML4	3	1	ot_all	native_intact	ot_nolit__to__ot_all	target
ITGB3	3	1	ot_all	native_intact	ot_nolit__to__ot_all	target
XPO1	3	1	ot_all	native_intact	ot_nolit__to__ot_all	target
EPHA3	3	1	ot_all	native_intact	ot_nolit__to__ot_all	target
TMPRSS2	3	1	ot_all	native_intact	ot_nolit__to__ot_all	target
FGF2	3	1	ot_all	native_intact	ot_nolit__to__ot_all	target
MITF	3	1	ot_all	native_intact	ot_nolit__to__ot_all	target
SAMD9L	3	1	ot_all	native_intact	ot_nolit__to__ot_all	target
MPL	3	1	ot_all	native_intact	ot_nolit__to__ot_all	target
MAPK3	3	1	ot_all	native_intact	ot_nolit__to__ot_all	target
GNAS	3	1	ot_all	native_intact	ot_nolit__to__ot_all	target
KHDC3L	3	1	ot_all	native_intact	ot_nolit__to__ot_all	target
MYC	3	1	ot_all	native_intact	ot_nolit__to__ot_all	target
GALNT3	3	1	ot_all	native_intact	ot_nolit__to__ot_all	target
NOTCH3	3	1	ot_all	native_intact	ot_nolit__to__ot_all	target
SPOP	3	1	ot_all	native_intact	ot_nolit__to__ot_all	target
PITX2	3	1	ot_all	native_intact	ot_nolit__to__ot_all	target
NLRP7	3	1	ot_all	native_intact	ot_nolit__to__ot_all	target
CTC1	3	1	ot_all	native_intact	ot_nolit__to__ot_all	target
ACD	3	1	ot_all	native_intact	ot_nolit__to__ot_all	target
SRGAP1	3	1	ot_all	native_intact	ot_nolit__to__ot_all	target
GALNT12	3	1	ot_all	native_intact	ot_nolit__to__ot_all	target
CDKN1A	3	1	ot_all	native_intact	ot_nolit__to__ot_all	target
DDX3X	3	1	ot_all	native_intact	ot_nolit__to__ot_all	target
NFIA	3	1	ot_all	native_intact	ot_nolit__to__ot_all	target
ESR1	3	1	ot_all	native_intact	ot_nolit__to__ot_all	target
CASP10	3	1	ot_all	native_intact	ot_nolit__to__ot_all	target
MFN2	3	1	ot_all	native_intact	ot_nolit__to__ot_all	target
TP63	3	1	ot_all	native_intact	ot_nolit__to__ot_all	target
HOXB13	3	1	ot_all	native_intact	ot_nolit__to__ot_all	target
KDM5C	3	1	ot_all	native_intact	ot_nolit__to__ot_all	target
ALK	3	1	ot_all	native_intact	ot_nolit__to__ot_all	target
CLCN2	3	1	ot_all	native_intact	ot_nolit__to__ot_all	target
CDKN1C	3	1	ot_all	native_intact	ot_nolit__to__ot_all	target
SH3BP2	3	1	ot_all	native_intact	ot_nolit__to__ot_all	target
PRKCD	3	1	ot_all	native_intact	ot_nolit__to__ot_all	target
NTRK3	3	1	ot_all	native_intact	ot_nolit__to__ot_all	target
CYP11A1	3	1	ot_all	native_intact	ot_nolit__to__ot_all	target
CBL	3	1	ot_all	native_intact	ot_nolit__to__ot_all	target
EXT1	3	1	ot_all	native_intact	ot_nolit__to__ot_all	target
NPM1	3	1	ot_all	native_intact	ot_nolit__to__ot_all	target
REST	3	1	ot_all	native_intact	ot_nolit__to__ot_all	target
MLH3	3	1	ot_all	native_intact	ot_nolit__to__ot_all	target
PIK3R2	3	1	ot_all	native_intact	ot_nolit__to__ot_all	target
GPR161	3	1	ot_all	native_intact	ot_nolit__to__ot_all	target
SETBP1	3	1	ot_all	native_intact	ot_nolit__to__ot_all	target
SETD2	3	1	ot_all	native_intact	ot_nolit__to__ot_all	target
CYLD	3	1	ot_all	native_intact	ot_nolit__to__ot_all	target
NFE2L2	3	1	ot_all	native_intact	ot_nolit__to__ot_all	target
DLST	3	1	ot_all	native_intact	ot_nolit__to__ot_all	target
DCLRE1B	3	1	ot_all	native_intact	ot_nolit__to__ot_all	target
SAMD9	3	1	ot_all	native_intact	ot_nolit__to__ot_all	target
SLC25A11	3	1	ot_all	native_intact	ot_nolit__to__ot_all	target
CASR	3	1	ot_all	native_intact	ot_nolit__to__ot_all	target
GATA3	3	1	ot_all	native_intact	ot_nolit__to__ot_all	target
SMO	3	1	ot_all	native_intact	ot_nolit__to__ot_all	target
DHH	3	1	ot_all	native_intact	ot_nolit__to__ot_all	target
PRKCB	3	1	ot_all	native_intact	ot_nolit__to__ot_all	target
PARN	3	1	ot_all	native_intact	ot_nolit__to__ot_all	target
KRAS	3	1	ot_all	native_intact	ot_nolit__to__ot_all	target
EPAS1	3	1	ot_all	native_intact	ot_nolit__to__ot_all	target
PTPN14	3	1	ot_all	native_intact	ot_nolit__to__ot_all	target
RSPO1	3	1	ot_all	native_intact	ot_nolit__to__ot_all	target
SPRTN	3	1	ot_all	native_intact	ot_nolit__to__ot_all	target
CCDC6	3	1	ot_all	native_intact	ot_nolit__to__ot_all	target
BUB1B	3	1	ot_all	native_intact	ot_nolit__to__ot_all	target
EXT2	3	1	ot_all	native_intact	ot_nolit__to__ot_all	target
RUNX1	3	1	ot_all	native_intact	ot_nolit__to__ot_all	target
ARID2	3	1	ot_all	native_intact	ot_nolit__to__ot_all	target
CD79B	3	1	ot_all	native_intact	ot_nolit__to__ot_all	target
PAX3	3	1	ot_all	native_intact	ot_nolit__to__ot_all	target
GATA2	3	1	ot_all	native_intact	ot_nolit__to__ot_all	target
ANAPC1	3	1	ot_all	native_intact	ot_nolit__to__ot_all	target
EPCAM	3	1	ot_all	native_intact	ot_nolit__to__ot_all	target
ELAC2	3	1	ot_all	native_intact	ot_nolit__to__ot_all	target
ATRX	3	1	ot_all	native_intact	ot_nolit__to__ot_all	target
CEP57	3	1	ot_all	native_intact	ot_nolit__to__ot_all	target
HNF1B	3	1	ot_all	native_intact	ot_nolit__to__ot_all	target
NSD1	3	1	ot_all	native_intact	ot_nolit__to__ot_all	target
SMC5	3	1	ot_all	native_intact	ot_nolit__to__ot_all	target
STRN	3	1	ot_all	native_intact	ot_nolit__to__ot_all	target
TRIP13	3	1	ot_all	native_intact	ot_nolit__to__ot_all	target
XPA	3	1	ot_all	native_intact	ot_nolit__to__ot_all	target
KRT13	3	1	ot_all	native_intact	ot_nolit__to__ot_all	target
FBXW7	3	1	ot_all	native_intact	ot_nolit__to__ot_all	target
HSP90AA1	3	1	ot_all	native_intact	ot_nolit__to__ot_all	target
KRT4	3	1	ot_all	native_intact	ot_nolit__to__ot_all	target
PAX5	3	1	ot_all	native_intact	ot_nolit__to__ot_all	target
PIK3CB	3	1	ot_all	native_intact	ot_nolit__to__ot_all	target
BCL9L	3	1	ot_all	native_intact	ot_nolit__to__ot_all	target
NTRK2	3	1	ot_all	native_intact	ot_nolit__to__ot_all	target
IGF2	3	1	ot_all	native_intact	ot_nolit__to__ot_all	target
TBL1XR1	3	1	ot_all	native_intact	ot_nolit__to__ot_all	target
CDK12	3	1	ot_all	native_intact	ot_nolit__to__ot_all	target
ZFHX3	3	1	ot_all	native_intact	ot_nolit__to__ot_all	target
JAK2	3	1	ot_all	native_intact	ot_nolit__to__ot_all	target
DLL3	3	1	ot_all	native_intact	ot_nolit__to__ot_all	target
B2M	3	1	ot_all	native_intact	ot_nolit__to__ot_all	target
ENG	3	1	ot_all	native_intact	ot_nolit__to__ot_all	target
FANCD2	3	1	ot_all	native_intact	ot_nolit__to__ot_all	target
GCM2	3	1	ot_all	native_intact	ot_nolit__to__ot_all	target
PPP6C	3	1	ot_all	native_intact	ot_nolit__to__ot_all	target
FEM1C	3	0	ot_all	native_intact	ot_nolit__to__ot_all	background
MLLT11	3	0	ot_all	native_intact	ot_nolit__to__ot_all	background
DLC1	3	0	ot_all	native_intact	ot_nolit__to__ot_all	background
ACAT1	3	0	ot_all	native_intact	ot_nolit__to__ot_all	background
ATG4B	3	0	ot_all	native_intact	ot_nolit__to__ot_all	background
NUTM2F	3	0	ot_all	native_intact	ot_nolit__to__ot_all	background
VGF	3	0	ot_all	native_intact	ot_nolit__to__ot_all	background
TMEM68	3	0	ot_all	native_intact	ot_nolit__to__ot_all	background
NEK10	3	0	ot_all	native_intact	ot_nolit__to__ot_all	background
ZNF595	3	0	ot_all	native_intact	ot_nolit__to__ot_all	background
UBALD1	3	0	ot_all	native_intact	ot_nolit__to__ot_all	background
DNAJB1	3	0	ot_all	native_intact	ot_nolit__to__ot_all	background
ABCD1	3	0	ot_all	native_intact	ot_nolit__to__ot_all	background
SLC20A2	3	0	ot_all	native_intact	ot_nolit__to__ot_all	background
GUCD1	3	0	ot_all	native_intact	ot_nolit__to__ot_all	background
RNF175	3	0	ot_all	native_intact	ot_nolit__to__ot_all	background
ST8SIA4	3	0	ot_all	native_intact	ot_nolit__to__ot_all	background
AGR2	3	0	ot_all	native_intact	ot_nolit__to__ot_all	background
C12orf76	3	0	ot_all	native_intact	ot_nolit__to__ot_all	background
COA7	3	0	ot_all	native_intact	ot_nolit__to__ot_all	background
C14orf39	3	0	ot_all	native_intact	ot_nolit__to__ot_all	background
DNAJB3P	3	0	ot_all	native_intact	ot_nolit__to__ot_all	background
CELA3B	3	0	ot_all	native_intact	ot_nolit__to__ot_all	background
CRMP1	3	0	ot_all	native_intact	ot_nolit__to__ot_all	background
PPIAL4F	3	0	ot_all	native_intact	ot_nolit__to__ot_all	background
BRD1	3	0	ot_all	native_intact	ot_nolit__to__ot_all	background
TAGLN3	3	0	ot_all	native_intact	ot_nolit__to__ot_all	background
NELFB	3	0	ot_all	native_intact	ot_nolit__to__ot_all	background
PYHIN1	3	0	ot_all	native_intact	ot_nolit__to__ot_all	background
NUP210L	3	0	ot_all	native_intact	ot_nolit__to__ot_all	background
CRISP2	3	0	ot_all	native_intact	ot_nolit__to__ot_all	background
SFMBT2	3	0	ot_all	native_intact	ot_nolit__to__ot_all	background
NUDT2	3	0	ot_all	native_intact	ot_nolit__to__ot_all	background
SERPINA2	3	0	ot_all	native_intact	ot_nolit__to__ot_all	background
S100A5	3	0	ot_all	native_intact	ot_nolit__to__ot_all	background
FOXS1	3	0	ot_all	native_intact	ot_nolit__to__ot_all	background
GBA3	3	0	ot_all	native_intact	ot_nolit__to__ot_all	background
COLGALT2	3	0	ot_all	native_intact	ot_nolit__to__ot_all	background
SNRPA1	3	0	ot_all	native_intact	ot_nolit__to__ot_all	background
U2SURP	3	0	ot_all	native_intact	ot_nolit__to__ot_all	background
LMAN1L	3	0	ot_all	native_intact	ot_nolit__to__ot_all	background
ABRA	3	0	ot_all	native_intact	ot_nolit__to__ot_all	background
CBY2	3	0	ot_all	native_intact	ot_nolit__to__ot_all	background
P2RY10	3	0	ot_all	native_intact	ot_nolit__to__ot_all	background
C19orf73	3	0	ot_all	native_intact	ot_nolit__to__ot_all	background
FDFT1	3	0	ot_all	native_intact	ot_nolit__to__ot_all	background
S100Z	3	0	ot_all	native_intact	ot_nolit__to__ot_all	background
SLC49A3	3	0	ot_all	native_intact	ot_nolit__to__ot_all	background
NFYC	3	0	ot_all	native_intact	ot_nolit__to__ot_all	background
PIH1D2	3	0	ot_all	native_intact	ot_nolit__to__ot_all	background
IGF1	3	0	ot_all	native_intact	ot_nolit__to__ot_all	background
NALCN	3	0	ot_all	native_intact	ot_nolit__to__ot_all	background
SMAD2	3	0	ot_all	native_intact	ot_nolit__to__ot_all	background
GPAT3	3	0	ot_all	native_intact	ot_nolit__to__ot_all	background
AK8	3	0	ot_all	native_intact	ot_nolit__to__ot_all	background
ZNF746	3	0	ot_all	native_intact	ot_nolit__to__ot_all	background
RNH1	3	0	ot_all	native_intact	ot_nolit__to__ot_all	background
LGSN	3	0	ot_all	native_intact	ot_nolit__to__ot_all	background
BZW1	3	0	ot_all	native_intact	ot_nolit__to__ot_all	background
HSPG2	3	0	ot_all	native_intact	ot_nolit__to__ot_all	background
NUDT14	3	0	ot_all	native_intact	ot_nolit__to__ot_all	background
RBM45	3	0	ot_all	native_intact	ot_nolit__to__ot_all	background
GPR148	3	0	ot_all	native_intact	ot_nolit__to__ot_all	background
TMEM11	3	0	ot_all	native_intact	ot_nolit__to__ot_all	background
GREM2	3	0	ot_all	native_intact	ot_nolit__to__ot_all	background
DCK	3	0	ot_all	native_intact	ot_nolit__to__ot_all	background
STRIP1	3	0	ot_all	native_intact	ot_nolit__to__ot_all	background
MAGIX	3	0	ot_all	native_intact	ot_nolit__to__ot_all	background
SLFN14	3	0	ot_all	native_intact	ot_nolit__to__ot_all	background
C8orf48	3	0	ot_all	native_intact	ot_nolit__to__ot_all	background
TNNI1	3	0	ot_all	native_intact	ot_nolit__to__ot_all	background
TAFAZZIN	3	0	ot_all	native_intact	ot_nolit__to__ot_all	background
LFNG	3	0	ot_all	native_intact	ot_nolit__to__ot_all	background
MTMR4	3	0	ot_all	native_intact	ot_nolit__to__ot_all	background
TMEM236	3	0	ot_all	native_intact	ot_nolit__to__ot_all	background
EFCAB7	3	0	ot_all	native_intact	ot_nolit__to__ot_all	background
CHRNA4	3	0	ot_all	native_intact	ot_nolit__to__ot_all	background
CARD16	3	0	ot_all	native_intact	ot_nolit__to__ot_all	background
ZEB2	3	0	ot_all	native_intact	ot_nolit__to__ot_all	background
HYI	3	0	ot_all	native_intact	ot_nolit__to__ot_all	background
HOXB5	3	0	ot_all	native_intact	ot_nolit__to__ot_all	background
VMO1	3	0	ot_all	native_intact	ot_nolit__to__ot_all	background
INTS6	3	0	ot_all	native_intact	ot_nolit__to__ot_all	background
PTBP1	3	0	ot_all	native_intact	ot_nolit__to__ot_all	background
CDC34	3	0	ot_all	native_intact	ot_nolit__to__ot_all	background
SLC35A4	3	0	ot_all	native_intact	ot_nolit__to__ot_all	background
HLA-DQB1	3	0	ot_all	native_intact	ot_nolit__to__ot_all	background
CCDC97	3	0	ot_all	native_intact	ot_nolit__to__ot_all	background
HNRNPH3	3	0	ot_all	native_intact	ot_nolit__to__ot_all	background
ZSCAN1	3	0	ot_all	native_intact	ot_nolit__to__ot_all	background
FZD2	3	0	ot_all	native_intact	ot_nolit__to__ot_all	background
PIGZ	3	0	ot_all	native_intact	ot_nolit__to__ot_all	background
LRRC73	3	0	ot_all	native_intact	ot_nolit__to__ot_all	background
KDM5D	3	0	ot_all	native_intact	ot_nolit__to__ot_all	background
GRXCR1	3	0	ot_all	native_intact	ot_nolit__to__ot_all	background
GFRA3	3	0	ot_all	native_intact	ot_nolit__to__ot_all	background
FLOT1	3	0	ot_all	native_intact	ot_nolit__to__ot_all	background
ILF3	3	0	ot_all	native_intact	ot_nolit__to__ot_all	background
PIMREG	3	0	ot_all	native_intact	ot_nolit__to__ot_all	background
NPRL3	3	0	ot_all	native_intact	ot_nolit__to__ot_all	background
KLHL15	3	0	ot_all	native_intact	ot_nolit__to__ot_all	background
PPFIA4	3	0	ot_all	native_intact	ot_nolit__to__ot_all	background
NOL11	3	0	ot_all	native_intact	ot_nolit__to__ot_all	background
SIGLEC16	3	0	ot_all	native_intact	ot_nolit__to__ot_all	background
CASQ2	3	0	ot_all	native_intact	ot_nolit__to__ot_all	background
RAD52	3	0	ot_all	native_intact	ot_nolit__to__ot_all	background
CLPP	3	0	ot_all	native_intact	ot_nolit__to__ot_all	background
SRPK1	3	0	ot_all	native_intact	ot_nolit__to__ot_all	background
GMEB1	3	0	ot_all	native_intact	ot_nolit__to__ot_all	background
CLN5	3	0	ot_all	native_intact	ot_nolit__to__ot_all	background
CHP1	3	0	ot_all	native_intact	ot_nolit__to__ot_all	background
ACKR4	3	0	ot_all	native_intact	ot_nolit__to__ot_all	background
PLIN4	3	0	ot_all	native_intact	ot_nolit__to__ot_all	background
RNF141	3	0	ot_all	native_intact	ot_nolit__to__ot_all	background
SI	3	0	ot_all	native_intact	ot_nolit__to__ot_all	background
SLC23A3	3	0	ot_all	native_intact	ot_nolit__to__ot_all	background
HOMER1	3	0	ot_all	native_intact	ot_nolit__to__ot_all	background
MYO15B	3	0	ot_all	native_intact	ot_nolit__to__ot_all	background
LSM3	3	0	ot_all	native_intact	ot_nolit__to__ot_all	background
POLR2J	3	0	ot_all	native_intact	ot_nolit__to__ot_all	background
ZDHHC23	3	0	ot_all	native_intact	ot_nolit__to__ot_all	background
DCLK2	3	0	ot_all	native_intact	ot_nolit__to__ot_all	background
POLR3G	3	0	ot_all	native_intact	ot_nolit__to__ot_all	background
XRCC6	3	0	ot_all	native_intact	ot_nolit__to__ot_all	background
CNGA4	3	0	ot_all	native_intact	ot_nolit__to__ot_all	background
KCNN3	3	0	ot_all	native_intact	ot_nolit__to__ot_all	background
RABGGTA	3	0	ot_all	native_intact	ot_nolit__to__ot_all	background
COL1A1	3	0	ot_all	native_intact	ot_nolit__to__ot_all	background
JTB	3	0	ot_all	native_intact	ot_nolit__to__ot_all	background
KCTD9	3	0	ot_all	native_intact	ot_nolit__to__ot_all	background
LAMB2	3	0	ot_all	native_intact	ot_nolit__to__ot_all	background
GIMAP4	3	0	ot_all	native_intact	ot_nolit__to__ot_all	background
SLC32A1	3	0	ot_all	native_intact	ot_nolit__to__ot_all	background
SDF2L1	3	0	ot_all	native_intact	ot_nolit__to__ot_all	background
TMEM161B	3	0	ot_all	native_intact	ot_nolit__to__ot_all	background
RIPOR3	3	0	ot_all	native_intact	ot_nolit__to__ot_all	background
MAN2A1	3	0	ot_all	native_intact	ot_nolit__to__ot_all	background
KLK12	3	0	ot_all	native_intact	ot_nolit__to__ot_all	background
TUBA8	3	0	ot_all	native_intact	ot_nolit__to__ot_all	background
ADAMTS7	3	0	ot_all	native_intact	ot_nolit__to__ot_all	background
MMD	3	0	ot_all	native_intact	ot_nolit__to__ot_all	background
HOXD4	3	0	ot_all	native_intact	ot_nolit__to__ot_all	background
NHLRC3	3	0	ot_all	native_intact	ot_nolit__to__ot_all	background
MTERF2	3	0	ot_all	native_intact	ot_nolit__to__ot_all	background
LMCD1	3	0	ot_all	native_intact	ot_nolit__to__ot_all	background
CRCT1	3	0	ot_all	native_intact	ot_nolit__to__ot_all	background
FHIP1B	3	0	ot_all	native_intact	ot_nolit__to__ot_all	background
GALNT17	3	0	ot_all	native_intact	ot_nolit__to__ot_all	background
FBXL19	3	0	ot_all	native_intact	ot_nolit__to__ot_all	background
REG1B	3	0	ot_all	native_intact	ot_nolit__to__ot_all	background
NTN4	3	0	ot_all	native_intact	ot_nolit__to__ot_all	background
MED19	3	0	ot_all	native_intact	ot_nolit__to__ot_all	background
GLI2	3	0	ot_all	native_intact	ot_nolit__to__ot_all	background
BAMBI	3	0	ot_all	native_intact	ot_nolit__to__ot_all	background
SLC36A3	3	0	ot_all	native_intact	ot_nolit__to__ot_all	background
NUDT1	3	0	ot_all	native_intact	ot_nolit__to__ot_all	background
SLC25A29	3	0	ot_all	native_intact	ot_nolit__to__ot_all	background
CHIC1	3	0	ot_all	native_intact	ot_nolit__to__ot_all	background
RAD1	3	0	ot_all	native_intact	ot_nolit__to__ot_all	background
ANKRD13B	3	0	ot_all	native_intact	ot_nolit__to__ot_all	background
ACY3	3	0	ot_all	native_intact	ot_nolit__to__ot_all	background
SPOCK1	3	0	ot_all	native_intact	ot_nolit__to__ot_all	background
COPZ1	3	0	ot_all	native_intact	ot_nolit__to__ot_all	background
PGRMC1	3	0	ot_all	native_intact	ot_nolit__to__ot_all	background
DKKL1	3	0	ot_all	native_intact	ot_nolit__to__ot_all	background
CLCF1	3	0	ot_all	native_intact	ot_nolit__to__ot_all	background
MAL2	3	0	ot_all	native_intact	ot_nolit__to__ot_all	background
SEPTIN6	3	0	ot_all	native_intact	ot_nolit__to__ot_all	background
OPRD1	3	0	ot_all	native_intact	ot_nolit__to__ot_all	background
PCDHB2	3	0	ot_all	native_intact	ot_nolit__to__ot_all	background
ADTRP	3	0	ot_all	native_intact	ot_nolit__to__ot_all	background
FAXC	3	0	ot_all	native_intact	ot_nolit__to__ot_all	background
RNF133	3	0	ot_all	native_intact	ot_nolit__to__ot_all	background
KIAA0825	3	0	ot_all	native_intact	ot_nolit__to__ot_all	background
RUFY4	3	0	ot_all	native_intact	ot_nolit__to__ot_all	background
IL13	3	0	ot_all	native_intact	ot_nolit__to__ot_all	background
PLEKHD1	3	0	ot_all	native_intact	ot_nolit__to__ot_all	background
CHAC2	3	0	ot_all	native_intact	ot_nolit__to__ot_all	background
GTSF1	3	0	ot_all	native_intact	ot_nolit__to__ot_all	background
ELOA	3	0	ot_all	native_intact	ot_nolit__to__ot_all	background
ARHGEF19	3	0	ot_all	native_intact	ot_nolit__to__ot_all	background
NPTX2	3	0	ot_all	native_intact	ot_nolit__to__ot_all	background
KRT1	3	0	ot_all	native_intact	ot_nolit__to__ot_all	background
GRIK1	3	0	ot_all	native_intact	ot_nolit__to__ot_all	background
MB	3	0	ot_all	native_intact	ot_nolit__to__ot_all	background
CCDC92	3	0	ot_all	native_intact	ot_nolit__to__ot_all	background
PMM1	3	0	ot_all	native_intact	ot_nolit__to__ot_all	background
BAZ1B	3	0	ot_all	native_intact	ot_nolit__to__ot_all	background
CHRNB3	3	0	ot_all	native_intact	ot_nolit__to__ot_all	background
EDEM1	3	0	ot_all	native_intact	ot_nolit__to__ot_all	background
ELOVL5	3	0	ot_all	native_intact	ot_nolit__to__ot_all	background
ATG9B	3	0	ot_all	native_intact	ot_nolit__to__ot_all	background
VGLL3	3	0	ot_all	native_intact	ot_nolit__to__ot_all	background
ZNF449	3	0	ot_all	native_intact	ot_nolit__to__ot_all	background
SLC35D3	3	0	ot_all	native_intact	ot_nolit__to__ot_all	background
MRAS	3	0	ot_all	native_intact	ot_nolit__to__ot_all	background
CACHD1	3	0	ot_all	native_intact	ot_nolit__to__ot_all	background
UTS2R	3	0	ot_all	native_intact	ot_nolit__to__ot_all	background
CA1	3	0	ot_all	native_intact	ot_nolit__to__ot_all	background
LITAF	3	0	ot_all	native_intact	ot_nolit__to__ot_all	background
DDR2	4	1	ot_all	native_intact	ot_nolit__to__ot_all	target
NEK9	4	1	ot_all	native_intact	ot_nolit__to__ot_all	target
HAX1	4	1	ot_all	native_intact	ot_nolit__to__ot_all	target
KLF6	4	1	ot_all	native_intact	ot_nolit__to__ot_all	target
NOP10	4	1	ot_all	native_intact	ot_nolit__to__ot_all	target
FAS	4	1	ot_all	native_intact	ot_nolit__to__ot_all	target
ATR	4	1	ot_all	native_intact	ot_nolit__to__ot_all	target
EZH2	4	1	ot_all	native_intact	ot_nolit__to__ot_all	target
ROS1	4	1	ot_all	native_intact	ot_nolit__to__ot_all	target
CASP8	4	1	ot_all	native_intact	ot_nolit__to__ot_all	target
EXO1	4	1	ot_all	native_intact	ot_nolit__to__ot_all	target
CCND1	4	1	ot_all	native_intact	ot_nolit__to__ot_all	target
ERCC2	4	1	ot_all	native_intact	ot_nolit__to__ot_all	target
KDM6A	4	1	ot_all	native_intact	ot_nolit__to__ot_all	target
TSPYL1	4	1	ot_all	native_intact	ot_nolit__to__ot_all	target
JAK3	4	1	ot_all	native_intact	ot_nolit__to__ot_all	target
HHAT	4	1	ot_all	native_intact	ot_nolit__to__ot_all	target
ANTXR2	4	1	ot_all	native_intact	ot_nolit__to__ot_all	target
TINF2	4	1	ot_all	native_intact	ot_nolit__to__ot_all	target
NHP2	4	1	ot_all	native_intact	ot_nolit__to__ot_all	target
PTK6	4	1	ot_all	native_intact	ot_nolit__to__ot_all	target
PTPN11	4	1	ot_all	native_intact	ot_nolit__to__ot_all	target
NSDHL	4	1	ot_all	native_intact	ot_nolit__to__ot_all	target
CDH11	4	1	ot_all	native_intact	ot_nolit__to__ot_all	target
NRAS	4	1	ot_all	native_intact	ot_nolit__to__ot_all	target
TCF7L2	4	1	ot_all	native_intact	ot_nolit__to__ot_all	target
MT-CO1	4	1	ot_all	native_intact	ot_nolit__to__ot_all	target
BCL2	4	1	ot_all	native_intact	ot_nolit__to__ot_all	target
PIK3R1	4	1	ot_all	native_intact	ot_nolit__to__ot_all	target
SLF2	4	1	ot_all	native_intact	ot_nolit__to__ot_all	target
P2RY8	4	1	ot_all	native_intact	ot_nolit__to__ot_all	target
HAVCR2	4	1	ot_all	native_intact	ot_nolit__to__ot_all	target
WRAP53	4	1	ot_all	native_intact	ot_nolit__to__ot_all	target
TNFRSF14	4	1	ot_all	native_intact	ot_nolit__to__ot_all	target
PRKD1	4	1	ot_all	native_intact	ot_nolit__to__ot_all	target
FGF1	4	1	ot_all	native_intact	ot_nolit__to__ot_all	target
IKZF1	4	1	ot_all	native_intact	ot_nolit__to__ot_all	target
U2AF1	4	1	ot_all	native_intact	ot_nolit__to__ot_all	target
HRAS	4	1	ot_all	native_intact	ot_nolit__to__ot_all	target
SRD5A2	4	1	ot_all	native_intact	ot_nolit__to__ot_all	target
ELMO2	4	1	ot_all	native_intact	ot_nolit__to__ot_all	target
ELP1	4	1	ot_all	native_intact	ot_nolit__to__ot_all	target
MTAP	4	1	ot_all	native_intact	ot_nolit__to__ot_all	target
PBRM1	4	1	ot_all	native_intact	ot_nolit__to__ot_all	target
MAPK1	4	1	ot_all	native_intact	ot_nolit__to__ot_all	target
GPC3	4	1	ot_all	native_intact	ot_nolit__to__ot_all	target
IDH2	4	1	ot_all	native_intact	ot_nolit__to__ot_all	target
WIPF1	4	1	ot_all	native_intact	ot_nolit__to__ot_all	target
CRIPT	4	1	ot_all	native_intact	ot_nolit__to__ot_all	target
LATS2	4	1	ot_all	native_intact	ot_nolit__to__ot_all	target
AKR1C2	4	1	ot_all	native_intact	ot_nolit__to__ot_all	target
FASLG	4	1	ot_all	native_intact	ot_nolit__to__ot_all	target
FGFR2	4	1	ot_all	native_intact	ot_nolit__to__ot_all	target
TRIM28	4	1	ot_all	native_intact	ot_nolit__to__ot_all	target
TNFRSF13B	4	1	ot_all	native_intact	ot_nolit__to__ot_all	target
ARID5B	4	1	ot_all	native_intact	ot_nolit__to__ot_all	target
RBM10	4	1	ot_all	native_intact	ot_nolit__to__ot_all	target
IRF1	4	1	ot_all	native_intact	ot_nolit__to__ot_all	target
CD74	4	1	ot_all	native_intact	ot_nolit__to__ot_all	target
ING1	4	1	ot_all	native_intact	ot_nolit__to__ot_all	target
GCGR	4	1	ot_all	native_intact	ot_nolit__to__ot_all	target
AKT1	4	1	ot_all	native_intact	ot_nolit__to__ot_all	target
SDC4	4	1	ot_all	native_intact	ot_nolit__to__ot_all	target
FAT1	4	1	ot_all	native_intact	ot_nolit__to__ot_all	target
KEAP1	4	1	ot_all	native_intact	ot_nolit__to__ot_all	target
EML4	4	1	ot_all	native_intact	ot_nolit__to__ot_all	target
ITGB3	4	1	ot_all	native_intact	ot_nolit__to__ot_all	target
XPO1	4	1	ot_all	native_intact	ot_nolit__to__ot_all	target
EPHA3	4	1	ot_all	native_intact	ot_nolit__to__ot_all	target
TMPRSS2	4	1	ot_all	native_intact	ot_nolit__to__ot_all	target
FGF2	4	1	ot_all	native_intact	ot_nolit__to__ot_all	target
MITF	4	1	ot_all	native_intact	ot_nolit__to__ot_all	target
SAMD9L	4	1	ot_all	native_intact	ot_nolit__to__ot_all	target
MPL	4	1	ot_all	native_intact	ot_nolit__to__ot_all	target
MAPK3	4	1	ot_all	native_intact	ot_nolit__to__ot_all	target
GNAS	4	1	ot_all	native_intact	ot_nolit__to__ot_all	target
KHDC3L	4	1	ot_all	native_intact	ot_nolit__to__ot_all	target
MYC	4	1	ot_all	native_intact	ot_nolit__to__ot_all	target
GALNT3	4	1	ot_all	native_intact	ot_nolit__to__ot_all	target
NOTCH3	4	1	ot_all	native_intact	ot_nolit__to__ot_all	target
SPOP	4	1	ot_all	native_intact	ot_nolit__to__ot_all	target
PITX2	4	1	ot_all	native_intact	ot_nolit__to__ot_all	target
NLRP7	4	1	ot_all	native_intact	ot_nolit__to__ot_all	target
CTC1	4	1	ot_all	native_intact	ot_nolit__to__ot_all	target
ACD	4	1	ot_all	native_intact	ot_nolit__to__ot_all	target
SRGAP1	4	1	ot_all	native_intact	ot_nolit__to__ot_all	target
GALNT12	4	1	ot_all	native_intact	ot_nolit__to__ot_all	target
CDKN1A	4	1	ot_all	native_intact	ot_nolit__to__ot_all	target
DDX3X	4	1	ot_all	native_intact	ot_nolit__to__ot_all	target
NFIA	4	1	ot_all	native_intact	ot_nolit__to__ot_all	target
ESR1	4	1	ot_all	native_intact	ot_nolit__to__ot_all	target
CASP10	4	1	ot_all	native_intact	ot_nolit__to__ot_all	target
MFN2	4	1	ot_all	native_intact	ot_nolit__to__ot_all	target
TP63	4	1	ot_all	native_intact	ot_nolit__to__ot_all	target
HOXB13	4	1	ot_all	native_intact	ot_nolit__to__ot_all	target
KDM5C	4	1	ot_all	native_intact	ot_nolit__to__ot_all	target
ALK	4	1	ot_all	native_intact	ot_nolit__to__ot_all	target
CLCN2	4	1	ot_all	native_intact	ot_nolit__to__ot_all	target
CDKN1C	4	1	ot_all	native_intact	ot_nolit__to__ot_all	target
SH3BP2	4	1	ot_all	native_intact	ot_nolit__to__ot_all	target
PRKCD	4	1	ot_all	native_intact	ot_nolit__to__ot_all	target
NTRK3	4	1	ot_all	native_intact	ot_nolit__to__ot_all	target
CYP11A1	4	1	ot_all	native_intact	ot_nolit__to__ot_all	target
CBL	4	1	ot_all	native_intact	ot_nolit__to__ot_all	target
EXT1	4	1	ot_all	native_intact	ot_nolit__to__ot_all	target
NPM1	4	1	ot_all	native_intact	ot_nolit__to__ot_all	target
REST	4	1	ot_all	native_intact	ot_nolit__to__ot_all	target
MLH3	4	1	ot_all	native_intact	ot_nolit__to__ot_all	target
PIK3R2	4	1	ot_all	native_intact	ot_nolit__to__ot_all	target
GPR161	4	1	ot_all	native_intact	ot_nolit__to__ot_all	target
SETBP1	4	1	ot_all	native_intact	ot_nolit__to__ot_all	target
SETD2	4	1	ot_all	native_intact	ot_nolit__to__ot_all	target
CYLD	4	1	ot_all	native_intact	ot_nolit__to__ot_all	target
NFE2L2	4	1	ot_all	native_intact	ot_nolit__to__ot_all	target
DLST	4	1	ot_all	native_intact	ot_nolit__to__ot_all	target
DCLRE1B	4	1	ot_all	native_intact	ot_nolit__to__ot_all	target
SAMD9	4	1	ot_all	native_intact	ot_nolit__to__ot_all	target
SLC25A11	4	1	ot_all	native_intact	ot_nolit__to__ot_all	target
CASR	4	1	ot_all	native_intact	ot_nolit__to__ot_all	target
GATA3	4	1	ot_all	native_intact	ot_nolit__to__ot_all	target
SMO	4	1	ot_all	native_intact	ot_nolit__to__ot_all	target
DHH	4	1	ot_all	native_intact	ot_nolit__to__ot_all	target
PRKCB	4	1	ot_all	native_intact	ot_nolit__to__ot_all	target
PARN	4	1	ot_all	native_intact	ot_nolit__to__ot_all	target
KRAS	4	1	ot_all	native_intact	ot_nolit__to__ot_all	target
EPAS1	4	1	ot_all	native_intact	ot_nolit__to__ot_all	target
PTPN14	4	1	ot_all	native_intact	ot_nolit__to__ot_all	target
RSPO1	4	1	ot_all	native_intact	ot_nolit__to__ot_all	target
SPRTN	4	1	ot_all	native_intact	ot_nolit__to__ot_all	target
CCDC6	4	1	ot_all	native_intact	ot_nolit__to__ot_all	target
BUB1B	4	1	ot_all	native_intact	ot_nolit__to__ot_all	target
EXT2	4	1	ot_all	native_intact	ot_nolit__to__ot_all	target
RUNX1	4	1	ot_all	native_intact	ot_nolit__to__ot_all	target
ARID2	4	1	ot_all	native_intact	ot_nolit__to__ot_all	target
CD79B	4	1	ot_all	native_intact	ot_nolit__to__ot_all	target
PAX3	4	1	ot_all	native_intact	ot_nolit__to__ot_all	target
GATA2	4	1	ot_all	native_intact	ot_nolit__to__ot_all	target
ANAPC1	4	1	ot_all	native_intact	ot_nolit__to__ot_all	target
EPCAM	4	1	ot_all	native_intact	ot_nolit__to__ot_all	target
ELAC2	4	1	ot_all	native_intact	ot_nolit__to__ot_all	target
ATRX	4	1	ot_all	native_intact	ot_nolit__to__ot_all	target
CEP57	4	1	ot_all	native_intact	ot_nolit__to__ot_all	target
HNF1B	4	1	ot_all	native_intact	ot_nolit__to__ot_all	target
NSD1	4	1	ot_all	native_intact	ot_nolit__to__ot_all	target
SMC5	4	1	ot_all	native_intact	ot_nolit__to__ot_all	target
STRN	4	1	ot_all	native_intact	ot_nolit__to__ot_all	target
TRIP13	4	1	ot_all	native_intact	ot_nolit__to__ot_all	target
XPA	4	1	ot_all	native_intact	ot_nolit__to__ot_all	target
KRT13	4	1	ot_all	native_intact	ot_nolit__to__ot_all	target
FBXW7	4	1	ot_all	native_intact	ot_nolit__to__ot_all	target
HSP90AA1	4	1	ot_all	native_intact	ot_nolit__to__ot_all	target
KRT4	4	1	ot_all	native_intact	ot_nolit__to__ot_all	target
PAX5	4	1	ot_all	native_intact	ot_nolit__to__ot_all	target
PIK3CB	4	1	ot_all	native_intact	ot_nolit__to__ot_all	target
BCL9L	4	1	ot_all	native_intact	ot_nolit__to__ot_all	target
NTRK2	4	1	ot_all	native_intact	ot_nolit__to__ot_all	target
IGF2	4	1	ot_all	native_intact	ot_nolit__to__ot_all	target
TBL1XR1	4	1	ot_all	native_intact	ot_nolit__to__ot_all	target
CDK12	4	1	ot_all	native_intact	ot_nolit__to__ot_all	target
ZFHX3	4	1	ot_all	native_intact	ot_nolit__to__ot_all	target
JAK2	4	1	ot_all	native_intact	ot_nolit__to__ot_all	target
DLL3	4	1	ot_all	native_intact	ot_nolit__to__ot_all	target
B2M	4	1	ot_all	native_intact	ot_nolit__to__ot_all	target
ENG	4	1	ot_all	native_intact	ot_nolit__to__ot_all	target
FANCD2	4	1	ot_all	native_intact	ot_nolit__to__ot_all	target
GCM2	4	1	ot_all	native_intact	ot_nolit__to__ot_all	target
PPP6C	4	1	ot_all	native_intact	ot_nolit__to__ot_all	target
RSPO4	4	0	ot_all	native_intact	ot_nolit__to__ot_all	background
CBLL1	4	0	ot_all	native_intact	ot_nolit__to__ot_all	background
RPL12	4	0	ot_all	native_intact	ot_nolit__to__ot_all	background
SAR1B	4	0	ot_all	native_intact	ot_nolit__to__ot_all	background
ZFPM1	4	0	ot_all	native_intact	ot_nolit__to__ot_all	background
CD300LF	4	0	ot_all	native_intact	ot_nolit__to__ot_all	background
MOB3C	4	0	ot_all	native_intact	ot_nolit__to__ot_all	background
TAF1A	4	0	ot_all	native_intact	ot_nolit__to__ot_all	background
CHRNA6	4	0	ot_all	native_intact	ot_nolit__to__ot_all	background
MTARC1	4	0	ot_all	native_intact	ot_nolit__to__ot_all	background
KALRN	4	0	ot_all	native_intact	ot_nolit__to__ot_all	background
VTA1	4	0	ot_all	native_intact	ot_nolit__to__ot_all	background
HOXC10	4	0	ot_all	native_intact	ot_nolit__to__ot_all	background
ACACA	4	0	ot_all	native_intact	ot_nolit__to__ot_all	background
CRYGS	4	0	ot_all	native_intact	ot_nolit__to__ot_all	background
PSMD10	4	0	ot_all	native_intact	ot_nolit__to__ot_all	background
NANOS2	4	0	ot_all	native_intact	ot_nolit__to__ot_all	background
LIG4	4	0	ot_all	native_intact	ot_nolit__to__ot_all	background
UBA1	4	0	ot_all	native_intact	ot_nolit__to__ot_all	background
CD248	4	0	ot_all	native_intact	ot_nolit__to__ot_all	background
PRAMEF4	4	0	ot_all	native_intact	ot_nolit__to__ot_all	background
MEFV	4	0	ot_all	native_intact	ot_nolit__to__ot_all	background
CNNM1	4	0	ot_all	native_intact	ot_nolit__to__ot_all	background
ACSBG2	4	0	ot_all	native_intact	ot_nolit__to__ot_all	background
ZFP41	4	0	ot_all	native_intact	ot_nolit__to__ot_all	background
TSSK3	4	0	ot_all	native_intact	ot_nolit__to__ot_all	background
XPNPEP2	4	0	ot_all	native_intact	ot_nolit__to__ot_all	background
FOXD4L1	4	0	ot_all	native_intact	ot_nolit__to__ot_all	background
TMEM101	4	0	ot_all	native_intact	ot_nolit__to__ot_all	background
RBM26	4	0	ot_all	native_intact	ot_nolit__to__ot_all	background
NANP	4	0	ot_all	native_intact	ot_nolit__to__ot_all	background
SIAH3	4	0	ot_all	native_intact	ot_nolit__to__ot_all	background
FDX2	4	0	ot_all	native_intact	ot_nolit__to__ot_all	background
DEDD	4	0	ot_all	native_intact	ot_nolit__to__ot_all	background
ZNHIT3	4	0	ot_all	native_intact	ot_nolit__to__ot_all	background
LY6G6D	4	0	ot_all	native_intact	ot_nolit__to__ot_all	background
ANKRD39	4	0	ot_all	native_intact	ot_nolit__to__ot_all	background
ATP5MJ	4	0	ot_all	native_intact	ot_nolit__to__ot_all	background
ZNF227	4	0	ot_all	native_intact	ot_nolit__to__ot_all	background
TVP23C	4	0	ot_all	native_intact	ot_nolit__to__ot_all	background
ARHGAP6	4	0	ot_all	native_intact	ot_nolit__to__ot_all	background
DEPDC5	4	0	ot_all	native_intact	ot_nolit__to__ot_all	background
ANXA4	4	0	ot_all	native_intact	ot_nolit__to__ot_all	background
KRABD4	4	0	ot_all	native_intact	ot_nolit__to__ot_all	background
BCAR1	4	0	ot_all	native_intact	ot_nolit__to__ot_all	background
KIRREL3	4	0	ot_all	native_intact	ot_nolit__to__ot_all	background
PGAP3	4	0	ot_all	native_intact	ot_nolit__to__ot_all	background
GOLGA8G	4	0	ot_all	native_intact	ot_nolit__to__ot_all	background
DPPA5	4	0	ot_all	native_intact	ot_nolit__to__ot_all	background
MKNK2	4	0	ot_all	native_intact	ot_nolit__to__ot_all	background
HSD11B1L	4	0	ot_all	native_intact	ot_nolit__to__ot_all	background
ASTN2	4	0	ot_all	native_intact	ot_nolit__to__ot_all	background
GEMIN7	4	0	ot_all	native_intact	ot_nolit__to__ot_all	background
ADAMTS4	4	0	ot_all	native_intact	ot_nolit__to__ot_all	background
ZNF563	4	0	ot_all	native_intact	ot_nolit__to__ot_all	background
PRKACA	4	0	ot_all	native_intact	ot_nolit__to__ot_all	background
F12	4	0	ot_all	native_intact	ot_nolit__to__ot_all	background
FURIN	4	0	ot_all	native_intact	ot_nolit__to__ot_all	background
KPLCE	4	0	ot_all	native_intact	ot_nolit__to__ot_all	background
ARPC3	4	0	ot_all	native_intact	ot_nolit__to__ot_all	background
ASCL3	4	0	ot_all	native_intact	ot_nolit__to__ot_all	background
HSPA8	4	0	ot_all	native_intact	ot_nolit__to__ot_all	background
KCTD11	4	0	ot_all	native_intact	ot_nolit__to__ot_all	background
DDX21	4	0	ot_all	native_intact	ot_nolit__to__ot_all	background
VPS37D	4	0	ot_all	native_intact	ot_nolit__to__ot_all	background
FANCI	4	0	ot_all	native_intact	ot_nolit__to__ot_all	background
MPDU1	4	0	ot_all	native_intact	ot_nolit__to__ot_all	background
FOXA3	4	0	ot_all	native_intact	ot_nolit__to__ot_all	background
SPDYA	4	0	ot_all	native_intact	ot_nolit__to__ot_all	background
MMP13	4	0	ot_all	native_intact	ot_nolit__to__ot_all	background
PLA2G4E	4	0	ot_all	native_intact	ot_nolit__to__ot_all	background
SHISA2	4	0	ot_all	native_intact	ot_nolit__to__ot_all	background
PIEZO2	4	0	ot_all	native_intact	ot_nolit__to__ot_all	background
NSUN5P2	4	0	ot_all	native_intact	ot_nolit__to__ot_all	background
MBD3L3	4	0	ot_all	native_intact	ot_nolit__to__ot_all	background
PLPP2	4	0	ot_all	native_intact	ot_nolit__to__ot_all	background
SLIT2	4	0	ot_all	native_intact	ot_nolit__to__ot_all	background
TMT1A	4	0	ot_all	native_intact	ot_nolit__to__ot_all	background
DFFB	4	0	ot_all	native_intact	ot_nolit__to__ot_all	background
TMEM132E-DT	4	0	ot_all	native_intact	ot_nolit__to__ot_all	background
VPS26A	4	0	ot_all	native_intact	ot_nolit__to__ot_all	background
STRIT1	4	0	ot_all	native_intact	ot_nolit__to__ot_all	background
GREB1L	4	0	ot_all	native_intact	ot_nolit__to__ot_all	background
GJD4	4	0	ot_all	native_intact	ot_nolit__to__ot_all	background
RPS27A	4	0	ot_all	native_intact	ot_nolit__to__ot_all	background
TGOLN2	4	0	ot_all	native_intact	ot_nolit__to__ot_all	background
ELL2	4	0	ot_all	native_intact	ot_nolit__to__ot_all	background
SLC25A19	4	0	ot_all	native_intact	ot_nolit__to__ot_all	background
LIF	4	0	ot_all	native_intact	ot_nolit__to__ot_all	background
BRMS1	4	0	ot_all	native_intact	ot_nolit__to__ot_all	background
CIMAP3	4	0	ot_all	native_intact	ot_nolit__to__ot_all	background
RNF5	4	0	ot_all	native_intact	ot_nolit__to__ot_all	background
SESTD1	4	0	ot_all	native_intact	ot_nolit__to__ot_all	background
FOXD3	4	0	ot_all	native_intact	ot_nolit__to__ot_all	background
MXD3	4	0	ot_all	native_intact	ot_nolit__to__ot_all	background
C16orf96	4	0	ot_all	native_intact	ot_nolit__to__ot_all	background
PIN4	4	0	ot_all	native_intact	ot_nolit__to__ot_all	background
UQCRH	4	0	ot_all	native_intact	ot_nolit__to__ot_all	background
EPHX3	4	0	ot_all	native_intact	ot_nolit__to__ot_all	background
MEIS3	4	0	ot_all	native_intact	ot_nolit__to__ot_all	background
GNL2	4	0	ot_all	native_intact	ot_nolit__to__ot_all	background
C14orf180	4	0	ot_all	native_intact	ot_nolit__to__ot_all	background
IFTAP	4	0	ot_all	native_intact	ot_nolit__to__ot_all	background
SGO1	4	0	ot_all	native_intact	ot_nolit__to__ot_all	background
GGT1	4	0	ot_all	native_intact	ot_nolit__to__ot_all	background
RETSAT	4	0	ot_all	native_intact	ot_nolit__to__ot_all	background
ATP11B	4	0	ot_all	native_intact	ot_nolit__to__ot_all	background
BLZF1	4	0	ot_all	native_intact	ot_nolit__to__ot_all	background
COX6A1	4	0	ot_all	native_intact	ot_nolit__to__ot_all	background
TXNDC16	4	0	ot_all	native_intact	ot_nolit__to__ot_all	background
TIPE1	4	0	ot_all	native_intact	ot_nolit__to__ot_all	background
INSIG1	4	0	ot_all	native_intact	ot_nolit__to__ot_all	background
OFCC1	4	0	ot_all	native_intact	ot_nolit__to__ot_all	background
CD8B	4	0	ot_all	native_intact	ot_nolit__to__ot_all	background
TEX2	4	0	ot_all	native_intact	ot_nolit__to__ot_all	background
PPP1R3G	4	0	ot_all	native_intact	ot_nolit__to__ot_all	background
TRIM46	4	0	ot_all	native_intact	ot_nolit__to__ot_all	background
C2orf42	4	0	ot_all	native_intact	ot_nolit__to__ot_all	background
XPO6	4	0	ot_all	native_intact	ot_nolit__to__ot_all	background
ECSCR	4	0	ot_all	native_intact	ot_nolit__to__ot_all	background
OR5A2	4	0	ot_all	native_intact	ot_nolit__to__ot_all	background
UQCC2	4	0	ot_all	native_intact	ot_nolit__to__ot_all	background
EN1	4	0	ot_all	native_intact	ot_nolit__to__ot_all	background
KBTBD8	4	0	ot_all	native_intact	ot_nolit__to__ot_all	background
RNF112	4	0	ot_all	native_intact	ot_nolit__to__ot_all	background
CSMD2	4	0	ot_all	native_intact	ot_nolit__to__ot_all	background
STMN2	4	0	ot_all	native_intact	ot_nolit__to__ot_all	background
NMS	4	0	ot_all	native_intact	ot_nolit__to__ot_all	background
PDK4	4	0	ot_all	native_intact	ot_nolit__to__ot_all	background
CDH19	4	0	ot_all	native_intact	ot_nolit__to__ot_all	background
AIDA	4	0	ot_all	native_intact	ot_nolit__to__ot_all	background
BRD10	4	0	ot_all	native_intact	ot_nolit__to__ot_all	background
BLTP1	4	0	ot_all	native_intact	ot_nolit__to__ot_all	background
JARID2	4	0	ot_all	native_intact	ot_nolit__to__ot_all	background
CEBPB	4	0	ot_all	native_intact	ot_nolit__to__ot_all	background
SOX8	4	0	ot_all	native_intact	ot_nolit__to__ot_all	background
C10orf62	4	0	ot_all	native_intact	ot_nolit__to__ot_all	background
PDIA5	4	0	ot_all	native_intact	ot_nolit__to__ot_all	background
MRPL27	4	0	ot_all	native_intact	ot_nolit__to__ot_all	background
CEACAM3	4	0	ot_all	native_intact	ot_nolit__to__ot_all	background
LSM14A	4	0	ot_all	native_intact	ot_nolit__to__ot_all	background
CLVS1	4	0	ot_all	native_intact	ot_nolit__to__ot_all	background
MT3	4	0	ot_all	native_intact	ot_nolit__to__ot_all	background
TIA1	4	0	ot_all	native_intact	ot_nolit__to__ot_all	background
CYBC1	4	0	ot_all	native_intact	ot_nolit__to__ot_all	background
FOXF1	4	0	ot_all	native_intact	ot_nolit__to__ot_all	background
DCAF12	4	0	ot_all	native_intact	ot_nolit__to__ot_all	background
ZNF512	4	0	ot_all	native_intact	ot_nolit__to__ot_all	background
PIGS	4	0	ot_all	native_intact	ot_nolit__to__ot_all	background
RGCC	4	0	ot_all	native_intact	ot_nolit__to__ot_all	background
ADAMTS13	4	0	ot_all	native_intact	ot_nolit__to__ot_all	background
TTLL7	4	0	ot_all	native_intact	ot_nolit__to__ot_all	background
TSNARE1	4	0	ot_all	native_intact	ot_nolit__to__ot_all	background
JMJD6	4	0	ot_all	native_intact	ot_nolit__to__ot_all	background
RFWD3	4	0	ot_all	native_intact	ot_nolit__to__ot_all	background
SYNPO2L	4	0	ot_all	native_intact	ot_nolit__to__ot_all	background
RPS24	4	0	ot_all	native_intact	ot_nolit__to__ot_all	background
PRKG2	4	0	ot_all	native_intact	ot_nolit__to__ot_all	background
POMT2	4	0	ot_all	native_intact	ot_nolit__to__ot_all	background
L3HYPDH	4	0	ot_all	native_intact	ot_nolit__to__ot_all	background
PBXIP1	4	0	ot_all	native_intact	ot_nolit__to__ot_all	background
PPIG	4	0	ot_all	native_intact	ot_nolit__to__ot_all	background
HLA-DPB1	4	0	ot_all	native_intact	ot_nolit__to__ot_all	background
SPON1	4	0	ot_all	native_intact	ot_nolit__to__ot_all	background
ULK4	4	0	ot_all	native_intact	ot_nolit__to__ot_all	background
TAS2R7	4	0	ot_all	native_intact	ot_nolit__to__ot_all	background
MEP1A	4	0	ot_all	native_intact	ot_nolit__to__ot_all	background
SCYL3	4	0	ot_all	native_intact	ot_nolit__to__ot_all	background
CXCL2	4	0	ot_all	native_intact	ot_nolit__to__ot_all	background
SNX29	4	0	ot_all	native_intact	ot_nolit__to__ot_all	background
IFNGR1	4	0	ot_all	native_intact	ot_nolit__to__ot_all	background
CTPS1	4	0	ot_all	native_intact	ot_nolit__to__ot_all	background
CBX2	4	0	ot_all	native_intact	ot_nolit__to__ot_all	background
RHBDF1	4	0	ot_all	native_intact	ot_nolit__to__ot_all	background
TMEM245	4	0	ot_all	native_intact	ot_nolit__to__ot_all	background
SOAT1	4	0	ot_all	native_intact	ot_nolit__to__ot_all	background
UGT2B11	4	0	ot_all	native_intact	ot_nolit__to__ot_all	background
MEX3D	4	0	ot_all	native_intact	ot_nolit__to__ot_all	background
MOGS	4	0	ot_all	native_intact	ot_nolit__to__ot_all	background
EFEMP1	4	0	ot_all	native_intact	ot_nolit__to__ot_all	background
NUP43	4	0	ot_all	native_intact	ot_nolit__to__ot_all	background
GLYCTK	4	0	ot_all	native_intact	ot_nolit__to__ot_all	background
TNFAIP2	4	0	ot_all	native_intact	ot_nolit__to__ot_all	background
NSRP1	4	0	ot_all	native_intact	ot_nolit__to__ot_all	background
CDC14C	4	0	ot_all	native_intact	ot_nolit__to__ot_all	background
NUP205	4	0	ot_all	native_intact	ot_nolit__to__ot_all	background
LYZL2	4	0	ot_all	native_intact	ot_nolit__to__ot_all	background
BSPRY	4	0	ot_all	native_intact	ot_nolit__to__ot_all	background
FGGY	4	0	ot_all	native_intact	ot_nolit__to__ot_all	background
COX6A2	4	0	ot_all	native_intact	ot_nolit__to__ot_all	background
ZNF214	4	0	ot_all	native_intact	ot_nolit__to__ot_all	background
MPDZ	4	0	ot_all	native_intact	ot_nolit__to__ot_all	background
SLN	4	0	ot_all	native_intact	ot_nolit__to__ot_all	background
BBS1	4	0	ot_all	native_intact	ot_nolit__to__ot_all	background
PDE4C	4	0	ot_all	native_intact	ot_nolit__to__ot_all	background
TMEM150A	4	0	ot_all	native_intact	ot_nolit__to__ot_all	background
STIMATE	4	0	ot_all	native_intact	ot_nolit__to__ot_all	background
ZDHHC22	4	0	ot_all	native_intact	ot_nolit__to__ot_all	background
SYT16	4	0	ot_all	native_intact	ot_nolit__to__ot_all	background
TAF6	4	0	ot_all	native_intact	ot_nolit__to__ot_all	background
