resample	repeat	fold	delta_auroc
0	0	0	-0.05156732891832233
0	0	1	-0.0449821701477332
0	0	2	0.0064391237901172405
0	0	3	-0.008035320088300213
0	0	4	-0.07448954303258948
0	1	0	-0.030483953132959818
0	1	1	-0.03336389879436241
0	1	2	-0.03228391917133627
0	1	3	-0.012555612158261176
0	1	4	-0.029649874020734934
0	2	0	-0.005168959076243929
0	2	1	-0.040152827305145355
0	2	2	-0.007685515367634621
0	2	3	-0.05826795720835454
0	2	4	-0.053021437127397486
0	3	0	0.02253014094073702
0	3	1	-0.0232874851417898
0	3	2	-0.004051621667515715
0	3	3	-0.0461402615044999
0	3	4	0.008811664440803502
0	4	0	-0.04509084734250285
0	4	1	-0.005674987264391196
0	4	2	-0.015995924605196166
0	4	3	-0.029702835795551108
0	4	4	-0.029391719789070736
0	5	0	-0.009128884360672496
0	5	1	-0.03764985566310075
0	5	2	-0.017972491085073927
0	5	3	-0.029604347087790694
0	5	4	-0.011789043245996833
0	6	0	-0.0560230939038886
0	6	1	0.015167260995075482
0	6	2	-0.019840380370181654
0	6	3	-0.02606894209543209
0	6	4	-0.01098360204320481
0	7	0	-0.01907624384445572
0	7	1	-0.05650874511801662
0	7	2	-0.002397690609611147
0	7	3	0.01149261334691798
0	7	4	-0.04241301923421126
0	8	0	-0.05719137374766503
0	8	1	0.024462557310239386
0	8	2	-0.05408048904737639
0	8	3	-0.047637969094922905
0	8	4	-0.013200286379094206
0	9	0	-0.07836984207845155
0	9	1	-0.02197656647987789
0	9	2	-0.018947189675666554
0	9	3	-0.027593818984547602
0	9	4	0.013778551858022015
1	0	0	-0.018135506877228758
1	0	1	-0.0423127865511973
1	0	2	0.006642893530310778
1	0	3	-0.06686364408218715
1	0	4	-0.02884787487436502
1	1	0	-0.04249278315503491
1	1	1	-0.051152997113262155
1	1	2	-0.02322295805739505
1	1	3	0.014661232806928104
1	1	4	-0.021536947033635734
1	2	0	-0.009923586347427404
1	2	1	-0.028870776023093958
1	2	2	-0.052705043301069954
1	2	3	-0.012813720495839731
1	2	4	-0.02752612520824449
1	3	0	0.002373917473255327
1	3	1	-0.002163355408388523
1	3	2	-0.04436406860247921
1	3	3	-0.04004075394803874
1	3	4	0.009878701931682055
1	4	0	-0.021501103752759265
1	4	1	-0.04409237561555446
1	4	2	-0.05415520461878076
1	4	3	-0.015975547631176812
1	4	4	-0.0171861877159889
1	5	0	-0.01922907114960104
1	5	1	-0.043640686024791986
1	5	2	-0.032667685515367584
1	5	3	0.01179487179487182
1	5	4	-0.008271261582519784
1	6	0	-0.07447784004075397
1	6	1	-0.044482934284258924
1	6	2	-0.028833418237391828
1	6	3	-0.02935642723722187
1	6	4	-0.012387961063457742
1	7	0	-0.04627271183562576
1	7	1	-0.0464357276277807
1	7	2	-0.04739004924435386
1	7	3	-0.003352012226184531
1	7	4	-0.03826878330189587
1	8	0	-0.013951434878587299
1	8	1	-0.0026388181355069262
1	8	2	-0.030348106639497385
1	8	3	-0.06302937680421128
1	8	4	-0.002867232999683278
1	9	0	-0.0032263542197319417
1	9	1	-0.010273391068093107
1	9	2	-0.03499066055357458
1	9	3	-0.018818135506877387
1	9	4	-0.017578582148118582
2	0	0	-0.021830531499405836
2	0	1	-0.022485990830361735
2	0	2	-0.01251146204788578
2	0	3	-0.053245033112582885
2	0	4	-0.0003958364885517929
2	1	0	0.011078281541857637
2	1	1	-0.04892851078281546
2	1	2	0.004632365427067464
2	1	3	-0.01582611648836818
2	1	4	-0.005875590312676482
2	2	0	0.005406690439802908
2	2	1	-0.020998471726948686
2	2	2	-0.007529291900152946
2	2	3	-0.033978604177279714
2	2	4	0.00015489253899847455
2	3	0	-0.06292069960944136
2	3	1	-0.04994056715911033
2	3	2	0.012059772457123419
2	3	3	-0.014318220410935667
2	3	4	-0.026352383968277993
2	4	0	-0.01036848361351661
2	4	1	-0.015822720326031603
2	4	2	-0.03489217184581417
2	4	3	-0.02550517914756334
2	4	4	-0.00489116217593033
2	5	0	-0.03180166411954494
2	5	1	-0.0003599932076754353
2	5	2	0.0011716760061131204
2	5	3	-0.02154865002547124
2	5	4	-0.014439426691082335
2	6	0	0.002119205298013238
2	6	1	-0.009570385464425346
2	6	2	0.048694175581592725
2	6	3	-0.008476821192052841
2	6	4	-0.029315994547782664
2	7	0	-0.00590932246561382
2	7	1	-0.06730854134827646
2	7	2	-0.01192052980132452
2	7	3	-0.01149261334691798
2	7	4	-0.011510236675799645
2	8	0	-0.03640686024791984
2	8	1	0.010769230769230642
2	8	2	-0.01226014603498038
2	8	3	-0.04715571404313135
2	8	4	0.0074245157026615605
2	9	0	-0.020859229071149787
2	9	1	0.04794362370521299
2	9	2	-0.0324435388011548
2	9	3	-0.02038716250636785
2	9	4	-0.022500722831848674
3	0	0	0.021653931057904474
3	0	1	-0.011828833418237483
3	0	2	-0.049094922737306756
3	0	3	-0.016804211241297384
3	0	4	-0.021234046068483226
3	1	0	-0.03987094583121076
3	1	1	-0.04046187807777213
3	1	2	-0.004815758193241537
3	1	3	-0.021956189505858426
3	1	4	-0.05425025127011884
3	2	0	-0.017924944812361954
3	2	1	-0.057792494481236245
3	2	2	-0.027233825776872278
3	2	3	-0.04807267787400238
3	2	4	-0.025082265148490435
3	3	0	-0.009003226354219684
3	3	1	-0.02293428425878752
3	3	2	-0.048480217354389565
3	3	3	-0.020995075564611998
3	3	4	-0.029691178697801246
3	4	0	-0.004330106979113402
3	4	1	-0.057792494481236134
3	4	2	-0.055146884021056275
3	4	3	-0.029879436237052137
3	4	4	-0.039711004942792894
3	5	0	-0.027631176770249677
3	5	1	0.011733740872813647
3	5	2	-0.042319578875870345
3	5	3	-0.049274919341144474
3	5	4	-0.0008639561619694369
3	6	0	-0.061232806928171235
3	6	1	-0.026225165562913988
3	6	2	-0.0015622346748174198
3	6	3	-0.01025641025641022
3	6	4	-0.03849940108218253
3	7	0	-0.04800475462727116
3	7	1	0.003983698420784498
3	7	2	-0.03474274070300554
3	7	3	-0.0034165393105790587
3	7	4	-0.03804160757803143
3	8	0	-0.031971472236372867
3	8	1	-0.020244523688232374
3	8	2	-0.034138223807097856
3	8	3	-0.024842927491934175
3	8	4	-0.01813619528851307
3	9	0	-0.07402275428765515
3	9	1	-0.021867889285107855
3	9	2	0.012256749872643802
3	9	3	-0.03209033791815252
3	9	4	-0.024696754829205192
4	0	0	0.007661742231278579
4	0	1	-0.004595007641365334
4	0	2	0.0012158261164884054
4	0	3	-0.01681100356597054
4	0	4	0.0026607096143519415
4	1	0	-0.05840040753948039
4	1	1	-0.060954321616573326
4	1	2	-0.021490915265749644
4	1	3	-0.0033927661742231274
4	1	4	-0.021832963885944134
4	2	0	-0.013109186619120416
4	2	1	-0.052514858210222615
4	2	2	-0.012630327729665547
4	2	3	-0.03662761079979626
4	2	4	-0.009579243022951656
4	3	0	-0.06432671081677693
4	3	1	-0.020672440142638804
4	3	2	-0.0715401596196299
4	3	3	-0.03947699100016988
4	3	4	0.006808387603089661
4	4	0	-0.006313465783664318
4	4	1	-0.02728137204958403
4	4	2	-0.0415418577007981
4	4	3	-0.023433520122261853
4	4	4	-0.06923696493232911
4	5	0	-0.008449651893360555
4	5	1	-0.01570385464425217
4	5	2	-0.05579555102733913
4	5	3	-0.03434538970962808
4	5	4	-0.0005748234225055882
4	6	0	-0.039775853285787144
4	6	1	-0.028147393445406732
4	6	2	-0.011282051282051286
4	6	3	-0.02956019697741541
4	6	4	-0.031209125579986563
4	7	0	0.028663610120563843
4	7	1	-0.04852097130242827
4	7	2	-0.040794701986754944
4	7	3	-0.00037357785702152313
4	7	4	-0.03523288953752535
4	8	0	-0.05594837833248423
4	8	1	-0.024639157751740637
4	8	2	-0.03588385124808968
4	8	3	-0.05140091696383098
4	8	4	-0.03783164213627788
4	9	0	-0.05650534895568027
4	9	1	-0.03600950925454238
4	9	2	0.008208524367464776
4	9	3	-0.025121412803532084
4	9	4	-0.021612672274924027
5	0	0	-0.02625912718627954
5	0	1	-0.03018169468500609
5	0	2	-0.02172185430463569
5	0	3	-0.02740703005603673
5	0	4	-0.019960485192273336
5	1	0	-0.038172864662931016
5	1	1	-0.05537782305994243
5	1	2	-0.031808456444218036
5	1	3	-0.0218746816097809
5	1	4	-0.07713304236483054
5	2	0	-0.02930888096451012
5	2	1	-0.03086092715231803
5	2	2	-0.026934963491254904
5	2	3	-0.040730174902360305
5	2	4	-0.014047032258952874
5	3	0	-0.04841229410765824
5	3	1	-0.02283239938869086
5	3	2	-0.052059772457123454
5	3	3	-0.027800984887077607
5	3	4	-0.03146039569880632
5	4	0	-0.011550348106639352
5	4	1	-0.052575989132280454
5	4	2	-0.04817116658176257
5	4	3	-0.028636440821871334
5	4	4	-0.037824758023433436
5	5	0	-0.031081677704194344
5	5	1	-0.03930039055866874
5	5	2	-0.0017184581422992062
5	5	3	-0.03524197656647987
5	5	4	-0.022493838719004344
5	6	0	-0.02884021056206476
5	6	1	-0.023881813550687858
5	6	2	-0.027264391237901142
5	6	3	0.007566649685855076
5	6	4	-0.012236510580881599
5	7	0	-0.01976906096111397
5	7	1	-0.017018169468500655
5	7	2	-0.04212599762268632
5	7	3	0.010480556970623223
5	7	4	-0.062425135272817345
5	8	0	-0.05083375785362543
5	8	1	-0.032491085073866555
5	8	2	-0.05201562234674817
5	8	3	-0.03812871455255573
5	8	4	-0.03621387561784917
5	9	0	-0.10077092885039929
5	9	1	-0.003127865511971528
5	9	2	-0.019904907454576404
5	9	3	-0.05124469349634919
5	9	4	-0.020614475912489216
6	0	0	-0.020648667006282984
6	0	1	-0.044010867719477154
6	0	2	-0.029492273730684304
6	0	3	-0.03206656478179659
6	0	4	-0.011217661879913576
6	1	0	-0.022638818135506944
6	1	1	-0.05657327220241137
6	1	2	-0.03143487858719646
6	1	3	0.00543046357615895
6	1	4	-0.018576778510553393
6	2	0	0.012667685515367677
6	2	1	-0.03917473255221604
6	2	2	-0.04814739344540686
6	2	3	-0.04758363049753778
6	2	4	-0.023905081852101828
6	3	0	-0.010993377483443645
6	3	1	-0.04524027848531165
6	3	2	-0.010191883172015692
6	3	3	-0.04437425708948883
6	3	4	0.02490672027095875
6	4	0	-0.05131940906775334
6	4	1	-0.01047036848361349
6	4	2	-0.03578196637799291
6	4	3	-0.012165053489556765
6	4	4	-0.0519509575800966
6	5	0	-0.05194090677534391
6	5	1	-0.0187875700458483
6	5	2	0.02169808116827987
6	5	3	-0.028008150789607722
6	5	4	0.004058184521760655
6	6	0	-0.030212260146034953
6	6	1	-0.044116148751910444
6	6	2	-0.016362710137544534
6	6	3	-0.014834437086092556
6	6	4	-0.036509892470157346
6	7	0	-0.043820682628629704
6	7	1	-0.017935133299371686
6	7	2	-0.04923076923076919
6	7	3	0.03785362540329429
6	7	4	-0.054188294254519376
6	8	0	-0.029492273730684304
6	8	1	-0.036220071319409186
6	8	2	-0.0022686364408218695
6	8	3	-0.01663100696213282
6	8	4	-0.06422533078162207
6	9	0	-0.059595856681949555
6	9	1	-0.026751570725080664
6	9	2	-0.044459161147902826
6	9	3	0.005980641874681503
6	9	4	-0.07192865305448093
7	0	0	-0.020383766344031384
7	0	1	-0.03845474613686539
7	0	2	-0.02976396671760906
7	0	3	-0.013856342333163574
7	0	4	-0.02528878853382177
7	1	0	-0.000774325012735666
7	1	1	-0.022978434369162914
7	1	2	-0.024588215316692086
7	1	3	-0.019877738155883895
7	1	4	-0.0417211658933514
7	2	0	-0.016220071319409057
7	2	1	-0.03148582102224495
7	2	2	-0.03783664459161162
7	2	3	-0.05570725080658856
7	2	4	-0.021220277842794455
7	3	0	-0.024693496349125432
7	3	1	-0.038590592630327714
7	3	2	0.0046493462387502404
7	3	3	-0.028908133808796088
7	3	4	-0.004096047142404746
7	4	0	-0.029536423841059478
7	4	1	-0.025576498556631022
7	4	2	-0.00783834267277983
7	4	3	-0.021796569876040173
7	4	4	-0.059199928405226365
7	5	0	-0.02627271183562585
7	5	1	0.012069960944133151
7	5	2	-0.023993886907794137
7	5	3	-0.023749363219561892
7	5	4	-0.014556456609436719
7	6	0	-0.054630667345899164
7	6	1	-0.029444727457972553
7	6	2	-0.001732042791645405
7	6	3	0.011716760061131093
7	6	4	-0.009813302859660533
7	7	0	-0.002081847512311108
7	7	1	-0.03348955680081511
7	7	2	-0.0019086432331464342
7	7	3	-0.032491085073866444
7	7	4	0.005954757610386774
7	8	0	-0.011166581762608319
7	8	1	0.001117337408728103
7	8	2	-0.02833757853625407
7	8	3	-0.030854134827644764
7	8	4	-0.03919469647946461
7	9	0	-0.052640516216675315
7	9	1	-0.007339106809305607
7	9	2	-0.05789437935133307
7	9	3	-0.006856851757514049
7	9	4	-0.0184184439151327
8	0	0	-0.03893360502632032
8	0	1	-0.0286262523348616
8	0	2	-0.04716590253014097
8	0	3	-0.03424690100186789
8	0	4	-0.013661521939667742
8	1	0	-0.012660893190694522
8	1	1	-0.02163355408388523
8	1	2	0.020988283239938954
8	1	3	0.01978264561046017
8	1	4	-0.024765595957648934
8	2	0	-0.007437595517065798
8	2	1	-0.032905416878926896
8	2	2	-0.017663440312447043
8	2	3	-0.02894549159449822
8	2	4	-0.003934270490562053
8	3	0	-0.025895737816267528
8	3	1	-0.04176940057734757
8	3	2	-0.002475802343351985
8	3	3	-0.04908133808796061
8	3	4	-0.017712822348583956
8	4	0	0.0174053319748686
8	4	1	-0.038325691968076
8	4	2	-0.017863813890304003
8	4	3	-0.004537272881643739
8	4	4	-0.05477344384629146
8	5	0	-0.03463406350823578
8	5	1	0.010765834606894176
8	5	2	-0.022662591271862764
8	5	3	-0.0006418746816098109
8	5	4	-0.011210777767069136
8	6	0	-0.052919001528273
8	6	1	-0.02149770759042291
8	6	2	-0.013666157242316235
8	6	3	-0.04296824588215309
8	6	4	-0.03379755200947254
8	7	0	0.0009611139412464276
8	7	1	-0.03852266938359661
8	7	2	-0.018026829682458723
8	7	3	-0.019772457123450438
8	7	4	-0.008667098071071577
8	8	0	-0.0005230089998302656
8	8	1	-0.0038546442519953317
8	8	2	-0.004965189336050169
8	8	3	0.0072575989132279695
8	8	4	-0.0009052608390355266
8	9	0	-0.009488877568347931
8	9	1	-0.008357955510273407
8	9	2	-0.02632365427067418
8	9	3	-0.03025641025641035
8	9	4	-0.00583428563561017
9	0	0	-0.028398709458312132
9	0	1	-0.05106809305484805
9	0	2	-0.022394294447274476
9	0	3	-0.03875021226014608
9	0	4	-0.011534331070754966
9	1	0	-0.02071659025301409
9	1	1	-0.01392426557989479
9	1	2	-0.019826795720835344
9	1	3	-0.041334691798267986
9	1	4	-0.05082196307361875
9	2	0	-0.05212429954151809
9	2	1	-0.06838172864662939
9	2	2	-0.015123110884700308
9	2	3	-0.05629818305314993
9	2	4	-0.050133551789181
9	3	0	-0.04340635082356925
9	3	1	7.131940906779377e-05
9	3	2	-0.050762438444557634
9	3	3	-0.025444048225505167
9	3	4	0.011365670306067721
9	4	0	-0.02817116658176244
9	4	1	-0.03563593139752075
9	4	2	-0.02246901001867896
9	4	3	-0.025620648667006307
9	4	4	-0.040440720904296956
9	5	0	-0.04861946001018852
9	5	1	0.008293428425878657
9	5	2	-0.04723042961453561
9	5	3	-0.04808626252334869
9	5	4	-0.006646610951246634
9	6	0	-0.042608252674477876
9	6	1	0.0003667855323483682
9	6	2	-0.0051825437255901274
9	6	3	0.0012158261164884054
9	6	4	0.00811292698709909
9	7	0	-0.04530820173204286
9	7	1	-0.027763627101375477
9	7	2	-0.038967566649685814
9	7	3	-0.007722873153336751
9	7	4	-0.01719651388525556
9	8	0	-0.024139921888266302
9	8	1	-0.049356427237222
9	8	2	-0.056321956189505806
9	8	3	-0.010973000509424402
9	8	4	-0.046553813110104425
9	9	0	-0.05850908473425054
9	9	1	-0.03749023603328244
9	9	2	-0.04005773475972163
9	9	3	-2.3773136355931257e-05
9	9	4	-0.03247580234335212
10	0	0	-0.03007641365257263
10	0	1	-0.04951265070470379
10	0	2	-0.022509763966717555
10	0	3	-0.04988283239938873
10	0	4	-0.01490754636450009
10	1	0	-0.015561215826116581
10	1	1	-0.005433859738495528
10	1	2	-0.038159280013584596
10	1	3	0.004730854134827656
10	1	4	-0.02950874970742523
10	2	0	-0.025831210731873
10	2	1	-0.0194430293768042
10	2	2	-0.04157921548650034
10	2	3	-0.06810324333503137
10	2	4	-0.019327146810590667
10	3	0	-0.0677228731533367
10	3	1	-0.05417218543046354
10	3	2	-0.054593309560197034
10	3	3	-0.01339446425539137
10	3	4	-0.005913452933320462
10	4	0	-0.027220241127525857
10	4	1	-0.02908133808796054
10	4	2	-0.03496349125488196
10	4	3	0.06059432840889789
10	4	4	-0.040433836791452626
10	5	0	-0.015561215826116581
10	5	1	-0.027984377653251902
10	5	2	-0.054049923586347415
10	5	3	-0.05407030056036677
10	5	4	0.012911153639630468
10	6	0	-0.034871794871794815
10	6	1	-0.07040923756155548
10	6	2	-0.00019018509084733903
10	6	3	-0.0013041263372388645
10	6	4	-0.010783962770717803
10	7	0	-0.03369672270334534
10	7	1	-0.06622856172525049
10	7	2	-0.05804041433180496
10	7	3	0.01494311428086259
10	7	4	-0.04677754677754675
10	8	0	-0.015968755306503657
10	8	1	-0.006245542536933324
10	8	2	-0.013238240787909694
10	8	3	-0.02213958227203272
10	8	4	-0.06377786344673753
10	9	0	-0.051064696892511585
10	9	1	0.0030939038886058645
10	9	2	-0.013785022924095891
10	9	3	-0.004241806758363165
10	9	4	-0.01911373931241489
11	0	0	0.005311597894379294
11	0	1	-0.03844116148751919
11	0	2	-0.0364815758193241
11	0	3	-0.053292579385294636
11	0	4	-0.013510071457091488
11	1	0	-0.013312956359313954
11	1	1	-0.055235184241806845
11	1	2	-0.007573442010528009
11	1	3	0.010979792834097557
11	1	4	-0.046519392545882665
11	2	0	-0.011085073866530903
11	2	1	0.0029920190185089846
11	2	2	-0.0205909322465615
11	2	3	-0.026269315673289162
11	2	4	-0.010247001968856306
11	3	0	-0.05811173374087275
11	3	1	-0.06422482594668022
11	3	2	-0.038475123110884746
11	3	3	-0.040930548480217266
11	3	4	-0.03526042598890278
11	4	0	-0.008677194769909913
11	4	1	-0.04948548140601117
11	4	2	-0.03393445406690443
11	4	3	0.05057564951604676
11	4	4	-0.0311609367900757
11	5	0	0.009964340295466112
11	5	1	-0.026279504160298894
11	5	2	-0.06181355068772276
11	5	3	-0.017860417727967315
11	5	4	-0.07015943605347574
11	6	0	-0.05799966038376636
11	6	1	-0.0003192392596366167
11	6	2	0.006113092205807469
11	6	3	-0.02114450670742063
11	6	4	-0.0341073370874696
11	7	0	0.00408218712854469
11	7	1	-0.06490405841399227
11	7	2	-0.03856002716929863
11	7	3	0.006561385634233363
11	7	4	-0.041387286420398905
11	8	0	0.013618610969604372
11	8	1	-0.01443029376804228
11	8	2	-0.06019358125318386
11	8	3	-0.04764476141959595
11	8	4	-0.01170643389186432
11	9	0	-0.06034980472066587
11	9	1	-0.014219731703175476
11	9	2	-0.037103073526914665
11	9	3	-0.0012803532008830443
11	9	4	-0.02142680122812579
12	0	0	-0.020234335201222642
12	0	1	-0.033686534216335606
12	0	2	-0.007267787400237702
12	0	3	-0.03446425539140774
12	0	4	-0.004691522903443435
12	1	0	-0.07394803871625066
12	1	1	-0.06088639836984222
12	1	2	-0.014386143657666772
12	1	3	-0.021365257259297055
12	1	4	-0.04644366730459448
12	2	0	-0.03145525556121587
12	2	1	-0.03295296315163865
12	2	2	-0.029631516386483314
12	2	3	-0.05148921718458144
12	2	4	-0.03986933953821381
12	3	0	-0.025033112582781403
12	3	1	-0.02517575140091699
12	3	2	-0.00674138223807097
12	3	3	-0.01685854983868229
12	3	4	-0.02137517038179293
12	4	0	-0.0007980981490914862
12	4	1	-0.03790456783834262
12	4	2	-0.057727967396841606
12	4	3	0.003858040414331798
12	4	4	-0.07129531467279793
12	5	0	-0.028181355068772396
12	5	1	-0.010772626931567442
12	5	2	-0.003807097979283358
12	5	3	-0.04775343861436576
12	5	4	-0.020896724539108624
12	6	0	0.005243674647648189
12	6	1	-0.03588385124808979
12	6	2	-0.007654949906605535
12	6	3	-0.03680760740363376
12	6	4	-0.050780658396552436
12	7	0	-0.017242316182713657
12	7	1	-0.07096281202241472
12	7	2	-0.05177109865851581
12	7	3	-0.01741552046187811
12	7	4	-0.04021698723685474
12	8	0	-0.035904228222109036
12	8	1	-0.029332654100866162
12	8	2	-0.05115299711326193
12	8	3	-0.043338427576838257
12	8	4	-0.014102105161707734
12	9	0	-0.07323484462557328
12	9	1	-0.030005094243504837
12	9	2	-0.028374936321956312
12	9	3	-0.03186619120393974
12	9	4	-0.019891644063829594
13	0	0	-0.006928171166581731
13	0	1	-0.02477500424520296
13	0	2	-0.007627780607913026
13	0	3	-0.008422482594668046
13	0	4	0.0004990981812172945
13	1	0	-0.04992358634742733
13	1	1	-0.03341823739174732
13	1	2	-0.008130412633723827
13	1	3	0.013676345729325856
13	1	4	-0.05214371273973928
13	2	0	0.046187807777211654
13	2	1	-0.03778909831889976
13	2	2	-0.026520631686194673
13	2	3	-0.04365766683647476
13	2	4	-0.017695612066473076
13	3	0	-0.036094413312956264
13	3	1	-0.01885209713024294
13	3	2	-0.017575140091696362
13	3	3	-0.016756664968585522
13	3	4	-0.017120788643967377
13	4	0	-0.00976396671760893
13	4	1	-0.020217354389539755
13	4	2	-0.029166242146374644
13	4	3	-0.009937170996773603
13	4	4	-0.03182869573598035
13	5	0	-0.018142299201902023
13	5	1	-0.027705892341653993
13	5	2	-0.04896247240618112
13	5	3	-0.030989981321107085
13	5	4	-0.01976773003263066
13	6	0	-0.04701647138733234
13	6	1	-0.012457123450500984
13	6	2	-0.004707080998471724
13	6	3	-0.03635252165053482
13	6	4	-0.02848990100645743
13	7	0	0.00030565461029030683
13	7	1	-0.05366276107997958
13	7	2	-0.0506707420614706
13	7	3	-0.03359483783324846
13	7	4	-0.016129476394377118
13	8	0	-0.017408728137204954
13	8	1	-0.005505179147563322
13	8	2	0.02193920869417565
13	8	3	-0.030677534386143734
13	8	4	-0.0630963362751441
13	9	0	-0.03839701137714413
13	9	1	0.0012463915775173806
13	9	2	-0.0368313805399898
13	9	3	-0.032314484632365525
13	9	4	-0.020208313254670984
14	0	0	-0.012959755476311896
14	0	1	-0.030602818814739363
14	0	2	-0.02094073696722698
14	0	3	-0.019337748344370964
14	0	4	-0.0097065991105727
14	1	0	-0.017354389539820048
14	1	1	-0.05727967396841571
14	1	2	-0.033479368313805324
14	1	3	-0.01491934114450666
14	1	4	-0.03407291652324773
14	2	0	-0.014155204618780837
14	2	1	-0.005314994056715983
14	2	2	-0.02197656647987778
14	2	3	-0.03840719986415353
14	2	4	-0.023836240723657975
14	3	0	-0.05049074545763288
14	3	1	-0.05500084904058422
14	3	2	-0.028483613516726125
14	3	3	-0.050718288334182404
14	3	4	0.01000950007572532
14	4	0	0.0348072677874004
14	4	1	-0.04661232806928162
14	4	2	-0.052701647138733376
14	4	3	-0.013435218203430188
14	4	4	-0.07114386419022178
14	5	0	-0.026048565121412848
14	5	1	-0.007260995075564658
14	5	2	-0.006585158770589183
14	5	3	-0.03664119544914246
14	5	4	-0.02988049180102159
14	6	0	-0.014141619969434527
14	6	1	-0.03901511292239773
14	6	2	-0.04839531329597557
14	6	3	0.00034640855832923645
14	6	4	-0.0342863240214234
14	7	0	-0.0035693666157242676
14	7	1	-0.056114790286975746
14	7	2	-0.043830871115639325
14	7	3	0.003912379011716816
14	7	4	-0.023529897702083136
14	8	0	-0.02128035320088295
14	8	1	-0.019836984207845187
14	8	2	-0.03338087960604508
14	8	3	-0.0476787230429615
14	8	4	-0.06910616678828596
14	9	0	-0.09543216165732749
14	9	1	-0.03496349125488207
14	9	2	-0.021670911869587473
14	9	3	-0.0370555272542028
14	9	4	-0.043483498781511976
15	0	0	-0.0051689590762438176
15	0	1	-0.032830701307522636
15	0	2	-0.0026490066225165476
15	0	3	-0.03101375445746324
15	0	4	-0.02134419187399328
15	1	0	-0.013177109865851633
15	1	1	-0.03588385124808979
15	1	2	-0.022550517914756263
15	1	3	0.025494990660553607
15	1	4	-0.010281422533078288
15	2	0	-0.029696043470877953
15	2	1	-0.01951774494820857
15	2	2	0.013194090677534187
15	2	3	-0.027288164374257073
15	2	4	-0.013179634040561328
15	3	0	-0.0009950755646119802
15	3	1	-0.005009339446425565
15	3	2	-0.053961623365596845
15	3	3	-0.026945151978264525
15	3	4	-0.036857540168798386
15	4	0	-0.008235693666157062
15	4	1	-0.03939208694175578
15	4	2	-0.04510103582951275
15	4	3	0.010066225165562881
15	4	4	-0.06960870702592548
15	5	0	-0.011648836814399766
15	5	1	-0.004530480556970695
15	5	2	-0.0031686194600102358
15	5	3	-0.02412973340125668
15	5	4	-0.03282000798557083
15	6	0	-0.04139242655798947
15	6	1	0.0005909322465612599
15	6	2	-0.014413312956359281
15	6	3	0.002051282051282133
15	6	4	-0.03178739105891426
15	7	0	-0.03574460859229067
15	7	1	-0.027654949906605553
15	7	2	-0.03813211071489209
15	7	3	0.03263712005433861
15	7	4	-0.056071099117456724
15	8	0	0.03398200033961618
15	8	1	-0.02563083715401593
15	8	2	0.004184071998641681
15	8	3	-0.004588215316692179
15	8	4	-0.04017912461621065
15	9	0	-0.07367634572932602
15	9	1	-0.026629308880964597
15	9	2	0.014593309560196888
15	9	3	-0.03924265579894737
15	9	4	-0.0021857058280898567
16	0	0	-0.04044829342842593
16	0	1	-0.06494481236203098
16	0	2	-0.03321446765155367
16	0	3	-0.054291051112243194
16	0	4	0.010343379548677367
16	1	0	-0.061484122941076635
16	1	1	-0.07611818644931234
16	1	2	-0.019826795720835344
16	1	3	-0.039167940227542886
16	1	4	-0.05210929217551741
16	2	0	-0.012494481236203114
16	2	1	-0.014735948378332586
16	2	2	-0.025712345050093455
16	2	3	-0.05195109526235353
16	2	4	-0.050436452754333616
16	3	0	-0.023810494141619953
16	3	1	-0.013764645950076426
16	3	2	-0.015367634572932665
16	3	3	-0.028663610120563843
16	3	4	0.004323222866269183
16	4	0	-0.02367464764815752
16	4	1	-0.031506197996264196
16	4	2	0.015126507047036775
16	4	3	0.008802852776362724
16	4	4	-0.04115666864011225
16	5	0	-0.004666327050433017
16	5	1	-0.022034301239599374
16	5	2	-0.05925963661063005
16	5	3	-0.008867379860757252
16	5	4	-0.007362558687062037
16	6	0	-0.01835965359144165
16	6	1	-0.055860078111733824
16	6	2	-0.012470708099847183
16	6	3	-0.022448633044659494
16	6	4	-0.03572510360589842
16	7	0	-0.006164034640855909
16	7	1	-0.059443029376804235
16	7	2	-0.046160638478519145
16	7	3	0.03195109526235351
16	7	4	-0.024431716484696553
16	8	0	-0.019636610629988116
16	8	1	-0.0435150280183394
16	8	2	-0.04798437765325181
16	8	3	-0.03688571913737482
16	8	4	-0.0521092921755173
16	9	0	-0.04016980811682813
16	9	1	-0.018322295805739575
16	9	2	0.0065783664459160285
16	9	3	-0.02695534046527437
16	9	4	-0.01196803017995074
17	0	0	0.006676855153676331
17	0	1	-0.0026184411614876835
17	0	2	-0.005097639667176135
17	0	3	-0.06392935982339953
17	0	4	-0.0011875094656552676
17	1	0	-0.027502122601460344
17	1	1	-0.04021735438953988
17	1	2	-0.000971302428256049
17	1	3	0.007896077432501314
17	1	4	-0.024503999669562626
17	2	0	-0.021816946850059526
17	2	1	-0.022309390388860706
17	2	2	-0.004370860927152331
17	2	3	-0.04870436406860246
17	2	4	-0.0541814101416751
17	3	0	-0.038325691968076114
17	3	1	-0.06662930888096452
17	3	2	-0.06810324333503148
17	3	3	-0.006568177958906407
17	3	4	-0.004040974239649664
17	4	0	-0.02884360672440134
17	4	1	-0.009573781626761702
17	4	2	-0.06100866021395834
17	4	3	-0.0010392256749873763
17	4	4	-0.03568379892883189
17	5	0	-0.02358295126507054
17	5	1	-0.02356257429105113
17	5	2	-0.056406860247919854
17	5	3	-0.06262862964849725
17	5	4	0.02077969462075424
17	6	0	-0.019133978604177315
17	6	1	-0.06767872304296152
17	6	2	-0.064465953472576
17	6	3	-0.0097130242825606
17	6	4	-0.05778868527212899
17	7	0	-0.0378230599422652
17	7	1	-0.04937680421124124
17	7	2	-0.04445576498556625
17	7	3	0.01128884360672433
17	7	4	-0.05326238107695058
17	8	0	0.00661572423161827
17	8	1	-0.007590422822211007
17	8	2	-0.023834267277975774
17	8	3	-0.05000169808116828
17	8	4	0.0011806253528108268
17	9	0	-0.03538801154695215
17	9	1	-0.04037697401935819
17	9	2	-0.010266598743420063
17	9	3	-0.033048055697062484
17	9	4	-0.04366248571546588
18	0	0	-0.03606045168959082
18	0	1	-0.050395652912209266
18	0	2	-0.01776872134488028
18	0	3	-0.040679232467311977
18	0	4	-0.03918781236662039
18	1	0	-0.05268127016471402
18	1	1	-0.06309390388860592
18	1	2	-0.05213788419086429
18	1	3	0.012963151638648251
18	1	4	-0.03306783604796859
18	2	0	-0.05967057225335376
18	2	1	-0.029135676685345557
18	2	2	0.013017490236033158
18	2	3	-0.056936661572423164
18	2	4	-0.0045744929850890514
18	3	0	-0.0337544574630666
18	3	1	-0.006585158770589183
18	3	2	-0.014206147053829277
18	3	3	-0.024825946680251287
18	3	4	-0.01659759606779465
18	4	0	-0.012691458651723386
18	4	1	-0.04392256749872647
18	4	2	-0.0475530650365088
18	4	3	-0.01650534895568012
18	4	4	-0.012147017113904424
18	5	0	-0.004550857530990049
18	5	1	-0.028154185770079887
18	5	2	-0.023090507726269305
18	5	3	0.018553234844625566
18	5	4	-0.01815684762704628
18	6	0	-0.02312107318729839
18	6	1	-0.011078281541857748
18	6	2	-0.01809475292919005
18	6	3	0.007879096620818538
18	6	4	-0.005125222012639319
18	7	0	-0.03161487519103412
18	7	1	-0.04556631006962131
18	7	2	-0.032705043301069714
18	7	3	0.011003565970453377
18	7	4	-0.040568076991918
18	8	0	-0.04959755476311767
18	8	1	-0.04248938699269833
18	8	2	-0.013611818644931217
18	8	3	-0.018532857870606323
18	8	4	-0.050753121945174895
18	9	0	-0.05117337408728151
18	9	1	-0.026731193751061255
18	9	2	-0.05042282221090166
18	9	3	-0.026024791985056916
18	9	4	-0.016435819415951847
19	0	0	-0.03535404992358643
19	0	1	-0.03158770589234172
19	0	2	-0.045420275089149253
19	0	3	-0.02449651893360505
19	0	4	-0.04802012914595699
19	1	0	-0.06151129223976903
19	1	1	-0.05058244184072003
19	1	2	-0.040774325012735535
19	1	3	-0.03170317541178469
19	1	4	-0.042313199597967865
19	2	0	-0.027087790796400113
19	2	1	-0.02726778740023783
19	2	2	0.006245542536933102
19	2	3	-0.060387162506367886
19	2	4	-0.042629868788809255
19	3	0	-0.037741552046187676
19	3	1	-0.010653761249787785
19	3	2	-0.028436067244014374
19	3	3	-0.04289353031074894
19	3	4	-0.045710509286668144
19	4	0	-0.002665987434199213
19	4	1	-0.053683138053998936
19	4	2	-0.014875191034131485
19	4	3	-0.029730005094243617
19	4	4	-0.043621181038399515
19	5	0	-0.009162845984038048
19	5	1	-0.0796060451689592
19	5	2	-0.01222278824927836
19	5	3	-0.030018678892851147
19	5	4	0.0016074403491622702
19	6	0	-0.047573442010528155
19	6	1	0.005141789777551309
19	6	2	-0.05475292919001529
19	6	3	-0.033737476651383824
19	6	4	-0.025068496922801553
19	7	0	0.006282900322635454
19	7	1	-0.036396671760910215
19	7	2	-0.04512141280353199
19	7	3	0.04044829342842582
19	7	4	-0.023894755682835167
19	8	0	-0.028127016471387378
19	8	1	-0.03253183902190537
19	8	2	-0.033323144846323594
19	8	3	-0.046843267108167774
19	8	4	-0.044316476435681595
19	9	0	-0.06363728986245554
19	9	1	-0.028157581932416353
19	9	2	-0.030236033282390884
19	9	3	-0.015170657157412282
19	9	4	-0.037453015929837186
20	0	0	-0.006812701647138764
20	0	1	-0.05193751061300744
20	0	2	-0.02283239938869075
20	0	3	-0.07247410426218381
20	0	4	0.0034179620272334343
20	1	0	-0.0009848870776023588
20	1	1	-0.0359381898454747
20	1	2	-0.0012362030905076482
20	1	3	-0.013615214807267795
20	1	4	-0.0741591056160592
20	2	0	-0.02215316692137881
20	2	1	-0.008928510782815535
20	2	2	-0.009349634912548921
20	2	3	-0.02262862964849721
20	2	4	-0.035105533449904414
20	3	0	-0.023885209713024214
20	3	1	-0.037517405331974785
20	3	2	-0.04803192392596367
20	3	3	-0.01974528782475793
20	3	4	-0.002533353526731008
20	4	0	-0.02889115299711309
20	4	1	-0.03302767872304291
20	4	2	-0.01785702156563085
20	4	3	-0.01575140091696392
20	4	4	-0.009661852377084168
20	5	0	-0.042173543895398236
20	5	1	-0.035123110884700326
20	5	2	-0.05883172015622351
20	5	3	0.012168449651893343
20	5	4	-0.03924976938221969
20	6	0	-0.038526065545933075
20	6	1	-0.04676515537442694
20	6	2	-0.03421293937850223
20	6	3	-0.022747495330276757
20	6	4	-0.013888697663532068
20	7	0	-0.04419426048565123
20	7	1	-0.022485990830361735
20	7	2	-0.03846493462387501
20	7	3	-0.02175921209033793
20	7	4	-0.056959149674381426
20	8	0	-0.009271523178807972
20	8	1	-0.022750891492613445
20	8	2	-0.013068432671081598
20	8	3	-0.013852946170826996
20	8	4	-0.027539893433933038
20	9	0	-0.023847851927322306
20	9	1	-0.0068704364068603585
20	9	2	-0.020699609441331424
20	9	3	-0.017697401935812707
20	9	4	-0.047806721647781325
21	0	0	-0.01602988622856172
21	0	1	0.022723722193920826
21	0	2	-0.004829342842587847
21	0	3	-0.06022075055187637
21	0	4	0.0011943935784994864
21	1	0	-0.044815758193241684
21	1	1	-0.056294786890813464
21	1	2	-0.01974528782475793
21	1	3	-0.018437765325182598
21	1	4	-0.020005231925761757
21	2	0	-0.01776872134488039
21	2	1	-0.024652742401086836
21	2	2	-0.03274919341144511
21	2	3	-0.0621735438953982
21	2	4	-0.06258002781181599
21	3	0	-0.06062829003226344
21	3	1	-0.008738325691968085
21	3	2	-0.018261164883681458
21	3	3	-0.04461878077772119
21	3	4	-0.05066707053462016
21	4	0	-0.024245202920699538
21	4	1	-0.04548480217354389
21	4	2	-0.008198335880455265
21	4	3	0.011431482424859807
21	4	4	-0.043937850229240905
21	5	0	-0.023025980641874666
21	5	1	-0.029492273730684415
21	5	2	-0.023226354219731737
21	5	3	-0.010253014094073754
21	5	4	-0.026996048519227434
21	6	0	-0.009502462217694019
21	6	1	-0.06851417897775525
21	6	2	-0.029859059263032783
21	6	3	-0.05669213788419081
21	6	4	-0.036860982225220607
21	7	0	-0.005036508745117962
21	7	1	-0.05807777211750731
21	7	2	-0.03307182883341819
21	7	3	-0.030273391068093014
21	7	4	-0.021609230218501696
21	8	0	-0.03658346068942098
21	8	1	-0.015781966377993006
21	8	2	0.011964679911699805
21	8	3	-0.03130242825607066
21	8	4	-0.060838347262188286
21	9	0	-0.0537340804890476
21	9	1	-0.023076923076923217
21	9	2	-0.05765664798777381
21	9	3	-0.025399898115129993
21	9	4	-0.022789855571312523
22	0	0	-0.029600950925454228
22	0	1	-0.023328239089828506
22	0	2	-0.02890473764645951
22	0	3	-0.021946001018848693
22	0	4	0.009992289793614217
22	1	0	-0.03959246051961285
22	1	1	-0.039986415350653726
22	1	2	0.007994566140261616
22	1	3	-0.006693835965359107
22	1	4	0.01007489914774684
22	2	0	-0.049210392256749946
22	2	1	-0.028660213958227265
22	2	2	-0.036036678553235
22	2	3	-0.05903548989641705
22	2	4	-0.016428935303107517
22	3	0	-0.01882492783155021
22	3	1	-0.03014094073696716
22	3	2	0.004105960264900621
22	3	3	-0.01391068093054848
22	3	4	-0.036795583153198974
22	4	0	-0.002081847512310997
22	4	1	-0.049023603328239074
22	4	2	-0.014423501443369013
22	4	3	-0.02045168959076238
22	4	4	-0.02077625256433191
22	5	0	0.03140091696383085
22	5	1	-0.018773985396502102
22	5	2	-0.05839021905247077
22	5	3	-0.05025301409407357
22	5	4	-0.019196348666547403
22	6	0	-0.038777381558838475
22	6	1	0.009400577347597139
22	6	2	-0.0478043810494142
22	6	3	-0.0016165732722023263
22	6	4	-0.05387162506367804
22	7	0	0.0023127865511971546
22	7	1	-0.014104262183732508
22	7	2	-0.023644082187128435
22	7	3	0.03622346748174565
22	7	4	-0.019413198221145178
22	8	0	-0.011207335710646915
22	8	1	-0.020733571064696976
22	8	2	-0.019561895058583745
22	8	3	-0.04538291730344701
22	8	4	-0.04799947680742367
22	9	0	-0.04434708779079666
22	9	1	-0.01067413822380725
22	9	2	-0.029088130412633806
22	9	3	-0.014185770079809923
22	9	4	-0.015141606201208968
23	0	0	-0.0031584309730006144
23	0	1	0.005871964679911579
23	0	2	0.0033554083885209973
23	0	3	-0.04391237901171696
23	0	4	-0.01683509796092586
23	1	0	-0.03216844965189347
23	1	1	-0.013455595177449542
23	1	2	0.012457123450501095
23	1	3	-0.015089149261334756
23	1	4	-0.0175028569068304
23	2	0	-0.013591441670911864
23	2	1	-0.004085583290881378
23	2	2	-0.023895398200034057
23	2	3	-0.029468500594328373
23	2	4	-0.023498919194283485
23	3	0	-0.009315673289183146
23	3	1	0.003548989641704914
23	3	2	-0.010368483613516721
23	3	3	-0.0372083545593479
23	3	4	-0.01264611529512194
23	4	0	0.010022075055187818
23	4	1	-0.06889115299711324
23	4	2	-0.04824588215316694
23	4	3	-0.012246561385634291
23	4	4	-0.001297655271165099
23	5	0	-0.026041772796739804
23	5	1	-0.02537612497877406
23	5	2	-0.032579385294617125
23	5	3	-0.04233316352521643
23	5	4	-0.01492819870303308
23	6	0	-0.03163864832739005
23	6	1	-0.0528374936321957
23	6	2	-0.058787570045848225
23	6	3	-0.012239769060961025
23	6	4	-0.03149825831945041
23	7	0	-0.0702801833927662
23	7	1	-0.047875700458481885
23	7	2	-0.02986585158770594
23	7	3	-0.008537952114111125
23	7	4	-0.04083655739284875
23	8	0	-0.019093224656138497
23	8	1	-0.014837833248429355
23	8	2	-0.017456274409916706
23	8	3	-0.006938359653591464
23	8	4	-0.0372189560931282
23	9	0	-0.030185090847342666
23	9	1	-0.008527763627101392
23	9	2	-0.005382917303447199
23	9	3	-0.05018509084734257
23	9	4	-0.04502554005865267
24	0	0	-0.04268976057055529
24	0	1	-0.021052810324333593
24	0	2	-0.012375615554423458
24	0	3	-0.05108507386653094
24	0	4	0.0017244702675165424
24	1	0	-0.01698760400747157
24	1	1	-0.02848021735438966
24	1	2	-0.006377992868059068
24	1	3	-0.03238240787909663
24	1	4	-0.0436762539411546
24	2	0	-0.0007064017660044497
24	2	1	-0.04835795551027344
24	2	2	0.00513839361521462
24	2	3	-0.031105450840550164
24	2	4	-0.02266594154011381
24	3	0	-0.029441331295635864
24	3	1	-0.042924095771777915
24	3	2	-0.0469111903548991
24	3	3	0.025831210731873
24	3	4	0.026056367115969814
24	4	0	0.008914926133469336
24	4	1	-0.01528612667685525
24	4	2	-0.0447580234335202
24	4	3	-0.015432161657327303
24	4	4	-0.01951990197023301
24	5	0	-0.009672270334522004
24	5	1	0.0044014263881813065
24	5	2	-0.03518084564442181
24	5	3	-0.03027678723042959
24	5	4	-0.03565626247745457
24	6	0	-0.0557717778909832
24	6	1	-0.05045678383426733
24	6	2	-0.00912209203599934
24	6	3	-0.02053998981151295
24	6	4	-0.06761231430105608
24	7	0	-0.016963830871115637
24	7	1	-0.009770759042282307
24	7	2	-0.015934793683137993
24	7	3	0.0025403294277466237
24	7	4	-0.035133069901281844
24	8	0	-0.056634403124469324
24	8	1	-0.004119544914246931
24	8	2	-0.038247580234335166
24	8	3	-0.034569536423841085
24	8	4	-0.07174966612052702
24	9	0	-0.030565461029037455
24	9	1	-0.003345219901511376
24	9	2	-0.030487349295296395
24	9	3	0.00802513160129048
24	9	4	-0.06151987443378171
25	0	0	-0.012572592969944063
25	0	1	-0.031105450840550275
25	0	2	-0.037201562234674856
25	0	3	-0.05033791815248778
25	0	4	0.020972449780396696
25	1	0	-0.030599422652402786
25	1	1	-0.05586007811173388
25	1	2	-0.033499745287824734
25	1	3	0.017120054338597424
25	1	4	-0.03470625490493051
25	2	0	-0.013082017320427908
25	2	1	-0.012277126846663378
25	2	2	0.00394294447274568
25	2	3	-0.06241806758363044
25	2	4	0.000203081328909005
25	3	0	-0.04397690609611127
25	3	1	-0.02825267447784008
25	3	2	-0.016250636780438144
25	3	3	-0.0046934963491255255
25	3	4	-0.018731671049551757
25	4	0	-0.048371540159619586
25	4	1	-0.03295296315163865
25	4	2	-0.040543385973849544
25	4	3	0.07185600271692982
25	4	4	-0.04280885572276294
25	5	0	-0.013299371709967756
25	5	1	-0.015078960774325023
25	5	2	-0.05692986924775001
25	5	3	0.023661062998811322
25	5	4	-0.0616988613677355
25	6	0	-0.06925454236712514
25	6	1	-0.05910680930548484
25	6	2	-0.02981151299032092
25	6	3	-0.04314484632365412
25	6	4	-0.030031942283597957
25	7	0	-0.021263372389200286
25	7	1	-0.06871455255561221
25	7	2	-0.05032433350314136
25	7	3	-0.0042995415180845376
25	7	4	-0.03665101678346705
25	8	0	-0.03925963661063003
25	8	1	-0.038577007980981515
25	8	2	-0.03377143827474938
25	8	3	-0.027668534555951863
25	8	4	-0.052054219272762214
25	9	0	-0.08624214637459682
25	9	1	-0.0056070640176600905
25	9	2	0.0034063508235693263
25	9	3	-0.033917473255221764
25	9	4	-0.013103908799273034
26	0	0	-0.046513839361521536
26	0	1	-0.03400577347597222
26	0	2	-0.018590592630327807
26	0	3	-0.03650195279334356
26	0	4	-0.04417191006594989
26	1	0	-0.0400611309220581
26	1	1	-0.052511462047885926
26	1	2	-0.03618950585837999
26	1	3	-0.017575140091696362
26	1	4	-0.022218474205229266
26	2	0	-0.057585328578706074
26	2	1	-0.05796230259806423
26	2	2	-0.03285107828154199
26	2	3	-0.04120563762947871
26	2	4	-0.025350745549421183
26	3	0	-0.008337578536253831
26	3	1	-0.019042282221090168
26	3	2	-0.04847342502971641
26	3	3	-0.0280251316012905
26	3	4	-0.015792154865002517
26	4	0	-0.027125148582102132
26	4	1	-0.06587536084224832
26	4	2	-0.015622346748174643
26	4	3	0.004856512141280356
26	4	4	-0.03964216381434915
26	5	0	-0.011608082866361058
26	5	1	-0.015615554423501488
26	5	2	-0.042910511122431716
26	5	3	-0.027661742231278597
26	5	4	-0.006329941760405355
26	6	0	0.005046697232127695
26	6	1	-0.025960264900662278
26	6	2	-0.034341993547291616
26	6	3	0.01166921378841923
26	6	4	-0.009544822458729785
26	7	0	-0.04195958566819502
26	7	1	-0.0626490066225166
26	7	2	-0.033988792664289336
26	7	3	0.017469859059263015
26	7	4	-0.008295355977475105
26	8	0	0.01911360163015796
26	8	1	-0.028089658685685248
26	8	2	-0.014827644761419512
26	8	3	-0.04644931227712701
26	8	4	-0.039711004942792894
26	9	0	-0.046364408218713016
26	9	1	-0.004730854134827767
26	9	2	0.0088334182373917
26	9	3	-0.031872983528612786
26	9	4	-0.03595227932976286
27	0	0	-0.0045916114790287565
27	0	1	-0.025950076413652545
27	0	2	-0.011282051282051286
27	0	3	-0.014814060112073424
27	0	4	0.006371246437471556
27	1	0	-0.06424180675836311
27	1	1	-0.01601630157921552
27	1	2	-0.0069213788419085764
27	1	3	-0.020448293428425912
27	1	4	-0.03991064421528001
27	2	0	0.014542367125148559
27	2	1	-0.019803022584479524
27	2	2	-0.027675326880625017
27	2	3	-0.04060791305824418
27	2	4	-0.03819650011703002
27	3	0	-0.03365257259296972
27	3	1	0.015999320767532743
27	3	2	-0.03878757004584821
27	3	3	-0.04212599762268632
27	3	4	-0.01752695130178572
27	4	0	-0.062282221090167955
27	4	1	-0.04814739344540664
27	4	2	-0.03500764136525725
27	4	3	-0.018413992188826667
27	4	4	-0.011885420825818116
27	5	0	-0.00984207845134999
27	5	1	-0.029200203769740307
27	5	2	-0.025698760400747145
27	5	3	-0.020258108337578573
27	5	4	-0.0037277471052306055
27	6	0	-0.023630497537782236
27	6	1	-0.01321786381389034
27	6	2	-0.045807437595517086
27	6	3	-0.025600271692986842
27	6	4	-0.010783962770717803
27	7	0	-0.029689251146204687
27	7	1	-0.03921548650025475
27	7	2	-0.018807947019867544
27	7	3	0.012823908982849352
27	7	4	-0.014635623907147122
27	8	0	-0.02469689251146201
27	8	1	-0.006442519952453818
27	8	2	-0.01975887247410424
27	8	3	-0.024741042621837406
27	8	4	-0.048185347854222016
27	9	0	-0.07538801154695207
27	9	1	-0.03262013924265583
27	9	2	-0.03913397860417733
27	9	3	-0.000247919850569045
27	9	4	-0.03043810494141619
28	0	0	-0.007709288503990441
28	0	1	-0.030881304126337272
28	0	2	-0.052056376294786766
28	0	3	-0.06946510443199194
28	0	4	-0.03237942476353095
28	1	0	-0.04264900662251658
28	1	1	-0.029553404652742365
28	1	2	-0.017245712345050013
28	1	3	0.021664119544914207
28	1	4	-0.04513568586416272
28	2	0	-0.03356766853455595
28	2	1	-0.0364272372219393
28	2	2	-0.02900662251655628
28	2	3	-0.047332314484632265
28	2	4	-0.035842133524252806
28	3	0	-0.039432840889794485
28	3	1	-0.010348106639497368
28	3	2	-0.035099337748344395
28	3	3	-0.0028799456614025942
28	3	4	-0.027357464443557133
28	4	0	-0.010056036678553038
28	4	1	-0.06303616912888432
28	4	2	-0.061735438953982036
28	4	3	0.02400407539480387
28	4	4	-0.04064724428962829
28	5	0	-0.026625912718627964
28	5	1	-0.035211411105450896
28	5	2	-0.053622007131940985
28	5	3	-0.04695873662761074
28	5	4	-0.025378282000798502
28	6	0	-0.025484802173543875
28	6	1	-0.03106130073017499
28	6	2	-0.009835286126676834
28	6	3	-0.020444897266089224
28	6	4	-0.01065316462667465
28	7	0	-0.0416675157072508
28	7	1	-0.05241976566479878
28	7	2	-0.06273391068093048
28	7	3	0.021178468330786182
28	7	4	-0.028961462736297183
28	8	0	-0.0017184581422992062
28	8	1	-0.01515707250806586
28	8	2	-0.01827135337069108
28	8	3	-0.046666666666666745
28	8	4	-0.010529250595475714
28	9	0	-0.03157072508065906
28	9	1	-0.03090168110035668
28	9	2	-0.0338563423331637
28	9	3	-0.012297503820682731
28	9	4	-0.013124561137806134
29	0	0	-0.02951944302937687
29	0	1	-0.007427407030056066
29	0	2	-0.05806758363049752
29	0	3	0.002125997622686282
29	0	4	0.009531054233040903
29	1	0	-0.011248089658685623
29	1	1	-0.008823229750382189
29	1	2	-0.049801324503311206
29	1	3	-0.004425199524537238
29	1	4	-0.011912957277195657
29	2	0	-0.058033622007132024
29	2	1	-0.003433520122261835
29	2	2	0.022900322635421855
29	2	3	-0.045253863134657846
29	2	4	-0.0005197505197506169
29	3	0	-0.030426218373238223
29	3	1	-0.07483443708609283
29	3	2	-0.03349634912548827
29	3	3	-0.027875700458481978
29	3	4	-0.006195701559939981
29	4	0	-0.0134318220410935
29	4	1	-0.04668704364068599
29	4	2	-0.01843436916284591
29	4	3	0.02686364408218711
29	4	4	-0.07046233701862836
29	5	0	-0.03362879945661401
29	5	1	-0.010365087451180255
29	5	2	-0.07003226354219727
29	5	3	-0.02740703005603662
29	5	4	-0.007830678360479681
29	6	0	-0.04227542876549506
29	6	1	-0.034647648157582034
29	6	2	-0.04878926812701645
29	6	3	-0.0410528103243335
29	6	4	-0.034534152083821046
29	7	0	-0.01767702496179313
29	7	1	-0.05883172015622362
29	7	2	-0.034403124469349566
29	7	3	0.008503990490745461
29	7	4	-0.00876347565089286
29	8	0	-0.06424180675836311
29	8	1	-0.015224995754797188
29	8	2	-0.021253183902190553
29	8	3	0.01578875870266594
29	8	4	-0.04446792691825796
29	9	0	-0.06689081338087977
29	9	1	-0.03688571913737482
29	9	2	-0.015476311767702589
29	9	3	-0.01596535914416719
29	9	4	0.001614324462006489
30	0	0	-0.01931737137035161
30	0	1	-0.036308371540159645
30	0	2	-0.009390388860587406
30	0	3	-0.07183562574291047
30	0	4	-0.028689540278944436
30	1	0	-0.043402954661232784
30	1	1	-0.03212769570385465
30	1	2	-0.012674477840040721
30	1	3	0.015408388520971261
30	1	4	-0.02013947212622713
30	2	0	-0.047043640686024846
30	2	1	-0.016929869247750085
30	2	2	-0.040064527084394785
30	2	3	-0.057249108507386626
30	2	4	-0.018552684115598073
30	3	0	-0.036960434708778966
30	3	1	0.000635082356936767
30	3	2	-0.04013245033112589
30	3	3	-0.0391237901171676
30	3	4	-0.03740482713992643
30	4	0	-0.03020207165902522
30	4	1	-0.05133299371709965
30	4	2	-0.040604516895907716
30	4	3	-0.013115978943793571
30	4	4	-0.03566314659029879
30	5	0	-0.03002886737986077
30	5	1	0.0037289862455424094
30	5	2	-0.05427407030056042
30	5	3	-0.03734759721514691
30	5	4	-0.005655298701656264
30	6	0	-0.030646968925114648
30	6	1	-0.0581490915265751
30	6	2	-0.03941586007811171
30	6	3	-0.022632025810833678
30	6	4	-0.02881345431014315
30	7	0	-0.05118356257429113
30	7	1	-0.0447580234335202
30	7	2	-0.047498726439123784
30	7	3	-0.0038953982000340392
30	7	4	-0.017747242912805827
30	8	0	-0.027930039055866773
30	8	1	-0.0026184411614875724
30	8	2	-0.015581592800135713
30	8	3	-0.05075564611988459
30	8	4	-0.06637317398906795
30	9	0	-0.08029206996094429
30	9	1	-0.027148921718458174
30	9	2	-0.010174902360332805
30	9	3	-0.02162336559687561
30	9	4	-0.03646858779309109
31	0	0	-0.044618780777721245
31	0	1	-0.05200543385973855
31	0	2	-0.03974189166242148
31	0	3	-0.05653931057904571
31	0	4	-0.01104555905880411
31	1	0	-0.025247070809984784
31	1	1	-0.018998132110714994
31	1	2	0.003192392596366167
31	1	3	0.0026490066225165476
31	1	4	-0.03988310776390247
31	2	0	-0.0074036338937002455
31	2	1	-0.03795211411105448
31	2	2	0.0139344540669043
31	2	3	-0.043440312446934914
31	2	4	-0.0065777698228030035
31	3	0	-0.03286466293088797
31	3	1	-0.0337408728137204
31	3	2	-0.0682119205298013
31	3	3	-0.044435388011546895
31	3	4	-0.03245859206124102
31	4	0	-0.046218373238240684
31	4	1	0.0034742740703005426
31	4	2	-0.048205128205128345
31	4	3	-0.017612497877398492
31	4	4	-0.015114069749831316
31	5	0	-0.025464425199524576
31	5	1	-0.023542197317031888
31	5	2	-0.05550348106639502
31	5	3	-0.02751910341314323
31	5	4	-0.011720202117553202
31	6	0	-0.029288503990490766
31	6	1	-0.024703684836135276
31	6	2	-0.03527254202750896
31	6	3	-0.015588385124808979
31	6	4	-0.006977048367776906
31	7	0	-0.06089658685685173
31	7	1	-0.04817456274409915
31	7	2	-0.05008660213958227
31	7	3	0.015065376124978824
31	7	4	-0.041635114482796554
31	8	0	-0.006208184751231083
31	8	1	-0.03255900832059777
31	8	2	-0.01967057225335367
31	8	3	-0.04085922907114958
31	8	4	-0.012952458316696669
31	9	0	-0.018087960604517117
31	9	1	0.008188147393445422
31	9	2	-0.04279504160298864
31	9	3	-0.0053285787060622924
31	9	4	-0.036441051341713604
32	0	0	-0.04343691628459845
32	0	1	-0.011740533197486913
32	0	2	-0.03492613346917983
32	0	3	-0.07787400237731368
32	0	4	-0.01883149068579537
32	1	0	-0.020234335201222642
32	1	1	-0.03690949227373075
32	1	2	-0.02680251316012905
32	1	3	-0.0172626931567329
32	1	4	-0.01689017086368083
32	2	0	-0.011078281541857748
32	2	1	-0.015944982170147726
32	2	2	-0.008283239938869147
32	2	3	-0.04831040923756147
32	2	4	-0.0033284685602567032
32	3	0	-0.05724910850738646
32	3	1	-0.03486839870945835
32	3	2	-0.06903379181524882
32	3	3	-0.023807097979283376
32	3	4	0.013317316297448811
32	4	0	-0.010796400067923151
32	4	1	-0.0598233995584988
32	4	2	0.024642553914077103
32	4	3	0.006228561725250437
32	4	4	-0.04877049744599404
32	5	0	-0.033425029716420473
32	5	1	-0.007967396841569108
32	5	2	0.0010833757853625503
32	5	3	-0.05537442689760563
32	5	4	0.007417631589817009
32	6	0	-0.015479707930039055
32	6	1	-0.006486670062829103
32	6	2	0.030962812022414576
32	6	3	-0.009060961113941168
32	6	4	-0.047868678663380626
32	7	0	-0.00675496688741728
32	7	1	-0.016237052131091945
32	7	2	-0.055119714722363655
32	7	3	-0.02898284938020046
32	7	4	-0.026772314851784995
32	8	0	-0.03682119205298018
32	8	1	-0.00787570045848196
32	8	2	-0.03393445406690432
32	8	3	0.01430123959925278
32	8	4	-0.05035384340020088
32	9	0	-0.06592630327729676
32	9	1	-0.018261164883681458
32	9	2	-0.04237391747325525
32	9	3	-0.018213618610969706
32	9	4	-0.024834437086092787
33	0	0	0.00798777381558824
33	0	1	-0.04418067583630503
33	0	2	-0.020112073357106408
33	0	3	-0.019439633214467733
33	0	4	-0.010281422533078288
33	1	0	-0.032073357106469635
33	1	1	-0.024085583290881285
33	1	2	-0.027352691458651712
33	1	3	-0.016603837663440313
33	1	4	-0.03082017320427921
33	2	0	-0.04463236542706739
33	2	1	-0.035629139072847704
33	2	2	-0.006714212939378572
33	2	3	-0.03995584988962464
33	2	4	-0.05213682862689495
33	3	0	-0.031139412463915606
33	3	1	-0.044988962472406246
33	3	2	-0.042896926473085406
33	3	3	-0.013245033112582738
33	3	4	-0.031666919084137546
33	4	0	-0.013873323144846239
33	4	1	-0.017405331974868377
33	4	2	-0.02524027848531163
33	4	3	0.021124129733401165
33	4	4	-0.03275805096997142
33	5	0	-0.01488198335880464
33	5	1	-0.041840719986415476
33	5	2	-0.05106809305484805
33	5	3	-0.03573102394294447
33	5	4	-0.02045614131706852
33	6	0	-0.0516760061130922
33	6	1	-0.021796569876040173
33	6	2	-0.0265851587705892
33	6	3	-0.02545084055017821
33	6	4	-0.014873125800278109
33	7	0	-0.03329937170996777
33	7	1	-0.06107318729835287
33	7	2	-0.042594668025131566
33	7	3	-0.006153846153846176
33	7	4	-0.0011496468450110653
33	8	0	-0.0400611309220581
33	8	1	-0.004961793173713813
33	8	2	-0.011811852606554485
33	8	3	0.004139921888266174
33	8	4	-0.049417604053365594
33	9	0	-0.02385464425199546
33	9	1	-3.735778570224113e-05
33	9	2	-0.01813550687722887
33	9	3	-0.05213448802852794
33	9	4	-0.001834616073026707
34	0	0	-0.024574630667345998
34	0	1	-0.0017626082526746023
34	0	2	-0.024900662251655548
34	0	3	-0.02748174562744099
34	0	4	-0.05159986782503345
34	1	0	-0.023406350823569455
34	1	1	-0.0383562574291052
34	1	2	-0.032412973340125606
34	1	3	-0.016372898624554266
34	1	4	-0.05963362751442225
34	2	0	-0.039157751740533264
34	2	1	-0.033876719307183056
34	2	2	-0.0009407369672270738
34	2	3	-0.07514688402105618
34	2	4	-0.0034730349299886276
34	3	0	0.0003973509933775654
34	3	1	-0.012127695703854746
34	3	2	-0.06982170147733058
34	3	3	-0.03762268636440813
34	3	4	-0.024769038014071043
34	4	0	-0.018953982000339487
34	4	1	-0.040465274240108595
34	4	2	-0.051655629139072845
34	4	3	-0.0026557989471897026
34	4	4	0.00032699536010794006
34	5	0	0.011472236372898514
34	5	1	-0.041664119544914335
34	5	2	-0.035690269994905766
34	5	3	-0.01689590762438442
34	5	4	-0.04190703694014952
34	6	0	-0.04401426388181351
34	6	1	-0.046439123790117276
34	6	2	-0.012633723892002013
34	6	3	-0.010106979113601589
34	6	4	-0.043559224022800214
34	7	0	-0.05497707590422829
34	7	1	-0.04188487009679065
34	7	2	-0.04690100186788926
34	7	3	0.029893020886398336
34	7	4	-0.006939185747132703
34	8	0	-0.025348955680081553
34	8	1	-0.024415011037527634
34	8	2	-0.03346578366445907
34	8	3	-0.01796909492273735
34	8	4	-0.0524879183819581
34	9	0	-0.07687553065036534
34	9	1	0.01140091696383072
34	9	2	-0.004961793173713813
34	9	3	-0.02235693666157257
34	9	4	-0.023113408874998354
35	0	0	-0.02276787230429611
35	0	1	-0.07537782305994234
35	0	2	-0.006941755815928041
35	0	3	-0.04019697741552042
35	0	4	0.02199129848136472
35	1	0	-0.06031584309729998
35	1	1	-0.036889115299711395
35	1	2	-0.004462557310239479
35	1	3	-0.0026252334861607274
35	1	4	-0.051682477179165964
35	2	0	-0.03025301409407377
35	2	1	-0.036057055527254245
35	2	2	-0.036851757514009265
35	2	3	-0.0387604007471557
35	2	4	-0.03459610909942046
35	3	0	-0.06812362030905067
35	3	1	-0.04716250636780439
35	3	2	-0.022893530310748922
35	3	3	-0.058685685175751456
35	3	4	-0.010539576764742264
35	4	0	-0.017357785702156403
35	4	1	-0.051618271353370604
35	4	2	-0.055296315163864906
35	4	3	-0.006445916114790395
35	4	4	-0.04094326114193658
35	5	0	-0.004333503141450201
35	5	1	-0.028337578536254182
35	5	2	-0.039697741552046195
35	5	3	-0.05307182883341821
35	5	4	-0.01943729261610061
35	6	0	-0.022047885888945462
35	6	1	-0.0680794701986756
35	6	2	-0.041195449142468976
35	6	3	-0.02860247919850567
35	6	4	-0.039408103977640385
35	7	0	-0.004377653251825375
35	7	1	-0.042217694005773576
35	7	2	-0.06866361012056366
35	7	3	0.03209373408048899
35	7	4	-0.0452905784031612
35	8	0	-0.01576498556631012
35	8	1	-0.016094413312956357
35	8	2	-0.008531159789437859
35	8	3	-0.034746136865342225
35	8	4	-0.016959011992124573
35	9	0	-0.059935472915605525
35	9	1	-0.02358634742740706
35	9	2	-0.00926133469179835
35	9	3	0.001490915265749626
35	9	4	-0.032558411697484524
36	0	0	-0.04969264730854139
36	0	1	-0.029217184581423195
36	0	2	-0.023419935472915543
36	0	3	0.0044014263881813065
36	0	4	0.05290784926546499
36	1	0	-0.03866191203939551
36	1	1	-0.019276617422312903
36	1	2	0.006561385634233363
36	1	3	0.012671081677704144
36	1	4	-0.044282055871459836
36	2	0	0.022170147733061585
36	2	1	-0.04949227373068443
36	2	2	-0.004656138563423395
36	2	3	-0.06599083036169129
36	2	4	-0.024572840798006368
36	3	0	-0.03215486500254705
36	3	1	-0.03610460179996611
36	3	2	-0.05930718288334191
36	3	3	-0.03049074545763275
36	3	4	-0.03342236785945385
36	4	0	0.007210052640516329
36	4	1	-0.011265070470368399
36	4	2	-0.034341993547291616
36	4	3	-0.017761929020207123
36	4	4	-0.03372871088102869
36	5	0	0.008796060451689569
36	5	1	-0.016158940397351107
36	5	2	-0.024727457972491096
36	5	3	-0.015320088300220802
36	5	4	-0.0282076523798378
36	6	0	-0.04023093903888608
36	6	1	-0.00608592290711496
36	6	2	-0.0195551027339107
36	6	3	-0.039055866870436384
36	6	4	-0.01717930360314468
36	7	0	-0.02859229071149605
36	7	1	-0.04572932586177625
36	7	2	-0.04290711496009503
36	7	3	0.000672440142638786
36	7	4	-0.007524335338904842
36	8	0	-0.03263712005433861
36	8	1	-0.02458481915435562
36	8	2	-0.040590932246561295
36	8	3	-0.02578026829682467
36	8	4	-0.02019454502898199
36	9	0	-0.03334352182034317
36	9	1	-0.02386483273900497
36	9	2	-0.06314484632365436
36	9	3	-0.020556970623195836
36	9	4	-0.0058411697484545
37	0	0	0.0030429614535574245
37	0	1	-0.039623025980641935
37	0	2	-0.0333503141450161
37	0	3	-0.037099677364577976
37	0	4	-0.012160785339593305
37	1	0	-0.03344540669043983
37	1	1	-0.05273221259976235
37	1	2	0.009617931737137098
37	1	3	-0.027362879945661445
37	1	4	-0.031291734934119075
37	2	0	-0.03908303616912889
37	2	1	-0.06912888436067255
37	2	2	-0.005362540329427845
37	2	3	-0.04206147053829179
37	2	4	-0.04178312290895081
37	3	0	-0.01736457802682967
37	3	1	-0.03504499915095949
37	3	2	-0.06175241976566481
37	3	3	-0.04137884190864327
37	3	4	0.0067188941361127075
37	4	0	0.018634742740703092
37	4	1	-0.028442859568687417
37	4	2	-0.021076583460689413
37	4	3	-0.015337069111903578
37	4	4	-0.027739532706420156
37	5	0	0.0060451689590761415
37	5	1	-0.016940057734759817
37	5	2	-0.037340804890473756
37	5	3	-0.016440821871285483
37	5	4	-0.010728889867962832
37	6	0	-0.042900322635421984
37	6	1	-0.03453897096281211
37	6	2	-0.04230259806418757
37	6	3	-0.0068127016471386526
37	6	4	0.004939350965840972
37	7	0	-0.0168721344880286
37	7	1	-0.02863983698420791
37	7	2	-0.02537612497877395
37	7	3	0.021192052980132492
37	7	4	-0.035776734452231174
37	8	0	0.010303956529122082
37	8	1	0.0018441161487517954
37	8	2	-0.03007641365257252
37	8	3	-0.03984038037018178
37	8	4	-0.040729853643760805
37	9	0	-0.016389879436237376
37	9	1	0.0324842927491934
37	9	2	-0.007128544744438914
37	9	3	-0.044010867719477154
37	9	4	-0.026011620382481282
38	0	0	-0.038621158091356855
38	0	1	-0.03466462896926481
38	0	2	-0.0545967057225335
38	0	3	-0.0005433859738496194
38	0	4	0.001862152524404137
38	1	0	-0.013611818644931217
38	1	1	0.027097979283409623
38	1	2	-0.02426897605705558
38	1	3	-0.013105790456783839
38	1	4	-0.050684280816731264
38	2	0	-0.0009101715061980986
38	2	1	-0.014015961962981938
38	2	2	-0.054063508235693836
38	2	3	-0.06223467481745626
38	2	4	-0.025034076358579682
38	3	0	-0.03821701477330608
38	3	1	-0.02420444897266094
38	3	2	-0.03262013924265583
38	3	3	-0.049726608931906946
38	3	4	0.004426484558934907
38	4	0	-0.04780098488707751
38	4	1	0.02822550517914757
38	4	2	-0.035978943793513296
38	4	3	-0.008062489386992722
38	4	4	-0.04150775839517551
38	5	0	-0.04334182373917472
38	5	1	-0.019412463915775224
38	5	2	-0.06000000000000005
38	5	3	-0.03332654100866017
38	5	4	-0.017413363439853558
38	6	0	-0.01261334691798277
38	6	1	-0.0357140431312617
38	6	2	0.004218033622007122
38	6	3	-0.04020376974019346
38	6	4	-0.05707962164915814
38	7	0	-0.03077262693156735
38	7	1	-0.04468330786211583
38	7	2	-0.057551366955340355
38	7	3	-0.01401256580064525
38	7	4	-0.026214701711390398
38	8	0	-0.008979453217863864
38	8	1	0.026466293088809545
38	8	2	-0.023453897096281096
38	8	3	-0.04416709118695883
38	8	4	-0.005359281849347974
38	9	0	-0.061484122941076746
38	9	1	-0.011434878587196495
38	9	2	-0.020964510103583023
38	9	3	-0.04552555612158271
38	9	4	-0.04019289284189942
39	0	0	-0.038458142299202025
39	0	1	-0.025827814569536423
39	0	2	-0.018481915435557772
39	0	3	-0.07083036169128898
39	0	4	-0.028379755200947265
39	1	0	-0.02422822210901676
39	1	1	-0.03577517405331976
39	1	2	0.005291220920360051
39	1	3	-0.02218712854474436
39	1	4	-0.013007531219451751
39	2	0	-0.0009033791815248327
39	2	1	-0.014953302767872323
39	2	2	-0.020849040584140055
39	2	3	-0.025420275089149236
39	2	4	-0.045679530778868715
39	3	0	-0.03908643233146525
39	3	1	-0.04853455595177458
39	3	2	-0.031974868398709444
39	3	3	-0.04360672440142643
39	3	4	-0.025034076358579682
39	4	0	0.012107318729835392
39	4	1	-0.041232806928171106
39	4	2	-0.0062625233486161
39	4	3	-0.0008490405841400372
39	4	4	-0.04640236262752806
39	5	0	-0.006853455595177582
39	5	1	-0.012667685515367788
39	5	2	-0.022207505518763826
39	5	3	-0.02807607403633894
39	5	4	-0.0080922746485661
39	6	0	-0.05682458821531666
39	6	1	-0.007023263712005456
39	6	2	-0.030524707080998525
39	6	3	0.0010528103243335751
39	6	4	-0.027753300932108926
39	7	0	-0.02843946340635084
39	7	1	-0.041626761759212094
39	7	2	-0.04059772457123445
39	7	3	-0.0008626252334861251
39	7	4	-0.015324035191584873
39	8	0	-0.03859398879266429
39	8	1	0.012732212599762205
39	8	2	-0.013788419086432246
39	8	3	0.008663610120563714
39	8	4	-0.04989949195247201
39	9	0	-0.04170487349295304
39	9	1	-0.007223637289862528
39	9	2	-0.03248429274919351
39	9	3	0.013112582781456883
39	9	4	-0.04533532513664967
40	0	0	-0.025586687043640755
40	0	1	-0.0541246391577519
40	0	2	0.003579555102734
40	0	3	-0.01966038376634416
40	0	4	-0.028992441244096945
40	1	0	-0.0400475462727119
40	1	1	-0.03397520801494325
40	1	2	-0.02357615894039733
40	1	3	-0.035275938189845535
40	1	4	-0.03183902190524701
40	2	0	-0.004292749193411494
40	2	1	-0.0671659025301411
40	2	2	-0.005314994056715983
40	2	3	-0.03476651383936158
40	2	4	-0.03707438972339644
40	3	0	-0.02401426388181349
40	3	1	-0.02950925454236708
40	3	2	-0.017609101715062025
40	3	3	-0.03085753098998134
40	3	4	0.014146851895196266
40	4	0	0.02673798607573452
40	4	1	-0.05559178128714548
40	4	2	-0.01542536933265426
40	4	3	-0.021952793343521848
40	4	4	-0.036860982225220496
40	5	0	-0.03309899813211081
40	5	1	-0.0207165902530142
40	5	2	-0.013228052300900073
40	5	3	-0.05680081507896084
40	5	4	-0.045879170051355445
40	6	0	-0.035401596196298235
40	6	1	-0.025586687043640755
40	6	2	-0.02958736627610803
40	6	3	-0.0020852436746475744
40	6	4	-0.04437154933843679
40	7	0	0.02951265070470377
40	7	1	-0.06211920529801329
40	7	2	-0.03190354898964165
40	7	3	0.019330956019697698
40	7	4	-0.04869821426112819
40	8	0	0.047369672270334506
40	8	1	0.007006282900322569
40	8	2	-0.013876719307182817
40	8	3	-0.030174902360332823
40	8	4	-0.03186311630020233
40	9	0	-0.014583121073187488
40	9	1	0.004921039225674884
40	9	2	0.025359144167091174
40	9	3	-0.010714892171845847
40	9	4	-0.03293015379108105
41	0	0	-0.03287485141789781
41	0	1	-0.054756325352351864
41	0	2	-0.0345253863134658
41	0	3	-0.020309050772627013
41	0	4	-0.03949759744461734
41	1	0	-0.018733231448463172
41	1	1	-0.0545695364238411
41	1	2	-0.03515707250806588
41	1	3	0.040567159110205475
41	1	4	-0.06231154741088518
41	2	0	-0.02793683138054004
41	2	1	0.0017150619799625177
41	2	2	0.008955680081507711
41	2	3	-0.03957547970793007
41	2	4	-0.04832991422395405
41	3	0	-0.032654100866021274
41	3	1	-0.0420886398369843
41	3	2	-0.03470538291730341
41	3	3	-0.004313126167430847
41	3	4	0.01197835634921729
41	4	0	0.004921039225675106
41	4	1	-0.031119035489896363
41	4	2	-0.04686024791985066
41	4	3	-0.030232637120054418
41	4	4	-0.039077666561110114
41	5	0	-0.009658685685175805
41	5	1	-0.029886228561725403
41	5	2	-0.025291220920359958
41	5	3	-0.021324503311258236
41	5	4	-0.014742327656235066
41	6	0	-0.008137204958397093
41	6	1	-0.03096620818475132
41	6	2	-0.0004550857530990493
41	6	3	0.005454236712514882
41	6	4	0.012098828323993893
41	7	0	-0.048921718458142194
41	7	1	-0.03496349125488196
41	7	2	-0.012694854814059964
41	7	3	0.02852776362710141
41	7	4	-0.04504275034076355
41	8	0	-0.007240618101545193
41	8	1	-0.02421803362200725
41	8	2	-0.005236882322975034
41	8	3	-0.009499066055357552
41	8	4	-0.039442524541862145
41	9	0	-0.02829003226354232
41	9	1	0.00803871625063679
41	9	2	-0.045444048225505185
41	9	3	-0.04017320427916471
41	9	4	-0.011912957277195768
42	0	0	-0.004055017829852292
42	0	1	-0.013825776872134599
42	0	2	-0.033295975547631085
42	0	3	0.0001833927661741841
42	0	4	0.0291232393881401
42	1	0	-0.06742740703005601
42	1	1	-0.04465274240108685
42	1	2	-0.013401256580064413
42	1	3	0.003433520122261835
42	1	4	-0.03465806611501976
42	2	0	-0.05914756325352355
42	2	1	-0.03516726099507561
42	2	2	-0.008887756834776828
42	2	3	-0.02406860247919851
42	2	4	-0.022142748963941083
42	3	0	-0.023212769570385428
42	3	1	-0.024387841738835125
42	3	2	-0.021073187298352947
42	3	3	-0.016294786890813318
42	3	4	-0.02721978218666965
42	4	0	0.013465783664459274
42	4	1	-0.030269994905756437
42	4	2	-0.01759212090337925
42	4	3	-0.012735608762098893
42	4	4	-0.06161625201360299
42	5	0	-0.024941416199694366
42	5	1	-0.04682628629648511
42	5	2	-0.02642553914077095
42	5	3	-0.06480896586856844
42	5	4	-0.05164117250209965
42	6	0	-0.06821531669213787
42	6	1	-0.021151299032093784
42	6	2	-0.04010867719476996
42	6	3	-0.0022482594668024047
42	6	4	-0.02171593396758964
42	7	0	-0.04473085413482758
42	7	1	-0.028721344880285327
42	7	2	0.0012905416878927767
42	7	3	-0.028833418237391717
42	7	4	0.0007572524128816038
42	8	0	-0.0381456953642384
42	8	1	-0.016311767702496205
42	8	2	-0.04271692986924769
42	8	3	-0.0034674817456274987
42	8	4	-0.04011716760061124
42	9	0	-0.039891322805230334
42	9	1	0.0035014433689929403
42	9	2	-0.029998301918831682
42	9	3	-0.022214297843437092
42	9	4	-0.01135534413680106
43	0	0	-0.015194430293768102
43	0	1	-0.020543385973849637
43	0	2	-0.06756325352351839
43	0	3	-0.008218712854474508
43	0	4	-0.010329611322988819
43	1	0	-0.03546951944302934
43	1	1	-0.011214128035320181
43	1	2	-0.019195109526235266
43	1	3	0.008385124808965916
43	1	4	-0.03464773994575321
43	2	0	-0.010283579555102729
43	2	1	-0.01717439293598233
43	2	2	-0.03338767193071834
43	2	3	-0.04193241636950251
43	2	4	-0.037232724318817134
43	3	0	-0.04966887417218535
43	3	1	-0.009417558159280026
43	3	2	-0.06037357785702169
43	3	3	-0.026564781796569847
43	3	4	0.011902631107929107
43	4	0	-0.00662591271862778
43	4	1	-0.05625063678043807
43	4	2	-0.022183732382407895
43	4	3	0.01760230939038887
43	4	4	-0.03241384532775249
43	5	0	0.0021803362200712995
43	5	1	0.00520292069960937
43	5	2	-0.04502971642044484
43	5	3	-0.04346068942095438
43	5	4	-0.05350676708292601
43	6	0	-0.0437357785702156
43	6	1	-0.0342604856512142
43	6	2	-0.04020376974019357
43	6	3	0.0008558329088130812
43	6	4	-0.05158609959934468
43	7	0	0.010653761249787785
43	7	1	-0.019123790117167694
43	7	2	0.013367294956698972
43	7	3	-0.019106809305484806
43	7	4	-0.03828255152758464
43	8	0	-0.050181694685005995
43	8	1	0.0037459670572252968
43	8	2	0.010426218373238205
43	8	3	-0.043942944472745826
43	8	4	-0.052728862331511306
43	9	0	-0.049930378672100595
43	9	1	-0.0343861436576669
43	9	2	0.005294617082696407
43	9	3	-0.017493632195619058
43	9	4	-0.03555988489763329
44	0	0	0.001453557480047496
44	0	1	-0.039344540669044026
44	0	2	-0.0400611309220581
44	0	3	-0.04255391407709286
44	0	4	-0.025832633448527598
44	1	0	-0.056104601799966014
44	1	1	-0.07371709967736462
44	1	2	-0.03031414501613172
44	1	3	0.004676515537442638
44	1	4	-0.05134515564979136
44	2	0	-0.020044150110375303
44	2	1	-0.05113601630157938
44	2	2	0.001959585668194763
44	2	3	-0.022180336220071206
44	2	4	-0.02490327821453664
44	3	0	-0.03345559517744945
44	3	1	-0.01593818984547457
44	3	2	-0.023239938869077936
44	3	3	-0.06308031923925966
44	3	4	-0.018559568228442402
44	4	0	-0.029353031074885183
44	4	1	-0.050898284938020066
44	4	2	-0.07062659195109533
44	4	3	-0.040781117337408745
44	4	4	-0.04056463493549578
44	5	0	-0.05342842587875707
44	5	1	-0.007865511971472339
44	5	2	-0.06775343861436578
44	5	3	-0.056053659364917685
44	5	4	-0.02663119053847529
44	6	0	-0.06634742740703004
44	6	1	-0.011200543385973982
44	6	2	0.022618441161487368
44	6	3	-0.040101884870096804
44	6	4	-0.05736187027577755
44	7	0	-0.020421124129733403
44	7	1	-0.0029105111224315694
44	7	2	-0.048707760230938923
44	7	3	-0.00035320088300228036
44	7	4	-0.042922443584695213
44	8	0	-0.03704533876719307
44	8	1	-0.006055357446085985
44	8	2	-0.01794532178638142
44	8	3	-0.034053319748684086
44	8	4	-0.03151202654513907
44	9	0	-0.046391577517405524
44	9	1	-0.038821531669213816
44	9	2	-0.0563593139752081
44	9	3	-0.018118526065546092
44	9	4	-0.03110586388732084
45	0	0	-0.030592630327729742
45	0	1	-0.0044523688232298575
45	0	2	0.0022958057395143783
45	0	3	-0.03752759381898463
45	0	4	-0.012040313364816813
45	1	0	-0.078464934623875
45	1	1	-0.04332144676515548
45	1	2	-0.021480726778740022
45	1	3	-0.05458651723552388
45	1	4	-0.01686607646872551
45	2	0	-0.034593309560196905
45	2	1	-0.01449142469010034
45	2	2	-0.018566819493971876
45	2	3	-0.02969943963321442
45	2	4	-0.018191268191268373
45	3	0	-0.0590898284938019
45	3	1	-0.005471217524197658
45	3	2	-0.06343012395992531
45	3	3	-0.021416199694345384
45	3	4	0.014318954716305732
45	4	0	0.013200883002207675
45	4	1	0.005070470368483626
45	4	2	-0.05016131771098664
45	4	3	0.031985056885719065
45	4	4	-0.036447935454557934
45	5	0	-0.008062489386992722
45	5	1	-0.013428425878757033
45	5	2	-0.04524707080998469
45	5	3	-0.04041093564272369
45	5	4	-0.010322727210144378
45	6	0	-0.07784683307862117
45	6	1	-0.03794192562404497
45	6	2	0.009251146204788618
45	6	3	0.000876209882832435
45	6	4	-0.010308958984455718
45	7	0	-0.006245542536933324
45	7	1	-0.004982170147733167
45	7	2	-0.009767362879945618
45	7	3	-0.036773645780268316
45	7	4	-0.03415896793380235
45	8	0	-0.02692477500424517
45	8	1	-0.010483953132959911
45	8	2	-0.026316861946000913
45	8	3	-0.06542027508914938
45	8	4	-0.043001610882405505
45	9	0	-0.03941586007811193
45	9	1	-0.0488605875360843
45	9	2	-0.021589403973510057
45	9	3	-0.04082526744778403
45	9	4	-0.02004309454640596
46	0	0	-0.004917643063338417
46	0	1	-0.05644082187128552
46	0	2	-0.02166072338257763
46	0	3	-0.04967906265919508
46	0	4	-0.05437416530131767
46	1	0	-0.042608252674477876
46	1	1	-0.011574121242995394
46	1	2	-0.016566479877738072
46	1	3	-0.03509254542367124
46	1	4	-0.035497927882033764
46	2	0	-0.04626931567328918
46	2	1	0.010517914756325242
46	2	2	-0.04437765325182552
46	2	3	-0.045770079809814845
46	2	4	-0.044047996034751014
46	3	0	-0.04488028527763621
46	3	1	-0.04600781117337405
46	3	2	-0.03949397181185266
46	3	3	-0.037038546442519915
46	3	4	-0.053076510030152346
46	4	0	0.01493292579385308
46	4	1	-0.06576668364747829
46	4	2	-0.045610460179996704
46	4	3	0.004530480556970695
46	4	4	-0.04730418141014159
46	5	0	-0.024717269485481475
46	5	1	-0.04561046017999659
46	5	2	-0.025298013245033113
46	5	3	-0.007101375445746405
46	5	4	-0.033921466040671366
46	6	0	-0.044448972660893205
46	6	1	-0.03061979962642225
46	6	2	-0.014786890813380915
46	6	3	-0.03366955340465272
46	6	4	-0.04301537910809439
46	7	0	0.018342672779758984
46	7	1	-0.03666836474783508
46	7	2	-0.03365596875530641
46	7	3	-0.006493462387502147
46	7	4	-0.024789690352604254
46	8	0	-0.009336050263202611
46	8	1	-0.0009746985905927374
46	8	2	-0.05283070130752243
46	8	3	-0.043908982849380274
46	8	4	-0.0695536341231705
46	9	0	-0.07946340635082372
46	9	1	0.001205637629478673
46	9	2	-0.04451349974528784
46	9	3	-0.05667855323484472
46	9	4	-0.025116685712712195
47	0	0	-0.0013177109865851744
47	0	1	-0.034331805060281995
47	0	2	-0.02066225165562907
47	0	3	-0.08897266089319078
47	0	4	0.006336825873249685
47	1	0	-0.033900492443538766
47	1	1	-0.018413992188826667
47	1	2	-0.018464934623874996
47	1	3	0.00985226693835961
47	1	4	-0.04638171028899507
47	2	0	-0.006632705043301046
47	2	1	-0.024336899303786796
47	2	2	-0.03285107828154199
47	2	3	-0.044853115978943814
47	2	4	-0.0050426126585068065
47	3	0	-0.005158770589234085
47	3	1	-0.021806758363049794
47	3	2	-0.028782475802343388
47	3	3	-0.03637969094922733
47	3	4	-0.024059974391100192
47	4	0	-0.0371234505009338
47	4	1	0.0025573102394294
47	4	2	-0.0513975208014944
47	4	3	-0.022231278655119757
47	4	4	-0.05242596136635869
47	5	0	-0.03589064357276289
47	5	1	-0.035741212429954206
47	5	2	-0.06252674477840037
47	5	3	-0.011903548989641632
47	5	4	-0.02759496633668812
47	6	0	-0.023426727797588698
47	6	1	-0.03944302937680433
47	6	2	0.004041433180506093
47	6	3	-0.03445746306673447
47	6	4	-0.0005954757610386885
47	7	0	-0.03037867210052636
47	7	1	-0.06223467481745626
47	7	2	-0.03212769570385454
47	7	3	0.028768891152997078
47	7	4	0.01715520920818936
47	8	0	-0.03816607233825775
47	8	1	-0.0005739514348787056
47	8	2	-0.027060621497707604
47	8	3	-0.0319816607233826
47	8	4	-0.047462516005562394
47	9	0	-0.04236372898624574
47	9	1	-0.03383596535914424
47	9	2	-0.021602988622856256
47	9	3	-0.0010358295126509098
47	9	4	-0.023905081852101717
48	0	0	-0.04096451010358304
48	0	1	-0.01758872474104267
48	0	2	0.010120563762947898
48	0	3	-0.04799796230259812
48	0	4	-0.0019516459913812012
48	1	0	-0.011886568177958856
48	1	1	-0.01896417048734933
48	1	2	-8.150789607741515e-05
48	1	3	-0.0045406690439803166
48	1	4	-0.0243387809612976
48	2	0	-0.015357446085922932
48	2	1	-6.452708439463883e-05
48	2	2	-0.006028188147393587
48	2	3	-0.02717948717948715
48	2	4	-0.05503504013437799
48	3	0	-0.048806248938699115
48	3	1	-0.047699100016980855
48	3	2	-0.05305145185939897
48	3	3	0.017435897435897352
48	3	4	-0.0026434993322409506
48	4	0	-0.0005535744608591298
48	4	1	-0.02206486670062835
48	4	2	-0.02752249957547981
48	4	3	-0.007525895737816257
48	4	4	-0.0259358951411931
48	5	0	0.005882153166921311
48	5	1	-0.019527933435218303
48	5	2	-0.00951265070470364
48	5	3	-0.023769740193581246
48	5	4	-0.010777078657873362
48	6	0	-0.03315333672949572
48	6	1	-0.008918322295805914
48	6	2	-0.007553065036508766
48	6	3	-0.02362370521310908
48	6	4	-0.040688548966694715
48	7	0	-0.04552215995924613
48	7	1	-0.004139921888266285
48	7	2	-0.01762608252674469
48	7	3	-0.007641365257259336
48	7	4	0.005603667855323513
48	8	0	-0.032718627950416024
48	8	1	0.004241806758362943
48	8	2	-0.0007777211750721325
48	8	3	-0.05212090337918163
48	8	4	-0.03670953174264435
48	9	0	-0.043430123959925515
48	9	1	-0.003650874511801794
48	9	2	-0.056549499066055386
48	9	3	-0.0015724231618271522
48	9	4	-0.03782475802343355
49	0	0	-0.034783494651044355
49	0	1	-0.04764476141959595
49	0	2	-0.02497537782305992
49	0	3	-0.062367125148582225
49	0	4	-0.002488606793242587
49	1	0	-0.05753778230599427
49	1	1	-0.02163355408388523
49	1	2	0.024384445576498548
49	1	3	-0.027587026659874336
49	1	4	-0.017330754085720934
49	2	0	-0.0007539480387163122
49	2	1	-0.004364068602479398
49	2	2	-0.020597724571234655
49	2	3	-0.06639836984207848
49	2	4	-0.00836763916234129
49	3	0	-0.05972151468840198
49	3	1	-0.04636101205637633
49	3	2	-0.029529631516386545
49	3	3	-0.02555272542027509
49	3	4	-0.0025127011881979078
49	4	0	0.0042553914077094745
49	4	1	0.005817626082526672
49	4	2	-0.025002547121752428
49	4	3	-0.00640176600441511
49	4	4	-0.039112087125332096
49	5	0	-0.02895568008150795
49	5	1	-0.002146374596705747
49	5	2	-0.00899643402954664
49	5	3	-0.03815588385124813
49	5	4	-0.004781016370420388
49	6	0	-0.059127186279504085
49	6	1	-0.011974868398709537
49	6	2	-0.02624554253693323
49	6	3	0.01365936491764319
49	6	4	-0.03790048326472173
49	7	0	0.0020343012395992455
49	7	1	-0.04903039565291234
49	7	2	-0.06258447953812185
49	7	3	0.01348276447614194
49	7	4	-0.009018187826134838
49	8	0	-0.03241297334012572
49	8	1	-0.0059942265240279236
49	8	2	-0.0200577347597215
49	8	3	-0.025535744608592315
49	8	4	-0.047572661811072336
49	9	0	-0.07288843606724416
49	9	1	-0.0191781287145526
49	9	2	-0.00797758532857884
49	9	3	-0.04913228052300911
49	9	4	-0.05646693560600852
50	0	0	-0.04723382577687213
50	0	1	-0.03895058583800315
50	0	2	-0.01731363559178123
50	0	3	-0.02642553914077095
50	0	4	-0.025323209098043642
50	1	0	-0.059242655798947275
50	1	1	-0.055174053319748784
50	1	2	0.012409577177789122
50	1	3	-0.01066055357446094
50	1	4	-0.0414423593231541
50	2	0	-0.00453727288164385
50	2	1	-0.04200033961623373
50	2	2	0.004853115978943667
50	2	3	-0.033034471047716174
50	2	4	0.008002781181589036
50	3	0	-0.02741721854304624
50	3	1	-0.03939887926642893
50	3	2	-0.03935133299371707
50	3	3	-0.014236712514858252
50	3	4	-0.015145048257631077
50	4	0	-0.011319409067753416
50	4	1	-0.004398030225844729
50	4	2	-0.0195551027339107
50	4	3	0.00835455934793683
50	4	4	-0.05116616871583757
50	5	0	-0.0217218543046358
50	5	1	-0.028147393445406732
50	5	2	-0.05042961453557482
50	5	3	-0.04291730344710465
50	5	4	-0.05585424956285889
50	6	0	0.00044150110375285045
50	6	1	-0.048307013075225114
50	6	2	0.014623875021225974
50	6	3	-0.005162166751570663
50	6	4	-0.03248957056904078
50	7	0	-0.03151299032093735
50	7	1	-0.0725318390219053
50	7	2	-0.07548989641704867
50	7	3	0.02861606384785187
50	7	4	-0.009269457944954596
50	8	0	-0.029356427237221983
50	8	1	0.002570894888775599
50	8	2	-0.020553574460859148
50	8	3	-0.02228901341484124
50	8	4	-0.05345857829301526
50	9	0	-0.023053149940567286
50	9	1	-0.00034301239599254796
50	9	2	-0.05217524197656653
50	9	3	-0.03859738495500098
50	9	4	-0.024386969751208243
51	0	0	-0.033458991339786026
51	0	1	-0.06620818475123114
51	0	2	-0.05115978943793509
51	0	3	-0.039762268636440834
51	0	4	-0.0373566383500159
51	1	0	-0.07258957378162678
51	1	1	-0.04501273560876218
51	1	2	-0.022156563083715275
51	1	3	-0.04550517914756336
51	1	4	-0.0448534372375432
51	2	0	-0.02995415180845651
51	2	1	-0.04312107318729841
51	2	2	-0.02611988453048064
51	2	3	-0.050837154015961894
51	2	4	-0.010384684225743901
51	3	0	-0.035235184241806716
51	3	1	-0.024693496349125543
51	3	2	-0.03628120224146725
51	3	3	-0.0065274240108676995
51	3	4	-0.009658410320661948
51	4	0	-0.04723722193920865
51	4	1	-0.053547291560536614
51	4	2	-0.0610969604347088
51	4	3	-0.008721344880285309
51	4	4	-0.05450496344536071
51	5	0	-0.03771098658515881
51	5	1	0.001059602649006508
51	5	2	-0.021480726778740022
51	5	3	-0.02385124808965866
51	5	4	-0.004691522903443435
51	6	0	-0.06958057395143491
51	6	1	-0.04619460010188492
51	6	2	-0.007050433010697965
51	6	3	-0.007077602309390363
51	6	4	-0.04562445787611358
51	7	0	-0.007617592120903405
51	7	1	-0.031784683307862105
51	7	2	-0.06249617931737128
51	7	3	0.02251655629139071
51	7	4	-0.04252316503972131
51	8	0	-0.04350483953132955
51	8	1	-0.010035659704534017
51	8	2	-0.0444761419595856
51	8	3	-0.024632365427067482
51	8	4	-0.014783632333301155
51	9	0	-0.06712854474443897
51	9	1	-0.02163695024622181
51	9	2	-0.021541857700798195
51	9	3	-0.027403633893700152
51	9	4	-0.03305406782227982
52	0	0	-0.02496858549838682
52	0	1	0.004316522329767314
52	0	2	-0.014494820852436696
52	0	3	-0.032834097469859214
52	0	4	-0.003803472346518788
52	1	0	-0.05050093394464261
52	1	1	-0.043742570894888866
52	1	2	-0.01755136695534043
52	1	3	0.0034674817456273876
52	1	4	-0.032957690242458426
52	2	0	-0.01001867889285113
52	2	1	-0.05340465274240125
52	2	2	-0.015822720326031603
52	2	3	-0.07914756325352346
52	2	4	-0.028710192617477426
52	3	0	-0.00646289692647295
52	3	1	-0.014749533027678674
52	3	2	-0.019218882662591308
52	3	3	-0.04254032942774666
52	3	4	0.0042130770607592405
52	4	0	-0.007977585328578618
52	4	1	-0.004717269485481346
52	4	2	-0.05541857700798092
52	4	3	-0.039748683987094635
52	4	4	-0.008574162547672404
52	5	0	0.02449312277126836
52	5	1	-0.022509763966717666
52	5	2	-0.02769570385464426
52	5	3	-0.043630497537782365
52	5	4	-0.054615109250870875
52	6	0	-0.050093394464255314
52	6	1	-0.010239429444727555
52	6	2	-0.06327050433010706
52	6	3	-0.02433010697911342
52	6	4	-0.03131238727265229
52	7	0	-0.04110375275938194
52	7	1	-0.025916114790286993
52	7	2	0.0036338937001189064
52	7	3	0.007753438614365837
52	7	4	-0.007290275502196075
52	8	0	-0.017001188656817767
52	8	1	-0.035866870436406906
52	8	2	0.005651214128035376
52	8	3	-0.016366106299881222
52	8	4	-0.029632663738623943
52	9	0	-0.03694345389709652
52	9	1	-0.03059602649006632
52	9	2	-0.038135506877228886
52	9	3	-0.048772287315333784
52	9	4	-0.020972449780396918
53	0	0	-0.029322465613856374
53	0	1	-0.02842927491934122
53	0	2	-0.06222448633044653
53	0	3	-0.02624554253693323
53	0	4	0.018934752378460873
53	1	0	-0.021049414161996904
53	1	1	-0.030157921548650046
53	1	2	-0.005678383426727773
53	1	3	-0.009302088639836947
53	1	4	-0.035828365298563924
53	2	0	-0.024085583290881285
53	2	1	-0.051428086262523376
53	2	2	-0.001738835116318671
53	2	3	-0.0474409916794023
53	2	4	-0.015988352081067414
53	3	0	-0.021779589064357174
53	3	1	-0.029821701477330653
53	3	2	-0.03206996094413317
53	3	3	-0.0335337069111904
53	3	4	0.006126860431496239
53	4	0	-0.02305654610290364
53	4	1	-0.03124808965868564
53	4	2	-0.021259976226863708
53	4	3	-0.036610629988113486
53	4	4	-0.024786248296182034
53	5	0	-0.01715061979962651
53	5	1	-0.031081677704194344
53	5	2	-0.03277636271013751
53	5	3	-0.01629139072847685
53	5	4	-0.04965166389007458
53	6	0	-0.03588385124808968
53	6	1	-0.015866870436407
53	6	2	-0.0351978264561047
53	6	3	-0.015506877228731564
53	6	4	-0.05318321377924029
53	7	0	0.004336899303786779
53	7	1	-0.027817965698760494
53	7	2	-0.030185090847342444
53	7	3	0.00165053489556799
53	7	4	-0.02306866214150982
53	8	0	-0.040556970623195854
53	8	1	0.029692647308541265
53	8	2	-0.0005705552725420171
53	8	3	-0.07476651383936161
53	8	4	-0.02080034695928734
53	9	0	-0.047070809984717465
53	9	1	-0.01018169468500596
53	9	2	-0.021602988622856256
53	9	3	-0.021942604856512338
53	9	4	-0.01330354807175993
54	0	0	-0.03940227542876551
54	0	1	-0.016189505858380082
54	0	2	-0.024574630667345887
54	0	3	-0.045508575309899824
54	0	4	-0.02498588756866915
54	1	0	-0.02064187468160983
54	1	1	-0.010793003905586684
54	1	2	-0.03787400237731359
54	1	3	-0.019055866870436367
54	1	4	-0.060776390246588874
54	2	0	-0.02471047716080832
54	2	1	-0.03554763117677029
54	2	2	-0.013078621158091441
54	2	3	-0.03045338767193062
54	2	4	-0.04048202558136338
54	3	0	-0.0015011037527592475
54	3	1	-0.02573272202411281
54	3	2	-0.04029546612328072
54	3	3	-0.02043810494141618
54	3	4	-0.0437967259159312
54	4	0	-0.021562234674817327
54	4	1	-0.02942095432161662
54	4	2	-0.014114450670742129
54	4	3	0.027862115809135668
54	4	4	-0.048832454461593455
54	5	0	-0.022822210901681128
54	5	1	-0.0299133978604178
54	5	2	-0.04216335540838845
54	5	3	-0.0382441840719987
54	5	4	-0.002557447921686329
54	6	0	-0.01106469689251155
54	6	1	-0.04205128205128211
54	6	2	0.011445067074206228
54	6	3	-0.0012090337918152505
54	6	4	-0.0656641103660972
54	7	0	-0.03810833757853627
54	7	1	-0.06948887756834776
54	7	2	-0.02599422652402783
54	7	3	0.000387162506367833
54	7	4	-0.025127011881978745
54	8	0	0.010249617931737176
54	8	1	0.02056376294786877
54	8	2	-0.041827135337069166
54	8	3	-0.07365257259296998
54	8	4	-0.022603984524514287
54	9	0	-0.014603498047206953
54	9	1	-0.01510273391068101
54	9	2	-0.05366276107997969
54	9	3	-0.046754966887417204
54	9	4	-0.0388917955143121
55	0	0	-0.01602988622856172
55	0	1	-0.03077262693156746
55	0	2	-0.03673968415690276
55	0	3	-0.0028595686873833515
55	0	4	-0.013145213476339457
55	1	0	-0.04012905416878931
55	1	1	-0.040292069960944144
55	1	2	-0.01756495160468663
55	1	3	-0.008724741042621886
55	1	4	-0.01361333314975699
55	2	0	-0.02841229410765833
55	2	1	-0.021249787739854087
55	2	2	-0.008514178977755305
55	2	3	-0.04210901681100354
55	2	4	-0.042320083710812306
55	3	0	-0.0593343521820342
55	3	1	-0.029740193581253127
55	3	2	-0.011815248768891173
55	3	3	0.004666327050433017
55	3	4	0.01752006718894139
55	4	0	-0.0007301749023601589
55	4	1	-0.0399354729156054
55	4	2	-0.04734250297164211
55	4	3	-0.04071319409067753
55	4	4	-0.06025319767041615
55	5	0	-0.031217524197656665
55	5	1	-0.03393445406690454
55	5	2	-0.038801154695194406
55	5	3	-0.025739514348785852
55	5	4	-0.07153625862235136
55	6	0	-0.046955340465274165
55	6	1	-0.033689930378672184
55	6	2	-0.015024622176940117
55	6	3	-0.04537272881643728
55	6	4	-0.022893117263978247
55	7	0	-0.010368483613516721
55	7	1	-0.044031244693496396
55	7	2	-0.008198335880455043
55	7	3	0.00024452368823224546
55	7	4	-0.05212650245762823
55	8	0	-0.033486160638478535
55	8	1	-0.017649855663100733
55	8	2	-0.019004924435388038
55	8	3	-0.02616063847851935
55	8	4	-0.07470983464360942
55	9	0	-0.056559687553065174
55	9	1	-0.02388520971302438
55	9	2	-0.025121412803532084
55	9	3	-0.05731703175411795
55	9	4	-0.02664495876416406
56	0	0	-0.01524876889115312
56	0	1	-0.062105620648667204
56	0	2	-0.008667006282900402
56	0	3	-0.0622584479538123
56	0	4	-0.03401784362049265
56	1	0	-0.016009509254542476
56	1	1	-0.0002139582272033813
56	1	2	0.024615384615384706
56	1	3	-0.016515537442689743
56	1	4	0.009221269155043954
56	2	0	-0.03214807267787401
56	2	1	-0.0387196467991171
56	2	2	-0.016196298183053237
56	2	3	-0.029217184581422972
56	2	4	-0.026823945698117968
56	3	0	-0.03191373747665138
56	3	1	-0.010422822210901739
56	3	2	-0.059558498896247314
56	3	3	-0.04709797928340975
56	3	4	-0.02567085679668457
56	4	0	-0.05182204109356414
56	4	1	-0.07224656138563423
56	4	2	-0.043565970453387726
56	4	3	0.004645950076413663
56	4	4	-0.06062493976401251
56	5	0	-0.05867889285107836
56	5	1	-0.009434538970962802
56	5	2	-0.01777890983189001
56	5	3	-0.0425776872134489
56	5	4	-0.008181768115542831
56	6	0	-0.03798947189675661
56	6	1	-0.040618101545253915
56	6	2	-0.0024282560706401224
56	6	3	-0.012192222788249274
56	6	4	-0.03115405267723148
56	7	0	-0.0007913058244183313
56	7	1	-0.04926812701647143
56	7	2	-0.016722703345219858
56	7	3	0.0026490066225165476
56	7	4	-0.02337500516308466
56	8	0	-0.031971472236372867
56	8	1	-0.03140431312616743
56	8	2	0.00012226184411612273
56	8	3	-0.023959925284428696
56	8	4	-0.0700424061351213
56	9	0	-0.05963661062998826
56	9	1	-0.010310748853795237
56	9	2	-0.03406011207335713
56	9	3	-0.050511122431652344
56	9	4	-0.005028844432817925
57	0	0	-0.02149770759042291
57	0	1	-0.0028222109016812214
57	0	2	-0.040971302428256084
57	0	3	-0.05423671251485829
57	0	4	-0.008605141055472276
57	1	0	-0.05914756325352366
57	1	1	-0.027074206147053914
57	1	2	-0.022210901681100292
57	1	3	-0.017459670572253394
57	1	4	-0.0014250113587862545
57	2	0	-0.008938699269825046
57	2	1	-0.046001018848701114
57	2	2	-0.051040923756155654
57	2	3	-0.06388520971302425
57	2	4	-0.02236992468780552
57	3	0	-0.05338427576838162
57	3	1	-0.027777211750721675
57	3	2	-0.04430293768042115
57	3	3	-0.001351672609950727
57	3	4	-0.021939667635031745
57	4	0	-0.027396841569026775
57	4	1	-0.04876549499066052
57	4	2	-0.03841738835116326
57	4	3	-0.022421463745967096
57	4	4	-0.025729371755861763
57	5	0	-0.01889624724061817
57	5	1	0.0021667515707249896
57	5	2	-0.04375275938189849
57	5	3	-0.03242316182713534
57	5	4	-0.015768060470047196
57	6	0	-0.007437595517065687
57	6	1	-0.02767193071828844
57	6	2	-0.027739853965019545
57	6	3	-0.026591951095262245
57	6	4	-0.02654169707149856
57	7	0	-0.04887417218543044
57	7	1	-0.04053998981151308
57	7	2	-0.03489217184581417
57	7	3	-0.00042112412973349667
57	7	4	-0.021271908689127206
57	8	0	-0.019799626422142946
57	8	1	0.015496688741721831
57	8	2	-0.01154015961962973
57	8	3	-0.03596196298183063
57	8	4	-0.07608665721248487
57	9	0	-0.036827984377653444
57	9	1	-0.0035693666157242676
57	9	2	-0.01815928001358469
57	9	3	-0.06304296145355759
57	9	4	-0.005717255717255787
58	0	0	-0.040434708779079676
58	0	1	-0.03677704194260489
58	0	2	-0.02007471557140439
58	0	3	-0.035754797079300404
58	0	4	0.0012288141427213572
58	1	0	-0.050521310918661966
58	1	1	-0.062380709797928424
58	1	2	-0.026062149770758936
58	1	3	-0.004078790966208223
58	1	4	-0.06268328950448154
58	2	0	0.004184071998641459
58	2	1	-0.03075904228222115
58	2	2	-0.007508914926133481
58	2	3	-0.043012395992528374
58	2	4	0.003741515330919154
58	3	0	-0.04911190354898953
58	3	1	-0.020346408558329143
58	3	2	-0.02984887077602305
58	3	3	-0.02521310918661912
58	3	4	-0.015778386639313857
58	4	0	0.017785702156563166
58	4	1	-0.04839870945831204
58	4	2	0.00823908982849375
58	4	3	-0.0025607064017660885
58	4	4	-0.020215197367515203
58	5	0	-0.019215486500254675
58	5	1	-0.04675157072508074
58	5	2	-0.008320597724571277
58	5	3	-0.010259806418746797
58	5	4	-0.0272301083559362
58	6	0	-0.04034640855832916
58	6	1	-0.056797418916624265
58	6	2	-0.031203939548310355
58	6	3	-0.0345525556121582
58	6	4	0.015024576282854363
58	7	0	-0.031431482424859936
58	7	1	-0.031709967736457845
58	7	2	-0.05422992019018502
58	7	3	0.004652742401086707
58	7	4	-0.0033663311809006835
58	8	0	0.0035523858040413803
58	8	1	-0.0022109016811003857
58	8	2	-0.026670062829003194
58	8	3	-0.049424350483953106
58	8	4	-0.026025388608170053
58	9	0	-0.03484462557310253
58	9	1	0.002951265070470388
58	9	2	-0.05560196977415527
58	9	3	0.0014229920190184098
58	9	4	0.019320262697746116
59	0	0	-0.0003192392596367277
59	0	1	-0.021276957038546596
59	0	2	-0.02697911360163019
59	0	3	-0.05860417727967404
59	0	4	-0.022535143396070656
59	1	0	-0.008198335880455154
59	1	1	-0.07440991679402287
59	1	2	-0.026911190354898862
59	1	3	-0.04592630327729674
59	1	4	-0.044915394253142615
59	2	0	0.04034640855832916
59	2	1	-0.018689081338088
59	2	2	-0.027070809984717337
59	2	3	-0.028218712854474415
59	2	4	-0.026176839090746418
59	3	0	-0.036647987773815505
59	3	1	-0.04964849719816622
59	3	2	-0.007237221939208616
59	3	3	0.008198335880455043
59	3	4	0.009988847737192108
59	4	0	0.002577687213448976
59	4	1	-0.007780607913058235
59	4	2	-0.015269145865172473
59	4	3	-0.015894039735099286
59	4	4	-0.02430436039707551
59	5	0	0.031455255561215645
59	5	1	-0.02143657666836485
59	5	2	-0.09530650365087456
59	5	3	-0.01975547631176766
59	5	4	-0.011148820751469724
59	6	0	-0.07855323484462551
59	6	1	-0.016349125488198446
59	6	2	-0.03321446765155378
59	6	3	-0.016539310579045563
59	6	4	-0.03013520397626357
59	7	0	-0.012942774664629009
59	7	1	0.001103752759381793
59	7	2	-0.06491424690100178
59	7	3	-0.02269315673289185
59	7	4	-0.00941746637110863
59	8	0	0.0004550857530990493
59	8	1	0.004241806758363054
59	8	2	0.012002037697401935
59	8	3	0.007339106809305385
59	8	4	-0.08275736255868693
59	9	0	-0.03942944472745813
59	9	1	0.013289183222958023
59	9	2	-0.04280183392766179
59	9	3	-0.05784683307862126
59	9	4	-0.03166347702771555
60	0	0	-0.035163864832739034
60	0	1	-0.055462727118356314
60	0	2	-0.02094073696722698
60	0	3	-0.0198064187468161
60	0	4	0.009441560766064061
60	1	0	-0.04817116658176257
60	1	1	-0.017266089319069478
60	1	2	-0.018916624214637467
60	1	3	-0.04223807097979293
60	1	4	-0.01980559265327475
60	2	0	-0.03739853965019535
60	2	1	-0.006693835965359218
60	2	2	-0.044513499745287954
60	2	3	-0.0443640686024791
60	2	4	-0.036151918602249755
60	3	0	-0.034365766683647436
60	3	1	-0.02179996603837664
60	3	2	-0.04087281372049589
60	3	3	-0.03345219901511298
60	3	4	-0.022173727471740623
60	4	0	-0.021929020207165806
60	4	1	-0.07075224995754803
60	4	2	-0.028228901341484147
60	4	3	0.012110714892171859
60	4	4	-0.04554184852198084
60	5	0	-0.004924435388011572
60	5	1	-0.0443674647648159
60	5	2	-0.050056036678553184
60	5	3	-0.06077432501273561
60	5	4	-0.032613484600239606
60	6	0	-0.01626761759212092
60	6	1	-0.039307182883341896
60	6	2	-0.018529461708269634
60	6	3	0.013156732891832279
60	6	4	-0.03435516514986714
60	7	0	-0.012114111054508436
60	7	1	-0.08174223127865521
60	7	2	0.003987094583121076
60	7	3	0.03815248768891155
60	7	4	-0.020225523536781753
60	8	0	-0.026992698250976388
60	8	1	-0.004914246901001951
60	8	2	-0.004201052810324235
60	8	3	-0.026887417218543153
60	8	4	-0.06487243738899368
60	9	0	-0.033689930378672295
60	9	1	-0.009050772626931547
60	9	2	-0.02309730005094246
60	9	3	-0.03717099677364588
60	9	4	-0.01070135341658518
61	0	0	-0.022740703005603713
61	0	1	-0.008548140601120857
61	0	2	-0.028921718458142287
61	0	3	-0.02042452029206998
61	0	4	-0.014088336936019075
61	1	0	-0.03794192562404486
61	1	1	-0.009407369672270405
61	1	2	0.012321276957038663
61	1	3	-0.004391237901171685
61	1	4	-0.03308160427365725
61	2	0	-0.038804550857530984
61	2	1	0.011265070470368399
61	2	2	0.0012667685515366234
61	2	3	-0.03312277126846663
61	2	4	0.014363701449794153
61	3	0	-0.005790456783834164
61	3	1	-0.036797418916624136
61	3	2	-0.017826456104601873
61	3	3	-0.0173883511631856
61	3	4	-0.006223238011317522
61	4	0	-0.05353370691119025
61	4	1	0.010463576158940446
61	4	2	-0.025461029037187943
61	4	3	-0.01835965359144165
61	4	4	-0.01586443804986848
61	5	0	0.0007607403633893561
61	5	1	-0.06355578196637801
61	5	2	-0.04673458991339785
61	5	3	-0.025304805569706268
61	5	4	-0.029426140353292718
61	6	0	0.0051757514009170835
61	6	1	-0.024669723212769723
61	6	2	-0.0048904737646460195
61	6	3	-0.0323722193920869
61	6	4	-0.028606930924811702
61	7	0	-0.05725590083205978
61	7	1	-0.027335710646968936
61	7	2	-0.017075904228222027
61	7	3	-0.027964000679232437
61	7	4	0.01714488303892281
61	8	0	-0.02310748853795208
61	8	1	0.00805230089998299
61	8	2	-0.007227033452198994
61	8	3	-0.04757683817286473
61	8	4	-0.0380588178601422
61	9	0	-0.06635421973170341
61	9	1	-0.016209882832399436
61	9	2	-0.029760570555272592
61	9	3	-0.031458651723552555
61	9	4	-0.018583662623397834
62	0	0	-0.042017320427916505
62	0	1	-0.07941246391577528
62	0	2	-0.051805060281881476
62	0	3	-0.004510103582951452
62	0	4	-0.020827883410664993
62	1	0	-0.010263202581083375
62	1	1	-0.05029037187977592
62	1	2	-0.01486839870945822
62	1	3	-0.05208694175581585
62	1	4	-0.03284066032410404
62	2	0	-0.052090337918152485
62	2	1	-0.0011309220580745238
62	2	2	-0.03394464255391416
62	2	3	-0.05176091017150619
62	2	4	-0.019809034709697082
62	3	0	-0.06234335201222607
62	3	1	-0.040696213278994864
62	3	2	-0.03183902190524712
62	3	3	-0.03588385124808957
62	3	4	0.007056215665487198
62	4	0	-0.03730005094243494
62	4	1	-0.016434029546612328
62	4	2	-0.03313975208014952
62	4	3	-0.03025301409407377
62	4	4	-0.02655546529718711
62	5	0	0.002112412973340083
62	5	1	-0.03354049923586355
62	5	2	-0.08549838682289013
62	5	3	-0.009444727457972535
62	5	4	0.011437953490933683
62	6	0	-0.040292069960944144
62	6	1	-0.04381049414162008
62	6	2	-0.05041263372389204
62	6	3	-0.012395992528442812
62	6	4	-0.024531536120940167
62	7	0	-0.044649346238750165
62	7	1	0.0026931567328919437
62	7	2	-0.03817965698760406
62	7	3	0.001942604856512209
62	7	4	-0.014139967782351825
62	8	0	-0.04603837663440313
62	8	1	-0.02608592290711509
62	8	2	-0.00835455934793683
62	8	3	0.006259127186279412
62	8	4	-0.01264955735154405
62	9	0	-0.027311937510613227
62	9	1	-0.03835965359144172
62	9	2	-0.01935472915605374
62	9	3	-0.029047376464595098
62	9	4	-0.032585948148862065
63	0	0	-0.030742061470538318
63	0	1	-0.04819493971811861
63	0	2	-0.04239089828493803
63	0	3	-0.0025607064017659775
63	0	4	-0.031883768638735654
63	1	0	-0.008327390049244321
63	1	1	-0.05506537612497886
63	1	2	-0.012457123450500873
63	1	3	0.0315469519443029
63	1	4	-0.053052415635197026
63	2	0	-0.02540329427746657
63	2	1	-0.01760230939038898
63	2	2	-0.051129223976906224
63	2	3	-0.03588724741042615
63	2	4	-0.001366496399609174
63	3	0	-0.025019527933435093
63	3	1	-0.04875870266598736
63	3	2	-0.06349804720665642
63	3	3	-0.04218712854474449
63	3	4	0.0129765527116521
63	4	0	0.008602479198505875
63	4	1	-0.061181864493122795
63	4	2	-0.0086941755815928
63	4	3	-0.025525556121582693
63	4	4	-0.031560215335049824
63	5	0	-0.04552895228391923
63	5	1	0.017986075734420015
63	5	2	-0.043593139752080234
63	5	3	-0.027451180166412015
63	5	4	-0.032269278958020675
63	6	0	-0.024323314654440487
63	6	1	-0.03608082866361029
63	6	2	-0.030069621327899476
63	6	3	0.0019018509084733903
63	6	4	-0.03962151147581616
63	7	0	-0.021704873492952914
63	7	1	-0.042292409577177836
63	7	2	-0.04844965189336048
63	7	3	0.05511292239769061
63	7	4	-0.010828709504206224
63	8	0	-0.045644421803362145
63	8	1	-0.04914586517235531
63	8	2	-0.047002886737985916
63	8	3	-0.012976736287994561
63	8	4	-0.04658134956148208
63	9	0	-0.07008320597724582
63	9	1	0.007570045848191431
63	9	2	-0.009043980302258503
63	9	3	-0.052664289353031135
63	9	4	-0.0282076523798378
64	0	0	0.007654949906605535
64	0	1	-0.04435727627780617
64	0	2	0.0025471217524197787
64	0	3	-0.025702156563083833
64	0	4	-0.02685148214949562
64	1	0	-0.035931397520801545
64	1	1	-0.0326099507556461
64	1	2	0.020682628629648536
64	1	3	0.00011886568177954526
64	1	4	-0.023416309840150973
64	2	0	-0.004122941076583508
64	2	1	-0.04746816097809481
64	2	2	-0.0316895907624386
64	2	3	-0.04346748174562742
64	2	4	-0.005290440720904455
64	3	0	-0.05180166411954479
64	3	1	-0.001314314824248597
64	3	2	-0.016298183053150006
64	3	3	-0.0437221939208694
64	3	4	-0.017093252192589836
64	4	0	-0.011183562574290873
64	4	1	-0.06875530650365091
64	4	2	-0.029702835795551108
64	4	3	-0.021280353200883062
64	4	4	-0.028689540278944214
64	5	0	0.028595686873832515
64	5	1	-0.03127186279504168
64	5	2	-0.021453557480047514
64	5	3	-0.014450670742061411
64	5	4	-0.025385166113642943
64	6	0	-0.03324842927491933
64	6	1	-0.04450331125827822
64	6	2	-0.02975038206826297
64	6	3	0.03810154525386311
64	6	4	-0.022906885489667017
64	7	0	-0.021310918661911926
64	7	1	-0.03814229920190193
64	7	2	-0.027739853965019434
64	7	3	0.02833757853625407
64	7	4	-0.0036210433561426614
64	8	0	0.006377992868059179
64	8	1	0.014335201222618332
64	8	2	-0.01613856342333153
64	8	3	-0.07696722703345227
64	8	4	-0.006130302487918349
64	9	0	-0.05375445746306706
64	9	1	-0.02482255051791482
64	9	2	-0.02725420275089152
64	9	3	-0.030765834606894304
64	9	4	-0.006756756756756799
65	0	0	-0.03597894379351341
65	0	1	-0.025712345050093455
65	0	2	-0.01392426557989479
65	0	3	-0.06729835286126673
65	0	4	-0.0022270105051562794
65	1	0	-0.06231957887587025
65	1	1	-0.020886398369842185
65	1	2	0.0032399388690780295
65	1	3	0.016950246221769216
65	1	4	-0.0425197229832992
65	2	0	-0.02513839361521486
65	2	1	0.013472575989132207
65	2	2	-0.0348751910341315
65	2	3	-0.054980472066564756
65	2	4	-0.045390398039404756
65	3	0	-0.012419765664798632
65	3	1	0.0033723892002037736
65	3	2	-0.058763796909492294
65	3	3	-0.05517405331974873
65	3	4	-0.01424322947501755
65	4	0	-0.03975208014943099
65	4	1	-0.03531669213788424
65	4	2	-0.028052300899983118
65	4	3	-0.00764815758193238
65	4	4	0.0011668571271220562
65	5	0	-0.037846833078621245
65	5	1	-0.05422312786551198
65	5	2	-0.036158940397351014
65	5	3	-0.017181185260655596
65	5	4	-0.02696162795500545
65	6	0	-0.03231108847002884
65	6	1	-0.03141450161317716
65	6	2	0.006364408218712869
65	6	3	-0.037289862455425316
65	6	4	-0.05748578430697637
65	7	0	-0.0031006962132790195
65	7	1	-0.013486160638478517
65	7	2	-0.026795720835455783
65	7	3	-0.027169298692477417
65	7	4	-0.008033759689388797
65	8	0	-0.0022958057395143783
65	8	1	-0.01769060961113955
65	8	2	-0.01363219561895046
65	8	3	-0.03768721344880288
65	8	4	-0.0379762085060098
65	9	0	-0.014685005943284146
65	9	1	-0.017928340974698642
65	9	2	-0.034128035320088346
65	9	3	-0.015028018339276694
65	9	4	-0.040977681706158564
66	0	0	-0.03796909492273742
66	0	1	-0.035466123280692874
66	0	2	-0.03480387162506371
66	0	3	-0.010548480217354439
66	0	4	-0.058525285346477496
66	1	0	-0.014671421293937836
66	1	1	-0.04724061810154534
66	1	2	-0.01727288164374252
66	1	3	-0.03686534216335535
66	1	4	-0.07438628133992375
66	2	0	-0.01000509424350493
66	2	1	-0.050208863983698504
66	2	2	-0.05501782985226711
66	2	3	-0.05924605196128385
66	2	4	-0.04499111949443085
66	3	0	-0.040451689590762285
66	3	1	-0.02482255051791482
66	3	2	-0.06659534725759897
66	3	3	-0.029845474613686584
66	3	4	-0.022800181740579073
66	4	0	-0.05668534555951765
66	4	1	-0.022132789947359455
66	4	2	-0.03373068432671089
66	4	3	-0.019561895058583856
66	4	4	-0.04610634577521988
66	5	0	-0.0020580743759551767
66	5	1	-0.04382407879096628
66	5	2	-0.04394973679741887
66	5	3	-0.04290371879775867
66	5	4	-0.0301214357505748
66	6	0	-0.01590083205977244
66	6	1	-0.036067244014263866
66	6	2	-0.03225674987264393
66	6	3	-0.011316012905416728
66	6	4	-0.04322878660627005
66	7	0	-0.0022380709797927834
66	7	1	-0.027036848361351784
66	7	2	-0.040957717778909775
66	7	3	-0.009767362879945618
66	7	4	0.0008054412027922453
66	8	0	-0.023290881304126376
66	8	1	-0.0003022584479538404
66	8	2	-0.02964849719816598
66	8	3	-0.06036678553234842
66	8	4	-0.07054494637276087
66	9	0	-0.034559347936831575
66	9	1	-0.016610629988113468
66	9	2	-0.05703175411784683
66	9	3	-0.0495941586007812
66	9	4	-0.012979994768074321
67	0	0	-0.03283409746985905
67	0	1	-0.07408048904737652
67	0	2	-0.004720665647817923
67	0	3	-0.02795041602988635
67	0	4	0.012229626468037047
67	1	0	-0.005433859738495639
67	1	1	-0.033472575989132336
67	1	2	0.006574970283579562
67	1	3	-0.012304296145355664
67	1	4	-0.031856232187358
67	2	0	-0.03430803192392595
67	2	1	-0.04509763966717617
67	2	2	-0.026269315673289273
67	2	3	-0.04256410256410259
67	2	4	-0.03106455921025475
67	3	0	-0.057160808286636
67	3	1	-0.05762268636440815
67	3	2	-0.021935812531839072
67	3	3	-0.07938189845474619
67	3	4	-0.000688411284437751
67	4	0	0.012039395483104176
67	4	1	-0.07401935812531835
67	4	2	-0.049842078451350025
67	4	3	0.0011207335710646804
67	4	4	-0.03317109774063409
67	5	0	0.015608762098828333
67	5	1	-0.0057157412124301255
67	5	2	-0.032504669723212865
67	5	3	-0.02091696383087105
67	5	4	-0.022473186380471133
67	6	0	-0.03548310409237554
67	6	1	-0.021878077772117588
67	6	2	-0.02236712514858208
67	6	3	-0.024486330446595317
67	6	4	-0.05456692046096023
67	7	0	-0.03797928340974699
67	7	1	-0.07075904228222107
67	7	2	-0.03542876549499052
67	7	3	-0.022910511122431698
67	7	4	-0.017557929809585482
67	8	0	-0.02985226693835974
67	8	1	-0.028008150789607833
67	8	2	-0.007634572932586181
67	8	3	0.007325522159959297
67	8	4	-0.040041442359323054
67	9	0	-0.04446934963491278
67	9	1	0.019320767532688077
67	9	2	-0.06201732042791658
67	9	3	0.007474953302767706
67	9	4	0.01428109209566164
68	0	0	-0.03220920359993218
68	0	1	-0.016101205637629623
68	0	2	-0.020322635421973212
68	0	3	-0.0415282730514519
68	0	4	0.052123060401205956
68	1	0	-0.04834776702326371
68	1	1	-0.02217694005773485
68	1	2	0.002227882492783162
68	1	3	-0.02215316692137892
68	1	4	-0.020614475912489216
68	2	0	0.0024724061810152964
68	2	1	-0.08591271862795058
68	2	2	-0.04802513160129063
68	2	3	-0.06396671760910166
68	2	4	-0.011899189051506998
68	3	0	0.007997962302598194
68	3	1	-0.02476141959585676
68	3	2	-0.06286636101205645
68	3	3	-0.012144676515537411
68	3	4	-0.01723781856232176
68	4	0	-0.01984377653251812
68	4	1	-0.054464255391407757
68	4	2	-0.054087281372049545
68	4	3	-0.054128035320088363
68	4	4	-0.024744943619115722
68	5	0	-0.011268466632704977
68	5	1	0.021579215486500214
68	5	2	-0.0523042961453557
68	5	3	-0.05449821701477331
68	5	4	-0.029887375913866032
68	6	0	-0.04727457972491078
68	6	1	-0.02870436406860255
68	6	2	-0.03187637969094925
68	6	3	-0.01460349804720662
68	6	4	-0.03406603241040329
68	7	0	-0.06667685515367638
68	7	1	-0.04869077941925626
68	7	2	-0.06817456274409911
68	7	3	0.004095771777890889
68	7	4	-0.008529415814184094
68	8	0	-0.0497469859059263
68	8	1	-0.018077772117507274
68	8	2	-0.02301918831720151
68	8	3	-0.030365087451180273
68	8	4	-0.036482356018779805
68	9	0	-0.06954661232806947
68	9	1	0.0205739514348785
68	9	2	-0.005498386822890167
68	9	3	-0.05227712684666341
68	9	4	0.017103578361856497
69	0	0	-0.03492613346917989
69	0	1	-0.04238070979792852
69	0	2	-0.03107488537952119
69	0	3	-0.010446595347257559
69	0	4	-0.015182910878275169
69	1	0	-0.041990151129223996
69	1	1	-0.03489217184581439
69	1	2	-0.004734250297164122
69	1	3	0.007101375445746183
69	1	4	-0.02692720739078358
69	2	0	-0.014420105281032436
69	2	1	-0.049791136016301696
69	2	2	-0.021867889285107966
69	2	3	-0.05010358295126505
69	2	4	-0.04665707480277026
69	3	0	-0.034440482255051696
69	3	1	-0.02849040584139917
69	3	2	-0.09632535235184247
69	3	3	0.008110035659704473
69	3	4	0.01747876251187519
69	4	0	-0.013723892002037608
69	4	1	-0.06258787570045843
69	4	2	-0.03520461878077774
69	4	3	-0.03380539989811526
69	4	4	-0.02046302542991274
69	5	0	-0.007084394634063518
69	5	1	-0.0007131940906776046
69	5	2	-0.0027067413822380315
69	5	3	-0.046299881134318266
69	5	4	-0.007493356831105191
69	6	0	-0.012728816437425627
69	6	1	0.0035523858040412692
69	6	2	-0.0775479707930039
69	6	3	0.014236712514858252
69	6	4	-0.01745466811691987
69	7	0	-0.054579724910850724
69	7	1	-0.040302258447953765
69	7	2	-0.01962981830531496
69	7	3	0.008473425029716375
69	7	4	-0.026448761548099387
69	8	0	-0.02344710477160805
69	8	1	-0.02750551876379692
69	8	2	-0.029967736457802596
69	8	3	-0.06626252334861626
69	8	4	-0.0320352191213118
69	9	0	-0.05619969434538996
69	9	1	-0.045532348446255755
69	9	2	-0.005641025641025643
69	9	3	-0.027478349465104523
69	9	4	0.0295431702716471
70	0	0	-0.0051825437255901274
70	0	1	-0.05921888266259123
70	0	2	-0.013163525216505323
70	0	3	-0.017082696552895293
70	0	4	-0.03207652379837822
70	1	0	-0.017877398539650202
70	1	1	-0.039599252844286004
70	1	2	-0.03388690779419251
70	1	3	-0.009397181185260672
70	1	4	-0.03732221778579392
70	2	0	-0.021266768551536863
70	2	1	-0.018267957208354613
70	2	2	-0.020801494311428192
70	2	3	-0.06474104262183733
70	2	4	-0.0168626344123034
70	3	0	-0.03287145525556112
70	3	1	-0.03138393615214807
70	3	2	-0.025739514348785963
70	3	3	-0.03360842248259466
70	3	4	-0.03082705731712354
70	4	0	-0.009444727457972424
70	4	1	-0.03969094922737304
70	4	2	-0.047369672270334506
70	4	3	0.014243504839531296
70	4	4	-0.043304511847558125
70	5	0	-0.012355238580404215
70	5	1	-0.001161487519103499
70	5	2	-0.016977415520461836
70	5	3	-0.055095941586007835
70	5	4	0.010625628175297108
70	6	0	-0.05885549329257944
70	6	1	-0.02307352691458653
70	6	2	-0.028317201562234606
70	6	3	0.0021158091356767716
70	6	4	-0.03659250182428997
70	7	0	-0.027824758023433538
70	7	1	-0.07511292239769063
70	7	2	-0.03428765494990649
70	7	3	-0.014929529631516392
70	7	4	0.012195205903815176
70	8	0	-0.039395483104092355
70	8	1	-0.07698760400747162
70	8	2	-0.009624724061810142
70	8	3	-3.0565461029086194e-05
70	8	4	0.0011668571271220562
70	9	0	-0.04594328408897952
70	9	1	0.021392426557989452
70	9	2	-0.021365257259297055
70	9	3	-0.04459500764136526
70	9	4	0.0142742079828172
71	0	0	-0.02895568008150795
71	0	1	-0.058675496688741835
71	0	2	-0.03483104092375611
71	0	3	-0.0733706911190356
71	0	4	-0.03105767509741031
71	1	0	-0.04945491594498219
71	1	1	0.011254881983358667
71	1	2	-0.03998641535065367
71	1	3	-0.023416539310579076
71	1	4	-0.05288031281408767
71	2	0	-0.013781626761759314
71	2	1	-0.054477840040753955
71	2	2	-0.05832908813041271
71	2	3	-0.0067753438614366335
71	2	4	-0.03343957814156495
71	3	0	-0.06082187128544736
71	3	1	-0.035072168449652
71	3	2	-0.03768721344880288
71	3	3	-0.022360332823908924
71	3	4	-0.029704946923489906
71	4	0	-0.0013754457463065473
71	4	1	-0.03040584139921887
71	4	2	-0.053469179826795776
71	4	3	-0.024024452368823113
71	4	4	-0.06190538475306684
71	5	0	-0.007620988283239982
71	5	1	-0.01818305314994062
71	5	2	-0.0517744948208525
71	5	3	-0.051000169808116835
71	5	4	-0.035855901749941466
71	6	0	-0.06367804381049413
71	6	1	-0.019181524876889067
71	6	2	-0.03841738835116326
71	6	3	-0.043375785362540276
71	6	4	-0.03696424391788622
71	7	0	-0.03834267277975889
71	7	1	-0.030344710477160808
71	7	2	-0.057388351163185525
71	7	3	0.02521310918661912
71	7	4	-0.005576131403945972
71	8	0	-0.0014875191034131596
71	8	1	0.0026252334861605053
71	8	2	0.03215486500254727
71	8	3	-0.027213448802852813
71	8	4	-0.0385751263234706
71	9	0	-0.05372049583970129
71	9	1	-0.00615044999150971
71	9	2	-0.015680081507896126
71	9	3	-0.027933435218203462
71	9	4	-0.015375666037917735
72	0	0	-0.016940057734759817
72	0	1	-0.028388520971302622
72	0	2	-0.07216844965189328
72	0	3	-0.05880794701986758
72	0	4	-0.02592901102834877
72	1	0	-0.012891832229580569
72	1	1	-0.04457802682968248
72	1	2	0.015024622176940117
72	1	3	-0.027654949906605553
72	1	4	-0.029350415112004535
72	2	0	0.002241467142129361
72	2	1	-0.05903548989641716
72	2	2	-0.016736287994566168
72	2	3	-0.06328748514178972
72	2	4	-0.041177320978645515
72	3	0	-0.03289862455425363
72	3	1	-0.04188487009679065
72	3	2	-0.03746306673458988
72	3	3	-0.03299711326201393
72	3	4	-0.031308945216229955
72	4	0	-0.0339921888266258
72	4	1	-0.04689081338087964
72	4	2	0.0019697741552047177
72	4	3	-0.03134657836644583
72	4	4	-0.05349299885723724
72	5	0	-0.020933944642553937
72	5	1	-0.027074206147054025
72	5	2	-0.04233655968755312
72	5	3	-0.03823739174732543
72	5	4	-0.043910313777863474
72	6	0	-0.048959076243844435
72	6	1	0.025620648667006196
72	6	2	-0.009536423841059571
72	6	3	-0.02475802343352007
72	6	4	-0.02630763723478957
72	7	0	-0.013438614365766655
72	7	1	-0.05767023263712001
72	7	2	-0.07905586687043636
72	7	3	-0.02002377313635595
72	7	4	-0.01494540898514407
72	8	0	-0.03421293937850223
72	8	1	-0.014627271183562662
72	8	2	-0.01650534895568001
72	8	3	0.0027067413822380315
72	8	4	-0.008787570045848181
72	9	0	-0.028887756834776956
72	9	1	-0.02247240618101548
72	9	2	-0.02501273560876216
72	9	3	-0.04111733740872814
72	9	4	-0.01555465297187153
73	0	0	-0.031482424859908376
73	0	1	-0.022452029206996182
73	0	2	-0.01958227203260321
73	0	3	-0.03798947189675672
73	0	4	-0.0024197656647989563
73	1	0	-0.030803192392596324
73	1	1	-0.015099337748344488
73	1	2	-0.011859398879266347
73	1	3	-0.015360842248259399
73	1	4	-0.029137007613828758
73	2	0	-0.02711496009509251
73	2	1	0.03503820682628622
73	2	2	-0.019966038376634465
73	2	3	-0.06573951434878578
73	2	4	-0.006835924054467091
73	3	0	-0.014457463066734455
73	3	1	-0.042482594668025175
73	3	2	-0.05142129393785022
73	3	3	-0.03211411105450834
73	3	4	-0.016088171717310806
73	4	0	-0.020129054168789184
73	4	1	-0.01883851248089663
73	4	2	-0.026999490575649543
73	4	3	0.000387162506367722
73	4	4	-0.03920846470515338
73	5	0	-0.029797928340974722
73	5	1	-0.029274919341144567
73	5	2	-0.02405501782985231
73	5	3	-0.0745287824758023
73	5	4	-0.0420997920997922
73	6	0	-0.04240448293428423
73	6	1	-0.021090168110035723
73	6	2	-0.024839531329597597
73	6	3	0.011601290541688014
73	6	4	-0.05337596893888297
73	7	0	-0.011251485821022311
73	7	1	-0.03102394294447275
73	7	2	-0.05372728816437422
73	7	3	0.011944302937680451
73	7	4	0.0017416805496276444
73	8	0	-0.03909662081847509
73	8	1	-0.03506537612497884
73	8	2	-0.017164204448972598
73	8	3	-0.007733061640346484
73	8	4	-0.03991752832812434
73	9	0	-0.02106979113601659
73	9	1	0.0017558159280013363
73	9	2	-0.019830191883172033
73	9	3	-0.03645101035829523
73	9	4	-0.03930484228497483
74	0	0	-0.01768042112412982
74	0	1	-0.029237561555442437
74	0	2	-0.0001358464934624326
74	0	3	-0.024513499745287826
74	0	4	-0.017076041910479067
74	1	0	-0.00704364068602481
74	1	1	-0.028228901341484258
74	1	2	-0.0026557989471895915
74	1	3	0.0013211071489216408
74	1	4	-0.06318582974212106
74	2	0	-0.01977245712345055
74	2	1	-0.03935133299371718
74	2	2	-0.033007301749023776
74	2	3	-0.05093224656138562
74	2	4	-0.06853478542220276
74	3	0	-0.03381558838512466
74	3	1	-0.04658515877058933
74	3	2	-0.03908643233146558
74	3	3	-0.0485039904907455
74	3	4	0.006732662361801478
74	4	0	-0.014389539820003239
74	4	1	0.002543725590083201
74	4	2	-0.03614875191034139
74	4	3	0.00046867040244513714
74	4	4	-0.06261444837603769
74	5	0	-0.01433859738495502
74	5	1	-0.013034471047716156
74	5	2	-0.023430123959925386
74	5	3	-0.0020343012395992455
74	5	4	-0.018005397144470026
74	6	0	-0.04456444218033628
74	6	1	0.007879096620818427
74	6	2	-0.005406690439803019
74	6	3	-0.018060791305824275
74	6	4	-0.008257493356831125
74	7	0	-0.037140431312616795
74	7	1	-0.06360672440142645
74	7	2	-0.08612667685515363
74	7	3	-0.016220071319408946
74	7	4	-0.021671187234101108
74	8	0	0.0008830022075054789
74	8	1	-0.034555951774494886
74	8	2	-0.024472745797249007
74	8	3	-0.019300390558668723
74	8	4	-0.02752612520824438
74	9	0	-0.013217863813890451
74	9	1	-0.022540329427746586
74	9	2	-0.011862795041603036
74	9	3	-0.025861776192902086
74	9	4	-0.04830926188542084
75	0	0	0.014936321956189436
75	0	1	-0.037823059942265314
75	0	2	-0.03205298013245028
75	0	3	-0.016471387332314458
75	0	4	0.009606779474329086
75	1	0	-0.03371709967736458
75	1	1	-0.04978773985396512
75	1	2	-0.02531499405671589
75	1	3	-0.0380064527084395
75	1	4	-0.027932287866062833
75	2	0	-0.0014128035320088994
75	2	1	-0.0003498047206657029
75	2	2	-0.025841399218882843
75	2	3	-0.005301409407369784
75	2	4	-0.04731794963583047
75	3	0	-0.003059942265240201
75	3	1	-0.0286262523348616
75	3	2	-0.019375106130072983
75	3	3	0.006099507556461159
75	3	4	-0.028472690724346328
75	4	0	0.007053829173034543
75	4	1	-0.024890473764645926
75	4	2	-0.015316692137884114
75	4	3	-0.0038987943623706167
75	4	4	-0.0036864424281641828
75	5	0	-0.004258787570045941
75	5	1	-0.0077840040753949236
75	5	2	-0.02041433180506025
75	5	3	-0.02175921209033793
75	5	4	-0.05148283790667896
75	6	0	-0.02399049074545756
75	6	1	-0.028656817795890688
75	6	2	-0.03121073187298351
75	6	3	-0.019147563253523514
75	6	4	-0.04954151808456453
75	7	0	-0.021229410765834622
75	7	1	-0.05282051282051281
75	7	2	0.03660383766344033
75	7	3	-0.004571234505009403
75	7	4	0.017403037270586896
75	8	0	0.005630837154015911
75	8	1	-0.019361521480726895
75	8	2	-0.010908473425029652
75	8	3	0.013112582781456994
75	8	4	-0.026700031666919033
75	9	0	-0.03257598913228066
75	9	1	-0.016461198845304836
75	9	2	-0.04055357446085939
75	9	3	-0.012175241976566609
75	9	4	-0.02234238823642809
76	0	0	0.006683647478349375
76	0	1	-0.04327050433010704
76	0	2	-0.02637459670572251
76	0	3	-0.02721684496518939
76	0	4	-0.006426319340226749
76	1	0	-0.07011037527593816
76	1	1	-0.05804720665647822
76	1	2	0.0007811173374088209
76	1	3	0.00594668025131595
76	1	4	-0.023729536974570142
76	2	0	-0.03718797758532866
76	2	1	-0.019864153506537696
76	2	2	0.007420614705382911
76	2	3	-0.05722193920869423
76	2	4	-0.049135355426746186
76	3	0	-0.006490066225165458
76	3	1	-0.036070640176600555
76	3	2	-0.06088300220750553
76	3	3	0.0038308711156394004
76	3	4	-0.014559898665858828
76	4	0	0.005287824758023585
76	4	1	-0.04650365087451169
76	4	2	-0.025410086602139614
76	4	3	-0.014963491254882055
76	4	4	-0.042636752901653585
76	5	0	-0.011349974528782614
76	5	1	-0.03913058244184087
76	5	2	-0.03642384105960261
76	5	3	-0.05374426897605711
76	5	4	-0.007706764329280857
76	6	0	-0.04719986415350652
76	6	1	-0.03364238410596032
76	6	2	0.05021565630837155
76	6	3	-0.036067244014263755
76	6	4	-0.05467706626647029
76	7	0	0.017972491085073927
76	7	1	-0.03766683647478353
76	7	2	-0.03767702496179315
76	7	3	0.005352351842418002
76	7	4	-0.03882639644229047
76	8	0	-0.03366955340465272
76	8	1	-0.032491085073866666
76	8	2	-0.019585668194939676
76	8	3	-0.02002037697401937
76	8	4	-0.04938318348914361
76	9	0	-0.05565630837154034
76	9	1	0.004785192732212562
76	9	2	-0.0071557140431313115
76	9	3	-0.022812022414671507
76	9	4	-0.015265520232407792
77	0	0	-0.03758872474104269
77	0	1	-0.029414161996943577
77	0	2	-0.02914586517235518
77	0	3	-0.044625573102394345
77	0	4	0.0385338216464044
77	1	0	-0.055072168449651904
77	1	1	-0.04713873323144857
77	1	2	-0.030843946340634976
77	1	3	-0.04228561725250468
77	1	4	-0.02238369291349429
77	2	0	-0.022910511122431698
77	2	1	-0.03060961113941263
77	2	2	-0.006170826965529064
77	2	3	-0.038536254032942696
77	2	4	-0.020332227285869697
77	3	0	-0.02961113941246385
77	3	1	-0.004955000849040547
77	3	2	-0.046551197147223666
77	3	3	-0.05674308031923925
77	3	4	-0.011310597403312528
77	4	0	0.0006214977075905681
77	4	1	-0.02579385294617087
77	4	2	-0.07640686024791987
77	4	3	-0.0003328239089829266
77	4	4	-0.03460299321226468
77	5	0	-0.020832059772457112
77	5	1	-0.01463066734589924
77	5	2	-0.026330446595347223
77	5	3	-0.041878077772117495
77	5	4	-0.021151436714350602
77	6	0	-0.0507386653082017
77	6	1	0.02860247919850567
77	6	2	-0.010752249957547977
77	6	3	-0.03875700458481912
77	6	4	-0.01649089231870693
77	7	0	-0.024041433180506
77	7	1	-0.06369502462217691
77	7	2	-0.037405331974868394
77	7	3	0.010826965528952237
77	7	4	0.0005266346325949467
77	8	0	-0.0030565461029037344
77	8	1	-0.04019358125318395
77	8	2	-0.024391237901171592
77	8	3	-0.05600611309220582
77	8	4	-0.05130385097272505
77	9	0	-0.05863134657836655
77	9	1	-0.022913907284768276
77	9	2	0.004948208524367392
77	9	3	-0.03818984547461379
77	9	4	-0.02364348556401541
78	0	0	-0.051682798437765354
78	0	1	-0.03831889964340307
78	0	2	-0.02303277296654771
78	0	3	-0.033323144846323705
78	0	4	-0.007675785821481318
78	1	0	-0.022129393785022988
78	1	1	-0.027868908133808823
78	1	2	-0.04008150789607734
78	1	3	-0.020176600441501158
78	1	4	-0.04152841073370883
78	2	0	-0.008181355068772378
78	2	1	-0.01970793003905602
78	2	2	-0.04572932586177636
78	2	3	-0.026024791985056805
78	2	4	-0.0422099379053022
78	3	0	-0.06156223467481736
78	3	1	-0.01960604516895914
78	3	2	-0.056658176260825366
78	3	3	2.037697401935379e-05
78	3	4	-0.014683812697057652
78	4	0	-0.023138053998981056
78	4	1	-0.02457123450500931
78	4	2	-0.032012226184411685
78	4	3	0.016804211241297273
78	4	4	-0.051049138797483073
78	5	0	-0.039932076753268875
78	5	1	-0.03815928001358471
78	5	2	-0.03938529461708273
78	5	3	-0.026860247919850533
78	5	4	-0.0396283955886606
78	6	0	-0.016804211241297384
78	6	1	-0.004238410596026587
78	6	2	0.004428595686873815
78	6	3	-0.011506197996264067
78	6	4	-0.04562445787611369
78	7	0	-0.048391917133638995
78	7	1	-0.0741823739174734
78	7	2	-0.059405671591101994
78	7	3	0.014501613177109962
78	7	4	-0.029436466522559268
78	8	0	-0.034960095092545496
78	8	1	0.025447444387841633
78	8	2	-0.02042452029206987
78	8	3	-0.027220241127525968
78	8	4	-0.028345334636725283
78	9	0	-0.049516046867040364
78	9	1	-0.029346238750212306
78	9	2	-0.03677024961793174
78	9	3	-0.024014263881813602
78	9	4	-0.034472195068221634
79	0	0	-0.028459840380370305
79	0	1	-0.03670911869587368
79	0	2	-0.027135337069111864
79	0	3	-0.03213448802852781
79	0	4	0.005483195880546798
79	1	0	0.009264730854134817
79	1	1	-0.04006113092205821
79	1	2	-0.013700118865681787
79	1	3	0.005763287485141766
79	1	4	-0.023140945326375895
79	2	0	-0.05668194939718124
79	2	1	-0.006143657666836444
79	2	2	-0.03785702156563098
79	2	3	-0.0088198335880455
79	2	4	-0.03848563285649387
79	3	0	-0.07183902190524699
79	3	1	-0.01229750382068262
79	3	2	-0.05040244523688231
79	3	3	-0.02450670742061467
79	3	4	-0.011613498368465147
79	4	0	-0.04344710477160796
79	4	1	-0.03416878926812694
79	4	2	-0.009794532178638127
79	4	3	0.008028527763627058
79	4	4	-0.06751593672123468
79	5	0	-0.007777211750721769
79	5	1	-0.03239938869077952
79	5	2	0.0021871285447444544
79	5	3	-0.026975717439293723
79	5	4	-0.038760997370268946
79	6	0	-0.010562064866700638
79	6	1	0.004836135167261002
79	6	2	0.010568857191373793
79	6	3	-0.025824418407199845
79	6	4	-0.008883947625669575
79	7	0	-0.007488537952114127
79	7	1	-0.05787400237731377
79	7	2	-0.02337238920020368
79	7	3	-0.011343182204109348
79	7	4	-0.057344659993666613
79	8	0	-0.004102564102564155
79	8	1	-0.026880624893869998
79	8	2	0.011234505009339535
79	8	3	-0.014450670742061522
79	8	4	-0.04311175668791567
79	9	0	-0.01420275089149281
79	9	1	-0.003358804550857575
79	9	2	-0.050687722873153485
79	9	3	-0.03545933095601983
79	9	4	-0.019581858985832423
80	0	0	-0.02241467142129394
80	0	1	-0.028571913737476806
80	0	2	-0.017041942604856475
80	0	3	-0.057490236033282405
80	0	4	0.005269788382371021
80	1	0	-0.05691288843606723
80	1	1	-0.0673594837833249
80	1	2	-0.007444387841738731
80	1	3	-0.04529461708269655
80	1	4	-0.026782641021051656
80	2	0	-0.024703684836135165
80	2	1	-0.04804550857530998
80	2	2	-0.038943793513329994
80	2	3	-0.03524197656647987
80	2	4	-0.043270091283336365
80	3	0	-0.00411954491424682
80	3	1	-0.03592800135846497
80	3	2	-0.025005943284089005
80	3	3	-0.052783155034810625
80	3	4	0.02753645137751104
80	4	0	-0.02652063168619445
80	4	1	-0.046816097809475266
80	4	2	-0.025348955680081553
80	4	3	-0.04344370860927149
80	4	4	-0.03764232903305742
80	5	0	-0.009088130412633788
80	5	1	-0.0461266768551537
80	5	2	0.010531499405671552
80	5	3	-0.047964000679232455
80	5	4	-0.037081273836240713
80	6	0	-0.021137714382747474
80	6	1	-0.05240278485311606
80	6	2	-0.017748344370860925
80	6	3	-0.0010188487009679115
80	6	4	-0.048123390838622715
80	7	0	-0.01212090337918148
80	7	1	-0.061772796739684166
80	7	2	-0.048191543555781924
80	7	3	-0.02119205298013238
80	7	4	0.01460120334292514
80	8	0	-0.03757514009169638
80	8	1	0.0043504839531328665
80	8	2	-0.019154355578196558
80	8	3	-0.012542027508914977
80	8	4	-0.049162891878123616
80	9	0	-0.032012226184411796
80	9	1	-0.008276447614195992
80	9	2	-0.015177449482085326
80	9	3	-0.03835965359144178
80	9	4	-0.017365174649942916
81	0	0	-0.018678892851078377
81	0	1	-0.05419935472915616
81	0	2	-0.014576328748514111
81	0	3	-0.03873662761079977
81	0	4	-0.013141771419917236
81	1	0	-0.0152215995924605
81	1	1	0.007281372049583901
81	1	2	-0.031061300730174823
81	1	3	0.03983358804550863
81	1	4	-0.044247635307237965
81	2	0	-0.03287485141789781
81	2	1	-0.0015588385124809534
81	2	2	-0.06687383256919688
81	2	3	-0.03907284768211927
81	2	4	-0.008753149481626421
81	3	0	-0.0400169808116827
81	3	1	0.003324842927492022
81	3	2	-0.027919850568857152
81	3	3	-0.03135337069111899
81	3	4	-0.016404840908152085
81	4	0	-0.03748344370860912
81	4	1	-0.030589234165393164
81	4	2	-0.020078111733740966
81	4	3	0.009825097639667213
81	4	4	-0.036165686827938415
81	5	0	-0.01166921378841912
81	5	1	-0.02039055866870454
81	5	2	-0.022030905077262686
81	5	3	-0.03471217524197656
81	5	4	0.00973757761837235
81	6	0	-0.03404313126167435
81	6	1	-0.05625403294277481
81	6	2	-0.019690949227373133
81	6	3	-0.04941416199694337
81	6	4	-0.05228139499662687
81	7	0	-0.03606384785192729
81	7	1	-0.04421463745967058
81	7	2	-0.012205807437595473
81	7	3	0.026293088809645093
81	7	4	0.004075394803871535
81	8	0	-0.03407030056036675
81	8	1	-0.006904398030225911
81	8	2	-0.013448802852776276
81	8	3	-0.03581932416369504
81	8	4	-0.048150927290000034
81	9	0	-0.06779419256240471
81	9	1	-0.0035761589403974225
81	9	2	-0.05386653082017323
81	9	3	-0.014973679741891788
81	9	4	-0.025832633448527598
82	0	0	-0.017266089319069478
82	0	1	-0.02283239938869086
82	0	2	-0.05715061979962638
82	0	3	-0.004292749193411494
82	0	4	-0.03175985460753683
82	1	0	-0.05300730174902368
82	1	1	-0.05646459500764145
82	1	2	-0.03202581083375783
82	1	3	-0.030371879775853428
82	1	4	-0.050670512591042494
82	2	0	-0.03224995754797089
82	2	1	-0.0003294277466463491
82	2	2	-0.016287994566140385
82	2	3	-0.039432840889794596
82	2	4	-0.02784967851193021
82	3	0	-0.023552385804041398
82	3	1	0.008194939718118466
82	3	2	-0.02012226184411614
82	3	3	-0.019487179487179485
82	3	4	-0.0029877049744598816
82	4	0	-0.006992698250976259
82	4	1	-0.05113601630157927
82	4	2	-0.022054678213618617
82	4	3	0.0067787400237731
82	4	4	-0.04283639217414037
82	5	0	-0.03374426897605709
82	5	1	-0.05128205128205132
82	5	2	-0.05219561895058589
82	5	3	-0.007597215146884051
82	5	4	-0.04316682959067064
82	6	0	-0.029682458821531643
82	6	1	-0.036196298183053255
82	6	2	0.01240957717778901
82	6	3	-0.018203430123959863
82	6	4	-0.02885475898720935
82	7	0	-0.04279504160298864
82	7	1	-0.008208524367464887
82	7	2	-0.05361181864493114
82	7	3	0.01156732891832224
82	7	4	-0.07288210268342721
82	8	0	-0.0051689590762438176
82	8	1	0.014090677534386087
82	8	2	-0.006344031244693404
82	8	3	-0.04689760570555279
82	8	4	-0.029735925431289667
82	9	0	-0.035503481066395115
82	9	1	0.0008863983698419453
82	9	2	-0.0375038206826287
82	9	3	-0.03442689760570561
82	9	4	-0.010708237529429732
83	0	0	-0.02625912718627954
83	0	1	-0.056332144676515594
83	0	2	-0.047284768211920514
83	0	3	-0.02734589913397867
83	0	4	-0.026644958764164173
83	1	0	-0.04819833588045508
83	1	1	-0.03407030056036686
83	1	2	0.012959755476311785
83	1	3	-0.011536763457293264
83	1	4	-0.05610207762525643
83	2	0	-0.04528442859568693
83	2	1	-0.020719986415350777
83	2	2	-0.0037935133299372703
83	2	3	-0.04381389030395655
83	2	4	0.0052456939874158115
83	3	0	-0.04038376634403118
83	3	1	-0.026670062829003194
83	3	2	-0.039609441331295625
83	3	3	-0.017157412124299554
83	3	4	-0.010897550632649966
83	4	0	-0.010986585158770379
83	4	1	-0.017744948208524347
83	4	2	-0.029519443029376813
83	4	3	-0.03186279504160294
83	4	4	-0.08857443791218622
83	5	0	-0.02777381558838521
83	5	1	-0.03155714043131275
83	5	2	-0.0012803532008830443
83	5	3	-0.0605230089998301
83	5	4	-0.027656923352287532
83	6	0	-0.05092885039904904
83	6	1	-0.03595856681949405
83	6	2	0.02346068942095425
83	6	3	-0.00019697741552038295
83	6	4	-0.047187151491787316
83	7	0	-0.01029376804211235
83	7	1	-0.035554423501443444
83	7	2	-0.033798607573441886
83	7	3	0.026204788588894523
83	7	4	-0.05733777588082223
83	8	0	-0.002900322635421948
83	8	1	-0.021555442350144505
83	8	2	-0.0011003565970453266
83	8	3	-0.0065783664459161395
83	8	4	-0.0386164310005368
83	9	0	-0.028432671081677796
83	9	1	-0.004581422992019135
83	9	2	-0.02666327050433026
83	9	3	-0.03031754117846841
83	9	4	-0.015251752006719022
84	0	0	-0.0009441331295636513
84	0	1	-0.045267447784004156
84	0	2	-0.02452029206996087
84	0	3	-0.037982679572083566
84	0	4	-0.018927868265616654
84	1	0	-0.011356766853455547
84	1	1	-0.03302428256070644
84	1	2	-0.02477160808286638
84	1	3	-0.032905416878926785
84	1	4	-0.04873607688177228
84	2	0	-0.005427067413822373
84	2	1	-0.008989641704873486
84	2	2	-0.010096790626592078
84	2	3	-0.028191543555781906
84	2	4	-0.03555300078478896
84	3	0	-0.04276787230429602
84	3	1	-0.04113771438274749
84	3	2	-0.057378162676176014
84	3	3	-0.016865342163355446
84	3	4	0.006271426801228164
84	4	0	-0.0003837663440311445
84	4	1	-0.06704364068602475
84	4	2	-0.05407369672270346
84	4	3	-0.002329767362880042
84	4	4	-0.010040478583524859
84	5	0	0.01975887247410435
84	5	1	-0.02792324673119395
84	5	2	-0.04668704364068599
84	5	3	-0.01169298692477494
84	5	4	-0.027471052305489407
84	6	0	-0.04908133808796056
84	6	1	-0.022387502122601544
84	6	2	-0.012565800645270797
84	6	3	-0.00851757514009166
84	6	4	-0.036826561660998736
84	7	0	-0.0131669213788419
84	7	1	-0.0107488537952114
84	7	2	0.010412633723892006
84	7	3	-0.004279164544065184
84	7	4	-0.0224077873084495
84	8	0	-0.058675496688741724
84	8	1	-0.057792494481236245
84	8	2	-0.01015452538631334
84	8	3	-0.01154355578196653
84	8	4	-0.03146383775522832
84	9	0	-0.02842587875700464
84	9	1	-0.04661232806928173
84	9	2	-0.05290202071659034
84	9	3	-0.038087960604517024
84	9	4	-0.002302735746444351
85	0	0	-0.035489896417048805
85	0	1	-0.05385294617082703
85	0	2	-0.00868059093224649
85	0	3	-0.04163695024622183
85	0	4	-0.006605306274180434
85	1	0	-0.008225505179147552
85	1	1	-0.023705213109186718
85	1	2	-0.01852266938359648
85	1	3	-0.028436067244014263
85	1	4	-0.04375197918244278
85	2	0	-0.03422652402784854
85	2	1	-0.008636440821871316
85	2	2	-0.004730854134827767
85	2	3	-0.034039735099337776
85	2	4	-0.005768886563588649
85	3	0	-0.008636440821871094
85	3	1	-0.035554423501443444
85	3	2	-0.04365087451180172
85	3	3	-0.03784004075394809
85	3	4	0.0005369608018614969
85	4	0	-0.0009543216165731616
85	4	1	-0.018777381558838457
85	4	2	-0.03903548989641714
85	4	3	0.03724910850738661
85	4	4	-0.04865346752763966
85	5	0	-0.04444897266089326
85	5	1	-0.00189166242146388
85	5	2	-0.042924095771777804
85	5	3	-0.0807641365257259
85	5	4	-0.05027811815891292
85	6	0	-0.015262353540499207
85	6	1	-0.03125827814569537
85	6	2	-0.013448802852776387
85	6	3	0.001358464934623993
85	6	4	-0.01591951095262356
85	7	0	-0.02984887077602305
85	7	1	-0.029278315503481145
85	7	2	-0.055384615384615365
85	7	3	0.04437425708948883
85	7	4	0.01978494031474176
85	8	0	-0.06189166242146382
85	8	1	-0.02448293428425885
85	8	2	-0.03178807947019857
85	8	3	0.0072508065885549255
85	8	4	-0.02305833597224316
85	9	0	-0.0738325691968078
85	9	1	-0.012623535404992392
85	9	2	0.001198845304805518
85	9	3	-0.028612667685515403
85	9	4	0.005600225798901182
86	0	0	-0.017694005773476018
86	0	1	-0.04856172525046709
86	0	2	-0.024968585498386764
86	0	3	-0.05907284768211929
86	0	4	-0.01675937271963779
86	1	0	0.01113941246391581
86	1	1	-0.02947189675666506
86	1	2	-0.014508405501782895
86	1	3	0.012786551197147222
86	1	4	-0.06571918326885218
86	2	0	-0.039721514688402126
86	2	1	0.0007505518763796237
86	2	2	-0.060061130922058226
86	2	3	-0.041198845304805554
86	2	4	-0.06125139403285107
86	3	0	-0.0371234505009338
86	3	1	-0.033802003735778685
86	3	2	-0.05080319239259645
86	3	3	0.024649346238750258
86	3	4	-0.00841927000867393
86	4	0	-0.013003905586686959
86	4	1	-0.047332314484632376
86	4	2	-0.027536084224826007
86	4	3	-0.032514858210222486
86	4	4	-0.05827057317123541
86	5	0	-0.03197826456104602
86	5	1	-0.056457802682968405
86	5	2	-0.04263881813550685
86	5	3	-0.015836304975377802
86	5	4	-0.03534647739945751
86	6	0	-0.06674817456274407
86	6	1	-0.022020716590253064
86	6	2	-0.04955000849040592
86	6	3	-0.01859738495500074
86	6	4	-0.04559692142473604
86	7	0	-0.052956359313975354
86	7	1	-0.024421803362200678
86	7	2	-0.0343012395992528
86	7	3	0.007199864153506597
86	7	4	-0.010921645027605287
86	8	0	-0.033723892002037736
86	8	1	0.021813550687722838
86	8	2	-0.026197996264221368
86	8	3	0.0032025810833756774
86	8	4	-0.04208602387410321
86	9	0	-0.05926303277296674
86	9	1	0.0043572762778060214
86	9	2	-0.04617761929020214
86	9	3	-0.035717439293598385
86	9	4	-0.025832633448527598
87	0	0	-0.0555272542027509
87	0	1	-0.051869587366276115
87	0	2	-0.048079470198675534
87	0	3	-0.02191203939548314
87	0	4	0.014418774352549124
87	1	0	-0.06453387671930721
87	1	1	-0.023025980641874777
87	1	2	0.014535574800475515
87	1	3	0.020849040584139944
87	1	4	-0.05964051162726658
87	2	0	-0.04424520292069967
87	2	1	-0.06084904058413998
87	2	2	-0.039167940227543
87	2	3	-0.04511122431652237
87	2	4	-0.03754939350965847
87	3	0	-0.047053829173034245
87	3	1	-0.04854814060112078
87	3	2	-0.03710986585158771
87	3	3	-0.020872813720495764
87	3	4	-0.026792967190318207
87	4	0	-0.010966208184751136
87	4	1	-0.053329937170996655
87	4	2	-0.0250772626931568
87	4	3	0.0016980811682797414
87	4	4	-0.04059905549971765
87	5	0	-0.004245202920699631
87	5	1	-0.01734080489047385
87	5	2	-0.033788419086432375
87	5	3	-0.061120733571064734
87	5	4	-0.01976773003263066
87	6	0	-0.06541008660213954
87	6	1	-0.005488198335880656
87	6	2	-0.006595347257598916
87	6	3	0.014413312956359392
87	6	4	-0.018900331814239113
87	7	0	-0.03772457123450501
87	7	1	-0.0155985736118186
87	7	2	-0.01696043470877906
87	7	3	-0.00661572423161827
87	7	4	-0.026187165260012857
87	8	0	-0.01465444048225506
87	8	1	0.020747155714043064
87	8	2	-0.03227033452199013
87	8	3	-0.007440991679402376
87	8	4	-0.04377951563382021
87	9	0	0.008035320088300213
87	9	1	-0.03687892681270177
87	9	2	0.0033927661742230164
87	9	3	-0.06942095432161666
87	9	4	-0.04808897027440079
88	0	0	-0.044978773985396514
88	0	1	-0.04294447274579738
88	0	2	-0.038526065545933075
88	0	3	0.028256070640176545
88	0	4	0.008333218598119196
88	1	0	-0.009325861776192879
88	1	1	-0.024499915095941627
88	1	2	0.014844625573102399
88	1	3	-0.003433520122261946
88	1	4	-0.041287466784155624
88	2	0	-0.04118186449312278
88	2	1	-0.005376124978774044
88	2	2	-0.00839191713363907
88	2	3	-0.04089998301918829
88	2	4	-0.009248805606421606
88	3	0	-0.05430803192392586
88	3	1	-0.033537103073526864
88	3	2	-0.041613177109865895
88	3	3	-0.004550857530989938
88	3	4	-0.03285787060621492
88	4	0	0.010653761249787785
88	4	1	0.017004584819154345
88	4	2	-0.02124639157751751
88	4	3	-0.027474953302767946
88	4	4	-0.024552188459473157
88	5	0	0.03536763457293257
88	5	1	-0.03529291900152842
88	5	2	-0.06302937680421117
88	5	3	-0.023267108167770445
88	5	4	-0.03312290895072356
88	6	0	-0.039205298013245016
88	6	1	-0.03504160298862291
88	6	2	0.0037969094922738478
88	6	3	-0.015493292579385254
88	6	4	-0.013158981702028116
88	7	0	-0.03544574630667352
88	7	1	-0.036851757514009154
88	7	2	-0.05004584819154356
88	7	3	0.0005365936491764645
88	7	4	-0.026125208244413556
88	8	0	-0.019371709967736406
88	8	1	-0.03215826116488374
88	8	2	0.04270674138223818
88	8	3	-0.01544914246901008
88	8	4	-0.07857870606214967
88	9	0	-0.012620139242656037
88	9	1	0.017296654780098453
88	9	2	-0.05040244523688242
88	9	3	-0.016121582611648977
88	9	4	0.002048023571202262
89	0	0	-0.05249787739853973
89	0	1	-0.03065715741212438
89	0	2	-0.04059772457123445
89	0	3	-0.005644421803362221
89	0	4	-0.007582850298082144
89	1	0	-0.023467481745627405
89	1	1	-0.04517575140091701
89	1	2	-0.0282764476141959
89	1	3	0.0017558159280013363
89	1	4	-0.010804615109250792
89	2	0	-0.015934793683138104
89	2	1	-0.045607064017660126
89	2	2	-0.053696722703345245
89	2	3	-0.04147733061640346
89	2	4	-0.054918010216023494
89	3	0	-0.044812362030904995
89	3	1	-0.03334012565800648
89	3	2	-0.010680930548480294
89	3	3	0.015174053319748748
89	3	4	-0.004715617298398755
89	4	0	-0.03894379351332977
89	4	1	-0.046313465783664465
89	4	2	-0.039687553065036574
89	4	3	-0.0021871285447444544
89	4	4	-0.035160606352659274
89	5	0	-0.03061300730174915
89	5	1	-0.0209543216165734
89	5	2	-0.022513160129054244
89	5	3	-0.028510782815418634
89	5	4	0.0113622282496455
89	6	0	-0.05026320258108341
89	6	1	-0.006595347257599027
89	6	2	-0.03475632535235185
89	6	3	-0.007328918322295763
89	6	4	-0.030589555423992554
89	7	0	-0.04589234165393108
89	7	1	0.00404482934284256
89	7	2	-0.05159449821701467
89	7	3	0.02986585158770594
89	7	4	-0.02459693519296169
89	8	0	0.007050433010697965
89	8	1	-0.011414501613177253
89	8	2	-0.027902869757174376
89	8	3	0.0038478519273220657
89	8	4	-0.007252412881551873
89	9	0	-0.057768721344880536
89	9	1	-0.024632365427067426
89	9	2	-0.053295975547631214
89	9	3	-0.04652402784853127
89	9	4	0.03434139692417837
90	0	0	-0.011309220580743795
90	0	1	-0.03186619120393963
90	0	2	-0.029254542367125103
90	0	3	-0.02864323314654449
90	0	4	-0.02881345431014315
90	1	0	-0.05593479368313803
90	1	1	-0.028106639497368024
90	1	2	-0.013061640346408554
90	1	3	-0.01353370691119038
90	1	4	-0.02759496633668823
90	2	0	-0.014508405501783006
90	2	1	-0.0017286466293090497
90	2	2	0.0028018339276615345
90	2	3	-0.03653931057904569
90	2	4	0.010102435599124271
90	3	0	-0.028605875360842137
90	3	1	-0.03348276447614196
90	3	2	-0.06630327729665486
90	3	3	-0.02167430803192394
90	3	4	-0.03265823133372803
90	4	0	0.015476311767702589
90	4	1	-0.03414841229410759
90	4	2	-0.03481745627440991
90	4	3	-0.0037221939208694765
90	4	4	-0.0638329363494925
90	5	0	0.017442689760570507
90	5	1	-0.04544744438784176
90	5	2	-0.012392596366106345
90	5	3	-0.03948038716250635
90	5	4	-0.039435640429017926
90	6	0	-0.02017320427916447
90	6	1	-0.03180166411954499
90	6	2	-0.05422312786551198
90	6	3	-0.0038444557649853772
90	6	4	-0.02200506670705349
90	7	0	-0.04983188996434029
90	7	1	-0.019728307013075264
90	7	2	-0.03387332314484626
90	7	3	0.015146884021056128
90	7	4	-0.007978686786633715
90	8	0	-0.03433520122261846
90	8	1	-0.012711835625742962
90	8	2	-0.028874172185430425
90	8	3	-0.027716080828663614
90	8	4	-0.023836240723657864
90	9	0	-0.03796909492273748
90	9	1	-0.009091526574970255
90	9	2	-0.026968925114620568
90	9	3	-0.01624384445576499
90	9	4	-0.05109732758739388
91	0	0	-0.015873662761080043
91	0	1	0.0002682968245880657
91	0	2	-0.001929020207165899
91	0	3	-0.02391577517405341
91	0	4	-0.02272789855571311
91	1	0	-0.04494481236203096
91	1	1	-0.026585158770589312
91	1	2	-0.004611988453047999
91	1	3	-0.01424010867719483
91	1	4	-0.007307485784306955
91	2	0	0.01646799116997788
91	2	1	-0.04010528103243349
91	2	2	-0.04951265070470379
91	2	3	-0.022676175921209074
91	2	4	-0.03774903278214542
91	3	0	-0.0335031414501612
91	3	1	-0.028177958906435818
91	3	2	-0.00890813380879607
91	3	3	-0.07308541348276443
91	3	4	-0.04148366400022019
91	4	0	-0.03833248429274905
91	4	1	-0.055211411105450914
91	4	2	-0.04734250297164211
91	4	3	-0.017809475292919097
91	4	4	-0.028056201897261435
91	5	0	-0.020261504499915095
91	5	1	-0.006805909322465609
91	5	2	-0.028782475802343388
91	5	3	-0.047108167770419485
91	5	4	-0.013840508873621427
91	6	0	-0.0772559008320598
91	6	1	0.01853625403294279
91	6	2	-0.027488537952114145
91	6	3	-0.015581592800135824
91	6	4	-0.04334581652462466
91	7	0	-0.0354049923586347
91	7	1	-0.028042112412973386
91	7	2	-0.0603837663440312
91	7	3	-0.01815588385124811
91	7	4	0.005899684707631692
91	8	0	-0.020730174902360288
91	8	1	-0.00283579555102742
91	8	2	-0.0028527763627099745
91	8	3	-0.032491085073866666
91	8	4	-0.06060428742547941
91	9	0	-0.07106130073017503
91	9	1	0.04247580234335191
91	9	2	-0.022309390388860706
91	9	3	-0.028673798607573575
91	9	4	-0.02007063099778339
92	0	0	-0.0465613856342334
92	0	1	-0.06063847851927329
92	0	2	-0.004122941076583508
92	0	3	-0.034695194430293896
92	0	4	-0.020848535749198094
92	1	0	-0.035388011546951925
92	1	1	-0.018468330786211573
92	1	2	0.0047953812192224055
92	1	3	-0.008269655289522837
92	1	4	-0.04205848742272589
92	2	0	-0.026754966887417186
92	2	1	-0.015829512650704758
92	2	2	-0.01562574291051122
92	2	3	-0.04280183392766168
92	2	4	-0.016635458688438964
92	3	0	-0.03616573272202406
92	3	1	-0.02751910341314312
92	3	2	-0.036247240618101584
92	3	3	0.0054610290371880366
92	3	4	-0.04791342539686905
92	4	0	-0.04122601460349795
92	4	1	-0.04410596026490066
92	4	2	-0.017116658176260957
92	4	3	-0.011872983528612768
92	4	4	-0.05556511682339493
92	5	0	-0.012851078281541861
92	5	1	-0.030056036678553277
92	5	2	-0.04424180675836309
92	5	3	-0.04466972321276952
92	5	4	-0.0003201112472636103
92	6	0	-0.012592969943963417
92	6	1	-0.04372898624554261
92	6	2	0.009278315503481127
92	6	3	-0.036182713533706834
92	6	4	-0.023443846291528514
92	7	0	-0.0433723892002037
92	7	1	-0.0392358634742741
92	7	2	-0.057992868059093206
92	7	3	-0.006608931906945115
92	7	4	-0.022869022869022815
92	8	0	-0.0013245033112583293
92	8	1	-0.0389845474613687
92	8	2	-0.01510613007301742
92	8	3	-0.04086602139582274
92	8	4	-0.061182552904407106
92	9	0	-0.04700288673798625
92	9	1	0.011998641535065357
92	9	2	-0.048038716250636826
92	9	3	-0.008982849380200442
92	9	4	-0.03662003827566751
93	0	0	-0.017483443708609325
93	0	1	-0.04672100526405176
93	0	2	-0.017938529461708153
93	0	3	-0.030538291730344724
93	0	4	0.0017313543803608722
93	1	0	-0.054542367125148594
93	1	1	-0.02833757853625407
93	1	2	0.010324333503141547
93	1	3	-0.03256919680760739
93	1	4	-0.04090195646487038
93	2	0	-0.018828323993886897
93	2	1	-0.00917303447104778
93	2	2	0.010748853795211288
93	2	3	-0.031220920359993243
93	2	4	-0.02336812105024033
93	3	0	-0.031037527593818948
93	3	1	-0.028014943114280766
93	3	2	-0.011523178807947065
93	3	3	-0.047994566140261485
93	3	4	0.04016535639052199
93	4	0	-0.01595177449482066
93	4	1	-0.05186279504160296
93	4	2	-0.014630667345899129
93	4	3	-0.033941246391577584
93	4	4	-0.029749693656978327
93	5	0	-0.03544235014433694
93	5	1	-0.0603565970453388
93	5	2	-0.049903209373407975
93	5	3	-0.03490236033282401
93	5	4	-0.016277484820531152
93	6	0	-0.06855493292579384
93	6	1	-0.0037527593818985627
93	6	2	-0.04044829342842582
93	6	3	-0.03442350144336892
93	6	4	-0.004367969599757826
93	7	0	-0.030222448633044685
93	7	1	-0.03060961113941263
93	7	2	-0.05685175751400906
93	7	3	-0.00817795890643569
93	7	4	0.014704465035590863
93	8	0	-0.03473594837833249
93	8	1	-0.029305484802173654
93	8	2	-0.03853285787060612
93	8	3	-0.030276787230429703
93	8	4	-0.019974253417961885
93	9	0	-0.033071828833418415
93	9	1	0.012963151638648363
93	9	2	-0.0338970962812023
93	9	3	-0.062241467142129525
93	9	4	-0.02753300932108882
94	0	0	-0.0393615214807268
94	0	1	-0.04077772117507228
94	0	2	-0.03585668194939717
94	0	3	-0.023834267277975996
94	0	4	-0.04634040561192887
94	1	0	-0.008347767023263675
94	1	1	-0.03001528273051457
94	1	2	0.008313805399898122
94	1	3	0.003453897096281189
94	1	4	-0.06234596797510705
94	2	0	0.002689760570555255
94	2	1	-0.025545933095602047
94	2	2	0.0077398539650194165
94	2	3	-0.06280523008999828
94	2	4	-0.01619487546639875
94	3	0	0.014246901001867984
94	3	1	-0.03939208694175578
94	3	2	-0.07918152487688912
94	3	3	-0.003674647648157614
94	3	4	-0.039384009582685064
94	4	0	-0.0021973170317539648
94	4	1	0.023932755985736187
94	4	2	-0.05636271013754457
94	4	3	-0.0064391237901172405
94	4	4	-0.019884759950985043
94	5	0	-0.04508745118016644
94	5	1	-0.018631346578366625
94	5	2	-0.02772287315333677
94	5	3	-0.054341993547291634
94	5	4	-0.03478198014621858
94	6	0	-0.05225335371030737
94	6	1	-0.01628120224146723
94	6	2	-0.05210392256749885
94	6	3	-0.019174732552215912
94	6	4	-0.05124189395712575
94	7	0	-0.02962472406181016
94	7	1	-0.07246391577517408
94	7	2	-0.052626931567328894
94	7	3	-0.03274579724910853
94	7	4	-0.0545015213889386
94	8	0	-0.03212769570385465
94	8	1	0.00830361691288839
94	8	2	0.0023976906096112582
94	8	3	-0.061949397181185306
94	8	4	-0.05152414258374516
94	9	0	-0.054617082696553076
94	9	1	0.0048327390049243135
94	9	2	-0.039106809305484935
94	9	3	-0.030297164204449167
94	9	4	-0.038754113257424505
95	0	0	0.014922737306843237
95	0	1	-0.07740872813720501
95	0	2	0.017245712345050124
95	0	3	-0.035252165053489715
95	0	4	-0.030038826396442397
95	1	0	-0.023453897096281318
95	1	1	-0.001154695194430344
95	1	2	0.0006113092205807247
95	1	3	-0.00848021735438953
95	1	4	-0.01590574272693479
95	2	0	-0.022485990830361624
95	2	1	-0.011536763457293264
95	2	2	-0.017989471896756704
95	2	3	-0.0547223637289862
95	2	4	-0.05095276121766196
95	3	0	-0.0397792494481235
95	3	1	-0.046591951095262374
95	3	2	-0.035235184241806716
95	3	3	-0.02857530989981316
95	3	4	-0.011551541352865846
95	4	0	-0.022105620648666946
95	4	1	-0.026907794192562506
95	4	2	-0.01514688402105624
95	4	3	0.0017999660383766214
95	4	4	-0.06982211452410136
95	5	0	0.010113771438274743
95	5	1	0.01485481406011202
95	5	2	-0.00092035999320772
95	5	3	-0.006748174562744125
95	5	4	-0.03302653137090217
95	6	0	-0.044095771777890924
95	6	1	-0.022122601460349833
95	6	2	-0.03804381049414163
95	6	3	-0.04803532008830014
95	6	4	-0.0440135754705292
95	7	0	-0.025298013245033113
95	7	1	-0.021901850908473408
95	7	2	-0.058801154695194424
95	7	3	0.015214807267787456
95	7	4	-0.03892277402211175
95	8	0	-0.029431142808626243
95	8	1	0.013567668534555932
95	8	2	-0.023671251485821054
95	8	3	-0.005050093394464383
95	8	4	-0.0506154396882873
95	9	0	-0.06960774325012753
95	9	1	0.006829682458821429
95	9	2	-0.029319069451519963
95	9	3	-0.015557819663780004
95	9	4	-0.0036726742024755232
96	0	0	-0.03684836135167269
96	0	1	-0.04557989471896762
96	0	2	-0.022733910680930558
96	0	3	-0.061850908473425004
96	0	4	-0.039993253569412635
96	1	0	-0.03309899813211081
96	1	1	-0.05014773306164044
96	1	2	-0.004754627271183476
96	1	3	-0.02386483273900497
96	1	4	-0.01842532802797714
96	2	0	-0.030185090847342555
96	2	1	-0.04889454915944991
96	2	2	0.0022176940057733185
96	2	3	-0.03724571234505014
96	2	4	-0.03302653137090239
96	3	0	-0.06981490915265737
96	3	1	-0.03897096281202239
96	3	2	-0.021562234674817438
96	3	3	0.010249617931737176
96	3	4	-0.031618730294226904
96	4	0	-0.016698930208863927
96	4	1	-0.03162845984038032
96	4	2	-0.04379690949227377
96	4	3	0.011220920359993225
96	4	4	-0.07425548319588049
96	5	0	-0.03280692817116665
96	5	1	0.012192222788249163
96	5	2	-0.04276787230429624
96	5	3	-0.0037731363559178055
96	5	4	-0.05869050405474241
96	6	0	-0.01625403294277461
96	6	1	-0.04006792324673125
96	6	2	0.008490405841399151
96	6	3	0.01513329937171004
96	6	4	-0.0052009472539275015
96	7	0	-0.005396501952793398
96	7	1	-0.03672949566989303
96	7	2	-0.05713024282560708
96	7	3	-0.005712345050093326
96	7	4	-0.048746403051038834
96	8	0	0.001555442350144265
96	8	1	0.002482594668025029
96	8	2	-0.01808116827984374
96	8	3	-0.009478689081338088
96	8	4	-0.05232269967369296
96	9	0	-0.06495500084904071
96	9	1	-0.03713024282560712
96	9	2	-0.039446425539140795
96	9	3	-0.037069111903549
96	9	4	-0.03911208712533221
97	0	0	-0.002037697401935934
97	0	1	-0.04107658346068954
97	0	2	-0.04455085753098986
97	0	3	-0.04175921209033795
97	0	4	-0.022727898555713222
97	1	0	-0.06299881134318219
97	1	1	-0.06450670742061482
97	1	2	-0.0020852436746476855
97	1	3	0.008663610120563714
97	1	4	-0.03396965483058201
97	2	0	-0.0016777041942604987
97	2	1	-0.061399218882662754
97	2	2	0.004676515537442638
97	2	3	0.0027135337069111864
97	2	4	-0.014370585562638594
97	3	0	-0.04156563083715392
97	3	1	-0.03966377992868064
97	3	2	-0.032226184411614955
97	3	3	-0.02578366445916125
97	3	4	-0.05337252688246058
97	4	0	0.00554593309560214
97	4	1	-0.0629682458821531
97	4	2	0.000584139921888216
97	4	3	0.01041942604856505
97	4	4	-0.029371067450537525
97	5	0	-0.004381049414162064
97	5	1	-0.0540940736967227
97	5	2	-0.057113262013924304
97	5	3	-0.027688911529971105
97	5	4	-0.012683977915766032
97	6	0	-0.05222618441161486
97	6	1	0.004853115978943778
97	6	2	-0.0015588385124808424
97	6	3	0.01697401935812537
97	6	4	-0.01588509038840169
97	7	0	0.003141450161317727
97	7	1	-0.02420444897266083
97	7	2	-0.0025674987264391325
97	7	3	0.014454066904397989
97	7	4	-0.002698572234996033
97	8	0	-0.018706062149770775
97	8	1	0.0017761929020206901
97	8	2	-0.025708948887756766
97	8	3	-0.023674647648157632
97	8	4	-0.03796932439316536
97	9	0	-0.04804890473764656
97	9	1	-0.031152997113262082
97	9	2	-0.04837154015961964
97	9	3	-0.015578196637799357
97	9	4	-0.05025058170753538
98	0	0	-0.009040584139922037
98	0	1	-0.028999830191883236
98	0	2	-0.021490915265749533
98	0	3	-0.042519952453727416
98	0	4	-0.04829549365973218
98	1	0	-0.07407709288503994
98	1	1	-0.06281541857700801
98	1	2	-0.02139582272032592
98	1	3	-0.018797758532857922
98	1	4	-0.04576558218942328
98	2	0	-0.02445916114790303
98	2	1	-0.011275258957378242
98	2	2	-0.030011886568178103
98	2	3	-0.016474783494651035
98	2	4	-0.027670691577976414
98	3	0	-0.03240957717778903
98	3	1	-0.0319816607233826
98	3	2	-0.06150110375275952
98	3	3	-0.03182883341823739
98	3	4	-0.016607922237061312
98	4	0	-0.004778400407539407
98	4	1	0.018091356766853472
98	4	2	-0.06574970283579562
98	4	3	-0.023352012226184438
98	4	4	-0.03528452038385799
98	5	0	-0.03159789437935134
98	5	1	-0.019385294617082827
98	5	2	-0.06207845134997447
98	5	3	-0.012949566989302053
98	5	4	-0.024531536120940167
98	6	0	-0.06670742061470536
98	6	1	-0.0396060451689591
98	6	2	-0.007247410426218348
98	6	3	-0.06591271862795034
98	6	4	0.02339565750161776
98	7	0	-0.05298352861266775
98	7	1	-0.049716420444897325
98	7	2	-0.06801833927661738
98	7	3	-0.015411784683307839
98	7	4	-0.01984001321749662
98	8	0	0.0129156053659365
98	8	1	-0.02586856851757524
98	8	2	-0.03965359144167091
98	8	3	-0.04751570725080656
98	8	4	-0.02438008563836369
98	9	0	-0.02855493292579392
98	9	1	0.014457463066734455
98	9	2	-0.009784343691628505
98	9	3	-0.006985905926303437
98	9	4	-0.01689705497652516
99	0	0	-0.034375955170657224
99	0	1	-0.039195109526235394
99	0	2	-0.05494990660553567
99	0	3	-0.03583630497537793
99	0	4	-0.021798543321722263
99	1	0	-0.04108677194769916
99	1	1	-0.005046697232127695
99	1	2	-0.04189505858380027
99	1	3	-0.004988962472406211
99	1	4	-0.05189588467734163
99	2	0	-0.04836814399728312
99	2	1	-0.04454066904398035
99	2	2	-0.011332993717099726
99	2	3	-0.06775004245202909
99	2	4	-0.017034737233412756
99	3	0	-0.05035489896417045
99	3	1	-0.035248768891153026
99	3	2	-0.05536763457293259
99	3	3	0.014413312956359281
99	3	4	0.0057138136608335666
99	4	0	-0.033863134657836524
99	4	1	-0.031859398879266365
99	4	2	-0.026313465783664558
99	4	3	0.013462387502122586
99	4	4	-0.038788533821646265
99	5	0	-0.019188317201562277
99	5	1	-0.04563083715401606
99	5	2	-0.04214977075904236
99	5	3	-0.0107352691458652
99	5	4	-0.00615095482645156
99	6	0	-0.027223637289862324
99	6	1	0.008707760230938999
99	6	2	-0.04114111054508407
99	6	3	-0.0017592120903379138
99	6	4	-0.056611501975740386
99	7	0	-0.03302767872304302
99	7	1	-0.05540838852097141
99	7	2	-0.043742570894888755
99	7	3	-0.051642044489726535
99	7	4	0.023894755682835167
99	8	0	-0.020105281032433364
99	8	1	-0.011163185600271741
99	8	2	-0.025620648667006196
99	8	3	-0.009322465613856412
99	8	4	-0.05254299128471307
99	9	0	-0.06640176600441516
99	9	1	0.0002615044999150218
99	9	2	-0.04261844116148761
99	9	3	0.004771608082866252
99	9	4	-0.028324682298192294
