resample	repeat	fold	delta_auroc
0	0	0	-0.03784330731425278
0	0	1	-0.02670367158138176
0	0	2	-0.024087886672448766
0	0	3	-0.029613024461665916
0	0	4	-0.03281411744957052
0	1	0	-0.017894189071986255
0	1	1	-0.039432205839838086
0	1	2	-0.0323665799363978
0	1	3	-0.007720625950069615
0	1	4	-0.02627670686101702
0	2	0	-0.017553050014455174
0	2	1	-0.03593177218849353
0	2	2	-0.04547094535993046
0	2	3	-0.022527721045612847
0	2	4	-0.02987647931063453
0	3	0	-0.0433963573287075
0	3	1	-0.040646429603931944
0	3	2	-0.039383636889274376
0	3	3	-0.030099133629894914
0	3	4	-0.02862215445448535
0	4	0	-0.0189569239664642
0	4	1	-0.032396646429603826
0	4	2	-0.02203411390575316
0	4	3	-0.037734661332288866
0	4	4	-0.028870454820990488
0	5	0	-0.03430471234460819
0	5	1	-0.016574732581671192
0	5	2	-0.01822376409366855
0	5	3	-0.012349737477734601
0	5	4	-0.0030134105512498177
0	6	0	-0.033632841861809704
0	6	1	-0.026301243133853736
0	6	2	-0.02171610291991921
0	6	3	-0.01568022643128253
0	6	4	-0.027830624178160734
0	7	0	-0.019666955767562944
0	7	1	-0.039067938710609984
0	7	2	-0.033830586874819324
0	7	3	-0.034401840919900395
0	7	4	-0.013347601861436797
0	8	0	-0.035864700780572356
0	8	1	-0.02348540040474134
0	8	2	-0.017369181844463788
0	8	3	-0.026000428988426583
0	8	4	-0.03103171716606512
0	9	0	-0.026375252963284135
0	9	1	0.0005226944203527983
0	9	2	-0.02422202948829144
0	9	3	-0.01983488608492101
0	9	4	-0.0009139318654467488
1	0	0	-0.02732466030644687
1	0	1	-0.017864122578779895
1	0	2	-0.01868979473836374
1	0	3	-0.04516851784498588
1	0	4	-0.034150043365134386
1	1	0	-0.028343451864700775
1	1	1	-0.027167389418907284
1	1	2	-0.0236126047990749
1	1	3	-0.027132352255453407
1	1	4	-0.016601152673250685
1	2	0	-0.02907545533391165
1	2	1	-0.03295056374674754
1	2	2	-0.048144550448106394
1	2	3	-0.02322482723889996
1	2	4	-0.03954970203956032
1	3	0	-0.034961549580803664
1	3	1	-0.04222838970800824
1	3	2	-0.01677594680543515
1	3	3	-0.027000624830969322
1	3	4	-0.01673637728599542
1	4	0	-0.01738190228389702
1	4	1	-0.03276206996241693
1	4	2	-0.01608557386527898
1	4	3	-0.014860718648873061
1	4	4	-0.01627125124733053
1	5	0	-0.026619254119687685
1	5	1	-0.033534547557097505
1	5	2	-0.028781728823359165
1	5	3	-0.005285417191244979
1	5	4	-0.025931650952633944
1	6	0	-0.04020583983810355
1	6	1	-0.02419658860942464
1	6	2	-0.026235328129517232
1	6	3	-0.028831985750123468
1	6	4	-0.01821801937908596
1	7	0	-0.03512113327551303
1	7	1	-0.037886094246892155
1	7	2	-0.036309916160740086
1	7	3	-0.028950890150985176
1	7	4	-0.018278637308936863
1	8	0	-0.03199999999999992
1	8	1	-0.028143394044521486
1	8	2	-0.03111188204683446
1	8	3	-0.02881683126766088
1	8	4	-0.03436570330787381
1	9	0	-0.02328996819890128
1	9	1	-0.021902283897080044
1	9	2	-0.024043943336224394
1	9	3	-0.02840532878232571
1	9	4	-0.015513527124192072
2	0	0	-0.010563746747614844
2	0	1	-0.017847932928592214
2	0	2	-0.04596935530500157
2	0	3	-0.02939853024834682
2	0	4	-0.03736978802376212
2	1	0	-0.015930615784908952
2	1	1	-0.018364845331020563
2	1	2	-0.007827695865857298
2	1	3	-0.0010013615719629554
2	1	4	-0.018333426591686908
2	2	0	-0.020372361954322127
2	2	1	-0.02340560855738638
2	2	2	-0.008086730268863751
2	2	3	-0.034753891204804654
2	2	4	-0.01682730418077205
2	3	0	-0.03625209598149748
2	3	1	-0.029283607979184945
2	3	2	-0.015286498988146824
2	3	3	-0.02448731220099054
2	3	4	-0.01871811730035733
2	4	0	-0.024213934663197434
2	4	1	-0.03967273778548708
2	4	2	-0.020722752240532105
2	4	3	-0.03211118260918222
2	4	4	-0.02065789105559135
2	5	0	-0.028876553917317138
2	5	1	-0.033950852847643875
2	5	2	-0.02675802254986981
2	5	3	-0.018915125572373293
2	5	4	-0.02995808037004899
2	6	0	-0.01839606822781148
2	6	1	-0.016534258456201156
2	6	2	-0.02245620121422387
2	6	3	-0.013717138087644076
2	6	4	-0.03428876516613977
2	7	0	-0.03127724775946794
2	7	1	-0.029011853136744814
2	7	2	-0.02257877999421798
2	7	3	-0.015255900922325205
2	7	4	-0.01917858042134113
2	8	0	-0.023181266261925293
2	8	1	-0.02021509106678232
2	8	2	-0.008994507082972003
2	8	3	-0.034354046013671646
2	8	4	-0.004592973915638621
2	9	0	-0.02542700202370618
2	9	1	-0.02894246892165364
2	9	2	-0.02107892454466609
2	9	3	-0.007750934914995011
2	9	4	-0.009447071221404646
3	0	0	-0.023328129517201535
3	0	1	-0.0309176062445794
3	0	2	-0.02985602775368612
3	0	3	-0.025502662525995645
3	0	4	-0.013248514860718541
3	1	0	-0.026627348944781692
3	1	1	-0.018041052327262386
3	1	2	-0.035798785776236075
3	1	3	-0.024299629764336306
3	1	4	-0.02650985274505957
3	2	0	-0.021255854293148357
3	2	1	-0.022660884648742274
3	2	2	-0.027111882046834346
3	2	3	-0.042673856885730554
3	2	4	-0.023541905641197958
3	3	0	-0.021207285342584536
3	3	1	-0.03519745591211354
3	3	2	-0.02522925701069667
3	3	3	-0.037841908438948524
3	3	4	-0.03005600164134714
3	4	0	-0.034242266551026246
3	4	1	-0.02471118820468332
3	4	2	-0.02543162763804574
3	4	3	-0.01830661481502216
3	4	4	-0.03583219091850154
3	5	0	-0.016422087308470612
3	5	1	-0.026647007805724265
3	5	2	-0.01768025440878851
3	5	3	-0.01568605507838372
3	5	4	-0.020070363427803883
3	6	0	-0.034248048568950584
3	6	1	-0.031241399248337576
3	6	2	-0.03491991905174918
3	6	3	-0.028244458122336225
3	6	4	-0.004886737729532298
3	7	0	-0.026843596415148774
3	7	1	-0.03258282740676499
3	7	2	-0.032917028042786844
3	7	3	-0.027747857389325614
3	7	4	-0.0008696341474787594
3	8	0	-0.03772419774501279
3	8	1	-0.009509106678230572
3	8	2	-0.02360913558832045
3	8	3	0.0022894925812979583
3	8	4	-0.013404722603027275
3	9	0	-0.03191442613472095
3	9	1	-0.017348366579936325
3	9	2	-0.04978086152067085
3	9	3	-0.018156235719814617
3	9	4	-0.03270570461349076
4	0	0	-0.02457241977450131
4	0	1	-0.04183868169991323
4	0	2	-0.015572130673605189
4	0	3	-0.014232390491378144
4	0	4	-0.02519024704137862
4	1	0	-0.035256432494940815
4	1	1	-0.0089285920786355
4	1	2	-0.015848511130384546
4	1	3	-0.027659261953389636
4	1	4	-0.027890076378591533
4	2	0	-0.017652500722752262
4	2	1	-0.02266782307025128
4	2	2	-0.020499566348655685
4	2	3	-0.013815059358942117
4	2	4	-0.016402978671814727
4	3	0	-0.019759468054350915
4	3	1	-0.03175368603642681
4	3	2	-0.026219138479329218
4	3	3	-0.030141099889022693
4	3	4	-0.0320120956084643
4	4	0	-0.019579069095114088
4	4	1	-0.0001376120265972336
4	4	2	-0.03125527609135592
4	4	3	-0.024540935754320148
4	4	4	-0.021628943662628575
4	5	0	-0.024900838392599045
4	5	1	-0.02434345186470077
4	5	2	-0.01563342006360202
4	5	3	-0.010440272687426089
4	5	4	-0.011413656753303525
4	6	0	-0.04828447528187341
4	6	1	-0.0341879155825382
4	6	2	-0.03547036715813834
4	6	3	-0.025929319493793512
4	6	4	-0.03964179466375706
4	7	0	-0.004814108123735061
4	7	1	-0.03140560855738661
4	7	2	-0.033039606822781065
4	7	3	-0.024134096186665954
4	7	4	-0.03242826101148
4	8	0	-0.042012142237640826
4	8	1	-0.037218849378433005
4	8	2	-0.01439028620988736
4	8	3	-0.032875901108841865
4	8	4	-0.023911441867405236
4	9	0	-0.011119976871928228
4	9	1	-0.022508239375542027
4	9	2	-0.02073200346921078
4	9	3	-0.0318069272305066
4	9	4	-0.012559568773372942
5	0	0	-0.031887828852269484
5	0	1	-0.01227175484243992
5	0	2	-0.022265394622723367
5	0	3	-0.02711370058472984
5	0	4	-0.03169734866500662
5	1	0	-0.02467302688638351
5	1	1	-0.024107545533391117
5	1	2	-0.02304827984966762
5	1	3	-0.01842202202762333
5	1	4	-0.029503445896166047
5	2	0	-0.03497080080948256
5	2	1	-0.014237640936686669
5	2	2	-0.016861520670713892
5	2	3	-0.02505269096979368
5	2	4	-0.022886765707038403
5	3	0	-0.04101647875108405
5	3	1	-0.04948597860653381
5	3	2	-0.03335414859786068
5	3	3	-0.03672747111322516
5	3	4	-0.03512226170159205
5	4	0	-0.022118531367447125
5	4	1	-0.009751951431049455
5	4	2	-0.01873836368892734
5	4	3	-0.012100271381809025
5	4	4	-0.030758936481735333
5	5	0	-0.016509973980919246
5	5	1	-0.04333622434229556
5	5	2	-0.027840416305290328
5	5	3	-0.01386751718285173
5	5	4	-0.040223493644443
5	6	0	-0.019140792136455587
5	6	1	-0.02218213356461396
5	6	2	-0.04045677941601622
5	6	3	-0.01955977394175079
5	6	4	-0.019964282050564663
5	7	0	-0.0044787510841282074
5	7	1	-0.040566637756576984
5	7	2	-0.02872622145128656
5	7	3	-0.01782983148215489
5	7	4	-0.02044456257169225
5	8	0	-0.024901994796183824
5	8	1	-0.021080080948250868
5	8	2	-0.03265221162185605
5	8	3	-0.0063229163752343
5	8	4	-0.029868319204692795
5	9	0	-0.02776062445793559
5	9	1	-0.036380456779415926
5	9	2	-0.02414801965886093
5	9	3	-0.029664316556155423
5	9	4	-0.03229070493989494
6	0	0	-0.030930326684012743
6	0	1	-0.012986412257878
6	0	2	-0.01812546978895635
6	0	3	-0.03646518199367699
6	0	4	-0.02138763767264451
6	1	0	-0.02282509395779142
6	1	1	-0.028862677074298904
6	1	2	-0.017999421798207682
6	1	3	-0.03188153391340043
6	1	4	-0.011446297177069575
6	2	0	-0.026910667823070278
6	2	1	-0.028244001156403464
6	2	2	-0.014250361376120124
6	2	3	-0.03100490538940026
6	2	4	-0.017305253243059537
6	3	0	-0.023006649320612915
6	3	1	-0.023501590054929244
6	3	2	-0.03808846487424111
6	3	3	-0.02585354708147991
6	3	4	-0.01582244542054867
6	4	0	-0.029575021682567093
6	4	1	-0.026512864989881257
6	4	2	-0.02297080080948266
6	4	3	-0.038504042749629375
6	4	4	-0.033206968264182235
6	5	0	-0.025546111592945953
6	5	1	-0.01930384504191973
6	5	2	-0.0444070540618674
6	5	3	-0.01348282647418153
6	5	4	-0.027489065458038198
6	6	0	-0.034396068227811605
6	6	1	-0.011783752529632707
6	6	2	-0.030948829141370315
6	6	3	-0.023574546064963675
6	6	4	-0.024727452461554278
6	7	0	-0.018404163052905487
6	7	1	-0.018925701069673284
6	7	2	-0.03850939577912682
6	7	3	-0.037024732115379155
6	7	4	-0.014912010743362347
6	8	0	-0.038128938999710704
6	8	1	-0.030137033824804815
6	8	2	-0.04119572130673621
6	8	3	-0.028226972181033205
6	8	4	-0.025641384327001138
6	9	0	-0.02876669557675604
6	9	1	-0.019101474414570663
6	9	2	-0.03243943336224353
6	9	3	-0.023835669455091413
6	9	4	-0.029770397933394754
7	0	0	-0.001539173171436814
7	0	1	-0.010416883492338824
7	0	2	-0.032381613183000924
7	0	3	-0.008674192615803489
7	0	4	-0.040790038142666574
7	1	0	-0.005934663197456058
7	1	1	-0.016375831165076682
7	1	2	-0.025178375252963292
7	1	3	-0.02382867507857034
7	1	4	-0.016116209234442125
7	2	0	0.004418618097715932
7	2	1	-0.0200913558832031
7	2	2	-0.023369760046256127
7	2	3	-0.017260955525091215
7	2	4	-0.01750575870333615
7	3	0	-0.02589071986123148
7	3	1	-0.03777161029199205
7	3	2	-0.025002601908065913
7	3	3	-0.037545813166214415
7	3	4	-0.014118149008197522
7	4	0	-0.04195085284764377
7	4	1	-0.030854004047412564
7	4	2	-0.02624342295461124
7	4	3	-0.007507297466170515
7	4	4	-0.020519169254585856
7	5	0	-0.03421566926857478
7	5	1	-0.030335935241399214
7	5	2	-0.01839259901705692
7	5	3	-0.02518208693543733
7	5	4	-0.013966604183569542
7	6	0	-0.03989129806302405
7	6	1	-0.03854986990459652
7	6	2	-0.051951431049436336
7	6	3	-0.012910453328856764
7	6	4	-0.02845312368855457
7	7	0	-0.026381034981208362
7	7	1	-0.028986412257878014
7	7	2	-0.02604105232726217
7	7	3	-0.021818957558123242
7	7	4	-0.00392151376959593
7	8	0	-0.04458167100318
7	8	1	-0.03270424978317421
7	8	2	-0.0314056085573865
7	8	3	-0.03732199311753348
7	8	4	-0.02668704361693197
7	9	0	-0.023495808037004795
7	9	1	-0.03282567215958365
7	9	2	-0.027395200925123042
7	9	3	-0.02362583815945296
7	9	4	-0.012090945546447407
8	0	0	-0.022361376120266008
8	0	1	-0.01937901127493491
8	0	2	-0.029321769297484868
8	0	3	-0.02593864532915524
8	0	4	-0.013295144037527074
8	1	0	-0.025341428158427326
8	1	1	-0.04539230991616083
8	1	2	-0.02727609135588327
8	1	3	-0.02669403799345338
8	1	4	-0.019550448106389062
8	2	0	-0.024727377854871335
8	2	1	-0.037092801387684005
8	2	2	-0.016440589765828184
8	2	3	-0.01861087019369767
8	2	4	-0.015372473864346481
8	3	0	-0.03197571552471801
8	3	1	-0.03251922520959827
8	3	2	-0.024831454177507983
8	3	3	-0.018565406746309354
8	3	4	-0.029065131634166352
8	4	0	-0.019310783463428516
8	4	1	-0.040685747325816535
8	4	2	-0.03369066204105242
8	4	3	-0.02377155433697986
8	4	4	-0.01969616428391563
8	5	0	-0.020201214223764086
8	5	1	-0.03133738074588033
8	5	2	-0.020293726510551946
8	5	3	-0.015658077572298645
8	5	4	-0.03985046022997496
8	6	0	-0.03900086730268859
8	6	1	-0.007014744145706797
8	6	2	-0.024015033246603257
8	6	3	-0.008949304758973708
8	6	4	-0.039858620335916695
8	7	0	-0.03511650766117369
8	7	1	-0.015703960682278084
8	7	2	-0.025904596704249827
8	7	3	-0.039677932275783645
8	7	4	-0.015434257523617712
8	8	0	-0.03688002312807159
8	8	1	-0.009014165943914354
8	8	2	-0.025905753107834717
8	8	3	-0.027026270878213965
8	8	4	-0.028129050909735387
8	9	0	-0.035425267418328854
8	9	1	-0.028047412546978845
8	9	2	-0.03377161029199194
8	9	3	-0.03452074532076199
8	9	4	-0.011384513517798345
9	0	0	-0.03375888985255848
9	0	1	-0.036139924833766934
9	0	2	-0.03995836947094544
9	0	3	-0.028927575562580965
9	0	4	-0.0268968749125702
9	1	0	-0.03470829719572144
9	1	1	-0.026910667823070278
9	1	2	-0.016438276958658626
9	1	3	-0.01424637924442096
9	1	4	-0.03681723227858125
9	2	0	-0.009215380167678533
9	2	1	-0.01849089332176912
9	2	2	-0.04109742700202357
9	2	3	-0.032727853472474866
9	2	4	-0.026115836201027864
9	3	0	-0.024405897658282716
9	3	1	9.135588320308141e-05
9	3	2	-0.013908065915004264
9	3	3	-0.03563401691706547
9	3	4	-0.01241851551352724
9	4	0	-0.0135495808037005
9	4	1	-0.023772188493784263
9	4	2	-0.02467071407921373
9	4	3	-0.013783584664596393
9	4	4	-0.025830232493075478
9	5	0	-0.014428447528187394
9	5	1	-0.019868169991327123
9	5	2	-0.020670714079213504
9	5	3	-0.0405254175642783
9	5	4	-0.0205296608193678
9	6	0	-0.04281931193986699
9	6	1	-0.022219138479329104
9	6	2	-0.0471176640647587
9	6	3	-0.030708810116666152
9	6	4	-0.0303276165962566
9	7	0	-0.02946400693842155
9	7	1	-0.02762185602775369
9	7	2	-0.039584851113038555
9	7	3	-0.012371886336718596
9	7	4	-0.021803803075660544
9	8	0	-0.0387256432494939
9	8	1	-0.027683145417750854
9	8	2	-0.029173749638623958
9	8	3	-0.01888248514860713
9	8	4	-0.033659271279224856
9	9	0	-0.0391488869615495
9	9	1	-0.028856895056374676
9	9	2	-0.016196588609424745
9	9	3	-0.03212866855048546
9	9	4	-0.01468352777700066
10	0	0	-0.024329575021682648
10	0	1	-0.028496097137901133
10	0	2	-0.0468620988725067
10	0	3	-0.015717529772729333
10	0	4	-0.03979683667664524
10	1	0	-0.03403064469499861
10	1	1	-0.022146285053483705
10	1	2	-0.031080659150043433
10	1	3	-0.008604248850590857
10	1	4	-0.011614162213580248
10	2	0	-0.009893032668401358
10	2	1	-0.03696790980052023
10	2	2	-0.045877999421798155
10	2	3	-0.027726874259761836
10	2	4	-0.027097380372847146
10	3	0	-0.032623301532234694
10	3	1	-0.04337785487135026
10	3	2	-0.014971957213067433
10	3	3	-0.02617295694261823
10	3	4	-0.02627670686101713
10	4	0	-0.018209887250650425
10	4	1	-0.03404336513443185
10	4	2	-0.027614917606244682
10	4	3	-0.03575058985908652
10	4	4	-0.03325592889983131
10	5	0	-0.017835212489158758
10	5	1	-0.04113905753107838
10	5	2	-0.026239953743856348
10	5	3	-0.018805547006873202
10	5	4	-0.013973598560090839
10	6	0	-0.01869442035270308
10	6	1	-0.021474414570684996
10	6	2	-0.03007690083839265
10	6	3	-0.020732497738484845
10	6	4	-0.02205326917158612
10	7	0	-0.058101185313674475
10	7	1	-0.033406186759178946
10	7	2	-0.021278982364845267
10	7	3	-0.027437773363548912
10	7	4	-0.02936938701284164
10	8	0	-0.03027002023706271
10	8	1	-0.0149233882625035
10	8	2	-0.023484244001156562
10	8	3	-0.03329789515895876
10	8	4	-0.030220369489597054
10	9	0	-0.02832726221451276
10	9	1	-0.02626655102630815
10	9	2	-0.026597282451575666
10	9	3	-0.028036958285538427
10	9	4	-0.02947896557834162
11	0	0	-0.023716681121711436
11	0	1	-0.03059150043365133
11	0	2	-0.002736050881757879
11	0	3	-0.03087434369433628
11	0	4	-0.017538399127101756
11	1	0	-0.022517490604221146
11	1	1	-0.02752587453021116
11	1	2	-0.03723735183579069
11	1	3	-0.00801205830512286
11	1	4	-0.03648849658208131
11	2	0	-0.032523850823937606
11	2	1	-0.029696444058976423
11	2	2	-0.027535125758889833
11	2	3	-0.03341563383040025
11	2	4	-0.01789278087084678
11	3	0	-0.024849956634865555
11	3	1	-0.024806013298641405
11	3	2	-0.01805261636311073
11	3	3	-0.03011778530061837
11	3	4	-0.018118932378367925
11	4	0	-0.028515755998843484
11	4	1	-0.018082682856316756
11	4	2	-0.02697889563457645
11	4	3	-0.025273013830213853
11	4	4	-0.025018884816607523
11	5	0	-0.019285342584561938
11	5	1	-0.02550216825672169
11	5	2	-0.023885516045099586
11	5	3	-0.018015182459968915
11	5	4	-0.028064935791623502
11	6	0	-0.03159294593813233
11	6	1	-0.02483954900260177
11	6	2	-0.02695229835212498
11	6	3	-0.012264639230059049
11	6	4	-0.029150229881841794
11	7	0	-0.03577797051170861
11	7	1	-0.03302919919051739
11	7	2	-0.004915871639202041
11	7	3	-0.036702990795400514
11	7	4	-0.02239366216228822
11	8	0	-0.03860769008383913
11	8	1	-0.022594969644405882
11	8	2	-0.009549580803700497
11	8	3	-0.009423756633000546
11	8	4	-0.013266000802021893
11	9	0	-0.040464874241110005
11	9	1	-0.024376987568661357
11	9	2	-0.022126626192541354
11	9	3	-0.02068353710283588
11	9	4	-0.010561508547128118
12	0	0	-0.034540618675917845
12	0	1	-0.019705117085862978
12	0	2	-0.002629661751951451
12	0	3	-0.04561382648350709
12	0	4	-0.02137598037844224
12	1	0	-0.02997860653368023
12	1	1	-0.028596704249783333
12	1	2	-0.032033535703960725
12	1	3	-0.02412710181014477
12	1	4	-0.021539182497272158
12	2	0	-0.03202197166811216
12	2	1	-0.017366869037293897
12	2	2	-0.035523561723041275
12	2	3	-0.03738377677680482
12	2	4	-0.0011599007731120103
12	3	0	-0.03583116507661166
12	3	1	-0.035160450997398174
12	3	2	-0.022190228389708078
12	3	3	-0.031432728086618344
12	3	4	-0.01677134916860179
12	4	0	-0.016831454177507865
12	4	1	-0.010290835501589934
12	4	2	-0.011922520959815053
12	4	3	-0.004849434388085383
12	4	4	-0.03319297951113964
12	5	0	-0.03969124024284465
12	5	1	-0.03280370049147163
12	5	2	-0.022416883492338613
12	5	3	-0.028292253028565084
12	5	4	-0.012693627656697126
12	6	0	-0.007745591211332781
12	6	1	-0.021849089332176885
12	6	2	-0.044013876843018274
12	6	3	-0.023322748510197777
12	6	4	0.0032127502821064358
12	7	0	-0.023404452153801714
12	7	1	-0.04492627927146564
12	7	2	-0.04260306446949991
12	7	3	-0.0198115714965168
12	7	4	-0.030120116759458804
12	8	0	-0.014175195143104835
12	8	1	-0.009331020526163636
12	8	2	-0.015185891876264845
12	8	3	-0.027128855067192648
12	8	4	-0.034251461824692964
12	9	0	-0.037085862966175
12	9	1	-0.028052038161318293
12	9	2	-0.02210812373518356
12	9	3	-0.025868701563942498
12	9	4	-0.023647987018437067
13	0	0	-0.015406764960971375
13	0	1	-0.018805435096848844
13	0	2	-0.008719283029777536
13	0	3	-0.039216303425379184
13	0	4	-0.022739883800091287
13	1	0	-0.02044290257299819
13	1	1	-0.030858629661751902
13	1	2	-0.02572882335935245
13	1	3	-0.018282134497197733
13	1	4	-0.023588534818006268
13	2	0	-0.014446949985545077
13	2	1	-0.02849840994507069
13	2	2	-0.018209887250650425
13	2	3	-0.0196996614721765
13	2	4	-0.022593001893144615
13	3	0	-0.027995374385660465
13	3	1	-0.03239202081526471
13	3	2	-0.027928302977739183
13	3	3	-0.017905603894468936
13	3	4	-0.010949696444059076
13	4	0	-0.03029199190517473
13	4	1	-0.019495808037004903
13	4	2	-0.022323214801965974
13	4	3	-0.02583256395191591
13	4	4	-0.04246519131951243
13	5	0	-0.024882335935241473
13	5	1	-0.03221162185602777
13	5	2	-0.012573576178086077
13	5	3	-0.03254949687118225
13	5	4	-0.034138386070932225
13	6	0	-0.02587568661462858
13	6	1	-0.02112055507372057
13	6	2	-0.030234171725932457
13	6	3	-0.018636516240942202
13	6	4	-0.023757565583937268
13	7	0	-0.03553050014455039
13	7	1	-0.01927956056663771
13	7	2	-0.03604394333622429
13	7	3	-0.013283486743325024
13	7	4	-0.027294388644862777
13	8	0	-0.02296617519514299
13	8	1	-0.026131251806880584
13	8	2	-0.02826250361376126
13	8	3	-0.021750179522330826
13	8	4	-0.023174700873830778
13	9	0	-0.03113269731136148
13	9	1	-0.02736744723908635
13	9	2	-0.028711188204683435
13	9	3	-0.018650504993984796
13	9	4	-0.031644890841097006
14	0	0	-0.01821682567215943
14	0	1	-0.02419890141659442
14	0	2	-0.032083261058109325
14	0	3	-0.01927533596321873
14	0	4	-0.04140554327653889
14	1	0	-0.021194564903151192
14	1	1	-0.022465452442902656
14	1	2	-0.03831511997687198
14	1	3	-0.02047137434835744
14	1	4	-0.038731359986570735
14	2	0	-0.024951720150332535
14	2	1	-0.02562127782596102
14	2	2	-0.03595374385660588
14	2	3	-0.026227746225368165
14	2	4	-0.01673637728599564
14	3	0	-0.02475975715524703
14	3	1	-0.016077479040185194
14	3	2	-0.024364267129228012
14	3	3	-0.02184343787594789
14	3	4	-0.026281369778697994
14	4	0	-0.03091182422665506
14	4	1	-0.016126047990748793
14	4	2	-0.008848800231280651
14	4	3	-0.03231868244598013
14	4	4	-0.03284792360275668
14	5	0	-0.04210812373518358
14	5	1	-0.040544666088464854
14	5	2	-0.03732292570106943
14	5	3	-0.018542092157905032
14	5	4	-0.03323144858200655
14	6	0	-0.03408615206707144
14	6	1	-0.03275628794449248
14	6	2	-0.02584908933217711
14	6	3	-0.025402409795857284
14	6	4	-0.033130030122448306
14	7	0	-0.02124660306446946
14	7	1	-0.034319745591211315
14	7	2	-0.015897080080948256
14	7	3	-0.036980434397411055
14	7	4	-0.018742597618181533
14	8	0	-0.030755709742700033
14	8	1	-0.021919629950852726
14	8	2	-0.015516623301532362
14	8	3	-0.03411390575310791
14	8	4	-0.01677717781570298
14	9	0	-0.008885805145995906
14	9	1	-0.042805435096848754
14	9	2	-0.015158138190228376
14	9	3	-0.019454858293931565
14	9	4	-0.02359436346510735
15	0	0	-0.0230159005492917
15	0	1	-0.027011274934952256
15	0	2	-0.035836947094536
15	0	3	-0.03097226496563421
15	0	4	-0.006107256432494768
15	1	0	-0.030658571841572835
15	1	1	-0.007978028331887876
15	1	2	-0.044871928302977815
15	1	3	-0.04011624653778367
15	1	4	-0.021865586734931775
15	2	0	-0.026723330442324333
15	2	1	-0.04697311361665213
15	2	2	-0.02402891008962127
15	2	3	-0.019753285025506218
15	2	4	-0.034478779061634546
15	3	0	-0.029128649898814585
15	3	1	-0.017180688060133176
15	3	2	-0.020527320034692154
15	3	3	-0.039737384476214554
15	3	4	-0.003719842579899102
15	4	0	-0.03214686325527594
15	4	1	-0.0305186470078056
15	4	2	-0.042710610002891
15	4	3	-0.021994982700575316
15	4	4	-0.018015182459968804
15	5	0	-0.013142526741832916
15	5	1	-0.029618965018791688
15	5	2	-0.012730847065625772
15	5	3	-0.016362178142107164
15	5	4	-0.012208684217888677
15	6	0	-0.019002023706273574
15	6	1	-0.0011934084995661731
15	6	2	-0.039487713211911024
15	6	3	-0.029391535871825636
15	6	4	-0.025242704865288457
15	7	0	-0.016422087308470612
15	7	1	-0.031636889274356705
15	7	2	-0.037570396068227874
15	7	3	-0.033753695362262026
15	7	4	-0.030285650337128933
15	8	0	-0.014575310783463302
15	8	1	-0.019664642960393053
15	8	2	-0.029721884937843335
15	8	3	-0.025172761100075713
15	8	4	-0.03816598121776771
15	9	0	-0.05737380745880294
15	9	1	-0.013946227233304298
15	9	2	-0.038572997976293766
15	9	3	-0.03463731826278327
15	9	4	-0.03136278432140549
16	0	0	-0.022116218560277567
16	0	1	-0.016760913558832025
16	0	2	-0.036068227811506315
16	0	3	-0.024280978093612626
16	0	4	-0.02774319447164475
16	1	0	-0.017447817288233747
16	1	1	-0.028471812662619334
16	1	2	-0.03496617519514311
16	1	3	-0.01461008682352749
16	1	4	-0.019608734577399756
16	2	0	-0.0279606822781151
16	2	1	-0.028294882914136843
16	2	2	-0.03025036137612014
16	2	3	-0.033795661621389805
16	2	4	-0.018270477202995572
16	3	0	-0.012527320034692035
16	3	1	-0.028686903729401747
16	3	2	-0.03843538594969642
16	3	3	-0.00787566796295791
16	3	4	-0.01983255462608069
16	4	0	-0.039358196010407576
16	4	1	-0.017395779126915367
16	4	2	-0.022341717259323546
16	4	3	-0.025739305598298956
16	4	4	-0.030663346669277836
16	5	0	-0.02719976871928309
16	5	1	-0.028670714079213733
16	5	2	-0.021692974848221858
16	5	3	-0.026993630454448025
16	5	4	-0.027416790233985022
16	6	0	-0.017649031511997815
16	6	1	-0.021479040185024445
16	6	2	-0.029766984677652597
16	6	3	-0.03499403146536839
16	6	4	-0.017733075940277288
16	7	0	-0.014860942468921556
16	7	1	-0.03221509106678222
16	7	2	-0.021059265683723627
16	7	3	-0.025686847774389454
16	7	4	-0.03498587135942699
16	8	0	-0.030362532523850683
16	8	1	-0.018702515177796974
16	8	2	-0.03044348077479031
16	8	3	-0.04381976890579975
16	8	4	-0.03838980126644853
16	9	0	-0.02296848800231266
16	9	1	-0.0379485400404741
16	9	2	-0.02690719861231583
16	9	3	-0.02402918053884673
16	9	4	-0.016059088492851648
17	0	0	-0.03374038739520091
17	0	1	-0.03317490604220874
17	0	2	-0.021800520381613175
17	0	3	-0.029256311259080903
17	0	4	-0.009119501254324702
17	1	0	-0.011274934952298477
17	1	1	-0.022370627348944794
17	1	2	-0.019289968198901497
17	1	3	-0.015461069300282793
17	1	4	-0.022436794150836104
17	2	0	-0.030807747904018523
17	2	1	-0.035346631974558895
17	2	2	-0.030359063313096235
17	2	3	-0.027724542800921403
17	2	4	-0.017347219502187095
17	3	0	-0.022167100318011057
17	3	1	-0.029017635154669152
17	3	2	-0.028462561433940436
17	3	3	-0.019535293623926475
17	3	4	-0.023991877197400036
17	4	0	-0.029771610291991824
17	4	1	-0.02670945359930621
17	4	2	-0.018629661751951465
17	4	3	-0.028362196793777716
17	4	4	-0.038308200207033516
17	5	0	-0.027972246313963445
17	5	1	-0.03031974559121131
17	5	2	-0.022453888407053868
17	5	3	-0.01391181490081983
17	5	4	-0.016416967424856987
17	6	0	-0.012387395200925133
17	6	1	-0.025880312228967806
17	6	2	-0.0009586585718416307
17	6	3	-0.03343661695996414
17	6	4	-0.025405906984118154
17	7	0	-0.025324082104654533
17	7	1	-0.02152298352124893
17	7	2	-0.042142815842729164
17	7	3	-0.02296370384877222
17	7	4	-0.018218019379085848
17	8	0	-0.03315177797051161
17	8	1	-0.016183868169991178
17	8	2	-0.01923561723041345
17	8	3	-0.013562096074756003
17	8	4	-0.03794449262792721
17	9	0	-0.028225498699045892
17	9	1	-0.021585429314830873
17	9	2	-0.021786643538595052
17	9	3	-0.011763375579367574
17	9	4	-0.024021020432905216
18	0	0	-0.019886672448684584
18	0	1	-0.023037872217403832
18	0	2	-0.01728823359352416
18	0	3	-0.04191146984491123
18	0	4	-0.022551035634016836
18	1	0	-0.03241399248337673
18	1	1	-0.021748482220294907
18	1	2	-0.007816131830008732
18	1	3	-0.033595156161113304
18	1	4	-0.026747661546782986
18	2	0	-0.017055796472969176
18	2	1	-0.04030066493206108
18	2	2	-0.007679676206996167
18	2	3	-0.031657713864719494
18	2	4	-0.013966604183569986
18	3	0	-0.031931772188493635
18	3	1	-0.02321942758022555
18	3	2	-0.024743567505059127
18	3	3	-0.03195497486687371
18	3	4	-0.00760405300804845
18	4	0	-0.04930095403295742
18	4	1	-0.024535414859785942
18	4	2	-0.023613761202659678
18	4	3	-0.03740592563578882
18	4	4	-0.027245428009213923
18	5	0	-0.031226366001734673
18	5	1	-0.03244058976582831
18	5	2	-0.038837814397224446
18	5	3	-0.028702589784480037
18	5	4	-0.023949910938272034
18	6	0	-0.01794969644405897
18	6	1	-0.0224527320034692
18	6	2	-0.03376120265972837
18	6	3	-0.03371406056197479
18	6	4	-0.017047627041192337
18	7	0	-0.02827984966753394
18	7	1	-0.02245041919629953
18	7	2	-0.03898352124891591
18	7	3	-0.018037331318952687
18	7	4	-0.014268528103404843
18	8	0	-0.015310783463428623
18	8	1	-0.019618386816999123
18	8	2	-0.0013714946516333315
18	8	3	-0.015159145380447492
18	8	4	-0.02100644415223496
18	9	0	-0.03944261347210165
18	9	1	-0.01637467476149168
18	9	2	-0.02924775946805447
18	9	3	-0.031018894142442743
18	9	4	-0.03050480746812889
19	0	0	-0.03974212200057814
19	0	1	-0.019291124602486276
19	0	2	-0.03519398670135876
19	0	3	-0.023835669455091302
19	0	4	-0.031287011909091667
19	1	0	-0.03734027175484256
19	1	1	-0.03307892454466621
19	1	2	-0.03260248626770745
19	1	3	-0.02566120172714481
19	1	4	-0.03566082869373022
19	2	0	-0.021359930615785006
19	2	1	-0.03670656259034388
19	2	2	-0.015580225498698974
19	2	3	-0.023989545738559603
19	2	4	-0.017946404424176388
19	3	0	-0.039580225498698995
19	3	1	-0.030638912980630262
19	3	2	-0.010885226944203574
19	3	3	-0.03641505562860792
19	3	4	-0.020093678016208427
19	4	0	-0.029797051170858513
19	4	1	-0.026258456201214142
19	4	2	-0.028068227811506308
19	4	3	-0.003851570004383187
19	4	4	-0.013168079530723964
19	5	0	-0.02663313096270603
19	5	1	-0.0365157559988436
19	5	2	-0.02070771899392876
19	5	3	-0.019656529483628504
19	5	4	-0.032443415493942696
19	6	0	-0.016339982653946206
19	6	1	-0.023049436253252287
19	6	2	-0.032375831165076696
19	6	3	-0.030776422423038463
19	6	4	-0.02864896623115032
19	7	0	-0.02687366290835491
19	7	1	-0.010305868748193059
19	7	2	-0.03182075744434798
19	7	3	-0.028477604006378776
19	7	4	-0.017861306176500724
19	8	0	-0.029201503324660094
19	8	1	-0.020180398959236734
19	8	2	-0.028630239953743808
19	8	3	-0.031873373807458805
19	8	4	-0.029217842188213994
19	9	0	-0.03216189650187906
19	9	1	-0.036114483954900245
19	9	2	-0.025864122578780013
19	9	3	-0.024511792518814968
19	9	4	-0.02039093901836253
20	0	0	-0.006206418039895967
20	0	1	-0.040247470367158145
20	0	2	-0.03163457646718715
20	0	3	-0.019820897331878418
20	0	4	-0.02690620074793193
20	1	0	-0.04493784330731432
20	1	1	-0.022960393177218985
20	1	2	-0.025495229835212574
20	1	3	-0.030895326823900393
20	1	4	-0.009625427822697152
20	2	0	-0.020296039317721948
20	2	1	-0.027240242844752682
20	2	2	-0.027680832610581074
20	2	3	-0.0348238349700174
20	2	4	-0.012782223092633771
20	3	0	-0.03652963284186184
20	3	1	-0.020231280716970446
20	3	2	-0.025300954032957623
20	3	3	-0.025855878540320343
20	3	4	-0.012206352759048467
20	4	0	-0.023099161607400887
20	4	1	-0.03322231858918756
20	4	2	-0.028789823648453283
20	4	3	-0.02933441513023527
20	4	4	-0.025778940398586192
20	5	0	-0.01665105521827115
20	5	1	-0.03332870771899399
20	5	2	-0.026438855160450858
20	5	3	-0.02613099068349045
20	5	4	-0.03116111313170844
20	6	0	-0.04773171436831447
20	6	1	-0.017494073431627566
20	6	2	-0.020915871639202055
20	6	3	-0.030160917289166034
20	6	4	-0.040243311044586894
20	7	0	-0.023823070251517753
20	7	1	-0.03823301532234735
20	7	2	-0.04771899392888124
20	7	3	-0.02256502438705954
20	7	4	-0.017332065019724063
20	8	0	-0.022882914137033694
20	8	1	-0.006000578201792339
20	8	2	-0.02855623012431352
20	8	3	-0.005364686791819451
20	8	4	-0.0490515625437149
20	9	0	-0.009797051170858495
20	9	1	-0.033827117664064654
20	9	2	-0.02983752529632855
20	9	3	-0.016526545990356967
20	9	4	-0.0036603903794680814
21	0	0	-0.02683203237930043
21	0	1	-0.02767042497831751
21	0	2	-0.031294593813240956
21	0	3	-0.005347200850516098
21	0	4	-0.01430466571543132
21	1	0	-0.019376698467765352
21	1	1	-0.03400636021971659
21	1	2	-0.01505059265683728
21	1	3	-0.02232022120881505
21	1	4	-0.01851294892239974
21	2	0	-0.030781150621567055
21	2	1	-0.003517779705117019
21	2	2	-0.013269731136166363
21	2	3	-0.03982481418273043
21	2	4	-0.02189123278217664
21	3	0	-0.021454755709742646
21	3	1	-0.022396068227811705
21	3	2	-0.026084995663486543
21	3	3	-0.019262512939596688
21	3	4	-0.03433306288410787
21	4	0	-0.02404741254697873
21	4	1	-0.017622434229546013
21	4	2	-0.016631396357328798
21	4	3	-0.01362737692228777
21	4	4	-0.029856661910490634
21	5	0	-0.025661751951430944
21	5	1	-0.05282104654524433
21	5	2	-0.03437178375252958
21	5	3	-0.01295358531740487
21	5	4	-0.012915116246537628
21	6	0	-0.03318184446371786
21	6	1	-0.033262792714657374
21	6	2	-0.027220583983810442
21	6	3	-0.028531227559708605
21	6	4	-0.038249913736023045
21	7	0	-0.026253830586874805
21	7	1	-0.02847528187337378
21	7	2	-0.01768488002312807
21	7	3	-0.04518017513918804
21	7	4	-0.019437372352628324
21	8	0	-0.032175773344897185
21	8	1	-0.023027464585140156
21	8	2	-0.023220583983810328
21	8	3	-0.028450792229713917
21	8	4	-0.022810993294724358
21	9	0	-0.03888291413703371
21	9	1	-0.0032240531945649797
21	9	2	-0.015259901705695245
21	9	3	-0.01516264256870814
21	9	4	-0.018047822883734743
22	0	0	-0.037857184157270796
22	0	1	-0.01414050303555936
22	0	2	-0.026578779994218094
22	0	3	-0.023136231802963647
22	0	4	-0.025260190806591365
22	1	0	-0.02921769297484833
22	1	1	-0.03282682856316854
22	1	2	-0.012386238797340354
22	1	3	-0.034488104896996274
22	1	4	-0.0337886672448684
22	2	0	-0.016318010985834186
22	2	1	-0.03854755709742674
22	2	2	-0.02548135299219423
22	2	3	-0.04614073618144343
22	2	4	-0.023178198062091537
22	3	0	-0.02124429025729968
22	3	1	-0.026707140792136652
22	3	2	-0.023908644116796718
22	3	3	-0.0223400386089585
22	3	4	-0.0233670462281661
22	4	0	-0.034910667823070174
22	4	1	-0.03561144839549002
22	4	2	-0.02869962416883498
22	4	3	-0.022521892398511656
22	4	4	-0.020910854339777463
22	5	0	-0.0335669268574732
22	5	1	-0.03652038161318305
22	5	2	-0.0246626192541195
22	5	3	-0.025088828581820266
22	5	4	-0.02676631321750622
22	6	0	-0.012026597282451701
22	6	1	-0.03712518068806003
22	6	2	-0.030958080370049212
22	6	3	-0.03768919788490044
22	6	4	-0.01254558002033035
22	7	0	-0.01566348655680838
22	7	1	-0.03688002312807159
22	7	2	-0.03310899103787224
22	7	3	-0.011961549580803643
22	7	4	-0.011088418245064235
22	8	0	-0.04636021971668092
22	8	1	-0.015751373229256904
22	8	2	-0.025785487135010166
22	8	3	-0.03990058659504425
22	8	4	-0.022083578136511628
22	9	0	-0.03278404163052895
22	9	1	-0.010761491760624464
22	9	2	-0.021065047701647965
22	9	3	-0.01869946562963376
22	9	4	-0.01578630780852197
23	0	0	-0.0185938132408211
23	0	1	-0.018777681410812264
23	0	2	-0.02049147152356179
23	0	3	-0.036894170420315175
23	0	4	-0.033919228939932156
23	1	0	-0.024217403873952104
23	1	1	-0.021140213934663254
23	1	2	-0.013644405897658363
23	1	3	-0.017205000512921065
23	1	4	-0.03450675656771951
23	2	0	-0.022888696154958255
23	2	1	-0.03978722174038718
23	2	2	-0.02569413125180675
23	2	3	-0.019109802385548713
23	2	4	-0.02506434826399595
23	3	0	-0.029466319745591107
23	3	1	-0.007540907776814265
23	3	2	-0.03541023417172595
23	3	3	-0.028390174299863014
23	3	4	-0.018645842076304153
23	4	0	-0.03223243712055501
23	4	1	-0.026024862677074267
23	4	2	-0.032453310205261654
23	4	3	-0.025750962892501117
23	4	4	-0.026970315866043704
23	5	0	-0.02815727088753972
23	5	1	-0.0376999132697311
23	5	2	-0.028784041630528834
23	5	3	-0.00888985255854291
23	5	4	-0.024975752828059306
23	6	0	-0.017665221162185607
23	6	1	-0.03437525296328403
23	6	2	-0.021704538884070645
23	6	3	-0.015421434499995335
23	6	4	-0.013543444404032545
23	7	0	-0.023004336513443135
23	7	1	-0.04167909800520375
23	7	2	-0.04296154958080367
23	7	3	-0.012367223419037732
23	7	4	-0.013809230711841147
23	8	0	-0.03133159872795588
23	8	1	-0.015161607400982824
23	8	2	-0.01877074298930337
23	8	3	-0.027028602337054397
23	8	4	-0.033449439983586626
23	9	0	-0.02528129517201494
23	9	1	-0.024432494940734295
23	9	2	-0.029846776525007335
23	9	3	-0.012159723582239823
23	9	4	-0.015595128183606977
24	0	0	-0.04571147730557956
24	0	1	-0.0331702804278694
24	0	2	-0.036361954322058576
24	0	3	-0.022056766359846547
24	0	4	-0.034476447602794
24	1	0	-0.030047990748771514
24	1	1	-0.042115062156692695
24	1	2	-0.04211043654235336
24	1	3	-0.022889097165878725
24	1	4	-0.031550466758059725
24	2	0	-0.014527898236484593
24	2	1	-0.026490893321769127
24	2	2	-0.026318589187626418
24	2	3	-0.0254163985489001
24	2	4	-0.020508677689804244
24	3	0	-0.013727666955767437
24	3	1	-0.025469788956345885
24	3	2	-0.0187927146574155
24	3	3	-0.016928722640330518
24	3	4	-0.028209486239729964
24	4	0	-0.034367158138190135
24	4	1	-0.03231569817866431
24	4	2	-0.015528187337380706
24	4	3	-0.012906956140596337
24	4	4	-0.01613835809342601
24	5	0	-0.0337820179242555
24	5	1	-0.022127782596126133
24	5	2	-0.028932061289389854
24	5	3	-0.01655335776702216
24	5	4	-0.01025259025077152
24	6	0	-0.03330442324371208
24	6	1	-0.00013876843018201246
24	6	2	-0.028194275802254976
24	6	3	-0.02439521957679347
24	6	4	-0.015196448721894407
24	7	0	-0.026156692685747274
24	7	1	-0.013953165654813415
24	7	2	-0.023032090199479494
24	7	3	-0.0298251872161448
24	7	4	-0.03343311977170349
24	8	0	-0.020595547846198214
24	8	1	-0.025069673315987306
24	8	2	-0.0300572419774503
24	8	3	-0.03027166158408645
24	8	4	-0.019831388896660473
24	9	0	-0.025591211332754993
24	9	1	-0.028933217692974966
24	9	2	-0.02570222607690098
24	9	3	-0.04322874408975175
24	9	4	-0.012310102677447254
25	0	0	-0.020349233882625106
25	0	1	-0.023077189939288756
25	0	2	-0.015595258745302099
25	0	3	-0.020317498064889028
25	0	4	-0.020921345904559296
25	1	0	-0.030091934084995775
25	1	1	-0.015749060422087346
25	1	2	-0.024484533102052675
25	1	3	-0.023196849732814995
25	1	4	-0.04067579665948573
25	2	0	-0.021873373807458907
25	2	1	-0.012260190806591353
25	2	2	-0.03243133853714941
25	2	3	-0.0355395928340283
25	2	4	-0.02812555372147485
25	3	0	-0.012936686903729289
25	3	1	-0.03069673315987287
25	3	2	-0.006546400693842158
25	3	3	-0.026816439582575624
25	3	4	-0.006048969961484407
25	4	0	-0.021251228678808687
25	4	1	-0.025266261925412037
25	4	2	-0.021573865278982307
25	4	3	-0.00024247171940428025
25	4	4	-0.014261533726883435
25	5	0	-0.02877479040185016
25	5	1	-0.020744723908644236
25	5	2	-0.022430760335356847
25	5	3	-0.024235514646224532
25	5	4	-0.04208632925794309
25	6	0	-0.044156114483954845
25	6	1	-0.030216825672159442
25	6	2	-0.03913385371494671
25	6	3	-0.04285804213412403
25	6	4	-0.024951272510235212
25	7	0	-0.04214975426423806
25	7	1	-0.02287366290835502
25	7	2	-0.02838392599017059
25	7	3	-0.025059685346314864
25	7	4	-0.02611933338928829
25	8	0	-0.038746458514021365
25	8	1	-0.03352529632841861
25	8	2	-0.007861231569817995
25	8	3	-0.022113887101437135
25	8	4	-0.01273209672756448
25	9	0	-0.022936108701936853
25	9	1	-0.01807227522405319
25	9	2	-0.04385313674472391
25	9	3	-0.01751042162101668
25	9	4	-0.02773736582454378
26	0	0	-0.030504770164787587
26	0	1	-0.028461405030355547
26	0	2	-0.026872506504770244
26	0	3	-0.03093729308302784
26	0	4	-0.02493611802777229
26	1	0	-0.005171436831454268
26	1	1	-0.031589476727377885
26	1	2	-0.03027811506215683
26	1	3	-0.03792234376894321
26	1	4	-0.01672705145063358
26	2	0	-0.03314599595258738
26	2	1	-0.01089100896212758
26	2	2	-0.01876496097137903
26	2	3	-0.026360639379272466
26	2	4	-0.02736782959833639
26	3	0	-0.05734952298352114
26	3	1	-0.01788609424689236
26	3	2	-0.0332523850823937
26	3	3	-0.023722593701330896
26	3	4	-0.027046088278357527
26	4	0	-0.016026597282451482
26	4	1	-0.0276206996241688
26	4	2	-0.02393061578490896
26	4	3	-0.029756409180352383
26	4	4	6.0617929851125574e-05
26	5	0	-0.018605377276669555
26	5	1	-0.018566059554784742
26	5	2	-0.029538016767851727
26	5	3	-0.004609294127521535
26	5	4	-0.008527310708856595
26	6	0	-0.0238774212200058
26	6	1	-0.025417750795027394
26	6	2	-0.03975137322925715
26	6	3	-0.04282307025151766
26	6	4	-0.022838970800809544
26	7	0	-0.014613472101763447
26	7	1	-0.03091066782307017
26	7	2	-0.013556519225209507
26	7	3	-0.032497039047272636
26	7	4	-0.022908914566022176
26	8	0	-0.02326452732003459
26	8	1	-0.029315987279560418
26	8	2	-0.025228100607112003
26	8	3	-0.032304693692937536
26	8	4	-0.025482845125852305
26	9	0	-0.02181208441746163
26	9	1	-0.029664064758600728
26	9	2	-0.027675050592656958
26	9	3	-0.025756791539602086
26	9	4	-0.03526331496143753
27	0	0	-0.015066782307025184
27	0	1	-0.018060711188204626
27	0	2	-0.02806591500433664
27	0	3	-0.011456788741851298
27	0	4	-0.028001986402931944
27	1	0	-0.023333911535125873
27	1	1	-0.017957791269152867
27	1	2	-0.029352992194275895
27	1	3	-0.0275077171287621
27	1	4	-0.016029945257346467
27	2	0	-0.034884070540618706
27	2	1	-0.0326799653078923
27	2	2	-0.02269673315987275
27	2	3	-0.034609340756698304
27	2	4	-0.00849700174393142
27	3	0	-0.026822781150621422
27	3	1	-0.038773055796473166
27	3	2	-0.03321769297484822
27	3	3	-0.021696555969001108
27	3	4	-0.024092129927538397
27	4	0	-0.020673026886383172
27	4	1	-0.0325400404741254
27	4	2	-0.041211910956924
27	4	3	-0.01579563364388359
27	4	4	-0.00977347545906404
27	5	0	-0.020393177218849368
27	5	1	-0.03336571263370913
27	5	2	-0.0261867591789533
27	5	3	-0.029628178944128947
27	5	4	-0.01882070148933579
27	6	0	-0.027774501300954046
27	6	1	-0.0014686325527608624
27	6	2	-0.021526452732003487
27	6	3	-0.03131032649749588
27	6	4	-0.03215314886831
27	7	0	-0.026774212200057712
27	7	1	-0.017047701647875058
27	7	2	-0.037908065915004285
27	7	3	-0.02699479618386813
27	7	4	-0.03524233183187386
27	8	0	-0.021349522983521108
27	8	1	-0.027851980341138893
27	8	2	-0.015604509973980885
27	8	3	-0.035223680161150406
27	8	4	-0.017770379281724202
27	9	0	-0.03469442035270298
27	9	1	-0.016124891587163903
27	9	2	-0.018463139635732984
27	9	3	-0.02017527907562322
27	9	4	-0.023249307556724386
28	0	0	-0.0263625325238509
28	0	1	-0.03897773923099168
28	0	2	-0.024677652500722846
28	0	3	-0.023441652911059485
28	0	4	-0.0195387908121869
28	1	0	-0.03182422665510276
28	1	1	-0.025418907198612395
28	1	2	-0.02388089043076036
28	1	3	-0.03393321769297497
28	1	4	-0.024542101483740364
28	2	0	-0.028962127782596214
28	2	1	-0.020350390286209885
28	2	2	-0.04556345764671865
28	2	3	-0.017909101082729584
28	2	4	-0.025553954620485264
28	3	0	-0.023404452153801603
28	3	1	-0.020323793003758417
28	3	2	-0.013318300086730184
28	3	3	-0.03956019360434215
28	3	4	-0.024441848753602224
28	4	0	-0.02911246024862668
28	4	1	-0.02033766984677654
28	4	2	-0.024312228967909855
28	4	3	-0.031474694345746124
28	4	4	-0.03382713631573542
28	5	0	-0.0318785776235907
28	5	1	-0.025391153512575926
28	5	2	-0.039897080080948055
28	5	3	-0.007852353374553478
28	5	4	-0.021303705154389063
28	6	0	-0.03716681121711485
28	6	1	-0.020220873084706437
28	6	2	-0.03000520381613192
28	6	3	-0.014218401738335551
28	6	4	-0.019456024023352003
28	7	0	-0.037859496964440575
28	7	1	-0.03177103209019938
28	7	2	-0.02936224342295446
28	7	3	-0.03816481548834738
28	7	4	-0.019514310494362475
28	8	0	-0.016881179531656465
28	8	1	-0.015203237930037639
28	8	2	-0.03488407054061882
28	8	3	-0.043968982271586965
28	8	4	-0.022738718070671182
28	9	0	-0.03639202081526438
28	9	1	-0.03828389708008084
28	9	2	-0.03061231569817857
28	9	3	-0.025129629111527496
28	9	4	-0.00354848035512767
29	0	0	-0.017920786354437723
29	0	1	-0.013333333333333308
29	0	2	-0.03549696444058981
29	0	3	-0.01763165748071871
29	0	4	-0.01673870874483574
29	1	0	-0.04434576467187046
29	1	1	-0.026443480774790307
29	1	2	-0.026080370049147206
29	1	3	-0.03013293978308118
29	1	4	-0.02528816831267655
29	2	0	-0.02835385949696445
29	2	1	-0.038841283607978894
29	2	2	-0.03880774790401842
29	2	3	-0.0205063462309637
29	2	4	-0.01091938747913368
29	3	0	-0.029251228678808916
29	3	1	-0.025569239664643084
29	3	2	-0.04433304423243711
29	3	3	-0.03197828945527803
29	3	4	-0.03421998713034735
29	4	0	-0.03344897369181832
29	4	1	-0.005783174327840368
29	4	2	-0.037788956345764624
29	4	3	-0.005621147264266213
29	4	4	-0.04089145660222515
29	5	0	-0.030634287366290702
29	5	1	-0.015658860942469044
29	5	2	-0.03198959236773624
29	5	3	-0.004882074811851322
29	5	4	-0.03206571916179368
29	6	0	-0.02700664932061292
29	6	1	-0.013136744723908578
29	6	2	-0.033407343162763836
29	6	3	-0.027099711831687245
29	6	4	-0.026692872264033163
29	7	0	-0.027969933506793776
29	7	1	-0.025618965018791573
29	7	2	-0.0348667244868458
29	7	3	-0.025178589747176572
29	7	4	-0.033118372828246034
29	8	0	-0.030362532523850794
29	8	1	-0.02498178664353845
29	8	2	-0.028005782017924363
29	8	3	-0.023640992641915992
29	8	4	-0.03229769931641635
29	9	0	-0.03369297484822187
29	9	1	-0.031692396646429644
29	9	2	-0.03353107834634306
29	9	3	-0.018571235393410435
29	9	4	-0.016278245623851717
30	0	0	-0.032031222896790945
30	0	1	-0.02233246603064476
30	0	2	-0.011799942179820833
30	0	3	-0.03454872282684707
30	0	4	-0.020023734250995462
30	1	0	-0.04690835501590063
30	1	1	-0.019495808037005014
30	1	2	-0.032503035559410254
30	1	3	-0.019653032295367967
30	1	4	-0.034772542875528
30	2	0	0.0004035848511130258
30	2	1	-0.03782827406764944
30	2	2	-0.023156981786643382
30	2	3	-0.020909688610357358
30	2	4	-0.0038177638511971423
30	3	0	-0.02968603642671297
30	3	1	-0.028809482509395967
30	3	2	-0.034098872506504785
30	3	3	-0.0052154734260321245
30	3	4	-0.023388029357729878
30	4	0	-0.033481352992194235
30	4	1	-0.02808788667244866
30	4	2	-0.01647643827695877
30	4	3	-0.01587490324445817
30	4	4	-0.022069589383469035
30	5	0	-0.02270367158138198
30	5	1	-0.017865278982364785
30	5	2	-0.04283203237930022
30	5	3	-0.028572028089416168
30	5	4	-0.02287743987167623
30	6	0	-0.030783463428736724
30	6	1	-0.02473315987279545
30	6	2	-0.031346631974559114
30	6	3	-0.02927496292980436
30	6	4	-0.014797769260181393
30	7	0	-0.03850477016478748
30	7	1	-0.029368025440878687
30	7	2	-0.026751084128360803
30	7	3	-0.029673642391517152
30	7	4	-0.0345428941797461
30	8	0	-0.02918993928881186
30	8	1	-0.021091644984099323
30	8	2	-0.016439433362243516
30	8	3	-0.03700957763291646
30	8	4	-0.038140335170522954
30	9	0	-0.023919051749060283
30	9	1	-0.024064758600751524
30	9	2	-0.021858340560855782
30	9	3	-0.02420637141071902
30	9	4	-0.01093920487927702
31	0	0	-0.014641225787799916
31	0	1	-0.015537438566059603
31	0	2	-0.046762648164209386
31	0	3	-0.01731224761958039
31	0	4	-0.017988370683303834
31	1	0	-0.03464585140213938
31	1	1	-0.020050881757733396
31	1	2	-0.0445088175773346
31	1	3	-0.032781477025804695
31	1	4	-0.020191599287506135
31	2	0	-0.0049945070829721105
31	2	1	-0.025850245735761668
31	2	2	-0.042212200057820115
31	2	3	-0.03381897620979413
31	2	4	-0.01125045463447405
31	3	0	-0.029008383925990033
31	3	1	-0.029096270598439
31	3	2	-0.0315802254986991
31	3	3	-0.01589355491518163
31	3	4	-0.01380573352358061
31	4	0	-0.009608557386527772
31	4	1	-0.0403087597571552
31	4	2	-0.024189650187915634
31	4	3	-0.01479310634250064
31	4	4	-0.02632916468492663
31	5	0	-0.029223474992772336
31	5	1	-0.02163978028331881
31	5	2	-0.024211621856027543
31	5	3	-0.02762545580020337
31	5	4	-0.03399849854050663
31	6	0	-0.03398438855160446
31	6	1	-0.007937554206417952
31	6	2	-0.016294882914137054
31	6	3	-0.02084673922166569
31	6	4	-0.020395601936043506
31	7	0	-0.01733564614050298
31	7	1	-0.033947383636889206
31	7	2	-0.025684880023128076
31	7	3	0.00522596499081418
31	7	4	-0.015268723945947471
31	8	0	-0.007660017346053594
31	8	1	-0.027104943625325117
31	8	2	-0.02284822202948844
31	8	3	-0.031090003637075703
31	8	4	-0.04333249400815087
31	9	0	-0.0515964151488868
31	9	1	-0.02174270020237057
31	9	2	-0.03138479329285937
31	9	3	-0.03301928582752789
31	9	4	-0.022554532822277595
32	0	0	-0.0344874241110148
32	0	1	-0.027654235328129606
32	0	2	-0.02828331887828861
32	0	3	-0.007058491639388431
32	0	4	-0.03278147702580447
32	1	0	-0.017845620121422434
32	1	1	-0.017821335646140635
32	1	2	-0.018605377276669666
32	1	3	-0.02735384084529391
32	1	4	-0.02296137238993179
32	2	0	-0.013690662041052293
32	2	1	-0.009329864122578635
32	2	2	-0.031043654235328066
32	2	3	-0.014202081526452748
32	2	4	-0.027426116069346973
32	3	0	-0.0442174038739519
32	3	1	-0.0326418039895926
32	3	2	-0.03485516045099735
32	3	3	-0.012802040492777222
32	3	4	-0.015190620074793215
32	4	0	-0.0314460826828562
32	4	1	-0.017837525296328316
32	4	2	-0.014966175195143205
32	4	3	-0.033911068833990754
32	4	4	-0.0219343647707243
32	5	0	-0.021061578490893296
32	5	1	-0.032329575021682544
32	5	2	-0.02820583983810332
32	5	3	-0.019535293623926364
32	5	4	-0.01685994460453777
32	6	0	-0.022091934084995657
32	6	1	-0.02510552182711745
32	6	2	-0.014477016478751104
32	6	3	-0.011222477128388642
32	6	4	-0.03661322963004421
32	7	0	-0.035495808037004806
32	7	1	-0.021161029199190495
32	7	2	-0.022930326684012736
32	7	3	-0.03480285184045351
32	7	4	-0.010666424194947344
32	8	0	-0.026227233304423114
32	8	1	-0.019720150332466102
32	8	2	-0.02614165943914437
32	8	3	-0.017406671702617782
32	8	4	-0.020078523533745618
32	9	0	-0.02776293726510537
32	9	1	-0.03208557386527888
32	9	2	-0.011885516045099798
32	9	3	-0.02942650775443212
32	9	4	-0.02459922222533084
33	0	0	-0.020895056374674703
33	0	1	-0.028519225209598154
33	0	2	-0.026555651922521073
33	0	3	-0.04216326739967713
33	0	4	-0.02855687360695336
33	1	0	-0.028264816420931038
33	1	1	-0.025580803700491428
33	1	2	-0.01448626770743
33	1	3	-0.04153377351276255
33	1	4	-0.023485950629027585
33	2	0	-0.030393755420642043
33	2	1	-0.02490430760335338
33	2	2	-0.02570106967331587
33	2	3	-0.031823247442389735
33	2	4	-0.029410187542549315
33	3	0	-0.0326302399537437
33	3	1	-0.018084995663486647
33	3	2	-0.04471234460826823
33	3	3	-0.014853724272351765
33	3	4	-0.010266579003814336
33	4	0	-0.01338074588031224
33	4	1	-0.025802833188782848
33	4	2	-0.03091529343740973
33	4	3	-0.02761846142368196
33	4	4	-0.026210260284064923
33	5	0	-0.019641514888696254
33	5	1	-0.01863775657704536
33	5	2	-0.0167204394333621
33	5	3	-0.02815469695697992
33	5	4	-0.01644261347210163
33	6	0	-0.011975715524718211
33	6	1	-0.028440589765828195
33	6	2	-0.030016767851980375
33	6	3	-0.004699055292877952
33	6	4	-0.016725885721213585
33	7	0	-0.03248453310205257
33	7	1	-0.026039895923677392
33	7	2	-0.033333333333333326
33	7	3	-0.022898423001240342
33	7	4	-0.01630389167109647
33	8	0	-0.01726279271465725
33	8	1	-0.010515177797051245
33	8	2	-0.021317143683145523
33	8	3	-0.012466310419755988
33	8	4	-0.022258437549543486
33	9	0	-0.02495518936108687
33	9	1	-0.027277247759467937
33	9	2	-0.01665221162185615
33	9	3	-0.027659261953389302
33	9	4	-0.024757761426479674
34	0	0	-0.030923388262503626
34	0	1	-0.02633824804856899
34	0	2	-0.023074877132119198
34	0	3	-0.02888094638577232
34	0	4	-0.025537634408602128
34	1	0	0.0016605955478461443
34	1	1	-0.007293437409655934
34	1	2	-0.03295403295750221
34	1	3	-0.014509834093389129
34	1	4	-0.02203578323028288
34	2	0	-0.036878866724486925
34	2	1	-0.02449031511997668
34	2	2	-0.023154668979473825
34	2	3	-0.0331148756399855
34	2	4	-0.007720625950069615
34	3	0	-0.02586759178953446
34	3	1	-0.033238508239375686
34	3	2	-0.024213934663197434
34	3	3	-0.03215314886831
34	3	4	-0.02826077833421936
34	4	0	-0.03965654813529906
34	4	1	-0.024304134142815847
34	4	2	-0.025052327262214513
34	4	3	-0.023358886122224476
34	4	4	-0.0371681168340654
34	5	0	-0.05226597282451573
34	5	1	-0.023256432494940804
34	5	2	-0.04535067938710591
34	5	3	-0.03450792229713995
34	5	4	-0.033940212069496045
34	6	0	-0.02016536571263372
34	6	1	-0.02208730847065621
34	6	2	0.0018768430182133367
34	6	3	-0.017512753079857002
34	6	4	-0.025482845125852194
34	7	0	-0.026931483087597408
34	7	1	-0.04010407632263646
34	7	2	-0.01431511997687196
34	7	3	-0.036087485661528085
34	7	4	-0.015732684255192142
34	8	0	-0.027406764960971275
34	8	1	-0.01698872506504756
34	8	2	-0.028095981497542666
34	8	3	-0.024317115705639436
34	8	4	-0.029028994022139654
34	9	0	-0.030653946227233164
34	9	1	-0.013765828274067582
34	9	2	-0.03433130962705988
34	9	3	-0.022828479236027377
34	9	4	-0.01791026681214969
35	0	0	-0.023473836368892775
35	0	1	-0.035330442324371214
35	0	2	-0.02813761202659737
35	0	3	-0.02449547230693172
35	0	4	-0.027788657919033066
35	1	0	-0.026791558253830727
35	1	1	-0.0311824226655103
35	1	2	-0.018115062156692785
35	1	3	-0.026206763095804386
35	1	4	-0.010478741758292887
35	2	0	-0.016389708008094916
35	2	1	-0.02474009829430457
35	2	2	-0.042286209887250514
35	2	3	-0.031105158119538623
35	2	4	-0.023406681028453336
35	3	0	-0.01854061867591794
35	3	1	-0.014576467187048414
35	3	2	-0.026126626192541136
35	3	3	-0.019912989956075378
35	3	4	-0.01424637924442107
35	4	0	-0.031952587453020986
35	4	1	-0.014530211043654262
35	4	2	-0.014952298352125082
35	4	3	-0.017497598597394304
35	4	4	-0.03461983232148025
35	5	0	-0.02978086152067072
35	5	1	-0.018392599017057032
35	5	2	-0.03838219138479315
35	5	3	-0.01831827210922421
35	5	4	-8.742970651576254e-05
35	6	0	-0.0365654813529922
35	6	1	-0.02400231280716969
35	6	2	-0.022620410523272794
35	6	3	-0.036232036109634325
35	6	4	-0.0168308013690327
35	7	0	-0.02889043076033526
35	7	1	-0.025861809771610234
35	7	2	-0.027671581381902288
35	7	3	-0.025801089257570187
35	7	4	-0.0232213300506392
35	8	0	-0.03939173171436827
35	8	1	-0.013787799942179713
35	8	2	-0.023997687192830464
35	8	3	-0.04267269115631045
35	8	4	-0.027490231187458636
35	9	0	-0.025163342006360057
35	9	1	-0.022263081815553587
35	9	2	-0.021240821046545233
35	9	3	-0.03109350082533635
35	9	4	-0.010759682548564187
36	0	0	-0.01917895345475573
36	0	1	-0.04232668401272044
36	0	2	-0.020276380456779486
36	0	3	-0.01190326310979295
36	0	4	-0.016158175493569904
36	1	0	-0.02075744434807758
36	1	1	-0.02149407343162757
36	1	2	-0.0278612315698179
36	1	3	-0.02822813791045342
36	1	4	-0.02893223848026172
36	2	0	-0.02472043943336233
36	2	1	-0.006572997976293515
36	2	2	-0.04281121711477309
36	2	3	-0.026227746225368165
36	2	4	-0.01559163099534655
36	3	0	-0.03342815842729108
36	3	1	-0.012881179531656684
36	3	2	-0.023002023706273467
36	3	3	-0.01775639052868172
36	3	4	-0.023637495453655455
36	4	0	-0.03078693263949117
36	4	1	-0.022627348944781578
36	4	2	-0.021044232437120614
36	4	3	-0.03711216182189525
36	4	4	-0.020747652220947654
36	5	0	-0.025076611737496424
36	5	1	-0.01797860653368022
36	5	2	-0.02237294015611435
36	5	3	-0.023620009512352103
36	5	4	-0.017046461311771788
36	6	0	-0.03952356172304139
36	6	1	-0.03486556808326091
36	6	2	-0.03005145995952585
36	6	3	-0.03290970726202791
36	6	4	-0.03076593085825674
36	7	0	-0.005942758022549732
36	7	1	-0.04009251228678812
36	7	2	-0.024482220294883006
36	7	3	-0.031021225601283287
36	7	4	-0.036788089043075956
36	8	0	-0.024575888985255645
36	8	1	-0.026866724486845794
36	8	2	-0.030295461115929623
36	8	3	-0.037436234600714435
36	8	4	-0.02248225759822442
36	9	0	-0.01268574732581651
36	9	1	-0.018856316854582222
36	9	2	-0.019244868459092346
36	9	3	-0.01962505478928278
36	9	4	-0.001620363894095811
37	0	0	-0.019199768719282972
37	0	1	-0.02609771610292
37	0	2	-0.014050303555941057
37	0	3	-0.019135448432793245
37	0	4	-0.015717529772729333
37	1	0	-0.024064758600751746
37	1	1	-0.04317201503324675
37	1	2	-0.0240265972824516
37	1	3	0.010984668326665226
37	1	4	-0.03282577474377257
37	2	0	-0.03553743856605962
37	2	1	-0.01322694420352688
37	2	2	-0.031568661462850534
37	2	3	-0.02299401281369795
37	2	4	-0.01891629130179351
37	3	0	0.003336224342295524
37	3	1	-0.031170858629661846
37	3	2	-0.030759178953454813
37	3	3	-0.01509153307407518
37	3	4	-0.0117353980732825
37	4	0	-0.029050014455044737
37	4	1	-0.03741543798785785
37	4	2	-0.033362243422954796
37	4	3	-0.015655746113458102
37	4	4	-0.013911814900819719
37	5	0	-0.038995085284764364
37	5	1	-0.037618965018791584
37	5	2	-0.025460537727666654
37	5	3	0.006152719879883195
37	5	4	-0.028158194145240345
37	6	0	-0.04422087308470657
37	6	1	-0.01902977739230982
37	6	2	-0.015406764960971375
37	6	3	-0.013854694159229242
37	6	4	-0.02002723143925622
37	7	0	-0.008206996241688302
37	7	1	-0.040982943047123466
37	7	2	-0.04222838970800791
37	7	3	-0.021324688283952842
37	7	4	-0.011626985237202625
37	8	0	-0.012223185891876098
37	8	1	-0.021975137322925664
37	8	2	-0.03821682567215967
37	8	3	-0.027413293045724596
37	8	4	-0.023002172919639352
37	9	0	-0.039653078924544505
37	9	1	-0.021379589476727356
37	9	2	-0.030677074298930296
37	9	3	-0.03667501328931533
37	9	4	-0.01974046200188362
38	0	0	-0.03152934374096561
38	0	1	-0.040716970222607785
38	0	2	-0.014882914137033798
38	0	3	-0.024381230823750766
38	0	4	-0.029329752212554294
38	1	0	-0.028287944492627948
38	1	1	-0.03378895634576462
38	1	2	-0.022916449840994613
38	1	3	-0.01673870874483585
38	1	4	-0.029067463093006563
38	2	0	-0.03809540329575034
38	2	1	-0.03282104654524409
38	2	2	-0.015464585140213871
38	2	3	-0.02487783155676171
38	2	4	-0.031524820710815415
38	3	0	-0.024456779416016206
38	3	1	-0.02442208730847073
38	3	2	-0.03344434807747898
38	3	3	-0.020980798104990428
38	3	4	-0.030403389008570647
38	4	0	-0.01243943336224329
38	4	1	-0.010716392020815202
38	4	2	-0.025415437987857836
38	4	3	-0.04118522041611883
38	4	4	-0.03401365302296944
38	5	0	-0.01546921075455332
38	5	1	-0.02137149465163346
38	5	2	-0.03364787510841272
38	5	3	-0.030584077068703475
38	5	4	-0.018827695865856975
38	6	0	-0.02751777970511715
38	6	1	-0.02749002601908057
38	6	2	-0.012205839838103527
38	6	3	-0.025150612241091386
38	6	4	-0.0268444170886607
38	7	0	-0.03216305290546384
38	7	1	-0.03897311361665212
38	7	2	-0.014620410523272676
38	7	3	-0.024826539462272423
38	7	4	-0.014427067304553676
38	8	0	-0.028264816420930816
38	8	1	-0.011870482798496562
38	8	2	-0.02122231858918766
38	8	3	-0.033449439983586626
38	8	4	-0.03271269899001206
38	9	0	-0.035476149176062344
38	9	1	-0.022512864989881365
38	9	2	-0.03893148308759764
38	9	3	-0.006760064907814001
38	9	4	-0.01915526583293692
39	0	0	-0.027625325238508358
39	0	1	-0.014494362532523897
39	0	2	-0.0339150043365134
39	0	3	-0.0400463027725706
39	0	4	-0.034788863087411026
39	1	0	-0.021231569817866447
39	1	1	-0.02498641225787801
39	1	2	-0.0161838681699914
39	1	3	-0.012106100028910327
39	1	4	-0.029750580533251192
39	2	0	-0.01428967909800527
39	2	1	-0.027212489158716213
39	2	2	-0.030451575599884206
39	2	3	-0.02360951794757027
39	2	4	-0.003654561732367334
39	3	0	-0.015503902862098795
39	3	1	-0.02919803411390587
39	3	2	-0.030118531367447132
39	3	3	-0.02000391685085201
39	3	4	-0.0249431124042937
39	4	0	-0.01743047123446062
39	4	1	0.0010187915582537954
39	4	2	-0.018807747904018512
39	4	3	-0.009183616372436587
39	4	4	-0.022137201689841346
39	5	0	-0.010887539751373132
39	5	1	-0.038301243133853746
39	5	2	-0.03231338537149453
39	5	3	-0.03013876843018215
39	5	4	-0.03194914621977252
39	6	0	-0.029504481063891363
39	6	1	-0.040911246024862624
39	6	2	-0.0009517201503326245
39	6	3	-0.030436029432336364
39	6	4	-0.016574340896585937
39	7	0	-0.03703151199768717
39	7	1	-0.045853714946516244
39	7	2	-0.028858051459959455
39	7	3	-0.02940552462486823
39	7	4	-0.03417685514179947
39	8	0	-0.015680832610580953
39	8	1	-0.026184446371783743
39	8	2	-0.029451286498988205
39	8	3	-0.025233379029926617
39	8	4	-0.02247060030402237
39	9	0	-0.024115640358485013
39	9	1	-0.03157675628794443
39	9	2	-0.038725643249494124
39	9	3	-0.02094699195180405
39	9	4	-0.008134459894244994
40	0	0	-0.023589476727377878
40	0	1	-0.036997976293726476
40	0	2	-0.012769008383926028
40	0	3	-0.0179860392244634
40	0	4	-0.016722388532952714
40	1	0	-0.034123156981786695
40	1	1	-0.027555941023417185
40	1	2	-0.04131714368314554
40	1	3	-0.0062121720803142155
40	1	4	-0.02040609350082523
40	2	0	-0.019884359641515026
40	2	1	-0.027376698467765026
40	2	2	-0.025092801387684216
40	2	3	-0.02857785673651725
40	2	4	-0.01990949276781484
40	3	0	-0.020205839838103423
40	3	1	-0.01456259034403029
40	3	2	-0.029422376409366846
40	3	3	-0.02784694439004376
40	3	4	-0.007876833692378016
40	4	0	-0.014814686325527515
40	4	1	-0.0218895634576467
40	4	2	-0.017477883781439774
40	4	3	-0.015669734866500695
40	4	4	-0.03142806516893748
40	5	0	-0.009078924544666078
40	5	1	-0.025497542642382243
40	5	2	-0.02832841861809743
40	5	3	-0.022034617500862774
40	5	4	-0.03807388859357064
40	6	0	-0.012082104654524417
40	6	1	-0.025736918184446234
40	6	2	-0.038007516623301596
40	6	3	-0.025570274832367956
40	6	4	-0.019852372026224252
40	7	0	-0.0237120555073721
40	7	1	-0.026849378433073
40	7	2	-0.030877132119109474
40	7	3	-0.03683122103162395
40	7	4	-0.02650169263911817
40	8	0	-0.004137612026597237
40	8	1	-0.0030933795894767524
40	8	2	-0.032134142815842814
40	8	3	-0.04129713044045935
40	8	4	-0.028259612604799145
40	9	0	-0.04130442324371186
40	9	1	-0.021976293726510554
40	9	2	-0.044227811506215686
40	9	3	-0.03937950554420899
40	9	4	-0.03232800828134175
41	0	0	-0.026455044810638872
41	0	1	-0.037536860364267066
41	0	2	-0.02370858629661754
41	0	3	-0.019380251611037957
41	0	4	-0.03603386210819837
41	1	0	-0.046350968488002464
41	1	1	-0.042115062156692695
41	1	2	-0.015732870771899332
41	1	3	-0.02179331151087871
41	1	4	-0.017417163267399727
41	2	0	-0.012043943336224383
41	2	1	-0.028336513443191547
41	2	2	-0.002970800809482421
41	2	3	-0.01876474647716575
41	2	4	-0.01997477361534672
41	3	0	-0.015330442324371085
41	3	1	-0.016905464006938598
41	3	2	-0.025590054929170214
41	3	3	-0.03384345652761844
41	3	4	-0.02048303164255949
41	4	0	-0.017462850534836538
41	4	1	-0.020326105810927975
41	4	2	-0.031810349812084415
41	4	3	-0.015616111313170866
41	4	4	-0.048111984631023286
41	5	0	-0.02579358196010406
41	5	1	-0.01859843885516055
41	5	2	-0.012067071407921182
41	5	3	-0.019777765343330755
41	5	4	-0.009005259771143859
41	6	0	-0.012849956634865656
41	6	1	-0.01777623590633126
41	6	2	-0.030072275224053202
41	6	3	-0.02971560865064482
41	6	4	-0.03214382303294827
41	7	0	-0.03106446949985542
41	7	1	-0.03806186759178942
41	7	2	-0.026792714657415506
41	7	3	-0.02436024769418721
41	7	4	-0.03846907086702278
41	8	0	-0.025343740965596884
41	8	1	-0.003988435964151438
41	8	2	-0.029497542642382246
41	8	3	-0.025750962892501117
41	8	4	-0.01155471001314945
41	9	0	-0.025924255565192067
41	9	1	-0.02341254697889561
41	9	2	-0.031229835212489232
41	9	3	-0.012124751699633451
41	9	4	-0.025168098182394627
42	0	0	-0.02537496386238791
42	0	1	-0.044109858340560804
42	0	2	-0.02609077768141077
42	0	3	-0.026097184530304296
42	0	4	-0.02914206977590017
42	1	0	-0.026990459670425015
42	1	1	-0.019838103498120874
42	1	2	-0.007751373229257119
42	1	3	-0.01702081526452759
42	1	4	-0.029223670835314963
42	2	0	-0.011701647875108523
42	2	1	0.0012836079791849198
42	2	2	-0.028064758600751638
42	2	3	-0.01746612390304869
42	2	4	-0.029267968553283397
42	3	0	-0.02844868459092209
42	3	1	-0.024019658860942594
42	3	2	-0.0510263081815554
42	3	3	-0.022720066399947836
42	3	4	-0.008014389763963181
42	4	0	-0.006460826828563193
42	4	1	-0.01596183868169987
42	4	2	-0.02257531078346342
42	4	3	0.0021869083923192756
42	4	4	-0.014845564166410141
42	5	0	-0.019988435964151452
42	5	1	-0.01874414570685179
42	5	2	-0.03498467765250057
42	5	3	-0.04204319726939543
42	5	4	-0.007991075175558748
42	6	0	-0.036535414859786064
42	6	1	-0.008390864411679466
42	6	2	-0.029790112749349618
42	6	3	-0.0350826269013047
42	6	4	-0.04052774902311873
42	7	0	-0.014960393177218867
42	7	1	-0.04017577334489719
42	7	2	-0.004397802833188691
42	7	3	-0.025989937423644638
42	7	4	-0.029395033060086284
42	8	0	-0.028963284186180882
42	8	1	-0.019264527320034586
42	8	2	-0.026153223474992937
42	8	3	-0.024153913586809628
42	8	4	-0.03152831789907595
42	9	0	-0.025124024284475133
42	9	1	-0.01770222607690075
42	9	2	-0.02557502168256731
42	9	3	-0.019088819255984824
42	9	4	-0.0305794141510225
43	0	0	-0.027204394333622428
43	0	1	-0.025313674472390857
43	0	2	-0.04193119398670142
43	0	3	-0.017319241996101686
43	0	4	-0.035821699353719594
43	1	0	-0.019591789534547654
43	1	1	-0.018952298352124974
43	1	2	-0.03040069384215094
43	1	3	-0.0156918837254848
43	1	4	-0.014218401738335551
43	2	0	-0.03888869615495816
43	2	1	-0.027832321480196542
43	2	2	-0.026894478172882264
43	2	3	-0.0351339189957941
43	2	4	-0.018969914855123338
43	3	0	-0.02043712055507374
43	3	1	-0.01552009251228692
43	3	2	-0.02997745013009545
43	3	3	-0.03052345913885246
43	3	4	-0.017559382256665645
43	4	0	-0.015471523561722877
43	4	1	-0.026200636021971646
43	4	2	-0.029724197745013003
43	4	3	-0.020733663467905172
43	4	4	-0.025130794840947934
43	5	0	-0.04342989303266831
43	5	1	-0.03462850534836659
43	5	2	-0.03194102341717242
43	5	3	-0.024512958248235073
43	5	4	-0.022991681354857185
43	6	0	-0.03767100318010985
43	6	1	-0.027156981786643497
43	6	2	-0.022030644694998602
43	6	3	-0.026666060487368082
43	6	4	-0.03609098284978873
43	7	0	-0.010411101474414486
43	7	1	-0.011557097427002061
43	7	2	-0.02769239664642964
43	7	3	-0.042676188344570876
43	7	4	-0.031215902414458707
43	8	0	-0.026768430182133374
43	8	1	-0.03459843885516045
43	8	2	-0.03140560855738661
43	8	3	-0.017775042199405067
43	8	4	-0.041975584963023116
43	9	0	-0.026081526452731763
43	9	1	-0.02980283318878274
43	9	2	-0.0455437987857763
43	9	3	-0.01865516791166555
43	9	4	-0.0057470460416491065
44	0	0	-0.014148597860653367
44	0	1	-0.022045677941601616
44	0	2	-0.036537727666955844
44	0	3	-0.026318673120144576
44	0	4	-0.010567337194229198
44	1	0	-0.03127609135588327
44	1	1	-0.029350679387106116
44	1	2	-0.021898814686325596
44	1	3	-0.01578980499678273
44	1	4	-0.032972656650719356
44	2	0	-0.015672737785487167
44	2	1	-0.014244579358195786
44	2	2	-0.027091066782306883
44	2	3	-0.05430317358177372
44	2	4	-0.029067463093006674
44	3	0	-0.023686614628505298
44	3	1	-0.03293553050014475
44	3	2	-0.025906909511419385
44	3	3	0.0025296328418618064
44	3	4	-0.03161108468791107
44	4	0	-0.026822781150621533
44	4	1	-0.03342584562012141
44	4	2	-0.015227522405319549
44	4	3	-0.01657900381426669
44	4	4	-0.036235533297895195
44	5	0	-0.01859150043365132
44	5	1	-0.016954032957502196
44	5	2	-0.019634576467186804
44	5	3	-0.02206492646578817
44	5	4	-0.04158972852493237
44	6	0	-0.022075744434807754
44	6	1	-0.026814686325527526
44	6	2	-0.02469268574732586
44	6	3	-0.0333969821596769
44	6	4	-0.03157028415820362
44	7	0	-0.02747036715813811
44	7	1	-0.03364209309048838
44	7	2	-0.02982711766406476
44	7	3	-0.006615514459707761
44	7	4	-0.018982737878745493
44	8	0	-0.016145706851691144
44	8	1	-0.022248048568950574
44	8	2	-0.021333333333333315
44	8	3	-0.02053315800762856
44	8	4	-0.01710591351220281
44	9	0	-0.04146169413125167
44	9	1	-0.015865857184157117
44	9	2	-0.02250823937554214
44	9	3	-0.020856065057027418
44	9	4	-0.015723358419830302
45	0	0	-0.02146400693842143
45	0	1	-0.03809424689216534
45	0	2	-0.013629372651055238
45	0	3	-0.01751042162101657
45	0	4	-0.024621371084314836
45	1	0	-0.026860942468921678
45	1	1	-0.02508355015900543
45	1	2	-0.0198034113905754
45	1	3	-0.009879556836303705
45	1	4	-0.02386597842001692
45	2	0	-0.03795200925122877
45	2	1	-0.026375252963284024
45	2	2	-0.034568372361954314
45	2	3	-0.01180301037965481
45	2	4	-0.01752907329174036
45	3	0	-0.03354148597860651
45	3	1	-0.02707950274645865
45	3	2	-0.023917895345475615
45	3	3	-0.023377537792947933
45	3	4	-0.0068766378498354985
45	4	0	-0.02960971379011257
45	4	1	-0.03452674183289961
45	4	2	-0.036433651344319196
45	4	3	-0.02515877234703301
45	4	4	-0.030730958975650147
45	5	0	-0.02729690662041051
45	5	1	-0.01969933506793875
45	5	2	-0.021371494651633238
45	5	3	-0.02263846534053282
45	5	4	-0.02376572568987856
45	6	0	-0.01537091644984101
45	6	1	-0.0282578779994217
45	6	2	-0.0027695865857185753
45	6	3	-0.03486346977030452
45	6	4	-0.029593207061522575
45	7	0	-0.03081699913269731
45	7	1	-0.013669846776524941
45	7	2	-0.028582827406764988
45	7	3	-0.02317120368557002
45	7	4	-0.04120154062800174
45	8	0	-0.034019080659149936
45	8	1	-0.01765250072275215
45	8	2	-0.018527898236484597
45	8	3	-0.013496815227224124
45	8	4	-0.0328782325676823
45	9	0	-0.017542642382191276
45	9	1	-0.03699335067938703
45	9	2	-0.0276866146285053
45	9	3	-0.02037345307705929
45	9	4	-0.026373462402894732
46	0	0	-0.02341601618965028
46	0	1	-0.040617519514310474
46	0	2	-0.021268574732581702
46	0	3	-0.037929338145464286
46	0	4	-0.03230585942235764
46	1	0	-0.024189650187915634
46	1	1	-0.012339982653946202
46	1	2	-0.03926337091645005
46	1	3	-0.017713258540133725
46	1	4	-0.02370977067770841
46	2	0	-0.02887886672448703
46	2	1	-0.04173691818444625
46	2	2	-0.024139924833766924
46	2	3	-0.029773895121655625
46	2	4	-0.019520139141463777
46	3	0	-0.015409077768141044
46	3	1	-0.02916796762069973
46	3	2	-0.01738421509106669
46	3	3	-0.022960206660511684
46	3	4	-0.015528681606654993
46	4	0	-0.03484590922231856
46	4	1	-0.0050037583116507856
46	4	2	-0.023976871928303112
46	4	3	-0.01448535377556448
46	4	4	-0.031588935828926856
46	5	0	-0.028686903729401636
46	5	1	-0.04930789245446665
46	5	2	-0.02109627059843855
46	5	3	-0.01913195124453282
46	5	4	-0.02437423644722958
46	6	0	-0.024154958080370048
46	6	1	-0.013705695287655306
46	6	2	-0.03000751662330159
46	6	3	-0.024455837506644484
46	6	4	-0.017814676999692303
46	7	0	-0.0281341428158427
46	7	1	-0.027804567794160184
46	7	2	-0.0261867591789533
46	7	3	-0.026736004252580825
46	7	4	-0.008267353048149295
46	8	0	-0.03921595836947078
46	8	1	-0.020279849667533933
46	8	2	-0.019247181266261904
46	8	3	-0.028406494511745817
46	8	4	-0.020460882783575496
46	9	0	-0.03516623301532218
46	9	1	-0.03418791558253831
46	9	2	-0.03578143972246317
46	9	3	-0.021261738895261506
46	9	4	-0.008199740741776873
47	0	0	-0.02813876843018215
47	0	1	-0.04068227811506209
47	0	2	-0.020812951720150297
47	0	3	-0.01980457711999528
47	0	4	-0.040594195600070826
47	1	0	-0.03199768719283047
47	1	1	-0.03778086152067073
47	1	2	-0.0235871639202081
47	1	3	-0.018456993910229702
47	1	4	-0.024663337343442615
47	2	0	-0.00432841861809774
47	2	1	-0.03403989592367718
47	2	2	-0.006405319456490144
47	2	3	-0.030130608324240638
47	2	4	-0.03170900595920889
47	3	0	-0.032572419774501205
47	3	1	-0.016491471523561896
47	3	2	-0.02196126047990743
47	3	3	-0.028534724747969475
47	3	4	-0.02043873392459139
47	4	0	-0.02471581381902266
47	4	1	-0.028497253541485912
47	4	2	-0.00489389997108991
47	4	3	-0.016912402428447604
47	4	4	-0.015415605852894254
47	5	0	-0.026762648164209257
47	5	1	-0.03078924544666095
47	5	2	-0.014671292281005832
47	5	3	-0.023326245698458425
47	5	4	-0.022140698878101772
47	6	0	-0.03561029199190524
47	6	1	-0.029786643538594948
47	6	2	-0.014317432784041628
47	6	3	-0.02700645347807018
47	6	4	-0.03061205457478866
47	7	0	-0.029380745880312253
47	7	1	-0.022461983232147986
47	7	2	-0.034436542353281197
47	7	3	-0.024001203032761542
47	7	4	-0.024739109755756328
47	8	0	-0.025607400982942896
47	8	1	-0.024893899971089928
47	8	2	-0.019106100028910222
47	8	3	-0.03132548097995891
47	8	4	-0.03380615318617175
47	9	0	-0.03755305001445497
47	9	1	-0.009674472390864497
47	9	2	-0.017075455333911527
47	9	3	-0.020336149735612596
47	9	4	-0.015501869829989912
48	0	0	-0.018184446371783847
48	0	1	-0.00993581960104073
48	0	2	-0.02090315119976882
48	0	3	-0.009035568736069366
48	0	4	-0.00757374404312261
48	1	0	-0.029215380167678662
48	1	1	-0.04143278404163053
48	1	2	-0.029015322347499373
48	1	3	-0.032604286153932405
48	1	4	-0.02879934532635753
48	2	0	-0.00666666666666671
48	2	1	-0.014394911824226364
48	2	2	-0.013801676785197947
48	2	3	-0.02751004858760231
48	2	4	-0.007902479739622992
48	3	0	-0.03246140503035555
48	3	1	-0.02344608268285653
48	3	2	-0.012279849667533926
48	3	3	-0.03500685448899088
48	3	4	-0.04370669315203923
48	4	0	-0.026455044810638872
48	4	1	-0.023894767273778483
48	4	2	-0.03295750216825688
48	4	3	-0.04720971005977859
48	4	4	-0.044717380559363584
48	5	0	-0.030093090488580554
48	5	1	-0.02493321769297485
48	5	2	-0.02687828852269436
48	5	3	-0.02553180576150116
48	5	4	-0.010453095711048244
48	6	0	-0.03399595258745303
48	6	1	-0.014165943914425938
48	6	2	-0.014696733159872855
48	6	3	-0.026789627805910543
48	6	4	-0.014368780833543204
48	7	0	-0.016385082393755468
48	7	1	-0.030221451286499
48	7	2	-0.009976293726510543
48	7	3	-0.010376157569314315
48	7	4	-0.01943037797610725
48	8	0	-0.025928881179531515
48	8	1	-0.020726221451286442
48	8	2	-0.029990170569528796
48	8	3	-0.028126719450894844
48	8	4	-0.020498186125022078
48	9	0	-0.02975426423821892
48	9	1	-0.033704538884070545
48	9	2	-0.02786238797340279
48	9	3	-0.007545766537037535
48	9	4	-0.03265907543668223
49	0	0	-0.025832899681988986
49	0	1	-0.025459381324082098
49	0	2	-0.0340398959236774
49	0	3	-0.028102239133070084
49	0	4	-0.018790392524410393
49	1	0	-0.032182711766406524
49	1	1	-0.031418328996819844
49	1	2	-0.027192830297773973
49	1	3	-0.043522507903645646
49	1	4	-0.034236307342230154
49	2	0	-0.03334836657993645
49	2	1	-0.024862677074298678
49	2	2	-0.0251853136744723
49	2	3	-0.0154027828292721
49	2	4	-0.020263874511559532
49	3	0	-0.024880023128071693
49	3	1	-0.031890141659439264
49	3	2	-0.02685516045099745
49	3	3	-0.022533549692713817
49	3	4	-0.020872385268910554
49	4	0	-0.03073605088175757
49	4	1	-0.027283029777392165
49	4	2	-0.02825556519225214
49	4	3	-0.040399518786895294
49	4	4	-0.024184222551735024
49	5	0	-0.0254512864989882
49	5	1	-0.025141370338248148
49	5	2	-0.04655565192252076
49	5	3	-0.020915517257458438
49	5	4	-0.00946922008038864
49	6	0	-0.04342989303266853
49	6	1	-0.01964498409945059
49	6	2	-0.019391731714368365
49	6	3	-0.02157415437987853
49	6	4	-0.009883054024564353
49	7	0	-0.018524429025729927
49	7	1	-0.03316565481352984
49	7	2	-0.021653657126337045
49	7	3	-0.038523860149772826
49	7	4	-0.031393093286331
49	8	0	-0.03657010696733154
49	8	1	-0.021940445215379967
49	8	2	-0.02688638334778848
49	8	3	-0.018343918156468964
49	8	4	-0.03736162791782072
49	9	0	-0.026967331598727773
49	9	1	-0.023028620988724935
49	9	2	-0.025223474992772554
49	9	3	-0.02841698607652776
49	9	4	-0.014014399089798402
50	0	0	-0.031737496386238795
50	0	1	-0.040416305290546406
50	0	2	-0.02619485400404742
50	0	3	-0.035768075800389765
50	0	4	-0.03260195469509186
50	1	0	-0.03701647875108427
50	1	1	-0.032896212778259604
50	1	2	-0.02314310494362537
50	1	3	-0.026204431636964065
50	1	4	-0.02171870482798488
50	2	0	-0.01997224631396366
50	2	1	-0.04865915004336496
50	2	2	-0.021230413414281446
50	2	3	-0.03248071883538972
50	2	4	-0.011851971015303775
50	3	0	-0.042973113616652237
50	3	1	-0.04075744434807771
50	3	2	-0.03281526452732009
50	3	3	-0.030145762806703447
50	3	4	-0.006044307043803543
50	4	0	-0.018054929170280398
50	4	1	-0.02542815842729107
50	4	2	-0.03287192830297769
50	4	3	-0.026189277154501034
50	4	4	-0.021361991625399868
50	5	0	-0.02938999710899093
50	5	1	-0.0019832321480197646
50	5	2	-0.03546111592945922
50	5	3	-0.01586091449141558
50	5	4	-0.0360525137789216
50	6	0	-0.02142353281295173
50	6	1	-0.009188782885226843
50	6	2	-0.03476033535703971
50	6	3	-0.028486929841740505
50	6	4	-0.021869083923192534
50	7	0	-0.019289968198901386
50	7	1	-0.014325527609135524
50	7	2	-0.024583983810349763
50	7	3	-0.030788079717240513
50	7	4	-0.028252618228277737
50	8	0	-0.031363978028331796
50	8	1	-0.025566926857473193
50	8	2	-0.014619254119687786
50	8	3	-0.039429631909278284
50	8	4	-0.03813567225284209
50	9	0	-0.02535299219427567
50	9	1	-0.034470078057242004
50	9	2	-0.008742411101474445
50	9	3	-0.0318442305719534
50	9	4	-0.030308964925533255
51	0	0	-0.004659150043365146
51	0	1	-0.013310205261636288
51	0	2	-0.03393813240821053
51	0	3	-0.02510165160544231
51	0	4	-0.02259766481082537
51	1	0	-0.015243712055507452
51	1	1	-0.02973229257010701
51	1	2	-0.02538652789823659
51	1	3	-0.02161612063900631
51	1	4	-0.028808671161719368
51	2	0	-0.009400404741254698
51	2	1	-0.039969933506793565
51	2	2	-0.044841861809771566
51	2	3	-0.04477450130095417
51	2	4	0.0035449831668669107
51	3	0	-0.029919629950852844
51	3	1	-0.016146863255276256
51	3	2	-0.024771321191095597
51	3	3	-0.021747848063490394
51	3	4	-0.03892253961148573
51	4	0	-0.02852963284186183
51	4	1	-0.027437987857762303
51	4	2	-0.015699335067938747
51	4	3	-0.03737328521202288
51	4	4	-0.01924619272771355
51	5	0	-0.030944203527030867
51	5	1	-0.021750795027464687
51	5	2	-0.01954668979473817
51	5	3	-0.00929785785561743
51	5	4	-0.012805537681037649
51	6	0	-0.020079791847354755
51	6	1	-0.010393755420641804
51	6	2	-0.0385464006938423
51	6	3	-0.019818565873037985
51	6	4	-0.03979800240606557
51	7	0	-0.029766984677652375
51	7	1	-0.0336166522116218
51	7	2	-0.017173749638623836
51	7	3	-0.03674262559568764
51	7	4	-0.008120471141202512
51	8	0	-0.028387395200925036
51	8	1	-0.04079907487713208
51	8	2	-0.010891008962127913
51	8	3	-0.034342388719469485
51	8	4	-0.01987102369694771
51	9	0	-0.024816420930904748
51	9	1	-0.02904423243712062
51	9	2	-0.021233882625036116
51	9	3	-0.017207331971761275
51	9	4	-0.02550149679657543
52	0	0	-0.036578201792425546
52	0	1	-0.014133564614050242
52	0	2	-0.02479098005203817
52	0	3	-0.0014303499986010326
52	0	4	-0.030104962276995884
52	1	0	-0.04281699913269743
52	1	1	-0.01414165943914425
52	1	2	-0.016438276958658626
52	1	3	-0.03231052234003884
52	1	4	-0.022350530173740335
52	2	0	-0.0317051170858631
52	2	1	-0.02053078924544649
52	2	2	-0.02906851691240231
52	2	3	-0.007615710302250389
52	2	4	-0.017743567505059454
52	3	0	-0.031783752529632836
52	3	1	-0.027287655391731835
52	3	2	-0.0425290546400694
52	3	3	-0.02799149483815022
52	3	4	-0.0315761128053047
52	4	0	-0.036705406186759104
52	4	1	-0.028222029488291334
52	4	2	-0.026752240531945692
52	4	3	-0.02091784871629876
52	4	4	-0.03381547902153337
52	5	0	-0.04073200346921069
52	5	1	-0.03260942468921657
52	5	2	-0.03088407054061859
52	5	3	-0.011251620363894155
52	5	4	-0.022084743865931622
52	6	0	-0.018893321769297478
52	6	1	-0.023294593813240727
52	6	2	-0.031395200925122935
52	6	3	-0.019627386248123102
52	6	4	-0.0322417443042462
52	7	0	-0.01579069095114194
52	7	1	-0.03924486845909214
52	7	2	-0.035646140503035606
52	7	3	-0.004442594820431078
52	7	4	-0.012242490371074943
52	8	0	-0.039699335067938546
52	8	1	-0.009615495808036889
52	8	2	-0.027429893032668518
52	8	3	-0.02050984341922424
52	8	4	-0.03280479161420902
52	9	0	-0.02254524429025717
52	9	1	-0.021971668112171105
52	9	2	-0.020630239953743912
52	9	3	-0.03348324613677267
52	9	4	-0.016289902918053878
53	0	0	-0.008419774501300936
53	0	1	-0.01898352124891578
53	0	2	-0.020755131540908023
53	0	3	-0.02500139887530417
53	0	4	-0.03023319251321921
53	1	0	-0.025732292570107007
53	1	1	-0.03313443191673893
53	1	2	-0.031416016189650176
53	1	3	-0.024758927155900112
53	1	4	-0.034392515084538666
53	2	0	-0.01783058687481931
53	2	1	-0.039262214512864935
53	2	2	-0.03484128360797911
53	2	3	-0.012658655774090977
53	2	4	-0.012148066288037884
53	3	0	-0.026984677652500677
53	3	1	-0.01830239953743873
53	3	2	-0.02363342006360214
53	3	3	-0.02274804390603291
53	3	4	-0.00703284559214401
53	4	0	-0.00870656259034397
53	4	1	-0.007029777392309922
53	4	2	-0.027899392888118046
53	4	3	-0.012398698113383455
53	4	4	-0.021230264200915783
53	5	0	-0.030021393466319712
53	5	1	-0.02554842440011562
53	5	2	-0.02616131830008661
53	5	3	-0.033118372828246145
53	5	4	-0.02432993872926148
53	6	0	-0.012368892743567561
53	6	1	-0.019714368314541653
53	6	2	-0.03064816420930916
53	6	3	-0.03732549030579402
53	6	4	-0.024016357515224573
53	7	0	-0.02151951431049437
53	7	1	-0.02555651922520963
53	7	2	-0.034316276380456756
53	7	3	-0.019298650551623053
53	7	4	-0.016945042852213432
53	8	0	-0.015729401561144774
53	8	1	-0.02407516623301531
53	8	2	-0.04160508817577335
53	8	3	-0.03068899271652259
53	8	4	-0.03602103908457599
53	9	0	-0.029132119109569032
53	9	1	-0.04166522116218552
53	9	2	-0.024779416016189715
53	9	3	-0.026029572223931874
53	9	4	-0.01891512557237307
54	0	0	-0.011072564324949408
54	0	1	-0.023056374674761515
54	0	2	-0.032552760913558965
54	0	3	-0.03125437148532573
54	0	4	-0.021676738568857212
54	1	0	-0.012440589765828292
54	1	1	-0.021015322347499255
54	1	2	-0.01328129517201504
54	1	3	-0.027673250706432007
54	1	4	-0.036220378815432386
54	2	0	-0.008001156403584897
54	2	1	-0.03239086441167949
54	2	2	-0.008954032957502078
54	2	3	-0.03888057335235817
54	2	4	-0.0165941582967295
54	3	0	-0.034563746747614976
54	3	1	-0.02511130384504201
54	3	2	-0.03019947961838687
54	3	3	-0.016210633317479406
54	3	4	-0.02013098135765523
54	4	0	-0.02459092223185888
54	4	1	-0.01984735472679955
54	4	2	-0.028979473836368896
54	4	3	-0.029063965904745914
54	4	4	-0.0378255882270655
54	5	0	-0.030483954900260124
54	5	1	-0.037517201503324715
54	5	2	-0.025682567215958185
54	5	3	-0.022587173246043535
54	5	4	-0.032280213375113
54	6	0	-0.03379242555651918
54	6	1	-0.029793581960103954
54	6	2	-0.029135588320323813
54	6	3	-0.02484752259183609
54	6	4	-0.015947178468511347
54	7	0	-0.030345186470078
54	7	1	-0.036435964151488864
54	7	2	-0.028326105810928093
54	7	3	-0.020678874185155016
54	7	4	-0.0222747577614264
54	8	0	-0.02446487424110999
54	8	1	-0.01866319745591205
54	8	2	-0.04354784619832319
54	8	3	-0.028977701927650257
54	8	4	-0.019822063061298745
54	9	0	-0.03133159872795599
54	9	1	-0.01760277536860355
54	9	2	-0.015206707140792197
54	9	3	-0.021758339628272116
54	9	4	-0.006947747344468236
55	0	0	-0.022296617519514284
55	0	1	-0.05002601908065918
55	0	2	-0.021159872795605716
55	0	3	-0.023187523897452933
55	0	4	-0.011763375579367352
55	1	0	-0.013141370338248137
55	1	1	-0.018993928881179567
55	1	2	-0.021799363978028397
55	1	3	-0.010903067267250655
55	1	4	-0.025985274505963885
55	2	0	-0.034857473258167126
55	2	1	-0.04109627059843879
55	2	2	-0.023203237930037424
55	2	3	-0.03162973635863442
55	2	4	-0.028834317208964233
55	3	0	-0.014571841572708744
55	3	1	-0.023971089910378884
55	3	2	-0.030884070540618813
55	3	3	-0.03050247600928868
55	3	4	-0.016829635639612484
55	4	0	-0.02569644405897642
55	4	1	-0.028460248626770657
55	4	2	-0.026553339115351293
55	4	3	-0.02695399565416068
55	4	4	-0.013802236335319629
55	5	0	-0.017171436831454168
55	5	1	-0.030199479618386982
55	5	2	-0.039309627059843644
55	5	3	-0.010974176761883503
55	5	4	-0.03597324417834702
55	6	0	-0.03607285342584565
55	6	1	-0.02702746458514016
55	6	2	-0.0052812951720152546
55	6	3	-0.029743586156730006
55	6	4	-0.007854684833394132
55	7	0	-0.023082971957212872
55	7	1	-0.027427580225498738
55	7	2	-0.0263116507661173
55	7	3	-0.017072107359016653
55	7	4	-0.027424950339926646
55	8	0	-0.015310783463428623
55	8	1	-0.027694709453599198
55	8	2	-0.035281873373807504
55	8	3	-0.019899001203032785
55	8	4	-0.007504966007330194
55	9	0	-0.022959236773633873
55	9	1	-0.02343567505059263
55	9	2	-0.014614628505348448
55	9	3	-0.029090777681410773
55	9	4	-0.011960383851383427
56	0	0	-0.005519514310494356
56	0	1	-0.04058051459959533
56	0	2	-0.019487713211911006
56	0	3	-0.012889470199292985
56	0	4	-0.014351294892239852
56	1	0	0.014293148308759829
56	1	1	-0.021734605377276672
56	1	2	-0.008912402428447486
56	1	3	-0.01146961176547412
56	1	4	-0.029333249400815053
56	2	0	-0.027431049436253407
56	2	1	-0.014945359930615632
56	2	2	-0.0300468343451864
56	2	3	-0.04227984034169863
56	2	4	-0.03041737776161313
56	3	0	-0.02614281584272904
56	3	1	-0.035035559410234285
56	3	2	-0.03447586007516612
56	3	3	-0.026786130617650117
56	3	4	-0.024633028378516997
56	4	0	-0.03250997398091926
56	4	1	-0.022467765250072214
56	4	2	-0.0010870193697600783
56	4	3	-0.014601926717585756
56	4	4	-0.04849434388085305
56	5	0	-0.026790401850245726
56	5	1	-0.03654582249204985
56	5	2	-0.03230875975715508
56	5	3	-0.028644303313469455
56	5	4	-0.02532080873644238
56	6	0	-0.03229141370338251
56	6	1	-0.018167100318010942
56	6	2	-0.0036068227811506537
56	6	3	-0.02556094899700634
56	6	4	-0.01466254464743677
56	7	0	-0.02820583983810343
56	7	1	-0.017577334489736973
56	7	2	-0.00027175484243990855
56	7	3	-0.019960784862304015
56	7	4	-0.030994413824618317
56	8	0	-0.029393466319745376
56	8	1	-0.024204683434518648
56	8	2	-0.027436831454177635
56	8	3	-0.018954760372660306
56	8	4	-0.03045817829132058
56	9	0	-0.026146285053483598
56	9	1	-0.01652732003469204
56	9	2	-0.02158774212200054
56	9	3	-0.02100294696397431
56	9	4	-0.022202482537373336
57	0	0	1.2720439433344666e-05
57	0	1	-0.029765828274067707
57	0	2	-0.023088753975137433
57	0	3	-0.007921131410345894
57	0	4	-0.016510225778474052
57	1	0	-0.01711708586296634
57	1	1	-0.024697311361665197
57	1	2	-0.022541775079502835
57	1	3	-0.03368841451473037
57	1	4	-0.03611080024993241
57	2	0	-0.022250361376120353
57	2	1	-0.029368025440878687
57	2	2	-0.031022838970800826
57	2	3	-0.03370240326777263
57	2	4	-0.010469415922931602
57	3	0	-0.020784041630528938
57	3	1	-0.0259994217982078
57	3	2	-0.03686036426712935
57	3	3	-0.02831090469928843
57	3	4	-0.014306997174271974
57	4	0	-0.015432205839838065
57	4	1	-0.026915293437409615
57	4	2	-0.03332061289390009
57	4	3	-0.02713118652603319
57	4	4	-0.03282927193203322
57	5	0	-0.01721653657126332
57	5	1	-0.029528765539173163
57	5	2	-0.0248360797918471
57	5	3	-0.03242126663495892
57	5	4	0.0036079325555586905
57	6	0	-0.04112633709164504
57	6	1	-0.028988725065047682
57	6	2	-0.03622665510263101
57	6	3	-0.026976144513144673
57	6	4	-0.012349737477734712
57	7	0	-0.03125180688060125
57	7	1	-0.03548540040474113
57	7	2	-0.015582538305868754
57	7	3	-0.04641584832461365
57	7	4	-0.0323839632935119
57	8	0	-0.035742122000578025
57	8	1	-0.021750795027464576
57	8	2	-0.01578953454755716
57	8	3	-0.030294976172490662
57	8	4	-0.024468660530266972
57	9	0	-0.027941023417172417
57	9	1	-0.026724486845909112
57	9	2	-0.027945649031511977
57	9	3	-0.01389666041835691
57	9	4	-0.0208548993276072
58	0	0	-0.014472390864411766
58	0	1	-0.03804799074877141
58	0	2	-0.02636368892743568
58	0	3	-0.007855850562814126
58	0	4	-0.024369573529548938
58	1	0	-0.031104943625325343
58	1	1	-0.0197687192830297
58	1	2	-0.021383058687482026
58	1	3	-0.016624467261655118
58	1	4	-0.033632459502559886
58	2	0	-0.016225498699046104
58	2	1	-0.02396993350679366
58	2	2	-0.03490372940156106
58	2	3	-0.02142960393177218
58	2	4	-0.025045696593272604
58	3	0	-0.025835212489158654
58	3	1	-0.02801156403584859
58	3	2	-0.031906331309627056
58	3	3	-0.03690466198509745
58	3	4	-0.010345848604388697
58	4	0	-0.03548424400115624
58	4	1	-0.026054929170280405
58	4	2	-0.024804856895056404
58	4	3	-0.008586762909287615
58	4	4	-0.02310009419093717
58	5	0	-0.019461115929459427
58	5	1	-0.0446915293437411
58	5	2	-0.01987048279849657
58	5	3	-0.028812168349980016
58	5	4	-0.01611154631676115
58	6	0	-0.02068112171147729
58	6	1	-0.018655102630818043
58	6	2	-0.03308123735183588
58	6	3	-0.01742182618508059
58	6	4	-0.026748827276203313
58	7	0	-0.01969933506793864
58	7	1	-0.01817403873952006
58	7	2	-0.016271754842440145
58	7	3	-0.019121459679750763
58	7	4	-0.02120461815367114
58	8	0	-0.03262445793581947
58	8	1	-0.01719225209598152
58	8	2	-0.02832957502168265
58	8	3	-0.011540721260106968
58	8	4	-0.039541541933618696
58	9	0	-0.035180109858340414
58	9	1	-0.02569991326973109
58	9	2	-0.010391442613472135
58	9	3	-0.03192816309020874
58	9	4	0.004751513116787565
59	0	0	-0.025832899681988986
59	0	1	-0.027584851113038433
59	0	2	-0.018211043654235426
59	0	3	-0.022077749489410436
59	0	4	-0.028081256003506416
59	1	0	-0.015243712055507563
59	1	1	-0.010709453599306196
59	1	2	-0.011981497542642439
59	1	3	-0.028449626500293923
59	1	4	-0.03569813203517702
59	2	0	-0.02327030933795904
59	2	1	-0.015458803122289533
59	2	2	-0.04391211332755118
59	2	3	-0.014024890654580346
59	2	4	-0.01539345699391037
59	3	0	-0.007244868459092113
59	3	1	-0.033631685458225036
59	3	2	-0.01905868748193107
59	3	3	-0.03311370991056539
59	3	4	-0.025964291376400217
59	4	0	-0.024239375542064012
59	4	1	-0.025368025440878905
59	4	2	-0.036114483954900245
59	4	3	-0.03891904242322508
59	4	4	-0.02811039923901182
59	5	0	-0.027805724197745074
59	5	1	-0.040708875397513666
59	5	2	-0.039922520959814856
59	5	3	-0.024447677400703083
59	5	4	-0.030645860727974483
59	6	0	-0.024578201792425536
59	6	1	-0.03168314541775075
59	6	2	-0.016357328707719
59	6	3	-0.011740060990963141
59	6	4	-0.014096000149213417
59	7	0	-0.01962301243133846
59	7	1	-0.015040185024573605
59	7	2	-0.025862966175195123
59	7	3	-0.030004709546857633
59	7	4	-0.009251228678808898
59	8	0	-0.03587626481642081
59	8	1	-0.03199884359641514
59	8	2	-0.0036843018213357226
59	8	3	-0.022465937386341506
59	8	4	-0.02971910583890558
59	9	0	-0.0426435385949695
59	9	1	-0.01635154668979466
59	9	2	-0.02294535993061586
59	9	3	-0.04002531964300704
59	9	4	-0.030707644387245936
60	0	0	-0.0216906620410523
60	0	1	-0.026178664353859515
60	0	2	-0.03570974270020244
60	0	3	-0.04378129983493262
60	0	4	-0.02046437997183581
60	1	0	-0.03994680543509688
60	1	1	-0.021184157270887516
60	1	2	-0.028818733738074642
60	1	3	-0.03872203415120923
60	1	4	-0.026269712484495833
60	2	0	-0.03081468632552775
60	2	1	-0.017299797629372504
60	2	2	-0.02936224342295468
60	2	3	-0.023194518273974563
60	2	4	-0.03761225974316662
60	3	0	-0.02463717837525292
60	3	1	-0.013274356750506144
60	3	2	-0.023677363399826623
60	3	3	-0.0373523020824591
60	3	4	-0.014286014044708195
60	4	0	-0.04069037294015598
60	4	1	-0.035525874530211055
60	4	2	-0.03286267707429902
60	4	3	-0.016737543015415635
60	4	4	-0.028975370468809714
60	5	0	-0.031913269731136173
60	5	1	-0.04783463428736634
60	5	2	-0.02242382191384773
60	5	3	-0.03188969401934183
60	5	4	-0.03643953594643223
60	6	0	-0.02001965886094248
60	6	1	-0.019013587742121918
60	6	2	-0.025314830875975858
60	6	3	-0.04923225060384773
60	6	4	-0.034526573967863294
60	7	0	-0.0167458803122289
60	7	1	-0.025389997108991036
60	7	2	-0.01738421509106669
60	7	3	-0.00881874306390995
60	7	4	-0.018166727284596562
60	8	0	-0.03046660884648722
60	8	1	-0.03241283607979184
60	8	2	-0.01630760335357051
60	8	3	-0.016812149698309242
60	8	4	-0.04429072359156583
60	9	0	-0.02358369470945343
60	9	1	-0.024203527030933758
60	9	2	-0.037742700202370805
60	9	3	-0.02358154044148497
60	9	4	-0.012508276678883434
61	0	0	-0.045066204105232766
61	0	1	-0.007507372072853458
61	0	2	-0.019885516045099805
61	0	3	-0.029302940435889435
61	0	4	-0.026439908979846716
61	1	0	-0.02201561144839559
61	1	1	-0.034540618675917956
61	1	2	-0.02563168545822503
61	1	3	-0.014293008421229492
61	1	4	-0.03327574629997476
61	2	0	-0.03308123735183588
61	2	1	-0.02171263370916443
61	2	2	-0.03362243422954614
61	2	3	-0.025700836527432047
61	2	4	-0.033429622583443064
61	3	0	-0.02073315987279556
61	3	1	-0.031617230413414354
61	3	2	-0.044603642671292354
61	3	3	-0.018024508295330532
61	3	4	-0.02882615710302261
61	4	0	-0.01824457935819601
61	4	1	-0.027236773633998235
61	4	2	-0.027168545822492063
61	4	3	-0.03884909865801234
61	4	4	-0.03412323158846953
61	5	0	-0.022608846487424006
61	5	1	-0.02100838392599025
61	5	2	-0.02085342584562011
61	5	3	-0.01926484439843701
61	5	4	-0.005340206473994802
61	6	0	-0.03944492627927154
61	6	1	-0.013180688060132839
61	6	2	-0.008318010985834179
61	6	3	-0.005846133042367252
61	6	4	-0.029075623198948075
61	7	0	-0.04365076611737495
61	7	1	-0.024339982653946213
61	7	2	-0.033925411968777075
61	7	3	-0.02123376138917643
61	7	4	-0.017087261841479462
61	8	0	-0.020664932061289276
61	8	1	-0.028612893899971015
61	8	2	-0.029890719861231596
61	8	3	-0.016497402754851787
61	8	4	-0.035717949435320695
61	9	0	-0.020711188204683317
61	9	1	-0.029273200346921047
61	9	2	-0.017898814686325593
61	9	3	-0.021336345578155114
61	9	4	-0.02086422516296893
62	0	0	-0.03359930615784912
62	0	1	-0.027612604799074902
62	0	2	-0.031562879444926306
62	0	3	-0.03282577474377257
62	0	4	-0.02320617556817639
62	1	0	-0.027096848800231332
62	1	1	-0.024773633998265487
62	1	2	-0.012460248626770865
62	1	3	-0.04258992436747533
62	1	4	-0.03197246080817684
62	2	0	-0.03735993061578491
62	2	1	-0.02749233882625013
62	2	2	-0.02468574732581663
62	2	3	-0.028421648994208626
62	2	4	-0.0158317712559104
62	3	0	-0.032105232726221344
62	3	1	-0.032530789245446834
62	3	2	-0.015330442324371307
62	3	3	-0.02426582361115004
62	3	4	-0.03308223521621967
62	4	0	-0.005882625036137457
62	4	1	-0.01384562012142232
62	4	2	-0.017105521827117554
62	4	3	-0.017122233724085834
62	4	4	-0.0008719656063191916
62	5	0	-0.029223474992772336
62	5	1	-0.018797340271754837
62	5	2	-0.029614339404452017
62	5	3	-0.02596312564698
62	5	4	-0.00974433222355875
62	6	0	-0.01761433940445223
62	6	1	-0.029768141081237265
62	6	2	-0.05934778837814403
62	6	3	-0.03925360676682621
62	6	4	-0.01577231905547949
62	7	0	-0.024449840994507088
62	7	1	-0.006707140792136523
62	7	2	-0.02680196588609418
62	7	3	-0.015281546969569737
62	7	4	-0.005621147264266213
62	8	0	-0.023380167678519692
62	8	1	-0.02894825093957787
62	8	2	-0.024980630239953894
62	8	3	-0.020815264527320076
62	8	4	-0.00802954424642588
62	9	0	-0.022912980630239943
62	9	1	-0.027284186180977166
62	9	2	-0.01982307025151775
62	9	3	-0.038332680524858054
62	9	4	-0.013254343507819621
63	0	0	-0.025828274067649648
63	0	1	-0.029821335646140423
63	0	2	-0.006711766406475972
63	0	3	-0.010655932630165288
63	0	4	-0.02076980107993165
63	1	0	-0.022082682856316982
63	1	1	-0.02444521538016764
63	1	2	-0.02611737496386246
63	1	3	-0.04771680235757125
63	1	4	-0.01812825821372943
63	2	0	-0.0127632263660018
63	2	1	-0.02461058109280123
63	2	2	-0.010649320612893809
63	2	3	-0.037330153223475104
63	2	4	-0.014297671338910356
63	3	0	-0.024579358196010315
63	3	1	-0.029304423243712185
63	3	2	-0.0331529343740965
63	3	3	-0.022626808046330882
63	3	4	-0.015444749088399656
63	4	0	-0.021852558542931222
63	4	1	-0.011271465741543696
63	4	2	-0.030041052327262285
63	4	3	-0.029110595081554447
63	4	4	-0.020887539751373252
63	5	0	-0.034492049725354135
63	5	1	-0.035646140503035606
63	5	2	-0.010922231858918718
63	5	3	-0.016306223129936903
63	5	4	-0.0473810722845498
63	6	0	-0.029645562301243156
63	6	1	-0.022323214801965863
63	6	2	-0.011747904018502564
63	6	3	-0.03798762461647509
63	6	4	-0.00047794906228726397
63	7	0	-0.006671292281006047
63	7	1	-0.016925122867880837
63	7	2	-0.011629950852847681
63	7	3	-0.017006826511484663
63	7	4	-0.02700062483096921
63	8	0	-0.022126626192541132
63	8	1	-0.02026134721017636
63	8	2	-0.019721306736050992
63	8	3	-0.023909110408564804
63	8	4	-0.03290621007376737
63	9	0	-0.027628794449262695
63	9	1	-0.022443480774790414
63	9	2	-0.020581671003180202
63	9	3	-0.01610921485792083
63	9	4	-0.021258241707000858
64	0	0	-0.010355594102341659
64	0	1	-0.024164209309048945
64	0	2	-0.02498756866146301
64	0	3	-0.011600173460537655
64	0	4	-0.0354230198920068
64	1	0	-0.03215033246603083
64	1	1	-0.010043365134431936
64	1	2	-0.02557386527898242
64	1	3	-0.04113742550989008
64	1	4	-0.023145557638325487
64	2	0	-0.02447528187337389
64	2	1	-0.035587163920208
64	2	2	-0.02242844752818729
64	2	3	-0.029477799848921515
64	2	4	-0.011765707038208117
64	3	0	-0.02095056374674753
64	3	1	-0.037003758311650925
64	3	2	-0.03203816131829995
64	3	3	-0.021771162651894715
64	3	4	-0.02780847531917685
64	4	0	-0.022421509106678172
64	4	1	0.00201792425556524
64	4	2	-0.022066493206128968
64	4	3	-0.023941750832330855
64	4	4	-0.01931147357524554
64	5	0	-0.01861231569817856
64	5	1	-0.026991616074009905
64	5	2	-0.025687192830297523
64	5	3	-0.015515858583032616
64	5	4	-0.016985843381920884
64	6	0	-0.0376756287944493
64	6	1	-0.014982364845330887
64	6	2	-0.01057762359063319
64	6	3	-0.03383529642167682
64	6	4	-0.021081050835128456
64	7	0	-0.008098294304712428
64	7	1	-0.027476149176062337
64	7	2	-0.03648106389129813
64	7	3	-0.011091915433324884
64	7	4	-0.01799886224808589
64	8	0	-0.018183289968198735
64	8	1	-0.03160797918473546
64	8	2	-0.04664932061289406
64	8	3	-0.0035391545197660523
64	8	4	-0.01790094097678796
64	9	0	-0.015840416305290428
64	9	1	-0.01483203237930042
64	9	2	-0.01291471523561738
64	9	3	-0.017060450064814492
64	9	4	-0.028205989051469205
65	0	0	-0.007214801965886086
65	0	1	-0.036630239953743815
65	0	2	-0.023343162763804548
65	0	3	-0.03715063089276216
65	0	4	-0.015034412332484592
65	1	0	-0.027853136744723894
65	1	1	-0.04041052327262218
65	1	2	-0.024553917317143736
65	1	3	-0.0186201960290594
65	1	4	-0.020772132538772192
65	2	0	-0.02134605377276677
65	2	1	-0.023141948540040258
65	2	2	-0.016544666088464832
65	2	3	-0.030899989741581146
65	2	4	-0.015528681606655104
65	3	0	-0.022194854004047304
65	3	1	-0.022722174038739773
65	3	2	-0.030997398091934136
65	3	3	-0.02034664130039454
65	3	4	-0.02047137434835733
65	4	0	-0.024278693263949047
65	4	1	-0.030435385949696303
65	4	2	-0.03360046256143412
65	4	3	-0.0045253616092660875
65	4	4	-0.029117589458075632
65	5	0	-0.02235443769875689
65	5	1	-0.025442035270309415
65	5	2	-0.03224631396357314
65	5	3	-0.03207621072657596
65	5	4	-0.02218266513722955
65	6	0	-0.03346863255276089
65	6	1	-0.03486556808326102
65	6	2	-0.03333795894767266
65	6	3	-0.031107489578378944
65	6	4	0.0005035951095317959
65	7	0	-0.025913847932928502
65	7	1	-0.03617461694131241
65	7	2	-0.024019658860942372
65	7	3	-0.043699698775517715
65	7	4	-0.031964300702235326
65	8	0	-0.029971668112171113
65	8	1	-0.0119999999999999
65	8	2	-0.01942989303266851
65	8	3	-0.023314588404256376
65	8	4	-0.03846907086702289
65	9	0	-0.0328950563746746
65	9	1	-0.019196299508528414
65	9	2	-0.046665510263081966
65	9	3	-0.018254156991112436
65	9	4	-0.02060077031400087
66	0	0	-0.030479329285920898
66	0	1	-0.03944030066493209
66	0	2	-0.040275224053194725
66	0	3	-0.0416363577017409
66	0	4	-0.02242863404489459
66	1	0	-0.023301532234749955
66	1	1	-0.024669557675628728
66	1	2	-0.02038623879734036
66	1	3	-0.027363166680655637
66	1	4	-0.013276492366803727
66	2	0	-0.032498409945070805
66	2	1	-0.00806475860075151
66	2	2	-0.005244290257299777
66	2	3	-0.023861315502336167
66	2	4	-0.022313226832293753
66	3	0	-0.03318068806013297
66	3	1	-0.018954611159294643
66	3	2	-0.009650187915582586
66	3	3	-0.021451752790756284
66	3	4	-0.013626211192867665
66	4	0	-0.029838681699913217
66	4	1	-0.009698756866146296
66	4	2	-0.036186180977161087
66	4	3	-0.02443135718882028
66	4	4	-0.04050443443471452
66	5	0	-0.030992772477594688
66	5	1	-0.013593524139924873
66	5	2	-0.015892454466608807
66	5	3	-0.018877822230926378
66	5	4	-0.016734045827154875
66	6	0	-0.040076322636600215
66	6	1	-0.025614339404452013
66	6	2	-0.02430182133564618
66	6	3	-0.039304898861315385
66	6	4	-0.027534528905426625
66	7	0	-0.029843307314252554
66	7	1	-0.02850303555941025
66	7	2	-0.025199190517490644
66	7	3	-0.025157606617612682
66	7	4	-0.02251489802199025
66	8	0	-0.04860132986412247
66	8	1	-0.013644405897658252
66	8	2	-0.03155362821624752
66	8	3	-0.025762620186703167
66	8	4	-0.039350362308704034
66	9	0	-0.04081642093090476
66	9	1	-0.012426712922810057
66	9	2	-0.043890141659439164
66	9	3	-0.034833160805379126
66	9	4	-0.026797787911852056
67	0	0	-0.038007516623301485
67	0	1	-0.026722174038739444
67	0	2	-0.023766406475860147
67	0	3	-0.015011097744080382
67	0	4	-0.015754833114176137
67	1	0	-0.03168314541775086
67	1	1	-0.023501590054929244
67	1	2	-0.006356750505926545
67	1	3	-0.040181527385315774
67	1	4	-0.028244458122336336
67	2	0	-0.037593524139924894
67	2	1	-0.01632379300375808
67	2	2	-0.02355709742700196
67	2	3	-0.021634772309729655
67	2	4	-0.023779714442921485
67	3	0	-0.016507661173749466
67	3	1	-0.027190517490604305
67	3	2	-0.002360219716681322
67	3	3	-0.033039103227671784
67	3	4	-0.009529838010239877
67	4	0	-0.030190228389707974
67	4	1	-0.014643538594969585
67	4	2	-0.021680254408788735
67	4	3	-0.031796435665724765
67	4	4	-0.019912989956075267
67	5	0	-0.037535703960682176
67	5	1	-0.00162474703671589
67	5	2	-0.01966926857473239
67	5	3	-0.007164573016627984
67	5	4	-0.025756791539602086
67	6	0	-0.02626192541196881
67	6	1	-0.009415437987857711
67	6	2	-0.022148597860653485
67	6	3	-0.019203060739165667
67	6	4	-0.018952428913819874
67	7	0	-0.04013298641225771
67	7	1	-0.027015900549291705
67	7	2	-0.025902283897080047
67	7	3	-0.040671133741804866
67	7	4	-0.025573772020628827
67	8	0	-0.036038161318299955
67	8	1	-0.029200346921075426
67	8	2	-0.02435385949696456
67	8	3	-0.018588721334713565
67	8	4	-0.04300142685281039
67	9	0	-0.03531193986701342
67	9	1	-0.028121422376409355
67	9	2	-0.025070829719572196
67	9	3	-0.03207504499715552
67	9	4	-0.031071351966352356
68	0	0	-0.042559121133275535
68	0	1	-0.03903093379589484
68	0	2	-0.03497889563457657
68	0	3	-0.00758540133732466
68	0	4	-0.011812336215016317
68	1	0	-0.03163226366001748
68	1	1	-0.032505348366580034
68	1	2	-0.024058976582827518
68	1	3	-0.014241716326740206
68	1	4	-0.027740863012804318
68	2	0	-0.02890430760335372
68	2	1	-0.03722231858918745
68	2	2	-0.024732003469210784
68	2	3	-0.03742807449477292
68	2	4	-0.023276119333389467
68	3	0	-0.029248915871639136
68	3	1	-0.00885689505637477
68	3	2	-0.013591211332755093
68	3	3	-0.01704063266467104
68	3	4	-0.031692685747325866
68	4	0	-0.03438334778837804
68	4	1	-0.013332176929748418
68	4	2	-0.02152298352124893
68	4	3	-0.027191804455884094
68	4	4	-0.028767870632011805
68	5	0	-0.03764440589765816
68	5	1	-0.0374015611448395
68	5	2	-0.03513732292570082
68	5	3	-0.019477007152915782
68	5	4	-0.005955711607867231
68	6	0	-0.016733159872795667
68	6	1	-0.024381613183000694
68	6	2	-0.03765365712633717
68	6	3	-0.022802833188782845
68	6	4	-0.03871154258642717
68	7	0	-0.03917317143683141
68	7	1	-0.02282278115062164
68	7	2	-0.03508644116796755
68	7	3	-0.028067267250464045
68	7	4	-0.026518012851001083
68	8	0	-0.03169933506793865
68	8	1	-0.016412836079791826
68	8	2	-0.03219658860942476
68	8	3	-0.03295517070941634
68	8	4	-0.010687407324511122
68	9	0	-0.03320034692107532
68	9	1	-0.029918473547268065
68	9	2	-0.003850823937554204
68	9	3	-0.034061447929198185
68	9	4	-0.026168294024937255
69	0	0	-0.02842555651922518
69	0	1	-0.02414570685169115
69	0	2	-0.02353512575888994
69	0	3	-0.010264247544973681
69	0	4	-0.041848520456219895
69	1	0	-0.03986123156981791
69	1	1	-0.0344874241110148
69	1	2	-0.027357039606822786
69	1	3	-0.03881995542250716
69	1	4	-0.038367652407464425
69	2	0	-0.03052442902573005
69	2	1	-0.012045099739809051
69	2	2	-0.012781728823359262
69	2	3	-0.012845172481324996
69	2	4	-0.009842253494857012
69	3	0	-0.03349754264238214
69	3	1	-0.02311766406475868
69	3	2	-0.026256143394044584
69	3	3	-0.009589290210670676
69	3	4	-0.036966445644368684
69	4	0	0.0064284475281874975
69	4	1	-0.026316276380456638
69	4	2	-0.015565192252096072
69	4	3	0.005367018250659772
69	4	4	-0.019397737552341088
69	5	0	-0.03007690083839254
69	5	1	-0.02830991616074008
69	5	2	-0.03347441457068501
69	5	3	-0.01580495947924543
69	5	4	-0.011777364332409945
69	6	0	-0.031419485400404734
69	6	1	-0.006547557097426937
69	6	2	-0.02336513443191679
69	6	3	-0.01653120890803783
69	6	4	-0.034085928247022834
69	7	0	-0.023811506215669076
69	7	1	-0.04501185313674472
69	7	2	-0.026616941312518017
69	7	3	-0.02110319969411245
69	7	4	-0.021109028341213643
69	8	0	-0.019240242844752675
69	8	1	-0.027359352413992455
69	8	2	0.003346631974558978
69	8	3	-0.02644806908578834
69	8	4	-0.00826269013046843
69	9	0	-0.032915871639201955
69	9	1	-0.025972824515755888
69	9	2	-0.03248337669846779
69	9	3	-0.042519980602262364
69	9	4	-0.017248132501468727
70	0	0	-0.02732466030644687
70	0	1	-0.030637756577045372
70	0	2	-0.019901705695287708
70	0	3	-0.02961535592050646
70	0	4	-0.015533344524335635
70	1	0	-0.018083839259901868
70	1	1	-0.00998323214801966
70	1	2	-0.023376698467765245
70	1	3	-0.026106510365666136
70	1	4	-0.014983120237995307
70	2	0	-0.025314830875975747
70	2	1	-0.022799653078924398
70	2	2	-0.013933506793871064
70	2	3	-0.0396592806050603
70	2	4	-0.012875481446250836
70	3	0	-0.011828852269441859
70	3	1	-0.0240774790401852
70	3	2	-0.019370916449841014
70	3	3	-0.030185397606990683
70	3	4	-0.014586772235123169
70	4	0	-0.02776409366869026
70	4	1	-0.03240358485111294
70	4	2	-0.024106389129806338
70	4	3	-0.025757957269022302
70	4	4	-0.02341017821671365
70	5	0	-0.029075455333911426
70	5	1	-0.02580283318878296
70	5	2	-0.02741717259323495
70	5	3	-0.02021374814649024
70	5	4	-0.027132352255453185
70	6	0	-0.041873373807458814
70	6	1	-0.024453310205261536
70	6	2	-0.028446371783752644
70	6	3	-0.04280675003963463
70	6	4	-0.03942730045043796
70	7	0	-0.02013876843018203
70	7	1	-0.006427291124602497
70	7	2	-0.02171841572708877
70	7	3	-0.03942147180333677
70	7	4	-0.034221152859767345
70	8	0	-0.04116796762069963
70	8	1	-0.0014605377276669662
70	8	2	-0.03209482509395789
70	8	3	-0.021323522554532848
70	8	4	-0.030891829635639634
70	9	0	-0.03728476438276951
70	9	1	-0.028442902572997975
70	9	2	-0.008376987568661565
70	9	3	-0.011807673297335564
70	9	4	-0.01837655858023468
71	0	0	-0.0436715813819023
71	0	1	-0.023227522405319334
71	0	2	-0.04218328996819898
71	0	3	-0.01691589961670803
71	0	4	-0.026369965214634083
71	1	0	-0.006117374963862443
71	1	1	-0.020009251228678804
71	1	2	-0.03232263660017354
71	1	3	-0.005661947793973776
71	1	4	-0.025313814359921305
71	2	0	-0.022571841572709084
71	2	1	-0.032296039317721736
71	2	2	-0.03128418618097717
71	2	3	-0.010567337194229198
71	2	4	-0.024574741907506636
71	3	0	-0.035891298063023935
71	3	1	-0.021135588320323917
71	3	2	-0.02441977450130095
71	3	3	-0.040961400367438006
71	3	4	-0.018508286004718988
71	4	0	-0.017217692974848098
71	4	1	-0.035937554206417865
71	4	2	-0.02407400982943053
71	4	3	-0.029572223931958685
71	4	4	-0.008048195917149226
71	5	0	-0.03856952876553921
71	5	1	-0.023603353570396113
71	5	2	-0.04143740965596976
71	5	3	-0.013827882382564494
71	5	4	-0.012472139066856736
71	6	0	-0.03784215091066778
71	6	1	-0.02001965886094248
71	6	2	-0.033291702804278844
71	6	3	-0.030890663906219307
71	6	4	-0.009973980919340875
71	7	0	-0.03728129517201506
71	7	1	-0.01743162763804562
71	7	2	-0.02112633709164491
71	7	3	-0.025756791539601975
71	7	4	-0.01602877952792625
71	8	0	-0.039384793292859155
71	8	1	-0.020673026886383283
71	8	2	-0.02875050592656858
71	8	3	-0.014552966081936902
71	8	4	-0.007409376194872697
71	9	0	-0.035642671292280825
71	9	1	-0.03278404163052906
71	9	2	-0.01156403584851129
71	9	3	-0.027782829271931986
71	9	4	-0.034570871685831284
72	0	0	-0.040912402428447625
72	0	1	-0.026183289968198964
72	0	2	-0.012318010985834182
72	0	3	-0.02508766285239994
72	0	4	-0.014833906872208091
72	1	0	-0.014119687771032119
72	1	1	-0.019363978028331896
72	1	2	-0.014111592945938112
72	1	3	-0.0022556864281119138
72	1	4	-0.03895984295293253
72	2	0	-0.014327840416305304
72	2	1	-0.022165943914425834
72	2	2	-0.02087655391731702
72	2	3	-0.022243283067080677
72	2	4	-0.024628365460836243
72	3	0	-0.03642093090488574
72	3	1	-0.03057184157270909
72	3	2	-0.024930904885805183
72	3	3	-0.023170037956150025
72	3	4	-0.01179135308545276
72	4	0	-0.0022584562012140097
72	4	1	-0.027437987857762414
72	4	2	-0.025716102919919104
72	4	3	-0.015494875453468726
72	4	4	-0.02853006183028839
72	5	0	-0.022925701069673288
72	5	1	-0.028265972824515817
72	5	2	-0.023691240242844636
72	5	3	-0.023477790523086184
72	5	4	-0.03129167482677264
72	6	0	-0.02833188782885221
72	6	1	-0.023646140503035484
72	6	2	-0.032500722752240585
72	6	3	-0.023882298631899834
72	6	4	-0.032444581223363245
72	7	0	-0.031089910378722108
72	7	1	-0.020546978895634616
72	7	2	-0.019141948540040477
72	7	3	-0.019377920152197525
72	7	4	-0.016847121580915503
72	8	0	-0.020378143972246243
72	8	1	-0.0310320901994795
72	8	2	-0.026583405608557542
72	8	3	-0.01104878344477711
72	8	4	-0.02966315082673543
72	9	0	-0.030531367447238944
72	9	1	-0.03245562301243121
72	9	2	-0.015158138190228487
72	9	3	-0.022441457068516857
72	9	4	-0.004518367232744902
73	0	0	-0.02166522116218561
73	0	1	-0.02906736050881764
73	0	2	-0.020160740098294272
73	0	3	-0.03609214857920873
73	0	4	-0.03326175754693228
73	1	0	-0.013337958947672868
73	1	1	-0.024405897658282827
73	1	2	-0.03339577912691538
73	1	3	-0.020235897005474457
73	1	4	-0.02644457189752769
73	2	0	-0.02014108123735181
73	2	1	-0.028466030644694773
73	2	2	-0.024355015900549226
73	2	3	-0.02139929496684667
73	2	4	-0.028971873280549287
73	3	0	-0.03327088753975138
73	3	1	-0.0280855738652791
73	3	2	-0.019484244001156448
73	3	3	-0.02315138628542668
73	3	4	-0.020622919172984977
73	4	0	-0.02796299508528466
73	4	1	-0.035130384504191925
73	4	2	-0.015491182422665672
73	4	3	-0.008495836014510982
73	4	4	-0.041052327262214416
73	5	0	-0.03484359641514889
73	5	1	-0.03008383925990188
73	5	2	-0.03944608268285621
73	5	3	-0.025189081311958628
73	5	4	-0.025933982411474377
73	6	0	-0.029821335646140423
73	6	1	-0.038078057241977326
73	6	2	-0.02429719572130684
73	6	3	-0.03218695502149593
73	6	4	-0.01382321946488363
73	7	0	-0.01893610870193685
73	7	1	-0.030919919051749067
73	7	2	0.0020595547846199436
73	7	3	-0.025334797489485084
73	7	4	-0.0187402661593411
73	8	0	-0.01637698756866135
73	8	1	-0.016533102052616377
73	8	2	-0.03079502746458518
73	8	3	-0.012979231364649513
73	8	4	-0.0073417638885003855
73	9	0	-0.030353281295172008
73	9	1	-0.04598091934084991
73	9	2	-0.0066007516623303175
73	9	3	-0.020205588040548728
73	9	4	-0.015515858583032505
74	0	0	-0.0310829719572131
74	0	1	-0.04264353859496961
74	0	2	-0.024062445793581966
74	0	3	-0.04254096373182614
74	0	4	-0.02284246798907008
74	1	0	-0.024023128071697153
74	1	1	-0.020175773344897285
74	1	2	-0.026989303266840126
74	1	3	-0.05297890496041202
74	1	4	-0.03831869177181535
74	2	0	-0.020501879155825464
74	2	1	-0.003450708297195515
74	2	2	-0.0458571841572708
74	2	3	-0.015209271745516673
74	2	4	-0.01287081852856986
74	3	0	-0.03090951141948539
74	3	1	-0.043523561723041504
74	3	2	-0.012009251228678797
74	3	3	-0.03615626369732072
74	3	4	-0.021480896026261576
74	4	0	-0.028430182133564408
74	4	1	-0.03428389708008084
74	4	2	-0.030827406764961096
74	4	3	-0.018122429566628462
74	4	4	-0.026860737300543724
74	5	0	-0.015568661462850408
74	5	1	-0.03691587163920207
74	5	2	-0.015799942179820503
74	5	3	-0.012732096727564368
74	5	4	-0.014894524802058995
74	6	0	-0.023204394333622536
74	6	1	-0.02384735472679944
74	6	2	-0.03922636600173468
74	6	3	-0.018268145744154918
74	6	4	-0.019710153036958333
74	7	0	-0.02695461115929454
74	7	1	-0.03443307314252675
74	7	2	-0.023818444637178415
74	7	3	-0.04577236568465615
74	7	4	-0.010358671628011074
74	8	0	-0.03085978606533668
74	8	1	-0.019701647875108308
74	8	2	-0.01713790112749347
74	8	3	-0.025860541458001207
74	8	4	-0.02946730828413957
74	9	0	-0.039463428736629
74	9	1	-0.035649609713790054
74	9	2	-0.021904596704249824
74	9	3	-0.028430974829570466
74	9	4	-0.005418310345149169
75	0	0	-0.030093090488580554
75	0	1	-0.03618155536282164
75	0	2	-0.02038739520092514
75	0	3	-0.0284053287823256
75	0	4	-0.026316341661304143
75	1	0	-0.02838045677941614
75	1	1	-0.03292165365712629
75	1	2	-0.022597282451575773
75	1	3	-0.021511204991187194
75	1	4	-0.03202608436150667
75	2	0	-0.016986412257878003
75	2	1	-0.034389129806302265
75	2	2	-0.03054640069384207
75	2	3	-0.017890449412006015
75	2	4	-0.02890659243301741
75	3	0	-0.035472679965307896
75	3	1	-0.041136744723908714
75	3	2	-0.008565481352992177
75	3	3	-0.026706861017075756
75	3	4	-0.031897854125283454
75	4	0	-0.023984966753396897
75	4	1	-0.022860942468921674
75	4	2	-0.03113501011853148
75	4	3	-0.01454130878773463
75	4	4	-0.017828665752734785
75	5	0	-0.0032714657415437998
75	5	1	-0.028730847065625897
75	5	2	-0.028434807747903856
75	5	3	-0.013921140736181559
75	5	4	-0.0340707737645598
75	6	0	-0.040661462850534846
75	6	1	-0.01949927724775935
75	6	2	-0.028222029488291445
75	6	3	-0.027901733672793694
75	6	4	-0.019731136166522334
75	7	0	-0.032301821335645964
75	7	1	-0.03302457357617805
75	7	2	-0.036654524429025725
75	7	3	-0.0261344878717511
75	7	4	-0.016035773904447437
75	8	0	-0.030899103787221605
75	8	1	-0.030537149465163393
75	8	2	-0.012586296617519643
75	8	3	-0.012498950843521817
75	8	4	-0.030322953678575737
75	9	0	-0.026347499277247666
75	9	1	-0.04170916449841
75	9	2	-0.012630239953744016
75	9	3	-0.03136861296850668
75	9	4	-0.028513741618405475
76	0	0	-0.015402139346631927
76	0	1	-0.00791673894189071
76	0	2	-0.03320034692107554
76	0	3	-0.03293069039159169
76	0	4	-0.03746770929506005
76	1	0	-0.03536050881757746
76	1	1	-0.021632841861809915
76	1	2	-0.02124891587163924
76	1	3	-0.012141071911516588
76	1	4	-0.02236685038562325
76	2	0	-0.00939577912691536
76	2	1	-0.04120497253541466
76	2	2	-0.036675339693552966
76	2	3	-0.027540357552527928
76	2	4	-0.023222495780059638
76	3	0	-0.002313963573286948
76	3	1	-0.0323272622145131
76	3	2	-0.025585429314830876
76	3	3	-0.027520540152384143
76	3	4	-0.016179158623133794
76	4	0	-0.036800231280716966
76	4	1	-0.02410291991905167
76	4	2	-0.038105810928013906
76	4	3	-0.007290471794010989
76	4	4	-0.034428652696565365
76	5	0	-0.034024862677074164
76	5	1	-0.028222029488291445
76	5	2	-0.030167100318010842
76	5	3	-0.017049958500032658
76	5	4	-0.019023538408452834
76	6	0	-0.020408210465452603
76	6	1	-0.018921075455333836
76	6	2	-0.03640011564035861
76	6	3	-0.023949910938272256
76	6	4	-0.018259985638213627
76	7	0	-0.04458051459959511
76	7	1	-0.03578606533680251
76	7	2	-0.02877479040185027
76	7	3	-0.028279430004942707
76	7	4	-0.03570162922343767
76	8	0	-0.02695345475570954
76	8	1	-0.037933506793870975
76	8	2	-0.013296328418618164
76	8	3	-0.02522638465340543
76	8	4	-0.028425146182469385
76	9	0	-0.02235096848800222
76	9	1	-0.025519514310494262
76	9	2	-0.029203816131830096
76	9	3	-0.01750809016217625
76	9	4	-0.021286219213086044
77	0	0	-0.0019092223185891433
77	0	1	-0.03137554206418036
77	0	2	-0.024705406186759316
77	0	3	-0.01663845601469749
77	0	4	-0.02023123408779326
77	1	0	-0.029969355305001555
77	1	1	-0.017398091934084925
77	1	2	-0.02033535703960676
77	1	3	-0.02233187850301699
77	1	4	-0.004302707290005592
77	2	0	-0.015029777392309929
77	2	1	-0.02227464585140193
77	2	2	-0.03656201214223753
77	2	3	-0.03191650579600669
77	2	4	-0.036040856484719774
77	3	0	-0.03413819022838971
77	3	1	-0.027639202081526593
77	3	2	-0.02189187626481648
77	3	3	-0.011335552882149491
77	3	4	-0.025588926503091636
77	4	0	-0.024433651344319074
77	4	1	-0.021017635154668812
77	4	2	-0.036630239953743926
77	4	3	-0.016096391834298673
77	4	4	-0.01971714741347952
77	5	0	-0.025724197745013
77	5	1	-0.03239664642960405
77	5	2	-0.04180745880312209
77	5	3	-0.024648182860979806
77	5	4	-0.026934178254016894
77	6	0	-0.03057068516912398
77	6	1	-0.016263660017346027
77	6	2	-0.03160104076322645
77	6	3	-0.026882886159527608
77	6	4	-0.02885879752678855
77	7	0	-0.021383058687481915
77	7	1	-0.019830008673026867
77	7	2	-0.025395779126915263
77	7	3	-0.03649315949976217
77	7	4	-0.01898040641990506
77	8	0	-0.03297600462561412
77	8	1	-0.03227175484244005
77	8	2	-0.04375599884359638
77	8	3	-0.017896278059107096
77	8	4	-0.01697535181713905
77	9	0	-0.03467823070251508
77	9	1	-0.01996646429603921
77	9	2	-0.03646371783752533
77	9	3	-0.0222386201493997
77	9	4	-0.027632450176724555
78	0	0	-0.01552240531945659
78	0	1	-0.020477594680543443
78	0	2	-0.021159872795605716
78	0	3	-0.029030159751559648
78	0	4	-0.03532276716186844
78	1	0	-0.02575310783463436
78	1	1	-0.027502746458514027
78	1	2	-0.01741196877710327
78	1	3	-0.02712535787893222
78	1	4	-0.007846524727452397
78	2	0	-0.011877421220005902
78	2	1	-0.016633709164498245
78	2	2	-0.022592656837236103
78	2	3	-0.04400045696593269
78	2	4	-0.002535461488962998
78	3	0	-0.018832032379300312
78	3	1	-0.01886672448684601
78	3	2	-0.035447239086441096
78	3	3	-0.023391526545990415
78	3	4	-0.01631904615355917
78	4	0	-0.03523677363399824
78	4	1	-0.04202486267707417
78	4	2	-0.03731251806880609
78	4	3	-0.016378498353989968
78	4	4	-0.015215100392617642
78	5	0	-0.03484822202948823
78	5	1	-0.016984099450708334
78	5	2	-0.03176293726510526
78	5	3	-0.022894925812979805
78	5	4	-0.0038107694746755127
78	6	0	-0.027473836368892668
78	6	1	-0.020963284186180875
78	6	2	-0.03506100028910086
78	6	3	-0.024563084613304254
78	6	4	-0.021682567215958515
78	7	0	-0.023716681121711436
78	7	1	-0.014029488291413705
78	7	2	-0.029962416883492327
78	7	3	-0.015132333603782522
78	7	4	-0.010374991839894099
78	8	0	-0.03340387395200917
78	8	1	-0.01866551026308183
78	8	2	-0.028047412546979067
78	8	3	-0.03202025571440559
78	8	4	-0.02295554374283082
78	9	0	-0.024534258456201052
78	9	1	-0.030457357617808545
78	9	2	-0.021289389997109054
78	9	3	-0.029666648014995856
78	9	4	-0.01075035671320268
79	0	0	-0.016806013298641287
79	0	1	-0.0326152067071408
79	0	2	-0.019177797051170953
79	0	3	-0.039505404321592
79	0	4	-0.011523235318803504
79	1	0	-0.03892917028042797
79	1	1	-0.024819890141659418
79	1	2	-0.032452153801676875
79	1	3	-0.03478420016973027
79	1	4	-0.017526741832899706
79	2	0	-0.011574443480774965
79	2	1	-0.03587163920208147
79	2	2	-0.02185949696444045
79	2	3	-0.025059685346314975
79	2	4	-0.020021402792155252
79	3	0	-0.018133564614050246
79	3	1	-0.011347788378144097
79	3	2	-0.033953165654813544
79	3	3	-0.02124891587163924
79	3	4	-0.022513732292570254
79	4	0	-0.022921075455333728
79	4	1	-0.03211910956923969
79	4	2	-0.03456027753686031
79	4	3	-0.04039485586921454
79	4	4	-0.029008010892575653
79	5	0	-0.03266030644694984
79	5	1	-0.037836368892743666
79	5	2	-0.009411968777103041
79	5	3	-0.03115295302576737
79	5	4	-0.012486127819899329
79	6	0	-0.026252674183289915
79	6	1	-0.005617808615206554
79	6	2	-0.02963978028331893
79	6	3	-0.021735025039867795
79	6	4	-0.042460528401831676
79	7	0	-0.03871292281006067
79	7	1	-0.02769239664642953
79	7	2	-0.03281295172015031
79	7	3	-0.026736004252580825
79	7	4	-0.04154426507754427
79	8	0	-0.02328534258456194
79	8	1	-0.020858051459959337
79	8	2	-0.009780861520670703
79	8	3	-0.022491583433586038
79	8	4	-0.013683331934458032
79	9	0	-0.03455333911535108
79	9	1	-0.026870193697600353
79	9	2	-0.020426712922810175
79	9	3	-0.01954578518870831
79	9	4	-0.01848613714573466
80	0	0	-0.006426134721017607
80	0	1	-0.0044405897658282845
80	0	2	-0.015581381902283975
80	0	3	-0.00963475365805877
80	0	4	-0.01639831575413353
80	1	0	-0.037564614050303646
80	1	1	-0.02366117374963861
80	1	2	-0.02075397513732291
80	1	3	-0.03425029609527286
80	1	4	-0.019377920152197525
80	2	0	-0.02853425845620139
80	2	1	-0.031706273489447656
80	2	2	-0.020906620410523158
80	2	3	-0.030895326823900282
80	2	4	-0.006813688461144052
80	3	0	-0.030844752818733667
80	3	1	-0.026480485689505784
80	3	2	-0.036455623012431326
80	3	3	-0.02517975547659701
80	3	4	-0.0030763599399417085
80	4	0	-0.031027464585140274
80	4	1	-0.02727377854871349
80	4	2	-0.015044810638913053
80	4	3	-0.0269330125245969
80	4	4	-0.03018073468930982
80	5	0	-0.02077710320901993
80	5	1	-0.024905464006938494
80	5	2	-0.03243596415148864
80	5	3	-0.015124173497841231
80	5	4	-0.03272085909595346
80	6	0	-0.034465452442902444
80	6	1	-0.04205377276669553
80	6	2	-0.010408788667244928
80	6	3	-0.020895699857314654
80	6	4	-0.03823359352414002
80	7	0	-0.028441746169412974
80	7	1	-0.03386180977161013
80	7	2	-0.03866666666666663
80	7	3	-0.0245374385660595
80	7	4	-0.014298837068330461
80	8	0	-0.020641803989592256
80	8	1	-0.03384677652500723
80	8	2	-0.013913847932928602
80	8	3	-0.025746299974820253
80	8	4	-0.006591034141883334
80	9	0	-0.04372593235039024
80	9	1	-0.02181208441746163
80	9	2	-0.013298641225787833
80	9	3	-0.023001007190218914
80	9	4	-0.02355472866482
81	0	0	-0.04018849378433076
81	0	1	-0.029300954032957516
81	0	2	-0.030436542353281415
81	0	3	-0.007909474116143844
81	0	4	-0.03241543798785773
81	1	0	-0.021307892454466737
81	1	1	-0.025511419485400366
81	1	2	-0.029151777970511827
81	1	3	-0.013372082179261446
81	1	4	-0.029617687379347002
81	2	0	-0.02558080370049154
81	2	1	-0.037365712633709025
81	2	2	-0.028733159872795455
81	2	3	-0.02474726986169795
81	2	4	-0.007326609406037687
81	3	0	-0.02788667244868437
81	3	1	-0.01567273778548728
81	3	2	-0.03880543509684875
81	3	3	-0.011517406671702757
81	3	4	-0.023604855029889293
81	4	0	-0.023795316565481395
81	4	1	-0.008172304134142827
81	4	2	-0.022263081815553698
81	4	3	-0.02371559932480949
81	4	4	-0.02236102173852228
81	5	0	-0.021341428158427322
81	5	1	-0.033879155825383145
81	5	2	-0.028513443191673815
81	5	3	-0.01676318906266039
81	5	4	-0.014045873784144014
81	6	0	-0.02078751084128372
81	6	1	-0.006061867591789394
81	6	2	-0.014796183868170165
81	6	3	-0.017270281360452833
81	6	4	-0.007919965680926011
81	7	0	-0.023675050592656732
81	7	1	-0.023431049436253182
81	7	2	-0.025014165943914368
81	7	3	-0.0229403892603679
81	7	4	-0.01801285100112837
81	8	0	-0.0254501300954032
81	8	1	-0.039212489158716335
81	8	2	-0.027381324082104697
81	8	3	-0.026783799158809685
81	8	4	-0.013377910826362305
81	9	0	-0.0391743278404163
81	9	1	-0.01566695576756283
81	9	2	-0.017697600462561525
81	9	3	-0.0011808839026755669
81	9	4	-0.026135653601171316
82	0	0	-0.022393755420641703
82	0	1	-0.02744608268285631
82	0	2	-0.02865105521827127
82	0	3	-0.024994404498782874
82	0	4	-0.0246050508724317
82	1	0	-0.022316276380456967
82	1	1	-0.030282740676496167
82	1	2	-0.029505637467476253
82	1	3	-0.0319165057960068
82	1	4	-0.031382601721549164
82	2	0	-0.019535125758889937
82	2	1	-0.031014744145706596
82	2	2	-0.03489447817288238
82	2	3	-0.037052709621464563
82	2	4	-0.026062212647698146
82	3	0	-0.01647759468054344
82	3	1	-0.02514137033824826
82	3	2	-0.034566059554784534
82	3	3	-0.03042553786755442
82	3	4	-0.039929729830549654
82	4	0	-0.024237062734894343
82	4	1	-0.020302977739231065
82	4	2	-0.02614397224631393
82	4	3	-0.024459334694905355
82	4	4	-0.025023547734288276
82	5	0	-0.024283318878288496
82	5	1	-0.046789245446660965
82	5	2	-0.021581960104076092
82	5	3	-0.023843829561033036
82	5	4	-0.03911138777755996
82	6	0	-0.02021162185602776
82	6	1	-0.018287366290835383
82	6	2	-0.010917606244579381
82	6	3	-0.018230842402708114
82	6	4	-0.030796239823182248
82	7	0	-0.037489447817288246
82	7	1	-0.02545013009540331
82	7	2	-0.030287366290835505
82	7	3	-0.031550466758059725
82	7	4	-0.026529670145203132
82	8	0	-0.033427002023706076
82	8	1	-0.009388840705406132
82	8	2	-0.029994796183868244
82	8	3	-0.03371056337371425
82	8	4	-0.032017924255565156
82	9	0	-0.026881757733448808
82	9	1	-0.03762474703671581
82	9	2	-0.02351199768719292
82	9	3	-0.009212759607941878
82	9	4	-0.0143547920805005
83	0	0	-0.02764382769586582
83	0	1	-0.018134721017635247
83	0	2	-0.019309627059843848
83	0	3	-0.019331290975388993
83	0	4	-0.044471411651698545
83	1	0	-0.0337253541485979
83	1	1	-0.024449840994507088
83	1	2	-0.02668401272043952
83	1	3	-0.02373075380727241
83	1	4	-0.035942935213421734
83	2	0	-0.02759294593813244
83	2	1	-0.036183868169991085
83	2	2	-0.023251806880601245
83	2	3	-0.02304996782586799
83	2	4	-0.02322249578005975
83	3	0	-0.025236195432205788
83	3	1	-0.03492223185891885
83	3	2	-0.01569124024284474
83	3	3	-0.031894356937022694
83	3	4	-0.028939232856783126
83	4	0	-0.044034692107545514
83	4	1	-0.023762937265105477
83	4	2	-0.030073431627638092
83	4	3	-0.03754115024853344
83	4	4	-0.02832256199349048
83	5	0	-0.006479329285920765
83	5	1	-0.026272333044232488
83	5	2	-0.041273200346920946
83	5	3	-0.015014594932341141
83	5	4	-0.007261328558505475
83	6	0	-0.02771205550737199
83	6	1	-0.0125377276669556
83	6	2	-0.04070424978317455
83	6	3	-0.03946110660362401
83	6	4	-0.021482061755681903
83	7	0	-0.04135877421220002
83	7	1	-0.022508239375542027
83	7	2	-0.02280312228967918
83	7	3	-0.027085723078644763
83	7	4	-0.030924470059405573
83	8	0	-0.04067765250072275
83	8	1	-0.007688927435675064
83	8	2	-0.011182422665510283
83	8	3	-0.02101810144643712
83	8	4	-0.02127922483656486
83	9	0	-0.02087539751373213
83	9	1	-0.03767794160161897
83	9	2	-0.03379936397802841
83	9	3	-0.022464771656921068
83	9	4	-0.02359669492394778
84	0	0	-0.025407343162763718
84	0	1	-0.03349176062445791
84	0	2	-0.028176929748482404
84	0	3	-0.025759122998442407
84	0	4	-0.02427165225825101
84	1	0	-0.034421509106678294
84	1	1	-0.023281873373807382
84	1	2	-0.020619832321480125
84	1	3	-0.017533736209421114
84	1	4	-0.03772183830866649
84	2	0	-0.012460248626770754
84	2	1	-0.03348482220294868
84	2	2	-0.017499855449551793
84	2	3	-0.019806908578836047
84	2	4	-0.004326021878409914
84	3	0	-0.02742179820757429
84	3	1	-0.03573402717548446
84	3	2	-0.028372361954322023
84	3	3	-0.022004308535937045
84	3	4	-0.024663337343442615
84	4	0	-0.02522694420352689
84	4	1	-0.03883087597571544
84	4	2	-0.021509106678230805
84	4	3	-0.015063555567989995
84	4	4	-0.02994059442874586
84	5	0	-0.031517779705117044
84	5	1	-0.03733911535125767
84	5	2	-0.02520150332466009
84	5	3	-0.014576280670341113
84	5	4	-0.015563653489261142
84	6	0	-0.023944492627927194
84	6	1	-0.024770164787510707
84	6	2	-0.03556981786643554
84	6	3	-0.04160838019565605
84	6	4	0.0033153344710852295
84	7	0	-0.02459554784619833
84	7	1	-0.03556403584851109
84	7	2	-0.005276669557675584
84	7	3	-0.015624271419112379
84	7	4	-0.03463148961568219
84	8	0	-0.04111708586296614
84	8	1	-0.01869326394911819
84	8	2	-0.009399248337669919
84	8	3	-0.014520325658170963
84	8	4	-0.00851448768523444
84	9	0	-0.03604972535414841
84	9	1	-0.018534836657993492
84	9	2	-0.029224631396357337
84	9	3	-0.024502466683453128
84	9	4	-0.025839558328437318
85	0	0	-0.013440878866724515
85	0	1	-0.038912980630239846
85	0	2	-0.01623590633130967
85	0	3	-0.031009568307081015
85	0	4	-0.028409991700006576
85	1	0	-0.02159005492917032
85	1	1	-0.04019080659150054
85	1	2	-0.011796472969066163
85	1	3	-0.02579176342220879
85	1	4	-0.022376176220984867
85	2	0	-0.026006360219716806
85	2	1	-0.02119456490315108
85	2	2	-0.0006256143394043345
85	2	3	-0.02514128640572988
85	2	4	-0.00953216946908042
85	3	0	-0.011907487713211706
85	3	1	-0.007316565481353177
85	3	2	-0.01359583694709443
85	3	3	-0.031166941778809854
85	3	4	-0.021697721698421324
85	4	0	-0.03053946227233295
85	4	1	-0.018582249204972534
85	4	2	-0.002437698756866169
85	4	3	-0.01001361571962811
85	4	4	-0.03136278432140549
85	5	0	-0.023258745302110362
85	5	1	-0.031050592656837295
85	5	2	-0.00921769297484798
85	5	3	-0.021276893377724315
85	5	4	-0.019685672719133573
85	6	0	-0.030512864989881483
85	6	1	-0.024730847065625894
85	6	2	-0.04544550448106388
85	6	3	-0.021501879155825354
85	6	4	-0.005511568698766234
85	7	0	-0.02181324082104652
85	7	1	-0.034493206128938914
85	7	2	-0.03629835212489141
85	7	3	-0.03487046414682593
85	7	4	-0.025834895410756453
85	8	0	-0.008631396357328458
85	8	1	-0.030900260190806494
85	8	2	-0.020965596993350766
85	8	3	-0.01576532467895808
85	8	4	-0.032575142918427
85	9	0	-0.03867244868459074
85	9	1	-0.019540907776814165
85	9	2	-0.01901358774212203
85	9	3	-0.03354852698430466
85	9	4	-0.020805938691958237
86	0	0	-0.021332176929748536
86	0	1	-0.021326394911824198
86	0	2	-0.01561838681699923
86	0	3	-0.03207271353831498
86	0	4	-0.006048969961484296
86	1	0	-0.025524139924833822
86	1	1	-0.020862677074298897
86	1	2	-0.030342873662908443
86	1	3	-0.024241343293325723
86	1	4	-0.04016520717343253
86	2	0	-0.02124660306446957
86	2	1	-0.01433015322347475
86	2	2	-0.0284972535414858
86	2	3	-0.018538594969644495
86	2	4	-0.007667002396739897
86	3	0	-0.03681642093090476
86	3	1	-0.010105810928013992
86	3	2	-0.02208152645273198
86	3	3	-0.023983717091458523
86	3	4	-0.025822072387134187
86	4	0	-0.03046776525007222
86	4	1	-0.03139751373229249
86	4	2	-0.04007863544376988
86	4	3	-0.025429221572522365
86	4	4	-0.0240559923155117
86	5	0	-0.03032668401272043
86	5	1	-0.020589765828274098
86	5	2	-0.03859034403006634
86	5	3	-0.022913577483703262
86	5	4	-0.018209859273144224
86	6	0	-0.02708065915004343
86	6	1	-0.018622723330442237
86	6	2	-0.03383521248915877
86	6	3	-0.029818192839623614
86	6	4	-0.021120685635415914
86	7	0	-0.024877710320902024
86	7	1	-0.04347152356172301
86	7	2	-0.03180456779416019
86	7	3	-0.036912822091038744
86	7	4	-0.016616307155713494
86	8	0	-0.020355015900549223
86	8	1	-0.01445851402139342
86	8	2	-0.0274229546111594
86	8	3	-0.02303248188456486
86	8	4	-0.02561107536207563
86	9	0	-0.014169413125180608
86	9	1	-0.02097947383636878
86	9	2	-0.009137901127493575
86	9	3	-0.019881515261729543
86	9	4	-0.02489531749806473
87	0	0	-0.03453599306157851
87	0	1	-0.03416247470367162
87	0	2	-0.02936571263370924
87	0	3	-0.022781850059218955
87	0	4	-0.016953202958154834
87	1	0	-0.0034275802254988275
87	1	1	-0.02774096559699335
87	1	2	-0.008748193119398784
87	1	3	-0.032142657303528055
87	1	4	-0.007788238256441815
87	2	0	-0.011199768719283187
87	2	1	-0.030341717259323442
87	2	2	-0.029447817288233646
87	2	3	-0.03274184222551746
87	2	4	-0.02470297214372985
87	3	0	-0.022634287366290806
87	3	1	-0.027858918762648233
87	3	2	-0.019928302977739176
87	3	3	-0.0270659056785012
87	3	4	-0.030447686726538636
87	4	0	-0.00919687771032085
87	4	1	-0.03267649609713785
87	4	2	-0.02953686036426717
87	4	3	-0.026158968189575638
87	4	4	-0.0437789683760923
87	5	0	-0.02698236484533101
87	5	1	-0.025839838103498103
87	5	2	-0.03636773633998247
87	5	3	-0.01678650365106471
87	5	4	-0.04094158296729422
87	6	0	-0.04235675050592658
87	6	1	-0.026736050881757678
87	6	2	-0.028571263370916533
87	6	3	-0.022042777606804065
87	6	4	-0.02383683518451185
87	7	0	-0.019532812951720047
87	7	1	-0.04531714368314543
87	7	2	-0.03806302399537442
87	7	3	-0.034224650048028105
87	7	4	-0.025035205028490326
87	8	0	-0.027818444637178197
87	8	1	-0.018677074298930285
87	8	2	-0.030135877421220147
87	8	3	-0.022181499407809446
87	8	4	-0.014881701778436951
87	9	0	-0.021483665799363894
87	9	1	-0.024455623012431316
87	9	2	-0.04030760335357053
87	9	3	-0.02198215967695294
87	9	4	-0.021398129237426233
88	0	0	-0.013385371494651688
88	0	1	-0.020153801676785266
88	0	2	-0.02117837525296329
88	0	3	-0.02344864728758056
88	0	4	-0.029181704576187295
88	1	0	-0.03875108412836081
88	1	1	-0.02572882335935245
88	1	2	-0.026864411679676237
88	1	3	-0.03145720840444299
88	1	4	-0.029661985097315102
88	2	0	-0.01101936976004636
88	2	1	-0.017857184157270778
88	2	2	-0.005861809771610216
88	2	3	-0.01894193734903804
88	2	4	-0.014838569789889178
88	3	0	-0.045635154668979494
88	3	1	-0.023707429893032872
88	3	2	-0.022814686325527522
88	3	3	-0.0310736834251929
88	3	4	-0.028738727396506625
88	4	0	-0.01647296906620399
88	4	1	-0.015848511130384546
88	4	2	-0.02313963573287081
88	4	3	-0.020502849042703053
88	4	4	-0.04204786018707629
88	5	0	-0.016299508528476392
88	5	1	-0.028633709164498478
88	5	2	-0.024033535703960496
88	5	3	-0.0076611737496387056
88	5	4	-0.03923495509610253
88	6	0	-0.03344781728823365
88	6	1	-0.01135819601040744
88	6	2	-0.025002601908066024
88	6	3	-0.012612026597282444
88	6	4	-0.003625418496862043
88	7	0	-0.01731483087597563
88	7	1	-0.030038739520092506
88	7	2	-0.033751951431049365
88	7	3	-0.025045696593272382
88	7	4	-0.011993024275149367
88	8	0	-0.028787510841283392
88	8	1	-0.02210696733159867
88	8	2	-0.022915293437409723
88	8	3	-0.024242509022745717
88	8	4	-0.031192587826054607
88	9	0	-0.02333275513154076
88	9	1	-0.018562590344030183
88	9	2	-0.032256721595836924
88	9	3	-0.021947187794346568
88	9	4	-0.00768915125572367
89	0	0	-0.005817866435385954
89	0	1	-0.01008615206707153
89	0	2	-0.031687771032090195
89	0	3	-0.0268525771946021
89	0	4	-0.013243851943037677
89	1	0	-0.03106331309627064
89	1	1	-0.02173460537727656
89	1	2	-0.014150910667823147
89	1	3	-0.03022153521901738
89	1	4	-0.02006570051012313
89	2	0	-0.020649898814686374
89	2	1	-0.0295322347499275
89	2	2	-0.017742700202370565
89	2	3	-0.022998675731378704
89	2	4	-0.02938221003646413
89	3	0	-0.03245909222318577
89	3	1	-0.013248915871639344
89	3	2	-0.014768430182133474
89	3	3	-0.016157009764149688
89	3	4	-0.018177218849378618
89	4	0	-0.028585140213934546
89	4	1	-0.027278404163052827
89	4	2	-0.03384793292859212
89	4	3	-0.005157186955021542
89	4	4	-0.030568922586240665
89	5	0	-0.01770800809482498
89	5	1	-0.0302711766406476
89	5	2	-0.03699913269731114
89	5	3	-0.02700995066633105
89	5	4	-0.03102588851896404
89	6	0	-0.03878115062156695
89	6	1	-0.019365134431916564
89	6	2	-0.027306157849089407
89	6	3	-0.006011666620037492
89	6	4	-0.02469714349662877
89	7	0	-0.04168025440878853
89	7	1	-0.01470482798496664
89	7	2	-0.021133275513153915
89	7	3	-0.028741058855347057
89	7	4	-0.0040194350408937485
89	8	0	-0.021407343162763715
89	8	1	-0.025724197745013
89	8	2	-0.029155247181266275
89	8	3	-0.030924470059405462
89	8	4	-0.020435236736330742
89	9	0	-0.028778259612604717
89	9	1	-0.029257010696733143
89	9	2	-0.03858687481931189
89	9	3	-0.02654482462766583
89	9	4	-0.002629885572000057
90	0	0	-0.03288464874241115
90	0	1	-0.02702977739230994
90	0	2	-0.009843307314252647
90	0	3	-0.03424563317759177
90	0	4	-0.03176029805369818
90	1	0	-0.03153512575888995
90	1	1	-0.017504481063891242
90	1	2	-0.022095403295750327
90	1	3	-0.02897420473938972
90	1	4	-0.027691902377155464
90	2	0	-0.018038739520092495
90	2	1	-0.026807747904018298
90	2	2	-0.033777392309916054
90	2	3	-0.04133793097016658
90	2	4	-0.024705303602570394
90	3	0	-0.029380745880312142
90	3	1	-0.01611448395490045
90	3	2	-0.014370627348944676
90	3	3	-0.019975939344766713
90	3	4	-0.015628934336793354
90	4	0	-0.023305001445504403
90	4	1	-0.028224342295461113
90	4	2	-0.03725932350390293
90	4	3	-0.028182674463064994
90	4	4	-0.016362178142106942
90	5	0	-0.020030066493206156
90	5	1	-0.029054640069384297
90	5	2	-0.029637467476149038
90	5	3	-0.022939223530947905
90	5	4	-0.0354976265749003
90	6	0	-0.0008719283029776648
90	6	1	-0.023981497542642338
90	6	2	-0.02562937265105536
90	6	3	-0.019270673045537978
90	6	4	-0.030528122056533324
90	7	0	-0.009004914715235568
90	7	1	-0.030633130962705923
90	7	2	-0.04215437987857762
90	7	3	-0.029090777681410773
90	7	4	-0.009141650113308808
90	8	0	-0.04893899971089888
90	8	1	-0.02407285342584553
90	8	2	-0.03153512575888995
90	8	3	-0.032269721810331164
90	8	4	-0.04436066735677846
90	9	0	-0.033702226076900765
90	9	1	-0.026039895923677392
90	9	2	-0.020447528187337416
90	9	3	-0.015083372968133668
90	9	4	-0.011759878391106704
91	0	0	-0.027562879444926414
91	0	1	-0.03880659150043364
91	0	2	-0.037416594391442626
91	0	3	-0.02841698607652776
91	0	4	-0.02573813986887885
91	1	0	-0.02705521827117674
91	1	1	-0.022962705984388654
91	1	2	-0.04038970800809483
91	1	3	-0.02192387320594269
91	1	4	-0.023287776627591295
91	2	0	-0.02083029777392309
91	2	1	-0.02551951431049415
91	2	2	-0.027921364556229955
91	2	3	-0.039985684842719804
91	2	4	-0.019713650225219204
91	3	0	-0.025446660884648753
91	3	1	-0.012259034403006797
91	3	2	-0.0355050592656837
91	3	3	-0.03956019360434215
91	3	4	-0.02142027809641056
91	4	0	-0.019456490315119868
91	4	1	-0.020224342295461106
91	4	2	-0.04121884937843312
91	4	3	-0.02020209085228808
91	4	4	-0.02925747698850123
91	5	0	-0.026989303266840126
91	5	1	-0.01839722463139648
91	5	2	-0.03646487424111
91	5	3	-0.015865577409096443
91	5	4	-0.032508696341474685
91	6	0	-0.017177218849378506
91	6	1	-0.021823648453310085
91	6	2	-0.002344030066493197
91	6	3	-0.02648886961549568
91	6	4	-0.00939577912691536
91	7	0	-0.04240185024573573
91	7	1	-0.03474530211043658
91	7	2	-0.011997687192830342
91	7	3	-0.022042777606804065
91	7	4	-0.033083400945639774
91	8	0	-0.03260132986412245
91	8	1	-0.020800231280716952
91	8	2	-0.021180688060132957
91	8	3	-0.03726836956420376
91	8	4	-0.024230851728543668
91	9	0	-0.03517085862966163
91	9	1	-0.025346053772766663
91	9	2	-0.03685920786354446
91	9	3	-0.01927300450437852
91	9	4	-0.01608240308125586
92	0	0	-0.020825672159583752
92	0	1	-0.008296039317721937
92	0	2	-0.024582827406764984
92	0	3	-0.03182091598354919
92	0	4	-0.04707798263529439
92	1	0	-0.026248048568950577
92	1	1	-0.020515755998843588
92	1	2	-0.030019080659150044
92	1	3	-0.030741450540432314
92	1	4	-0.029617687379347002
92	2	0	-0.019588320323792985
92	2	1	-0.033406186759178835
92	2	2	-0.022703671581381757
92	2	3	-0.003027399304292855
92	2	4	-0.02604589243581512
92	3	0	-0.03400404741254692
92	3	1	-0.024135299219427697
92	3	2	-0.028573576178086202
92	3	3	-0.034165197847597195
92	3	4	-0.03319647669940051
92	4	0	-0.041569239664642765
92	4	1	-0.02552760913558816
92	4	2	-0.024291413703382614
92	4	3	-0.01551119566535164
92	4	4	-0.04518367232744869
92	5	0	-0.0220884648742411
92	5	1	-0.01589014165943925
92	5	2	-0.0241237351835788
92	5	3	-0.014548303164256038
92	5	4	-0.028312070428708536
92	6	0	-0.01455912113327551
92	6	1	-0.025632841861809696
92	6	2	-0.03049783174327847
92	6	3	-0.013871014371112267
92	6	4	-0.020722006173703122
92	7	0	-0.02636484533102046
92	7	1	-0.006882914137033791
92	7	2	-0.037392309916160715
92	7	3	-0.03192816309020874
92	7	4	-0.03496255677102267
92	8	0	-0.025309048858051297
92	8	1	-0.0045735761780860695
92	8	2	-0.023747904018502575
92	8	3	-0.012221507241511165
92	8	4	-0.01251293959656441
92	9	0	-0.03243480774790397
92	9	1	-0.022487424111014676
92	9	2	-0.006892165365712688
92	9	3	-0.017923089835772066
92	9	4	-0.006061792985106562
93	0	0	-0.03283376698467766
93	0	1	0.0030089621277825662
93	0	2	-0.014621566926857454
93	0	3	-0.02685024573576167
93	0	4	-0.021613789180165766
93	1	0	-0.04741023417172607
93	1	1	-0.02666088464874239
93	1	2	-0.01765712633709171
93	1	3	-0.029496451519645084
93	1	4	-0.03364411679676205
93	2	0	-0.02125122867880891
93	2	1	-0.04200520381613171
93	2	2	-0.01917895345475562
93	2	3	-0.017578033927389103
93	2	4	-0.016368006789208467
93	3	0	-0.01591095692396638
93	3	1	-0.03667996530789264
93	3	2	-0.022097716102919884
93	3	3	-0.02967480812093748
93	3	4	-0.014910845013942242
93	4	0	-0.03610870193697591
93	4	1	-0.027206707140792097
93	4	2	-0.015056374674761397
93	4	3	-0.02462953119025646
93	4	4	-0.02851840453608634
93	5	0	-0.01790459670424982
93	5	1	-0.022965018791558323
93	5	2	-0.03933738074588011
93	5	3	-0.013785916123436825
93	5	4	-0.019904829850133643
93	6	0	-0.026106967331598785
93	6	1	-0.01698756866146267
93	6	2	-0.030456201214223877
93	6	3	-0.029899793899038407
93	6	4	-0.029942925887586402
93	7	0	-0.03742237640936674
93	7	1	-0.02842440011564029
93	7	2	-0.025245446660884574
93	7	3	-0.04152211621856017
93	7	4	-0.010941536338117452
93	8	0	-0.03330211043654219
93	8	1	-0.02446834345186466
93	8	2	-0.026176351546689847
93	8	3	-0.02662525995766074
93	8	4	-0.028823825644182066
93	9	0	-0.033403873952009056
93	9	1	-0.01866666666666661
93	9	2	-0.027878577623590695
93	9	3	-0.016689748109186775
93	9	4	-0.014035382219362291
94	0	0	-0.0171205550737209
94	0	1	-0.019508528476438358
94	0	2	-0.03377161029199194
94	0	3	-0.018179550308218717
94	0	4	-0.02280982756530414
94	1	0	-0.01237351835790701
94	1	1	-0.032230124313385455
94	1	2	-0.03061809771610291
94	1	3	-0.035677148905613354
94	1	4	-0.025833729681336015
94	2	0	-0.02550216825672169
94	2	1	-0.030330153223474765
94	2	2	-0.03716334200636018
94	2	3	-0.016976517546559156
94	2	4	-0.03019822063061317
94	3	0	-0.016533102052616266
94	3	1	-0.03694593813240832
94	3	2	-0.02427638045677938
94	3	3	-0.009004094041723865
94	3	4	-0.024047832209570297
94	4	0	-0.031048279849667515
94	4	1	-0.027509684880023144
94	4	2	-0.028220873084706666
94	4	3	-0.00501263650691508
94	4	4	-0.028865791903309845
94	5	0	-0.02872622145128645
94	5	1	-0.012020815264527362
94	5	2	-0.032322636600173316
94	5	3	-0.015790970726202835
94	5	4	-0.008310485036697068
94	6	0	-0.03132466030644698
94	6	1	-0.022912980630239832
94	6	2	-0.02774327840416313
94	6	3	-0.015442417629559002
94	6	4	-0.018360238368351878
94	7	0	-0.00818849378433062
94	7	1	-0.032351546689794675
94	7	2	-0.0320589765828273
94	7	3	-0.016435619095580445
94	7	4	-0.02641309720318208
94	8	0	-0.04191037872217385
94	8	1	-0.024926279271465734
94	8	2	-0.024550448106389067
94	8	3	-0.024349756129405264
94	8	4	-0.04743353010845941
94	9	0	-0.002419196299508375
94	9	1	-0.053941601618964996
94	9	2	-0.02976351546689804
94	9	3	-0.025731145492357443
94	9	4	-0.02715216965559686
95	0	0	-0.03494535993061576
95	0	1	-0.02157155247181264
95	0	2	-0.03705810928013886
95	0	3	-0.018002359436346316
95	0	4	-0.008916664335207769
95	1	0	-0.012794449262792829
95	1	1	-0.029915004336513507
95	1	2	-0.0005030355594103364
95	1	3	-0.033110212722304744
95	1	4	-0.024474489177368053
95	2	0	-0.03003064469499861
95	2	1	-0.025491760624457793
95	2	2	-0.022273489447817263
95	2	3	-0.035954592507623895
95	2	4	-0.03166237678240047
95	3	0	-0.02591847354726784
95	3	1	-0.03158022549869921
95	3	2	-0.014266551026308139
95	3	3	-0.03311604136940571
95	3	4	-0.013115621706814462
95	4	0	-0.013454755709742527
95	4	1	-0.034612315698178575
95	4	2	-0.028195432205839865
95	4	3	-0.009470385809809079
95	4	4	-0.022272426302585968
95	5	0	-0.025171436831454175
95	5	1	-0.03964267129228116
95	5	2	-0.022932639491182294
95	5	3	-0.01998293372128812
95	5	4	-0.026791959264750975
95	6	0	-0.020630239953743912
95	6	1	-0.0103521248915871
95	6	2	-0.02110089621277844
95	6	3	-0.032881729755942835
95	6	4	-0.02856503371289476
95	7	0	-0.03712633709164492
95	7	1	-0.03507372072853421
95	7	2	-0.025860653368025344
95	7	3	-0.025052690969793456
95	7	4	-0.0023431161346277873
95	8	0	-0.014711766406475757
95	8	1	-0.016172304134142723
95	8	2	-0.00994044521538029
95	8	3	-0.01628290854153258
95	8	4	-0.03899598056495912
95	9	0	-0.033130962705984146
95	9	1	-0.014168256721595829
95	9	2	-0.025933506793871186
95	9	3	-0.01795106734185703
95	9	4	-0.02652500722752238
96	0	0	-0.015758311650766132
96	0	1	-0.020098294304712327
96	0	2	-0.024210465452442875
96	0	3	-0.013878008747633452
96	0	4	-0.03626933945108124
96	1	0	-0.024531945649031717
96	1	1	-0.026542931483087617
96	1	2	-0.03512807169702237
96	1	3	-0.030480327150304687
96	1	4	-0.007883828068899201
96	2	0	-0.029179531656548185
96	2	1	-0.029148308759756936
96	2	2	-0.03067129228100607
96	2	3	-0.014397924069048607
96	2	4	-0.03183723619543244
96	3	0	-0.02346458514021388
96	3	1	-0.02255102630818162
96	3	2	-0.013244290257299784
96	3	3	-0.007861679209915429
96	3	4	-0.016633793097016736
96	4	0	-0.03201503324660304
96	4	1	-0.02791673894189073
96	4	2	-0.01724197745013012
96	4	3	-0.02907096028126721
96	4	4	-0.02210689272491584
96	5	0	-0.013718415727088651
96	5	1	-0.014939577912691515
96	5	2	-0.027507372072853253
96	5	3	-0.021894729970437177
96	5	4	-0.042457031213570806
96	6	0	-0.02606764960971386
96	6	1	-0.03642208730847052
96	6	2	-0.025893032668401372
96	6	3	-0.016027613798505813
96	6	4	-0.031288177638512105
96	7	0	-0.043882046834345156
96	7	1	-0.030758022549869923
96	7	2	-0.033189939288811865
96	7	3	-0.027188307267623446
96	7	4	-0.00021216275447866195
96	8	0	-0.033158716392020726
96	8	1	-0.01834403006649321
96	8	2	-0.043249494073431705
96	8	3	-0.008959796323755764
96	8	4	-0.028061438603362965
96	9	0	-0.028479907487713008
96	9	1	-0.032814108123735086
96	9	2	-0.02887539751373236
96	9	3	-0.023970894067836146
96	9	4	-0.03040222327915021
97	0	0	-0.012869615495808007
97	0	1	-0.02798959236773635
97	0	2	-0.01969817866435397
97	0	3	-0.01409716587863341
97	0	4	-0.0390694215184324
97	1	0	-0.023160450997398163
97	1	1	-0.011419485400404827
97	1	2	-0.026970800809482443
97	1	3	-0.01909581363250623
97	1	4	-0.023914939055665885
97	2	0	-0.017428158427291174
97	2	1	-0.03442613472101752
97	2	2	-0.03440416305290539
97	2	3	-0.03815548965298576
97	2	4	-0.0067693907431760625
97	3	0	-0.017169124024284388
97	3	1	-0.014810060711188289
97	3	2	-0.030976582827406784
97	3	3	-0.00995766070745785
97	3	4	-0.01804898861315518
97	4	0	-0.020772477594680372
97	4	1	-0.021570396068227637
97	4	2	-0.027295750216825843
97	4	3	-0.022512566563149816
97	4	4	-0.03758544796650165
97	5	0	-0.029875686614628583
97	5	1	-0.038895634576467275
97	5	2	-0.008840705406186644
97	5	3	-0.02530099133629904
97	5	4	-0.03386560538660233
97	6	0	-0.022591500433651324
97	6	1	-0.026354437698756672
97	6	2	-0.021949696444059086
97	6	3	-0.017452135150005876
97	6	4	-0.02231905547939461
97	7	0	-0.021947383636889195
97	7	1	-0.04709106678230701
97	7	2	-0.03436253252385091
97	7	3	-0.01922870678641042
97	7	4	-0.03337949621837366
97	8	0	-0.02547325816710022
97	8	1	-0.04238103498120849
97	8	2	-0.03565423532812961
97	8	3	-0.024447677400703194
97	8	4	-0.045796846002480684
97	9	0	-0.015428736629083506
97	9	1	-0.02447181266261922
97	9	2	-0.042169413125180744
97	9	3	-0.016622135802814575
97	9	4	-0.03010379654757578
98	0	0	-0.017555362821624843
98	0	1	-0.03249031511997691
98	0	2	-0.01099739809193423
98	0	3	-0.0319188372548469
98	0	4	-0.010402969345979063
98	1	0	-0.012193119398670182
98	1	1	-0.02653136744723905
98	1	2	-0.028693842150910642
98	1	3	-0.027130020796612975
98	1	4	-0.03418501524774076
98	2	0	-0.01394507082971963
98	2	1	-0.025979762937264894
98	2	2	-0.015890141659439028
98	2	3	-0.03552094116330484
98	2	4	-0.020203256581708517
98	3	0	-0.02520844174616932
98	3	1	-0.038870193697600586
98	3	2	-0.01664642960393181
98	3	3	-0.026233574872469245
98	3	4	-0.020123986981133934
98	4	0	-0.01874183289968201
98	4	1	-0.0194541775079502
98	4	2	-0.022612315698178675
98	4	3	-0.014779117589458046
98	4	4	-0.03624485913325681
98	5	0	-0.015342006360219651
98	5	1	-0.014130095403295795
98	5	2	-0.025603931772188226
98	5	3	-0.014681196318160228
98	5	4	-0.01547272659448451
98	6	0	-0.03799479618386825
98	6	1	-0.02097484822202944
98	6	2	-0.02373518357906912
98	6	3	-0.018438342239506023
98	6	4	-0.022661779928937142
98	7	0	-0.024556230124313405
98	7	1	-0.025614339404452124
98	7	2	-0.02513211910956925
98	7	3	-0.0260458924358149
98	7	4	-0.030355594102341676
98	8	0	-0.03737958947672715
98	8	1	-0.027699335067938646
98	8	2	-0.0175588320323794
98	8	3	-0.004844771470404519
98	8	4	-0.03250403342379393
98	9	0	-0.038300086730268745
98	9	1	-0.03714137033824816
98	9	2	-0.03254582249204985
98	9	3	-0.026847914276921236
98	9	4	-0.025186749853118084
99	0	0	-0.030562590344030083
99	0	1	-0.030727956056663674
99	0	2	-0.021849089332176996
99	0	3	-0.01611387777560158
99	0	4	-0.03252268509451739
99	1	0	-0.03640127204394339
99	1	1	-0.012559699335067953
99	1	2	-0.034910667823070396
99	1	3	0.004470572326516042
99	1	4	-0.033301392347219405
99	2	0	-0.021401561144839598
99	2	1	-0.028785198034113835
99	2	2	-0.039945649031511876
99	2	3	-0.011490594895037676
99	2	4	-0.01745446660884664
99	3	0	-0.03994564903151199
99	3	1	-0.03522983521248935
99	3	2	-0.03445735761780866
99	3	3	-0.016945042852213543
99	3	4	-0.026934178254017116
99	4	0	-0.01871639202081521
99	4	1	-0.028048568950563735
99	4	2	-0.040619832321480254
99	4	3	-0.018434845051245485
99	4	4	-0.022458943009820098
99	5	0	-0.023101474414570555
99	5	1	-0.034517490604220935
99	5	2	-0.021408499566348493
99	5	3	-0.016264256870809235
99	5	4	-0.015743175819973976
99	6	0	-0.02105579647296907
99	6	1	-0.029129806302399364
99	6	2	-0.027505059265683807
99	6	3	-0.025836061140176447
99	6	4	-0.031717166065150404
99	7	0	-0.023991905174906014
99	7	1	-0.0031569817866434757
99	7	2	-0.035451864700780544
99	7	3	-0.021977496759272186
99	7	4	-0.025210064441522295
99	8	0	-0.018967331598727877
99	8	1	-0.029093957791269
99	8	2	-0.038871350101185365
99	8	3	-0.01906900185584126
99	8	4	-0.019451361105671028
99	9	0	-0.024057820179242406
99	9	1	-0.03233998265394622
99	9	2	-0.04149176062445792
99	9	3	-0.0210915423999104
99	9	4	-0.01587490324445817
