resample	repeat	fold	delta_auroc
0	0	0	-0.010490527105608605
0	0	1	-0.04438660664040528
0	0	2	-0.030951041080472752
0	0	3	-0.007486631016042744
0	0	4	-0.03357725865465799
0	1	0	-0.04646876758581886
0	1	1	-0.0337460138810729
0	1	2	-0.05163196398424308
0	1	3	-0.04140632329486804
0	1	4	0.0018998029833943164
0	2	0	0.024690489589195286
0	2	1	-1.4068655036614253e-05
0	2	2	-0.013149502907522037
0	2	3	-0.05074584857866593
0	2	4	-0.06966413359602208
0	3	0	-0.026491277433877247
0	3	1	-0.00831457512661804
0	3	2	-0.03229225286062665
0	3	3	-0.019218500797448135
0	3	4	0.02270381836945301
0	4	0	-0.027016507221909514
0	4	1	0.012160007503282722
0	4	2	0.00034702682423570774
0	4	3	-0.03395721925133688
0	4	4	0.022436438690308536
0	5	0	-0.024723316450947386
0	5	1	-0.03371318701932102
0	5	2	-0.026800787844682095
0	5	3	-0.03610094755605597
0	5	4	-0.021662444882259102
0	6	0	-0.028737572688050994
0	6	1	-0.021665728756330993
0	6	2	-0.01125961358094163
0	6	3	-0.02541045126184449
0	6	4	0.0075616849610657955
0	7	0	0.0014068655036578726
0	7	1	0.024985931344963297
0	7	2	0.016521290564622038
0	7	3	-0.0027066328923912586
0	7	4	-0.022394220846233326
0	8	0	-0.02445132245357351
0	8	1	-0.010771900206340446
0	8	2	-0.019921215531795156
0	8	3	0.00191387559808609
0	8	4	-0.040472839853644804
0	9	0	-0.028807915963233843
0	9	1	-0.04361283061339327
0	9	2	-0.036315888201088
0	9	3	-0.0047893798667791865
0	9	4	-0.0057040998217468
1	0	0	-0.03165916338398045
1	0	1	-0.022767773400863
1	0	2	-0.043866066404051884
1	0	3	0.02053663570691444
1	0	4	-0.026953748006379508
1	1	0	-0.0268945788782593
1	1	1	-0.010063777902832416
1	1	2	-0.03036953667229403
1	1	3	-0.022154986396472398
1	1	4	-0.030270194202082767
1	2	0	-0.010978240480210233
1	2	1	-0.006316826111423812
1	2	2	-0.0418776964922154
1	2	3	-0.006923726428370358
1	2	4	-0.003372736654470354
1	3	0	0.0009613580941663091
1	3	1	-0.025872256612267885
1	3	2	-0.04045207278184215
1	3	3	-0.026920911905432
1	3	4	-0.03293930012196267
1	4	0	-0.028779778653160615
1	4	1	-0.025056274620146257
1	4	2	0.00369536672294124
1	4	3	-0.035570879069331096
1	4	4	0.0017496950933481026
1	5	0	-0.019921215531795156
1	5	1	-0.011522228474957874
1	5	2	-0.003521853310823553
1	5	3	0.01599587203302366
1	5	4	0.0010319917440659854
1	6	0	-0.05325454886512848
1	6	1	-0.02068092290377055
1	6	2	-0.016042956293378374
1	6	3	-0.017389060887512908
1	6	4	0.046786752978703494
1	7	0	-0.015147251922716265
1	7	1	-0.030144438191708978
1	7	2	-0.015208216094541371
1	7	3	-0.006459330143540609
1	7	4	-0.04322169059011172
1	8	0	-0.007146876758581944
1	8	1	-0.019925905083474138
1	8	2	-0.028428062277246147
1	8	3	-0.0084435688150859
1	8	4	0.005037996059667926
1	9	0	-0.012113111986494007
1	9	1	-0.03955167885950095
1	9	2	0.0008066028887637744
1	9	3	0.005136504362510674
1	9	4	-0.017628295337273614
2	0	0	-0.03563590320765331
2	0	1	0.031509097730256896
2	0	2	-0.010373288313637263
2	0	3	-0.0018482033961910727
2	0	4	-0.045604653344591406
2	1	0	-0.026219283436503482
2	1	1	-0.039392234102419765
2	1	2	-0.0319827424498218
2	1	3	-0.004170184820339484
2	1	4	-0.012538699690402444
2	2	0	-0.0426796098293003
2	2	1	-0.033647533295816934
2	2	2	0.013308947664603221
2	2	3	-0.031156768927666834
2	2	4	-0.04667886293273282
2	3	0	0.026631963984243168
2	3	1	-0.006213655974488974
2	3	2	-0.042834365034702726
2	3	3	0.023318322544328862
2	3	4	-0.0016980955061450809
2	4	0	0.007648658788219853
2	4	1	0.04783811667604576
2	4	2	-0.04079909960607775
2	4	3	-0.01695750070363078
2	4	4	-0.030945679707289786
2	5	0	-0.023429000187582094
2	5	1	-0.004056462202213451
2	5	2	-0.026153629712999504
2	5	3	-0.0066141289051505625
2	5	4	-0.030884698376958508
2	6	0	0.008300506471581204
2	6	1	-0.03846370287000567
2	6	2	-0.021717313824798357
2	6	3	-0.00645933014354072
2	6	4	-0.02703818369453037
2	7	0	-0.04675483023822924
2	7	1	-0.0028512474207466054
2	7	2	-0.02825454886512857
2	7	3	-0.018139600337742645
2	7	4	-0.0375644994840042
2	8	0	-0.010814106171449955
2	8	1	-0.03040236353404613
2	8	2	-0.024751453761020503
2	8	3	0.003424336241673598
2	8	4	-0.008040153860587318
2	9	0	0.006476270868504996
2	9	1	-0.06217407615831916
2	9	2	-0.024207465766272862
2	9	3	-0.025785720986959304
2	9	4	0.009559996247302749
3	0	0	-0.05092384168073527
3	0	1	-0.010865691239917541
3	0	2	-0.02718064153066968
3	0	3	0.012290083497513815
3	0	4	-0.035566188197767135
3	1	0	-0.010978240480210122
3	1	1	-0.02341962108422424
3	1	2	-0.043519039579816066
3	1	3	-0.0123135378553334
3	1	4	-0.018533633549113304
3	2	0	-0.030196023260176452
3	2	1	-0.044264678296754845
3	2	2	-0.006649784280622795
3	2	3	0.012449573130687619
3	2	4	0.0025283797729619417
3	3	0	-0.02844213093228276
3	3	1	-0.04388013505908839
3	3	2	-0.04558244231851449
3	3	3	-0.014752791068580295
3	3	4	0.01858523313631666
3	4	0	0.0027715250422061244
3	4	1	0.010349840555242906
3	4	2	-0.05048771337460134
3	4	3	-0.00841073271413828
3	4	4	-0.03484848484848502
3	5	0	-0.02545488651284944
3	5	1	-0.006185518664415635
3	5	2	0.006316826111423701
3	5	3	-0.007861900741157779
3	5	4	-0.03245144947931333
3	6	0	-0.02212530482085917
3	6	1	-0.0225473644719566
3	6	2	-0.0015522416057024424
3	6	3	-0.010061919504643968
3	6	4	0.0208274697438785
3	7	0	-0.03323954229975623
3	7	1	-0.010748452447945978
3	7	2	-0.012460138810729826
3	7	3	-0.010531006661037456
3	7	4	-0.05900178253119437
3	8	0	-0.04884637028700067
3	8	1	-0.012488276120802833
3	8	2	-0.04625773776027009
3	8	3	0.021212121212121127
3	8	4	-0.03288300966319535
3	9	0	-0.033647533295816934
3	9	1	-0.05841305571187394
3	9	2	-0.035800037516413474
3	9	3	0.04559058072989963
3	9	4	-0.029439909935265907
4	0	0	-0.012019320952916912
4	0	1	0.01804070530857249
4	0	2	-0.0014537610204464757
4	0	3	-0.0041185852331363515
4	0	4	-0.031156768927666723
4	1	0	-0.013557493903582851
4	1	1	-0.03909210279497277
4	1	2	-0.03836991183642846
4	1	3	-0.005436720142602436
4	1	4	0.011384745285674125
4	2	0	-0.03513881072969427
4	2	1	0.007658037891577485
4	2	2	-0.032864378165447516
4	2	3	-0.0024111079838633476
4	2	4	-0.0036072802326672093
4	3	0	0.002246295254173747
4	3	1	0.0033248921403112863
4	3	2	-0.04481335584318147
4	3	3	0.029435219063702167
4	3	4	-0.026193826813021737
4	4	0	-0.023855749390358172
4	4	1	0.011719189645469918
4	4	2	-0.010166948039767476
4	4	3	-0.05854676798949254
4	4	4	-0.023036870250492614
4	5	0	-0.026092665541174176
4	5	1	0.0030810354530107498
4	5	2	-0.02115456762333512
4	5	3	-0.02335115864527637
4	5	4	-0.021915751946711692
4	6	0	-0.013046332770587199
4	6	1	-0.04717688988932667
4	6	2	-0.02847026824235599
4	6	3	0.02255840135097098
4	6	4	0.008237170466272814
4	7	0	-0.06482836240855372
4	7	1	-0.006574751453761074
4	7	2	-0.011634777715250455
4	7	3	-0.020522563092222446
4	7	4	0.009222253494699295
4	8	0	-0.017051209904333287
4	8	1	-0.029483211404989662
4	8	2	-0.05377977865316075
4	8	3	-0.03800544141101425
4	8	4	-0.004775307252087413
4	9	0	-0.04271712624273116
4	9	1	0.007606452823110232
4	9	2	-0.031785781279309755
4	9	3	0.031227132001126034
4	9	4	-0.04833474059480247
5	0	0	-0.0195694991558808
5	0	1	-0.015714687675858152
5	0	2	-0.03033202025886328
5	0	3	-0.029730743972230078
5	0	4	-0.017421896988460306
5	1	0	-0.05339054586381542
5	1	1	-0.013655974488838818
5	1	2	-0.017979741136747385
5	1	3	-0.03530819026175058
5	1	4	-0.0016746411483253842
5	2	0	-0.04429281560682807
5	2	1	0.00717032451697619
5	2	2	-0.02828737572688056
5	2	3	-0.023238577727741738
5	2	4	-0.031123932826719103
5	3	0	0.012197523916713693
5	3	1	-0.03800881635715625
5	3	2	-0.03506846745451142
5	3	3	-0.008063608218406793
5	3	4	-0.027873158832911193
5	4	0	-0.03997842806227725
5	4	1	-0.018687863440255192
5	4	2	-0.0007972237854062536
5	4	3	-0.041425086781124
5	4	4	-0.03780373393376513
5	5	0	-0.023907334458825646
5	5	1	-0.04072875633089468
5	5	2	-0.03504501969611706
5	5	3	0.030837789661319004
5	5	4	-0.038558964255558714
5	6	0	0.03541549427874702
5	6	1	-0.006640405177265163
5	6	2	-0.0379244044269369
5	6	3	-0.027202364199268247
5	6	4	-0.02840791819119981
5	7	0	-0.026636653535921928
5	7	1	0.010120052522978762
5	7	2	-0.022256612267867237
5	7	3	0.011206492166244586
5	7	4	-0.01407261469180976
5	8	0	-0.03577190020634036
5	8	1	-0.03112455449259055
5	8	2	0.03927030575876955
5	8	3	-0.04286518435125264
5	8	4	-0.047978234355943394
5	9	0	0.0032029637966610736
5	9	1	-0.046210842243481376
5	9	2	0.0009848058525604442
5	9	3	0.020128529880851898
5	9	4	-0.05284735903930948
6	0	0	-0.02143594072406685
6	0	1	-0.008361470643406532
6	0	2	0.0006190208216093618
6	0	3	0.015034243362416655
6	0	4	-0.017299934327797972
6	1	0	0.014082723691615118
6	1	1	-0.011395610579628568
6	1	2	-0.016591633839804998
6	1	3	-0.03337555117740865
6	1	4	-0.02988554273383992
6	2	0	-0.017177827799662482
6	2	1	-0.05145845057212539
6	2	2	-0.020268242356030863
6	2	3	0.012393282671920414
6	2	4	-0.019481189605028648
6	3	0	0.004600450196961203
6	3	1	-0.010537422622397319
6	3	2	-0.0369630463327707
6	3	3	-0.028928604934796764
6	3	4	-0.026878694061356567
6	4	0	-0.03455730632151566
6	4	1	-0.023546238979553546
6	4	2	-0.04234665166010132
6	4	3	-0.029285111173656064
6	4	4	-0.018355380429683987
6	5	0	-0.012070906021384387
6	5	1	-0.021745451134871474
6	5	2	-0.051936784843368944
6	5	3	-0.00801200863120377
6	5	4	-0.057359977483816604
6	6	0	0.025595573063215138
6	6	1	0.01459388482461077
6	6	2	-0.0158178578127931
6	6	3	-0.01771742189698855
6	6	4	-0.004296838352565779
6	7	0	0.0010410804727067902
6	7	1	-0.027809041455636785
6	7	2	-0.020235415494278763
6	7	3	0.00905807298996164
6	7	4	-0.02807017543859658
6	8	0	-0.01634777715250424
6	8	1	-0.054703620333895975
6	8	2	-0.04425060964171823
6	8	3	0.0014729336710759267
6	8	4	-0.023004034149544994
6	9	0	-0.03040236353404613
6	9	1	-0.0072125304820858105
6	9	2	0.0040611517538923225
6	9	3	-0.030729899615348444
6	9	4	0.004522000187634823
7	0	0	-0.0005861939598573729
7	0	1	-0.010387356968673878
7	0	2	-0.01584130557118746
7	0	3	-0.0077680833098789925
7	0	4	-0.016971573318322553
7	1	0	-0.0203385856312136
7	1	1	-0.015503657850309382
7	1	2	-0.013655974488838929
7	1	3	0.0006238859180037748
7	1	4	-0.02039121868843219
7	2	0	-0.05127086850497098
7	2	1	-0.0075173513412118975
7	2	2	-0.03011630088163575
7	2	3	-0.009625668449197877
7	2	4	-0.03133033117553241
7	3	0	-0.04142280997936587
7	3	1	-0.029717688988932678
7	3	2	-0.0004877133746014062
7	3	3	0.026395534290271305
7	3	4	-0.015958345060512302
7	4	0	-0.014045207278184035
7	4	1	-0.0005299193397111379
7	4	2	-0.02574563871693869
7	4	3	-0.02212684116708885
7	4	4	-0.03186509053382136
7	5	0	-0.04599512286625396
7	5	1	-0.026481898330519504
7	5	2	-0.028348339898705777
7	5	3	-0.010591987991368845
7	5	4	0.022807017543859498
7	6	0	-0.010073157006190159
7	6	1	-0.009782404802101019
7	6	2	-0.00978709435377978
7	6	3	-0.05667041936391781
7	6	4	-0.021249648184632708
7	7	0	-0.02592384168073536
7	7	1	0.007981616957418836
7	7	2	-0.023246107672106553
7	7	3	-0.006581292804202832
7	7	4	-0.044009757012853035
7	8	0	-0.02861564434440067
7	8	1	-0.018265803789157653
7	8	2	-0.005233539673607179
7	8	3	0.013697344966694724
7	8	4	-0.031485129937142364
7	9	0	-0.025065653723504
7	9	1	-0.0345807540799099
7	9	2	-0.009041455636841222
7	9	3	-0.02255840135097098
7	9	4	0.0012571535791350286
8	0	0	-0.008258300506471472
8	0	1	-0.002855936972425477
8	0	2	-0.07002438566873015
8	0	3	0.027422835162773218
8	0	4	-0.0031522656909653834
8	1	0	-0.01804070530857249
8	1	1	-0.016948039767398226
8	1	2	-0.03586569123991756
8	1	3	-0.04155643118491403
8	1	4	0.003156956562529345
8	2	0	-0.023799474770211937
8	2	1	-0.02979272181579451
8	2	2	-0.01595385481148015
8	2	3	-0.0052631578947368585
8	2	4	-0.04795477999812359
8	3	0	-0.02197992871881438
8	3	1	-0.018153254548865183
8	3	2	-0.03111986494091179
8	3	3	-0.03454826906839281
8	3	4	-0.007280232667229547
8	4	0	-0.013707559557306181
8	4	1	0.012919714875257893
8	4	2	-0.014181204276871195
8	4	3	-0.007031616474341029
8	4	4	0.01776433061262772
8	5	0	-0.011311198649409104
8	5	1	-0.009027386981804497
8	5	2	-0.02721346839242167
8	5	3	-0.026287644244300745
8	5	4	-0.04387841260906278
8	6	0	-0.025736259613580947
8	6	1	-0.04017069968111053
8	6	2	-0.042754642656162134
8	6	3	-0.006449948400412908
8	6	4	-0.011389436157237975
8	7	0	-0.013168261114237523
8	7	1	-0.031935846933033196
8	7	2	-0.010537422622397208
8	7	3	-0.014677737123557466
8	7	4	-0.02309785158082367
8	8	0	-0.012108422434815247
8	8	1	-0.0345666854248734
8	8	2	-0.03170136934909018
8	8	3	-0.012505863589454935
8	8	4	0.01729055258467027
8	9	0	0.00437535171637593
8	9	1	-0.01596323391483767
8	9	2	-0.026918026636653547
8	9	3	-0.016657284923538795
8	9	4	-0.00912843606342062
9	0	0	-0.006157381354342517
9	0	1	-0.014579816169574156
9	0	2	-0.029487900956668645
9	0	3	0.002298527066328937
9	0	4	-0.02772305094286509
9	1	0	-0.014223410241980927
9	1	1	-0.04046145188519967
9	1	2	-0.048968298630651
9	1	3	-0.02316821465428265
9	1	4	-0.0046955624355004
9	2	0	-0.04341117989120258
9	2	1	-0.03223128868880132
9	2	2	-0.02481710748452448
9	2	3	-0.022985270663289148
9	2	4	-0.05168871376301709
9	3	0	-0.020882573625961354
9	3	1	-0.024568561245545073
9	3	2	-0.00022509848058527293
9	3	3	-0.04540294586734206
9	3	4	-0.027441598649028953
9	4	0	-0.024465391108610013
9	4	1	-0.008792909397861592
9	4	2	-0.010851622584880927
9	4	3	-0.03611502017074775
9	4	4	-0.06988929543109124
9	5	0	-0.0074376289626711944
9	5	1	-0.03589851810166944
9	5	2	-0.024615456762333565
9	5	3	-0.032207524157988554
9	5	4	0.0052819213809924825
9	6	0	0.005430500844119335
9	6	1	0.005815044081785681
9	6	2	-0.043045394860251385
9	6	3	0.00016418050473776535
9	6	4	0.008922037714607423
9	7	0	-0.029966235227912197
9	7	1	0.002035265428624977
9	7	2	-0.04224817107484535
9	7	3	-0.02238014823154122
9	7	4	0.011858523313631575
9	8	0	-0.02728381166760463
9	8	1	-0.059580754079909926
9	8	2	-0.03252673044456944
9	8	3	0.018866685430152907
9	8	4	-0.01335022047096357
9	9	0	-0.03516694803976739
9	9	1	-0.003714124929656726
9	9	2	0.017660851622584794
9	9	3	-0.028215592457078498
9	9	4	0.00985083028426681
10	0	0	-0.028742262239729865
10	0	1	-0.03507315700619029
10	0	2	-0.04302194710185703
10	0	3	0.04706820527253963
10	0	4	0.005319448353504175
10	1	0	-0.013904520727818448
10	1	1	-0.015137872819358411
10	1	2	-0.006612267867191934
10	1	3	-0.03316915282859545
10	1	4	-0.030842480532882965
10	2	0	-0.0128728193584694
10	2	1	-0.025112549240292714
10	2	2	-0.012718064153067088
10	2	3	0.03302373581011353
10	2	4	-0.02996059667886286
10	3	0	-0.005350778465578632
10	3	1	-0.02570343275182907
10	3	2	0.00849746764209336
10	3	3	-0.018796322356693818
10	3	4	-0.019748569284173123
10	4	0	-0.03732414181204269
10	4	1	0.005622772462952619
10	4	2	-0.030388294879009625
10	4	3	-0.0018528942677550342
10	4	4	-0.04184726522187843
10	5	0	-0.03449634214969055
10	5	1	-0.03296285875070348
10	5	2	-0.010331082348527532
10	5	3	-0.01446664790318053
10	5	4	-0.01219626606623514
10	6	0	-0.01897392609266557
10	6	1	0.003038829487900907
10	6	2	-0.02901425623710374
10	6	3	-0.017698658410732704
10	6	4	-0.031813490946617784
10	7	0	-0.01610392046520359
10	7	1	-0.03750703432751834
10	7	2	-0.049610767210654716
10	7	3	0.011666197579510373
10	7	4	-0.030725208743784593
10	8	0	-0.0033483398987057544
10	8	1	-0.031321515663102484
10	8	2	-0.04492590508347405
10	8	3	0.02620320855614966
10	8	4	-0.05781030115395447
10	9	0	0.01491746389045212
10	9	1	-0.040967923466516565
10	9	2	-0.029750515850684778
10	9	3	-0.04027113237639546
10	9	4	0.0006191950464395912
11	0	0	-0.015864753329581704
11	0	1	-0.014298443068842648
11	0	2	-0.025229788032264167
11	0	3	-0.028351627732432605
11	0	4	-0.034196453701097584
11	1	0	-0.03452916901144254
11	1	1	-0.028559369724254435
11	1	2	-0.03993622209716752
11	1	3	-0.012407355286612076
11	1	4	-0.01912468336616935
11	2	0	-0.035410804727068035
11	2	1	0.011222097167510658
11	2	2	-0.028596886137685518
11	2	3	-0.045735997748381774
11	2	4	-0.0005019232573412191
11	3	0	-0.049610767210654605
11	3	1	-0.013688801350590918
11	3	2	-0.03873569686737954
11	3	3	-0.005990242987146899
11	3	4	-0.04678675297870338
11	4	0	-0.0493106359032075
11	4	1	-0.008305196023260186
11	4	2	-0.010861001688238558
11	4	3	-0.052026456515620656
11	4	4	0.016338305657190966
11	5	0	0.03697242543612833
11	5	1	-0.029933408366160208
11	5	2	0.03455730632151566
11	5	3	0.011745942396097164
11	5	4	-0.03327704287456612
11	6	0	0.02291314950290746
11	6	1	-0.014490714687675932
11	6	2	-0.04341117989120247
11	6	3	-0.028994277136692004
11	6	4	0.08569284172999347
11	7	0	0.0067717126242731185
11	7	1	0.003995498030388234
11	7	2	0.00207747139373482
11	7	3	0.009011164274322359
11	7	4	-0.013106295149638902
11	8	0	-0.019846182704933435
11	8	1	-0.03191239917463895
11	8	2	-0.044053648471206186
11	8	3	0.01872595928323484
11	8	4	-0.039534665540857494
11	9	0	-0.030177265053460856
11	9	1	-0.02997561433126983
11	9	2	-0.01849559182142202
11	9	3	-0.007538230603245988
11	9	4	-0.05143071582700054
12	0	0	-0.05540705308572491
12	0	1	-0.015039392234102444
12	0	2	-0.03769461639467275
12	0	3	0.029655690027207027
12	0	4	-0.0223379303874659
12	1	0	-0.016117989120240095
12	1	1	-0.022331645094728958
12	1	2	-0.029103357719002076
12	1	3	-0.046144103574443984
12	1	4	-0.03745660943803353
12	2	0	0.0013646595385480298
12	2	1	-0.026631963984243168
12	2	2	-0.006359032076533544
12	2	3	-0.037367482878318814
12	2	4	0.0188338493292054
12	3	0	0.006870193209529196
12	3	1	-0.02567529544175584
12	3	2	-0.03700056274620156
12	3	3	0.004320292710385587
12	3	4	-0.0218688432310723
12	4	0	-0.04582160945413616
12	4	1	0.010312324141812157
12	4	2	-0.03503095104108045
12	4	3	-0.02919129374237739
12	4	4	-0.029200675485505423
12	5	0	-0.043228287375726815
12	5	1	-0.03423841680735329
12	5	2	0.005266366535359168
12	5	3	-0.026897457547612524
12	5	4	0.04925415142133405
12	6	0	0.04652035265428622
12	6	1	-0.03489026449071486
12	6	2	-0.02241136747326966
12	6	3	-0.01732338868561778
12	6	4	0.03903743315508035
12	7	0	-0.027837178765710013
12	7	1	-0.01190208216094546
12	7	2	-0.026622584880885425
12	7	3	0.01674172061168988
12	7	4	-0.01544234918847931
12	8	0	0.04561995873194524
12	8	1	-0.04191052335396728
12	8	2	-0.03843556555993244
12	8	3	0.02655971479500885
12	8	4	-0.06442443005910503
12	9	0	-0.03380697805289801
12	9	1	-0.019696117051209883
12	9	2	-0.043078221722003374
12	9	3	-0.06660568533633549
12	9	4	-0.012646589736373004
13	0	0	-0.039387544550740894
13	0	1	-0.005866629150253266
13	0	2	-0.003423372725567475
13	0	3	0.0021859461487944154
13	0	4	-0.024955436720142554
13	1	0	-0.04331738885762515
13	1	1	0.023222659913712307
13	1	2	-0.021787657099981206
13	1	3	-0.03555211558307525
13	1	4	-0.04396753916877749
13	2	0	-0.008239542299756208
13	2	1	0.007432939410992212
13	2	2	-0.006471581316826236
13	2	3	-0.04042593113800541
13	2	4	0.012641898864809153
13	3	0	0.014138998311761464
13	3	1	-0.0036062652410431273
13	3	2	-0.022706809229037783
13	3	3	-0.002387653626043651
13	3	4	-0.06867435969603142
13	4	0	-0.03918120427687111
13	4	1	-0.01950384543237671
13	4	2	-0.011733258300506422
13	4	3	-0.04019607843137263
13	4	4	-0.01132845482690692
13	5	0	0.005683736634777725
13	5	1	-0.033187957231288756
13	5	2	0.033797598949540375
13	5	3	0.017337461300309553
13	5	4	-0.007617975419833112
13	6	0	-0.04008628775089107
13	6	1	-0.00034702682423570774
13	6	2	-0.04108516225848802
13	6	3	-0.03871376301716867
13	6	4	-0.012336992213153097
13	7	0	-0.02767773400862883
13	7	1	-0.054201838304258176
13	7	2	-0.01452354154942792
13	7	3	0.002978703443099917
13	7	4	-0.020921287175157177
13	8	0	-0.0023447758394298246
13	8	1	-0.035195085349840505
13	8	2	-0.02466704183080104
13	8	3	-0.0034055727554179738
13	8	4	-0.02245051130500053
13	9	0	-0.027691802663665332
13	9	1	0.0033858563121366148
13	9	2	-0.0404145563684114
13	9	3	-0.045177784032273016
13	9	4	-0.01201801294680549
14	0	0	-0.03230632151566315
14	0	1	-0.028498405552429218
14	0	2	-0.03643781654473832
14	0	3	-0.015489257904118703
14	0	4	-0.03356787691153018
14	1	0	-0.02320859125867558
14	1	1	-0.0460513974864003
14	1	2	-0.03863252673044448
14	1	3	-0.0271836007130124
14	1	4	-0.01570034712449575
14	2	0	-0.037342900018758285
14	2	1	-0.011953667229412934
14	2	2	-0.017398236728568883
14	2	3	-0.017459423960971998
14	2	4	-0.03380711136129089
14	3	0	-0.018444006752954323
14	3	1	-0.007048396173325866
14	3	2	-0.02484524479459771
14	3	3	-0.024031335022047018
14	3	4	-0.0080870625762266
14	4	0	-0.020498030388294786
14	4	1	-0.026585068467454454
14	4	2	-0.018242356030763518
14	4	3	-0.013683272352003062
14	4	4	0.07878318791631478
14	5	0	-0.016732320390170696
14	5	1	-0.027982554867754694
14	5	2	-0.031499718626899376
14	5	3	-0.0180786190074117
14	5	4	0.02262407355286611
14	6	0	-0.004248733821046624
14	6	1	-0.01681673232039016
14	6	2	-0.050220408928906335
14	6	3	0.0003330518810393812
14	6	4	0.007533539731682248
14	7	0	-0.025623710373288366
14	7	1	-0.022856874882761224
14	7	2	-0.032146876758581966
14	7	3	-0.02505394502298519
14	7	4	0.012871751571441825
14	8	0	-0.029234665166010143
14	8	1	-0.0010363909210279187
14	8	2	-0.0400956668542487
14	8	3	0.0025705976170371514
14	8	4	-0.009466178816023962
14	9	0	-0.041619771149878027
14	9	1	-0.016488463702869938
14	9	2	-0.052410429562933736
14	9	3	-0.019772023641992598
14	9	4	-0.017656440566657272
15	0	0	-0.0028184205589946165
15	0	1	0.022505158506846645
15	0	2	-0.043444006752954456
15	0	3	-0.056027769959658524
15	0	4	-0.0015104606435875079
15	1	0	0.005894766460326384
15	1	1	-0.027771525042205925
15	1	2	-0.004108047270680926
15	1	3	-0.038854489164086514
15	1	4	-0.03940801200863109
15	2	0	-0.012807165634965312
15	2	1	0.006335584318139187
15	2	2	0.02080285124742076
15	2	3	-0.04216155361666196
15	2	4	-0.012932732901773103
15	3	0	0.010762521102982592
15	3	1	-0.006316826111423923
15	3	2	-0.013890452072781945
15	3	3	-0.03991462613753627
15	3	4	0.011032929918378898
15	4	0	-0.040212905646220154
15	4	1	-0.018640967923466478
15	4	2	-0.018308009754267496
15	4	3	-0.010531006661037678
15	4	4	-0.02785908621821953
15	5	0	-0.02936597261301821
15	5	1	0.014223410241980927
15	5	2	-0.009646407803414081
15	5	3	-0.007308377896613316
15	5	4	-0.007233323951590154
15	6	0	-0.03292065278559375
15	6	1	-0.015119114612643036
15	6	2	-0.047275370474582634
15	6	3	-0.02619851768458581
15	6	4	-0.034806267004409364
15	7	0	0.0014725192271618504
15	7	1	0.01115175389232792
15	7	2	-0.007451697617707809
15	7	3	-0.044051974856928244
15	7	4	-0.02674734965756631
15	8	0	-0.015044081785781316
15	8	1	3.282686175209992e-05
15	8	2	-0.033258300506471494
15	8	3	0.0092785439534665
15	8	4	0.011558307533539813
15	9	0	-0.009993434627649456
15	9	1	0.0041174263740386685
15	9	2	0.0035546801725754307
15	9	3	-0.007782155924570655
15	9	4	-0.060896894643024724
16	0	0	-0.03654567623335214
16	0	1	-0.03445413618458082
16	0	2	-0.03819170887263179
16	0	3	0.018613378365700317
16	0	4	-0.029102167182662453
16	1	0	-0.053587507034327575
16	1	1	-0.03647533295816918
16	1	2	-0.028277996623522816
16	1	3	-0.03223097851580803
16	1	4	-0.04851768458579597
16	2	0	-0.02986775464265612
16	2	1	0.0015897580191334137
16	2	2	-0.024929656724817173
16	2	3	0.0011070456890890368
16	2	4	-0.055169340463458005
16	3	0	-0.00950572125304805
16	3	1	-0.022205027199399763
16	3	2	-0.039607953479647406
16	3	3	-0.005314757481939991
16	3	4	0.012430809644431995
16	4	0	-0.04359876195835666
16	4	1	0.003840742824986032
16	4	2	0.007390733445882591
16	4	3	-0.06305000469087163
16	4	4	-0.009902429871470275
16	5	0	-0.03692552991933973
16	5	1	-0.016296192084036654
16	5	2	-0.029755205402363538
16	5	3	0.01811614597992295
16	5	4	0.009954029458673408
16	6	0	-0.01237103732883127
16	6	1	-0.017754642656162112
16	6	2	0.001130181954605236
16	6	3	-0.015231259968102151
16	6	4	-0.031128623698283064
16	7	0	-0.060298255486775476
16	7	1	-0.04671731382479838
16	7	2	-0.03225942599887455
16	7	3	0.005005159958720418
16	7	4	-0.0002626888075805134
16	8	0	-0.042900018758206815
16	8	1	-0.005116300881635616
16	8	2	-0.015072219095854322
16	8	3	-0.03568815085842958
16	8	4	-0.023088469837695746
16	9	0	-0.02803882948790093
16	9	1	-0.029459763646595305
16	9	2	0.0026824235603075675
16	9	3	0.022098695937705304
16	9	4	-0.018463270475654325
17	0	0	-0.05095197899080839
17	0	1	-0.04098199212155318
17	0	2	-0.04540423935471771
17	0	3	0.030331175532413934
17	0	4	-0.04127966976264186
17	1	0	-0.004712999437253784
17	1	1	-0.012961920840367624
17	1	2	-0.013402738698180428
17	1	3	-0.006834599868655422
17	1	4	0.01927479125621545
17	2	0	-0.0013927968486212583
17	2	1	-0.04177921590695932
17	2	2	0.0023353967360719707
17	2	3	-0.03785533352096826
17	2	4	-0.011000093817431278
17	3	0	0.015330144438191806
17	3	1	-0.01982273494653919
17	3	2	-0.025642468580003852
17	3	3	-0.0005488319729805013
17	3	4	0.0005535228445444629
17	4	0	-0.024108985181016562
17	4	1	0.01731851435002818
17	4	2	-0.034693303320202706
17	4	3	-0.02490383713293942
17	4	4	-0.007425649685711799
17	5	0	-0.028343650347026905
17	5	1	-0.02919245920090041
17	5	2	-0.017656162070906034
17	5	3	-0.013078149920255244
17	5	4	0.012440191387559807
17	6	0	-0.024048021009191567
17	6	1	-0.04713937347589581
17	6	2	-0.053052898142937566
17	6	3	0.010606060606060619
17	6	4	-0.004531381930762746
17	7	0	-0.02868129806790476
17	7	1	-0.0005627462014632378
17	7	2	-0.03522322265991373
17	7	3	0.007932263814616869
17	7	4	-0.011276855239703454
17	8	0	-0.04812417932845625
17	8	1	-0.07179234665166012
17	8	2	-0.0009003939223409807
17	8	3	-0.033652312599681156
17	8	4	-0.06387090721456046
17	9	0	-0.010274807728381075
17	9	1	-0.019733633464640632
17	9	2	-0.0017445132245358375
17	9	3	0.024331550802139112
17	9	4	-0.0003658879819870009
18	0	0	-0.06452354154942797
18	0	1	-0.02599418495591821
18	0	2	-0.046811104858375585
18	0	3	0.011492635331644574
18	0	4	-0.005319448353504064
18	1	0	-0.02186737947852191
18	1	1	0.021056087038079263
18	1	2	-0.027658975801913344
18	1	3	-0.004779998123651152
18	1	4	-0.04814241486068116
18	2	0	-0.020207278184205646
18	2	1	-0.027035265428625
18	2	2	-0.013749765522416024
18	2	3	0.007083216061544273
18	2	4	0.0044047283985364505
18	3	0	-0.013820108797598873
18	3	1	0.026631963984243057
18	3	2	-0.010401425623710492
18	3	3	-0.054559527160146226
18	3	4	-0.008631203677643362
18	4	0	-0.04134777715250415
18	4	1	-0.02334927780904139
18	4	2	-0.03217032451697621
18	4	3	-0.04840510366826156
18	4	4	-0.01400225161835078
18	5	0	-0.03681298067904715
18	5	1	-0.012019320952916912
18	5	2	0.02215813168261105
18	5	3	-0.006839290740219606
18	5	4	-0.024514494793132613
18	6	0	-0.001050459576064533
18	6	1	-0.035406115175389274
18	6	2	-0.0374648283624085
18	6	3	-0.02439722300403424
18	6	4	-0.036016511867905
18	7	0	-0.033792909397861615
18	7	1	-0.036268992684299506
18	7	2	-0.015414556368411159
18	7	3	-0.04701660568533622
18	7	4	-0.012655971479500927
18	8	0	-0.014781466891765183
18	8	1	-0.042079347214406315
18	8	2	-0.03166385293565932
18	8	3	-0.03694530443756461
18	8	4	-0.03738624636457466
18	9	0	-0.015761583192646644
18	9	1	-0.00961358094166187
18	9	2	-0.03423372725567442
18	9	3	-0.020344309972792907
18	9	4	-0.04151421334083871
19	0	0	-0.04547458262990056
19	0	1	0.005088163571562498
19	0	2	-0.03176702307259438
19	0	3	-0.013584764049160314
19	0	4	0.014616755793226521
19	1	0	-0.04488369911836432
19	1	1	-0.021797036203338838
19	1	2	-0.02850309510410798
19	1	3	-0.014171122994652285
19	1	4	-0.029050567595459098
19	2	0	0.006232414181204349
19	2	1	-0.02078878259238426
19	2	2	0.024357531419996192
19	2	3	-0.0010789004597053786
19	2	4	-0.007725865465803561
19	3	0	-0.014279684862127162
19	3	1	-0.011888013505908845
19	3	2	-0.06094541361845818
19	3	3	-0.005239703536917051
19	3	4	-0.027732432685993014
19	4	0	-0.03615175389232783
19	4	1	0.02416525980116302
19	4	2	-0.03094166197711501
19	4	3	-0.023046251993620537
19	4	4	0.009114363448728624
19	5	0	-0.015944475708122408
19	5	1	-0.028714124929656748
19	5	2	-0.02061995873194522
19	5	3	-0.03265784782812653
19	5	4	-0.015742564968571182
19	6	0	-0.002663665353592304
19	6	1	0.006752954417557522
19	6	2	-0.0365362971299944
19	6	3	-0.011384745285674125
19	6	4	0.03752697251149273
19	7	0	-0.026439692365409884
19	7	1	-0.04441943350215716
19	7	2	0.02735415494278748
19	7	3	-0.021029177221127515
19	7	4	-0.03444037902242236
19	8	0	-0.005252297880322776
19	8	1	-0.04282029637966611
19	8	2	-0.009904333145751343
19	8	3	0.014485411389436043
19	8	4	-0.022094005066141342
19	9	0	-0.03884355655599314
19	9	1	-0.03446820483961732
19	9	2	0.005927593322078373
19	9	3	-0.023890608875128838
19	9	4	-0.007955718172436343
20	0	0	-0.037633652222847536
20	0	1	-0.03213749765522422
20	0	2	0.023897955355468015
20	0	3	-0.03028426681677454
20	0	4	0.005319448353504175
20	1	0	-0.037915025323579044
20	1	1	-0.04841493153254539
20	1	2	0.00466141436878631
20	1	3	-0.006187259592832173
20	1	4	0.005155267848766298
20	2	0	-0.00788313637216298
20	2	1	-0.021201463140123833
20	2	2	-0.009397861564434451
20	2	3	-0.0440941927010039
20	2	4	-0.02948212777934134
20	3	0	-0.010087225661226773
20	3	1	-0.009186831738885792
20	3	2	0.03725379853685984
20	3	3	0.0034946993151327987
20	3	4	-0.054264002251618315
20	4	0	-0.06488932658037883
20	4	1	0.012310073157006274
20	4	2	0.010157568936409622
20	4	3	-0.05042217844075436
20	4	4	0.005230321793789128
20	5	0	-0.00871318701932089
20	5	1	-0.031068279872444315
20	5	2	-0.0017585818795722297
20	5	3	-0.007045689089032803
20	5	4	-0.023538793507833833
20	6	0	0.005561808291127401
20	6	1	-0.039954980303883
20	6	2	-0.039387544550741005
20	6	3	-0.04749507458485791
20	6	4	-0.025321324702129555
20	7	0	-0.025220408928906424
20	7	1	-0.002494841493153266
20	7	2	-0.013013505908835099
20	7	3	-0.0079135003283608
20	7	4	-0.04136410545079283
20	8	0	-0.03348339898705688
20	8	1	0.03481054211217416
20	8	2	-0.02101857062464829
20	8	3	-0.03988179003658887
20	8	4	-0.05172154986396471
20	9	0	0.00035171637591446814
20	9	1	-0.029562933783530254
20	9	2	-0.039063965484899654
20	9	3	0.02905056759545932
20	9	4	-0.03534102636269809
21	0	0	0.024474770211967867
21	0	1	-0.02208309885574944
21	0	2	-0.05116300881635716
21	0	3	-0.0008255933952527883
21	0	4	-0.037695843887794234
21	1	0	-0.03395704370662167
21	1	1	-0.04940911648846358
21	1	2	-0.029281560682798746
21	1	3	0.0011492635331646905
21	1	4	-0.00526784876630082
21	2	0	-0.004281560682798835
21	2	1	-0.031218345526167757
21	2	2	-0.04259988745075971
21	2	3	-0.017693967539168742
21	2	4	-0.05894080120086309
21	3	0	-0.001242731194897817
21	3	1	-0.026828925154755323
21	3	2	-0.026805477396361077
21	3	3	0.001243080964443366
21	3	4	-0.03363354911342531
21	4	0	0.0031935846933034417
21	4	1	0.01846276495966992
21	4	2	-0.034871506283999376
21	4	3	-0.023796791443850385
21	4	4	0.00455483628858222
21	5	0	-0.008638154192459169
21	5	1	-0.03370380791596328
21	5	2	0.01933502157193767
21	5	3	0.018397598273759197
21	5	4	-0.000581668073928121
21	6	0	-0.04607015569311579
21	6	1	-0.04803976739823679
21	6	2	-0.003934533858563127
21	6	3	-0.0017778403227319828
21	6	4	0.016183506895581345
21	7	0	-0.0298724441943351
21	7	1	-0.03764772087788404
21	7	2	-0.015367660851622555
21	7	3	-0.019434280889389144
21	7	4	0.004400037526972489
21	8	0	-0.032142187206902983
21	8	1	-0.01391389983117619
21	8	2	-0.02635528043519031
21	8	3	0.0067220189511210116
21	8	4	-0.027132001125809158
21	9	0	0.023546238979553546
21	9	1	-0.03309885574939031
21	9	2	-0.00030013130744699357
21	9	3	-0.015221878224974117
21	9	4	-0.0177221127685524
22	0	0	-0.043870755955730534
22	0	1	-0.027344775839429736
22	0	2	-0.02728381166760463
22	0	3	0.032864246176939726
22	0	4	-0.027010038465146824
22	1	0	-0.026275558056649828
22	1	1	0.0005627462014632378
22	1	2	0.004042393547176837
22	1	3	-0.003532226287644047
22	1	4	-0.012792006754855034
22	2	0	-0.014542299756143406
22	2	1	0.008389607953479539
22	2	2	-0.025736259613580947
22	2	3	-0.056712637207993355
22	2	4	0.02425649685711606
22	3	0	0.013604389420371454
22	3	1	-0.04740667792159081
22	3	2	-0.03703807915963242
22	3	3	-0.03352565906745464
22	3	4	-0.026625386996903977
22	4	0	-0.030027199399737303
22	4	1	0.0128728193584694
22	4	2	0.007648658788219853
22	4	3	0.014124214279013003
22	4	4	0.005295993995684256
22	5	0	-0.013477771525042148
22	5	1	-0.0570952916901144
22	5	2	-0.025797223785406165
22	5	3	-0.025537104794070786
22	5	4	-0.023731119241955145
22	6	0	-0.04418495591821425
22	6	1	-0.027921590695929588
22	6	2	-0.02283342712436698
22	6	3	-0.023937517590768453
22	6	4	-0.0016887137630170468
22	7	0	-0.0451697617707747
22	7	1	-0.03348339898705699
22	7	2	0.005838491840180038
22	7	3	-0.002959939956843849
22	7	4	0.0020639834881320818
22	8	0	-0.012774338773213323
22	8	1	0.014654848996435987
22	8	2	-0.02141249296567249
22	8	3	0.007589830190449343
22	8	4	0.00346186321418529
22	9	0	-0.04955449259050826
22	9	1	-0.03941099230913514
22	9	2	-0.013890452072781834
22	9	3	-0.02054132657847818
22	9	4	-0.026372079932451387
23	0	0	0.0033061339335959117
23	0	1	-0.033037891577565315
23	0	2	-0.02567060589007697
23	0	3	0.004831597710854618
23	0	4	-0.018285017356224786
23	1	0	-0.009505721253048272
23	1	1	-0.01158319264678298
23	1	2	-0.04353779778653166
23	1	3	-0.03825405760390266
23	1	4	-0.05056290458767232
23	2	0	-0.0037188144813357082
23	2	1	-0.022617707747139337
23	2	2	-0.025004689551679005
23	2	3	-0.0663289239140632
23	2	4	-0.02349657566375829
23	3	0	-0.021651660101294268
23	3	1	-0.03370380791596328
23	3	2	0.0006940536484710824
23	3	3	-0.03238108640585402
23	3	4	-0.020836851487006314
23	4	0	-0.03772744325642463
23	4	1	0.014542299756143295
23	4	2	-0.009735509285312305
23	4	3	-0.04233511586452765
23	4	4	-0.012904587672389667
23	5	0	-0.011930219471018577
23	5	1	-0.01118458075407991
23	5	2	-0.038815419245920135
23	5	3	-0.022525565250023583
23	5	4	-0.014504174875691889
23	6	0	-0.015578690677171214
23	6	1	-0.013449634214969142
23	6	2	-0.04151660101294319
23	6	3	-0.011881977671451383
23	6	4	-0.026916221033867926
23	7	0	-0.03781654473832308
23	7	1	-0.02258488088538735
23	7	2	-0.021351528793847385
23	7	3	-0.023271413828689247
23	7	4	-0.018134909466178906
23	8	0	-0.006012005252297947
23	8	1	-0.033619395985743816
23	8	2	-0.02108422434815227
23	8	3	0.007298996153485282
23	8	4	-0.023266722957125396
23	9	0	-0.01664321890827236
23	9	1	-0.009463515287938429
23	9	2	-0.04882761208028519
23	9	3	0.004160803077211894
23	9	4	-0.005056759545923661
24	0	0	-0.04926374038641901
24	0	1	-0.005622772462952508
24	0	2	-0.020737197523916673
24	0	3	-0.031813490946617895
24	0	4	-0.03478750351815363
24	1	0	-0.03353498405552424
24	1	1	0.005308572500469011
24	1	2	0.001660101294316263
24	1	3	-0.007040998217468619
24	1	4	-0.027371235575569863
24	2	0	-0.050933220784093125
24	2	1	-0.014017069968111029
24	2	2	-0.04725192271618839
24	2	3	-0.025002345435781947
24	2	4	-0.019575007036307324
24	3	0	-0.004891202401050454
24	3	1	0.0003423372725566143
24	3	2	-0.014837741511911529
24	3	3	-0.040261750633267646
24	3	4	0.02790130406229474
24	4	0	-0.007001500656537152
24	4	1	0.006223035077846495
24	4	2	0.02861564434440067
24	4	3	-0.002781686837414421
24	4	4	0.04028989586265119
24	5	0	0.0019414743950478819
24	5	1	-0.04457418870755958
24	5	2	-0.024831176139561095
24	5	3	-0.011699033680457882
24	5	4	-0.03492822966507181
24	6	0	0.013834177452635488
24	6	1	-0.011770774713937504
24	6	2	-0.020019696117051233
24	6	3	0.0063279857397504635
24	6	4	0.0017543859649123972
24	7	0	-0.0412305383605327
24	7	1	-0.001106734196210879
24	7	2	-0.021567248171074915
24	7	3	-0.015869218500797366
24	7	4	-0.020527253963786518
24	8	0	0.010091915212905644
24	8	1	-0.022430125679984925
24	8	2	-0.024010504595760596
24	8	3	0.007627357162960813
24	8	4	-0.039422084623323084
24	9	0	0.004853685987619594
24	9	1	-0.0416244607015569
24	9	2	-0.009200900393922407
24	9	3	0.002622197204240617
24	9	4	0.001519842386715542
25	0	0	-0.053484336897392626
25	0	1	-0.026978990808478764
25	0	2	-0.025755017820296433
25	0	3	-0.002664415048316049
25	0	4	-0.033624167370297386
25	1	0	-0.015320765334834063
25	1	1	-0.05070343275182887
25	1	2	-0.01828925154755212
25	1	3	-0.041922319166901145
25	1	4	-0.0344356881508584
25	2	0	-0.042726505346088905
25	2	1	-0.024681110485837543
25	2	2	-0.030951041080472752
25	2	3	-0.0218688432310723
25	2	4	-0.04107796228539251
25	3	0	-0.02599418495591821
25	3	1	-0.032184393172012826
25	3	2	-0.041249296567248184
25	3	3	-0.005314757481939991
25	3	4	-0.014992025518341334
25	4	0	-0.020666854248733713
25	4	1	-0.003897017445132267
25	4	2	0.0162446070155694
25	4	3	-0.032643775213434756
25	4	4	-0.029641617412515253
25	5	0	0.03431813918589377
25	5	1	-0.03564528231101105
25	5	2	-0.05205871318701949
25	5	3	-0.039065578384463895
25	5	4	-0.03414954498545841
25	6	0	-0.008938285499906273
25	6	1	-0.015222284749577986
25	6	2	-0.03105890076908646
25	6	3	-0.029041185852331397
25	6	4	0.0092691622103388
25	7	0	-0.019283436503470197
25	7	1	-0.06064528231101107
25	7	2	-0.02574094916525982
25	7	3	-0.006356130969134011
25	7	4	-0.0020170747724926885
25	8	0	-0.05385481148002258
25	8	1	-0.023621271806415267
25	8	2	-0.014162446070155599
25	8	3	-0.02544328736279211
25	8	4	-0.016624448822591287
25	9	0	-0.004169011442506032
25	9	1	-0.050328268617520044
25	9	2	-0.006462202213468493
25	9	3	0.020053475935828957
25	9	4	-0.0058448259686649795
26	0	0	-0.042942224723316436
26	0	1	0.0034280622772462355
26	0	2	-0.017116863627837264
26	0	3	-0.018885448916408643
26	0	4	-0.030312412046158088
26	1	0	0.017871881448133564
26	1	1	-0.024085537422622316
26	1	2	-0.015700619020821538
26	1	3	-0.035317572004878395
26	1	4	0.0030631391312506695
26	2	0	-0.006926467829675542
26	2	1	-0.01900675295441756
26	2	2	-0.013055711873944942
26	2	3	-0.012946805516464988
26	2	4	0.0023407449104044797
26	3	0	-0.020132245357343814
26	3	1	-0.004065841305571305
26	3	2	-0.04260926655411745
26	3	3	-0.011619288863870869
26	3	4	-0.027920067548550476
26	4	0	-0.05031419996248343
26	4	1	-0.011747326955542925
26	4	2	-0.012145938848246218
26	4	3	-0.025720048785064287
26	4	4	-0.03257810301153974
26	5	0	-0.04822734946539109
26	5	1	-0.05589476646032643
26	5	2	-0.05228381166760465
26	5	3	0.023050942865184276
26	5	4	-0.024777183600713015
26	6	0	0.002541737009941869
26	6	1	-0.057606452823110166
26	6	2	-0.05725473644719559
26	6	3	0.0065250023454357375
26	6	4	-0.005994933858710971
26	7	0	0.002879384730819723
26	7	1	-0.004924029262802554
26	7	2	-0.00856781091727632
26	7	3	0.01858992400788073
26	7	4	-0.04212402664415049
26	8	0	-0.009876195835678114
26	8	1	0.007470455824423072
26	8	2	-0.033333333333333326
26	8	3	-0.005854207711793014
26	8	4	-0.03739562810770247
26	9	0	-0.04256706058900772
26	9	1	-0.014406302757456246
26	9	2	-0.017266929281560817
26	9	3	-0.015841073271413708
26	9	4	-0.021925133689839615
27	0	0	-0.03778371787657098
27	0	1	-0.0499765522416058
27	0	2	0.019264678296754822
27	0	3	-0.008528004503236652
27	0	4	0.025677830940988855
27	1	0	-0.04055993247045586
27	1	1	-0.029525417370099394
27	1	2	-0.001388107296942498
27	1	3	-0.019237264283703648
27	1	4	9.850830284274803e-05
27	2	0	0.005135059088351102
27	2	1	-0.022205027199399763
27	2	2	-0.017145000937910382
27	2	3	-0.03468430434374703
27	2	4	-0.04222253494699313
27	3	0	-0.007554867754642536
27	3	1	-0.025731570061902187
27	3	2	-0.026627274432564407
27	3	3	0.001608968946430367
27	3	4	-0.03194483535040815
27	4	0	0.017009003939223555
27	4	1	-0.019700806602888754
27	4	2	0.02814668917651475
27	4	3	0.005267848766300709
27	4	4	-0.0016558776620697602
27	5	0	-0.011723879197148679
27	5	1	0.005988557493903368
27	5	2	0.0009894954042393156
27	5	3	0.013809925884229246
27	5	4	-0.04219908058917354
27	6	0	-0.03011630088163575
27	6	1	-0.0030575876946165037
27	6	2	-0.032465766272744334
27	6	3	-0.01901210244863505
27	6	4	-0.029730743972229967
27	7	0	-0.038416807353217064
27	7	1	-0.02438566873006942
27	7	2	-0.03764303132620528
27	7	3	-0.02371235575569941
27	7	4	-0.017027863777089758
27	8	0	-0.013815419245920113
27	8	1	-0.046703245169761876
27	8	2	-0.03309885574939042
27	8	3	-0.02052725396378663
27	8	4	-0.024373768646214433
27	9	0	-0.00954323766647902
27	9	1	0.000497092477959149
27	9	2	-0.02728381166760463
27	9	3	-0.012116521249648016
27	9	4	-0.0437845951777841
28	0	0	-0.01534890264490718
28	0	1	-0.02943631588820117
28	0	2	-0.008094166197711528
28	0	3	-0.02067736185383251
28	0	4	-0.006501547987616152
28	1	0	-0.014645469893078245
28	1	1	-0.04052710560870376
28	1	2	-0.012718064153066977
28	1	3	-0.022136222910216552
28	1	4	-0.012782625011727111
28	2	0	-0.004056462202213562
28	2	1	-0.005763459013318317
28	2	2	-0.04438191708872641
28	2	3	0.02974012571535789
28	2	4	-0.042466460268317796
28	3	0	-0.03174357531419991
28	3	1	-0.014035828174826515
28	3	2	-0.027734008628775175
28	3	3	-0.0015339150014072045
28	3	4	-0.012121212121212088
28	4	0	0.0006424685800038299
28	4	1	0.02449352841868324
28	4	2	-0.002719939973738539
28	4	3	-0.02782155924570795
28	4	4	-0.06527347781217763
28	5	0	-0.022575501782029606
28	5	1	-0.04328925154755203
28	5	2	-0.01685893828549989
28	5	3	-0.012740407167651902
28	5	4	-0.034768740031898004
28	6	0	-0.021665728756330882
28	6	1	-0.05372350403301451
28	6	2	-0.036630088163571606
28	6	3	-0.028862932732901747
28	6	4	-0.037301810676423575
28	7	0	-0.020071281185518597
28	7	1	-0.007447008066028937
28	7	2	-0.012347589570437023
28	7	3	-0.024097007223942035
28	7	4	-0.03003095975232195
28	8	0	0.005599324704558262
28	8	1	-0.012844682048396061
28	8	2	-0.023363346464078005
28	8	3	0.020921287175157066
28	8	4	-0.051233699221315265
28	9	0	-0.009533858563121278
28	9	1	-0.013318326767960964
28	9	2	-0.00903207653348348
28	9	3	0.01998780373393383
28	9	4	0.011333145698470881
29	0	0	-0.03796192084036765
29	0	1	-0.014936222097167606
29	0	2	0.01419996248358657
29	0	3	0.0060418425743502535
29	0	4	-0.0001594896331736928
29	1	0	-0.018162633652222926
29	1	1	-0.01940536484712052
29	1	2	-0.047054961545676344
29	1	3	-0.018721268411670655
29	1	4	-0.02923820245801667
29	2	0	-0.018772275370474545
29	2	1	-0.021539110861001687
29	2	2	-0.03190770962296008
29	2	3	-0.014466647903180418
29	2	4	0.001618350689558068
29	3	0	-0.03201556931157379
29	3	1	-0.012891577565184886
29	3	2	-0.006677921590696023
29	3	3	-0.0013650436251054776
29	3	4	-0.00209212871751574
29	4	0	-0.021820483961733195
29	4	1	0.02678202963796661
29	4	2	-0.025257925342337284
29	4	3	-0.0063373674828782756
29	4	4	-0.07080870625762281
29	5	0	-0.035012192834365075
29	5	1	-0.05605421121740761
29	5	2	-0.012075595573063258
29	5	3	-0.03326766113143831
29	5	4	-0.0108265315695657
29	6	0	-0.029881823297692733
29	6	1	-0.03351153629713011
29	6	2	0.005500844119302184
29	6	3	-0.028027957594521036
29	6	4	-0.010019701660568425
29	7	0	0.027171262427311937
29	7	1	-0.05451134871506291
29	7	2	-0.017299756143312695
29	7	3	-0.007059761703724465
29	7	4	-0.039065578384463895
29	8	0	-0.022688051022322298
29	8	1	-0.010950103170136893
29	8	2	-0.022256612267867237
29	8	3	-0.01475748194014459
29	8	4	-0.047293367107608564
29	9	0	-0.01725286062652398
29	9	1	0.026036390921028052
29	9	2	-0.0022978803226412214
29	9	3	0.0009147199549677243
29	9	4	-0.013997560746786708
30	0	0	-0.04110392046520339
30	0	1	0.018565935096604647
30	0	2	-0.026083286437816544
30	0	3	-0.007993245144947925
30	0	4	-0.025058635894549153
30	1	0	-0.008192646782967605
30	1	1	0.027415119114612696
30	1	2	-0.04111798912024012
30	1	3	0.013298620883760326
30	1	4	0.006881508584294926
30	2	0	-0.006954605139748771
30	2	1	0.006616957418870695
30	2	2	-0.03715062839992511
30	2	3	-0.0303124120461582
30	2	4	-0.027905994933858702
30	3	0	-0.017703057587694526
30	3	1	0.012347589570436912
30	3	2	-0.03299568561245547
30	3	3	0.013852143728304789
30	3	4	-0.012402664415048337
30	4	0	-0.04762239729881812
30	4	1	-0.009336897392609234
30	4	2	-0.0024573250797225166
30	4	3	-0.033938455765081255
30	4	4	-0.031733746130031104
30	5	0	0.024723316450947275
30	5	1	-0.04374882761208032
30	5	2	-0.03588913899831181
30	5	3	0.0012477718360071055
30	5	4	-0.003808987709916445
30	6	0	-0.009651097355092841
30	6	1	-0.015653723504033046
30	6	2	-0.007554867754642647
30	6	3	-0.029069331081714944
30	6	4	-0.008227788723144669
30	7	0	-0.0005721253048208697
30	7	1	-0.008309885574939058
30	7	2	-0.005266366535359168
30	7	3	-0.018355380429683876
30	7	4	-0.05059574068861994
30	8	0	-0.026336522228475046
30	8	1	-0.0021993997373852547
30	8	2	-0.05262614894016138
30	8	3	0.03038746599118114
30	8	4	-0.051665259405197506
30	9	0	-0.011353404614518725
30	9	1	-0.025914462577377506
30	9	2	-0.02743387732132807
30	9	3	-0.037409700722394135
30	9	4	-0.03320198892954307
31	0	0	-0.014926842993809863
31	0	1	0.020816919902457376
31	0	2	-0.010232601763271565
31	0	3	-0.024805328830096673
31	0	4	-0.04814710573224501
31	1	0	-0.026735134121178006
31	1	1	-0.022828737572687996
31	1	2	-0.04260926655411734
31	1	3	0.013711417581386831
31	1	4	0.01916221033868093
31	2	0	-0.0306274620146314
31	2	1	-0.002077471393734709
31	2	2	-0.018383042581129327
31	2	3	-0.009954029458673408
31	2	4	-0.03883572567783089
31	3	0	-0.0028277996623522483
31	3	1	-0.01781560682798733
31	3	2	-0.0186081410617146
31	3	3	-0.03129280420302083
31	3	4	-0.0017731494511680213
31	4	0	-0.020113487150628218
31	4	1	0.03575783155130363
31	4	2	-0.009022697430125737
31	4	3	-0.03617131062951495
31	4	4	-0.03275635613096928
31	5	0	-0.001547552054023682
31	5	1	0.005369536672294117
31	5	2	-0.041535359219658674
31	5	3	-0.023979735434843885
31	5	4	-0.01411014166432123
31	6	0	0.004023635340461462
31	6	1	-0.057278184205590055
31	6	2	-0.040794410054398766
31	6	3	0.0005113050004690312
31	6	4	0.0019514025705976712
31	7	0	0.014209341586944202
31	7	1	-0.0298255486775465
31	7	2	-0.027438566873006942
31	7	3	-0.020363073459048642
31	7	4	-0.03958157425649689
31	8	0	-0.03793847308197351
31	8	1	-0.022420746576627182
31	8	2	0.02198461827049336
31	8	3	-0.016586921850079928
31	8	4	-0.0003658879819871119
31	9	0	-0.04586850497092465
31	9	1	-0.007981616957418836
31	9	2	-0.031251172387919746
31	9	3	-0.038741908246552104
31	9	4	-0.04457266160052542
32	0	0	-0.029989682986306443
32	0	1	-0.015536484712061593
32	0	2	-0.01750140686550372
32	0	3	0.029711980485974343
32	0	4	-0.03851205553991932
32	1	0	-0.0519274057400112
32	1	1	-0.039289063965484816
32	1	2	0.019170887263177616
32	1	3	-0.033009663195421535
32	1	4	-0.023477812177502444
32	2	0	0.025093791033577006
32	2	1	0.004947477021196578
32	2	2	-0.0004877133746014062
32	2	3	0.006145041748756963
32	2	4	-0.014377521343465594
32	3	0	-0.019550740949165202
32	3	1	-0.003062277246295264
32	3	2	-0.0449352841868319
32	3	3	-0.03248428558026073
32	3	4	-0.042030209212871816
32	4	0	-0.04410523353967355
32	4	1	-0.020638716938660595
32	4	2	-0.03156068279872448
32	4	3	-0.01519373299559068
32	4	4	-0.02554179566563486
32	5	0	-0.014209341586944313
32	5	1	-0.03635809416619773
32	5	2	-0.019522603639092195
32	5	3	-0.025649685711605197
32	5	4	-0.008218406980016968
32	6	0	-0.013074470080660316
32	6	1	-0.015494278746951862
32	6	2	-0.05611986494091159
32	6	3	-0.022220658598367637
32	6	4	-0.006342058354442126
32	7	0	-0.023682235978240485
32	7	1	-0.0006752954417558188
32	7	2	-0.007592384168073618
32	7	3	-0.0393141945773523
32	7	4	-0.015789473684210575
32	8	0	-0.02710560870380796
32	8	1	-0.009214969048958799
32	8	2	-0.03740386419058339
32	8	3	0.00408105826062477
32	8	4	-0.05315695656252939
32	9	0	-0.033769461639467147
32	9	1	-0.039317201275558045
32	9	2	0.00792534233727249
32	9	3	-0.01844919786096244
32	9	4	-0.037114175813866224
33	0	0	-0.061409679234665115
33	0	1	-0.02258957043706622
33	0	2	-0.015044081785781316
33	0	3	-0.003058448259686597
33	0	4	-0.04233042499296369
33	1	0	-0.003456199587319464
33	1	1	-0.037844682048396194
33	1	2	-0.021112361658225387
33	1	3	-0.057298996153485215
33	1	4	-0.0030912843606342166
33	2	0	0.04510879759894959
33	2	1	-0.0348199212155319
33	2	2	-0.014481335584318189
33	2	3	-0.02739468993338967
33	2	4	0.008917346843043461
33	3	0	-0.006945226036390806
33	3	1	0.0015428625023446996
33	3	2	-0.004464453198274265
33	3	3	-0.016235106482784367
33	3	4	-0.01407261469180976
33	4	0	-0.03499812417932835
33	4	1	0.0015428625023448106
33	4	2	-0.004323766647908567
33	4	3	-0.054728398536448175
33	4	4	-0.05567595459236341
33	5	0	-0.04291877696492219
33	5	1	-0.020160382667417043
33	5	2	-0.01764678296754829
33	5	3	-0.016296087813115756
33	5	4	-0.04208649967163891
33	6	0	-0.02495779403489029
33	6	1	-0.03377415119114624
33	6	2	-0.06281654473832299
33	6	3	-0.058162116521249696
33	6	4	-0.009986865559620917
33	7	0	-0.040536484712061505
33	7	1	-0.05418308009754269
33	7	2	-0.02614425060964176
33	7	3	-0.0038699690402475007
33	7	4	-0.04116708884510745
33	8	0	-0.029891202401050365
33	8	1	0.01485181016694781
33	8	2	-0.05131307447008071
33	8	3	-0.022534946993151395
33	8	4	-0.05042686931231821
33	9	0	0.006570061902082203
33	9	1	-0.0331457512661788
33	9	2	-0.002588632526730583
33	9	3	0.01053100666103779
33	9	4	-0.02558401350971007
34	0	0	-0.02951134871506278
34	0	1	0.020282311011067256
34	0	2	-0.04145563684111797
34	0	3	0.02489914626137535
34	0	4	-0.014935735059574018
34	1	0	-0.02126711686362781
34	1	1	-0.009435377977865311
34	1	2	-0.04583567810917277
34	1	3	-0.00541795665634659
34	1	4	-0.03151796603808987
34	2	0	-0.012160007503282833
34	2	1	-0.007658037891577707
34	2	2	-0.0057775276683550425
34	2	3	-0.021953278919223163
34	2	4	-0.05244863495637486
34	3	0	-0.00917745263552805
34	3	1	-0.03226880510223229
34	3	2	-0.05894766460326406
34	3	3	-0.047082277887231294
34	3	4	-0.032639084341870794
34	4	0	-0.02076064528231092
34	4	1	-0.010556180829112694
34	4	2	-0.029065841305571216
34	4	3	0.019931513275166512
34	4	4	-0.043001219626606635
34	5	0	-0.01993997373851064
34	5	1	-0.033291127368223705
34	5	2	0.017937535171637542
34	5	3	-0.017262407355286724
34	5	4	0.003630734590486795
34	6	0	-0.052804351903957936
34	6	1	-0.03186081410617159
34	6	2	-0.016511911461264295
34	6	3	-0.02410638896707018
34	6	4	-0.03533164461957017
34	7	0	0.011076721065466089
34	7	1	-0.03384918401800796
34	7	2	-0.011447195648096042
34	7	3	-0.015587766206961118
34	7	4	-0.026325171216812215
34	8	0	-0.016085162258488106
34	8	1	0.0014209341586944868
34	8	2	-0.04891202401050454
34	8	3	0.01956093442161544
34	8	4	-0.018932357632048036
34	9	0	-0.02603170136934907
34	9	1	-0.03005064715813155
34	9	2	-0.0020634027386983167
34	9	3	0.02869406135660013
34	9	4	0.017675204052913118
35	0	0	-0.032972237854061115
35	0	1	-0.04342993809791784
35	0	2	-0.02578315513036966
35	0	3	0.03486255746317668
35	0	4	-0.01527347781217736
35	1	0	0.016483774151191177
35	1	1	-0.0036203338960795195
35	1	2	0.002644907146876596
35	1	3	-0.04944647715545525
35	1	4	-0.02511961722488032
35	2	0	-0.03169667979741131
35	2	1	-0.02304914650159451
35	2	2	-0.011967735884449549
35	2	3	-0.007946336429308531
35	2	4	-0.05680176376770807
35	3	0	-0.055313262052147816
35	3	1	-0.015536484712061593
35	3	2	-0.021346839242168514
35	3	3	0.00317572004878508
35	3	4	-0.028670606998780324
35	4	0	-0.0048818232976926
35	4	1	0.0009238416807353378
35	4	2	-0.02839992496717314
35	4	3	-0.021667135753823064
35	4	4	-0.022792944929167946
35	5	0	-0.013055711873944942
35	5	1	-0.0017304445694992232
35	5	2	0.0035312324141810736
35	5	3	-0.027000656722019012
35	5	4	-0.024458204334365408
35	6	0	-0.012567998499343536
35	6	1	0.009135246670418318
35	6	2	-0.03450103170136931
35	6	3	-0.03916408668730642
35	6	4	-0.029468055164649565
35	7	0	0.003526542862502313
35	7	1	-0.03367098105421129
35	7	2	-0.02896736072031514
35	7	3	-0.03663101604278063
35	7	4	-0.02944929167839394
35	8	0	-0.009022697430125737
35	8	1	-0.03238135434252487
35	8	2	-0.02244419433502154
35	8	3	-0.0018294399099353376
35	8	4	-0.044441317196735164
35	9	0	-0.011681673232038947
35	9	1	-0.03425248546238968
35	9	2	-0.026946163946726776
35	9	3	-0.01905901116427422
35	9	4	-0.013256403039684783
36	0	0	-0.006785781279309622
36	0	1	-0.009805852560495265
36	0	2	-0.016863627837178874
36	0	3	-0.005985552115583048
36	0	4	-0.03179472746036216
36	1	0	0.0016554117426375026
36	1	1	0.017398236728568772
36	1	2	-0.027152504220596563
36	1	3	-0.0329908997091658
36	1	4	0.043864339994371004
36	2	0	-0.03149033952354163
36	2	1	-0.026416244607015638
36	2	2	-0.017660851622585017
36	2	3	-0.03639178159301992
36	2	4	-0.01710760859367666
36	3	0	0.004140874132433026
36	3	1	-0.008942975051585145
36	3	2	0.015972613018195414
36	3	3	-0.05341495449854572
36	3	4	-0.053757388122713134
36	4	0	-0.034519789908084686
36	4	1	-0.005951041080472619
36	4	2	-0.021421872069030234
36	4	3	0.011394127028801826
36	4	4	-0.021882915845764295
36	5	0	-0.03900769086475342
36	5	1	-0.02327424498217967
36	5	2	-0.011550365785030992
36	5	3	-0.008715639365794225
36	5	4	-0.02458016699502774
36	6	0	-0.028840742824985943
36	6	1	-0.022322265991371326
36	6	2	-0.042867191896454715
36	6	3	-0.030955061450417598
36	6	4	-0.008537386246364465
36	7	0	0.014218720690301945
36	7	1	0.0028418683173888626
36	7	2	-0.01914743950478337
36	7	3	0.02496950933483466
36	7	4	-0.034918847921943885
36	8	0	-0.013824798349277856
36	8	1	-0.04372069030200709
36	8	2	-0.021675107859688514
36	8	3	-0.008537386246364576
36	8	4	-0.058504550145417
36	9	0	-0.016849559182142038
36	9	1	-0.02118739448508722
36	9	2	-0.05801913337084974
36	9	3	-0.03540200769302926
36	9	4	-0.061337836570034776
37	0	0	-0.023405552429187737
37	0	1	-0.03335678109172768
37	0	2	-0.02101857062464829
37	0	3	0.01555493010601361
37	0	4	-0.01830378084248041
37	1	0	-0.011419058338022925
37	1	1	-0.011086100168823831
37	1	2	-0.013787281935846996
37	1	3	-0.027455671263720616
37	1	4	-0.0008490477530724849
37	2	0	-0.0020399549803038486
37	2	1	-0.022242543612830623
37	2	2	-0.01237103732883138
37	2	3	0.0010226100009381733
37	2	4	-0.044746223848391
37	3	0	0.0003986118927031823
37	3	1	-0.01616488463702881
37	3	2	-0.02230350778465595
37	3	3	-0.06194295900178237
37	3	4	-0.001144572661600507
37	4	0	0.01670887263177656
37	4	1	0.010659350966047754
37	4	2	-0.03790095666854243
37	4	3	0.016995027676142138
37	4	4	0.0256356130969132
37	5	0	0.012671168636278374
37	5	1	0.0033624085537423687
37	5	2	-0.012497655224160575
37	5	3	0.005929261656815843
37	5	4	-0.02150295524908541
37	6	0	0.0032826861752016656
37	6	1	0.013224535734383758
37	6	2	-0.039387544550740894
37	6	3	-0.04089970916596308
37	6	4	-0.010695187165775333
37	7	0	-0.025295441755768144
37	7	1	-0.021459388482461206
37	7	2	-0.04036297129994382
37	7	3	-0.006553147574819285
37	7	4	-0.026784876630078003
37	8	0	-0.026580378915775693
37	8	1	-0.004065841305571083
37	8	2	0.016357156255861982
37	8	3	-0.03378365700347141
37	8	4	0.030152922412984284
37	9	0	-0.017412305383605275
37	9	1	0.004905271056087179
37	9	2	-0.017398236728568772
37	9	3	-0.028722206585983567
37	9	4	-0.01956093442161555
38	0	0	-0.057854999062089685
38	0	1	0.01789063965484905
38	0	2	-0.03818232976927405
38	0	3	-0.012327610470025396
38	0	4	-0.03327704287456601
38	1	0	0.04135715625586189
38	1	1	-0.014049896829863018
38	1	2	-0.025726880510223205
38	1	3	-0.03807580448447312
38	1	4	-0.05111642743221678
38	2	0	-0.02319921215531795
38	2	1	0.00015475520540220167
38	2	2	-0.03421496904895904
38	2	3	-0.03615723801482318
38	2	4	0.004911342527441742
38	3	0	-0.03170605890076905
38	3	1	-0.017900018758206793
38	3	2	-0.004098668167323405
38	3	3	-0.014893517215498475
38	3	4	-0.04984520123839009
38	4	0	-0.030711873944850754
38	4	1	-0.029342524854623964
38	4	2	-0.02104670793472141
38	4	3	-0.014715264096069158
38	4	4	-0.057439722300403506
38	5	0	-0.03897017445132245
38	5	1	-0.02524385668730078
38	5	2	-0.011822359782404757
38	5	3	-0.039966225724739735
38	5	4	-0.03056571911061079
38	6	0	-0.002991933971112304
38	6	1	-0.042365409866816806
38	6	2	-0.04850403301444384
38	6	3	-0.027596397410638906
38	6	4	-0.00010319917440648751
38	7	0	-0.025436128306133954
38	7	1	-0.015569311573813582
38	7	2	-0.034125867567060486
38	7	3	-0.036190074115770576
38	7	4	-0.03898114269631292
38	8	0	-0.018026636653535877
38	8	1	0.018378353029450345
38	8	2	-0.018701932095291696
38	8	3	-0.025321324702129666
38	8	4	-0.009475560559151885
38	9	0	0.0007268805102232934
38	9	1	-0.058900769086475346
38	9	2	-0.026627274432564407
38	9	3	-0.03389154704944164
38	9	4	-0.019335772586546618
39	0	0	-0.054881823297692645
39	0	1	-0.0499765522416058
39	0	2	-0.010879759894954044
39	0	3	0.0030021578009195027
39	0	4	-0.05056759545923628
39	1	0	-0.024352841868317432
39	1	1	-0.024216844869630383
39	1	2	-0.011639467266929326
39	1	3	-0.0033070644525751147
39	1	4	-0.026977202364199204
39	2	0	-0.03317857812793101
39	2	1	0.00048302382292242374
39	2	2	-0.04682986306509107
39	2	3	-0.014250867811239298
39	2	4	-0.03440754292147474
39	3	0	0.021858000375164277
39	3	1	-0.012891577565184886
39	3	2	0.008619395985743683
39	3	3	-0.012867060699877864
39	3	4	-0.045670325546486534
39	4	0	-0.03636747326955536
39	4	1	-0.021970549615456747
39	4	2	-0.03669105233539682
39	4	3	-0.007819682897082347
39	4	4	-0.03811333145698481
39	5	0	-0.03990808478709429
39	5	1	-0.012525792534233804
39	5	2	-0.018237666479084536
39	5	3	-0.018378834787503684
39	5	4	-0.014269631297495144
39	6	0	-0.010307634590133286
39	6	1	-0.028268617520165185
39	6	2	-0.012319452260363906
39	6	3	0.016619757951027325
39	6	4	0.001519842386715431
39	7	0	-0.021928343650347015
39	7	1	-0.03128868880135072
39	7	2	0.0006612267867190935
39	7	3	-0.02050379960596671
39	7	4	0.021521718735340922
39	8	0	-0.009838679422247254
39	8	1	-0.04467735884449442
39	8	2	-0.03959857437628955
39	8	3	-0.0226944366263252
39	8	4	0.007983863401820002
39	9	0	-0.01699962483586559
39	9	1	-0.02194710185706239
39	9	2	-0.03131682611142372
39	9	3	-0.023881227132001026
39	9	4	-0.028520499108734332
40	0	0	-0.002396360907897188
40	0	1	-0.02696023260176328
40	0	2	-0.01874882761208041
40	0	3	-0.02154048222159677
40	0	4	-0.058598367576695676
40	1	0	0.013763834177452638
40	1	1	-0.009838679422247143
40	1	2	-0.016722941286813064
40	1	3	-0.04951214935735038
40	1	4	-0.031668073928135865
40	2	0	-0.018594072406677875
40	2	1	9.84805852559667e-05
40	2	2	-0.0562933783530295
40	2	3	-0.02609062763861525
40	2	4	0.04200675485505212
40	3	0	-0.050145376102044614
40	3	1	0.0054727068092289555
40	3	2	-0.030238229225286184
40	3	3	-0.03208087062576204
40	3	4	-0.04274322169059008
40	4	0	-0.05680453948602504
40	4	1	-0.018350215719377228
40	4	2	-0.029637966610392197
40	4	3	-0.029041185852331397
40	4	4	-0.036640397785908774
40	5	0	-0.022885012192834453
40	5	1	-0.01951322453573434
40	5	2	-0.04732226599137124
40	5	3	-0.0005066141289051806
40	5	4	-0.0230603246083122
40	6	0	-0.041221159257174955
40	6	1	-0.04972800600262628
40	6	2	-0.043542487338210534
40	6	3	0.029538418238108655
40	6	4	-0.002861431654001323
40	7	0	-0.01240855374226224
40	7	1	-0.0026167698368037007
40	7	2	-0.03988463702870004
40	7	3	-0.03233417769021474
40	7	4	-0.0010413734871939084
40	8	0	0.0060495216657288076
40	8	1	-0.0245310448321141
40	8	2	-0.024141812042768773
40	8	3	-0.02124964818463282
40	8	4	-0.015714419739187524
40	9	0	-0.0075173513412116755
40	9	1	-0.03627837178765703
40	9	2	-0.011573813543425349
40	9	3	-0.009649122807017463
40	9	4	0.011426963129749557
41	0	0	-0.021651660101294157
41	0	1	-0.04690958544363166
41	0	2	-0.04059275933220785
41	0	3	0.015817618913594123
41	0	4	-0.03537855333520956
41	1	0	0.03693959857437634
41	1	1	-0.03617520165072219
41	1	2	0.0
41	1	3	-0.04359226944366246
41	1	4	-0.02627357162960875
41	2	0	0.018340836616019374
41	2	1	-0.034547927218157914
41	2	2	-0.030022509848058543
41	2	3	0.017600150107890067
41	2	4	-0.01068111455108356
41	3	0	-0.013313637216282093
41	3	1	-0.028385856312136526
41	3	2	-0.05546801725755035
41	3	3	0.012510554461018897
41	3	4	-0.025133689839572204
41	4	0	0.0010551491277435154
41	4	1	-0.011334646407803461
41	4	2	-0.02929093978615649
41	4	3	-0.001074209588141417
41	4	4	-0.058190261750633465
41	5	0	-0.04180266366535368
41	5	1	-0.04507128118551862
41	5	2	-0.0014584505721253471
41	5	3	0.023004034149544883
41	5	4	-0.003977859086218283
41	6	0	-0.0015006565372350789
41	6	1	-0.033042581129244186
41	6	2	-0.05506940536484717
41	6	3	-0.03071113612909282
41	6	4	-0.03457172342621262
41	7	0	0.0015194147439504535
41	7	1	-0.018017257550178245
41	7	2	-0.01942881260551499
41	7	3	0.01089689464302468
41	7	4	0.004052913031241112
41	8	0	-0.030022509848058543
41	8	1	0.0016178953292064202
41	8	2	-0.025154755205402335
41	8	3	-0.04045407636738918
41	8	4	-0.012871751571441936
41	9	0	-0.021539110861001687
41	9	1	-0.018992684299380946
41	9	2	0.002316638529356596
41	9	3	-0.02844075429214743
41	9	4	-0.0022140913781779625
42	0	0	0.005388294879009603
42	0	1	0.005847870943537781
42	0	2	-0.02398236728568759
42	0	3	0.003217937892860512
42	0	4	-0.025630922225349462
42	1	0	-0.041469705496154585
42	1	1	-0.03055711873944844
42	1	2	-0.00785030951041088
42	1	3	-0.023074397223003862
42	1	4	-0.02223004034149534
42	2	0	-0.034838679422247276
42	2	1	-0.032756518476833696
42	2	2	-0.010457700243856727
42	2	3	-0.043831503893423385
42	2	4	0.006093442161553719
42	3	0	-0.04448977677734012
42	3	1	-0.02552522978803229
42	3	2	-0.01911461264303138
42	3	3	-0.014968571160521638
42	3	4	-0.038493292053663586
42	4	0	-0.045380791596323355
42	4	1	-0.011934909022697449
42	4	2	-0.047598949540423985
42	4	3	-0.058012008631203704
42	4	4	-0.034876630077868565
42	5	0	-0.003141999624835856
42	5	1	-0.03556087038079159
42	5	2	0.016868317388857634
42	5	3	0.0016230415611220295
42	5	4	-0.014654282765737991
42	6	0	-0.01921778277996622
42	6	1	-0.0028887638341774657
42	6	2	-0.029201838304258154
42	6	3	0.005005159958720307
42	6	4	-0.015104606435875634
42	7	0	-0.0003376477208778539
42	7	1	-0.019705496154567625
42	7	2	-0.005782217220033803
42	7	3	-0.0063279857397504635
42	7	4	-0.03467492260061922
42	8	0	-0.00015944475708129513
42	8	1	-0.04586850497092476
42	8	2	0.00012192834365043481
42	8	3	-0.0026268880758045787
42	8	4	-0.024627075710667024
42	9	0	0.0013646595385481408
42	9	1	-0.029384730819733584
42	9	2	0.004633277058713192
42	9	3	0.0352612815461113
42	9	4	-0.016830847171404373
43	0	0	-0.02105139748640039
43	0	1	-0.03729600450196968
43	0	2	-0.0262802476083287
43	0	3	-0.025537104794070786
43	0	4	-0.008237170466272592
43	1	0	-0.012075595573063258
43	1	1	-0.01901144250609632
43	1	2	-0.028310823485274916
43	1	3	-0.04529036494980754
43	1	4	-0.049605966788629274
43	2	0	-0.01100637779028324
43	2	1	-0.0062980679047083266
43	2	2	-0.022378540611517672
43	2	3	0.0026268880758044677
43	2	4	-0.026508115207805605
43	3	0	-0.038599699868692494
43	3	1	-0.016071093603451603
43	3	2	-0.03125117238791986
43	3	3	-0.0005488319729805013
43	3	4	-0.0010695187165775666
43	4	0	0.000914462577377706
43	4	1	0.04822265991371222
43	4	2	-0.015691239917463906
43	4	3	-0.0034477905994934055
43	4	4	-0.02911623979735445
43	5	0	-0.004605139748639964
43	5	1	0.0008769461639467346
43	5	2	0.013013505908835099
43	5	3	-0.016361760015010884
43	5	4	-0.008058917346843053
43	6	0	0.026777340086287738
43	6	1	-0.0019227161883325072
43	6	2	0.0012052147814668457
43	6	3	-0.013514400975701224
43	6	4	-0.026184445069893814
43	7	0	0.0028887638341773547
43	7	1	-0.03294879009566687
43	7	2	-0.011981804539486052
43	7	3	-0.0513322075241579
43	7	4	0.00801200863120366
43	8	0	-0.022294128681298098
43	8	1	-0.03382573625961349
43	8	2	-0.0023072594259988533
43	8	3	-0.009897738999906314
43	8	4	-0.030762735716296064
43	9	0	0.019381917088726386
43	9	1	-0.03649409116488456
43	9	2	-0.027518289251547534
43	9	3	-0.01007130124777178
43	9	4	-0.007420958814147616
44	0	0	-0.033441193021947146
44	0	1	-0.0027621459388482705
44	0	2	-0.022134683924216914
44	0	3	0.011877286799887532
44	0	4	0.007786846796134617
44	1	0	-0.046853310823485206
44	1	1	-0.03439317201275549
44	1	2	-0.016188332395422944
44	1	3	-0.025832629702598586
44	1	4	-0.027230509428651795
44	2	0	-0.06189739260926663
44	2	1	-0.023827612080285165
44	2	2	0.005252297880322554
44	2	3	-0.025462050849047735
44	2	4	-0.0159911811614597
44	3	0	-0.01054680172575495
44	3	1	-0.021736072031513842
44	3	2	0.010645282311010917
44	3	3	-0.01751102354817513
44	3	4	-0.06467773712355751
44	4	0	-0.023142937535171493
44	4	1	-0.026631963984243057
44	4	2	-0.03905458638154202
44	4	3	-0.019621915751946828
44	4	4	0.026076555023923365
44	5	0	-0.01305571187394483
44	5	1	-0.018059463515287977
44	5	2	-0.01165353592196594
44	5	3	-0.0245051130500048
44	5	4	-0.03359602214091384
44	6	0	-0.0037422622397298433
44	6	1	0.0002907522040891397
44	6	2	-0.02373382104670796
44	6	3	-0.025016418050473832
44	6	4	0.007449104043531274
44	7	0	0.01846745451134868
44	7	1	-0.043941099230913605
44	7	2	0.007536109547927161
44	7	3	-0.017098226850548737
44	7	4	-0.05901116427432218
44	8	0	-0.01351528793847312
44	8	1	-0.013670043143875432
44	8	2	-0.014706434064903462
44	8	3	-0.01731869781405404
44	8	4	-0.05219063702035831
44	9	0	-0.006223035077846606
44	9	1	-0.05365785030951031
44	9	2	-0.019621084224348162
44	9	3	0.02006285767895688
44	9	4	-0.01140819964349371
45	0	0	-0.03409773025698737
45	0	1	-0.018378353029450456
45	0	2	-0.03879197148752589
45	0	3	0.07055070832160615
45	0	4	-0.018894830659536455
45	1	0	0.03918120427687122
45	1	1	0.004042393547176948
45	1	2	-0.020099418495591825
45	1	3	-0.044811896050286015
45	1	4	-0.05107890045970542
45	2	0	-0.025872256612267885
45	2	1	-0.013435565559932527
45	2	2	0.03130744700806598
45	2	3	-0.030443756449948345
45	2	4	-0.04969978421990806
45	3	0	-0.013323016319639835
45	3	1	-0.01409210279497286
45	3	2	-0.01878634402551127
45	3	3	-0.040045970541326525
45	3	4	-0.012046158176189037
45	4	0	-0.037239729881823225
45	4	1	-0.002734008628775042
45	4	2	-0.006555993247045699
45	4	3	-0.03020452200018764
45	4	4	-0.030936297964161863
45	5	0	-0.018270493340836635
45	5	1	-0.013276120802851232
45	5	2	-0.03319733633464639
45	5	3	-0.00034712449573148785
45	5	4	-0.022534946993151395
45	6	0	-0.0737009941849559
45	6	1	-0.03707559557306328
45	6	2	-0.04328925154755203
45	6	3	-0.02628295337273656
45	6	4	-0.043944084810957795
45	7	0	-0.04793659726130184
45	7	1	-0.035837553929844335
45	7	2	0.0026589758019133214
45	7	3	-0.005999624730274822
45	7	4	-0.013153203865278296
45	8	0	0.013440255111611288
45	8	1	-0.041075783155130496
45	8	2	-0.017670230725942537
45	8	3	0.0017825311942958333
45	8	4	-0.0037151702786376584
45	9	0	-0.0029403489026448293
45	9	1	0.015334833989870567
45	9	2	0.007634590133183239
45	9	3	-0.037766206961253324
45	9	4	-0.030340557275541746
46	0	0	-0.012356968673794766
46	0	1	0.03142468580003743
46	0	2	-0.03384918401800796
46	0	3	-0.02100572286330793
46	0	4	-0.014382212215029555
46	1	0	-0.006269930594635209
46	1	1	0.01699493528418683
46	1	2	-0.024291877696492215
46	1	3	-0.031743127873158694
46	1	4	-0.0036260437189228334
46	2	0	-0.039847120615269294
46	2	1	-0.0030435190395797784
46	2	2	-0.038773213280810404
46	2	3	-0.0069893986302654865
46	2	4	-0.021132376395534225
46	3	0	-0.03384449446632898
46	3	1	-0.016080472706809346
46	3	2	-0.03394297505158517
46	3	3	-0.037625480814335255
46	3	4	0.006004315601838783
46	4	0	-0.0019274057400111566
46	4	1	-0.025056274620146257
46	4	2	-0.03897955355468019
46	4	3	-0.023721737498827333
46	4	4	-0.03096444319354552
46	5	0	-0.02462952541737007
46	5	1	-0.061400300131307595
46	5	2	-0.049788970174451386
46	5	3	-0.021052631578947545
46	5	4	-0.005732245051130569
46	6	0	0.039289063965484816
46	6	1	-0.021778277996623574
46	6	2	-0.02514068655036572
46	6	3	-0.006112205647809454
46	6	4	-0.02551834130781494
46	7	0	0.015109735509285294
46	7	1	-0.005636841117989122
46	7	2	-0.03798067904708302
46	7	3	-0.031311567689276676
46	7	4	-0.02530256121587393
46	8	0	-0.013111986494091288
46	8	1	-0.030890076908647535
46	8	2	-0.00376102044644544
46	8	3	0.0012759170653907637
46	8	4	-0.0321324702129655
46	9	0	-0.016324329394109993
46	9	1	-0.022181579441005406
46	9	2	0.0066028887638340805
46	9	3	-0.019612534008818794
46	9	4	-0.0558588985833568
47	0	0	-0.030111611329956767
47	0	1	-0.010931344963421519
47	0	2	-0.06212718064153078
47	0	3	-0.025790411858523266
47	0	4	-0.03544422553710469
47	1	0	-0.03216563496529734
47	1	1	-0.02632714312511719
47	1	2	-0.02230350778465584
47	1	3	-0.03624636457453778
47	1	4	0.0011680270194203146
47	2	0	-0.020966985556180817
47	2	1	-0.004497280060026254
47	2	2	-0.013383980491465164
47	2	3	0.009954029458673408
47	2	4	-0.02631109860212022
47	3	0	-0.0319968111048583
47	3	1	-0.03414462577377608
47	3	2	-0.0231288688801351
47	3	3	-0.02144197391875391
47	3	4	-0.010563842761985187
47	4	0	-0.02592853123241412
47	4	1	-0.03700525229788032
47	4	2	-0.00981992121553188
47	4	3	0.006862745098039191
47	4	4	-0.017670513181349268
47	5	0	-0.01484712061526916
47	5	1	-0.035298255486775454
47	5	2	-0.018687863440255192
47	5	3	-0.018538324420677377
47	5	4	-0.00017825311942964994
47	6	0	-0.014106171450009253
47	6	1	-0.01670418308009769
47	6	2	-0.022786531607578264
47	6	3	-0.02097288676236042
47	6	4	-0.0342527441598649
47	7	0	0.032507972237854066
47	7	1	0.0062746201463140805
47	7	2	-0.018059463515288088
47	7	3	-0.0038512055539917656
47	7	4	-0.017168589924007827
47	8	0	-0.027246295254173658
47	8	1	-0.04348621271806419
47	8	2	-0.013871693866066459
47	8	3	0.016868374143915843
47	8	4	-0.03424336241673709
47	9	0	0.025797223785406165
47	9	1	-0.031148002250984796
47	9	2	-0.0458169199024574
47	9	3	-0.03904212402664409
47	9	4	0.005103668261563055
48	0	0	-0.03090883511536291
48	0	1	-0.032006190208216156
48	0	2	-0.011217407615832009
48	0	3	-0.004446946242611882
48	0	4	-0.04813772398911709
48	1	0	-0.006607578315513174
48	1	1	-0.03797598949540415
48	1	2	0.010354530106921667
48	1	3	-0.008579604090439896
48	1	4	-0.017116990336804472
48	2	0	-0.02090133183267684
48	2	1	0.0001641343087599445
48	2	2	0.0025698743200149865
48	2	3	-0.005966788629327313
48	2	4	0.025757575757575757
48	3	0	0.009524479459763646
48	3	1	-0.014392234102419854
48	3	2	-0.0317951603826675
48	3	3	0.009714795008912813
48	3	4	-0.029758889201613736
48	4	0	-0.055238229225286095
48	4	1	-0.015151941474395025
48	4	2	-0.011573813543425349
48	4	3	-0.030335866403977896
48	4	4	-0.011140819964349458
48	5	0	-0.053517163759144615
48	5	1	-0.016146126430313212
48	5	2	-0.006391858938285533
48	5	3	-0.020696125340088245
48	5	4	0.044919786096256575
48	6	0	-0.04693303320202591
48	6	1	-0.020483961733258393
48	6	2	-0.03854342524854626
48	6	3	-0.05051599587203304
48	6	4	-0.020780561028238997
48	7	0	0.0032264115550554306
48	7	1	-0.0374976552241606
48	7	2	0.0023869818045395563
48	7	3	-0.017098226850548737
48	7	4	-0.05082090252368887
48	8	0	-0.03998311761395612
48	8	1	-0.008624085537422554
48	8	2	0.013496529731757745
48	8	3	-0.014729336710760932
48	8	4	-0.035716296087813126
48	9	0	-0.048419621084224373
48	9	1	-0.050084411930219286
48	9	2	0.0013693490902269012
48	9	3	-0.02458485786659148
48	9	4	-0.057688338493292024
49	0	0	-0.048963609078972126
49	0	1	-0.0059135246670418695
49	0	2	0.009416619771149826
49	0	3	0.026512806079369566
49	0	4	0.02183131625856094
49	1	0	-0.0353545301069218
49	1	1	-0.008516225848808845
49	1	2	0.02635528043519042
49	1	3	-0.0399896800825591
49	1	4	0.04464302467398451
49	2	0	0.007695554305008456
49	2	1	-0.032540799099606166
49	2	2	-0.017773400862877486
49	2	3	-0.0027769959658504595
49	2	4	-0.060910967257716386
49	3	0	-0.004131495029075172
49	3	1	0.009627649596698484
49	3	2	-0.01193959857437632
49	3	3	-0.016366450886574624
49	3	4	0.0010695187165774556
49	4	0	-0.015320765334833952
49	4	1	0.025056274620146368
49	4	2	0.006781091727630861
49	4	3	-0.05430622009569375
49	4	4	-0.033835256590674656
49	5	0	-0.028137310073157007
49	5	1	-0.026519414743950365
49	5	2	0.004741136747326902
49	5	3	0.020949432404540613
49	5	4	0.0157050379960596
49	6	0	-0.024244982179703722
49	6	1	-0.024029262802476192
49	6	2	-0.03550459576064524
49	6	3	-0.012388591800356563
49	6	4	-0.03166338305657179
49	7	0	-0.005505533670981055
49	7	1	0.014387544550740872
49	7	2	-0.041329018945788776
49	7	3	-0.027052256309222145
49	7	4	-0.04723707664884147
49	8	0	0.0008722566122678632
49	8	1	-0.02789814293753512
49	8	2	-0.01932095291690117
49	8	3	-0.01941551740313352
49	8	4	-0.010873440285205094
49	9	0	-0.0032123429000188164
49	9	1	-0.006443444006752896
49	9	2	-0.0363627837178766
49	9	3	-0.02198611502017056
49	9	4	-0.025931138005441445
50	0	0	-0.027335396736071993
50	0	1	0.0006987432001500649
50	0	2	-0.024770211967735878
50	0	3	-0.006904962942114734
50	0	4	-0.0008162116521249763
50	1	0	0.0030528981429375213
50	1	1	-0.008234852748077226
50	1	2	-0.02625211029825547
50	1	3	-0.03639647246458377
50	1	4	-0.024772492729148943
50	2	0	-0.024334083661601946
50	2	1	-0.04739729881823307
50	2	2	-0.031419996248358784
50	2	3	-0.0057040998217468
50	2	4	-0.022004878506426406
50	3	0	0.019259988745076062
50	3	1	0.012178765709998096
50	3	2	-0.030772838116676082
50	3	3	-0.007425649685711577
50	3	4	-0.028820714888826315
50	4	0	-0.027419808666291345
50	4	1	0.017552991933971196
50	4	2	-0.008009754267492064
50	4	3	-0.017632986208837687
50	4	4	-0.002228163992870069
50	5	0	-0.05395798161695742
50	5	1	-0.037380416432189145
50	5	2	0.005538360532733044
50	5	3	0.013134440379022339
50	5	4	-0.013706726709822759
50	6	0	-0.009013318326767994
50	6	1	0.0205120990433314
50	6	2	-0.015030013130744702
50	6	3	-0.018167745567126414
50	6	4	-0.01602401726240732
50	7	0	-0.030125679984993492
50	7	1	-0.012633652222847513
50	7	2	-0.04069123991746382
50	7	3	0.010474716202270584
50	7	4	-0.02670982268505495
50	8	0	-0.03043519039579823
50	8	1	-0.026585068467454565
50	8	2	-0.03144813355843179
50	8	3	0.007111361290927709
50	8	4	-0.027601088282202868
50	9	0	-0.037633652222847536
50	9	1	-0.022978803226411437
50	9	2	-0.008197336334646477
50	9	3	0.021385683459986926
50	9	4	-0.06297025987428462
51	0	0	-0.03538266741699492
51	0	1	-0.03169667979741142
51	0	2	0.0033295816919901577
51	0	3	-0.009738249366732288
51	0	4	-0.01815367295243453
51	1	0	-0.02237385105983869
51	1	1	-0.031504408178578136
51	1	2	0.0025042205965108977
51	1	3	0.01201332207524175
51	1	4	-0.008936110329299085
51	2	0	-0.03859032076533486
51	2	1	-0.006626336522228549
51	2	2	-0.047420746576627315
51	2	3	-0.03486255746317668
51	2	4	-0.04313256403039667
51	3	0	0.01487994747702126
51	3	1	-0.007948790095666847
51	3	2	-0.03721628212342909
51	3	3	-0.05388404165493932
51	3	4	-0.007514776245426291
51	4	0	-0.0403160757831551
51	4	1	-0.03772744325642463
51	4	2	-0.017360720315137912
51	4	3	-0.053536917159208275
51	4	4	-0.04532789192231934
51	5	0	-0.0034702682423560782
51	5	1	-0.027222847495779523
51	5	2	-0.02911742637403869
51	5	3	-0.0048785064264941225
51	5	4	-0.029252275072708445
51	6	0	0.009744888388670048
51	6	1	-0.027884074282498617
51	6	2	-0.014467266929281464
51	6	3	-0.008945492072427008
51	6	4	0.005150576977202448
51	7	0	-0.025407990996060725
51	7	1	-0.014509472894391306
51	7	2	-0.0377649596698556
51	7	3	0.03910779622853944
51	7	4	-0.06443381180223295
51	8	0	0.002429187769649177
51	8	1	-0.020169761770774675
51	8	2	0.002541737009941869
51	8	3	-0.03287362792006765
51	8	4	-0.010873440285204983
51	9	0	-0.0284046145188519
51	9	1	-0.03956105796285869
51	9	2	-0.03731945226036404
51	9	3	-0.041378178065484494
51	9	4	-0.029402382962754436
52	0	0	0.00372819358469334
52	0	1	-0.036986494091164945
52	0	2	-0.04465391108610017
52	0	3	0.03774275260343363
52	0	4	-0.04464771554554836
52	1	0	-0.01057493903582818
52	1	1	-0.0032264115550552086
52	1	2	-0.002326017632714339
52	1	3	-0.029294492916783876
52	1	4	-0.007538230603246099
52	2	0	-0.033722566122678765
52	2	1	-0.04043800412680554
52	2	2	-0.03051022322265995
52	2	3	-0.022891453232010583
52	2	4	-0.016197579510273008
52	3	0	0.0021149878071656802
52	3	1	-0.02520634027386992
52	3	2	-0.040498968298630755
52	3	3	0.03492353879350796
52	3	4	-0.012299465240641738
52	4	0	-0.03762427311948968
52	4	1	-0.021492215344213084
52	4	2	0.015541174263740465
52	4	3	-0.010409044000375345
52	4	4	-0.019715733183225503
52	5	0	-0.022819358469330364
52	5	1	-0.045202588632526686
52	5	2	0.006213655974488863
52	5	3	-0.05453607280232675
52	5	4	-0.03370860305844836
52	6	0	0.0028512474207466054
52	6	1	-0.03979553554680171
52	6	2	-0.034979365972613086
52	6	3	-0.05839666009944644
52	6	4	-0.010085373862463665
52	7	0	0.011423747889701796
52	7	1	-0.001547552054023682
52	7	2	-0.01427030575876942
52	7	3	0.006534384088563772
52	7	4	-0.03432779810488795
52	8	0	-0.0401613205777529
52	8	1	-0.03339429750515854
52	8	2	-0.01871131119864944
52	8	3	0.01848203396191006
52	8	4	-0.047799981236513744
52	9	0	-0.028864190583380078
52	9	1	-0.06388107296942391
52	9	2	0.02574563871693858
52	9	3	-0.03793507833755505
52	9	4	-0.03997560746786755
53	0	0	-0.0678906396548491
53	0	1	0.019710185706246386
53	0	2	-0.041933971112361745
53	0	3	0.007458485786659197
53	0	4	-0.015827000656721935
53	1	0	0.008511536297129974
53	1	1	-0.014500093791033564
53	1	2	-0.01592571750140681
53	1	3	-0.049362041467304496
53	1	4	0.02966976264189891
53	2	0	-0.0031560682798724704
53	2	1	-0.005716563496529825
53	2	2	-0.03382104670793473
53	2	3	-0.020949432404540724
53	2	4	-0.044014447884416885
53	3	0	-0.033216094541361874
53	3	1	0.026350590883511438
53	3	2	-0.00745638716938668
53	3	3	-0.020485036119710975
53	3	4	-0.03620414673046246
53	4	0	0.012375726880510363
53	4	1	0.026125492402926276
53	4	2	-0.0002813731007316189
53	4	3	-0.006656346749225994
53	4	4	-0.023318322544328862
53	5	0	-0.03474019883699109
53	5	1	-0.05642937535171633
53	5	2	-0.04920746576627277
53	5	3	-0.021624917909747632
53	5	4	0.014119523407449042
53	6	0	-0.004380041268054802
53	6	1	-0.006227724629525477
53	6	2	-0.018265803789157764
53	6	3	-0.02583262970259881
53	6	4	-0.04139225068017638
53	7	0	-0.03810729694241233
53	7	1	-0.02990058150440822
53	7	2	-0.03094635152879388
53	7	3	0.002800450323670267
53	7	4	-0.0016136598179943284
53	8	0	-0.02983492778090413
53	8	1	-0.04686268992684295
53	8	2	-0.025651847683361484
53	8	3	0.027479125621540423
53	8	4	-0.03645745379491505
53	9	0	-0.03313168261114241
53	9	1	-0.017567060589007588
53	9	2	-0.038135434252485556
53	9	3	-0.037587953841823674
53	9	4	-0.017562623135378486
54	0	0	-0.024324704558244203
54	0	1	-0.019550740949165202
54	0	2	-0.0057212530482086965
54	0	3	0.0014729336710760377
54	0	4	-0.0499577821559245
54	1	0	-0.018631588820108846
54	1	1	-0.011714500093790936
54	1	2	-0.042262239729881856
54	1	3	-0.03689370485036103
54	1	4	-0.006487475372924267
54	2	0	-0.011503470268242388
54	2	1	-0.04414274995310452
54	2	2	-0.028456199587319486
54	2	3	0.0077680833098789925
54	2	4	-0.022220658598367526
54	3	0	-0.013388670043143702
54	3	1	0.008586569123991694
54	3	2	-0.014396923654098726
54	3	3	-0.01440566657284903
54	3	4	-0.028970822778872307
54	4	0	-0.039350028137310034
54	4	1	0.025412680547739597
54	4	2	-0.01897392609266557
54	4	3	-0.04815179660380908
54	4	4	0.007819682897082125
54	5	0	-0.013008816357156228
54	5	1	-0.0389467266929282
54	5	2	-0.04659069592946907
54	5	3	-0.007693029364856052
54	5	4	0.00869687587953838
54	6	0	-0.013937347589570437
54	6	1	0.013749765522415913
54	6	2	-0.0017492027762145979
54	6	3	-0.032897082277887235
54	6	4	0.033511586452762976
54	7	0	-0.0004595760645281777
54	7	1	-0.006621646970549677
54	7	2	-0.007479834927780926
54	7	3	-0.010624824092316243
54	7	4	0.012590299277605688
54	8	0	-0.035190395798161744
54	8	1	-0.011934909022697338
54	8	2	-0.013177640217595155
54	8	3	-0.003480626700441025
54	8	4	-0.021240266441504785
54	9	0	-0.027438566873006942
54	9	1	-0.009379103357718854
54	9	2	-0.001435002813731101
54	9	3	-0.03897645182474896
54	9	4	-0.041016980955061455
55	0	0	-0.02757456387169388
55	0	1	-0.0011114237478897504
55	0	2	-0.04436315888201092
55	0	3	-0.019983112862369756
55	0	4	-0.033155080213903676
55	1	0	-0.04292346651660095
55	1	1	0.0021947101857061613
55	1	2	-0.03205777527668352
55	1	3	-0.039004597054132506
55	1	4	-0.015081152078056048
55	2	0	-0.004178390545863775
55	2	1	-0.01588351153629719
55	2	2	-0.005796285875070417
55	2	3	-0.01934515432967443
55	2	4	-0.06223379303874654
55	3	0	-0.02409960607765893
55	3	1	-0.012882198461827143
55	3	2	-0.04816169574188722
55	3	3	-0.02908809456797068
55	3	4	-0.033586640397785916
55	4	0	-0.010743762896266995
55	4	1	0.006185518664415746
55	4	2	-0.023157006190208218
55	4	3	0.0001735622478655774
55	4	4	-0.026151608968946638
55	5	0	-0.012352279122116006
55	5	1	-0.03484805852560491
55	5	2	-0.003934533858563127
55	5	3	-0.0031147387184539133
55	5	4	-0.030340557275541857
55	6	0	-0.010954792721815876
55	6	1	-0.035800037516413474
55	6	2	-0.021539110861001687
55	6	3	-0.024706820527254036
55	6	4	-0.022694436626325087
55	7	0	0.00828174826486583
55	7	1	-0.05651847683361477
55	7	2	0.003409304070530861
55	7	3	-0.01534384088563645
55	7	4	-0.01920442818275636
55	8	0	-0.04532920652785599
55	8	1	-0.04750984805852565
55	8	2	-0.02703995498030387
55	8	3	0.005821371610845172
55	8	4	-0.0340932545266911
55	9	0	-0.01047176889889323
55	9	1	-0.02829675483023808
55	9	2	-0.02011817670230731
55	9	3	-0.01098133033117532
55	9	4	-0.029730743972229967
56	0	0	-0.0006237103732882332
56	0	1	-0.06542393547176895
56	0	2	-0.012267867191896431
56	0	3	0.012749788910779603
56	0	4	-0.004409419270100412
56	1	0	-0.00935565559932472
56	1	1	0.009585443631588864
56	1	2	0.006490339523541611
56	1	3	-0.03512993714232082
56	1	4	0.004714325921756357
56	2	0	-0.027804351903958024
56	2	1	-0.03793378353029453
56	2	2	-0.042187206903020136
56	2	3	-0.023201050755230268
56	2	4	-0.022717890984144895
56	3	0	0.010481148002251084
56	3	1	0.00029544175576801113
56	3	2	-0.040855374226223984
56	3	3	-0.044483535040810485
56	3	4	-0.042677549488695066
56	4	0	-0.04120709060213845
56	4	1	0.00763927968486211
56	4	2	-0.024357531419996303
56	4	3	-0.007556994089501834
56	4	4	-0.030195140257059827
56	5	0	-0.03133558431813921
56	5	1	-0.027766835490527164
56	5	2	-0.01860345151003573
56	5	3	-0.014710573224505197
56	5	4	0.0008349751383806003
56	6	0	0.055130369536672275
56	6	1	-0.00494278746951804
56	6	2	-0.02778559369724254
56	6	3	-0.029969978421990895
56	6	4	-0.035566188197767024
56	7	0	0.03087600825361092
56	7	1	-0.035049709247796046
56	7	2	-0.008520915400487716
56	7	3	-0.013458110516934019
56	7	4	-0.010507552303217982
56	8	0	-0.019048958919527292
56	8	1	-0.02276777340086289
56	8	2	-0.010926655411742536
56	8	3	-0.027798104887888253
56	8	4	0.02591237451918571
56	9	0	-0.04696586006377779
56	9	1	-0.02782779966235216
56	9	2	-0.025867567060589014
56	9	3	-0.028393845576508037
56	9	4	-0.023398067360915653
57	0	0	-0.03278465578690681
57	0	1	0.009608891389982999
57	0	2	-0.017379478521853398
57	0	3	-0.03293930012196267
57	0	4	-0.056318603996622585
57	1	0	-0.014279684862127162
57	1	1	-0.01976177077471386
57	1	2	-0.035237291314950236
57	1	3	-0.003138193076273388
57	1	4	0.005586828032648539
57	2	0	0.007770587131870066
57	2	1	-0.04685331082348543
57	2	2	-0.05199774901519427
57	2	3	-0.02677549488694997
57	2	4	-0.002434562341683044
57	3	0	-0.006935846933033174
57	3	1	-0.05098011630088173
57	3	2	-0.013684111798912157
57	3	3	-0.020663289239140514
57	3	4	-0.018350689558119804
57	4	0	0.0073485274807728596
57	4	1	-0.004150253235790657
57	4	2	0.016797974113674674
57	4	3	-0.02547612346373962
57	4	4	0.0027253963786469937
57	5	0	0.009819921215531768
57	5	1	-0.030139748640030106
57	5	2	-0.01021853310823495
57	5	3	-0.014485411389436265
57	5	4	-0.0213997560746787
57	6	0	-0.05081598199212156
57	6	1	0.017229412868129623
57	6	2	-0.0511583192646784
57	6	3	-0.03991462613753638
57	6	4	-0.008443568815085789
57	7	0	-0.010279497280060057
57	7	1	-0.02718064153066968
57	7	2	-0.006898330519602314
57	7	3	-0.02316821465428276
57	7	4	-0.054948869499953035
57	8	0	-0.04355655599324704
57	8	1	-0.0341727630838492
57	8	2	-0.047570812230350756
57	8	3	-0.010000938174312912
57	8	4	-0.02061168965193738
57	9	0	-0.043833239542299784
57	9	1	-0.06181767023072593
57	9	2	-0.03534984055524293
57	9	3	-0.01783000281452285
57	9	4	-0.04227413453419637
58	0	0	-0.038927968486212716
58	0	1	0.0033248921403112863
58	0	2	-0.0011911461264303425
58	0	3	0.01670888451074215
58	0	4	-0.03193545360728012
58	1	0	-0.008342712436691047
58	1	1	-0.013421496904895913
58	1	2	-0.012858750703432786
58	1	3	-0.04366732338868551
58	1	4	-0.05659536541889476
58	2	0	-0.025478334271243797
58	2	1	0.035298255486775454
58	2	2	0.0004689551678859205
58	2	3	0.008349751383807114
58	2	4	-0.02425649685711606
58	3	0	-0.010274807728381075
58	3	1	-0.025543987994747774
58	3	2	-0.014640780341399484
58	3	3	-0.026733277042874537
58	3	4	0.0019983112862369534
58	4	0	-0.01872537985368583
58	4	1	0.0009050834740199631
58	4	2	-0.022284749577940355
58	4	3	-0.04279482127779344
58	4	4	-0.008270006567220323
58	5	0	0.00692177827799656
58	5	1	-0.0045910710936034604
58	5	2	-0.02635059088351155
58	5	3	-0.013106295149638902
58	5	4	0.003255464865371871
58	6	0	0.0040611517538923225
58	6	1	-0.04460701556931168
58	6	2	0.010753141999624849
58	6	3	-0.021348156487475345
58	6	4	-0.010667041936391675
58	7	0	-0.019489776777340095
58	7	1	0.013787281935846885
58	7	2	-0.03152785593697249
58	7	3	-0.04281358476404906
58	7	4	-0.033145698470775975
58	8	0	-0.003957981616957484
58	8	1	-0.012628962671168642
58	8	2	-0.04309697992871886
58	8	3	0.008274697438784173
58	8	4	-0.016830847171404484
58	9	0	0.003184205589945699
58	9	1	-0.03202025886325255
58	9	2	-0.01825173513412126
58	9	3	-0.05524439440848106
58	9	4	9.381743127923059e-06
59	0	0	-0.04216375914462578
59	0	1	-0.005922903770399612
59	0	2	-0.023729131495029088
59	0	3	0.03989117177971668
59	0	4	-0.008528004503236652
59	1	0	-0.043936409679234734
59	1	1	-0.008619395985743683
59	1	2	0.01792346651660104
59	1	3	-0.03320667980110692
59	1	4	-0.023215123369922153
59	2	0	-0.010443631588820113
59	2	1	0.02180172575501771
59	2	2	0.0018476833614705646
59	2	3	-0.014063232948681836
59	2	4	-0.030626700440941845
59	3	0	0.02105139748640028
59	3	1	0.029023635340461484
59	3	2	-0.01932095291690128
59	3	3	-0.0167229571254337
59	3	4	-0.024552021765643972
59	4	0	-0.013726317764021667
59	4	1	0.016830800975426774
59	4	2	-0.03158882010879771
59	4	3	-0.0382165306313913
59	4	4	0.007866591612721519
59	5	0	0.010954792721815765
59	5	1	-0.01674638904520731
59	5	2	-0.0022556743575313787
59	5	3	-0.046073740500985116
59	5	4	-0.020198892954310876
59	6	0	0.04203714124929658
59	6	1	0.01043894203714113
59	6	2	-0.012066216469705515
59	6	3	-0.010840604184257474
59	6	4	0.006435875785721024
59	7	0	-0.008253610954792712
59	7	1	-0.005646220221346976
59	7	2	0.018265803789157764
59	7	3	-0.006759545923632371
59	7	4	-0.007411577071019915
59	8	0	-0.004239354717688992
59	8	1	-0.01387638341774533
59	8	2	-0.04208403676608519
59	8	3	-0.006923726428370469
59	8	4	-0.04165493948775678
59	9	0	-0.04468673794785216
59	9	1	-0.032189082723691476
59	9	2	-0.03736634777715253
59	9	3	-0.01660099446477148
59	9	4	-0.030725208743784704
60	0	0	-0.045521478146689054
60	0	1	0.005688426186456486
60	0	2	-0.061404989682986355
60	0	3	0.0343559433342715
60	0	4	-0.032967445351346214
60	1	0	-0.03531701369349083
60	1	1	-0.03062277246295253
60	1	2	-0.00029075220408936175
60	1	3	-0.0433577258654656
60	1	4	0.0012899896800826482
60	2	0	-0.04916994935284191
60	2	1	-0.02166103920465201
60	2	2	-0.034655786906771735
60	2	3	-0.02273196359883667
60	2	4	-0.03725021108922033
60	3	0	0.01724348152316646
60	3	1	0.0010457700243856616
60	3	2	-0.04657662727443257
60	3	3	-0.054118585233136285
60	3	4	-0.0507833755511774
60	4	0	-0.0562605514912774
60	4	1	0.006335584318139298
60	4	2	-0.019274057400112565
60	4	3	-0.019040247678018596
60	4	4	0.008007317759639587
60	5	0	-0.04009566685424881
60	5	1	0.008483398987056856
60	5	2	-0.02380885387356979
60	5	3	-0.023369922131532106
60	5	4	-0.02230040341495443
60	6	0	-0.006865503657850325
60	6	1	-0.04283436503470284
60	6	2	-0.019166197711498745
60	6	3	-0.04143446852425181
60	6	4	-0.009569377990430561
60	7	0	0.055852560495216697
60	7	1	-0.030791596323391457
60	7	2	-0.009890264490714618
60	7	3	0.0067126372079933105
60	7	4	-0.033042499296369154
60	8	0	0.00326392796848618
60	8	1	-0.0410101294316263
60	8	2	0.010438942037141241
60	8	3	-0.019007411577071087
60	8	4	-0.05237827188291588
60	9	0	0.01021853310823484
60	9	1	-0.006752954417557633
60	9	2	-0.01559744888388681
60	9	3	0.004939487756825289
60	9	4	-0.03771460737405008
61	0	0	-0.005294503845432397
61	0	1	-0.01216000750328261
61	0	2	-0.017295066591633823
61	0	3	0.020367764330612714
61	0	4	-0.039863026550333025
61	1	0	-0.0016178953292065312
61	1	1	-0.04368786344025499
61	1	2	-0.03265803789157762
61	1	3	-0.009686649779528933
61	1	4	-0.0063186039966225405
61	2	0	-0.027476083286437913
61	2	1	-0.030346088913899893
61	2	2	-0.006359032076533544
61	2	3	-0.0136785814804391
61	2	4	-0.05910967257716482
61	3	0	0.02613487150628402
61	3	1	-0.020104108047270697
61	3	2	0.024901519414743944
61	3	3	6.098133033127784e-05
61	3	4	-0.025715357913500436
61	4	0	-0.043439317201275474
61	4	1	0.021858000375164055
61	4	2	-0.03528418683173884
61	4	3	-0.058162116521249696
61	4	4	-0.022464583919692416
61	5	0	-0.03876383417745266
61	5	1	-0.01039673607203151
61	5	2	-0.027888763834177488
61	5	3	-0.01598649028989596
61	5	4	-0.006548456703255434
61	6	0	-0.015972613018195414
61	6	1	0.005149127743387716
61	6	2	-0.04273588444944665
61	6	3	-0.0027347781217750278
61	6	4	-0.015301623041561019
61	7	0	-0.012024010504595783
61	7	1	-0.012164697054961482
61	7	2	-0.012206903020071325
61	7	3	-0.038057040998217384
61	7	4	-0.026587860024392618
61	8	0	0.010073157006190048
61	8	1	0.029820859125867516
61	8	2	0.014471956480960446
61	8	3	0.015264096069049549
61	8	4	-0.026540951308753113
61	9	0	-0.015433314575126533
61	9	1	-0.03342712436691042
61	9	2	-0.005599324704558262
61	9	3	-0.03285017356224773
61	9	4	0.014551083591331282
62	0	0	-0.026341211780153695
62	0	1	-0.02007597073719769
62	0	2	-0.022106546614143685
62	0	3	-0.005572755417956654
62	0	4	-0.025809175344779
62	1	0	0.026885199774901447
62	1	1	-0.04758019133370839
62	1	2	0.004642656162070824
62	1	3	-0.020203583825874727
62	1	4	-0.02014729336710752
62	2	0	-0.014870568373663517
62	2	1	0.0026589758019133214
62	2	2	0.005589945601200519
62	2	3	-0.03155080213903749
62	2	4	-0.02169528098320661
62	3	0	-0.014073344588257375
62	3	1	-0.04725661226786726
62	3	2	-0.027912211592571845
62	3	3	-0.021235575569940712
62	3	4	-0.04301529224129841
62	4	0	-0.023114800225098486
62	4	1	0.0026589758019134324
62	4	2	-0.009078972050271972
62	4	3	-0.03191199924946064
62	4	4	-0.024453513462801557
62	5	0	-0.006068279872444182
62	5	1	-0.037417932845620006
62	5	2	-0.04399268429938108
62	5	3	0.00996341120180122
62	5	4	-0.0012008631203677123
62	6	0	-0.03173888576252115
62	6	1	-0.027190020634027423
62	6	2	-0.019138060401425627
62	6	3	0.007594521062013304
62	6	4	-0.02563092222534935
62	7	0	-0.014153066966797967
62	7	1	-0.0320296379666104
62	7	2	-0.04475239167135625
62	7	3	-0.027708978328173206
62	7	4	-0.029655690027207027
62	8	0	-0.02466704183080104
62	8	1	-0.025787844682048422
62	8	2	0.005421121740761703
62	8	3	-0.004953560371517063
62	8	4	-0.02241298433248895
62	9	0	-0.013848246107672102
62	9	1	-0.010438942037141241
62	9	2	-0.046445319827424614
62	9	3	-0.010446570972886593
62	9	4	-0.0036870250492541112
63	0	0	-0.02707278184205586
63	0	1	0.003962671168636134
63	0	2	-0.02348527480772833
63	0	3	-0.02464583919692276
63	0	4	-0.005019232573411969
63	1	0	-0.01308853873569693
63	1	1	-0.011433126993059317
63	1	2	-0.03621271806415316
63	1	3	0.004948869499953212
63	1	4	-0.0038324420677361415
63	2	0	0.0058572500468954125
63	2	1	-0.0004079909960608141
63	2	2	-0.045188519977490293
63	2	3	-0.03165400131344398
63	2	4	-0.02992306970635139
63	3	0	-0.042651472519227074
63	3	1	-0.05636372162821235
63	3	2	-0.027546426561620763
63	3	3	-0.009761703724551984
63	3	4	-0.03503142883947841
63	4	0	-0.004797411367473137
63	4	1	-0.0007081223035076967
63	4	2	0.02596135809416622
63	4	3	-0.0304953560371517
63	4	4	-0.029819870531945014
63	5	0	-0.02850309510410809
63	5	1	-0.02434346276495969
63	5	2	-0.01753423372725571
63	5	3	-0.02857678956750176
63	5	4	-0.03757388122713201
63	6	0	-0.020624648283624092
63	6	1	-0.016732320390170807
63	6	2	-0.04055055336709812
63	6	3	-0.010840604184257363
63	6	4	-0.02180317102917706
63	7	0	-0.031035453010692216
63	7	1	-0.017688988932658023
63	7	2	-0.007057775276683498
63	7	3	-0.01656346749226001
63	7	4	-0.061150201707477314
63	8	0	0.0031701369349089736
63	8	1	-0.0013177640217595377
63	8	2	0.010345151003564035
63	8	3	-0.0020264565156206116
63	8	4	-0.03674828783187922
63	9	0	-0.010612455449258928
63	9	1	-0.033089476646032456
63	9	2	-0.02144063027574561
63	9	3	-0.02641429777652682
63	9	4	-0.03763955342902714
64	0	0	-0.05288407428249853
64	0	1	-0.04119771149878071
64	0	2	-0.01914274995310461
64	0	3	0.0029364855990242633
64	0	4	-0.019354536072802353
64	1	0	-0.02571281185518659
64	1	1	-0.029056462202213473
64	1	2	-0.02356030763459016
64	1	3	-0.03548644338118012
64	1	4	-0.0011774087625480156
64	2	0	-0.0023869818045395563
64	2	1	-0.01336991183642855
64	2	2	-0.021890827236916266
64	2	3	0.027760577915376672
64	2	4	-0.04097476311098602
64	3	0	0.05052054023635344
64	3	1	-0.009036766085162351
64	3	2	-0.0070999812417933406
64	3	3	-0.04410826531569556
64	3	4	-0.04688057040998228
64	4	0	-7.972237854059205e-05
64	4	1	-0.022617707747139337
64	4	2	0.03162633652222846
64	4	3	0.03859180035650611
64	4	4	-0.013598836663852198
64	5	0	-0.020699681110485924
64	5	1	-0.03197805289814304
64	5	2	-0.01852841868317401
64	5	3	-0.0316633830565719
64	5	4	-0.01631485129937149
64	6	0	0.009988745075970806
64	6	1	-0.03696304633277092
64	6	2	-0.03695835678109172
64	6	3	0.01775494886949991
64	6	4	-0.044263064077305514
64	7	0	-0.04849934346276508
64	7	1	-0.03528418683173895
64	7	2	-0.0422856874882761
64	7	3	-0.007031616474340807
64	7	4	-0.013500328361009561
64	8	0	-0.006762333520915487
64	8	1	-0.026913337084974676
64	8	2	-0.03728193584693307
64	8	3	-0.0005253776151611378
64	8	4	-0.03389623792100571
64	9	0	-0.02313355843181386
64	9	1	0.0007784655786907679
64	9	2	-0.050900393922341136
64	9	3	-0.023524720893141837
64	9	4	0.008997091659630474
65	0	0	-0.06175670605890071
65	0	1	-0.0009050834740199631
65	0	2	-0.03987056837366354
65	0	3	0.018097382493667324
65	0	4	-0.032132470212965614
65	1	0	-0.005332020258863257
65	1	1	-0.026552241605702465
65	1	2	0.03181391858938287
65	1	3	-0.01804578290646397
65	1	4	-0.007997936016511886
65	2	0	-0.021736072031513842
65	2	1	-0.011062652410429696
65	2	2	-0.023747889701744573
65	2	3	-0.021249648184632708
65	2	4	-0.044051974856928466
65	3	0	-0.01806884261864561
65	3	1	-0.013463702870005756
65	3	2	-0.03349277809041473
65	3	3	-0.014818463270475535
65	3	4	-0.05201238390092877
65	4	0	-0.04755674357531414
65	4	1	-0.023246107672106442
65	4	2	-0.038379290939786204
65	4	3	-0.04478375082090258
65	4	4	-0.04099352659724187
65	5	0	-0.02900956668542487
65	5	1	-0.03489495404239351
65	5	2	-0.009102419808666329
65	5	3	-0.004719016793320208
65	5	4	0.00848109578759726
65	6	0	-0.006743575314200001
65	6	1	-0.027049334083661725
65	6	2	-0.04085068467454511
65	6	3	-0.007162960878131175
65	6	4	-0.005403884041654927
65	7	0	-0.018186081410617283
65	7	1	-0.04421309322828748
65	7	2	-0.024662352279122057
65	7	3	-0.008072989961534827
65	7	4	-0.007064452575288538
65	8	0	-0.03259238416807353
65	8	1	0.005041268054774006
65	8	2	-0.038172950665916194
65	8	3	0.0182943990993526
65	8	4	-0.0302092128717516
65	9	0	-0.002846557869067845
65	9	1	-0.01858000375164126
65	9	2	-0.03854811480022524
65	9	3	-0.005793226381461625
65	9	4	0.008678112393282644
66	0	0	-0.015189457887825997
66	0	1	0.008145751266178891
66	0	2	0.008900769086475302
66	0	3	0.006726709822684973
66	0	4	-0.037236138474528446
66	1	0	-0.0034937160007503243
66	1	1	-0.004633277058713192
66	1	2	-0.010870380791596301
66	1	3	-0.0042077117928510654
66	1	4	0.026573787409700733
66	2	0	-0.017299756143312695
66	2	1	0.011100168823860446
66	2	2	-0.007915963233914858
66	2	3	-0.009053382118397568
66	2	4	-0.03736279200675474
66	3	0	-0.038027574563871624
66	3	1	0.004516038266741629
66	3	2	-0.013627837178765811
66	3	3	-0.010240172624073507
66	3	4	-0.04820339619101233
66	4	0	-0.044480397673982264
66	4	1	-0.013032264115550474
66	4	2	-0.04054586381541925
66	4	3	-0.004264002251618382
66	4	4	-0.006787691153016362
66	5	0	-0.010673419621084257
66	5	1	-0.011775464265616153
66	5	2	-0.021811104858375452
66	5	3	-0.023257341213997695
66	5	4	-0.007843137254901933
66	6	0	-0.0012474207465766884
66	6	1	-0.018626899268429975
66	6	2	-0.014392234102419854
66	6	3	-0.010878131156768944
66	6	4	-0.01588329111548914
66	7	0	-0.008187957231288623
66	7	1	-0.022847495779403593
66	7	2	-0.05077377602701172
66	7	3	-0.02069143446852406
66	7	4	-0.030518810394971507
66	8	0	-0.01390921027949732
66	8	1	-0.02209247795910707
66	8	2	-0.014987807165634859
66	8	3	-0.007449104043531385
66	8	4	-0.022394220846233215
66	9	0	-0.01566779215906955
66	9	1	-0.04132432939410979
66	9	2	-0.04033952354154946
66	9	3	0.004461018857303767
66	9	4	0.003433717984801521
67	0	0	-0.029173700994184926
67	0	1	-0.022861564434440096
67	0	2	0.012858750703432675
67	0	3	0.0005910498170561551
67	0	4	-0.020405291303123962
67	1	0	0.004703620333896152
67	1	1	-0.03741324329394102
67	1	2	-0.024470080660288884
67	1	3	-0.0380195140257058
67	1	4	-0.039361103292991806
67	2	0	-0.013923278934533934
67	2	1	0.006129244044269289
67	2	2	-0.009360345151003702
67	2	3	-0.026006191950464386
67	2	4	-0.04388310348062663
67	3	0	-0.007761208028512323
67	3	1	-0.04237947852185342
67	3	2	-0.03355843181391871
67	3	3	0.009536541889483163
67	3	4	-0.048203396191012216
67	4	0	-0.031115175389232697
67	4	1	-0.005932282873757244
67	4	2	-0.0020727818420559485
67	4	3	-0.00403884041654945
67	4	4	-0.00464865371986134
67	5	0	-0.02907522040892896
67	5	1	-0.044152129056462264
67	5	2	-0.023649409116488496
67	5	3	-0.05759452106201335
67	5	4	-0.021334083872783682
67	6	0	0.010138810729694248
67	6	1	-0.012211592571750196
67	6	2	-0.029820859125867627
67	6	3	-0.01934046345811058
67	6	4	-0.0014166432123087214
67	7	0	0.012567998499343425
67	7	1	-0.04177452635528056
67	7	2	-0.0038595010317014067
67	7	3	0.02190167933201992
67	7	4	-0.04619570316164745
67	8	0	-0.03836053273307072
67	8	1	-0.0420981054211218
67	8	2	0.01430313262052152
67	8	3	0.017984801576132803
67	8	4	-0.03204803452481475
67	9	0	-0.028020071281185555
67	9	1	-0.02617707747139364
67	9	2	-0.029712999437253917
67	9	3	-0.04377052256309211
67	9	4	-0.03294868186509048
68	0	0	-0.007723691615081574
68	0	1	0.01151284937160002
68	0	2	-0.04445694991558813
68	0	3	-0.01801294680551646
68	0	4	-0.03645745379491505
68	1	0	-0.04926374038641912
68	1	1	-0.05549615456762336
68	1	2	0.029300318889514232
68	1	3	0.0101745004221786
68	1	4	0.028103011539544198
68	2	0	-0.01283530294503843
68	2	1	-0.031040142562371087
68	2	2	-0.014359407240667754
68	2	3	-0.0354442255371048
68	2	4	-0.02400318979266347
68	3	0	-0.029520727818420522
68	3	1	0.007057775276683387
68	3	2	0.008947664603263794
68	3	3	0.01616005253776165
68	3	4	-0.02338868561778784
68	4	0	-0.034951228662539746
68	4	1	0.01882854999062089
68	4	2	-0.014321890827236894
68	4	3	0.018608687494136356
68	4	4	-0.0495121493573506
68	5	0	-0.015475520540236376
68	5	1	-0.04377696492215344
68	5	2	-0.00028606265241049034
68	5	3	-0.029646308284079215
68	5	4	-0.008462332301341635
68	6	0	-0.017567060589007588
68	6	1	-0.037094353779778766
68	6	2	0.006373100731570047
68	6	3	0.021385683459986815
68	6	4	-0.02097757763392427
68	7	0	-0.038351153629713086
68	7	1	-0.007146876758581944
68	7	2	-0.03409773025698748
68	7	3	-0.009114363448728735
68	7	4	-0.02937423773337089
68	8	0	0.005449259050834709
68	8	1	-0.02327424498217978
68	8	2	-0.04558244231851438
68	8	3	0.014823154142039385
68	8	4	-0.006717328079557161
68	9	0	-0.011522228474957763
68	9	1	-0.020183830425811178
68	9	2	-0.005899456012005255
68	9	3	-0.024265878600243873
68	9	4	-0.011942959001782438
69	0	0	-0.013529356593509512
69	0	1	0.009890264490714618
69	0	2	-0.01584130557118746
69	0	3	0.019288863870907225
69	0	4	-0.00851862276010873
69	1	0	-0.023874507597073658
69	1	1	-0.020024385668729994
69	1	2	-0.0329581691990245
69	1	3	-0.05263626981893221
69	1	4	-0.010906276386152491
69	2	0	-0.04488369911836432
69	2	1	-0.026978990808478875
69	2	2	-0.0003001313074471046
69	2	3	-0.023032179378928652
69	2	4	-0.03623698283140997
69	3	0	-0.007742449821797059
69	3	1	-0.0011114237478897504
69	3	2	-0.03154192459200911
69	3	3	-0.020841542358570164
69	3	4	-0.021709353597898606
69	4	0	-0.025722190958544222
69	4	1	0.010715625586193989
69	4	2	-0.00756893640967915
69	4	3	-0.036574725584013534
69	4	4	-0.008335678769115451
69	5	0	-0.04374413806040145
69	5	1	-0.01395141624460694
69	5	2	-0.03511067341962104
69	5	3	-0.0023923444976077235
69	5	4	-0.02767614222722581
69	6	0	-0.01215531795160385
69	6	1	-0.0024010504595761706
69	6	2	-0.046206152691802616
69	6	3	-0.004498545829815237
69	6	4	0.005403884041655038
69	7	0	-0.023044456949915526
69	7	1	0.020680922903770327
69	7	2	-0.040034702682423595
69	7	3	-0.0087390937236137
69	7	4	-0.03760202645651567
69	8	0	-0.005599324704558262
69	8	1	-0.0063543425248545615
69	8	2	-0.00045019696117043484
69	8	3	-0.012965569002720723
69	8	4	-0.030124777183600737
69	9	0	-0.033187957231288645
69	9	1	-0.04898705683736626
69	9	2	-0.019499155880697838
69	9	3	-0.0022750727085091293
69	9	4	-0.04446946242611871
70	0	0	-0.019025511161132935
70	0	1	0.004656724817107438
70	0	2	-0.03136372162821244
70	0	3	-0.01411014166432123
70	0	4	-0.021756262313537778
70	1	0	-0.006757643969236504
70	1	1	-0.005599324704558151
70	1	2	-0.03820108797598942
70	1	3	-0.038573036870250266
70	1	4	0.0017121681208369655
70	2	0	-0.027363534046145332
70	2	1	-0.011447195648096042
70	2	2	-0.05576814856499723
70	2	3	0.02345435781968297
70	2	4	-0.06492635331644614
70	3	0	0.014364096792346737
70	3	1	0.02933314575126611
70	3	2	-0.013740386419058392
70	3	3	-0.039398630265503165
70	3	4	0.01963598836663849
70	4	0	-0.019128681298067662
70	4	1	-0.006485649971862628
70	4	2	-0.005946351528793747
70	4	3	0.010249554367201319
70	4	4	-0.00804484473215139
70	5	0	-0.015353592196586052
70	5	1	-0.017768711311198615
70	5	2	0.009805852560495154
70	5	3	0.012590299277605577
70	5	4	-0.004268693123182343
70	6	0	0.002429187769649177
70	6	1	-0.023006940536484666
70	6	2	-0.026556931157381336
70	6	3	-0.04001782531194298
70	6	4	0.016511867905056876
70	7	0	-0.011170512099043406
70	7	1	-0.009125867567060575
70	7	2	-0.005894766460326384
70	7	3	-0.0019091847265221285
70	7	4	-0.005563373674828842
70	8	0	-0.02735884449446635
70	8	1	-0.00925248546238977
70	8	2	-0.008338022885012175
70	8	3	-0.01760953185101799
70	8	4	-0.026334552959940027
70	9	0	-0.0009050834740198521
70	9	1	-0.011920840367660723
70	9	2	-0.028840742824986054
70	9	3	-0.011675579322637963
70	9	4	-0.05333520968195893
71	0	0	-0.012882198461826921
71	0	1	-0.03339429750515854
71	0	2	-0.013365222284749678
71	0	3	0.02886762360446571
71	0	4	-0.0401632423304249
71	1	0	-0.005547739636090787
71	1	1	-0.015297317576439595
71	1	2	-0.033539673607203224
71	1	3	-0.024969509334834328
71	1	4	0.002819213809925891
71	2	0	0.04550271993997368
71	2	1	-0.05292159069592939
71	2	2	0.007493903582817429
71	2	3	-0.044300591049817095
71	2	4	-0.06583638239984979
71	3	0	-0.04167604577002437
71	3	1	-0.009477583942975154
71	3	2	-0.008544363158882073
71	3	3	-0.04616286706069972
71	3	4	-0.04222722581855698
71	4	0	-0.01789063965484894
71	4	1	-0.006720127555805644
71	4	2	0.00975426749202779
71	4	3	-0.0504972323857773
71	4	4	0.015465803546298784
71	5	0	-0.05296379666103934
71	5	1	-0.027438566873006942
71	5	2	-0.024005815044081946
71	5	3	-0.03579135003283618
71	5	4	-0.03420583544422562
71	6	0	0.0010785968861376505
71	6	1	-0.024104295629338024
71	6	2	-0.017431063590320872
71	6	3	-0.0032976827094474137
71	6	4	-0.03918754104512612
71	7	0	0.006002626148940093
71	7	1	0.0030200712811855324
71	7	2	-0.04041924592008994
71	7	3	0.0017778403227320938
71	7	4	-0.01096725771648377
71	8	0	-0.022069030200712825
71	8	1	-0.04310166948039762
71	8	2	-0.046707934721440636
71	8	3	0.0046908715639365495
71	8	4	-0.037114175813866224
71	9	0	0.017909397861564424
71	9	1	-0.0485556180829112
71	9	2	-0.03421496904895893
71	9	3	0.010709259780467328
71	9	4	-0.02540576039028053
72	0	0	-0.040522416057025
72	0	1	-0.04796942412305383
72	0	2	-0.019499155880697838
72	0	3	-0.007420958814147727
72	0	4	-0.03537855333520956
72	1	0	0.02757925342337275
72	1	1	-0.01818608141061706
72	1	2	-0.01897392609266557
72	1	3	-7.974481658679089e-05
72	1	4	-0.0335538042968383
72	2	0	0.003231101106734191
72	2	1	0.014636090789720502
72	2	2	-0.0004877133746014062
72	2	3	-0.020555399193170065
72	2	4	-0.05496294211464492
72	3	0	-0.0030528981429375213
72	3	1	-0.02817951603826685
72	3	2	-0.04236540986681692
72	3	3	-0.027699596585045394
72	3	4	-0.0020546017450041587
72	4	0	-0.035523353967360616
72	4	1	-0.03602982554867751
72	4	2	0.013965484899643554
72	4	3	-0.01988460455952723
72	4	4	0.0012055539919315628
72	5	0	-0.009163383980491435
72	5	1	-0.015602138435565682
72	5	2	-0.020779403489026516
72	5	3	-0.015667511023548242
72	5	4	-0.026803640116333738
72	6	0	-0.038416807353217064
72	6	1	-0.029356593509660578
72	6	2	-0.04080378915775651
72	6	3	-0.010587297119804884
72	6	4	-0.0409888357256778
72	7	0	-0.023353967360720373
72	7	1	-0.04209341586944293
72	7	2	-0.01652129056462215
72	7	3	-0.006975326015573713
72	7	4	-0.03467492260061933
72	8	0	-0.035012192834364964
72	8	1	-0.016474395047833434
72	8	2	-0.03176702307259427
72	8	3	0.015095224692747822
72	8	4	-0.006248240923163451
72	9	0	-0.01552710560870385
72	9	1	-0.05132245357343823
72	9	2	-0.018458075407991048
72	9	3	-0.03205272539637849
72	9	4	-0.03583825874847546
73	0	0	-0.01204745826299003
73	0	1	-0.001524104295629436
73	0	2	-0.025651847683361484
73	0	3	0.021878224974200222
73	0	4	-0.04833474059480236
73	1	0	-0.01190677171262422
73	1	1	-0.046843931720127574
73	1	2	-0.018045394860251363
73	1	3	-0.04504643962848276
73	1	4	-0.015887981987053212
73	2	0	-0.027335396736072104
73	2	1	-0.012450759707371972
73	2	2	-0.030679047083098987
73	2	3	0.03992869875222804
73	2	4	0.008448259686649862
73	3	0	-0.005829112736822406
73	3	1	-0.03130275745638722
73	3	2	-0.017041830800975544
73	3	3	-0.028206210713950575
73	3	4	-0.002523688901397869
73	4	0	-0.021135809416619744
73	4	1	0.031424685800037544
73	4	2	-0.04221534421309325
73	4	3	-0.043976920911905526
73	4	4	-0.03103011539544065
73	5	0	-0.023100731570061983
73	5	1	-0.005791596323391435
73	5	2	-0.02983023822922526
73	5	3	-0.010713950652031179
73	5	4	-0.013791162397973622
73	6	0	0.0060495216657288076
73	6	1	0.016300881635715525
73	6	2	-0.005922903770399501
73	6	3	-0.017229571254339104
73	6	4	-0.02905525846702306
73	7	0	-0.015400487713374655
73	7	1	0.011883323954229863
73	7	2	-0.010096604764584405
73	7	3	-0.01855239703536904
73	7	4	-0.017637677080401537
73	8	0	-0.01036390921027952
73	8	1	-0.01957887825923843
73	8	2	-0.008009754267492064
73	8	3	0.013922506801763768
73	8	4	-0.048672483347405926
73	9	0	0.0018429938097919152
73	9	1	-0.025595573063215027
73	9	2	0.0001594447570811841
73	9	3	0.0024908528004504715
73	9	4	-0.02428933295806357
74	0	0	0.02538454323766648
74	0	1	-0.017721815794410123
74	0	2	0.006434064903395265
74	0	3	-0.021859461487944487
74	0	4	-0.020048785064264885
74	1	0	-0.02657568936409671
74	1	1	-0.04858375539298443
74	1	2	-0.034046145188519894
74	1	3	-0.035608406041842455
74	1	4	-0.028844169246646012
74	2	0	-0.03216563496529734
74	2	1	-0.0016554117426373915
74	2	2	-0.026017632714312677
74	2	3	-0.027732432685993125
74	2	4	-0.02183600713012479
74	3	0	0.03251266178953294
74	3	1	-0.0059135246670418695
74	3	2	-0.00020634027386989828
74	3	3	-0.02010038465146813
74	3	4	-0.03428088938924856
74	4	0	-0.018406490339523462
74	4	1	0.002246295254173858
74	4	2	-0.0035171637591446814
74	4	3	-0.04984051036682624
74	4	4	-0.015775401069518802
74	5	0	-0.037703995498030496
74	5	1	-0.04493059463515292
74	5	2	-0.03868411179891207
74	5	3	-0.017337461300309664
74	5	4	-0.017421896988460417
74	6	0	-0.03803226411555061
74	6	1	-0.062446070155693145
74	6	2	0.0086803601575689
74	6	3	0.010615442349188431
74	6	4	-0.009034618632141833
74	7	0	0.01962108422434805
74	7	1	-0.03520915400487723
74	7	2	-0.04216375914462578
74	7	3	-0.02641429777652682
74	7	4	-0.00905338211839768
74	8	0	0.005177265053460833
74	8	1	-0.045371412492965724
74	8	2	-0.04715813168261107
74	8	3	0.0222347312130593
74	8	4	-0.02699127497889109
74	9	0	-0.008699118364284386
74	9	1	-0.020427687113111936
74	9	2	-0.02094353779778657
74	9	3	-0.020091002908340316
74	9	4	-0.006360821840697972
75	0	0	-0.026012943162633584
75	0	1	-0.014420371412492972
75	0	2	-0.03145751266178953
75	0	3	0.04784688995215314
75	0	4	-0.024814710573224485
75	1	0	-0.042323203901707074
75	1	1	-0.06776402175951979
75	1	2	-0.024329394109923075
75	1	3	-0.032324795947086815
75	1	4	-0.009536541889483052
75	2	0	-0.018631588820108846
75	2	1	-0.0032686175201651624
75	2	2	-0.020774713937347644
75	2	3	0.005525846702317372
75	2	4	-0.03832911154892571
75	3	0	-0.015480210091915136
75	3	1	-0.024474770211967756
75	3	2	-0.01129244044269373
75	3	3	-0.015728492353879298
75	3	4	-0.011473871845388839
75	4	0	-0.04718157944100543
75	4	1	0.032071843931720134
75	4	2	-0.032179703620333955
75	4	3	-0.059175344779059946
75	4	4	-0.04359226944366279
75	5	0	-0.04439129619208404
75	5	1	0.008080097542674913
75	5	2	-0.008230163196398244
75	5	3	-0.013359602214091493
75	5	4	-0.034196453701097695
75	6	0	-0.047317576439692366
75	6	1	-0.02492027762145954
75	6	2	-0.05088632526730441
75	6	3	-0.02461300309597525
75	6	4	0.0068017637677080245
75	7	0	-0.013205777527668383
75	7	1	-0.034365034702682484
75	7	2	-0.024652973175764425
75	7	3	-0.004104512618444356
75	7	4	0.04450698939863029
75	8	0	-0.007869067717126255
75	8	1	-0.008577190020633951
75	8	2	-0.04980303882948789
75	8	3	-0.007997936016511886
75	8	4	-0.03096913406510937
75	9	0	0.003962671168636356
75	9	1	-0.050440817857812736
75	9	2	-0.033605327330707424
75	9	3	-0.042644713387747335
75	9	4	-0.025077399380804888
76	0	0	-0.02280528981429375
76	0	1	0.001570999812417817
76	0	2	-0.0441005439879949
76	0	3	-0.012637207993245192
76	0	4	-0.0017919129374237563
76	1	0	-0.025018758206715508
76	1	1	-0.03769461639467253
76	1	2	-0.02283811667604585
76	1	3	-0.030945679707289453
76	1	4	-0.00858898583356782
76	2	0	-0.019306884261864665
76	2	1	-0.0036531607578316194
76	2	2	-0.02248171074845262
76	2	3	0.010291772211276862
76	2	4	0.026892766676048452
76	3	0	-0.018669105233539596
76	3	1	-0.034688613768523724
76	3	2	0.007981616957418836
76	3	3	-0.02440660474716183
76	3	4	-0.02028332864246174
76	4	0	-0.04123522791221157
76	4	1	-0.0014772087788407218
76	4	2	-0.040217595197899136
76	4	3	-0.0023032179378928985
76	4	4	0.0010366826156298359
76	5	0	-0.002532357906584126
76	5	1	-0.058896079534796475
76	5	2	-0.025225098480585295
76	5	3	0.014081996434937571
76	5	4	-0.03508771929824561
76	6	0	-0.02000562746201462
76	6	1	0.028859501031701207
76	6	2	-0.03224066779215906
76	6	3	-0.020944741532976874
76	6	4	-0.016633830565718988
76	7	0	-0.02344775839429758
76	7	1	-0.01086100168823867
76	7	2	-0.02373382104670796
76	7	3	-0.022361384745285595
76	7	4	-0.007205178722206718
76	8	0	-0.014115550553367107
76	8	1	-0.010462389795535487
76	8	2	-0.05148189833051953
76	8	3	-0.00447509147199554
76	8	4	-0.016765174969509244
76	9	0	-0.023827612080285165
76	9	1	0.004492590508347383
76	9	2	0.02453573438379275
76	9	3	-0.031170841542358496
76	9	4	-0.05048315977108553
77	0	0	-0.028639092102794916
77	0	1	-0.006335584318139187
77	0	2	-0.043406490339523596
77	0	3	-0.038952997466929484
77	0	4	-0.017121681208368433
77	1	0	-0.020535546801725757
77	1	1	0.008544363158882073
77	1	2	-0.0541174263740386
77	1	3	0.01049347968852643
77	1	4	-0.030185758513931793
77	2	0	-0.04108516225848813
77	2	1	0.002077471393734598
77	2	2	-0.0024667041830801484
77	2	3	0.04202082746974378
77	2	4	-0.02620789942771362
77	3	0	-0.005097542674920241
77	3	1	-0.009777715250422037
77	3	2	-0.04216844869630476
77	3	3	0.01829908997091667
77	3	4	-0.014992025518341334
77	4	0	-0.02144531982742448
77	4	1	0.022214406302757506
77	4	2	-0.005458638154192452
77	4	3	-0.005455483628858282
77	4	4	-0.011487944460080834
77	5	0	0.00029075220408925073
77	5	1	-0.007311011067341999
77	5	2	-0.03271900206340295
77	5	3	0.006848672483347307
77	5	4	-0.026100009381743172
77	6	0	-0.0045019696117051256
77	6	1	-0.022397298818233047
77	6	2	-0.05489120240105039
77	6	3	-0.008091753447790673
77	6	4	0.011351909184726505
77	7	0	0.028850121928343686
77	7	1	-0.038388670043143946
77	7	2	-0.012985368598761982
77	7	3	-0.01054038840416538
77	7	4	-0.024767801857585203
77	8	0	0.014800225098480557
77	8	1	-0.029989682986306554
77	8	2	0.006349652973175801
77	8	3	-0.006248240923163562
77	8	4	-0.03143822122150297
77	9	0	-0.01609923091352461
77	9	1	-0.04701744513224526
77	9	2	-0.012614894016132139
77	9	3	-0.008148043906557656
77	9	4	-0.017243643869030878
78	0	0	-0.036780153817294936
78	0	1	0.005754079909960574
78	0	2	-0.02359782404802102
78	0	3	0.01479500891265606
78	0	4	-0.01014166432123087
78	1	0	0.01911930219471014
78	1	1	-0.026345901331832677
78	1	2	-0.036306509097730255
78	1	3	-0.02891922319166884
78	1	4	-0.02198611502017067
78	2	0	-0.016249296567248273
78	2	1	-0.0197570812230351
78	2	2	-0.0467923466516601
78	2	3	0.010423116615067007
78	2	4	-0.0006426494042592878
78	3	0	-0.014842431063590289
78	3	1	0.0020962296004500836
78	3	2	0.024395047833427053
78	3	3	-0.01801763767708031
78	3	4	-0.04194577352472084
78	4	0	-0.04130088163571555
78	4	1	-0.00390639654849001
78	4	2	-0.006424685800037633
78	4	3	-0.008129280420302143
78	4	4	-0.03352565906745486
78	5	0	-0.05302945038454321
78	5	1	-0.010725004689551731
78	5	2	-0.01943819170887262
78	5	3	-0.020667980110704698
78	5	4	-0.01227132001125808
78	6	0	0.00702494841493162
78	6	1	-0.014884637028700132
78	6	2	0.007911273682235875
78	6	3	-0.0007927572943052796
78	6	4	-0.02587484754667413
78	7	0	-0.04464453198274243
78	7	1	-0.011920840367660834
78	7	2	-0.050933220784093014
78	7	3	-0.0032789192231915676
78	7	4	-0.05501454170184816
78	8	0	-0.026777340086287738
78	8	1	-0.013979553554680169
78	8	2	0.004033014443819316
78	8	3	-0.003649498076742863
78	8	4	-0.039975607467867436
78	9	0	-0.01563027574563869
78	9	1	-0.023269555430500688
78	9	2	-0.028081035453010772
78	9	3	0.0013087531663384944
78	9	4	-0.005872971198048527
79	0	0	-0.022683361470643537
79	0	1	-0.02111705120990448
79	0	2	-0.01613205777527671
79	0	3	0.02251618350689555
79	0	4	-0.022384839103105403
79	1	0	-0.034369724254361356
79	1	1	-0.005402363534046106
79	1	2	-0.04599512286625396
79	1	3	-0.042175626231353625
79	1	4	-0.009198799136879487
79	2	0	-0.02351810166948043
79	2	1	-0.039387544550741005
79	2	2	-0.02268805102232241
79	2	3	0.01670888451074215
79	2	4	-0.05869687587953831
79	3	0	0.0001828925154755412
79	3	1	-0.03012099043331462
79	3	2	-0.030885387356968774
79	3	3	-0.016722957125433813
79	3	4	-0.02464583919692276
79	4	0	-0.03768054773963603
79	4	1	0.005313262052147882
79	4	2	-0.040498968298630644
79	4	3	-0.0436016511867906
79	4	4	0.018852612815461023
79	5	0	-0.03149502907522039
79	5	1	-0.034941849559182114
79	5	2	-0.04273588444944665
79	5	3	-0.02876442443005911
79	5	4	0.0022140913781779625
79	6	0	-0.021506283999249698
79	6	1	-0.038201087975989534
79	6	2	-0.032184393172012715
79	6	3	-0.030382775119617178
79	6	4	0.024730274885073733
79	7	0	-0.008703807915963258
79	7	1	-0.028062277246295286
79	7	2	-0.025609641718251752
79	7	3	-0.026329862088375844
79	7	4	-0.019607843137254943
79	8	0	-0.0406959294691428
79	8	1	-0.028160757831551253
79	8	2	-0.0486212718064154
79	8	3	0.01649310441880092
79	8	4	0.0007880664227413181
79	9	0	-0.019241230538360465
79	9	1	-0.0469799287188144
79	9	2	-0.004886512849371694
79	9	3	-0.0016089689464301449
79	9	4	-0.033258279388310275
80	0	0	-0.008689739260926865
80	0	1	-0.017759332207840872
80	0	2	-0.04701744513224537
80	0	3	-0.015057697720236463
80	0	4	-0.030884698376958286
80	1	0	-0.023968298630650864
80	1	1	0.0010879759894955043
80	1	2	-0.04105233539673603
80	1	3	-0.027605779153766608
80	1	4	0.0024627075710668134
80	2	0	-0.009805852560495265
80	2	1	-0.004722378540611527
80	2	2	-0.012596135809416764
80	2	3	-0.028342245989304793
80	2	4	-0.010090064734027515
80	3	0	-0.03315981992121553
80	3	1	-0.03267210654661423
80	3	2	-0.005627462014631601
80	3	3	-0.03671545173093149
80	3	4	0.017637677080401537
80	4	0	-0.008924216844869659
80	4	1	0.008511536297130085
80	4	2	1.8758206715374648e-05
80	4	3	-0.0030631391312506695
80	4	4	-0.03910779622853944
80	5	0	-0.023494653911086183
80	5	1	-0.03270024385668735
80	5	2	-0.020619958731945442
80	5	3	0.0056665728492352185
80	5	4	-0.004653344591425079
80	6	0	0.018983305196023315
80	6	1	-0.05321703245169762
80	6	2	-0.020385481148002316
80	6	3	-0.03071113612909282
80	6	4	-0.00621071395065198
80	7	0	-0.032320390170699764
80	7	1	-0.006302757456387198
80	7	2	-0.006682611142374784
80	7	3	-0.023515339150013914
80	7	4	-0.01944835350408103
80	8	0	-0.027987244419433566
80	8	1	-0.017243481523166238
80	8	2	-0.01581316826111423
80	8	3	-0.027657378740970184
80	8	4	-0.023951590205460227
80	9	0	-0.006607578315513063
80	9	1	-0.012089664228099761
80	9	2	-0.012971299943725367
80	9	3	0.01388967070081637
80	9	4	-0.0007130124777183777
81	0	0	-0.008277058713186958
81	0	1	-0.007658037891577596
81	0	2	-0.027490151941474417
81	0	3	-0.01692466460268305
81	0	4	-0.003602589361103359
81	1	0	-0.014551678859501038
81	1	1	-0.05946351528793847
81	1	2	-0.02696492215344215
81	1	3	-0.04482127779341394
81	1	4	-0.004676798949244665
81	2	0	-0.012994747702119724
81	2	1	-0.01745920090039399
81	2	2	-0.003479647345713821
81	2	3	-0.019157519467116968
81	2	4	-0.05263626981893221
81	3	0	-0.00523822922528594
81	3	1	-0.02165166010129438
81	3	2	-0.009669855561808327
81	3	3	-0.020203583825874727
81	3	4	-0.043615723801482265
81	4	0	-0.04629056462202208
81	4	1	0.0322031513787282
81	4	2	-0.02004314387544548
81	4	3	-0.034876630077868565
81	4	4	0.02472558401350966
81	5	0	-0.01903957981616955
81	5	1	-0.010284186831738928
81	5	2	-0.00673888576252113
81	5	3	-0.01991744066047474
81	5	4	-0.015723801482315447
81	6	0	-0.017229412868129734
81	6	1	-0.02964734571374983
81	6	2	-0.02119208403676609
81	6	3	0.005577446289520616
81	6	4	-0.010920349000844265
81	7	0	-0.009763646595385533
81	7	1	-0.02061526918026646
81	7	2	-0.023330519602326016
81	7	3	0.0036823341776902607
81	7	4	-0.04988272821090156
81	8	0	-0.03445882573625958
81	8	1	-0.011812980679047125
81	8	2	-0.025295441755768144
81	8	3	0.014682427995121539
81	8	4	-0.028239046814898194
81	9	0	-0.034107109360345
81	9	1	-0.02044644531982731
81	9	2	0.00552429187769643
81	9	3	-0.015250023454357664
81	9	4	-0.033295806360821745
82	0	0	-0.058821046707934754
82	0	1	-0.01649315325454892
82	0	2	-0.03233914837741525
82	0	3	-1.8763486255735096e-05
82	0	4	-0.02071488882634387
82	1	0	-0.01696210842243473
82	1	1	-0.026148940161320522
82	1	2	0.00473644719564803
82	1	3	-0.028994277136691782
82	1	4	-0.005858898583356753
82	2	0	-0.0030904145563683816
82	2	1	0.0033811667604576323
82	2	2	-0.04564809604201858
82	2	3	-0.06543765831691528
82	2	4	0.013880288957688447
82	3	0	-0.008755392984430621
82	3	1	-0.010068467454511398
82	3	2	-0.0102888763834178
82	3	3	-0.03223097851580814
82	3	4	-0.030321793789286122
82	4	0	-0.030824423185143446
82	4	1	0.0026402175951978357
82	4	2	-0.0016788595010317486
82	4	3	0.004057603902805074
82	4	4	0.01191012290083493
82	5	0	-0.02161883323954228
82	5	1	-0.05020165072219096
82	5	2	-0.03365691239917468
82	5	3	-0.003264846608500016
82	5	4	-0.03710479407073841
82	6	0	-0.0071562558619395755
82	6	1	-0.019808666291502686
82	6	2	-0.02578784468204831
82	6	3	-0.03918285017356227
82	6	4	-0.006651655877662033
82	7	0	-0.006968673794785274
82	7	1	-0.029712999437253806
82	7	2	-0.017993809791783888
82	7	3	0.022999343277981144
82	7	4	-0.019908058917346927
82	8	0	-0.022256612267867237
82	8	1	-0.029239354717689015
82	8	2	0.03054773963609081
82	8	3	-0.028088938924852314
82	8	4	-0.007965099915564267
82	9	0	-0.005847870943537781
82	9	1	0.002204089289064126
82	9	2	-0.0247045582442319
82	9	3	0.005765081152078078
82	9	4	-0.023332395159020525
83	0	0	-0.022964734571374934
83	0	1	-0.010940724066779262
83	0	2	0.0026167698368034786
83	0	3	0.042930856553147545
83	0	4	0.03089408012008643
83	1	0	-0.05037985368598763
83	1	1	-0.05028137310073155
83	1	2	-0.022725567435753158
83	1	3	-0.02072896144103553
83	1	4	-0.007613284548269039
83	2	0	-0.06293847308197342
83	2	1	0.048607203151378786
83	2	2	-0.009660476458450584
83	2	3	0.0008725021108922926
83	2	4	-0.04814241486068105
83	3	0	-0.01757175014068646
83	3	1	0.010143500281373008
83	3	2	0.032142187206902983
83	3	3	-0.026470588235294024
83	3	4	0.001322825781030157
83	4	0	-0.051083286437816455
83	4	1	0.017881260551491307
83	4	2	0.008882010879759816
83	4	3	-0.011628670606998903
83	4	4	0.001815367295243231
83	5	0	-0.013046332770587199
83	5	1	0.015133183267679762
83	5	2	-0.02104201838304265
83	5	3	-0.023013415892673028
83	5	4	-0.02288207148888255
83	6	0	0.021487525792534212
83	6	1	-0.020305758769461724
83	6	2	-0.019100543987994767
83	6	3	-0.042063045313819325
83	6	4	0.025724739656628137
83	7	0	0.00020634027386978726
83	7	1	0.012220971675107828
83	7	2	0.023339898705683648
83	7	3	-0.0006145041748756297
83	7	4	-0.029514963880288958
83	8	0	-0.014078034139936246
83	8	1	0.0177874695179141
83	8	2	-0.05482085912586743
83	8	3	-0.025199362041467332
83	8	4	-0.026766113143822046
83	9	0	-0.03739917463890452
83	9	1	-0.0016882386043892694
83	9	2	-0.016291502532358004
83	9	3	-0.011544234918847818
83	9	4	-0.025274415986490162
84	0	0	-0.05521009191521287
84	0	1	-0.03754924029262807
84	0	2	-0.0008253610954793711
84	0	3	0.0028332864246176648
84	0	4	-0.009334834412233706
84	1	0	-0.036057962858750736
84	1	1	-0.03234852748077288
84	1	2	-0.02097167510785991
84	1	3	-0.03192138099258823
84	1	4	-0.010165118679050567
84	2	0	-0.03886231476270885
84	2	1	-0.04734102419808672
84	2	2	-0.017576439692365442
84	2	3	0.011173656065296966
84	2	4	-0.04748569284172999
84	3	0	0.026772650534608977
84	3	1	-0.00351247420746581
84	3	2	-0.019489776777340095
84	3	3	-0.021498264377521337
84	3	4	0.005675954592363253
84	4	0	-0.026059838679422076
84	4	1	-0.0037657099981242004
84	4	2	-0.013974864003001408
84	4	3	-0.000670794633642946
84	4	4	-0.04117177971667152
84	5	0	-0.006040142562371065
84	5	1	-0.019278746951791326
84	5	2	-0.013463702870005645
84	5	3	-0.04945116802701943
84	5	4	0.007280232667229436
84	6	0	-0.006724817107484515
84	6	1	-0.024995310448321262
84	6	2	0.008267679609829326
84	6	3	-0.009893048128342352
84	6	4	-0.006126278262501117
84	7	0	-0.01964922153442128
84	7	1	-0.022181579441005406
84	7	2	0.005632151566310251
84	7	3	0.010587297119804995
84	7	4	0.03039684773430895
84	8	0	-0.03368036015756892
84	8	1	-0.018978615644344332
84	8	2	-0.04908084787094358
84	8	3	0.01140819964349371
84	8	4	-0.02280701754385961
84	9	0	-0.007761208028512434
84	9	1	-0.017557681485649956
84	9	2	-0.0053742262239731
84	9	3	-0.04378928604934795
84	9	4	-0.02191575194671158
85	0	0	0.001411555055336633
85	0	1	-0.04518383042581131
85	0	2	-0.02742449821797044
85	0	3	-0.005319448353504064
85	0	4	-0.02805141195234062
85	1	0	-0.019822734946539078
85	1	1	-0.046163946726692884
85	1	2	-0.03105421121740759
85	1	3	-0.013861525471432379
85	1	4	-0.02064452575288489
85	2	0	-0.032653348339898636
85	2	1	-0.0290705308572502
85	2	2	0.019030200712811918
85	2	3	-0.032029271038558904
85	2	4	-0.02570128529880833
85	3	0	-0.03286906771712628
85	3	1	-0.027616769836803612
85	3	2	-0.039457887825923965
85	3	3	-0.03835725677830926
85	3	4	-0.037339337648935156
85	4	0	-0.03471675107859673
85	4	1	-0.0065794410054399455
85	4	2	-0.02671168636278365
85	4	3	-0.04896800825593406
85	4	4	-0.018092691622103474
85	5	0	-0.022294128681298098
85	5	1	-0.03833708497467647
85	5	2	-0.017731194897767866
85	5	3	-0.023473121305938704
85	5	4	-0.010113519091847323
85	6	0	-0.04379103357719005
85	6	1	-0.027902832489214102
85	6	2	-0.03585162258488095
85	6	3	-0.02680833098789759
85	6	4	-0.033436532507739924
85	7	0	-0.018157944100543943
85	7	1	0.020033764772087848
85	7	2	-0.025337647720877876
85	7	3	0.014236795196547747
85	7	4	0.01220564780936284
85	8	0	-0.027987244419433566
85	8	1	-0.010040330144438281
85	8	2	-0.012455449259050844
85	8	3	0.014494793132564077
85	8	4	-0.02706632892391403
85	9	0	-0.028198274244982224
85	9	1	-0.029525417370099394
85	9	2	-0.03312699305946354
85	9	3	-0.007988554273383963
85	9	4	-0.014935735059574018
86	0	0	-0.01574282498593127
86	0	1	-0.027729319077096304
86	0	2	-0.019395985743763
86	0	3	0.016680739281358492
86	0	4	-0.01660568533633544
86	1	0	-0.034257175014068664
86	1	1	-0.029863065090977248
86	1	2	-0.050572125304820914
86	1	3	-0.045102730087249965
86	1	4	-0.03851674641148328
86	2	0	-0.009862127180641611
86	2	1	0.010162258488088605
86	2	2	-0.01488463702870002
86	2	3	0.008574913218876157
86	2	4	-0.025673140069424893
86	3	0	-0.025347026824235508
86	3	1	-0.023536859876195915
86	3	2	-0.014218720690302056
86	3	3	0.0015902054601746318
86	3	4	-0.02862369828314104
86	4	0	-0.00016413430876005553
86	4	1	-0.004647345713749806
86	4	2	-0.019245920090039448
86	4	3	-0.014827845013603569
86	4	4	-0.021592081808800234
86	5	0	-0.0319827424498218
86	5	1	-0.03408835115362974
86	5	2	-0.028676608516225888
86	5	3	0.0002157800919410091
86	5	4	-0.019185664696500626
86	6	0	-0.008882010879759927
86	6	1	-0.0320952916901146
86	6	2	-0.04376758581879581
86	6	3	-0.042466460268317796
86	6	4	0.011614597992307019
86	7	0	-0.039354717688988905
86	7	1	-0.015766272744325627
86	7	2	-0.04278277996623514
86	7	3	0.0003236701379117912
86	7	4	0.039497138568346024
86	8	0	-0.000553367098105384
86	8	1	-0.029126805477396323
86	8	2	-0.04518851997749007
86	8	3	-0.04279951214935751
86	8	4	-0.029693216999718497
86	9	0	-0.011390921027949696
86	9	1	-0.010982930031888882
86	9	2	-0.026974301256799893
86	9	3	-0.037522281639928545
86	9	4	-0.03691715920818084
87	0	0	-0.014232789345338559
87	0	1	0.004516038266741629
87	0	2	0.007071843931720112
87	0	3	0.020480345248147125
87	0	4	-0.0327985739750446
87	1	0	-0.010968861376852268
87	1	1	-0.014800225098480557
87	1	2	-0.004848996435940722
87	1	3	-0.006196641335960096
87	1	4	-0.0002486161928886288
87	2	0	-0.018978615644344443
87	2	1	-0.04541830800975433
87	2	2	-0.0046707934721441635
87	2	3	0.0002908340369640605
87	2	4	-0.003335209681958773
87	3	0	-0.008549052710560834
87	3	1	0.025121928343650235
87	3	2	-0.04366910523353973
87	3	3	0.009696031522656967
87	3	4	-0.04832535885167455
87	4	0	-0.011606640405177115
87	4	1	-0.03439786156443436
87	4	2	-0.02836240855374217
87	4	3	-0.030880007505394436
87	4	4	-0.03059855521155841
87	5	0	-0.012005252297880298
87	5	1	-0.03595479272181579
87	5	2	-0.026341211780153806
87	5	3	-0.0136785814804391
87	5	4	-0.0362698189323577
87	6	0	-0.008084787094353785
87	6	1	0.013815419245920113
87	6	2	-0.038140123804164316
87	6	3	-0.016432123088469863
87	6	4	0.010413734871939195
87	7	0	0.00828174826486583
87	7	1	-0.020643406490339578
87	7	2	-0.00889607953479643
87	7	3	0.005840135097101129
87	7	4	-0.021643681396003367
87	8	0	-0.0467923466516601
87	8	1	-0.03445413618458082
87	8	2	-0.045985743762896214
87	8	3	0.035312881133314544
87	8	4	-0.01501078900459707
87	9	0	-0.02596604764584487
87	9	1	-0.04113674732695549
87	9	2	-0.030069405364847257
87	9	3	0.01338305657191119
87	9	4	-0.018172436438690265
88	0	0	0.0005861939598574839
88	0	1	-0.0424451322453574
88	0	2	-0.0124460701556931
88	0	3	0.010151046064358682
88	0	4	-0.020761797541983262
88	1	0	-0.003681298067904737
88	1	1	-0.0313355843181391
88	1	2	-0.03685987619583575
88	1	3	-0.045477999812365
88	1	4	-0.03071113612909271
88	2	0	-0.00490996060776594
88	2	1	0.008699118364284275
88	2	2	-0.03558431813918583
88	2	3	0.02915845764142977
88	2	4	-0.04886480908152735
88	3	0	-0.008408366160195024
88	3	1	-0.013323016319639946
88	3	2	-0.002663665353592304
88	3	3	-0.0007552303217936984
88	3	4	-0.03420583544422551
88	4	0	-0.035270118176702225
88	4	1	-0.005894766460326384
88	4	2	-0.05561808291127368
88	4	3	-0.03500797448165882
88	4	4	-0.03983019044938563
88	5	0	-0.008037891577565182
88	5	1	-0.028498405552429218
88	5	2	-0.032615831926467775
88	5	3	-0.021268411670888554
88	5	4	-0.024852237545736067
88	6	0	-0.015606827987244443
88	6	1	0.02492027762145932
88	6	2	-0.04979834927780902
88	6	3	0.010493479688526097
88	6	4	-0.02418613378365697
88	7	0	-0.010879759894954044
88	7	1	-0.014894016132057875
88	7	2	-0.015555242918776968
88	7	3	-0.018111455108358987
88	7	4	-0.018772867998874343
88	8	0	-0.032536109547927294
88	8	1	-0.026153629712999393
88	8	2	-0.002532357906584126
88	8	3	-0.017740876254808247
88	8	4	-0.010423116615067118
88	9	0	-0.03973457137497649
88	9	1	-0.033370849746764075
88	9	2	-0.01950853498405558
88	9	3	-0.023956281077024077
88	9	4	-0.025959283234824992
89	0	0	-0.03158413055711873
89	0	1	0.003728193584693229
89	0	2	-0.037741511911461356
89	0	3	0.04319354536072795
89	0	4	-0.018641523595084086
89	1	0	0.009139936222097078
89	1	1	-0.020305758769461613
89	1	2	-0.009397861564434451
89	1	3	-0.03876067173280784
89	1	4	0.004883197298057973
89	2	0	-0.017431063590320872
89	2	1	-0.017909397861564536
89	2	2	-0.009472894391296283
89	2	3	-0.05114926353316451
89	2	4	-0.053142883947837505
89	3	0	0.0005580566497842554
89	3	1	-0.03044925905083473
89	3	2	-0.002035265428625088
89	3	3	0.006543765831691584
89	3	4	-0.012543390561966405
89	4	0	-0.016877696492215377
89	4	1	-0.02455918214218722
89	4	2	-0.04564809604201836
89	4	3	-0.07367013791162402
89	4	4	-0.003991931700910167
89	5	0	-0.019208403676608476
89	5	1	-0.013407428249859299
89	5	2	-0.008764772087788475
89	5	3	-0.02883947837508216
89	5	4	-0.03053757388122713
89	6	0	-0.03313637216282117
89	6	1	-0.02434815231663856
89	6	2	-0.027438566873006942
89	6	3	0.0019373299559057866
89	6	4	-0.013791162397973511
89	7	0	-0.02250984805852574
89	7	1	-0.023935471768898875
89	7	2	-0.020310448321140595
89	7	3	-0.05250492541514207
89	7	4	-0.035416080307721254
89	8	0	0.006293378353029455
89	8	1	0.01655880697805301
89	8	2	-0.04325642468579993
89	8	3	-0.02014260249554367
89	8	4	-0.008452950558213712
89	9	0	-0.04130088163571555
89	9	1	-0.021328081035453028
89	9	2	-0.03279872444194343
89	9	3	0.023215123369922264
89	9	4	-0.02085561497326205
90	0	0	-0.02219564809604191
90	0	1	-0.028882948790095786
90	0	2	-0.02625211029825547
90	0	3	0.013434656159114322
90	0	4	-0.012796697626418885
90	1	0	-0.015264490714687717
90	1	1	-0.01122678671918953
90	1	2	-0.016197711498780798
90	1	3	-0.04588141476686347
90	1	4	0.029801107045689168
90	2	0	-0.018096979928718837
90	2	1	0.0007550178202964108
90	2	2	0.009078972050271972
90	2	3	-0.020123839009287936
90	2	4	-0.07286330800262686
90	3	0	-0.007470455824423183
90	3	1	-0.016042956293378374
90	3	2	-0.018232976927405886
90	3	3	-0.007228633080026081
90	3	4	0.008565531475748123
90	4	0	-0.029239354717689015
90	4	1	-0.0004361283061339316
90	4	2	-0.017810917276308458
90	4	3	-0.015362604371892297
90	4	4	-0.001449479313256563
90	5	0	-0.07060589007690865
90	5	1	-0.013867004314387477
90	5	2	-0.02431532545488646
90	5	3	-0.011745942396097275
90	5	4	-0.01191481377239878
90	6	0	-0.0179609829300319
90	6	1	-0.020127555805665165
90	6	2	-0.028095104108047275
90	6	3	-0.004048222159677373
90	6	4	0.011154892579041342
90	7	0	-0.01122678671918953
90	7	1	-0.024573250797223833
90	7	2	-0.051364659538548074
90	7	3	0.0036072802326673203
90	7	4	-0.0285486443381181
90	8	0	-0.023888576252110272
90	8	1	-0.023077283811667626
90	8	2	-0.012164697054961482
90	8	3	-0.009175344779060013
90	8	4	-0.028633080026268853
90	9	0	-0.020891952729318986
90	9	1	-0.019968111048583648
90	9	2	0.008450572125304756
90	9	3	0.030795571817243683
90	9	4	-0.03221690590111648
91	0	0	-0.014439129619208346
91	0	1	-0.02018851997749016
91	0	2	-0.04789908084787087
91	0	3	0.02638146167557931
91	0	4	-0.005009850830284268
91	1	0	0.023536859876195804
91	1	1	-0.03540611517538916
91	1	2	-0.004492590508347383
91	1	3	-0.0003705788535508514
91	1	4	-0.006055915189042138
91	2	0	-0.03493247045582448
91	2	1	0.006326205214781444
91	2	2	0.016347777152504128
91	2	3	-0.03770522563092227
91	2	4	0.002218782249742035
91	3	0	-0.0038126055149126925
91	3	1	-0.01936315888201101
91	3	2	0.0012567998499342092
91	3	3	-0.004658035462988819
91	3	4	-0.03367107608593678
91	4	0	-0.03634871506283999
91	4	1	0.019372537985368643
91	4	2	-0.00806602888763841
91	4	3	-0.021592081808800123
91	4	4	-0.03172436438690318
91	5	0	-0.04235603076345906
91	5	1	-0.02177358844494459
91	5	2	-0.014964359407240724
91	5	3	0.00437189229758872
91	5	4	-0.020114457266160013
91	6	0	-0.03848246107672115
91	6	1	-0.03947664603263945
91	6	2	-0.008774151191146107
91	6	3	-0.005671263720799291
91	6	4	0.007890045970541326
91	7	0	-0.006640405177264941
91	7	1	-0.04459763646595383
91	7	2	-0.014410992309135229
91	7	3	0.0011211183037809214
91	7	4	-0.017093535978984997
91	8	0	0.000497092477959149
91	8	1	-0.03418214218720683
91	8	2	-0.04031138623147623
91	8	3	-0.04566094380335872
91	8	4	-0.054479782343559435
91	9	0	-0.0478193584693305
91	9	1	-0.04188707559557303
91	9	2	-0.02144063027574561
91	9	3	-0.019424899146261332
91	9	4	-0.03754573599774835
92	0	0	-0.019813355843181335
92	0	1	0.007526730444569529
92	0	2	-0.017914087413243296
92	0	3	-0.03240454076367394
92	0	4	-0.022685054883197164
92	1	0	0.02323672856874881
92	1	1	-0.03719752391671349
92	1	2	-0.01384355655599323
92	1	3	-0.020925978046720917
92	1	4	-0.03603058448259677
92	2	0	-0.036339335959482355
92	2	1	-0.022148752579253417
92	2	2	-0.05030013130744704
92	2	3	-0.04784688995215314
92	2	4	-0.0042264752791068005
92	3	0	-0.004741136747326791
92	3	1	-0.0008394297505159853
92	3	2	-0.02677734008628785
92	3	3	-0.04263533164461952
92	3	4	-0.03449666948118957
92	4	0	-0.009768336147064294
92	4	1	-0.03258769461639466
92	4	2	-0.02366347777152511
92	4	3	0.020400600431560112
92	4	4	-0.021704662726334756
92	5	0	-0.04564809604201847
92	5	1	-0.010453010692177855
92	5	2	-0.04649690489589198
92	5	3	-0.009212871751571483
92	5	4	-0.028604934796885417
92	6	0	-0.03438379290939786
92	6	1	-0.0420840367660853
92	6	2	-0.03348808853873564
92	6	3	0.014058542077117875
92	6	4	0.0015667511023549352
92	7	0	-0.009894954042393489
92	7	1	-0.03805102232226609
92	7	2	0.017299756143312695
92	7	3	-0.013148512993714223
92	7	4	-0.012890515057697671
92	8	0	-0.012464828362408586
92	8	1	-0.0007081223035078077
92	8	2	-0.013852935659350862
92	8	3	-0.009663195421709458
92	8	4	-0.02696312974950743
92	9	0	-0.0171403113862314
92	9	1	-0.03943912961920837
92	9	2	0.010598386794222425
92	9	3	-0.032934609250398594
92	9	4	-0.014354066985645897
93	0	0	-0.030102232226599024
93	0	1	-0.011419058338022925
93	0	2	-0.017613956105796302
93	0	3	-0.031044188010132312
93	0	4	-0.008096444319354412
93	1	0	-0.042867191896454715
93	1	1	-0.01040142562371038
93	1	2	-0.02912211592571745
93	1	3	-0.022980579791725075
93	1	4	-0.033872783563186015
93	2	0	-0.01151284937160002
93	2	1	-0.03137779028324894
93	2	2	-0.0394672669292816
93	2	3	-0.0025424523876536043
93	2	4	-0.020625762266629155
93	3	0	0.010715625586193989
93	3	1	-0.022889701744513324
93	3	2	-0.018383042581129327
93	3	3	-0.030045032367013613
93	3	4	-0.03397129186602876
93	4	0	-0.04853217032451684
93	4	1	0.0075736259613580215
93	4	2	-0.004333145751266199
93	4	3	-0.018683741439159407
93	4	4	0.002246927479125471
93	5	0	-0.03933595948227353
93	5	1	-0.008539673607203202
93	5	2	-0.03179984993434615
93	5	3	-0.02533070644525759
93	5	4	-0.026297025987428446
93	6	0	-0.0223410241980867
93	6	1	0.011639467266929215
93	6	2	0.00673888576252113
93	6	3	-0.027952903649498095
93	6	4	0.011539544047283967
93	7	0	-0.006002626148940204
93	7	1	0.00584318139185902
93	7	2	-0.006476270868504996
93	7	3	-0.01133783657003451
93	7	4	-0.01883854020076936
93	8	0	-0.029000187582067127
93	8	1	-0.04600919152129057
93	8	2	-0.028812605514912715
93	8	3	-0.021118303780842562
93	8	4	-0.05723801482315416
93	9	0	0.005725942599887568
93	9	1	-0.010485837553929844
93	9	2	-0.04337835302945037
93	9	3	0.021779716671357696
93	9	4	0.03907496012759171
94	0	0	-0.030308572500468922
94	0	1	0.00016413430876005553
94	0	2	-0.019086475332958264
94	0	3	0.02331363167276479
94	0	4	-0.026775494886949858
94	1	0	-0.0044785218533107685
94	1	1	-0.01054211217407608
94	1	2	-0.012999437253798596
94	1	3	-0.04662257247396551
94	1	4	0.00476123463739575
94	2	0	-0.026341211780153917
94	2	1	0.03301913337084972
94	2	2	-0.026514725192271604
94	2	3	-0.04075429214748105
94	2	4	-0.02710854676798946
94	3	0	0.009365034702682351
94	3	1	-0.0005111611329957633
94	3	2	-0.038351153629713086
94	3	3	-0.030955061450417376
94	3	4	0.00848109578759737
94	4	0	-0.038243293941099044
94	4	1	0.006101106734196171
94	4	2	-0.030528981429375324
94	4	3	-0.025738812271320022
94	4	4	0.0015620602307907516
94	5	0	-0.00975426749202779
94	5	1	0.014354717688988994
94	5	2	0.0076299005815043675
94	5	3	-0.01775963974106387
94	5	4	-0.02919598461394124
94	6	0	-0.032151566310260726
94	6	1	-0.05726880510223231
94	6	2	-0.025468955167885943
94	6	3	-0.019012102448634938
94	6	4	-0.005507083216061415
94	7	0	-0.04682986306509096
94	7	1	-0.031129244044269422
94	7	2	0.004544175576814857
94	7	3	0.01594427244582064
94	7	4	-0.05273477812177507
94	8	0	0.01164884637028707
94	8	1	-0.044058338022884946
94	8	2	-0.06143312699305947
94	8	3	-0.014513556618819812
94	8	4	-0.02713200112580927
94	9	0	-0.03327236916150811
94	9	1	-0.003864190583380167
94	9	2	-0.013459013318326774
94	9	3	-0.04904306220095689
94	9	4	-0.04273383994746227
95	0	0	-0.02685706246482833
95	0	1	-0.010424873382104627
95	0	2	0.027846557869067756
95	0	3	-0.011164274322169043
95	0	4	-0.03469368608687484
95	1	0	0.0010645282311011472
95	1	1	-0.006724817107484404
95	1	2	-0.010964171825173508
95	1	3	-0.05540388404165475
95	1	4	-0.01580354629890235
95	2	0	-0.02082629900581512
95	2	1	-0.01240386419058348
95	2	2	0.005571187394485033
95	2	3	0.02655971479500896
95	2	4	-0.014649591894173919
95	3	0	0.013116676045770048
95	3	1	0.006260551491277355
95	3	2	-0.02739636090789732
95	3	3	-0.02356224786565342
95	3	4	-0.01031991744066052
95	4	0	-0.048138247983492644
95	4	1	0.0008206715438004997
95	4	2	-0.025370474582629865
95	4	3	-0.05733652312599691
95	4	4	-0.04237264283703923
95	5	0	0.009838679422247254
95	5	1	-0.03912492965672487
95	5	2	0.01591164884637042
95	5	3	-0.032385777277418204
95	5	4	-0.028445445163711502
95	6	0	-0.022434815231663796
95	6	1	0.026411555055336544
95	6	2	0.010715625586193878
95	6	3	-0.02523219814241484
95	6	4	-0.006154423491884664
95	7	0	-0.05410804727068097
95	7	1	-0.04040517726505355
95	7	2	-0.008792909397861481
95	7	3	0.001974856928417368
95	7	4	-0.007664884135472394
95	8	0	0.0029450384543237007
95	8	1	-0.037633652222847536
95	8	2	-0.01882386043894202
95	8	3	0.0010882822028331907
95	8	4	-0.019157519467116968
95	9	0	0.0144485087225662
95	9	1	-0.05143500281373092
95	9	2	-0.0032264115550553196
95	9	3	0.017220189511211292
95	9	4	0.03204803452481475
96	0	0	-0.04324235603076343
96	0	1	0.013651284937159947
96	0	2	-0.015278559369724332
96	0	3	0.05867342152171873
96	0	4	-0.02732901773149443
96	1	0	-0.013895141624460594
96	1	1	-0.03877321328081029
96	1	2	0.007700243856687328
96	1	3	-0.027136691997373008
96	1	4	-0.030870625762266513
96	2	0	0.0026495966985555786
96	2	1	0.001467829675482979
96	2	2	-0.03377415119114624
96	2	3	-0.04218969884604562
96	2	4	-0.011966413359602246
96	3	0	-0.04017538923278918
96	3	1	-0.03022416057024957
96	3	2	-0.00903207653348348
96	3	3	0.0043953466554087495
96	3	4	0.003865278168683761
96	4	0	-0.019456949915587995
96	4	1	0.0027621459388483816
96	4	2	-0.023119489776777358
96	4	3	-0.04957782155924573
96	4	4	-0.036143165400131405
96	5	0	-0.02165634965297314
96	5	1	-0.030017820296379782
96	5	2	-0.021107672106546627
96	5	3	-0.031119241955155252
96	5	4	-0.014400975701285401
96	6	0	0.018748827612080188
96	6	1	-0.01750140686550372
96	6	2	-0.016718251735134082
96	6	3	-0.04136879632235679
96	6	4	-0.004643962848297156
96	7	0	-0.005439879947477078
96	7	1	-0.0219471018570625
96	7	2	-0.0014396923654098615
96	7	3	-0.02505394502298519
96	7	4	-0.004334365325077361
96	8	0	-0.003648471206152748
96	8	1	0.01971956480960424
96	8	2	-0.01879572312886879
96	8	3	-0.0176095318510181
96	8	4	-0.043690777746505316
96	9	0	0.012244419433502296
96	9	1	-0.030491465015944463
96	9	2	-0.026692928156068274
96	9	3	0.009611595834506104
96	9	4	-0.03089408012008632
97	0	0	-0.0413102607390734
97	0	1	-0.0013646595385481408
97	0	2	-0.033717876570999894
97	0	3	0.008434187071957866
97	0	4	-0.0494886949995309
97	1	0	-0.042473269555430515
97	1	1	-0.014603263927968402
97	1	2	-0.001875820671543793
97	1	3	-0.004930106013697255
97	1	4	-0.005793226381461625
97	2	0	0.0317623335209154
97	2	1	0.017618645657475063
97	2	2	-0.03317388857625214
97	2	3	-0.02028332864246174
97	2	4	-0.023937517590768342
97	3	0	-0.025337647720877987
97	3	1	-0.02104201838304276
97	3	2	-0.039889326580378914
97	3	3	-0.016432123088469752
97	3	4	0.003855896425555838
97	4	0	-0.042116863627837064
97	4	1	0.022139373475895674
97	4	2	-0.036522228474957896
97	4	3	-0.042747912562154156
97	4	4	-0.011825687212684288
97	5	0	-0.025332958169199116
97	5	1	0.0027152504220596674
97	5	2	-0.02947383230163192
97	5	3	-0.008987709916502551
97	5	4	-0.01754385964912286
97	6	0	0.016338398049146496
97	6	1	-0.015428625023447995
97	6	2	-0.04800694053648469
97	6	3	-0.040149169715733235
97	6	4	-0.011070456890890257
97	7	0	-0.036766085162258544
97	7	1	-0.011151753892328031
97	7	2	-0.002011817670230731
97	7	3	-0.02793414016324225
97	7	4	-0.0281827563561311
97	8	0	-0.03068842618645662
97	8	1	-0.010912586756705922
97	8	2	-0.026974301256799893
97	8	3	0.003837132939299992
97	8	4	-0.03638239984989211
97	9	0	-0.00946820483961719
97	9	1	-0.05878821984618254
97	9	2	-0.04603263927968504
97	9	3	0.0027160146355192927
97	9	4	-0.018360071301247727
98	0	0	-0.02922059651097353
98	0	1	-0.00437535171637593
98	0	2	-0.005317951603826643
98	0	3	-0.016558776620696047
98	0	4	0.0036964067923820343
98	1	0	-0.00029544175576812215
98	1	1	-0.006143312699305903
98	1	2	-0.013524667041830751
98	1	3	-0.05095693779904298
98	1	4	-0.016375832629702547
98	2	0	-0.025187582067154435
98	2	1	-0.03696773588444946
98	2	2	-0.013937347589570437
98	2	3	-0.04099821746880561
98	2	4	0.027887231447602967
98	3	0	-0.0010645282311009252
98	3	1	0.0029778653160756896
98	3	2	-0.031110485837554047
98	3	3	-0.006684491978609541
98	3	4	-0.021108922037714528
98	4	0	-0.027091540048771234
98	4	1	-0.02316169574188709
98	4	2	-0.017407615831926626
98	4	3	0.015128060793695441
98	4	4	0.010071301247771669
98	5	0	-0.04238416807353218
98	5	1	-0.016193021947101927
98	5	2	-0.0012614894016131917
98	5	3	-0.032564030396847854
98	5	4	-0.010329299183788221
98	6	0	-0.04158694428812604
98	6	1	-0.03532170324516981
98	6	2	-0.022355092853123315
98	6	3	-0.021488882634393414
98	6	4	-0.023698283141007526
98	7	0	-0.01753892327893447
98	7	1	-0.04520727818420567
98	7	2	-0.024906208966422816
98	7	3	0.01616943428088946
98	7	4	-0.010160427807486716
98	8	0	-0.03244231851435009
98	8	1	-0.014833051960232657
98	8	2	-0.03019133370849747
98	8	3	-0.01299371423210438
98	8	4	-0.05478937986677923
98	9	0	-0.009393172012755469
98	9	1	-0.012530482085912564
98	9	2	-0.046492215344213106
98	9	3	-0.006843981611783345
98	9	4	-0.020123839009287825
99	0	0	-0.026435002813731012
99	0	1	0.015076908647533305
99	0	2	-0.031166760457700282
99	0	3	0.01717797166713575
99	0	4	-0.014813772398911684
99	1	0	-0.02248640030013127
99	1	1	-0.017951603826674156
99	1	2	-0.017585818795723074
99	1	3	-0.017454733089407815
99	1	4	-0.030617318697814033
99	2	0	-0.05106452823110119
99	2	1	-0.003127930969799353
99	2	2	-0.00032826861752011105
99	2	3	-0.027479125621540534
99	2	4	-0.034051036682615554
99	3	0	-0.028348339898705555
99	3	1	-0.002743387732132896
99	3	2	-0.06060776589758021
99	3	3	-0.03800075053945018
99	3	4	0.019260718641523678
99	4	0	-0.01850966047645841
99	4	1	0.02972706809229042
99	4	2	0.0018007878446819614
99	4	3	-0.020147293367107744
99	4	4	-0.05789004597054148
99	5	0	-0.03181391858938287
99	5	1	0.008436503470268253
99	5	2	-0.005838491840180149
99	5	3	-0.03363354911342531
99	5	4	-0.004409419270100523
99	6	0	-0.015156631026073897
99	6	1	-0.003592196586006402
99	6	2	-0.05005158506846752
99	6	3	-0.0032132470212965503
99	6	4	-0.013087531663382945
99	7	0	-0.0215531795160383
99	7	1	-0.0503845432376665
99	7	2	0.007264115550553285
99	7	3	0.017192044281827745
99	7	4	-0.021699971854770683
99	8	0	-0.03801350590883512
99	8	1	-0.0198977677734008
99	8	2	0.03632526730444563
99	8	3	-0.01970166056853373
99	8	4	-0.013228257810301125
99	9	0	-0.0010457700243856616
99	9	1	-0.018551866441568143
99	9	2	-0.002166572875633155
99	9	3	-0.01530631391312498
99	9	4	-0.042855802608124494
