resample	repeat	fold	delta_auroc
0	0	0	-0.04608678422825441
0	0	1	-0.10664751337428191
0	0	2	-0.04486502347417831
0	0	3	-0.027321428571428497
0	0	4	-0.05326388888888889
0	1	0	-0.07708539726570252
0	1	1	-0.09375866851595016
0	1	2	-0.07556729264475737
0	1	3	-0.07865079365079353
0	1	4	-0.05184523809523811
0	2	0	0.008559540320982717
0	2	1	-0.09093520903507035
0	2	2	-0.07321987480438197
0	2	3	-0.04035714285714276
0	2	4	-0.07615079365079358
0	3	0	-0.03826035268476313
0	3	1	-0.05486427580741038
0	3	2	0.005428403755868727
0	3	3	-0.06607142857142856
0	3	4	-0.05302579365079374
0	4	0	-0.06028333663562513
0	4	1	-0.07063602139885072
0	4	2	-0.062020735524256576
0	4	3	0.01834325396825398
0	4	4	-0.03208333333333335
0	5	0	-0.05137705567663964
0	5	1	-0.06695066376064984
0	5	2	-0.07121478873239429
0	5	3	-0.036617063492063395
0	5	4	-0.03243055555555563
0	6	0	-0.00812363780463643
0	6	1	-0.03075094115316046
0	6	2	-0.03157276995305158
0	6	3	-0.038075396825396846
0	6	4	-0.07022817460317454
0	7	0	-0.041044184664156935
0	7	1	-0.050128789379829675
0	7	2	-0.0019366197183098288
0	7	3	-0.05574404761904761
0	7	4	-0.06953373015873021
0	8	0	-0.052585694471963484
0	8	1	-0.09517535169407587
0	8	2	-0.04734937402190931
0	8	3	-0.026498015873015812
0	8	4	-0.03745039682539675
0	9	0	-0.05063404002377658
0	9	1	-0.02985932236972466
0	9	2	-0.02365023474178396
0	9	3	-0.014196428571428554
0	9	4	-0.06401785714285735
1	0	0	-0.0493065187239945
1	0	1	-0.040588468397067645
1	0	2	-0.08158255086071986
1	0	3	0.002093253968254105
1	0	4	-0.04398809523809544
1	1	0	-0.04511591044184671
1	1	1	-0.10000000000000009
1	1	2	-0.02315140845070429
1	1	3	-0.07450396825396821
1	1	4	-0.04146825396825404
1	2	0	-0.030850009906875364
1	2	1	-0.019011293837923438
1	2	2	-0.050841158059468095
1	2	3	-0.057738095238095255
1	2	4	-0.048115079365079416
1	3	0	-0.06994254012284529
1	3	1	-0.09338220725183277
1	3	2	-0.01821205007824722
1	3	3	-0.03809523809523818
1	3	4	-0.07034722222222223
1	4	0	-0.05185258569447182
1	4	1	-0.08197939369922724
1	4	2	-0.017097026604068866
1	4	3	-0.030347222222222192
1	4	4	-0.06284722222222228
1	5	0	-0.0296017436100654
1	5	1	-0.04269863285119879
1	5	2	-0.029049295774647876
1	5	3	-0.09069444444444441
1	5	4	-0.04846230158730158
1	6	0	0.0012482662968099634
1	6	1	-0.0601050128789381
1	6	2	-0.044630281690140716
1	6	3	-0.05137896825396826
1	6	4	-0.09449404761904767
1	7	0	-0.02945314047949288
1	7	1	-0.05021795125817319
1	7	2	-0.06697965571205011
1	7	3	-0.05209325396825393
1	7	4	-0.07683531746031746
1	8	0	-0.037566871408757585
1	8	1	-0.05177333069149992
1	8	2	-0.046938575899843515
1	8	3	-0.01378968253968249
1	8	4	-0.03639880952380947
1	9	0	-0.031692094313453656
1	9	1	-0.03464434317416276
1	9	2	-0.05649452269170574
1	9	3	-0.05546626984127001
1	9	4	-0.02191468253968276
2	0	0	-0.03726966514761232
2	0	1	-0.011690112938379293
2	0	2	-0.03429186228482006
2	0	3	-0.06917658730158727
2	0	4	-0.06467261904761912
2	1	0	-0.07820487418268285
2	1	1	-0.07937388547652069
2	1	2	-0.03257042253521125
2	1	3	-0.06823412698412701
2	1	4	-0.05748015873015877
2	2	0	-0.07350901525658804
2	2	1	-0.053942936397860075
2	2	2	-0.03818466353677641
2	2	3	-0.05353174603174593
2	2	4	-0.06744047619047622
2	3	0	-0.01862492569843477
2	3	1	-0.06897166633643748
2	3	2	0.0056729264475743335
2	3	3	-0.07222222222222219
2	3	4	-0.05930555555555561
2	4	0	-0.03811174955419061
2	4	1	-0.033445611254210306
2	4	2	-0.08169014084507031
2	4	3	-0.012331349206349262
2	4	4	-0.04555555555555568
2	5	0	-0.06380027739251037
2	5	1	-0.06652466811967506
2	5	2	-0.0396420187793427
2	5	3	-0.056805555555555554
2	5	4	-0.001339285714285654
2	6	0	-0.04055874777095303
2	6	1	-0.11667327125024773
2	6	2	-0.057638888888888906
2	6	3	-0.05364087301587295
2	6	4	-0.0243551587301587
2	7	0	-0.04094511591044181
2	7	1	-0.04823657618387156
2	7	2	-0.05471439749608764
2	7	3	-0.06493055555555549
2	7	4	0.003005952380952359
2	8	0	-0.01952645135724196
2	8	1	-0.04984148999405602
2	8	2	-0.04893388106416274
2	8	3	-0.04418650793650791
2	8	4	-0.049861111111111134
2	9	0	-0.03540717257776904
2	9	1	-0.05057459877154735
2	9	2	-0.0715179968701094
2	9	3	-0.0021031746031747733
2	9	4	-0.10147817460317476
3	0	0	-0.021824846443431856
3	0	1	-0.03636813948880524
3	0	2	-0.04209702660406889
3	0	3	-0.023660714285714146
3	0	4	-0.013323412698412862
3	1	0	-0.08892411333465433
3	1	1	-0.07247870021795133
3	1	2	-0.05026408450704223
3	1	3	-0.07664682539682544
3	1	4	-0.01614087301587297
3	2	0	-0.04822666930850017
3	2	1	-0.018089954428373245
3	2	2	-0.07247652582159636
3	2	3	-0.07224206349206341
3	2	4	-0.09237103174603178
3	3	0	-0.06082821478105793
3	3	1	-0.03302952248860713
3	3	2	-0.021821205007824696
3	3	3	-0.023531746031746015
3	3	4	-0.016686507936507944
3	4	0	-0.062254804834555144
3	4	1	-0.05417079453140483
3	4	2	-0.07519561815336462
3	4	3	3.9682539682561746e-05
3	4	4	-0.07519841269841288
3	5	0	-0.06584109371904101
3	5	1	-0.05186249256984343
3	5	2	-0.0540199530516432
3	5	3	-0.06840277777777781
3	5	4	-0.02509920634920637
3	6	0	-0.05236774321379034
3	6	1	-0.06236378046364177
3	6	2	-0.016754694835680706
3	6	3	-0.04550595238095234
3	6	4	-0.07725198412698409
3	7	0	-0.05324945512185453
3	7	1	-0.022647117099266922
3	7	2	-0.07881455399061033
3	7	3	-0.03903769841269833
3	7	4	-0.08265873015873026
3	8	0	-0.048593223697245835
3	8	1	-0.0708836932831386
3	8	2	-0.05272887323943665
3	8	3	-0.010753968253968238
3	8	4	-0.05160714285714285
3	9	0	-0.07604517535169408
3	9	1	-0.03216762433128584
3	9	2	-0.06627543035993733
3	9	3	-0.04260912698412711
3	9	4	-0.06804563492063509
4	0	0	-0.05968892411333471
4	0	1	-0.060065385377451985
4	0	2	-0.09355438184663534
4	0	3	-0.027499999999999858
4	0	4	-0.05030753968253976
4	1	0	-0.07377650089161891
4	1	1	-0.05923320784624542
4	1	2	-0.015277777777777724
4	1	3	-0.08065476190476195
4	1	4	-0.03435515873015871
4	2	0	-0.04319397661977409
4	2	1	-0.06336437487616398
4	2	2	-0.04989241001564959
4	2	3	-0.058630952380952284
4	2	4	-0.04758928571428578
4	3	0	-0.016068951852585722
4	3	1	-0.0328809193580345
4	3	2	-0.02968505477308292
4	3	3	-0.02425595238095235
4	3	4	-0.020724206349206353
4	4	0	-0.018981573211809044
4	4	1	-0.019011293837923438
4	4	2	-0.029264475743348894
4	4	3	-0.047509920634920655
4	4	4	-0.08051587301587315
4	5	0	-0.053556568258371295
4	5	1	-0.07216168020606295
4	5	2	-0.0441803599374021
4	5	3	-0.06850198412698405
4	5	4	-0.05697420634920636
4	6	0	-0.04721616802060624
4	6	1	-0.0746978403011691
4	6	2	-0.012470657276995256
4	6	3	-0.009632936507936507
4	6	4	-0.015466269841269864
4	7	0	-0.06737665940162474
4	7	1	-0.07926490984743417
4	7	2	-0.03674687010954625
4	7	3	-0.04076388888888882
4	7	4	-0.06594246031746032
4	8	0	-0.028333663562512434
4	8	1	-0.06007529225282349
4	8	2	-0.04596048513302031
4	8	3	-0.04779761904761892
4	8	4	-0.08766865079365083
4	9	0	-0.08221715870814361
4	9	1	-0.02068555577570841
4	9	2	-0.009800469483568053
4	9	3	-0.07363095238095241
4	9	4	-0.08054563492063505
5	0	0	-0.0314642361799089
5	0	1	-0.02558945908460475
5	0	2	-0.05624021909233179
5	0	3	-0.05761904761904757
5	0	4	-0.052251984126984174
5	1	0	-0.08131563304933631
5	1	1	-0.0488805230830196
5	1	2	-0.03396909233176837
5	1	3	-0.09142857142857141
5	1	4	-0.02337301587301588
5	2	0	-0.03298989498712113
5	2	1	-0.08595205072320189
5	2	2	0.009184272300469476
5	2	3	-0.04457341269841253
5	2	4	-0.07495039682539684
5	3	0	-0.05096096691103624
5	3	1	-0.07378640776699041
5	3	2	-0.030046948356807435
5	3	3	-0.04743055555555564
5	3	4	-0.06931547619047618
5	4	0	-0.07885872795720228
5	4	1	-0.02946304735486427
5	4	2	-0.06682316118935838
5	4	3	-0.061795634920635
5	4	4	-0.08732142857142866
5	5	0	-0.04075688527838317
5	5	1	-0.06830790568654643
5	5	2	-0.04611697965571204
5	5	3	-0.021130952380952417
5	5	4	-0.07556547619047616
5	6	0	-0.06023380225876762
5	6	1	-0.007479690905488501
5	6	2	-0.0370011737089202
5	6	3	-0.06459325396825388
5	6	4	-0.04612103174603166
5	7	0	-0.06354269863285122
5	7	1	-0.08264315434911829
5	7	2	-0.04413145539906105
5	7	3	-0.053740079365079296
5	7	4	-0.08885912698412701
5	8	0	-0.025163463443629963
5	8	1	-0.06330493362393508
5	8	2	-0.10223982785602503
5	8	3	-0.06067460317460316
5	8	4	-0.056091269841269886
5	9	0	-0.07304339211412714
5	9	1	-0.08797305329898952
5	9	2	-0.023532863849765162
5	9	3	-0.02281746031746046
5	9	4	-0.06268849206349214
6	0	0	-0.08154349118288096
6	0	1	-0.04217356845650899
6	0	2	-0.039808294209702555
6	0	3	-0.05154761904761895
6	0	4	-0.07875992063492065
6	1	0	-0.08048345551812963
6	1	1	-0.052585694471963595
6	1	2	-0.07887323943661972
6	1	3	-0.0864583333333333
6	1	4	-0.03259920634920632
6	2	0	-0.07606498910243709
6	2	1	-0.05343768575391317
6	2	2	-0.027924491392801287
6	2	3	0.002043650793650764
6	2	4	-0.07661706349206354
6	3	0	-0.07905686546463242
6	3	1	-0.04183673469387761
6	3	2	-0.021576682316118756
6	3	3	-0.0632638888888889
6	3	4	-0.07286706349206351
6	4	0	-0.030612244897959218
6	4	1	-0.06662373687338996
6	4	2	-0.0130477308294209
6	4	3	-0.04038690476190476
6	4	4	-0.08253968253968269
6	5	0	-0.042976025361600834
6	5	1	-0.0718743808202893
6	5	2	-0.04694835680751164
6	5	3	-0.009444444444444366
6	5	4	-0.0424107142857143
6	6	0	-0.07850208044382812
6	6	1	-0.07313255399247087
6	6	2	-0.015013693270735429
6	6	3	-0.07014880952380942
6	6	4	-0.09243055555555557
6	7	0	-0.06071923915197153
6	7	1	-0.06454329304537354
6	7	2	-0.0010172143974961356
6	7	3	-0.06034722222222222
6	7	4	-0.04443452380952384
6	8	0	-0.06010501287893799
6	8	1	-0.11097681791163072
6	8	2	-0.06767410015649455
6	8	3	-0.04382936507936497
6	8	4	-0.03595238095238096
6	9	0	-0.06798097879928666
6	9	1	-0.07588666534574995
6	9	2	-0.06285211267605628
6	9	3	-0.028869047619047628
6	9	4	-0.08532738095238113
7	0	0	-0.039360015851000574
7	0	1	-0.021616802060630214
7	0	2	-0.052728873239436536
7	0	3	-0.06584325396825397
7	0	4	-0.027430555555555625
7	1	0	-0.05653853774519524
7	1	1	-0.08559540320982761
7	1	2	0.008499608763693267
7	1	3	-0.07436507936507941
7	1	4	-0.06449404761904765
7	2	0	-0.05211016445413119
7	2	1	-0.02288488210818307
7	2	2	-0.04658646322378723
7	2	3	-0.05146825396825383
7	2	4	-0.09845238095238096
7	3	0	-0.043312859124232106
7	3	1	-0.057232019021200675
7	3	2	-0.04354460093896706
7	3	3	-0.028224206349206304
7	3	4	-0.07786706349206352
7	4	0	-0.0662769962353873
7	4	1	-0.007707549039033035
7	4	2	-0.05185837245696401
7	4	3	-0.03499999999999992
7	4	4	-0.05646825396825417
7	5	0	-0.05040618189023183
7	5	1	-0.03484248068159301
7	5	2	-0.024012128325508586
7	5	3	-0.06421626984126982
7	5	4	-0.07689484126984136
7	6	0	-0.015831186843669576
7	6	1	-0.061353279175748066
7	6	2	-0.05222026604068852
7	6	3	-0.05428571428571427
7	6	4	-0.04175595238095231
7	7	0	-0.05764810778680407
7	7	1	-0.06010501287893799
7	7	2	-0.05147691705790303
7	7	3	-0.09965277777777781
7	7	4	-0.03567460317460314
7	8	0	-0.03404002377650095
7	8	1	-0.06787200317020026
7	8	2	-0.06306729264475752
7	8	3	-0.05349206349206337
7	8	4	-0.015307539682539506
7	9	0	-0.08100851991281943
7	9	1	-0.038141470180305115
7	9	2	-0.053325508607198646
7	9	3	-0.019206349206349338
7	9	4	-0.08506944444444464
8	0	0	-0.06563304933623937
8	0	1	-0.0286209629482862
8	0	2	-0.04195031298904528
8	0	3	-0.040565476190476124
8	0	4	-0.03356150793650803
8	1	0	-0.026441450366554542
8	1	1	-0.04457103229641368
8	1	2	-0.04502151799687004
8	1	3	-0.09844246031746029
8	1	4	-0.043234126984126986
8	2	0	-0.038914206459282785
8	2	1	-0.041371111551416706
8	2	2	-0.028002738654147263
8	2	3	-0.036289682539682455
8	2	4	-0.05808531746031753
8	3	0	-0.048920150584505606
8	3	1	-0.0591935803447593
8	3	2	-0.018348982785602375
8	3	3	-0.05232142857142863
8	3	4	-0.014136904761904878
8	4	0	-0.038527838319794006
8	4	1	-0.06298791361204681
8	4	2	-0.05471439749608764
8	4	3	-0.030009920634920584
8	4	4	-0.12112103174603184
8	5	0	-0.03996433524866261
8	5	1	-0.07207251832771933
8	5	2	0.0012030516431924543
8	5	3	-0.02871031746031749
8	5	4	-0.023799603174603168
8	6	0	-0.04862294432336056
8	6	1	-0.03545670695462677
8	6	2	-0.023444835680751175
8	6	3	-0.07311507936507944
8	6	4	-0.03725198412698405
8	7	0	-0.0030315038636814506
8	7	1	-0.059411531602932444
8	7	2	-0.05165297339593122
8	7	3	-0.04264880952380956
8	7	4	-0.06270833333333337
8	8	0	-0.024014265900534904
8	8	1	-0.058183079056865594
8	8	2	-0.05706181533646326
8	8	3	-0.03214285714285703
8	8	4	-0.07820436507936512
8	9	0	-0.03141470180305128
8	9	1	-0.048325738062215184
8	9	2	-0.02108763693270732
8	9	3	-0.07390873015873023
8	9	4	-0.03522817460317473
9	0	0	-0.057093322765999655
9	0	1	-0.023835942143847877
9	0	2	-0.08181729264475746
9	0	3	-0.026527777777777706
9	0	4	-0.07412698412698415
9	1	0	-0.0483356449375868
9	1	1	-0.042718446601941795
9	1	2	-0.041431924882629145
9	1	3	-0.10678571428571426
9	1	4	0.008333333333333415
9	2	0	-0.005369526451357243
9	2	1	-0.04881117495541898
9	2	2	-0.05010758998435072
9	2	3	-0.07115079365079358
9	2	4	-0.05603174603174599
9	3	0	-0.06631662373687341
9	3	1	-0.09294630473548637
9	3	2	-0.038028169014084456
9	3	3	-0.05232142857142863
9	3	4	-0.026259920634920775
9	4	0	-0.0526253219734496
9	4	1	-0.05369526451357243
9	4	2	-0.016431924882629123
9	4	3	-0.07788690476190474
9	4	4	-0.07310515873015888
9	5	0	-0.022151773330691404
9	5	1	-0.060322964137111135
9	5	2	-0.04638106416275434
9	5	3	-0.05124007936507935
9	5	4	-0.06828373015873024
9	6	0	-0.022607489597780916
9	6	1	-0.10180305131761458
9	6	2	-0.04285015649452262
9	6	3	-0.01596230158730161
9	6	4	-0.05050595238095246
9	7	0	-0.05865860907469789
9	7	1	-0.059025163463443664
9	7	2	-0.05104655712050088
9	7	3	-0.04495039682539681
9	7	4	-0.10724206349206356
9	8	0	-0.036655438874578894
9	8	1	-0.09166831781256202
9	8	2	-0.02205594679186229
9	8	3	-0.06555555555555548
9	8	4	-0.06437500000000007
9	9	0	-0.03793342579750347
9	9	1	-0.04700812363780471
9	9	2	-0.06332159624413136
9	9	3	-0.039067460317460334
9	9	4	-0.052589285714285894
10	0	0	-0.03095898553596199
10	0	1	-0.069506637606499
10	0	2	-0.0272202660406885
10	0	3	-0.06245039682539666
10	0	4	-0.06923611111111116
10	1	0	-0.08678422825440868
10	1	1	-0.0634832573806221
10	1	2	-0.05110524256651017
10	1	3	-0.09988095238095229
10	1	4	-0.03393849206349209
10	2	0	-0.006162076481077916
10	2	1	-0.03807212205270449
10	2	2	-0.09333920187793443
10	2	3	-0.06811507936507932
10	2	4	-0.06890873015873022
10	3	0	-0.10657816524668118
10	3	1	-0.04880126808004759
10	3	2	-0.001741001564945166
10	3	3	-0.08823412698412703
10	3	4	-0.06462301587301589
10	4	0	-0.07310283336635626
10	4	1	-0.04618585298196942
10	4	2	-0.02690727699530515
10	4	3	-0.04195436507936501
10	4	4	-0.056190476190476235
10	5	0	-0.07765008916187832
10	5	1	-0.10494353081038232
10	5	2	-0.041656885758998285
10	5	3	-0.03326388888888887
10	5	4	-0.012470238095238062
10	6	0	-0.032841291856548493
10	6	1	-0.038072122052704604
10	6	2	-0.03390062597809074
10	6	3	-0.06095238095238087
10	6	4	-0.08953373015873023
10	7	0	-0.08847830394293654
10	7	1	-0.07004160887656041
10	7	2	-0.04370109546165879
10	7	3	-0.043898809523809534
10	7	4	-0.03885912698412697
10	8	0	-0.03325738062215178
10	8	1	-0.06742619377848236
10	8	2	-0.06269561815336455
10	8	3	-0.04160714285714273
10	8	4	-0.063234126984127
10	9	0	-0.06748563503071126
10	9	1	-0.025708341589062877
10	9	2	0.0008900625978092158
10	9	3	-0.04861111111111116
10	9	4	-0.057748015873016034
11	0	0	-0.03164255993659604
11	0	1	-0.08742817515355672
11	0	2	-0.04203834115805949
11	0	3	-0.024027777777777648
11	0	4	-0.04616071428571433
11	1	0	-0.053081038240539
11	1	1	-0.028274222310283315
11	1	2	-0.03283450704225355
11	1	3	-0.03562499999999991
11	1	4	-0.028452380952381007
11	2	0	-0.03423816128393109
11	2	1	-0.0775807410342777
11	2	2	-0.0707648669796559
11	2	3	-0.057400793650793536
11	2	4	-0.064593253968254
11	3	0	-0.046978403011690095
11	3	1	-0.054200515157519336
11	3	2	-0.021185446009389652
11	3	3	-0.054444444444444406
11	3	4	-0.024940476190476346
11	4	0	-0.0314543293045374
11	4	1	-0.019704775113929096
11	4	2	-0.01789906103286376
11	4	3	-0.003204365079365168
11	4	4	-0.06491071428571438
11	5	0	-0.033564493758668656
11	5	1	-0.056597978997424137
11	5	2	-0.03049687010954616
11	5	3	-0.08017857142857143
11	5	4	-0.061359126984127044
11	6	0	-0.07844263919159888
11	6	1	-0.025946106597979024
11	6	2	-0.025127151799687053
11	6	3	-0.04445436507936518
11	6	4	-0.043144841269841194
11	7	0	-0.06294828611056069
11	7	1	-0.07230037646126408
11	7	2	-0.07872652582159634
11	7	3	-0.0427480158730158
11	7	4	-0.0635218253968255
11	8	0	-0.05440855954032087
11	8	1	-0.03056271052110182
11	8	2	-0.06568857589984356
11	8	3	-0.02847222222222212
11	8	4	-0.044087301587301564
11	9	0	-0.08528829007331085
11	9	1	-0.0375965920348722
11	9	2	-0.010641627543035992
11	9	3	-0.043154761904761973
11	9	4	-0.0822023809523812
12	0	0	-0.010867842282544116
12	0	1	-0.04311472161680219
12	0	2	-0.03941705790297334
12	0	3	-0.008204365079365061
12	0	4	-0.050982142857142865
12	1	0	-0.057608480285318175
12	1	1	-0.058133544680007976
12	1	2	-0.051604068857589946
12	1	3	-0.056746031746031766
12	1	4	-0.011240079365079425
12	2	0	-0.014662175549831624
12	2	1	-0.039171785218941935
12	2	2	-0.061825117370892135
12	2	3	-0.003531746031745886
12	2	4	-0.051220238095238124
12	3	0	-0.020784624529423423
12	3	1	-0.042659005349712786
12	3	2	-0.0357589984350547
12	3	3	-0.040327380952380976
12	3	4	-0.024097222222222214
12	4	0	-0.0460273429760254
12	4	1	-0.058450564691896134
12	4	2	0.001467136150234749
12	4	3	-0.05667658730158731
12	4	4	-0.09213293650793652
12	5	0	-0.04771151178918165
12	5	1	-0.03957796710917383
12	5	2	-0.054127543035993764
12	5	3	-0.04524801587301597
12	5	4	-0.09724206349206355
12	6	0	-0.10536952645135722
12	6	1	-0.06255201109570041
12	6	2	-0.035983959311424174
12	6	3	-0.04999999999999993
12	6	4	-0.07500992063492062
12	7	0	-0.05139686942738275
12	7	1	-0.10337824450168409
12	7	2	-0.033079029733959375
12	7	3	-0.09739087301587301
12	7	4	-0.10316468253968258
12	8	0	-0.03514959381810978
12	8	1	-0.041093719041014554
12	8	2	-0.035240610328638455
12	8	3	-0.05208333333333315
12	8	4	-0.06498015873015861
12	9	0	-0.04243114721616803
12	9	1	-0.04068753715078266
12	9	2	-0.03722613458528945
12	9	3	-0.030892857142857277
12	9	4	-0.09032738095238113
13	0	0	-0.0714186645532
13	0	1	-0.02985932236972466
13	0	2	-0.060357981220657275
13	0	3	-0.07371031746031742
13	0	4	-0.014682539682539741
13	1	0	-0.02777887854170813
13	1	1	-0.029443233604121155
13	1	2	-0.05040101721439738
13	1	3	-0.08013888888888898
13	1	4	-0.04144841269841271
13	2	0	-0.04056865464632453
13	2	1	-0.03077075490390324
13	2	2	-0.018603286384976547
13	2	3	-0.024603174603174516
13	2	4	-0.08105158730158735
13	3	0	-0.029998018624925682
13	3	1	-0.019100455716267062
13	3	2	-0.0487480438184662
13	3	3	-0.05228174603174596
13	3	4	-0.0362797619047619
13	4	0	-0.0573211808995443
13	4	1	-0.0596492966118487
13	4	2	-0.08769561815336457
13	4	3	-0.05068452380952382
13	4	4	-0.0726190476190477
13	5	0	-0.00889637408361399
13	5	1	-0.07313255399247076
13	5	2	-0.0729068857589984
13	5	3	-0.11301587301587301
13	5	4	-0.025823412698412707
13	6	0	0.004180701406776288
13	6	1	-0.11113532791757486
13	6	2	-0.013683489827855944
13	6	3	-0.06962301587301589
13	6	4	-0.039434523809523725
13	7	0	-0.058440657816524744
13	7	1	-0.05563701208638794
13	7	2	-0.04325117370892029
13	7	3	-0.07074404761904762
13	7	4	-0.09545634920634916
13	8	0	0.007251832771943745
13	8	1	-0.033227659996037384
13	8	2	-0.06500391236306724
13	8	3	-0.026994047619047556
13	8	4	-0.026498015873015923
13	9	0	-0.07447988904299596
13	9	1	-0.08277194372894792
13	9	2	-0.03906494522691695
13	9	3	-0.02956349206349218
13	9	4	-0.043660714285714386
14	0	0	-0.008718050326926963
14	0	1	-0.0066871408757678275
14	0	2	-0.03709898278560242
14	0	3	-0.039811507936507784
14	0	4	0.00694444444444442
14	1	0	-0.0506637606498912
14	1	1	-0.07217158708143456
14	1	2	-0.02965571205007822
14	1	3	-0.09716269841269842
14	1	4	-0.07077380952380952
14	2	0	-0.019120269467010176
14	2	1	0.017941351297800834
14	2	2	-0.05102699530516441
14	2	3	-0.0226587301587301
14	2	4	-0.008839285714285716
14	3	0	-0.033683376263126674
14	3	1	-0.09978204874182683
14	3	2	-0.00806924882629112
14	3	3	-0.05334325396825401
14	3	4	-0.05042658730158733
14	4	0	-0.027372696651476125
14	4	1	-0.05460669704775112
14	4	2	-0.027953834115805876
14	4	3	-0.05629960317460303
14	4	4	-0.052212301587301724
14	5	0	-0.05302159698830988
14	5	1	-0.06369130176342375
14	5	2	-0.07564553990610323
14	5	3	-0.04664682539682552
14	5	4	-0.06294642857142863
14	6	0	-0.04002377650089162
14	6	1	-0.05046562314246095
14	6	2	-0.03614045383411579
14	6	3	-0.032966269841269824
14	6	4	-0.07441468253968253
14	7	0	-0.0450663760649892
14	7	1	-0.041876362195363614
14	7	2	0.009937402190923206
14	7	3	-0.060029761904761836
14	7	4	-0.0749900793650794
14	8	0	0.0013770556766394826
14	8	1	-0.02242916584109378
14	8	2	-0.015502738654147086
14	8	3	-0.07200396825396815
14	8	4	-0.06299603174603174
14	9	0	-0.0460174361006539
14	9	1	-0.08810184267881915
14	9	2	-0.031298904538341055
14	9	3	-0.030476190476190546
14	9	4	-0.07721230158730175
15	0	0	-0.10004953437685749
15	0	1	-0.020319001386962632
15	0	2	-0.08492762128325515
15	0	3	-0.006726190476190386
15	0	4	-0.04161706349206362
15	1	0	-0.015474539330295412
15	1	1	-0.09001386962552016
15	1	2	0.020686619718309873
15	1	3	-0.08361111111111108
15	1	4	-0.03259920634920643
15	2	0	-0.028908262334059853
15	2	1	-0.037556964533386195
15	2	2	-0.0618153364632239
15	2	3	0.004672619047619175
15	2	4	-0.08041666666666669
15	3	0	-0.02161680206062999
15	3	1	-0.10881711908064207
15	3	2	-0.030526212832550748
15	3	3	-0.023978174603174418
15	3	4	-0.05410714285714291
15	4	0	-0.04153952843273223
15	4	1	-0.0455815335843075
15	4	2	-0.033235524256650995
15	4	3	-0.0633234126984128
15	4	4	-0.049206349206349254
15	5	0	-0.06659401624727568
15	5	1	-0.08664553199920744
15	5	2	-0.04733959311424096
15	5	3	-0.03508928571428571
15	5	4	-0.03624007936507945
15	6	0	-0.059421438478304056
15	6	1	-0.03508024569050938
15	6	2	-0.06880868544600938
15	6	3	-0.030704365079365026
15	6	4	-0.04296626984126972
15	7	0	-0.07157717455914403
15	7	1	-0.052456905092134076
15	7	2	-0.057824726134585336
15	7	3	-0.038124999999999964
15	7	4	-0.07883928571428567
15	8	0	-0.025876758470378514
15	8	1	-0.061293837923518946
15	8	2	-0.02527386541471044
15	8	3	-0.06230158730158719
15	8	4	-0.043988095238095104
15	9	0	-0.0991579155934218
15	9	1	-0.05646918961759462
15	9	2	-0.04230242566510167
15	9	3	-0.07087301587301598
15	9	4	-0.06461309523809533
16	0	0	-0.016881315633049288
16	0	1	-0.07801664355062421
16	0	2	-0.08316705790297341
16	0	3	-0.040376984126984095
16	0	4	-0.03175595238095241
16	1	0	0.027630275411135163
16	1	1	-0.06824846443431742
16	1	2	-0.0516236306729263
16	1	3	-0.06571428571428573
16	1	4	-0.016626984126984157
16	2	0	-0.04495740043590246
16	2	1	-0.059540320982762074
16	2	2	-0.042302425665101895
16	2	3	-0.03992063492063491
16	2	4	-0.07953373015873022
16	3	0	-0.04563106796116512
16	3	1	-0.03697245888646716
16	3	2	-0.028208137715179937
16	3	3	-0.03337301587301578
16	3	4	-0.053422619047619024
16	4	0	-0.07353873588270254
16	4	1	-0.07697642163661578
16	4	2	-0.003403755868544578
16	4	3	-0.04250992063492065
16	4	4	-0.07057539682539704
16	5	0	-0.007885872795720283
16	5	1	-0.06430552803645717
16	5	2	-0.06777190923317677
16	5	3	-0.06168650793650787
16	5	4	-0.0621329365079365
16	6	0	-0.014364969288686247
16	6	1	-0.09744402615415104
16	6	2	-0.022946009389671396
16	6	3	-0.003323412698412742
16	6	4	-0.07971230158730158
16	7	0	-0.05005944125222905
16	7	1	-0.09097483653655636
16	7	2	0.0012812989045383194
16	7	3	-0.07383928571428577
16	7	4	-0.08135912698412695
16	8	0	-0.08097879928670504
16	8	1	-0.04734495740043598
16	8	2	-0.014446400625978129
16	8	3	-0.0712896825396826
16	8	4	-0.051825396825396775
16	9	0	-0.05914404596790168
16	9	1	-0.08433723003764615
16	9	2	-0.053755868544600904
16	9	3	-0.046428571428571486
16	9	4	-0.04792658730158739
17	0	0	-0.04670101050128794
17	0	1	-0.031890231820883796
17	0	2	-0.06536580594679187
17	0	3	-0.07408730158730159
17	0	4	-0.05438492063492073
17	1	0	-0.07908658609074704
17	1	1	-0.04834555181295819
17	1	2	-0.05252347417840375
17	1	3	-0.09343253968253973
17	1	4	-0.039722222222222214
17	2	0	-0.04075688527838317
17	2	1	-0.08425797503467403
17	2	2	-0.0447085289514868
17	2	3	-0.05433531746031739
17	2	4	-0.04857142857142882
17	3	0	-0.059104418466415676
17	3	1	-0.03857737269665151
17	3	2	-0.04113849765258215
17	3	3	-0.0548412698412698
17	3	4	-0.06628968253968259
17	4	0	-0.08425797503467414
17	4	1	-0.044977214186645575
17	4	2	-0.05684663536776213
17	4	3	-0.04336309523809523
17	4	4	-0.057371031746031864
17	5	0	-0.055220923320784654
17	5	1	-0.025193184069744357
17	5	2	-0.06016236306729261
17	5	3	-0.0871626984126983
17	5	4	-0.06967261904761912
17	6	0	-0.035238755696453294
17	6	1	-0.06891222508420858
17	6	2	-0.02255477308294207
17	6	3	-0.03447420634920639
17	6	4	-0.041964285714285676
17	7	0	-0.07593619972260757
17	7	1	-0.056320586487021984
17	7	2	-0.015747261345852914
17	7	3	-0.04213293650793659
17	7	4	-0.06462301587301589
17	8	0	-0.03371309688924118
17	8	1	-0.03972657023974646
17	8	2	0.03621870109546155
17	8	3	-0.04069444444444448
17	8	4	-0.07857142857142863
17	9	0	-0.05604319397661983
17	9	1	-0.02528234594808798
17	9	2	0.015590766823161184
17	9	3	-0.05047619047619056
17	9	4	-0.06374007936507964
18	0	0	-0.04071725777689705
18	0	1	-0.03997424212403411
18	0	2	-0.07670187793427241
18	0	3	-0.06681547619047612
18	0	4	-0.057609126984127124
18	1	0	-0.042767980978799525
18	1	1	-0.07412324152962158
18	1	2	-0.0623239436619718
18	1	3	-0.11232142857142857
18	1	4	-0.033144841269841296
18	2	0	-0.02823459480879731
18	2	1	-0.040925302159698806
18	2	2	0.004196009389671351
18	2	3	-0.031269841269841336
18	2	4	-0.03469246031746043
18	3	0	-0.04707747176540522
18	3	1	-0.06713889439270848
18	3	2	-0.05925273865414704
18	3	3	-0.07285714285714273
18	3	4	-0.1264186507936509
18	4	0	0.011382999801862526
18	4	1	-0.022231028333663527
18	4	2	-0.02715179968701098
18	4	3	-0.007906746031746015
18	4	4	-0.07313492063492077
18	5	0	-0.02508420844065784
18	5	1	-0.056003566475133715
18	5	2	-0.0793720657276995
18	5	3	-0.05718253968253961
18	5	4	-0.03721230158730171
18	6	0	-0.05242718446601946
18	6	1	-0.07266693085000997
18	6	2	-0.05887128325508606
18	6	3	-0.03590277777777784
18	6	4	-0.0399801587301587
18	7	0	-0.07781850604319407
18	7	1	-0.060263522884882126
18	7	2	-0.053853677621283236
18	7	3	-0.07818452380952379
18	7	4	-0.112906746031746
18	8	0	-0.06760451753516938
18	8	1	-0.08843867644145054
18	8	2	-0.02114632237871672
18	8	3	-0.06595238095238087
18	8	4	-0.059841269841269806
18	9	0	-0.07977016049138108
18	9	1	-0.04060828214781054
18	9	2	-0.018974960876369185
18	9	3	-0.01525793650793661
18	9	4	-0.046577380952381064
19	0	0	-0.015821279968297963
19	0	1	-0.06650485436893216
19	0	2	-0.017008998435054656
19	0	3	-0.02861111111111092
19	0	4	-0.018521825396825564
19	1	0	-0.06635625123835953
19	1	1	-0.0503071131365167
19	1	2	-0.03591549295774643
19	1	3	-0.07021825396825399
19	1	4	0.02420634920634923
19	2	0	-0.019615613235585472
19	2	1	-0.08659599762234982
19	2	2	-0.06518974960876389
19	2	3	-0.05228174603174596
19	2	4	-0.05381944444444453
19	3	0	-0.019714681989300598
19	3	1	-0.033108777491579144
19	3	2	-0.04079616588419399
19	3	3	-0.08624999999999994
19	3	4	-0.08046626984126992
19	4	0	-0.06367148801268074
19	4	1	-0.05475530017832375
19	4	2	-0.0017703442879498654
19	4	3	-0.07098214285714288
19	4	4	-0.06933531746031751
19	5	0	-0.046265107984941545
19	5	1	-0.05895581533584293
19	5	2	-0.05983959311424103
19	5	3	-0.03805555555555551
19	5	4	-0.04022817460317463
19	6	0	-0.062076481077868007
19	6	1	-0.06305726173964732
19	6	2	-0.03174882629107978
19	6	3	-0.04756944444444433
19	6	4	-0.04415674603174602
19	7	0	-0.025371507826431716
19	7	1	-0.0385872795720229
19	7	2	-0.07036384976525822
19	7	3	-0.06479166666666658
19	7	4	-0.047043650793650804
19	8	0	-0.004725579552209314
19	8	1	-0.09798890429958407
19	8	2	-0.05596635367762126
19	8	3	0.0002182539682540341
19	8	4	-0.06384920634920632
19	9	0	-0.05667723400039626
19	9	1	-0.04421438478303941
19	9	2	-0.007267214397496002
19	9	3	-0.031011904761904963
19	9	4	-0.07586309523809542
20	0	0	-0.05583514959381808
20	0	1	-0.06743610065385386
20	0	2	-0.028550469483568097
20	0	3	-0.05028769841269831
20	0	4	-0.0607242063492065
20	1	0	-0.03267287497523286
20	1	1	-0.05672676837725388
20	1	2	-0.03926056338028161
20	1	3	-0.07614087301587302
20	1	4	-0.035734126984126924
20	2	0	-0.024093520903507137
20	2	1	-0.052387556964533344
20	2	2	-0.05499804381846651
20	2	3	-0.024136904761904665
20	2	4	-0.06293650793650796
20	3	0	-0.01761442441054084
20	3	1	-0.07699623538735878
20	3	2	-0.03141627543035985
20	3	3	-0.02820436507936508
20	3	4	-0.06184523809523812
20	4	0	-0.07209233207846233
20	4	1	-0.030453734892014972
20	4	2	-0.03196400625978091
20	4	3	-0.0631250000000001
20	4	4	-0.07752976190476202
20	5	0	-0.0404398652664949
20	5	1	-0.05057459877154746
20	5	2	-0.05964397496087637
20	5	3	-0.042480158730158646
20	5	4	-0.0740873015873017
20	6	0	-0.03754705765801469
20	6	1	-0.06939766197741248
20	6	2	-0.02148865414710488
20	6	3	-0.06629960317460315
20	6	4	-0.07649801587301586
20	7	0	-0.03896374083614029
20	7	1	-0.0897860114919754
20	7	2	-0.01094483568075122
20	7	3	-0.05010912698412695
20	7	4	-0.08766865079365083
20	8	0	-0.0592530215969882
20	8	1	-0.04827620368535768
20	8	2	-0.07454029733959311
20	8	3	-0.04592261904761896
20	8	4	-0.025396825396825418
20	9	0	-0.05952050723201907
20	9	1	-0.07939369922726369
20	9	2	-0.037402190923317535
20	9	3	-0.01942460317460326
20	9	4	-0.056339285714285814
21	0	0	0.006548444620566696
21	0	1	0.011779274816722696
21	0	2	-0.031269561815336466
21	0	3	-0.08254960317460314
21	0	4	-0.09127976190476195
21	1	0	-0.053031503863681384
21	1	1	-0.03657618387160688
21	1	2	-0.07857003129890461
21	1	3	-0.07126984126984137
21	1	4	-0.04031746031746031
21	2	0	-0.06786209629482853
21	2	1	-0.04952446998216764
21	2	2	-0.020530125195618254
21	2	3	-0.05882936507936498
21	2	4	-0.02885912698412707
21	3	0	-0.07125024767188437
21	3	1	-0.03346542500495353
21	3	2	-0.057267214397495936
21	3	3	-0.05683531746031745
21	3	4	-0.0830158730158731
21	4	0	-0.019843471369130228
21	4	1	-0.03796314642361798
21	4	2	-0.017057902973395933
21	4	3	-0.048918650793650764
21	4	4	-0.09454365079365079
21	5	0	-0.05841093719041013
21	5	1	-0.07463839904893987
21	5	2	-0.0501369327073552
21	5	3	-0.03794642857142849
21	5	4	-0.05147817460317461
21	6	0	-0.007549039033089011
21	6	1	-0.06185852981969486
21	6	2	-0.04606807511737088
21	6	3	-0.045019841269841154
21	6	4	-0.05082341269841262
21	7	0	-0.05001981375074305
21	7	1	-0.06598969684961364
21	7	2	-0.04600938967136159
21	7	3	-0.04449404761904763
21	7	4	-0.057926587301587285
21	8	0	-0.01612839310481473
21	8	1	-0.0694769169803845
21	8	2	-0.01804577464788726
21	8	3	-0.04526785714285697
21	8	4	-0.0706349206349206
21	9	0	-0.07912621359223304
21	9	1	-0.060322964137111246
21	9	2	-0.04131455399061024
21	9	3	-0.0268452380952382
21	9	4	-0.08481150793650805
22	0	0	-0.008311868436695069
22	0	1	-0.1056766395878741
22	0	2	-0.07559663536776207
22	0	3	-0.04798611111111095
22	0	4	-0.06551587301587314
22	1	0	-0.022201307707549134
22	1	1	-0.04313453536754508
22	1	2	-0.0443270735524256
22	1	3	-0.04083333333333328
22	1	4	-0.04415674603174602
22	2	0	0.00043590251634628707
22	2	1	-0.06755498315831188
22	2	2	-0.02133215962441315
22	2	3	-0.04570436507936493
22	2	4	-0.05188492063492067
22	3	0	-0.03828016643550636
22	3	1	-0.037626312660986594
22	3	2	-0.04494327073552418
22	3	3	-0.03191468253968255
22	3	4	-0.05628968253968247
22	4	0	-0.08950861898157325
22	4	1	-0.06056072914602728
22	4	2	-0.02008998435054765
22	4	3	-0.07153769841269841
22	4	4	-0.03375000000000017
22	5	0	-0.0016445413116702445
22	5	1	-0.07861105607291463
22	5	2	-0.028726525821596183
22	5	3	-0.06911706349206348
22	5	4	-0.08096230158730167
22	6	0	-0.08611056072914602
22	6	1	-0.04495740043590257
22	6	2	-0.04621478873239426
22	6	3	-0.07207341269841272
22	6	4	-0.08181547619047624
22	7	0	-0.06517733306915008
22	7	1	-0.047810580542896775
22	7	2	-0.007169405320813782
22	7	3	-0.0358829365079365
22	7	4	-0.07034722222222234
22	8	0	-0.05744997027937382
22	8	1	-0.08376263126609884
22	8	2	-0.06197183098591552
22	8	3	-0.03721230158730149
22	8	4	-0.054126984126984135
22	9	0	-0.059619575985734086
22	9	1	-0.07449970279373885
22	9	2	-0.032423708920187644
22	9	3	-0.054265873015873045
22	9	4	-0.019970238095238235
23	0	0	-0.025163463443629852
23	0	1	-0.05536952645135729
23	0	2	-0.08846830985915488
23	0	3	-0.07052579365079359
23	0	4	-0.05842261904761914
23	1	0	-0.04907866059044996
23	1	1	-0.0521894194571032
23	1	2	-0.018818466353677565
23	1	3	-0.0690277777777778
23	1	4	-0.05199404761904769
23	2	0	-0.08299980186249256
23	2	1	-0.07126015454725576
23	2	2	-0.03419405320813784
23	2	3	-0.05263888888888879
23	2	4	-0.07913690476190494
23	3	0	-0.1193580344759263
23	3	1	-0.07765008916187843
23	3	2	-0.02959702660406882
23	3	3	-0.042341269841269846
23	3	4	-0.06965277777777779
23	4	0	-0.09000396275014866
23	4	1	-0.03883495145631066
23	4	2	0.0010758998435055345
23	4	3	-0.003789682539682482
23	4	4	-0.07712301587301607
23	5	0	-0.03552605508222706
23	5	1	-0.08586288884485838
23	5	2	-0.045471439749608766
23	5	3	-0.031557539682539604
23	5	4	-0.033948412698412755
23	6	0	-0.02417277590647915
23	6	1	-0.07759064790964931
23	6	2	-0.012666275430359919
23	6	3	-0.05099206349206342
23	6	4	-0.060932539682539644
23	7	0	-0.07779869229245095
23	7	1	-0.0897166633643749
23	7	2	-0.028384194053208245
23	7	3	-0.027986111111111045
23	7	4	-0.06771825396825393
23	8	0	-0.06189815732118098
23	8	1	-0.034594808797305476
23	8	2	-0.031895539906103276
23	8	3	-0.029007936507936427
23	8	4	-0.06047619047619046
23	9	0	-0.06775312066574202
23	9	1	-0.07978006736675258
23	9	2	-0.052601721439749616
23	9	3	-0.055109126984127066
23	9	4	-0.05284722222222238
24	0	0	-0.0690905488408956
24	0	1	-0.03698236576183889
24	0	2	-0.08595461658841941
24	0	3	-0.036378968253968136
24	0	4	-0.11221230158730167
24	1	0	-0.03487220130770763
24	1	1	-0.08202892807608486
24	1	2	-0.06221635367762124
24	1	3	-0.08246031746031746
24	1	4	-0.01679563492063496
24	2	0	-0.042341985337824406
24	2	1	-0.029314444224291636
24	2	2	-0.07380672926447585
24	2	3	0.0030357142857143637
24	2	4	-0.04862103174603172
24	3	0	-0.060709332276599914
24	3	1	-0.06893203883495147
24	3	2	-0.02743544600938952
24	3	3	-0.04045634920634922
24	3	4	-0.06375000000000008
24	4	0	-0.0450861898157322
24	4	1	-0.02307311274024182
24	4	2	-0.052601721439749616
24	4	3	-0.05761904761904757
24	4	4	-0.08607142857142869
24	5	0	-0.047176540519120236
24	5	1	-0.06304735486427582
24	5	2	-0.07793427230046945
24	5	3	-0.04494047619047614
24	5	4	-0.05167658730158742
24	6	0	-0.040142659005349746
24	6	1	-0.051159104418466494
24	6	2	0.0014964788732394485
24	6	3	-0.09014880952380966
24	6	4	-0.054553571428571423
24	7	0	-0.05366554388745792
24	7	1	-0.06364176738656624
24	7	2	-0.05857785602503918
24	7	3	-0.01637896825396834
24	7	4	-0.04912698412698413
24	8	0	0.012175549831583199
24	8	1	-0.07476718842876973
24	8	2	-0.052816901408450745
24	8	3	-0.06948412698412687
24	8	4	-0.08718253968253964
24	9	0	-0.06704973251436497
24	9	1	-0.04636417673865667
24	9	2	-0.03663928012519557
24	9	3	-0.04975198412698423
24	9	4	-0.03566468253968269
25	0	0	-0.061491975430949086
25	0	1	-0.058262334059837606
25	0	2	-0.060729655712050135
25	0	3	-0.0548412698412698
25	0	4	-0.09622023809523828
25	1	0	-0.0469387755102042
25	1	1	-0.07103229641371112
25	1	2	-0.03168035993740215
25	1	3	-0.10133928571428563
25	1	4	-0.007400793650793602
25	2	0	0.0021993263324747714
25	2	1	-0.03470378442639188
25	2	2	-0.013888888888889062
25	2	3	-0.06339285714285703
25	2	4	-0.031736111111111076
25	3	0	-0.06227461858529826
25	3	1	-0.08155339805825246
25	3	2	-0.0555946791862284
25	3	3	-0.04795634920634917
25	3	4	-0.08777777777777784
25	4	0	-0.05480483455518126
25	4	1	-0.07340994650287302
25	4	2	-0.023376369327073432
25	4	3	-0.056001984126984095
25	4	4	-0.04996031746031748
25	5	0	-0.021914008321775258
25	5	1	-0.022498513968694178
25	5	2	-0.04673317683881062
25	5	3	-0.036706349206349076
25	5	4	-0.02632936507936512
25	6	0	-0.0897959183673469
25	6	1	-0.0629383792351893
25	6	2	-0.008343114241001648
25	6	3	-0.0625297619047619
25	6	4	-0.0733234126984127
25	7	0	-0.037230037646126535
25	7	1	-0.042401426590053526
25	7	2	-0.053667840375586806
25	7	3	-0.027668650793650773
25	7	4	-0.08192460317460315
25	8	0	-0.06020408163265312
25	8	1	-0.0727957202298396
25	8	2	-0.0370892018779343
25	8	3	-0.026587301587301493
25	8	4	-0.05663690476190475
25	9	0	-0.033891420645928205
25	9	1	-0.059540320982762074
25	9	2	-0.018877151799686964
25	9	3	-0.04158730158730162
25	9	4	-0.03739087301587318
26	0	0	-0.0648702199326332
26	0	1	-0.053942936397860186
26	0	2	-0.034330985915492995
26	0	3	-0.023849206349206287
26	0	4	-0.07165674603174599
26	1	0	-0.02378640776699037
26	1	1	-0.0850901525658807
26	1	2	-0.03056533646322368
26	1	3	-0.03363095238095237
26	1	4	0.00022817460317448024
26	2	0	-0.007648107786803915
26	2	1	-0.045294234198533734
26	2	2	-0.0778560250391237
26	2	3	-0.05700396825396825
26	2	4	-0.041408730158730145
26	3	0	-0.03996433524866261
26	3	1	-0.016623736873390138
26	3	2	-0.03537754303599372
26	3	3	-0.03494047619047613
26	3	4	-0.06300595238095252
26	4	0	-0.0610659797899743
26	4	1	-0.061422627303348465
26	4	2	-0.020246478873239493
26	4	3	-0.07322420634920634
26	4	4	-0.0656944444444445
26	5	0	0.007192391519714625
26	5	1	-0.06192787794729537
26	5	2	-0.04765258215962431
26	5	3	-0.06151785714285707
26	5	4	-0.06790674603174607
26	6	0	-0.05130770754903902
26	6	1	-0.07732316227461866
26	6	2	-0.03372456964006254
26	6	3	-0.07213293650793662
26	6	4	-0.08473214285714281
26	7	0	-0.05802456905092135
26	7	1	-0.09844462056667325
26	7	2	-0.015580985915493062
26	7	3	-0.01965277777777774
26	7	4	-0.06301587301587319
26	8	0	-0.06281949673073106
26	8	1	-0.06862492569843492
26	8	2	-0.08936815336463222
26	8	3	-0.019017857142857086
26	8	4	-0.0812301587301586
26	9	0	-0.060917376659401556
26	9	1	-0.05517138894392715
26	9	2	-0.05167253521126747
26	9	3	-0.027490079365079412
26	9	4	-0.09220238095238109
27	0	0	-0.06119476916980393
27	0	1	-0.04157915593421846
27	0	2	-0.055888106416275396
27	0	3	-0.09657738095238089
27	0	4	-0.07570436507936518
27	1	0	-0.025222904695859083
27	1	1	-0.0732910639984149
27	1	2	-0.00506651017214399
27	1	3	-0.07198412698412704
27	1	4	0.00015873015873013596
27	2	0	-0.04319397661977409
27	2	1	-0.008876560332870875
27	2	2	-0.06692097026604082
27	2	3	-0.04416666666666669
27	2	4	-0.06263888888888891
27	3	0	-0.07558945908460468
27	3	1	-0.0713493164255995
27	3	2	-0.0470559467918622
27	3	3	-0.0579761904761904
27	3	4	-0.06850198412698427
27	4	0	-0.03181097681791156
27	4	1	-0.04671091737665933
27	4	2	-0.032638888888888884
27	4	3	-0.0513392857142857
27	4	4	-0.08806547619047622
27	5	0	-0.038775510204081653
27	5	1	-0.07532197344957403
27	5	2	-0.055320813771517985
27	5	3	-0.06782738095238094
27	5	4	-0.06405753968253969
27	6	0	-0.03265306122448974
27	6	1	-0.11277986922924521
27	6	2	-0.008108372456964053
27	6	3	-0.02659722222222216
27	6	4	-0.04415674603174602
27	7	0	-0.07215177333069156
27	7	1	-0.0690806419655241
27	7	2	-0.036962050078247266
27	7	3	-0.08149801587301586
27	7	4	-0.0537698412698413
27	8	0	-0.061739647315236734
27	8	1	-0.0648206855557758
27	8	2	-0.07949921752738653
27	8	3	-0.05734126984126975
27	8	4	0.0005952380952380931
27	9	0	-0.06943728947889838
27	9	1	-0.0502972062611452
27	9	2	-0.05448943661971828
27	9	3	-0.04994047619047626
27	9	4	-0.03582341269841294
28	0	0	-0.032137903705171444
28	0	1	-0.014672082425203126
28	0	2	-0.03594483568075124
28	0	3	-0.06335317460317458
28	0	4	-0.09965277777777781
28	1	0	-0.006617792748167317
28	1	1	-0.05137705567663953
28	1	2	-0.024481611893583666
28	1	3	-0.052519841269841216
28	1	4	-0.025367063492063524
28	2	0	-0.07525262532197352
28	2	1	-0.06323558549633446
28	2	2	-0.05531103286384975
28	2	3	-0.03893849206349209
28	2	4	-0.10901785714285717
28	3	0	-0.052902714483851754
28	3	1	-0.04266891222508418
28	3	2	-0.05674882629107969
28	3	3	-0.04492063492063503
28	3	4	-0.01849206349206345
28	4	0	-0.059679017237963095
28	4	1	-0.042332078462452793
28	4	2	-0.06441705790297347
28	4	3	-0.06788690476190473
28	4	4	-0.04950396825396841
28	5	0	-0.04757281553398063
28	5	1	-0.04326332474737471
28	5	2	-0.05057707355242569
28	5	3	-0.07114087301587291
28	5	4	-0.027380952380952617
28	6	0	-0.057420249653259425
28	6	1	-0.06961561323558563
28	6	2	-0.03559272300469485
28	6	3	-0.04691468253968256
28	6	4	-0.05353174603174604
28	7	0	-0.06182880919358036
28	7	1	-0.08933029522488611
28	7	2	-0.031015258215962405
28	7	3	-0.03762896825396822
28	7	4	-0.04288690476190482
28	8	0	-0.023509015256588106
28	8	1	-0.06059044977214201
28	8	2	-0.0595363849765258
28	8	3	-0.021617063492063382
28	8	4	-0.07538690476190468
28	9	0	-0.022904695858926072
28	9	1	-0.05390330889637407
28	9	2	-0.05183881064162743
28	9	3	-0.06846230158730171
28	9	4	-0.041795634920635094
29	0	0	-0.0630374479889042
29	0	1	-0.05332871012482676
29	0	2	-0.08759780907668235
29	0	3	-0.07878968253968244
29	0	4	-0.07606150793650801
29	1	0	-0.06040221914008337
29	1	1	-0.0803843867644145
29	1	2	-0.04335876369327074
29	1	3	-0.08530753968253968
29	1	4	-0.01013888888888892
29	2	0	-0.0639191598969685
29	2	1	-0.10074301565286303
29	2	2	-0.0409428794992176
29	2	3	-0.02871031746031738
29	2	4	-0.06161706349206353
29	3	0	-0.10580542896770351
29	3	1	-0.016336437487616484
29	3	2	-0.012695618153364618
29	3	3	-0.015793650793650804
29	3	4	-0.04861111111111105
29	4	0	-0.06731721814939562
29	4	1	-0.05757875965920345
29	4	2	-0.03540688575899842
29	4	3	-0.06085317460317463
29	4	4	-0.08016865079365099
29	5	0	0.026986328511987234
29	5	1	-0.04738458490192188
29	5	2	-0.03247261345852892
29	5	3	-0.08211309523809518
29	5	4	-0.057222222222222285
29	6	0	-0.046324549237170665
29	6	1	-0.05816326530612259
29	6	2	-0.05887128325508606
29	6	3	-0.0631250000000001
29	6	4	-0.0701289682539683
29	7	0	-0.05919358034475941
29	7	1	-0.04528432732316223
29	7	2	-0.09015062597809087
29	7	3	-0.038402777777777786
29	7	4	-0.08325396825396825
29	8	0	-0.06029324351099663
29	8	1	-0.07271646522686759
29	8	2	-0.06939553990610337
29	8	3	-0.06115079365079357
29	8	4	-0.050079365079364946
29	9	0	-0.089310481474143
29	9	1	-0.08725975827224097
29	9	2	-0.05084115805946787
29	9	3	-0.05848214285714293
29	9	4	-0.03814484126984141
30	0	0	-0.02115117891816931
30	0	1	-0.049167822468793365
30	0	2	-0.0528364632237871
30	0	3	-0.05009920634920628
30	0	4	-0.009424603174603141
30	1	0	-0.02172577768971673
30	1	1	-0.06179908856746574
30	1	2	-0.020187793427229983
30	1	3	-0.06797619047619052
30	1	4	0.0029166666666666785
30	2	0	-0.02623340598375279
30	2	1	-0.04164850406181886
30	2	2	-0.04499217527386545
30	2	3	-0.07229166666666653
30	2	4	-0.015882936507936596
30	3	0	-0.018545670695462646
30	3	1	-0.04907866059044974
30	3	2	-0.042869718309859084
30	3	3	-0.04036706349206354
30	3	4	-0.05508928571428573
30	4	0	-0.026599960372498455
30	4	1	-0.03384188626907081
30	4	2	-0.02580203442879503
30	4	3	-0.02387896825396818
30	4	4	-0.08771825396825395
30	5	0	-0.07251832771943734
30	5	1	-0.0164355062413315
30	5	2	-0.015776604068857614
30	5	3	-0.0665079365079364
30	5	4	-0.04046626984127
30	6	0	-0.02236972458886466
30	6	1	-0.06196750544878149
30	6	2	-0.02771909233176828
30	6	3	-0.0041468253968253155
30	6	4	-0.07991071428571428
30	7	0	-0.04544283732910637
30	7	1	-0.04151971468198934
30	7	2	-0.06967918622848202
30	7	3	-0.06780753968253972
30	7	4	-0.08011904761904765
30	8	0	-0.044204477907667794
30	8	1	-0.0643253417872004
30	8	2	-0.06575704225352119
30	8	3	-0.038253968253968096
30	8	4	-0.04462301587301587
30	9	0	-0.03321775312066566
30	9	1	-0.06209629482861101
30	9	2	-0.024070813771517874
30	9	3	-0.054642857142857215
30	9	4	-0.08602182539682568
31	0	0	-0.01282940360610274
31	0	1	-0.01366158113730942
31	0	2	-0.032052034428795007
31	0	3	-0.012499999999999956
31	0	4	-0.07844246031746038
31	1	0	-0.04918763621953659
31	1	1	-0.061670299187636335
31	1	2	0.00872456964006263
31	1	3	-0.07065476190476194
31	1	4	-0.04176587301587309
31	2	0	-0.012343966712898724
31	2	1	-0.003140479492767967
31	2	2	-0.09150039123630682
31	2	3	-0.04912698412698413
31	2	4	-0.03865079365079371
31	3	0	-0.03515950069348128
31	3	1	-0.038022587675846986
31	3	2	0.007492175273865476
31	3	3	-0.021944444444444433
31	3	4	-0.07113095238095246
31	4	0	-0.07578759659203493
31	4	1	-0.05035664751337421
31	4	2	-0.06380086071987479
31	4	3	-0.008244047619047512
31	4	4	-0.07577380952380974
31	5	0	-0.06500891618783433
31	5	1	-0.05701406776302753
31	5	2	-0.08499608763693267
31	5	3	-0.06573412698412695
31	5	4	-0.04904761904761912
31	6	0	-0.0568654646324549
31	6	1	-0.045432930453734977
31	6	2	-0.0012910798122065525
31	6	3	-0.03813492063492063
31	6	4	-0.10026785714285713
31	7	0	-0.06565286308698248
31	7	1	-0.05804438280166446
31	7	2	-0.050625978090766854
31	7	3	-0.06590277777777775
31	7	4	-0.07149801587301596
31	8	0	0.016950663760649798
31	8	1	-0.0629581929859323
31	8	2	-0.04729068857589991
31	8	3	-0.019920634920634783
31	8	4	-0.06796626984126986
31	9	0	-0.06731721814939573
31	9	1	-0.05327917574796914
31	9	2	-0.027415884194053053
31	9	3	-0.006686507936508046
31	9	4	-0.06608134920634945
32	0	0	-0.05221914008321782
32	0	1	-0.06525658807212209
32	0	2	-0.08146517996870117
32	0	3	-0.05838293650793647
32	0	4	-0.08907738095238105
32	1	0	-0.03209827620368544
32	1	1	-0.02134931642559945
32	1	2	-0.06434859154929573
32	1	3	-0.10172619047619058
32	1	4	-0.04725198412698417
32	2	0	-0.041628690311075967
32	2	1	-0.07734297602536166
32	2	2	-0.026388888888888906
32	2	3	-0.011904761904761862
32	2	4	-0.05219246031746039
32	3	0	-0.07251832771943723
32	3	1	-0.07719437289478892
32	3	2	-0.014123630672926324
32	3	3	-0.05310515873015875
32	3	4	-0.029910714285714235
32	4	0	-0.0897364771151179
32	4	1	-0.015266494947493547
32	4	2	-0.05647496087636927
32	4	3	-0.0612301587301588
32	4	4	-0.1016369047619049
32	5	0	-0.03790370517138897
32	5	1	-0.0709728551614821
32	5	2	0.012157668231612018
32	5	3	-0.046527777777777724
32	5	4	-0.08905753968253971
32	6	0	-0.06584109371904112
32	6	1	-0.07698632851198739
32	6	2	-0.0021322378716743806
32	6	3	-0.05030753968253965
32	6	4	-0.007490079365079394
32	7	0	-0.06323558549633446
32	7	1	-0.08394095502278598
32	7	2	-0.059389671361502305
32	7	3	-0.046240079365079234
32	7	4	-0.011349206349206331
32	8	0	-0.05048543689320395
32	8	1	-0.08771547453933037
32	8	2	-0.061394757433489766
32	8	3	-0.044692460317460214
32	8	4	-0.04796626984126984
32	9	0	-0.012076481077868073
32	9	1	-0.05106994254012287
32	9	2	-0.012118544600938863
32	9	3	-0.045734126984127155
32	9	4	-0.05883928571428587
33	0	0	-0.041747572815533984
33	0	1	-0.025965920348722138
33	0	2	-0.05193661971830987
33	0	3	0.002142857142857224
33	0	4	-0.04475198412698422
33	1	0	-0.05983752724390745
33	1	1	-0.10126808004755294
33	1	2	-0.028266823161189336
33	1	3	-0.08279761904761895
33	1	4	-0.07153769841269841
33	2	0	-0.05682583713096889
33	2	1	-0.05705369526451354
33	2	2	-0.09244913928012521
33	2	3	-0.09492063492063485
33	2	4	-0.05611111111111122
33	3	0	-0.08658609074697843
33	3	1	-0.08312859124232219
33	3	2	-0.03482981220657266
33	3	3	-0.03878968253968251
33	3	4	-0.08890873015873013
33	4	0	-0.05637012086387949
33	4	1	-0.017446007529225316
33	4	2	-0.01635367762128337
33	4	3	-0.06475198412698413
33	4	4	-0.07234126984126987
33	5	0	-0.055617198335644935
33	5	1	-0.0864969288686348
33	5	2	-0.041842723004694826
33	5	3	-0.03532738095238097
33	5	4	-0.040287698412698414
33	6	0	-0.04202496532593614
33	6	1	-0.09622548048345558
33	6	2	-0.02877543035993735
33	6	3	-0.0515079365079365
33	6	4	-0.07534722222222223
33	7	0	-0.06266098672478704
33	7	1	-0.05112938379235188
33	7	2	-0.03654147104851335
33	7	3	-0.08816468253968257
33	7	4	-0.048115079365079305
33	8	0	-0.050911432534178624
33	8	1	-0.038191004557162844
33	8	2	-0.028393974960876367
33	8	3	-0.040843253968253945
33	8	4	-0.07992063492063495
33	9	0	-0.09518525856944726
33	9	1	-0.01592034872201309
33	9	2	-0.07091158059467917
33	9	3	-0.03464285714285731
33	9	4	-0.05594246031746042
34	0	0	-0.048771547453933084
34	0	1	-0.042470774717654036
34	0	2	-0.08572965571205005
34	0	3	-0.07259920634920625
34	0	4	-0.028680555555555598
34	1	0	-0.07121062017039836
34	1	1	-0.0389538339607689
34	1	2	-0.049471830985915455
34	1	3	-0.06047619047619046
34	1	4	-0.05170634920634931
34	2	0	-0.03901327521299791
34	2	1	-0.02657023974638395
34	2	2	-0.030760954616588565
34	2	3	-0.05240079365079353
34	2	4	-0.04986111111111102
34	3	0	-0.061680206063007725
34	3	1	-0.08741826827818511
34	3	2	-0.04300665101721424
34	3	3	-0.022371031746031722
34	3	4	-0.08609126984126991
34	4	0	-0.03264315434911835
34	4	1	-0.07005151575193169
34	4	2	-0.060230829420970355
34	4	3	0.00030753968253971475
34	4	4	-0.07189484126984136
34	5	0	-0.038399048939964375
34	5	1	-0.011759461065979693
34	5	2	-0.03951486697965578
34	5	3	-0.04945436507936507
34	5	4	-0.020704365079365128
34	6	0	-0.037953239548246476
34	6	1	-0.07175549831583128
34	6	2	-0.025078247261345776
34	6	3	-0.07311507936507944
34	6	4	-0.07949404761904766
34	7	0	-0.04847434119278782
34	7	1	-0.08164255993659608
34	7	2	-0.06541471048513303
34	7	3	-0.08268849206349205
34	7	4	-0.0977083333333334
34	8	0	-0.0361799088567466
34	8	1	-0.08587279572022988
34	8	2	-0.08614045383411584
34	8	3	-0.08428571428571419
34	8	4	-0.04879960317460319
34	9	0	-0.06760451753516938
34	9	1	-0.05933227659996043
34	9	2	-0.019405320813771443
34	9	3	-0.04598214285714297
34	9	4	-0.06887896825396844
35	0	0	-0.059233207846245306
35	0	1	0.0047652070536952085
35	0	2	-0.03656103286384982
35	0	3	-0.03635912698412691
35	0	4	-0.04085317460317461
35	1	0	-0.03372300376461268
35	1	1	-0.07687735288290076
35	1	2	-0.027846244131455422
35	1	3	-0.04301587301587306
35	1	4	-0.022688492063491994
35	2	0	-0.06403804240142652
35	2	1	-0.04461065979789969
35	2	2	-0.06455399061032874
35	2	3	-0.048343253968253896
35	2	4	-0.019126984126984214
35	3	0	-0.0841093719041015
35	3	1	-0.08464434317416292
35	3	2	0.006494522691705917
35	3	3	-0.03412698412698412
35	3	4	-0.07768849206349215
35	4	0	-0.03927085397265695
35	4	1	-0.0803249455121855
35	4	2	-0.024921752738654157
35	4	3	-0.06782738095238094
35	4	4	-0.06147817460317473
35	5	0	-0.017436100653853814
35	5	1	-0.06984347136913016
35	5	2	-0.05397104851330192
35	5	3	-0.0799900793650794
35	5	4	-0.04433531746031749
35	6	0	-0.04888052308301971
35	6	1	-0.05624133148405008
35	6	2	-0.041588419405320876
35	6	3	-0.08195436507936515
35	6	4	-0.07409722222222226
35	7	0	-0.08215771745591449
35	7	1	-0.07696651476124428
35	7	2	-0.017273082942097062
35	7	3	-0.01741071428571428
35	7	4	-0.06800595238095242
35	8	0	-0.02482662968099869
35	8	1	-0.06508817119080645
35	8	2	-0.04317292644757431
35	8	3	-0.02238095238095228
35	8	4	-0.06405753968253958
35	9	0	-0.06611848622944327
35	9	1	-0.027877947295422922
35	9	2	-0.03169014084507027
35	9	3	-0.02219246031746036
35	9	4	-0.04794642857142872
36	0	0	-0.06972458886467214
36	0	1	-0.03880523083019616
36	0	2	-0.027973395931142453
36	0	3	-0.0533432539682539
36	0	4	-0.07850198412698417
36	1	0	-0.041222508420844184
36	1	1	-0.019249058846839695
36	1	2	-0.07619327073552418
36	1	3	-0.06817460317460311
36	1	4	-0.02007936507936514
36	2	0	-0.042579750346740664
36	2	1	-0.08346542500495335
36	2	2	-0.059575508607198735
36	2	3	-0.06412698412698403
36	2	4	-0.02187500000000009
36	3	0	-0.034991083812165646
36	3	1	-0.06280958985535956
36	3	2	0.0036580594679187506
36	3	3	-0.0645337301587301
36	3	4	-0.016775793650793625
36	4	0	-0.0765999603724985
36	4	1	-0.019704775113929096
36	4	2	-0.04219483568075122
36	4	3	-0.024841269841269775
36	4	4	-0.03468253968253976
36	5	0	-0.004418466415692435
36	5	1	-0.08619972260748965
36	5	2	-0.05279733959311417
36	5	3	-0.007311507936508033
36	5	4	-0.05653769841269851
36	6	0	-0.01495938181097678
36	6	1	-0.05506241331484063
36	6	2	-0.035612284820031315
36	6	3	-0.05264880952380957
36	6	4	-0.03973214285714288
36	7	0	-0.08843867644145043
36	7	1	-0.021517733306914866
36	7	2	-0.06472026604068859
36	7	3	-0.051775793650793656
36	7	4	-0.05171626984126987
36	8	0	-0.06914008321775311
36	8	1	-0.09884089558153364
36	8	2	-0.02874608763693265
36	8	3	-0.03837301587301578
36	8	4	-0.05805555555555553
36	9	0	-0.09384783039429367
36	9	1	-0.057489597780859936
36	9	2	-0.03689358372456952
36	9	3	-0.04083333333333339
36	9	4	-0.07645833333333352
37	0	0	-0.05621161085793547
37	0	1	-0.031305726173964876
37	0	2	-0.06713615023474173
37	0	3	-0.07468253968253957
37	0	4	-0.05842261904761903
37	1	0	-0.07201307707549054
37	1	1	-0.04787002179512578
37	1	2	-0.06697965571205
37	1	3	-0.02716269841269847
37	1	4	-0.06966269841269845
37	2	0	-0.056330493362393486
37	2	1	-0.04222310283336628
37	2	2	-0.06329225352112677
37	2	3	-0.08434523809523808
37	2	4	-0.049345238095238164
37	3	0	-0.03437685753913222
37	3	1	-0.08084010303150391
37	3	2	-0.03549491392801252
37	3	3	-0.0502678571428572
37	3	4	-0.04138888888888892
37	4	0	-0.03641767386566275
37	4	1	-0.06652466811967506
37	4	2	-0.06343896713615016
37	4	3	-0.05104166666666665
37	4	4	-0.08607142857142858
37	5	0	-0.09151971468198927
37	5	1	-0.06509807806617784
37	5	2	-0.05536971830985915
37	5	3	-0.04499007936507926
37	5	4	-0.054732142857142896
37	6	0	-0.025252625321973476
37	6	1	-0.01760451753516956
37	6	2	0.025508607198748035
37	6	3	-0.05702380952380948
37	6	4	-0.048492063492063475
37	7	0	-0.0760748959778087
37	7	1	-0.04973251436496928
37	7	2	-0.03271713615023475
37	7	3	-0.05155753968253973
37	7	4	-0.04467261904761899
37	8	0	-0.04583911234396676
37	8	1	-0.08816128393104827
37	8	2	-0.004244913928012517
37	8	3	-0.03894841269841265
37	8	4	-0.03138888888888891
37	9	0	-0.09621557360808408
37	9	1	-0.018466415692490523
37	9	2	0.00017605633802830756
37	9	3	-0.017331349206349267
37	9	4	-0.09407738095238116
38	0	0	-0.07764018228650682
38	0	1	-0.040647909649296654
38	0	2	-0.03154342723004688
38	0	3	-0.040238095238095184
38	0	4	-0.07217261904761907
38	1	0	-0.07034872201307729
38	1	1	-0.09659203487220136
38	1	2	0.011394757433489833
38	1	3	-0.06748015873015878
38	1	4	-0.027331349206349165
38	2	0	-0.045690509213394126
38	2	1	-0.06408757677828414
38	2	2	-0.08270735524256656
38	2	3	-0.04609126984126988
38	2	4	-0.07625992063492071
38	3	0	-0.04539330295224886
38	3	1	-0.044462056667327055
38	3	2	-1.956181533635526e-05
38	3	3	-0.031210317460317438
38	3	4	-0.04824404761904766
38	4	0	-0.04293639786011494
38	4	1	-0.060451753516940765
38	4	2	-0.058137715179968685
38	4	3	-0.04790674603174605
38	4	4	-0.04576388888888894
38	5	0	-0.06831781256191793
38	5	1	-0.07105211016445412
38	5	2	-0.0630086071987479
38	5	3	-0.07096230158730155
38	5	4	-0.07044642857142858
38	6	0	-0.06448385179314453
38	6	1	-0.062056667327125115
38	6	2	-0.05574139280125201
38	6	3	-0.07906746031746037
38	6	4	-0.0648710317460317
38	7	0	-0.1005646918961759
38	7	1	-0.06876362195363583
38	7	2	-0.03981807511737101
38	7	3	-0.029593253968253963
38	7	4	-0.08309523809523811
38	8	0	-0.04118288091935818
38	8	1	-0.0638696255201111
38	8	2	-0.03062402190923319
38	8	3	-0.05030753968253954
38	8	4	-0.041924603174603114
38	9	0	-0.050653853774519586
38	9	1	-0.058381216564295624
38	9	2	-0.00850938967136139
38	9	3	-0.015357142857142958
38	9	4	-0.08260912698412715
39	0	0	-0.052387556964533566
39	0	1	-0.033871606895185424
39	0	2	-0.08745109546165886
39	0	3	-0.0537103174603174
39	0	4	-0.060694444444444495
39	1	0	-0.05358628888448591
39	1	1	-0.05943134535367545
39	1	2	-0.04290884194053213
39	1	3	-0.08215277777777785
39	1	4	-0.03900793650793655
39	2	0	-0.05060431939766197
39	2	1	-0.04441252229046955
39	2	2	-0.06439749608763701
39	2	3	-0.003214285714285614
39	2	4	-0.09094246031746034
39	3	0	-0.03125619179710715
39	3	1	-0.06911036259163861
39	3	2	-0.033274647887323816
39	3	3	-0.06010912698412696
39	3	4	-0.07150793650793652
39	4	0	-0.08594214384783039
39	4	1	-0.0446403804240143
39	4	2	-0.0069248826291079535
39	4	3	-0.05862103174603184
39	4	4	-0.08139880952380962
39	5	0	-0.07768971666336444
39	5	1	-0.0779968297998811
39	5	2	-0.06411384976525825
39	5	3	-0.071736111111111
39	5	4	-0.08062500000000006
39	6	0	-0.034020210025757835
39	6	1	-0.033831979393699196
39	6	2	-0.019121674491392793
39	6	3	-0.0506349206349207
39	6	4	-0.022529761904761858
39	7	0	-0.039300574598771565
39	7	1	-0.023944917772934504
39	7	2	-0.06702856025039128
39	7	3	-0.09487103174603173
39	7	4	-0.039444444444444504
39	8	0	0.01592034872201309
39	8	1	-0.07340003962750163
39	8	2	-0.038116197183098555
39	8	3	-0.08560515873015861
39	8	4	-0.07541666666666658
39	9	0	-0.07807608480285322
39	9	1	-0.05719239151971467
39	9	2	-0.0673317683881064
39	9	3	-0.010396825396825515
39	9	4	-0.07552579365079382
40	0	0	-0.03417872003170208
40	0	1	-0.043302952248860827
40	0	2	-0.03739241001564941
40	0	3	-0.07735119047619032
40	0	4	-0.030446428571428652
40	1	0	-0.05958985535961969
40	1	1	-0.09398652664949492
40	1	2	-0.04198943661971821
40	1	3	-0.015684523809523787
40	1	4	-0.021507936507936476
40	2	0	-0.05637012086387949
40	2	1	-0.050000000000000044
40	2	2	-0.07480438184663551
40	2	3	-0.04711309523809515
40	2	4	-0.03952380952380963
40	3	0	-0.0634832573806221
40	3	1	-0.07144838517931451
40	3	2	-0.020256259780907504
40	3	3	-0.04653769841269839
40	3	4	-0.041121031746031766
40	4	0	-0.06832771943728955
40	4	1	-0.02650089161878344
40	4	2	-0.04404342723004695
40	4	3	-0.05034722222222221
40	4	4	-0.06193452380952391
40	5	0	-0.09570041608876567
40	5	1	-0.05666732712502476
40	5	2	-0.04532472613458516
40	5	3	-0.04055555555555557
40	5	4	-0.038214285714285756
40	6	0	-0.05415098078066172
40	6	1	-0.05324945512185464
40	6	2	-0.026173708920187666
40	6	3	-0.042113095238095255
40	6	4	-0.06534722222222222
40	7	0	-0.051862492569843543
40	7	1	-0.04341192787794723
40	7	2	-0.05468505477308294
40	7	3	-0.06776785714285705
40	7	4	-0.08419642857142862
40	8	0	-0.018991480087180657
40	8	1	-0.058698236576184004
40	8	2	-0.04120696400625978
40	8	3	-0.06269841269841259
40	8	4	-0.016785714285714293
40	9	0	-0.0634238161283931
40	9	1	-0.053883495145631066
40	9	2	-0.044561815336463084
40	9	3	-0.02370039682539693
40	9	4	0.0035218253968252178
41	0	0	-0.02436100653853779
41	0	1	-0.04164850406181897
41	0	2	-0.03243348982785599
41	0	3	-0.014999999999999902
41	0	4	-0.01056547619047632
41	1	0	-0.05221914008321793
41	1	1	-0.03971666336437474
41	1	2	-0.002014866979655694
41	1	3	-0.09473214285714282
41	1	4	-0.015009920634920682
41	2	0	-0.05811373092926486
41	2	1	-0.03368337626312656
41	2	2	-0.023914319248826477
41	2	3	-0.05052579365079368
41	2	4	-0.056478174603174724
41	3	0	-0.03837923518922137
41	3	1	-0.02127996829799883
41	3	2	-0.030232785602503753
41	3	3	-0.03553571428571434
41	3	4	-0.042301587301587285
41	4	0	-0.022042797701604888
41	4	1	-0.02547057658014651
41	4	2	-0.04757433489827856
41	4	3	-0.05310515873015875
41	4	4	-0.12055555555555564
41	5	0	-0.032474737467802606
41	5	1	-0.0774816722805628
41	5	2	-0.034145148669796566
41	5	3	-0.0401190476190475
41	5	4	-0.03735119047619051
41	6	0	-0.03970675648900335
41	6	1	-0.07266693085001008
41	6	2	-0.061140453834115815
41	6	3	-0.08190476190476192
41	6	4	-0.08235119047619055
41	7	0	-0.0671983356449376
41	7	1	-0.02908658609074699
41	7	2	-0.0909037558685446
41	7	3	-0.03566468253968258
41	7	4	-0.0943154761904762
41	8	0	-0.04286704973251432
41	8	1	-0.05859916782246888
41	8	2	-0.08979851330203448
41	8	3	-0.03156746031746016
41	8	4	-0.03533730158730153
41	9	0	-0.04778085991678216
41	9	1	-0.05598375272439071
41	9	2	-0.05983959311424092
41	9	3	-0.0029265873015873467
41	9	4	-0.06006944444444473
42	0	0	-0.0418763621953635
42	0	1	-0.07831384981176948
42	0	2	-0.051946400625978106
42	0	3	-0.06492063492063482
42	0	4	-0.06584325396825408
42	1	0	-0.05330889637408365
42	1	1	-0.05783633841886271
42	1	2	-0.044375978090766766
42	1	3	-0.0801884920634921
42	1	4	-0.06649801587301585
42	2	0	-0.07790766792153758
42	2	1	-0.05913413909253018
42	2	2	-0.027455007824726207
42	2	3	-0.04144841269841271
42	2	4	-0.07342261904761904
42	3	0	-0.057558945908460446
42	3	1	-0.061165048543689426
42	3	2	0.022652582159624512
42	3	3	-0.07122023809523803
42	3	4	-0.06338293650793647
42	4	0	-0.0042500495343767986
42	4	1	-0.02572815533980588
42	4	2	-0.03109350547730827
42	4	3	-0.07107142857142856
42	4	4	-0.08780753968253974
42	5	0	-0.03764612641172971
42	5	1	-0.07810580542896761
42	5	2	-0.059135367762128244
42	5	3	-0.06891865079365078
42	5	4	-0.04533730158730165
42	6	0	-0.028611056072914587
42	6	1	-0.05093124628492174
42	6	2	-0.009780907668231587
42	6	3	-0.027509920634920526
42	6	4	-0.01899801587301586
42	7	0	-0.1014959381810977
42	7	1	-0.05377451951654455
42	7	2	-0.058039906103286465
42	7	3	-0.05122023809523801
42	7	4	-0.06510912698412696
42	8	0	-0.06056072914602728
42	8	1	-0.08033485238755711
42	8	2	-0.029420970266040625
42	8	3	-0.06071428571428561
42	8	4	-0.006974206349206313
42	9	0	-0.09378838914206455
42	9	1	-0.03069149990093134
42	9	2	0.0016823161189358782
42	9	3	-0.06104166666666677
42	9	4	-0.08149801587301586
43	0	0	-0.06870418070140683
43	0	1	-0.075143649692887
43	0	2	-0.04719287949921758
43	0	3	-0.043749999999999956
43	0	4	-0.05191468253968268
43	1	0	-0.06843669506637617
43	1	1	-0.03786407766990296
43	1	2	-0.04914906103286376
43	1	3	-0.0333134920634921
43	1	4	-0.031121031746031758
43	2	0	-0.04115316029324345
43	2	1	-0.09596790172379632
43	2	2	-0.03766627543036005
43	2	3	-0.07442460317460309
43	2	4	-0.06585317460317464
43	3	0	-0.02611452347929477
43	3	1	-0.013512978006736565
43	3	2	-0.06749804381846625
43	3	3	-0.07195436507936515
43	3	4	-0.06365079365079374
43	4	0	-0.05662769962353875
43	4	1	-0.09748365365563694
43	4	2	-0.055418622848200316
43	4	3	-0.07175595238095245
43	4	4	-0.07313492063492077
43	5	0	-0.058074103427778856
43	5	1	-0.08298989498712095
43	5	2	-0.04488458528951489
43	5	3	-0.06127976190476181
43	5	4	-0.03693452380952389
43	6	0	-0.044085595403209776
43	6	1	-0.08470378442639204
43	6	2	-0.07349374021909227
43	6	3	-0.05275793650793659
43	6	4	-0.05719246031746028
43	7	0	-0.0558846839706757
43	7	1	-0.0357043788389142
43	7	2	-0.05245500782472623
43	7	3	-0.020109126984127035
43	7	4	-0.027152777777777803
43	8	0	-0.027045769764216354
43	8	1	-0.07756092728353492
43	8	2	-0.058793035993740195
43	8	3	-0.05213293650793638
43	8	4	-0.06339285714285714
43	9	0	-0.06493956806023382
43	9	1	-0.056588072122052635
43	9	2	-0.029714397496087508
43	9	3	-0.035267857142857295
43	9	4	-0.06383928571428588
44	0	0	-0.022290469585892647
44	0	1	-0.053546661382999794
44	0	2	-0.05626956181533649
44	0	3	-0.057222222222222174
44	0	4	-0.02538690476190486
44	1	0	-0.04294630473548655
44	1	1	-0.05158510005944128
44	1	2	-0.047153755868544533
44	1	3	-0.0721924603174603
44	1	4	-0.0626686507936508
44	2	0	-0.04178720031701999
44	2	1	-0.059094511591044174
44	2	2	-0.04894366197183109
44	2	3	-0.05005952380952372
44	2	4	-0.055347222222222214
44	3	0	-0.04533386170001985
44	3	1	-0.05395284327323169
44	3	2	-0.03429186228481995
44	3	3	-0.05007936507936506
44	3	4	-0.010297619047619055
44	4	0	-0.027848226669308418
44	4	1	-0.015207053695264539
44	4	2	-0.02339593114241012
44	4	3	-0.031220238095238106
44	4	4	-0.10194444444444462
44	5	0	-0.06516742619377847
44	5	1	-0.10606300772736277
44	5	2	-0.06713615023474184
44	5	3	-0.08563492063492062
44	5	4	-0.05851190476190482
44	6	0	-0.07255795522092334
44	6	1	-0.07190410144640391
44	6	2	-0.039465962441314506
44	6	3	-0.04068452380952381
44	6	4	-0.08480158730158727
44	7	0	-0.08500099068753719
44	7	1	-0.06852585694471969
44	7	2	-0.030663145539906123
44	7	3	-0.02725198412698404
44	7	4	-0.05174603174603165
44	8	0	-0.025698434713691265
44	8	1	-0.07948286110560743
44	8	2	-0.08003716744913925
44	8	3	-0.035873015873015834
44	8	4	-0.053095238095238084
44	9	0	-0.06350307113136511
44	9	1	-0.03365365563701195
44	9	2	-0.013771517996870042
44	9	3	-0.016369047619047672
44	9	4	-0.022271825396825595
45	0	0	-0.07389538339607693
45	0	1	-0.030998613037447997
45	0	2	-0.09195031298904532
45	0	3	-0.03531746031746019
45	0	4	-0.11151785714285722
45	1	0	-0.05072320190212021
45	1	1	-0.0549237170596395
45	1	2	0.015150625978090915
45	1	3	-0.08266865079365082
45	1	4	-0.019871031746031775
45	2	0	-0.052783831979393625
45	2	1	-0.04025163463443615
45	2	2	-0.06083724569640081
45	2	3	0.010505952380952532
45	2	4	-0.08957341269841268
45	3	0	-0.07184466019417479
45	3	1	-0.00516148206855549
45	3	2	-0.05433294209702644
45	3	3	-0.04458333333333331
45	3	4	-0.09289682539682542
45	4	0	-0.02322171587081434
45	4	1	-0.0667228056271052
45	4	2	-0.029890453834115815
45	4	3	-0.07570436507936507
45	4	4	-0.0562301587301588
45	5	0	-0.050980780661779246
45	5	1	-0.08514959381810971
45	5	2	-0.015248435054773024
45	5	3	-0.07133928571428572
45	5	4	-0.07792658730158741
45	6	0	-0.1015058450564692
45	6	1	-0.10076282940360615
45	6	2	-0.012206572769952961
45	6	3	-0.05355158730158727
45	6	4	-0.028065476190476057
45	7	0	-0.033812165642956304
45	7	1	-0.03910243709134131
45	7	2	-0.024550078247261298
45	7	3	-0.06764880952380947
45	7	4	-0.12481150793650797
45	8	0	-0.028264315434911813
45	8	1	-0.08423816128393113
45	8	2	-0.06520931142410014
45	8	3	-0.08400793650793636
45	8	4	-0.046011904761904754
45	9	0	-0.03889439270853978
45	9	1	-0.06888250445809385
45	9	2	-0.030477308294209582
45	9	3	-0.05706349206349226
45	9	4	-0.04959325396825398
46	0	0	-0.06943728947889838
46	0	1	-0.02584703784426401
46	0	2	-0.010534037558685427
46	0	3	-0.04993055555555537
46	0	4	-0.005982142857142936
46	1	0	-0.06608876560332866
46	1	1	-0.05944125222904695
46	1	2	-0.08047730829420963
46	1	3	-0.07957341269841278
46	1	4	-0.02481150793650788
46	2	0	-0.05585496334456108
46	2	1	-0.07711511789181691
46	2	2	-0.05145735524256656
46	2	3	-0.03096230158730151
46	2	4	-0.08656746031746032
46	3	0	-0.05338815137705566
46	3	1	-0.015246681196750544
46	3	2	-0.019375978090766743
46	3	3	-0.02796626984126982
46	3	4	-0.03270833333333334
46	4	0	-0.08576382009114325
46	4	1	-0.06717852189419449
46	4	2	-0.038742175273865476
46	4	3	-0.04415674603174602
46	4	4	-0.0528373015873016
46	5	0	-0.02849217356845657
46	5	1	-0.0888349514563106
46	5	2	-0.04316314553990608
46	5	3	-0.07448412698412699
46	5	4	-0.07530753968253978
46	6	0	-0.05940162472756105
46	6	1	-0.07318208836932838
46	6	2	-0.04088419405320809
46	6	3	-0.023759920634920606
46	6	4	-0.03546626984126977
46	7	0	-0.06358232613433734
46	7	1	-0.04205468595205064
46	7	2	-0.08237480438184674
46	7	3	-0.051537698412698396
46	7	4	-0.02002976190476191
46	8	0	-0.03236576183871609
46	8	1	-0.08059243114721637
46	8	2	-0.05411776212832553
46	8	3	-0.05273809523809514
46	8	4	-0.040238095238095184
46	9	0	-0.10131761442441056
46	9	1	-0.013820091143253332
46	9	2	0.04816118935837255
46	9	3	-0.021666666666666723
46	9	4	-0.04941468253968273
47	0	0	-0.04293639786011494
47	0	1	-0.08013671488012686
47	0	2	-0.07816901408450705
47	0	3	-0.06458333333333321
47	0	4	-0.07383928571428577
47	1	0	-0.06332474737467808
47	1	1	-0.037230037646126424
47	1	2	-0.07487284820031292
47	1	3	-0.05607142857142866
47	1	4	-0.0734623015873016
47	2	0	-0.08900336833762634
47	2	1	-0.06379037051713876
47	2	2	-0.012079420970266264
47	2	3	-0.08043650793650792
47	2	4	-0.04307539682539685
47	3	0	-0.005161482068555601
47	3	1	-0.05333861700019815
47	3	2	-0.025489045383411568
47	3	3	-0.013601190476190461
47	3	4	-0.04448412698412696
47	4	0	-0.07553992470774706
47	4	1	-0.05637012086387949
47	4	2	-0.05895931142410016
47	4	3	-0.06612103174603179
47	4	4	-0.0594246031746033
47	5	0	-0.02482662968099869
47	5	1	-0.021458292054685968
47	5	2	-0.04758411580594668
47	5	3	-0.05195436507936502
47	5	4	-0.03680555555555565
47	6	0	-0.020170398256389888
47	6	1	-0.06921933822072524
47	6	2	-0.09707550860719882
47	6	3	-0.07834325396825403
47	6	4	-0.04433531746031749
47	7	0	-0.05893600158510015
47	7	1	-0.007875965920348782
47	7	2	-0.04461071987480447
47	7	3	-0.0723313492063492
47	7	4	-0.09152777777777776
47	8	0	-0.0831484049930652
47	8	1	-0.05976817911630683
47	8	2	-0.033333333333333215
47	8	3	-0.06311507936507921
47	8	4	-0.0726984126984127
47	9	0	-0.09156924905884689
47	9	1	-0.04185654844462072
47	9	2	-0.06985524256651021
47	9	3	-0.03678571428571442
47	9	4	-0.05893849206349222
48	0	0	-0.026302754111353188
48	0	1	-0.039360015851000574
48	0	2	-0.07074530516431932
48	0	3	-0.09124007936507927
48	0	4	-0.06788690476190484
48	1	0	-0.0652863086982366
48	1	1	-0.0812859124232218
48	1	2	-0.053941705790297334
48	1	3	-0.06857142857142862
48	1	4	-0.0370138888888889
48	2	0	-0.047117099266891116
48	2	1	-0.03256389934614623
48	2	2	-0.02908841940532092
48	2	3	-0.06297619047619041
48	2	4	-0.07507936507936519
48	3	0	-0.07931444422429168
48	3	1	-0.035486427580741164
48	3	2	-0.013419405320813649
48	3	3	-0.10666666666666669
48	3	4	-0.06592261904761909
48	4	0	-0.10589459084604713
48	4	1	-0.05395284327323158
48	4	2	-0.05475352112676046
48	4	3	-0.05897817460317467
48	4	4	-0.09979166666666672
48	5	0	-0.05185258569447193
48	5	1	-0.040846047156726684
48	5	2	-0.04100156494522689
48	5	3	-0.04963293650793643
48	5	4	-0.0024305555555556024
48	6	0	-0.0606300772736279
48	6	1	-0.07974043986526647
48	6	2	-0.05317879499217515
48	6	3	-0.10031746031746036
48	6	4	-0.054692460317460334
48	7	0	-0.06224489795918364
48	7	1	-0.07490588468397075
48	7	2	0.020168231611893628
48	7	3	-0.07840277777777782
48	7	4	-0.06392857142857133
48	8	0	-0.06421636615811377
48	8	1	-0.0600158510005947
48	8	2	-0.06337050078247264
48	8	3	-0.01543650793650786
48	8	4	-0.0549007936507937
48	9	0	-0.06734693877551035
48	9	1	-0.06785218941945703
48	9	2	-0.06977699530516424
48	9	3	-0.05894841269841289
48	9	4	-0.07723214285714297
49	0	0	-0.04406578165246677
49	0	1	-0.045423023578363475
49	0	2	-0.06034820031298904
49	0	3	-0.07258928571428558
49	0	4	-0.10141865079365087
49	1	0	-0.08287101248266304
49	1	1	-0.05312066574202501
49	1	2	-0.03998435054773086
49	1	3	-0.08624007936507938
49	1	4	-0.06588293650793653
49	2	0	-0.0738062215177333
49	2	1	-2.9720626114504434e-05
49	2	2	-0.0637128325508608
49	2	3	-0.07180555555555546
49	2	4	-0.042013888888888906
49	3	0	-0.06926887259758274
49	3	1	-0.04488805230830195
49	3	2	-0.02064749608763683
49	3	3	-0.0662003968253968
49	3	4	-0.02796626984126982
49	4	0	-0.035902516346344227
49	4	1	-0.049940558747770925
49	4	2	-0.04115805946791862
49	4	3	-0.040287698412698414
49	4	4	-0.07480158730158748
49	5	0	-0.05611254210422023
49	5	1	-0.07594610659797896
49	5	2	-0.07108763693270737
49	5	3	-0.03097222222222218
49	5	4	-0.05765873015873013
49	6	0	-0.05177333069150003
49	6	1	-0.04009312462849224
49	6	2	-0.017126369327073565
49	6	3	-0.07467261904761902
49	6	4	-0.0446130952380952
49	7	0	-0.05744997027937382
49	7	1	-0.08197939369922724
49	7	2	-0.03402777777777777
49	7	3	-0.04903769841269834
49	7	4	-0.029632936507936525
49	8	0	-0.0559144045967902
49	8	1	-0.08115712304339218
49	8	2	-0.05221048513302029
49	8	3	-0.005873015873015697
49	8	4	-0.043789682539682406
49	9	0	-0.0446403804240143
49	9	1	-0.07446998216762435
49	9	2	0.022202660406885788
49	9	3	-0.0203174603174604
49	9	4	-0.06528769841269855
50	0	0	-0.05371507826431543
50	0	1	-0.023370319001386974
50	0	2	-0.07892214397496089
50	0	3	-0.048680555555555505
50	0	4	-0.06889880952380956
50	1	0	-0.03773528829007344
50	1	1	-0.06044184664156926
50	1	2	-0.05443075117370877
50	1	3	-0.08819444444444446
50	1	4	-0.050287698412698534
50	2	0	-0.05975827224093533
50	2	1	-0.046730731127402336
50	2	2	-0.01992370892018791
50	2	3	-0.04550595238095245
50	2	4	-0.049672619047619104
50	3	0	-0.09944521497919556
50	3	1	-0.0049930651872399645
50	3	2	-0.038057511737089156
50	3	3	-0.052718253968253914
50	3	4	-0.06978174603174614
50	4	0	-0.026193778482266783
50	4	1	-0.06292847235981769
50	4	2	-0.022818857589984365
50	4	3	-0.061081349206349334
50	4	4	-0.025317460317460405
50	5	0	-0.0704775113929067
50	5	1	-0.09341192787794728
50	5	2	-0.07742566510172144
50	5	3	-0.03664682539682529
50	5	4	-0.022410714285714284
50	6	0	-0.05956013473350508
50	6	1	-0.08107786804042016
50	6	2	-0.0454225352112676
50	6	3	-0.041319444444444464
50	6	4	-0.05723214285714284
50	7	0	-0.05476520705369525
50	7	1	-0.06546463245492373
50	7	2	-0.028863458528951558
50	7	3	-0.04864087301587294
50	7	4	-0.07820436507936512
50	8	0	-0.017614424410540952
50	8	1	-0.09543293045373491
50	8	2	0.022857981220657297
50	8	3	-0.044404761904761725
50	8	4	-0.08220238095238086
50	9	0	-0.0723895383396076
50	9	1	-0.03647711511789187
50	9	2	-0.031670579029733914
50	9	3	-0.03493055555555569
50	9	4	-0.05449404761904786
51	0	0	-0.05891618783435704
51	0	1	-0.023429760253616205
51	0	2	-0.08281494522691701
51	0	3	-0.038015873015872836
51	0	4	-0.011894841269841416
51	1	0	-0.060204081632653006
51	1	1	-0.05121854567069539
51	1	2	-0.04170579029733967
51	1	3	-0.103670634920635
51	1	4	-0.01919642857142856
51	2	0	-0.007281553398058249
51	2	1	-0.04544283732910637
51	2	2	-0.03395931142410036
51	2	3	-0.07405753968253959
51	2	4	-0.043472222222222245
51	3	0	-0.03752724390727158
51	3	1	-0.03552605508222706
51	3	2	-0.029958920187793225
51	3	3	-0.06757936507936502
51	3	4	-0.06103174603174599
51	4	0	-0.08899346146225473
51	4	1	-0.0006637606498909321
51	4	2	-0.05074334898278565
51	4	3	-0.05737103174603175
51	4	4	-0.10498015873015887
51	5	0	-0.08910243709134147
51	5	1	-0.0742916584109371
51	5	2	-0.05459702660406884
51	5	3	-0.08929563492063497
51	5	4	-0.07554563492063504
51	6	0	-0.03754705765801469
51	6	1	-0.08476322567862116
51	6	2	-0.0198356807511737
51	6	3	-0.07432539682539674
51	6	4	-0.04197420634920623
51	7	0	-0.05074301565286321
51	7	1	-0.0597285516148206
51	7	2	-0.035954616588419475
51	7	3	-0.03243055555555552
51	7	4	-0.08933531746031742
51	8	0	-0.06747572815533986
51	8	1	-0.04526451357241934
51	8	2	-0.04483568075117372
51	8	3	-0.06005952380952373
51	8	4	-0.028412698412698334
51	9	0	-0.049613631860511154
51	9	1	-0.039875173370318984
51	9	2	-0.02592918622848195
51	9	3	-0.05737103174603175
51	9	4	-0.0655853174603176
52	0	0	-0.04467010105012881
52	0	1	-0.007519318406974618
52	0	2	-0.08779342723004702
52	0	3	-0.05730158730158719
52	0	4	-0.032410714285714404
52	1	0	-0.06163067168615022
52	1	1	-0.07824450168416874
52	1	2	-0.024794600938967015
52	1	3	-0.05242063492063487
52	1	4	-0.0804960317460317
52	2	0	-0.008936001585100106
52	2	1	-0.039498712106201594
52	2	2	-0.04562793427230061
52	2	3	-0.014484126984126933
52	2	4	-0.07336309523809526
52	3	0	-0.05292252823459476
52	3	1	-0.031127402417277628
52	3	2	-0.027513693270735384
52	3	3	-0.04207341269841269
52	3	4	-0.05621031746031746
52	4	0	-0.041054091539528326
52	4	1	-0.0376064989102437
52	4	2	-0.054949139280125125
52	4	3	-0.06971230158730157
52	4	4	-0.06488095238095248
52	5	0	-0.04281751535565681
52	5	1	-0.08942936397860102
52	5	2	-0.054010172143974966
52	5	3	-0.057499999999999996
52	5	4	-0.026964285714285663
52	6	0	-0.03701208638795317
52	6	1	-0.040122845254606854
52	6	2	-0.01245109546165879
52	6	3	-0.06562500000000004
52	6	4	-0.06725198412698419
52	7	0	-0.038448583316821994
52	7	1	-0.08414899940558751
52	7	2	-0.032707355242566516
52	7	3	-0.04062500000000002
52	7	4	-0.09530753968253969
52	8	0	-0.052387556964533344
52	8	1	-0.018733901327521285
52	8	2	-0.06757629107981222
52	8	3	-0.06948412698412687
52	8	4	-0.05238095238095242
52	9	0	-0.05002972062611444
52	9	1	-0.0766197741232415
52	9	2	-0.02496087636932698
52	9	3	-0.025049603174603252
52	9	4	-0.046200396825397116
53	0	0	-0.05114919754309499
53	0	1	0.0016841688131562504
53	0	2	-0.0011345852895148223
53	0	3	-0.045585317460317354
53	0	4	-0.033859126984127075
53	1	0	-0.07113136516742635
53	1	1	-0.06626708936001591
53	1	2	-0.05762910798122056
53	1	3	-0.05704365079365081
53	1	4	-0.017628968253968202
53	2	0	0.014701803051317519
53	2	1	-0.06412720427977003
53	2	2	-0.02683881064162763
53	2	3	-0.08047619047619037
53	2	4	-0.06732142857142864
53	3	0	-0.04412522290469589
53	3	1	-0.027224093520903492
53	3	2	-0.037079420970266064
53	3	3	-0.05137896825396826
53	3	4	-0.06760912698412702
53	4	0	-0.08494154943530807
53	4	1	-0.07198335644937592
53	4	2	-0.03456572769953059
53	4	3	-0.060783730158730176
53	4	4	-0.057638888888888906
53	5	0	-0.031186843669506636
53	5	1	-0.021250247671884326
53	5	2	-0.03588615023474173
53	5	3	-0.0734325396825396
53	5	4	-0.06771825396825404
53	6	0	-0.03772538141470194
53	6	1	-0.01385971864473945
53	6	2	-0.040209311424100114
53	6	3	-0.07087301587301587
53	6	4	-0.06110119047619045
53	7	0	-0.036467208242520366
53	7	1	-0.05465623142460874
53	7	2	-0.014055164319248803
53	7	3	-0.05733134920634919
53	7	4	-0.08368055555555554
53	8	0	-0.019358034475926322
53	8	1	-0.06635625123835953
53	8	2	-0.06212832550860714
53	8	3	-0.04551587301587301
53	8	4	-0.011398809523809561
53	9	0	-0.046988309887061486
53	9	1	-0.06057063602139878
53	9	2	-0.0755477308294209
53	9	3	-0.04030753968253986
53	9	4	-0.06671626984126999
54	0	0	-0.08880523083019609
54	0	1	-0.04841489994055881
54	0	2	-0.111864241001565
54	0	3	-0.022410714285714173
54	0	4	-0.051875000000000115
54	1	0	-0.07061620764810783
54	1	1	-0.06510798494154946
54	1	2	-0.0597417840375587
54	1	3	-0.0928769841269842
54	1	4	-0.004345238095238013
54	2	0	-0.04830592431147218
54	2	1	-0.0944818704180701
54	2	2	-0.03759780907668242
54	2	3	-0.11071428571428577
54	2	4	-0.029880952380952452
54	3	0	-0.04206459282742214
54	3	1	-0.08765603328710125
54	3	2	-0.055829420970266
54	3	3	-0.0924503968253968
54	3	4	-0.09161706349206344
54	4	0	-0.013770556766395936
54	4	1	-0.06481077868040419
54	4	2	-0.035954616588419475
54	4	3	-0.06421626984126982
54	4	4	-0.08280753968253984
54	5	0	-0.051297800673667515
54	5	1	-0.06632653061224492
54	5	2	-0.0359057120500782
54	5	3	-0.030138888888888937
54	5	4	-0.03580357142857149
54	6	0	-0.049811769367941405
54	6	1	-0.09684961363186073
54	6	2	-0.016471048513301945
54	6	3	-0.06705357142857138
54	6	4	-0.06354166666666661
54	7	0	-0.06272042797701616
54	7	1	-0.06111551416683181
54	7	2	-0.040649452269170605
54	7	3	-0.07046626984126991
54	7	4	-0.06444444444444453
54	8	0	0.0015256588072123378
54	8	1	-0.06830790568654665
54	8	2	-0.07134194053208143
54	8	3	-0.035813492063491936
54	8	4	-0.04123015873015867
54	9	0	-0.09714681989300566
54	9	1	-0.02901723796314648
54	9	2	-0.02912754303599363
54	9	3	-0.04304563492063507
54	9	4	-0.0748511904761906
55	0	0	-0.05237765008916184
55	0	1	-0.035159500693481394
55	0	2	-0.05443075117370888
55	0	3	-0.03246031746031752
55	0	4	-0.04401785714285711
55	1	0	-0.03487220130770774
55	1	1	-0.055676639587873944
55	1	2	-0.03031103286384973
55	1	3	-0.09404761904761905
55	1	4	-0.0303174603174603
55	2	0	-0.04531404794927674
55	2	1	-0.04492767980978796
55	2	2	-0.06045579029733961
55	2	3	-0.01378968253968249
55	2	4	-0.08063492063492061
55	3	0	-0.02462849217356855
55	3	1	-0.04122250842084407
55	3	2	-0.043407668231611796
55	3	3	-0.06994047619047628
55	3	4	-0.08507936507936509
55	4	0	-0.05579552209233207
55	4	1	-0.01141272042797703
55	4	2	-0.03719679186228486
55	4	3	-0.06235119047619042
55	4	4	-0.09448412698412711
55	5	0	-0.03546661382999805
55	5	1	-0.08868634832573807
55	5	2	-0.01279342723004695
55	5	3	-0.08953373015873001
55	5	4	-0.038125000000000075
55	6	0	-0.07618387160689521
55	6	1	-0.08793342579750363
55	6	2	-0.05924295774647892
55	6	3	-0.06194444444444458
55	6	4	0.025267857142857175
55	7	0	-0.036665345749950395
55	7	1	-0.05302159698830988
55	7	2	-0.013047730829421011
55	7	3	-0.02584325396825382
55	7	4	-0.04255952380952377
55	8	0	-0.0042599564097483
55	8	1	-0.08807212205270476
55	8	2	-0.0472613458528951
55	8	3	-0.02499999999999991
55	8	4	-0.04438492063492061
55	9	0	-0.10129780067366756
55	9	1	-0.08764612641172975
55	9	2	-0.0159820031298904
55	9	3	-0.05311507936507942
55	9	4	-0.08946428571428588
56	0	0	-0.07784822666930857
56	0	1	-0.05234792946304745
56	0	2	-0.07206572769953057
56	0	3	-0.05453373015873009
56	0	4	-0.05391865079365088
56	1	0	-0.09744402615415104
56	1	1	-0.08006736675252624
56	1	2	-0.05211267605633807
56	1	3	-0.10247023809523803
56	1	4	-0.04427579365079359
56	2	0	-0.0789577967109174
56	2	1	-0.06579155934218339
56	2	2	-0.056347809076682354
56	2	3	-0.049523809523809526
56	2	4	-0.0788888888888889
56	3	0	-0.07485635030711313
56	3	1	-0.022607489597780916
56	3	2	-0.051193270735524266
56	3	3	-0.07663690476190477
56	3	4	-0.08628968253968261
56	4	0	-0.0563701208638796
56	4	1	-0.07983950861898159
56	4	2	0.012108763693270852
56	4	3	-0.04243055555555553
56	4	4	-0.08042658730158736
56	5	0	-0.08068159302555977
56	5	1	-0.058460471567267636
56	5	2	-0.0637715179968702
56	5	3	-0.03449404761904762
56	5	4	-0.08263888888888893
56	6	0	-0.06047156726768377
56	6	1	-0.058955815335843265
56	6	2	-0.014084507042253502
56	6	3	-0.04794642857142861
56	6	4	-0.05542658730158734
56	7	0	-0.07736278977610467
56	7	1	-0.09034079651277982
56	7	2	0.0016431924882628346
56	7	3	-0.05612103174603167
56	7	4	-0.06886904761904766
56	8	0	-0.03345551812958192
56	8	1	-0.06093719041014467
56	8	2	-0.06337050078247264
56	8	3	-0.07608134920634912
56	8	4	-0.03154761904761905
56	9	0	-0.02721418664553199
56	9	1	-0.06372102238953836
56	9	2	-0.03240414710485118
56	9	3	-0.008611111111111236
56	9	4	-0.04614087301587311
57	0	0	-0.035635030711313576
57	0	1	-0.0023875569645335215
57	0	2	-0.04357394366197187
57	0	3	-0.012033730158730105
57	0	4	-0.04557539682539702
57	1	0	-0.01237368733901334
57	1	1	-0.07650089161878348
57	1	2	-0.02574334898278563
57	1	3	-0.041686507936507966
57	1	4	-0.05466269841269833
57	2	0	-0.039627501486031336
57	2	1	-0.01934812760055471
57	2	2	-0.04949139280125192
57	2	3	-0.058908730158730105
57	2	4	-0.07492063492063494
57	3	0	-0.07923518922131967
57	3	1	0.003923122647117139
57	3	2	-0.02227112676056331
57	3	3	-0.03299603174603172
57	3	4	-0.07656746031746042
57	4	0	-0.006013473350505283
57	4	1	-0.029581929859322398
57	4	2	-0.04375978090766819
57	4	3	-0.0254861111111111
57	4	4	-0.08614087301587303
57	5	0	-0.05702397463839903
57	5	1	-0.0864771151178918
57	5	2	-0.04492370892018771
57	5	3	-0.02247023809523807
57	5	4	-0.048720238095238066
57	6	0	0.0005845056469189203
57	6	1	-0.03722013077075492
57	6	2	-0.065287558685446
57	6	3	-0.03655753968253972
57	6	4	-0.0789980158730158
57	7	0	-0.03928076084802856
57	7	1	-0.016930850009906906
57	7	2	-0.0038047730829422477
57	7	3	-0.06306547619047609
57	7	4	-0.0762896825396826
57	8	0	-0.048335644937586686
57	8	1	-0.06503863681394895
57	8	2	-0.054597026604068954
57	8	3	-0.0010119047619046029
57	8	4	-0.03548611111111111
57	9	0	-0.06715870814345148
57	9	1	-0.040519120269467024
57	9	2	-0.018192488262910755
57	9	3	-0.04112103174603188
57	9	4	-0.05748015873015888
58	0	0	-0.04256984347136916
58	0	1	-0.067634238161284
58	0	2	-0.040864632237871734
58	0	3	-0.07078373015873007
58	0	4	-0.02097222222222228
58	1	0	-0.048840895581533705
58	1	1	-0.08472359817713504
58	1	2	-0.09013106416275429
58	1	3	-0.09290674603174609
58	1	4	-0.06542658730158735
58	2	0	-0.045036655438874584
58	2	1	-0.03926094709728556
58	2	2	-0.08638497652582167
58	2	3	-0.03374007936507928
58	2	4	-0.026061507936508077
58	3	0	-0.049167822468793365
58	3	1	-0.03566475133742819
58	3	2	-0.050753129890453774
58	3	3	-0.017619047619047645
58	3	4	-0.04321428571428565
58	4	0	-0.052972062611452375
58	4	1	-0.04676045175351684
58	4	2	-0.02915688575899833
58	4	3	-0.012410714285714275
58	4	4	-0.09545634920634938
58	5	0	-0.09857340994650288
58	5	1	-0.05247671884287686
58	5	2	-0.007668231611893561
58	5	3	-0.04456349206349186
58	5	4	-0.060138888888888964
58	6	0	-0.042837329106399924
58	6	1	-0.01411729740439871
58	6	2	-0.022564553990610303
58	6	3	-0.05391865079365077
58	6	4	-0.06408730158730158
58	7	0	-0.054121260154547324
58	7	1	-0.05008916187834356
58	7	2	-0.057726917057903004
58	7	3	-0.037232142857142714
58	7	4	-0.05386904761904765
58	8	0	-0.025193184069744357
58	8	1	-0.035753913215771704
58	8	2	-0.03278560250391238
58	8	3	-0.038353174603174445
58	8	4	-0.03327380952380965
58	9	0	-0.06254210422032891
58	9	1	-0.06836734693877555
58	9	2	-0.004782863849765229
58	9	3	-0.046428571428571486
58	9	4	-0.0934722222222224
59	0	0	-0.06029324351099663
59	0	1	-0.022617396473152418
59	0	2	-0.057541079812206575
59	0	3	-0.07724206349206342
59	0	4	-0.06524801587301599
59	1	0	-0.08147414305528045
59	1	1	-0.02507430156528634
59	1	2	-0.03979851330203443
59	1	3	-0.07768849206349204
59	1	4	0.01468253968253963
59	2	0	-0.04743411927877961
59	2	1	-0.08197939369922724
59	2	2	-0.049344679186228424
59	2	3	-0.06575396825396806
59	2	4	-0.011954365079365203
59	3	0	-0.07422231028333659
59	3	1	-0.021834753318803246
59	3	2	-0.057541079812206575
59	3	3	-0.06297619047619052
59	3	4	-0.06030753968253977
59	4	0	0.006806023380225956
59	4	1	-0.0474737467802655
59	4	2	-0.06433881064162739
59	4	3	-0.05092261904761908
59	4	4	-0.07862103174603186
59	5	0	-0.026094709728551657
59	5	1	-0.044333267287497424
59	5	2	-0.05558489827856017
59	5	3	-0.033799603174603066
59	5	4	-0.008660714285714355
59	6	0	-0.06891222508420847
59	6	1	-0.03554586883297017
59	6	2	-0.009428794992175304
59	6	3	-0.06072420634920639
59	6	4	-0.09030753968253968
59	7	0	-0.0718743808202893
59	7	1	-0.04157915593421835
59	7	2	-0.03693270735524257
59	7	3	-0.04762896825396812
59	7	4	-0.05893849206349211
59	8	0	-0.002872993857737316
59	8	1	-0.07804636417673871
59	8	2	-0.029039514866979643
59	8	3	-0.06391865079365078
59	8	4	-0.05575396825396828
59	9	0	-0.10063404002377652
59	9	1	-0.04989102437091342
59	9	2	-0.012147887323943563
59	9	3	0.031507936507936485
59	9	4	-0.08104166666666679
60	0	0	-0.05011888250445806
60	0	1	-0.023261343372300458
60	0	2	-0.04197965571205009
60	0	3	-0.030803571428571264
60	0	4	-0.08045634920634925
60	1	0	-0.07111155141668324
60	1	1	-0.07864077669902914
60	1	2	-0.044659624413145416
60	1	3	-0.07220238095238096
60	1	4	-0.04604166666666676
60	2	0	-0.04957400435902515
60	2	1	0.003001783237566946
60	2	2	-0.006905320813771709
60	2	3	-0.053740079365079296
60	2	4	-0.04362103174603171
60	3	0	-0.04434317416286904
60	3	1	-0.0498513968694273
60	3	2	-0.014407276995304974
60	3	3	-0.09314484126984124
60	3	4	-0.056567460317460405
60	4	0	-0.05240737071527635
60	4	1	-0.006479096492966074
60	4	2	-0.02568466353677623
60	4	3	-0.07497023809523806
60	4	4	-0.11513888888888901
60	5	0	-0.06895185258569447
60	5	1	-0.09618585298196947
60	5	2	-0.016686228482003074
60	5	3	-0.07169642857142855
60	5	4	-0.04983134920634924
60	6	0	-0.035823261343372326
60	6	1	-0.05208044382801669
60	6	2	-0.053384194053208045
60	6	3	-0.05556547619047614
60	6	4	-0.05324404761904766
60	7	0	-0.10426986328511989
60	7	1	-0.038141470180305115
60	7	2	-0.01848591549295775
60	7	3	-0.04106150793650798
60	7	4	-0.06294642857142863
60	8	0	-0.033306914999009285
60	8	1	-0.08346542500495358
60	8	2	-0.06380086071987479
60	8	3	-0.06573412698412695
60	8	4	-0.049623015873015874
60	9	0	-0.045165444818704215
60	9	1	-0.01838716068951851
60	9	2	-0.05040101721439738
60	9	3	-0.029484126984127057
60	9	4	-0.05507936507936506
61	0	0	-0.050653853774519586
61	0	1	-0.05873786407767012
61	0	2	-0.06980633802816905
61	0	3	-0.03414682539682534
61	0	4	-0.06497023809523816
61	1	0	-0.0935109966316624
61	1	1	-0.10643946899148016
61	1	2	-0.08392996870109548
61	1	3	-0.08737103174603167
61	1	4	-0.0009325396825397014
61	2	0	-0.05018823063205857
61	2	1	-0.031751535565682554
61	2	2	-0.042116588419405465
61	2	3	-0.027390873015872952
61	2	4	-0.10086309523809522
61	3	0	-0.11022389538339605
61	3	1	-0.059094511591044285
61	3	2	-0.022535211267605604
61	3	3	-0.0013690476190476586
61	3	4	-0.040466269841269886
61	4	0	-0.0747473746780265
61	4	1	-0.036794135129780026
61	4	2	-0.04687010954616588
61	4	3	-0.047182539682539715
61	4	4	-0.06269841269841292
61	5	0	0.014880126808004768
61	5	1	-0.09337230037646127
61	5	2	-0.014573552425665048
61	5	3	-0.09524801587301579
61	5	4	-0.05934523809523806
61	6	0	-0.034654250049534374
61	6	1	-0.11248266296809994
61	6	2	-0.037803208137715094
61	6	3	-0.07020833333333343
61	6	4	-0.046001984126984086
61	7	0	-0.037814543293045455
61	7	1	-0.036526649494749375
61	7	2	-0.06859350547730836
61	7	3	-0.0510813492063491
61	7	4	-0.06457341269841277
61	8	0	-0.004032098276203655
61	8	1	-0.04423419853378252
61	8	2	-0.05629890453834108
61	8	3	-0.056984126984126915
61	8	4	-0.05785714285714283
61	9	0	-0.06511789181692096
61	9	1	-0.06004557162670887
61	9	2	-0.02655516431924876
61	9	3	-0.032390873015872956
61	9	4	-0.07125992063492081
62	0	0	-0.04829601743610068
62	0	1	-0.04106399841489994
62	0	2	-0.02759194053208136
62	0	3	-0.03803571428571417
62	0	4	-0.007926587301587351
62	1	0	-0.0717951258173174
62	1	1	-0.08228650683574401
62	1	2	-0.039182316118935745
62	1	3	-0.0604365079365079
62	1	4	-0.042202380952380936
62	2	0	-0.04164850406181886
62	2	1	-0.005379433326728633
62	2	2	-0.05535993740219103
62	2	3	-0.04857142857142849
62	2	4	-0.00014880952380968981
62	3	0	-0.05928274222310281
62	3	1	-0.06978403011690115
62	3	2	-0.023767605633802757
62	3	3	-0.04355158730158726
62	3	4	-0.06687500000000002
62	4	0	-0.08285119873191993
62	4	1	-0.019258965722211197
62	4	2	-0.0005477308294209449
62	4	3	-0.056190476190476346
62	4	4	-0.1256250000000001
62	5	0	-0.055419060828214683
62	5	1	-0.07867049732514364
62	5	2	-0.041500391236306666
62	5	3	-0.02927579365079358
62	5	4	-0.031418650793650804
62	6	0	0.01676243312859138
62	6	1	-0.054190608282147834
62	6	2	-0.03614045383411579
62	6	3	-0.04463293650793654
62	6	4	-0.061636904761904754
62	7	0	-0.059292649098474315
62	7	1	-0.05737071527640181
62	7	2	-0.049374021909233234
62	7	3	-0.037470238095238084
62	7	4	-0.044841269841269904
62	8	0	-0.08394095502278576
62	8	1	-0.07187438082028952
62	8	2	-0.04992175273865407
62	8	3	-0.0274900793650793
62	8	4	-0.05568452380952382
62	9	0	-0.06803051317614428
62	9	1	-0.04101446403804232
62	9	2	-0.005027386541470946
62	9	3	-0.07544642857142869
62	9	4	-0.08030753968253979
63	0	0	-0.027560927283534764
63	0	1	-0.047741232415296375
63	0	2	-0.023092723004694782
63	0	3	-0.09946428571428567
63	0	4	-0.045208333333333406
63	1	0	-0.0450564691896177
63	1	1	-0.09669110362591649
63	1	2	-0.033577856025039154
63	1	3	-0.05217261904761905
63	1	4	-0.0055357142857143105
63	2	0	-0.03927085397265695
63	2	1	-0.0667525262532197
63	2	2	0.04765258215962431
63	2	3	-0.08837301587301583
63	2	4	-0.06179563492063511
63	3	0	-0.030097087378640808
63	3	1	-0.04257975034674055
63	3	2	-0.0031787949921751046
63	3	3	-0.019890873015873
63	3	4	-0.02054563492063488
63	4	0	-0.03140479492767978
63	4	1	-0.08115712304339207
63	4	2	-0.020285602503912314
63	4	3	-0.027628968253968322
63	4	4	-0.06804563492063509
63	5	0	-0.03566475133742808
63	5	1	-0.06276005547850205
63	5	2	-0.03710876369327065
63	5	3	-0.02134920634920634
63	5	4	-0.034097222222222334
63	6	0	-0.04931642559936589
63	6	1	-0.13510005944125236
63	6	2	-0.03801838810641622
63	6	3	-0.06405753968253969
63	6	4	-0.058958333333333335
63	7	0	-0.07995839112343983
63	7	1	-0.06713889439270859
63	7	2	-0.026975743348982784
63	7	3	-0.032490079365079416
63	7	4	-0.014623015873016065
63	8	0	-0.0733604121260154
63	8	1	-0.07397463839904894
63	8	2	-0.06869131455399058
63	8	3	-0.07579365079365064
63	8	4	-0.08857142857142852
63	9	0	-0.06190806419655248
63	9	1	-0.0069149990093124725
63	9	2	0.005731611893583843
63	9	3	-0.03558531746031757
63	9	4	-0.07586309523809542
64	0	0	-0.048137507430156545
64	0	1	-0.06517733306914997
64	0	2	-0.08342136150234747
64	0	3	-0.06442460317460319
64	0	4	-0.04029761904761908
64	1	0	-0.056578165246681245
64	1	1	-0.031067961165048508
64	1	2	-0.06326291079812207
64	1	3	-0.09313492063492068
64	1	4	-0.03562500000000002
64	2	0	-0.03360412126015444
64	2	1	-0.05727164652268668
64	2	2	-0.06738067292644767
64	2	3	-0.03805555555555551
64	2	4	-0.037559523809523765
64	3	0	-0.054527442044778995
64	3	1	-0.057479690905488434
64	3	2	-0.018818466353677565
64	3	3	-0.05493055555555548
64	3	4	-0.059573412698412764
64	4	0	-0.12346938775510208
64	4	1	-0.06340400237765009
64	4	2	-0.0738262910798122
64	4	3	-0.06314484126984121
64	4	4	-0.04482142857142879
64	5	0	-0.0681196750544878
64	5	1	-0.03609074697840298
64	5	2	-0.0254988262910798
64	5	3	-0.05915674603174592
64	5	4	-0.06301587301587297
64	6	0	-0.010927283534773014
64	6	1	-0.03713096889241141
64	6	2	-0.011903364632237845
64	6	3	-0.08407738095238093
64	6	4	-0.01947420634920638
64	7	0	-0.05699425401228453
64	7	1	-0.0789478898355459
64	7	2	-0.03293231611893588
64	7	3	-0.06983134920634915
64	7	4	-0.07139880952380961
64	8	0	-0.037428175153556564
64	8	1	-0.08678422825440868
64	8	2	-0.02214397496087639
64	8	3	-0.04748015873015865
64	8	4	-0.04970238095238089
64	9	0	-0.11080840103031508
64	9	1	-0.04018228650683575
64	9	2	-0.10747261345852888
64	9	3	-0.09184523809523826
64	9	4	-0.1161607142857144
65	0	0	-0.06338418862690709
65	0	1	0.013126609867247674
65	0	2	-0.06475938967136152
65	0	3	-0.05735119047619042
65	0	4	-0.07011904761904775
65	1	0	-0.06636615811373103
65	1	1	-0.0827025956013474
65	1	2	-0.03422339593114232
65	1	3	-0.06581349206349207
65	1	4	-0.042678571428571455
65	2	0	-0.043629879136120486
65	2	1	-0.09521497919556166
65	2	2	-0.047711267605633934
65	2	3	-0.05694444444444435
65	2	4	-0.052569444444444446
65	3	0	-0.04204477907667925
65	3	1	-0.05382405389340206
65	3	2	-0.00030320813771511634
65	3	3	-0.03385912698412685
65	3	4	-0.0861507936507937
65	4	0	-0.04493758668515946
65	4	1	-0.07723400039627493
65	4	2	-0.032766040688575915
65	4	3	-0.0012599206349207526
65	4	4	-0.0898809523809525
65	5	0	-0.070992668912225
65	5	1	-0.04173766594016248
65	5	2	-0.018661971830985946
65	5	3	-0.049761904761904674
65	5	4	-0.09221230158730165
65	6	0	-0.07746185852981968
65	6	1	-0.08936001585100073
65	6	2	-0.02370892018779336
65	6	3	-0.06542658730158735
65	6	4	-0.0645337301587301
65	7	0	-0.06067961165048541
65	7	1	-0.08265306122448979
65	7	2	-0.027885367762128355
65	7	3	-0.06502976190476195
65	7	4	-0.08607142857142858
65	8	0	-0.01896175946106604
65	8	1	-0.12241925896572226
65	8	2	-0.055535993740219
65	8	3	-0.06718253968253951
65	8	4	-0.03416666666666668
65	9	0	-0.013275212997820418
65	9	1	-0.05002972062611455
65	9	2	-0.03826291079812205
65	9	3	-0.014583333333333393
65	9	4	-0.06076388888888906
66	0	0	-0.07495541906082814
66	0	1	-0.10419060828214788
66	0	2	-0.051066118935837124
66	0	3	-0.05502976190476183
66	0	4	-0.01900793650793653
66	1	0	-0.08857737269665156
66	1	1	-0.02894788983554586
66	1	2	-0.06973787167449141
66	1	3	-0.048680555555555505
66	1	4	-0.016825396825396743
66	2	0	-0.010659797899742363
66	2	1	-0.0498315831186843
66	2	2	-0.04653755868544618
66	2	3	-0.08152777777777775
66	2	4	-0.04533730158730165
66	3	0	-0.07759064790964931
66	3	1	-0.015484446205666802
66	3	2	-0.030389280125195595
66	3	3	-0.07167658730158732
66	3	4	-0.03016865079365072
66	4	0	-0.05604319397661972
66	4	1	-0.04765207053695253
66	4	2	-0.025234741784037507
66	4	3	-0.027956349206349262
66	4	4	-0.025833333333333375
66	5	0	-0.06637606498910242
66	5	1	-0.03797305329898948
66	5	2	-0.09764280125195612
66	5	3	-0.057083333333333264
66	5	4	-0.044970238095238035
66	6	0	-0.07364771151178928
66	6	1	-0.06299782048741831
66	6	2	-0.038957355242566494
66	6	3	-0.09326388888888892
66	6	4	-0.1275694444444444
66	7	0	-0.056974440261541526
66	7	1	-0.05802456905092135
66	7	2	-0.034419014084507094
66	7	3	-0.03395833333333331
66	7	4	-0.09585317460317466
66	8	0	-0.04674063800277395
66	8	1	-0.06867446007529232
66	8	2	-0.028824334898278514
66	8	3	-0.06873015873015875
66	8	4	-0.04223214285714283
66	9	0	-0.08008718050326935
66	9	1	-0.04708737864077661
66	9	2	-0.014055164319248692
66	9	3	-0.04768849206349213
66	9	4	-0.06645833333333351
67	0	0	-0.026253219734495792
67	0	1	-0.03739845452744217
67	0	2	-0.05253325508607187
67	0	3	-0.09429563492063475
67	0	4	-0.04250000000000009
67	1	0	-0.11476124430354673
67	1	1	-0.007232019021200742
67	1	2	0.005614241001564935
67	1	3	-0.046607142857142736
67	1	4	-0.04561507936507936
67	2	0	-0.06849613631860507
67	2	1	-0.046453338617000184
67	2	2	-0.08923122065727707
67	2	3	-0.058948412698412556
67	2	4	-0.07827380952380958
67	3	0	-0.06623736873390129
67	3	1	-0.04364969288686338
67	3	2	-0.02239827856025034
67	3	3	-0.0608035714285714
67	3	4	-0.025218253968254056
67	4	0	-0.04905884683970674
67	4	1	-0.061026352288488184
67	4	2	-0.029694835680751153
67	4	3	-0.060684523809523716
67	4	4	-0.09509920634920654
67	5	0	-0.034654250049534374
67	5	1	-0.06805032692688728
67	5	2	-0.054137323943661886
67	5	3	-0.08001984126984119
67	5	4	-0.029494047619047614
67	6	0	-0.028531801069942353
67	6	1	-0.09029126213592242
67	6	2	-0.008587636932707365
67	6	3	-0.06732142857142864
67	6	4	-0.057926587301587285
67	7	0	-0.07734297602536166
67	7	1	-0.019189617594610575
67	7	2	-0.03841940532081378
67	7	3	-0.06729166666666664
67	7	4	-0.08436507936507942
67	8	0	-0.10319001386962556
67	8	1	-0.05758866653457495
67	8	2	-0.056318466353677654
67	8	3	-0.03734126984126973
67	8	4	-0.039246031746031695
67	9	0	-0.07168615018823066
67	9	1	-0.027115117891816864
67	9	2	0.008959311424100225
67	9	3	-0.04552579365079368
67	9	4	-0.05137896825396848
68	0	0	-0.020546859520507388
68	0	1	-0.05001981375074305
68	0	2	-0.0682511737089202
68	0	3	-0.05802579365079352
68	0	4	-0.06768849206349214
68	1	0	-0.0666732712502478
68	1	1	-0.07198335644937592
68	1	2	-0.041647104851330274
68	1	3	-0.07292658730158741
68	1	4	-0.036011904761904745
68	2	0	-0.07226074895977808
68	2	1	-0.0691004557162671
68	2	2	-0.05717918622848206
68	2	3	-0.05119047619047612
68	2	4	-0.03784722222222214
68	3	0	-0.045234792946304836
68	3	1	-0.09456112542104222
68	3	2	-0.03644366197183091
68	3	3	-0.08347222222222217
68	3	4	-0.0297519841269841
68	4	0	-0.04506637606498909
68	4	1	-0.0968297998811175
68	4	2	-0.04233176838810637
68	4	3	-0.061537698412698516
68	4	4	-0.057410714285714315
68	5	0	-0.028353477313255437
68	5	1	-0.063889439270854
68	5	2	-0.04072769953051647
68	5	3	-0.09175595238095235
68	5	4	-0.04935515873015883
68	6	0	-0.035426986328512045
68	6	1	-0.09338220725183288
68	6	2	-0.06360524256651012
68	6	3	-0.02459325396825396
68	6	4	-0.05298611111111118
68	7	0	-0.03502080443828015
68	7	1	-0.08474341192787793
68	7	2	-0.04003325508607203
68	7	3	-0.08054563492063493
68	7	4	-0.06247023809523822
68	8	0	6.934812760062137e-05
68	8	1	-0.04421438478303963
68	8	2	0.006533646322378739
68	8	3	-0.03128968253968245
68	8	4	-0.0697619047619048
68	9	0	-0.056142262730334846
68	9	1	-0.09460075292252823
68	9	2	0.029753521126760663
68	9	3	-0.08565476190476196
68	9	4	-0.08691468253968282
69	0	0	-0.09344164850406189
69	0	1	0.006766395878739839
69	0	2	-0.03750978090766821
69	0	3	-0.06202380952380937
69	0	4	-0.05649801587301595
69	1	0	-0.049227263721022374
69	1	1	-0.07172577768971666
69	1	2	-0.03144561815336466
69	1	3	-0.059057539682539684
69	1	4	0.026914682539682433
69	2	0	-0.01947691698038445
69	2	1	-0.02322171587081423
69	2	2	-0.056631455399061115
69	2	3	-0.06378968253968254
69	2	4	-0.024791666666666767
69	3	0	-0.025698434713691265
69	3	1	-0.03934020210025768
69	3	2	-0.05797143974960872
69	3	3	-0.03055555555555567
69	3	4	-0.040476190476190554
69	4	0	-0.043491182880919244
69	4	1	-0.034792946304735395
69	4	2	-0.008744131455399096
69	4	3	-0.08189484126984126
69	4	4	-0.08163690476190488
69	5	0	-0.037230037646126424
69	5	1	-0.06285912423221718
69	5	2	-0.030897887323943607
69	5	3	-0.04169642857142852
69	5	4	-0.017668650793650875
69	6	0	-0.03295026748563512
69	6	1	-0.05598375272439082
69	6	2	-0.059047339593114256
69	6	3	-0.017708333333333326
69	6	4	-0.03818452380952375
69	7	0	-0.03834951456310687
69	7	1	-0.09537348920150579
69	7	2	-0.036296948356807635
69	7	3	-0.06780753968253961
69	7	4	-0.07981150793650793
69	8	0	-0.050069348127600555
69	8	1	-0.06975430949078676
69	8	2	-0.0769366197183099
69	8	3	-0.0497817460317459
69	8	4	-0.034603174603174636
69	9	0	-0.0681394888052308
69	9	1	-0.04165841093719047
69	9	2	0.023787167449139224
69	9	3	-0.08109126984126991
69	9	4	-0.057549603174603225
70	0	0	-0.04401624727560938
70	0	1	-0.03747770953041418
70	0	2	-0.06502347417840382
70	0	3	-0.06350198412698405
70	0	4	-0.06348214285714293
70	1	0	-0.02650089161878355
70	1	1	-0.06269070735090154
70	1	2	-0.04310446009389668
70	1	3	-0.08150793650793642
70	1	4	-0.0996825396825397
70	2	0	-0.01765405191202707
70	2	1	-0.0456508817119079
70	2	2	-0.03973004694835691
70	2	3	-0.07867063492063486
70	2	4	-0.052291666666666736
70	3	0	-0.005706360213988515
70	3	1	-0.06017436100653861
70	3	2	-0.027005086071987483
70	3	3	-0.02121031746031743
70	3	4	-0.03260912698412688
70	4	0	-0.0765999603724985
70	4	1	-0.03611056072914609
70	4	2	-0.013478090766823048
70	4	3	-0.0519047619047619
70	4	4	-0.07140873015873028
70	5	0	-0.04537348920150586
70	5	1	-0.04421438478303941
70	5	2	-0.045530125195618165
70	5	3	-0.05142857142857138
70	5	4	-0.061498015873015954
70	6	0	-0.07178521894194578
70	6	1	-0.08665543887457905
70	6	2	-0.03099569640062594
70	6	3	-0.07824404761904769
70	6	4	-0.0721924603174603
70	7	0	-0.07724390727164654
70	7	1	-0.0366059044977215
70	7	2	-0.07656494522691715
70	7	3	-0.050228174603174525
70	7	4	-0.05512896825396818
70	8	0	-0.030453734892015083
70	8	1	-0.054259956409748455
70	8	2	-0.042400234741784004
70	8	3	-0.039156746031745904
70	8	4	-0.044781746031746006
70	9	0	-0.05165444818704179
70	9	1	-0.06276005547850216
70	9	2	-0.028794992175273815
70	9	3	-0.00427579365079378
70	9	4	-0.017490079365079403
71	0	0	-0.07179512581731728
71	0	1	-0.01134337230037663
71	0	2	-0.04519757433489835
71	0	3	-0.00783730158730156
71	0	4	-0.013998015873015968
71	1	0	-0.015335843075094169
71	1	1	-0.025837130968892397
71	1	2	-0.0461365414710484
71	1	3	-0.06858134920634928
71	1	4	-0.0506349206349207
71	2	0	-0.009708737864077555
71	2	1	-0.05103031503863675
71	2	2	-0.07605633802816913
71	2	3	-0.03462301587301586
71	2	4	-0.053323412698412676
71	3	0	-0.056330493362393486
71	3	1	-0.06542500495343773
71	3	2	-0.030301251956181496
71	3	3	-0.04729166666666662
71	3	4	-0.07277777777777783
71	4	0	-0.08437685753913216
71	4	1	-0.04115316029324356
71	4	2	-0.027445226917057863
71	4	3	-0.049851190476190466
71	4	4	-0.07928571428571429
71	5	0	-0.029562116108579395
71	5	1	-0.013374281751535544
71	5	2	-0.04623435054773095
71	5	3	-0.06524801587301576
71	5	4	-0.06387896825396833
71	6	0	-0.04850406181890232
71	6	1	-0.11025361600951078
71	6	2	-0.04852308294209706
71	6	3	-0.02806547619047617
71	6	4	-0.08989087301587295
71	7	0	-0.051347335050525134
71	7	1	-0.05063404002377658
71	7	2	-0.02696596244131455
71	7	3	-0.03731150793650784
71	7	4	-0.013720238095238146
71	8	0	-0.09205468595205069
71	8	1	-0.05919358034475941
71	8	2	-0.03134780907668233
71	8	3	-0.01795634920634903
71	8	4	-0.07556547619047627
71	9	0	-0.07717455914404603
71	9	1	-0.04383792351892213
71	9	2	-0.007511737089201831
71	9	3	-0.04725198412698417
71	9	4	-0.07487103174603182
72	0	0	-0.08296017436100656
72	0	1	-0.04088567465821291
72	0	2	-0.018437010954616584
72	0	3	-0.05572420634920627
72	0	4	-0.054871031746031806
72	1	0	-0.03641767386566297
72	1	1	-0.02830394293639782
72	1	2	-0.02830594679186227
72	1	3	-0.03890873015873009
72	1	4	-0.001289682539682535
72	2	0	-0.051812958192985925
72	2	1	-0.03597186447394485
72	2	2	-0.08172926447574347
72	2	3	-0.019057539682539648
72	2	4	-0.0448710317460318
72	3	0	-0.08965722211214588
72	3	1	-0.05979789974242122
72	3	2	-0.0481807511737089
72	3	3	-0.009255952380952337
72	3	4	-0.07066468253968261
72	4	0	-0.06587081434515563
72	4	1	-0.032672874975232746
72	4	2	-0.07274061032863854
72	4	3	-0.037371031746031624
72	4	4	-0.06125000000000014
72	5	0	-0.04442242916584116
72	5	1	-0.05977808599167822
72	5	2	-0.044121674491392815
72	5	3	-0.041170634920634885
72	5	4	-0.05932539682539695
72	6	0	-0.018466415692490523
72	6	1	-0.014909847434119272
72	6	2	-0.03332355242566509
72	6	3	-0.03411706349206345
72	6	4	-0.054394841269841177
72	7	0	-0.010610263522884966
72	7	1	-0.03963740836140284
72	7	2	-0.08253129890453836
72	7	3	-0.034890873015873014
72	7	4	-0.05608134920634922
72	8	0	-0.03404002377650084
72	8	1	-0.11338418862690713
72	8	2	-0.0010074334898277915
72	8	3	-0.053611111111111054
72	8	4	-0.047420634920634974
72	9	0	-0.09742421240340804
72	9	1	-0.06751535565682587
72	9	2	0.022505868544601126
72	9	3	-0.05756944444444456
72	9	4	-0.03804563492063506
73	0	0	-0.036467208242520255
73	0	1	-0.08138498117693682
73	0	2	-0.08158255086071997
73	0	3	-0.03630952380952379
73	0	4	-0.05189484126984134
73	1	0	-0.04608678422825441
73	1	1	-0.0916980384386763
73	1	2	-0.01226525821596236
73	1	3	-0.014374999999999916
73	1	4	-0.0004662698412698507
73	2	0	-0.004557162670893566
73	2	1	-0.07767980978799283
73	2	2	-0.0506651017214399
73	2	3	-0.017509920634920628
73	2	4	-0.054642857142857215
73	3	0	-0.07418268278185058
73	3	1	-0.02295423023578369
73	3	2	-0.027650625978090648
73	3	3	-0.05358134920634927
73	3	4	-0.07247023809523812
73	4	0	-0.0935407172577769
73	4	1	-0.02450960966911042
73	4	2	-0.054479655712050046
73	4	3	-0.03058531746031745
73	4	4	-0.07607142857142868
73	5	0	-0.07002179512581741
73	5	1	-0.06788191004557154
73	5	2	-0.04067879499217519
73	5	3	-0.06619047619047613
73	5	4	-0.022162698412698578
73	6	0	-0.018981573211809044
73	6	1	-0.05499306518724001
73	6	2	-0.03547535211267605
73	6	3	-0.09179563492063492
73	6	4	-0.037509920634920646
73	7	0	-0.055666732712502554
73	7	1	-0.03442639191598973
73	7	2	-0.04035602503912361
73	7	3	-0.052767857142857144
73	7	4	-0.08024801587301589
73	8	0	-0.028670497325143707
73	8	1	-0.07930453734892029
73	8	2	-0.026594287949921802
73	8	3	-0.020674603174603123
73	8	4	-0.05176587301587299
73	9	0	-0.05063404002377647
73	9	1	-0.04756290865860913
73	9	2	-0.039866979655711954
73	9	3	-0.05964285714285733
73	9	4	-0.05588293650793674
74	0	0	-0.03392114127204282
74	0	1	-0.0558846839706757
74	0	2	-0.06331181533646324
74	0	3	-0.03229166666666661
74	0	4	-0.05399801587301589
74	1	0	-0.007192391519714736
74	1	1	-0.03314840499306515
74	1	2	-0.009194053208137709
74	1	3	-0.09930555555555554
74	1	4	-0.019126984126984103
74	2	0	-0.010025757875965824
74	2	1	-0.043719041014464
74	2	2	-0.017996870109546315
74	2	3	-0.06080357142857129
74	2	4	-0.028521825396825462
74	3	0	-0.051099663166237264
74	3	1	-0.04285714285714293
74	3	2	-0.0348102503912362
74	3	3	-0.10658730158730156
74	3	4	-0.04867063492063495
74	4	0	-0.0737665940162473
74	4	1	-0.022042797701604888
74	4	2	-0.07016823161189356
74	4	3	-0.08044642857142859
74	4	4	-0.09416666666666673
74	5	0	-0.07245888646720822
74	5	1	-0.03301961561323552
74	5	2	-0.051408450704225395
74	5	3	-0.04913690476190469
74	5	4	0.006507936507936463
74	6	0	-0.05133742817515352
74	6	1	-0.04706756489003372
74	6	2	-0.038644366197183144
74	6	3	-0.08453373015873022
74	6	4	-0.10326388888888882
74	7	0	-0.06696057063602157
74	7	1	-0.047166633643748734
74	7	2	-0.03779342723004686
74	7	3	-0.04604166666666665
74	7	4	-0.07807539682539688
74	8	0	-0.03120665742024964
74	8	1	-0.08812165642956227
74	8	2	-0.05024452269170587
74	8	3	-0.03625992063492045
74	8	4	-0.05613095238095245
74	9	0	-0.05752922528234605
74	9	1	-0.093094907866059
74	9	2	-0.06040688575899833
74	9	3	-0.035168650793650835
74	9	4	-0.04439484126984139
75	0	0	-0.025183277194372855
75	0	1	-0.0450861898157322
75	0	2	-0.066383020344288
75	0	3	-0.06750992063492056
75	0	4	-0.0085912698412699
75	1	0	-0.03579354071725771
75	1	1	-0.08727957202298398
75	1	2	-0.014133411580594668
75	1	3	-0.06257936507936501
75	1	4	-0.05523809523809531
75	2	0	-0.03757677828412931
75	2	1	-0.06056072914602728
75	2	2	-0.06808489827856035
75	2	3	-0.04823412698412688
75	2	4	-0.08502976190476197
75	3	0	-0.06782246879334264
75	3	1	-0.09740439865266493
75	3	2	-0.004196009389671351
75	3	3	-0.08025793650793656
75	3	4	-0.034563492063492185
75	4	0	-0.05960966911036247
75	4	1	-0.030731127402417235
75	4	2	-0.045481220657277
75	4	3	-0.04205357142857147
75	4	4	-0.057043650793650924
75	5	0	-0.06770358628888451
75	5	1	-0.11023380225876755
75	5	2	-0.05548708920187795
75	5	3	-0.016716269841269837
75	5	4	-0.08960317460317457
75	6	0	-0.058192985932236985
75	6	1	-0.07524271844660202
75	6	2	-0.028012519561815274
75	6	3	-0.07520833333333321
75	6	4	-0.02844246031746034
75	7	0	-0.042074499702793755
75	7	1	-0.045938181097681774
75	7	2	-0.04107981220657286
75	7	3	-0.04092261904761907
75	7	4	-0.06581349206349218
75	8	0	-0.0794036061026352
75	8	1	-0.04199524469982174
75	8	2	-0.033392018779342725
75	8	3	-0.015138888888888813
75	8	4	-0.03228174603174605
75	9	0	-0.08161283931048158
75	9	1	-0.062135922330097015
75	9	2	-0.016588419405320742
75	9	3	-0.04564484126984136
75	9	4	-0.06641865079365095
76	0	0	-0.08567465821279985
76	0	1	-0.05711313651674277
76	0	2	-0.05239632237871672
76	0	3	-0.027499999999999858
76	0	4	-0.020148809523809597
76	1	0	-0.08822072518327728
76	1	1	-0.055795522092332184
76	1	2	-0.062206572769953006
76	1	3	-0.09073412698412697
76	1	4	-0.004117063492063533
76	2	0	-0.03366356251238356
76	2	1	-0.07415296215573597
76	2	2	-0.04337832550860732
76	2	3	-0.0817658730158729
76	2	4	-0.057748015873016034
76	3	0	-0.01921933822072519
76	3	1	-0.046780265504259955
76	3	2	-0.03203247261345843
76	3	3	-0.05321428571428566
76	3	4	-0.05137896825396826
76	4	0	-0.034783039429364004
76	4	1	-0.04939568060233801
76	4	2	-0.05918427230046941
76	4	3	-0.07693452380952381
76	4	4	-0.0650992063492064
76	5	0	-0.03978601149197547
76	5	1	-0.04837527243907269
76	5	2	-0.06557120500782465
76	5	3	-0.01660714285714282
76	5	4	-0.04440476190476195
76	6	0	-0.038072122052704716
76	6	1	-0.032464830592431215
76	6	2	-0.02108763693270732
76	6	3	-0.04387896825396831
76	6	4	-0.051398809523809486
76	7	0	-0.04030116901129399
76	7	1	-0.05978799286704961
76	7	2	-0.0025234741784038173
76	7	3	-0.01772817460317455
76	7	4	-0.06202380952380959
76	8	0	-0.06395878739845451
76	8	1	-0.08482266693085017
76	8	2	-0.03519170579029729
76	8	3	-0.043045634920634845
76	8	4	-0.057738095238095255
76	9	0	-0.07848226669308489
76	9	1	-0.07120071329502675
76	9	2	-0.07902973395931134
76	9	3	0.0029662698412696864
76	9	4	-0.08471230158730181
77	0	0	-0.04810778680404204
77	0	1	-0.03898355458688341
77	0	2	-0.06818270735524246
77	0	3	-0.04223214285714283
77	0	4	-0.03731150793650806
77	1	0	-0.05803447592629285
77	1	1	-0.07763027541113543
77	1	2	-0.040678794992175304
77	1	3	-0.11206349206349198
77	1	4	-0.009930555555555554
77	2	0	-0.05183277194372893
77	2	1	0.011373092926491024
77	2	2	-0.03284428794992189
77	2	3	-0.033293650793650764
77	2	4	-0.056041666666666656
77	3	0	-0.030542896770358596
77	3	1	-0.0296017436100654
77	3	2	-0.02505868544600931
77	3	3	-0.0645039682539682
77	3	4	-0.07170634920634922
77	4	0	-0.05167426193778479
77	4	1	-0.04198533782445013
77	4	2	-0.0159820031298904
77	4	3	-0.06114087301587301
77	4	4	-0.07762896825396837
77	5	0	-0.03798296017436109
77	5	1	-0.048276203685357566
77	5	2	-0.04657668231611889
77	5	3	-0.046755952380952426
77	5	4	-0.018462301587301666
77	6	0	-0.010620170398256468
77	6	1	-0.09822666930850021
77	6	2	-0.039055164319248825
77	6	3	-0.09098214285714279
77	6	4	-0.03270833333333334
77	7	0	-0.0638993461462255
77	7	1	-0.0634931642559936
77	7	2	-0.06902386541471062
77	7	3	-0.0049503968253967745
77	7	4	-0.04236111111111107
77	8	0	-0.04908856746582124
77	8	1	-0.0836041212601547
77	8	2	0.004469874804381879
77	8	3	-0.07373015873015865
77	8	4	-0.0848214285714286
77	9	0	-0.07349910838121665
77	9	1	-0.05865860907469789
77	9	2	0.037734741784037684
77	9	3	-0.04846230158730169
77	9	4	-0.09743055555555569
78	0	0	-0.07256786209629484
78	0	1	-0.0001486031305726332
78	0	2	-0.04024843505477316
78	0	3	-0.043799603174603075
78	0	4	-0.07096230158730166
78	1	0	0.021705963938973616
78	1	1	-0.08363384188626899
78	1	2	-0.03462441314553988
78	1	3	-0.07641865079365084
78	1	4	-0.019632936507936516
78	2	0	-0.029106399841489994
78	2	1	-0.08098870616207643
78	2	2	-0.08971048513302038
78	2	3	-0.07535714285714279
78	2	4	-0.044890873015873134
78	3	0	-0.0836536556370121
78	3	1	-0.08216762433128588
78	3	2	-0.0312793427230047
78	3	3	-0.039910714285714244
78	3	4	-0.05447420634920641
78	4	0	-0.07182484644343168
78	4	1	-0.04198533782445013
78	4	2	-0.049315336463223725
78	4	3	-0.0743650793650793
78	4	4	-0.07666666666666666
78	5	0	-0.09179710719239154
78	5	1	-0.08241529621557353
78	5	2	-0.002151799687010958
78	5	3	-0.026984126984126888
78	5	4	-0.08030753968253979
78	6	0	-0.030968892411333493
78	6	1	-0.04113334654250056
78	6	2	-0.03309859154929573
78	6	3	-0.021924603174603208
78	6	4	-0.043660714285714275
78	7	0	-0.018595205072320264
78	7	1	-0.06261145234792942
78	7	2	-0.03806729264475739
78	7	3	-0.036101190476190426
78	7	4	-0.05800595238095241
78	8	0	-0.020715276401822802
78	8	1	-0.1080245690509215
78	8	2	-0.025097809076682243
78	8	3	-0.07976190476190459
78	8	4	-0.021369047619047676
78	9	0	-0.029651277986922908
78	9	1	-0.029056865464632486
78	9	2	-0.020099765258215885
78	9	3	-0.008323412698412858
78	9	4	-0.06379960317460343
79	0	0	-0.057618387160689455
79	0	1	-0.02760055478502088
79	0	2	-0.0410602503912364
79	0	3	-0.08757936507936492
79	0	4	-0.07987103174603194
79	1	0	-0.052853180106994246
79	1	1	-0.03209827620368533
79	1	2	-0.05502738654147099
79	1	3	-0.07834325396825403
79	1	4	-0.053660714285714284
79	2	0	-0.05637012086387949
79	2	1	-0.050584505646918965
79	2	2	-0.022320031298904697
79	2	3	-0.040416666666666545
79	2	4	-0.08451388888888889
79	3	0	-0.04648305924311469
79	3	1	-0.03229641371111558
79	3	2	-0.03554381846635368
79	3	3	-0.05654761904761907
79	3	4	-0.0806944444444444
79	4	0	-0.07885872795720239
79	4	1	-0.028145432930453795
79	4	2	-0.0797828638497653
79	4	3	-0.0606349206349206
79	4	4	-0.09618055555555571
79	5	0	-0.022746185852982048
79	5	1	-0.11179908856746579
79	5	2	-0.06018192488262908
79	5	3	-0.06864087301587296
79	5	4	-0.022490079365079407
79	6	0	-0.03160293243511003
79	6	1	-0.05531008519912828
79	6	2	-0.07166471048513301
79	6	3	-0.055069444444444504
79	6	4	-0.06727182539682541
79	7	0	-0.06268080047553015
79	7	1	-0.054458093917178485
79	7	2	-0.035211267605633756
79	7	3	-0.08379960317460311
79	7	4	-0.07086309523809531
79	8	0	-0.003982563899346148
79	8	1	-0.08846839706756493
79	8	2	-0.04285015649452273
79	8	3	-0.05696428571428569
79	8	4	-0.04011904761904761
79	9	0	-0.10651872399445217
79	9	1	-0.061095700416088805
79	9	2	-0.03241392801251941
79	9	3	-0.06546626984126991
79	9	4	-0.05312500000000009
80	0	0	-0.04138101842678821
80	0	1	-0.027501486031305866
80	0	2	-0.09015062597809076
80	0	3	-0.03916666666666657
80	0	4	-0.05258928571428578
80	1	0	-0.05855954032098287
80	1	1	-0.025648900336833647
80	1	2	-0.003834115805946725
80	1	3	-0.05932539682539684
80	1	4	-0.025694444444444464
80	2	0	-0.05036655438874582
80	2	1	-0.01328511987319203
80	2	2	-0.0729949139280126
80	2	3	-0.07666666666666655
80	2	4	-0.08192460317460315
80	3	0	-0.05179314444224281
80	3	1	-0.08091935803447592
80	3	2	0.004078638497652665
80	3	3	-0.07836309523809526
80	3	4	-0.07826388888888891
80	4	0	-0.05191202694670105
80	4	1	-0.060511194769169774
80	4	2	-0.04645931142410009
80	4	3	-0.004136904761904758
80	4	4	-0.07741071428571444
80	5	0	-0.04648305924311469
80	5	1	-0.07213195957994845
80	5	2	-0.07081377151799684
80	5	3	-0.03813492063492063
80	5	4	-0.04419642857142858
80	6	0	-0.04925698434713688
80	6	1	-0.03331682187438101
80	6	2	-0.02139084507042255
80	6	3	-0.05348214285714281
80	6	4	-0.05272817460317458
80	7	0	-0.05285318010699436
80	7	1	-0.036070933227659974
80	7	2	-0.03669796557120508
80	7	3	-0.06512896825396819
80	7	4	-0.11452380952380958
80	8	0	-0.01597978997424221
80	8	1	-0.07244897959183694
80	8	2	-0.07508802816901405
80	8	3	-0.08935515873015865
80	8	4	-0.054781746031745904
80	9	0	-0.06955617198335662
80	9	1	-0.0690608282147811
80	9	2	-0.06958137715179968
80	9	3	-0.04644841269841282
80	9	4	-0.06129960317460326
81	0	0	-0.03822072518327713
81	0	1	-0.036021398850802466
81	0	2	-0.07117566510172146
81	0	3	-0.06406746031746025
81	0	4	-0.04461309523809531
81	1	0	-0.06236378046364177
81	1	1	-0.04115316029324345
81	1	2	-0.06251956181533647
81	1	3	-0.0803571428571428
81	1	4	-0.027063492063492012
81	2	0	-0.041172974043986676
81	2	1	0.004527442044779062
81	2	2	-0.0437304381846636
81	2	3	-0.0444444444444444
81	2	4	-0.08754960317460314
81	3	0	0.00980780661779268
81	3	1	-0.07513374281751528
81	3	2	-0.043838028169014054
81	3	3	-0.07647817460317463
81	3	4	-0.07857142857142863
81	4	0	-0.08145432930453733
81	4	1	-0.034148999405587355
81	4	2	-0.035768779342723045
81	4	3	-0.04935515873015872
81	4	4	-0.046250000000000124
81	5	0	-0.07156726768377253
81	5	1	-0.03828016643550625
81	5	2	-0.05630868544600931
81	5	3	-0.05828373015873012
81	5	4	-0.04015873015873017
81	6	0	-0.04125222904695858
81	6	1	-0.08482266693085017
81	6	2	-0.017243740219092363
81	6	3	-0.07443452380952387
81	6	4	-0.0650694444444444
81	7	0	-0.043223697245888704
81	7	1	-0.06169011293837923
81	7	2	-0.010035211267605648
81	7	3	-0.07463293650793645
81	7	4	-0.07539682539682535
81	8	0	-0.047037844263919215
81	8	1	-0.08432732316227476
81	8	2	-0.0827171361502348
81	8	3	-0.056607142857142745
81	8	4	-0.06851190476190483
81	9	0	-0.06738656627699613
81	9	1	-0.08215771745591438
81	9	2	-0.009350547730829328
81	9	3	-0.07591269841269854
81	9	4	-0.01596230158730183
82	0	0	-0.08821081830790578
82	0	1	-0.02424212403407977
82	0	2	-0.014465962441314595
82	0	3	-0.034265873015872916
82	0	4	-0.051031746031746095
82	1	0	-0.10079255002972076
82	1	1	-0.040538934020209916
82	1	2	-0.032609546165884185
82	1	3	-0.048918650793650875
82	1	4	-0.044553571428571415
82	2	0	-0.025302159698830984
82	2	1	-0.054527442044778995
82	2	2	-0.028609154929577607
82	2	3	-0.05380952380952375
82	2	4	-0.05541666666666667
82	3	0	-0.056647513374281755
82	3	1	-0.09501684168813163
82	3	2	-0.01911189358372445
82	3	3	-0.062291666666666634
82	3	4	-0.01497023809523812
82	4	0	-0.02515355656825835
82	4	1	-0.06384981176936788
82	4	2	-0.062421752738654135
82	4	3	-0.06574404761904762
82	4	4	-0.0668253968253969
82	5	0	0.020527045769764274
82	5	1	-0.059688924113334596
82	5	2	-0.06993348982785608
82	5	3	-0.01773809523809522
82	5	4	-0.055257936507936534
82	6	0	-0.015514166831781306
82	6	1	-0.008192985932237051
82	6	2	-0.011805555555555514
82	6	3	-0.04077380952380949
82	6	4	-0.07246031746031734
82	7	0	-0.08542698632851209
82	7	1	-0.013998414899940692
82	7	2	0.009859154929577452
82	7	3	-0.04205357142857147
82	7	4	-0.024236111111111236
82	8	0	-0.019011293837923438
82	8	1	-0.07672874975232824
82	8	2	-0.09419992175273872
82	8	3	-0.08692460317460304
82	8	4	-0.05539682539682533
82	9	0	-0.04996037249851393
82	9	1	-0.05061422627303336
82	9	2	0.03888888888888886
82	9	3	0.009950396825396668
82	9	4	-0.05308531746031764
83	0	0	-0.06268080047553015
83	0	1	-0.07396473152367755
83	0	2	-0.035015649452269204
83	0	3	-0.0077876984126982185
83	0	4	-0.05927579365079372
83	1	0	-0.06959579948484251
83	1	1	-0.040459679017238015
83	1	2	0.008988654147104924
83	1	3	-0.04043650793650799
83	1	4	-0.04210317460317459
83	2	0	-0.01612839310481473
83	2	1	-0.04251040221914004
83	2	2	-0.04093309859154948
83	2	3	-0.05452380952380942
83	2	4	-0.10479166666666673
83	3	0	-0.03966712898751723
83	3	1	-0.07112145829205474
83	3	2	-0.0511737089201878
83	3	3	-0.07624007936507926
83	3	4	-0.05798611111111107
83	4	0	-0.009302555973845772
83	4	1	0.002853180106994424
83	4	2	-0.04192097026604069
83	4	3	-0.047787698412698476
83	4	4	-0.0435416666666667
83	5	0	-0.05623142460867847
83	5	1	-0.021626708936001604
83	5	2	-0.08520148669796546
83	5	3	-0.05096230158730153
83	5	4	-0.038501984126984135
83	6	0	-0.057103229641371156
83	6	1	-0.08007727362789774
83	6	2	0.003609154929577474
83	6	3	-0.055198412698412636
83	6	4	-0.07937499999999997
83	7	0	-0.07181493956806029
83	7	1	0.0005646918961759173
83	7	2	-0.001535602503912381
83	7	3	-0.04092261904761907
83	7	4	-0.09014880952380966
83	8	0	-0.040786605904497786
83	8	1	-0.08402021002575799
83	8	2	-0.0797535211267606
83	8	3	-0.07718253968253952
83	8	4	-0.06812499999999999
83	9	0	-0.08375272439072712
83	9	1	-0.05739052902714481
83	9	2	-0.026330203442879507
83	9	3	-0.05391865079365088
83	9	4	-0.06899801587301613
84	0	0	-0.04158906280958985
84	0	1	-0.0666831781256193
84	0	2	-0.031230438184663423
84	0	3	-0.06875992063492053
84	0	4	-0.048263888888888995
84	1	0	-0.06704973251436508
84	1	1	-0.05276401822865073
84	1	2	-0.02705399061032865
84	1	3	-0.06322420634920645
84	1	4	-0.010962301587301604
84	2	0	-0.082227065583515
84	2	1	-0.03534773132553992
84	2	2	-0.02164514866979661
84	2	3	-0.07758928571428558
84	2	4	-0.08455357142857156
84	3	0	-0.05222904695858932
84	3	1	-0.03563503071131369
84	3	2	-0.043877151799686986
84	3	3	-0.020109126984127035
84	3	4	-0.056289682539682584
84	4	0	-0.04701803051317621
84	4	1	-0.08117693679413507
84	4	2	-0.046527777777777724
84	4	3	-0.0934424603174604
84	4	4	-0.0418452380952381
84	5	0	-0.053675450762829424
84	5	1	-0.0352585694471963
84	5	2	-0.04585289514866975
84	5	3	-0.043799603174603075
84	5	4	-0.028869047619047628
84	6	0	-0.03366356251238367
84	6	1	-0.08191995244699823
84	6	2	-0.08496674491392808
84	6	3	-0.06142857142857161
84	6	4	0.004136904761904869
84	7	0	-0.03538735882702604
84	7	1	-0.07211214582920544
84	7	2	-0.03393974960876367
84	7	3	-0.013918650793650844
84	7	4	-0.08639880952380963
84	8	0	-0.03733901327521294
84	8	1	-0.07470774717654072
84	8	2	-0.05327660406885748
84	8	3	-0.03317460317460308
84	8	4	-0.058353174603174685
84	9	0	-0.06036259163859725
84	9	1	-0.050396275014860215
84	9	2	-0.043035993740218936
84	9	3	-0.01867063492063492
84	9	4	-0.08143849206349218
85	0	0	-0.014790964929661254
85	0	1	-0.06842678819100467
85	0	2	-0.04828834115805958
85	0	3	-0.040654761904761916
85	0	4	-0.04775793650793658
85	1	0	-0.06373092926490997
85	1	1	-0.08125619179710719
85	1	2	-0.026388888888888795
85	1	3	-0.01543650793650797
85	1	4	-0.03966269841269843
85	2	0	-0.03998414899940561
85	2	1	-0.10085199128194966
85	2	2	-0.030408841940532172
85	2	3	-0.05999999999999994
85	2	4	-0.05299603174603196
85	3	0	-0.07463839904893987
85	3	1	-0.07354864275807416
85	3	2	-0.022173317683880978
85	3	3	-0.06689484126984124
85	3	4	-0.04138888888888892
85	4	0	-0.03206855557757082
85	4	1	-0.08606102635228852
85	4	2	-0.04394561815336462
85	4	3	-0.033898809523809526
85	4	4	-0.1048015873015874
85	5	0	-0.04456112542104218
85	5	1	-0.0554487814543293
85	5	2	-0.05168231611893581
85	5	3	-0.06075396825396817
85	5	4	-0.07167658730158732
85	6	0	-0.032098276203685217
85	6	1	-0.07951258173172182
85	6	2	-0.04760367762128326
85	6	3	-0.008859126984126942
85	6	4	-0.053561507936507935
85	7	0	-0.05968892411333471
85	7	1	-0.06277986922924506
85	7	2	-0.00728677621283258
85	7	3	-0.05197420634920635
85	7	4	-0.04210317460317459
85	8	0	-0.05261541509807799
85	8	1	-0.07876956607885888
85	8	2	-0.01821205007824722
85	8	3	-0.04260912698412689
85	8	4	-0.041904761904762
85	9	0	-0.05386368139488806
85	9	1	-0.025430949078660614
85	9	2	-0.01824139280125192
85	9	3	-0.08661706349206355
85	9	4	-0.03881944444444474
86	0	0	-0.056389934614622605
86	0	1	-0.04324351099663171
86	0	2	-0.04810250391236304
86	0	3	-0.03583333333333327
86	0	4	-0.07114087301587302
86	1	0	-0.0737566871408758
86	1	1	-0.056974440261541526
86	1	2	-0.017683881064162743
86	1	3	-0.08055555555555549
86	1	4	-0.029355158730158815
86	2	0	-0.04513572419258971
86	2	1	-0.040281355260550766
86	2	2	-0.07166471048513312
86	2	3	-0.029305555555555474
86	2	4	-0.0753869047619048
86	3	0	-0.043293045373489214
86	3	1	-0.007747176540519152
86	3	2	-0.005663145539905989
86	3	3	-0.048541666666666705
86	3	4	-0.03646825396825404
86	4	0	-0.05254606697047748
86	4	1	0.0005944125222905328
86	4	2	-0.06662754303599372
86	4	3	-0.04177579365079365
86	4	4	-0.06432539682539684
86	5	0	-0.005270457697642228
86	5	1	-0.05100059441252225
86	5	2	-0.035710093896713646
86	5	3	-0.0719642857142857
86	5	4	-0.05810515873015876
86	6	0	-0.02694670101050134
86	6	1	-0.04970279373885467
86	6	2	0.006964006259780886
86	6	3	-0.06603174603174611
86	6	4	-0.07379960317460321
86	7	0	-0.05726173964731518
86	7	1	-0.048583316821874445
86	7	2	-0.022574334898278647
86	7	3	-0.03784722222222214
86	7	4	-0.060416666666666785
86	8	0	-0.05900534971270055
86	8	1	-0.0728056271052111
86	8	2	-0.08537754303599376
86	8	3	-0.05527777777777765
86	8	4	-0.011190476190476195
86	9	0	-0.09638399048939972
86	9	1	-0.04286704973251432
86	9	2	0.004029733959311499
86	9	3	-0.07635912698412706
86	9	4	-0.07365079365079386
87	0	0	-0.036477115117891756
87	0	1	-0.043818109768179125
87	0	2	-0.10368740219092332
87	0	3	-0.036716269841269744
87	0	4	-0.03598214285714285
87	1	0	-0.06580146621755512
87	1	1	-0.07016049138101832
87	1	2	-0.030017605633802846
87	1	3	-0.024712301587301644
87	1	4	-0.05319444444444443
87	2	0	-0.04907866059044985
87	2	1	-0.021052110164454074
87	2	2	-0.06642214397496105
87	2	3	-0.0581746031746031
87	2	4	-0.07142857142857151
87	3	0	-0.0417673865662771
87	3	1	-0.07493560531008525
87	3	2	-0.02433489827856017
87	3	3	-0.07971230158730158
87	3	4	-0.04796626984126995
87	4	0	-0.04338220725183284
87	4	1	-0.04764216366158114
87	4	2	-0.03982785602503913
87	4	3	-0.022232142857142922
87	4	4	-0.10151785714285722
87	5	0	-0.040459679017237904
87	5	1	-0.027323162274618618
87	5	2	-0.021977699530516315
87	5	3	-0.012996031746031811
87	5	4	-0.07364087301587308
87	6	0	-0.06834753318803244
87	6	1	-0.07120071329502686
87	6	2	0.011032863849765207
87	6	3	-0.07615079365079369
87	6	4	-0.06447420634920631
87	7	0	-0.035159500693481394
87	7	1	-0.035565682583713065
87	7	2	-0.03618935837245696
87	7	3	-0.059236111111111045
87	7	4	-0.03999007936507937
87	8	0	-0.07778878541707945
87	8	1	-0.0629581929859323
87	8	2	-0.07942097026604067
87	8	3	-0.07067460317460306
87	8	4	-0.048918650793650764
87	9	0	-0.0667723400039626
87	9	1	-0.06234396671289877
87	9	2	-0.08159233176838798
87	9	3	-0.06151785714285729
87	9	4	-0.036636904761904954
88	0	0	-0.03393104814741432
88	0	1	-0.07833366356251248
88	0	2	-0.02289710485133034
88	0	3	-0.019543650793650613
88	0	4	-0.046517857142857166
88	1	0	-0.009589855359619537
88	1	1	-0.06603923122647115
88	1	2	-0.02824726134585287
88	1	3	-0.07790674603174608
88	1	4	-0.04414682539682535
88	2	0	-0.03737864077669906
88	2	1	-0.033703190013869566
88	2	2	-0.041617762128325575
88	2	3	-0.050505952380952346
88	2	4	-0.0700694444444444
88	3	0	-0.037745195165444834
88	3	1	-0.06007529225282349
88	3	2	0.01041666666666674
88	3	3	-0.06997023809523806
88	3	4	-0.006736111111111054
88	4	0	-0.03984545274420448
88	4	1	-0.02817515355656819
88	4	2	-0.05892018779342734
88	4	3	-0.04885912698412698
88	4	4	-0.10015873015873022
88	5	0	-0.023697245888646745
88	5	1	-0.07525262532197341
88	5	2	-0.06690140845070414
88	5	3	-0.06405753968253969
88	5	4	-0.05059523809523814
88	6	0	-0.09222310283336643
88	6	1	-0.04562116108579373
88	6	2	-0.034360328638497584
88	6	3	-0.025515873015873103
88	6	4	-0.08647817460317453
88	7	0	-0.0057360808401030194
88	7	1	-0.05183277194372904
88	7	2	-0.0505477308294211
88	7	3	-0.08862103174603164
88	7	4	-0.040238095238095184
88	8	0	-0.018793342579750405
88	8	1	-0.08025559738458499
88	8	2	-0.04909037558685447
88	8	3	0.012073412698412778
88	8	4	-0.04181547619047632
88	9	0	-0.03766594016247271
88	9	1	-0.038785417079453155
88	9	2	-0.03062402190923308
88	9	3	-0.00943452380952392
88	9	4	-0.07320436507936512
89	0	0	-0.04300574598771534
89	0	1	-0.06223499108381225
89	0	2	-0.023875195618153433
89	0	3	-0.034087301587301555
89	0	4	-0.02548611111111121
89	1	0	-0.009817713493164293
89	1	1	-0.020645928274222403
89	1	2	-0.027865805946791777
89	1	3	-0.07896825396825391
89	1	4	-0.02820436507936508
89	2	0	-0.020774717654051922
89	2	1	-0.061165048543689315
89	2	2	-0.06096439749608773
89	2	3	-0.034126984126984006
89	2	4	-0.09665674603174601
89	3	0	-0.0690707350901526
89	3	1	-0.01573211808995445
89	3	2	-0.03927034428794984
89	3	3	-0.037698412698412676
89	3	4	-0.06894841269841268
89	4	0	-0.059679017237963095
89	4	1	-0.042470774717654036
89	4	2	-0.05289514866979661
89	4	3	-0.04007936507936516
89	4	4	-0.06838293650793659
89	5	0	-0.10168416881315634
89	5	1	-0.03799286704973248
89	5	2	-0.04810250391236304
89	5	3	-0.0976488095238095
89	5	4	-0.07618055555555558
89	6	0	-0.056191797107192465
89	6	1	-0.0962353873588272
89	6	2	-0.009839593114240985
89	6	3	-0.030238095238095397
89	6	4	-0.03611111111111098
89	7	0	-0.032454923717059714
89	7	1	-0.04984148999405591
89	7	2	-0.04463028169014083
89	7	3	-0.04282738095238081
89	7	4	-0.06711309523809539
89	8	0	-0.025302159698830984
89	8	1	-0.08257380622151789
89	8	2	-0.044405320813771576
89	8	3	-0.0520734126984127
89	8	4	-0.027152777777777803
89	9	0	-0.06345353675450771
89	9	1	-0.06214582920546852
89	9	2	-0.013595461658841845
89	9	3	-0.01220238095238102
89	9	4	-0.08203373015873028
90	0	0	-0.05092133940955024
90	0	1	-0.04015256588072125
90	0	2	-0.06127738654147108
90	0	3	-0.07124007936507937
90	0	4	-0.07830357142857147
90	1	0	-0.06040221914008326
90	1	1	-0.04574004359025163
90	1	2	-0.020872456964006192
90	1	3	-0.07084325396825397
90	1	4	-0.04470238095238099
90	2	0	-0.00838121656429569
90	2	1	-0.06166039231226461
90	2	2	-0.04854264475743353
90	2	3	-0.07259920634920636
90	2	4	-0.08556547619047616
90	3	0	-0.0888052308301962
90	3	1	-0.07166633643748765
90	3	2	-0.02286776212832542
90	3	3	-0.10281746031746031
90	3	4	-0.05602182539682554
90	4	0	-0.016425599365959886
90	4	1	-0.030741034277788848
90	4	2	-0.009076682316119022
90	4	3	-0.07294642857142852
90	4	4	-0.05359126984126994
90	5	0	-0.046146225480483416
90	5	1	-0.1179413512978007
90	5	2	-0.006778169014084456
90	5	3	-0.025456349206349094
90	5	4	-0.032261904761904825
90	6	0	-0.018466415692490745
90	6	1	-0.05946106597979017
90	6	2	-0.0623532863849765
90	6	3	-0.09230158730158733
90	6	4	-0.09641865079365075
90	7	0	-0.08146423617990894
90	7	1	-0.09111353279175749
90	7	2	-0.020344287949921824
90	7	3	-0.06320436507936511
90	7	4	-0.07407738095238092
90	8	0	-0.019615613235585472
90	8	1	-0.0765702397463841
90	8	2	-0.005340375586854518
90	8	3	-0.09291666666666665
90	8	4	-0.06807539682539676
90	9	0	-0.09940558747770945
90	9	1	-0.05268476322567861
90	9	2	-0.014700704225351968
90	9	3	-0.06167658730158743
90	9	4	-0.04649801587301594
91	0	0	-0.06360213988508023
91	0	1	-0.048206855557757056
91	0	2	-0.09122652582159618
91	0	3	-0.06379960317460309
91	0	4	-0.0887202380952381
91	1	0	-0.049474935605310244
91	1	1	-0.029146027342976
91	1	2	-0.011238262910798102
91	1	3	-0.010099206349206358
91	1	4	0.004156746031745984
91	2	0	-0.02637210223895392
91	2	1	-0.04048939964335241
91	2	2	-0.038673708920187955
91	2	3	-0.06282738095238094
91	2	4	-0.08311507936507945
91	3	0	-0.06263126609867242
91	3	1	-0.09282742223102836
91	3	2	-0.03207159624413136
91	3	3	-0.045119047619047614
91	3	4	-0.03391865079365086
91	4	0	-0.032920546859520394
91	4	1	-0.0352585694471963
91	4	2	-0.05214201877934266
91	4	3	-0.053938492063492105
91	4	4	-0.09142857142857153
91	5	0	-0.05811373092926486
91	5	1	-0.060322964137111024
91	5	2	-0.04822965571205007
91	5	3	-0.08387896825396823
91	5	4	-0.05788690476190472
91	6	0	-0.022389538339607662
91	6	1	0.006271052110164432
91	6	2	-0.03348004694835682
91	6	3	-0.07477182539682548
91	6	4	-0.02439484126984126
91	7	0	-0.0972557955220924
91	7	1	-0.0733604121260154
91	7	2	-0.030692488262910822
91	7	3	-0.02243055555555551
91	7	4	-0.08605158730158735
91	8	0	-0.050465623142460836
91	8	1	-0.06365167426193796
91	8	2	-0.04316314553990619
91	8	3	-0.052480158730158655
91	8	4	-0.07394841269841268
91	9	0	-0.04751337428175151
91	9	1	-0.056964533386170024
91	9	2	0.0018388106416276084
91	9	3	-0.03469246031746043
91	9	4	-0.05143849206349227
92	0	0	-0.06359223300970873
92	0	1	-0.05143649692886876
92	0	2	-0.02137128325508597
92	0	3	-0.03617063492063477
92	0	4	-0.04719246031746038
92	1	0	-0.05473548642758086
92	1	1	-0.0441846641569249
92	1	2	0.010211267605633845
92	1	3	-0.058244047619047556
92	1	4	-0.06082341269841263
92	2	0	-0.05377451951654455
92	2	1	-0.01942738260352672
92	2	2	-0.05261150234741796
92	2	3	-0.03898809523809521
92	2	4	-0.048392857142857126
92	3	0	-0.03861700019813741
92	3	1	-0.03361402813552605
92	3	2	-0.03342136150234731
92	3	3	-0.0652976190476191
92	3	4	-0.061964285714285694
92	4	0	-0.0399148008718051
92	4	1	-0.049752328115712285
92	4	2	-0.004812206572770039
92	4	3	-0.06283730158730161
92	4	4	-0.052430555555555536
92	5	0	-0.03849811769367928
92	5	1	-0.046849613631860576
92	5	2	-0.06469092331768378
92	5	3	-0.050277777777777755
92	5	4	-0.017668650793650875
92	6	0	-0.039369922726372075
92	6	1	-0.05323954824648314
92	6	2	-0.07645735524256647
92	6	3	-0.041964285714285676
92	6	4	-0.040744047619047596
92	7	0	-0.06255201109570052
92	7	1	-0.03745789577967118
92	7	2	-0.02874608763693276
92	7	3	-0.036716269841269855
92	7	4	-0.038313492063491994
92	8	0	-0.05275411135327923
92	8	1	-0.05693481276005552
92	8	2	-0.029176447574334796
92	8	3	-0.015892857142857042
92	8	4	-0.04521825396825396
92	9	0	-0.10058450564691901
92	9	1	-0.06396869427382601
92	9	2	-0.0025234741784037062
92	9	3	-0.03756944444444443
92	9	4	-0.05475198412698434
93	0	0	-0.03582326134337244
93	0	1	-0.022478700217951397
93	0	2	-0.06432902973395926
93	0	3	-0.05849206349206337
93	0	4	-0.039255952380952475
93	1	0	-0.06904101446403821
93	1	1	-0.036199722607489715
93	1	2	-0.0512323943661972
93	1	3	-0.09476190476190471
93	1	4	-0.035456349206349214
93	2	0	-0.0021795125817317684
93	2	1	-0.07906677234000392
93	2	2	-0.02452073552425671
93	2	3	-0.033392857142857
93	2	4	-0.05307539682539686
93	3	0	-0.1146423617990886
93	3	1	-0.0554388745789578
93	3	2	-0.031357589984350454
93	3	3	-0.058115079365079314
93	3	4	-0.0744246031746032
93	4	0	-0.04003368337626312
93	4	1	-0.027749157915593403
93	4	2	-0.010269953051643244
93	4	3	-0.047182539682539715
93	4	4	-0.06777777777777783
93	5	0	-0.03534773132553992
93	5	1	-0.06805032692688728
93	5	2	-0.05483176838810633
93	5	3	-0.05192460317460301
93	5	4	-0.0435416666666667
93	6	0	-0.07154745393302964
93	6	1	-0.03809193580344772
93	6	2	-0.01470070422535208
93	6	3	-0.020019841269841354
93	6	4	-0.05584325396825407
93	7	0	-0.03604121260154558
93	7	1	-0.04753318803249462
93	7	2	-0.08388106416275432
93	7	3	-0.025783730158730145
93	7	4	-0.07277777777777783
93	8	0	-0.0071428571428571175
93	8	1	-0.043421834753318844
93	8	2	-0.016441705790297356
93	8	3	-0.0033928571428570864
93	8	4	-0.0340178571428571
93	9	0	-0.049881117495541916
93	9	1	-0.07891816920943129
93	9	2	-0.0007824726134584292
93	9	3	-0.056716269841269984
93	9	4	-0.06949404761904776
94	0	0	-0.06329502674856358
94	0	1	-0.061214582920546934
94	0	2	-0.024598982785602463
94	0	3	-0.009087301587301422
94	0	4	-0.06316468253968266
94	1	0	-0.040846047156726906
94	1	1	-0.08725975827224097
94	1	2	-0.03454616588419401
94	1	3	-0.06648809523809529
94	1	4	-0.05259920634920645
94	2	0	-0.0023182088369329
94	2	1	-0.0357241925896572
94	2	2	-0.03727503912363084
94	2	3	0.009603174603174613
94	2	4	-0.05330357142857134
94	3	0	-0.07366752526253217
94	3	1	-0.0037547057658015026
94	3	2	-0.03593505477308301
94	3	3	-0.02899801587301587
94	3	4	-0.061865079365079456
94	4	0	-0.034139092530215964
94	4	1	-0.010431939766197607
94	4	2	-0.024139280125195617
94	4	3	-0.06304563492063486
94	4	4	-0.05194444444444446
94	5	0	-0.08325738062215182
94	5	1	-0.07361799088567467
94	5	2	-0.05636737089201871
94	5	3	-0.03135912698412702
94	5	4	-0.04538690476190477
94	6	0	-0.041371111551416595
94	6	1	-0.0614919754309492
94	6	2	-0.034516823161189314
94	6	3	-0.085922619047619
94	6	4	-0.02795634920634915
94	7	0	-0.09860313057261749
94	7	1	-0.019625520110957084
94	7	2	-0.0409722222222223
94	7	3	-0.014017857142857082
94	7	4	-0.047599206349206336
94	8	0	-0.0286903110758866
94	8	1	-0.052773925104022346
94	8	2	-0.0833431142410016
94	8	3	-0.06428571428571417
94	8	4	-0.01187500000000008
94	9	0	-0.09362987913612053
94	9	1	-0.06441450366554391
94	9	2	-0.05549687010954607
94	9	3	-0.020922619047619162
94	9	4	-0.05845238095238103
95	0	0	-0.04609669110362602
95	0	1	-0.049682979988111775
95	0	2	-0.03598395931142406
95	0	3	-0.05276785714285703
95	0	4	-0.05312500000000009
95	1	0	-0.022003170200118993
95	1	1	-0.03258371309688923
95	1	2	-0.10390258215962445
95	1	3	-0.07376984126984132
95	1	4	-0.023531746031746126
95	2	0	-0.06171983356449373
95	2	1	-0.05739052902714481
95	2	2	-0.04101134585289523
95	2	3	-0.09490079365079351
95	2	4	-0.037748015873016016
95	3	0	-0.047751139290667655
95	3	1	-0.011898157321180824
95	3	2	-0.02850156494522682
95	3	3	-0.07322420634920634
95	3	4	-0.03120039682539688
95	4	0	-0.06710917376659398
95	4	1	-0.008410937190410084
95	4	2	-0.043838028169014054
95	4	3	-0.025605158730158672
95	4	4	-0.10168650793650802
95	5	0	-0.020744997027937417
95	5	1	-0.034525460669704744
95	5	2	-0.04400430359937402
95	5	3	-0.09056547619047617
95	5	4	-0.017807539682539786
95	6	0	-0.05137705567663953
95	6	1	-0.07037844263919169
95	6	2	-0.01610915492957732
95	6	3	-0.09508928571428577
95	6	4	-0.07717261904761907
95	7	0	-0.0615216960570637
95	7	1	-0.072845254606697
95	7	2	-0.06034820031298904
95	7	3	-0.03987103174603179
95	7	4	-0.07071428571428573
95	8	0	-0.05494353081038239
95	8	1	-0.042767980978799414
95	8	2	-0.07824726134585291
95	8	3	-0.07454365079365077
95	8	4	-0.06690476190476191
95	9	0	-0.12018030513176137
95	9	1	-0.09089558153358435
95	9	2	-0.026095461658841912
95	9	3	-0.037847222222222254
95	9	4	-0.024563492063492287
96	0	0	-0.04352090350703386
96	0	1	-0.03418862690707358
96	0	2	-0.04826877934272311
96	0	3	-0.058908730158730105
96	0	4	-0.04639880952380959
96	1	0	-0.03886467208242528
96	1	1	-0.07545076282940366
96	1	2	-0.040835289514866924
96	1	3	-0.03135912698412702
96	1	4	-0.052757936507936476
96	2	0	-0.0059243114721616585
96	2	1	-0.08052308301961553
96	2	2	-0.07092136150234751
96	2	3	-0.05363095238095239
96	2	4	-0.0699305555555556
96	3	0	-0.07759064790964931
96	3	1	-0.04654250049534381
96	3	2	-0.02077464788732386
96	3	3	-0.06689484126984124
96	3	4	-0.05816468253968243
96	4	0	-0.05726173964731518
96	4	1	-0.10357638200911434
96	4	2	-0.03988654147104842
96	4	3	-0.013809523809523827
96	4	4	-0.033432539682539786
96	5	0	-0.041034277788785434
96	5	1	-0.06184862294432336
96	5	2	-0.04239045383411577
96	5	3	-0.03376984126984117
96	5	4	-0.05335317460317468
96	6	0	-0.009451159104418405
96	6	1	-0.05115910441846638
96	6	2	-0.051692097026604045
96	6	3	-0.0848511904761905
96	6	4	-0.09522817460317468
96	7	0	-0.06384981176936799
96	7	1	-0.05855954032098276
96	7	2	-0.024863067292644758
96	7	3	-0.05645833333333328
96	7	4	-0.09086309523809522
96	8	0	-0.0258569447196354
96	8	1	-0.05327917574796914
96	8	2	-0.054694835680751175
96	8	3	-0.08174603174603179
96	8	4	-0.08484126984126994
96	9	0	-0.11180899544283729
96	9	1	-0.046651476124430435
96	9	2	-0.02871674491392784
96	9	3	-0.0790873015873017
96	9	4	-0.08741071428571445
97	0	0	-0.08280166435506242
97	0	1	-0.0047453933029524276
97	0	2	-0.04582355242566516
97	0	3	-0.06596230158730143
97	0	4	-0.06590277777777787
97	1	0	-0.03282147810580549
97	1	1	-0.05238755696453312
97	1	2	-0.01070031298904528
97	1	3	-0.11441468253968257
97	1	4	-0.047976190476190506
97	2	0	-0.04010303150386363
97	2	1	-0.03916187834357032
97	2	2	-0.0562695618153366
97	2	3	-0.032688492063492
97	2	4	-0.07384920634920633
97	3	0	-0.02643154349118282
97	3	1	-0.05254606697047759
97	3	2	-0.024393583724569567
97	3	3	-0.020287698412698507
97	3	4	-0.042073412698412804
97	4	0	-0.07317218149395677
97	4	1	-0.04393699227263714
97	4	2	-0.03571987480438188
97	4	3	-0.03655753968253972
97	4	4	-0.056140873015873116
97	5	0	-0.021775312066574126
97	5	1	-0.059807806617792725
97	5	2	-0.02628129890453823
97	5	3	-0.10762896825396828
97	5	4	-0.05050595238095246
97	6	0	-0.07373687339013268
97	6	1	-0.062116108579354234
97	6	2	-0.04770148669796548
97	6	3	-0.0796527777777778
97	6	4	-0.06262896825396824
97	7	0	-0.031048147414305616
97	7	1	-0.020101050128789377
97	7	2	-0.05937010954616595
97	7	3	-0.041636904761904736
97	7	4	-0.08135912698412706
97	8	0	-0.06073905290271442
97	8	1	-0.09860313057261749
97	8	2	-0.06994327073552431
97	8	3	-0.024384920634920593
97	8	4	-0.07958333333333334
97	9	0	-0.016356251238359487
97	9	1	-0.06406776302754102
97	9	2	-0.010054773082942003
97	9	3	-0.06708333333333338
97	9	4	-0.09473214285714304
98	0	0	-0.07360808401030317
98	0	1	-0.05362591638597203
98	0	2	-0.08564162754303595
98	0	3	-0.08307539682539677
98	0	4	-0.04282738095238103
98	1	0	-0.08562512383594212
98	1	1	-0.06875371507826433
98	1	2	-0.03155320813771523
98	1	3	-0.08251984126984135
98	1	4	-0.006438492063492118
98	2	0	-0.07832375668714087
98	2	1	-0.09141073905290265
98	2	2	-0.02505868544600942
98	2	3	-0.09749999999999992
98	2	4	-0.07389880952380956
98	3	0	-0.05203090945115907
98	3	1	-0.06796116504854366
98	3	2	-0.026320422535211163
98	3	3	-0.03961309523809531
98	3	4	-0.08089285714285721
98	4	0	0.0024866257182484253
98	4	1	-0.04713691301763423
98	4	2	-0.05062597809076674
98	4	3	-0.0488789682539682
98	4	4	-0.0747916666666667
98	5	0	-0.055359619575985786
98	5	1	-0.08845849019219332
98	5	2	-0.05155516431924889
98	5	3	-0.05535714285714288
98	5	4	-0.03562500000000002
98	6	0	-0.07376659401624719
98	6	1	-0.04122250842084407
98	6	2	-0.03547535211267605
98	6	3	-0.06517857142857142
98	6	4	-0.08235119047619044
98	7	0	-0.06557360808401036
98	7	1	-0.05899544283732905
98	7	2	-0.06473004694835693
98	7	3	-0.04747023809523809
98	7	4	-0.03603174603174597
98	8	0	-0.01630671686150187
98	8	1	-0.06345353675450771
98	8	2	-0.06265649452269173
98	8	3	-0.06184523809523801
98	8	4	-0.041924603174603225
98	9	0	-0.05196156132355856
98	9	1	-0.0685952050723202
98	9	2	0.002220266040688701
98	9	3	-0.0277777777777779
98	9	4	-0.06362103174603195
99	0	0	-0.055874777095304085
99	0	1	-0.017049732514365035
99	0	2	-0.05402973395931143
99	0	3	-0.0804960317460316
99	0	4	-0.05485119047619058
99	1	0	-0.08510005944125232
99	1	1	-0.023380225876758365
99	1	2	-0.013976917057902938
99	1	3	-0.08000992063492063
99	1	4	-0.019077380952380985
99	2	0	-0.04364969288686349
99	2	1	-0.060204081632653006
99	2	2	-0.058225743348982895
99	2	3	-0.041964285714285565
99	2	4	-0.0414781746031746
99	3	0	-0.022032890826233387
99	3	1	-0.05977808599167822
99	3	2	-0.054949139280125125
99	3	3	-0.014146825396825324
99	3	4	-0.08392857142857157
99	4	0	-0.03462452942341998
99	4	1	-0.04615613235585492
99	4	2	-0.02130281690140845
99	4	3	-0.05772817460317459
99	4	4	-0.04518849206349218
99	5	0	-0.06552407370715274
99	5	1	-0.08407965127798689
99	5	2	-0.03955399061032849
99	5	3	-0.059047619047619126
99	5	4	-0.0017559523809523858
99	6	0	-0.0446205666732713
99	6	1	-0.051416683178125644
99	6	2	-0.024726134585289494
99	6	3	-0.11757936507936506
99	6	4	-0.03786706349206348
99	7	0	-0.02270655835149593
99	7	1	-0.09654250049534374
99	7	2	-0.03303990610328644
99	7	3	-0.05687500000000001
99	7	4	-0.09093253968253967
99	8	0	-0.045353675450762854
99	8	1	-0.07021993263324755
99	8	2	-0.06513106416275427
99	8	3	-0.04116071428571422
99	8	4	-0.041309523809523796
99	9	0	-0.056399841489993885
99	9	1	-0.053873588270259565
99	9	2	-0.052034428794992094
99	9	3	-0.06317460317460322
99	9	4	-0.060565476190476364
