resample	repeat	fold	delta_auroc
0	0	0	-0.08483240223463706
0	0	1	-0.06149906890130363
0	0	2	0.002579143389199179
0	0	3	-0.04923184357541899
0	0	4	-0.056668050732296416
0	1	0	-0.027858472998137707
0	1	1	-0.01656424581005589
0	1	2	-0.05121042830540046
0	1	3	-0.09467008908349683
0	1	4	-0.038983466706930425
0	2	0	-0.04959962756052139
0	2	1	-0.05727188081936685
0	2	2	-0.05008379888268155
0	2	3	-0.03196247923901541
0	2	4	-0.043541446474407386
0	3	0	-0.027309124767225357
0	3	1	-0.04555865921787705
0	3	2	-0.06721601489757911
0	3	3	-0.013636192057979835
0	3	4	-0.03143401781669941
0	4	0	-0.028808193668528825
0	4	1	-0.06690875232774662
0	4	2	-0.03797951582867787
0	4	3	-0.05294994715385781
0	4	4	-0.040427298807187095
0	5	0	-0.05811918063314703
0	5	1	-0.08495344506517688
0	5	2	-0.04610800744878962
0	5	3	-0.06704854295636409
0	5	4	-0.04760871206401929
0	6	0	-0.023072625698324023
0	6	1	-0.010530726256983258
0	6	2	-0.0021973929236498435
0	6	3	-0.03665257436207159
0	6	4	-0.037143288539936536
0	7	0	-0.037309124767225255
0	7	1	-0.027476722532588593
0	7	2	-0.06300744878957165
0	7	3	-0.06796391363430476
0	7	4	-0.04149365846293218
0	8	0	-0.01291433891992555
0	8	1	-0.04848230912476725
0	8	2	-0.06128491620111731
0	8	3	-0.06716178468971779
0	8	4	0.00038690925562434586
0	9	0	-0.01886405959031645
0	9	1	-0.08534450651769088
0	9	2	-0.019748603351955163
0	9	3	-0.020978031103729533
0	9	4	-0.06982296542352417
1	0	0	-0.036424581005586654
1	0	1	-0.02808193668528869
1	0	2	-0.036564245810055906
1	0	3	-0.054912803865317716
1	0	4	-0.039068398006945504
1	1	0	-0.043994413407821176
1	1	1	-0.04146182495344508
1	1	2	-0.029739292364990733
1	1	3	-0.07711762041370962
1	1	4	-0.04204099350747392
1	2	0	-0.05650837988826807
1	2	1	-0.02726256983240205
1	2	2	-0.02745810055865916
1	2	3	-0.06366072776687293
1	2	4	-0.052459232975992864
1	3	0	-0.09952513966480447
1	3	1	-0.025679702048417075
1	3	2	-0.017541899441340658
1	3	3	-0.0652178016004833
1	3	4	-0.0229031405707385
1	4	0	-0.03445065176908757
1	4	1	-0.04896648044692753
1	4	2	-0.0497486033519553
1	4	3	-0.03987052695153248
1	4	4	0.02524346972670999
1	5	0	-0.04897579143389208
1	5	1	-0.0854655493482307
1	5	2	-0.04071694599627573
1	5	3	-0.008719613468216814
1	5	4	-0.0452400724747094
1	6	0	-0.051182495344506584
1	6	1	-0.03540037243947858
1	6	2	-0.03447858472998133
1	6	3	-0.03508606371734857
1	6	4	-0.06784123508983841
1	7	0	-0.03232774674115446
1	7	1	-0.02365921787709513
1	7	2	-0.0570856610800744
1	7	3	-0.07753284010267258
1	7	4	-0.04608938547486041
1	8	0	-0.029236499068901245
1	8	1	-0.09262569832402234
1	8	2	-0.043668528864059586
1	8	3	-0.071436660123811
1	8	4	-0.06754869394534202
1	9	0	-0.04739292364990677
1	9	1	-0.07419925512104275
1	9	2	-0.012746741154562313
1	9	3	-0.05055299713120953
1	9	4	-0.04306960591876807
2	0	0	-0.04282122905027952
2	0	1	-0.02789571694599635
2	0	2	-0.04751396648044692
2	0	3	-0.02429978861543103
2	0	4	-0.05663974029895802
2	1	0	-0.05065176908752311
2	1	1	-0.045288640595903096
2	1	2	-0.0330167597765364
2	1	3	-0.05528083949871654
2	1	4	-0.06875660576777898
2	2	0	-0.035605214152700126
2	2	1	-0.05127560521415264
2	2	2	-0.03189013035381749
2	2	3	-0.07224822587951063
2	2	4	-0.04847689868639593
2	3	0	-0.03540037243947869
2	3	1	-0.05084729981378033
2	3	2	-0.027905027932960902
2	3	3	-0.041871130907443765
2	3	4	-0.027668730182696777
2	4	0	-0.050642458100558785
2	4	1	-0.04617318435754192
2	4	2	-0.049152700186219755
2	4	3	-0.01510833459157479
2	4	4	-0.03491620111731841
2	5	0	-0.04202979515828664
2	5	1	-0.06552141527001853
2	5	2	-0.03889199255121045
2	5	3	-0.0014721425335950666
2	5	4	-0.035010569228446364
2	6	0	-0.09158286778398528
2	6	1	-0.03079143389199257
2	6	2	-0.07571694599627543
2	6	3	-0.056309451910010466
2	6	4	-0.07908047712516975
2	7	0	-0.019040968342644238
2	7	1	0.01766294227188059
2	7	2	-0.0634729981378026
2	7	3	-0.025101917560018117
2	7	4	-0.03354786350596428
2	8	0	-0.04943202979515826
2	8	1	-0.04540037243947859
2	8	2	-0.0272532588454375
2	8	3	-0.0868658462932207
2	8	4	-0.006794504001207846
2	9	0	-0.027579143389199312
2	9	1	-0.058538175046554786
2	9	2	-0.04521415270018614
2	9	3	-0.04329608938547502
2	9	4	-0.07003057526800549
3	0	0	-0.017476722532588473
3	0	1	-0.04436685288640607
3	0	2	-0.02779329608938541
3	0	3	-0.07884455684735014
3	0	4	-0.018930243092254218
3	1	0	-0.06567970204841711
3	1	1	-0.02163873370577274
3	1	2	-0.0453351955307264
3	1	3	-0.058064698776989165
3	1	4	-0.02877283708289291
3	2	0	-0.04914338919925498
3	2	1	-0.03240223463687153
3	2	2	-0.051843575418994314
3	2	3	-0.08964970557149321
3	2	4	-0.03741695606220752
3	3	0	-0.016843575418994394
3	3	1	-0.07259776536312856
3	3	2	-0.0829795158286778
3	3	3	-0.02512079118224364
3	3	4	-0.0304808998943078
3	4	0	-0.0631936685288641
3	4	1	-0.052914338919925585
3	4	2	-0.06235567970204847
3	4	3	-0.07033255322361465
3	4	4	-0.03891740902914087
3	5	0	-0.050856610800744995
3	5	1	-0.0228398510242086
3	5	2	-0.04679702048417145
3	5	3	-0.023280613015249862
3	5	4	-0.009908651668428248
3	6	0	-0.04129422718808207
3	6	1	-0.04363128491620116
3	6	2	-0.04093109869646172
3	6	3	-0.01773176808093002
3	6	4	-0.03444436056167899
3	7	0	-0.009124767225325847
3	7	1	-0.06864990689013051
3	7	2	-0.03186219739292362
3	7	3	-0.052959383964970685
3	7	4	-0.03206628416125623
3	8	0	-0.0424301675977653
3	8	1	-0.030418994413407785
3	8	2	-0.015763500931098573
3	8	3	-0.08500679450400128
3	8	4	-0.08042050430318592
3	9	0	-0.01108007448789583
3	9	1	-0.05137802607076347
3	9	2	-0.03242085661080063
3	9	3	-0.041144496451759105
3	9	4	-0.03453872867280694
4	0	0	-0.06398510242085675
4	0	1	-0.02732774674115468
4	0	2	-0.04916201117318442
4	0	3	-0.05240261210931596
4	0	4	-0.008483693190397101
4	1	0	-0.04645251396648031
4	1	1	-0.01357541899441328
4	1	2	-0.030055865921787772
4	1	3	-0.054412652876340006
4	1	4	-0.05601691076551418
4	2	0	-0.05729981378026072
4	2	1	-0.09142458100558659
4	2	2	-0.03938547486033517
4	2	3	-0.05510154008757351
4	2	4	-0.01577834818058288
4	3	0	-0.03129422718808195
4	3	1	-0.06558659217877105
4	3	2	-0.04491620111731842
4	3	3	-0.038304016306809685
4	3	4	-0.044390759474558505
4	4	0	-0.02549348230912485
4	4	1	-0.07145251396648045
4	4	2	-0.04815642458100555
4	4	3	-0.06875660576777887
4	4	4	0.01624075192510943
4	5	0	-0.03325884543761637
4	5	1	-0.08560521415270017
4	5	2	-0.01808193668528868
4	5	3	-0.04685376717499623
4	5	4	-0.04850520911973433
4	6	0	-0.05740223463687155
4	6	1	-0.05341713221601485
4	6	2	-0.03670391061452494
4	6	3	-0.030480899894307578
4	6	4	-0.023195681715234673
4	7	0	-0.024292364990688875
4	7	1	-0.027588454376163973
4	7	2	-0.0335754189944133
4	7	3	-0.04847689868639593
4	7	4	-0.061027857466405044
4	8	0	-0.06874301675977657
4	8	1	-0.030651769087523206
4	8	2	-0.017737430167597656
4	8	3	-0.06185829684433042
4	8	4	-0.03558621470632661
4	9	0	-0.031918063314711365
4	9	1	-0.07915270018621967
4	9	2	-0.04500931098696448
4	9	3	-0.04579684433036402
4	9	4	-0.07759889778046214
5	0	0	-0.037821229050279404
5	0	1	-0.0806424581005587
5	0	2	-0.07075418994413418
5	0	3	-0.045475992752529004
5	0	4	-0.09936018420655279
5	1	0	-0.03488826815642454
5	1	1	-0.05436685288640586
5	1	2	-0.04704841713221608
5	1	3	-0.017392042880869596
5	1	4	-0.05736637475464301
5	2	0	-0.03915270018621975
5	2	1	-0.036778398510242005
5	2	2	-0.019636871508379783
5	2	3	-0.08774346972670977
5	2	4	-0.044258644118979396
5	3	0	-0.03112662942271882
5	3	1	-0.06067970204841722
5	3	2	-0.06092178770949719
5	3	3	-0.07112524535708908
5	3	4	-0.01975124565906705
5	4	0	-0.0715270018621974
5	4	1	-0.036219739292364994
5	4	2	-0.06086592178770944
5	4	3	-0.037313151139966805
5	4	4	-0.0013400271780160677
5	5	0	-0.03586592178770953
5	5	1	-0.03469273743016754
5	5	2	-0.06276536312849168
5	5	3	-0.008870602446021447
5	5	4	-0.03313264381700143
5	6	0	-0.04465549348230924
5	6	1	-0.04045623836126622
5	6	2	-0.019543761638733614
5	6	3	-0.04731617091952278
5	6	4	-0.08413860788162453
5	7	0	-0.045940409683426386
5	7	1	-0.04189944134078216
5	7	2	-0.0003817504655492243
5	7	3	-0.05036426090895374
5	7	4	-0.09201834516080332
5	8	0	-0.03928305400372434
5	8	1	-0.02852886405959021
5	8	2	-0.014823091247672227
5	8	3	-0.049165785897629544
5	8	4	-0.07286161860184215
5	9	0	-0.04986964618249545
5	9	1	-0.030093109869646084
5	9	2	-0.008156424581005517
5	9	3	-0.03917220292918633
5	9	4	-0.024903744526649785
6	0	0	-0.04603351955307278
6	0	1	-0.05481378026070771
6	0	2	-0.019851024208566104
6	0	3	-0.027395062660425795
6	0	4	-0.06525554884493423
6	1	0	-0.0473649906890129
6	1	1	-0.04951582867783977
6	1	2	-0.026564245810055898
6	1	3	-0.05014721425335944
6	1	4	-0.0463064321304546
6	2	0	-0.06357541899441332
6	2	1	-0.05494413407821219
6	2	2	-0.04179702048417122
6	2	3	-0.059282047410538885
6	2	4	-0.052468669787105626
6	3	0	-0.039450651769087575
6	3	1	-0.044171322160149074
6	3	2	-0.0991061452513966
6	3	3	-0.05366714479842982
6	3	4	-0.039436433640344326
6	4	0	-0.045586592178770924
6	4	1	-0.045484171322160205
6	4	2	-0.04330540037243957
6	4	3	-0.03940812320700582
6	4	4	-0.06632190850067943
6	5	0	-0.05999068901303539
6	5	1	-0.03562383612662934
6	5	2	-0.005977653631284885
6	5	3	-0.044881473652423454
6	5	4	-0.02263890985958028
6	6	0	-0.04412476722532599
6	6	1	-0.008957169459962722
6	6	2	-0.0740130353817503
6	6	3	-0.041776762796315814
6	6	4	-0.04405103427449786
6	7	0	-0.012364990689012978
6	7	1	-0.05384543761638749
6	7	2	-0.045931098696461725
6	7	3	-0.059763324777291404
6	7	4	-0.06769968292314665
6	8	0	-0.01807262569832402
6	8	1	-0.061843575418994434
6	8	2	-0.0017970204841712967
6	8	3	-0.07584365091348344
6	8	4	-0.025488826815642573
6	9	0	-0.02359404096834261
6	9	1	-0.004999999999999893
6	9	2	-0.032039106145251406
6	9	3	-0.05312924656500084
6	9	4	-0.08578061301524997
7	0	0	-0.03056797020484181
7	0	1	-0.0699906890130354
7	0	2	-0.05698324022346368
7	0	3	-0.053421787709497126
7	0	4	-0.03509550052846133
7	1	0	-0.0405027932960893
7	1	1	-0.041620111731843434
7	1	2	-0.03367783985102424
7	1	3	-0.05974445115506566
7	1	4	-0.05374263928733203
7	2	0	-0.03777467411545632
7	2	1	-0.039590316573556716
7	2	2	-0.002355679702048308
7	2	3	-0.027621546127132524
7	2	4	-0.09952060999547041
7	3	0	-0.016713221601489803
7	3	1	-0.07916201117318433
7	3	2	-0.0425418994413409
7	3	3	-0.04366412501887362
7	3	4	-0.06518005435603214
7	4	0	-0.020074487895716975
7	4	1	-0.04059590316573558
7	4	2	-0.04069832402234641
7	4	3	-0.09913370073984595
7	4	4	0.03404801449494188
7	5	0	-0.04789571694599626
7	5	1	-0.07029795158286778
7	5	2	-0.04733705772811936
7	5	3	-0.04260720217424119
7	5	4	-0.038511626151291
7	6	0	-0.032150837988826786
7	6	1	-0.031592178770949664
7	6	2	-0.007271880819366916
7	6	3	-0.023733579948663763
7	6	4	-0.024431903971010027
7	7	0	-0.036890130353817385
7	7	1	-0.03552141527001873
7	7	2	-0.025875232774674073
7	7	3	-0.08491242639287344
7	7	4	-0.060584327344104016
7	8	0	-0.02854748603351953
7	8	1	-0.04363128491620105
7	8	2	0.0023463687150838686
7	8	3	-0.043890608485580684
7	8	4	-0.05678129246565011
7	9	0	-0.029459962756052116
7	9	1	-0.024068901303538115
7	9	2	-0.04038175046554926
7	9	3	-0.04573078665257446
7	9	4	-0.03945530726256985
8	0	0	-0.01139664804469287
8	0	1	-0.07853817504655503
8	0	2	-0.04907821229050291
8	0	3	-0.03538804167295795
8	0	4	-0.03292503397251989
8	1	0	-0.045726256983240066
8	1	1	-0.025502793296089288
8	1	2	-0.038044692737430275
8	1	3	-0.03518043182847641
8	1	4	-0.05344066133172287
8	2	0	-0.028500931098696336
8	2	1	-0.051191806331471246
8	2	2	-0.005549348230912354
8	2	3	-0.02926355126075786
8	2	4	-0.03704892042880881
8	3	0	-0.008770949720670385
8	3	1	-0.028826815642458148
8	3	2	-0.023640595903165695
8	3	3	-0.06408538426694854
8	3	4	0.009417937490563077
8	4	0	-0.07560521415270027
8	4	1	-0.04177839851024212
8	4	2	-0.06081936685288647
8	4	3	-0.04653291559716144
8	4	4	0.01194700286879058
8	5	0	-0.06873370577281179
8	5	1	-0.05059590316573548
8	5	2	-0.061648044692737436
8	5	3	-0.0638305903669032
8	5	4	-0.0356145251396649
8	6	0	-0.0617877094972068
8	6	1	-0.06298882681564244
8	6	2	-0.054767225325884517
8	6	3	-0.00866299260154002
8	6	4	-0.07211611052393174
8	7	0	0.0030167597765363707
8	7	1	-0.014450651769087663
8	7	2	0.005251396648044748
8	7	3	-0.07953344405858387
8	7	4	-0.03462365997282213
8	8	0	-0.0087243947858473
8	8	1	-0.048724394785847225
8	8	2	-0.029013035381750485
8	8	3	-0.07199343197946562
8	8	4	-0.018316850369923143
8	9	0	-0.041731843575418925
8	9	1	-0.06305400372439474
8	9	2	-0.02638733705772811
8	9	3	-0.0395496753736978
8	9	4	-0.03882304091801314
9	0	0	-0.0026815642458102307
9	0	1	-0.055800744878957254
9	0	2	-0.053770949720670425
9	0	3	-0.0722859731239619
9	0	4	-0.03717159897327493
9	1	0	-0.03674115456238347
9	1	1	-0.03520484171322147
9	1	2	-0.044301675977653665
9	1	3	-0.03112260304997727
9	1	4	-0.027253510493734034
9	2	0	0.013286778398510335
9	2	1	-0.05253258845437614
9	2	2	-0.010363128491620022
9	2	3	-0.08198701494790872
9	2	4	-0.0697380341235091
9	3	0	-0.023770949720670398
9	3	1	-0.04810986964618258
9	3	2	-0.038156424581005544
9	3	3	-0.03928544466253969
9	3	4	-0.024639513815491565
9	4	0	-0.03441340782122915
9	4	1	-0.07775605214152703
9	4	2	-0.05469273743016756
9	4	3	-0.046117695908198586
9	4	4	-0.03414238260606972
9	5	0	-0.029525139664804523
9	5	1	-0.06382681564245796
9	5	2	-0.06000000000000005
9	5	3	-0.029848633549750758
9	5	4	-0.003472746489506351
9	6	0	-0.07434823091247678
9	6	1	-0.02918994413407827
9	6	2	-0.0230540037243947
9	6	3	-0.03180205345009812
9	6	4	-0.035699456439679866
9	7	0	-0.00592178770949725
9	7	1	-0.02917132216014906
9	7	2	-0.049264432029795024
9	7	3	-0.031264155216669254
9	7	4	-0.031028234938849653
9	8	0	-0.02736499068901299
9	8	1	-0.03704841713221585
9	8	2	-0.00551210428305382
9	8	3	-0.06851124867884661
9	8	4	-0.012409406613317353
9	9	0	-0.04918063314711352
9	9	1	-0.008258845437616347
9	9	2	-0.001070763500931049
9	9	3	-0.06304733504454185
9	9	4	-0.01559904876943985
10	0	0	-0.017886405959031793
10	0	1	-0.007774674115456293
10	0	2	-0.054432029795158376
10	0	3	-0.023101313604106832
10	0	4	-0.09039521364940362
10	1	0	-0.031778398510242
10	1	1	0.013780260707635161
10	1	2	-0.0555307262569833
10	1	3	-0.041333232674014786
10	1	4	-0.03283066586139205
10	2	0	-0.036769087523277344
10	2	1	-0.07805400372439475
10	2	2	-0.024962756052141488
10	2	3	-0.06199984901102218
10	2	4	-0.021213951381549245
10	3	0	-0.08955307262569845
10	3	1	-0.04727188081936684
10	3	2	-0.06284916201117308
10	3	3	-0.03964404348482564
10	3	4	-0.05900837988826835
10	4	0	-0.06234636871508381
10	4	1	-0.05842644320297963
10	4	2	-0.049692737430167666
10	4	3	-0.023016382304091754
10	4	4	-0.04943001660878754
10	5	0	-0.05692737430167594
10	5	1	-0.06181564245810056
10	5	2	-0.07208566108007464
10	5	3	0.011494035935376679
10	5	4	-0.03253812471689577
10	6	0	-0.056359404096834265
10	6	1	-0.03415270018621974
10	6	2	0.012895716945996338
10	6	3	-0.054318284765212166
10	6	4	-0.018430092103276396
10	7	0	-0.017048417132216054
10	7	1	-0.03360335195530739
10	7	2	-0.042262569832402175
10	7	3	-0.054629699531934306
10	7	4	-0.05971614072172737
10	8	0	-0.002430167597765376
10	8	1	-0.040959031657355593
10	8	2	-0.06309124767225316
10	8	3	-0.0625566208666769
10	8	4	-0.02218594292616649
10	9	0	-0.04270018621973937
10	9	1	-0.0464990689013034
10	9	2	-0.021061452513966405
10	9	3	-0.03774724445115518
10	9	4	-0.06834138607881624
11	0	0	-0.017895716945996454
11	0	1	-0.06385474860335205
11	0	2	-0.02237430167597776
11	0	3	-0.012617016457798558
11	0	4	-0.015183829080476996
11	1	0	-0.05746741154562374
11	1	1	-0.04814711359404078
11	1	2	-0.0430819366852887
11	1	3	-0.030424279027630896
11	1	4	-0.021478182092707243
11	2	0	-0.021042830540037194
11	2	1	-0.058202979515828646
11	2	2	-0.04695530726256969
11	2	3	-0.01943039408123204
11	2	4	-0.018817001358900964
11	3	0	-0.042039106145251415
11	3	1	-0.05315642458100556
11	3	2	-0.042905027932960915
11	3	3	-0.04139929035180434
11	3	4	-0.007936358145855471
11	4	0	-0.056675977653631304
11	4	1	-0.043975791433891964
11	4	2	-0.05166666666666664
11	4	3	-0.03089611958327043
11	4	4	-0.0018118677336553812
11	5	0	-0.05794227188081935
11	5	1	-0.06135009310986961
11	5	2	-0.036098696461825064
11	5	3	-0.08065642458100564
11	5	4	-0.04660841008606387
11	6	0	-0.03883612662942282
11	6	1	-0.02079143389199245
11	6	2	0.008575418994413608
11	6	3	-0.05984825607730637
11	6	4	-0.04208817756303784
11	7	0	-0.02175977653631278
11	7	1	-0.03413407821229064
11	7	2	-0.03972998137802597
11	7	3	-0.08321380039257142
11	7	4	-0.08204363581458562
11	8	0	-0.02433891992551218
11	8	1	-0.04728119180633139
11	8	2	-0.05909683426443191
11	8	3	-0.0436169409633097
11	8	4	-0.05542239166540852
11	9	0	-0.022756052141526983
11	9	1	-0.0558752327746741
11	9	2	-0.027309124767225246
11	9	3	-0.056790729276762986
11	9	4	-0.03549184659519866
12	0	0	-0.02442271880819369
12	0	1	-0.04470204841713232
12	0	2	-0.04276536312849166
12	0	3	-0.06668994413407825
12	0	4	-0.08198701494790872
12	1	0	-0.049897579143389215
12	1	1	-0.018277467411545567
12	1	2	-0.07286778398510252
12	1	3	-0.02242186320398598
12	1	4	-0.01402310131360418
12	2	0	-0.03402234636871504
12	2	1	-0.0453538175046555
12	2	2	0.024804469273743135
12	2	3	-0.005586592178770888
12	2	4	-0.009531179223916775
12	3	0	-0.08150837988826809
12	3	1	-0.050540037243947844
12	3	2	-0.058500931098696474
12	3	3	-0.07485278574664056
12	3	4	-0.0542050430318588
12	4	0	-0.028724394785847207
12	4	1	-0.049897579143389215
12	4	2	-0.04389199255121046
12	4	3	-0.05101540087573597
12	4	4	-0.05879133323267405
12	5	0	-0.03247672253258849
12	5	1	-0.0542737430167598
12	5	2	0.002467411545623799
12	5	3	-0.05452589460969359
12	5	4	0.001698626000301906
12	6	0	-0.08959962756052153
12	6	1	-0.04056797020484171
12	6	2	-0.050884543761638645
12	6	3	0.0024913181337762325
12	6	4	-0.0682942020232522
12	7	0	-0.0702048417132215
12	7	1	-0.04445065176908769
12	7	2	-0.05062383612662935
12	7	3	-0.05736637475464301
12	7	4	-0.04379624037445273
12	8	0	-0.01561452513966477
12	8	1	-0.047206703910614545
12	8	2	-0.0241154562383612
12	8	3	-0.059725577532840246
12	8	4	-0.03784161256228302
12	9	0	-0.009999999999999898
12	9	1	-0.032243947858472954
12	9	2	-0.029674115456238326
12	9	3	-0.06082024762192373
12	9	4	-0.04926959081987026
13	0	0	-0.03959031657355694
13	0	1	-0.04533519553072629
13	0	2	-0.05513035381750475
13	0	3	-0.08333647893703766
13	0	4	-0.08596934923750554
13	1	0	-0.008361266294227065
13	1	1	-0.0747951582867783
13	1	2	-0.096685288640596
13	1	3	-0.06761475162313135
13	1	4	-0.04710856107504169
13	2	0	-0.06199255121042824
13	2	1	-0.046666666666666634
13	2	2	-0.0118435754189945
13	2	3	-0.05841386078816224
13	2	4	-0.07691944738034129
13	3	0	-0.04770949720670392
13	3	1	-0.05930167597765368
13	3	2	-0.045921787709497175
13	3	3	-0.028640721727314022
13	3	4	-0.04085195530726271
13	4	0	-0.05577281191806327
13	4	1	-0.0645344506517691
13	4	2	-0.04952513966480443
13	4	3	-0.05748905329910914
13	4	4	-0.020308017514721444
13	5	0	-0.04858472998137797
13	5	1	-0.02596834264432024
13	5	2	-0.0324301675977654
13	5	3	-0.03508606371734868
13	5	4	-0.04129548542956374
13	6	0	-0.0071415270018622135
13	6	1	-0.035707635009310956
13	6	2	-0.05580074487895703
13	6	3	-0.0582723086214707
13	6	4	-0.027045900649252608
13	7	0	-0.02875232774674108
13	7	1	-0.029767225325884716
13	7	2	-0.013538175046554857
13	7	3	-0.06871885852332793
13	7	4	-0.036595953495394906
13	8	0	-0.0328212290502794
13	8	1	-0.02703910614525129
13	8	2	-0.008137802607076305
13	8	3	-0.05541295485429576
13	8	4	-0.018562207458855506
13	9	0	-0.03786778398510249
13	9	1	-0.059506517690875116
13	9	2	0.005940409683426573
13	9	3	-0.08706401932658925
13	9	4	-0.033481805828174616
14	0	0	-0.04802607076350107
14	0	1	-0.05655493482309126
14	0	2	-0.07268156424581007
14	0	3	-0.04825041521968898
14	0	4	-0.02588517288237946
14	1	0	-0.05037243947858461
14	1	1	-0.030400372439478462
14	1	2	-0.011154562383612787
14	1	3	-0.05091159595349537
14	1	4	-0.04229578740751927
14	2	0	-0.04837057728119176
14	2	1	-0.07126629422718811
14	2	2	-0.013826815642457913
14	2	3	-0.025007549448890165
14	2	4	0.0019722935225727767
14	3	0	-0.02895716945996285
14	3	1	-0.025437616387337103
14	3	2	-0.036890130353817496
14	3	3	-0.05357277668730187
14	3	4	-0.04796731088630546
14	4	0	-0.05057728119180627
14	4	1	-0.03679702048417133
14	4	2	-0.052374301675977675
14	4	3	-0.07647591725804026
14	4	4	-0.03453872867280694
14	5	0	-0.050977653631284925
14	5	1	-0.06496275605214141
14	5	2	-0.05510242085661088
14	5	3	-0.04075758719613476
14	5	4	-0.004510795711913151
14	6	0	-0.050968342644320375
14	6	1	-0.0032960893854748763
14	6	2	-0.013035381750465591
14	6	3	-0.08567680809300915
14	6	4	-0.10338970255171365
14	7	0	0.0006890130353818247
14	7	1	-0.04757914338919933
14	7	2	-0.023500931098696443
14	7	3	-0.07273894005737602
14	7	4	-0.02326173939302445
14	8	0	-0.023398510242085613
14	8	1	-0.02249534450651769
14	8	2	0.010055865921787865
14	8	3	-0.0739657255020385
14	8	4	-0.08525215159293376
14	9	0	-0.06918063314711353
14	9	1	-0.027746741154562216
14	9	2	-0.019748603351955385
14	9	3	-0.04374905631888881
14	9	4	-0.04008757360712678
15	0	0	-0.05285847299813784
15	0	1	-0.10230912476722542
15	0	2	-0.02787709497206703
15	0	3	-0.0760135135135136
15	0	4	-0.0420221198852484
15	1	0	-0.035251396648044664
15	1	1	-0.013752327746741067
15	1	2	-0.08005586592178782
15	1	3	-0.03708666767325974
15	1	4	-0.03187754793900044
15	2	0	-0.054413407821229054
15	2	1	-0.08566108007448792
15	2	2	0.014981378026070802
15	2	3	-0.01854333383662987
15	2	4	-0.07043635814585547
15	3	0	-0.014273743016759877
15	3	1	-0.08256052141527004
15	3	2	-0.02196461824953433
15	3	3	-0.029792012683074187
15	3	4	-0.05573380643213066
15	4	0	-0.03970204841713232
15	4	1	-0.07442271880819362
15	4	2	-0.03823091247672239
15	4	3	-0.04855239317529825
15	4	4	-0.04116337007398452
15	5	0	-0.049348230912476754
15	5	1	-0.0833240223463686
15	5	2	-0.053016759776536415
15	5	3	-0.0216480446927374
15	5	4	-0.03576551411746942
15	6	0	-0.024962756052141488
15	6	1	-0.038054003724394825
15	6	2	-0.06168528864059575
15	6	3	-0.04323946851879801
15	6	4	-0.09150875736071262
15	7	0	-0.04093109869646172
15	7	1	-0.026759776536313007
15	7	2	-0.03760707635009308
15	7	3	-0.04259776536312854
15	7	4	-0.10271025215159302
15	8	0	-0.04787709497206705
15	8	1	-0.04135940409683425
15	8	2	-0.06461824953445061
15	8	3	-0.04884493431979475
15	8	4	-0.006483089234485817
15	9	0	-0.0398324022346368
15	9	1	-0.013165735567970183
15	9	2	-0.0027467411545623044
15	9	3	-0.01799599879208824
15	9	4	-0.043711309074437654
16	0	0	-0.03917132216014918
16	0	1	-0.045270018621973995
16	0	2	-0.052793296089385544
16	0	3	-0.0709553827570587
16	0	4	-0.0456364185414464
16	1	0	-0.06707635009310986
16	1	1	-0.07111731843575408
16	1	2	-0.011973929236499092
16	1	3	-0.06295296693341379
16	1	4	-0.046787709497206786
16	2	0	-0.045065176908752225
16	2	1	-0.07139664804469259
16	2	2	-0.05566108007448789
16	2	3	-0.02831987014947901
16	2	4	-0.025856862449041396
16	3	0	-0.06956238361266309
16	3	1	-0.07996275605214154
16	3	2	-0.034497206703910654
16	3	3	-0.032528687905782894
16	3	4	-0.052780084553827766
16	4	0	-0.054301675977653674
16	4	1	-0.06326815642458106
16	4	2	-0.07032588454376176
16	4	3	0.007540012079118252
16	4	4	-0.04212592480748911
16	5	0	-0.03228119180633149
16	5	1	-0.058975791433891867
16	5	2	-0.03844506517690882
16	5	3	-0.010890080024158255
16	5	4	-0.07825003774724448
16	6	0	-0.05831471135940414
16	6	1	-0.06932960893854745
16	6	2	-0.049674115456238344
16	6	3	-0.026630680960289865
16	6	4	-0.04825985203080185
16	7	0	0.025754189944134143
16	7	1	-0.01937616387337071
16	7	2	-0.060884543761638654
16	7	3	-0.01695794956968144
16	7	4	-0.04509852030801764
16	8	0	0.011145251396648126
16	8	1	-0.029525139664804412
16	8	2	-0.0017132216014897894
16	8	3	-0.05780046806583128
16	8	4	-0.027857466404952458
16	9	0	-0.03865921787709492
16	9	1	-0.0663966480446927
16	9	2	-0.0013873370577280886
16	9	3	-0.011484599124264028
16	9	4	-0.04104069152951839
17	0	0	-0.033864059590316686
17	0	1	-0.042448789571694734
17	0	2	-0.050121042830540086
17	0	3	-0.0816756001811868
17	0	4	-0.07217273139060842
17	1	0	-0.052811918063314756
17	1	1	-0.056592178770949686
17	1	2	-0.040642458100558665
17	1	3	-0.06717122150083032
17	1	4	-0.027093084704816528
17	2	0	-0.044413407821229045
17	2	1	-0.035148975791433834
17	2	2	-0.017579143389199192
17	2	3	-0.010890080024158144
17	2	4	-0.008861165634908796
17	3	0	-0.09727188081936688
17	3	1	-0.05223463687150831
17	3	2	-0.06051210428305398
17	3	3	-0.036312849162011274
17	3	4	-0.015032840102672695
17	4	0	-0.06394785847299822
17	4	1	-0.05641527001862201
17	4	2	-0.053351955307262555
17	4	3	-0.05748905329910903
17	4	4	-0.02434697267099495
17	5	0	-0.03399441340782128
17	5	1	-0.038929236499068876
17	5	2	-0.03531657355679707
17	5	3	-0.057743847199154485
17	5	4	0.009087649101615525
17	6	0	-0.048919925512104334
17	6	1	-0.015474860335195406
17	6	2	-0.03347299813780247
17	6	3	-0.05987656651064466
17	6	4	-0.05497886154310727
17	7	0	-0.043454376163873265
17	7	1	-0.06202979515828688
17	7	2	-0.04035381750465539
17	7	3	-0.10215348029593851
17	7	4	-0.046561226030499725
17	8	0	-0.02282122905027939
17	8	1	-0.05705772811918064
17	8	2	-0.04158286778398501
17	8	3	-0.09669900347274663
17	8	4	-0.04609882228597317
17	9	0	-0.060893854748603315
17	9	1	-0.04308193668528859
17	9	2	-0.0008007448789570937
17	9	3	-0.0034916201117319856
17	9	4	-0.054667446776385464
18	0	0	-0.007169459962756197
18	0	1	0.007430167597765269
18	0	2	-0.08348230912476717
18	0	3	-0.06434961497810665
18	0	4	0.005463913634304651
18	1	0	-0.04078212290502781
18	1	1	-0.06146182495344499
18	1	2	-0.035363128491620266
18	1	3	-0.025196285671145846
18	1	4	-0.038209648195681734
18	2	0	-0.0406797020484172
18	2	1	-0.04052141527001851
18	2	2	-0.03948789571694589
18	2	3	-0.048108863052997
18	2	4	-0.03661482711762054
18	3	0	-0.03833333333333333
18	3	1	-0.0646648044692738
18	3	2	-0.07443202979515828
18	3	3	-0.050798354220142006
18	3	4	-0.029282424882983715
18	4	0	-0.052495344506517716
18	4	1	-0.048286778398510255
18	4	2	-0.0469553072625698
18	4	3	-0.060584327344103905
18	4	4	-0.07960893854748607
18	5	0	-0.0694040968342644
18	5	1	-0.055931098696461956
18	5	2	-0.04586592178770954
18	5	3	-0.02376189038200216
18	5	4	-0.06059376415521667
18	6	0	-0.015810055865921768
18	6	1	-0.004366852886405925
18	6	2	-0.048510242085661015
18	6	3	-0.0711158085459761
18	6	4	-0.02593235693794338
18	7	0	-0.06970204841713212
18	7	1	-0.011536312849162123
18	7	2	-0.01938547486033504
18	7	3	-0.05132681564245822
18	7	4	-0.03217008908349683
18	8	0	0.009208566108007465
18	8	1	-0.038491620111731906
18	8	2	-0.021703910614525035
18	8	3	-0.08701683527102522
18	8	4	-0.028329306960591882
18	9	0	-0.02819366852886407
18	9	1	-0.09228119180633143
18	9	2	-0.030195530726256914
18	9	3	-0.054308847954099404
18	9	4	-0.017599652725351245
19	0	0	-0.03864990689013048
19	0	1	-0.08125698324022357
19	0	2	-0.04859404096834263
19	0	3	-0.056979465499018556
19	0	4	-0.04019137852936727
19	1	0	-0.035903165735567955
19	1	1	-0.03770949720670391
19	1	2	-0.036862197392923735
19	1	3	-0.0021610297448286797
19	1	4	-0.059536841310584454
19	2	0	-0.028780260707634953
19	2	1	-0.06951582867783979
19	2	2	-0.011340782122905013
19	2	3	-0.05320474105390294
19	2	4	-0.028735089838441863
19	3	0	-0.02509310986964619
19	3	1	-0.04382681564245816
19	3	2	-0.06993482309124766
19	3	3	-0.007681564245810124
19	3	4	-0.06184886003321777
19	4	0	-0.06061452513966481
19	4	1	-0.09772811918063318
19	4	2	-0.04584729981378044
19	4	3	-0.04445681715234784
19	4	4	-0.01285293673561827
19	5	0	-0.06932960893854745
19	5	1	-0.04298882681564231
19	5	2	-0.04875232774674132
19	5	3	-0.05875358598822278
19	5	4	-0.03954023856258493
19	6	0	-0.05471135940409699
19	6	1	-0.044860335195530676
19	6	2	-0.0016759776536312554
19	6	3	-0.04752378076400421
19	6	4	-0.030820625094368004
19	7	0	-0.034739292364990626
19	7	1	-0.043854748603352145
19	7	2	-0.03131284916201116
19	7	3	-0.049307338064321415
19	7	4	-0.04527781971916067
19	8	0	-0.058724394785847345
19	8	1	-0.06947858472998136
19	8	2	0.00022346368715087106
19	8	3	-0.06325494488902317
19	8	4	-0.05378982334289595
19	9	0	-0.07610800744878954
19	9	1	-0.09326815642458097
19	9	2	-0.029096834264431992
19	9	3	-0.04561754491922099
19	9	4	-0.06538766420051345
20	0	0	-0.02412476722532597
20	0	1	-0.010251396648044864
20	0	2	-0.03754189944134079
20	0	3	-0.059017816699381
20	0	4	-0.08900800241582352
20	1	0	-0.05392923649906878
20	1	1	-0.04457169459962751
20	1	2	-0.046219739292365114
20	1	3	-0.03749245055110961
20	1	4	-0.06230182696663156
20	2	0	-0.08948789571694593
20	2	1	-0.06202048417132211
20	2	2	-0.051741154562383596
20	2	3	-0.0468065831194322
20	2	4	-0.022431300015099076
20	3	0	-0.025856610800744972
20	3	1	-0.03372439478584732
20	3	2	-0.04380819366852884
20	3	3	-0.050656802053450134
20	3	4	-0.04386229805224229
20	4	0	-0.026443202979515745
20	4	1	-0.08088454376163867
20	4	2	-0.06028864059590311
20	4	3	-0.08661105239317535
20	4	4	-0.027923524082741902
20	5	0	-0.037635009310986955
20	5	1	-0.06857541899441333
20	5	2	-0.09636871508379896
20	5	3	-0.060980673410841124
20	5	4	-0.05555450702098752
20	6	0	-0.04323091247672273
20	6	1	-0.02594040968342648
20	6	2	0.010567970204841792
20	6	3	-0.04103125471840552
20	6	4	-0.08142080628114146
20	7	0	-0.04714152700186214
20	7	1	-0.07874301675977669
20	7	2	-0.05514897579143385
20	7	3	-0.07477729125773835
20	7	4	-0.06496300770043795
20	8	0	-0.027476722532588482
20	8	1	-0.054553072625698196
20	8	2	-0.06105214152700178
20	8	3	-0.06451947757813692
20	8	4	-0.012900120791182301
20	9	0	-0.02467411545623832
20	9	1	-0.07683426443202968
20	9	2	-0.03746741154562372
20	9	3	0.009597236901706108
20	9	4	-0.04126717499622534
21	0	0	-0.0070670391061453675
21	0	1	-0.048184357541899536
21	0	2	-0.037206703910614536
21	0	3	-0.01722218028083955
21	0	4	-0.03279291861694089
21	1	0	-0.06405027932960883
21	1	1	-0.031918063314711254
21	1	2	-0.02433891992551218
21	1	3	-0.061943228144345275
21	1	4	-0.012749131813377668
21	2	0	-0.0041154562383611815
21	2	1	-0.06625698324022333
21	2	2	-0.05020484171322159
21	2	3	-0.04257889174090279
21	2	4	-0.02322399214857329
21	3	0	-0.03572625698324017
21	3	1	-0.0638175046554934
21	3	2	-0.036117318435754164
21	3	3	-0.046381926619356806
21	3	4	-0.042314661029744904
21	4	0	-0.03650837988826816
21	4	1	-0.038715083798882666
21	4	2	-0.04993482309124764
21	4	3	-0.0716725804016306
21	4	4	-0.03816246414011781
21	5	0	-0.05789571694599627
21	5	1	-0.09364059590316565
21	5	2	-0.058938547486033555
21	5	3	-0.02159142382606072
21	5	4	0.011192057979767411
21	6	0	-0.02756983240223465
21	6	1	-0.0501396648044693
21	6	2	-0.025791433891992344
21	6	3	-0.06743545221198843
21	6	4	-0.0355012834063112
21	7	0	-0.03594972067039093
21	7	1	-0.06257914338919934
21	7	2	-0.06300744878957176
21	7	3	-0.04846746187528328
21	7	4	-0.045381624641401275
21	8	0	-0.030726256983240274
21	8	1	-0.0539478584729981
21	8	2	-0.01819366852886395
21	8	3	-0.044711611052393296
21	8	4	-0.03836063717348637
21	9	0	-0.046219739292365
21	9	1	-0.06146182495344499
21	9	2	-0.04770949720670381
21	9	3	-0.04603276460818362
21	9	4	-0.08028838894760693
22	0	0	0.003947858472998056
22	0	1	-0.03951582867783987
22	0	2	-0.03366852886405969
22	0	3	-0.004671221500830436
22	0	4	-0.04692926166389855
22	1	0	-0.03610800744878939
22	1	1	-0.03562383612662934
22	1	2	-0.041824953445065205
22	1	3	-0.06482145553374596
22	1	4	-0.05574324324324331
22	2	0	-0.0005865921787708839
22	2	1	-0.05837057728119177
22	2	2	-0.04503724394785835
22	2	3	-0.0634531179223915
22	2	4	0.0019439830892343801
22	3	0	-0.07142458100558668
22	3	1	-0.04331471135940412
22	3	2	-0.04983240223463681
22	3	3	-0.06182998641099213
22	3	4	-0.04563641854144662
22	4	0	-0.03252327746741157
22	4	1	-0.04504655493482301
22	4	2	-0.0717877094972067
22	4	3	-0.04540049826362669
22	4	4	0.011739393024309153
22	5	0	-0.02045623836126642
22	5	1	-0.10649906890130356
22	5	2	-0.059804469273743166
22	5	3	-0.052742337309376386
22	5	4	-0.027810282349388538
22	6	0	-0.053547486033519665
22	6	1	-0.012532588454376103
22	6	2	-0.07038175046554929
22	6	3	-0.03490676430620554
22	6	4	-0.021213951381549134
22	7	0	-0.06718808193668524
22	7	1	-0.032243947858473065
22	7	2	-0.022253258845437607
22	7	3	-0.05847991846595224
22	7	4	-0.07180469575720982
22	8	0	-0.05641527001862201
22	8	1	-0.026759776536312785
22	8	2	-0.02229050279329603
22	8	3	-0.04902423373093767
22	8	4	-0.030858372338819273
22	9	0	-0.030409683426443124
22	9	1	-0.04260707635009309
22	9	2	-0.0051489757914338075
22	9	3	-0.09448135286124126
22	9	4	-0.01784500981428372
23	0	0	-0.03671322160148982
23	0	1	-0.07314711359404102
23	0	2	-0.027216014897579077
23	0	3	-0.06265098897780463
23	0	4	-0.05595085308772452
23	1	0	-0.037001862197392876
23	1	1	-0.03337057728119175
23	1	2	-0.05078212290502804
23	1	3	-0.05862147063264367
23	1	4	-0.06254718405556403
23	2	0	-0.011163873370577337
23	2	1	-0.06374301675977645
23	2	2	-0.01054934823091247
23	2	3	-0.024913181337762214
23	2	4	-0.041455911218481134
23	3	0	-0.050428305400372464
23	3	1	-0.04180633147113599
23	3	2	-0.06355679702048422
23	3	3	-0.034114072172731436
23	3	4	-0.04116337007398474
23	4	0	-0.029851024208566113
23	4	1	-0.09377094972067046
23	4	2	-0.05803538175046552
23	4	3	-0.0012079118224369578
23	4	4	-0.042673259852030854
23	5	0	-0.06315642458100557
23	5	1	-0.08351024208566105
23	5	2	-0.032132216014897685
23	5	3	-0.04445681715234784
23	5	4	-0.03384984146157333
23	6	0	-0.03691806331471148
23	6	1	-0.043240223463687166
23	6	2	-0.036973929236499004
23	6	3	-0.02651743922693639
23	6	4	-0.046061075041521904
23	7	0	-0.027430167597765287
23	7	1	-0.05422718808193683
23	7	2	-0.051852886405958865
23	7	3	-0.038653178317982984
23	7	4	-0.07828778499169564
23	8	0	-0.04703910614525131
23	8	1	-0.06980446927374306
23	8	2	-0.05230912476722527
23	8	3	-0.04972255775328405
23	8	4	-0.040785897629473045
23	9	0	-0.018566108007448734
23	9	1	-0.023975791433891946
23	9	2	-0.03759776536312853
23	9	3	-0.08780952740449954
23	9	4	-0.05455420504303188
24	0	0	-0.0009869646182495417
24	0	1	-0.06597765363128505
24	0	2	-0.021797020484171314
24	0	3	-0.04424920730786652
24	0	4	-0.055573380643213044
24	1	0	-0.05810986964618248
24	1	1	-0.011601489757914196
24	1	2	-0.048286778398510255
24	1	3	-0.05004340933111873
24	1	4	-0.014702551713725032
24	2	0	-0.06441340782122906
24	2	1	-0.08675046554934829
24	2	2	-0.05899441340782119
24	2	3	-0.04929790125320843
24	2	4	-0.03925713422920141
24	3	0	-0.04242085661080075
24	3	1	-0.053575418994413315
24	3	2	-0.020186219739292355
24	3	3	-0.022327495092858363
24	3	4	-0.03328363279480606
24	4	0	-0.022216014897579184
24	4	1	-0.03101489757914344
24	4	2	-0.04080074487895713
24	4	3	-0.03658651668428203
24	4	4	-0.028612411293975515
24	5	0	-0.08326815642458107
24	5	1	-0.027970204841713087
24	5	2	-0.06062383612662947
24	5	3	-0.006719009512305529
24	5	4	-0.029320172127434763
24	6	0	-0.044683426443203
24	6	1	-0.029683426443202987
24	6	2	-0.027728119180633004
24	6	3	-0.0654537218783029
24	6	4	-0.04833534651970406
24	7	0	-0.03577281191806325
24	7	1	-0.033975791433892066
24	7	2	-0.05096834264432015
24	7	3	-0.055394081232070236
24	7	4	-0.04406047108561084
24	8	0	-0.057644320297951634
24	8	1	-0.04791433891992547
24	8	2	-0.0218621973929235
24	8	3	-0.054308847954099404
24	8	4	-0.08665823644873927
24	9	0	-0.08059590316573562
24	9	1	-0.06112662942271885
24	9	2	-0.052905027932960924
24	9	3	-0.03954023856258493
24	9	4	-0.05072285973123969
25	0	0	-0.04216945996275612
25	0	1	-0.035791433891992686
25	0	2	-0.04350093109869646
25	0	3	-0.05100596406462321
25	0	4	-0.05461082590970845
25	1	0	-0.05740223463687144
25	1	1	-0.013640595903165686
25	1	2	-0.062067039106145305
25	1	3	-0.01384380190246104
25	1	4	-0.03080175147214259
25	2	0	-0.0662011173184357
25	2	1	-0.04891992551210422
25	2	2	-0.07716014897579138
25	2	3	-0.03508606371734857
25	2	4	-0.002906537822738975
25	3	0	-0.023445065176908808
25	3	1	-0.0484729981378027
25	3	2	-0.04252327746741158
25	3	3	-0.07423939302430937
25	3	4	-0.0075966329457950454
25	4	0	-0.05562383612662947
25	4	1	-0.044404096834264384
25	4	2	-0.042681564245810155
25	4	3	-0.03323644873924203
25	4	4	-0.01713724898082447
25	5	0	-0.02811918063314711
25	5	1	-0.04943202979515826
25	5	2	-0.07082867783985114
25	5	3	-0.06452891438924957
25	5	4	-0.04402272384115968
25	6	0	-0.027932960893854775
25	6	1	-0.06756983240223469
25	6	2	-0.05461824953445049
25	6	3	-0.009955835723992168
25	6	4	-0.027423373093764192
25	7	0	-0.03605214152700187
25	7	1	-0.03932029795158298
25	7	2	-0.042588454376163765
25	7	3	-0.10848558055261981
25	7	4	-0.05443152649856575
25	8	0	0.0002979515828678281
25	8	1	-0.051629422718808105
25	8	2	-0.03249534450651759
25	8	3	-0.07056847350143447
25	8	4	-0.02681941718254577
25	9	0	-0.07467411545623837
25	9	1	-0.05606145251396644
25	9	2	-0.04406890130353813
25	9	3	-0.03547297297297314
25	9	4	-0.03339687452815954
26	0	0	-0.02667597765363139
26	0	1	-0.018026070763501045
26	0	2	-0.05375232774674121
26	0	3	-0.04581571795258943
26	0	4	-0.046249811263777696
26	1	0	-0.05891061452513957
26	1	1	-0.06916201117318432
26	1	2	-0.07411545623836124
26	1	3	-0.061122225577532774
26	1	4	-0.021308319492676975
26	2	0	-0.029459962756052116
26	2	1	-0.10599627560521396
26	2	2	-0.036787709497206666
26	2	3	-0.017335422014192914
26	2	4	-0.05973501434395301
26	3	0	-0.07931098696461825
26	3	1	-0.03295158286778399
26	3	2	-0.03478584729981382
26	3	3	-0.01563679601389112
26	3	4	-0.03660539030650778
26	4	0	-0.046871508379888294
26	4	1	-0.07522346368715072
26	4	2	-0.07570763500931099
26	4	3	-0.06668050732296538
26	4	4	-0.03225502038351202
26	5	0	-0.037411545623836084
26	5	1	-0.03681564245810043
26	5	2	-0.038258845437616484
26	5	3	-0.030141174694247264
26	5	4	-0.03686962101766578
26	6	0	-0.03651769087523282
26	6	1	-0.047430167597765416
26	6	2	-0.0405214152700184
26	6	3	-0.057828778499169564
26	6	4	-0.134918088479541
26	7	0	-0.033538175046554874
26	7	1	-0.06233705772811926
26	7	2	-0.027644320297951608
26	7	3	-0.05374263928733214
26	7	4	-0.036945115506568094
26	8	0	-0.029664804469273776
26	8	1	-0.039134078212290424
26	8	2	-0.021070763500931067
26	8	3	-0.06756756756756777
26	8	4	-0.03485014343952897
26	9	0	-0.025661080074487752
26	9	1	-0.04907821229050269
26	9	2	-0.005986964618249435
26	9	3	-0.04690095123056026
26	9	4	-0.024111052393175347
27	0	0	-0.061052141527002
27	0	1	-0.07320297951582866
27	0	2	-0.032448789571694725
27	0	3	-0.07871244149177103
27	0	4	-0.06853012230107192
27	1	0	-0.020111731843575287
27	1	1	-0.06010242085661077
27	1	2	-0.05079143389199259
27	1	3	-0.05271402687603788
27	1	4	-0.006152800845538375
27	2	0	-0.037635009310986955
27	2	1	-0.06321229050279331
27	2	2	-0.016108007448789485
27	2	3	-0.05330854597614365
27	2	4	-0.022884266948512977
27	3	0	-0.04725325884543763
27	3	1	-0.05289571694599626
27	3	2	-0.05782122905027931
27	3	3	-0.06068813226634462
27	3	4	-0.021968896270572413
27	4	0	-0.056666666666666754
27	4	1	-0.049255121042830585
27	4	2	-0.019944134078212272
27	4	3	-0.07999584780311031
27	4	4	0.003925713422920141
27	5	0	-0.051843575418994314
27	5	1	-0.06498137802607062
27	5	2	-0.056675977653631415
27	5	3	-0.015636796013891008
27	5	4	-0.01212630227993361
27	6	0	-0.07595903165735574
27	6	1	-0.02702048417132208
27	6	2	-0.04459962756052138
27	6	3	-0.06755813075645478
27	6	4	-0.048448588253057534
27	7	0	-0.03554934823091238
27	7	1	-0.043445065176908826
27	7	2	-0.049692737430167444
27	7	3	-0.06059376415521678
27	7	4	-0.0723142835573003
27	8	0	-0.0607262569832403
27	8	1	-0.07507448789571691
27	8	2	-0.03966480446927367
27	8	3	-0.038209648195681845
27	8	4	-0.036775252906537825
27	9	0	-0.07016759776536308
27	9	1	-0.043463687150837926
27	9	2	-0.03671322160148971
27	9	3	-0.04935452211988545
27	9	4	-0.046514041974935916
28	0	0	-0.0484729981378027
28	0	1	-0.03067039106145264
28	0	2	-0.039357541899441406
28	0	3	-0.06317945040012085
28	0	4	-0.07509814283557292
28	1	0	-0.021722532588454246
28	1	1	-0.015782122905027784
28	1	2	-0.08508379888268158
28	1	3	-0.09835044541748439
28	1	4	-0.05004340933111884
28	2	0	-0.018603351955307268
28	2	1	-0.08459031657355676
28	2	2	-0.01958100558659215
28	2	3	-0.032726860939151226
28	2	4	-0.057470179676883726
28	3	0	-0.0004841713221601651
28	3	1	-0.010344506517690921
28	3	2	-0.0823743016759777
28	3	3	-0.052742337309376386
28	3	4	-0.07568322512456604
28	4	0	-0.04057728119180637
28	4	1	-0.09179702048417127
28	4	2	-0.014711359404096847
28	4	3	-0.023431601993054496
28	4	4	-0.08009965272535102
28	5	0	-0.046461824953445086
28	5	1	-0.050000000000000044
28	5	2	-0.09471135940409692
28	5	3	-0.025186848860033306
28	5	4	-0.04424920730786652
28	6	0	-0.061741154562383715
28	6	1	-0.014357541899441384
28	6	2	-0.023202979515828615
28	6	3	-0.026913785293673498
28	6	4	-0.07202174241280379
28	7	0	-0.03531657355679696
28	7	1	-0.03720670391061465
28	7	2	-0.043789571694599516
28	7	3	-0.04408878151894924
28	7	4	-0.025988977804620284
28	8	0	-0.054841713221601474
28	8	1	-0.0604189944134077
28	8	2	-0.04869646182495335
28	8	3	-0.0661992299562133
28	8	4	-0.052100634153706804
28	9	0	-0.08798882681564246
28	9	1	-0.039096834264432
28	9	2	-0.01969273743016753
28	9	3	-0.06141476672202939
28	9	4	-0.04649516835271039
29	0	0	0.00033519553072614006
29	0	1	-0.01496275605214148
29	0	2	-0.03036312849162015
29	0	3	-0.06719953193416883
29	0	4	-0.07860863656953032
29	1	0	-0.045391061452513926
29	1	1	-0.025223463687150782
29	1	2	-0.044823091247672364
29	1	3	-0.08955533746036526
29	1	4	-0.07963724898082447
29	2	0	-0.07738361266294225
29	2	1	-0.08184357541899445
29	2	2	-0.007094972067039018
29	2	3	-0.09063113392722322
29	2	4	-0.029659897327495188
29	3	0	-0.042895716945996254
29	3	1	-0.06588454376163866
29	3	2	0.0324301675977654
29	3	3	-0.023469349237505766
29	3	4	-0.04717461875283124
29	4	0	-0.06566108007448801
29	4	1	-0.04287709497206704
29	4	2	-0.0027560521415270767
29	4	3	-0.05994262418843421
29	4	4	-0.06181111278876639
29	5	0	-0.012392923649906962
29	5	1	-0.06286778398510229
29	5	2	-0.03897579143389196
29	5	3	-0.054818435754189876
29	5	4	-0.015438622980522454
29	6	0	-0.03155493482309135
29	6	1	-0.02421787709497214
29	6	2	0.0021973929236500656
29	6	3	-0.021525366148271163
29	6	4	-0.06241506869998481
29	7	0	-0.03783054003724384
29	7	1	-0.0029422718808195247
29	7	2	-0.04045623836126622
29	7	3	-0.07929752378076416
29	7	4	-0.07473954401328708
29	8	0	-0.03800744878957163
29	8	1	-0.061443202979515776
29	8	2	-0.030837988826815654
29	8	3	-0.05650762494337935
29	8	4	-0.053676581609542584
29	9	0	-0.04534450651769084
29	9	1	-0.04807262569832382
29	9	2	0.009636871508379996
29	9	3	-0.073673184357542
29	9	4	-0.0309338668277217
30	0	0	-0.009553072625698378
30	0	1	-0.07932960893854757
30	0	2	-0.04297951582867787
30	0	3	-0.03742639287332028
30	0	4	-0.08615808545976145
30	1	0	-0.078584729981378
30	1	1	-0.0896461824953444
30	1	2	-0.057094972067039174
30	1	3	-0.01565566963611642
30	1	4	-0.06292465650007562
30	2	0	-0.03316573556797009
30	2	1	-0.10571694599627546
30	2	2	-0.019134078212290406
30	2	3	-0.057611731843575265
30	2	4	-0.017297674769741866
30	3	0	-0.0411545623836127
30	3	1	-0.0679981378026071
30	3	2	-0.037616387337057744
30	3	3	-0.012654763702249827
30	3	4	-0.018873622225577646
30	4	0	-0.016843575418994505
30	4	1	-0.04248603351955316
30	4	2	-0.03738361266294232
30	4	3	-0.007502264834666983
30	4	4	-0.021251698626000293
30	5	0	-0.06452513966480444
30	5	1	-0.05208566108007451
30	5	2	-0.0373463687150839
30	5	3	-0.0132492828023556
30	5	4	-0.06849237505662098
30	6	0	-0.0920949720670392
30	6	1	-0.007998137802607164
30	6	2	-0.07239292364990679
30	6	3	-0.038775856862449
30	6	4	-0.06900196285671145
30	7	0	-0.04554934823091239
30	7	1	-0.06259776536312855
30	7	2	-0.007448789571694481
30	7	3	-0.07469235995772328
30	7	4	-0.013853238713574023
30	8	0	-0.038621973929236386
30	8	1	-0.04917132216014897
30	8	2	-0.059469273743016804
30	8	3	-0.07300317076853402
30	8	4	-0.051921334742563885
30	9	0	-0.020940409683426364
30	9	1	-0.039338919925512084
30	9	2	-0.048510242085661126
30	9	3	-0.05581873773214574
30	9	4	-0.06110335195530736
31	0	0	-0.027476722532588593
31	0	1	-0.048277467411545705
31	0	2	-0.046154562383612596
31	0	3	-0.0449475313302129
31	0	4	-0.08911180733806423
31	1	0	0.0075139664804468875
31	1	1	-0.04061452513966468
31	1	2	-0.030856610800744977
31	1	3	-0.03774724445115507
31	1	4	-0.008445945945946054
31	2	0	-0.025065176908752207
31	2	1	-0.0896648044692736
31	2	2	-0.057113594040968274
31	2	3	-0.040521666918314825
31	2	4	-0.052553601087120705
31	3	0	-0.031052141527001975
31	3	1	-0.07347299813780261
31	3	2	-0.023277467411545683
31	3	3	-0.06284916201117319
31	3	4	-0.02795183451608052
31	4	0	-0.036554934823091245
31	4	1	-0.07595903165735574
31	4	2	-0.014906890130353845
31	4	3	-0.054044617242941184
31	4	4	-0.031764306205646964
31	5	0	-0.07074487895716941
31	5	1	-0.05934823091247665
31	5	2	-0.07269087523277473
31	5	3	-0.04406047108561073
31	5	4	-0.011748829835422137
31	6	0	-0.03776536312849155
31	6	1	-0.03545623836126632
31	6	2	-0.02271880819366845
31	6	3	0.0019156726558962056
31	6	4	-0.031037671749962192
31	7	0	-0.02250465549348224
31	7	1	-0.04810986964618258
31	7	2	-0.06732774674115449
31	7	3	-0.06158462932205966
31	7	4	-0.003463309678393589
31	8	0	0.01774674115456243
31	8	1	-0.033547486033519425
31	8	2	-0.04114525139664793
31	8	3	-0.057970330665861436
31	8	4	0.012154612713271895
31	9	0	-0.06253258845437626
31	9	1	-0.04337057728119176
31	9	2	0.011713221601489798
31	9	3	0.02562094217122135
31	9	4	-0.04034236750717202
32	0	0	0.004851024208565979
32	0	1	-0.02011173184357551
32	0	2	-0.05466480446927369
32	0	3	-0.0633493130001509
32	0	4	-0.033981956817152215
32	1	0	-0.014478584729981425
32	1	1	-0.016024208566107978
32	1	2	-0.05909683426443213
32	1	3	-0.061490261210931485
32	1	4	-0.0179016306809604
32	2	0	-0.07656424581005572
32	2	1	-0.026908752327746588
32	2	2	-0.015521415270018601
32	2	3	-0.045749660274799875
32	2	4	-0.04077646081836028
32	3	0	-0.049040968342644375
32	3	1	-0.10505586592178773
32	3	2	-0.040316573556796964
32	3	3	-0.07008719613468217
32	3	4	-0.050968216820172274
32	4	0	-0.06150837988826818
32	4	1	-0.07459031657355686
32	4	2	-0.03555865921787715
32	4	3	-0.054138985354069136
32	4	4	0.017760078514268418
32	5	0	-0.037625698324022405
32	5	1	-0.07556797020484163
32	5	2	-0.03486964618249544
32	5	3	-0.011286426090895363
32	5	4	-0.017571342292012737
32	6	0	-0.05904096834264427
32	6	1	-0.04805400372439472
32	6	2	-0.05230912476722516
32	6	3	-0.02304469273743015
32	6	4	-0.05939528914389247
32	7	0	-0.045586592178770924
32	7	1	-0.03300744878957185
32	7	2	-0.0431005586592178
32	7	3	-0.019411520459006626
32	7	4	-0.05764004227691388
32	8	0	-0.0831750465549348
32	8	1	-0.07190875232774663
32	8	2	-0.048845437616387266
32	8	3	-0.02898988373848721
32	8	4	-0.012060244602144055
32	9	0	-0.0827188081936685
32	9	1	-0.018351955307262413
32	9	2	-0.03488826815642454
32	9	3	-0.04649516835271039
32	9	4	-0.03887022497357706
33	0	0	-0.027495344506517805
33	0	1	-0.055931098696461845
33	0	2	-0.018817504655493478
33	0	3	-0.04808055261965882
33	0	4	-0.03730371432885393
33	1	0	-0.03940409683426438
33	1	1	-0.05628491620111731
33	1	2	-0.046117318435754284
33	1	3	-0.09140495243847191
33	1	4	-0.08294013287030055
33	2	0	-0.003957169459962606
33	2	1	-0.0771787709497207
33	2	2	-0.030121042830539957
33	2	3	-0.07262569832402221
33	2	4	-0.04884493431979464
33	3	0	-0.004878957169460074
33	3	1	-0.03649906890130361
33	3	2	-0.04703910614525142
33	3	3	0.01926053148120177
33	3	4	-0.01618413105843286
33	4	0	-0.053882681564245805
33	4	1	-0.0344413407821228
33	4	2	-0.038054003724394825
33	4	3	-0.04307904272988061
33	4	4	-0.04467386380794203
33	5	0	-0.07176908752327749
33	5	1	-0.03975791433891984
33	5	2	-0.02282122905027939
33	5	3	-0.04681601993054496
33	5	4	0.011399667824248727
33	6	0	-0.04069832402234652
33	6	1	-0.0024860335195530103
33	6	2	-0.03356610800744875
33	6	3	-0.02178016004831651
33	6	4	-0.06096179978861538
33	7	0	-0.03471135940409675
33	7	1	-0.06218808193668546
33	7	2	-0.0031843575418992742
33	7	3	-0.04350369922995634
33	7	4	-0.09234863354975098
33	8	0	-0.0303724394785847
33	8	1	-0.09473929236499057
33	8	2	-0.03681564245810054
33	8	3	-0.02106296240374461
33	8	4	-0.04517401479691996
33	9	0	-0.04437616387337062
33	9	1	-0.07642458100558658
33	9	2	-0.01832402234636865
33	9	3	-0.06154688207760839
33	9	4	-0.06376453268911375
34	0	0	-0.013705772811918204
34	0	1	-0.10051210428305402
34	0	2	-0.02605214152700197
34	0	3	-0.03258530877245969
34	0	4	-0.07670240072474699
34	1	0	-0.0401582867783985
34	1	1	-0.025037243947858445
34	1	2	-0.03398510242085673
34	1	3	-0.04828816246414003
34	1	4	-0.01943039408123204
34	2	0	-0.05341713221601496
34	2	1	-0.09208566108007443
34	2	2	0.02012104283054006
34	2	3	-0.03955911218481045
34	2	4	-0.04333383662992607
34	3	0	-0.06617318435754194
34	3	1	-0.04293296089385479
34	3	2	-0.03067970204841719
34	3	3	-0.03043371583874377
34	3	4	-0.05743243243243257
34	4	0	-0.05810055865921793
34	4	1	-0.046769087523277464
34	4	2	-0.050754189944134054
34	4	3	-0.034567039106145225
34	4	4	-0.012333912124414925
34	5	0	-0.08574487895716942
34	5	1	-0.09038175046554942
34	5	2	-0.018454376163873465
34	5	3	-0.06261324173335348
34	5	4	-0.044494564396799
34	6	0	-0.06306331471135951
34	6	1	-0.03078212290502791
34	6	2	-0.04531657355679686
34	6	3	-0.05466744677638524
34	6	4	-0.020109844481352668
34	7	0	-0.04443202979515826
34	7	1	-0.07435754189944155
34	7	2	-0.07734636871508371
34	7	3	-0.02728182092707243
34	7	4	-0.05410123810961798
34	8	0	-0.017579143389199192
34	8	1	-0.0260428305400372
34	8	2	-0.03129422718808195
34	8	3	-0.09945455231768086
34	8	4	-0.0411161860184206
34	9	0	-0.038901303538175
34	9	1	-0.010418994413407878
34	9	2	-0.042160148975791345
34	9	3	-0.03729427751774128
34	9	4	-0.06735052091197358
35	0	0	-0.00483240223463699
35	0	1	-0.05094972067039105
35	0	2	-0.06868715083798882
35	0	3	-0.018146987769892764
35	0	4	-0.06300015098897771
35	1	0	-0.019422718808193573
35	1	1	-0.046890130353817394
35	1	2	-0.06095903165735561
35	1	3	-0.042909180129850455
35	1	4	-0.053497282198399554
35	2	0	-0.032486033519552926
35	2	1	-0.0602048417132216
35	2	2	-0.03307262569832403
35	2	3	-0.05015665106447231
35	2	4	-0.004935452211988545
35	3	0	-0.018389199255121058
35	3	1	-0.06984171322160149
35	3	2	-0.042364990689013005
35	3	3	-0.021223388192661896
35	3	4	-0.053723765665106615
35	4	0	-0.060251396648044686
35	4	1	-0.00752327746741166
35	4	2	-0.09110800744878955
35	4	3	-0.012966178468971745
35	4	4	-0.05244979616487999
35	5	0	-0.019944134078212272
35	5	1	-0.04222532588454364
35	5	2	-0.07262569832402233
35	5	3	-0.06418918918918926
35	5	4	-0.032887286728068954
35	6	0	-0.10536312849162033
35	6	1	-0.009236499068901116
35	6	2	-0.026918063314711138
35	6	3	-0.03946474407368261
35	6	4	-0.06343424430016609
35	7	0	-0.021899441340782033
35	7	1	-0.0689757914338921
35	7	2	-0.055083798882681556
35	7	3	-0.06718065831194342
35	7	4	-0.05543182847652117
35	8	0	-0.027942271880819325
35	8	1	-0.04014897579143384
35	8	2	-0.01228119180633136
35	8	3	-0.07612675524686707
35	8	4	-0.03810584327344113
35	9	0	-0.03456238361266295
35	9	1	-0.058733705772811895
35	9	2	-0.04744878957169463
35	9	3	-0.05986712969953201
35	9	4	-0.04166352106296256
36	0	0	0.009674115456238308
36	0	1	-0.05707635009310996
36	0	2	-0.09126629422718802
36	0	3	-0.04414540238562581
36	0	4	-0.03386871508379885
36	1	0	-0.05824022346368707
36	1	1	-0.012793296089385398
36	1	2	-0.04769087523277471
36	1	3	-0.06651064472293511
36	1	4	-0.01343801902461117
36	2	0	-0.05306331471135939
36	2	1	-0.030093109869646084
36	2	2	-0.02572625698324016
36	2	3	-0.09606673712818947
36	2	4	-0.03150951230560184
36	3	0	-0.03875232774674109
36	3	1	-0.057346368715083806
36	3	2	-0.06971135940409678
36	3	3	-0.03652045900649259
36	3	4	-0.016438924958478207
36	4	0	-0.01776536312849164
36	4	1	-0.0490968342644319
36	4	2	-0.07380819366852887
36	4	3	-0.07822172731390609
36	4	4	-0.03467084402838594
36	5	0	-0.0380819366852887
36	5	1	-0.05365921787709482
36	5	2	-0.052067039106145296
36	5	3	-0.05424279027630985
36	5	4	-0.011258115657556966
36	6	0	-0.045698324022346415
36	6	1	-0.026787709497206658
36	6	2	-0.011368715083798886
36	6	3	-0.043173410841008564
36	6	4	-0.04038955156273594
36	7	0	0.016173184357542003
36	7	1	0.023947858472997963
36	7	2	-0.0469553072625698
36	7	3	-0.044796542352408375
36	7	4	-0.037935980673410974
36	8	0	-0.02615456238361269
36	8	1	-0.07617318435754183
36	8	2	-0.021936685288640567
36	8	3	-0.056290578287785165
36	8	4	-0.04504189944134074
36	9	0	-0.022774674115456195
36	9	1	-0.04673184357541904
36	9	2	-0.025251396648044655
36	9	3	-0.040927449796164916
36	9	4	-0.06611429865619811
37	0	0	-0.026247672253258858
37	0	1	-0.0390782122905029
37	0	2	-0.054432029795158376
37	0	3	-0.05545070209874692
37	0	4	-0.04185225728521802
37	1	0	-0.06257914338919923
37	1	1	-0.03858472998137796
37	1	2	-0.06459031657355685
37	1	3	-0.05937641552166684
37	1	4	-0.022440736826211727
37	2	0	-0.023491620111731892
37	2	1	-0.05127560521415253
37	2	2	0.019720670391061512
37	2	3	-0.02909368866072759
37	2	4	-0.01839234485882546
37	3	0	-0.05332402234636868
37	3	1	-0.028938547486033528
37	3	2	-0.08409683426443204
37	3	3	-0.036360033217575194
37	3	4	-0.06515174392269385
37	4	0	-0.09476722532588455
37	4	1	-0.06809124767225327
37	4	2	-0.048277467411545594
37	4	3	-0.1007190850067945
37	4	4	-0.04339045749660275
37	5	0	-0.045828677839851006
37	5	1	-0.06913407821229056
37	5	2	-0.008621973929236582
37	5	3	-0.025507700437867986
37	5	4	-0.018411218481050984
37	6	0	-0.036331471135940374
37	6	1	-0.05415270018621976
37	6	2	-0.01755121042830532
37	6	3	0.0035765514117469532
37	6	4	-0.08919673863807931
37	7	0	-0.06637802607076337
37	7	1	-0.014506517690875409
37	7	2	-0.01841713221601471
37	7	3	-0.03209459459459474
37	7	4	-0.040880265740600996
37	8	0	-0.05384543761638738
37	8	1	-0.06351955307262558
37	8	2	0.005633147113593973
37	8	3	-0.06847350143439535
37	8	4	-0.03138683376113549
37	9	0	-0.015270018621973969
37	9	1	-0.057104283054003724
37	9	2	-0.015614525139664659
37	9	3	-0.04399441340782129
37	9	4	-0.06178280235542821
38	0	0	-0.039357541899441406
38	0	1	-0.02648975791433894
38	0	2	-0.034078212290502785
38	0	3	-0.04270157028536914
38	0	4	-0.06434961497810643
38	1	0	-0.08869646182495339
38	1	1	-0.055521415270018526
38	1	2	-0.05886405959031671
38	1	3	-0.053063188887211066
38	1	4	-0.0259323569379436
38	2	0	-0.05123836126629422
38	2	1	-0.09829608938547485
38	2	2	-0.01581936685288632
38	2	3	-0.09945455231768074
38	2	4	-0.048448588253057645
38	3	0	-0.06068901303538177
38	3	1	-0.05161080074487889
38	3	2	-0.009972067039106136
38	3	3	-0.018062056469877796
38	3	4	-0.034519855050581416
38	4	0	-0.05253258845437614
38	4	1	-0.0075884543761638446
38	4	2	-0.027616387337057735
38	4	3	-0.03589762947304842
38	4	4	-0.07417333534651971
38	5	0	-0.04120111731843579
38	5	1	-0.0529515828677839
38	5	2	-0.023621973929236484
38	5	3	-0.03585988222859737
38	5	4	-0.08138305903669041
38	6	0	-0.0343575418994414
38	6	1	-0.032020484171322194
38	6	2	-0.02359404096834261
38	6	3	-0.008276083345915786
38	6	4	-0.07481503850218929
38	7	0	-0.0005400372439477996
38	7	1	-0.04804469273743028
38	7	2	-0.02434823091247673
38	7	3	-0.0574796164879966
38	7	4	-0.061622376566510706
38	8	0	-0.06259776536312844
38	8	1	-0.0681284916201117
38	8	2	-0.035595903165735465
38	8	3	-0.05779103125471852
38	8	4	-0.022572852181790726
38	9	0	-0.03873370577281188
38	9	1	-0.04822160148975785
38	9	2	-0.03748603351955304
38	9	3	-0.03216065227238418
38	9	4	-0.033434621772610806
39	0	0	-0.03799813780260719
39	0	1	-0.04518621973929249
39	0	2	-0.032122905027933024
39	0	3	-0.08612977502642305
39	0	4	-0.04937339574211075
39	1	0	-0.059273743016759806
39	1	1	-0.0755307262569831
39	1	2	-0.05789571694599638
39	1	3	-0.033887588706024374
39	1	4	-0.047901253208515904
39	2	0	-0.06859404096834254
39	2	1	-0.08701117318435747
39	2	2	0.005130353817504707
39	2	3	-0.06364185414464729
39	2	4	-0.029792012683074298
39	3	0	-0.05019553072625704
39	3	1	-0.07827746741154562
39	3	2	-0.0711359404096834
39	3	3	-0.047589838441793764
39	3	4	-0.04043673561830008
39	4	0	-0.00494413407821237
39	4	1	-0.040754189944134156
39	4	2	-0.08066108007448802
39	4	3	-0.04993016759776536
39	4	4	-0.01691076551411752
39	5	0	-0.032467411545623936
39	5	1	-0.06763500931098698
39	5	2	-0.06144320297951589
39	5	3	-0.07027593235693796
39	5	4	-0.04787294277517751
39	6	0	-0.020856610800744968
39	6	1	-0.04401303538175039
39	6	2	-0.0399627560521415
39	6	3	-0.0705024158236448
39	6	4	-0.02335610750415207
39	7	0	0.018705772811918098
39	7	1	-0.057737430167597914
39	7	2	-0.08655493482309118
39	7	3	-0.05691340782122911
39	7	4	-0.04369243545221191
39	8	0	-0.05897579143389198
39	8	1	-0.01592178770949726
39	8	2	-0.02755121042830544
39	8	3	-0.038615431073531825
39	8	4	-0.0573663747546429
39	9	0	-0.06888268156424582
39	9	1	-0.06945065176908738
39	9	2	-0.03510242085661075
39	9	3	-0.06551977955609256
39	9	4	-0.0780329910916504
40	0	0	-0.03144320297951597
40	0	1	-0.006545623836126668
40	0	2	-0.03078212290502802
40	0	3	-0.057479616487996266
40	0	4	0.023441038804167258
40	1	0	-0.056787709497206684
40	1	1	-0.0926350093109869
40	1	2	-0.052364990689013124
40	1	3	-0.02949947153857746
40	1	4	-0.0677657406009361
40	2	0	-0.0185288640595902
40	2	1	-0.03359404096834262
40	2	2	-0.06978584729981374
40	2	3	-0.062443379133323096
40	2	4	-0.04171070511852648
40	3	0	-0.0488826815642458
40	3	1	-0.03438547486033516
40	3	2	-0.06653631284916206
40	3	3	-0.001764683678091572
40	3	4	-0.04193718858523332
40	4	0	-0.09155493482309118
40	4	1	-0.039022346368715044
40	4	2	-0.03285847299813782
40	4	3	-0.040474482862751016
40	4	4	-0.034387739695002306
40	5	0	-0.06169459962756052
40	5	1	-0.062383612662942345
40	5	2	-0.03442271880819381
40	5	3	-0.02972595500528452
40	5	4	-0.005945191001056949
40	6	0	-0.0006052141527002064
40	6	1	-0.05058659217877082
40	6	2	-0.035698324022346295
40	6	3	-0.049845236297750284
40	6	4	-0.0009625547335043727
40	7	0	-0.08614525139664797
40	7	1	-0.04047486033519565
40	7	2	-0.01711359404096835
40	7	3	-0.07110637173486345
40	7	4	-0.08304393779254116
40	8	0	-0.010270018621973964
40	8	1	-0.10110800744878956
40	8	2	-0.02220670391061441
40	8	3	-0.05646044088781532
40	8	4	-0.04792956364185419
40	9	0	-0.05783985102420863
40	9	1	-0.071852886405959
40	9	2	-0.01927374301675977
40	9	3	-0.01970406160350302
40	9	4	0.007936358145855249
41	0	0	-0.02001862197392945
41	0	1	-0.054078212290502914
41	0	2	-0.026517690875232813
41	0	3	-0.08884757662690612
41	0	4	-0.08816812622678538
41	1	0	-0.05113594040968339
41	1	1	-0.03866852886405958
41	1	2	-0.087243947858473
41	1	3	-0.06344368111127874
41	1	4	-0.043173410841008564
41	2	0	-0.0581471135940409
41	2	1	-0.056275605214152646
41	2	2	-0.04426443202979513
41	2	3	-0.0630567718556545
41	2	4	-0.05614902612109329
41	3	0	-0.09873370577281193
41	3	1	-0.06900372439478586
41	3	2	-0.08742085661080079
41	3	3	-0.02372414313755089
41	3	4	-0.016599350747395603
41	4	0	-0.04359404096834263
41	4	1	-0.08869646182495339
41	4	2	-0.02241154562383607
41	4	3	-0.059952060999546974
41	4	4	-0.0756360410690019
41	5	0	-0.07800744878957167
41	5	1	-0.02833333333333321
41	5	2	-0.06363128491620118
41	5	3	0.01528763400271771
41	5	4	-0.030235542805375326
41	6	0	-0.0574581005586593
41	6	1	-0.046769087523277464
41	6	2	-0.048957169459962646
41	6	3	-0.03354786350596417
41	6	4	-0.06724671598973275
41	7	0	-0.03779329608938542
41	7	1	-0.01701117318435763
41	7	2	-0.02316573556797019
41	7	3	-0.05925373697720071
41	7	4	-0.05803638834365099
41	8	0	0.00019553072625688728
41	8	1	-0.02626629422718796
41	8	2	-0.048081936685288595
41	8	3	-0.08765853842669502
41	8	4	-0.042135361618601985
41	9	0	-0.020540037243947817
41	9	1	-0.010512104283053936
41	9	2	-0.028063314711359366
41	9	3	-0.03552015702853706
41	9	4	-0.0692850671900952
42	0	0	-0.025847299813780422
42	0	1	-0.03618249534450657
42	0	2	-0.057225325884543876
42	0	3	-0.10164389249584782
42	0	4	-0.039209950173637265
42	1	0	-0.0062569832402233905
42	1	1	0.0016294227188082822
42	1	2	-0.054106145251396676
42	1	3	-0.031953042427902645
42	1	4	-0.04315453721878315
42	2	0	-0.06337988826815644
42	2	1	-0.08226256983240221
42	2	2	-0.05179702048417134
42	2	3	-0.054233353465196976
42	2	4	-0.03939868639589317
42	3	0	-0.041731843575419036
42	3	1	-0.09552141527001856
42	3	2	-0.06682495344506523
42	3	3	-0.02746112033821524
42	3	4	-0.08084516080326154
42	4	0	-0.05685288640595898
42	4	1	-0.033212290502793285
42	4	2	-0.003510242085661086
42	4	3	-0.027262947304846685
42	4	4	0.00649252604559869
42	5	0	-0.06027932960893856
42	5	1	-0.10243016759776535
42	5	2	-0.040000000000000036
42	5	3	-0.09230144949418695
42	5	4	0.0020477880114750935
42	6	0	-0.08248603351955319
42	6	1	-0.02205772811918061
42	6	2	-0.023510242085660993
42	6	3	-0.03243431979465494
42	6	4	-0.083855503548241
42	7	0	-0.04424581005586581
42	7	1	-0.04969273743016778
42	7	2	-0.019776536312849147
42	7	3	-0.03322701192812949
42	7	4	-0.07404121999094071
42	8	0	-0.04019553072625692
42	8	1	-0.0564152700186219
42	8	2	-0.03069832402234629
42	8	3	-0.04265438622980522
42	8	4	-0.07685338970255173
42	9	0	-0.052178770949720565
42	9	1	-0.06395716945996277
42	9	2	-0.039236499068901254
42	9	3	-0.052062886909255646
42	9	4	-0.05434659519855067
43	0	0	-0.04281191806331475
43	0	1	-0.05299813780260709
43	0	2	-0.05207635009310985
43	0	3	-0.00955948965725506
43	0	4	-0.02904650460516378
43	1	0	-0.030623836126629334
43	1	1	-0.024487895716945873
43	1	2	-0.014394785847299807
43	1	3	-0.06283972520006031
43	1	4	-0.008578061301525053
43	2	0	-0.05116387337057726
43	2	1	-0.058100558659217816
43	2	2	-0.00024208566107997154
43	2	3	-0.051430620564698715
43	2	4	-0.04230522421863214
43	3	0	-0.034618249534450696
43	3	1	-0.024729981378026067
43	3	2	-0.04165735567970208
43	3	3	-0.03360448437264085
43	3	4	-0.045872338819266334
43	4	0	-0.04793296089385479
43	4	1	-0.034832402234636795
43	4	2	-0.05393854748603355
43	4	3	-0.014108032613619148
43	4	4	-0.05173259852030809
43	5	0	-0.0626070763500931
43	5	1	-0.07010242085661078
43	5	2	-0.01947858472998143
43	5	3	-0.04038955156273594
43	5	4	0.04482485278574655
43	6	0	-0.050875232774674206
43	6	1	-0.04004655493482312
43	6	2	-0.03433891992551197
43	6	3	-0.01740147969198247
43	6	4	-0.08220406160350291
43	7	0	-0.03232774674115446
43	7	1	-0.005139664804469368
43	7	2	-0.02205772811918061
43	7	3	-0.06052770647742722
43	7	4	-0.020006039559112176
43	8	0	-0.03516759776536316
43	8	1	-0.05395716945996276
43	8	2	-0.02327746741154557
43	8	3	-0.04038955156273605
43	8	4	-0.04612713271931157
43	9	0	-0.05016759776536317
43	9	1	-0.04218808193668522
43	9	2	-0.0012104283054004128
43	9	3	-0.03315151743922706
43	9	4	-0.08467650611505373
44	0	0	0.0038547486033517764
44	0	1	-0.07692737430167595
44	0	2	-0.032150837988826786
44	0	3	-0.0621508379888267
44	0	4	-0.06336818662237653
44	1	0	-0.04540037243947859
44	1	1	-0.004823091247672218
44	1	2	-0.06289571694599638
44	1	3	-0.06928506719009508
44	1	4	-0.05794202023252304
44	2	0	-0.04896648044692731
44	2	1	-0.04575418994413405
44	2	2	-0.027951582867783986
44	2	3	-0.0340102672504905
44	2	4	-0.07254076702400736
44	3	0	-0.057216014897579104
44	3	1	-0.052048417132215974
44	3	2	-0.03831471135940412
44	3	3	-0.021355503548241006
44	3	4	-0.019892797825758923
44	4	0	-0.02929236499068899
44	4	1	-0.04500931098696459
44	4	2	-0.04747672253258839
44	4	3	-0.05907443756605768
44	4	4	-0.010059640646232881
44	5	0	-0.0582774674115456
44	5	1	-0.0705307262569832
44	5	2	-0.07221601489757923
44	5	3	-0.05993318737732145
44	5	4	0.010078514268458405
44	6	0	-0.06229981378026084
44	6	1	-0.022793296089385406
44	6	2	-0.03198324022346355
44	6	3	-0.014372263324777257
44	6	4	-0.04488147365242334
44	7	0	-0.05350093109869636
44	7	1	-0.024562383612663052
44	7	2	-0.03481378026070758
44	7	3	-0.052232749509285914
44	7	4	-0.03313264381700143
44	8	0	0.02571694599627561
44	8	1	-0.035586592178770804
44	8	2	-0.009217877094971905
44	8	3	-0.020911973425939978
44	8	4	-0.004954325834214179
44	9	0	-0.02715083798882678
44	9	1	-0.05118249534450647
44	9	2	-0.006582867783985091
44	9	3	-0.08560131360410694
44	9	4	-0.0417578891740904
45	0	0	-0.0392737430167599
45	0	1	-0.027523277467411678
45	0	2	-0.07212290502793295
45	0	3	-0.06730333685640943
45	0	4	-0.08523327797070812
45	1	0	-0.05253258845437614
45	1	1	-0.02873370577281187
45	1	2	-0.03216945996275611
45	1	3	-0.010880643213045271
45	1	4	-0.04452287483013739
45	2	0	-0.033007448789571736
45	2	1	-0.06041899441340781
45	2	2	-0.028314711359404
45	2	3	-0.04319228446323409
45	2	4	-0.01081458553525605
45	3	0	-0.08212290502793307
45	3	1	-0.04389199255121046
45	3	2	-0.0471322160148977
45	3	3	-0.03697342593990638
45	3	4	-0.04423977049675387
45	4	0	-0.01979515828677847
45	4	1	-0.08006517690875237
45	4	2	-0.032551210428305444
45	4	3	-0.029782575871961314
45	4	4	-0.0033783783783783994
45	5	0	-0.07530726256983244
45	5	1	-0.04546554934823088
45	5	2	-0.03641527001862199
45	5	3	-0.04532500377472448
45	5	4	0.012116865468820626
45	6	0	-0.03129422718808206
45	6	1	-0.017262569832402153
45	6	2	0.00343575418994424
45	6	3	-0.01897742714781825
45	6	4	-0.032273894005737436
45	7	0	-0.03912476722532576
45	7	1	-0.04473929236499086
45	7	2	-0.02402234636871503
45	7	3	-0.03133021289445881
45	7	4	-0.043399894307715625
45	8	0	-0.02035381750465548
45	8	1	-0.06224394785847298
45	8	2	-0.05576350093109861
45	8	3	-0.09769930545070227
45	8	4	-0.07955231768080939
45	9	0	-0.040549348230912496
45	9	1	-0.01390130353817498
45	9	2	-0.014553072625698271
45	9	3	-0.06333987618903825
45	9	4	-0.058725275554884604
46	0	0	-0.052141527001862364
46	0	1	0.0072160148975790595
46	0	2	-0.019860335195530654
46	0	3	-0.03149063868337598
46	0	4	-0.09833157179525887
46	1	0	-0.060791433891992375
46	1	1	-0.08942271880819352
46	1	2	-0.04869646182495346
46	1	3	-0.06818096028989873
46	1	4	-0.06786010871206405
46	2	0	-0.05482309124767215
46	2	1	-0.06987895716945991
46	2	2	-0.01714152700186211
46	2	3	-0.060546580099652636
46	2	4	-0.06455722482258808
46	3	0	-0.04634078212290493
46	3	1	-0.0666573556797021
46	3	2	-0.04988826815642455
46	3	3	-0.06199041219990942
46	3	4	-0.05333685640948216
46	4	0	-0.019748603351955274
46	4	1	-0.09874301675977648
46	4	2	0.01194599627560522
46	4	3	-0.029612713271931046
46	4	4	-0.016297372791786224
46	5	0	-0.04482309124767214
46	5	1	-0.05882681564245795
46	5	2	0.00032588454376170084
46	5	3	-0.033840404650460565
46	5	4	-0.0044447380341234854
46	6	0	-0.04682495344506532
46	6	1	-0.035800744878957125
46	6	2	-0.03975791433891973
46	6	3	-0.0459855805526197
46	6	4	-0.060810810810810745
46	7	0	-0.0318435754189943
46	7	1	-0.03832402234636889
46	7	2	-0.03090316573556784
46	7	3	-0.0986712969953194
46	7	4	-0.04825041521968909
46	8	0	-0.03412476722532587
46	8	1	-0.07826815642458096
46	8	2	-0.054655493482309025
46	8	3	-0.05627170466555953
46	8	4	-0.044220896874528126
46	9	0	-0.03813780260707644
46	9	1	-0.09269087523277464
46	9	2	-0.04634078212290493
46	9	3	-0.04864676128642609
46	9	4	-0.05337460365393332
47	0	0	-0.02527932960893864
47	0	1	-0.06626629422718822
47	0	2	-0.008743016759776623
47	0	3	-0.026658991393628262
47	0	4	-0.05221387588706017
47	1	0	-0.04487895716945989
47	1	1	-0.056275605214152535
47	1	2	-0.024590316573556925
47	1	3	-0.10681526498565597
47	1	4	-0.05098709044239769
47	2	0	-0.04380819366852884
47	2	1	-0.061415270018621904
47	2	2	-0.025716945996275498
47	2	3	-0.04497584176355118
47	2	4	-0.03087724596104502
47	3	0	-0.03949720670391077
47	3	1	-0.07142458100558657
47	3	2	-0.05640595903165735
47	3	3	-0.027763098293824617
47	3	4	-0.025847425637928634
47	4	0	-0.03916201117318441
47	4	1	-0.00839851024208571
47	4	2	-0.09094972067039109
47	4	3	-0.03629397553978553
47	4	4	-0.023894005737581048
47	5	0	-0.03690875232774671
47	5	1	-0.04846368715083793
47	5	2	-0.03581936685288645
47	5	3	-0.05130794202023248
47	5	4	-0.013088857013438093
47	6	0	-0.01751396648044712
47	6	1	-0.05241154562383599
47	6	2	-0.051331471135940276
47	6	3	-0.07309753887966175
47	6	4	-0.055582817454325806
47	7	0	-0.01626629422718795
47	7	1	-0.0712476722532589
47	7	2	-0.0873743016759776
47	7	3	-0.04171070511852637
47	7	4	-0.0660954250339727
47	8	0	-0.027206703910614527
47	8	1	-0.07588454376163867
47	8	2	-0.0004934823091247154
47	8	3	-0.035737203684131136
47	8	4	-0.041465348029593896
47	9	0	-0.039366852886405956
47	9	1	-0.06858472998137799
47	9	2	-0.023296089385474783
47	9	3	-0.06199984901102229
47	9	4	-0.006162237656651248
48	0	0	-0.06768156424581018
48	0	1	-0.050316573556797084
48	0	2	-0.039562383612662844
48	0	3	-0.04581571795258943
48	0	4	-0.06128265136645017
48	1	0	-0.06384543761638728
48	1	1	-0.019869646182495315
48	1	2	-0.018361266294227296
48	1	3	-0.05556394383210017
48	1	4	-0.05357277668730187
48	2	0	-0.03013966480446928
48	2	1	-0.10878957169459957
48	2	2	-0.003063314711359344
48	2	3	-0.055677185565453535
48	2	4	-0.08468594292616649
48	3	0	-0.03679702048417133
48	3	1	-0.06714152700186227
48	3	2	-0.04389199255121046
48	3	3	-0.031537822738940124
48	3	4	-0.052374301675977786
48	4	0	-0.04583798882681556
48	4	1	-0.0151769087523278
48	4	2	-0.06265363128491619
48	4	3	-0.012343348935527687
48	4	4	-0.005596028989883761
48	5	0	-0.07811918063314705
48	5	1	-0.029450651769087455
48	5	2	-0.06615456238361284
48	5	3	-0.034472670995017385
48	5	4	-0.039162766118073455
48	6	0	-0.08689013035381754
48	6	1	-0.031201117318435778
48	6	2	-0.022234636871508284
48	6	3	-0.062122527555488416
48	6	4	-0.01912841612562277
48	7	0	0.0035567970204841703
48	7	1	-0.04768156424581016
48	7	2	-0.02032588454376172
48	7	3	-0.08046768835874996
48	7	4	-0.009134833157179667
48	8	0	-0.05122905027932956
48	8	1	-0.04972998137802598
48	8	2	-0.0688640595903165
48	8	3	-0.06581232070058896
48	8	4	-0.02299750868186634
48	9	0	-0.0666573556797021
48	9	1	-0.03211359404096825
48	9	2	-0.0053724394785846785
48	9	3	-0.03434999245055115
48	9	4	-0.045296693341386196
49	0	0	-0.03162011173184365
49	0	1	-0.037746741154562446
49	0	2	-0.0697951582867784
49	0	3	-0.051289068398006954
49	0	4	-0.04040842518496157
49	1	0	-0.076852886405959
49	1	1	0.008566108007448836
49	1	2	-0.06783054003724409
49	1	3	-0.07223878906839787
49	1	4	-0.05230824399818812
49	2	0	-0.06276536312849157
49	2	1	-0.09216014897579139
49	2	2	-0.017290502793296025
49	2	3	-0.03102823493884932
49	2	4	-0.050836101464593164
49	3	0	-0.0039664804469274895
49	3	1	-0.050530726256983405
49	3	2	-0.06500931098696461
49	3	3	-0.006700135890080117
49	3	4	-0.05686622376566519
49	4	0	-0.017309124767225348
49	4	1	-0.03101489757914344
49	4	2	-0.055083798882681556
49	4	3	-0.018467839347727555
49	4	4	-0.04658009965272536
49	5	0	-0.026210428305400324
49	5	1	-0.026517690875232813
49	5	2	-0.03499068901303559
49	5	3	-0.04062547184055565
49	5	4	-0.05728144345462782
49	6	0	-0.032122905027933135
49	6	1	-0.03877094972067041
49	6	2	-0.034422718808193586
49	6	3	-0.003085837233881894
49	6	4	-0.0534029140872716
49	7	0	-0.059068901303538146
49	7	1	-0.04554003724394806
49	7	2	-0.03518621973929226
49	7	3	-0.02015702853691692
49	7	4	-0.031037671749962303
49	8	0	-0.013733705772811966
49	8	1	-0.07118249534450649
49	8	2	-0.03824953445065171
49	8	3	-0.047240676430620576
49	8	4	-0.030867809149932146
49	9	0	-0.04599627560521413
49	9	1	-0.0745996275605213
49	9	2	-0.048845437616387266
49	9	3	-0.05285557904272997
49	9	4	-0.018505586592178824
50	0	0	-0.032113594040968474
50	0	1	-0.020288640595903296
50	0	2	-0.040968342644320366
50	0	3	-0.042456213196436665
50	0	4	-0.09157481503850207
50	1	0	-0.012635009310987044
50	1	1	-0.0649441340782122
50	1	2	-0.013314711359404208
50	1	3	-0.07269175600181177
50	1	4	-0.05663030348784537
50	2	0	-0.07391061452513958
50	2	1	-0.048417132216014735
50	2	2	-0.06158286778398514
50	2	3	-0.06569907896723537
50	2	4	-0.026904348482560847
50	3	0	-0.03254189944134078
50	3	1	-0.029543761638733734
50	3	2	-0.02035381750465559
50	3	3	-0.027074211082591115
50	3	4	-0.006058432734410535
50	4	0	-0.05153631284916205
50	4	1	-0.05868715083798881
50	4	2	-0.020707635009310943
50	4	3	-0.04132379586290191
50	4	4	-0.06111278876642001
50	5	0	-0.04209497206703905
50	5	1	-0.07682495344506513
50	5	2	-0.024953445065176938
50	5	3	-0.03093386682772159
50	5	4	0.022336931903970902
50	6	0	-0.03280260707635019
50	6	1	-0.014059590316573667
50	6	2	-0.0221880819366852
50	6	3	-0.02583798882681554
50	6	4	-0.03315151743922695
50	7	0	-0.022774674115456195
50	7	1	-0.05508379888268167
50	7	2	-0.062169459962756024
50	7	3	-0.040351804318285
50	7	4	-0.022016080326136223
50	8	0	-0.028603351955307277
50	8	1	-0.07417132216014899
50	8	2	-0.03272811918063301
50	8	3	-0.09554771251698635
50	8	4	-0.03270798731692581
50	9	0	-0.030074487895716873
50	9	1	-0.03809124767225325
50	9	2	0.009124767225325958
50	9	3	-0.07327683829080489
50	9	4	-0.07769326589158998
51	0	0	-0.054851024208566135
51	0	1	-0.02691806331471147
51	0	2	-0.021284916201117277
51	0	3	-0.04808055261965882
51	0	4	-0.06697304846746177
51	1	0	-0.04040968342644302
51	1	1	-0.05209497206703895
51	1	2	-0.04459962756052149
51	1	3	-0.0653971010116261
51	1	4	-0.07399403593537668
51	2	0	-0.07980446927374307
51	2	1	-0.031052141527001753
51	2	2	-0.06423649906890128
51	2	3	-0.048552393175298136
51	2	4	-0.04850520911973433
51	3	0	-0.05655493482309126
51	3	1	-0.035689013035381745
51	3	2	-0.0417597765363128
51	3	3	-0.011418541446474473
51	3	4	-0.06728446323418413
51	4	0	-0.015297951582867841
51	4	1	-0.042793296089385535
51	4	2	-0.056675977653631415
51	4	3	-0.06306620866676727
51	4	4	-0.03748301373999696
51	5	0	-0.03387337057728124
51	5	1	-0.11286778398510244
51	5	2	-0.031033519553072653
51	5	3	-0.018326287181035794
51	5	4	-0.019741808847954068
51	6	0	-0.030931098696461823
51	6	1	-0.02680633147113587
51	6	2	-0.030428305400372335
51	6	3	-0.055394081232070014
51	6	4	-0.05343122452061
51	7	0	-0.01657355679702044
51	7	1	-0.06482309124767238
51	7	2	-0.024962756052141488
51	7	3	-0.0401347576626907
51	7	4	-0.037803865317831864
51	8	0	-0.009124767225325847
51	8	1	-0.08702048417132224
51	8	2	-0.023286778398510122
51	8	3	-0.03269855050581305
51	8	4	-0.02507360712667983
51	9	0	-0.08268156424581008
51	9	1	-0.05290502793296081
51	9	2	-0.04432029795158288
51	9	3	-0.030009059338668376
51	9	4	-0.02007209723690173
52	0	0	-0.02680633147113609
52	0	1	-0.014450651769087552
52	0	2	-0.047113594040968376
52	0	3	-0.01826022950324624
52	0	4	-0.07724973576928873
52	1	0	-0.03046554934823087
52	1	1	-0.043566108007448756
52	1	2	-0.01711359404096846
52	1	3	-0.0463536161860183
52	1	4	-0.040776460818360394
52	2	0	-0.04977653631284906
52	2	1	-0.0809217877094971
52	2	2	-0.004404096834264459
52	2	3	-0.03820021138456875
52	2	4	-0.0566774875434094
52	3	0	-0.017076350093109816
52	3	1	-0.03404096834264436
52	3	2	-0.033314711359404
52	3	3	-0.06907745734561377
52	3	4	-0.06770911973425953
52	4	0	-0.10225325884543768
52	4	1	-0.03036312849162015
52	4	2	-0.02509310986964619
52	4	3	-0.02864072172731391
52	4	4	-0.025271780160048274
52	5	0	-0.08182495344506524
52	5	1	-0.07053072625698309
52	5	2	-0.04184357541899453
52	5	3	-0.06728446323418391
52	5	4	-0.0357466404952439
52	6	0	-0.04980446927374316
52	6	1	-0.05695530726256981
52	6	2	-0.02712290502793302
52	6	3	-0.007964668579193646
52	6	4	-0.05529027630982941
52	7	0	-0.04166666666666663
52	7	1	-0.07186219739292377
52	7	2	-0.04567970204841709
52	7	3	-0.028952136494036163
52	7	4	-0.06975690774573451
52	8	0	-0.06798882681564244
52	8	1	-0.021797020484171314
52	8	2	-0.004292364990688857
52	8	3	-0.06421749962252776
52	8	4	-0.03719047259550057
52	9	0	-0.008361266294227176
52	9	1	-0.043975791433891964
52	9	2	-0.03253258845437612
52	9	3	-0.022988071870753468
52	9	4	-0.053280235542805476
53	0	0	-0.020856610800744968
53	0	1	-0.06084729981378034
53	0	2	-0.03472998137802619
53	0	3	-0.04853351955307261
53	0	4	-0.046834893552770485
53	1	0	0.001145251396648117
53	1	1	-0.07945065176908739
53	1	2	-0.090148975791434
53	1	3	-0.05881964366601233
53	1	4	-0.0265174392269365
53	2	0	-0.025344506517690935
53	2	1	-0.10392923649906882
53	2	2	0.0010242085661080758
53	2	3	-0.016174694247319876
53	2	4	0.00034916201117307644
53	3	0	-0.01906890130353811
53	3	1	-0.07192737430167606
53	3	2	-0.04445065176908747
53	3	3	-0.008257209723690262
53	3	4	-0.0313868337611356
53	4	0	-0.054860335195530685
53	4	1	-0.12928305400372442
53	4	2	-0.0642551210428306
53	4	3	-0.039342065529216264
53	4	4	-0.0018401781669937778
53	5	0	-0.011331471135940352
53	5	1	-0.07037243947858474
53	5	2	-0.014227188081936792
53	5	3	-0.056752982032311605
53	5	4	-0.03689793145100417
53	6	0	-0.026098696461824944
53	6	1	-0.013891992551210541
53	6	2	-0.05038175046554927
53	6	3	-0.023865695304242762
53	6	4	-0.04644798429714625
53	7	0	-0.0269087523277467
53	7	1	-0.021927374301676128
53	7	2	-0.048407821229050185
53	7	3	-0.06498188132266358
53	7	4	-0.05744186924354522
53	8	0	-0.03003724394785845
53	8	1	-0.04058659217877092
53	8	2	-0.01918994413407804
53	8	3	-0.09148988373848721
53	8	4	-0.02421485731541595
53	9	0	-0.05525139664804457
53	9	1	-0.07983240223463683
53	9	2	0.010828677839851086
53	9	3	-0.03563339876189042
53	9	4	-0.057913709799184754
54	0	0	-0.04274674115456245
54	0	1	-0.08704841713221612
54	0	2	-0.0018528864059590422
54	0	3	-0.030735693794352925
54	0	4	-0.045749660274799875
54	1	0	-0.01699255121042831
54	1	1	-0.052262569832402184
54	1	2	0.004385474860335137
54	1	3	-0.04208817756303773
54	1	4	-0.014079722180280974
54	2	0	-0.05855679702048411
54	2	1	-0.02689944134078215
54	2	2	-0.037430167597765296
54	2	3	-0.0917824248829835
54	2	4	-0.03033934772761604
54	3	0	-0.06144320297951589
54	3	1	-0.004860335195530752
54	3	2	-0.04630353817504651
54	3	3	-0.054724067643062146
54	3	4	-0.04391891891891908
54	4	0	-0.02800744878957173
54	4	1	-0.06876163873370567
54	4	2	-0.07709497206703908
54	4	3	-0.02614940359353768
54	4	4	-0.03923826060697566
54	5	0	-0.07569832402234633
54	5	1	-0.040754189944134045
54	5	2	-0.03584729981378032
54	5	3	-0.06098067341084101
54	5	4	-0.02254454174845244
54	6	0	-0.058175046554934995
54	6	1	-0.0137895716945996
54	6	2	-0.04944134078212281
54	6	3	-0.05898006945492984
54	6	4	-0.04468330061905479
54	7	0	-0.003175046554934724
54	7	1	-0.03240223463687164
54	7	2	-0.027513966480446794
54	7	3	-0.05217612864260923
54	7	4	-0.10020949720670402
54	8	0	-0.0492737430167598
54	8	1	-0.08084729981378014
54	8	2	-0.028929236499068756
54	8	3	-0.030820625094368115
54	8	4	-0.03544466253963463
54	9	0	-0.05219739292364989
54	9	1	-0.02758845437616375
54	9	2	0.001694599627560578
54	9	3	-0.04782575871961359
54	9	4	-0.0778442548693945
55	0	0	-0.04657355679702058
55	0	1	-0.0807728119180634
55	0	2	-0.03544692737430166
55	0	3	-0.033264759172580316
55	0	4	-0.03255699833912118
55	1	0	-0.04809124767225326
55	1	1	-0.026955307262569672
55	1	2	-0.03187150837988839
55	1	3	-0.04964706326438173
55	1	4	-0.06828476521213955
55	2	0	-0.04189944134078216
55	2	1	-0.04760707635009309
55	2	2	-0.011862197392923601
55	2	3	-0.047599275252906414
55	2	4	-0.017335422014193025
55	3	0	-0.021284916201117388
55	3	1	-0.05498137802607084
55	3	2	-0.043761638733705865
55	3	3	-0.00855918767929953
55	3	4	-0.05126075796466867
55	4	0	-0.01389199255121043
55	4	1	-0.02797951582867786
55	4	2	-0.04940409683426439
55	4	3	-0.07882568322512462
55	4	4	-0.0033783783783783994
55	5	0	-0.03179702048417132
55	5	1	-0.05697392923649902
55	5	2	-0.02379888268156438
55	5	3	-0.019496451759021594
55	5	4	-0.04918465951985507
55	6	0	-0.034413407821229036
55	6	1	-0.02013966480446927
55	6	2	-0.02336126629422708
55	6	3	-0.027357315415974526
55	6	4	-0.02488487090442404
55	7	0	-0.013007448789571607
55	7	1	-0.01679702048417142
55	7	2	-0.016666666666666496
55	7	3	-0.050118903820021266
55	7	4	-0.026725049071417928
55	8	0	-0.04037243947858471
55	8	1	-0.0841061452513967
55	8	2	-0.014171322160148825
55	8	3	-0.07905216669183157
55	8	4	-0.07451306054658025
55	9	0	-0.05566108007448778
55	9	1	-0.06759776536312845
55	9	2	-0.02013035381750461
55	9	3	-0.04675939906386839
55	9	4	-0.03001849614978125
56	0	0	-0.060418994413408034
56	0	1	-0.03174115456238369
56	0	2	-0.043324022346368785
56	0	3	-0.03665257436207159
56	0	4	-0.06738826815642451
56	1	0	0.006908752327746681
56	1	1	-0.0771973929236498
56	1	2	-0.013594040968342713
56	1	3	-0.06123546731088614
56	1	4	-0.02646081836025982
56	2	0	-0.03369646182495334
56	2	1	-0.04857541899441331
56	2	2	-0.015772811918063345
56	2	3	-0.021732975992752368
56	2	4	-0.008436509134833292
56	3	0	-0.07363128491620108
56	3	1	-0.033445065176908706
56	3	2	-0.09368715083798884
56	3	3	-0.019336025970104198
56	3	4	-0.0665483919673866
56	4	0	-0.04368715083798891
56	4	1	-0.05047486033519555
56	4	2	-0.05806331471135939
56	4	3	-0.08072248225879508
56	4	4	-0.027706477427147935
56	5	0	-0.024590316573556925
56	5	1	-0.022551210428305435
56	5	2	-0.023612662942271934
56	5	3	-0.0467027781971916
56	5	4	-0.002519628567114629
56	6	0	0.0024860335195528993
56	6	1	-0.005744878957169464
56	6	2	-0.020195530726256794
56	6	3	-0.06182998641099191
56	6	4	-0.051977955609240456
56	7	0	-0.04210428305400371
56	7	1	-0.03576350093109881
56	7	2	-0.030754189944134036
56	7	3	-0.0663596557451307
56	7	4	0.011088253057526809
56	8	0	-0.050214152700186254
56	8	1	-0.10060521415270007
56	8	2	-0.0544692737430168
56	8	3	-0.0400309527404501
56	8	4	-0.06351917560018117
56	9	0	-0.02283054003724394
56	9	1	-0.013864059590316558
56	9	2	-0.023556797020484077
56	9	3	-0.040068699984901146
56	9	4	-0.03649214857315419
57	0	0	-0.0054841713221601696
57	0	1	-0.0073649906890129735
57	0	2	-0.027420856610800737
57	0	3	-0.04098407066284149
57	0	4	-0.09479276762796318
57	1	0	-0.06166666666666665
57	1	1	-0.07692737430167584
57	1	2	-0.03122905027932954
57	1	3	-0.0673410841008606
57	1	4	-0.036407217273139114
57	2	0	-0.03523277467411534
57	2	1	-0.04757914338919922
57	2	2	-0.012905027932960778
57	2	3	-0.03863430469575713
57	2	4	-0.04839196738638085
57	3	0	-0.012188081936685191
57	3	1	-0.04584729981378022
57	3	2	-0.08783985102420855
57	3	3	0.014938471991544522
57	3	4	-0.04931677487543418
57	4	0	-0.05774674115456235
57	4	1	-0.0674581005586593
57	4	2	-0.08636871508379884
57	4	3	-0.0626604257889174
57	4	4	-0.03089611958327043
57	5	0	-0.04100558659217879
57	5	1	-0.045074487895716886
57	5	2	-0.01624767225325896
57	5	3	-0.006634078212290562
57	5	4	-0.014655367658161
57	6	0	-0.0281005586592179
57	6	1	-0.06202979515828677
57	6	2	-0.0005027932960892656
57	6	3	-0.053412350898384475
57	6	4	-0.05898006945492973
57	7	0	-0.054636871508379814
57	7	1	-0.04144320297951598
57	7	2	-0.07302607076350076
57	7	3	-0.07654197493582982
57	7	4	-0.05173259852030809
57	8	0	0.039031657355679594
57	8	1	-0.09944134078212286
57	8	2	-0.036573556797020346
57	8	3	-0.07546617846897186
57	8	4	-0.009182017212743476
57	9	0	-0.04197392923649912
57	9	1	-0.059273743016759695
57	9	2	-0.035810055865921786
57	9	3	-0.034283934772761704
57	9	4	-0.07203117922391677
58	0	0	-0.016722532588454464
58	0	1	-0.021238361266294303
58	0	2	-0.06056797020484184
58	0	3	-0.052232749509285914
58	0	4	-0.06559527404499466
58	1	0	-0.04187150837988818
58	1	1	-0.018705772811917987
58	1	2	0.00442271880819356
58	1	3	-0.0517797825758719
58	1	4	-0.030792314661029718
58	2	0	-0.028696461824953445
58	2	1	-0.05073556797020473
58	2	2	-0.03868715083798879
58	2	3	-0.015514117469424549
58	2	4	-0.03563339876189053
58	3	0	-0.053249534450651836
58	3	1	-0.06269087523277461
58	3	2	-0.04756052141527001
58	3	3	-0.05104371130907448
58	3	4	-0.0474765967084404
58	4	0	-0.01720670391061463
58	4	1	-0.06586592178770945
58	4	2	-0.05688081936685285
58	4	3	-0.03531254718405563
58	4	4	-0.035237052695153315
58	5	0	-0.03506517690875233
58	5	1	-0.05499999999999983
58	5	2	-0.021396648044692768
58	5	3	-0.05892344858825305
58	5	4	0.0003208515778346799
58	6	0	-0.04326815642458115
58	6	1	-0.021182495344506447
58	6	2	-0.044841713221601465
58	6	3	-0.021808470481654796
58	6	4	-0.041427600785142626
58	7	0	-0.04588454376163864
58	7	1	-0.021042830540037416
58	7	2	-0.06051210428305398
58	7	3	-0.09085761739393039
58	7	4	-0.08778121697116115
58	8	0	0.0019739292364990835
58	8	1	-0.03573556797020472
58	8	2	-0.020754189944134027
58	8	3	-0.0788068096028991
58	8	4	0.006549146912275372
58	9	0	-0.03724394785847296
58	9	1	-0.05224394785847297
58	9	2	0.007057728119180706
58	9	3	-0.03759625547335044
58	9	4	-0.0794956968141326
59	0	0	-0.03378026070763507
59	0	1	-0.07394785847299823
59	0	2	-0.035484171322160196
59	0	3	-0.06102785746640493
59	0	4	-0.0611410991997583
59	1	0	0.0005586592178773442
59	1	1	-0.0004283054003723086
59	1	2	-0.032029795158286856
59	1	3	-0.059008379888268125
59	1	4	-0.06354748603351956
59	2	0	-0.03532588454376151
59	2	1	-0.060791433891992375
59	2	2	-0.037858472998137715
59	2	3	-0.037369772006643376
59	2	4	-0.010757964668579256
59	3	0	-0.014795158286778465
59	3	1	-0.04928305400372446
59	3	2	-0.0845810055865921
59	3	3	-0.03729427751774128
59	3	4	-0.036539332628718224
59	4	0	-0.04852886405959034
59	4	1	-0.039562383612663066
59	4	2	-0.0528677839851025
59	4	3	-0.0764098595802506
59	4	4	-0.03901177714026882
59	5	0	-0.006154562383612672
59	5	1	-0.07263500931098699
59	5	2	-0.04242085661080086
59	5	3	-0.05540351804318289
59	5	4	0.006369847501132342
59	6	0	-0.04372439478584744
59	6	1	-0.016824953445065183
59	6	2	-0.05124767225325866
59	6	3	-0.04045560924052538
59	6	4	-0.044079344707836254
59	7	0	-0.028947858472998078
59	7	1	-0.001182495344506651
59	7	2	-0.06463687150837982
59	7	3	-0.04420202325230271
59	7	4	-0.030952740449947114
59	8	0	-0.03737430167597766
59	8	1	-0.05235567970204846
59	8	2	-0.028882681564245782
59	8	3	-0.04690095123056026
59	8	4	-0.0073418390457496985
59	9	0	-0.06763500931098698
59	9	1	-0.06922718808193662
59	9	2	-0.025279329608938417
59	9	3	-0.07455080779103129
59	9	4	-0.017769515325381402
60	0	0	0.010549348230912359
60	0	1	0.017513966480446896
60	0	2	-0.02874301675977664
60	0	3	-0.029188056771855653
60	0	4	-0.06937943530122292
60	1	0	0.006508379888268134
60	1	1	-0.052718808193668476
60	1	2	-0.06091247672253264
60	1	3	-0.05763060546580101
60	1	4	-0.03211346821682015
60	2	0	-0.04778398510242077
60	2	1	-0.06823091247672253
60	2	2	-0.03740223463687142
60	2	3	-0.04440963309678381
60	2	4	-0.05159104635361622
60	3	0	-0.026014897579143437
60	3	1	-0.09142458100558659
60	3	2	-0.050121042830539975
60	3	3	-0.02169522874830143
60	3	4	-0.0369734259399066
60	4	0	-0.007579143389199183
60	4	1	-0.09563314711359405
60	4	2	-0.052262569832402295
60	4	3	-0.05266684282047407
60	4	4	-0.044353012230107125
60	5	0	-0.045921787709497175
60	5	1	-0.037113594040968256
60	5	2	-0.08946927374301683
60	5	3	-0.05009059338668287
60	5	4	0.015249886758266551
60	6	0	-0.051312849162011176
60	6	1	-0.03593109869646183
60	6	2	-0.07909683426443193
60	6	3	-0.06446285671146001
60	6	4	-0.042229729729729604
60	7	0	-0.017811918063314613
60	7	1	-0.04879888268156429
60	7	2	-0.013482309124767111
60	7	3	-0.03641665408425199
60	7	4	-0.04298467461875288
60	8	0	-0.024739292364990617
60	8	1	-0.04307262569832404
60	8	2	-0.014124767225325852
60	8	3	-0.048948739242035355
60	8	4	-0.04770308017514735
60	9	0	-0.042793296089385424
60	9	1	-0.06278398510242078
60	9	2	-0.04920856610800739
60	9	3	-0.060216291710705194
60	9	4	-0.04077646081836028
61	0	0	0.0004003724394784358
61	0	1	-0.0300093109869648
61	0	2	-0.0017783985102421962
61	0	3	-0.044900347274648755
61	0	4	-0.04927902763098291
61	1	0	-0.04498137802607072
61	1	1	-0.04758845437616366
61	1	2	-0.025232774674115444
61	1	3	-0.06498188132266325
61	1	4	-0.05677185565453724
61	2	0	-0.041610800744878884
61	2	1	-0.06743947858472998
61	2	2	-0.0637988826815642
61	2	3	-0.07526800543560297
61	2	4	-0.03574664049524401
61	3	0	-0.0688454376163874
61	3	1	-0.04932960893854754
61	3	2	-0.015446927374301644
61	3	3	-0.04681601993054507
61	3	4	-0.04116337007398485
61	4	0	-0.060242085661080025
61	4	1	-0.057458100558659186
61	4	2	-0.03778398510242087
61	4	3	-0.08439340178166999
61	4	4	-0.06386833761135435
61	5	0	-0.055493482309124764
61	5	1	-0.0969180633147112
61	5	2	-0.04014897579143395
61	5	3	-0.024592329759927534
61	5	4	0.0007832553223613425
61	6	0	-0.04998137802607083
61	6	1	-0.04713221601489759
61	6	2	-0.05964618249534437
61	6	3	-0.0301600483164729
61	6	4	-0.05379926015400882
61	7	0	-0.0037150837988826346
61	7	1	-0.027579143389199423
61	7	2	-0.04271880819366847
61	7	3	-0.04783519553072635
61	7	4	-0.027432809904877065
61	8	0	-0.014664804469273651
61	8	1	-0.08684357541899446
61	8	2	-0.03685288640595896
61	8	3	-0.06995508077910317
61	8	4	-0.027159142382606083
61	9	0	-0.08529795158286779
61	9	1	-0.08142458100558647
61	9	2	-0.06567970204841711
61	9	3	-0.0497886154310736
61	9	4	-0.05578099048769447
62	0	0	-0.016610800744879084
62	0	1	-0.06342644320297963
62	0	2	-0.05772811918063325
62	0	3	-0.07340895364638378
62	0	4	-0.04355088328552004
62	1	0	-0.04447858472998134
62	1	1	-0.06918994413407809
62	1	2	-0.014841713221601549
62	1	3	-0.05173259852030798
62	1	4	0.002010040767024046
62	2	0	-0.05741154562383599
62	2	1	-0.09485102420856595
62	2	2	-0.04554934823091239
62	2	3	-0.07090819870149456
62	2	4	-0.011843197946549977
62	3	0	-0.05396648044692742
62	3	1	-0.06525139664804469
62	3	2	-0.043324022346368674
62	3	3	-0.024998112637777514
62	3	4	-0.04163521062962405
62	4	0	-0.059925512104283096
62	4	1	-0.03952513966480431
62	4	2	-0.03602420856610811
62	4	3	-0.028971010116261464
62	4	4	-0.014230711158085496
62	5	0	-0.058715083798882683
62	5	1	-0.03891061452513955
62	5	2	-0.049152700186219755
62	5	3	-0.04406990789672349
62	5	4	-0.034793522572852176
62	6	0	-0.012085661080074583
62	6	1	-0.0364804469273744
62	6	2	-0.06006517690875213
62	6	3	-0.03729427751774117
62	6	4	-0.042814812018722614
62	7	0	-0.03099627560521423
62	7	1	-0.050549348230912505
62	7	2	-0.045595903165735585
62	7	3	-0.04500415219688969
62	7	4	-0.059904876943983165
62	8	0	-0.0028677839851024567
62	8	1	-0.0398324022346368
62	8	2	-0.018063314711359246
62	8	3	-0.05802695153253823
62	8	4	0.015240449947153678
62	9	0	-0.03165735567970196
62	9	1	-0.04984171322160147
62	9	2	-0.019450651769087446
62	9	3	-0.04302242186320404
62	9	4	-0.0588573909104636
63	0	0	-0.025000000000000133
63	0	1	-0.0464618249534452
63	0	2	-0.022467411545623817
63	0	3	-0.0608485580552619
63	0	4	-0.03864374150686989
63	1	0	-0.03594040968342638
63	1	1	-0.024273743016759664
63	1	2	-0.05565176908752334
63	1	3	-0.07725917258040149
63	1	4	-0.07048354220141928
63	2	0	-0.05555865921787717
63	2	1	-0.06559590316573549
63	2	2	-0.006824953445065174
63	2	3	-0.03882304091801281
63	2	4	-0.021940585837234017
63	3	0	-0.005847299813780182
63	3	1	-0.08513966480446933
63	3	2	-0.05492551210428309
63	3	3	-0.007115355579042748
63	3	4	-0.023516533293069797
63	4	0	-0.03312849162011178
63	4	1	-0.006964618249534538
63	4	2	-0.05795158286778401
63	4	3	-0.03608636569530432
63	4	4	-0.025007549448890276
63	5	0	-0.06797951582867778
63	5	1	-0.055921787709497184
63	5	2	-0.01582867783985109
63	5	3	-0.03895515627359203
63	5	4	-0.04603276460818362
63	6	0	-0.056778398510242134
63	6	1	-0.05189013035381751
63	6	2	-0.019571694599627487
63	6	3	-0.05415785897629477
63	6	4	-0.0665672655896119
63	7	0	-0.03948789571694589
63	7	1	-0.07500931098696473
63	7	2	-0.04600558659217868
63	7	3	-0.0502415823644875
63	7	4	-0.03937037596255488
63	8	0	0.012839851024208704
63	8	1	-0.07422718808193662
63	8	2	-0.03499999999999992
63	8	3	-0.04860901404197504
63	8	4	-0.044928657707987374
63	9	0	-0.053891992551210355
63	9	1	-0.09076350093109853
63	9	2	-0.015996275605214105
63	9	3	-0.02145930847048172
63	9	4	-0.03746414011777155
64	0	0	-0.03851955307262578
64	0	1	-0.06554934823091252
64	0	2	-0.03109869646182495
64	0	3	-0.05758342141023709
64	0	4	-0.08728106598218321
64	1	0	-0.010782122905027891
64	1	1	-0.06843575418994408
64	1	2	-0.0579981378026071
64	1	3	-0.04770308017514702
64	1	4	-0.008181715234787834
64	2	0	-0.020502793296089394
64	2	1	-0.038612662942271836
64	2	2	-0.019441340782122896
64	2	3	-0.05624339423222091
64	2	4	-0.044032160652272556
64	3	0	-0.08743016759776534
64	3	1	-0.0494040968342645
64	3	2	-0.04905027932960904
64	3	3	0.010389929035180323
64	3	4	-0.0468915144194475
64	4	0	-0.061973929236499026
64	4	1	-0.07599627560521427
64	4	2	-0.030009310986964577
64	4	3	-0.044579495696814075
64	4	4	-0.04608938547486041
64	5	0	-0.003100558659217989
64	5	1	-0.0405679702048416
64	5	2	-0.050521415270018744
64	5	3	-0.014136343046957434
64	5	4	-0.011692208968745343
64	6	0	-0.06571694599627576
64	6	1	-0.026443202979515745
64	6	2	-0.06382681564245796
64	6	3	-0.08679035180431827
64	6	4	-0.06754869394534202
64	7	0	-0.032150837988826786
64	7	1	-0.05229050279329617
64	7	2	-0.0028305400372439227
64	7	3	-0.0670485429563642
64	7	4	-0.05226105994262431
64	8	0	-0.03432960893854742
64	8	1	-0.05764432029795152
64	8	2	-0.009283054003724422
64	8	3	-0.05235542805375215
64	8	4	-0.06540653782273897
64	9	0	-0.08797020484171314
64	9	1	9.310986964661261e-06
64	9	2	-0.008864059590316553
64	9	3	-0.02597010418239476
64	9	4	-0.06142420353314215
65	0	0	-0.06266294227188096
65	0	1	-0.04101489757914345
65	0	2	-0.06067970204841722
65	0	3	-0.08461988524837694
65	0	4	-0.07091763551260755
65	1	0	-0.06895716945996266
65	1	1	-0.041405959031657225
65	1	2	-0.012122905027933006
65	1	3	-0.04704250339725191
65	1	4	-0.033208138305903745
65	2	0	-0.04556797020484149
65	2	1	-0.06809124767225327
65	2	2	-0.03263500931098695
65	2	3	-0.03725653027329001
65	2	4	0.0005850822889927887
65	3	0	-0.05369646182495358
65	3	1	-0.04425512104283058
65	3	2	-0.05492551210428287
65	3	3	-0.033708289294881566
65	3	4	-0.036095802506417196
65	4	0	0.01573556797020481
65	4	1	-0.06814711359404091
65	4	2	-0.051620111731843554
65	4	3	-0.025016986260002927
65	4	4	-0.020817605314812027
65	5	0	-0.08775605214152693
65	5	1	-0.07131284916201108
65	5	2	-0.043743016759776654
65	5	3	-0.07121017665710405
65	5	4	-0.023186244904122133
65	6	0	-0.017830540037243936
65	6	1	-0.011554934823091223
65	6	2	-0.030456238361266208
65	6	3	-0.03949305450702101
65	6	4	-0.035293673561829886
65	7	0	-0.05150837988826806
65	7	1	-0.028035381750465604
65	7	2	-0.04267225325884538
65	7	3	-0.04260720217424141
65	7	4	-0.07238034123508985
65	8	0	-0.009171322160148931
65	8	1	-0.06543761638733703
65	8	2	-0.02079143389199245
65	8	3	-0.06775630378982345
65	8	4	-0.05004340933111884
65	9	0	-0.06299813780260699
65	9	1	-0.05677839851024202
65	9	2	-0.03573556797020472
65	9	3	-0.025092480748905466
65	9	4	-0.0873188132266346
66	0	0	-0.04295158286778411
66	0	1	-0.02410614525139665
66	0	2	-0.013808193668529034
66	0	3	-0.013881549146912309
66	0	4	-0.046787709497206675
66	1	0	-0.053584729981377865
66	1	1	-0.035484171322160085
66	1	2	-0.04573556797020495
66	1	3	-0.018373471236599603
66	1	4	-0.06703910614525144
66	2	0	-0.027094972067039036
66	2	1	-0.04502793296089391
66	2	2	-0.01463687150837989
66	2	3	-0.06654839196738627
66	2	4	-0.035142684584025474
66	3	0	-0.030931098696461934
66	3	1	-0.05688081936685285
66	3	2	-0.05456238361266286
66	3	3	-0.06665219688962709
66	3	4	-0.023318360259701132
66	4	0	-0.07076350093109873
66	4	1	-0.046582867783985016
66	4	2	-0.011750465549348332
66	4	3	-0.02719688962705713
66	4	4	-0.006803940812320719
66	5	0	-0.04195530726256991
66	5	1	-0.06270018621973927
66	5	2	-0.06317504655493489
66	5	3	-0.03652045900649248
66	5	4	-0.07430545070209871
66	6	0	-0.053119180633147134
66	6	1	-0.06934823091247677
66	6	2	0.010279329608938625
66	6	3	-0.05848935527706478
66	6	4	-0.04373961950777583
66	7	0	-0.03319366852886407
66	7	1	-0.060856610800745004
66	7	2	-0.07504655493482293
66	7	3	-0.04746715989732753
66	7	4	-0.05465800996527259
66	8	0	-0.013798882681564262
66	8	1	-0.03585661080074476
66	8	2	-0.03540037243947847
66	8	3	-0.06556696361165648
66	8	4	-0.04392835573003184
66	9	0	-0.039683426443202996
66	9	1	-0.038612662942271836
66	9	2	-0.01013966480446915
66	9	3	-0.04778801147516232
66	9	4	-0.05279895817605329
67	0	0	-0.03972998137802619
67	0	1	-0.06424581005586605
67	0	2	-0.0202420856610801
67	0	3	-0.03444436056167899
67	0	4	-0.060178544466253925
67	1	0	-0.04307262569832404
67	1	1	-0.03080074487895701
67	1	2	-0.044087523277467455
67	1	3	-0.0395968594292615
67	1	4	-0.038577683829080445
67	2	0	-0.05137802607076358
67	2	1	-0.05621042830540024
67	2	2	0.005214152700186325
67	2	3	-0.011531783179827726
67	2	4	-0.021610297448286464
67	3	0	-0.09180633147113593
67	3	1	-0.054534450651769095
67	3	2	-0.035158286778398495
67	3	3	-0.03768118677336563
67	3	4	-0.07073833610146474
67	4	0	-0.03291433891992546
67	4	1	-0.05129422718808185
67	4	2	-0.07148044692737421
67	4	3	-0.024205420504303188
67	4	4	-0.05309149932054957
67	5	0	-0.026089385474860283
67	5	1	-0.03361266294227183
67	5	2	-0.06168528864059597
67	5	3	-0.05659255624339421
67	5	4	-0.03039596859429261
67	6	0	-0.0380167597765364
67	6	1	-0.07127560521415266
67	6	2	-0.08960893854748586
67	6	3	-0.07475841763551261
67	6	4	-0.08108108108108103
67	7	0	-0.04579143389199247
67	7	1	0.007169459962755975
67	7	2	-0.03125698324022341
67	7	3	-0.06790729276762797
67	7	4	-0.020987467914842295
67	8	0	-0.02143389199255119
67	8	1	-0.11630353817504646
67	8	2	-0.04567970204841709
67	8	3	-0.08943265891589924
67	8	4	-0.03584100860637174
67	9	0	-0.023445065176908697
67	9	1	-0.07604283054003713
67	9	2	-0.02091247672253249
67	9	3	-0.014730862147063317
67	9	4	-0.02826324928280244
68	0	0	-0.01021415270018633
68	0	1	-0.052793296089385544
68	0	2	-0.025865921787709523
68	0	3	-0.05914993205496
68	0	4	-0.06393439528914391
68	1	0	-0.06115456238361261
68	1	1	-0.03663873370577275
68	1	2	-0.05896648044692743
68	1	3	0.01488185112486795
68	1	4	-0.05058130756454782
68	2	0	-0.054664804469273576
68	2	1	-0.08932960893854747
68	2	2	-0.044748603351955296
68	2	3	-0.03161331722784222
68	2	4	0.026960969349237418
68	3	0	-0.06830540037243948
68	3	1	-0.07855679702048424
68	3	2	-0.02099627560521411
68	3	3	-0.014485505058130843
68	3	4	-0.026489128793598216
68	4	0	-0.019413407821229023
68	4	1	-0.06064245810055857
68	4	2	-0.051294227188081964
68	4	3	-0.07873131511399667
68	4	4	-0.05758342141023709
68	5	0	-0.06016759776536318
68	5	1	-0.04056797020484171
68	5	2	-0.01528864059590318
68	5	3	-0.05243092254265447
68	5	4	-0.01456099954703316
68	6	0	-0.058510242085661135
68	6	1	-0.025232774674115555
68	6	2	-0.0363035381750465
68	6	3	-0.007200286879057827
68	6	4	-0.056800166087875525
68	7	0	-0.05212290502793293
68	7	1	-0.09584729981378037
68	7	2	-0.055502793296089314
68	7	3	-0.07262569832402244
68	7	4	-0.0189396799033672
68	8	0	-0.08289571694599629
68	8	1	-0.04414338919925498
68	8	2	-0.06745810055865908
68	8	3	-0.07381473652423376
68	8	4	-0.004793900045296673
68	9	0	-0.03929236499068889
68	9	1	-0.04958100558659195
68	9	2	-0.0327094972067038
68	9	3	-0.024639513815491565
68	9	4	-0.03841725804016316
69	0	0	-0.004068901303538319
69	0	1	-0.03337057728119175
69	0	2	-0.057886405959031606
69	0	3	-0.049307338064321415
69	0	4	-0.07395628869092552
69	1	0	-0.06794227188081936
69	1	1	-0.03888268156424579
69	1	2	-0.08121042830540048
69	1	3	-0.04849577230862134
69	1	4	-0.062235769288842
69	2	0	-0.04638733705772813
69	2	1	-0.05132216014897584
69	2	2	-0.04702979515828676
69	2	3	-0.047372791786199575
69	2	4	-0.03746414011777155
69	3	0	-0.018575418994413395
69	3	1	-0.06582867783985102
69	3	2	-0.07759776536312857
69	3	3	-0.04108787558508242
69	3	4	-0.059952060999547196
69	4	0	-0.06702048417132211
69	4	1	-0.03652700186219737
69	4	2	-0.02960893854748614
69	4	3	-0.031452891438924824
69	4	4	-0.03135852332779698
69	5	0	-0.026210428305400435
69	5	1	-0.029348230912476625
69	5	2	-0.02851024208566111
69	5	3	-0.025101917560018006
69	5	4	-0.011569530424279106
69	6	0	-0.07546554934823102
69	6	1	-0.05638733705772814
69	6	2	-0.043780260707634855
69	6	3	-0.011437415068699996
69	6	4	-0.1097878604861845
69	7	0	-0.046797020484171226
69	7	1	-0.0741061452513968
69	7	2	-0.06601489757914336
69	7	3	-0.024413030348784615
69	7	4	-0.05496942473199462
69	8	0	-0.061871508379888196
69	8	1	-0.09090316573556789
69	8	2	-0.02660148975791421
69	8	3	0.0024913181337760104
69	8	4	-0.05759285822134985
69	9	0	-0.031061452513966414
69	9	1	-0.07162011173184357
69	9	2	-0.002551210428305306
69	9	3	-0.0446833006190549
69	9	4	-0.032037973727917946
70	0	0	-0.04026070763500944
70	0	1	-0.036648044692737525
70	0	2	-0.04055865921787716
70	0	3	-0.07286161860184204
70	0	4	-0.04939226936433638
70	1	0	-0.016666666666666607
70	1	1	-0.03185288640595896
70	1	2	-0.02141527001862209
70	1	3	-0.021997206703910477
70	1	4	-0.06088630529971317
70	2	0	-0.050437616387337014
70	2	1	-0.07217877094972058
70	2	2	-0.01228119180633136
70	2	3	-0.0552902763098293
70	2	4	-0.020855352559263185
70	3	0	-0.07070763500931099
70	3	1	-0.04315642458100566
70	3	2	-0.06018621973929239
70	3	3	-0.038379510795712
70	3	4	-0.05204401328703012
70	4	0	-0.032774674115456315
70	4	1	-0.02047486033519552
70	4	2	-0.050549348230912505
70	4	3	-0.008361014645930864
70	4	4	-0.007662690623584489
70	5	0	-0.05822160148975797
70	5	1	-0.05265363128491607
70	5	2	-0.0434078212290504
70	5	3	-0.03642609089536464
70	5	4	-0.01658991393628273
70	6	0	-0.07533519553072632
70	6	1	-0.036778398510242005
70	6	2	-0.0204562383612662
70	6	3	-0.02629095576022955
70	6	4	-0.04816548391967379
70	7	0	-0.07394785847299812
70	7	1	-0.04097765363128503
70	7	2	-0.04643389199255121
70	7	3	-0.07356937943530129
70	7	4	-0.06273592027781982
70	8	0	-0.04479515828677838
70	8	1	-0.057011173184357444
70	8	2	-0.011610800744878857
70	8	3	-0.032707987316926035
70	8	4	-0.042097614374150716
70	9	0	-0.031173184357541905
70	9	1	-0.06949720670391057
70	9	2	-0.054227188081936606
70	9	3	-0.06583119432281448
70	9	4	-0.05161935678695462
71	0	0	-0.013249534450651912
71	0	1	-0.034906890130353974
71	0	2	-0.044180633147113735
71	0	3	-0.02710252151592929
71	0	4	-0.04756152800845537
71	1	0	-0.0007262569832401367
71	1	1	-0.060242085661080025
71	1	2	-0.04389199255121046
71	1	3	-0.05650762494337913
71	1	4	-0.019090668881171724
71	2	0	-0.06796089385474857
71	2	1	-0.0674581005586592
71	2	2	-0.0022718808193666895
71	2	3	-0.10029442850671899
71	2	4	0.021497055714932656
71	3	0	-0.09399441340782122
71	3	1	-0.047430167597765305
71	3	2	-0.027271880819366934
71	3	3	-0.06827532840102679
71	3	4	0.0005284614223159956
71	4	0	-0.02841713221601494
71	4	1	-0.07342644320297942
71	4	2	0.00442271880819356
71	4	3	-0.044447380341235077
71	4	4	-0.035690019628567105
71	5	0	-0.002504655493482222
71	5	1	-0.04044692737430167
71	5	2	-0.033631284916201265
71	5	3	-0.020600558659217838
71	5	4	-0.0192039106145252
71	6	0	-0.06363128491620129
71	6	1	-0.03564245810055866
71	6	2	-0.028137802607076212
71	6	3	-0.02562094217122146
71	6	4	-0.03543522572852187
71	7	0	-0.040549348230912496
71	7	1	-0.03216014897579156
71	7	2	-0.0115363128491619
71	7	3	-0.08151517439226952
71	7	4	-0.03797372791786202
71	8	0	-0.035893854748603404
71	8	1	-0.09351024208566106
71	8	2	-0.052811918063314756
71	8	3	-0.07638154914691242
71	8	4	-0.05541295485429565
71	9	0	-0.030391061452513912
71	9	1	-0.026554934823091236
71	9	2	-0.024394785847299705
71	9	3	-0.06503850218934026
71	9	4	-0.028753963460667498
72	0	0	-0.045800744878957245
72	0	1	0.0042178770949719
72	0	2	-0.027737430167597776
72	0	3	-0.04613656953042422
72	0	4	-0.04734448135286107
72	1	0	-0.04756052141527001
72	1	1	-0.06319366852886399
72	1	2	-0.05748603351955317
72	1	3	-0.04884493431979453
72	1	4	-0.05325192510946708
72	2	0	-0.06409683426443191
72	2	1	-0.05059590316573548
72	2	2	-0.051955307262569805
72	2	3	-0.08496904725955001
72	2	4	-0.05601691076551418
72	3	0	-0.023724394785847314
72	3	1	-0.056573556797020474
72	3	2	-0.046135940409683385
72	3	3	-0.03020723237203693
72	3	4	-0.028744526649554736
72	4	0	-0.04370577281191812
72	4	1	-0.04286778398510249
72	4	2	-0.06577281191806339
72	4	3	-0.04460780613015247
72	4	4	-0.011805450702098819
72	5	0	-0.06715083798882682
72	5	1	-0.0393109869646181
72	5	2	-0.06373370577281201
72	5	3	-0.027697040616035062
72	5	4	0.006294353012230025
72	6	0	-0.04884543761638738
72	6	1	-0.0434264432029795
72	6	2	-0.04510242085661065
72	6	3	-0.017146685791937233
72	6	4	-0.00577532840102668
72	7	0	-0.028286778398510237
72	7	1	-0.05415270018621987
72	7	2	-0.07375232774674112
72	7	3	-0.05864978106598229
72	7	4	-0.018297976747697398
72	8	0	-0.04486964618249534
72	8	1	-0.05033519553072607
72	8	2	-0.05455307262569831
72	8	3	-0.08225124565906694
72	8	4	-0.03661482711762054
72	9	0	-0.02852886405959032
72	9	1	-0.03027001862197387
72	9	2	-0.018677839851024114
72	9	3	-0.060036992299562164
72	9	4	-0.05100596406462343
73	0	0	0.0023184357541897738
73	0	1	-0.06154562383612672
73	0	2	-0.045595903165735585
73	0	3	-0.05596972670995026
73	0	4	-0.07738185112486784
73	1	0	-0.04103351955307255
73	1	1	-0.03866852886405947
73	1	2	-0.03747672253258849
73	1	3	-0.04415483919673846
73	1	4	-0.04334327344103883
73	2	0	-0.06216014897579136
73	2	1	-0.07230912476722529
73	2	2	-0.02379888268156416
73	2	3	-0.056583119432281226
73	2	4	-0.05979163521062969
73	3	0	-0.017830540037244047
73	3	1	-0.0345530726256984
73	3	2	-0.037607076350093194
73	3	3	-0.022016080326136223
73	3	4	-0.05905556394383227
73	4	0	-0.054320297951582885
73	4	1	-0.03770018621973925
73	4	2	-0.05326815642458116
73	4	3	-0.06654839196738638
73	4	4	-0.04072927676279625
73	5	0	-0.036871508379888174
73	5	1	-0.03608007448789563
73	5	2	-0.026610800744879093
73	5	3	-0.012371659368866084
73	5	4	-0.01370224973576939
73	6	0	-0.04078212290502803
73	6	1	-0.04103351955307255
73	6	2	-0.024180633147113495
73	6	3	-0.05871583874377173
73	6	4	-0.06317945040012074
73	7	0	-0.006340782122904898
73	7	1	-0.023165735567970414
73	7	2	-0.025502793296089288
73	7	3	-0.059404725955005455
73	7	4	-0.0744186924354523
73	8	0	-0.01842644320297948
73	8	1	-0.06469273743016757
73	8	2	-0.04121042830540034
73	8	3	-0.060169107655141385
73	8	4	-0.010201192812924642
73	9	0	-0.06864059590316574
73	9	1	-0.02800744878957162
73	9	2	-0.036666666666666625
73	9	3	-0.030952740449947114
73	9	4	-0.009370753434999268
74	0	0	-0.031080074487895848
74	0	1	-0.052383612662942336
74	0	2	-0.045167597765363166
74	0	3	-0.06169787105541291
74	0	4	-0.08653555790427292
74	1	0	-0.02962756052141513
74	1	1	-0.01817504655493485
74	1	2	-0.06903165735567973
74	1	3	-0.06760531481201859
74	1	4	-0.03317982787256535
74	2	0	-0.06553072625698331
74	2	1	-0.07013035381750465
74	2	2	-0.003975791433891929
74	2	3	-0.017288237958628883
74	2	4	0.002340329155971488
74	3	0	-0.03886405959031647
74	3	1	-0.10466480446927373
74	3	2	-0.07514897579143387
74	3	3	-0.012777442246715953
74	3	4	-0.06065038502189357
74	4	0	-0.03264432029795161
74	4	1	-0.06839851024208576
74	4	2	-0.06725325884543776
74	4	3	-0.08104333383662998
74	4	4	-0.025536010871206494
74	5	0	-0.026880819366852826
74	5	1	-0.0780446927374302
74	5	2	-0.061052141527002
74	5	3	-0.03676581609542506
74	5	4	-0.014306205646987924
74	6	0	-0.030819366852886443
74	6	1	-0.008156424581005517
74	6	2	-0.007113594040968341
74	6	3	-0.043041295485429565
74	6	4	-0.054591952287483037
74	7	0	-0.03281191806331463
74	7	1	-0.04857541899441353
74	7	2	-0.07532588454376155
74	7	3	-0.058621470632644
74	7	4	-0.07674958478031113
74	8	0	-0.01734636871508377
74	8	1	-0.06094972067039117
74	8	2	-0.04801675977653619
74	8	3	-0.04388117167446792
74	8	4	-0.06177336554431534
74	9	0	-0.06975791433891998
74	9	1	-0.0699441340782122
74	9	2	0.012392923649906962
74	9	3	-0.02547939000452981
74	9	4	-0.0638305903669033
75	0	0	-0.03183426443202986
75	0	1	-0.047970204841713215
75	0	2	-0.029767225325884494
75	0	3	-0.08645062660425784
75	0	4	-0.04679714630831944
75	1	0	-0.032364990689012885
75	1	1	-0.03523277467411545
75	1	2	-0.07872439478584736
75	1	3	-0.03417069303940801
75	1	4	-0.005237430167597812
75	2	0	-0.04804469273743017
75	2	1	-0.09354748603351948
75	2	2	0.009283054003724533
75	2	3	-0.049184659519854956
75	2	4	-0.010210629624037515
75	3	0	-0.0016387337057728324
75	3	1	-0.039338919925512084
75	3	2	-0.08495344506517688
75	3	3	-0.05243092254265436
75	3	4	-0.026498565604710977
75	4	0	-0.042579143389199325
75	4	1	-0.06714152700186216
75	4	2	-0.05062383612662935
75	4	3	-0.03619960742865769
75	4	4	-0.03389702551713725
75	5	0	-0.04176908752327735
75	5	1	-0.05925512104283048
75	5	2	-0.04411545623836133
75	5	3	-0.03449154461724291
75	5	4	0.008200588857013358
75	6	0	-0.06072625698324019
75	6	1	-0.0478212290502793
75	6	2	-0.054646182495344364
75	6	3	-0.02836705420504304
75	6	4	-0.028838894760682465
75	7	0	-0.04422718808193671
75	7	1	-0.034702048417132314
75	7	2	-0.04756983240223467
75	7	3	-0.06543484825607737
75	7	4	-0.016967386380794314
75	8	0	-0.017821229050279275
75	8	1	-0.04261638733705764
75	8	2	-0.04454376163873364
75	8	3	-0.07751396648044695
75	8	4	-0.04779744828627519
75	9	0	-0.05471135940409688
75	9	1	-0.09314711359404093
75	9	2	-0.05160148975791434
75	9	3	-0.030622452060999672
75	9	4	-0.052185565453721994
76	0	0	-0.058184357541899545
76	0	1	-0.0656424581005588
76	0	2	-0.03863128491620116
76	0	3	-0.02894269968292318
76	0	4	-0.033613921183753614
76	1	0	-0.05371508379888257
76	1	1	-0.05416201117318431
76	1	2	-0.046135940409683496
76	1	3	-0.04441906990789657
76	1	4	-0.06155631888872126
76	2	0	-0.028119180633147
76	2	1	-0.06432029795158278
76	2	2	-0.016973929236498986
76	2	3	-0.032896723539181494
76	2	4	-0.028065076249433885
76	3	0	-0.01702048417132218
76	3	1	-0.04316573556797021
76	3	2	-0.07426443202979516
76	3	3	-0.05076060697569085
76	3	4	-0.010286124112939943
76	4	0	-0.04467411545623834
76	4	1	-0.04103351955307255
76	4	2	-0.04686219739292374
76	4	3	-0.05159104635361622
76	4	4	-0.003906839800694506
76	5	0	-0.03658286778398512
76	5	1	-0.07864059590316574
76	5	2	-0.05445065176908759
76	5	3	-0.09085761739393028
76	5	4	-0.02277102521515939
76	6	0	-0.046787709497206786
76	6	1	-0.014078212290502767
76	6	2	-0.04154562383612659
76	6	3	-0.054903367054205066
76	6	4	-0.05818737732145551
76	7	0	-0.05909683426443202
76	7	1	-0.056871508379888414
76	7	2	-0.020921787709497153
76	7	3	-0.041597463385173006
76	7	4	-0.046598973274951105
76	8	0	-0.02670391061452504
76	8	1	-0.05477653631284918
76	8	2	-0.017644320297951488
76	8	3	-0.029188056771855764
76	8	4	-0.04004982636267562
76	9	0	-0.04910614525139667
76	9	1	-0.03133147113594026
76	9	2	-0.05457169459962752
76	9	3	-0.040465046051638254
76	9	4	-0.06670881775630388
77	0	0	-0.022132216014897677
77	0	1	-0.058389199255121094
77	0	2	-0.03166666666666673
77	0	3	-0.05389362826513666
77	0	4	-0.07562660425788914
77	1	0	-0.006117318435754249
77	1	1	-0.02037243947858458
77	1	2	-0.05250465549348238
77	1	3	-0.031820927072323646
77	1	4	-0.05014721425335955
77	2	0	-0.028836126629422698
77	2	1	-0.06621973929236491
77	2	2	-0.020502793296089394
77	2	3	-0.0491186018420654
77	2	4	-0.06049939604408883
77	3	0	-0.037504655493482364
77	3	1	-0.07949720670391058
77	3	2	-0.035689013035381745
77	3	3	-0.02543220594896578
77	3	4	-0.08255322361467621
77	4	0	-0.050242085661080016
77	4	1	-0.023296089385474894
77	4	2	-0.08225325884543766
77	4	3	-0.037275403895515646
77	4	4	-0.03806809602898986
77	5	0	-0.01622905027932975
77	5	1	-0.04514897579143373
77	5	2	-0.029217877094972033
77	5	3	-0.036001434395289134
77	5	4	-0.05066623886456301
77	6	0	-0.04229981378026071
77	6	1	-0.0684543761638734
77	6	2	-0.0458938547486033
77	6	3	-0.027885776838290743
77	6	4	-0.05796089385474856
77	7	0	-0.027951582867783986
77	7	1	-0.04398510242085685
77	7	2	-0.026648044692737405
77	7	3	-0.05546957572097244
77	7	4	-0.01915672655896128
77	8	0	-0.034078212290502785
77	8	1	-0.04169459962756039
77	8	2	-0.04187150837988829
77	8	3	-0.05012834063113414
77	8	4	-0.0549222406764307
77	9	0	-0.05171322160148972
77	9	1	-0.07964618249534439
77	9	2	-0.03035381750465549
77	9	3	-0.008823418390457638
77	9	4	-0.04517401479691996
78	0	0	-0.05297951582867788
78	0	1	-0.018482309124767338
78	0	2	-0.0101117318435755
78	0	3	-0.06899252604559869
78	0	4	-0.07296542352408264
78	1	0	-0.06957169459962753
78	1	1	-0.06526070763500924
78	1	2	-0.05878026070763509
78	1	3	-0.022572852181790615
78	1	4	-0.05297825758719621
78	2	0	-0.06794227188081936
78	2	1	-0.0624953445065175
78	2	2	-0.027076350093109713
78	2	3	-0.07273894005737569
78	2	4	-0.04555148724143143
78	3	0	-0.06446927374301681
78	3	1	-0.07997206703910609
78	3	2	-0.026638733705772744
78	3	3	-0.05062849162011174
78	3	4	-0.10488071870753446
78	4	0	-0.017420856610800728
78	4	1	-0.03466480446927367
78	4	2	-0.02187150837988827
78	4	3	0.0032934470783633207
78	4	4	-0.06410425788917407
78	5	0	-0.10912476722532594
78	5	1	-0.07277467411545613
78	5	2	-0.04415270018621986
78	5	3	-0.007228597312396223
78	5	4	-0.02020421259248073
78	6	0	-0.020633147113594208
78	6	1	-0.015521415270018712
78	6	2	-0.06270018621973916
78	6	3	-0.013022799335648427
78	6	4	-0.09038577683829074
78	7	0	-0.019515828677839853
78	7	1	-0.04100558659217879
78	7	2	-0.027653631284916047
78	7	3	-0.08249660274799953
78	7	4	-0.058555412954854336
78	8	0	-0.015912476722532598
78	8	1	-0.04382681564245805
78	8	2	-0.03238361266294221
78	8	3	-0.07378642609089547
78	8	4	-0.031405707383361015
78	9	0	-0.06990689013035378
78	9	1	-0.05161080074487889
78	9	2	-0.04492551210428297
78	9	3	-0.04324890532991099
78	9	4	-0.020845915748150534
79	0	0	-0.035986964618249684
79	0	1	-0.008007448789571714
79	0	2	-0.031070763500931187
79	0	3	-0.05848935527706478
79	0	4	-0.010276687301826959
79	1	0	-0.059068901303538035
79	1	1	-0.05162011173184344
79	1	2	-0.026517690875232924
79	1	3	-0.07113468216820162
79	1	4	-0.05457307866525751
79	2	0	-0.04187150837988818
79	2	1	-0.06209497206703918
79	2	2	0.0008007448789572047
79	2	3	-0.09212215008304381
79	2	4	0.0004907141778648372
79	3	0	-0.0051117318435753845
79	3	1	-0.047104283054003715
79	3	2	-0.034823091247672244
79	3	3	-0.03845500528461432
79	3	4	-0.02235580552619676
79	4	0	-0.0494227188081936
79	4	1	-0.029757914338919944
79	4	2	-0.07957169459962754
79	4	3	-0.008729050279329575
79	4	4	0.011503472746489551
79	5	0	-0.030372439478584812
79	5	1	-0.04511173184357542
79	5	2	-0.022122905027933015
79	5	3	-0.05294051034274494
79	5	4	-0.040021515929337115
79	6	0	-0.04734636871508391
79	6	1	-0.011824953445065178
79	6	2	-0.030875232774673966
79	6	3	-0.06882266344556842
79	6	4	-0.05818737732145551
79	7	0	-0.03380819366852883
79	7	1	-0.032681564245810146
79	7	2	-0.0723277467411545
79	7	3	-0.044400196285671156
79	7	4	-0.026592933715838818
79	8	0	-0.03792364990689001
79	8	1	-0.04676908752327735
79	8	2	-0.0439664804469273
79	8	3	-0.0638117167446779
79	8	4	-0.024082741959837062
79	9	0	-0.034823091247672244
79	9	1	-0.050111731843575424
79	9	2	-0.018268156424580906
79	9	3	-0.035510720217424296
79	9	4	-0.049986788464442156
80	0	0	-0.04324953445065183
80	0	1	-0.056564245810055924
80	0	2	0.01648975791433893
80	0	3	-0.0518080930092103
80	0	4	-0.04811829986410987
80	1	0	-0.01432029795158285
80	1	1	-0.018687150837988775
80	1	2	-0.050549348230912616
80	1	3	-0.034755775328400906
80	1	4	-0.06457609844481349
80	2	0	-0.06183426443202977
80	2	1	-0.047225325884543645
80	2	2	-0.05978584729981373
80	2	3	-0.02291257738185115
80	2	4	-0.007898610901404313
80	3	0	-0.013724394785847194
80	3	1	-0.04039106145251403
80	3	2	-0.027923649906890113
80	3	3	-0.03869092556243403
80	3	4	-0.02902763098293837
80	4	0	-0.04371508379888278
80	4	1	-0.048705772811918124
80	4	2	-0.04158286778398512
80	4	3	-0.05911218481050873
80	4	4	-0.005982938245508218
80	5	0	-0.08583798882681559
80	5	1	-0.008445065176908684
80	5	2	-0.013091247672253337
80	5	3	-0.020138154914691286
80	5	4	-0.026951532538124767
80	6	0	-0.022653631284916376
80	6	1	-0.08081936685288638
80	6	2	-0.025549348230912372
80	6	3	-0.03394420957270117
80	6	4	-0.08616752227087421
80	7	0	-0.025186219739292248
80	7	1	-0.0392085661080076
80	7	2	-0.025595903165735567
80	7	3	-0.005114751623131464
80	7	4	-0.07549448890231014
80	8	0	-0.014283054003724316
80	8	1	-0.012625698324022383
80	8	2	-0.03188081936685283
80	8	3	-0.08472369017061765
80	8	4	-0.02578136796013908
80	9	0	-0.06297951582867789
80	9	1	-0.06322160148975786
80	9	2	-0.008175046554934728
80	9	3	-0.03079231466102983
80	9	4	-0.06669938094519112
81	0	0	-0.028808193668528936
81	0	1	-0.1043947858473
81	0	2	-0.04803538175046562
81	0	3	-0.024129926015400982
81	0	4	-0.043767929941114225
81	1	0	-0.05890130353817491
81	1	1	-0.03681564245810043
81	1	2	-0.06756983240223469
81	1	3	-0.017712894458704387
81	1	4	-0.0571304544768233
81	2	0	-0.0642551210428306
81	2	1	-0.09583798882681549
81	2	2	-0.0241154562383612
81	2	3	-0.0700777593235693
81	2	4	-0.03196247923901574
81	3	0	-0.06916201117318443
81	3	1	-0.04137802607076346
81	3	2	-0.08112662942271887
81	3	3	-0.04621206401932665
81	3	4	-0.028574664049524467
81	4	0	-0.06214152700186226
81	4	1	-0.09107076350093113
81	4	2	-0.05502793296089381
81	4	3	-0.05687566057677795
81	4	4	-0.028348180582817517
81	5	0	-0.0478026070763502
81	5	1	-0.04874301675977655
81	5	2	-0.0751024208566109
81	5	3	-0.040417861996074333
81	5	4	-0.0007455080779102952
81	6	0	-0.012737430167597985
81	6	1	-0.0286405959031657
81	6	2	-0.04702979515828665
81	6	3	-0.005945191001056838
81	6	4	-0.048108863052997
81	7	0	-0.035791433891992464
81	7	1	-0.06337057728119189
81	7	2	-0.07054934823091241
81	7	3	-0.05546957572097255
81	7	4	0.0041899441340782495
81	8	0	-0.05575418994413406
81	8	1	-0.04231843575418981
81	8	2	-0.0499627560521414
81	8	3	-0.04227691378529386
81	8	4	0.024413030348784504
81	9	0	-0.03584729981378021
81	9	1	-0.0862476722532588
81	9	2	-0.028724394785847318
81	9	3	-0.03669032160652286
81	9	4	0.006086743167748709
82	0	0	-0.04783054003724396
82	0	1	-0.04042830540037268
82	0	2	-0.06852886405959036
82	0	3	-0.07135172882379592
82	0	4	-0.10424845236297742
82	1	0	-0.05136871508379881
82	1	1	-0.03755121042830534
82	1	2	-0.030055865921787772
82	1	3	-0.06532160652272379
82	1	4	-0.02741393628265143
82	2	0	-0.06269087523277461
82	2	1	-0.08142458100558647
82	2	2	-0.04811918063314702
82	2	3	-0.04924128038653175
82	2	4	-0.028216065227238518
82	3	0	-0.057020484171322106
82	3	1	-0.06411545623836123
82	3	2	-0.026024208566107987
82	3	3	-0.05451645779858072
82	3	4	-0.046919824852785896
82	4	0	-0.005968342644320335
82	4	1	-0.05482309124767215
82	4	2	-0.015763500931098684
82	4	3	-0.04694813528612407
82	4	4	-0.07389966782424884
82	5	0	0.0003724394785846741
82	5	1	-0.05477653631284907
82	5	2	-0.0213035381750466
82	5	3	-0.05488449343197943
82	5	4	-0.03200022648346679
82	6	0	-0.06210428305400373
82	6	1	-0.040977653631284916
82	6	2	-0.044003724394785726
82	6	3	-0.033387437717046664
82	6	4	-0.07677789521364942
82	7	0	-0.04092178770949717
82	7	1	0.001368715083798766
82	7	2	-0.06608938547486032
82	7	3	-0.07088932507926937
82	7	4	-0.044617242941265345
82	8	0	-0.036675977653631286
82	8	1	-0.10045623836126616
82	8	2	-0.057113594040968274
82	8	3	-0.05294051034274516
82	8	4	-0.027668730182696666
82	9	0	-0.08875232774674124
82	9	1	-0.029664804469273776
82	9	2	-0.027188081936685204
82	9	3	-0.05290276309829389
82	9	4	-0.05468632039861099
83	0	0	-0.04684357541899453
83	0	1	-0.06893854748603356
83	0	2	-0.05284916201117329
83	0	3	-0.062065906688811734
83	0	4	-0.07810848558055261
83	1	0	-0.06773743016759759
83	1	1	-0.03359404096834262
83	1	2	-0.04510242085661087
83	1	3	-0.02543220594896567
83	1	4	-0.020090970859127366
83	2	0	-0.07970204841713224
83	2	1	-0.07821229050279321
83	2	2	-0.030512104283053954
83	2	3	-0.031632190850067854
83	2	4	-0.02776309829382473
83	3	0	-0.036648044692737414
83	3	1	-0.04554003724394784
83	3	2	-0.048733705772812
83	3	3	-0.0489109919975842
83	3	4	-0.05766835271025239
83	4	0	-0.03520484171322169
83	4	1	-0.04790502793296092
83	4	2	-0.06128491620111731
83	4	3	-0.0687754793900045
83	4	4	0.004208817756303884
83	5	0	-0.07891992551210425
83	5	1	-0.03728119180633149
83	5	2	-0.022029795158286847
83	5	3	-0.021346066737128133
83	5	4	-0.03386871508379896
83	6	0	-0.06983240223463694
83	6	1	-0.04194599627560536
83	6	2	-0.037225325884543636
83	6	3	-0.056441567265589576
83	6	4	-0.017288237958628994
83	7	0	-0.06339851024208565
83	7	1	-0.049366852886406076
83	7	2	-0.06994413407821232
83	7	3	-0.05950853087724606
83	7	4	-0.10077570587347129
83	8	0	-0.05392923649906889
83	8	1	-0.030530726256983165
83	8	2	-0.0350931098696462
83	8	3	-0.06557640042276924
83	8	4	-0.04984523629775017
83	9	0	-0.03639664804469267
83	9	1	-0.032057728119180506
83	9	2	-0.01378026070763494
83	9	3	-0.025809678393477364
83	9	4	-0.05591310584327358
84	0	0	0.0023743016759775193
84	0	1	-0.05233705772811925
84	0	2	-0.01237430167597764
84	0	3	-0.05080779103125466
84	0	4	-0.06927563037898232
84	1	0	-0.05418994413407807
84	1	1	-0.05667597765363119
84	1	2	-0.03803538175046561
84	1	3	-0.05649818813226615
84	1	4	-0.05948965725502042
84	2	0	-0.060567970204841615
84	2	1	-0.05705772811918064
84	2	2	-0.025605214152700118
84	2	3	-0.03396308319492658
84	2	4	-0.035237052695153315
84	3	0	-0.07109869646182498
84	3	1	-0.0741061452513967
84	3	2	-0.04211359404096826
84	3	3	-0.04038955156273594
84	3	4	-0.0490997282198401
84	4	0	-0.012225325884543836
84	4	1	-0.041284916201117405
84	4	2	-0.042476722532588496
84	4	3	-0.04975086818662233
84	4	4	-0.026215461271327123
84	5	0	-0.04491620111731842
84	5	1	-0.054422718808193604
84	5	2	-0.03755121042830545
84	5	3	-0.015429186169409692
84	5	4	-0.05036426090895374
84	6	0	-0.007653631284916251
84	6	1	-0.028594040968342616
84	6	2	-0.017644320297951488
84	6	3	0.0016797523780763823
84	6	4	-0.05512041370979914
84	7	0	-0.03405027932960891
84	7	1	-0.05115456238361282
84	7	2	-0.050242085661079905
84	7	3	-0.059584025366148374
84	7	4	-0.05393137550958782
84	8	0	0.0167783985102421
84	8	1	-0.04037243947858471
84	8	2	-0.019124767225325856
84	8	3	-0.0673410841008607
84	8	4	-0.022657783481805915
84	9	0	-0.06880819366852886
84	9	1	-0.07118249534450649
84	9	2	-0.006880819366852808
84	9	3	-0.055837611354371264
84	9	4	-0.0605088328552017
85	0	0	-0.024264432029795224
85	0	1	-0.041731843575419036
85	0	2	-0.06742085661080077
85	0	3	-0.04672165181941723
85	0	4	-0.07626830741355872
85	1	0	-0.05116387337057726
85	1	1	-0.004013035381750463
85	1	2	-0.07059590316573572
85	1	3	-0.04919409633096783
85	1	4	-0.05794202023252304
85	2	0	-0.05652700186219739
85	2	1	-0.05702048417132222
85	2	2	-0.0534264432029794
85	2	3	-0.015080024158236283
85	2	4	-0.026894911671448085
85	3	0	-0.02348230912476712
85	3	1	-0.10773743016759774
85	3	2	-0.0244413407821229
85	3	3	0.013192661935678696
85	3	4	-0.028565227238411706
85	4	0	-0.04833333333333334
85	4	1	-0.05556797020484161
85	4	2	-0.04609869646182507
85	4	3	-0.05437490563188885
85	4	4	-0.014711988524837682
85	5	0	-0.04158286778398512
85	5	1	-0.05541899441340781
85	5	2	-0.034934823091247735
85	5	3	-0.03518043182847641
85	5	4	-0.046598973274950994
85	6	0	-0.05013035381750475
85	6	1	-0.01862197392923648
85	6	2	-0.02563314711359399
85	6	3	-0.06562358447833305
85	6	4	-0.07938245508077912
85	7	0	-0.05779329608938544
85	7	1	-0.05304469273743029
85	7	2	-0.07743016759776533
85	7	3	-0.060216291710705305
85	7	4	-0.04449456439679922
85	8	0	0.012942271880819423
85	8	1	-0.07633147113594041
85	8	2	-0.052625698324022196
85	8	3	-0.05357277668730198
85	8	4	-0.07797637022497361
85	9	0	-0.04136871508379891
85	9	1	-0.09126629422718802
85	9	2	-0.07580074487895705
85	9	3	-0.08297788011475171
85	9	4	0.012456590668881051
86	0	0	-0.052905027932961035
86	0	1	-0.006387337057728315
86	0	2	-0.057756052141527014
86	0	3	-0.03080175147214248
86	0	4	-0.052742337309376275
86	1	0	-0.02529795158286774
86	1	1	-0.032253258845437616
86	1	2	-0.019674115456238317
86	1	3	-0.05916880567718552
86	1	4	-0.02476219235995769
86	2	0	0.005689013035381718
86	2	1	-0.01745810055865904
86	2	2	-0.05650837988826807
86	2	3	-0.06226407972218018
86	2	4	-0.0038785293673563315
86	3	0	0.016499068901303482
86	3	1	-0.09938547486033522
86	3	2	-0.043119180633147125
86	3	3	-0.05068511248678853
86	3	4	-0.04238071870753446
86	4	0	-0.037420856610800746
86	4	1	-0.07125698324022356
86	4	2	-0.06159217877094969
86	4	3	-0.09846368715083798
86	4	4	-0.032443756605767704
86	5	0	-0.048379888268156424
86	5	1	-0.04488826815642455
86	5	2	-0.03552141527001873
86	5	3	-0.03422731390608491
86	5	4	0.0022365242337308855
86	6	0	-0.023770949720670398
86	6	1	-0.023221601489757937
86	6	2	-0.03933891992551197
86	6	3	-0.03876642005133624
86	6	4	-0.003142458100558576
86	7	0	-0.04444134078212292
86	7	1	-0.043975791433892075
86	7	2	-0.03653631284916192
86	7	3	-0.052600785142684736
86	7	4	-0.020034349992450684
86	8	0	-0.0007728119180633319
86	8	1	-0.050148975791433736
86	8	2	-0.029348230912476625
86	8	3	-0.11084478333081693
86	8	4	-0.04987354673108857
86	9	0	-0.04458100558659228
86	9	1	-0.07331471135940404
86	9	2	0.008761638733705945
86	9	3	-0.027923524082742013
86	9	4	-0.05026989279782579
87	0	0	0.011713221601489576
87	0	1	-0.05436685288640608
87	0	2	-0.033752327746741195
87	0	3	-0.04900536010871204
87	0	4	-0.04476823191906987
87	1	0	-0.08060521415270017
87	1	1	-0.05117318435754181
87	1	2	-0.03367783985102424
87	1	3	-0.08096783934772755
87	1	4	-0.06786954552317692
87	2	0	-0.059506517690875116
87	2	1	-0.054106145251396565
87	2	2	0.0006331471135940792
87	2	3	-0.0621791484221651
87	2	4	-0.022893703759625628
87	3	0	-0.0315642458100559
87	3	1	-0.04595903165735571
87	3	2	-0.052048417132215974
87	3	3	-0.020392948814736633
87	3	4	-0.047051940208365006
87	4	0	-0.023407821229050385
87	4	1	-0.024040968342644353
87	4	2	0.00032588454376170084
87	4	3	-0.05786652574362072
87	4	4	-0.002708364789370421
87	5	0	-0.04799813780260709
87	5	1	-0.035698324022346184
87	5	2	-0.007821229050279377
87	5	3	-0.010871206401932731
87	5	4	-0.07527744224671606
87	6	0	-0.034813780260707805
87	6	1	-0.05386405959031648
87	6	2	-0.03135940409683413
87	6	3	-0.011871508379888152
87	6	4	-0.026762796315868864
87	7	0	-0.03650837988826816
87	7	1	-0.04605214152700188
87	7	2	-0.08892923649906881
87	7	3	-0.07053072625698331
87	7	4	-0.10550354824097852
87	8	0	-0.003836126629422676
87	8	1	-0.06439478584729974
87	8	2	-0.010195530726256896
87	8	3	-0.08507285218179084
87	8	4	-0.015655669636116643
87	9	0	-0.04152700186219738
87	9	1	-0.07514897579143387
87	9	2	-0.028798882681564164
87	9	3	-0.045693039408123304
87	9	4	-0.08697908802657417
88	0	0	-0.01065176908752341
88	0	1	-0.05941340782122917
88	0	2	-0.024385474860335266
88	0	3	-0.03748301373999707
88	0	4	-0.06147138758870596
88	1	0	-0.03822160148975795
88	1	1	-0.020623836126629214
88	1	2	-0.02613594040968359
88	1	3	-0.07090819870149478
88	1	4	-0.04507964668579201
88	2	0	-0.04464618249534458
88	2	1	-0.05892923649906889
88	2	2	-0.06693668528864061
88	2	3	-0.02836705420504293
88	2	4	-0.055799864109920105
88	3	0	-0.051713221601489834
88	3	1	-0.08420856610800753
88	3	2	-0.039683426443202996
88	3	3	-0.061386456288690994
88	3	4	-0.04111618601842082
88	4	0	-0.03384543761638725
88	4	1	-0.07030726256983233
88	4	2	-0.013938547486033626
88	4	3	-0.043579193718858544
88	4	4	-0.01925109467008912
88	5	0	-0.03551210428305396
88	5	1	-0.05365921787709482
88	5	2	-0.02260707635009318
88	5	3	-0.05663030348784537
88	5	4	-0.03504831647289752
88	6	0	-0.01969273743016764
88	6	1	-0.02819366852886407
88	6	2	-0.058538175046554786
88	6	3	-0.035557904272988106
88	6	4	-0.060225728521817845
88	7	0	-0.05243947858472997
88	7	1	-0.01592178770949737
88	7	2	-0.02055865921787703
88	7	3	-0.05423335346519709
88	7	4	-0.0709836931903971
88	8	0	-0.05148975791433885
88	8	1	-0.0509590316573556
88	8	2	-0.015800744878957107
88	8	3	-0.08793220594896578
88	8	4	-0.031717122150083044
88	9	0	-0.042355679702048454
88	9	1	-0.06234636871508381
88	9	2	-0.0074394785847299305
88	9	3	-0.0692850671900952
88	9	4	-0.028838894760682576
89	0	0	0.02595903165735558
89	0	1	-0.01914338919925518
89	0	2	-0.052914338919925585
89	0	3	-0.045079646685791896
89	0	4	-0.05258191152045888
89	1	0	-0.02262569832402228
89	1	1	-0.042141527001862134
89	1	2	-0.04789571694599637
89	1	3	-0.049005360108711926
89	1	4	-0.017203306658614026
89	2	0	-0.006303538175046475
89	2	1	-0.028677839851024234
89	2	2	-0.0021135940409682252
89	2	3	-0.0686905480899892
89	2	4	-0.04649516835271028
89	3	0	-0.05880819366852885
89	3	1	-0.09047486033519558
89	3	2	-0.08326815642458096
89	3	3	-0.051742035331420855
89	3	4	-0.03616186018420664
89	4	0	-0.04804469273743017
89	4	1	-0.07913407821229057
89	4	2	-0.01926443202979522
89	4	3	-0.08227011928129246
89	4	4	-0.0044164276007852
89	5	0	-0.09947858472998139
89	5	1	-0.06805400372439474
89	5	2	-0.03258845437616398
89	5	3	-0.00042465650007539324
89	5	4	0.02642307111580844
89	6	0	-0.05164804469273754
89	6	1	-0.02337057728119185
89	6	2	-0.04876163873370576
89	6	3	-0.0044447380341234854
89	6	4	-0.06469877698927973
89	7	0	-0.02842644320297949
89	7	1	-0.014916201117318506
89	7	2	-0.01367783985102411
89	7	3	-0.048307036086365884
89	7	4	-0.04721236599728229
89	8	0	-0.006322160148975797
89	8	1	-0.04596834264432026
89	8	2	-0.038063314711359375
89	8	3	-0.04612713271931157
89	8	4	-0.025904046504605205
89	9	0	-0.06581005586592181
89	9	1	-0.00027932960893839454
89	9	2	-0.031713221601489705
89	9	3	-0.03907783481805838
89	9	4	-0.07037030046806592
90	0	0	-0.024851024208566108
90	0	1	-0.08565176908752337
90	0	2	-0.06275605214152702
90	0	3	-0.08407255020383508
90	0	4	-0.03796429110674926
90	1	0	-0.04145251396648031
90	1	1	-0.013175046554934733
90	1	2	-0.057122905027932935
90	1	3	-0.04202211988524829
90	1	4	-0.055847048165484026
90	2	0	-0.052392923649906775
90	2	1	-0.08945996275605217
90	2	2	-0.04551210428305397
90	2	3	-0.09644420957270106
90	2	4	-0.036813000150989095
90	3	0	-0.05608938547486042
90	3	1	-0.046666666666666634
90	3	2	-0.022793296089385517
90	3	3	-0.0290936886607277
90	3	4	-0.05373320247621938
90	4	0	-0.05972067039106144
90	4	1	-0.05825884543761639
90	4	2	-0.06583798882681569
90	4	3	-0.016844707836327855
90	4	4	0.00094368111127896
90	5	0	-0.05159217877094979
90	5	1	-0.027188081936685093
90	5	2	-0.026731843575419134
90	5	3	0.00853087724596091
90	5	4	-0.00878567114600648
90	6	0	-0.05734636871508392
90	6	1	-0.05362197392923651
90	6	2	-0.018584729981377945
90	6	3	-0.055224218632039745
90	6	4	-0.05158160954250335
90	7	0	-0.041936685288640474
90	7	1	-0.03972998137802619
90	7	2	-0.03972998137802597
90	7	3	-0.0560924052544165
90	7	4	-0.04382455080779113
90	8	0	-0.023985102420856608
90	8	1	-0.03196461824953445
90	8	2	-0.03467411545623822
90	8	3	-0.05441265287634023
90	8	4	-0.05718707534349998
90	9	0	-0.04055865921787705
90	9	1	-0.02595903165735558
90	9	2	0.009702048417132292
90	9	3	-0.019543635814585625
90	9	4	-0.1096557451306055
91	0	0	-0.02540037243947879
91	0	1	-0.037858472998137827
91	0	2	-0.05276536312849167
91	0	3	-0.02231805828174549
91	0	4	-0.057923146610297405
91	1	0	-0.10219739292364993
91	1	1	-0.04565176908752322
91	1	2	-0.050968342644320375
91	1	3	-0.024016684282047285
91	1	4	-0.04094632341839055
91	2	0	-0.0319087523277467
91	2	1	-0.0659590316573555
91	2	2	0.020176908752327694
91	2	3	-0.05575268005435585
91	2	4	-0.0321323418390459
91	3	0	-0.05802607076350086
91	3	1	-0.06424581005586594
91	3	2	-0.07240223463687145
91	3	3	-0.008625245357089084
91	3	4	-0.01843952891438938
91	4	0	-0.03491620111731841
91	4	1	-0.04337988826815631
91	4	2	-0.04781191806331475
91	4	3	-0.03937037596255477
91	4	4	-0.030311037294277532
91	5	0	-0.07993482309124766
91	5	1	-0.057672253258845396
91	5	2	-0.039981378026070824
91	5	3	-0.06482145553374608
91	5	4	0.0036709195228747937
91	6	0	-0.03968342644320311
91	6	1	-0.06737430167597758
91	6	2	-0.034320297951582646
91	6	3	-0.0632455080779103
91	6	4	-0.11031632190850071
91	7	0	-0.04618249534450647
91	7	1	-0.05435754189944142
91	7	2	-0.03228119180633138
91	7	3	-0.032575871961347036
91	7	4	-0.014155216669183068
91	8	0	-0.0020391061452513792
91	8	1	-0.0670018621973929
91	8	2	-0.013314711359404097
91	8	3	-0.08422353918163983
91	8	4	-0.008644118979314608
91	9	0	-0.0041154562383612925
91	9	1	-0.09233705772811907
91	9	2	-0.04283985102420851
91	9	3	-0.030830061905480988
91	9	4	-0.027168579193719067
92	0	0	-0.027588454376163973
92	0	1	-0.013808193668528923
92	0	2	-0.052281191806331506
92	0	3	-0.05019439830892347
92	0	4	-0.08579004982636262
92	1	0	-0.05693668528864049
92	1	1	-0.07794227188081926
92	1	2	-0.06390130353817514
92	1	3	-0.049864109919975697
92	1	4	-0.005058130756454893
92	2	0	-0.020595903165735674
92	2	1	-0.03997206703910616
92	2	2	-0.03135009310986958
92	2	3	-0.024950928582213372
92	2	4	-0.03281179223916664
92	3	0	-0.06650837988826819
92	3	1	-0.04038175046554937
92	3	2	-0.030018621973929127
92	3	3	-0.031953042427902756
92	3	4	-0.007587196134682284
92	4	0	-0.02441340782122914
92	4	1	-0.03853817504655499
92	4	2	-0.04016759776536327
92	4	3	-0.06682205948965714
92	4	4	-0.02110070964819577
92	5	0	-0.04022346368715091
92	5	1	-0.06528864059590311
92	5	2	-0.02453445065176918
92	5	3	-0.041644647440736815
92	5	4	-0.0197889929035181
92	6	0	-0.06645251396648055
92	6	1	-0.05440409683426439
92	6	2	-0.02575418994413403
92	6	3	-0.03296278121697116
92	6	4	-0.05403518043182842
92	7	0	-0.07027932960893846
92	7	1	-0.05523277467411569
92	7	2	-0.03302607076350095
92	7	3	-0.0827702702702704
92	7	4	-0.036992299562132014
92	8	0	-0.016387337057728102
92	8	1	-0.040232774674115346
92	8	2	-0.03898510242085651
92	8	3	-0.04395666616337013
92	8	4	-0.029103125471840574
92	9	0	-0.023277467411545683
92	9	1	-0.05730912476722527
92	9	2	-0.019124767225325856
92	9	3	-0.020855352559263185
92	9	4	-0.05321417786501592
93	0	0	0.021387337057727884
93	0	1	-0.0478677839851025
93	0	2	-0.028985102420856612
93	0	3	-0.01854333383662987
93	0	4	-0.10445606220745884
93	1	0	-0.04900372439478573
93	1	1	-0.0017039106145250171
93	1	2	-0.06063314711359413
93	1	3	-0.038492752529065255
93	1	4	-0.0379265438622981
93	2	0	-0.04608007448789564
93	2	1	-0.04551210428305397
93	2	2	-0.008891992551210315
93	2	3	-0.022346368715083664
93	2	4	-0.05270459006492534
93	3	0	-0.03219739292364998
93	3	1	-0.013826815642458135
93	3	2	-0.05306331471135939
93	3	3	0.01208855503548234
93	3	4	-0.0026234334893554534
93	4	0	-0.033119180633147116
93	4	1	-0.026284916201117392
93	4	2	-0.059599627560521506
93	4	3	-0.06453835120036233
93	4	4	-0.0444662539634606
93	5	0	-0.05089385474860342
93	5	1	-0.04832402234636868
93	5	2	-0.022122905027933015
93	5	3	-0.022063264381700143
93	5	4	-0.013249282802355489
93	6	0	-0.0431284916201119
93	6	1	-0.05515828677839851
93	6	2	-0.06361266294227175
93	6	3	-0.0655575268005435
93	6	4	-0.11042956364185408
93	7	0	-0.04781191806331475
93	7	1	-0.012234636871508497
93	7	2	-0.026843575418994403
93	7	3	-3.77472444511584e-05
93	7	4	-0.0439944134078214
93	8	0	-0.05427374301675969
93	8	1	-0.06544692737430169
93	8	2	-0.06445996275605204
93	8	3	-0.05856484976596721
93	8	4	-0.0457213498414617
93	9	0	-0.027327746741154568
93	9	1	-0.08953445065176902
93	9	2	-0.03432029795158276
93	9	3	-0.025649252604559858
93	9	4	-0.06333043937792548
94	0	0	-0.019217877094972136
94	0	1	-0.05145251396648054
94	0	2	-0.038277467411545585
94	0	3	-0.06417031556696351
94	0	4	-0.06959648195681711
94	1	0	-0.052923649906890136
94	1	1	-0.04454376163873364
94	1	2	-0.03576350093109881
94	1	3	-0.06563302128944581
94	1	4	-0.03543522572852187
94	2	0	-0.034916201117318524
94	2	1	-0.06912476722532579
94	2	2	-0.003696461824953423
94	2	3	-0.03669975841763551
94	2	4	-0.05293107353163229
94	3	0	-0.027271880819366823
94	3	1	-0.0020949720670391248
94	3	2	-0.05262569832402231
94	3	3	0.008596934923750355
94	3	4	-0.02943341386078835
94	4	0	-0.04213221601489758
94	4	1	-0.07424581005586584
94	4	2	-0.001620111731843732
94	4	3	-0.09284878453872869
94	4	4	-0.027895213649403616
94	5	0	-0.03422718808193681
94	5	1	-0.06302607076350086
94	5	2	-0.004050279329608997
94	5	3	-0.024554582515476375
94	5	4	-0.04105012834063115
94	6	0	-0.00451582867783995
94	6	1	-0.03992551210428308
94	6	2	-0.025623836126629218
94	6	3	-0.04204099350747392
94	6	4	-0.07754227691378524
94	7	0	-0.018500931098696438
94	7	1	-0.03290502793296102
94	7	2	-0.041284916201117294
94	7	3	-0.07491884342443011
94	7	4	-0.030999924505511256
94	8	0	-0.003584729981378043
94	8	1	-0.04608007448789575
94	8	2	-0.023286778398510122
94	8	3	-0.056885097387890826
94	8	4	-0.024044994715385792
94	9	0	-0.07288640595903173
94	9	1	-0.04684357541899431
94	9	2	-0.04876163873370576
94	9	3	-0.06307564547788025
94	9	4	-0.026772233126981848
95	0	0	-0.0476070763500932
95	0	1	-0.012970204841713295
95	0	2	-0.04058659217877092
95	0	3	-0.05798920428808696
95	0	4	-0.040833081685036854
95	1	0	-0.05718808193668523
95	1	1	-0.061433891992551004
95	1	2	-0.03157355679702056
95	1	3	-0.042050430318586685
95	1	4	-0.07385248376868492
95	2	0	-0.025158286778398375
95	2	1	-0.06887337057728116
95	2	2	-0.016182495344506553
95	2	3	-0.05284614223161699
95	2	4	-0.08359127283708312
95	3	0	-0.02552141527001861
95	3	1	-0.022122905027933015
95	3	2	-0.014506517690875187
95	3	3	-0.047419975841763606
95	3	4	-0.059442473199456614
95	4	0	-0.023836126629422805
95	4	1	-0.08208566108007453
95	4	2	-0.05914338919925499
95	4	3	-0.08724331873773206
95	4	4	-0.029499471538577682
95	5	0	-0.035027932960893904
95	5	1	-0.0738640595903165
95	5	2	-0.038687150837988904
95	5	3	-0.02981088630529971
95	5	4	-0.018467839347727666
95	6	0	-0.03436685288640606
95	6	1	-0.07114525139664807
95	6	2	-0.024180633147113495
95	6	3	-0.03822852181790726
95	6	4	-0.021714102370526955
95	7	0	-0.04627560521415264
95	7	1	-0.06652700186219751
95	7	2	-0.013249534450651801
95	7	3	-0.07753284010267258
95	7	4	-0.04562698173033375
95	8	0	-0.017364990689012982
95	8	1	-0.047635009310986964
95	8	2	-0.02327746741154557
95	8	3	-0.14289219386984753
95	8	4	-0.0256115053601087
95	9	0	-0.02445065176908745
95	9	1	-0.07268156424580996
95	9	2	-0.04533519553072618
95	9	3	-0.0543654688207762
95	9	4	-0.016108636569530432
96	0	0	-0.01074487895716969
96	0	1	-0.05165735567970209
96	0	2	-0.07071694599627565
96	0	3	-0.055526196587649235
96	0	4	-0.03705835723992146
96	1	0	-0.00990689013035373
96	1	1	0.0005586592178772332
96	1	2	-0.015735567970204922
96	1	3	-0.04353200966329451
96	1	4	-0.04070096632945808
96	2	0	-0.05918994413407819
96	2	1	-0.06608007448789577
96	2	2	-0.029096834264431992
96	2	3	-0.012013060546580023
96	2	4	-0.030990487694398383
96	3	0	-0.03797951582867787
96	3	1	-0.01745810055865915
96	3	2	-0.010325884543761599
96	3	3	-0.008210025668126342
96	3	4	-0.0245262720821382
96	4	0	-0.028454376163873474
96	4	1	-0.05686219739292364
96	4	2	-0.011256983240223395
96	4	3	-0.041823946851879734
96	4	4	-0.02416767325985203
96	5	0	-0.027420856610800737
96	5	1	-0.05654562383612649
96	5	2	-0.05922718808193683
96	5	3	-0.05288388947606826
96	5	4	0.02093084704816539
96	6	0	-0.07591247672253265
96	6	1	0.008985102420856594
96	6	2	-0.026731843575418912
96	6	3	-0.030905556394383193
96	6	4	-0.006983240223463638
96	7	0	-0.024851024208566108
96	7	1	-0.01797951582867796
96	7	2	-0.032346368715083784
96	7	3	-0.0820247621923601
96	7	4	-0.06978521817907302
96	8	0	-0.041601489757914334
96	8	1	-0.035679702048417195
96	8	2	0.003761638733705719
96	8	3	-0.08905518647138777
96	8	4	-0.04993016759776536
96	9	0	-0.04670391061452506
96	9	1	-0.05881750465549351
96	9	2	-0.02940409683426437
96	9	3	-0.064472293522573
96	9	4	-0.04548542956364199
97	0	0	-0.060875232774674215
97	0	1	-0.03130353817504661
97	0	2	-0.03681564245810065
97	0	3	-0.062065906688811845
97	0	4	-0.03472746489506262
97	1	0	-0.05144320297951577
97	1	1	-0.010372439478584683
97	1	2	-0.04609869646182507
97	1	3	-0.07880680960289888
97	1	4	-0.014287332024762178
97	2	0	-0.04510242085661065
97	2	1	-0.06718808193668524
97	2	2	-0.02941340782122892
97	2	3	-0.060225728521817845
97	2	4	-0.054450400120791276
97	3	0	-0.021890130353817483
97	3	1	-0.06177839851024203
97	3	2	-0.07674115456238362
97	3	3	-0.03503887966178476
97	3	4	-0.046334742563793
97	4	0	-0.04542830540037246
97	4	1	-0.054106145251396565
97	4	2	-0.02367783985102423
97	4	3	-0.042729880718707425
97	4	4	-0.06520836478937031
97	5	0	-0.022420856610800732
97	5	1	-0.074729981378026
97	5	2	-0.010093109869646288
97	5	3	-0.011522346368715075
97	5	4	-0.08023176808093013
97	6	0	-0.05564245810055868
97	6	1	-0.05265363128491629
97	6	2	-0.050018621973929145
97	6	3	-0.028801147516231307
97	6	4	-0.0797599275252906
97	7	0	-0.06242085661080066
97	7	1	-0.028454376163873474
97	7	2	-0.02242085661080062
97	7	3	-0.07076664653480302
97	7	4	-0.08314774271478198
97	8	0	0.003733705772811957
97	8	1	-0.06244878957169453
97	8	2	-0.028789571694599503
97	8	3	-0.08070360863656978
97	8	4	-0.045164577985807086
97	9	0	-0.04685288640595897
97	9	1	-0.05211359404096827
97	9	2	-0.016657355679702057
97	9	3	-0.0029159746338518477
97	9	4	-0.07331458553525594
98	0	0	-0.018575418994413506
98	0	1	-0.026173184357542012
98	0	2	-0.04614525139664816
98	0	3	-0.0523648648648648
98	0	4	-0.05278008455382743
98	1	0	-0.07598696461824939
98	1	1	-0.03955307262569829
98	1	2	-0.06688081936685297
98	1	3	-0.036369470028687734
98	1	4	-0.06560471085610753
98	2	0	-0.0574767225325884
98	2	1	-0.06128491620111731
98	2	2	-0.03280260707635008
98	2	3	-0.045532613619205686
98	2	4	-0.07989204288086971
98	3	0	-0.03737430167597766
98	3	1	-0.05122905027932956
98	3	2	-0.07413407821229057
98	3	3	-0.043305526196587674
98	3	4	-0.01879812773667533
98	4	0	-0.06256052141527002
98	4	1	-0.06095903165735572
98	4	2	-0.004767225325884583
98	4	3	-0.028348180582817517
98	4	4	-0.012248980824399736
98	5	0	-0.05325884543761639
98	5	1	-0.048389199255120974
98	5	2	-0.015558659217877135
98	5	3	-0.04045560924052527
98	5	4	-0.04607994866374765
98	6	0	-0.05143389199255144
98	6	1	-0.06736499068901303
98	6	2	-0.06021415270018604
98	6	3	-0.08083572399214856
98	6	4	-0.022289747848407093
98	7	0	-0.07766294227188075
98	7	1	-0.03554003724394794
98	7	2	-0.049487895716946007
98	7	3	-0.07611731843575431
98	7	4	-0.012201796768835926
98	8	0	-0.010959031657355567
98	8	1	-0.04585661080074488
98	8	2	-0.03367783985102413
98	8	3	-0.05344066133172287
98	8	4	0.0014249584780310354
98	9	0	-0.05750465549348227
98	9	1	-0.05210428305400361
98	9	2	-0.01647113594040972
98	9	3	-0.05588479540993507
98	9	4	-0.035284236750717235
99	0	0	-0.002067039106145363
99	0	1	-0.05382681564245817
99	0	2	-0.03970204841713221
99	0	3	-0.08186433640344248
99	0	4	-0.04489091046353599
99	1	0	-0.019124767225325745
99	1	1	0.003938547486033617
99	1	2	-0.06191806331471139
99	1	3	-0.07819341688056758
99	1	4	-0.061084478333081726
99	2	0	-0.030195530726256914
99	2	1	-0.06917132216014887
99	2	2	-0.007122905027932891
99	2	3	-0.05777215763249266
99	2	4	-0.018326287181035905
99	3	0	-0.05382681564245817
99	3	1	-0.06092178770949719
99	3	2	-0.0565270018621975
99	3	3	-0.026366450249131868
99	3	4	-0.004293749056319074
99	4	0	-0.05207635009310985
99	4	1	-0.07118249534450649
99	4	2	-0.06269087523277472
99	4	3	-0.039162766118073344
99	4	4	-0.06679374905631896
99	5	0	-0.05664804469273743
99	5	1	-0.07779329608938534
99	5	2	-0.06307262569832406
99	5	3	0.028329306960591882
99	5	4	-0.01631624641401197
99	6	0	-0.056769087523277584
99	6	1	-0.013482309124767222
99	6	2	-0.038165735567970094
99	6	3	-0.07137060244602145
99	6	4	-0.05182696663143582
99	7	0	-0.04370577281191801
99	7	1	-0.014040968342644455
99	7	2	-0.0485567970204841
99	7	3	-0.05486561980975391
99	7	4	-0.04857126679752377
99	8	0	-0.0499441340782123
99	8	1	-0.09515828677839844
99	8	2	0.010735567970204807
99	8	3	-0.03935150234032925
99	8	4	-0.007020987467914908
99	9	0	-0.05996275605214152
99	9	1	-0.04672253258845427
99	9	2	-0.008240223463687135
99	9	3	-0.03580326136192058
99	9	4	-0.06776574060093621
