resample	repeat	fold	delta_auroc
0	0	0	-0.03621295316404505
0	0	1	-0.04187005834409152
0	0	2	-0.03436405953568433
0	0	3	-0.03502205904951883
0	0	4	-0.0433371611861314
0	1	0	-0.062228156980513205
0	1	1	-0.05244042309162733
0	1	2	-0.04137713291031364
0	1	3	-0.04427177196055898
0	1	4	-0.05283414779982287
0	2	0	-0.04053473772862526
0	2	1	-0.02813454047794517
0	2	2	-0.06500085218620699
0	2	3	-0.039228506047728096
0	2	4	-0.04318907636985447
0	3	0	-0.03671577617588562
0	3	1	-0.02108809237537468
0	3	2	-0.04162161255982755
0	3	3	-0.04008767738744867
0	3	4	-0.03679069468543161
0	4	0	-0.04068018240147164
0	4	1	-0.04780697137094769
0	4	2	-0.022560582057149503
0	4	3	-0.045225941106948
0	4	4	-0.056522297941062116
0	5	0	-0.023894481967630887
0	5	1	-0.06860417440062938
0	5	2	-0.05928142541414838
0	5	3	-0.034175460948916214
0	5	4	-0.028599927913429135
0	6	0	-0.04011641114577147
0	6	1	-0.08125509056354974
0	6	2	-0.048673802678379396
0	6	3	-0.025977709044070485
0	6	4	-0.029850266692372007
0	7	0	-0.0367282428621295
0	7	1	-0.04065109346690243
0	7	2	-0.018436559626491045
0	7	3	-0.049137615499171505
0	7	4	-0.029893574516000165
0	8	0	-0.01788692438539241
0	8	1	-0.035494040923975456
0	8	2	-0.06530540397817286
0	8	3	-0.04576519336244722
0	8	4	-0.018643319558651283
0	9	0	-0.040635856405937476
0	9	1	-0.04713099993905179
0	9	2	-0.05606267619997596
0	9	3	-0.03199051139554554
0	9	4	-0.038819177263113125
1	0	0	-0.02029438001784134
1	0	1	-0.026591441758412104
1	0	2	-0.0396587902308726
1	0	3	-0.025566983232886975
1	0	4	-0.02657004830917864
1	1	0	-0.033006244424620745
1	1	1	-0.02975936525174383
1	1	2	-0.055587687166634536
1	1	3	-0.040418772684218784
1	1	4	-0.05859269131580347
1	2	0	-0.04250447415517433
1	2	1	-0.03185515372809333
1	2	2	-0.03336658256566727
1	2	3	-0.04816388798082161
1	2	4	-0.053568983774933465
1	3	0	-0.027720369457172822
1	3	1	-0.05219940049091032
1	3	2	-0.038352570389183605
1	3	3	-0.0489979128423067
1	3	4	-0.06422550244060532
1	4	0	-0.053326943002310556
1	4	1	-0.04588710168937471
1	4	2	-0.034893532605203115
1	4	3	-0.009193831848294032
1	4	4	-0.07279765746584943
1	5	0	-0.04425119541669198
1	5	1	-0.054516818944930545
1	5	2	-0.020818489926041295
1	5	3	-0.03404134639832568
1	5	4	-0.06968647929746341
1	6	0	-0.025220106271574227
1	6	1	-0.050670153644982174
1	6	2	-0.048673802678379285
1	6	3	-0.051040365685674605
1	6	4	-0.04723207125953133
1	7	0	-0.041296590776868425
1	7	1	-0.040817315950155364
1	7	2	-0.05229210149118624
1	7	3	-0.06098719485447157
1	7	4	-0.0431290042274024
1	8	0	-0.02867199317379676
1	8	1	-0.0409073531285844
1	8	2	-0.025822639094950306
1	8	3	-0.0433259849735822
1	8	4	-0.044130672277125305
1	9	0	-0.043392379253217706
1	9	1	-0.03994741828779769
1	9	2	-0.05250864060932703
1	9	3	-0.023138951056571155
1	9	4	-0.04349921626809494
2	0	0	-0.04264576326593961
2	0	1	-0.05677744471717239
2	0	2	-0.021796408524097366
2	0	3	-0.05372265669748488
2	0	4	-0.04200998594591254
2	1	0	-0.045880175752572194
2	1	1	-0.06390146331192759
2	1	2	-0.04785933618885563
2	1	3	-0.03355378412586629
2	1	4	-0.05113815754548012
2	2	0	-0.050377879111928814
2	2	1	-0.027566613660163775
2	2	2	-0.058666733723942044
2	2	3	-0.02954152382070019
2	2	4	-0.025701097783477622
2	3	0	-0.016516974085914904
2	3	1	-0.04978363373429895
2	3	2	-0.04296275806573269
2	3	3	-0.05957619802013414
2	3	4	-0.024524801412673325
2	4	0	-0.04954815188302375
2	4	1	-0.04435785484344623
2	4	2	-0.035049999580891944
2	4	3	-0.048201607698175386
2	4	4	-0.030160406590612476
2	5	0	-0.040502878419334976
2	5	1	-0.04034912262232593
2	5	2	-0.024569506262870133
2	5	3	-0.012457285912663374
2	5	4	-0.06609332696289227
2	6	0	-0.02350801469406738
2	6	1	-0.0055712235636993235
2	6	2	-0.022409703187735275
2	6	3	-0.04398817556712298
2	6	4	-0.04081692525628455
2	7	0	-0.05547536859835667
2	7	1	-0.051757525722929465
2	7	2	-0.03883873563507445
2	7	3	-0.06270553753391273
2	7	4	-0.03833999715006586
2	8	0	-0.03883649802472289
2	8	1	-0.042242673744050774
2	8	2	-0.0442494195354608
2	8	3	-0.055843343028697645
2	8	4	-0.05111301106724453
2	9	0	-0.07060854051118959
2	9	1	-0.021632471008028675
2	9	2	-0.07802113980603675
2	9	3	-0.04252409172317617
2	9	4	-0.03616762083581293
3	0	0	-0.0334093339465098
3	0	1	-0.009797430200408797
3	0	2	-0.02274359253764291
3	0	3	-0.030607455092580782
3	0	4	-0.032580056607516505
3	1	0	-0.049110432677123894
3	1	1	-0.038909912954826265
3	1	2	-0.06565745467347295
3	1	3	-0.05184645001578636
3	1	4	-0.029646300813348958
3	2	0	-0.02911802350385928
3	2	1	0.002231536837672521
3	2	2	-0.03942129571420194
3	2	3	-0.03308158914566239
3	2	4	-0.05303252557257132
3	3	0	-0.054942071464586295
3	3	1	-0.04035881893384907
3	3	2	-0.03432075171205595
3	3	3	-0.04652238176265655
3	3	4	-0.0444743408130136
3	4	0	-0.046223702217961904
3	4	1	-0.055918628553698335
3	4	2	-0.0479249964375823
3	4	3	-0.04895879609838427
3	4	4	-0.0499423028027145
3	5	0	-0.07628226793956139
3	5	1	-0.04750777090109204
3	5	2	-0.02580308072298909
3	5	3	-0.0028233906952441767
3	5	4	-0.05576371251428469
3	6	0	-0.04331619394839337
3	6	1	-0.03428892792039062
3	6	2	-0.03719583239034041
3	6	3	-0.022786900361271067
3	6	4	-0.050730225787434025
3	7	0	-0.04221635518420219
3	7	1	-0.036581413001922636
3	7	2	-0.03996473904940734
3	7	3	-0.03361665032145578
3	7	4	-0.0412206659346247
3	8	0	-0.05712651193200391
3	8	1	-0.022085427274893377
3	8	2	-0.04470205614370382
3	8	3	-0.049956273068401336
3	8	4	-0.03497176609304753
3	9	0	-0.03049351455277849
3	9	1	-0.050303078994464845
3	9	2	-0.05102220434028215
3	9	3	-0.055639377149674485
3	9	4	-0.04071075123706702
4	0	0	-0.060237642743557585
4	0	1	-0.040980768058687445
4	0	2	-0.035406241355898094
4	0	3	-0.030772304227681624
4	0	4	-0.06870157556656409
4	1	0	-0.0679572919033028
4	1	1	-0.024373756794343837
4	1	2	-0.05540327965957259
4	1	3	-0.050631036901059634
4	1	4	-0.04837763304582532
4	2	0	-0.017765027897673424
4	2	1	-0.03420443149140373
4	2	2	-0.06339147757912067
4	2	3	-0.029846075612666056
4	2	4	-0.04035870054176682
4	3	0	-0.03765493320626545
4	3	1	-0.025736781157019384
4	3	2	-0.04997303738722492
4	3	3	-0.05617583535203685
4	3	4	-0.041705434153946785
4	4	0	-0.05304159440605927
4	4	1	-0.05084053169031644
4	4	2	-0.03909299447056891
4	4	3	-0.05095095598528099
4	4	4	-0.03264152577653712
4	5	0	-0.04981410785622853
4	5	1	-0.06478659803525022
4	5	2	-0.03188014629662217
4	5	3	-0.034491188953431506
4	5	4	-0.048147123661997915
4	6	0	-0.03749563665981448
4	6	1	-0.03216682088419287
4	6	2	-0.04009605954686046
4	6	3	-0.031800515782209104
4	6	4	-0.03295725378105241
4	7	0	-0.03392185326987318
4	7	1	-0.018432688205406778
4	7	2	-0.02729370807174014
4	7	3	-0.03945063327214349
4	7	4	-0.055635186069968645
4	8	0	-0.04135199827128622
4	8	1	-0.03081210764568032
4	8	2	-0.02429708608198311
4	8	3	-0.0267712201350645
4	8	4	-0.03971886237332467
4	9	0	-0.0457416570165281
4	9	1	-0.03744299954011787
4	9	2	-0.07563781247991785
4	9	3	-0.04470904127654696
4	9	4	-0.04214130644336589
5	0	0	-0.04584000531911947
5	0	1	-0.05999107939339865
5	0	2	-0.01950528495150916
5	0	3	-0.04079736688432334
5	0	4	-0.05931635107836464
5	1	0	-0.050168715820501864
5	1	1	-0.04369989084723602
5	1	2	-0.03405671369058094
5	1	3	-0.044693673984291804
5	1	4	-0.03674319578209739
5	2	0	-0.034265379735263
5	2	1	-0.042590355771521815
5	2	2	-0.04827844415945104
5	2	3	-0.032883211372914056
5	2	4	-0.03285666786810959
5	3	0	-0.023542644378078625
5	3	1	-0.035097877338888916
5	3	2	-0.03381223404106681
5	3	3	-0.020797534527511763
5	3	4	-0.03817095693525907
5	4	0	-0.06014206481568696
5	4	1	-0.06237083127863896
5	4	2	-0.047265599897178934
5	4	3	-0.05765947756794443
5	4	4	-0.04167469956943626
5	5	0	-0.058654373590571796
5	5	1	-0.04430798809847014
5	5	2	-0.041547570151689195
5	5	3	-0.035105880643638065
5	5	4	-0.029597404883446088
5	6	0	-0.03456180983039758
5	6	1	-0.02421861580997453
5	6	2	-0.03466162619480706
5	6	3	-0.056092013757917614
5	6	4	-0.00959617550006564
5	7	0	-0.043465794183321194
5	7	1	-0.06572852544035113
5	7	2	-0.04344333520534904
5	7	3	-0.026715339072318378
5	7	4	-0.054145955747786356
5	8	0	-0.026566508385924226
5	8	1	-0.03363234911154089
5	8	2	-0.04661318848961871
5	8	3	-0.0479166142781704
5	8	4	-0.031278027845533574
5	9	0	-0.045409212050021686
5	9	1	-0.03718258431635468
5	9	2	-0.06918354973274876
5	9	3	-0.04226424478140711
5	9	4	-0.024644945697577247
6	0	0	-0.05952842681501114
6	0	1	-0.028126229353782284
6	0	2	-0.02868374950754804
6	0	3	-0.054032796595725574
6	0	4	-0.03733553504720555
6	1	0	-0.06519522830658053
6	1	1	-0.03593176012987498
6	1	2	-0.05906069521630164
6	1	3	-0.04840697060376686
6	1	4	-0.03412516799244503
6	2	0	-0.01732453831705283
6	2	1	-0.04923648472692432
6	2	2	-0.036389748060228766
6	2	3	-0.051715129518333236
6	2	4	-0.06426182513139045
6	3	0	-0.04609626498080133
6	3	1	-0.04007069996287704
6	3	2	-0.018640525505513983
6	3	3	-0.06157674006644276
6	3	4	-0.05017700326624808
6	4	0	-0.022772480205672463
6	4	1	-0.0568023780896606
6	4	2	-0.06397403765824816
6	4	3	-0.058835773938748726
6	4	4	-0.014770761910349761
6	5	0	-0.040957219873559936
6	5	1	-0.060589480333109846
6	5	2	-0.026588209654571093
6	5	3	-0.05309958284786653
6	5	4	-0.01960028275817749
6	6	0	-0.02507050603664651
6	6	1	-0.02101329225791093
6	6	2	-0.01696688767626986
6	6	3	-0.03906505393919568
6	6	4	-0.02239573292204866
6	7	0	-0.004855081698350583
6	7	1	-0.0528102681168654
6	7	2	-0.029908941808255318
6	7	3	-0.03968812778881414
6	7	4	-0.010145206941545637
6	8	0	-0.048554972545586605
6	8	1	-0.061618674541918717
6	8	2	-0.03859146193242313
6	8	3	-0.04543270103910835
6	8	4	-0.04002620821842795
6	9	0	-0.03683490228888353
6	9	1	0.0023312703276244795
6	9	2	-0.03867248947340485
6	9	3	-0.0448710963585105
6	9	4	-0.0295093922096209
7	0	0	-0.04675699935173239
7	0	1	-0.05182124434150959
7	0	2	-0.021285096799970926
7	0	3	-0.04401891015163317
7	0	4	-0.043515980586918634
7	1	0	-0.04184651015896412
7	1	1	-0.0146026451537834
7	1	2	-0.045626887732150845
7	1	3	-0.017510331011475033
7	1	4	-0.03616762083581315
7	2	0	-0.033029792609748476
7	2	1	-0.021876263983466537
7	2	2	-0.059488185346309064
7	2	3	-0.040362891621472996
7	2	4	-0.0379250802591764
7	3	0	-0.03923958754661161
7	3	1	-0.05261218632432241
7	3	2	-0.046868844351681815
7	3	3	-0.04116338784531015
7	3	4	-0.045360055657538534
7	4	0	-0.043393764440578075
7	4	1	-0.06296646184362908
7	4	2	-0.048562040552887265
7	4	3	-0.04281746730259317
7	4	4	-0.05313869959178874
7	5	0	-0.05429380377989901
7	5	1	-0.060797258437176205
7	5	2	-0.03998290039479957
7	5	3	-0.017304968105883334
7	5	4	-0.02490618966591507
7	6	0	-0.048028601348618305
7	6	1	-0.053426676492262404
7	6	2	-0.06067705495623121
7	6	3	-0.049559517522904106
7	6	4	-0.04699457674286056
7	7	0	-0.05024767150004705
7	7	1	-0.03271674026628846
7	7	2	-0.05208534155902589
7	7	3	-0.04886100423857853
7	7	4	-0.059407157805327016
7	8	0	-0.06393055224649691
7	8	1	-0.04554773078606633
7	8	2	-0.05009457869869771
7	8	3	-0.02249073072871699
7	8	4	-0.014790320282311087
7	9	0	-0.026088618746571646
7	9	1	-0.03855114942847171
7	9	2	-0.06004699597376928
7	9	3	-0.04539358429518603
7	9	4	-0.05134491747764047
8	0	0	-0.025757558967426153
8	0	1	-0.04536073049240641
8	0	2	-0.04332738200015085
8	0	3	-0.03962386456665634
8	0	4	-0.04085604200020665
8	1	0	-0.021157351743396724
8	1	1	-0.030227558579573377
8	1	2	-0.04141066154796125
8	1	3	-0.04885681315887247
8	1	4	-0.01140392787990041
8	2	0	-0.034935810417717206
8	2	1	-0.05182124434150981
8	2	2	-0.05550665962565282
8	2	3	-0.05399228282523494
8	2	4	-0.029526156528444925
8	3	0	-0.03225547287526109
8	3	1	-0.03926175054437875
8	3	2	-0.031920660067112916
8	3	3	-0.04042575781706237
8	3	4	-0.06393492091432595
8	4	0	-0.030875826264260442
8	4	1	-0.0439367578858717
8	4	2	-0.04309128451004873
8	4	3	-0.060431178280148545
8	4	4	-0.032789610592814156
8	5	0	-0.05456807087726667
8	5	1	-0.06582548855558201
8	5	2	-0.03182985334015076
8	5	3	-0.04843630816170852
8	5	4	-0.038608226251246824
8	6	0	-0.036503842509737705
8	6	1	-0.04531224893479102
8	6	2	-0.019883879151613715
8	6	3	-0.03342944876125642
8	6	4	-0.048098227732095045
8	7	0	-0.04843584643258836
8	7	1	-0.058749951518442534
8	7	2	-0.03725730155936113
8	7	3	-0.050171415159973476
8	7	4	0.00012573239117852353
8	8	0	-0.04311395659376882
8	8	1	-0.04729860760966542
8	8	2	-0.03782309731966482
8	8	3	-0.03604747655090901
8	8	4	-0.04122485701433054
8	9	0	-0.04724042974052667
8	9	1	-0.05822080994675338
8	9	2	-0.010868866704107027
8	9	3	-0.05139241638097447
8	9	4	-0.05443514024749718
9	0	0	-0.04320814933427897
9	0	1	-0.05384638826247623
9	0	2	-0.024445170898260038
9	0	3	-0.03827433690133908
9	0	4	-0.03580718798110094
9	1	0	-0.05668740753874357
9	1	1	-0.029872950615300153
9	1	2	-0.031229131915630703
9	1	3	-0.04877019751161615
9	1	4	-0.01955976898768652
9	2	0	-0.017321767942331978
9	2	1	-0.03886143139721088
9	2	2	-0.013646155522585746
9	2	3	-0.038493670072617614
9	2	4	-0.030260992503555406
9	3	0	-0.04257511871055686
9	3	1	-0.04773909719028602
9	3	2	-0.07837738158104268
9	3	3	-0.014614294934661265
9	3	4	-0.04079177877804885
9	4	0	-0.04771416381779792
9	4	1	-0.04387026889257062
9	4	2	-0.03397987722930507
9	4	3	-0.030191141175123004
9	4	4	-0.045639460971268586
9	5	0	-0.06815952925792723
9	5	1	-0.03191333159723175
9	5	2	-0.03229366616094298
9	5	3	-0.04030561353215811
9	5	4	-0.04803256748336837
9	6	0	-0.035448329741080586
9	6	1	-0.0689961824236347
9	6	2	-0.05317222822943646
9	6	3	-0.03555013509246907
9	6	4	-0.07330058703056408
9	7	0	-0.041191316537474876
9	7	1	-0.06114909602672858
9	7	2	-0.03249064690712289
9	7	3	-0.048925267460736444
9	7	4	-0.04089096766442313
9	8	0	-0.033531230434228454
9	8	1	-0.020010416608950532
9	8	2	-0.0157808121194849
9	8	3	-0.026324171633096194
9	8	4	-0.060693819275055017
9	9	0	-0.03581817476631888
9	9	1	-0.04122456103412553
9	9	2	-0.017756207687557812
9	9	3	-0.06715646418163579
9	9	4	-0.03461412729147284
10	0	0	-0.057904987228572624
10	0	1	-0.020105994536820937
10	0	2	-0.03333305392801944
10	0	3	-0.03202124598005596
10	0	4	-0.05050949558958706
10	1	0	-0.06145245205866545
10	1	1	-0.02411888232002246
10	1	2	-0.04443103298938522
10	1	3	-0.03452052651137316
10	1	4	-0.04205469079610957
10	2	0	-0.028436511322521563
10	2	1	-0.02826751846454767
10	2	2	-0.06550936985719602
10	2	3	-0.05571900766408777
10	2	4	-0.03368091354361369
10	3	0	-0.015350646328422424
10	3	1	-0.03378471972118957
10	3	2	-0.04240953554454696
10	3	3	-0.03577365934345356
10	3	4	-0.030708041005523823
10	4	0	-0.03734188086280554
10	4	1	-0.0467625401011742
10	4	2	-0.05647759309086553
10	4	3	-0.038922557229193355
10	4	4	-0.056047308907720694
10	5	0	-0.049082728929915054
10	5	1	-0.0591488854782497
10	5	2	-0.033411287415863966
10	5	3	-0.011060259344012113
10	5	4	-0.03589799470806343
10	6	0	-0.016504507399670687
10	6	1	-0.03882403133847889
10	6	2	-0.019056839422972205
10	6	3	-0.03279799275222617
10	6	4	-0.06430094187531266
10	7	0	-0.03862594954593557
10	7	1	-0.03232057668120203
10	7	2	-0.05725992796931023
10	7	3	-0.05297943856296239
10	7	4	-0.04260092818445227
10	8	0	-0.06026257611604535
10	8	1	-0.059551975000138646
10	8	2	-0.03617460596865629
10	8	3	-0.04915717387113272
10	8	4	-0.04947290187564779
10	9	0	-0.033427341382195386
10	9	1	0.011152143438921458
10	9	2	-0.05391684339052749
10	9	3	-0.04731030474737563
10	9	4	-0.04194292867061733
11	0	0	-0.0362461976606957
11	0	1	-0.04490638903818123
11	0	2	-0.04864167106730033
11	0	3	-0.04696384215834992
11	0	4	-0.04422008197751892
11	1	0	-0.05267036419346083
11	1	1	-0.059820701348064165
11	1	2	-0.050991469755771734
11	1	3	-0.01842398638737308
11	1	4	-0.033549593046160564
11	2	0	-0.038853120273048214
11	2	1	-0.023303006964722206
11	2	2	-0.05233820336795181
11	2	3	-0.030575323481502048
11	2	4	-0.03399943560126628
11	3	0	-0.03691247278106846
11	3	1	-0.048844476703919004
11	3	2	-0.058933565798554355
11	3	3	-0.05306046610394444
11	3	4	-0.05014906273487507
11	4	0	-0.05958244912206834
11	4	1	-0.03980335880231167
11	4	2	-0.06863731234440618
11	4	3	-0.039168433905276134
11	4	4	-0.03782728839937066
11	5	0	-0.055102753198397414
11	5	1	-0.04112205716945283
11	5	2	-0.03901895206243011
11	5	3	-0.01605043824723451
11	5	4	-0.06470188850051561
11	6	0	-0.029320260858483715
11	6	1	-0.05071447964051634
11	6	2	-0.03828830716702569
11	6	3	-0.029414394402952793
11	6	4	-0.06741910517654226
11	7	0	-0.027705132396207977
11	7	1	-0.031539331009912575
11	7	2	-0.024538771678359828
11	7	3	-0.054337348387691664
11	7	4	-0.028055087551654978
11	8	0	-0.0603567688565555
11	8	1	-0.0015153949723240023
11	8	2	-0.037932065392019654
11	8	3	-0.061003959173295486
11	8	4	-0.056407741762432684
11	9	0	-0.03169308680692151
11	9	1	-0.024652179453792944
11	9	2	-0.06263428917891156
11	9	3	-0.03612291598561612
11	9	4	-0.040833689575108245
12	0	0	-0.055489220471961254
12	0	1	-0.061642222727046
12	0	2	-0.043506201400938194
12	0	3	-0.041811608173164094
12	0	4	-0.06003721678778873
12	1	0	-0.01743950886796941
12	1	1	-0.05877072932884897
12	1	2	-0.039127920134784944
12	1	3	-0.0366188604174873
12	1	4	-0.03167198933789339
12	2	0	-0.016490655526066433
12	2	1	-0.03375563078662036
12	2	2	-0.04924798059809521
12	2	3	-0.05403698767543175
12	2	4	-0.0352176427691302
12	3	0	-0.02928009042503088
12	3	1	-0.03568796715443734
12	3	2	-0.0622305485005713
12	3	3	-0.043102460722598046
12	3	4	-0.03475941805461258
12	4	0	-0.0495315296346982
12	4	1	-0.05346407655099439
12	4	2	-0.020233135793776613
12	4	3	-0.05488498280260301
12	4	4	-0.06401315440217015
12	5	0	-0.018783140607598448
12	5	1	-0.05911287060687831
12	5	2	-0.03832043877810454
12	5	3	-0.031146707348080227
12	5	4	-0.04914739468515217
12	6	0	-0.035708744964843886
12	6	1	-0.05669848903762731
12	6	2	-0.034331927924605266
12	6	3	-0.020311369281621028
12	6	4	-0.04772941271797104
12	7	0	-0.027990480992459044
12	7	1	-0.06620225951762237
12	7	2	-0.036801870897980815
12	7	3	-0.0314261126618105
12	7	4	-0.02707716895359913
12	8	0	-0.06817753669361326
12	8	1	-0.047043733135343935
12	8	2	-0.04948268106162845
12	8	3	-0.02707577192703059
12	8	4	-0.04894482583269766
12	9	0	-0.056399288567771766
12	9	1	-0.04548816772956721
12	9	2	-0.05884834717786658
12	9	3	-0.032174918902607486
12	9	4	-0.05262738786766241
13	0	0	-0.02525058039350414
13	0	1	-0.043418697813066065
13	0	2	-0.03780353894770372
13	0	3	-0.02589388744995136
13	0	4	-0.03044540001061735
13	1	0	-0.06735612058887086
13	1	1	-0.03489563998426426
13	1	2	-0.04757713682198794
13	1	3	0.00037160906726141363
13	1	4	-0.05841107786187871
13	2	0	-0.02358004443681061
13	2	1	-0.045155722763061124
13	2	2	-0.0650734975677768
13	2	3	-0.0534893532605204
13	2	4	-0.05252400790158229
13	3	0	-0.032017220649265155
13	3	1	-0.049157529047379134
13	3	2	-0.05339016437414601
13	3	3	-0.06250157165488979
13	3	4	-0.06010706811622146
13	4	0	-0.042965741546201475
13	4	1	-0.024840564934813236
13	4	2	-0.03915725769272671
13	4	3	-0.04277276245239647
13	4	4	-0.05242901009491374
13	5	0	-0.04166643580210638
13	5	1	-0.04873227652772327
13	5	2	-0.03431656063235011
13	5	3	-0.02904278533569138
13	5	4	-0.038197500440063425
13	6	0	-0.026145411428349585
13	6	1	-0.026218826358453295
13	6	2	-0.037827288399370884
13	6	3	-0.014066660519749696
13	6	4	-0.05627083315870518
13	7	0	-0.08023420747890353
13	7	1	-0.05350009142236578
13	7	2	-0.04823793038896007
13	7	3	-0.05880224530110112
13	7	4	-0.049703411259475194
13	8	0	-0.050114693513444664
13	8	1	-0.032679340207556584
13	8	2	-0.0393179157481216
13	8	3	-0.059978541671905417
13	8	4	-0.054097059817883486
13	9	0	-0.02782287332184552
13	9	1	-0.051810162842626184
13	9	2	-0.03049429594052011
13	9	3	-0.05432617217514246
13	9	4	-0.050847576019200647
14	0	0	-0.0717125348374622
14	0	1	-0.039759032806777395
14	0	2	-0.03652945071709379
14	0	3	-0.03307739806595644
14	0	4	-0.045150501672240884
14	1	0	-0.05235731185000081
14	1	1	-0.045298397061186435
14	1	2	-0.04337488090348507
14	1	3	-0.04974252800339751
14	1	4	-0.024454950084240812
14	2	0	-0.04189222134185888
14	2	1	-0.038299045328871295
14	2	2	-0.05023986946183756
14	2	3	-0.033397317150177686
14	2	4	-0.04890570908877556
14	3	0	-0.028726015480854072
14	3	1	-0.026673167812678367
14	3	2	-0.02614814628544604
14	3	3	-0.0325102052790841
14	3	4	-0.05725713391617282
14	4	0	-0.05010776757664237
14	4	1	-0.023563422188485283
14	4	2	-0.030621425358267618
14	4	3	-0.05174167302313759
14	4	4	-0.041761315216692685
14	5	0	-0.0371562657565061
14	5	1	-0.06843241116793453
14	5	2	-0.06815254412508409
14	5	3	-0.021940302260668232
14	5	4	-0.017345481876374413
14	6	0	-0.03224854693845891
14	6	1	-0.049165840171541686
14	6	2	-0.03930813656214127
14	6	3	-0.02889190646627715
14	6	4	-0.042174835081013606
14	7	0	-0.01475640095079267
14	7	1	-0.06376987051268568
14	7	2	-0.014385182577402289
14	7	3	-0.05155447146293812
14	7	4	-0.02847698957538769
14	8	0	-0.048286246197660754
14	8	1	-0.04730414835910712
14	8	2	-0.046652305233540914
14	8	3	-0.037265683718772924
14	8	4	-0.04626253482088716
14	9	0	-0.05113834697281139
14	9	1	-0.03801092635789938
14	9	2	-0.05551224773192731
14	9	3	-0.05137844611528819
14	9	4	-0.021160761435361053
15	0	0	-0.04620569478227643
15	0	1	-0.060852665931593886
15	0	2	-0.03684238466847167
15	0	3	-0.06117160236153374
15	0	4	-0.04273085165533663
15	1	0	-0.04229531086374738
15	1	1	-0.0464176284484239
15	1	2	-0.06206709639203911
15	1	3	-0.05462373883426497
15	1	4	-0.04378420968809982
15	2	0	-0.04307794172239743
15	2	1	-0.033079659354724456
15	2	2	-0.03321290964311563
15	2	3	-0.053204359840515636
15	2	4	-0.04221115777179851
15	3	0	-0.04536211567976689
15	3	1	-0.02633241172200962
15	3	2	-0.05602216242948499
15	3	3	-0.047226483153256615
15	3	4	-0.018802580587477524
15	4	0	-0.04986951535064621
15	4	1	-0.041424028014029335
15	4	2	-0.03332606879517641
15	4	3	-0.05698331670871726
15	4	4	-0.05509174273476314
15	5	0	-0.048980225065242244
15	5	1	-0.046989710828286735
15	5	2	-0.024727370265127724
15	5	3	-0.026631517478199362
15	5	4	-0.03650989234513258
15	6	0	-0.03214327269906514
15	6	1	-0.06644466730569987
15	6	2	-0.04672914169481679
15	6	3	-0.028204569394500667
15	6	4	-0.015617360010952819
15	7	0	-0.0528047273674237
15	7	1	-0.0531787279547431
15	7	2	-0.03890579291036955
15	7	3	-0.07133636767504037
15	7	4	-0.04755199034375224
15	8	0	-0.053062372216466036
15	8	1	-0.010347349582504717
15	8	2	-0.04957488481515948
15	8	3	-0.015467878168107019
15	8	4	-0.031289204058082776
15	9	0	-0.046063020484150674
15	9	1	-0.06647929698971089
15	9	2	-0.03991304906636717
15	9	3	-0.04198763352081414
15	9	4	-0.05040890967664413
16	0	0	-0.056292629141017736
16	0	1	-0.039443210088596525
16	0	2	-0.025604702950240643
16	0	3	-0.04271688138965024
16	0	4	-0.034021788026364574
16	1	0	-0.050442982917869306
16	1	1	-0.049406862772258475
16	1	2	-0.06887899794078278
16	1	3	-0.03790691891378384
16	1	4	-0.0648178417057137
16	2	0	-0.03493581041771732
16	2	1	-0.038085726475363124
16	2	2	-0.05123455237871721
16	2	3	-0.028476989575387912
16	2	4	-0.029364101446481272
16	3	0	-0.051127265473927985
16	3	1	-0.03457704689136254
16	3	2	-0.03437942682793926
16	3	3	-0.03572895449325664
16	3	4	-0.03885270590076084
16	4	0	-0.0322000653808433
16	4	1	-0.03984768479784584
16	4	2	-0.03501926499638175
16	4	3	-0.011702891565591789
16	4	4	-0.03620673757973503
16	5	0	-0.05175614053556876
16	5	1	-0.04350734980413462
16	5	2	-0.03875351701438645
16	5	3	-0.04622621213010214
16	5	4	-0.04239696230542922
16	6	0	-0.04105002742670971
16	6	1	-0.06144414093450279
16	6	2	-0.049587458054277334
16	6	3	-0.02672372123173028
16	6	4	-0.05037817509213394
16	7	0	-0.028201029471246253
16	7	1	-0.04552141222621775
16	7	2	-0.06427858945021425
16	7	3	-0.06098440080133438
16	7	4	-0.024062385618449755
16	8	0	-0.053802062266942174
16	8	1	-0.06458574586798627
16	8	2	-0.0442689779074219
16	8	3	-0.059914278449747504
16	8	4	-0.0279698689309672
16	9	0	-0.04724874086468933
16	9	1	-0.03502446240878554
16	9	2	-0.04214549752307184
16	9	3	-0.052286513384911526
16	9	4	-0.03684098764190291
17	0	0	-0.07351050803131642
17	0	1	-0.030433951496279366
17	0	2	-0.04566600447607305
17	0	3	-0.03907064204547028
17	0	4	-0.04024693841627458
17	1	0	-0.05962400474288143
17	1	1	-0.006629506707077293
17	1	2	-0.06928413564569169
17	1	3	-0.0319807322095651
17	1	4	-0.05791932450971349
17	2	0	-0.03876169790725903
17	2	1	-0.059439774823942915
17	2	2	-0.046140993509414696
17	2	3	-0.025814256935538515
17	2	4	-0.035212054662855596
17	3	0	-0.00964921515284145
17	3	1	-0.04784160105495883
17	3	2	-0.05582657870987384
17	3	3	-0.06098160674819719
17	3	4	-0.04404685068300629
17	4	0	-0.04761720070256692
17	4	1	-0.046538139748782625
17	4	2	-0.03281475707104986
17	4	3	-0.07387616197684854
17	4	4	-0.044083173373791085
17	5	0	-0.05430488527878263
17	5	1	-0.06836038142519152
17	5	2	-0.04130448752874383
17	5	3	0.00031153692480934136
17	5	4	-0.019826601062299054
17	6	0	-0.050142397260653504
17	6	1	-0.054410159518176515
17	6	2	-0.057746093215200855
17	6	3	-0.04042575781706215
17	6	4	-0.0652313615700344
17	7	0	-0.03637086452313543
17	7	1	-0.04046270798588214
17	7	2	-0.007525782125324509
17	7	3	-0.05126668398979595
17	7	4	-0.04272386652249349
17	8	0	-0.06550412508795944
17	8	1	-0.029745513378139687
17	8	2	-0.044548383221152066
17	8	3	-0.0446852918248799
17	8	4	-0.05473130988005126
17	9	0	-0.026002737130224163
17	9	1	-0.04779866024678503
17	9	2	-0.03684517872160886
17	9	3	-0.0753150993425592
17	9	4	-0.062336722519788834
18	0	0	-0.04848017242812275
18	0	1	-0.029616690953618185
18	0	2	-0.02903580020284824
18	0	3	-0.04507226818439625
18	0	4	-0.05990030818406089
18	1	0	-0.029615305766257927
18	1	1	-0.04867825422066574
18	1	2	-0.044391916245463126
18	1	3	-0.0420588818758153
18	1	4	-0.041808814120026794
18	2	0	-0.030661122223392012
18	2	1	-0.02453028296607407
18	2	2	-0.029267706613244515
18	2	3	-0.027292311045171602
18	2	4	-0.011230696585387778
18	3	0	-0.0519168222693801
18	3	1	-0.03265994758451041
18	3	2	-0.05200151996490665
18	3	3	-0.040417375657650356
18	3	4	-0.05677096867028231
18	4	0	-0.06186800826679817
18	4	1	-0.02016417240595969
18	4	2	-0.05659494332263204
18	4	3	-0.043728328625353696
18	4	4	-0.06619251584926633
18	5	0	-0.07373075282162656
18	5	1	-0.048474631678680935
18	5	2	-0.02047761544329041
18	5	3	-0.057441541423234654
18	5	4	-0.03140515726328086
18	6	0	-0.0414489613865171
18	6	1	-0.007524337741923071
18	6	2	-0.04746118361679008
18	6	3	-0.060640732265446196
18	6	4	-0.03651687747797583
18	7	0	-0.036021797308303904
18	7	1	-0.055286983117336486
18	7	2	-0.06190923238978174
18	7	3	-0.046913549201878624
18	7	4	-0.050471775872233615
18	8	0	-0.03319324471828067
18	8	1	-0.03306719266848046
18	8	2	-0.03960570322126389
18	8	3	-0.07494069622216071
18	8	4	-0.05353545513728575
18	9	0	-0.006036646516807909
18	9	1	-0.06133194075830717
18	9	2	-0.05280481024188122
18	9	3	-0.022694696607739928
18	9	4	-0.02909307829216279
19	0	0	-0.0177788797712779
19	0	1	-0.05670264459970853
19	0	2	-0.024548550864340157
19	0	3	-0.0360474765509089
19	0	4	-0.0633733162337281
19	1	0	-0.05487004172184318
19	1	1	-0.015408824197560955
19	1	2	-0.06728638765252026
19	1	3	-0.05501211222035007
19	1	4	-0.04674870006677789
19	2	0	-0.0242144602478932
19	2	1	-0.04981272266886838
19	2	2	-0.061354612842027145
19	2	3	-0.05048015803164552
19	2	4	-0.04636870884010469
19	3	0	-0.045193122821792886
19	3	1	-0.03844171962699683
19	3	2	-0.03817095693525896
19	3	3	-0.03745009122583509
19	3	4	-0.040509579411181273
19	4	0	-0.052717460563715846
19	4	1	-0.03986984779561298
19	4	2	-0.05619259967086043
19	4	3	-0.040724721502753525
19	4	4	-0.019076397794933198
19	5	0	-0.056931200514181435
19	5	1	-0.07282622547525774
19	5	2	-0.007189098722279463
19	5	3	-0.023756436799914904
19	5	4	-0.059912881423178965
19	6	0	-0.028358940830336632
19	6	1	-0.046589391681118864
19	6	2	-0.05623451046792016
19	6	3	-0.03865432812801228
19	6	4	-0.037790965708585866
19	7	0	-0.047704467506274995
19	7	1	-0.0515913032396762
19	7	2	-0.041286326183351374
19	7	3	-0.036343646183463085
19	7	4	-0.02409591425609725
19	8	0	-0.05039727173497488
19	8	1	-0.04832641663111359
19	8	2	-0.035045808501186104
19	8	3	-0.03202962813946797
19	8	4	-0.05303531962570851
19	9	0	-0.03794028180251652
19	9	1	-0.03452025420958449
19	9	2	-0.04184373978424327
19	9	3	-0.03903990746095998
19	9	4	-0.058117702282461936
20	0	0	-0.03248402878973433
20	0	1	-0.0483610463151245
20	0	2	-0.04947429890221666
20	0	3	-0.027559143119783802
20	0	4	-0.03708407026484817
20	1	0	-0.04544245654667234
20	1	1	-0.029329957170006637
20	1	2	-0.04488646365076576
20	1	3	-0.038415436584772866
20	1	4	-0.0702522750577671
20	2	0	-0.033475822939810884
20	2	1	-0.04381486139815294
20	2	2	-0.06438616049600043
20	2	3	-0.022712857953132604
20	2	4	-0.05889444905463215
20	3	0	-0.04492716684858811
20	3	1	-0.03260731046481358
20	3	2	-0.03224756428417741
20	3	3	-0.05703360966518867
20	3	4	-0.03867388649997339
20	4	0	-0.0386661199793884
20	4	1	-0.06509965037871024
20	4	2	-0.047533828998359895
20	4	3	-0.05343766327748023
20	4	4	-0.03793625647172538
20	5	0	-0.048406757498018926
20	5	1	-0.05564990220577237
20	5	2	-0.03395333372450071
20	5	3	-0.03353003467419935
20	5	4	-0.05859967644864672
20	6	0	-0.018169502606922516
20	6	1	-0.0550141012073293
20	6	2	-0.0629262677317598
20	6	3	-0.057089490727934566
20	6	4	-0.048209989857587066
20	7	0	-0.0331544594721882
20	7	1	-0.06316038807409086
20	7	2	-0.03371723623439882
20	7	3	-0.05235077660706944
20	7	4	-0.010446964680374315
20	8	0	-0.0584313584255407
20	8	1	-0.04561421977936764
20	8	2	-0.03274909682232341
20	8	3	-0.05009597572526636
20	8	4	-0.014667381944269753
20	9	0	-0.05978191610197192
20	9	1	-0.028816052659282776
20	9	2	-0.08630830141127621
20	9	3	-0.03568704369619691
20	9	4	-0.04355789138397825
21	0	0	-0.03622126428820782
21	0	1	-0.016839722740897844
21	0	2	-0.037216787788870165
21	0	3	-0.053828830716702414
21	0	4	-0.05555276150241806
21	1	0	-0.028557022622879957
21	1	1	-0.04213739950465689
21	1	2	-0.04482778853488223
21	1	3	-0.0686079747864643
21	1	4	-0.04865983241269278
21	2	0	-0.044496373579490545
21	2	1	-0.04289232661609832
21	2	2	-0.053260240903261535
21	2	3	-0.05214261964834055
21	2	4	-0.05940855483189589
21	3	0	-0.047074207257273626
21	3	1	-0.03987954410713601
21	3	2	-0.0649687205751277
21	3	3	-0.04383170859143404
21	3	4	-0.05420043978396383
21	4	0	-0.04008455183648141
21	4	1	-0.03409084612784741
21	4	2	-0.05385956530121294
21	4	3	-0.044376548953208084
21	4	4	-0.04520917678812397
21	5	0	-0.0658019403704545
21	5	1	-0.0650359317601299
21	5	2	-0.011262828196466623
21	5	3	0.004005275172323297
21	5	4	-0.017367834301472818
21	6	0	-0.0361243011729766
21	6	1	-0.05047899778924103
21	6	2	-0.03619556136718616
21	6	3	-0.0206326853924107
21	6	4	-0.03971048021391277
21	7	0	-0.04001944803054047
21	7	1	-0.029724735567732807
21	7	2	-0.04310525477573546
21	7	3	-0.05159638225999763
21	7	4	-0.03450096813941206
21	8	0	-0.008395620591641229
21	8	1	-0.05259833445071793
21	8	2	-0.045263660824301666
21	8	3	-0.0583328443740343
21	8	4	-0.035164555759521376
21	9	0	-0.05053717565837956
21	9	1	-0.018953518652933155
21	9	2	-0.05324627063757503
21	9	3	-0.06330625895843278
21	9	4	-0.06817908762988845
22	0	0	-0.034955203040763494
22	0	1	-0.04869626165635155
22	0	2	-0.05613532158154577
22	0	3	-0.05195122700843513
22	0	4	-0.049196290615054705
22	1	0	-0.04994431546811007
22	1	1	-0.06315069176256771
22	1	2	-0.039340268173220005
22	1	3	-0.05600958919036714
22	1	4	-0.044390519218894586
22	2	0	-0.04079515295238845
22	2	1	-0.03558407810240427
22	2	2	-0.04467132155919362
22	2	3	-0.0715836413776918
22	2	4	-0.04532652701989082
22	3	0	-0.03403959419551095
22	3	1	-0.024819787124406578
22	3	2	-0.04662855578187375
22	3	3	-0.07030536206737592
22	3	4	-0.03677672441974511
22	4	0	-0.04788592705049266
22	4	1	-0.038670275541469956
22	4	2	-0.05276709052452755
22	4	3	-0.05021891406330781
22	4	4	-0.04699737079599775
22	5	0	-0.02178899717975835
22	5	1	-0.043338356946160506
22	5	2	-0.04231453773787863
22	5	3	-0.03430678144636956
22	5	4	-0.04085464497363811
22	6	0	-0.020277757769515903
22	6	1	-0.0315490273214355
22	6	2	-0.05182828867039402
22	6	3	-0.05162432279137075
22	6	4	-0.021803393656940617
22	7	0	-0.028131770103224096
22	7	1	-0.048505105800610626
22	7	2	-0.031076856019647825
22	7	3	-0.05669552923557497
22	7	4	-0.038088532367708594
22	8	0	-0.0625786093827051
22	8	1	-0.026952975659487843
22	8	2	-0.0573758811745082
22	8	3	-0.040210615725489895
22	8	4	-0.054141764668080516
22	9	0	-0.04955369263246545
22	9	1	-0.057010156193726846
22	9	2	-0.013919972730041308
22	9	3	-0.050297147551152
22	9	4	-0.046916343255015924
23	0	0	-0.046726525229802696
23	0	1	-0.01958516408929467
23	0	2	-0.012514564001978035
23	0	3	-0.05369751021924929
23	0	4	-0.04936393380329307
23	1	0	-0.024177060189161215
23	1	1	-0.03781007419063487
23	1	2	-0.041857710049929775
23	1	3	-0.036646800948860414
23	1	4	-0.0533314892582627
23	2	0	-0.05350286179708674
23	2	1	-0.012110693092347913
23	2	2	-0.04648466204530277
23	2	3	-0.019499696845234782
23	2	4	-0.052646946239623627
23	3	0	-0.033607415739052904
23	3	1	-0.0491713809209835
23	3	2	-0.0479864656066028
23	3	3	-0.04233968421611445
23	3	4	-0.0236837914183452
23	4	0	-0.05548783528460055
23	4	1	-0.034378965098819436
23	4	2	-0.042437476075919967
23	4	3	-0.05613392455497723
23	4	4	-0.0357121901744325
23	5	0	-0.06202037887644685
23	5	1	-0.04045716723644044
23	5	2	-0.05169836519950921
23	5	3	-0.052328424181971034
23	5	4	-0.038868073193016106
23	6	0	-0.030841196580249308
23	6	1	-0.005798394290811859
23	6	2	-0.0629290617848971
23	6	3	-0.006318751170009795
23	6	4	-0.03965180509802946
23	7	0	-0.04244075553659388
23	7	1	-0.04525545625301275
23	7	2	-0.023222772650690393
23	7	3	-0.043976999354573665
23	7	4	-0.04711052994805853
23	8	0	-0.04391459488810456
23	8	1	-0.03581540439159825
23	8	2	-0.05225158772069538
23	8	3	-0.02166089694693807
23	8	4	-0.032837109496148265
23	9	0	-0.053803447454302655
23	9	1	-0.056874407832403495
23	9	2	-0.0812734176578569
23	9	3	-0.02888352430686525
23	9	4	-0.053367811949047606
24	0	0	-0.04094198281259531
24	0	1	-0.0535527285420625
24	0	2	-0.015188472854376855
24	0	3	-0.048777182644459405
24	0	4	-0.047528240892085294
24	1	0	-0.05347654323723816
24	1	1	-0.006050498390412273
24	1	2	-0.03349510900998309
24	1	3	-0.02610763251495507
24	1	4	-0.03915166958645211
24	2	0	-0.0338553642765721
24	2	1	-0.03497736603853041
24	2	2	-0.06933163454902591
24	2	3	-0.039683936709108414
24	2	4	-0.044343020315560366
24	3	0	-0.068530759470526
24	3	1	-0.04155008006382965
24	3	2	-0.04739971444776925
24	3	3	-0.03187316116377903
24	3	4	-0.03890579291036955
24	4	0	-0.017472753364620175
24	4	1	-0.05741463090297605
24	4	2	-0.02346864932677284
24	4	3	-0.042367624747487564
24	4	4	-0.03651128937170112
24	5	0	-0.03906505393919568
24	5	1	-0.05991350890121394
24	5	2	-0.040519358597161714
24	5	3	-0.029419982509227283
24	5	4	-0.022508892074109443
24	6	0	-0.007290241078008131
24	6	1	-0.03955263989007163
24	6	2	-0.04609768568578643
24	6	3	-0.0514175628592104
24	6	4	-0.023393209892065836
24	7	0	-0.040529196979183446
24	7	1	-0.06316592882353267
24	7	2	-0.042828643515142484
24	7	3	-0.04007091306862465
24	7	4	-0.03248924988055413
24	8	0	-0.049402707210177366
24	8	1	-0.036945717277719115
24	8	2	-0.06549539959150952
24	8	3	-0.02553624864837678
24	8	4	-0.038042430490943024
24	9	0	-0.04390766895130238
24	9	1	-0.03849297155933318
24	9	2	-0.07827260458839391
24	9	3	-0.04498285848400263
24	9	4	-0.051093452695283315
25	0	0	-0.019532526969598063
25	0	1	-0.07308941107374178
25	0	2	-0.05090485410851531
25	0	3	-0.02142340243026719
25	0	4	-0.013446380723268536
25	1	0	-0.02854317074927548
25	1	1	-0.049936004343947515
25	1	2	-0.048929458540442394
25	1	3	-0.043517377613487285
25	1	4	-0.036181591101499655
25	2	0	-0.0418368138474412
25	2	1	-0.019042170644001488
25	2	2	-0.052693048116389196
25	2	3	-0.05586429842722762
25	2	4	-0.04268894085827735
25	3	0	-0.03884896471096688
25	3	1	-0.020492461810384444
25	3	2	-0.03522323087540469
25	3	3	-0.027064595714481277
25	3	4	-0.040056942802938145
25	4	0	-0.03002255085022787
25	4	1	-0.042778741252541996
25	4	2	-0.05694419996479494
25	4	3	-0.043722740519079206
25	4	4	-0.03194301249221143
25	5	0	-0.012807442334650143
25	5	1	-0.04677639197477845
25	5	2	-0.05297245343011925
25	5	3	-0.025723450208576026
25	5	4	0.015761253747523685
25	6	0	-0.014914312309883049
25	6	1	-0.015480853940304073
25	6	2	-0.04765676733640123
25	6	3	-0.041708228207083975
25	6	4	-0.05569805226555813
25	7	0	0.0036056426992314705
25	7	1	-0.022510679794548905
25	7	2	-0.05807020337912794
25	7	3	-0.040218997884901575
25	7	4	-0.05147204689538776
25	8	0	-0.030796870584715252
25	8	1	-0.04798566054044484
25	8	2	-0.042483577952685536
25	8	3	-0.029682623504133754
25	8	4	-0.025293166025431524
25	9	0	-0.024894587241870325
25	9	1	-0.06657348973022092
25	9	2	-0.04670259819001232
25	9	3	-0.03725730155936091
25	9	4	-0.015497215726048563
26	0	0	-0.03471418044004637
26	0	1	-0.07510901424526661
26	0	2	-0.006267061186969625
26	0	3	-0.04568975392774011
26	0	4	-0.044284345199676944
26	1	0	-0.03908167618752112
26	1	1	-0.04156947268687561
26	1	2	-0.03955820431792956
26	1	3	-0.058418062994721964
26	1	4	-0.05265253434589834
26	2	0	-0.03608274555216351
26	2	1	-0.023912489403316806
26	2	2	-0.05033207321536848
26	2	3	-0.042274023967388
26	2	4	-0.04028326110705971
26	3	0	-0.04849540948908759
26	3	1	-0.039275602417983224
26	3	2	-0.02786648896488708
26	3	3	-0.010032047789484966
26	3	4	-0.04572048851225052
26	4	0	-0.024817016749685616
26	4	1	-0.02230844243992458
26	4	2	-0.05084757601920076
26	4	3	-0.06357728211275127
26	4	4	-0.021130026850850525
26	5	0	-0.06144968168394438
26	5	1	-0.04466536643746444
26	5	2	-0.04147771882325657
26	5	3	-0.05526217997613869
26	5	4	-0.047526843865516644
26	6	0	-0.061063214410381095
26	6	1	-0.037294784492550526
26	6	2	-0.04188145950159683
26	6	3	-0.05312193527296494
26	6	4	-0.027788255477042667
26	7	0	-0.03598855281165325
26	7	1	-0.055893695181210235
26	7	2	-0.051758437341961505
26	7	3	-0.05237033497903043
26	7	4	-0.0488568131588728
26	8	0	-0.04499504102924967
26	8	1	-0.0071531075293244095
26	8	2	-0.03910277365654935
26	8	3	-0.06371419071647899
26	8	4	-0.04432346194359904
26	9	0	-0.06699874224987667
26	9	1	-0.025704921847729212
26	9	2	-0.02941299737638403
26	9	3	-0.039330488987239454
26	9	4	-0.04230615557846673
27	0	0	-0.040074855524958375
27	0	1	-0.05119791002931051
27	0	2	-0.0412011075626636
27	0	3	-0.02781619600841556
27	0	4	-0.030786274493368238
27	1	0	-0.030584936918567562
27	1	1	-0.06028889467589382
27	1	2	-0.03532521381491627
27	1	3	-0.0024867072921991307
27	1	4	-0.043203046635540976
27	2	0	-0.03253666590943105
27	2	1	-0.05052470897213579
27	2	2	-0.040413184577944405
27	2	3	-0.04126257673168443
27	2	4	-0.04554446316460048
27	3	0	-0.010316875460574804
27	3	1	-0.028354785268255522
27	3	2	-0.05459998938259791
27	3	3	-0.061395126612518114
27	3	4	-0.04527623406341941
27	4	0	-0.03418919443043855
27	4	1	-0.062279408912849665
27	4	2	-0.07515863236687037
27	4	3	-0.04318348826357987
27	4	4	-0.07166606594524205
27	5	0	-0.05326876513317169
27	5	1	-0.05718468980114255
27	5	2	-0.0077507034028772015
27	5	3	-0.03909299447056869
27	5	4	-0.05401742930347042
27	6	0	-0.012684160659570787
27	6	1	-0.05795623916090897
27	6	2	-0.037681997636231146
27	6	3	-0.03013246605923947
27	6	4	-0.002242227642685446
27	7	0	-0.05908516685966947
27	7	1	-0.042407511039943335
27	7	2	-0.021998977376551765
27	7	3	-0.058313286002073084
27	7	4	-0.02775053575968911
27	8	0	-0.01581745446889149
27	8	1	-0.029612535391537187
27	8	2	-0.06113108859104288
27	8	3	-0.03475941805461247
27	8	4	-0.047430449032279554
27	9	0	-0.03764662208210279
27	9	1	-0.06898648611211167
27	9	2	-0.06906340544784473
27	9	3	-0.027824578167827463
27	9	4	-0.057438747370097465
28	0	0	-0.07529739972628702
28	0	1	-0.00397410253710917
28	0	2	-0.046196874572160485
28	0	3	-0.04199042757395155
28	0	4	-0.04406640905496739
28	1	0	-0.03747485884940793
28	1	1	-0.02824674065414079
28	1	2	-0.04226284775483846
28	1	3	-0.025836609360636698
28	1	4	-0.04430110951850086
28	2	0	-0.04009424814800455
28	2	1	-0.040127492644655205
28	2	2	-0.04440588651114974
28	2	3	-0.029491230864228668
28	2	4	-0.03534058110717153
28	3	0	-0.05198885201212322
28	3	1	-0.036023182495664385
28	3	2	-0.07132798551562836
28	3	3	-0.05158241199431146
28	3	4	-0.057340955510291836
28	4	0	-0.051714584914755446
28	4	1	-0.046482732254364834
28	4	2	-0.0406660463868701
28	4	3	-0.03414193231126872
28	4	4	-0.042742027867885835
28	5	0	-0.033962023703326016
28	5	1	-0.05951457494140655
28	5	2	-0.04808565449297708
28	5	3	-0.024834941310913794
28	5	4	-0.05725853094274158
28	6	0	-0.03359494905280869
28	6	1	-0.032864955313855804
28	6	2	-0.05188696378627733
28	6	3	-0.055007921140644234
28	6	4	-0.03745009122583509
28	7	0	-0.03789457061962198
28	7	1	-0.05537009435896301
28	7	2	-0.03931372466841576
28	7	3	-0.022616463119895402
28	7	4	-0.01672240802675584
28	8	0	-0.038772779406142543
28	8	1	-0.04702988126173968
28	8	2	-0.03929835737616061
28	8	3	-0.04239277122572316
28	8	4	-0.02475950187620668
28	9	0	-0.0728165291637346
28	9	1	-0.032949451742842806
28	9	2	-0.058172186318639296
28	9	3	-0.034080463142247996
28	9	4	-0.05588804787889445
29	0	0	-0.048635313412492276
29	0	1	-0.02254946504064126
29	0	2	-0.034998309597851884
29	0	3	-0.047335451225611336
29	0	4	-0.024108487495215103
29	1	0	-0.05312747602240675
29	1	1	-0.04310703065696664
29	1	2	-0.043777224555256566
29	1	3	-0.025403531124354894
29	1	4	-0.05006803519389347
29	2	0	-0.056323103262947316
29	2	1	-0.010556512873931445
29	2	2	-0.03795162376398076
29	2	3	-0.03785383190417524
29	2	4	-0.04667884873834538
29	3	0	-0.03625312359749777
29	3	1	-0.021079781251212015
29	3	2	-0.0383218358046733
29	3	3	-0.0329125489308556
29	3	4	-0.05750021653911819
29	4	0	-0.03778514081814688
29	4	1	-0.03873676453477104
29	4	2	-0.05324487361100638
29	4	3	-0.06278656507489466
29	4	4	-0.033088574278505534
29	5	0	-0.04735678547880373
29	5	1	-0.02214776070611324
29	5	2	-0.029795782656194425
29	5	3	-0.03966298131057855
29	5	4	-0.05767484486019958
29	6	0	-0.03903873537934721
29	6	1	-0.051468021564596844
29	6	2	-0.035460725392075565
29	6	3	-0.02284557547715438
29	6	4	-0.02889190646627715
29	7	0	-0.0298106171840804
29	7	1	-0.04045716723644044
29	7	2	-0.028193393181951687
29	7	3	-0.05086434033802456
29	7	4	-0.0096478654831057
29	8	0	-0.015008505050393084
29	8	1	-0.021021603382073706
29	8	2	-0.03722796400141948
29	8	3	-0.05265812245217272
29	8	4	-0.05302973151943402
29	9	0	-0.04880015070838484
29	9	1	-0.053874092009685404
29	9	2	-0.0354537402592322
29	9	3	-0.056416123921844585
29	9	4	-0.04097618628511068
30	0	0	-0.04951352219901284
30	0	1	-0.04968805580642832
30	0	2	-0.027065992741049816
30	0	3	-0.06096204837623587
30	0	4	-0.040934275488051175
30	1	0	-0.039577573262559396
30	1	1	-0.02226273125702971
30	1	2	-0.06061139470750454
30	1	3	-0.041773888455810426
30	1	4	-0.029414394402952793
30	2	0	-0.03229841368343489
30	2	1	-0.030611255478416144
30	2	2	-0.04782021944493342
30	2	3	-0.04757154871571356
30	2	4	-0.01470370463505477
30	3	0	-0.05420515178883101
30	3	1	-0.04239227397897838
30	3	2	-0.02889190646627715
30	3	3	-0.033555181152435165
30	3	4	-0.0544798450976941
30	4	0	-0.04282999318487812
30	4	1	-0.052502756522847416
30	4	2	-0.04477889260497958
30	4	3	-0.04093706954118859
30	4	4	-0.03533499300089671
30	5	0	-0.024055163701442228
30	5	1	-0.021923360353721444
30	5	2	-0.05183247975009975
30	5	3	-0.03745567933210947
30	5	4	-0.04471323235625291
30	6	0	-0.043230312332045995
30	6	1	-0.03651907957070277
30	6	2	-0.03012128984669038
30	6	3	-0.015555890841931985
30	6	4	-0.03439898519990048
30	7	0	-0.05347515804987779
30	7	1	-0.04838043893817079
30	7	2	-0.06460828772041582
30	7	3	-0.05045082047370375
30	7	4	-0.05193306566304268
30	8	0	-0.059578293559986895
30	8	1	-0.026581745446889404
30	8	2	-0.02274079848450572
30	8	3	-0.06275862454352166
30	8	4	-0.010034841842622155
30	9	0	-0.03995157384987891
30	9	1	-0.03052537386206855
30	9	2	-0.054131985482099854
30	9	3	-0.046097685685786205
30	9	4	-0.055418646951827744
31	0	0	-0.06461483480255559
31	0	1	-0.05852832154077159
31	0	2	-0.032165139716627045
31	0	3	-0.03194301249221143
31	0	4	-0.0495092245664327
31	1	0	-0.05222987461284001
31	1	1	-0.04226206636709673
31	1	2	-0.02951358328932696
31	1	3	-0.035629765606882136
31	1	4	-0.05513924163809758
31	2	0	-0.05461101168544058
31	2	1	0.009473296358065264
31	2	2	-0.044442209201934646
31	2	3	-0.051508369586172886
31	2	4	-0.010350569847137336
31	3	0	-0.04929050703398152
31	3	1	-0.04506291520991135
31	3	2	-0.045642255024406
31	3	3	-0.023907315669329465
31	3	4	-0.03624306027052038
31	4	0	-0.02742948011147983
31	4	1	-0.04140740576570401
31	4	2	-0.06423947270629193
31	4	3	-0.019436830649645298
31	4	4	-0.047327069066199434
31	5	0	-0.053700943589629846
31	5	1	-0.05278810511909837
31	5	2	-0.019902040497006057
31	5	3	-0.05265532839903553
31	5	4	-0.040002458766760896
31	6	0	-0.04004715177774931
31	6	1	-0.05161762179952478
31	6	2	-0.05762874298343401
31	6	3	-0.012309201096386335
31	6	4	-0.047693090027186136
31	7	0	-0.04928635147190019
31	7	1	-0.05087654656168805
31	7	2	-0.05876312855717902
31	7	3	-0.034021788026364574
31	7	4	-0.021950081446649006
31	8	0	-0.06060056183199347
31	8	1	-0.03100049312670039
31	8	2	-0.04218182021385697
31	8	3	-0.033557975205572466
31	8	4	-0.05641891797498211
31	9	0	-0.03515882558274841
31	9	1	-0.04372343903236364
31	9	2	-0.046588042011383
31	9	3	-0.02853706171783965
31	9	4	-0.04041178755137553
32	0	0	-0.048253001701010434
32	0	1	-0.0636590555238501
32	0	2	-0.04029862839931486
32	0	3	-0.04937511001584216
32	0	4	-0.028000603515477618
32	1	0	-0.04215679212770318
32	1	1	-0.04250862971725544
32	1	2	-0.05336082681620424
32	1	3	-0.02383606731432808
32	1	4	-0.03575968907776694
32	2	0	-0.03889744626858238
32	2	1	-0.03813282284561814
32	2	2	-0.05130719776028703
32	2	3	-0.028449049044014907
32	2	4	-0.06667868109515707
32	3	0	-0.061247444329319944
32	3	1	-0.011222787994304206
32	3	2	-0.04966569154212164
32	3	3	-0.035253965459915215
32	3	4	-0.04157131960335614
32	4	0	-0.004909104005407783
32	4	1	-0.06393055224649702
32	4	2	-0.025508308117003886
32	4	3	-0.03480971101108399
32	4	4	-0.02353011849579345
32	5	0	-0.0486810245953867
32	5	1	-0.050333553116394425
32	5	2	-0.013020287619829873
32	5	3	-0.044236846296342835
32	5	4	-0.06340824189794447
32	6	0	-0.05268560125442556
32	6	1	-0.045026900338539844
32	6	2	-0.03946180948469291
32	6	3	-0.04293202348122249
32	6	4	-0.05008200545957986
32	7	0	-0.06015176112720999
32	7	1	-0.06273652074179548
32	7	2	-0.05878827503541473
32	7	3	-0.05924649974993201
32	7	4	-0.028658603029312335
32	8	0	-0.029339653481529893
32	8	1	-0.047304148359107234
32	8	2	-0.015766841853798397
32	8	3	-0.03574292475894303
32	8	4	-0.04888894476995154
32	9	0	-0.03302286667294618
32	9	1	-0.07496772513450178
32	9	2	-0.03967276049655921
32	9	3	-0.045485788048716946
32	9	4	-0.03607541708228201
33	0	0	-0.03793058549099371
33	0	1	-0.04429967697430748
33	0	2	-0.042740630841317295
33	0	3	-0.05021053190389568
33	0	4	-0.026810336878986707
33	1	0	-0.04371374272084039
33	1	1	-0.0449631817199595
33	1	2	-0.010807397535086194
33	1	3	-0.039848785844209034
33	1	4	-0.058011528263244516
33	2	0	-0.04096414581036245
33	2	1	-0.030536455360952286
33	2	2	-0.03531962570864178
33	2	3	-0.06357588508618273
33	2	4	-0.03564233884600021
33	3	0	-0.049481662889722555
33	3	1	-0.04410990630592704
33	3	2	-0.03532102273521032
33	3	3	-0.011046289078325833
33	3	4	-0.04012958818450818
33	4	0	-0.06383220394390554
33	4	1	-0.052580327015032235
33	4	2	-0.043619360552998976
33	4	3	-0.0814759865103114
33	4	4	-0.08158216052952882
33	5	0	-0.0512824064582974
33	5	1	-0.04893174350762686
33	5	2	-0.01894088621777401
33	5	3	-0.03626541269561856
33	5	4	-0.05570224334526408
33	6	0	-0.02377397066727238
33	6	1	-0.03997373684764627
33	6	2	-0.05358295404062008
33	6	3	-0.04451066350379851
33	6	4	-0.02835824231705253
33	7	0	-0.03103235243599045
33	7	1	-0.051017835672453105
33	7	2	-0.016385724623711018
33	7	3	-0.05941973104444498
33	7	4	-0.02588969637024552
33	8	0	-0.05850892891772541
33	8	1	-0.03232750261800421
33	8	2	-0.06856885804254231
33	8	3	-0.04623180023637685
33	8	4	-0.03002908609315935
33	9	0	-0.03476266199766176
33	9	1	-0.04080346407655111
33	9	2	-0.04440029840487503
33	9	3	-0.027011508704872567
33	9	4	-0.02935571928706937
34	0	0	-0.033630963924180524
34	0	1	-0.05127271014677448
34	0	2	-0.05334126844424325
34	0	3	-0.030875684193761854
34	0	4	-0.02904278533569149
34	1	0	-0.03548572979981268
34	1	1	-0.046910755148741434
34	1	2	-0.05385816827464429
34	1	3	-0.03616901786238158
34	1	4	-0.04292084726867351
34	2	0	-0.021560441265285668
34	2	1	-0.03635701264953117
34	2	2	-0.051662042508724526
34	2	3	-0.04883166668063699
34	2	4	-0.03270578899869525
34	3	0	-0.03725322887173721
34	3	1	-0.007565893362736276
34	3	2	-0.03601394791326129
34	3	3	-0.04817646121993957
34	3	4	-0.023275859660298992
34	4	0	-0.041217635097323124
34	4	1	-0.04432183997207473
34	4	2	-0.036290559173854375
34	4	3	-0.01768216527941946
34	4	4	-0.03506955795285305
34	5	0	-0.05139876219657458
34	5	1	-0.03740698466874626
34	5	2	-0.04794036372983734
34	5	3	-0.03586027499070965
34	5	4	-0.0758361902526663
34	6	0	-0.049136751236972254
34	6	1	-0.05612502147040421
34	6	2	-0.020082256924362274
34	6	3	-0.04752544683894788
34	6	4	-0.026782396347613924
34	7	0	-0.01733007906649453
34	7	1	-0.05410680348623953
34	7	2	-0.049182320349368536
34	7	3	-0.04879674101642062
34	7	4	-0.06029846075612666
34	8	0	-0.038459727062682525
34	8	1	-0.053058216654384815
34	8	2	-0.03449258598000016
34	8	3	-0.017810691723735284
34	8	4	-0.03955121918508642
34	9	0	-0.04138662795529724
34	9	1	-0.04272887450756602
34	9	2	-0.06420734109521287
34	9	3	-0.07307147467330521
34	9	4	-0.05195402106157243
35	0	0	-0.05328677256885772
35	0	1	-0.05445310032634998
35	0	2	-0.07442798747146562
35	0	3	-0.060998371067020885
35	0	4	-0.04685208003285801
35	1	0	-0.026243759730941063
35	1	1	-0.05347377286251731
35	1	2	-0.042427696889939415
35	1	3	-0.009826684883893044
35	1	4	-0.06576223166612194
35	2	0	-0.0473664817903271
35	2	1	-0.043174904837628536
35	2	2	-0.03568564666962848
35	2	3	-0.031016783877195864
35	2	4	-0.034424131678136294
35	3	0	-0.019096192951058577
35	3	1	-0.033186318781478485
35	3	2	-0.041822784385713296
35	3	3	-0.02836941852960173
35	3	4	-0.04354112706515456
35	4	0	-0.04997201921531913
35	4	1	-0.04451853657725757
35	4	2	-0.0482826352391571
35	4	3	-0.0756447976127611
35	4	4	-0.02900087453863187
35	5	0	-0.057299660352059134
35	5	1	-0.045377352740731625
35	5	2	-0.009994328072131298
35	5	3	-0.029221604736478834
35	5	4	-0.0631400127967634
35	6	0	-0.03150331613854085
35	6	1	-0.02440146054155301
35	6	2	-0.02718473999938542
35	6	3	-0.037947432684274696
35	6	4	-0.039176816064687925
35	7	0	-0.04852172804893584
35	7	1	-0.07048802921083108
35	7	2	-0.039947974730583424
35	7	3	-0.031395378077300085
35	7	4	-0.039183801197531176
35	8	0	-0.03921603936148399
35	8	1	-0.03957757326255962
35	8	2	-0.029371086579324635
35	8	3	-0.04853130596837696
35	8	4	-0.06375330746040131
35	9	0	-0.02319080678852614
35	9	1	-0.011343299294662712
35	9	2	-0.0570042721072469
35	9	3	-0.05201549023059315
35	9	4	-0.059701930411312554
36	0	0	-0.05149988087388713
36	0	1	-0.043842565145361445
36	0	2	-0.05065059527302085
36	0	3	-0.011236284691662157
36	0	4	-0.04392111829182754
36	1	0	-0.03749979222189581
36	1	1	-0.040106714834248436
36	1	2	-0.029586228670896775
36	1	3	-0.05643149121409974
36	1	4	-0.038771678359779016
36	2	0	-0.026400285902671294
36	2	1	-0.04209722907120428
36	2	2	-0.050519274775567724
36	2	3	-0.0438806045213368
36	2	4	-0.0702578631640417
36	3	0	-0.034931654855635874
36	3	1	-0.06673001590195105
36	3	2	-0.05727669228813381
36	3	3	-0.04409434958634062
36	3	4	-0.03452192353794181
36	4	0	-0.013682880746449744
36	4	1	-0.050696472204830534
36	4	2	-0.03382341025361635
36	4	3	-0.04966010343584726
36	4	4	-0.06206569936547035
36	5	0	-0.029579290894886312
36	5	1	-0.03476958793446405
36	5	2	-0.021542149688602796
36	5	3	-0.03260520308575221
36	5	4	-0.07396138059753621
36	6	0	-0.04208614757232043
36	6	1	-0.056496251683002874
36	6	2	-0.03838889307996873
36	6	3	-0.028240892085285574
36	6	4	-0.039271813871356254
36	7	0	-0.030940930070201267
36	7	1	-0.029281475612391472
36	7	2	-0.05281458942786177
36	7	3	-0.05356060161552145
36	7	4	-0.0431094458554413
36	8	0	-0.03953463245438582
36	8	1	-0.04255572608751068
36	8	2	-0.06453145125914006
36	8	3	-0.030814215024741243
36	8	4	-0.05737448414793955
36	9	0	-0.04560590865520475
36	9	1	-0.053777128894454296
36	9	2	-0.05405934010052993
36	9	3	-0.029470275465698692
36	9	4	-0.05801432231638193
37	0	0	-0.07641940148824544
37	0	1	-0.025045572664158522
37	0	2	-0.019234261797190788
37	0	3	-0.024340393905611157
37	0	4	-0.05271400351491873
37	1	0	-0.05371202508851325
37	1	1	-0.027919836437076517
37	1	2	-0.032165139716627045
37	1	3	-0.052385702271285695
37	1	4	-0.05995339519366982
37	2	0	-0.04469307018467328
37	2	1	-0.020651758356835415
37	2	2	-0.04070656015736107
37	2	3	-0.02326887452745585
37	2	4	-0.02543286868229655
37	3	0	-0.05071447964051634
37	3	1	-0.0522742006083744
37	3	2	-0.03767920358309351
37	3	3	-0.034728683470102384
37	3	4	-0.04043413997647416
37	4	0	-0.03900410569533641
37	4	1	-0.0574174012776969
37	4	2	-0.01701997468587857
37	4	3	-0.06589075811043776
37	4	4	-0.01506972559604125
37	5	0	-0.04530947856006995
37	5	1	-0.05813215795568505
37	5	2	-0.025520881356121516
37	5	3	-0.02951498031589561
37	5	4	-0.04659083606452041
37	6	0	-0.0479925864772468
37	6	1	-0.030659737036031642
37	6	2	-0.04963216290447414
37	6	3	-0.06153482926938303
37	6	4	-0.043602596234175284
37	7	0	-0.02817055534931656
37	7	1	-0.05959768618303307
37	7	2	-0.04296555211887032
37	7	3	-0.05413617656180569
37	7	4	-0.046395252344909155
37	8	0	-0.04319706783539534
37	8	1	-0.020578343426732038
37	8	2	-0.04091052603638412
37	8	3	-0.05417808735886542
37	8	4	-0.048830269654068226
37	9	0	-0.04975592998709011
37	9	1	-0.05000110814988845
37	9	2	-0.042285200179936866
37	9	3	-0.050590523130568776
37	9	4	-0.02260528690734631
38	0	0	-0.02818994797236285
38	0	1	-0.037778214881344585
38	0	2	-0.05462373883426508
38	0	3	-0.06504695406297223
38	0	4	-0.058891655001494625
38	1	0	-0.007463389498063466
38	1	1	-0.04419578792227419
38	1	2	-0.04082391038912769
38	1	3	-0.037943241604568745
38	1	4	-0.04400493988594678
38	2	0	-0.031489464264936595
38	2	1	-0.01870141455333263
38	2	2	-0.06610170912230429
38	2	3	-0.04327708904367955
38	2	4	-0.06725984414771602
38	3	0	-0.04793025304602705
38	3	1	-0.03577938952022652
38	3	2	-0.024538771678359605
38	3	3	-0.05090066302880958
38	3	4	-0.04803675856307432
38	4	0	-0.05663200004432589
38	4	1	-0.03225408768790072
38	4	2	-0.04628209319284837
38	4	3	-0.06301008932587893
38	4	4	-0.03126126352670966
38	5	0	-0.0265014045799834
38	5	1	-0.057378616031604546
38	5	2	-0.0408574390267753
38	5	3	-0.03317239587262466
38	5	4	-0.04816668203395891
38	6	0	-0.028339548207290455
38	6	1	-0.012646760600838913
38	6	2	-0.03434869224342907
38	6	3	-0.06165776760742436
38	6	4	-0.06278656507489466
38	7	0	-0.05651425911868835
38	7	1	-0.02344983682492885
38	7	2	-0.04440728353771839
38	7	3	-0.050841987912926045
38	7	4	-0.016328446534396246
38	8	0	-0.05982208653542487
38	8	1	-0.0448606778552868
38	8	2	-0.05726132499587888
38	8	3	-0.04115221163276084
38	8	4	-0.03493264934912532
38	9	0	-0.022794643203439713
38	9	1	-0.03521838863924731
38	9	2	-0.03326320259958704
38	9	3	-0.0345191294848044
38	9	4	-0.06273906617156033
39	0	0	-0.05799086884492022
39	0	1	-0.05927078196596869
39	0	2	-0.022838590344311016
39	0	3	-0.0341419323112685
39	0	4	-0.04958745805427722
39	1	0	-0.0143616225530665
39	1	1	-0.020971736637097504
39	1	2	-0.04503175441390539
39	1	3	-0.0323439591174145
39	1	4	-0.04472859964850817
39	2	0	-0.02809021448241089
39	2	1	-0.025386328754827492
39	2	2	-0.021123041718007496
39	2	3	-0.03598461035531986
39	2	4	-0.06659765355417524
39	3	0	-0.04432045478471425
39	3	1	-0.04490777422554182
39	3	2	-0.04154337907198302
39	3	3	-0.025977709044070707
39	3	4	-0.05065199229958961
39	4	0	-0.013923903347166755
39	4	1	-0.04950244070012921
39	4	2	-0.039224314968022145
39	4	3	-0.029442334934325798
39	4	4	-0.030040262305708443
39	5	0	-0.023204658662130506
39	5	1	-0.042490622281569856
39	5	2	-0.059401569699052414
39	5	3	-0.041928958404930716
39	5	4	-0.032416604498984425
39	6	0	-0.03612430117297649
39	6	1	-0.04292972667483008
39	6	2	-0.03519249629089449
39	6	3	-0.03384296862557723
39	6	4	-0.052479303051385484
39	7	0	-0.04994570065547055
39	7	1	-0.05596295454923239
39	7	2	-0.01098761396244241
39	7	3	-0.05433455433455425
39	7	4	-0.0350933074045201
39	8	0	-0.04536073049240652
39	8	1	-0.05856295122478272
39	8	2	-0.019876894018770463
39	8	3	-0.055432617217514246
39	8	4	-0.04231174368474133
39	9	0	-0.06089006599032587
39	9	1	-0.04997617477740057
39	9	2	-0.0384769057537937
39	9	3	-0.043152753679069344
39	9	4	-0.021588251565368255
40	0	0	-0.05898266299499677
40	0	1	-0.06308004720718519
40	0	2	-0.033252026387037836
40	0	3	-0.03859565301212886
40	0	4	-0.08059027166578647
40	1	0	-0.038172993279070755
40	1	1	-0.05190297039577574
40	1	2	-0.04420471468526388
40	1	3	-0.03451773245823575
40	1	4	-0.05386794746062484
40	2	0	-0.03680304297959358
40	2	1	-0.04344640156027513
40	2	2	-0.030343417071105883
40	2	3	-0.046233197262945724
40	2	4	-0.036189973260911557
40	3	0	-0.037183969503715164
40	3	1	-0.0095384001640062
40	3	2	-0.022675138235778824
40	3	3	-0.057279486341271335
40	3	4	-0.047740588930520356
40	4	0	-0.027252176129343275
40	4	1	-0.054489115197721705
40	4	2	-0.06474519632414355
40	4	3	-0.030858919874938162
40	4	4	-0.04038105296686523
40	5	0	-0.043766379840536995
40	5	1	-0.032256858062621574
40	5	2	-0.01682299393969855
40	5	3	-0.020411955194563736
40	5	4	-0.014224524522007398
40	6	0	-0.035941456441398234
40	6	1	-0.015968439891179798
40	6	2	-0.05585731329438437
40	6	3	-0.052085341559025666
40	6	4	-0.03288460839948271
40	7	0	-0.05068816108066776
40	7	1	-0.046377458014971173
40	7	2	-0.04095383386001239
40	7	3	-0.059768987686607766
40	7	4	-0.031388392944457055
40	8	0	-0.05208720031471459
40	8	1	-0.043068245410874395
40	8	2	-0.049957670094969986
40	8	3	-0.07059594359365529
40	8	4	-0.06673456215790297
40	9	0	-0.037424992104432064
40	9	1	-0.030273269762468247
40	9	2	-0.051296021547737825
40	9	3	-0.026972391960950137
40	9	4	-0.07150959896955322
41	0	0	-0.0494664258287576
41	0	1	-0.05799363921964085
41	0	2	-0.04112566812795648
41	0	3	-0.06360522264412416
41	0	4	-0.027480909631939276
41	1	0	-0.028950415833245535
41	1	1	-0.0345188690222239
41	1	2	-0.05487240956348505
41	1	3	-0.05833982950687744
41	1	4	-0.03718186212465391
41	2	0	-0.030198469645004278
41	2	1	-0.02766357677539466
41	2	2	-0.05406492820680464
41	2	3	-0.06303383877754598
41	2	4	-0.00737210920277287
41	3	0	-0.06706246086845713
41	3	1	-0.036394412708263046
41	3	2	-0.04607253920755061
41	3	3	-0.050716255521747744
41	3	4	-0.052543566273543396
41	4	0	-0.03699558402269487
41	4	1	-0.03982275142535796
41	4	2	-0.04240674149140966
41	4	3	-0.03759258793583742
41	4	4	-0.04142882289335359
41	5	0	-0.04620430959491573
41	5	1	-0.049352840465201386
41	5	2	-0.05141616583264175
41	5	3	-0.021862068772823928
41	5	4	-0.036082402215125375
41	6	0	-0.035257173885339665
41	6	1	-0.0548451083493553
41	6	2	-0.03864315191546308
41	6	3	-0.039333283040376976
41	6	4	-0.037366269631715854
41	7	0	-0.04886802488904651
41	7	1	-0.06078894731301354
41	7	2	-0.048508953543278444
41	7	3	-0.04490183094302069
41	7	4	-0.010765486738026686
41	8	0	-0.06040663560153148
41	8	1	-0.04059707115984523
41	8	2	-0.028130526986362314
41	8	3	-0.04304099155357721
41	8	4	-0.05627642126497967
41	9	0	-0.05632725882502865
41	9	1	-0.02715936857619361
41	9	2	-0.03750457526201223
41	9	3	-0.039076230151744995
41	9	4	-0.06041441396132452
42	0	0	-0.047230733429003635
42	0	1	-0.02085399571145985
42	0	2	-0.04529998351508635
42	0	3	-0.03617879704836213
42	0	4	-0.052537978167268795
42	1	0	-0.04005684808927246
42	1	1	-0.023276688404873513
42	1	2	-0.06269017024165757
42	1	3	-0.03868645973909113
42	1	4	-0.04377862158182522
42	2	0	-0.04563499758977407
42	2	1	-0.05480216754118172
42	2	2	-0.03722796400141948
42	2	3	-0.04108655138403439
42	2	4	-0.0495343710446684
42	3	0	-0.04144757619915673
42	3	1	-0.02572569965813587
42	3	2	-0.0318452206324058
42	3	3	-0.04208821943375729
42	3	4	-0.03632408781150198
42	4	0	-0.0306070999163347
42	4	1	-0.06112693302896155
42	4	2	-0.04043134592333686
42	4	3	-0.027064595714481388
42	4	4	-0.03770435006132944
42	5	0	-0.04743158559626759
42	5	1	-0.05268283087970471
42	5	2	-0.03167338636446182
42	5	3	-0.05848931134972313
42	5	4	-0.033967303990187436
42	6	0	-0.042726104132844944
42	6	1	-0.03830597126567348
42	6	2	-0.04687722651109383
42	6	3	-0.024513625200124012
42	6	4	-0.0398920936678373
42	7	0	-0.06398318936619363
42	7	1	-0.04895667688011485
42	7	2	-0.03967136346999056
42	7	3	-0.037125981061907676
42	7	4	-0.05498975979525189
42	8	0	-0.040872723444573045
42	8	1	-0.06290412841240922
42	8	2	0.008622447981715742
42	8	3	-0.03940592842194679
42	8	4	-0.03313327912870223
42	9	0	-0.03434156504008734
42	9	1	-0.03529595913143224
42	9	2	-0.04416280388820437
42	9	3	-0.030872890140624554
42	9	4	-0.027047831395657362
43	0	0	-0.04296712673356218
43	0	1	-0.031384190025542824
43	0	2	-0.030097540395023104
43	0	3	-0.06641045199397588
43	0	4	-0.06950346881696978
43	1	0	-0.028158088663072456
43	1	1	-0.028634593115064666
43	1	2	-0.02941299737638403
43	1	3	-0.04791521725160164
43	1	4	-0.04863189188131978
43	2	0	-0.03974241055845229
43	2	1	-0.016435248031648864
43	2	2	-0.050315308896544675
43	2	3	-0.03227410778898199
43	2	4	-0.03725450750622372
43	3	0	-0.023966511710374117
43	3	1	-0.012064981909453154
43	3	2	-0.04316672394475585
43	3	3	-0.05766227162108184
43	3	4	-0.03896167397311556
43	4	0	-0.03743884397803632
43	4	1	-0.03643181276699503
43	4	2	-0.0267656320287899
43	4	3	-0.03326180557301839
43	4	4	-0.05746948195460766
43	5	0	-0.04525684144037312
43	5	1	-0.07217795779057079
43	5	2	-0.057071329382542
43	5	3	-0.04590489601931236
43	5	4	-0.05342509003836238
43	6	0	-0.06327120306292622
43	6	1	-0.04756456358287031
43	6	2	-0.04746956577620198
43	6	3	-0.04997303738722503
43	6	4	-0.030403489213557844
43	7	0	-0.026195278173325676
43	7	1	-0.04497010765676179
43	7	2	-0.020540481638879893
43	7	3	-0.055119683266136144
43	7	4	-0.04136316264462725
43	8	0	-0.026380893279625006
43	8	1	-0.048656091222898934
43	8	2	-0.007960257388174963
43	8	3	-0.03931093061527846
43	8	4	-0.05843901839325172
43	9	0	-0.05408879605055372
43	9	1	-0.03350075631229876
43	9	2	-0.033657164091946745
43	9	3	-0.0340944334079345
43	9	4	-0.03188713142946542
44	0	0	-0.03424044636277512
44	0	1	-0.026198048548046526
44	0	2	-0.04403427744388844
44	0	3	-0.0606686727968192
44	0	4	-0.0398920936678373
44	1	0	-0.05178107390805664
44	1	1	-0.045586516032158464
44	1	2	-0.03648195181375957
44	1	3	-0.05369052508640593
44	1	4	-0.04918790845564314
44	2	0	-0.04009424814800466
44	2	1	-0.031018500562386087
44	2	2	-0.052491876290503336
44	2	3	-0.05617723237860539
44	2	4	-0.03708407026484828
44	3	0	-0.04258342983471952
44	3	1	-0.014674674896526518
44	3	2	-0.05255753653922979
44	3	3	-0.04201836810532478
44	3	4	-0.05524262160417759
44	4	0	-0.019999335110067018
44	4	1	-0.04147112438428424
44	4	2	-0.04693869568011444
44	4	3	-0.03992841635862243
44	4	4	-0.037067305946024365
44	5	0	-0.04205982901247207
44	5	1	-0.02885760828009598
44	5	2	-0.04092449630207051
44	5	3	-0.021954272526354957
44	5	4	-0.04193873759091149
44	6	0	-0.03282478488040286
44	6	1	-0.021320803851929138
44	6	2	-0.01439077068367689
44	6	3	-0.04306613803181303
44	6	4	-0.04472859964850817
44	7	0	-0.043709587158759056
44	7	1	-0.025131454280506005
44	7	2	-0.055686876053008816
44	7	3	-0.057989175838146
44	7	4	-0.02961696325540708
44	8	0	-0.038407089942985695
44	8	1	-0.05586183587192006
44	8	2	-0.01664696859204884
44	8	3	-0.05223901448157742
44	8	4	-0.018232593747467885
44	9	0	-0.04228977011430557
44	9	1	-0.03417395736947393
44	9	2	-0.032112052707018446
44	9	3	-0.061775117839190985
44	9	4	-0.0556561414684984
45	0	0	-0.03605781217967563
45	0	1	-0.03709393232528624
45	0	2	-0.05239408443069771
45	0	3	-0.030255404397280694
45	0	4	-0.053314724939438785
45	1	0	-0.03561316703697337
45	1	1	-0.04470830724563801
45	1	2	-0.07099130211258353
45	1	3	-0.015216413385749639
45	1	4	-0.036751577941509295
45	2	0	-0.038753386783096255
45	2	1	-0.030051639784797524
45	2	2	-0.05461256262171599
45	2	3	-0.04156154041737581
45	2	4	-0.06342919729647412
45	3	0	-0.05543796853962468
45	3	1	-0.03289819981050646
45	3	2	-0.06242892627331986
45	3	3	-0.017827456042559198
45	3	4	-0.05607524943909392
45	4	0	-0.034640765509942884
45	4	1	-0.047571489519672605
45	4	2	-0.07123298770896025
45	4	3	-0.04705325185874387
45	4	4	-0.0021612001017033977
45	5	0	-0.022822346950648442
45	5	1	-0.03177758323590851
45	5	2	-0.03282174220389322
45	5	3	-0.009115598360449506
45	5	4	-0.04096640709913013
45	6	0	-0.026411367401554586
45	6	1	-0.05115496922113705
45	6	2	-0.04710633886835269
45	6	3	-0.035991595488162886
45	6	4	-0.029280279852362256
45	7	0	-0.02365761492899532
45	7	1	-0.0377311185110899
45	7	2	-0.0398334185519541
45	7	3	-0.0456450490775433
45	7	4	-0.06827827651626273
45	8	0	-0.054832641663111414
45	8	1	-0.035518974296463335
45	8	2	-0.05817498037177682
45	8	3	-0.035572487517567586
45	8	4	-0.035773659343453335
45	9	0	-0.036344545963286956
45	9	1	-0.05575794681988688
45	9	2	-0.047118912107470434
45	9	3	-0.03924666739312033
45	9	4	-0.04245144634160636
46	0	0	-0.06239299427640588
46	0	1	-0.02530321751320086
46	0	2	-0.05880923043394426
46	0	3	-0.04886938639799043
46	0	4	-0.06560855874357019
46	1	0	-0.051271324959414
46	1	1	-0.03853591236750675
46	1	2	-0.02692629008418468
46	1	3	-0.02827022964322723
46	1	4	-0.04571490040597592
46	2	0	-0.01626902554839571
46	2	1	-0.03610490854993065
46	2	2	-0.04710494184178393
46	2	3	-0.053623467811110936
46	2	4	-0.026857835782321038
46	3	0	-0.03892653520315159
46	3	1	-0.027091494395532045
46	3	2	-0.02079194642123694
46	3	3	-0.05518674054143169
46	3	4	-0.03343224281439394
46	4	0	-0.038303200890952516
46	4	1	-0.04760473401632315
46	4	2	-0.042074249168070565
46	4	3	-0.060640732265446196
46	4	4	-0.039752391010972166
46	5	0	-0.029618076140978666
46	5	1	-0.02930363861015839
46	5	2	-0.0428384227011227
46	5	3	-0.02614535223230874
46	5	4	-0.06673316513133454
46	6	0	-0.04159856162144482
46	6	1	-0.034674010006593536
46	6	2	-0.049280112209174165
46	6	3	-0.018492440689237055
46	6	4	-0.02351894228324436
46	7	0	-0.06944913869049929
46	7	1	-0.036124301172976714
46	7	2	-0.033496506036551854
46	7	3	-0.04281746730259306
46	7	4	-0.026319980553390243
46	8	0	-0.03859824579872673
46	8	1	-0.04949828513804788
46	8	2	-0.03698208732533681
46	8	3	-0.05768182999304272
46	8	4	-0.018852873543948934
46	9	0	-0.0565904444235128
46	9	1	-0.04504213739950469
46	9	2	-0.039080421231450946
46	9	3	-0.04548299399557987
46	9	4	-0.036240266217382855
47	0	0	-0.04878214327269925
47	0	1	-0.029048764135836902
47	0	2	-0.05339156140071466
47	0	3	-0.02858735467431106
47	0	4	-0.041431616946491
47	1	0	-0.059399604390489746
47	1	1	-0.0413284500861586
47	1	2	-0.026163513577701192
47	1	3	-0.052327027155402384
47	1	4	-0.05465587044534426
47	2	0	-0.03838769731993963
47	2	1	-0.026031826064793595
47	2	2	-0.06132108420437954
47	2	3	-0.01443687256044257
47	2	4	-0.04089236469099178
47	3	0	-0.06025010942980136
47	3	1	-0.04896914356635895
47	3	2	-0.035214848715992786
47	3	3	-0.05821549414226779
47	3	4	-0.04773220677110834
47	4	0	-0.022531457604955563
47	4	1	-0.0352737961336651
47	4	2	-0.036488936946602823
47	4	3	-0.04967407370153376
47	4	4	-0.022202943255574703
47	5	0	-0.061624215291360196
47	5	1	-0.051098176539358664
47	5	2	-0.054500800496223745
47	5	3	-0.040786190671774025
47	5	4	-0.03152809560132219
47	6	0	-0.04682902909447517
47	6	1	-0.019866357123464518
47	6	2	-0.04204072053042296
47	6	3	-0.030939947415919877
47	6	4	-0.04689678488305493
47	7	0	-0.03534859625112896
47	7	1	-0.04175370260581446
47	7	2	-0.04194013461748014
47	7	3	-0.05910400303992969
47	7	4	-0.029086093159319648
47	8	0	-0.04708944431823836
47	8	1	-0.03417811293155537
47	8	2	-0.03250880825251534
47	8	3	-0.049498048353883606
47	8	4	-0.041604848241003745
47	9	0	-0.07030656966661297
47	9	1	-0.05174367384932499
47	9	2	-0.05488358577603414
47	9	3	-0.025600511870534692
47	9	4	-0.041557349337669525
48	0	0	-0.02840326682587091
48	0	1	-0.028020955114388624
48	0	2	-0.04620805078470969
48	0	3	-0.03806757696917884
48	0	4	-0.07580685269472442
48	1	0	-0.03259345859120899
48	1	1	-0.052933549791944756
48	1	2	-0.05505681707054699
48	1	3	-0.0524332011746198
48	1	4	-0.033856938891263844
48	2	0	-0.044920240911785814
48	2	1	-0.04217756993810995
48	2	2	-0.04821976904356773
48	2	3	-0.05795983828020457
48	2	4	-0.036284971067579885
48	3	0	-0.03948061014732851
48	3	1	-0.04702157013757691
48	3	2	-0.023924079988153046
48	3	3	-0.021473695386738934
48	3	4	-0.0471454556122749
48	4	0	-0.06366044071121046
48	4	1	-0.04548816772956721
48	4	2	-0.04301863912847892
48	4	3	-0.020048728286714557
48	4	4	-0.03525396545991499
48	5	0	-0.062416542461533164
48	5	1	-0.03352014893534505
48	5	2	-0.052394084430697596
48	5	3	-0.05260503544256401
48	5	4	-0.031902498721720685
48	6	0	-0.04523606362996657
48	6	1	-0.030850892891772563
48	6	2	-0.032415207472415664
48	6	3	-0.03075274585572063
48	6	4	-0.02682151309153602
48	7	0	-0.03397449038957012
48	7	1	-0.02427540849175258
48	7	2	-0.055371148048493635
48	7	3	-0.03579601176855174
48	7	4	-0.03991025501322987
48	8	0	-0.016410314659160874
48	8	1	-0.050088374953596304
48	8	2	-0.0581274814684426
48	8	3	-0.042325713950427724
48	8	4	-0.055013509246918724
48	9	0	-0.062386068339603695
48	9	1	-0.045238834004687534
48	9	2	-0.028437872831465483
48	9	3	-0.052797825109037855
48	9	4	-0.03243755989751407
49	0	0	-0.03772280738692724
49	0	1	-0.04613643541425416
49	0	2	-0.02724481214183727
49	0	3	-0.03592733226600486
49	0	4	-0.037422150694461864
49	1	0	-0.03976872911830054
49	1	1	-0.03687922828441781
49	1	2	-0.02600145849573754
49	1	3	-0.05121219995361859
49	1	4	-0.045061091971847156
49	2	0	-0.03961774369601245
49	2	1	-0.00974756345543304
49	2	2	-0.0631288365842142
49	2	3	-0.040675825572850766
49	2	4	-0.05799476394442071
49	3	0	-0.0281137626675384
49	3	1	-0.03817576365379183
49	3	2	-0.06429255971590053
49	3	3	-0.04176690332296751
49	3	4	-0.01707026764235009
49	4	0	-0.03102819687390912
49	4	1	-0.06565926607232908
49	4	2	-0.04788029158738549
49	4	3	-0.010761295658320957
49	4	4	-0.04359980218103787
49	5	0	-0.03594284162875849
49	5	1	-0.06987577639751552
49	5	2	-0.03316541073978141
49	5	3	-0.006355073860794591
49	5	4	-0.052220853136184964
49	6	0	-0.04627218377557751
49	6	1	-0.0602002426848256
49	6	2	-0.05902576955208538
49	6	3	-0.04875762427249841
49	6	4	-0.039688127788814365
49	7	0	-0.03913015774513662
49	7	1	-0.04762966738881114
49	7	2	-0.05457484290436243
49	7	3	-0.08308815517053492
49	7	4	-0.04048303590637681
49	8	0	-0.054863115785041106
49	8	1	-0.037350191986968206
49	8	2	-0.031642651779951625
49	8	3	-0.047997641819152115
49	8	4	-0.016053232300371922
49	9	0	-0.025498528931023334
49	9	1	-0.04165950986530442
49	9	2	-0.06376029259324456
49	9	3	-0.04276717434612165
49	9	4	-0.0563770071779226
50	0	0	-0.04806461621999014
50	0	1	-0.02337226633274403
50	0	2	-0.054090074685040346
50	0	3	-0.04292643537494789
50	0	4	-0.029218810683341423
50	1	0	-0.03698173214909051
50	1	1	-0.03471279525268578
50	1	2	-0.04719714559531485
50	1	3	-0.035621383447470234
50	1	4	-0.0479194083313077
50	2	0	-0.052447349028429624
50	2	1	-0.037290628930469305
50	2	2	-0.060424193147305294
50	2	3	-0.03594549361139765
50	2	4	-0.03346018334576695
50	3	0	-0.04528731556230303
50	3	1	-0.06115325158881002
50	3	2	-0.05917944247463691
50	3	3	-0.028919846997650378
50	3	4	-0.02661754721251286
50	4	0	-0.04173569517012876
50	4	1	-0.040548589602229734
50	4	2	-0.04126676781139016
50	4	3	-0.05033347024193713
50	4	4	-0.0368549579075893
50	5	0	-0.047209955618596755
50	5	1	-0.07034674010006603
50	5	2	-0.05212026722324192
50	5	3	-0.044091555533202986
50	5	4	-0.042687543831708696
50	6	0	-0.048953906505393774
50	6	1	-0.035466337176766616
50	6	2	-0.0329153429839929
50	6	3	-0.055628200937125394
50	6	4	-0.05763153703657142
50	7	0	-0.03393570514347766
50	7	1	-0.05602113241837081
50	7	2	-0.07246795919564808
50	7	3	-0.05230327770373522
50	7	4	-0.023436517715693883
50	8	0	-0.050940265180268285
50	8	1	-0.023307162526803427
50	8	2	-0.020497173815251624
50	8	3	-0.05080007711586665
50	8	4	-0.03978033154234528
50	9	0	-0.04176339891733749
50	9	1	-0.002178899717975913
50	9	2	-0.03451773245823597
50	9	3	-0.03679348873856869
50	9	4	-0.026550489937217536
51	0	0	-0.05959491580831233
51	0	1	-0.05689103008072871
51	0	2	-0.017418127257944227
51	0	3	-0.045628284758719495
51	0	4	-0.06056249877760167
51	1	0	-0.03200890952510227
51	1	1	-0.03360741573905279
51	1	2	-0.05935407079571842
51	1	3	-0.04744861037767212
51	1	4	-0.04890012098250085
51	2	0	-0.03234828042841087
51	2	1	-0.03459505432704846
51	2	2	-0.07405917245734195
51	2	3	-0.061656370580855824
51	2	4	-0.05673185192635988
51	3	0	-0.03296191842908669
51	3	1	-0.016068173381131534
51	3	2	-0.0395065143348895
51	3	3	-0.037114804849358696
51	3	4	-0.050054064928206854
51	4	0	-0.052271430233653327
51	4	1	-0.05728996404053621
51	4	2	-0.03182286820730751
51	4	3	-0.05276709052452766
51	4	4	-0.01719600003352839
51	5	0	-0.03561039666225241
51	5	1	-0.047313844670630156
51	5	2	-0.03181867712760156
51	5	3	-0.03544954917952625
51	5	4	-0.05270422432893829
51	6	0	-0.0436708019126667
51	6	1	-0.055390872169369776
51	6	2	-0.030420253532381758
51	6	3	-0.03184242657926872
51	6	4	-0.033295334210665994
51	7	0	-0.044399410464259326
51	7	1	-0.02671333824613109
51	7	2	-0.05848092919031145
51	7	3	-0.03931931277469025
51	7	4	-0.03977893451577663
51	8	0	-0.05140845850809783
51	8	1	-0.036948487652440076
51	8	2	-0.009966387540758292
51	8	3	-0.03663143365660515
51	8	4	-0.05659214926949474
51	9	0	-0.026157878114593802
51	9	1	-0.03171940536676998
51	9	2	-0.01908338292777656
51	9	3	-0.04008767738744845
51	9	4	-0.05229768959746073
52	0	0	-0.04477895180102076
52	0	1	-0.062018993689086366
52	0	2	-0.05424933571386659
52	0	3	-0.039389164103122765
52	0	4	-0.04111030083570111
52	1	0	-0.029379823914982617
52	1	1	-0.024479031033737608
52	1	2	-0.07068395626748025
52	1	3	-0.05064500716674625
52	1	4	-0.044482722972425615
52	2	0	-0.04527484887605915
52	2	1	-0.011268499177198743
52	2	2	-0.04833432522219727
52	2	3	-0.06491703059208798
52	2	4	-0.043314808761033
52	3	0	-0.04474709249173048
52	3	1	-0.025451432560768206
52	3	2	-0.049084528489562795
52	3	3	-0.05152653093156534
52	3	4	-0.04344333520534893
52	4	0	-0.054653952493614266
52	4	1	-0.05089870955945519
52	4	2	-0.04966289748898445
52	4	3	-0.04374509294417772
52	4	4	-0.006500364623934329
52	5	0	-0.04459195150736073
52	5	1	-0.056794066965497714
52	5	2	-0.024593255714537077
52	5	3	-0.037028189202102046
52	5	4	-0.016538000519694007
52	6	0	-0.04979333004582187
52	6	1	-0.01385741435386556
52	6	2	-0.06284244613764067
52	6	3	-0.0421524826559152
52	6	4	-0.050269207019779216
52	7	0	-0.03839046769466037
52	7	1	-0.013393376588117345
52	7	2	-0.0540691192865107
52	7	3	-0.065653263593767
52	7	4	-0.04574703201705499
52	8	0	-0.04122456103412542
52	8	1	-0.07018467317889432
52	8	2	-0.0235259274160875
52	8	3	-0.05896430038306466
52	8	4	-0.06736043006065895
52	9	0	-0.04638992470121506
52	9	1	-0.028201029471246253
52	9	2	-0.06300310419303556
52	9	3	-0.04997862549349952
52	9	4	-0.0452846162228312
53	0	0	-0.019881594184429696
53	0	1	-0.04964927056033597
53	0	2	-0.03254513094330036
53	0	3	-0.02970776998236946
53	0	4	-0.052959880191001396
53	1	0	-0.056030828729893956
53	1	1	-0.03658833893872482
53	1	2	-0.07620779931992738
53	1	3	-0.041759918190124035
53	1	4	-0.031227734889062164
53	2	0	-0.025599647608335663
53	2	1	-0.04339653481529915
53	2	2	-0.05590062111801253
53	2	3	-0.022911235725881163
53	2	4	-0.02719312215879721
53	3	0	-0.038990253821731935
53	3	1	-0.048257157263091544
53	3	2	-0.034385014934213975
53	3	3	-0.05007082924703066
53	3	4	-0.04582107442519334
53	4	0	-0.056374355195283665
53	4	1	-0.05869177364930389
53	4	2	-0.03998988552764293
53	4	3	-0.0602439767199493
53	4	4	-0.05753933328304017
53	5	0	-0.048265468387253985
53	5	1	-0.04213878469201737
53	5	2	-0.04984031986320314
53	5	3	-0.03151831641534164
53	5	4	-0.04049141806578871
53	6	0	-0.050538560845740044
53	6	1	-0.03912877255777636
53	6	2	-0.0556505533622238
53	6	3	-0.048053522881898236
53	6	4	-0.05163270495078276
53	7	0	-0.02337226633274403
53	7	1	-0.06247887589275325
53	7	2	-0.0425492382014121
53	7	3	-0.05551364475849585
53	7	4	-0.04362913973897953
53	8	0	-0.07083986680038357
53	8	1	-0.04107080523711648
53	8	2	-0.0362221048719904
53	8	3	-0.034016199920090084
53	8	4	-0.036704079038175075
53	9	0	-0.04168028767571097
53	9	1	-0.05281580886630732
53	9	2	-0.040066721988918697
53	9	3	-0.06228084145704271
53	9	4	-0.05055140638664668
54	0	0	-0.03174433873925797
54	0	1	-0.02928701636183295
54	0	2	-0.05649016632998327
54	0	3	-0.043161135838481246
54	0	4	-0.04473418775478277
54	1	0	-0.040286789191105954
54	1	1	-0.04939578127337496
54	1	2	-0.061052855103198245
54	1	3	-0.019999832356811575
54	1	4	-0.057081108568522776
54	2	0	-0.034243216737495974
54	2	1	-0.03711886569777445
54	2	2	-0.04244446120876344
54	2	3	-0.04471043830311572
54	2	4	-0.02775752089253236
54	3	0	-0.037449925476920165
54	3	1	-0.03789595580698246
54	3	2	-0.04213571833709129
54	3	3	-0.05468101692357996
54	3	4	-0.048866592344853244
54	4	0	-0.0412619610928574
54	4	1	-0.060744621317479486
54	4	2	-0.030291727088065712
54	4	3	-0.040160322769018486
54	4	4	-0.032744905742617236
54	5	0	-0.03137449371401968
54	5	1	-0.031226278666452445
54	5	2	-0.019516461164058252
54	5	3	-0.010870263730675567
54	5	4	-0.05012531328320802
54	6	0	-0.017936791130368168
54	6	1	-0.026116322493780597
54	6	2	-0.07660036378571844
54	6	3	-0.046094891632648904
54	6	4	-0.05994780708739522
54	7	0	-0.04786514924008611
54	7	1	-0.03535413700057066
54	7	2	-0.05020214974448389
54	7	3	-0.034697948885591856
54	7	4	-0.0608824178618228
54	8	0	-0.050197804755071185
54	8	1	-0.06593768873177797
54	8	2	-0.0689209087378424
54	8	3	-0.026134176019759536
54	8	4	-0.032934901355953894
54	9	0	-0.03294529618076136
54	9	1	-0.04515295238834016
54	9	2	-0.025193977139057244
54	9	3	-0.05422279220906212
54	9	4	-0.058939153904828956
55	0	0	-0.05007313789263157
55	0	1	-0.01708905646577752
55	0	2	-0.04466573345291869
55	0	3	-0.04567019555577889
55	0	4	-0.017156883289606184
55	1	0	-0.046043627861104386
55	1	1	-0.06067397676209685
55	1	2	-0.03785383190417502
55	1	3	-0.03559623696923453
55	1	4	-0.04476492233929308
55	2	0	-0.04215540694034281
55	2	1	-0.028264748089826708
55	2	2	-0.05080985630184731
55	2	3	-0.04935974272358723
55	2	4	-0.046145184589120536
55	3	0	-0.04537042680392955
55	3	1	-0.04433430665831872
55	3	2	-0.03827154284820189
55	3	3	-0.04692472541442805
55	3	4	-0.04625135860833807
55	4	0	-0.053407283869216116
55	4	1	-0.05224511167380508
55	4	2	-0.04620665375814115
55	4	3	-0.03214139026495999
55	4	4	-0.03687731033268782
55	5	0	-0.03466569888243076
55	5	1	-0.04843584643258847
55	5	2	-0.07016146833080461
55	5	3	-0.0014291581797301056
55	5	4	-0.03812764911163091
55	6	0	-0.04205013270094904
55	6	1	-0.03726985112006265
55	6	2	-0.04121368080178156
55	6	3	-0.04303540344730261
55	6	4	-0.03320592451027238
55	7	0	-0.02810960710545707
55	7	1	-0.03950415833245613
55	7	2	-0.03548587187031127
55	7	3	-0.051775201660785086
55	7	4	-0.04447294378644495
55	8	0	-0.027444717172444788
55	8	1	-0.02334317739817493
55	8	2	-0.03844617116928317
55	8	3	-0.0656644398063162
55	8	4	-0.02141222621771821
55	9	0	-0.051445858566829816
55	9	1	-0.010999772829273002
55	9	2	-0.04295856698602685
55	9	3	-0.03672643146327348
55	9	4	-0.01928595178023096
56	0	0	-0.047624126639369324
56	0	1	-0.020150320532355104
56	0	2	-0.029005065618337933
56	0	3	-0.05283973590609736
56	0	4	-0.039601512141557715
56	1	0	-0.057645957192169806
56	1	1	-0.015358957452584976
56	1	2	-0.03646798154807307
56	1	3	-0.040415978631081484
56	1	4	-0.04528461622283131
56	2	0	-0.036501072135017076
56	2	1	-0.03965652894210481
56	2	2	-0.013880855986119212
56	2	3	-0.043863840202513105
56	2	4	-0.037262889665635734
56	3	0	-0.051891888896892224
56	3	1	-0.054676115491381405
56	3	2	-0.03373120650008521
56	3	3	-0.055167182169470586
56	3	4	-0.03630173538640358
56	4	0	-0.029269008926147366
56	4	1	-0.03352014893534505
56	4	2	-0.031180235985728055
56	4	3	-0.05560026040575239
56	4	4	-0.012686398269922017
56	5	0	-0.043234467894127215
56	5	1	-0.05550861309500721
56	5	2	-0.05571062550467576
56	5	3	-0.029850266692371785
56	5	4	-0.07181554778808785
56	6	0	-0.049596633440639026
56	6	1	-0.04220665887267916
56	6	2	-0.03244873611006338
56	6	3	-0.03038113678845944
56	6	4	-0.017187617874116823
56	7	0	-0.04723627417844534
56	7	1	-0.07023592511123056
56	7	2	-0.03387649726322495
56	7	3	-0.03384017457243982
56	7	4	-0.03935703249204392
56	8	0	-0.06358148503166539
56	8	1	-0.01073243166870752
56	8	2	-0.05533622238427738
56	8	3	-0.056092013757917614
56	8	4	-0.033664149224789996
56	9	0	-0.031277530598788794
56	9	1	-0.03958726957408265
56	9	2	-0.05701265426665891
56	9	3	-0.02935292523393207
56	9	4	-0.01423709776112514
57	0	0	-0.025585795734731187
57	0	1	-0.05170488860323241
57	0	2	-0.044906022022726866
57	0	3	-0.04571210635283851
57	0	4	-0.06572311492219951
57	1	0	-0.018339880652257
57	1	1	-0.0430793269097578
57	1	2	-0.028865362961472685
57	1	3	-0.04813594744944849
57	1	4	-0.02815986454430397
57	2	0	-0.05522326449875625
57	2	1	-0.0170613527185689
57	2	2	-0.04022039491147045
57	2	3	-0.02951078923618977
57	2	4	-0.03642746777758221
57	3	0	-0.04528177481286122
57	3	1	-0.029086164194568997
57	3	2	-0.04848380706504263
57	3	3	-0.03346297739890425
57	3	4	-0.046866050298544515
57	4	0	-0.031837146292407525
57	4	1	-0.06924690133587486
57	4	2	-0.06709499501261518
57	4	3	-0.03844477414271463
57	4	4	-0.04442684190967938
57	5	0	-0.03645813132684317
57	5	1	-0.032470176916129745
57	5	2	-0.05355082242954079
57	5	3	-0.023298212085397396
57	5	4	-0.031078253046216475
57	6	0	-0.015590283741778843
57	6	1	0.0006925936802211208
57	6	2	-0.03177816335711081
57	6	3	-0.07376719390449371
57	6	4	-0.030962299841018392
57	7	0	-0.02769128052260339
57	7	1	-0.03725461405909769
57	7	2	-0.054186469518277436
57	7	3	-0.0641556511121728
57	7	4	-0.035568296437861635
57	8	0	-0.06843241116793464
57	8	1	-0.01753924235792148
57	8	2	-0.06948251341844025
57	8	3	-0.044943741740080534
57	8	4	-0.043616566499861675
57	9	0	-0.02048138031150104
57	9	1	-0.055101368011037266
57	9	2	-0.04189123868757727
57	9	3	-0.03055157402983477
57	9	4	-0.03342386065498182
58	0	0	-0.030666662972833825
58	0	1	-0.04382317252231527
58	0	2	-0.020150711226226026
58	0	3	-0.050780518743905434
58	0	4	-0.03233417993143384
58	1	0	-0.03232750261800399
58	1	1	-0.0397825809919049
58	1	2	-0.061569754933599286
58	1	3	-0.05125969885695281
58	1	4	-0.021582663459093765
58	2	0	-0.047311074295909195
58	2	1	-0.029425535097877487
58	2	2	-0.027404073170663623
58	2	3	-0.04616055188137591
58	2	4	-0.07204885122505267
58	3	0	-0.0405195006676603
58	3	1	-0.013231309666945745
58	3	2	-0.03889461669782024
58	3	3	-0.0756196511345254
58	3	4	-0.03888064643213385
58	4	0	-0.03537491481097732
58	4	1	-0.03720197693940097
58	4	2	-0.06456637692335643
58	4	3	-0.0355780756238423
58	4	4	-0.050372586985859114
58	5	0	-0.05295294241499093
58	5	1	-0.04078407145350471
58	5	2	-0.05272937080717399
58	5	3	-0.030425841638656248
58	5	4	-0.04488925770390306
58	6	0	-0.029868795053218822
58	6	1	-0.05004681933278299
58	6	2	-0.06132248123094808
58	6	3	-0.04658385093167694
58	6	4	-0.05004009466252035
58	7	0	-0.04452407732669916
58	7	1	-0.06839085554712132
58	7	2	-0.04916555603054462
58	7	3	-0.03606424086973281
58	7	4	-0.02532250358337307
58	8	0	-0.04311395659376893
58	8	1	-0.02641552296363614
58	8	2	-0.03837911389398818
58	8	3	-0.06504416000983504
58	8	4	-0.03245432421633787
58	9	0	-0.0376577035809863
58	9	1	-0.04329957170006826
58	9	2	-0.029368292526187223
58	9	3	-0.04587974954107654
58	9	4	-0.038970056132527464
59	0	0	-0.042532177902383284
59	0	1	-0.018191665604689544
59	0	2	-0.04610187676549227
59	0	3	-0.02615932249799513
59	0	4	-0.03269461278614583
59	1	0	-0.04128966484006613
59	1	1	-0.036768413295582336
59	1	2	-0.04203932350385431
59	1	3	-0.06065330550456394
59	1	4	-0.048718507528576205
59	2	0	-0.03203245771023
59	2	1	-0.024890431679789105
59	2	2	-0.028664191135587047
59	2	3	-0.051195435634795006
59	2	4	-0.03148478777769392
59	3	0	-0.023595281497775455
59	3	1	-0.04108742748544181
59	3	2	-0.03408884530165979
59	3	3	-0.02775193278625776
59	3	4	-0.030294521141203012
59	4	0	-0.04012333708257376
59	4	1	-0.04931128484438818
59	4	2	-0.04388200154790545
59	4	3	-0.024686856494636866
59	4	4	-0.027944722452731496
59	5	0	-0.036264205096381286
59	5	1	-0.0388531202730481
59	5	2	-0.01842119233423567
59	5	3	-0.024209073408158033
59	5	4	-0.05235217363363809
59	6	0	-0.05630094026518018
59	6	1	-0.022908228566996147
59	6	2	-0.03879403078487742
59	6	3	-0.037941844577999984
59	6	4	-0.0487017432097524
59	7	0	-0.031669538621794
59	7	1	-0.06539885084856589
59	7	2	-0.05585451924124707
59	7	3	-0.031386995917888294
59	7	4	-0.048826078574362275
59	8	0	-0.05433951496279399
59	8	1	-0.04614613172577742
59	8	2	-0.04435279950154092
59	8	3	-0.05848092919031134
59	8	4	-0.037424944747599276
59	9	0	-0.03676010217141967
59	9	1	-0.06451233093788267
59	9	2	-0.03745987041181542
59	9	3	-0.06716764039418499
59	9	4	-0.04895879609838405
60	0	0	-0.06214920130096813
60	0	1	-0.05386578088552252
60	0	2	-0.047538020078065846
60	0	3	-0.0603669150579903
60	0	4	-0.039595924035283114
60	1	0	-0.05162039217424541
60	1	1	-0.061723948781312155
60	1	2	-0.0650958499928751
60	1	3	-0.03904968664694053
60	1	4	-0.04150985043433564
60	2	0	-0.03932685435031957
60	2	1	-0.0360051750599788
60	2	2	-0.06499526407993228
60	2	3	-0.025048686375917617
60	2	4	-0.06428417755648874
60	3	0	-0.051570525429269654
60	3	1	-0.04059984153456597
60	3	2	-0.040674428546282115
60	3	3	-0.011043495025188421
60	3	4	-0.04713427939972559
60	4	0	-0.04083809376056202
60	4	1	-0.044551781073908114
60	4	2	-0.049844510942909204
60	4	3	-0.0321162437867244
60	4	4	-0.010409244963020536
60	5	0	-0.03841955662922947
60	5	1	-0.04443819571035179
60	5	2	-0.03918659525066848
60	5	3	-0.03257167444810449
60	5	4	-0.058214097115699026
60	6	0	-0.025585795734730965
60	6	1	-0.03362680836209919
60	6	2	-0.022205737308712226
60	6	3	-0.03860124111840357
60	6	4	-0.024826559151502003
60	7	0	-0.03539569262138387
60	7	1	-0.06515505787312792
60	7	2	-0.028070454843910353
60	7	3	-0.04233968421611434
60	7	4	-0.05014766570830642
60	8	0	-0.05240579340761631
60	8	1	-0.051174361844183225
60	8	2	-0.06751550000977913
60	8	3	-0.03850065520546064
60	8	4	-0.041498674221786325
60	9	0	-0.014331148431136698
60	9	1	-0.0622406236667572
60	9	2	-0.042732248681905394
60	9	3	-0.06560855874356997
60	9	4	-0.04685487408599531
61	0	0	-0.045900953562979074
61	0	1	-0.009764185703758144
61	0	2	-0.04168168470227962
61	0	3	-0.039397546262534666
61	0	4	-0.04828822334543148
61	1	0	-0.06333630686886704
61	1	1	-0.0469301477717875
61	1	2	-0.06876444176215335
61	1	3	-0.05369611319268064
61	1	4	-0.04565063718381801
61	2	0	-0.03132324178168344
61	2	1	-0.046992481203007586
61	2	2	-0.05955803667474169
61	2	3	-0.01273529419982522
61	2	4	-0.044893448783609013
61	3	0	-0.04692183664762506
61	3	1	-0.03785994093561107
61	3	2	-0.03225035833731482
61	3	3	-0.04452183971634782
61	3	4	-0.03909299447056891
61	4	0	-0.04120655359843972
61	4	1	-0.04780420099622695
61	4	2	-0.06086425651643046
61	4	3	-0.013709021718175118
61	4	4	-0.07226119926348751
61	5	0	-0.0540777145516701
61	5	1	-0.04056244147583399
61	5	2	-0.03654062692964288
61	5	3	-0.039079024204882185
61	5	4	-0.05230188067716668
61	6	0	-0.04259035577152159
61	6	1	-0.039095528061125595
61	6	2	-0.044225670083793744
61	6	3	-0.022666756076366923
61	6	4	-0.03538808001050564
61	7	0	-0.019380156359949274
61	7	1	-0.01719156033045044
61	7	2	-0.044180965233596825
61	7	3	-0.03328695205125398
61	7	4	-0.03110898763072667
61	8	0	-0.026109396556978304
61	8	1	-0.03501753647198336
61	8	2	-0.031645445833088925
61	8	3	-0.05654744441929793
61	8	4	-0.058835773938748726
61	9	0	-0.03436372803785437
61	9	1	-0.004675007341493065
61	9	2	-0.056465019851747456
61	9	3	-0.048162490954252846
61	9	4	-0.045424318879696335
62	0	0	-0.024643868329630392
62	0	1	-0.056217829023553656
62	0	2	-0.04040759647166969
62	0	3	-0.04095942196628688
62	0	4	-0.03168595960357967
62	1	0	-0.044317684409993285
62	1	1	-0.042832763559598974
62	1	2	-0.05614370374095767
62	1	3	-0.048524320835533596
62	1	4	-0.04873527184740001
62	2	0	-0.04693984408331087
62	2	1	-0.010639624115557855
62	2	2	-0.054500800496223856
62	2	3	-0.05455388750583279
62	2	4	-0.04091192306295277
62	3	0	-0.0330644222937595
62	3	1	-0.011998492916151848
62	3	2	-0.05174446707627478
62	3	3	-0.04348524600240866
62	3	4	-0.06132806933722268
62	4	0	-0.06104243659997444
62	4	1	-0.037050991517112664
62	4	2	-0.030199523334534906
62	4	3	-0.008646197433382796
62	4	4	-0.05660053142890653
62	5	0	-0.05696444501083209
62	5	1	-0.053959973626032665
62	5	2	-0.054092868738177535
62	5	3	-0.04040899349823823
62	5	4	-0.014411726082206533
62	6	0	-0.04223436261988789
62	6	1	-0.050382034674010034
62	6	2	-0.025701097783477733
62	6	3	-0.05663964817282885
62	6	4	-0.060126626488182566
62	7	0	-0.06399427086507714
62	7	1	-0.04246845928380272
62	7	2	-0.03978312559548258
62	7	3	-0.045374025923224925
62	7	4	-0.012654266658843283
62	8	0	-0.04283691912168042
62	8	1	-0.04390212820186079
62	8	2	-0.05499534790152638
62	8	3	-0.03116486869347279
62	8	4	-0.04249335713866598
62	9	0	-0.02795585130844802
62	9	1	-0.03115701929843051
62	9	2	-0.06148872739261768
62	9	3	-0.04693869568011433
62	9	4	-0.05956502180758472
63	0	0	-0.05110371728880059
63	0	1	-0.04392290601226723
63	0	2	-0.03968952481538279
63	0	3	-0.025265225494058186
63	0	4	-0.04250173929807799
63	1	0	-0.03241615460907221
63	1	1	-0.04625971708933352
63	1	2	-0.026448506997706067
63	1	3	-0.02516883066082143
63	1	4	-0.04535726160440123
63	2	0	-0.04074528620741247
63	2	1	-0.015296624021365224
63	2	2	-0.05958597720611469
63	2	3	-0.046752891146483955
63	2	4	-0.058930771745417165
63	3	0	-0.018265080534793143
63	3	1	-0.053454380239471244
63	3	2	-0.07262442617133691
63	3	3	-0.05437367107847668
63	3	4	-0.015307220112712128
63	4	0	-0.04059707115984501
63	4	1	-0.04667942885954768
63	4	2	-0.0660109023953418
63	4	3	-0.051970785380396456
63	4	4	-0.03741935664132445
63	5	0	-0.0412010128489978
63	5	1	-0.037080080451681874
63	5	2	-0.059605535578075464
63	5	3	-0.04055428426137797
63	5	4	-0.0043810753192905505
63	6	0	-0.027018079465428335
63	6	1	-0.018525495758556443
63	6	2	-0.034228547958525035
63	6	3	-0.048665420518967384
63	6	4	-0.035714984227570246
63	7	0	-0.05678575584133516
63	7	1	-0.057270571417489924
63	7	2	-0.031705517975541
63	7	3	-0.04231174368474133
63	7	4	-0.03834279120320305
63	8	0	-0.03573367833733199
63	8	1	-0.05950764900460448
63	8	2	-0.03611593085277298
63	8	3	-0.007629162091404629
63	8	4	-0.019565357093961233
63	9	0	-0.030463040430848687
63	9	1	-0.0512366952754032
63	9	2	-0.040821116335990504
63	9	3	-0.06211319826880468
63	9	4	-0.035524988614233366
64	0	0	-0.042138784692017595
64	0	1	-0.018302480593525128
64	0	2	-0.0535536164826782
64	0	3	-0.023963196732075365
64	0	4	-0.04477609855184217
64	1	0	-0.06105905884829965
64	1	1	-0.04191853990170713
64	1	2	-0.04184932789051776
64	1	3	-0.030304300327183453
64	1	4	-0.04125838565197837
64	2	0	-0.02204525684144043
64	2	1	-0.02389863752971233
64	2	2	-0.0573702930682336
64	2	3	-0.053933607709351516
64	2	4	-0.04023855625686301
64	3	0	-0.05689795601753089
64	3	1	-0.021254314858627943
64	3	2	-0.051358887743327086
64	3	3	-0.03378429350969403
64	3	4	-0.02744458694115448
64	4	0	-0.026396130340589852
64	4	1	-0.07370166388705746
64	4	2	-0.04723765936580582
64	4	3	-0.07542406741491414
64	4	4	-0.05509174273476336
64	5	0	-0.0512824064582974
64	5	1	-0.04189776209130036
64	5	2	-0.030896639592291608
64	5	3	-0.03554454698619447
64	5	4	-0.03799912266731498
64	6	0	-0.052608030762240854
64	6	1	-0.042863237681529
64	6	2	-0.05017979731938538
64	6	3	-0.04575681120303532
64	6	4	-0.04111868299511312
64	7	0	-0.03897778713548794
64	7	1	-0.05410403311151868
64	7	2	-0.05802829258206832
64	7	3	-0.05596628136673887
64	7	4	-0.030477531621696308
64	8	0	-0.03669499836547885
64	8	1	-0.030803796521517657
64	8	2	-0.02840993230009259
64	8	3	-0.060783228975448744
64	8	4	-0.04079177877804874
64	9	0	-0.05257063070350887
64	9	1	-0.03825748970805798
64	9	2	-0.06317912954068561
64	9	3	-0.033147249394388845
64	9	4	-0.039023143142136174
65	0	0	-0.046826258719754654
65	0	1	-0.060032635014211966
65	0	2	-0.05717191529548504
65	0	3	-0.08622308279058843
65	0	4	-0.059299586759540945
65	1	0	-0.01947296391309883
65	1	1	-0.008125509056354896
65	1	2	-0.049859878235164246
65	1	3	-0.029837693453253933
65	1	4	-0.04249615119180339
65	2	0	-0.043363290318648606
65	2	1	-0.02061020273602221
65	2	2	-0.03590637686747533
65	2	3	-0.04011422089225303
65	2	4	-0.05632392016831378
65	3	0	-0.02509128384705328
65	3	1	-0.03526132944742122
65	3	2	-0.038053606703492227
65	3	3	-0.03466162619480706
65	3	4	-0.031043327382000108
65	4	0	-0.059737590106437755
65	4	1	-0.04631096902166998
65	4	2	-0.050417291836056255
65	4	3	-0.028280008829207892
65	4	4	-0.0437450929441775
65	5	0	-0.051869725899124974
65	5	1	-0.045139100514735575
65	5	2	-0.04410971687859544
65	5	3	-0.032839903549285676
65	5	4	-0.04328547120309134
65	6	0	-0.04129105002742661
65	6	1	-0.026437685961403168
65	6	2	-0.048355280620726915
65	6	3	-0.04357465570280217
65	6	4	-0.06727381441340263
65	7	0	-0.03478343980806842
65	7	1	-0.03407976462896367
65	7	2	-0.047528240892085294
65	7	3	-0.047377362022670844
65	7	4	-0.016342416800082527
65	8	0	-0.060212709371069595
65	8	1	-0.04238950360425753
65	8	2	-0.032067347856821526
65	8	3	-0.035103086590500765
65	8	4	-0.05133653531822868
65	9	0	-0.04030618181415202
65	9	1	-0.026480626769576965
65	9	2	-0.07941816637468802
65	9	3	-0.041406470468255296
65	9	4	-0.038469920620950226
66	0	0	-0.03910522437264874
66	0	1	-0.03381934940520048
66	0	2	-0.05349773541993219
66	0	3	-0.05052067180213626
66	0	4	-0.043675241615744875
66	1	0	-0.05722486023459539
66	1	1	-0.04064693790482099
66	1	2	-0.03719164131063435
66	1	3	-0.05170115925264651
66	1	4	-0.047237659365805706
66	2	0	-0.05397382549963714
66	2	1	-0.03610490854993054
66	2	2	-0.060938298924569034
66	2	3	-0.03291394595742436
66	2	4	-0.03311651480987865
66	3	0	-0.05729134922789669
66	3	1	-0.04588848687673497
66	3	2	-0.03415590257695511
66	3	3	-0.04477051044556779
66	3	4	-0.04131147266158708
66	4	0	-0.025473595558535234
66	4	1	-0.03367251954499373
66	4	2	-0.07056241495600768
66	4	3	-0.03834139417663451
66	4	4	-0.04168866983512276
66	5	0	-0.07222089859874425
66	5	1	-0.025555321612801385
66	5	2	-0.03238307586133671
66	5	3	-0.03977753748920787
66	5	4	-0.03227969589525648
66	6	0	-0.03891683889162845
66	6	1	-0.04053889329070659
66	6	2	-0.04493535958066863
66	6	3	-0.051613146578821656
66	6	4	-0.02806486673763564
66	7	0	-0.03518791451731762
66	7	1	-0.0422163551842023
66	7	2	-0.037902727834078
66	7	3	-0.04457213267281901
66	7	4	-0.06327412734735394
66	8	0	-0.0381051190984093
66	8	1	-0.054883893595447875
66	8	2	-0.06381058554971597
66	8	3	-0.0259916793097571
66	8	4	-0.05436808297220197
66	9	0	-0.06003679057629341
66	9	1	-0.03870629041284135
66	9	2	-0.05649854848939517
66	9	3	-0.0456478431306806
66	9	4	-0.0536863340067002
67	0	0	-0.04846632055451827
67	0	1	-0.030004543414542173
67	0	2	-0.03637298374140474
67	0	3	-0.014633853306622036
67	0	4	-0.0699756637971739
67	1	0	-0.03231919149384144
67	1	1	-0.04674730304020902
67	1	2	-0.06216488825184463
67	1	3	-0.03512963009530501
67	1	4	-0.03787199324956758
67	2	0	-0.0421803403128308
67	2	1	-0.03783639275048356
67	2	2	-0.06774181831390069
67	2	3	-0.05438065621131993
67	2	4	-0.03957636566332212
67	3	0	-0.03052952942414988
67	3	1	-0.013599769504823334
67	3	2	-0.0329740180998761
67	3	3	-0.051696968172940894
67	3	4	-0.019976082905144632
67	4	0	-0.04398800981820805
67	4	1	-0.03793058549099371
67	4	2	-0.03144846508690902
67	4	3	-0.021683249372036695
67	4	4	-0.03388767347577404
67	5	0	-0.036344545963286956
67	5	1	-0.0466406436134551
67	5	2	-0.05830909492236713
67	5	3	-0.04561431449303288
67	5	4	-0.051611749552253006
67	6	0	-0.02801264399022585
67	6	1	-0.06426715277508444
67	6	2	-0.04509182655635746
67	6	3	-0.029447923040600288
67	6	4	-0.028352654210777817
67	7	0	-0.04075913808101694
67	7	1	-0.03574753021093635
67	7	2	-0.029160135567458223
67	7	3	-0.037167891858967295
67	7	4	-0.037169288885536056
67	8	0	-0.062492727766357725
67	8	1	-0.06261323906671634
67	8	2	-0.06601229942191034
67	8	3	-0.01773804634216536
67	8	4	-0.03615644462326384
67	9	0	-0.043071015785595135
67	9	1	-0.05076296119813173
67	9	2	-0.04065347314775225
67	9	3	-0.045323732966753516
67	9	4	-0.04513932545969146
68	0	0	-0.03110438217873368
68	0	1	-0.05223403017492134
68	0	2	-0.05079588603616059
68	0	3	-0.038201691519769154
68	0	4	-0.04707839833697958
68	1	0	-0.032421695358514135
68	1	1	-0.04557820490799591
68	1	2	-0.07406196651047903
68	1	3	-0.05054442125380343
68	1	4	-0.03260240903261491
68	2	0	-0.02972750594245388
68	2	1	-0.04019398163795651
68	2	2	-0.06792901987410005
68	2	3	-0.05060309636968685
68	2	4	-0.03399943560126628
68	3	0	-0.02845451875820726
68	3	1	-0.028227348031094834
68	3	2	-0.03692760328915934
68	3	3	-0.04177807953551682
68	3	4	-0.03731038856896973
68	4	0	-0.0489165064466619
68	4	1	-0.057744305494761394
68	4	2	-0.04575960525617273
68	4	3	-0.05726272202244742
68	4	4	-0.02689415847310561
68	5	0	-0.025263047079747913
68	5	1	-0.03749009591037289
68	5	2	-0.015914926670075324
68	5	3	-0.014530473340541916
68	5	4	-0.05009737275183501
68	6	0	-0.01801713199727384
68	6	1	-0.04808262365567573
68	6	2	-0.03578762960913995
68	6	3	-0.026223585720153153
68	6	4	-0.03796419700309872
68	7	0	-0.05235315628791937
68	7	1	-0.05734260116023293
68	7	2	-0.018118037568838563
68	7	3	-0.05195122700843524
68	7	4	-0.04105302274638656
68	8	0	-0.03898055751020901
68	8	1	-0.03226101362470302
68	8	2	-0.036903853837492284
68	8	3	-0.07560009276256419
68	8	4	-0.03378429350969392
68	9	0	-0.05320781688931242
68	9	1	-0.045715338456679744
68	9	2	-0.057118828285876444
68	9	3	-0.03014084821865126
68	9	4	-0.031959776811035456
69	0	0	-0.03544278899163911
69	0	1	0.004517095982402686
69	0	2	-0.03846852359438169
69	0	3	-0.03238726694104255
69	0	4	-0.036025124125810604
69	1	0	-0.028953186207966386
69	1	1	-0.04453654401294316
69	1	2	-0.011455617862940581
69	1	3	-0.07035984610355306
69	1	4	-0.06282288776567957
69	2	0	-0.03770064438916021
69	2	1	-0.054090181237914425
69	2	2	-0.06562951414209994
69	2	3	-0.04129889942246945
69	2	4	-0.043342749292406
69	3	0	-0.04481358148503167
69	3	1	-0.045137715327375205
69	3	2	-0.051867405414316115
69	3	3	-0.037832876505645485
69	3	4	-0.02692489305761614
69	4	0	-0.024742216632221647
69	4	1	-0.04936946271352671
69	4	2	-0.0490929106489747
69	4	3	-0.039224314968022034
69	4	4	-0.051157715917441116
69	5	0	-0.05882059607382484
69	5	1	-0.04441049196314295
69	5	2	-0.02146391620075827
69	5	3	-0.04339863035515201
69	5	4	-0.0631539830624499
69	6	0	-0.03763415539585879
69	6	1	-0.04294080817371371
69	6	2	-0.05565334741536121
69	6	3	-0.041241621333154455
69	6	4	-0.04589371980676338
69	7	0	-0.049801641169984645
69	7	1	-0.04615305766257949
69	7	2	-0.02935013118079488
69	7	3	-0.05013509246918857
69	7	4	-0.04132125184756763
69	8	0	-0.03499952903629744
69	8	1	-0.03775743707093837
69	8	2	-0.04529160135567467
69	8	3	-0.05096492625096738
69	8	4	-0.038204485572906566
69	9	0	-0.017348086502180116
69	9	1	-0.05221463755187539
69	9	2	-0.04235784556150679
69	9	3	-0.04548858210185425
69	9	4	-0.06612266452083371
70	0	0	-0.018449310453732215
70	0	1	-0.023801674414481222
70	0	2	-0.02325769831490654
70	0	3	-0.04792499643758219
70	0	4	-0.058986652808163065
70	1	0	-0.031363412215136055
70	1	1	-0.06577977737268736
70	1	2	-0.053676554820719535
70	1	3	-0.042181820213856636
70	1	4	-0.06392933280805135
70	2	0	-0.040892116067619444
70	2	1	-0.031024041311827788
70	2	2	-0.03353701980704271
70	2	3	-0.0411424324467804
70	2	4	0.003848808196634357
70	3	0	-0.04224267374405066
70	3	1	-0.04761165995312544
70	3	2	-0.04974392502996616
70	3	3	-0.03178375146338552
70	3	4	-0.04338745414260281
70	4	0	-0.05542965741546191
70	4	1	-0.039626054820175116
70	4	2	-0.03240403125986646
70	4	3	-0.031691547709854495
70	4	4	-0.04922423114642782
70	5	0	-0.028454518758207037
70	5	1	-0.06704168305805036
70	5	2	-0.049756498269084015
70	5	3	-0.043569067596527566
70	5	4	-0.02053349650603653
70	6	0	-0.042116621694250234
70	6	1	-0.07073043699890857
70	6	2	-0.01948432955297963
70	6	3	-0.04103206734785669
70	6	4	-0.028601324939997674
70	7	0	-0.05612640665776447
70	7	1	-0.04914229198641418
70	7	2	-0.02464773975071466
70	7	3	-0.06154041737565752
70	7	4	-0.06576083463955318
70	8	0	-0.054755071170926484
70	8	1	-0.03335254126473153
70	8	2	-0.05343626625091158
70	8	3	-0.042429093916508176
70	8	4	-0.05734654361656655
70	9	0	-0.04183819903480157
70	9	1	-0.0179118577578804
70	9	2	-0.06666890190917663
70	9	3	-0.039914446092935596
70	9	4	-0.03682422332307911
71	0	0	-0.04124672403189278
71	0	1	-0.025427884375640586
71	0	2	-0.04440588651114963
71	0	3	-0.0214764894398759
71	0	4	-0.03601115386012399
71	1	0	-0.0394750693978867
71	1	1	-0.04840398712329819
71	1	2	-0.02785391572576912
71	1	3	-0.030108716607572306
71	1	4	-0.031694341762991685
71	2	0	-0.03010150652977328
71	2	1	-0.04186174721992908
71	2	2	-0.054989759795252
71	2	3	-0.057839693995300645
71	2	4	-0.035608810208352604
71	3	0	-0.025761714529507374
71	3	1	-0.040627545281774924
71	3	2	-0.027578701491744906
71	3	3	-0.051453885549995526
71	3	4	-0.048562040552887153
71	4	0	-0.05476753785717048
71	4	1	-0.02720923532116959
71	4	2	-0.052646946239623627
71	4	3	-0.028090013215871346
71	4	4	-0.048162490954252846
71	5	0	-0.05393088469146323
71	5	1	-0.0570129265684477
71	5	2	-0.023981358077467818
71	5	3	-0.011786713159710804
71	5	4	-0.016990637127937025
71	6	0	-0.04451576620253639
71	6	1	-0.046963392268438264
71	6	2	-0.04513653140655427
71	6	3	-0.06018809565720318
71	6	4	-0.025773743165047436
71	7	0	-0.01905325214288489
71	7	1	-0.04396723200780139
71	7	2	-0.05429823164376946
71	7	3	-0.054049560914549266
71	7	4	-0.03641489453846436
71	8	0	-0.039285298729506146
71	8	1	-0.0025653669915394195
71	8	2	-0.05101661623400766
71	8	3	-0.0402162038317645
71	8	4	-0.050677138777825315
71	9	0	-0.00468747402773706
71	9	1	-0.01695330810445428
71	9	2	-0.04177668250894795
71	9	3	-0.06262450999293101
71	9	4	-0.01567603512683613
72	0	0	-0.0609136141754536
72	0	1	-0.043820402147594306
72	0	2	-0.03657136151415319
72	0	3	-0.04974671908310335
72	0	4	-0.050791694956454525
72	1	0	-0.06424221940259633
72	1	1	-0.04282445243543642
72	1	2	-0.062240327686551966
72	1	3	-0.04476073125958702
72	1	4	-0.03972445047959927
72	2	0	-0.053405898681855746
72	2	1	-0.02315617710451523
72	2	2	-0.05167880682754833
72	2	3	-0.05778381293255441
72	2	4	-0.046184301333042854
72	3	0	-0.052584482577113456
72	3	1	-0.02818579241028152
72	3	2	-0.03656717043444724
72	3	3	-0.06311905739823376
72	3	4	-0.02800898567488952
72	4	0	-0.036291908843590126
72	4	1	-0.03521838863924742
72	4	2	-0.06000648220327853
72	4	3	-0.026268290570350072
72	4	4	-0.029531744634719304
72	5	0	-0.051473562314038435
72	5	1	-0.02106731456496802
72	5	2	-0.03790691891378384
72	5	3	-0.017117766545684088
72	5	4	-0.0381220610053562
72	6	0	-0.05249444539868453
72	6	1	-0.016120810500828364
72	6	2	-0.03018275901571099
72	6	3	-0.03463368566343383
72	6	4	-0.043205840688678276
72	7	0	-0.022111745834741514
72	7	1	-0.03704129520558963
72	7	2	-0.060115450275633364
72	7	3	-0.04448551702556269
72	7	4	-0.032478073668004925
72	8	0	-0.048180971958267094
72	8	1	-0.024326660424089153
72	8	2	-0.03456243730843278
72	8	3	-0.05070507930919832
72	8	4	-0.04344333520534893
72	9	0	-0.042458762972279684
72	9	1	-0.011055180323690683
72	9	2	-0.07610162530071007
72	9	3	-0.05797799962559669
72	9	4	-0.0329237251434048
73	0	0	-0.02689341260298872
73	0	1	-0.03917171336594971
73	0	2	-0.018233990774036424
73	0	3	-0.03515337954697206
73	0	4	-0.05126947804293336
73	1	0	-0.02792814756123907
73	1	1	-0.041796643413988144
73	1	2	-0.05859408834237212
73	1	3	-0.04157271662992479
73	1	4	-0.047123103187176385
73	2	0	-0.04974069292612526
73	2	1	-0.06680066045733357
73	2	2	-0.06031243102181316
73	2	3	-0.04125978267854713
73	2	4	-0.01613984794762835
73	3	0	-0.04848709836492493
73	3	1	-0.03804278566718944
73	3	2	-0.022717049032838332
73	3	3	-0.06358566427216317
73	3	4	-0.04070516313079231
73	4	0	-0.02819133315972311
73	4	1	-0.05672757797219663
73	4	2	-0.05070787336233562
73	4	3	-0.0378943456746661
73	4	4	-0.04276717434612165
73	5	0	-0.050334938303754795
73	5	1	-0.0586308254054444
73	5	2	-0.019882482125044953
73	5	3	-0.019375361480624576
73	5	4	-0.035716381254138785
73	6	0	-0.04013857414353861
73	6	1	-0.04392429119962782
73	6	2	-0.03455265812245223
73	6	3	-0.030157612537475176
73	6	4	-0.05563937714967482
73	7	0	-0.050862694688083465
73	7	1	-0.05887461838088215
73	7	2	-0.03864035786232589
73	7	3	-0.05080287116900373
73	7	4	-0.023073290807844593
73	8	0	-0.05436167796056102
73	8	1	-0.029634698389304215
73	8	2	-0.03553476780021414
73	8	3	-0.02552786648896488
73	8	4	-0.027330030762525048
73	9	0	-0.039383647032097624
73	9	1	-0.04037682636953488
73	9	2	-0.054810940394464436
73	9	3	-0.06045073665210943
73	9	4	-0.059240911643657634
74	0	0	-0.03277768851014806
74	0	1	-0.03298823698893505
74	0	2	-0.043550906251135
74	0	3	-0.03626261864248126
74	0	4	-0.04430669762477535
74	1	0	-0.020292994830480637
74	1	1	-0.052296363606141316
74	1	2	-0.05647619606429677
74	1	3	-0.03525256843334634
74	1	4	-0.050531848014685576
74	2	0	-0.03706899895279836
74	2	1	-0.031118234052338045
74	2	2	-0.06459012637502348
74	2	3	-0.05111440809381329
74	2	4	-0.025449633001120575
74	3	0	-0.05084745762711862
74	3	1	-0.03943074340235264
74	3	2	-0.056879936742636916
74	3	3	-0.05899224091443789
74	3	4	-0.040573842633339186
74	4	0	-0.04175231741845409
74	4	1	-0.043911824513383824
74	4	2	-0.03822963205114227
74	4	3	-0.04558916801479729
74	4	4	-0.036136886251302625
74	5	0	-0.04769200082003078
74	5	1	-0.05315656495697607
74	5	2	-0.058211303062561615
74	5	3	-0.040112823865684155
74	5	4	-0.03998848850107439
74	6	0	-0.05216754118162015
74	6	1	-0.03280677744471738
74	6	2	-0.039495338122340407
74	6	3	-0.05327281414237928
74	6	4	-0.03488235639265391
74	7	0	-0.031281686160870126
74	7	1	-0.05945362669754717
74	7	2	-0.02738870587840847
74	7	3	-0.06045632475838425
74	7	4	-0.06271811077303069
74	8	0	-0.016360447914184895
74	8	1	-0.048847247078639966
74	8	2	-0.049806791225555536
74	8	3	-0.03271417115810704
74	8	4	-0.06122748342427975
74	9	0	-0.05049562003756625
74	9	1	-0.051998548323646254
74	9	2	-0.061667546793405026
74	9	3	-0.04049840319863196
74	9	4	-0.052387099297854345
75	0	0	-0.032758295887101774
75	0	1	-0.06490572414824824
75	0	2	-0.020499967868388924
75	0	3	-0.062445690592143555
75	0	4	-0.036544818009348834
75	1	0	-0.04815465339841862
75	1	1	-0.034086690565765854
75	1	2	-0.0627572275169529
75	1	3	-0.04718596938276565
75	1	4	-0.06463064014551434
75	2	0	-0.03293837024395918
75	2	1	-0.034824995428881844
75	2	2	-0.047068619150999025
75	2	3	-0.03838470200026267
75	2	4	-0.03722097886857623
75	3	0	-0.017373019874668327
75	3	1	-0.023007962056947884
75	3	2	-0.04586019116911566
75	3	3	-0.016874683922738942
75	3	4	-0.019408890118272293
75	4	0	-0.036394412708262824
75	4	1	-0.05263850488417077
75	4	2	-0.04863747998759449
75	4	3	-0.02759267175743152
75	4	4	-0.04941702081290167
75	5	0	-0.06035261329447417
75	5	1	-0.05184617771399758
75	5	2	-0.027350986161054802
75	5	3	-0.05348236812767693
75	5	4	-0.06338309541970877
75	6	0	-0.022859747009380427
75	6	1	-0.07032873266438022
75	6	2	-0.044069203108104804
75	6	3	-0.042225128037484905
75	6	4	-0.03745009122583498
75	7	0	-0.03209617632881023
75	7	1	-0.041002931056454806
75	7	2	-0.022563376110286915
75	7	3	-0.045002416855963734
75	7	4	-0.04018407222068543
75	8	0	-0.04449914395421117
75	8	1	-0.03271258470420724
75	8	2	-0.02666364908927843
75	8	3	-0.04447434081301349
75	8	4	-0.03703657136151406
75	9	0	-0.05630786620198236
75	9	1	-0.03650384250973804
75	9	2	-0.021690234504879724
75	9	3	-0.055848931134972246
75	9	4	-0.024751119716794667
76	0	0	-0.03761476277281295
76	0	1	-0.038251948958615944
76	0	2	-0.0439728082748676
76	0	3	-0.044390519218894364
76	0	4	-0.01763466637608513
76	1	0	-0.03435264653897063
76	1	1	-0.0463206653331929
76	1	2	-0.054914320360544555
76	1	3	-0.022221104600967267
76	1	4	-0.029730122407467974
76	2	0	-0.04661293986624637
76	2	1	-0.024992935544461914
76	2	2	-0.05030413268399547
76	2	3	-0.044324858970168024
76	2	4	-0.04561431449303299
76	3	0	-0.007914960577567798
76	3	1	-0.05775123143156358
76	3	2	-0.05168858601352877
76	3	3	-0.0413645596711959
76	3	4	-0.03808154723486534
76	4	0	-0.04663094730193207
76	4	1	-0.04216094768978462
76	4	2	-0.03686334006700143
76	4	3	-0.042116159965130295
76	4	4	-0.06015177296641816
76	5	0	-0.05308037965215162
76	5	1	-0.04001390728109888
76	5	2	-0.052489082237365925
76	5	3	-0.027053419501932074
76	5	4	-0.049801203119280935
76	6	0	-0.03020955114388768
76	6	1	-0.05360398047439907
76	6	2	-0.04920187872132953
76	6	3	-0.04559475612107189
76	6	4	-0.02150163591811194
76	7	0	-0.06578116256004785
76	7	1	-0.05848122517051668
76	7	2	-0.014357242046029395
76	7	3	-0.0367823125260196
76	7	4	-0.03400083262783482
76	8	0	-0.030647270349787425
76	8	1	-0.07878945706196228
76	8	2	-0.0462164329441217
76	8	3	-0.030526427551599178
76	8	4	-0.02941160034981538
76	9	0	-0.05446833738731505
76	9	1	-0.03110438217873357
76	9	2	-0.03095252065503784
76	9	3	-0.027103712458403484
76	9	4	-0.0429851104908312
77	0	0	-0.063811426133499
77	0	1	-0.03942381746555035
77	0	2	-0.014727454086721825
77	0	3	-0.031079650072785014
77	0	4	-0.027070183820755878
77	1	0	-0.05085576875128117
77	1	1	-0.040790997390307004
77	1	2	-0.04251151848405854
77	1	3	-0.047954333995523846
77	1	4	-0.06134203960290929
77	2	0	-0.04586216831688672
77	2	1	-0.025524847490871694
77	2	2	-0.08242177349728841
77	2	3	-0.052841132932666235
77	2	4	-0.046963842158350144
77	3	0	0.010848787406984584
77	3	1	-0.025058039350402517
77	3	2	-0.05793329477539999
77	3	3	-0.052060195080790184
77	3	4	-0.027710021989198252
77	4	0	-0.020860921648262032
77	4	1	-0.060002160892282386
77	4	2	-0.05416970519945363
77	4	3	-0.041389706149431604
77	4	4	-0.03466162619480684
77	5	0	-0.03974933649525425
77	5	1	-0.051524814246374895
77	5	2	-0.016297711949885718
77	5	3	-0.007092703889042484
77	5	4	-0.05859688239550942
77	6	0	-0.040108100021608806
77	6	1	-0.0400429962156682
77	6	2	-0.035309846522661226
77	6	3	-0.031593755850048644
77	6	4	-0.03225315239045223
77	7	0	-0.07069580731489744
77	7	1	-0.04154869487646906
77	7	2	-0.04926614194348755
77	7	3	-0.06077764086917403
77	7	4	-0.035319625708641555
77	8	0	-0.04297266748300377
77	8	1	-0.026066455748804618
77	8	2	-0.048001832898858066
77	8	3	-0.059199000846598016
77	8	4	-0.0425548263076867
77	9	0	-0.0525927937012759
77	9	1	-0.024956920673090188
77	9	2	-0.04825050362807792
77	9	3	-0.05525379781672679
77	9	4	-0.05112139322665621
78	0	0	-0.03147561239133223
78	0	1	-0.045244374754129124
78	0	2	-0.027381720745565108
78	0	3	-0.0498920098462432
78	0	4	-0.05958737423268312
78	1	0	-0.05514430881921095
78	1	1	-0.02718845751076271
78	1	2	-0.051553074436369695
78	1	3	-0.019672928139747303
78	1	4	-0.08307697895798583
78	2	0	-0.05219247455410825
78	2	1	-0.01701148597359281
78	2	2	-0.0562135550693903
78	2	3	-0.05642869716096277
78	2	4	-0.03883594158193693
78	3	0	-0.04006792958815619
78	3	1	-0.05311639452352335
78	3	2	-0.0333260687951763
78	3	3	-0.05667876491675139
78	3	4	-0.007145790898651305
78	4	0	-0.04512109307904988
78	4	1	-0.023893096780270517
78	4	2	-0.04568695987460292
78	4	3	-0.03240682531300387
78	4	4	-0.039657393204303726
78	5	0	-0.030415944060593447
78	5	1	-0.057143134180329125
78	5	2	-0.045889528727057316
78	5	3	-0.04894203177956025
78	5	4	-0.03493404637569397
78	6	0	-0.03164737562402686
78	6	1	-0.045001966966051854
78	6	2	-0.05224460258785213
78	6	3	-0.014564001978189633
78	6	4	-0.027500468003900602
78	7	0	-0.042039051202065525
78	7	1	-0.038409860317706546
78	7	2	-0.018657289824337897
78	7	3	-0.02863205952450787
78	7	4	-0.02775612386596371
78	8	0	-0.031414664147472515
78	8	1	-0.03663820568370091
78	8	2	-0.016741966398717056
78	8	3	-0.060329195340636965
78	8	4	-0.0367962827917061
78	9	0	-0.04869210609427033
78	9	1	-0.04083116782375984
78	9	2	-0.015079504782021913
78	9	3	-0.0653095950578787
78	9	4	-0.04246821066043027
79	0	0	-0.020856766086180922
79	0	1	-0.03421274261556617
79	0	2	-0.044749555047037926
79	0	3	-0.03947577975037908
79	0	4	-0.04394626477006325
79	1	0	-0.029421379535795933
79	1	1	-0.05606961397598631
79	1	2	-0.05850188458884109
79	1	3	-0.04683950679374016
79	1	4	-0.045114178981455866
79	2	0	-0.05895218887306708
79	2	1	-0.02712889445426392
79	2	2	-0.02822273073989323
79	2	3	-0.06992397381413407
79	2	4	-0.027377529665859046
79	3	0	-0.05148741418764313
79	3	1	-0.043093178783362385
79	3	2	-0.05111859917351902
79	3	3	-0.03363620869341699
79	3	4	-0.050517877748999185
79	4	0	-0.04175508779317472
79	4	1	-0.05185448883816035
79	4	2	-0.03784405271819469
79	4	3	-0.019422860383958906
79	4	4	-0.026743279603691383
79	5	0	-0.05421623328771441
79	5	1	-0.03439558734714443
79	5	2	-0.01878162518894766
79	5	3	-0.03399105344185427
79	5	4	-0.051603367392841104
79	6	0	-0.04704234794798334
79	6	1	-0.018741584986785464
79	6	2	-0.014382388524264988
79	6	3	-0.05097051435724209
79	6	4	-0.047332657172474146
79	7	0	-0.042676237387868965
79	7	1	-0.03285802937705362
79	7	2	-0.04040061133882644
79	7	3	-0.050266412966641694
79	7	4	-0.04488087554449094
79	8	0	-0.06121558502002988
79	8	1	-0.051199295216671215
79	8	2	-0.04539218726861749
79	8	3	-0.04751147657326149
79	8	4	-0.04020502761921518
79	9	0	-0.040311722563593944
79	9	1	-0.03443991334267882
79	9	2	-0.04032377487755068
79	9	3	-0.036497319106014614
79	9	4	-0.03668731471935138
80	0	0	-0.0456820939600292
80	0	1	-0.0477515638765299
80	0	2	-0.021178922780753395
80	0	3	-0.04799484776601459
80	0	4	-0.05956781586072191
80	1	0	-0.050199189942431555
80	1	1	-0.04810201627872179
80	1	2	-0.044025895284476535
80	1	3	-0.05437227405190781
80	1	4	-0.033912819954009965
80	2	0	-0.0593982192031296
80	2	1	-0.03569489309123974
80	2	2	-0.02779524060988592
80	2	3	-0.04450367837095548
80	2	4	-0.03734671125975475
80	3	0	-0.06115602196353098
80	3	1	-0.04751469683789444
80	3	2	-0.04842792600229662
80	3	3	-0.0371483334870063
80	3	4	-0.03838330497369402
80	4	0	-0.04971160399155583
80	4	1	-0.015288312897202672
80	4	2	-0.06210481610939267
80	4	3	-0.026178880869956456
80	4	4	-0.04662576172873645
80	5	0	-0.06890198968312444
80	5	1	-0.055497531596123695
80	5	2	-0.02925653040069509
80	5	3	-0.039185198224099715
80	5	4	-0.04388898668074881
80	6	0	-0.026671782625317775
80	6	1	-0.030568314670242458
80	6	2	-0.04491580120870753
80	6	3	-0.060389267483088926
80	6	4	-0.029746886726291777
80	7	0	-0.0563120217640638
80	7	1	-0.06863741889728014
80	7	2	-0.02254381773832581
80	7	3	-0.03962945267293094
80	7	4	-0.03241101639270971
80	8	0	-0.031204115668685417
80	8	1	-0.05142092519434194
80	8	2	-0.03409303638136574
80	8	3	-0.06009309785053496
80	8	4	-0.04451345755693581
80	9	0	-0.01645325546733456
80	9	1	-0.03503000315822724
80	9	2	-0.022810649812938122
80	9	3	-0.04416978902104751
80	9	4	-0.048006023978563905
81	0	0	-0.039168942991229194
81	0	1	-0.017030878596638876
81	0	2	-0.04106140490579835
81	0	3	-0.0514818260813682
81	0	4	-0.03456942244127592
81	1	0	-0.05970711598450806
81	1	1	-0.05564297626896997
81	1	2	-0.04595658600235253
81	1	3	-0.02337504854667316
81	1	4	-0.07206561554387636
81	2	0	-0.0421803403128308
81	2	1	-0.030475507117092793
81	2	2	-0.059857000360432955
81	2	3	-0.037733687619271206
81	2	4	-0.07038080150208303
81	3	0	-0.04753131908621955
81	3	1	-0.040184285326433256
81	3	2	-0.0630184714852906
81	3	3	-0.035460725392075676
81	3	4	-0.045734458777937026
81	4	0	-0.039261750544378526
81	4	1	-0.04967697430754503
81	4	2	-0.054231174368474244
81	4	3	-0.04898673662975739
81	4	4	-0.02496905586150422
81	5	0	-0.047791734309982736
81	5	1	-0.06427961946132832
81	5	2	-0.007800996359348611
81	5	3	-0.012935068999142207
81	5	4	-0.03975658209067823
81	6	0	-0.02689756816506983
81	6	1	-0.03853037161806516
81	6	2	-0.053865153407487654
81	6	3	-0.05819034766403197
81	6	4	-0.06391536254236496
81	7	0	-0.06289443210088597
81	7	1	-0.04093921243787446
81	7	2	-0.057178900428328405
81	7	3	-0.030118495793552857
81	7	4	-0.035925935239436435
81	8	0	-0.041401865016262085
81	8	1	-0.031194419357162384
81	8	2	-0.019633811395825207
81	8	3	-0.048732477794262596
81	8	4	-0.029573655431779033
81	9	0	-0.06258830569422813
81	9	1	-0.03226516918678424
81	9	2	-0.031178838959159294
81	9	3	-0.056421712028119186
81	9	4	-0.04854248218092605
82	0	0	-0.06020162787218608
82	0	1	-0.047953801231154336
82	0	2	-0.03209249433505723
82	0	3	-0.07130842714366725
82	0	4	-0.050171415159973476
82	1	0	-0.04019813720003762
82	1	1	-0.048428920495786176
82	1	2	-0.06351441591716189
82	1	3	-0.03348113874429659
82	1	4	-0.06257980514273431
82	2	0	-0.05502933826829426
82	2	1	-0.02029992076728304
82	2	2	-0.06899914222568693
82	2	3	-0.008843178179562816
82	2	4	-0.0683467308181267
82	3	0	-0.05063690914833152
82	3	1	-0.04323169751940659
82	3	2	-0.05458043101063681
82	3	3	-0.04493256552753133
82	3	4	-0.03761773441407312
82	4	0	-0.03613953823394145
82	4	1	-0.05079343532006164
82	4	2	-0.04302422723475352
82	4	3	-0.05019376758507199
82	4	4	-0.05206857724020186
82	5	0	-0.029845246868091202
82	5	1	-0.04504213739950458
82	5	2	-0.04013098521107672
82	5	3	-0.05061566960880459
82	5	4	-0.03828411608731974
82	6	0	-0.05093195405610551
82	6	1	-0.032416154609072656
82	6	2	-0.033239453147920095
82	6	3	-0.013661522814840898
82	6	4	-0.04419214144614603
82	7	0	-0.03686953197289444
82	7	1	-0.027782702888392685
82	7	2	-0.018140389993936967
82	7	3	-0.06354934158137815
82	7	4	-0.01847427934384449
82	8	0	-0.04327186795285931
82	8	1	-0.04406003956095106
82	8	2	-0.04559335909450335
82	8	3	-0.06137556824055679
82	8	4	-0.035309846522661115
82	9	0	-0.06914301228384145
82	9	1	-0.01793402075564754
82	9	2	-0.0284630193097013
82	9	3	-0.05752815707049097
82	9	4	-0.0652900366859176
83	0	0	-0.035088181027365994
83	0	1	-0.055683146702422914
83	0	2	-0.0554368082972202
83	0	3	-0.0479780834471909
83	0	4	-0.04406920310810458
83	1	0	-0.04115668685346374
83	1	1	-0.054676115491381294
83	1	2	-0.02455972707688947
83	1	3	-0.03150853722936098
83	1	4	-0.04915717387113283
83	2	0	-0.044521306951978534
83	2	1	-0.02331685883832657
83	2	2	-0.04914739468515217
83	2	3	-0.0403768618871595
83	2	4	-0.010194102871448507
83	3	0	-0.038779705342944726
83	3	1	-0.025318454574165816
83	3	2	-0.024424215499730284
83	3	3	-0.05416411709317892
83	3	4	-0.018478470423550664
83	4	0	-0.01963364564691017
83	4	1	-0.039783966179265495
83	4	2	-0.059601344498369624
83	4	3	-0.01728261568078515
83	4	4	-0.015106048286826157
83	5	0	-0.05559587989871506
83	5	1	-0.06299693596555866
83	5	2	-0.023847243526877282
83	5	3	-0.04477889260497947
83	5	4	-0.05591459138369892
83	6	0	-0.044482521705885736
83	6	1	-0.014223103817022409
83	6	2	-0.028956169688435285
83	6	3	-0.025960944725246682
83	6	4	-0.026449904024274717
83	7	0	-0.050782353821177906
83	7	1	-0.02352740731711367
83	7	2	-0.02970497592923227
83	7	3	-0.05634068448713747
83	7	4	-0.043036800473871484
83	8	0	-0.052447349028429624
83	8	1	-0.0548700417218434
83	8	2	-0.04302562426132228
83	8	3	-0.06995610542521291
83	8	4	-0.04549137615499166
83	9	0	-0.07009325081310502
83	9	1	-0.05668325197666246
83	9	2	-0.029982984216393782
83	9	3	-0.026603576946826357
83	9	4	-0.037830082452508074
84	0	0	-0.05995783489674822
84	0	1	-0.006198713437979508
84	0	2	-0.031195603277983097
84	0	3	-0.04177249142924189
84	0	4	-0.02621240950760395
84	1	0	-0.04975315961236915
84	1	1	-0.0297011873826053
84	1	2	-0.060586248229268724
84	1	3	-0.027225253769875946
84	1	4	-0.0421468945496406
84	2	0	-0.023798904039760593
84	2	1	-0.043044697225747
84	2	2	-0.05250025844991524
84	2	3	-0.03837631984085088
84	2	4	-0.03903431935468549
84	3	0	-0.06247472033067192
84	3	1	-0.04306547503615343
84	3	2	-0.0656895862845519
84	3	3	-0.05728228039440875
84	3	4	-0.043820532378884836
84	4	0	-0.04377192058997892
84	4	1	-0.04675699935173239
84	4	2	-0.05953428722307441
84	4	3	-0.04431787383732477
84	4	4	-0.033974289123030355
84	5	0	-0.02737961336650374
84	5	1	-0.03825471933333713
84	5	2	-0.018530160406590612
84	5	3	-0.03807595912859063
84	5	4	-0.05489476198858356
84	6	0	-0.07356868590045484
84	6	1	-0.012923798072927317
84	6	2	-0.04496888821831624
84	6	3	-0.03708965837112288
84	6	4	-0.03249064690712289
84	7	0	-0.03479729168167278
84	7	1	-0.0481144829649659
84	7	2	-0.010926144793421688
84	7	3	-0.02392407998815327
84	7	4	-0.016169185505569894
84	8	0	-0.05860866240767715
84	8	1	-0.06733672796582468
84	8	2	-0.057845282101575024
84	8	3	-0.033767529190870116
84	8	4	-0.030269374662967197
84	9	0	-0.05793961691258365
84	9	1	-0.023109080734260212
84	9	2	-0.07112821071631137
84	9	3	-0.04339583630201482
84	9	4	-0.04540476050773534
85	0	0	-0.04040730049146468
85	0	1	-0.01126295842775682
85	0	2	-0.033145852367820305
85	0	3	-0.04012958818450796
85	0	4	-0.05138124016842538
85	1	0	-0.05291138679417773
85	1	1	-0.03625589397221862
85	1	2	-0.07724998114014126
85	1	3	-0.03796279997652985
85	1	4	-0.04549696426126637
85	2	0	-0.04530532299798873
85	2	1	-0.034719721189488184
85	2	2	-0.044176774153890874
85	2	3	-0.057065741276267734
85	2	4	-0.03218888916829421
85	3	0	-0.04328710501382427
85	3	1	-0.02485303162105712
85	3	2	-0.03739421016308875
85	3	3	-0.046645320100697774
85	3	4	-0.0713782784721001
85	4	0	-0.02800294767870304
85	4	1	-0.04825023132628936
85	4	2	-0.0737532236388071
85	4	3	-0.030607455092580893
85	4	4	-0.027128858936639078
85	5	0	-0.04108188673599977
85	5	1	-0.05217308193106196
85	5	2	-0.05097749949008523
85	5	3	-0.024013489688546774
85	5	4	-0.04689818190962358
85	6	0	-0.02941445359899386
85	6	1	-0.04094336799995579
85	6	2	-0.026324171633096194
85	6	3	-0.05123036129901115
85	6	4	-0.042789526771220054
85	7	0	-0.042726104132844944
85	7	1	-0.05170488860323241
85	7	2	-0.06630986608103318
85	7	3	-0.039903269880386505
85	7	4	-0.013933942995727921
85	8	0	-0.07948343592954388
85	8	1	-0.04659770280528164
85	8	2	-0.03141912752896747
85	8	3	-0.0498948038993805
85	8	4	-0.040680016652556605
85	9	0	-0.03723660662341188
85	9	1	-0.025632892104986205
85	9	2	-0.062022391541842414
85	9	3	-0.024016283741684186
85	9	4	-0.027304884284289233
86	0	0	-0.04506984114671375
86	0	1	-0.04872396540356039
86	0	2	-0.040265099761667256
86	0	3	-0.04199042757395144
86	0	4	-0.035049999580891944
86	1	0	-0.0385026678708561
86	1	1	-0.06598201472731191
86	1	2	-0.04713008832001975
86	1	3	-0.03848249386006808
86	1	4	-0.0029714755115212155
86	2	0	-0.038828186900560224
86	2	1	-0.012119004216510465
86	2	2	-0.043455908444466895
86	2	3	-0.06282987289852293
86	2	4	-0.06076367060348764
86	3	0	-0.018852399975620826
86	3	1	-0.013727206741984022
86	3	2	-0.05503865572515443
86	3	3	-0.06235907494488735
86	3	4	-0.027067389767618577
86	4	0	-0.034333253915924566
86	4	1	-0.04382040214759464
86	4	2	-0.043351131451817904
86	4	3	-0.011009966387540704
86	4	4	-0.018023039762170012
86	5	0	-0.08022174079265953
86	5	1	-0.04253494827710391
86	5	2	-0.05583356384271698
86	5	3	-0.038925351282330656
86	5	4	-0.07075380759591288
86	6	0	-0.013412769211163411
86	6	1	-0.0767421501432285
86	6	2	-0.05646362282517903
86	6	3	-0.04302981534102812
86	6	4	-0.024904792639346418
86	7	0	-0.06574514768867634
86	7	1	-0.04077853070406301
86	7	2	-0.061775117839191096
86	7	3	-0.0352148487159929
86	7	4	-0.038820574289681775
86	8	0	-0.05002050077293463
86	8	1	-0.05463733024528905
86	8	2	-0.050326485109093766
86	8	3	-0.06097322458878518
86	8	4	-0.03451912948480451
86	9	0	-0.022905458192275074
86	9	1	-0.028633207927704296
86	9	2	-0.07155290679318138
86	9	3	-0.06867922314146557
86	9	4	-0.01542736439761605
87	0	0	-0.06931339032917616
87	0	1	-0.03479452130695182
87	0	2	-0.025615879162789734
87	0	3	-0.053988091745528766
87	0	4	-0.06803659091988601
87	1	0	-0.04262775583025358
87	1	1	-0.049805796732065866
87	1	2	-0.034847430728437545
87	1	3	-0.03509610145765729
87	1	4	-0.057748887268338156
87	2	0	-0.020202957652052156
87	2	1	-0.049904145034657565
87	2	2	-0.05058074394458845
87	2	3	-0.030083570129336823
87	2	4	-0.052892822915706184
87	3	0	-0.03580155251799377
87	3	1	-0.07677816501459989
87	3	2	-0.044287139252814245
87	3	3	-0.049897597952517914
87	3	4	-0.059344291609737865
87	4	0	-0.03590959713210806
87	4	1	-0.035412314869709416
87	4	2	-0.01594426422801698
87	4	3	-0.0274864977382141
87	4	4	-0.006072874493926905
87	5	0	-0.03564087078418221
87	5	1	-0.08610186113773743
87	5	2	-0.02254242071175694
87	5	3	-0.03138140781161369
87	5	4	-0.029128003956379267
87	6	0	-0.05077404269701524
87	6	1	-0.04264160770385805
87	6	2	-0.045170060044201876
87	6	3	-0.027165181627424206
87	6	4	-0.028808084872158135
87	7	0	-0.01777610939655694
87	7	1	-0.05506812351438661
87	7	2	-0.029590419750602837
87	7	3	-0.051607558472546944
87	7	4	-0.030058423651100785
87	8	0	-0.05554462796637871
87	8	1	-0.047570104332312124
87	8	2	-0.043042388580146085
87	8	3	-0.03619835542032335
87	8	4	-0.041101918676289206
87	9	0	-0.032100331890891454
87	9	1	-0.03899440938381327
87	9	2	-0.05051648072243031
87	9	3	-0.03800890185329542
87	9	4	-0.046396649371477694
88	0	0	-0.05919044109906335
88	0	1	-0.03583341182728361
88	0	2	-0.042785335691514215
88	0	3	-0.01696968172940716
88	0	4	-0.05828534547070008
88	1	0	-0.05086962062488565
88	1	1	-0.02517439508867969
88	1	2	-0.07759923778230415
88	1	3	-0.05937362916767941
88	1	4	-0.020543275692017193
88	2	0	-0.030109817653935833
88	2	1	-0.05561665770912183
88	2	2	-0.03883454455536839
88	2	3	-0.03533080192119098
88	2	4	-0.04244027012905738
88	3	0	-0.0272383242557388
88	3	1	-0.03520315157828269
88	3	2	-0.05370309832552378
88	3	3	-0.06315258603588125
88	3	4	-0.03826595474192729
88	4	0	-0.025739551531740124
88	4	1	-0.04255711127487116
88	4	2	-0.04540755456087264
88	4	3	-0.039785919648619994
88	4	4	-0.016863507710189407
88	5	0	-0.026113552119059413
88	5	1	-0.0582623655675667
88	5	2	-0.03785662595731243
88	5	3	-0.039185198224099826
88	5	4	-0.048471233825925
88	6	0	-0.041673361738908676
88	6	1	-0.061668541286894585
88	6	2	-0.042571590626510614
88	6	3	-0.04626253482088716
88	6	4	-0.03441854357186169
88	7	0	-0.03074146309029757
88	7	1	-0.0488264692682332
88	7	2	-0.0421552767090525
88	7	3	-0.03498853041187133
88	7	4	-0.04128213510364531
88	8	0	-0.07153800123004628
88	8	1	-0.04769200082003111
88	8	2	-0.07073983733022637
88	8	3	-0.03575130691835504
88	8	4	-0.030819803131015955
88	9	0	-0.049354225652561645
88	9	1	-0.059049151988298076
88	9	2	-0.03715252456671214
88	9	3	-0.032208447540255314
88	9	4	-0.033303716370077785
89	0	0	-0.042853541370005854
89	0	1	-0.03674763548517557
89	0	2	-0.046409222610595546
89	0	3	-0.0668854410273173
89	0	4	-0.04726839395031601
89	1	0	-0.045140485702096056
89	1	1	-0.04800505316349091
89	1	2	-0.0577838129325543
89	1	3	-0.06392234767520799
89	1	4	-0.04143720505276571
89	2	0	-0.01721926407765928
89	2	1	-0.024311423363124196
89	2	2	-0.04413206930369418
89	2	3	-0.058781289902571476
89	2	4	-0.055318061038884925
89	3	0	-0.0687717820712429
89	3	1	-0.04914921792321625
89	3	2	-0.04457213267281901
89	3	3	-0.05461116559514734
89	3	4	-0.023918491881878667
89	4	0	-0.03372931222677167
89	4	1	-0.04368188341155044
89	4	2	-0.04543549509224565
89	4	3	-0.035457931338938264
89	4	4	-0.0541780873588652
89	5	0	-0.019456341664773502
89	5	1	-0.05015624913425798
89	5	2	-0.02770862496262938
89	5	3	-0.02182854013517621
89	5	4	-0.07809657924074387
89	6	0	-0.02429757148951961
89	6	1	-0.05829422487685687
89	6	2	-0.05205181292137817
89	6	3	-0.01821862348178127
89	6	4	-0.026701368806631987
89	7	0	-0.03513527739762079
89	7	1	-0.041213479535241904
89	7	2	-0.03147640561828213
89	7	3	-0.053683539953562676
89	7	4	-0.038298086353006244
89	8	0	-0.028635978302425147
89	8	1	-0.06155772629805922
89	8	2	-0.03611313679963579
89	8	3	-0.039850182870777795
89	8	4	-0.03300195863124922
89	9	0	-0.06181537114710134
89	9	1	-0.043837024395919855
89	9	2	-0.05203923968226032
89	9	3	-0.04293761158749709
89	9	4	-0.03857609464016776
90	0	0	-0.058567106786864276
90	0	1	-0.03145067901884402
90	0	2	-0.02594278337985434
90	0	3	-0.05469498718926624
90	0	4	-0.053116347166690225
90	1	0	-0.043148586277779954
90	1	1	-0.05667078529041836
90	1	2	-0.069711625775699
90	1	3	-0.049868260394576036
90	1	4	-0.031445671033771716
90	2	0	-0.03242862129531654
90	2	1	-0.04611981316592895
90	2	2	-0.06494217707032368
90	2	3	-0.04006672198891892
90	2	4	-0.03739979826936357
90	3	0	-0.004967281874546425
90	3	1	-0.017600190601780974
90	3	2	-0.03893093938860526
90	3	3	-0.04611165595147304
90	3	4	-0.03156302126553845
90	4	0	-0.05867099583889701
90	4	1	-0.04636360614136681
90	4	2	-0.011009966387540704
90	4	3	-0.03461692134461025
90	4	4	-0.04500241685596351
90	5	0	-0.03929222466630833
90	5	1	-0.040709271336040964
90	5	2	-0.03053620673757962
90	5	3	-0.04934996353760657
90	5	4	-0.03271277413153839
90	6	0	-0.021715582249654974
90	6	1	-0.03497598085117004
90	6	2	-0.04659502714422625
90	6	3	-0.05784667912814356
90	6	4	-0.03316401371321287
90	7	0	-0.025526232678231953
90	7	1	-0.07469345803713412
90	7	2	-0.011222314425975766
90	7	3	-0.05015185678801226
90	7	4	-0.02521632956415565
90	8	0	-0.039415506341387796
90	8	1	-0.03627251622054417
90	8	2	-0.03609637248081188
90	8	3	-0.02646108023682381
90	8	4	-0.059917072502884805
90	9	0	-0.027966932807331535
90	9	1	-0.038936231514674735
90	9	2	-0.057543524362746346
90	9	3	-0.04438213705948246
90	9	4	-0.05427867327180813
91	0	0	-0.05656966661310625
91	0	1	-0.06209656418127096
91	0	2	-0.05358993917346311
91	0	3	-0.04404685068300618
91	0	4	-0.05617862940517404
91	1	0	-0.0529667942885953
91	1	1	-0.05728303810373392
91	1	2	-0.02456252113002677
91	1	3	-0.05622193722880209
91	1	4	-0.0552510037635896
91	2	0	-0.021117181309944
91	2	1	-0.02575201821798434
91	2	2	-0.06569936547053246
91	2	3	-0.04720273370158967
91	2	4	-0.04850057138386654
91	3	0	-0.04093228650107217
91	3	1	-0.05214676337121371
91	3	2	-0.05065758040586399
91	3	3	-0.043750681050452433
91	3	4	-0.04739133228835757
91	4	0	-0.044580870008477325
91	4	1	-0.04543276023514964
91	4	2	-0.04126117970511567
91	4	3	-0.0068160926284496215
91	4	4	-0.03553057672050797
91	5	0	-0.0456502346507387
91	5	1	-0.03314891872274639
91	5	2	-0.033559372232141005
91	5	3	-0.04133661913982278
91	5	4	-0.049689440993788914
91	6	0	-0.016388151661393624
91	6	1	-0.07026778442052084
91	6	2	-0.01768216527941935
91	6	3	-0.039688127788814254
91	6	4	-0.049436579184862994
91	7	0	-0.018263695347432773
91	7	1	-0.046407932136900865
91	7	2	-0.05218313341883141
91	7	3	-0.05016303300056146
91	7	4	0.0033333053928019662
91	8	0	-0.022344457311295973
91	8	1	-0.048838935954477414
91	8	2	-0.06209783097654942
91	8	3	-0.02729370807174014
91	8	4	-0.04229497936591753
91	9	0	-0.044525462514059644
91	9	1	-0.039570647325757324
91	9	2	-0.04153080583286539
91	9	3	-0.054239556527885924
91	9	4	-0.05327560819551658
92	0	0	-0.04734985954200188
92	0	1	-0.04634144314359956
92	0	2	-0.041600657161297794
92	0	3	-0.04482918556145077
92	0	4	-0.05508336057535135
92	1	0	-0.027471035732293037
92	1	1	-0.025761714529507262
92	1	2	-0.043606787313881124
92	1	3	-0.04099993573677774
92	1	4	-0.06938891263834068
92	2	0	-0.04580676082246893
92	2	1	-0.0405569007263924
92	2	2	-0.05238570227128592
92	2	3	-0.05883717096531749
92	2	4	-0.0317613990382869
92	3	0	-0.03452995052110752
92	3	1	-0.005936913026856061
92	3	2	-0.07010698429462725
92	3	3	-0.0721941419881924
92	3	4	-0.043306426601621095
92	4	0	-0.043442245998193685
92	4	1	-0.024840564934813125
92	4	2	-0.052686062983545834
92	4	3	-0.068690399354015
92	4	4	-0.04352156869319335
92	5	0	-0.03524470719909567
92	5	1	-0.029987921166216958
92	5	2	-0.040723324476184763
92	5	3	-0.05540467668614113
92	5	4	-0.03903012827497965
92	6	0	-0.03427923160886737
92	6	1	-0.03580432289271451
92	6	2	-0.03668731471935138
92	6	3	-0.037888757568391274
92	6	4	-0.05554996744928098
92	7	0	-0.056633385231686484
92	7	1	-0.04817266083410454
92	7	2	-0.053208550920221476
92	7	3	-0.05366398158160168
92	7	4	-0.026602179920257707
92	8	0	-0.008210005485341898
92	8	1	-0.03682105041527928
92	8	2	-0.03245572124290663
92	8	3	-0.0460250403042165
92	8	4	-0.03312489696929044
92	9	0	-0.021539663454878788
92	9	1	-0.039864307046171166
92	9	2	-0.051396607460680754
92	9	3	-0.014251068026811642
92	9	4	-0.045994305719706086
93	0	0	-0.04892620275818527
93	0	1	-0.05983870878375008
93	0	2	-0.029125209903241855
93	0	3	-0.0603194161546563
93	0	4	-0.04056546047392717
93	1	0	-0.030064106471041185
93	1	1	-0.055443509289066384
93	1	2	-0.04705744293844982
93	1	3	-0.032422192605258804
93	1	4	-0.04545225941106945
93	2	0	-0.021233537048221174
93	2	1	-0.03756766640255782
93	2	2	-0.06845430186391288
93	2	3	-0.07189098722279508
93	2	4	-0.03487397423324201
93	3	0	-0.016154054997479017
93	3	1	-0.0232849995290364
93	3	2	-0.041808814120026905
93	3	3	-0.021255759242029493
93	3	4	-0.03461133323833554
93	4	0	-0.0256315069176255
93	4	1	-0.039144009618741205
93	4	2	-0.03440736735931249
93	4	3	-0.052227838269028215
93	4	4	-0.046245770502063355
93	5	0	-0.06928153101988554
93	5	1	-0.03197982059053306
93	5	2	-0.02935711631363791
93	5	3	-0.02145693106791502
93	5	4	-0.027314663470269895
93	6	0	-0.015753735850311146
93	6	1	-0.04616552434882348
93	6	2	-0.05246253873256168
93	6	3	-0.04127235591766476
93	6	4	-0.038497861152323454
93	7	0	-0.0474080374111403
93	7	1	-0.042781511627262736
93	7	2	-0.03732715288779376
93	7	3	-0.013133446771890545
93	7	4	-0.03945203029871225
93	8	0	-0.0177788797712779
93	8	1	-0.026429374837240616
93	8	2	-0.026602179920257818
93	8	3	-0.053789713972780206
93	8	4	-0.03915446363958952
93	9	0	-0.05007452307999183
93	9	1	-0.029816157933522103
93	9	2	-0.08187693313551436
93	9	3	-0.06311626334509635
93	9	4	-0.04491300715557012
94	0	0	-0.03897778713548794
94	0	1	-0.052613571511682555
94	0	2	-0.04302562426132217
94	0	3	-0.05784388507500626
94	0	4	-0.053566189721796054
94	1	0	-0.042115236506889864
94	1	1	-0.05532438317606836
94	1	2	-0.045571006669404834
94	1	3	-0.02068996348172536
94	1	4	-0.04879674101642073
94	2	0	-0.04938054421241023
94	2	1	-0.016255173674791235
94	2	2	-0.05478858796936603
94	2	3	-0.030349005177380484
94	2	4	-0.05734374956342925
94	3	0	-0.03293698505659881
94	3	1	-0.051019220859813585
94	3	2	-0.016444399739594107
94	3	3	-0.04877718264445963
94	3	4	-0.01974417649474869
94	4	0	-0.03842509737867139
94	4	1	-0.02095234401405144
94	4	2	-0.02211353355518131
94	4	3	-0.0479277904907196
94	4	4	-0.04472021748909605
94	5	0	-0.04729860760966509
94	5	1	-0.06647652661498993
94	5	2	-0.03838190794712526
94	5	3	-0.03618159110149943
94	5	4	-0.03570799909472688
94	6	0	-0.03479452130695193
94	6	1	-0.036424886830192627
94	6	2	-0.05653906225988603
94	6	3	-0.043571861649664756
94	6	4	-0.05926326406875604
94	7	0	-0.058996514868601135
94	7	1	-0.027497354292141618
94	7	2	-0.04798367155346561
94	7	3	-0.06340405081823841
94	7	4	-0.036895471678080494
94	8	0	-0.06362858140192051
94	8	1	-0.032759681074462255
94	8	2	-0.04245284336817523
94	8	3	-0.05828255141756289
94	8	4	-0.04168308172884827
94	9	0	-0.02829660739911677
94	9	1	-0.03555914472991617
94	9	2	-0.025504117037297824
94	9	3	-0.04365288919064647
94	9	4	-0.06157674006644254
95	0	0	-0.04812556446384941
95	0	1	-0.023546799940159846
95	0	2	-0.03692061815631609
95	0	3	-0.03570380801502071
95	0	4	-0.032473882588298975
95	1	0	-0.021240462985023245
95	1	1	-0.05768751281298301
95	1	2	-0.05174865815598073
95	1	3	-0.04833991332847154
95	1	4	-0.05157961794117405
95	2	0	-0.022995495370703778
95	2	1	-0.021975997473418496
95	2	2	-0.05266510758501619
95	2	3	-0.051963800247553205
95	2	4	-0.027771491158218864
95	3	0	-0.022185160764845002
95	3	1	-0.05906992979870462
95	3	2	-0.010208073137134788
95	3	3	-0.021222230604381775
95	3	4	-0.04249335713866598
95	4	0	-0.052105207750400284
95	4	1	-0.05010084163984019
95	4	2	-0.057539333283040395
95	4	3	-0.0652788604733685
95	4	4	-0.04504153359988594
95	5	0	-0.024612009020339887
95	5	1	-0.04366803153794574
95	5	2	-0.0346490529556891
95	5	3	-0.0275563490666465
95	5	4	-0.011944577161968617
95	6	0	-0.026134329929466293
95	6	1	-0.022822346950648664
95	6	2	-0.027120476777227398
95	6	3	-0.02971615214178136
95	6	4	-0.04313319530710846
95	7	0	-0.02925100149046156
95	7	1	-0.04302253422797975
95	7	2	-0.06387624579844264
95	7	3	-0.03530705246952359
95	7	4	-0.014509517942012273
95	8	0	-0.037105013824169863
95	8	1	-0.05909209279647187
95	8	2	-0.05193585971618009
95	8	3	-0.01881934490630144
95	8	4	-0.02052371732005598
95	9	0	-0.04020090757475847
95	9	1	-0.04189776209130058
95	9	2	-0.021315831384481343
95	9	3	-0.06391256848922744
95	9	4	-0.03303269321575941
96	0	0	-0.0185462735689631
96	0	1	-0.05310115746255828
96	0	2	-0.04504013657331729
96	0	3	-0.02393246214756506
96	0	4	-0.043725534572216396
96	1	0	-0.03301732592350437
96	1	1	-0.012222893268543422
96	1	2	-0.06802401768076827
96	1	3	-0.046143787562551775
96	1	4	-0.03341268444243273
96	2	0	-0.03621295316404516
96	2	1	-0.03297715549005176
96	2	2	-0.06136299500143905
96	2	3	-0.06510702620542452
96	2	4	-0.03400502370754088
96	3	0	-0.013131576176993787
96	3	1	-0.03714241388290185
96	3	2	-0.040059736856075334
96	3	3	-0.05494365791848632
96	3	4	-0.04777691162130526
96	4	0	-0.024947224361567044
96	4	1	-0.052181393055224734
96	4	2	-0.06015736107269287
96	4	3	-0.07189517830250103
96	4	4	-0.03302151700321032
96	5	0	-0.05367601021714197
96	5	1	-0.06918318271729429
96	5	2	-0.05721382609254455
96	5	3	-0.04775735324934394
96	5	4	-0.07243023947829441
96	6	0	-0.025458358497570388
96	6	1	-0.03580432289271451
96	6	2	-0.04930246463427246
96	6	3	-0.023563647133441057
96	6	4	-0.04576519336244744
96	7	0	-0.05298757209900207
96	7	1	-0.03495520304076327
96	7	2	-0.012775807970316078
96	7	3	-0.04716501398423589
96	7	4	-0.05220967692363576
96	8	0	-0.04752993389885918
96	8	1	-0.06131947407206306
96	8	2	-0.03174603174603163
96	8	3	-0.061043075917217804
96	8	4	-0.03385973294440103
96	9	0	-0.037616147960173096
96	9	1	-0.05217308193106207
96	9	2	-0.07413740594518614
96	9	3	-0.04667326063207067
96	9	4	-0.059090032774243184
97	0	0	-0.025635662479707166
97	0	1	-0.03058078135648623
97	0	2	-0.03258145363408527
97	0	3	-0.04869894915661488
97	0	4	-0.032993576471837205
97	1	0	-0.026883716291465576
97	1	1	-0.03265163646034752
97	1	2	-0.07282420097065401
97	1	3	-0.045476008862736506
97	1	4	-0.07629301794061527
97	2	0	-0.05685778558407817
97	2	1	-0.037077310076961134
97	2	2	-0.026331156765939445
97	2	3	-0.05683662891900887
97	2	4	-0.023661438993246797
97	3	0	-0.04993877471866848
97	3	1	-0.04555050116078718
97	3	2	-0.04384288480398313
97	3	3	-0.02130605219850068
97	3	4	-0.02016049041220669
97	4	0	-0.05874579595636098
97	4	1	-0.06698350518891194
97	4	2	-0.03264990793594913
97	4	3	-0.04280349703690667
97	4	4	-0.015268103368789698
97	5	0	-0.03699835439741572
97	5	1	-0.04301422310381697
97	5	2	-0.05105852703106706
97	5	3	-0.04590210196617517
97	5	4	-0.02119568709957731
97	6	0	-0.02867199317379654
97	6	1	-0.03543309268011585
97	6	2	-0.04182837249198812
97	6	3	-0.05029435349801481
97	6	4	-0.027221062690170328
97	7	0	-0.0277993251367179
97	7	1	-0.03937949147001629
97	7	2	-0.048777182644459516
97	7	3	-0.05491012928083849
97	7	4	-0.02418811800962828
97	8	0	-0.0425598816495919
97	8	1	-0.04327048276549894
97	8	2	-0.0473536125710039
97	8	3	-0.043465687630447225
97	8	4	-0.043918324238690465
97	9	0	-0.044531003263501456
97	9	1	-0.029439386971481962
97	9	2	-0.059032754684928634
97	9	3	-0.04582386847833064
97	9	4	-0.04290967105612409
98	0	0	-0.0485189576742151
98	0	1	-0.030541996110393876
98	0	2	-0.039999664713623484
98	0	3	-0.05415852898690421
98	0	4	-0.017779957139224756
98	1	0	-0.056584903674070985
98	1	1	-0.025587180922091446
98	1	2	-0.04488646365076554
98	1	3	-0.045157486805084024
98	1	4	-0.030769510174544545
98	2	0	-0.03960666219712894
98	2	1	-0.04289509699081906
98	2	2	-0.061667546793405026
98	2	3	-0.042567399546804885
98	2	4	-0.06533194748297733
98	3	0	-0.05343775799114592
98	3	1	-0.04291864517594657
98	3	2	-0.034072080982835984
98	3	3	-0.04933878732505759
98	3	4	-0.03568983774933432
98	4	0	-0.016021077010876517
98	4	1	-0.03849020118461233
98	4	2	-0.025913445821912684
98	4	3	-0.04204072053042307
98	4	4	-0.03385414483812643
98	5	0	-0.04666142142386154
98	5	1	-0.06486139815271408
98	5	2	-0.05380787531817266
98	5	3	-0.04384567885712043
98	5	4	-0.0546935901626977
98	6	0	-0.04422210648212266
98	6	1	-0.02188596029498968
98	6	2	-0.04387641344163096
98	6	3	-0.03745567933210947
98	6	4	-0.0506128755556674
98	7	0	-0.05783849823527132
98	7	1	-0.05233653403959426
98	7	2	-0.03333445095458831
98	7	3	-0.051411974752935796
98	7	4	-0.041094933543446066
98	8	0	-0.024014993267989282
98	8	1	-0.040760523268377424
98	8	2	-0.03142192158210477
98	8	3	-0.026326965686233494
98	8	4	-0.058830185832474124
98	9	0	-0.03253805109679131
98	9	1	-0.04091427906538647
98	9	2	-0.048362265753570166
98	9	3	-0.01877743410924193
98	9	4	-0.027179151893110598
99	0	0	-0.04932513671799266
99	0	1	-0.059896886652888504
99	0	2	-0.046462309620204256
99	0	3	-0.05162432279137075
99	0	4	-0.05581260844418723
99	1	0	-0.0573439863475933
99	1	1	-0.05203594838237813
99	1	2	-0.055850328161540896
99	1	3	-0.0358504958047291
99	1	4	-0.04873527184740012
99	2	0	-0.04875998027493211
99	2	1	-0.0325394362841519
99	2	2	-0.08797914518738326
99	2	3	-0.04929827355456662
99	2	4	-0.03899520261076317
99	3	0	-0.03169585718164247
99	3	1	-0.02832431114632572
99	3	2	-0.03532940489462222
99	3	3	-0.04084765984079486
99	3	4	-0.04771823650542195
99	4	0	-0.0366437464331425
99	4	1	-0.05439492245721167
99	4	2	-0.02384025839403414
99	4	3	-0.03794743268427492
99	4	4	-0.06016015512582995
99	5	0	-0.03139942708650756
99	5	1	-0.017210952953496617
99	5	2	-0.05380787531817266
99	5	3	-0.031392584024163006
99	5	4	-0.06635876201093593
99	6	0	-0.039340706223923716
99	6	1	-0.03063203328882269
99	6	2	-0.0390594658329213
99	6	3	-0.03857888869330517
99	6	4	-0.03263873172340004
99	7	0	-0.03979781805286986
99	7	1	-0.05254154176893966
99	7	2	-0.018182300790996475
99	7	3	-0.03515337954697206
99	7	4	-0.048867989371421894
99	8	0	-0.06543486571993729
99	8	1	-0.06600417772507916
99	8	2	-0.04915857089770137
99	8	3	-0.04703928159305726
99	8	4	-0.041090742463740115
99	9	0	-0.05810029864639488
99	9	1	-0.038803253528072124
99	9	2	-0.0565823700835143
99	9	3	-0.024779060248167672
99	9	4	-0.05451337373534171
